代码,名称,最新价,涨跌额,涨跌幅,买入,卖出,昨收,今开,最高,最低,成交量,成交额
sz159998,计算机ETF,1.071,-0.035,-3.165,1.07,1.071,1.106,1.107,1.109,1.069,190240800,206998891
sz159997,电子ETF,1.68,-0.067,-3.835,1.68,1.681,1.747,1.72,1.741,1.678,22131300,37982575
sz159996,家电ETF,1.556,-0.019,-1.206,1.555,1.556,1.575,1.571,1.58,1.552,27097600,42489389
sz159995,芯片ETF,1.911,-0.099,-4.925,1.911,1.912,2.01,1.98,1.994,1.91,623026467,1208645847
sz159994,通信ETF银华,1.896,-0.056,-2.869,1.895,1.896,1.952,1.963,1.99,1.894,78201008,151307014
sz159993,证券ETF鹏华,1.273,-0.017,-1.318,1.272,1.273,1.29,1.285,1.303,1.268,88147201,113271983
sz159992,创新药ETF,0.813,-0.025,-2.983,0.812,0.813,0.838,0.832,0.838,0.812,1004791011,828864757
sz159991,创大盘ETF,0.756,-0.019,-2.452,0.756,0.758,0.775,0.771,0.786,0.754,6254700,4836029
sz159985,豆粕ETF,1.974,-0.008,-0.404,1.973,1.974,1.982,1.978,2.001,1.973,121922910,241906578
sz159982,中证500ETF鹏华,2.094,-0.102,-4.645,2.093,2.094,2.196,2.14,2.18,2.093,11785600,25144966
sz159981,能源化工ETF建信,1.266,-0.042,-3.211,1.265,1.266,1.308,1.291,1.299,1.264,305528100,391653250
sz159980,有色ETF大成,1.989,-0.156,-7.273,1.989,1.99,2.145,2.04,2.094,1.969,826731508,1687005695
sz159977,创业板ETF天弘,1.699,-0.041,-2.356,1.698,1.699,1.74,1.742,1.762,1.694,140993400,244005801
sz159976,湾创ETF工银,1.339,-0.029,-2.12,1.334,1.344,1.368,1.358,1.368,1.333,1882400,2545536
sz159975,深100ETF招商,0.72,-0.013,-1.774,0.718,0.723,0.733,0.732,0.737,0.72,1678400,1221401
sz159974,央企创新ETF富国,1.804,-0.056,-3.011,1.797,1.804,1.86,1.844,1.852,1.804,933000,1692378
sz159973,民企ETF,1.84,-0.043,-2.284,1.841,1.843,1.883,1.868,1.895,1.84,187300,350664
sz159972,5年地债ETF,117.563,-0.003,-0.003,117.56,117.563,117.566,117.666,117.666,117.54,13757100,1617343357
sz159971,创业板ETF富国,1.14,-0.023,-1.978,1.14,1.141,1.163,1.158,1.178,1.133,146901700,168919713
sz159970,深100ETF工银,0.982,-0.015,-1.505,0.974,0.982,0.997,0.987,1.004,0.978,2522100,2492209
sz159969,深100ETF银华,1.468,-0.03,-2.003,1.466,1.501,1.498,1.483,1.507,1.468,633500,944476
sz159968,中证500ETF博时,10.167,-0.504,-4.723,10.169,10.31,10.671,10.611,10.611,10.16,2970513,30806313
sz159967,创业板成长ETF,0.626,-0.015,-2.34,0.626,0.627,0.641,0.642,0.658,0.624,405035570,259919353
sz159966,创业板价值ETF,0.587,-0.014,-2.329,0.587,0.59,0.601,0.6,0.604,0.587,8067167,4810401
sz159965,央视50ETF国联,1.658,-0.022,-1.31,1.657,1.663,1.68,1.68,1.693,1.658,113101,189266
sz159964,创业板ETF平安,2.124,-0.054,-2.479,2.123,2.131,2.178,2.165,2.208,2.123,1490700,3242378
sz159961,深100ETF方正富邦,2.086,-0.039,-1.835,2.086,2.094,2.125,2.104,2.143,2.084,4609300,9691463
sz159960,恒生中国企业ETF,0.896,-0.032,-3.448,0.896,0.898,0.928,0.927,0.927,0.893,7494100,6763075
sz159959,央企ETF,1.63,-0.035,-2.102,1.624,1.63,1.665,1.665,1.666,1.63,725900,1190009
sz159958,创业板ETF工银,1.971,-0.051,-2.522,1.971,1.979,2.022,2.021,2.045,1.97,4678600,9426175
sz159957,创业板ETF华夏,2.144,-0.051,-2.323,2.142,2.144,2.195,2.193,2.22,2.138,44948200,98043714
sz159956,创业板ETF建信,2.069,-0.051,-2.406,2.061,2.069,2.12,2.114,2.137,1.983,2211100,4657611
sz159954,恒生中国企业ETF南方,1.014,-0.039,-3.704,1.013,1.014,1.053,1.05,1.051,1.014,10831300,11123510
sz159952,创业板ETF广发,1.979,-0.051,-2.512,1.978,1.979,2.03,2.027,2.054,1.976,223175800,449578731
sz159949,创业板50ETF,1.539,-0.038,-2.41,1.539,1.54,1.577,1.582,1.603,1.538,1210935827,1899358577
sz159948,创业板ETF南方,3.607,-0.089,-2.408,3.606,3.607,3.696,3.692,3.738,3.601,13821800,50739099
sz159945,能源ETF广发,1.248,-0.071,-5.383,1.248,1.25,1.319,1.253,1.318,1.248,7333500,9291114
sz159944,材料ETF,1.608,-0.137,-7.851,1.607,1.608,1.745,1.601,1.685,1.601,6174100,10199856
sz159943,深证成指ETF大成,1.517,-0.035,-2.255,1.517,1.518,1.552,1.54,1.549,1.51,19285413,29451859
sz159941,纳指ETF,1.359,-0.037,-2.65,1.358,1.359,1.396,1.388,1.392,1.357,925317362,1270741492
sz159940,金融地产ETF,1.247,-0.012,-0.953,1.243,1.25,1.259,1.258,1.273,1.246,9119400,11482201
sz159939,信息技术ETF,0.925,-0.036,-3.746,0.925,0.927,0.961,0.955,0.96,0.923,66198424,62273767
sz159938,医药ETF广发,0.643,-0.017,-2.576,0.642,0.643,0.66,0.656,0.66,0.642,87619500,56947320
sz159937,黄金ETF博时,9.898,-1.1,-10.002,0.0,9.898,10.998,9.898,10.221,9.898,452470588,4559949878
sz159936,可选消费ETF,2.144,-0.037,-1.696,2.145,2.148,2.181,2.176,2.181,2.142,1691400,3656508
sz159935,中证500ETF景顺,2.516,-0.108,-4.116,2.506,2.516,2.624,2.598,2.6,2.516,341500,876998
sz159934,黄金ETF易方达,10.362,-1.151,-9.997,0.0,10.362,11.513,10.362,10.702,10.362,607549236,6404897877
sz159933,金融地产ETF国投瑞银,2.963,-0.023,-0.77,2.959,2.975,2.986,2.986,3.025,2.963,100600,301691
sz159931,金融ETF,1.928,-0.017,-0.874,1.926,1.928,1.945,1.945,1.966,1.924,1839300,3584545
sz159930,能源ETF,1.532,-0.079,-4.904,1.532,1.533,1.611,1.558,1.591,1.529,102596700,159832952
sz159929,医药ETF,1.324,-0.032,-2.36,1.324,1.325,1.356,1.351,1.356,1.322,109790100,147158204
sz159928,消费ETF,0.777,-0.001,-0.129,0.776,0.777,0.778,0.777,0.795,0.775,846719045,663713879
sz159925,沪深300ETF南方,4.626,-0.103,-2.178,4.625,4.626,4.729,4.704,4.743,4.62,31482210,147413035
sz159923,中证A100ETF大成,2.148,-0.073,-3.287,2.139,2.157,2.221,2.199,2.199,2.148,391600,854455
sz159922,中证500ETF嘉实,3.225,-0.125,-3.731,3.221,3.225,3.35,3.303,3.336,3.199,481432172,1571913887
sz159920,恒生ETF,1.596,-0.051,-3.097,1.595,1.596,1.647,1.625,1.63,1.593,598889633,964417687
sz159919,沪深300ETF嘉实,4.804,-0.108,-2.199,4.804,4.805,4.912,4.873,4.92,4.787,551305175,2670811988
sz159918,中创400ETF嘉实,2.542,-0.092,-3.493,2.532,2.552,2.634,2.634,2.634,2.542,1574000,4094500
sz159916,基本面ETF建信,5.176,-0.125,-2.358,5.155,5.197,5.301,5.251,5.331,5.173,743300,3932898
sz159915,创业板ETF易方达,3.252,-0.083,-2.489,3.252,3.253,3.335,3.338,3.376,3.248,1148759349,3801816673
sz159913,深价值ETF,2.501,-0.08,-3.1,2.5,2.501,2.581,2.554,2.554,2.499,323300,812524
sz159912,深300ETF汇添富,1.882,-0.051,-2.638,1.88,1.882,1.933,1.928,1.945,1.876,4987800,9511962
sz159910,基本面120ETF嘉实,2.412,-0.061,-2.467,2.411,2.422,2.473,2.464,2.467,2.408,1832000,4486910
sz159909,TMT50ETF,1.09,-0.025,-2.242,1.09,1.094,1.115,1.113,1.128,1.087,8129500,9058906
sz159908,创业板ETF博时,3.037,-0.072,-2.316,3.037,3.04,3.109,3.093,3.144,3.031,5350600,16518869
sz159907,2000ETF,1.089,-0.04,-3.543,1.088,1.094,1.129,1.129,1.129,1.088,5893300,6531666
sz159906,深成长ETF大成,1.47,-0.026,-1.738,1.472,1.476,1.496,1.5,1.522,1.468,3978500,5959534
sz159905,红利ETF工银,1.84,-0.046,-2.439,1.839,1.84,1.886,1.873,1.886,1.838,34392300,64042472
sz159903,深成ETF南方,1.677,-0.05,-2.895,1.676,1.677,1.727,1.718,1.724,1.674,25561200,43338942
sz159902,中小100ETF华夏,4.428,-0.107,-2.359,4.426,4.428,4.535,4.501,4.538,4.426,2308300,10324111
sz159901,深证100ETF易方达,3.415,-0.063,-1.811,3.415,3.416,3.478,3.469,3.51,3.407,57632504,199836206
sz159899,软件龙头ETF,0.947,-0.025,-2.572,0.947,0.948,0.972,0.972,0.98,0.942,49340800,47396646
sz159898,医疗器械指数ETF,0.55,-0.011,-1.961,0.549,0.55,0.561,0.557,0.562,0.548,35272400,19587691
sz159896,物联网ETF南方,1.185,-0.055,-4.435,1.18,1.19,1.24,1.245,1.245,1.184,2393216,2892610
sz159895,物联网ETF易方达,1.273,-0.056,-4.214,1.273,1.278,1.329,1.329,1.329,1.272,1310500,1684964
sz159892,恒生医药ETF,0.787,-0.029,-3.554,0.786,0.787,0.816,0.813,0.815,0.786,958587735,763715491
sz159891,医疗ETF建信,0.446,-0.009,-1.978,0.445,0.446,0.455,0.455,0.456,0.444,28619500,12923063
sz159890,云计算ETF,1.867,-0.053,-2.76,1.866,1.867,1.92,1.91,1.94,1.863,25223800,47963499
sz159889,智能汽车ETF,1.1,-0.042,-3.678,1.1,1.104,1.142,1.14,1.14,1.099,2400000,2677303
sz159888,智能汽车ETF华夏,1.273,-0.049,-3.707,1.273,1.277,1.322,1.309,1.313,1.273,9082800,11761934
sz159887,银行ETF,1.262,0.002,0.159,1.262,1.263,1.26,1.261,1.277,1.258,191800532,243034052
sz159886,机械ETF,1.036,-0.012,-1.145,1.036,1.04,1.048,1.053,1.063,1.035,9411800,9893397
sz159885,碳中和ETF鹏华,0.796,-0.012,-1.485,0.796,0.801,0.808,0.809,0.816,0.795,2525700,2034777
sz159883,医疗器械ETF,0.502,-0.009,-1.761,0.501,0.502,0.511,0.509,0.513,0.5,329796400,167186184
sz159881,有色金属ETF国泰,2.04,-0.227,-10.013,0.0,2.04,2.267,2.04,2.151,2.04,27952300,58519100
sz159880,有色ETF鹏华,2.141,-0.237,-9.966,2.14,2.141,2.378,2.14,2.255,2.14,80941500,177925163
sz159877,医疗ETF南方,0.59,-0.012,-1.993,0.59,0.592,0.602,0.6,0.603,0.59,2246300,1343236
sz159876,有色ETF华宝,1.093,-0.121,-9.967,0.0,1.093,1.214,1.093,1.156,1.093,157073390,176146611
sz159875,新能源ETF嘉实,0.69,-0.011,-1.569,0.689,0.69,0.701,0.697,0.709,0.687,125650103,87905086
sz159873,医疗设备ETF,0.594,-0.012,-1.98,0.593,0.594,0.606,0.606,0.608,0.593,27753200,16695019
sz159872,智能网联汽车ETF,1.031,-0.024,-2.275,1.03,1.031,1.055,1.055,1.057,1.03,1456800,1523355
sz159871,有色ETF银华,2.131,-0.237,-10.008,0.0,2.131,2.368,2.131,2.248,2.131,98160412,214069304
sz159870,化工ETF,0.854,-0.064,-6.972,0.853,0.854,0.918,0.897,0.904,0.854,3386702034,2967619642
sz159869,游戏ETF,1.534,-0.056,-3.522,1.533,1.534,1.59,1.585,1.608,1.531,506733937,796536379
sz159867,畜牧ETF,0.627,-0.024,-3.687,0.627,0.628,0.651,0.647,0.648,0.625,73299200,46534289
sz159866,日经ETF工银,1.379,-0.028,-1.99,1.379,1.38,1.407,1.42,1.42,1.378,89535900,124996941
sz159865,养殖ETF,0.62,-0.022,-3.427,0.619,0.62,0.642,0.637,0.638,0.616,404449800,253396587
sz159864,光伏ETF国泰,0.687,-0.009,-1.293,0.687,0.688,0.696,0.7,0.711,0.682,64325900,45037473
sz159863,光伏ETF鹏华,0.7,-0.008,-1.13,0.699,0.7,0.708,0.71,0.721,0.699,23686213,16867759
sz159862,食品饮料ETF银华,0.641,0.005,0.786,0.64,0.641,0.636,0.632,0.656,0.632,27827700,17986505
sz159861,碳中和50ETF国泰,1.189,-0.015,-1.246,1.187,1.189,1.204,1.192,1.22,1.187,4258600,5140900
sz159859,生物医药ETF,0.385,-0.01,-2.532,0.384,0.385,0.395,0.392,0.395,0.384,414641800,161469069
sz159858,创新药ETF南方,0.645,-0.02,-3.008,0.644,0.645,0.665,0.665,0.665,0.644,19294700,12641933
sz159857,光伏ETF,0.9,-0.006,-0.662,0.899,0.9,0.906,0.917,0.927,0.898,274399300,251162873
sz159856,互联网龙头ETF工银,0.786,-0.023,-2.843,0.786,0.788,0.809,0.789,0.809,0.782,7647701,6073927
sz159855,影视ETF,1.036,-0.022,-2.079,1.035,1.036,1.058,1.052,1.079,1.031,67239200,70988028
sz159852,软件ETF,0.917,-0.029,-3.066,0.916,0.917,0.946,0.942,0.955,0.916,1543427770,1443824916
sz159851,金融科技ETF,0.831,-0.015,-1.773,0.831,0.832,0.846,0.843,0.853,0.83,475685662,401086244
sz159850,恒生国企ETF,0.897,-0.031,-3.341,0.896,0.897,0.928,0.926,0.926,0.892,28421148,25696345
sz159849,生物科技指数ETF,0.509,-0.015,-2.863,0.51,0.511,0.524,0.524,0.524,0.508,8775400,4524349
sz159848,证券ETF国联安,0.936,-0.013,-1.37,0.937,0.938,0.949,0.946,0.959,0.936,7480700,7107594
sz159847,医疗ETF易方达,0.41,-0.009,-2.148,0.41,0.411,0.419,0.419,0.421,0.409,80197700,33275306
sz159845,中证1000ETF,3.276,-0.13,-3.817,3.275,3.276,3.406,3.351,3.394,3.267,1122619032,3725523670
sz159843,食品饮料ETF,0.628,0.003,0.48,0.628,0.629,0.625,0.623,0.644,0.623,40942600,25955731
sz159842,券商ETF,1.127,-0.005,-0.442,1.127,1.128,1.132,1.132,1.145,1.114,417545000,471176670
sz159841,证券ETF,1.068,-0.014,-1.294,1.068,1.069,1.082,1.084,1.094,1.065,397134714,428189585
sz159840,锂电池ETF工银,0.824,-0.023,-2.715,0.824,0.825,0.847,0.836,0.85,0.824,98306400,82390134
sz159839,生物医药ETF汇添富,0.357,-0.01,-2.725,0.357,0.358,0.367,0.365,0.367,0.357,130141000,47100167
sz159838,医药50ETF,0.564,-0.012,-2.083,0.564,0.566,0.576,0.578,0.583,0.562,8615300,4914695
sz159837,生物科技ETF易方达,0.494,-0.013,-2.564,0.494,0.495,0.507,0.506,0.507,0.492,83647100,41742707
sz159836,创业板300ETF天弘,1.223,-0.033,-2.627,1.223,1.227,1.256,1.241,1.265,1.222,899000,1111381
sz159835,创新药ETF建信,0.633,-0.021,-3.211,0.633,0.634,0.654,0.651,0.653,0.633,35446500,22771890
sz159834,金ETF南方,10.369,-1.152,-9.999,0.0,10.369,11.521,10.369,10.7,10.369,18770200,198262849
sz159831,金ETF嘉实,10.051,-1.117,-10.002,0.0,10.051,11.168,10.051,10.423,10.051,13148600,134689625
sz159830,上海金ETF,10.361,-1.151,-9.998,0.0,10.361,11.512,10.361,10.684,10.361,18083794,190355537
sz159828,医疗ETF,0.433,-0.01,-2.257,0.432,0.433,0.443,0.442,0.445,0.432,239129100,104867497
sz159827,农业ETF银华,0.891,-0.041,-4.399,0.891,0.892,0.932,0.919,0.919,0.889,4595305,4160750
sz159825,农业ETF,0.828,-0.038,-4.388,0.827,0.828,0.866,0.861,0.861,0.823,253829942,213001013
sz159824,新能车ETF,1.194,-0.031,-2.531,1.194,1.196,1.225,1.224,1.227,1.194,2031908,2448128
sz159822,新经济ETF银华,0.796,0.056,7.568,0.795,0.796,0.74,0.735,0.808,0.73,2473845997,1938826162
sz159821,创业板ETF中银证券,1.223,-0.033,-2.627,1.222,1.223,1.256,1.25,1.267,1.222,5331100,6697450
sz159820,中证500ETF天弘,1.368,-0.06,-4.202,1.368,1.369,1.428,1.42,1.424,1.365,6403700,8925904
sz159819,人工智能ETF易方达,1.62,-0.046,-2.761,1.619,1.62,1.666,1.666,1.688,1.618,503948602,832028928
sz159816,0-4地债ETF,114.05,0.017,0.015,114.044,114.05,114.033,114.048,114.102,114.025,43503100,4961440294
sz159814,创业大盘ETF西部利得,0.663,-0.017,-2.5,0.663,0.665,0.68,0.675,0.69,0.661,84659111,56928349
sz159813,半导体ETF,1.226,-0.059,-4.591,1.225,1.226,1.285,1.27,1.279,1.222,356673895,443962102
sz159812,黄金ETF前海开源,9.896,-1.1,-10.004,0.0,9.896,10.996,9.896,10.2,9.896,8890800,89481723
sz159811,5G50ETF,2.295,-0.085,-3.571,2.295,2.296,2.38,2.371,2.401,2.295,5026100,11759210
sz159810,创业板ETF浦银,1.313,-0.033,-2.452,1.313,1.316,1.346,1.347,1.354,1.309,2213900,2948180
sz159808,创100ETF融通,1.252,-0.035,-2.72,1.254,1.287,1.287,1.28,1.299,1.25,2609703,3311413
sz159807,科技ETF易方达,0.74,-0.027,-3.52,0.74,0.741,0.767,0.765,0.77,0.739,62728164,47246375
sz159806,新能源车ETF,0.78,-0.02,-2.5,0.78,0.782,0.8,0.797,0.803,0.779,25860600,20537509
sz159805,传媒ETF,1.657,-0.036,-2.126,1.657,1.658,1.693,1.687,1.714,1.651,107182700,181083309
sz159804,创中盘88ETF国寿,1.519,-0.052,-3.31,1.513,1.525,1.571,1.56,1.575,1.519,780300,1201434
sz159801,芯片ETF广发,0.947,-0.05,-5.015,0.947,0.948,0.997,0.982,0.99,0.945,169343410,163239534
sz159800,中证800ETF鹏华,1.411,-0.047,-3.224,1.41,1.433,1.458,1.458,1.458,1.409,2589600,3699252
sz159798,消费ETF易方达,0.935,0.0,0.0,0.931,0.935,0.935,0.934,0.949,0.93,13526900,12710615
sz159797,医疗器械ETF汇添富,0.769,-0.015,-1.913,0.768,0.769,0.784,0.784,0.787,0.768,6433500,5013078
sz159796,电池ETF汇添富,0.928,-0.02,-2.11,0.928,0.929,0.948,0.951,0.957,0.928,325267549,307130555
sz159795,智能汽车ETF汇添富,1.09,-0.039,-3.454,1.089,1.09,1.129,1.13,1.13,1.088,3044817,3340648
sz159793,线上消费ETF基金,1.12,-0.047,-4.027,1.118,1.12,1.167,1.162,1.162,1.12,1544600,1768916
sz159792,港股通互联网ETF,0.867,-0.036,-3.987,0.867,0.868,0.903,0.89,0.894,0.865,2810917559,2468173015
sz159791,300ESGETF华夏,1.086,-0.032,-2.862,1.086,1.091,1.118,1.107,1.114,1.086,396200,433674
sz159790,碳中和ETF,0.775,-0.006,-0.768,0.773,0.775,0.781,0.786,0.794,0.772,72349301,56677432
sz159788,港股通100ETF易方达,1.339,-0.049,-3.53,1.337,1.339,1.388,1.385,1.385,1.337,9412600,12722610
sz159787,建材ETF易方达,0.765,-0.032,-4.015,0.764,0.765,0.797,0.787,0.79,0.764,3621400,2806441
sz159786,VRETF,1.132,-0.03,-2.582,1.131,1.132,1.162,1.158,1.165,1.13,15955700,18354522
sz159783,科创创业50ETF,0.945,-0.025,-2.577,0.945,0.946,0.97,0.961,0.985,0.944,214022564,205825288
sz159782,双创50ETF,0.942,-0.023,-2.383,0.941,0.942,0.965,0.96,0.979,0.94,22955605,22006348
sz159781,科创创业ETF易方达,0.942,-0.02,-2.079,0.942,0.943,0.962,0.96,0.981,0.94,265493466,254254839
sz159780,科创创业50ETF南方,0.943,-0.022,-2.28,0.943,0.944,0.965,0.96,0.98,0.941,118623091,114050048
sz159779,消费电子50ETF,1.17,-0.042,-3.465,1.169,1.17,1.212,1.208,1.212,1.168,10365300,12307514
sz159778,工业互联网ETF鹏华,1.119,-0.039,-3.368,1.119,1.12,1.158,1.156,1.156,1.119,1441502,1637690
sz159777,创科技ETF,1.155,-0.04,-3.347,1.153,1.155,1.195,1.195,1.204,1.152,1887800,2208053
sz159776,港股医药ETF银华,1.207,-0.035,-2.818,1.207,1.208,1.242,1.243,1.243,1.201,12714100,15506510
sz159775,电池ETF建信,0.859,-0.019,-2.164,0.858,0.859,0.878,0.87,0.881,0.855,30643100,26633838
sz159773,创业板科技ETF华泰柏瑞,1.225,-0.047,-3.695,1.225,1.23,1.272,1.273,1.279,1.223,5381400,6696141
sz159770,机器人ETF,1.079,-0.022,-1.998,1.079,1.08,1.101,1.095,1.108,1.076,321530815,351614939
sz159768,房地产ETF银华,0.564,-0.019,-3.259,0.564,0.565,0.583,0.58,0.582,0.561,88412756,50612748
sz159767,电池龙头ETF,0.837,-0.024,-2.787,0.836,0.837,0.861,0.859,0.862,0.837,11886000,10108699
sz159766,旅游ETF,0.788,-0.01,-1.253,0.788,0.789,0.798,0.797,0.811,0.786,376575800,300550587
sz159763,新材料ETF建信,0.677,-0.026,-3.698,0.676,0.677,0.703,0.698,0.702,0.676,11458000,7891474
sz159761,新材料ETF国泰,0.738,-0.03,-3.906,0.737,0.738,0.768,0.755,0.765,0.736,13580900,10203832
sz159760,医疗健康ETF泰康,0.585,-0.016,-2.662,0.584,0.585,0.601,0.596,0.6,0.584,5131800,3035340
sz159758,红利质量ETF,1.081,-0.037,-3.309,1.08,1.081,1.118,1.112,1.116,1.079,185232801,203630258
sz159757,电池ETF景顺,0.854,-0.021,-2.4,0.853,0.854,0.875,0.867,0.879,0.853,18007300,15629204
sz159755,电池ETF,1.03,-0.028,-2.647,1.03,1.031,1.058,1.04,1.061,1.028,519232579,541998975
sz159752,新能源ETF申万菱信,0.688,-0.015,-2.134,0.687,0.688,0.703,0.702,0.711,0.686,16512700,11507186
sz159751,港股通科技ETF鹏华,1.021,-0.044,-4.131,1.021,1.022,1.065,1.025,1.053,1.018,74150900,76439773
sz159750,港股科技50ETF,1.009,-0.043,-4.087,1.009,1.01,1.052,1.04,1.041,1.007,117800700,119990168
sz159748,创新药ETF富国,0.75,-0.021,-2.724,0.75,0.751,0.771,0.77,0.77,0.746,17603200,13330083
sz159747,香港科技ETF南方,1.372,-0.057,-3.989,1.372,1.373,1.429,1.404,1.416,1.37,44331454,61538899
sz159745,建材ETF,0.694,-0.029,-4.011,0.694,0.695,0.723,0.704,0.722,0.691,329780667,232903519
sz159743,湖北ETF,1.279,-0.04,-3.033,1.278,1.284,1.319,1.296,1.317,1.279,1101100,1429240
sz159742,恒生科技ETF博时,0.727,-0.031,-4.09,0.727,0.728,0.758,0.748,0.749,0.725,438158900,322210428
sz159741,恒生科技ETF嘉实,0.708,-0.03,-4.065,0.708,0.709,0.738,0.728,0.729,0.707,210330286,150549799
sz159740,恒生科技ETF大成,0.708,-0.03,-4.065,0.707,0.708,0.738,0.727,0.728,0.706,3838864300,2747772898
sz159739,云计算ETF鹏华,1.746,-0.053,-2.946,1.746,1.748,1.799,1.799,1.82,1.746,17443800,31173926
sz159738,云计算ETF华泰柏瑞,2.03,-0.058,-2.778,2.03,2.031,2.088,2.044,2.109,2.025,6287100,12947354
sz159736,食品饮料ETF天弘,0.69,0.003,0.437,0.69,0.691,0.687,0.682,0.704,0.682,56443700,39156392
sz159735,港股消费ETF,0.807,-0.013,-1.585,0.807,0.808,0.82,0.817,0.826,0.807,116776400,95488329
sz159732,消费电子ETF,1.128,-0.042,-3.59,1.128,1.129,1.17,1.159,1.167,1.125,114718512,131488621
sz159731,石化ETF,0.975,-0.066,-6.34,0.975,0.976,1.041,1.01,1.027,0.972,293911500,294500819
sz159730,龙头家电ETF,1.085,-0.005,-0.459,1.085,1.089,1.09,1.079,1.098,1.079,968200,1056399
sz159729,互联网ETF汇添富,0.94,-0.033,-3.392,0.932,0.94,0.973,0.977,0.977,0.94,1563800,1492471
sz159728,在线消费ETF南方,1.034,-0.037,-3.455,1.033,1.034,1.071,1.064,1.078,1.033,8184000,8653151
sz159726,港股通高股息ETF华夏,1.326,-0.041,-2.999,1.325,1.326,1.367,1.349,1.35,1.321,34393300,45727090
sz159725,线上消费ETF工银,1.052,-0.038,-3.486,1.052,1.054,1.09,1.072,1.101,1.049,18692509,20080418
sz159723,科技龙头ETF汇添富,1.058,-0.035,-3.202,1.057,1.058,1.093,1.08,1.087,1.054,1191600,1271108
sz159721,深证100ETF永赢,0.999,-0.02,-1.963,0.998,1.003,1.019,1.009,1.025,0.999,1298700,1304130
sz159720,智能车ETF泰康,0.819,-0.021,-2.5,0.818,0.822,0.84,0.839,0.839,0.819,1359403,1128185
sz159719,国企共赢ETF,1.595,-0.055,-3.333,1.594,1.601,1.65,1.64,1.64,1.595,6657000,10690337
sz159718,港股医药ETF,0.897,-0.032,-3.445,0.895,0.897,0.929,0.923,0.926,0.894,19043000,17276095
sz159717,ESGETF,1.065,-0.021,-1.934,1.061,1.069,1.086,1.075,1.09,1.065,563509,606746
sz159716,深证100ETF华宝,1.055,-0.017,-1.586,1.051,1.057,1.072,1.061,1.08,1.053,5174600,5512167
sz159715,稀土ETF易方达,1.266,-0.069,-5.169,1.266,1.267,1.335,1.277,1.322,1.266,91086200,118467619
sz159713,稀土ETF,1.386,-0.068,-4.677,1.385,1.386,1.454,1.396,1.44,1.384,116336972,164580804
sz159712,港股通50ETF国泰,1.309,-0.035,-2.604,1.308,1.309,1.344,1.335,1.335,1.307,22874300,30252678
sz159711,港股通50ETF华夏,1.413,-0.032,-2.215,1.408,1.413,1.445,1.45,1.453,1.371,11417400,16288037
sz159709,物联网ETF工银,1.491,-0.041,-2.676,1.491,1.497,1.532,1.504,1.55,1.491,269101,405459
sz159708,红利ETF西部利得,0.887,-0.021,-2.313,0.886,0.887,0.908,0.901,0.907,0.886,16568100,14846501
sz159707,地产ETF,0.629,-0.025,-3.823,0.628,0.629,0.654,0.65,0.65,0.626,104527100,66572580
sz159706,深证100ETF华安,0.886,-0.014,-1.556,0.885,0.886,0.9,0.9,0.905,0.885,3793400,3382771
sz159703,新材料ETF,0.842,-0.031,-3.551,0.841,0.842,0.873,0.872,0.872,0.841,5993001,5099986
sz159701,物联网ETF招商,1.176,-0.057,-4.623,1.175,1.176,1.233,1.221,1.221,1.176,913702,1082201
sz159700,科创债ETF南方,99.939,0.01,0.01,99.925,99.935,99.929,99.912,99.964,99.912,87989600,8792358521
sz159699,恒生消费ETF,1.03,-0.014,-1.341,1.03,1.031,1.044,1.043,1.052,1.029,83801100,87201772
sz159698,粮食ETF,1.085,-0.082,-7.027,1.085,1.086,1.167,1.143,1.143,1.083,111053320,122769285
sz159697,石油ETF鹏华,1.3,-0.065,-4.762,1.3,1.301,1.365,1.317,1.353,1.3,198309300,264150897
sz159696,纳指ETF易方达,1.693,-0.035,-2.025,1.693,1.694,1.728,1.717,1.723,1.692,30622300,52223934
sz159695,通信ETF嘉实,2.325,-0.075,-3.125,2.325,2.326,2.4,2.37,2.438,2.324,13832200,32932289
sz159692,证券ETF东财,1.301,-0.016,-1.215,1.301,1.302,1.317,1.316,1.331,1.296,52500700,68997793
sz159691,港股红利ETF工银,1.324,-0.051,-3.709,1.323,1.324,1.375,1.364,1.364,1.323,350689539,471683992
sz159690,有色矿业ETF招商,2.21,-0.222,-9.128,2.208,2.21,2.432,2.189,2.329,2.189,96450500,217508586
sz159689,消费ETF南方,0.733,-0.003,-0.408,0.732,0.733,0.736,0.731,0.754,0.731,14831201,11035898
sz159688,恒生互联网ETF,1.057,-0.039,-3.558,1.057,1.058,1.096,1.081,1.085,1.055,134934800,144589473
sz159687,亚太精选ETF南方,1.629,-0.073,-4.289,1.629,1.63,1.702,1.702,1.702,1.628,437938300,727892294
sz159686,A100ETF易方达,1.262,-0.038,-2.923,1.26,1.262,1.3,1.3,1.308,1.259,4133400,5309746
sz159685,1000增强ETF天弘,1.482,-0.043,-2.82,1.476,1.482,1.525,1.51,1.519,1.477,2721000,4086169
sz159682,创业50ETF,1.5,-0.031,-2.025,1.5,1.501,1.531,1.528,1.556,1.492,214239900,326124888
sz159681,创50ETF,1.513,-0.035,-2.261,1.513,1.514,1.548,1.544,1.571,1.51,74817400,115215113
sz159680,1000ETF增强,1.64,-0.052,-3.073,1.64,1.644,1.692,1.669,1.69,1.639,47768269,79543908
sz159679,中证1000增强ETF国泰,1.35,-0.037,-2.668,1.35,1.355,1.387,1.387,1.387,1.35,5622000,7652156
sz159678,中证500增强ETF,1.508,-0.073,-4.617,1.507,1.508,1.581,1.563,1.569,1.5,9943818,15260302
sz159677,1000增强ETF,1.478,-0.054,-3.525,1.478,1.484,1.532,1.524,1.524,1.476,10039300,15082171
sz159676,创业板增强ETF富国,1.458,-0.038,-2.54,1.458,1.464,1.496,1.495,1.511,1.455,11306282,16842041
sz159675,创业板增强ETF嘉实,1.338,-0.029,-2.121,1.338,1.34,1.367,1.363,1.387,1.336,4394400,5988902
sz159673,沪深300ETF鹏华,1.26,-0.027,-2.098,1.259,1.26,1.287,1.278,1.288,1.254,63335400,80471986
sz159672,主要消费ETF,0.732,-0.002,-0.272,0.732,0.733,0.734,0.733,0.75,0.731,10347800,7665771
sz159671,稀有金属ETF工银,1.397,-0.093,-6.242,1.396,1.397,1.49,1.382,1.464,1.382,54496693,78029356
sz159670,消费50ETF国联安,0.95,0.002,0.211,0.95,0.952,0.948,0.948,0.965,0.947,3528400,3374582
sz159669,绿色电力ETF国泰,1.095,-0.01,-0.905,1.095,1.098,1.105,1.103,1.115,1.093,1412700,1560689
sz159667,工业母机ETF,1.682,-0.044,-2.549,1.682,1.683,1.726,1.691,1.738,1.68,60098663,103309819
sz159666,交通运输ETF,1.003,-0.017,-1.667,1.002,1.005,1.02,1.013,1.023,1.002,13028400,13182238
sz159665,半导体龙头ETF工银,1.981,-0.098,-4.714,1.981,1.983,2.079,2.048,2.065,1.976,17411800,35068552
sz159663,机床ETF,1.665,-0.042,-2.46,1.664,1.665,1.707,1.685,1.718,1.663,14686600,24938682
sz159662,交运ETF南方,1.022,-0.017,-1.636,1.021,1.022,1.039,1.037,1.043,1.021,8810500,9083731
sz159661,A100ETF嘉实,1.395,-0.044,-3.058,1.39,1.401,1.439,1.425,1.434,1.395,2072500,2928596
sz159660,纳指ETF汇添富,1.968,-0.056,-2.767,1.968,1.969,2.024,2.0,2.011,1.967,43738200,87117819
sz159659,纳斯达克100ETF,1.942,-0.045,-2.265,1.942,1.943,1.987,1.965,1.974,1.938,200525909,392335531
sz159658,数字经济ETF,1.615,-0.055,-3.293,1.615,1.62,1.67,1.66,1.667,1.613,3307102,5397698
sz159657,疫苗ETF鹏华,0.64,-0.019,-2.883,0.639,0.64,0.659,0.657,0.657,0.639,3022200,1956762
sz159656,沪深300成长ETF万家,1.142,-0.024,-2.058,1.14,1.142,1.166,1.17,1.175,1.139,18279000,21171040
sz159655,标普ETF,1.758,-0.044,-2.442,1.758,1.759,1.802,1.802,1.802,1.751,101067300,179453634
sz159653,ESG300ETF,1.2,-0.032,-2.597,1.188,1.202,1.232,1.218,1.232,1.2,78500,95647
sz159652,有色ETF汇添富,1.819,-0.202,-9.995,0.0,1.819,2.021,1.819,1.925,1.819,450486448,841114090
sz159651,国开债券ETF,106.969,-0.008,-0.007,106.967,106.969,106.977,106.97,106.977,106.969,1097610,117413653
sz159650,国开债ETF博时,107.47,-0.002,-0.002,107.47,107.472,107.472,107.472,107.492,107.464,3073600,330318863
sz159649,国开债ETF,108.832,-0.026,-0.024,108.84,108.842,108.858,108.856,108.878,108.83,4147400,451394034
sz159647,中药ETF,0.961,-0.013,-1.335,0.96,0.961,0.974,0.971,0.977,0.96,33450564,32373271
sz159645,疫苗ETF富国,0.659,-0.022,-3.231,0.659,0.66,0.681,0.675,0.676,0.658,4067600,2720842
sz159643,疫苗ETF,0.583,-0.018,-2.995,0.582,0.583,0.601,0.594,0.597,0.581,34351300,20283064
sz159642,碳中和ETF大成,1.046,-0.038,-3.506,1.04,1.064,1.084,1.073,1.083,1.046,483906,512631
sz159641,双碳ETF,1.098,-0.045,-3.937,1.097,1.102,1.143,1.141,1.141,1.097,3238017,3613090
sz159640,碳中和龙头ETF工银,1.036,-0.042,-3.896,1.036,1.04,1.078,1.079,1.079,1.036,2658802,2816770
sz159639,碳中和ETF南方,1.048,-0.043,-3.941,1.047,1.048,1.091,1.077,1.09,1.048,8186578,8713654
sz159638,高端装备ETF嘉实,1.098,-0.015,-1.348,1.098,1.1,1.113,1.117,1.136,1.095,91655829,101895568
sz159637,新能源车ETF东财,0.888,-0.022,-2.418,0.887,0.888,0.91,0.911,0.912,0.886,14924401,13416854
sz159636,港股通科技30ETF工银,0.652,-0.029,-4.258,0.652,0.653,0.681,0.671,0.673,0.649,1352386620,887338988
sz159635,基建ETF华夏,1.126,-0.044,-3.761,1.126,1.129,1.17,1.16,1.161,1.124,8806900,10061427
sz159633,中证1000ETF易方达,3.344,-0.13,-3.742,3.344,3.346,3.474,3.431,3.459,3.326,40399764,137037134
sz159632,纳斯达克ETF,2.048,-0.051,-2.43,2.047,2.048,2.099,2.085,2.089,2.039,94810100,195571044
sz159631,中证A100ETF,1.241,-0.038,-2.971,1.241,1.246,1.279,1.279,1.279,1.241,4698700,5933656
sz159630,A100ETF汇添富,1.355,-0.038,-2.728,1.35,1.354,1.393,1.379,1.388,1.351,101200,140000
sz159629,1000ETF,3.252,-0.13,-3.844,3.252,3.255,3.382,3.34,3.376,3.25,178922420,590412951
sz159628,国证2000ETF万家,1.417,-0.052,-3.54,1.416,1.417,1.469,1.459,1.467,1.417,46952000,67890327
sz159627,A100ETF华夏,1.296,-0.038,-2.849,1.291,1.294,1.334,1.334,1.334,1.295,2358400,3116035
sz159625,绿色电力ETF嘉实,1.198,-0.009,-0.746,1.198,1.199,1.207,1.205,1.219,1.196,48149600,58159813
sz159623,成渝经济圈ETF,1.025,-0.012,-1.157,1.024,1.025,1.037,1.03,1.055,1.024,72291800,75612484
sz159622,创新药ETF东财,1.059,-0.036,-3.288,1.058,1.059,1.095,1.087,1.089,1.057,38177700,40941548
sz159621,ESGETF国泰,1.147,-0.025,-2.133,1.136,1.167,1.172,1.163,1.171,1.147,1896000,2208615
sz159620,中证500成长ETF华夏,1.24,-0.05,-3.876,1.239,1.24,1.29,1.277,1.288,1.236,1591127,2017899
sz159619,基建ETF,1.062,-0.039,-3.542,1.062,1.065,1.101,1.1,1.1,1.061,6571700,7095345
sz159618,光伏ETF指数基金,0.838,-0.004,-0.475,0.836,0.838,0.842,0.841,0.864,0.838,5411300,4623786
sz159617,中证500价值ETF华夏,1.408,-0.057,-3.891,1.402,1.408,1.465,1.465,1.465,1.408,1700800,2422007
sz159616,农牧ETF建信,0.907,-0.049,-5.126,0.906,0.907,0.956,0.934,0.943,0.903,15495803,14323384
sz159615,恒生生物科技ETF南方,1.129,-0.043,-3.669,1.129,1.13,1.172,1.173,1.176,1.128,53182800,61030597
sz159613,信息安全ETF嘉实,1.019,-0.029,-2.767,1.019,1.02,1.048,1.039,1.053,1.017,3097300,3197436
sz159612,标普500ETF,1.842,-0.029,-1.55,1.842,1.843,1.871,1.862,1.898,1.839,67985067,127335448
sz159611,电力ETF,1.013,-0.015,-1.459,1.012,1.013,1.028,1.024,1.036,1.012,207909895,213078936
sz159610,500ETF增强,1.171,-0.047,-3.859,1.171,1.172,1.218,1.206,1.215,1.171,7889612,9412743
sz159609,光伏ETF浦银,0.615,-0.005,-0.806,0.614,0.615,0.62,0.623,0.634,0.613,33729300,21057459
sz159608,稀有金属ETF,1.15,-0.062,-5.116,1.149,1.15,1.212,1.136,1.202,1.136,227172400,267649345
sz159607,中概互联网ETF嘉实,1.052,-0.035,-3.22,1.052,1.053,1.087,1.074,1.079,1.052,127414200,135693860
sz159606,中证500成长ETF易方达,1.24,-0.057,-4.395,1.24,1.241,1.297,1.29,1.29,1.239,18045105,22822561
sz159605,中概互联ETF,1.058,-0.037,-3.379,1.058,1.059,1.095,1.085,1.085,1.056,393899500,421738396
sz159603,双创龙头ETF,1.455,-0.039,-2.61,1.454,1.455,1.494,1.498,1.514,1.453,9024800,13365189
sz159602,中国A50ETF南方,1.001,-0.027,-2.626,1.001,1.002,1.028,1.028,1.038,1.001,35709182,36571346
sz159601,A50ETF,1.044,-0.025,-2.339,1.043,1.044,1.069,1.058,1.07,1.041,63326406,66775628
sz159600,科创债ETF嘉实,100.07,0.018,0.018,100.056,100.07,100.052,100.051,100.095,100.051,41048540,4107364829
sz159599,芯片ETF东财,2.263,-0.122,-5.115,2.263,2.264,2.385,2.346,2.361,2.257,43734700,100648826
sz159597,创业板成长ETF易方达,2.1,-0.055,-2.552,2.098,2.1,2.155,2.155,2.189,2.098,6881066,14681845
sz159596,A50ETF华宝,0.627,-0.014,-2.184,0.626,0.627,0.641,0.637,0.642,0.624,124358200,78651025
sz159595,中证A50ETF大成,1.319,-0.026,-1.933,1.318,1.319,1.345,1.336,1.35,1.312,161646000,215469339
sz159593,中证A50指数ETF,1.316,-0.031,-2.301,1.316,1.317,1.347,1.334,1.35,1.314,57235205,76136477
sz159592,A50ETF基金,1.293,-0.035,-2.636,1.292,1.293,1.328,1.308,1.328,1.292,65884502,86191574
sz159591,中证A50ETF,1.317,-0.034,-2.517,1.316,1.317,1.351,1.333,1.348,1.309,61202829,81359065
sz159590,软件ETF汇添富,1.191,-0.034,-2.776,1.191,1.192,1.225,1.22,1.24,1.19,43658100,53031134
sz159589,红利ETF广发,1.072,-0.034,-3.074,1.09,1.099,1.106,1.096,1.098,1.071,3816300,4129731
sz159588,石油天然气ETF,1.218,-0.061,-4.769,1.217,1.218,1.279,1.238,1.268,1.218,122154300,152347454
sz159587,粮食ETF广发,1.389,-0.111,-7.4,1.388,1.389,1.5,1.421,1.475,1.383,33577600,47505142
sz159586,计算机ETF南方,1.397,-0.044,-3.053,1.397,1.4,1.441,1.44,1.447,1.394,12407600,17633548
sz159583,通信设备ETF,1.341,-0.038,-2.756,1.341,1.342,1.379,1.379,1.42,1.34,199949607,276317214
sz159582,半导体产业ETF,2.472,-0.112,-4.334,2.471,2.472,2.584,2.538,2.571,2.47,13879400,34805742
sz159581,红利ETF万家,1.051,-0.031,-2.865,1.05,1.051,1.082,1.079,1.081,1.048,44371802,47130136
sz159578,深证主板50ETF南方,1.177,-0.018,-1.506,1.172,1.179,1.195,1.183,1.195,1.175,56000,66530
sz159577,美国50ETF汇添富,1.44,-0.027,-1.84,1.44,1.441,1.467,1.456,1.478,1.433,30125600,43708440
sz159576,深证100ETF广发,1.471,-0.027,-1.802,1.471,1.477,1.498,1.491,1.509,1.471,5438700,8080129
sz159575,创业板200ETF银华,1.496,-0.037,-2.414,1.496,1.508,1.533,1.533,1.533,1.496,216700,328792
sz159573,创业板200ETF华夏,1.528,-0.051,-3.23,1.528,1.536,1.579,1.581,1.582,1.527,13362528,20686065
sz159572,创业板200ETF易方达,1.523,-0.045,-2.87,1.523,1.525,1.568,1.559,1.569,1.517,10913429,16915487
sz159571,创业板200ETF富国,1.532,-0.048,-3.038,1.531,1.537,1.58,1.565,1.583,1.531,148600,231215
sz159570,港股通创新药ETF,1.547,-0.055,-3.433,1.546,1.547,1.602,1.6,1.603,1.543,601962207,943821586
sz159569,港股红利低波ETF,1.349,-0.039,-2.81,1.349,1.35,1.388,1.375,1.38,1.346,41415234,56363361
sz159568,港股互联网ETF博时,1.7,-0.063,-3.573,1.7,1.701,1.763,1.741,1.747,1.699,57297600,98817792
sz159567,港股创新药ETF,0.749,-0.03,-3.851,0.749,0.75,0.779,0.778,0.779,0.748,1087486366,825262217
sz159566,储能电池ETF易方达,2.09,-0.033,-1.554,2.089,2.09,2.123,2.138,2.158,2.085,165261263,350286493
sz159565,汽车零部件ETF易方达,1.6,-0.031,-1.901,1.599,1.6,1.631,1.597,1.639,1.597,13780416,22339633
sz159563,创业板综ETF华夏,1.8,-0.048,-2.597,1.8,1.807,1.848,1.834,1.859,1.8,433900,800339
sz159562,黄金股ETF,2.762,-0.307,-10.003,0.0,2.762,3.069,2.762,2.762,2.762,25019700,69104411
sz159561,德国ETF嘉实,1.346,-0.027,-1.966,1.345,1.346,1.373,1.375,1.375,1.344,101036700,137465945
sz159560,芯片ETF景顺,1.834,-0.092,-4.777,1.834,1.836,1.926,1.91,1.91,1.832,5787900,10774780
sz159559,机器人50ETF,1.379,-0.025,-1.781,1.379,1.38,1.404,1.398,1.416,1.374,158036000,220632399
sz159558,半导体设备ETF易方达,2.049,-0.105,-4.875,2.048,2.049,2.154,2.123,2.137,2.049,123786833,258053117
sz159557,恒生医疗ETF嘉实,1.519,-0.057,-3.617,1.519,1.524,1.576,1.58,1.58,1.519,6764000,10424569
sz159556,中证2000ETF增强,1.288,-0.032,-2.424,1.286,1.288,1.32,1.307,1.318,1.283,1805900,2354133
sz159555,2000增强ETF,1.725,-0.035,-1.989,1.723,1.725,1.76,1.75,1.77,1.723,5527200,9680032
sz159553,中证2000增强ETF海富通,1.952,-0.049,-2.449,1.953,1.96,2.001,2.001,2.002,1.951,1527100,3016289
sz159552,中证2000增强ETF,2.144,-0.052,-2.368,2.143,2.144,2.196,2.184,2.197,2.137,46763531,101577107
sz159551,机器人ETF国泰,1.345,-0.032,-2.324,1.345,1.349,1.377,1.37,1.382,1.343,18207200,24836335
sz159550,互联网ETF东财,1.082,-0.036,-3.22,1.081,1.082,1.118,1.105,1.119,1.08,4436000,4870089
sz159549,红利低波ETF天弘,1.198,-0.022,-1.803,1.197,1.199,1.22,1.221,1.221,1.197,2956600,3573304
sz159547,红利低波ETF华夏,1.189,-0.016,-1.328,1.189,1.192,1.205,1.2,1.206,1.186,70625110,84565933
sz159546,集成电路ETF,2.028,-0.121,-5.631,2.028,2.029,2.149,2.084,2.127,2.018,15098156,31150601
sz159545,恒生红利低波ETF易方达,1.463,-0.035,-2.336,1.462,1.463,1.498,1.494,1.494,1.46,119882200,176965238
sz159543,国证2000ETF工银,1.469,-0.043,-2.844,1.465,1.47,1.512,1.505,1.516,1.458,3013000,4509488
sz159542,工程机械ETF大成,1.46,-0.048,-3.183,1.46,1.461,1.508,1.498,1.502,1.46,1128400,1672361
sz159541,创业板综ETF万家,1.554,-0.041,-2.571,1.559,1.56,1.595,1.596,1.605,1.553,3202100,5061560
sz159540,信创ETF易方达,1.758,-0.083,-4.508,1.756,1.758,1.841,1.821,1.836,1.756,11834251,21252467
sz159539,信创ETF广发,1.662,-0.078,-4.483,1.662,1.663,1.74,1.74,1.74,1.658,1934900,3253778
sz159538,信创ETF富国,1.689,-0.078,-4.414,1.688,1.689,1.767,1.75,1.767,1.687,1409400,2418143
sz159537,信创ETF,1.675,-0.082,-4.667,1.675,1.676,1.757,1.736,1.752,1.675,4885600,8335464
sz159536,中证2000ETF汇添富,1.488,-0.035,-2.298,1.488,1.49,1.523,1.52,1.534,1.486,15882406,23970087
sz159535,中证2000ETF嘉实,1.514,-0.037,-2.386,1.515,1.52,1.551,1.551,1.551,1.514,2450300,3769542
sz159533,中证2000ETF基金,1.933,-0.067,-3.35,1.936,1.941,2.0,1.944,2.002,1.933,1062400,2084584
sz159532,中证2000ETF易方达,1.675,-0.035,-2.047,1.675,1.678,1.71,1.698,1.713,1.673,22720800,38637074
sz159531,中证2000ETF,1.471,-0.038,-2.518,1.47,1.471,1.509,1.49,1.51,1.468,81872700,122163047
sz159530,机器人ETF易方达,1.533,-0.03,-1.919,1.533,1.534,1.563,1.552,1.577,1.53,450240150,699841119
sz159529,标普消费ETF,1.37,-0.002,-0.146,1.37,1.371,1.372,1.386,1.411,1.363,1016178546,1411253682
sz159528,国企改革ETF富国,1.219,-0.038,-3.023,1.213,1.221,1.257,1.246,1.247,1.218,208400,257349
sz159527,云计算ETF广发,2.323,-0.071,-2.966,2.323,2.325,2.394,2.394,2.42,2.321,7196300,17052762
sz159526,机器人ETF嘉实,1.524,-0.033,-2.119,1.524,1.526,1.557,1.552,1.563,1.52,22040600,34021241
sz159525,红利低波ETF,1.077,-0.011,-1.011,1.077,1.078,1.088,1.084,1.092,1.074,30429200,33063409
sz159523,沪深300成长ETF华夏,1.266,-0.035,-2.69,1.266,1.272,1.301,1.301,1.302,1.265,10220200,13107190
sz159521,国证2000ETF指数基金,1.338,-0.04,-2.903,1.333,1.343,1.378,1.365,1.365,1.338,615600,833803
sz159520,消费龙头ETF工银,1.022,-0.005,-0.487,1.023,1.024,1.027,1.027,1.04,1.021,10515700,10841037
sz159519,港股国企ETF国泰,1.723,-0.065,-3.635,1.721,1.725,1.788,1.788,1.788,1.72,19280100,33511602
sz159518,标普油气ETF嘉实,0.927,-0.041,-4.236,0.926,0.927,0.968,0.948,0.969,0.923,738485238,695879453
sz159517,800增强ETF,1.348,-0.045,-3.23,1.342,1.348,1.393,1.401,1.401,1.342,4772100,6509220
sz159516,半导体设备ETF,1.747,-0.094,-5.106,1.746,1.747,1.841,1.818,1.823,1.745,1241342882,2205836489
sz159515,国企红利ETF,1.14,-0.031,-2.647,1.14,1.145,1.171,1.18,1.18,1.14,2711800,3125377
sz159513,纳斯达克100ETF大成,1.512,-0.034,-2.199,1.511,1.512,1.546,1.534,1.544,1.51,84623400,129477915
sz159512,汽车ETF,1.368,-0.028,-2.006,1.367,1.368,1.396,1.382,1.393,1.366,9146700,12627729
sz159511,通信ETF南方,2.037,-0.061,-2.908,2.037,2.045,2.098,2.117,2.127,2.032,17783105,36979954
sz159510,沪深300价值ETF,1.254,-0.025,-1.955,1.253,1.255,1.279,1.279,1.279,1.25,3223600,4057348
sz159509,纳指科技ETF,2.125,-0.083,-3.759,2.124,2.125,2.208,2.179,2.183,2.113,328859262,704592198
sz159508,生物医药ETF基金,0.797,-0.021,-2.567,0.797,0.8,0.818,0.802,0.819,0.797,3988700,3230658
sz159507,通信ETF广发,2.121,-0.078,-3.547,2.12,2.121,2.199,2.2,2.225,2.115,9895200,21503506
sz159506,港股通医疗ETF富国,1.346,-0.052,-3.72,1.345,1.346,1.398,1.396,1.397,1.343,135473841,184863837
sz159505,国证2000指数ETF,1.563,-0.069,-4.228,1.562,1.563,1.632,1.644,1.66,1.561,3202000,5108363
sz159502,标普生物科技ETF嘉实,1.26,-0.025,-1.946,1.259,1.26,1.285,1.273,1.28,1.257,282500700,357689935
sz159501,纳指ETF嘉实,1.719,-0.032,-1.828,1.718,1.719,1.751,1.745,1.746,1.718,76063100,131472309
sz159500,500ETF,1.19,-0.03,-2.459,1.19,1.191,1.22,1.21,1.214,1.161,32523505,38694549
sz159400,科创债ETF景顺,100.414,0.042,0.042,100.371,100.41,100.372,100.361,100.437,100.361,12139710,1219009659
sz159399,现金流ETF,1.153,-0.043,-3.595,1.152,1.153,1.196,1.18,1.185,1.15,293526101,342280078
sz159398,信用债ETF天弘,100.809,-0.003,-0.003,100.785,100.809,100.812,100.812,100.849,100.785,44176100,4452510746
sz159397,信用债ETF广发,101.3,0.006,0.006,101.258,101.3,101.294,101.294,101.307,101.26,36037900,3650637372
sz159396,信用债ETF博时,101.435,-0.013,-0.013,101.409,101.435,101.448,101.451,101.496,101.422,27510200,2790498344
sz159395,信用债ETF大成,101.533,0.009,0.009,101.52,101.532,101.524,101.524,101.571,101.52,16285000,1653416755
sz159393,沪深300ETF万家,4.752,-0.118,-2.423,4.752,4.754,4.87,4.847,4.875,4.749,13954600,66934537
sz159392,航空ETF,1.278,-0.022,-1.692,1.278,1.282,1.3,1.28,1.319,1.274,8032300,10397646
sz159391,大盘价值ETF博时,1.104,-0.015,-1.34,1.104,1.105,1.119,1.115,1.124,1.102,2406700,2683903
sz159390,中证A50ETF国联,1.2,-0.031,-2.518,1.2,1.202,1.231,1.224,1.231,1.197,9428900,11455973
sz159389,数字经济ETF嘉实,1.495,-0.063,-4.044,1.494,1.495,1.558,1.539,1.551,1.491,1326100,1994537
sz159388,创业板人工智能ETF国泰,0.909,-0.036,-3.81,0.909,0.91,0.945,0.945,0.959,0.908,90432765,84195993
sz159387,创业板新能源ETF国泰,1.642,-0.025,-1.5,1.642,1.643,1.667,1.659,1.69,1.635,253114500,420383905
sz159386,A500ETF永赢,1.279,-0.04,-3.033,1.279,1.283,1.319,1.319,1.319,1.274,45306600,58743705
sz159385,数字经济ETF富国,1.497,-0.064,-4.1,1.496,1.497,1.561,1.561,1.561,1.493,3273948,4965545
sz159383,创业板50ETF华泰柏瑞,1.6,-0.043,-2.617,1.597,1.6,1.643,1.638,1.663,1.6,1180700,1929495
sz159382,创业板人工智能ETF南方,2.372,-0.095,-3.851,2.372,2.373,2.467,2.468,2.504,2.371,55591200,135855882
sz159381,创业板人工智能ETF华夏,2.1,-0.08,-3.67,2.099,2.1,2.18,2.168,2.213,2.096,154559628,333807523
sz159380,A500ETF东财,1.335,-0.04,-2.909,1.334,1.335,1.375,1.355,1.369,1.332,7431900,10026570
sz159379,A500ETF融通,1.32,-0.13,-8.966,1.314,1.32,1.45,1.45,1.465,1.32,1916700,2576126
sz159378,通用航空ETF,1.411,-0.028,-1.946,1.41,1.411,1.439,1.42,1.46,1.41,21706400,31071975
sz159377,创业板医药ETF国泰,1.127,-0.031,-2.677,1.125,1.127,1.158,1.152,1.167,1.126,8832800,10053220
sz159376,A500ETF浦银,1.316,-0.044,-3.235,1.316,1.32,1.36,1.36,1.36,1.315,4773900,6357714
sz159375,创业板50ETF国泰,1.712,-0.041,-2.339,1.71,1.712,1.753,1.75,1.779,1.71,19385899,33994645
sz159373,创业板50ETF嘉实,1.643,-0.042,-2.493,1.644,1.649,1.685,1.684,1.708,1.64,28702700,48137348
sz159372,创业板50ETF万家,1.711,-0.045,-2.563,1.711,1.716,1.756,1.756,1.777,1.71,2959900,5178936
sz159371,创业板50ETF富国,1.605,-0.04,-2.432,1.605,1.607,1.645,1.647,1.671,1.604,2266400,3698706
sz159370,创50ETF工银,1.693,-0.036,-2.082,1.697,1.7,1.729,1.734,1.76,1.693,444300,766752
sz159369,创业板50ETF易方达,1.305,-0.033,-2.466,1.304,1.305,1.338,1.345,1.356,1.304,7571500,10139910
sz159368,创业板新能源ETF华夏,1.481,-0.027,-1.79,1.48,1.481,1.508,1.498,1.527,1.476,56383000,84820803
sz159367,创业板50ETF华夏,1.621,-0.037,-2.232,1.621,1.625,1.658,1.666,1.683,1.617,2739500,4525724
sz159366,港股医疗ETF永赢,1.441,-0.051,-3.418,1.44,1.441,1.492,1.485,1.491,1.437,90403100,131978885
sz159365,恒指ETF,1.072,-0.033,-2.986,1.072,1.076,1.105,1.09,1.105,1.07,9618400,10408534
sz159363,创业板人工智能ETF华宝,1.107,-0.047,-4.073,1.106,1.107,1.154,1.155,1.172,1.107,845412380,959001929
sz159362,A500ETF工银,1.282,-0.035,-2.658,1.285,1.29,1.317,1.31,1.315,1.276,47181300,61426997
sz159361,A500ETF易方达,1.235,-0.036,-2.832,1.234,1.235,1.271,1.261,1.269,1.229,3472284278,4361972171
sz159360,中证A500ETF天弘,1.289,-0.038,-2.864,1.289,1.294,1.327,1.32,1.325,1.284,79171000,102637497
sz159359,A500指数ETF,1.269,-0.038,-2.907,1.269,1.271,1.307,1.301,1.305,1.266,36443101,46815981
sz159358,中证A500ETF大成,1.286,-0.04,-3.017,1.289,1.291,1.326,1.31,1.326,1.285,96717603,126117235
sz159357,A500ETF博时,1.265,-0.04,-3.065,1.266,1.267,1.305,1.305,1.305,1.265,24664730,31773573
sz159356,A500ETF万家,1.266,-0.037,-2.84,1.266,1.267,1.303,1.302,1.302,1.261,68177480,87153604
sz159355,800红利低波ETF,1.025,-0.015,-1.442,1.024,1.026,1.04,1.04,1.042,1.023,3567402,3677054
sz159353,中证A500ETF景顺,1.224,-0.036,-2.857,1.224,1.225,1.26,1.253,1.259,1.224,208107100,258963715
sz159352,A500ETF南方,1.262,-0.036,-2.773,1.261,1.262,1.298,1.288,1.296,1.256,6938937524,8906820153
sz159351,A500ETF嘉实,1.217,-0.035,-2.796,1.216,1.217,1.252,1.244,1.25,1.216,1201497300,1484826891
sz159350,深证50ETF富国,1.458,-0.026,-1.752,1.454,1.458,1.484,1.483,1.501,1.453,51990200,76888702
sz159339,A500ETF,1.225,-0.032,-2.546,1.225,1.226,1.257,1.24,1.254,1.219,85004962,105139251
sz159338,中证A500ETF,1.213,-0.036,-2.882,1.212,1.213,1.249,1.245,1.247,1.211,6081847689,7510821964
sz159337,中证500ETF东财,1.802,-0.078,-4.149,1.801,1.802,1.88,1.879,1.879,1.8,18003900,32983540
sz159336,央企红利50ETF,1.147,-0.057,-4.734,1.147,1.15,1.204,1.2,1.2,1.147,5917300,6934399
sz159335,央企科创ETF,1.468,-0.048,-3.166,1.468,1.476,1.516,1.498,1.516,1.465,2688600,3984674
sz159333,港股央企红利ETF万家,1.42,-0.034,-2.338,1.42,1.421,1.454,1.443,1.445,1.411,23881700,33890605
sz159332,央企红利ETF富国,1.193,-0.039,-3.166,1.193,1.194,1.232,1.22,1.221,1.192,5126400,6195424
sz159331,红利港股ETF国泰,1.287,-0.035,-2.648,1.287,1.289,1.322,1.312,1.315,1.284,17004807,22041009
sz159330,沪深300ETF东财,1.421,-0.028,-1.932,1.42,1.421,1.449,1.444,1.448,1.414,20050100,28695190
sz159329,沙特ETF南方,0.94,-0.026,-2.692,0.94,0.941,0.966,0.948,0.954,0.939,166437625,157380186
sz159328,家电ETF易方达,1.135,-0.015,-1.304,1.135,1.138,1.15,1.157,1.157,1.133,836800,958237
sz159327,半导体设备ETF万家,2.078,-0.111,-5.071,2.078,2.079,2.189,2.151,2.167,2.078,33723200,71535181
sz159326,电网设备ETF,1.748,0.023,1.333,1.748,1.749,1.725,1.759,1.79,1.742,1015356695,1792687241
sz159325,半导体ETF南方,1.647,-0.073,-4.244,1.646,1.647,1.72,1.682,1.716,1.638,28328200,47186699
sz159323,港股通汽车ETF,1.207,-0.056,-4.434,1.206,1.207,1.263,1.251,1.252,1.204,68902200,84204261
sz159322,黄金股票ETF基金,2.043,-0.227,-10.0,0.0,2.043,2.27,2.043,2.043,2.043,2974400,6076699
sz159321,黄金股票ETF,1.977,-0.22,-10.014,0.0,1.977,2.197,1.977,1.977,1.977,47221500,93356906
sz159320,电网设备ETF广发,1.907,0.019,1.006,1.907,1.908,1.888,1.915,1.948,1.899,58130700,112039930
sz159318,恒指港股通ETF银华,1.398,-0.043,-2.984,1.398,1.399,1.441,1.43,1.448,1.396,4578700,6451822
sz159316,港股通创新药ETF易方达,1.26,-0.046,-3.522,1.259,1.26,1.306,1.305,1.306,1.257,278238400,355283551
sz159315,黄金股ETF工银,2.084,-0.232,-10.017,0.0,2.084,2.316,2.084,2.084,2.084,6098800,12709899
sz159312,恒指港股通ETF广发,1.257,-0.04,-3.084,1.257,1.259,1.297,1.291,1.291,1.256,6136300,7800321
sz159311,数字经济ETF易方达,1.335,-0.055,-3.957,1.339,1.346,1.39,1.39,1.39,1.335,927600,1262525
sz159310,芯片ETF天弘,2.277,-0.114,-4.768,2.276,2.277,2.391,2.388,2.389,2.277,7235000,16759662
sz159309,油气ETF汇添富,1.307,-0.078,-5.632,1.306,1.307,1.385,1.336,1.358,1.306,75809702,101280933
sz159307,红利低波100ETF博时,1.063,-0.016,-1.483,1.063,1.064,1.079,1.075,1.078,1.061,44382100,47517331
sz159306,汽车零件ETF,1.43,-0.024,-1.651,1.43,1.434,1.454,1.465,1.467,1.43,1053700,1530646
sz159305,储能电池ETF广发,1.848,-0.033,-1.754,1.848,1.85,1.881,1.881,1.911,1.844,8416900,15807440
sz159303,恒生医疗ETF大成,1.679,-0.062,-3.561,1.678,1.679,1.741,1.74,1.741,1.678,4386700,7494556
sz159302,港股高股息ETF,1.29,-0.032,-2.421,1.286,1.29,1.322,1.32,1.32,1.286,14295900,18509684
sz159301,公用事业ETF,0.945,-0.012,-1.254,0.944,0.945,0.957,0.951,0.963,0.944,12118800,11622490
sz159300,300ETF,4.874,-0.111,-2.227,4.874,4.875,4.985,4.99,4.99,4.869,17434600,85813569
sz159299,金融科技ETF易方达,0.919,-0.017,-1.816,0.918,0.919,0.936,0.935,0.943,0.918,24136902,22579639
sz159298,创业板50ETF大成,1.134,-0.025,-2.157,1.134,1.138,1.159,1.159,1.176,1.131,4414600,5082282
sz159297,港股通创新药ETF南方,0.785,-0.028,-3.444,0.785,0.786,0.813,0.815,0.816,0.784,72589114,57792589
sz159296,A500红利低波ETF,0.992,-0.015,-1.49,0.991,0.992,1.007,1.007,1.008,0.992,4210603,4229948
sz159295,创业综指ETF西部利得,1.046,-0.026,-2.425,1.042,1.047,1.072,1.077,1.079,1.046,3754560,3983488
sz159293,创业板综增强ETF建信,1.013,-0.011,-1.074,1.0,1.013,1.024,1.024,1.024,0.998,7235622,7319267
sz159292,创业板综增强ETF华宝,1.151,-0.026,-2.209,1.15,1.151,1.177,1.182,1.184,1.151,2389700,2795714
sz159291,创业板综增强ETF招商,1.125,-0.032,-2.766,1.126,1.13,1.157,1.162,1.162,1.125,470500,539823
sz159290,创业板综指增强ETF东财,1.088,-0.028,-2.509,1.088,1.09,1.116,1.112,1.123,1.085,3068017,3376514
sz159289,创业板综指ETF鹏华,1.084,-0.026,-2.342,1.083,1.084,1.11,1.108,1.12,1.084,900700,991575
sz159288,创业板综ETF银华,1.033,-0.028,-2.639,1.031,1.033,1.061,1.061,1.061,1.03,2264200,2370018
sz159287,创业板综ETF博时,1.117,-0.03,-2.616,1.117,1.12,1.147,1.147,1.152,1.117,5224005,5930704
sz159286,港股通创新药ETF鹏华,0.805,-0.028,-3.361,0.805,0.806,0.833,0.834,0.835,0.802,39073600,31787799
sz159285,港股通消费ETF华安,0.937,-0.013,-1.368,0.937,0.938,0.95,0.95,0.955,0.936,12738516,12051687
sz159283,通用航空ETF南方,1.226,-0.018,-1.447,1.225,1.226,1.244,1.226,1.272,1.225,24661103,30776465
sz159281,港股通央企红利ETF天弘,0.989,-0.03,-2.944,0.989,0.99,1.019,1.02,1.02,0.988,82328801,82134026
sz159280,港股通互联网ETF汇添富,0.944,-0.03,-3.08,0.941,0.944,0.974,0.965,0.965,0.941,5638600,5361122
sz159279,创业板人工智能ETF华安,1.266,-0.046,-3.506,1.266,1.269,1.312,1.315,1.332,1.263,23257234,30039371
sz159278,机器人ETF鹏华,1.087,-0.019,-1.718,1.086,1.087,1.106,1.107,1.114,1.082,83268652,91610017
sz159277,港股通红利ETF富国,0.967,-0.026,-2.618,0.966,0.967,0.993,0.985,0.985,0.966,16023600,15586878
sz159276,现金流ETF汇添富,1.183,-0.059,-4.75,1.18,1.183,1.242,1.238,1.238,1.18,6862800,8352021
sz159275,农牧渔ETF,0.97,-0.042,-4.15,0.969,0.97,1.012,0.999,0.999,0.97,15622500,15355252
sz159273,云计算ETF汇添富,1.423,-0.047,-3.197,1.423,1.429,1.47,1.47,1.485,1.421,29183314,42386125
sz159272,机器人ETF富国,0.92,-0.018,-1.919,0.919,0.92,0.938,0.928,0.943,0.916,98962261,92029758
sz159271,恒生ETF鹏华,1.034,-0.033,-3.093,1.034,1.035,1.067,1.066,1.066,1.032,4774000,4973499
sz159270,创业板200ETF南方,1.181,-0.038,-3.117,1.18,1.181,1.219,1.213,1.22,1.18,15480600,18634597
sz159269,港股通科技ETF南方,0.996,-0.041,-3.954,0.995,0.996,1.037,1.026,1.027,0.994,88567900,89090668
sz159268,港股通消费ETF汇添富,0.942,-0.015,-1.567,0.941,0.942,0.957,0.954,0.966,0.942,90338302,86495091
sz159267,航天ETF,1.203,-0.015,-1.232,1.203,1.204,1.218,1.218,1.239,1.2,95636501,116312486
sz159266,港股通央企红利ETF,0.993,-0.03,-2.933,0.992,0.993,1.023,1.022,1.022,0.992,5160200,5154677
sz159265,港股消费ETF鹏华,0.972,-0.012,-1.22,0.971,0.972,0.984,0.983,0.991,0.972,48346900,47434969
sz159263,价值ETF易方达,1.126,-0.042,-3.596,1.126,1.127,1.168,1.16,1.16,1.125,103453905,118451274
sz159262,港股通科技ETF,1.076,-0.044,-3.929,1.075,1.076,1.12,1.099,1.109,1.072,481263764,523341968
sz159261,创业板新能源ETF鹏华,1.554,-0.029,-1.832,1.554,1.558,1.583,1.551,1.603,1.551,9837500,15502619
sz159260,证券ETF博时,0.929,-0.014,-1.485,0.929,0.93,0.943,0.943,0.948,0.928,11268100,10561442
sz159259,成长ETF易方达,1.094,-0.043,-3.782,1.093,1.094,1.137,1.126,1.146,1.09,164467901,183610768
sz159258,机器人ETF南方,1.165,-0.025,-2.101,1.165,1.169,1.19,1.181,1.198,1.161,39517504,46820196
sz159257,航空ETF汇添富,1.185,-0.022,-1.823,1.184,1.185,1.207,1.206,1.226,1.182,5914301,7132887
sz159256,创业板软件ETF华夏,1.073,-0.028,-2.543,1.072,1.073,1.101,1.097,1.11,1.071,92716700,101213633
sz159255,通用航空ETF易方达,1.178,-0.026,-2.159,1.178,1.184,1.204,1.199,1.216,1.177,1742502,2081546
sz159253,银行ETF博时,0.927,-0.002,-0.215,0.925,0.927,0.929,0.927,0.937,0.922,5969064,5553473
sz159251,港股通科技ETF万家,0.958,-0.039,-3.912,0.958,0.959,0.997,0.984,0.984,0.955,19327800,18718292
sz159249,A500增强ETF工银,1.292,-0.043,-3.221,1.292,1.293,1.335,1.329,1.329,1.291,31459200,41348029
sz159248,人工智能ETF万家,1.578,-0.048,-2.952,1.578,1.58,1.626,1.585,1.647,1.578,13721500,22050661
sz159247,创业板ETF汇添富,0.975,-0.027,-2.695,0.978,0.979,1.002,1.002,1.018,0.975,106738911,106981856
sz159246,创业板人工智能ETF富国,2.092,-0.079,-3.639,2.092,2.093,2.171,2.167,2.208,2.089,56519318,121480752
sz159245,港股通消费ETF,0.953,-0.012,-1.244,0.953,0.954,0.965,0.965,0.971,0.951,8334600,8010546
sz159243,创业板人工智能ETF招商,1.118,-0.045,-3.869,1.117,1.118,1.163,1.165,1.183,1.116,35514619,40687496
sz159242,创业板人工智能ETF大成,1.87,-0.072,-3.708,1.869,1.87,1.942,1.942,1.971,1.865,29771400,57138098
sz159241,航空航天ETF天弘,1.435,-0.021,-1.442,1.435,1.436,1.456,1.458,1.48,1.432,60026600,87265573
sz159240,中证A500增强ETF天弘,1.261,-0.039,-3.0,1.26,1.261,1.3,1.293,1.308,1.261,3570800,4566219
sz159239,港股通汽车ETF富国,0.934,-0.054,-5.466,0.933,0.934,0.988,0.984,0.984,0.934,21345000,20280137
sz159238,300ETF增强,1.236,-0.042,-3.286,1.236,1.242,1.278,1.278,1.278,1.235,4770500,5996122
sz159237,港股汽车ETF工银,0.999,-0.047,-4.493,0.998,0.999,1.046,1.037,1.037,0.996,17275802,17465405
sz159236,自由现金流ETF工银,1.285,-0.06,-4.461,1.284,1.285,1.345,1.34,1.34,1.283,8255402,10826557
sz159235,中证现金流ETF大成,1.319,-0.058,-4.212,1.318,1.319,1.377,1.361,1.361,1.316,58344700,78115414
sz159233,自由现金流ETF基金,1.275,-0.054,-4.063,1.274,1.275,1.329,1.324,1.324,1.274,15641401,20303184
sz159232,自由现金流ETF南方,1.298,-0.062,-4.559,1.298,1.299,1.36,1.338,1.341,1.296,121663201,160759693
sz159231,通用航空ETF华宝,0.684,-0.015,-2.146,0.684,0.685,0.699,0.696,0.705,0.68,7361400,5095272
sz159230,通用航空ETF华夏,1.308,-0.026,-1.949,1.308,1.309,1.334,1.333,1.349,1.304,16048102,21321323
sz159229,自由现金流ETF广发,1.276,-0.056,-4.204,1.276,1.281,1.332,1.309,1.337,1.273,14107800,18326109
sz159228,红利低波ETF长城,1.035,-0.019,-1.803,1.035,1.036,1.054,1.05,1.053,1.035,183000,190742
sz159227,航空航天ETF,1.407,-0.023,-1.608,1.407,1.408,1.43,1.43,1.453,1.405,223197800,318109844
sz159226,中证A500增强ETF国泰,1.26,-0.031,-2.401,1.26,1.261,1.291,1.254,1.394,1.254,13247000,16858923
sz159225,现金流ETF基金,1.331,-0.054,-3.899,1.329,1.331,1.385,1.37,1.37,1.326,8600214,11615107
sz159223,现金流ETF永赢,1.238,-0.052,-4.031,1.238,1.241,1.29,1.27,1.271,1.229,4567770,5701026
sz159222,自由现金流ETF易方达,1.344,-0.066,-4.681,1.343,1.344,1.41,1.387,1.388,1.336,92957720,127280889
sz159221,现金流ETF嘉实,1.271,-0.053,-4.003,1.271,1.273,1.324,1.311,1.311,1.264,21780523,27950367
sz159220,港股通红利低波ETF华宝,0.616,-0.013,-2.067,0.615,0.616,0.629,0.628,0.628,0.615,56608100,35087049
sz159219,深证100ETF融通,1.313,-0.001,-0.076,1.31,1.313,1.314,1.301,1.333,1.301,732600,962031
sz159218,卫星产业ETF,1.926,-0.04,-2.035,1.926,1.927,1.966,1.983,2.02,1.925,276541155,544451220
sz159217,港股通创新药ETF工银,1.261,-0.043,-3.298,1.26,1.261,1.304,1.307,1.308,1.26,372937900,476811817
sz159216,深证100ETF大成,1.395,-0.028,-1.968,1.394,1.395,1.423,1.409,1.433,1.395,4895700,6906342
sz159215,中证A500ETF指数基金,1.285,-0.034,-2.578,1.283,1.285,1.319,1.313,1.317,1.28,30493000,39544882
sz159213,机器人ETF汇添富,1.254,-0.027,-2.108,1.254,1.255,1.281,1.28,1.286,1.251,36049600,45899535
sz159212,深100ETF南方,1.376,-0.027,-1.924,1.375,1.379,1.403,1.398,1.413,1.375,24465700,34027667
sz159211,深证100ETF富国,1.368,-0.017,-1.227,1.37,1.375,1.385,1.38,1.393,1.361,4869300,6678118
sz159210,港股通汽车ETF汇添富,0.96,-0.047,-4.667,0.959,0.96,1.007,0.996,0.996,0.957,27487700,26630081
sz159209,中证红利质量ETF,1.235,-0.057,-4.412,1.235,1.236,1.292,1.262,1.275,1.233,110319200,138639278
sz159208,航空航天ETF万家,1.441,-0.02,-1.369,1.441,1.442,1.461,1.438,1.485,1.436,16990700,24728376
sz159207,高股息ETF,1.125,-0.04,-3.433,1.124,1.125,1.165,1.156,1.157,1.123,18601000,21193665
sz159206,卫星ETF,1.861,-0.029,-1.534,1.861,1.862,1.89,1.912,1.947,1.854,905163891,1719865467
sz159205,创业板ETF东财,1.593,-0.038,-2.33,1.593,1.596,1.631,1.623,1.65,1.588,38821300,62859989
sz159203,大盘成长ETF,1.326,-0.042,-3.07,1.339,1.343,1.368,1.363,1.372,1.324,1162700,1574351
sz159202,恒生互联网ETF万家,1.114,-0.042,-3.633,1.114,1.115,1.156,1.145,1.146,1.114,103691027,117098475
sz159201,自由现金流ETF,1.258,-0.069,-5.2,1.258,1.259,1.327,1.298,1.306,1.255,695184217,890906497
sz159200,科创债ETF富国,100.39,0.004,0.004,100.39,100.397,100.386,100.374,100.398,100.374,56995600,5721222168
sz159162,工业有色ETF鹏华,0.916,-0.097,-9.576,0.915,0.916,1.013,0.912,0.974,0.912,57090456,53658896
sz159158,电力ETF景顺,0.971,-0.013,-1.321,0.97,0.971,0.984,0.98,0.992,0.971,34793898,34184806
sz159155,电池ETF大成,0.92,-0.017,-1.814,0.92,0.921,0.937,0.937,0.947,0.919,21757245,20362777
sz159151,食品ETF华夏,0.975,-0.018,-1.813,0.974,0.975,0.993,0.985,0.995,0.973,13181001,12959187
sz159150,深证50ETF易方达,1.496,-0.019,-1.254,1.489,1.496,1.515,1.517,1.529,1.489,4740063,7128408
sz159149,创业板新能源ETF工银,0.959,-0.016,-1.641,0.959,0.96,0.975,0.976,0.986,0.955,8229862,7962339
sz159147,电池ETF南方,0.926,-0.021,-2.218,0.926,0.927,0.947,0.942,0.954,0.926,18779038,17666049
sz159146,电力ETF华宝,0.983,-0.009,-0.907,0.982,0.983,0.992,0.992,1.0,0.981,40503990,40208355
sz159145,工业软件ETF广发,0.94,-0.033,-3.392,0.939,0.94,0.973,0.972,0.972,0.937,7918858,7532780
sz159143,港股通央企红利ETF平安,1.006,-0.032,-3.083,1.006,1.007,1.038,1.038,1.038,1.004,14342116,14556146
sz159142,科创创业人工智能ETF景顺,1.132,-0.041,-3.495,1.131,1.132,1.173,1.17,1.185,1.13,51413913,59359428
sz159141,科创创业人工智能ETF永赢,1.118,-0.04,-3.454,1.118,1.12,1.158,1.157,1.168,1.115,53560400,60698433
sz159140,科创创业人工智能ETF易方达,1.167,-0.04,-3.314,1.167,1.168,1.207,1.208,1.218,1.166,63926879,75984007
sz159139,科创创业人工智能ETF华泰柏瑞,1.162,-0.042,-3.488,1.162,1.164,1.204,1.196,1.213,1.159,27294226,32217221
sz159138,工程机械ETF易方达,0.996,-0.028,-2.734,0.997,0.998,1.024,1.024,1.024,0.996,6260928,6318485
sz159137,港股通医疗ETF华宝,0.966,-0.037,-3.689,0.965,0.966,1.003,1.004,1.004,0.966,42235141,41419513
sz159136,A50ETF广发,0.992,-0.02,-1.976,0.992,0.996,1.012,1.003,1.012,0.988,3062275,3049945
sz159133,化工ETF天弘,1.158,-0.073,-5.93,1.157,1.158,1.231,1.206,1.217,1.152,86454858,102207604
sz159132,恒生生物科技ETF富国,0.965,-0.037,-3.693,0.963,0.965,1.002,1.001,1.001,0.963,12855412,12609440
sz159131,港股信息技术ETF,0.917,-0.039,-4.079,0.916,0.917,0.956,0.942,0.955,0.913,75321433,69849196
sz159130,恒生生物科技ETF鹏华,0.933,-0.033,-3.416,0.928,0.933,0.966,0.965,0.965,0.928,11441701,10784824
sz159129,化工ETF嘉实,1.12,-0.077,-6.433,1.119,1.12,1.197,1.177,1.181,1.117,146096848,169983953
sz159128,港股科技ETF天弘,0.908,-0.04,-4.219,0.907,0.908,0.948,0.935,0.937,0.905,135214810,124080914
sz159127,港股通红利ETF南方,0.937,-0.022,-2.294,0.936,0.937,0.959,0.96,0.96,0.935,8510609,8012169
sz159126,港股通50ETF南方,0.986,-0.034,-3.333,0.986,0.99,1.02,1.018,1.018,0.986,7556112,7508543
sz159125,港股通科技ETF招商,0.891,-0.037,-3.987,0.891,0.892,0.928,0.917,0.919,0.889,35134706,31541235
sz159123,光伏ETF嘉实,1.115,-0.01,-0.889,1.114,1.115,1.125,1.126,1.148,1.112,12183997,13768165
sz159122,创业板新能源ETF富国,0.996,-0.021,-2.065,0.996,1.002,1.017,1.021,1.027,0.996,3767700,3798553
sz159121,港股通汽车ETF易方达,0.887,-0.056,-5.938,0.887,0.888,0.943,0.931,0.933,0.887,17590200,15895129
sz159120,港股科技30ETF,0.93,-0.037,-3.826,0.93,0.934,0.967,0.961,0.961,0.927,11665900,10969401
sz159119,800现金流ETF,1.061,-0.044,-3.982,1.06,1.061,1.105,1.093,1.093,1.057,11876513,12808764
sz159118,港股通红利低波ETF基金,0.995,-0.024,-2.355,0.993,0.995,1.019,1.019,1.019,0.993,5932460,5931742
sz159117,港股通红利低波ETF,1.041,-0.026,-2.437,1.041,1.043,1.067,1.057,1.065,1.041,6227227,6521667
sz159116,科创债ETF工银,100.584,-0.001,-0.001,100.577,100.602,100.585,100.577,100.622,100.577,41630540,4187230590
sz159115,科创债ETF华安,100.48,0.015,0.015,100.46,100.48,100.465,100.455,100.493,100.45,13666800,1373072819
sz159113,科创债ETF大成,100.525,0.007,0.007,100.52,100.542,100.518,100.515,100.526,100.515,29234910,2938839300
sz159112,科创债ETF银华,100.503,0.028,0.028,100.475,100.506,100.475,100.464,100.503,100.464,14015300,1408187370
sz159111,科创债ETF天弘,100.56,-0.006,-0.006,100.56,100.565,100.566,100.558,100.609,100.558,83548410,8402045858
sz159110,科创债ETF万家,100.515,0.055,0.055,100.471,100.515,100.46,100.45,100.519,100.45,17982560,1806716758
sz159109,恒生50ETF,0.935,-0.034,-3.509,0.935,0.936,0.969,0.953,0.965,0.932,14951102,14119419
sz159108,工业软件ETF,1.065,-0.04,-3.62,1.065,1.066,1.105,1.098,1.1,1.059,10395039,11233458
sz159107,创业板软件ETF富国,0.965,-0.027,-2.722,0.965,0.966,0.992,0.988,0.999,0.964,74260875,72863638
sz159106,民企300ETF前海开源,1.032,-0.037,-3.461,1.025,1.051,1.069,1.068,1.068,1.032,2653720,2802596
sz159105,恒生生物科技ETF易方达,0.927,-0.037,-3.838,0.927,0.929,0.964,0.964,0.964,0.927,44202903,41682659
sz159103,金融科技ETF汇添富,0.893,-0.009,-0.998,0.888,0.893,0.902,0.901,0.907,0.884,8320713,7468305
sz159102,港股通生物科技ETF,0.818,-0.032,-3.765,0.818,0.819,0.85,0.847,0.848,0.817,52850515,43817447
sz159101,港股通科技ETF基金,0.924,-0.039,-4.05,0.923,0.924,0.963,0.953,0.955,0.922,448483730,418993635
sz159100,巴西ETF,1.215,-0.135,-10.0,0.0,1.215,1.35,1.322,1.413,1.215,2013570254,2641101424
sz159005,汇添富快钱ETF,100.0,-0.001,-0.001,99.999,100.0,100.001,99.999,100.0,99.999,29704,2970378
sz159003,招商快线ETF,100.0,0.0,0.0,99.998,100.0,100.0,99.999,100.0,99.999,180208,18020682
sz159001,货币ETF易方达,100.0,-0.001,-0.001,99.999,100.0,100.001,99.999,100.0,99.998,6560869,656082486
sh589990,科创综指ETF华泰柏瑞,1.445,-0.057,-3.795,1.445,1.446,1.502,1.502,1.502,1.445,6180000,9046314
sh589980,科创100ETF汇添富,1.543,-0.066,-4.102,1.538,1.543,1.609,1.612,1.612,1.536,2722400,4266030
sh589960,科创新能源ETF易方达,1.089,-0.031,-2.768,1.089,1.092,1.12,1.118,1.129,1.087,39043800,43314472
sh589950,科创100ETF富国,1.106,-0.05,-4.325,1.106,1.107,1.156,1.153,1.155,1.103,9736800,10955637
sh589900,科创综指ETF博时,1.406,-0.057,-3.896,1.406,1.409,1.463,1.442,1.457,1.402,14760628,21022914
sh589890,科创综指ETF景顺,1.397,-0.057,-3.92,1.394,1.398,1.454,1.454,1.454,1.394,12938300,18440441
sh589880,科创综指ETF建信,1.406,-0.056,-3.83,1.403,1.406,1.462,1.454,1.454,1.402,11872034,16903287
sh589860,科创综指ETF天弘,1.394,-0.057,-3.928,1.393,1.394,1.451,1.454,1.454,1.393,21723900,30952725
sh589850,科创50ETF东财,1.388,-0.052,-3.611,1.386,1.388,1.44,1.425,1.438,1.382,38410500,53923945
sh589820,科创200ETF建信,1.192,-0.049,-3.948,1.189,1.193,1.241,1.229,1.238,1.192,6934800,8401352
sh589800,科创综指ETF易方达,1.403,-0.059,-4.036,1.403,1.404,1.462,1.454,1.46,1.4,62547271,89280391
sh589780,科创200ETF富国,1.148,-0.046,-3.853,1.147,1.148,1.194,1.181,1.203,1.146,4965700,5779829
sh589770,科创综指ETF招商,1.413,-0.053,-3.615,1.412,1.413,1.466,1.472,1.472,1.41,13573300,19522902
sh589720,科创创新药ETF国泰,0.863,-0.027,-3.034,0.862,0.863,0.89,0.888,0.893,0.86,301850000,264533889
sh589700,科创成长ETF南方,1.732,-0.064,-3.563,1.73,1.733,1.796,1.793,1.793,1.731,2088200,3682313
sh589680,科创综指ETF鹏华,1.385,-0.05,-3.484,1.385,1.386,1.435,1.437,1.437,1.381,79752626,112319377
sh589660,科创综指ETF南方,1.413,-0.055,-3.747,1.412,1.413,1.468,1.468,1.468,1.41,29015100,41738616
sh589630,科创综指ETF国泰,1.433,-0.059,-3.954,1.432,1.433,1.492,1.492,1.492,1.43,25745200,37543008
sh589600,科创综指ETF富国,1.393,-0.053,-3.665,1.392,1.393,1.446,1.445,1.449,1.389,8517100,12057452
sh589580,科创综指ETF兴银,1.443,-0.019,-1.3,1.4,1.45,1.462,1.449,1.459,1.406,317900,456663
sh589560,科创人工智能ETF汇添富,1.06,-0.045,-4.072,1.058,1.062,1.105,1.105,1.105,1.058,15011400,16187073
sh589550,科创价值ETF华夏,1.295,-0.04,-2.996,1.293,1.294,1.335,1.293,1.34,1.293,1380900,1818659
sh589520,科创人工智能ETF华宝,0.664,-0.027,-3.907,0.663,0.665,0.691,0.684,0.692,0.663,65018500,43864176
sh589500,科创综指ETF工银,1.413,-0.059,-4.008,1.41,1.413,1.472,1.465,1.467,1.412,4985700,7168257
sh589380,科创AIETF富国,1.56,-0.067,-4.118,1.555,1.561,1.627,1.626,1.626,1.552,8758900,13830456
sh589300,科创综指ETF嘉实,1.534,-0.058,-3.643,1.53,1.534,1.592,1.563,1.592,1.53,1448600,2246824
sh589230,科创人工智能ETF南方,0.955,-0.037,-3.73,0.954,0.955,0.992,0.992,0.995,0.953,49405500,47941095
sh589220,科创200ETF国泰,0.958,-0.039,-3.912,0.957,0.958,0.997,0.99,0.998,0.955,33066800,32096739
sh589210,科创芯片设计ETF广发,1.214,-0.073,-5.672,1.213,1.214,1.287,1.231,1.29,1.213,10627800,13132200
sh589200,科创200ETF工银,1.307,-0.052,-3.826,1.305,1.307,1.359,1.358,1.358,1.301,5137500,6831301
sh589190,科创芯片ETF华宝,0.953,-0.048,-4.795,0.952,0.953,1.001,0.999,0.999,0.948,55571100,53828123
sh589180,科创新材料ETF汇添富,1.508,-0.072,-4.557,1.502,1.512,1.58,1.532,1.593,1.508,4157100,6388256
sh589160,科创芯片ETF广发,0.953,-0.044,-4.413,0.955,0.958,0.997,0.99,0.992,0.945,36070000,34843164
sh589150,科创50ETF平安,1.07,-0.032,-2.904,1.071,1.075,1.102,1.098,1.109,1.068,8000500,8639553
sh589130,科创芯片ETF易方达,1.041,-0.046,-4.232,1.04,1.041,1.087,1.076,1.086,1.037,40617050,43075504
sh589120,科创创新药ETF汇添富,0.802,-0.023,-2.788,0.8,0.802,0.825,0.823,0.825,0.794,58126600,47042471
sh589110,科创人工智能ETF国泰,1.021,-0.04,-3.77,1.018,1.024,1.061,1.06,1.063,1.017,16221600,16810786
sh589100,科创芯片ETF国泰,1.683,-0.093,-5.236,1.682,1.683,1.776,1.739,1.777,1.682,18879047,32483357
sh589090,科创AIETF鹏华,1.174,-0.05,-4.085,1.174,1.176,1.224,1.207,1.223,1.173,9005300,10741837
sh589080,科创综指ETF汇添富,1.401,-0.054,-3.711,1.4,1.401,1.455,1.448,1.453,1.398,18880800,26904854
sh589070,科创芯片设计ETF天弘,0.963,-0.055,-5.403,0.962,0.963,1.018,1.014,1.014,0.962,100562500,98654270
sh589060,科创综指ETF东财,1.467,-0.057,-3.74,1.465,1.467,1.524,1.516,1.522,1.465,2626300,3903653
sh589050,科创综指ETF兴业,1.236,-0.057,-4.408,1.236,1.24,1.293,1.281,1.281,1.234,2247400,2831180
sh589030,科创芯片设计ETF易方达,1.025,-0.055,-5.093,1.023,1.026,1.08,1.06,1.071,1.02,84549800,87914701
sh589020,科创半导体设备ETF鹏华,1.376,-0.082,-5.624,1.375,1.376,1.458,1.44,1.447,1.374,63700200,89485808
sh589010,科创人工智能ETF华夏,1.56,-0.06,-3.704,1.56,1.561,1.62,1.61,1.62,1.553,116011900,182761349
sh589000,科创综指ETF华夏,1.405,-0.056,-3.833,1.404,1.405,1.461,1.457,1.459,1.402,113363200,162162569
sh588990,科创芯片ETF博时,2.727,-0.144,-5.016,2.724,2.725,2.871,2.859,2.859,2.722,15106400,41958179
sh588980,科创100ETF广发,1.36,-0.061,-4.293,1.359,1.36,1.421,1.421,1.421,1.356,952800,1318162
sh588960,科创板新能源ETF,1.432,-0.036,-2.452,1.431,1.433,1.468,1.467,1.484,1.428,12850200,18650638
sh588950,科创50ETF景顺,1.501,-0.062,-3.967,1.501,1.502,1.563,1.528,1.562,1.498,9840000,14923208
sh588940,科创50ETF富国,1.496,-0.052,-3.359,1.495,1.496,1.548,1.54,1.55,1.49,24437700,37144218
sh588930,科创板人工智能ETF,1.72,-0.073,-4.071,1.719,1.721,1.793,1.793,1.793,1.718,65846325,115185901
sh588920,科创芯片ETF鹏华,1.687,-0.086,-4.851,1.685,1.687,1.773,1.75,1.769,1.682,20531700,35172889
sh588910,科创价值ETF建信,1.41,-0.055,-3.754,1.408,1.409,1.465,1.454,1.465,1.407,13011200,18716923
sh588900,科创100ETF南方,1.517,-0.07,-4.411,1.517,1.518,1.587,1.6,1.6,1.511,12820600,19837187
sh588890,科创芯片ETF南方,2.954,-0.151,-4.863,2.953,2.954,3.105,3.095,3.095,2.947,41843600,126302904
sh588880,科创100ETF华泰柏瑞,1.465,-0.071,-4.622,1.463,1.469,1.536,1.521,1.536,1.461,12022000,17968442
sh588870,科创50ETF汇添富,1.478,-0.058,-3.776,1.478,1.479,1.536,1.525,1.537,1.476,37228100,55900790
sh588860,科创医药ETF工银,0.689,-0.021,-2.958,0.688,0.689,0.71,0.706,0.712,0.687,28250300,19689725
sh588850,科创机械ETF嘉实,1.528,-0.048,-3.046,1.528,1.529,1.576,1.525,1.581,1.524,7661700,11951528
sh588840,科创50ETF万家,1.345,-0.05,-3.584,1.342,1.346,1.395,1.366,1.394,1.34,3395600,4626437
sh588830,科创新能源ETF,1.581,-0.044,-2.708,1.579,1.582,1.625,1.621,1.638,1.578,93173953,149869836
sh588820,科创200ETF华夏,1.806,-0.073,-3.885,1.805,1.806,1.879,1.884,1.884,1.803,20735600,38121847
sh588810,科创芯片ETF富国,1.849,-0.096,-4.936,1.848,1.849,1.945,1.924,1.944,1.847,35463300,66757713
sh588800,科创100ETF华夏,1.477,-0.067,-4.339,1.476,1.477,1.544,1.536,1.542,1.47,200469200,301806093
sh588790,科创AIETF博时,0.882,-0.036,-3.922,0.881,0.882,0.918,0.913,0.918,0.88,933990623,834493760
sh588780,科创芯片设计ETF,1.762,-0.101,-5.421,1.76,1.761,1.863,1.831,1.849,1.758,90043300,161873314
sh588770,科创信息ETF摩根,1.531,-0.086,-5.318,1.529,1.538,1.617,1.583,1.613,1.53,31626100,48836899
sh588760,科创人工智能ETF广发,0.834,-0.037,-4.248,0.832,0.833,0.871,0.866,0.869,0.833,309628600,263492616
sh588750,科创芯片ETF汇添富,1.751,-0.092,-4.992,1.75,1.751,1.843,1.82,1.835,1.747,99737600,177734681
sh588730,科创人工智能ETF易方达,1.625,-0.067,-3.96,1.626,1.627,1.692,1.687,1.688,1.62,94701100,156504091
sh588720,科创50ETF中银,1.456,-0.057,-3.767,1.45,1.46,1.513,1.512,1.512,1.455,7863800,11598119
sh588710,科创半导体设备ETF,1.763,-0.1,-5.368,1.762,1.763,1.863,1.834,1.852,1.761,138141100,247903772
sh588700,科创医药ETF嘉实,1.036,-0.03,-2.814,1.035,1.036,1.066,1.068,1.071,1.034,41421500,43634052
sh588690,科创增强ETF银华,1.126,-0.039,-3.348,1.14,1.144,1.165,1.158,1.169,1.126,4149500,4750368
sh588680,科创100ETF增强指数基金,2.185,-0.091,-3.998,2.183,2.19,2.276,2.262,2.27,2.18,2822400,6245775
sh588670,科创综指增强ETF嘉实,1.555,-0.061,-3.775,1.551,1.555,1.616,1.6,1.63,1.549,1349900,2122606
sh588660,科创创业50ETF基金,1.602,-0.028,-1.718,1.602,1.63,1.63,1.628,1.659,1.594,3163900,5140346
sh588550,科创综指增强ETF易方达,1.181,-0.032,-2.638,1.181,1.185,1.213,1.222,1.222,1.166,1929900,2298382
sh588520,科创增强ETF,1.373,-0.049,-3.446,1.373,1.375,1.422,1.419,1.42,1.368,3589000,5004546
sh588500,科创100增强ETF易方达,2.192,-0.105,-4.571,2.192,2.193,2.297,2.288,2.294,2.192,2095100,4692364
sh588460,科创50增强ETF,1.731,-0.054,-3.025,1.731,1.732,1.785,1.77,1.789,1.723,26852200,47016164
sh588450,科创50ETF增强,1.921,-0.069,-3.467,1.919,1.925,1.99,1.975,1.99,1.916,5434900,10598258
sh588430,科创创业人工智能ETF工银,1.149,-0.043,-3.607,1.148,1.151,1.192,1.192,1.203,1.146,22511400,26323365
sh588420,科创创业人工智能ETF摩根,1.134,-0.037,-3.16,1.133,1.135,1.171,1.171,1.182,1.131,35007200,40331103
sh588410,科创创业人工智能ETF鹏华,1.142,-0.023,-1.974,1.138,1.14,1.165,1.163,1.175,1.127,13953800,16018259
sh588400,科创创业ETF嘉实,0.953,-0.022,-2.256,0.953,0.954,0.975,0.974,0.991,0.952,38951100,37874319
sh588390,科创创业50ETF,1.022,-0.023,-2.201,1.021,1.022,1.045,1.045,1.062,1.019,16179300,16788325
sh588380,双创50ETF,0.964,-0.021,-2.132,0.962,0.965,0.985,0.983,1.002,0.961,112201800,110010065
sh588370,科创50增强ETF南方,1.54,-0.06,-3.75,1.54,1.545,1.6,1.583,1.605,1.536,2827900,4413159
sh588360,科创创业ETF国泰,1.026,-0.025,-2.379,1.025,1.026,1.051,1.05,1.067,1.023,25051800,26092354
sh588350,双创50ETF基金,1.464,-0.036,-2.4,1.468,1.47,1.5,1.5,1.521,1.458,3870700,5762603
sh588330,双创龙头ETF,0.955,-0.023,-2.352,0.954,0.955,0.978,0.978,0.994,0.953,47099323,45793377
sh588320,双创50ETF增强,1.509,-0.037,-2.393,1.511,1.515,1.546,1.541,1.57,1.508,2352700,3615141
sh588310,双创ETF基金,1.025,-0.027,-2.567,1.025,1.026,1.052,1.036,1.063,1.023,2151000,2231206
sh588300,双创ETF,0.978,-0.017,-1.709,0.98,0.983,0.995,0.99,1.011,0.97,76617000,75860039
sh588290,科创芯片ETF基金,2.571,-0.13,-4.813,2.569,2.57,2.701,2.67,2.696,2.567,107223800,281047392
sh588280,科创50ETF指数基金,1.051,-0.04,-3.666,1.05,1.051,1.091,1.089,1.089,1.048,18413500,19656112
sh588270,科创200ETF易方达,1.574,-0.065,-3.966,1.573,1.574,1.639,1.628,1.639,1.572,11936324,19107414
sh588260,科创信息ETF,2.105,-0.088,-4.013,2.104,2.125,2.193,2.175,2.194,2.1,2665500,5713698
sh588250,科创生物医药ETF,1.085,-0.035,-3.125,1.084,1.085,1.12,1.12,1.131,1.082,10724700,11802228
sh588240,科创200ETF鹏华,1.557,-0.069,-4.244,1.557,1.558,1.626,1.626,1.626,1.557,22586000,35947947
sh588230,科创200ETF,1.708,-0.063,-3.557,1.708,1.709,1.771,1.75,1.768,1.694,85824000,148262041
sh588220,科创100ETF鹏华,1.496,-0.072,-4.592,1.496,1.497,1.568,1.555,1.565,1.491,456339839,694467727
sh588210,科创100ETF易方达,1.489,-0.069,-4.429,1.485,1.491,1.558,1.55,1.55,1.482,6312300,9520488
sh588200,科创芯片ETF,2.623,-0.142,-5.136,2.623,2.624,2.765,2.731,2.755,2.621,1659446095,4433467268
sh588190,科创100ETF,1.493,-0.072,-4.601,1.493,1.494,1.565,1.548,1.561,1.489,177665960,270537099
sh588180,科创50ETF基金,0.939,-0.035,-3.593,0.939,0.94,0.974,0.968,0.976,0.938,31727500,30282411
sh588170,科创半导体ETF,1.704,-0.099,-5.491,1.704,1.705,1.803,1.773,1.792,1.703,583222617,1014109918
sh588160,科创新材料ETF南方,0.931,-0.036,-3.723,0.93,0.934,0.967,0.967,0.97,0.928,7848000,7401924
sh588150,科创50ETF南方,1.023,-0.039,-3.672,1.022,1.023,1.062,1.061,1.062,1.02,29803400,31047541
sh588140,科创200ETF广发,1.143,-0.045,-3.788,1.141,1.147,1.188,1.188,1.189,1.139,6300700,7298618
sh588130,科创医药ETF华夏,1.066,-0.033,-3.003,1.065,1.066,1.099,1.105,1.105,1.063,5440600,5882317
sh588120,科创100ETF国泰,1.512,-0.069,-4.364,1.51,1.512,1.581,1.561,1.582,1.506,63017500,97242937
sh588110,科创成长ETF,2.019,-0.075,-3.582,2.016,2.019,2.094,2.089,2.104,2.011,6577000,13455381
sh588100,科创信息ETF嘉实,2.142,-0.095,-4.247,2.139,2.142,2.237,2.214,2.237,2.137,17423400,38060963
sh588090,科创50ETF华泰柏瑞,1.496,-0.057,-3.67,1.495,1.496,1.553,1.542,1.552,1.492,168199521,255657380
sh588080,科创50ETF易方达,1.481,-0.057,-3.706,1.48,1.481,1.538,1.524,1.538,1.477,899838239,1355221220
sh588070,科创成长ETF万家,1.78,-0.06,-3.261,1.777,1.78,1.84,1.847,1.855,1.779,1637800,2971666
sh588060,科创50ETF广发,0.925,-0.037,-3.846,0.925,0.926,0.962,0.952,0.96,0.923,216567920,203518093
sh588050,科创50ETF工银,1.493,-0.057,-3.677,1.493,1.494,1.55,1.533,1.55,1.49,232263612,352453152
sh588040,科创50ETF鹏华,1.491,-0.052,-3.37,1.5,1.501,1.543,1.533,1.538,1.484,5762100,8672425
sh588030,科创100ETF博时,1.504,-0.071,-4.508,1.503,1.504,1.575,1.556,1.573,1.486,264810020,404289175
sh588020,科创成长ETF易方达,2.066,-0.078,-3.638,2.065,2.066,2.144,2.131,2.16,2.063,55302830,116844475
sh588010,科创新材料ETF,0.912,-0.036,-3.797,0.91,0.911,0.948,0.943,0.95,0.91,31699727,29420219
sh588000,科创50ETF,1.528,-0.06,-3.778,1.527,1.528,1.588,1.576,1.588,1.526,3137158158,4870464007
sh563990,800现金流ETF,1.302,-0.064,-4.685,1.302,1.306,1.366,1.346,1.35,1.3,24149400,32186922
sh563980,800红利低波ETF,0.956,-0.015,-1.545,0.955,0.96,0.971,0.971,0.973,0.955,3871300,3733297
sh563960,300质量ETF兴全,0.973,-0.013,-1.318,0.973,0.974,0.986,0.985,0.991,0.972,7902100,7746883
sh563930,上证增强ETF,1.02,-0.027,-2.579,1.019,1.02,1.047,1.037,1.043,1.015,12352700,12679067
sh563900,300自由现金流ETF摩根,1.188,-0.046,-3.728,1.185,1.188,1.234,1.224,1.224,1.184,23746500,28566940
sh563890,国企红利ETF创金合信,1.019,-0.026,-2.488,1.016,1.019,1.045,1.035,1.041,1.019,1574400,1623915
sh563880,A500ETF汇添富,1.249,-0.035,-2.726,1.248,1.25,1.284,1.273,1.282,1.244,166819200,211089834
sh563870,通用航空ETF鹏华,0.942,-0.009,-0.946,0.942,0.943,0.951,0.951,0.97,0.941,5272200,5026018
sh563860,中证A500ETF海富通,1.279,-0.027,-2.067,1.279,1.28,1.306,1.293,1.305,1.275,14999500,19388262
sh563850,食品ETF广发,1.008,-0.016,-1.563,1.007,1.008,1.024,1.02,1.026,1.007,9510800,9669981
sh563830,全指现金流ETF博时,1.268,-0.067,-5.019,1.268,1.286,1.335,1.339,1.339,1.263,16934800,21747030
sh563800,A500ETF龙头,1.207,-0.035,-2.818,1.208,1.209,1.242,1.228,1.241,1.205,795129383,973410580
sh563790,卫星ETF鹏华,1.191,-0.017,-1.407,1.191,1.192,1.208,1.22,1.242,1.186,87976500,106536392
sh563780,现金流全指ETF,1.286,-0.063,-4.67,1.285,1.286,1.349,1.285,1.345,1.284,22182500,29043261
sh563770,全指现金流ETF,1.288,-0.059,-4.38,1.285,1.29,1.347,1.332,1.341,1.285,15061200,19801446
sh563760,全指自由现金流ETF,1.257,-0.058,-4.411,1.255,1.257,1.315,1.28,1.311,1.254,68606700,88074493
sh563750,中证500ETF汇添富,1.098,-0.053,-4.605,1.096,1.1,1.151,1.145,1.148,1.093,46914900,52163389
sh563700,红利价值ETF易方达,1.037,-0.018,-1.706,1.035,1.036,1.055,1.053,1.057,1.036,10078025,10570220
sh563690,红利低波ETF永赢,1.006,-0.012,-1.179,1.001,1.006,1.018,1.012,1.021,1.002,8722700,8803360
sh563680,800现金流ETF汇添富,1.282,-0.063,-4.684,1.284,1.287,1.345,1.327,1.335,1.281,9299700,12239339
sh563670,金融科技ETF鹏华,0.901,-0.014,-1.53,0.897,0.9,0.915,0.914,0.92,0.896,3733100,3398945
sh563660,A500ETF银河,1.257,-0.038,-2.934,1.257,1.263,1.295,1.283,1.294,1.256,9410500,12013689
sh563650,中证A500ETF兴业,1.278,-0.04,-3.035,1.276,1.278,1.318,1.305,1.313,1.275,11385300,14711753
sh563630,A500增强ETF国联安,1.244,-0.038,-2.964,1.239,1.244,1.282,1.275,1.277,1.237,3006700,3764536
sh563620,全指现金流ETF兴业,1.165,-0.054,-4.43,1.165,1.166,1.219,1.215,1.215,1.165,3729200,4417297
sh563600,A500增强ETF易方达,1.065,-0.024,-2.204,1.078,1.08,1.089,1.08,1.088,1.04,4448300,4759903
sh563590,A500红利低波动ETF国寿,0.977,-0.014,-1.413,0.975,0.978,0.991,0.986,0.992,0.976,2049300,2021238
sh563580,自由现金流800ETF万家,1.194,-0.06,-4.785,1.193,1.195,1.254,1.217,1.228,1.169,34438200,41568028
sh563570,金融科技ETF兴业,0.975,-0.016,-1.615,0.976,0.978,0.991,0.986,1.0,0.974,15257300,15142347
sh563550,A500增强ETF摩根,1.245,-0.035,-2.734,1.244,1.25,1.28,1.282,1.282,1.245,5626800,7136856
sh563530,卫星ETF易方达,1.575,-0.031,-1.93,1.574,1.575,1.606,1.615,1.65,1.572,121267900,194743652
sh563520,沪深300ETF永赢,1.179,-0.027,-2.239,1.177,1.196,1.206,1.209,1.209,1.174,22661600,26893741
sh563510,A500红利低波ETF易方达,0.984,-0.017,-1.698,0.985,0.986,1.001,0.998,0.999,0.983,6358800,6296231
sh563500,A500ETF华宝,0.629,-0.021,-3.231,0.628,0.631,0.65,0.644,0.651,0.628,53717612,34035847
sh563390,现金流ETF全指,1.312,-0.057,-4.164,1.311,1.312,1.369,1.311,1.369,1.31,101486344,136580882
sh563380,航空航天ETF,1.215,-0.019,-1.54,1.214,1.215,1.234,1.236,1.253,1.212,83649700,102915466
sh563360,A500ETF华泰柏瑞,1.279,-0.039,-2.959,1.28,1.281,1.318,1.306,1.316,1.277,9557380332,12453925331
sh563350,中证A50ETF,1.35,-0.027,-1.961,1.347,1.35,1.377,1.371,1.379,1.343,41994473,57151490
sh563330,A股ETF,4.295,-0.138,-3.113,4.293,4.294,4.433,4.42,4.42,4.291,9454597,41365987
sh563320,通用航空ETF,1.19,-0.017,-1.408,1.189,1.19,1.207,1.19,1.233,1.189,10720700,12933694
sh563300,中证2000ETF,1.455,-0.043,-2.87,1.453,1.454,1.498,1.486,1.496,1.453,370102200,546108687
sh563280,A50增强ETF富国,1.352,-0.028,-2.029,1.347,1.352,1.38,1.367,1.383,1.352,1526700,2090165
sh563230,卫星ETF,1.593,-0.021,-1.301,1.596,1.597,1.614,1.63,1.662,1.582,415472519,672403386
sh563220,中证A500ETF富国,1.258,-0.036,-2.782,1.257,1.259,1.294,1.288,1.293,1.256,731399448,933098807
sh563210,专精特新ETF,1.66,-0.092,-5.251,1.658,1.662,1.752,1.7,1.756,1.656,12474300,21120422
sh563200,中证2000ETF富国,1.601,-0.043,-2.616,1.601,1.606,1.644,1.644,1.654,1.6,2209400,3588671
sh563180,高股息ETF,1.126,-0.028,-2.426,1.126,1.127,1.154,1.152,1.152,1.124,10410600,11846649
sh563150,油气ETF银华,1.244,-0.076,-5.758,1.244,1.245,1.32,1.267,1.303,1.243,23220600,29502705
sh563090,上证50增强ETF易方达,1.262,-0.041,-3.147,1.261,1.27,1.303,1.283,1.297,1.259,5391800,6901108
sh563080,中证A50ETF易方达,1.321,-0.034,-2.509,1.32,1.321,1.355,1.35,1.355,1.319,68734339,91835348
sh563060,央企50ETF易方达,1.103,-0.035,-3.076,1.103,1.107,1.138,1.122,1.136,1.097,601700,672534
sh563050,央企科技ETF易方达,1.167,-0.036,-2.993,1.166,1.167,1.203,1.192,1.209,1.166,4210500,4983737
sh563030,中证500增强ETF易方达,1.426,-0.076,-5.06,1.425,1.426,1.502,1.482,1.496,1.424,2409000,3487059
sh563020,红利低波ETF易方达,1.175,-0.016,-1.343,1.175,1.176,1.191,1.188,1.192,1.172,184362822,218486431
sh563010,电信ETF易方达,1.926,-0.057,-2.874,1.926,1.927,1.983,1.972,1.986,1.922,9629300,18789480
sh563000,中国A50ETF易方达,1.047,-0.027,-2.514,1.047,1.048,1.074,1.062,1.073,1.043,42620950,45048990
sh562990,碳中和ETF易方达,1.051,-0.045,-4.106,1.052,1.053,1.096,1.079,1.085,1.048,19869600,21228090
sh562970,光伏ETF易方达,1.207,-0.011,-0.903,1.206,1.209,1.218,1.223,1.246,1.206,26357700,32365565
sh562960,绿色电力ETF易方达,1.099,-0.009,-0.812,1.098,1.099,1.108,1.11,1.118,1.096,2941700,3262412
sh562950,消费电子ETF易方达,1.266,-0.045,-3.432,1.264,1.265,1.311,1.288,1.313,1.262,31968665,41095017
sh562930,软件ETF易方达,0.943,-0.03,-3.083,0.942,0.943,0.973,0.977,0.982,0.94,73697644,70724871
sh562920,信息安全ETF易方达,1.084,-0.025,-2.254,1.08,1.084,1.109,1.106,1.114,1.08,6751100,7424848
sh562910,高端制造ETF易方达,0.909,-0.01,-1.088,0.908,0.909,0.919,0.917,0.933,0.908,10071200,9291722
sh562900,农业ETF易方达,0.773,-0.032,-3.975,0.774,0.775,0.805,0.78,0.798,0.772,27952500,21928335
sh562890,A50ETF嘉实,1.319,-0.029,-2.151,1.314,1.319,1.348,1.348,1.351,1.313,24720600,33026544
sh562880,电池ETF嘉实,0.81,-0.017,-2.056,0.81,0.811,0.827,0.826,0.834,0.808,46086500,37933294
sh562870,证券ETF嘉实,0.993,-0.011,-1.096,0.992,0.993,1.004,0.998,1.015,0.989,11124500,11155684
sh562860,疫苗ETF嘉实,0.679,-0.021,-3.0,0.679,0.68,0.7,0.693,0.699,0.678,19953200,13708253
sh562850,央企能源ETF嘉实,1.311,-0.034,-2.528,1.311,1.314,1.345,1.344,1.345,1.308,4415500,5869099
sh562820,集成电路ETF嘉实,2.502,-0.154,-5.798,2.502,2.503,2.656,2.615,2.627,2.498,8944000,22784732
sh562810,上证指数增强ETF嘉实,1.149,-0.033,-2.792,1.142,1.158,1.182,1.169,1.182,1.141,3071300,3571820
sh562800,稀有金属ETF,1.0,-0.054,-5.123,1.0,1.001,1.054,0.989,1.045,0.98,508176825,519476735
sh562700,汽车零部件ETF,1.48,-0.033,-2.181,1.478,1.48,1.513,1.49,1.519,1.479,11573200,17303454
sh562660,中证2000ETF华夏,1.832,-0.058,-3.069,1.832,1.835,1.89,1.853,1.895,1.829,26197900,48959433
sh562600,医疗器械ETF,0.87,-0.021,-2.357,0.869,0.87,0.891,0.886,0.891,0.868,35613500,31419190
sh562590,半导体设备ETF华夏,1.836,-0.097,-5.018,1.836,1.839,1.933,1.918,1.918,1.834,123181400,230185618
sh562580,可选消费ETF,1.234,-0.033,-2.605,1.235,1.239,1.267,1.254,1.259,1.234,686000,852327
sh562570,信创ETF,1.496,-0.069,-4.409,1.495,1.496,1.565,1.555,1.564,1.492,17051200,25992000
sh562560,信息技术ETF,1.915,-0.084,-4.202,1.915,1.916,1.999,1.993,1.993,1.912,471500,915700
sh562550,绿电ETF,1.099,-0.012,-1.08,1.098,1.099,1.111,1.111,1.12,1.098,17906500,19925410
sh562530,中证1000价值ETF,1.371,-0.044,-3.11,1.371,1.373,1.415,1.396,1.405,1.371,1782800,2487598
sh562520,中证1000成长ETF,1.423,-0.054,-3.656,1.421,1.423,1.477,1.484,1.484,1.417,2677300,3850139
sh562510,旅游ETF,0.797,-0.01,-1.239,0.797,0.798,0.807,0.801,0.821,0.794,91821200,74240500
sh562500,机器人ETF,1.044,-0.02,-1.88,1.043,1.044,1.064,1.06,1.069,1.041,1346611097,1422906115
sh562390,中药ETF银华,0.944,-0.013,-1.358,0.943,0.945,0.957,0.957,0.961,0.942,2414900,2304584
sh562380,央企科技ETF银华,1.131,-0.046,-3.908,1.13,1.135,1.177,1.171,1.173,1.13,2123100,2441446
sh562360,机器人ETF银华,1.126,-0.024,-2.087,1.125,1.126,1.15,1.141,1.155,1.122,20103400,22969667
sh562350,电力ETF银华,1.07,-0.013,-1.2,1.069,1.07,1.083,1.087,1.092,1.068,2917700,3158553
sh562340,中证500成长ETF,1.354,-0.048,-3.424,1.336,1.354,1.402,1.388,1.398,1.334,2115000,2878738
sh562330,中证500价值ETF,1.259,-0.054,-4.113,1.257,1.259,1.313,1.295,1.31,1.252,980800,1255519
sh562320,沪深300价值ETF,1.336,-0.023,-1.692,1.333,1.336,1.359,1.359,1.362,1.331,13374600,17954778
sh562310,沪深300成长ETF,1.022,-0.025,-2.388,1.021,1.024,1.047,1.03,1.049,1.021,35736408,36909387
sh562300,碳中和ETF银华,0.752,-0.004,-0.529,0.752,0.756,0.756,0.762,0.769,0.752,1563500,1191431
sh562080,300现金流ETF,0.622,-0.022,-3.416,0.621,0.622,0.644,0.634,0.637,0.621,89047000,56147874
sh562070,沪深300指增ETF,0.999,-0.019,-1.866,0.997,0.999,1.018,1.009,1.022,0.995,14190600,14319477
sh562060,标普A股红利ETF华宝,0.649,-0.016,-2.406,0.648,0.649,0.665,0.662,0.662,0.648,112977900,74277717
sh562050,药ETF,0.975,-0.028,-2.792,0.974,0.975,1.003,1.003,1.003,0.974,13578500,13419760
sh562030,信创ETF基金,0.567,-0.029,-4.866,0.566,0.567,0.596,0.591,0.595,0.567,9323500,5395860
sh562010,绿色能源ETF,0.975,-0.027,-2.695,0.972,0.975,1.002,1.001,1.001,0.972,1043200,1031315
sh562000,中证A100ETF基金,0.589,-0.018,-2.965,0.589,0.591,0.607,0.603,0.605,0.588,10136700,6036861
sh561990,沪深300增强ETF,1.042,-0.021,-1.976,1.042,1.043,1.063,1.057,1.066,1.038,49528500,52073081
sh561980,半导体设备ETF,2.245,-0.101,-4.305,2.244,2.245,2.346,2.319,2.328,2.24,121777538,277573732
sh561960,央企回报ETF,1.234,-0.051,-3.969,1.231,1.234,1.285,1.289,1.289,1.228,4351200,5430848
sh561950,500指数增强ETF,1.444,-0.059,-3.925,1.44,1.445,1.503,1.48,1.501,1.441,3413200,5023997
sh561930,沪深300ETF招商,1.513,-0.034,-2.198,1.512,1.514,1.547,1.54,1.548,1.504,18001500,27398805
sh561920,疫苗龙头ETF,0.702,-0.021,-2.905,0.701,0.703,0.723,0.714,0.723,0.701,6921600,4941276
sh561910,电池ETF,0.794,-0.015,-1.854,0.792,0.793,0.809,0.806,0.816,0.792,264515197,212747234
sh561900,沪深300ESGETF,0.975,-0.024,-2.402,0.971,0.975,0.999,1.015,1.015,0.971,1234500,1210259
sh561880,A100ETF基金,1.264,-0.036,-2.769,1.261,1.264,1.3,1.3,1.3,1.261,3761500,4789976
sh561870,自由现金流ETF全指,1.295,-0.054,-4.003,1.294,1.295,1.349,1.335,1.34,1.29,7200000,9519563
sh561800,稀有金属ETF基金,1.07,-0.056,-4.973,1.069,1.07,1.126,1.069,1.113,1.043,50347600,54843592
sh561790,央企现代能源ETF,1.304,-0.029,-2.176,1.301,1.304,1.333,1.315,1.337,1.302,3692100,4852702
sh561780,1000增强ETF,1.565,-0.067,-4.105,1.562,1.565,1.632,1.622,1.622,1.561,7474100,11882041
sh561770,中证A100指数ETF,1.235,-0.036,-2.832,1.232,1.233,1.271,1.259,1.266,1.235,335200,420839
sh561760,油气ETF博时,1.259,-0.078,-5.834,1.259,1.26,1.337,1.282,1.31,1.256,21112900,27031837
sh561750,中证A50ETF博时,1.137,-0.035,-2.986,1.127,1.143,1.172,1.16,1.169,1.137,1666400,1933191
sh561700,电力ETF基金,1.066,-0.012,-1.113,1.065,1.066,1.078,1.069,1.085,1.063,4616100,4952062
sh561680,中证A500红利低波ETF,0.988,-0.017,-1.692,0.99,0.991,1.005,1.004,1.007,0.987,4851900,4863176
sh561660,通用航空ETF基金,1.303,-0.018,-1.363,1.302,1.303,1.321,1.328,1.354,1.301,6678600,8862842
sh561600,消费电子ETF,1.226,-0.044,-3.465,1.225,1.226,1.27,1.26,1.27,1.224,12577700,15652972
sh561590,中证1000增强ETF,1.484,-0.051,-3.322,1.479,1.484,1.535,1.533,1.533,1.472,2858400,4251701
sh561580,央企红利ETF华泰柏瑞,1.227,-0.042,-3.31,1.226,1.227,1.269,1.264,1.264,1.225,115816164,143578257
sh561570,油气ETF华泰柏瑞,1.288,-0.069,-5.085,1.288,1.289,1.357,1.29,1.346,1.287,14442900,18983331
sh561560,电力ETF,1.233,-0.012,-0.964,1.232,1.233,1.245,1.245,1.256,1.23,43460155,54070405
sh561550,500增强ETF,1.346,-0.063,-4.471,1.345,1.348,1.409,1.378,1.401,1.343,93327352,127591378
sh561510,中药ETF华泰柏瑞,1.009,-0.014,-1.369,1.008,1.009,1.023,1.021,1.027,1.008,2113800,2153835
sh561500,漂亮50ETF,0.811,-0.021,-2.524,0.808,0.811,0.832,0.824,0.833,0.81,7608900,6255517
sh561380,电网ETF,1.902,0.02,1.063,1.9,1.902,1.882,1.9,1.942,1.893,125945616,241969002
sh561370,中证2000ETF国泰,1.486,-0.032,-2.108,1.474,1.483,1.518,1.503,1.513,1.483,145200,216365
sh561360,石油ETF,1.371,-0.085,-5.838,1.371,1.373,1.456,1.425,1.436,1.363,358155000,500859546
sh561350,中证500ETF国泰,1.259,-0.057,-4.331,1.257,1.259,1.316,1.29,1.31,1.256,30472400,38959091
sh561330,矿业ETF,2.154,-0.239,-9.987,0.0,2.154,2.393,2.154,2.258,2.154,136920135,300228320
sh561320,交运ETF,0.954,-0.017,-1.751,0.952,0.963,0.971,0.971,0.972,0.952,2340200,2250756
sh561310,消电ETF国泰,1.195,-0.04,-3.239,1.19,1.195,1.235,1.228,1.231,1.188,1562400,1888237
sh561300,沪深300增强ETF国泰,0.995,-0.023,-2.259,0.994,0.995,1.018,1.006,1.029,0.99,49713500,49963658
sh561280,中证1000增强ETF工银,1.665,-0.052,-3.029,1.665,1.666,1.717,1.713,1.713,1.658,8313700,13972426
sh561260,能源ETF工银,1.295,-0.037,-2.778,1.294,1.295,1.332,1.315,1.334,1.274,4923972,6484758
sh561230,中证A50ETF工银,1.28,-0.033,-2.513,1.282,1.285,1.313,1.304,1.316,1.28,26044900,33889144
sh561220,数字经济ETF工银,1.494,-0.063,-4.046,1.493,1.498,1.557,1.557,1.557,1.492,766900,1163374
sh561200,中证A100ETF工银,1.447,-0.055,-3.662,1.442,1.453,1.502,1.487,1.487,1.444,2045200,2993350
sh561190,碳中和ETF富国,1.056,-0.039,-3.562,1.056,1.058,1.095,1.09,1.09,1.053,12411700,13349209
sh561180,A100ETF,1.31,-0.038,-2.819,1.307,1.314,1.348,1.335,1.346,1.309,5154100,6842252
sh561170,绿色电力ETF,1.104,-0.011,-0.987,1.104,1.106,1.115,1.113,1.124,1.103,26688600,29835558
sh561160,锂电池ETF,0.796,-0.014,-1.728,0.795,0.796,0.81,0.805,0.817,0.793,94109200,75653967
sh561130,国货ETF富国,0.972,-0.022,-2.213,0.97,0.974,0.994,0.99,0.994,0.971,14400200,14160460
sh561120,家电ETF,1.387,-0.016,-1.14,1.384,1.387,1.403,1.401,1.411,1.387,10889800,15289047
sh561100,消费电子ETF富国,1.32,-0.05,-3.65,1.32,1.321,1.37,1.365,1.371,1.318,17829800,23981570
sh561090,中证A500增强ETF,1.199,-0.032,-2.6,1.198,1.206,1.231,1.231,1.231,1.196,2647000,3221184
sh561080,自由现金流ETF中证全指,1.299,-0.058,-4.274,1.299,1.305,1.357,1.352,1.352,1.298,7780600,10268114
sh561060,国企红利ETF,1.12,-0.033,-2.862,1.117,1.122,1.153,1.15,1.15,1.118,3306300,3733634
sh561010,软件ETF基金,1.195,-0.039,-3.16,1.194,1.196,1.234,1.226,1.241,1.194,19793800,24122177
sh561000,沪深300ETF增强基金,1.278,-0.036,-2.74,1.274,1.278,1.314,1.303,1.307,1.273,2582700,3334320
sh560990,科技先锋ETF中金,1.092,-0.025,-2.238,1.088,1.095,1.117,1.114,1.115,1.091,1515500,1670060
sh560980,光伏龙头ETF广发,0.805,-0.003,-0.371,0.803,0.804,0.808,0.812,0.827,0.802,98311700,80050703
sh560950,中证500增强ETF汇添富,1.399,-0.058,-3.981,1.395,1.398,1.457,1.459,1.459,1.398,769500,1095070
sh560900,创新药ETF摩根,0.879,-0.023,-2.55,0.878,0.879,0.902,0.9,0.904,0.876,10616300,9431282
sh560890,红利低波ETF新华,1.159,-0.022,-1.863,1.158,1.159,1.181,1.181,1.181,1.159,983800,1153915
sh560880,家电ETF广发,1.628,-0.016,-0.973,1.628,1.635,1.644,1.642,1.658,1.628,18263200,30135202
sh560860,工业有色ETF万家,1.759,-0.195,-9.98,0.0,1.759,1.954,1.759,1.869,1.759,851725607,1535851886
sh560850,信创ETF汇添富,1.508,-0.077,-4.858,1.506,1.509,1.585,1.606,1.606,1.505,7620800,11699973
sh560820,中证A50ETF新华,1.17,-0.025,-2.092,1.13,1.179,1.195,1.183,1.201,1.17,245000,291269
sh560810,央企ESGETF,1.132,-0.042,-3.578,1.133,1.154,1.174,1.174,1.177,1.132,1145200,1318351
sh560800,数字经济ETF,1.046,-0.036,-3.327,1.045,1.047,1.082,1.075,1.082,1.045,11526500,12240188
sh560780,半导体设备ETF广发,1.924,-0.104,-5.128,1.924,1.925,2.028,1.998,2.016,1.92,84093835,164528509
sh560770,机器人指数ETF,1.027,-0.023,-2.19,1.026,1.027,1.05,1.045,1.054,1.024,37404000,38883423
sh560750,A500ETF申万菱信,1.314,-0.032,-2.377,1.309,1.311,1.346,1.333,1.343,1.313,5122200,6794480
sh560700,央企红利ETF广发,1.135,-0.049,-4.139,1.133,1.138,1.184,1.137,1.183,1.133,16321111,18784420
sh560690,电信ETF鹏华,1.97,-0.062,-3.051,1.972,1.974,2.032,2.033,2.036,1.966,882500,1771277
sh560680,消费ETF广发,0.851,-0.002,-0.234,0.849,0.85,0.853,0.849,0.871,0.847,35013400,30050629
sh560660,云计算50ETF新华,2.179,-0.056,-2.506,2.177,2.18,2.235,2.246,2.276,2.176,6799700,15157882
sh560650,核心50ETF民生加银,1.034,-0.051,-4.7,1.031,1.034,1.085,1.085,1.085,1.034,2069900,2165793
sh560630,机器人ETF万家,1.15,-0.028,-2.377,1.149,1.15,1.178,1.176,1.181,1.147,14009100,16337639
sh560620,公用事业ETF万家,0.941,-0.003,-0.318,0.94,0.948,0.944,0.94,0.955,0.938,806800,762152
sh560610,A500指数ETF,1.194,-0.03,-2.451,1.194,1.195,1.224,1.203,1.221,1.186,173247981,209255871
sh560590,中证1000增强ETF鹏华,1.498,-0.064,-4.097,1.505,1.506,1.562,1.548,1.549,1.495,2856900,4335895
sh560580,电力ETF南方,1.066,-0.012,-1.113,1.066,1.068,1.078,1.076,1.087,1.066,3445000,3723790
sh560570,A500红利ETF,0.997,-0.017,-1.677,0.997,0.999,1.014,1.008,1.013,0.997,42845100,43032666
sh560560,碳中和ETF泰康,0.753,-0.001,-0.133,0.75,0.754,0.754,0.753,0.769,0.749,902200,684775
sh560550,碳中和ETF广发,1.053,-0.037,-3.394,1.05,1.054,1.09,1.057,1.099,1.048,3167500,3374990
sh560530,中证A500ETF摩根,1.225,-0.034,-2.701,1.224,1.226,1.259,1.253,1.257,1.219,177458634,219531448
sh560520,红利低波100ETF大成,1.116,-0.017,-1.5,1.109,1.117,1.133,1.108,1.132,1.108,16500,18518
sh560510,中证A500ETF,1.192,-0.033,-2.694,1.19,1.192,1.225,1.218,1.218,1.185,88653188,106497156
sh560500,500质量成长ETF,1.28,-0.059,-4.406,1.275,1.285,1.339,1.326,1.332,1.279,4465300,5830088
sh560380,A100ETF南方,1.226,-0.037,-2.93,1.227,1.231,1.263,1.251,1.261,1.226,9086500,11323711
sh560360,软件ETF万家,1.616,-0.05,-3.001,1.615,1.616,1.666,1.665,1.681,1.611,7917600,13014544
sh560350,中证A50ETF摩根,1.25,-0.032,-2.496,1.249,1.25,1.282,1.276,1.282,1.247,41071000,51890506
sh560330,沪深300价值ETF申万菱信,1.243,-0.015,-1.192,1.238,1.243,1.258,1.258,1.263,1.235,5375400,6709350
sh560300,电信ETF汇添富,2.048,-0.062,-2.938,2.047,2.048,2.11,2.1,2.119,2.046,1233600,2579788
sh560280,工程机械ETF,1.652,-0.053,-3.109,1.654,1.658,1.705,1.689,1.71,1.649,117552362,196754307
sh560260,医疗ETF广发,0.874,-0.02,-2.237,0.873,0.874,0.894,0.893,0.897,0.872,9547600,8439383
sh560220,中证2000ETF广发,1.512,-0.04,-2.577,1.507,1.51,1.552,1.536,1.548,1.508,695800,1065149
sh560190,公用事业ETF,1.002,-0.014,-1.378,1.0,1.002,1.016,1.01,1.017,0.998,618500,623141
sh560180,沪深300ESGETF南方,1.165,-0.031,-2.592,1.165,1.169,1.196,1.186,1.194,1.165,2847000,3367082
sh560170,央企科技ETF南方,1.098,-0.037,-3.26,1.097,1.098,1.135,1.13,1.139,1.098,24006982,26712327
sh560160,医疗器械ETF,0.978,-0.01,-1.012,0.974,0.977,0.988,0.987,0.99,0.973,5927000,5821813
sh560150,红利低波ETF泰康,1.114,-0.019,-1.677,1.113,1.114,1.133,1.134,1.134,1.114,9208900,10377831
sh560130,食品ETF鹏华,0.977,-0.016,-1.611,0.977,0.98,0.993,0.99,0.995,0.976,3146400,3098093
sh560120,现金流500ETF,1.333,-0.084,-5.928,1.335,1.338,1.417,1.358,1.405,1.325,27393300,37460207
sh560110,中证1000ETF汇添富,1.181,-0.046,-3.749,1.18,1.182,1.227,1.217,1.221,1.181,18335100,21908169
sh560100,中证500增强ETF南方,1.328,-0.063,-4.529,1.327,1.328,1.391,1.373,1.378,1.328,13174800,17900710
sh560090,证券ETF汇添富,1.264,-0.015,-1.173,1.263,1.264,1.279,1.279,1.294,1.26,102712200,131327884
sh560080,中药ETF,1.037,-0.013,-1.238,1.037,1.038,1.05,1.047,1.054,1.033,67148300,70178668
sh560070,央企红利ETF汇添富,1.134,-0.047,-3.98,1.133,1.134,1.181,1.171,1.186,1.128,7677500,8806096
sh560060,碳中和ETF汇添富,1.021,-0.037,-3.497,1.021,1.023,1.058,1.057,1.057,1.021,2487300,2577722
sh560050,中国A50ETF汇添富,1.03,-0.026,-2.462,1.028,1.03,1.056,1.045,1.057,1.028,214839720,223812580
sh560030,800价值ETF汇添富,1.318,-0.035,-2.587,1.318,1.319,1.353,1.35,1.35,1.317,1173300,1549806
sh560020,红利ETF汇添富,1.082,-0.033,-2.96,1.082,1.083,1.115,1.104,1.111,1.079,3566100,3931218
sh560010,中证1000ETF广发,3.261,-0.135,-3.975,3.261,3.262,3.396,3.354,3.383,3.256,228336712,752808220
sh560000,智能电车ETF浦银,0.842,-0.024,-2.771,0.833,0.842,0.866,0.863,0.863,0.834,332100,280335
sh551900,科创债ETF招商,99.965,-0.011,-0.011,99.95,99.965,99.976,99.98,100.01,99.942,30921280,3091050799
sh551800,科创债ETF国泰,100.42,0.03,0.03,100.405,100.42,100.39,100.394,100.468,100.394,89254300,8962919515
sh551580,科创债ETF泰康,100.516,0.005,0.005,100.49,100.516,100.511,100.515,100.538,100.49,26736840,2687586511
sh551560,科创债ETF兴业,100.152,0.032,0.032,100.152,100.174,100.12,100.124,100.222,100.124,17519840,1754961873
sh551550,科创债ETF华夏,100.017,-0.007,-0.007,100.02,100.04,100.024,100.009,100.084,100.009,92775600,9279890111
sh551520,科创债ETF汇添富,100.236,0.003,0.003,100.223,100.236,100.233,100.242,100.273,100.226,70331800,7050337191
sh551510,科创债ETF华泰柏瑞,100.52,0.007,0.007,100.514,100.53,100.513,100.514,100.531,100.514,59270210,5958434213
sh551500,科创债ETF易方达,100.362,0.013,0.013,100.36,100.374,100.349,100.35,100.399,100.35,31099320,3121009304
sh551300,科创债ETF摩根,100.322,-0.012,-0.012,100.32,100.364,100.334,100.335,100.36,100.322,72183450,7243609930
sh551060,科创债ETF中银,100.166,-0.033,-0.033,100.16,100.17,100.199,100.199,100.226,100.166,56577330,5669163052
sh551030,科创债ETF鹏华,100.099,0.023,0.023,100.099,100.11,100.076,100.081,100.116,100.081,68236300,6830781853
sh551000,科创债ETF博时,100.05,0.007,0.007,100.05,100.058,100.043,100.07,100.073,100.007,976361,97690216
sh530880,红利国企ETF银河,0.998,-0.036,-3.482,0.995,0.998,1.034,1.03,1.03,0.995,3959500,3996673
sh530800,上证180ETF银华,1.221,-0.028,-2.242,1.217,1.221,1.249,1.242,1.251,1.22,1625000,1998511
sh530680,上证180ETF兴业,1.165,-0.03,-2.51,1.163,1.167,1.195,1.184,1.195,1.163,12242900,14366144
sh530580,上证180ETF南方,1.179,-0.032,-2.642,1.179,1.183,1.211,1.199,1.209,1.178,14308000,17112108
sh530530,上证580ETF华夏,1.111,-0.05,-4.307,1.109,1.113,1.161,1.149,1.151,1.111,1190100,1355383
sh530380,上证380ETF易方达,1.077,-0.04,-3.581,1.078,1.08,1.117,1.104,1.119,1.077,4590400,5038407
sh530300,上证180ETF华泰柏瑞,1.227,-0.029,-2.309,1.224,1.232,1.256,1.244,1.257,1.225,8492300,10541982
sh530280,上证180ETF指数基金,1.219,-0.041,-3.254,1.218,1.224,1.26,1.247,1.247,1.219,248100,303145
sh530180,上证180ETF易方达,1.189,-0.038,-3.097,1.189,1.194,1.227,1.215,1.22,1.189,6963400,8399339
sh530100,上证580ETF易方达,1.112,-0.043,-3.723,1.112,1.116,1.155,1.149,1.149,1.111,2977516,3352675
sh530080,上证180ETF天弘,1.232,-0.037,-2.916,1.227,1.232,1.269,1.258,1.259,1.227,8855500,11029694
sh530050,上证50ETF东财,1.19,-0.025,-2.058,1.19,1.191,1.215,1.212,1.213,1.187,6754000,8104333
sh530000,上证50ETF天弘,1.408,-0.016,-1.124,1.408,1.409,1.424,1.426,1.438,1.391,8487200,11933158
sh520990,港股央企红利50ETF,1.015,-0.041,-3.883,1.014,1.015,1.056,1.036,1.037,1.009,277860130,283718588
sh520980,港股通科技ETF汇添富,1.104,-0.043,-3.749,1.103,1.104,1.147,1.134,1.134,1.099,346817800,386308920
sh520970,港股通创新药ETF嘉实,0.85,-0.03,-3.409,0.848,0.85,0.88,0.888,0.888,0.847,54743300,47162766
sh520960,恒指港股通ETF嘉实,0.98,-0.031,-3.066,0.981,0.985,1.011,1.001,1.001,0.98,4444200,4413879
sh520950,港股通50ETF摩根,0.965,-0.035,-3.5,0.965,0.966,1.0,0.99,0.99,0.962,33261069,32328720
sh520940,港股通恒生ETF,1.07,-0.032,-2.904,1.07,1.073,1.102,1.091,1.096,1.068,17763800,19245334
sh520920,恒生科技ETF天弘,0.844,-0.035,-3.982,0.843,0.844,0.879,0.869,0.87,0.843,476925300,407217332
sh520910,港股通互联网ETF基金,0.952,-0.039,-3.935,0.951,0.952,0.991,0.989,0.989,0.949,15668200,15123400
sh520900,港股通红利ETF广发,1.046,-0.041,-3.772,1.046,1.047,1.087,1.079,1.079,1.042,96181681,101495901
sh520890,港股通红利低波ETF华泰柏瑞,1.451,-0.032,-2.158,1.45,1.451,1.483,1.475,1.476,1.447,21542000,31383000
sh520880,港股通创新药ETF,0.5,-0.017,-3.288,0.499,0.5,0.517,0.517,0.518,0.499,648662100,328266152
sh520870,巴西ETF易方达,1.116,-0.122,-9.855,1.115,1.117,1.238,1.229,1.271,1.114,1351747522,1621187912
sh520860,港股通科技ETF富国,0.917,-0.039,-4.079,0.915,0.917,0.956,0.946,0.95,0.913,62928700,58284326
sh520850,港股通医疗ETF易方达,0.905,-0.03,-3.209,0.905,0.906,0.935,0.935,0.936,0.905,7680000,7035431
sh520840,港股通恒生科技ETF,0.95,-0.038,-3.846,0.949,0.95,0.988,0.976,0.977,0.948,91473600,87742551
sh520830,沙特ETF,0.928,-0.028,-2.929,0.928,0.929,0.956,0.939,0.946,0.927,339908917,317458548
sh520820,恒生港股通ETF汇添富,0.997,-0.031,-3.016,0.996,0.997,1.028,1.028,1.028,0.994,7743900,7758068
sh520810,港股通红利ETF易方达,1.014,-0.024,-2.312,1.014,1.016,1.038,1.028,1.037,1.013,11730800,12002968
sh520780,港股通汽车ETF华宝,0.953,-0.045,-4.509,0.951,0.952,0.998,0.998,0.998,0.951,24918600,24015099
sh520770,恒指港股通ETF建信,0.996,-0.034,-3.301,0.996,1.014,1.03,1.013,1.033,0.993,767600,775993
sh520720,港股汽车ETF国泰,0.863,-0.043,-4.746,0.862,0.863,0.906,0.897,0.9,0.862,24827200,21658900
sh520700,港股通创新药ETF万家,1.513,-0.058,-3.692,1.513,1.514,1.571,1.572,1.573,1.512,75241800,115563140
sh520690,港股创新药ETF博时,0.812,-0.028,-3.333,0.811,0.813,0.84,0.841,0.841,0.81,43929900,36031915
sh520670,港股通科技ETF嘉实,0.968,-0.035,-3.49,0.965,0.968,1.003,0.989,0.991,0.963,27749200,26918172
sh520660,港股通央企红利ETF南方,1.029,-0.042,-3.922,1.029,1.03,1.071,1.061,1.062,1.027,80766300,83862033
sh520650,港股通互联网ETF南方,0.905,-0.032,-3.415,0.903,0.904,0.937,0.926,0.928,0.902,33475400,30571845
sh520630,港股通互联网ETF广发,0.991,-0.034,-3.317,0.99,0.991,1.025,1.015,1.02,0.987,20831200,20946983
sh520620,恒生消费ETF嘉实,0.944,-0.013,-1.358,0.944,0.945,0.957,0.957,0.965,0.943,44986000,42916068
sh520600,港股汽车ETF,1.168,-0.056,-4.575,1.168,1.169,1.224,1.21,1.214,1.166,114675200,135633025
sh520590,恒生科技ETF鹏华,0.967,-0.039,-3.877,0.967,0.968,1.006,0.998,0.998,0.963,54099000,52781427
sh520580,新兴亚洲ETF,0.996,-0.015,-1.484,0.995,0.997,1.011,1.01,1.033,0.981,318984118,322077051
sh520570,恒生科技ETF南方,0.907,-0.036,-3.818,0.906,0.907,0.943,0.93,0.93,0.902,138056500,125999066
sh520560,香港大盘30ETF,0.925,-0.029,-3.04,0.923,0.925,0.954,0.945,0.948,0.922,24581000,22911810
sh520550,港股红利低波ETF,1.214,-0.027,-2.176,1.214,1.215,1.241,1.236,1.236,1.211,63388900,77445726
sh520530,港股通科技ETF东财,0.948,-0.039,-3.951,0.947,0.948,0.987,0.98,0.981,0.947,31912400,30617381
sh520520,恒生消费ETF华泰柏瑞,1.107,-0.017,-1.512,1.106,1.107,1.124,1.123,1.127,1.105,11499800,12880895
sh520510,港股通医疗ETF,0.946,-0.036,-3.666,0.947,0.948,0.982,0.98,0.98,0.946,48682700,46687680
sh520500,恒生创新药ETF,1.528,-0.06,-3.778,1.529,1.53,1.588,1.586,1.587,1.527,219397200,339645796
sh518890,中银上海金ETF,9.963,-1.107,-10.0,0.0,9.963,11.07,9.963,10.26,9.963,11183700,113233386
sh518880,黄金ETF,9.908,-1.101,-10.001,0.0,9.908,11.009,9.908,10.245,9.908,1899820420,19145014244
sh518860,上海金ETF建信,9.952,-1.106,-10.002,0.0,9.952,11.058,9.952,10.289,9.952,6948900,70303557
sh518850,黄金ETF华夏,10.053,-1.117,-10.0,0.0,10.053,11.17,10.053,10.342,10.053,187086153,1908699642
sh518800,黄金ETF国泰,9.802,-1.089,-9.999,0.0,9.802,10.891,9.802,10.118,9.802,106469646,1062130394
sh518680,金ETF,10.373,-1.152,-9.996,0.0,10.373,11.525,10.373,10.726,10.373,79428645,837984100
sh518660,黄金ETF工银,9.918,-1.102,-10.0,0.0,9.918,11.02,9.918,10.26,9.918,97058858,980260286
sh518600,上海金ETF,10.372,-1.152,-9.997,0.0,10.372,11.524,10.372,10.681,10.372,75597394,797743917
sh517990,医药ETF沪港深,0.895,-0.027,-2.928,0.895,0.899,0.922,0.911,0.922,0.892,2785200,2518440
sh517950,沪深港科技50ETF交银,1.039,-0.033,-3.078,1.039,1.043,1.072,1.073,1.073,1.039,12132400,12791871
sh517900,银行AH优选ETF,1.436,-0.008,-0.554,1.435,1.436,1.444,1.444,1.454,1.434,26198700,37851823
sh517880,品牌消费ETF,0.876,-0.015,-1.684,0.875,0.876,0.891,0.892,0.892,0.876,1478000,1309837
sh517850,张江ETF汇添富,1.216,-0.049,-3.874,1.215,1.216,1.265,1.248,1.26,1.215,1901300,2352825
sh517800,人工智能50ETF,1.089,-0.048,-4.222,1.088,1.089,1.137,1.129,1.129,1.083,21511883,23742616
sh517770,游戏传媒ETF浦银,1.348,-0.04,-2.882,1.348,1.349,1.388,1.373,1.395,1.344,21315600,29216526
sh517660,物联网ETF天弘,1.185,-0.06,-4.819,1.184,1.189,1.245,1.217,1.25,1.185,460200,556681
sh517550,消费ETF沪港深,0.759,-0.012,-1.556,0.755,0.759,0.771,0.769,0.771,0.753,13894400,10625374
sh517520,黄金股ETF,2.537,-0.282,-10.004,0.0,2.537,2.819,2.537,2.537,2.537,134139500,340311912
sh517400,黄金股票ETF,2.006,-0.223,-10.004,0.0,2.006,2.229,2.006,2.006,2.006,10882600,21830496
sh517390,云计算ETF天弘,1.918,-0.059,-2.984,1.918,1.919,1.977,1.96,1.991,1.914,8461000,16489639
sh517380,创新药ETF天弘,0.75,-0.022,-2.85,0.749,0.75,0.772,0.766,0.777,0.747,67071900,50687647
sh517360,科技ETF沪港深,1.032,-0.037,-3.461,1.032,1.035,1.069,1.065,1.065,1.03,894800,933786
sh517350,沪港深科技ETF广发,0.913,-0.032,-3.386,0.909,0.913,0.945,0.94,0.94,0.909,1480300,1364699
sh517330,长江保护ETF易方达,0.947,-0.018,-1.865,0.943,0.951,0.965,0.955,0.97,0.947,200500,191287
sh517300,沪港深300ETF国寿,0.939,-0.018,-1.881,0.937,0.941,0.957,0.954,0.959,0.936,3105800,2940160
sh517200,互联网ETF嘉实,0.793,-0.026,-3.175,0.792,0.794,0.819,0.819,0.819,0.79,3489200,2802651
sh517180,中国国企ETF南方,1.495,-0.054,-3.486,1.495,1.498,1.549,1.53,1.541,1.494,11611900,17548315
sh517170,沪港深500ETF华夏,1.044,-0.036,-3.333,1.044,1.048,1.08,1.084,1.084,1.044,972900,1025455
sh517160,长江保护ETF南方,0.935,-0.049,-4.98,0.931,0.939,0.984,0.989,0.989,0.935,1016400,969603
sh517120,创新药ETF华泰柏瑞,0.673,-0.024,-3.443,0.672,0.673,0.697,0.698,0.698,0.671,16082300,10921765
sh517110,创新药ETF国泰,0.716,-0.022,-2.981,0.715,0.717,0.738,0.738,0.738,0.714,10074700,7265991
sh517100,沪港深500ETF富国,1.042,-0.031,-2.889,1.042,1.046,1.073,1.083,1.083,1.041,3275600,3462689
sh517090,央企共赢ETF国泰,1.584,-0.041,-2.523,1.572,1.584,1.625,1.6,1.602,1.569,4182300,6614241
sh517080,沪港深500ETF汇添富,1.021,-0.027,-2.576,1.02,1.022,1.048,1.047,1.047,1.02,2346300,2417904
sh517050,互联网ETF华泰柏瑞,0.887,-0.03,-3.272,0.888,0.889,0.917,0.916,0.916,0.886,4999000,4512067
sh517030,沪港深300ETF易方达,1.151,-0.012,-1.032,1.155,1.158,1.163,1.165,1.165,1.145,762800,884815
sh517010,沪港深500ETF易方达,1.153,-0.031,-2.618,1.151,1.153,1.184,1.18,1.182,1.153,2550460,2989189
sh517000,沪港深500ETF,1.032,-0.027,-2.55,1.029,1.032,1.059,1.059,1.059,1.029,1841200,1913662
sh516980,证券ETF先锋,1.163,-0.013,-1.105,1.161,1.168,1.176,1.178,1.191,1.16,3019600,3543812
sh516970,基建ETF广发,1.206,-0.047,-3.751,1.204,1.206,1.253,1.24,1.25,1.204,44436400,54574879
sh516960,机械ETF国泰,1.007,-0.01,-0.983,1.002,1.007,1.017,1.02,1.028,1.001,4306500,4367826
sh516950,基建ETF银华,1.17,-0.042,-3.465,1.169,1.17,1.212,1.2,1.21,1.168,22195851,26437151
sh516930,生物科技ETF民生加银,0.502,-0.019,-3.647,0.501,0.504,0.521,0.516,0.523,0.502,4913200,2510978
sh516920,芯片ETF汇添富,1.136,-0.061,-5.096,1.136,1.137,1.197,1.178,1.186,1.134,48196239,55672340
sh516910,物流ETF,1.105,-0.029,-2.557,1.104,1.109,1.134,1.133,1.133,1.104,11464700,12800529
sh516900,食品饮料ETF基金,0.579,0.003,0.521,0.578,0.579,0.576,0.572,0.594,0.572,28753500,16800694
sh516890,新材料ETF指数基金,0.728,-0.026,-3.448,0.728,0.729,0.754,0.747,0.754,0.724,2711200,1995437
sh516880,光伏50ETF,0.893,-0.007,-0.778,0.892,0.893,0.9,0.903,0.92,0.891,52528423,47704195
sh516860,金融科技ETF博时,1.416,-0.024,-1.667,1.415,1.416,1.44,1.43,1.453,1.412,51497900,73958614
sh516850,新能源ETF华夏,1.07,-0.019,-1.745,1.069,1.072,1.089,1.088,1.102,1.069,6148400,6676727
sh516830,300ESGETF,1.003,-0.023,-2.242,1.003,1.006,1.026,1.02,1.027,1.003,4661600,4718379
sh516820,医疗创新ETF,0.353,-0.008,-2.216,0.353,0.354,0.361,0.36,0.362,0.352,214236900,76419572
sh516810,农业ETF华夏,0.845,-0.04,-4.52,0.843,0.845,0.885,0.865,0.88,0.843,29710700,25589860
sh516800,智能制造ETF,0.848,-0.031,-3.527,0.847,0.848,0.879,0.873,0.877,0.847,16803100,14426271
sh516790,医疗ETF华泰柏瑞,0.598,-0.012,-1.967,0.596,0.598,0.61,0.604,0.612,0.595,2333900,1406710
sh516780,稀土ETF,1.854,-0.098,-5.02,1.854,1.855,1.952,1.876,1.936,1.854,106012776,201502083
sh516770,游戏ETF华泰柏瑞,1.589,-0.059,-3.58,1.59,1.591,1.648,1.642,1.666,1.587,13981600,22841193
sh516760,养殖ETF,0.661,-0.025,-3.644,0.66,0.661,0.686,0.678,0.678,0.659,17491200,11699171
sh516750,建材ETF,0.761,-0.037,-4.637,0.761,0.762,0.798,0.793,0.793,0.76,32587900,25184361
sh516730,证券ETF浦银,1.063,-0.013,-1.208,1.062,1.063,1.076,1.07,1.088,1.059,13629800,14597785
sh516720,ESGETF浦银,1.101,-0.023,-2.046,1.092,1.101,1.124,1.113,1.122,1.094,3534400,3884816
sh516710,新材料ETF华夏,0.694,-0.031,-4.276,0.694,0.696,0.725,0.723,0.723,0.694,3213700,2271624
sh516700,大数据产业ETF,1.085,-0.031,-2.778,1.084,1.085,1.116,1.122,1.125,1.083,6275400,6917756
sh516670,畜牧养殖ETF,0.69,-0.027,-3.766,0.69,0.691,0.717,0.714,0.714,0.688,64149800,44829156
sh516660,新能源车ETF基金,1.096,-0.026,-2.317,1.095,1.097,1.122,1.083,1.126,1.083,1166200,1294489
sh516650,有色金属ETF基金,2.066,-0.229,-9.978,0.0,2.066,2.295,2.066,2.189,2.066,342739262,725292342
sh516640,芯片龙头ETF,1.167,-0.063,-5.122,1.167,1.168,1.23,1.216,1.219,1.164,114344892,136191063
sh516630,云计算ETF华夏,1.788,-0.051,-2.773,1.788,1.789,1.839,1.825,1.861,1.786,24434100,44502972
sh516620,影视ETF,1.163,-0.024,-2.022,1.162,1.163,1.187,1.185,1.21,1.158,49412700,58739276
sh516610,医疗设备ETF大成,0.494,-0.009,-1.789,0.493,0.494,0.503,0.503,0.506,0.493,8453800,4222267
sh516600,消费服务ETF工银,0.644,-0.012,-1.829,0.645,0.647,0.656,0.651,0.658,0.644,2513000,1638333
sh516590,智能汽车ETF易方达,1.242,-0.034,-2.665,1.24,1.242,1.276,1.276,1.276,1.241,4366300,5474892
sh516580,新能源主题ETF,0.682,-0.013,-1.871,0.681,0.682,0.695,0.69,0.7,0.68,2471300,1712133
sh516570,化工行业ETF易方达,1.054,-0.076,-6.726,1.053,1.054,1.13,1.085,1.111,1.051,184908200,201850758
sh516560,养老ETF,0.867,-0.023,-2.584,0.867,0.868,0.89,0.888,0.889,0.867,6381400,5597011
sh516550,农业ETF嘉实,0.763,-0.029,-3.662,0.763,0.764,0.792,0.78,0.787,0.762,18533600,14447820
sh516530,物流ETF银华,0.956,-0.022,-2.249,0.956,0.958,0.978,0.972,0.978,0.952,705800,680284
sh516520,智能驾驶ETF,1.285,-0.045,-3.383,1.284,1.285,1.33,1.316,1.32,1.281,65754800,85653365
sh516510,云计算ETF易方达,1.853,-0.047,-2.474,1.848,1.849,1.9,1.898,1.917,1.84,77262197,144667330
sh516500,生物科技ETF,0.625,-0.018,-2.799,0.627,0.629,0.643,0.642,0.643,0.625,13975600,8869205
sh516460,现金流ETF800鹏华,1.291,-0.061,-4.512,1.29,1.291,1.352,1.341,1.341,1.29,6245900,8249353
sh516390,新能源车ETF汇添富,0.97,-0.024,-2.414,0.969,0.97,0.994,0.982,0.996,0.967,7142000,7004948
sh516380,智能电动车ETF,0.984,-0.027,-2.671,0.982,0.985,1.011,0.977,1.016,0.977,1336100,1332752
sh516360,新材料ETF,0.961,-0.034,-3.417,0.955,0.956,0.995,0.99,0.993,0.956,4163100,4048792
sh516350,芯片ETF易方达,1.315,-0.072,-5.191,1.314,1.315,1.387,1.368,1.375,1.311,65929750,88200922
sh516330,物联网ETF,1.466,-0.068,-4.433,1.466,1.47,1.534,1.495,1.527,1.463,947000,1401366
sh516320,高端装备ETF华夏,1.047,-0.012,-1.133,1.046,1.047,1.059,1.05,1.074,1.045,4944300,5255284
sh516310,银行ETF易方达,1.281,0.004,0.313,1.281,1.282,1.277,1.276,1.298,1.276,92592100,119305578
sh516300,中证1000ETF华泰柏瑞,3.311,-0.11,-3.215,3.307,3.313,3.421,3.413,3.434,3.3,1282496,4287079
sh516290,光伏ETF汇添富,0.658,-0.005,-0.754,0.656,0.658,0.663,0.664,0.678,0.656,73191400,48835560
sh516270,新能源50ETF,0.67,-0.014,-2.047,0.671,0.673,0.684,0.684,0.692,0.669,19494300,13237610
sh516260,物联网ETF华夏,1.268,-0.052,-3.939,1.269,1.272,1.32,1.314,1.314,1.266,1534400,1969426
sh516250,工程机械ETF富国,1.047,-0.031,-2.876,1.046,1.047,1.078,1.077,1.077,1.046,12875600,13686574
sh516220,化工ETF国泰,0.944,-0.069,-6.811,0.943,0.945,1.013,0.995,1.0,0.942,91617200,88974240
sh516210,银行ETF指数基金,1.319,0.001,0.076,1.322,1.323,1.318,1.321,1.338,1.317,8099700,10744288
sh516200,证券ETF指数基金,1.125,-0.015,-1.316,1.125,1.13,1.14,1.14,1.153,1.123,5695500,6470042
sh516190,传媒ETF华夏,1.428,-0.033,-2.259,1.424,1.431,1.461,1.453,1.475,1.424,15143100,22031276
sh516180,光伏ETF基金,0.872,-0.008,-0.909,0.871,0.873,0.88,0.88,0.9,0.87,8396300,7451711
sh516160,新能源ETF,2.924,-0.046,-1.549,2.923,2.924,2.97,2.94,3.004,2.912,83632411,248111394
sh516150,稀土ETF嘉实,1.918,-0.102,-5.05,1.917,1.92,2.02,1.95,2.004,1.916,234879858,463181819
sh516130,消费龙头ETF,0.762,-0.003,-0.392,0.761,0.762,0.765,0.765,0.773,0.759,15180700,11634561
sh516120,化工50ETF,0.927,-0.069,-6.928,0.926,0.927,0.996,0.969,0.982,0.925,503072900,480595250
sh516110,汽车ETF,1.327,-0.031,-2.283,1.327,1.328,1.358,1.35,1.352,1.323,28161300,37783789
sh516100,金融科技ETF华夏,1.365,-0.026,-1.869,1.365,1.367,1.391,1.384,1.401,1.362,36913300,51184496
sh516090,新能源ETF易方达,0.571,-0.011,-1.89,0.57,0.571,0.582,0.58,0.587,0.569,132093700,76555635
sh516080,创新药ETF易方达,0.643,-0.019,-2.87,0.643,0.644,0.662,0.661,0.661,0.641,52449000,34216828
sh516070,低碳ETF易方达,0.625,-0.006,-0.951,0.626,0.627,0.631,0.632,0.641,0.623,8979700,5677403
sh516060,创新药ETF工银,0.562,-0.018,-3.103,0.561,0.562,0.58,0.577,0.58,0.56,27442900,15544390
sh516050,科技龙头ETF工银,1.101,-0.036,-3.166,1.101,1.102,1.137,1.137,1.149,1.1,7916200,8875435
sh516020,化工ETF,0.906,-0.068,-6.982,0.905,0.906,0.974,0.955,0.959,0.905,845277100,785687984
sh516010,游戏ETF,1.521,-0.059,-3.734,1.52,1.521,1.58,1.565,1.596,1.52,90529124,141151637
sh516000,大数据ETF华夏,1.12,-0.032,-2.778,1.119,1.12,1.152,1.154,1.253,1.118,24935200,28504207
sh515990,一带一路ETF汇添富,1.577,-0.058,-3.547,1.577,1.583,1.635,1.611,1.619,1.574,1894200,3001544
sh515980,人工智能ETF,0.954,-0.028,-2.851,0.953,0.954,0.982,0.98,0.994,0.95,473650606,459681471
sh515960,医药ETF嘉实,0.82,-0.019,-2.265,0.818,0.82,0.839,0.838,0.84,0.818,10347200,8567738
sh515950,医药龙头ETF,0.909,-0.024,-2.572,0.908,0.909,0.933,0.933,0.933,0.907,27663000,25433807
sh515920,智能消费ETF,1.142,-0.042,-3.547,1.142,1.143,1.184,1.184,1.184,1.142,2313000,2677518
sh515910,质量ETF中金,0.657,-0.014,-2.086,0.655,0.657,0.671,0.671,0.676,0.655,9661000,6431362
sh515900,央企创新驱动ETF,1.668,-0.04,-2.342,1.662,1.666,1.708,1.683,1.78,1.661,7881600,13257244
sh515890,红利ETF博时,1.408,-0.041,-2.83,1.407,1.408,1.449,1.447,1.447,1.403,8112000,11533332
sh515880,通信ETF,3.16,-0.111,-3.393,3.162,3.163,3.271,3.287,3.344,3.15,539225765,1746498499
sh515860,科技ETF嘉实,1.71,-0.049,-2.786,1.71,1.711,1.759,1.759,1.772,1.71,2535700,4396864
sh515850,证券ETF富国,1.456,-0.018,-1.221,1.455,1.459,1.474,1.469,1.491,1.451,23941800,35159752
sh515810,中证800ETF易方达,1.655,-0.05,-2.933,1.652,1.655,1.705,1.705,1.705,1.652,9118500,15316961
sh515800,800ETF,1.28,-0.03,-2.29,1.28,1.285,1.31,1.297,1.306,1.268,127437300,163371714
sh515790,光伏ETF,1.058,-0.01,-0.936,1.059,1.06,1.068,1.077,1.092,1.057,612130446,659041544
sh515770,MSCI中国A股ETF摩根,1.397,-0.03,-2.102,1.391,1.399,1.427,1.429,1.431,1.397,3461900,4855650
sh515760,浙江国资ETF华夏,1.459,-0.027,-1.817,1.456,1.465,1.486,1.486,1.495,1.459,462000,682943
sh515750,科技50ETF,1.848,-0.044,-2.326,1.847,1.848,1.892,1.89,1.899,1.844,14029900,26346327
sh515730,家居家电ETF永赢,1.038,-0.028,-2.627,1.038,1.04,1.066,1.058,1.06,1.038,2570700,2689705
sh515720,金融科技ETF富国,0.909,-0.017,-1.836,0.908,0.909,0.926,0.92,0.933,0.908,20952300,19336677
sh515710,食品饮料ETF华宝,0.584,0.005,0.864,0.583,0.584,0.579,0.579,0.598,0.579,102157800,60152433
sh515700,新能车ETF,2.395,-0.06,-2.444,2.395,2.396,2.455,2.438,2.46,2.39,23989500,58399149
sh515680,央企创新ETF嘉实,1.675,-0.047,-2.729,1.675,1.679,1.722,1.678,1.731,1.675,4516800,7626110
sh515660,沪深300ETF国联安,5.699,-0.091,-1.572,5.678,5.699,5.79,5.782,5.837,5.699,887600,5091788
sh515650,消费50ETF,1.158,0.0,0.0,1.157,1.159,1.158,1.155,1.18,1.153,99214712,115732499
sh515630,证券保险ETF鹏华,1.418,-0.023,-1.596,1.417,1.418,1.441,1.44,1.458,1.417,115160907,164283527
sh515600,央企创新ETF,1.67,-0.045,-2.624,1.665,1.669,1.715,1.698,1.711,1.666,6678300,11230975
sh515590,500等权ETF,1.954,-0.102,-4.961,1.946,1.962,2.056,2.035,2.035,1.953,606300,1200256
sh515580,科技100ETF,1.297,-0.034,-2.554,1.295,1.297,1.331,1.321,1.331,1.294,8438300,11091446
sh515560,证券ETF建信,1.078,-0.015,-1.372,1.078,1.08,1.093,1.093,1.104,1.077,9994500,10925660
sh515550,中证500ETF国联,1.787,-0.073,-3.925,1.783,1.794,1.86,1.82,1.891,1.771,145300,265491
sh515530,中证500ETF泰康,4.375,-0.156,-3.443,4.311,4.374,4.531,4.486,4.512,4.37,475300,2112430
sh515450,红利低波50ETF,1.399,-0.013,-0.921,1.398,1.399,1.412,1.407,1.418,1.396,255266100,359115856
sh515400,大数据ETF,1.033,-0.031,-2.914,1.032,1.033,1.064,1.06,1.069,1.03,102566024,107616426
sh515390,沪深300ETF指数基金,1.337,-0.027,-1.979,1.337,1.338,1.364,1.36,1.368,1.332,25393800,34213579
sh515380,沪深300ETF泰康,5.313,-0.129,-2.37,5.315,5.319,5.442,5.387,5.436,5.288,14999800,80057782
sh515370,光伏ETF华夏,1.008,-0.009,-0.885,1.007,1.008,1.017,1.017,1.037,1.004,37828000,38811210
sh515360,方正沪深300ETF,6.51,-0.131,-1.973,6.51,6.543,6.641,6.575,6.636,6.489,306500,2010468
sh515350,沪深300ETF民生加银,6.13,-0.155,-2.466,6.105,6.155,6.285,6.222,6.322,6.118,2791397,17203549
sh515330,沪深300ETF天弘,1.324,-0.028,-2.071,1.322,1.324,1.352,1.346,1.354,1.315,24513900,32655852
sh515320,电子50ETF,1.236,-0.039,-3.059,1.23,1.235,1.275,1.279,1.279,1.231,5977100,7463558
sh515310,沪深300ETF汇添富,1.371,-0.031,-2.211,1.37,1.371,1.402,1.395,1.404,1.367,30364100,41946899
sh515300,300红利低波ETF嘉实,1.276,-0.012,-0.932,1.275,1.276,1.288,1.288,1.294,1.274,111306800,143137477
sh515290,银行ETF天弘,1.392,0.004,0.288,1.391,1.392,1.388,1.387,1.409,1.387,48984600,68394709
sh515260,电子ETF,0.674,-0.024,-3.438,0.674,0.675,0.698,0.688,0.698,0.674,17171900,11771323
sh515250,智能汽车ETF,1.152,-0.045,-3.759,1.152,1.153,1.197,1.191,1.191,1.149,37247048,43672474
sh515230,软件ETF,0.937,-0.03,-3.102,0.937,0.938,0.967,0.961,0.976,0.936,473231532,452423560
sh515220,煤炭ETF,1.063,-0.067,-5.929,1.061,1.062,1.13,1.101,1.113,1.06,880150141,954062181
sh515210,钢铁ETF,1.452,-0.096,-6.202,1.451,1.452,1.548,1.53,1.53,1.449,171202479,254511300
sh515200,创新100ETF申万菱信,2.193,-0.086,-3.774,2.192,2.208,2.279,2.23,2.279,2.192,1610700,3598236
sh515190,中证500ETF中银证券,1.68,-0.076,-4.328,1.671,1.688,1.756,1.701,1.746,1.67,5055200,8616182
sh515180,红利ETF易方达,1.379,-0.04,-2.819,1.379,1.38,1.419,1.413,1.413,1.375,203279889,283529338
sh515170,食品饮料ETF,0.548,0.004,0.735,0.547,0.548,0.544,0.543,0.562,0.542,417401200,230619849
sh515160,MSCI中国ETF招商,1.573,-0.035,-2.177,1.569,1.573,1.608,1.593,1.613,1.573,5715900,9036512
sh515150,一带一路ETF富国,1.591,-0.055,-3.341,1.588,1.594,1.646,1.644,1.644,1.587,9715400,15650860
sh515130,沪深300ETF博时,1.501,-0.04,-2.596,1.499,1.5,1.541,1.533,1.54,1.497,12222800,18552021
sh515120,创新药ETF,0.61,-0.017,-2.711,0.61,0.611,0.627,0.624,0.628,0.608,863127836,533475728
sh515110,一带一路ETF易方达,1.68,-0.055,-3.17,1.68,1.684,1.735,1.725,1.729,1.679,10254300,17520921
sh515100,红利低波100ETF,1.429,-0.026,-1.787,1.428,1.429,1.455,1.452,1.455,1.428,101042066,146014835
sh515090,可持续发展ETF,1.345,-0.016,-1.176,1.342,1.35,1.361,1.35,1.372,1.345,85600,116733
sh515080,中证红利ETF,1.556,-0.049,-3.053,1.556,1.557,1.605,1.596,1.596,1.554,273592140,430403253
sh515070,人工智能AIETF,2.058,-0.06,-2.833,2.055,2.058,2.118,2.108,2.143,2.052,146489300,306958936
sh515060,房地产ETF华夏,0.714,-0.025,-3.383,0.713,0.714,0.739,0.728,0.736,0.712,90956700,66418932
sh515050,通信ETF华夏,2.328,-0.057,-2.39,2.327,2.328,2.385,2.38,2.431,2.317,168653883,401760174
sh515030,新能源车ETF,1.789,-0.044,-2.4,1.788,1.789,1.833,1.81,1.84,1.786,114426700,208175410
sh515020,银行ETF华夏,1.648,0.003,0.182,1.649,1.65,1.645,1.642,1.669,1.642,69392900,115035043
sh515010,证券ETF华夏,1.35,-0.017,-1.244,1.349,1.35,1.367,1.362,1.383,1.345,28300200,38578647
sh515000,科技ETF,1.036,-0.036,-3.358,1.036,1.037,1.072,1.066,1.082,1.034,125254199,132306205
sh513990,港股通ETF,1.219,-0.041,-3.254,1.218,1.219,1.26,1.241,1.25,1.217,19863800,24493035
sh513980,港股科技50ETF,0.706,-0.031,-4.206,0.705,0.706,0.737,0.728,0.729,0.703,1125583800,801326374
sh513970,恒生消费ETF,0.951,-0.016,-1.655,0.951,0.952,0.967,0.964,0.973,0.951,175731400,169004456
sh513950,恒生红利ETF,1.4,-0.039,-2.71,1.4,1.401,1.439,1.428,1.437,1.398,74842500,105616117
sh513920,港股通央企红利ETF,1.633,-0.063,-3.715,1.632,1.633,1.696,1.678,1.679,1.628,270659200,446105634
sh513910,港股央企红利ETF,1.591,-0.047,-2.869,1.591,1.593,1.638,1.63,1.63,1.588,333797900,535792881
sh513900,港股通100ETF,1.097,-0.03,-2.662,1.094,1.097,1.127,1.123,1.123,1.093,26821200,29696771
sh513890,恒生科技ETF摩根,1.087,-0.046,-4.06,1.086,1.087,1.133,1.122,1.124,1.084,76514200,84031788
sh513880,日经225ETF,1.713,-0.04,-2.282,1.712,1.713,1.753,1.769,1.772,1.71,98083300,170177594
sh513870,纳指ETF富国,1.716,-0.039,-2.222,1.716,1.717,1.755,1.741,1.744,1.712,73579560,127291791
sh513860,港股通科技ETF海富通,0.707,-0.03,-4.071,0.706,0.707,0.737,0.729,0.729,0.705,272859500,194602224
sh513850,美国50ETF易方达,1.603,-0.032,-1.957,1.603,1.604,1.635,1.625,1.629,1.6,53364809,86203194
sh513830,港股通高股息ETF嘉实,1.171,-0.029,-2.417,1.172,1.173,1.2,1.2,1.2,1.169,11024100,13021574
sh513820,港股红利ETF基金,1.225,-0.029,-2.313,1.225,1.226,1.254,1.245,1.249,1.222,123943100,152731567
sh513810,港股国企ETF,1.702,-0.061,-3.46,1.696,1.704,1.763,1.763,1.763,1.694,2363300,4050464
sh513800,日本东证指数ETF南方,1.696,-0.033,-1.909,1.695,1.696,1.729,1.725,1.744,1.694,44343217,75910868
sh513780,港股创新药50ETF,1.571,-0.057,-3.501,1.571,1.572,1.628,1.619,1.628,1.57,105600400,168162787
sh513770,港股互联网ETF,0.533,-0.02,-3.617,0.533,0.534,0.553,0.547,0.551,0.532,1131183163,613406049
sh513750,港股通非银ETF,1.799,-0.059,-3.175,1.797,1.799,1.858,1.853,1.867,1.796,855916200,1565541312
sh513730,东南亚科技ETF,1.333,-0.041,-2.984,1.333,1.334,1.374,1.369,1.369,1.332,31341000,42208513
sh513720,港股互联网ETF国泰,0.985,-0.034,-3.337,0.986,0.987,1.019,1.015,1.015,0.984,35059800,35045417
sh513700,港股通医药ETF鹏华,0.637,-0.023,-3.485,0.636,0.637,0.66,0.658,0.659,0.636,142203500,91952292
sh513690,港股红利ETF博时,1.114,-0.031,-2.707,1.113,1.115,1.145,1.138,1.138,1.112,250712200,281408528
sh513660,恒生ETF,3.227,-0.102,-3.064,3.227,3.228,3.329,3.3,3.301,3.219,53870800,175725511
sh513650,标普500ETF南方,1.757,-0.046,-2.551,1.757,1.758,1.803,1.797,1.799,1.755,82286800,146504339
sh513630,港股低波红利ETF摩根,1.646,-0.037,-2.198,1.647,1.648,1.683,1.679,1.679,1.644,258650000,428648534
sh513600,恒生指数ETF南方,2.996,-0.094,-3.042,2.995,2.996,3.09,3.054,3.079,2.989,76144000,230140895
sh513590,港股通消费ETF鹏华,0.929,-0.012,-1.275,0.929,0.93,0.941,0.941,0.951,0.929,32787300,30886799
sh513580,恒生科技ETF指数,0.721,-0.027,-3.61,0.721,0.722,0.748,0.739,0.74,0.721,163511200,119245155
sh513560,香港科技ETF,1.305,-0.054,-3.974,1.304,1.306,1.359,1.342,1.346,1.303,87046700,114832105
sh513550,港股通50ETF,1.187,-0.037,-3.023,1.186,1.187,1.224,1.223,1.223,1.185,67848500,81224326
sh513530,港股通红利ETF华泰柏瑞,1.62,-0.039,-2.351,1.62,1.621,1.659,1.656,1.656,1.612,231695700,376802049
sh513520,日经ETF,1.845,-0.04,-2.122,1.845,1.846,1.885,1.9,1.903,1.843,107427000,201252990
sh513500,标普500ETF,2.364,-0.075,-3.075,2.363,2.364,2.439,2.435,2.435,2.358,244996900,585376559
sh513400,道琼斯ETF,1.221,-0.02,-1.612,1.22,1.221,1.241,1.241,1.241,1.215,233991700,287321930
sh513390,纳指100ETF,2.029,-0.046,-2.217,2.028,2.029,2.075,2.061,2.061,2.026,34213700,69905953
sh513380,恒生科技ETF广发,0.653,-0.028,-4.112,0.652,0.653,0.681,0.672,0.673,0.651,787077900,519178842
sh513360,教育ETF,0.555,-0.02,-3.478,0.554,0.555,0.575,0.576,0.617,0.553,2660238300,1571999428
sh513350,标普油气ETF,0.969,-0.059,-5.739,0.968,0.97,1.028,1.005,1.02,0.967,478510830,472586800
sh513330,恒生互联网ETF,0.522,-0.021,-3.867,0.522,0.523,0.543,0.535,0.536,0.521,6706690356,3546244732
sh513320,港股通新经济ETF易方达,1.291,-0.052,-3.872,1.291,1.292,1.343,1.324,1.342,1.288,15764600,20560793
sh513310,中韩半导体ETF,3.365,-0.374,-10.003,0.0,3.365,3.739,3.4,3.75,3.365,1136487035,4020819571
sh513300,纳斯达克ETF,2.241,-0.056,-2.438,2.241,2.242,2.297,2.274,2.283,2.237,251315986,567129271
sh513290,纳指生物科技ETF汇添富,1.448,-0.045,-3.014,1.447,1.448,1.493,1.475,1.484,1.444,61997900,90443910
sh513280,恒生生物科技ETF汇添富,1.106,-0.045,-3.91,1.106,1.107,1.151,1.15,1.15,1.106,50274200,56484778
sh513260,恒生科技ETF汇添富,1.383,-0.051,-3.556,1.382,1.383,1.434,1.414,1.417,1.382,353989324,493794939
sh513230,港股通消费ETF华夏,1.053,-0.015,-1.404,1.053,1.054,1.068,1.067,1.077,1.053,40821600,43403482
sh513220,中概互联ETF,1.241,-0.033,-2.59,1.24,1.241,1.274,1.277,1.277,1.24,48842800,61115708
sh513210,恒生ETF易方达,1.612,-0.05,-3.008,1.611,1.612,1.662,1.643,1.653,1.61,2824000,4592096
sh513200,港股通医药ETF易方达,1.071,-0.039,-3.514,1.07,1.072,1.11,1.108,1.11,1.07,83792131,91160946
sh513190,港股通金融ETF,1.793,-0.045,-2.448,1.792,1.793,1.838,1.83,1.837,1.791,328951600,597502309
sh513180,恒生科技指数ETF,0.722,-0.03,-3.989,0.722,0.723,0.752,0.742,0.743,0.72,8480469551,6192260212
sh513170,恒生央企ETF,1.563,-0.057,-3.519,1.563,1.565,1.62,1.596,1.61,1.56,10035300,15874476
sh513160,港股科技30ETF,1.208,-0.052,-4.127,1.208,1.209,1.26,1.246,1.247,1.205,457474200,559200273
sh513150,港股通科技ETF华泰柏瑞,1.12,-0.046,-3.945,1.118,1.12,1.166,1.151,1.152,1.115,45168500,51040667
sh513140,港股金融ETF,1.669,-0.037,-2.169,1.668,1.671,1.706,1.703,1.704,1.665,48314300,81560242
sh513130,恒生科技ETF,0.707,-0.03,-4.071,0.707,0.708,0.737,0.727,0.727,0.705,10067690828,7197483350
sh513120,港股创新药ETF,1.224,-0.047,-3.698,1.224,1.225,1.271,1.265,1.269,1.222,2349695335,2917266541
sh513110,纳斯达克100ETF,2.071,-0.051,-2.403,2.071,2.072,2.122,2.1,2.108,2.066,103619917,216793836
sh513100,纳指ETF,1.833,-0.048,-2.552,1.833,1.834,1.881,1.858,1.875,1.831,339912039,628621227
sh513090,香港证券ETF易方达,2.042,-0.05,-2.39,2.041,2.042,2.092,2.079,2.116,2.036,3712164156,7710268187
sh513080,法国CAC40ETF,1.753,-0.022,-1.239,1.753,1.754,1.775,1.782,1.783,1.75,29193300,51538480
sh513070,港股通消费ETF易方达,1.335,-0.023,-1.694,1.335,1.336,1.358,1.352,1.363,1.334,87749000,118288775
sh513060,恒生医疗ETF博时,0.605,-0.02,-3.2,0.604,0.605,0.625,0.623,0.624,0.603,1235838772,757080283
sh513050,中概互联网ETF易方达,1.471,-0.051,-3.351,1.47,1.471,1.522,1.496,1.506,1.47,2023863682,3010512605
sh513040,港股通互联网ETF易方达,1.422,-0.053,-3.593,1.421,1.422,1.475,1.457,1.462,1.418,342194671,492659942
sh513030,德国ETF,1.855,-0.03,-1.592,1.855,1.856,1.885,1.885,1.893,1.851,55231400,103373591
sh513020,港股科技ETF,1.102,-0.049,-4.257,1.102,1.103,1.151,1.137,1.137,1.1,269736700,300561357
sh513010,恒生科技ETF易方达,0.739,-0.032,-4.15,0.738,0.739,0.771,0.76,0.761,0.737,2134606401,1594394188
sh513000,日经225ETF易方达,1.85,-0.042,-2.22,1.85,1.851,1.892,1.905,1.91,1.845,87129338,163239959
sh512990,MSCIA股ETF华夏,1.974,-0.044,-2.18,1.967,1.974,2.018,2.018,2.018,1.968,5762300,11420131
sh512980,传媒ETF,1.184,-0.035,-2.871,1.183,1.186,1.219,1.208,1.23,1.182,880303065,1065112402
sh512970,大湾区ETF,1.477,-0.04,-2.637,1.476,1.477,1.517,1.502,1.517,1.477,1050900,1569048
sh512960,央企结构调整ETF,1.46,-0.042,-2.796,1.458,1.468,1.502,1.487,1.496,1.458,5350300,7877415
sh512950,央企改革ETF华夏,1.516,-0.038,-2.445,1.515,1.516,1.554,1.544,1.547,1.513,8312044,12695181
sh512930,AI人工智能ETF,2.316,-0.061,-2.566,2.316,2.317,2.377,2.377,2.406,2.31,79906011,188264178
sh512910,中证A100ETF,1.282,-0.033,-2.51,1.282,1.283,1.315,1.317,1.317,1.278,13906600,18031998
sh512900,证券ETF南方,1.165,-0.017,-1.438,1.164,1.165,1.182,1.177,1.194,1.162,42452300,50021097
sh512890,红利低波ETF华泰柏瑞,1.154,-0.014,-1.199,1.154,1.155,1.168,1.165,1.17,1.151,825324152,958395402
sh512880,证券ETF,1.178,-0.016,-1.34,1.177,1.178,1.194,1.192,1.207,1.175,2130048681,2536826014
sh512870,杭州湾区ETF,1.465,-0.048,-3.173,1.465,1.468,1.513,1.494,1.507,1.464,307600,458910
sh512820,银行ETF汇添富,1.36,0.005,0.369,1.359,1.36,1.355,1.356,1.377,1.356,106978200,146082004
sh512810,军工ETF华宝,0.821,-0.015,-1.794,0.82,0.821,0.836,0.835,0.851,0.82,66466600,55245338
sh512800,银行ETF,0.776,0.001,0.129,0.776,0.777,0.775,0.774,0.786,0.773,1725774715,1344155697
sh512770,战略新兴ETF,2.138,-0.046,-2.106,2.123,2.138,2.184,2.195,2.219,2.125,1956300,4217061
sh512760,芯片ETF,1.78,-0.095,-5.067,1.781,1.782,1.875,1.855,1.858,1.773,281317686,508952481
sh512750,基本面50ETF嘉实,1.439,-0.021,-1.438,1.438,1.439,1.46,1.46,1.465,1.438,3716800,5382004
sh512730,银行ETF鹏华,1.589,0.004,0.252,1.59,1.591,1.585,1.595,1.611,1.585,9549600,15267195
sh512720,计算机ETF,1.287,-0.042,-3.16,1.287,1.288,1.329,1.316,1.333,1.285,29850900,39026874
sh512710,军工龙头ETF,0.819,-0.015,-1.799,0.818,0.819,0.834,0.83,0.849,0.818,809466059,671820107
sh512700,银行ETF南方,1.517,0.004,0.264,1.516,1.517,1.513,1.513,1.537,1.513,133458000,203390251
sh512690,酒ETF,0.549,0.008,1.479,0.549,0.55,0.541,0.536,0.566,0.536,4221753688,2336756188
sh512680,军工ETF广发,1.454,-0.026,-1.757,1.453,1.454,1.48,1.468,1.505,1.451,60532900,89130057
sh512670,国防ETF,0.962,-0.021,-2.136,0.961,0.962,0.983,0.98,0.999,0.96,133486202,130299761
sh512660,军工ETF,1.42,-0.026,-1.798,1.419,1.42,1.446,1.444,1.469,1.416,287963961,414512687
sh512650,长三角ETF汇添富,1.299,-0.029,-2.184,1.298,1.304,1.328,1.334,1.338,1.298,6877900,9069315
sh512640,金融地产ETF嘉实,2.436,-0.01,-0.409,2.434,2.441,2.446,2.397,2.485,2.397,3230300,7961629
sh512630,卫星ETF广发,1.584,-0.031,-1.92,1.583,1.584,1.615,1.62,1.66,1.581,158561700,256480606
sh512620,农业ETF天弘,1.003,-0.047,-4.476,1.002,1.003,1.05,1.044,1.044,1.001,14232300,14533386
sh512600,消费ETF嘉实,0.664,-0.002,-0.3,0.663,0.664,0.666,0.662,0.678,0.66,43755800,29142633
sh512580,环保ETF,1.294,-0.015,-1.146,1.293,1.294,1.309,1.315,1.325,1.29,11041000,14462487
sh512570,证券ETF易方达,1.181,-0.015,-1.254,1.181,1.182,1.196,1.196,1.211,1.179,63144800,75526443
sh512560,军工ETF易方达,0.875,-0.019,-2.125,0.875,0.876,0.894,0.89,0.907,0.875,58414260,51966164
sh512550,富时A50ETF嘉实,1.749,-0.028,-1.576,1.749,1.753,1.777,1.76,1.79,1.745,11314500,20006368
sh512530,沪深300红利ETF建信,1.548,-0.032,-2.025,1.547,1.549,1.58,1.573,1.573,1.543,2224700,3463145
sh512520,MSCIETF,1.437,-0.038,-2.576,1.436,1.44,1.475,1.46,1.476,1.436,1520800,2202294
sh512510,中证500ETF华泰柏瑞,2.339,-0.104,-4.257,2.339,2.352,2.443,2.425,2.431,2.336,13004930,30973996
sh512500,中证500ETF华夏,4.472,-0.193,-4.137,4.463,4.468,4.665,4.603,4.648,4.448,197376188,896325477
sh512480,半导体ETF,1.618,-0.093,-5.435,1.619,1.62,1.711,1.682,1.695,1.613,1474412623,2426779641
sh512400,有色金属ETF,2.105,-0.234,-10.004,0.0,2.105,2.339,2.105,2.22,2.105,2122540535,4587158434
sh512390,平安MSCI低波ETF,1.21,-0.036,-2.889,1.21,1.213,1.246,1.26,1.26,1.21,498300,606494
sh512380,MSCI中国ETF,1.593,-0.044,-2.688,1.59,1.599,1.637,1.621,1.652,1.592,8535700,13705325
sh512370,A500增强ETF华夏,1.144,-0.026,-2.222,1.143,1.144,1.17,1.168,1.17,1.141,1178800,1361571
sh512360,MSCI中国A股ETF基金,1.779,-0.046,-2.521,1.78,1.788,1.825,1.828,1.828,1.779,207300,372084
sh512330,信息科技ETF南方,1.573,-0.085,-5.127,1.57,1.575,1.658,1.646,1.647,1.57,3289800,5267161
sh512290,生物医药ETF,0.989,-0.025,-2.465,0.989,0.99,1.014,1.009,1.013,0.986,153608540,153410725
sh512260,中证500低波动ETF,1.944,-0.08,-3.953,1.944,1.956,2.024,2.004,2.004,1.935,942100,1853999
sh512250,中证A50ETF招商,1.192,-0.034,-2.773,1.186,1.192,1.226,1.227,1.227,1.186,2455800,2954774
sh512240,A50ETF鹏华,1.131,-0.029,-2.5,1.13,1.134,1.16,1.141,1.16,1.13,1868000,2157243
sh512220,TMTETF,2.959,-0.139,-4.487,2.963,2.966,3.098,3.07,3.101,2.957,6531712,19775262
sh512200,房地产ETF,1.494,-0.052,-3.364,1.493,1.494,1.546,1.531,1.544,1.49,185841349,282864983
sh512190,浙商之江凤凰ETF,2.747,-0.082,-2.899,2.74,2.75,2.829,2.829,2.829,2.74,340300,950615
sh512180,MSCIA股ETF建信,1.689,-0.035,-2.03,1.68,1.689,1.724,1.74,1.74,1.689,249600,423440
sh512170,医疗ETF,0.348,-0.008,-2.247,0.348,0.349,0.356,0.355,0.358,0.348,2403276344,848023722
sh512160,MSCI中国A股ETF南方,1.476,-0.045,-2.959,1.476,1.482,1.521,1.519,1.52,1.476,4109100,6130291
sh512150,富时A50ETF汇安,1.853,-0.029,-1.541,1.847,1.853,1.882,1.844,1.885,1.844,1571400,2930647
sh512130,全指现金流ETF鹏华,1.275,-0.055,-4.135,1.275,1.285,1.33,1.318,1.328,1.267,3280400,4256952
sh512120,医药50ETF,0.443,-0.012,-2.637,0.443,0.444,0.455,0.453,0.455,0.443,27549500,12344996
sh512100,中证1000ETF,3.175,-0.136,-4.108,3.174,3.175,3.311,3.274,3.297,3.171,1501811180,4836900740
sh512090,MSCIA股ETF易方达,1.934,-0.046,-2.323,1.931,1.933,1.98,1.964,1.979,1.927,103465900,202591491
sh512080,A500ETF中金,1.297,-0.035,-2.628,1.291,1.297,1.332,1.328,1.332,1.291,38312200,50124822
sh512070,证券保险ETF易方达,0.902,-0.012,-1.313,0.902,0.903,0.914,0.912,0.929,0.9,933717480,853478140
sh512060,中证A100ETF天弘,1.203,-0.013,-1.069,1.186,1.209,1.216,1.213,1.217,1.186,6463400,7758526
sh512050,A500ETF基金,1.204,-0.035,-2.825,1.204,1.206,1.239,1.223,1.239,1.201,12271213217,15045887426
sh512040,价值100ETF,1.211,-0.038,-3.042,1.211,1.212,1.249,1.242,1.244,1.205,81454100,100018657
sh512030,中证A50增强ETF易方达,1.093,-0.029,-2.585,1.093,1.098,1.122,1.118,1.126,1.093,2156600,2365601
sh512020,A500ETF鹏华,1.278,-0.037,-2.814,1.277,1.278,1.315,1.299,1.311,1.271,72341854,93755030
sh512010,医药ETF易方达,0.372,-0.008,-2.105,0.371,0.372,0.38,0.378,0.381,0.371,1841039242,690799720
sh512000,券商ETF,0.563,-0.007,-1.228,0.562,0.563,0.57,0.568,0.577,0.561,2369214076,1347960088
sh511990,华宝添益ETF,100.004,0.003,0.003,100.004,100.005,100.001,99.993,100.006,99.985,213507805,21349985067
sh511980,现金添富ETF,100.068,-0.005,-0.005,100.044,100.069,100.073,100.05,100.079,100.041,4000,400215
sh511970,国寿货币ETF,100.019,0.014,0.014,100.011,100.028,100.005,100.001,100.029,100.001,15994,1599574
sh511960,货币ETF嘉实,100.013,0.009,0.009,100.002,100.013,100.004,100.002,100.015,100.0,80001,8000406
sh511950,添利货币ETF,100.023,0.007,0.007,100.023,100.027,100.016,100.03,100.05,100.009,3500,350081
sh511930,货币ETF国联,100.005,0.001,0.001,100.003,100.015,100.004,100.001,100.019,100.001,4500,450029
sh511920,广发货币ETF,100.004,-0.001,-0.001,100.004,100.013,100.005,100.001,100.017,100.0,7887,788740
sh511910,融通货币ETF,100.007,0.001,0.001,100.006,100.007,100.006,100.045,100.045,100.001,8062,806257
sh511900,富国货币ETF,100.001,-0.002,-0.002,100.0,100.001,100.003,99.998,100.001,99.995,364535,36453025
sh511880,银华日利ETF,100.158,0.021,0.021,100.156,100.157,100.137,100.135,100.162,100.131,219787879,22009576511
sh511860,保证金货币ETF,100.006,0.005,0.005,99.955,100.008,100.001,99.996,100.006,99.996,42300,4229979
sh511850,财富宝ETF,100.0,-0.007,-0.007,100.0,100.001,100.007,99.999,100.001,99.996,3057999,305795711
sh511830,华泰货币ETF,100.006,-0.013,-0.013,100.0,100.006,100.019,100.016,100.016,100.0,21400,2140072
sh511820,鹏华添利ETF,100.017,0.015,0.015,100.017,100.02,100.002,100.005,100.032,100.0,16226,1622874
sh511810,货币ETF南方,100.006,-0.029,-0.029,100.001,100.006,100.035,100.008,100.008,99.996,250696,25069840
sh511800,易方达货币ETF,100.004,0.0,0.0,100.004,100.005,100.004,100.0,100.005,99.99,97406,9740744
sh511770,金鹰增益货币ETF,100.079,0.068,0.068,100.069,100.105,100.011,100.013,100.222,100.011,61369,6139177
sh511700,场内货币ETF,99.999,-0.009,-0.009,99.999,100.0,100.008,99.999,100.003,99.996,1056402,105640070
sh511690,交易货币ETF大成,99.998,-0.006,-0.006,99.998,99.999,100.004,100.0,100.001,99.997,386955,38694890
sh511670,华泰天天金ETF,100.012,0.004,0.004,100.011,100.023,100.008,100.01,100.084,100.0,11343,1134466
sh511660,货币ETF建信,100.002,-0.006,-0.006,100.001,100.002,100.008,99.999,100.003,99.991,17252672,1725227611
sh511650,货币ETF华夏,100.003,-0.005,-0.005,100.004,100.006,100.008,100.008,100.018,100.0,47764,4776504
sh511620,货币ETF国泰,100.0,-0.01,-0.01,100.0,100.001,100.01,100.002,100.002,99.998,229160,22915940
sh511600,货币ETF,100.055,0.054,0.054,100.021,100.055,100.001,100.002,100.089,100.001,144009,14402784
sh511580,国债政金债ETF,108.677,0.031,0.029,108.651,108.677,108.646,108.65,108.685,108.626,18177200,1974833293
sh511520,政金债券ETF,115.316,0.065,0.056,115.314,115.317,115.251,115.346,115.365,115.268,34169200,3940188282
sh511380,可转债ETF博时,14.117,-0.352,-2.433,14.118,14.12,14.469,14.415,14.43,14.079,1456485805,20739147516
sh511360,短融ETF海富通,112.974,0.007,0.006,112.972,112.973,112.967,112.961,112.976,112.961,527321737,59568343788
sh511270,10年地方债ETF海富通,117.642,-0.033,-0.028,117.624,117.642,117.675,117.81,117.81,117.602,16055900,1888915185
sh511260,十年国债ETF,134.8,0.007,0.005,134.8,134.81,134.793,134.796,134.896,134.752,41674784,5618004241
sh511220,城投债ETF海富通,10.244,-0.006,-0.059,10.242,10.243,10.25,10.255,10.256,10.243,57714837,591501434
sh511200,信用债ETF华夏,101.136,0.001,0.001,101.12,101.145,101.135,101.137,101.195,101.099,57942600,5860316600
sh511190,信用债ETF海富通,100.588,-0.029,-0.029,100.588,100.613,100.617,100.624,100.675,100.539,6756800,679845683
sh511180,可转债ETF海富通,13.027,-0.275,-2.067,13.026,13.027,13.302,13.284,13.284,13.006,388094316,5094425972
sh511160,国债ETF东财,101.138,-0.001,-0.001,101.138,101.146,101.139,101.122,101.156,101.122,9021800,912554859
sh511150,科创债ETF永赢,100.474,0.004,0.004,100.474,100.497,100.47,100.474,100.529,100.474,57730700,5801358094
sh511130,30年国债ETF博时,104.916,0.303,0.29,104.91,104.911,104.613,104.9,105.119,104.738,32747595,3435666915
sh511120,科创债ETF广发,99.999,-0.001,-0.001,99.999,100.0,100.0,100.0,100.045,99.986,33078420,3308007297
sh511110,公司债ETF易方达,101.14,-0.027,-0.027,101.131,101.14,101.167,101.167,101.172,101.123,29150400,2948489151
sh511100,国债ETF华夏,107.727,0.117,0.109,107.701,107.728,107.61,107.681,107.85,107.625,100002600,10774997977
sh511090,30年国债ETF,114.976,0.322,0.281,114.975,114.98,114.654,114.935,115.179,114.767,44507535,5117018328
sh511070,公司债ETF南方,100.798,-0.008,-0.008,100.788,100.799,100.806,100.811,100.843,100.78,86130900,8683283573
sh511060,5年地方债ETF海富通,106.706,-0.024,-0.022,106.706,106.707,106.73,106.762,106.83,106.681,20078200,2142491166
sh511030,公司债ETF,106.91,-0.002,-0.002,106.901,106.909,106.912,106.938,106.938,106.9,29615930,3166112936
sh511020,国债ETF5至10年,115.841,-0.039,-0.034,115.841,115.846,115.88,115.962,115.988,115.8,137000,15874465
sh511010,国债ETF,140.432,0.003,0.002,140.416,140.435,140.429,140.449,140.477,140.4,20306330,2851431322
sh510990,180ESGETF工银,1.047,-0.035,-3.235,1.043,1.051,1.082,1.046,1.074,1.046,3455800,3663276
sh510980,上证指数ETF汇添富,1.398,-0.037,-2.578,1.396,1.398,1.435,1.423,1.429,1.394,56733500,80053899
sh510950,上证50ETF广发,1.287,-0.025,-1.905,1.286,1.287,1.312,1.301,1.316,1.279,25343900,32792363
sh510900,恒生中国企业ETF易方达,1.138,-0.04,-3.396,1.138,1.139,1.178,1.164,1.164,1.136,346470400,398418647
sh510880,红利ETF华泰柏瑞,3.046,-0.098,-3.117,3.044,3.047,3.144,3.137,3.138,3.042,401047605,1235729327
sh510850,上证50ETF工银,3.594,-0.068,-1.857,3.576,3.598,3.662,3.63,3.672,3.575,7320900,26576972
sh510810,上海国企ETF汇添富,0.93,-0.023,-2.413,0.928,0.93,0.953,0.948,0.953,0.929,9140700,8586671
sh510800,上证50ETF建信,1.418,-0.03,-2.072,1.416,1.42,1.448,1.443,1.453,1.416,5555500,7947069
sh510770,G60创新ETF申万菱信,0.851,-0.033,-3.733,0.838,0.851,0.884,0.86,0.875,0.831,4762800,4050231
sh510760,上证指数ETF国泰,1.299,-0.04,-2.987,1.298,1.3,1.339,1.329,1.331,1.297,173570600,227954626
sh510720,红利国企ETF国泰,0.953,-0.033,-3.347,0.952,0.953,0.986,0.98,0.982,0.952,332275000,320226840
sh510710,上证50ETF博时,4.3,-0.098,-2.228,4.289,4.299,4.398,4.354,4.394,4.28,10884535,46911916
sh510680,上证50ETF万家,3.215,-0.066,-2.012,3.206,3.215,3.281,3.281,3.29,3.201,2089600,6776174
sh510670,上证180ETF华夏,0.988,-0.033,-3.232,0.988,0.99,1.021,1.011,1.016,0.988,12337400,12388546
sh510660,医药ETF华夏,2.37,-0.06,-2.469,2.368,2.37,2.43,2.41,2.43,2.364,1170100,2803111
sh510650,金融地产ETF华夏,2.938,-0.039,-1.31,2.928,2.938,2.977,2.989,2.989,2.919,260500,771725
sh510630,消费ETF华夏,0.916,0.004,0.439,0.915,0.916,0.912,0.912,0.936,0.911,43079700,39737118
sh510600,上证50ETF申万菱信,3.928,-0.104,-2.579,3.928,3.944,4.032,4.04,4.04,3.927,1104600,4375458
sh510590,中证500ETF平安,8.529,-0.394,-4.416,8.515,8.534,8.923,8.836,8.878,8.51,500800,4380453
sh510580,中证500ETF易方达,4.13,-0.184,-4.265,4.128,4.13,4.314,4.262,4.3,4.12,20208215,85139140
sh510570,中证500ETF兴业,1.249,-0.041,-3.178,1.245,1.255,1.29,1.29,1.302,1.249,1034500,1327353
sh510560,中证500ETF国寿,1.961,-0.12,-5.766,1.961,1.969,2.081,2.062,2.072,1.961,845700,1684777
sh510550,方正中证500ETF,2.037,-0.083,-3.915,2.02,2.037,2.12,2.099,2.111,2.027,1089300,2262479
sh510530,中证500ETF工银,8.712,-0.454,-4.953,8.68,8.717,9.166,9.074,9.074,8.682,1254500,11069142
sh510510,中证500ETF广发,2.566,-0.097,-3.643,2.566,2.567,2.663,2.631,2.651,2.557,31695700,82304600
sh510500,中证500ETF,8.049,-0.391,-4.633,8.047,8.051,8.44,8.33,8.4,8.045,1947386933,15911074106
sh510410,资源ETF,1.951,-0.195,-9.087,1.947,1.963,2.146,2.005,2.063,1.942,41518257,83548880
sh510390,沪深300ETF平安,5.148,-0.116,-2.204,5.134,5.148,5.264,5.245,5.294,5.148,1389069,7218448
sh510380,沪深300ETF国寿,1.36,-0.028,-2.017,1.352,1.36,1.388,1.388,1.388,1.355,713700,981964
sh510370,沪深300ETF兴业,1.028,-0.021,-2.002,1.025,1.028,1.049,1.042,1.046,1.022,2290100,2367754
sh510360,沪深300ETF广发,1.75,-0.038,-2.125,1.747,1.749,1.788,1.775,1.79,1.74,51459100,90642117
sh510350,沪深300ETF工银,4.808,-0.097,-1.978,4.789,4.808,4.905,4.9,4.917,4.778,19654280,95042099
sh510330,沪深300ETF华夏,4.799,-0.1,-2.041,4.798,4.799,4.899,4.858,4.913,4.778,469898567,2273605681
sh510320,沪深300ETF中金,1.237,-0.026,-2.059,1.236,1.237,1.263,1.266,1.267,1.235,4887200,6091649
sh510310,沪深300ETF易方达,4.455,-0.099,-2.174,4.452,4.453,4.554,4.516,4.564,4.439,707241183,3179671463
sh510300,沪深300ETF华泰柏瑞,4.6,-0.111,-2.356,4.601,4.602,4.711,4.68,4.719,4.591,2651134391,12299263716
sh510290,上证380ETF南方,2.615,-0.094,-3.47,2.615,2.62,2.709,2.689,2.695,2.611,1732500,4602277
sh510270,国企ETF,1.517,-0.049,-3.129,1.517,1.519,1.566,1.552,1.555,1.517,4213700,6500339
sh510230,金融ETF,1.347,-0.007,-0.517,1.346,1.347,1.354,1.352,1.373,1.344,51007500,69272856
sh510210,上证指数ETF,1.008,-0.026,-2.515,1.007,1.008,1.034,1.026,1.031,1.006,1201737685,1222242353
sh510200,上证券商ETF汇安,1.268,-0.011,-0.86,1.268,1.269,1.279,1.278,1.292,1.263,6034700,7708494
sh510190,上证50ETF华安,4.377,-0.094,-2.102,4.368,4.401,4.471,4.426,4.47,4.359,1552700,6815977
sh510180,上证180ETF,4.065,-0.118,-2.821,4.06,4.07,4.183,4.171,4.171,4.05,30959000,127336932
sh510170,大宗商品ETF,1.353,-0.137,-9.195,1.351,1.352,1.49,1.39,1.428,1.35,80114600,111536333
sh510160,产业升级ETF南方,0.931,-0.026,-2.717,0.928,0.933,0.957,0.965,0.965,0.929,618600,586999
sh510150,消费ETF,0.54,-0.008,-1.46,0.539,0.54,0.548,0.546,0.552,0.539,134482993,73392707
sh510130,上证中盘ETF易方达,7.181,-0.169,-2.299,7.134,7.181,7.35,7.392,7.392,7.133,478900,3459934
sh510100,上证50ETF易方达,3.002,-0.064,-2.087,3.001,3.003,3.066,3.037,3.074,2.993,253118579,765388912
sh510090,责任ETF建信,2.666,-0.044,-1.624,2.663,2.677,2.71,2.693,2.709,2.666,16900,45288
sh510060,央企ETF工银,2.622,-0.038,-1.429,2.621,2.622,2.66,2.65,2.66,2.61,325400,857702
sh510050,上证50ETF,3.08,-0.067,-2.129,3.082,3.083,3.147,3.13,3.154,3.071,1693065318,5253679671
sh510040,上证180ETF鹏华,1.179,-0.036,-2.963,1.176,1.186,1.215,1.212,1.212,1.179,4019400,4773972
sh510030,价值ETF,1.066,-0.014,-1.296,1.067,1.07,1.08,1.081,1.088,1.066,12394800,13406252
sh510020,超大盘ETF,3.845,-0.107,-2.707,3.843,3.844,3.952,3.965,3.965,3.844,258200,1000824
sh510010,180治理ETF,1.787,-0.053,-2.88,1.788,1.806,1.84,1.817,1.822,1.785,218900,394989
