time,隔夜,1周,2周,1月,3月,6月,9月,1年
2015-05-08,1.443,2.334,2.834,3.211,3.7985,4.1831,4.396,4.5
2017-03-17,2.633,2.725,3.236,4.2775,4.3507,4.2909,4.134,4.1246
2017-03-20,2.6325,2.7471,3.269,4.3172,4.3711,4.3091,4.1504,4.1435
2017-03-21,2.6477,2.768,3.307,4.3558,4.3846,4.3218,4.1621,4.1559
2017-03-22,2.6507,2.791,3.3372,4.3959,4.4077,4.346,4.1713,4.1649
2017-03-23,2.657,2.807,3.365,4.4475,4.4396,4.3592,4.1772,4.1717
2017-03-24,2.604,2.784,3.362,4.4581,4.4516,4.3663,4.1788,4.1835
2017-03-27,2.482,2.7993,3.3378,4.4296,4.4364,4.3597,4.1829,4.1874
2017-03-28,2.448,2.791,3.3341,4.4105,4.423,4.356,4.1883,4.1918
2017-03-29,2.521,2.81,3.3544,4.3955,4.4135,4.353,4.1919,4.1952
2017-03-30,2.507,2.821,3.383,4.3843,4.3995,4.349,4.1942,4.2006
2017-03-31,2.5384,2.85,3.405,4.3501,4.393,4.35,4.195,4.2
2017-04-01,2.497,2.778,3.356,4.317,4.3642,4.351,4.197,4.2
2017-04-05,2.4868,2.74,3.3053,4.2525,4.3355,4.347,4.197,4.2
2017-04-06,2.537,2.7506,3.2754,4.1783,4.3183,4.345,4.197,4.2
2017-04-07,2.4957,2.741,3.249,4.118,4.301,4.339,4.197,4.2
2017-04-10,2.442,2.707,3.2203,4.0746,4.2906,4.332,4.1977,4.201
2017-04-11,2.408,2.687,3.1897,4.0382,4.2774,4.322,4.1975,4.201
2017-04-12,2.3885,2.6631,3.1637,4.0132,4.2653,4.316,4.1968,4.2011
2017-04-13,2.413,2.6566,3.1553,4.0016,4.2631,4.3166,4.1987,4.2022
2017-04-14,2.429,2.674,3.1617,3.9972,4.2634,4.3177,4.1989,4.2013
2017-04-17,2.444,2.69,3.1735,3.9972,4.2609,4.3148,4.1989,4.2022
2017-04-18,2.486,2.7175,3.188,3.9978,4.2621,4.3145,4.1999,4.2023
2017-04-19,2.575,2.752,3.2125,4.0008,4.2661,4.3225,4.2069,4.2113
2017-04-20,2.5987,2.758,3.2275,4.005,4.2725,4.3242,4.2096,4.2121
2017-04-21,2.6163,2.76,3.229,4.0095,4.2781,4.3254,4.2139,4.2145
2017-04-24,2.7157,2.79,3.241,4.01,4.2789,4.3276,4.2164,4.2175
2017-04-25,2.7514,2.814,3.268,4.01,4.2839,4.3288,4.2217,4.2228
2017-04-26,2.759,2.8203,3.2799,4.011,4.2884,4.3309,4.2232,4.2243
2017-04-27,2.792,2.8449,3.2935,4.0161,4.2917,4.3331,4.2244,4.2255
2017-04-28,2.819,2.8699,3.3038,4.0237,4.2974,4.3364,4.2265,4.2296
2017-05-02,2.8175,2.873,3.317,4.027,4.3002,4.3397,4.2317,4.233
2017-05-03,2.8451,2.913,3.349,4.0361,4.3309,4.35,4.2412,4.2453
2017-05-04,2.8506,2.927,3.365,4.0436,4.3476,4.3602,4.2449,4.2503
2017-05-05,2.8348,2.9186,3.366,4.0469,4.3608,4.3664,4.2466,4.2512
2017-05-08,2.818,2.9091,3.3683,4.0447,4.3731,4.3744,4.251,4.2555
2017-05-09,2.8199,2.9233,3.3752,4.0441,4.3848,4.3799,4.2557,4.2612
2017-05-10,2.827,2.93,3.3805,4.0463,4.3933,4.3857,4.2623,4.2674
2017-05-11,2.813,2.9294,3.3846,4.0507,4.4083,4.392,4.2644,4.2715
2017-05-12,2.7911,2.9107,3.3872,4.0468,4.4088,4.3952,4.2665,4.2724
2017-05-15,2.716,2.8833,3.389,4.0462,4.4184,4.3996,4.2679,4.2739
2017-05-16,2.746,2.8827,3.393,4.0477,4.4278,4.402,4.2727,4.2784
2017-05-17,2.7525,2.882,3.397,4.0495,4.4349,4.4021,4.2765,4.2831
2017-05-18,2.7641,2.8867,3.4134,4.0525,4.4439,4.4043,4.2814,4.2864
2017-05-19,2.715,2.88,3.419,4.0571,4.4641,4.413,4.285,4.2925
2017-05-22,2.6745,2.8679,3.4366,4.061,4.4744,4.4148,4.2881,4.3024
2017-05-23,2.654,2.8571,3.4489,4.0624,4.4956,4.4215,4.2965,4.3137
2017-05-24,2.623,2.8426,3.4513,4.0643,4.5177,4.4262,4.3107,4.322
2017-05-25,2.611,2.843,3.4576,4.0646,4.5338,4.4368,4.3251,4.3342
2017-05-26,2.609,2.853,3.4644,4.0655,4.5424,4.4437,4.3346,4.3435
2017-05-27,2.601,2.854,3.4664,4.0685,4.5528,4.4481,4.3414,4.3544
2017-05-31,2.6365,2.856,3.4711,4.0763,4.5641,4.4499,4.3443,4.3579
2017-06-01,2.6525,2.866,3.4738,4.1013,4.5779,4.451,4.3487,4.37
2017-06-02,2.7953,2.884,3.484,4.1892,4.6012,4.449,4.3529,4.3773
2017-06-05,2.8167,2.894,3.493,4.283,4.6225,4.4542,4.3623,4.3862
2017-06-06,2.8419,2.8959,3.4992,4.3633,4.6577,4.4631,4.3668,4.3922
2017-06-07,2.809,2.8919,3.5119,4.4304,4.6988,4.4844,4.3758,4.3991
2017-06-08,2.8199,2.8939,3.526,4.5146,4.7306,4.4955,4.3836,4.406
2017-06-09,2.8275,2.8949,3.535,4.5854,4.7555,4.5056,4.3884,4.4116
2017-06-12,2.8302,2.8968,3.5495,4.6273,4.7763,4.5176,4.3891,4.4172
2017-06-13,2.832,2.9,3.557,4.6529,4.7827,4.5258,4.3949,4.4208
2017-06-14,2.825,2.9026,3.566,4.6826,4.7827,4.5326,4.3985,4.4231
2017-06-15,2.8317,2.9047,3.569,4.6946,4.7723,4.5353,4.4039,4.4264
2017-06-16,2.8528,2.914,3.5833,4.699,4.7613,4.5416,4.4064,4.4297
2017-06-19,2.8635,2.9204,3.6223,4.6979,4.747,4.543,4.4094,4.431
2017-06-20,2.8776,2.93,3.6501,4.6584,4.7141,4.5389,4.414,4.4368
2017-06-21,2.889,2.9429,3.687,4.6322,4.688,4.5349,4.4181,4.4359
2017-06-22,2.869,2.9432,3.7333,4.607,4.6521,4.5306,4.4177,4.4342
2017-06-23,2.81,2.936,3.7634,4.589,4.63,4.5277,4.4167,4.4345
2017-06-26,2.717,2.9063,3.764,4.5738,4.6125,4.521,4.4154,4.4369
2017-06-27,2.626,2.8834,3.765,4.548,4.5833,4.5134,4.411,4.433
2017-06-28,2.5596,2.8577,3.762,4.5219,4.5522,4.4998,4.4086,4.4299
2017-06-29,2.539,2.8507,3.7595,4.4955,4.5211,4.4833,4.402,4.4193
2017-06-30,2.618,2.8455,3.751,4.4608,4.5009,4.4743,4.4006,4.4203
2017-07-03,2.72,2.841,3.745,4.4252,4.4857,4.47,4.4005,4.4193
2017-07-04,2.6897,2.8299,3.7342,4.3987,4.4606,4.4569,4.4,4.4162
2017-07-05,2.583,2.8028,3.7206,4.338,4.4285,4.4431,4.4,4.413
2017-07-06,2.5473,2.7919,3.708,4.2762,4.3876,4.4274,4.399,4.4108
2017-07-07,2.533,2.7858,3.699,4.215,4.3607,4.41,4.398,4.4091
2017-07-10,2.549,2.784,3.693,4.161,4.3421,4.4006,4.398,4.4073
2017-07-11,2.621,2.812,3.691,4.1205,4.3212,4.3995,4.398,4.4075
2017-07-12,2.646,2.8156,3.6918,4.0848,4.3088,4.3909,4.3961,4.4066
2017-07-13,2.659,2.8184,3.694,4.0675,4.29,4.3879,4.3978,4.4074
2017-07-14,2.627,2.803,3.686,4.0397,4.281,4.385,4.395,4.4051
2017-07-17,2.6329,2.8057,3.6809,4.012,4.2706,4.379,4.3929,4.405
2017-07-18,2.701,2.8293,3.6926,3.9989,4.2666,4.3692,4.3879,4.4034
2017-07-19,2.722,2.842,3.6973,3.992,4.26,4.3685,4.3854,4.4008
2017-07-20,2.7534,2.853,3.705,3.9792,4.2551,4.3597,4.3812,4.3976
2017-07-21,2.733,2.847,3.702,3.9497,4.255,4.3517,4.3804,4.3977
2017-07-24,2.708,2.845,3.699,3.93,4.255,4.3453,4.3782,4.396
2017-07-25,2.7147,2.849,3.698,3.9205,4.254,4.3444,4.377,4.3935
2017-07-26,2.725,2.849,3.6997,3.9086,4.251,4.3434,4.3759,4.3904
2017-07-27,2.786,2.8626,3.703,3.8994,4.25,4.3432,4.376,4.3908
2017-07-28,2.8152,2.877,3.703,3.8915,4.2514,4.3481,4.3761,4.3892
2017-07-31,2.806,2.882,3.705,3.889,4.2561,4.3493,4.379,4.3881
2017-08-01,2.8093,2.886,3.708,3.8886,4.2631,4.3518,4.3815,4.3931
2017-08-02,2.832,2.892,3.707,3.8875,4.2681,4.3521,4.3837,4.3961
2017-08-03,2.807,2.884,3.7037,3.8884,4.2704,4.3563,4.3838,4.3982
2017-08-04,2.721,2.8657,3.7,3.8828,4.2724,4.3562,4.3822,4.3979
2017-08-07,2.736,2.865,3.699,3.8781,4.2733,4.3573,4.3821,4.398
2017-08-08,2.784,2.871,3.701,3.8755,4.2735,4.3614,4.3821,4.397
2017-08-09,2.8018,2.8821,3.702,3.8756,4.2818,4.3633,4.3823,4.398
2017-08-10,2.797,2.8767,3.702,3.8691,4.2867,4.3636,4.3836,4.3985
2017-08-11,2.79,2.8725,3.7,3.8627,4.2979,4.3673,4.3837,4.3985
2017-08-14,2.7743,2.868,3.7,3.8512,4.3148,4.3763,4.3859,4.3981
2017-08-15,2.798,2.874,3.7,3.848,4.3268,4.3795,4.3888,4.3999
2017-08-16,2.8213,2.88,3.702,3.85,4.3363,4.3787,4.3892,4.4
2017-08-17,2.8352,2.8927,3.708,3.8582,4.3417,4.3818,4.3899,4.4
2017-08-18,2.8355,2.894,3.7154,3.8644,4.344,4.3836,4.3912,4.401
2017-08-21,2.8482,2.897,3.7247,3.8671,4.3464,4.3847,4.3923,4.402
2017-08-22,2.8171,2.8985,3.7279,3.8712,4.3505,4.3872,4.3924,4.4032
2017-08-23,2.8453,2.9028,3.7323,3.8757,4.3571,4.3892,4.3929,4.4041
2017-08-24,2.8479,2.904,3.7385,3.8839,4.3619,4.3896,4.394,4.4051
2017-08-25,2.855,2.9098,3.739,3.8872,4.3689,4.3898,4.3945,4.4068
2017-08-28,2.851,2.9064,3.7399,3.8915,4.374,4.3924,4.3975,4.4078
2017-08-29,2.922,2.921,3.7447,3.8962,4.3765,4.3937,4.4008,4.4107
2017-08-30,2.9237,2.9266,3.75,3.9055,4.3867,4.3968,4.4018,4.4133
2017-08-31,2.831,2.8879,3.7336,3.892,4.3728,4.3884,4.3945,4.4038
2017-09-01,2.813,2.8764,3.7262,3.892,4.3741,4.3861,4.3919,4.4023
2017-09-04,2.75,2.8572,3.7238,3.9032,4.4023,4.3919,4.3916,4.4017
2017-09-05,2.665,2.8202,3.715,3.9094,4.4173,4.3961,4.3942,4.4032
2017-09-06,2.641,2.8092,3.713,3.919,4.4271,4.3981,4.3965,4.4034
2017-09-07,2.6406,2.8056,3.711,3.9335,4.4348,4.4014,4.4006,4.4055
2017-09-08,2.636,2.8023,3.7088,3.937,4.4281,4.4019,4.4011,4.4059
2017-09-11,2.644,2.8014,3.7085,3.9339,4.4034,4.3974,4.4011,4.4033
2017-09-12,2.6483,2.8036,3.7085,3.9354,4.3768,4.3908,4.397,4.4009
2017-09-13,2.65,2.8056,3.7103,3.9305,4.3711,4.3891,4.3957,4.401
2017-09-14,2.681,2.8239,3.713,3.9361,4.3675,4.3874,4.397,4.399
2017-09-15,2.6958,2.832,3.7218,3.951,4.3647,4.387,4.398,4.4015
2017-09-18,2.756,2.844,3.737,3.9667,4.3643,4.3874,4.3976,4.4012
2017-09-19,2.832,2.868,3.7524,3.9815,4.3638,4.3903,4.3988,4.4032
2017-09-20,2.79,2.869,3.758,3.9854,4.367,4.3918,4.3989,4.404
2017-09-21,2.8057,2.869,3.7639,3.9897,4.3675,4.3919,4.397,4.4031
2017-09-22,2.756,2.858,3.7659,3.9908,4.3611,4.39,4.399,4.4028
2017-09-25,2.758,2.8987,3.7719,3.9941,4.3578,4.3884,4.3977,4.4033
2017-09-26,2.837,2.9291,3.7811,4.0062,4.3558,4.3875,4.3978,4.404
2017-09-27,2.863,2.9494,3.791,4.0174,4.3565,4.3875,4.399,4.4048
2017-09-28,2.917,2.9675,3.7929,4.0565,4.356,4.3866,4.398,4.4049
2017-09-29,2.804,2.9639,3.8077,4.0743,4.3561,4.3865,4.3976,4.4043
2017-09-30,2.938,2.9671,3.8194,4.0693,4.3565,4.3863,4.3975,4.404
2017-10-09,2.74,2.9201,3.818,4.0614,4.3502,4.3878,4.399,4.403
2017-10-10,2.738,2.939,3.813,4.056,4.3541,4.3868,4.398,4.403
2017-10-11,2.741,2.9247,3.8097,4.052,4.3555,4.3872,4.3983,4.4025
2017-10-12,2.657,2.886,3.7989,4.0512,4.3581,4.3877,4.3973,4.401
2017-10-13,2.605,2.8516,3.7923,4.049,4.3599,4.3868,4.398,4.4017
2017-10-16,2.594,2.848,3.7784,4.0427,4.3668,4.3875,4.3978,4.4012
2017-10-17,2.6003,2.8483,3.7732,4.0356,4.3711,4.388,4.3979,4.4015
2017-10-18,2.596,2.8468,3.7719,4.0342,4.3729,4.3887,4.3978,4.4018
2017-10-19,2.592,2.8405,3.7758,4.0285,4.3737,4.3892,4.3977,4.4016
2017-10-20,2.5782,2.8379,3.7812,4.0235,4.3758,4.3883,4.399,4.4032
2017-10-23,2.616,2.8341,3.7879,4.02,4.3793,4.3888,4.398,4.4032
2017-10-24,2.634,2.8343,3.795,4.0186,4.3803,4.3892,4.398,4.4017
2017-10-25,2.664,2.8594,3.802,4.0188,4.383,4.3891,4.398,4.4029
2017-10-26,2.6937,2.8699,3.807,4.019,4.3845,4.3916,4.3988,4.4049
2017-10-27,2.7181,2.8788,3.8206,4.0194,4.3901,4.3926,4.4001,4.4045
2017-10-30,2.72,2.888,3.8343,4.02,4.3926,4.3936,4.402,4.4107
2017-10-31,2.736,2.894,3.846,4.027,4.3954,4.3978,4.4063,4.4176
2017-11-01,2.739,2.894,3.85,4.029,4.408,4.4034,4.4114,4.4223
2017-11-02,2.626,2.859,3.836,4.0289,4.4099,4.4101,4.4171,4.4287
2017-11-03,2.5772,2.8249,3.8287,4.0133,4.4217,4.4165,4.4235,4.4338
2017-11-06,2.512,2.797,3.8122,4.0059,4.4294,4.4297,4.4237,4.4364
2017-11-07,2.552,2.7878,3.7999,3.9975,4.4314,4.4319,4.4255,4.4402
2017-11-08,2.595,2.7892,3.798,3.9935,4.4377,4.439,4.4345,4.4422
2017-11-09,2.646,2.811,3.8,4.0034,4.4568,4.4489,4.4403,4.4497
2017-11-10,2.717,2.8455,3.812,4.0104,4.4747,4.4569,4.4482,4.4573
2017-11-13,2.787,2.8592,3.8228,4.0132,4.5155,4.4675,4.4583,4.4661
2017-11-14,2.827,2.8765,3.833,4.0144,4.5346,4.4968,4.4686,4.4778
2017-11-15,2.806,2.886,3.84,4.0164,4.5455,4.5227,4.4946,4.5018
2017-11-16,2.8,2.886,3.843,4.027,4.5656,4.5437,4.5225,4.5432
2017-11-17,2.738,2.865,3.846,4.0307,4.6016,4.5804,4.5553,4.5704
2017-11-20,2.786,2.859,3.85,4.0301,4.6222,4.606,4.5636,4.575
2017-11-21,2.808,2.861,3.853,4.0351,4.6243,4.6086,4.5694,4.5835
2017-11-22,2.809,2.868,3.86,4.0376,4.6375,4.6159,4.582,4.5904
2017-11-23,2.803,2.871,3.87,4.0388,4.6518,4.6236,4.5862,4.5971
2017-11-24,2.797,2.873,3.872,4.0379,4.6722,4.6344,4.5907,4.6018
2017-11-27,2.819,2.883,3.875,4.0368,4.7103,4.6495,4.5975,4.6072
2017-11-28,2.799,2.883,3.879,4.0367,4.728,4.666,4.6028,4.6138
2017-11-29,2.683,2.877,3.881,4.037,4.7438,4.6796,4.6093,4.6194
2017-11-30,2.788,2.898,3.884,4.072,4.7594,4.703,4.62,4.629
2017-12-01,2.642,2.851,3.876,4.1632,4.7639,4.7093,4.623,4.6329
2017-12-04,2.6,2.816,3.86,4.2384,4.7804,4.722,4.6273,4.6383
2017-12-05,2.579,2.799,3.853,4.3039,4.7901,4.7312,4.6378,4.6459
2017-12-06,2.573,2.787,3.849,4.3394,4.783,4.7322,4.6418,4.6486
2017-12-07,2.585,2.791,3.851,4.395,4.7873,4.7343,4.6492,4.6519
2017-12-08,2.608,2.799,3.851,4.4335,4.7918,4.7485,4.652,4.6562
2017-12-11,2.688,2.818,3.851,4.4574,4.7992,4.7629,4.6542,4.6607
2017-12-12,2.726,2.83,3.857,4.4898,4.799,4.7703,4.6565,4.6651
2017-12-13,2.788,2.851,3.863,4.524,4.8039,4.7821,4.6647,4.6716
2017-12-14,2.803,2.868,3.87,4.5534,4.8144,4.7963,4.6765,4.6862
2017-12-15,2.724,2.871,3.871,4.5814,4.8175,4.8067,4.6817,4.6997
2017-12-18,2.723,2.871,3.883,4.6382,4.8348,4.8097,4.6852,4.697
2017-12-19,2.741,2.873,3.891,4.6869,4.8385,4.812,4.6926,4.6987
2017-12-20,2.73,2.874,3.898,4.7377,4.8559,4.8322,4.6943,4.7219
2017-12-21,2.665,2.871,3.904,4.7718,4.8676,4.8473,4.7005,4.7382
2017-12-22,2.612,2.867,3.909,4.8402,4.8908,4.8698,4.7051,4.7489
2017-12-25,2.569,2.881,3.9194,4.9162,4.9092,4.8885,4.7102,4.7605
2017-12-26,2.589,2.892,3.935,4.9277,4.909,4.8839,4.7131,4.7631
2017-12-27,2.666,2.905,3.957,4.93,4.9129,4.8804,4.7154,4.7594
2017-12-28,2.672,2.925,3.972,4.932,4.9123,4.8821,4.7166,4.761
2017-12-29,2.84,2.954,3.989,4.9352,4.9133,4.8823,4.7207,4.7581
2018-01-02,2.657,2.839,3.943,4.743,4.804,4.831,4.715,4.747
2018-01-03,2.5635,2.785,3.87,4.622,4.73,4.783,4.711,4.736
2018-01-04,2.505,2.76,3.802,4.476,4.687,4.738,4.702,4.7286
2018-01-05,2.484,2.745,3.749,4.3756,4.6637,4.7118,4.699,4.7249
2018-01-08,2.461,2.737,3.72,4.2886,4.6594,4.7052,4.6989,4.72
2018-01-09,2.529,2.744,3.698,4.2209,4.657,4.7026,4.697,4.72
2018-01-10,2.643,2.776,3.706,4.1821,4.6607,4.699,4.697,4.72
2018-01-11,2.832,2.832,3.776,4.1632,4.6701,4.7049,4.7017,4.723
2018-01-12,2.83,2.864,3.808,4.1134,4.6791,4.7085,4.7052,4.7233
2018-01-15,2.794,2.86,3.816,4.0904,4.683,4.7139,4.7116,4.7253
2018-01-16,2.785,2.879,3.828,4.0941,4.6843,4.7124,4.7142,4.7296
2018-01-17,2.765,2.878,3.837,4.0905,4.6935,4.7133,4.7165,4.732
2018-01-18,2.7655,2.878,3.843,4.0921,4.7044,4.7154,4.7237,4.7332
2018-01-19,2.836,2.891,3.846,4.1113,4.7115,4.7216,4.7274,4.7384
2018-01-22,2.771,2.889,3.854,4.1122,4.7122,4.7272,4.7318,4.7429
2018-01-23,2.602,2.863,3.86,4.1123,4.7163,4.7278,4.7322,4.7423
2018-01-24,2.574,2.832,3.863,4.1183,4.7267,4.7268,4.7323,4.7423
2018-01-25,2.5634,2.8498,3.86,4.1269,4.7317,4.7297,4.7333,4.7423
2018-01-26,2.5506,2.842,3.86,4.1257,4.7292,4.727,4.7324,4.7423
2018-01-29,2.566,2.842,3.863,4.1276,4.727,4.7287,4.7303,4.7423
2018-01-30,2.554,2.838,3.858,4.1288,4.7267,4.7299,4.7311,4.7423
2018-01-31,2.594,2.8298,3.8552,4.1289,4.7257,4.73,4.7312,4.7423
2018-02-01,2.5154,2.7925,3.8642,4.1329,4.7276,4.732,4.7332,4.7463
2018-02-02,2.5173,2.788,3.867,4.1293,4.7278,4.7322,4.7314,4.7457
2018-02-05,2.5305,2.7758,3.872,4.107,4.7258,4.7323,4.7302,4.7446
2018-02-06,2.539,2.7706,3.875,4.0887,4.7206,4.7313,4.7321,4.7465
2018-02-07,2.571,2.771,3.883,4.0809,4.707,4.7302,4.7323,4.745
2018-02-08,2.572,2.904,3.885,4.078,4.696,4.7291,4.7313,4.7455
2018-02-09,2.589,2.918,3.892,4.074,4.6936,4.729,4.7312,4.7456
2018-02-11,2.608,2.917,3.908,4.0694,4.6974,4.7289,4.7312,4.7456
2018-02-12,2.585,2.918,3.919,4.075,4.696,4.7269,4.7312,4.7456
2018-02-13,2.587,2.928,3.948,4.0705,4.7006,4.7287,4.7312,4.7456
2018-02-14,2.723,2.91,3.876,4.0751,4.7031,4.728,4.731,4.744
2018-02-22,2.631,2.891,3.855,4.0666,4.7054,4.7268,4.7281,4.7434
2018-02-23,2.597,2.881,3.863,4.0557,4.7076,4.7307,4.7299,4.742
2018-02-24,2.56,2.876,3.858,4.0526,4.7078,4.7291,4.73,4.742
2018-02-26,2.571,2.87,3.8459,4.0443,4.7128,4.729,4.73,4.742
2018-02-27,2.561,2.861,3.8329,4.038,4.7103,4.727,4.73,4.7422
2018-02-28,2.708,2.906,3.842,4.0428,4.7131,4.7287,4.73,4.742
2018-03-01,2.691,2.896,3.839,4.0403,4.7154,4.7289,4.73,4.742
2018-03-02,2.773,2.897,3.838,4.0451,4.7191,4.7319,4.73,4.742
2018-03-05,2.652,2.894,3.84,4.0726,4.722,4.7332,4.73,4.742
2018-03-06,2.617,2.886,3.839,4.1453,4.7332,4.7334,4.73,4.742
2018-03-07,2.592,2.873,3.836,4.1936,4.7364,4.7404,4.7305,4.742
2018-03-08,2.57,2.862,3.833,4.2544,4.7407,4.7468,4.7313,4.7418
2018-03-09,2.573,2.857,3.829,4.3265,4.741,4.7508,4.7313,4.7418
2018-03-12,2.586,2.858,3.828,4.3707,4.735,4.7518,4.7313,4.7418
2018-03-13,2.637,2.87,3.828,4.4071,4.725,4.7518,4.7313,4.7418
2018-03-14,2.633,2.869,3.827,4.4578,4.719,4.7568,4.7313,4.7418
2018-03-15,2.632,2.866,3.826,4.4908,4.7139,4.7588,4.7318,4.7418
2018-03-16,2.586,2.865,3.827,4.5101,4.712,4.7488,4.7318,4.7418
2018-03-19,2.561,2.863,3.825,4.5121,4.704,4.7418,4.7318,4.7418
2018-03-20,2.558,2.861,3.827,4.5093,4.685,4.734,4.7318,4.7418
2018-03-21,2.559,2.858,3.836,4.5042,4.6751,4.7185,4.7285,4.7418
2018-03-22,2.549,2.8538,3.848,4.4662,4.6621,4.7095,4.7178,4.737
2018-03-23,2.545,2.8464,3.855,4.4364,4.6489,4.7005,4.7133,4.7248
2018-03-26,2.543,2.862,3.855,4.4094,4.6351,4.6925,4.7088,4.7233
2018-03-27,2.5935,2.874,3.8645,4.3906,4.6239,4.6606,4.7043,4.7188
2018-03-28,2.592,2.889,3.8655,4.3421,4.6174,4.6656,4.6999,4.7148
2018-03-29,2.581,2.8958,3.871,4.3133,4.5247,4.6053,4.6405,4.678
2018-03-30,2.69,2.9166,3.881,4.2884,4.4615,4.5686,4.6021,4.6508
2018-04-02,2.622,2.883,3.8465,4.1879,4.4052,4.5309,4.5623,4.625
2018-04-03,2.574,2.87,3.837,4.1268,4.3506,4.4931,4.5313,4.6033
2018-04-04,2.469,2.83,3.781,4.0597,4.3101,4.474,4.5112,4.58
2018-04-08,2.446,2.812,3.743,4.011,4.2781,4.4424,4.4852,4.559
2018-04-09,2.528,2.806,3.717,3.9701,4.2579,4.414,4.4726,4.5489
2018-04-10,2.551,2.807,3.693,3.915,4.229,4.394,4.4666,4.542
2018-04-11,2.561,2.804,3.684,3.871,4.209,4.38,4.459,4.538
2018-04-12,2.557,2.8,3.674,3.842,4.199,4.367,4.453,4.536
2018-04-13,2.557,2.798,3.671,3.825,4.179,4.356,4.451,4.535
2018-04-16,2.582,2.802,3.676,3.821,4.173,4.351,4.448,4.534
2018-04-17,2.665,2.843,3.715,3.834,4.174,4.351,4.444,4.537
2018-04-18,2.679,2.858,3.748,3.821,4.103,4.313,4.415,4.5
2018-04-19,2.733,2.884,3.782,3.791,4.05,4.275,4.378,4.448
2018-04-20,2.747,2.893,3.8,3.761,4.017,4.238,4.353,4.419
2018-04-23,2.724,2.9,3.807,3.751,4.004,4.211,4.336,4.409
2018-04-24,2.736,2.907,3.819,3.748,3.991,4.193,4.326,4.394
2018-04-25,2.728,2.911,3.821,3.78,3.984,4.185,4.317,4.38
2018-04-26,2.765,2.925,3.828,3.865,3.992,4.183,4.315,4.383
2018-04-27,2.921,2.978,3.86,3.899,4.007,4.184,4.313,4.385
2018-04-28,2.824,2.972,3.868,3.9,4.005,4.18,4.309,4.382
2018-05-02,2.72,2.892,3.824,3.893,4.003,4.174,4.306,4.376
2018-05-03,2.681,2.852,3.783,3.87,3.993,4.162,4.296,4.364
2018-05-04,2.594,2.806,3.7353,3.851,3.993,4.154,4.291,4.357
2018-05-07,2.582,2.768,3.692,3.84,3.9943,4.15,4.285,4.349
2018-05-08,2.575,2.751,3.663,3.829,3.9994,4.151,4.2825,4.348
2018-05-09,2.52,2.734,3.639,3.816,4.013,4.152,4.278,4.346
2018-05-10,2.509,2.723,3.621,3.806,4.034,4.152,4.282,4.346
2018-05-11,2.487,2.713,3.606,3.799,4.05,4.155,4.285,4.348
2018-05-14,2.58,2.738,3.594,3.801,4.06,4.162,4.289,4.353
2018-05-15,2.641,2.773,3.611,3.813,4.072,4.172,4.297,4.355
2018-05-16,2.766,2.835,3.649,3.825,4.082,4.188,4.304,4.363
2018-05-17,2.597,2.803,3.649,3.831,4.101,4.194,4.306,4.366
2018-05-18,2.563,2.768,3.656,3.833,4.147,4.202,4.309,4.37
2018-05-21,2.527,2.756,3.669,3.832,4.151,4.207,4.309,4.371
2018-05-22,2.525,2.755,3.673,3.838,4.16,4.207,4.307,4.371
2018-05-23,2.53,2.752,3.679,3.841,4.173,4.211,4.309,4.373
2018-05-24,2.53,2.751,3.68,3.845,4.193,4.215,4.311,4.371
2018-05-25,2.528,2.794,3.687,3.847,4.215,4.229,4.315,4.373
2018-05-28,2.533,2.806,3.69,3.84,4.242,4.243,4.318,4.376
2018-05-29,2.742,2.848,3.715,3.85,4.282,4.265,4.326,4.381
2018-05-30,2.884,2.895,3.729,3.872,4.312,4.289,4.33,4.385
2018-05-31,2.831,2.898,3.735,3.905,4.329,4.296,4.333,4.388
2018-06-01,2.801,2.897,3.738,3.966,4.339,4.304,4.336,4.391
2018-06-04,2.599,2.818,3.727,3.993,4.341,4.307,4.34,4.393
2018-06-05,2.584,2.802,3.713,4.025,4.346,4.308,4.343,4.394
2018-06-06,2.562,2.792,3.689,4.042,4.354,4.307,4.343,4.394
2018-06-07,2.555,2.783,3.675,4.05,4.35,4.307,4.344,4.395
2018-06-08,2.563,2.772,3.662,4.054,4.351,4.311,4.345,4.397
2018-06-11,2.573,2.776,3.656,4.083,4.353,4.313,4.348,4.398
2018-06-12,2.584,2.789,3.659,4.087,4.352,4.317,4.349,4.399
2018-06-13,2.589,2.8,3.656,4.101,4.351,4.321,4.35,4.4
2018-06-14,2.591,2.809,3.665,4.107,4.351,4.323,4.352,4.4
2018-06-15,2.592,2.81,3.663,4.126,4.352,4.332,4.353,4.399
2018-06-19,2.59,2.809,3.69,4.144,4.346,4.324,4.352,4.4
2018-06-20,2.619,2.822,3.713,4.157,4.334,4.326,4.352,4.4
2018-06-21,2.593,2.825,3.735,4.157,4.329,4.322,4.351,4.4
2018-06-22,2.586,2.819,3.751,4.151,4.305,4.312,4.35,4.398
2018-06-25,2.564,2.826,3.76,4.134,4.272,4.3,4.333,4.385
2018-06-26,2.518,2.831,3.78,4.125,4.261,4.296,4.329,4.381
2018-06-27,2.445,2.834,3.793,4.097,4.242,4.274,4.31,4.37
2018-06-28,2.289,2.841,3.811,4.064,4.192,4.241,4.292,4.352
2018-06-29,2.628,2.862,3.825,4.031,4.155,4.223,4.273,4.331
2018-07-02,2.519,2.78,3.778,4.004,4.104,4.193,4.243,4.298
2018-07-03,2.42,2.719,3.658,3.8824,3.9944,4.1253,4.1703,4.2238
2018-07-04,2.199,2.662,3.493,3.732,3.919,4.051,4.097,4.149
2018-07-05,2.132,2.605,3.292,3.571,3.818,3.97,4.033,4.082
2018-07-06,1.967,2.588,3.176,3.446,3.74,3.904,3.976,4.039
2018-07-09,1.991,2.602,3.104,3.34,3.682,3.87,3.946,4.009
2018-07-10,2.308,2.657,3.068,3.285,3.649,3.847,3.928,3.994
2018-07-11,2.406,2.679,3.045,3.241,3.632,3.82,3.911,3.976
2018-07-12,2.487,2.686,3.031,3.222,3.626,3.805,3.908,3.969
2018-07-13,2.48,2.686,3.027,3.208,3.613,3.799,3.902,3.961
2018-07-16,2.557,2.699,3.018,3.21,3.608,3.8,3.903,3.962
2018-07-17,2.591,2.703,3.007,3.2151,3.601,3.8,3.901,3.969
2018-07-18,2.525,2.702,2.991,3.214,3.588,3.793,3.895,3.969
2018-07-19,2.416,2.683,2.973,3.198,3.561,3.776,3.887,3.962
2018-07-20,2.346,2.675,2.961,3.183,3.536,3.748,3.875,3.953
2018-07-23,2.362,2.658,2.936,3.162,3.503,3.724,3.85,3.923
2018-07-24,2.353,2.655,2.913,3.121,3.475,3.69,3.814,3.897
2018-07-25,2.349,2.667,2.897,3.103,3.419,3.634,3.77,3.851
2018-07-26,2.321,2.66,2.878,3.071,3.363,3.556,3.727,3.812
2018-07-27,2.284,2.654,2.853,3.035,3.303,3.514,3.688,3.781
2018-07-30,2.198,2.651,2.831,2.994,3.233,3.433,3.633,3.737
2018-07-31,2.066,2.648,2.812,2.965,3.174,3.38,3.589,3.712
2018-08-01,2.028,2.622,2.776,2.935,3.119,3.333,3.554,3.682
2018-08-02,1.97,2.584,2.72,2.884,3.056,3.269,3.504,3.626
2018-08-03,1.849,2.525,2.676,2.837,3.003,3.213,3.432,3.551
2018-08-06,1.819,2.469,2.606,2.791,2.954,3.144,3.35,3.475
2018-08-07,1.613,2.386,2.519,2.728,2.895,3.068,3.271,3.395
2018-08-08,1.422,2.345,2.453,2.678,2.842,2.995,3.195,3.314
2018-08-09,1.622,2.45,2.458,2.643,2.816,2.954,3.152,3.256
2018-08-10,1.826,2.426,2.466,2.616,2.801,2.925,3.131,3.244
2018-08-13,2.113,2.491,2.471,2.603,2.791,2.915,3.119,3.235
2018-08-14,2.328,2.589,2.495,2.613,2.799,2.925,3.133,3.265
2018-08-15,2.345,2.612,2.515,2.631,2.807,2.93,3.155,3.285
2018-08-16,2.511,2.637,2.56,2.639,2.813,2.946,3.184,3.329
2018-08-17,2.58,2.65,2.605,2.653,2.817,2.971,3.219,3.364
2018-08-20,2.625,2.674,2.69,2.676,2.83,2.997,3.276,3.406
2018-08-21,2.636,2.681,2.739,2.694,2.856,3.053,3.325,3.446
2018-08-22,2.538,2.662,2.75,2.701,2.878,3.076,3.352,3.491
2018-08-23,2.454,2.649,2.755,2.731,2.887,3.128,3.405,3.512
2018-08-24,2.392,2.612,2.748,2.738,2.889,3.156,3.408,3.511
2018-08-27,2.44,2.642,2.747,2.751,2.895,3.172,3.411,3.512
2018-08-28,2.4255,2.647,2.728,2.75,2.899,3.195,3.41,3.514
2018-08-29,2.3895,2.646,2.702,2.742,2.897,3.207,3.411,3.509
2018-08-30,2.277,2.64,2.686,2.727,2.894,3.209,3.411,3.506
2018-08-31,2.309,2.633,2.68,2.72,2.894,3.207,3.415,3.503
2018-09-03,2.277,2.621,2.665,2.716,2.887,3.207,3.413,3.502
2018-09-04,2.195,2.6,2.646,2.706,2.878,3.205,3.409,3.5
2018-09-05,2.164,2.552,2.623,2.696,2.85,3.2,3.403,3.5
2018-09-06,2.494,2.633,2.638,2.7,2.845,3.201,3.407,3.5
2018-09-07,2.591,2.673,2.705,2.712,2.851,3.202,3.409,3.5
2018-09-10,2.573,2.679,2.715,2.723,2.842,3.209,3.414,3.5
2018-09-11,2.59,2.686,2.735,2.735,2.848,3.213,3.419,3.501
2018-09-12,2.557,2.675,2.734,2.751,2.846,3.216,3.437,3.513
2018-09-13,2.53,2.663,2.732,2.76,2.843,3.222,3.447,3.521
2018-09-14,2.489,2.645,2.714,2.756,2.83,3.224,3.452,3.5225
2018-09-17,2.466,2.639,2.706,2.749,2.822,3.227,3.448,3.516
2018-09-18,2.654,2.685,2.719,2.753,2.82,3.233,3.449,3.514
2018-09-19,2.562,2.668,2.719,2.751,2.818,3.235,3.453,3.513
2018-09-20,2.519,2.659,2.733,2.753,2.812,3.241,3.448,3.512
2018-09-21,2.514,2.654,2.746,2.754,2.815,3.248,3.453,3.516
2018-09-25,2.543,2.692,2.791,2.771,2.827,3.257,3.461,3.52
2018-09-26,2.553,2.711,2.879,2.785,2.83,3.267,3.475,3.523
2018-09-27,2.46,2.722,2.986,2.799,2.838,3.275,3.484,3.526
2018-09-28,2.445,2.73,3.127,2.8,2.843,3.282,3.486,3.527
2018-09-29,2.073,2.783,3.31,2.802,2.846,3.285,3.489,3.521
2018-09-30,2.653,2.766,3.473,2.802,2.847,3.287,3.489,3.521
2018-10-08,2.536,2.657,2.766,2.781,2.836,3.269,3.476,3.512
2018-10-09,2.502,2.633,2.703,2.734,2.816,3.258,3.464,3.504
2018-10-10,2.398,2.618,2.673,2.705,2.81,3.253,3.459,3.502
2018-10-11,2.36,2.611,2.65,2.692,2.801,3.251,3.455,3.506
2018-10-12,2.439,2.615,2.644,2.682,2.8,3.25,3.453,3.505
2018-10-15,2.377,2.612,2.637,2.668,2.801,3.253,3.451,3.505
2018-10-16,2.373,2.603,2.633,2.658,2.8,3.253,3.45,3.505
2018-10-17,2.353,2.604,2.632,2.651,2.818,3.254,3.45,3.505
2018-10-18,2.427,2.611,2.637,2.651,2.832,3.26,3.453,3.504
2018-10-19,2.445,2.622,2.648,2.655,2.842,3.267,3.456,3.507
2018-10-22,2.475,2.632,2.65,2.663,2.871,3.277,3.471,3.516
2018-10-23,2.451,2.635,2.653,2.672,2.903,3.289,3.488,3.532
2018-10-24,2.393,2.631,2.653,2.675,2.924,3.296,3.498,3.544
2018-10-25,2.215,2.63,2.651,2.675,2.948,3.297,3.505,3.552
2018-10-26,2.067,2.618,2.65,2.673,2.952,3.297,3.502,3.55
2018-10-29,1.852,2.609,2.651,2.672,2.958,3.297,3.502,3.55
2018-10-30,1.566,2.598,2.64,2.663,2.957,3.295,3.501,3.55
2018-10-31,2.37,2.715,2.73,2.689,2.963,3.298,3.504,3.55
2018-11-01,2.547,2.673,2.691,2.696,2.976,3.297,3.504,3.55
2018-11-02,2.477,2.649,2.662,2.694,2.981,3.296,3.505,3.55
2018-11-05,2.4345,2.638,2.652,2.691,2.986,3.294,3.505,3.55
2018-11-06,2.27,2.613,2.646,2.684,2.991,3.294,3.504,3.55
2018-11-07,2.0906,2.595,2.626,2.68,2.997,3.297,3.505,3.551
2018-11-08,1.978,2.6,2.619,2.678,3.0,3.299,3.506,3.55
2018-11-09,2.038,2.599,2.617,2.671,3.001,3.3,3.509,3.552
2018-11-12,2.309,2.624,2.627,2.675,3.001,3.3,3.51,3.553
2018-11-13,2.468,2.633,2.636,2.685,3.004,3.3,3.516,3.558
2018-11-14,2.325,2.632,2.638,2.685,3.008,3.298,3.512,3.554
2018-11-15,2.339,2.629,2.638,2.685,3.01,3.296,3.512,3.55
2018-11-16,2.345,2.629,2.641,2.684,3.023,3.297,3.513,3.553
2018-11-19,2.551,2.643,2.65,2.686,3.035,3.293,3.51,3.551
2018-11-20,2.609,2.665,2.677,2.696,3.053,3.294,3.505,3.543
2018-11-21,2.579,2.656,2.678,2.697,3.06,3.287,3.504,3.544
2018-11-22,2.456,2.642,2.668,2.697,3.064,3.281,3.495,3.535
2018-11-23,2.356,2.628,2.655,2.691,3.073,3.275,3.491,3.529
2018-11-26,2.498,2.644,2.661,2.693,3.085,3.277,3.488,3.525
2018-11-27,2.556,2.643,2.664,2.697,3.096,3.278,3.487,3.527
2018-11-28,2.539,2.65,2.663,2.699,3.104,3.277,3.486,3.528
2018-11-29,2.262,2.65,2.663,2.6969,3.1094,3.2767,3.4836,3.5278
2018-11-30,2.642,2.669,2.673,2.701,3.113,3.279,3.483,3.527
2018-12-03,2.515,2.618,2.648,2.714,3.117,3.275,3.478,3.527
2018-12-04,2.445,2.621,2.641,2.745,3.126,3.275,3.478,3.527
2018-12-05,2.267,2.581,2.613,2.782,3.133,3.276,3.478,3.526
2018-12-06,2.418,2.6,2.612,2.81,3.133,3.275,3.478,3.525
2018-12-07,2.416,2.611,2.618,2.828,3.136,3.277,3.478,3.525
2018-12-10,2.453,2.615,2.622,2.838,3.142,3.277,3.478,3.526
2018-12-11,2.463,2.624,2.625,2.848,3.145,3.274,3.475,3.521
2018-12-12,2.424,2.626,2.631,2.874,3.147,3.274,3.477,3.522
2018-12-13,2.519,2.636,2.638,2.9,3.149,3.273,3.477,3.52
2018-12-14,2.655,2.683,2.676,2.966,3.156,3.274,3.479,3.52
2018-12-17,2.625,2.697,2.727,3.002,3.164,3.275,3.48,3.52
2018-12-18,2.669,2.694,2.767,3.034,3.174,3.278,3.482,3.522
2018-12-19,2.654,2.69,2.788,3.047,3.181,3.278,3.482,3.524
2018-12-20,2.567,2.676,2.819,3.112,3.199,3.282,3.481,3.524
2018-12-21,2.486,2.649,2.866,3.154,3.209,3.284,3.48,3.517
2018-12-24,2.316,2.659,3.03,3.232,3.23,3.286,3.48,3.517
2018-12-25,2.028,2.653,3.13,3.302,3.273,3.289,3.48,3.518
2018-12-26,2.029,2.672,3.233,3.397,3.309,3.291,3.48,3.52
2018-12-27,1.793,2.695,3.322,3.47,3.339,3.294,3.48,3.52
2018-12-28,1.47,2.721,3.368,3.492,3.357,3.297,3.48,3.521
2018-12-29,2.554,2.903,3.399,3.472,3.346,3.299,3.477,3.518
2019-01-02,2.3,2.634,2.802,3.2,3.285,3.292,3.472,3.511
2019-01-03,1.968,2.547,2.673,3.084,3.246,3.286,3.466,3.507
2019-01-04,1.649,2.563,2.615,3.01,3.215,3.27,3.453,3.497
2019-01-07,1.447,2.475,2.541,2.909,3.141,3.233,3.415,3.466
2019-01-08,1.414,2.372,2.487,2.825,3.093,3.206,3.384,3.431
2019-01-09,1.567,2.475,2.477,2.79,3.065,3.184,3.354,3.401
2019-01-10,1.743,2.587,2.502,2.781,3.031,3.149,3.321,3.377
2019-01-11,1.708,2.555,2.515,2.772,3.007,3.12,3.296,3.35
2019-01-14,1.878,2.629,2.541,2.775,2.984,3.106,3.284,3.337
2019-01-15,2.245,2.652,2.57,2.777,2.962,3.094,3.271,3.324
2019-01-16,2.306,2.64,2.576,2.777,2.942,3.079,3.262,3.314
2019-01-17,2.259,2.611,2.569,2.777,2.93,3.066,3.257,3.304
2019-01-18,2.1785,2.618,2.558,2.777,2.918,3.061,3.248,3.302
2019-01-21,2.24,2.594,2.637,2.786,2.915,3.055,3.241,3.3
2019-01-22,2.243,2.578,2.695,2.797,2.914,3.054,3.245,3.3
2019-01-23,2.244,2.584,2.709,2.806,2.909,3.052,3.246,3.3
2019-01-24,2.263,2.616,2.716,2.811,2.904,3.044,3.245,3.3
2019-01-25,2.362,2.626,2.748,2.819,2.902,3.037,3.239,3.294
2019-01-28,2.194,2.66,2.882,2.828,2.901,3.031,3.228,3.291
2019-01-29,2.078,2.766,2.982,2.835,2.9,3.027,3.211,3.282
2019-01-30,2.0021,2.765,2.997,2.84,2.901,3.026,3.199,3.271
2019-01-31,2.238,2.756,2.979,2.839,2.9,3.021,3.182,3.252
2019-02-01,2.1,2.722,2.843,2.835,2.9,3.017,3.168,3.241
2019-02-02,2.264,2.372,2.571,2.819,2.9,3.011,3.143,3.218
2019-02-03,2.086,2.334,2.47,2.808,2.9,3.006,3.133,3.202
2019-02-11,2.265,2.596,2.522,2.785,2.898,2.995,3.118,3.198
2019-02-12,2.017,2.513,2.497,2.76,2.872,2.961,3.079,3.172
2019-02-13,1.722,2.362,2.442,2.732,2.852,2.938,3.044,3.146
2019-02-14,1.721,2.33,2.397,2.714,2.83,2.908,3.015,3.119
2019-02-15,1.713,2.351,2.393,2.698,2.802,2.898,2.996,3.095
2019-02-18,1.8224,2.395,2.398,2.687,2.797,2.885,2.989,3.081
2019-02-19,1.967,2.398,2.404,2.676,2.778,2.876,2.979,3.073
2019-02-20,1.854,2.377,2.398,2.655,2.759,2.864,2.966,3.069
2019-02-21,2.03,2.399,2.409,2.651,2.749,2.858,2.958,3.063
2019-02-22,2.431,2.6,2.518,2.656,2.749,2.854,2.955,3.063
2019-02-25,2.605,2.658,2.628,2.659,2.752,2.85,2.953,3.059
2019-02-26,2.705,2.745,2.862,2.681,2.756,2.851,2.953,3.059
2019-02-27,2.654,2.75,2.887,2.686,2.756,2.852,2.954,3.061
2019-02-28,2.584,2.658,2.73,2.694,2.751,2.85,2.951,3.06
2019-03-01,2.155,2.511,2.565,2.7,2.75,2.85,2.95,3.059
2019-03-04,1.933,2.38,2.424,2.696,2.75,2.85,2.95,3.058
2019-03-05,2.266,2.574,2.49,2.699,2.75,2.85,2.95,3.055
2019-03-06,2.074,2.488,2.488,2.703,2.75,2.85,2.95,3.053
2019-03-07,2.06,2.517,2.487,2.705,2.751,2.85,2.95,3.054
2019-03-08,2.047,2.388,2.448,2.712,2.755,2.85,2.95,3.057
2019-03-11,2.092,2.395,2.4328,2.7172,2.7565,2.85,2.95,3.06
2019-03-12,2.365,2.601,2.458,2.732,2.761,2.851,2.95,3.066
2019-03-13,2.079,2.493,2.461,2.754,2.768,2.851,2.95,3.066
2019-03-14,2.31,2.598,2.48,2.774,2.777,2.854,2.953,3.072
2019-03-15,2.655,2.728,2.617,2.81,2.799,2.858,2.956,3.077
2019-03-18,2.756,2.709,2.861,2.832,2.814,2.86,2.958,3.082
2019-03-19,2.666,2.729,2.991,2.852,2.823,2.865,2.96,3.086
2019-03-20,2.714,2.711,2.946,2.875,2.833,2.865,2.962,3.088
2019-03-21,2.661,2.684,2.936,2.884,2.838,2.864,2.963,3.091
2019-03-22,2.62,2.664,2.97,2.884,2.837,2.862,2.962,3.092
2019-03-25,2.535,2.668,2.896,2.879,2.836,2.861,2.957,3.086
2019-03-26,2.495,2.704,2.901,2.862,2.828,2.859,2.95,3.08
2019-03-27,2.286,2.797,2.932,2.843,2.819,2.857,2.94,3.074
2019-03-28,2.041,2.705,2.923,2.825,2.807,2.848,2.931,3.062
2019-03-29,2.486,2.698,2.911,2.819,2.801,2.841,2.924,3.051
2019-04-01,2.315,2.579,2.713,2.782,2.795,2.835,2.917,3.047
2019-04-02,1.956,2.453,2.527,2.745,2.786,2.825,2.913,3.042
2019-04-03,1.663,2.357,2.403,2.697,2.767,2.818,2.909,3.044
2019-04-04,1.417,2.418,2.376,2.664,2.758,2.815,2.906,3.047
2019-04-08,1.428,2.483,2.378,2.65,2.754,2.816,2.906,3.047
2019-04-09,1.797,2.469,2.45,2.646,2.751,2.824,2.908,3.047
2019-04-10,2.278,2.654,2.566,2.655,2.755,2.833,2.914,3.053
2019-04-11,2.735,2.657,2.779,2.669,2.76,2.838,2.923,3.06
2019-04-12,2.652,2.669,2.805,2.686,2.761,2.842,2.924,3.067
2019-04-15,2.797,2.772,2.902,2.717,2.768,2.85,2.939,3.072
2019-04-16,2.883,2.787,2.982,2.759,2.774,2.853,2.947,3.077
2019-04-17,2.998,2.788,2.992,2.779,2.787,2.861,2.96,3.091
2019-04-18,2.812,2.75,3.008,2.795,2.806,2.864,2.964,3.096
2019-04-19,2.661,2.692,2.882,2.79,2.817,2.869,2.969,3.095
2019-04-22,2.557,2.654,2.896,2.791,2.822,2.872,2.974,3.101
2019-04-23,2.828,2.7,2.915,2.824,2.833,2.885,2.982,3.106
2019-04-24,2.752,2.764,2.967,2.838,2.855,2.903,2.991,3.108
2019-04-25,2.785,2.785,3.027,2.851,2.88,2.917,3.005,3.119
2019-04-26,2.496,2.735,3.012,2.859,2.896,2.932,3.016,3.129
2019-04-28,2.07,2.705,2.921,2.857,2.909,2.946,3.03,3.142
2019-04-29,1.7,2.691,2.895,2.857,2.923,2.955,3.04,3.147
2019-04-30,2.086,2.683,2.86,2.856,2.93,2.963,3.044,3.159
2019-05-05,1.79,2.529,2.596,2.833,2.935,2.962,3.051,3.159
2019-05-06,1.642,2.5285,2.537,2.811,2.934,2.956,3.051,3.156
2019-05-07,1.391,2.349,2.402,2.773,2.922,2.951,3.05,3.154
2019-05-08,1.141,2.286,2.372,2.741,2.91,2.947,3.05,3.151
2019-05-09,1.513,2.573,2.387,2.728,2.903,2.946,3.05,3.151
2019-05-10,1.826,2.568,2.408,2.72,2.895,2.948,3.05,3.151
2019-05-13,2.156,2.579,2.405,2.715,2.889,2.948,3.05,3.152
2019-05-14,2.4123,2.65,2.449,2.717,2.891,2.948,3.05,3.153
2019-05-15,2.5334,2.641,2.462,2.713,2.893,2.948,3.052,3.153
2019-05-16,2.281,2.607,2.44,2.708,2.896,2.947,3.051,3.157
2019-05-17,2.134,2.589,2.494,2.705,2.9,2.95,3.05,3.162
2019-05-20,2.5845,2.678,2.689,2.717,2.9,2.95,3.051,3.167
2019-05-21,2.75,2.699,2.784,2.756,2.9,2.95,3.056,3.177
2019-05-22,2.623,2.69,2.809,2.77,2.903,2.95,3.06,3.185
2019-05-23,2.584,2.648,2.757,2.784,2.901,2.951,3.063,3.19
2019-05-24,2.342,2.592,2.757,2.779,2.902,2.953,3.076,3.198
2019-05-27,2.666,2.711,2.803,2.792,2.904,2.956,3.093,3.202
2019-05-28,2.76,2.823,2.955,2.816,2.915,2.965,3.105,3.205
2019-05-29,2.491,2.785,2.981,2.818,2.917,2.966,3.108,3.206
2019-05-30,2.067,2.665,2.9,2.813,2.916,2.964,3.11,3.205
2019-05-31,2.194,2.65,2.801,2.816,2.912,2.963,3.11,3.206
2019-06-03,2.003,2.553,2.571,2.809,2.904,2.957,3.107,3.208
2019-06-04,1.738,2.399,2.414,2.821,2.902,2.953,3.108,3.208
2019-06-05,1.593,2.472,2.383,2.832,2.916,2.952,3.11,3.209
2019-06-06,1.521,2.572,2.378,2.841,2.924,2.953,3.111,3.212
2019-06-10,1.848,2.604,2.404,2.853,2.932,2.958,3.116,3.215
2019-06-11,2.053,2.589,2.428,2.859,2.94,2.973,3.115,3.213
2019-06-12,1.939,2.564,2.439,2.865,2.943,2.976,3.116,3.217
2019-06-13,1.924,2.583,2.44,2.878,2.944,2.982,3.119,3.22
2019-06-14,1.723,2.565,2.454,2.898,2.947,2.986,3.12,3.225
2019-06-17,1.801,2.491,2.669,2.898,2.947,2.991,3.121,3.228
2019-06-18,1.601,2.399,2.722,2.897,2.943,2.98,3.122,3.231
2019-06-19,1.447,2.386,2.787,2.891,2.929,2.967,3.122,3.218
2019-06-20,1.253,2.448,2.859,2.876,2.911,2.958,3.115,3.207
2019-06-21,1.112,2.416,2.807,2.852,2.895,2.938,3.112,3.19
2019-06-24,1.0,2.326,2.762,2.805,2.859,2.906,3.093,3.17
2019-06-25,1.023,2.466,2.711,2.76,2.809,2.878,3.075,3.138
2019-06-26,0.991,2.417,2.626,2.731,2.758,2.847,3.059,3.112
2019-06-27,0.9615,2.61,2.571,2.703,2.722,2.824,3.05,3.105
2019-06-28,1.3705,2.604,2.591,2.684,2.708,2.803,3.047,3.103
2019-07-01,1.065,2.319,2.364,2.603,2.681,2.779,3.042,3.099
2019-07-02,0.914,2.032,2.198,2.534,2.657,2.76,3.039,3.096
2019-07-03,0.877,2.145,2.095,2.492,2.641,2.751,3.036,3.096
2019-07-04,0.844,2.139,2.059,2.465,2.627,2.733,3.032,3.094
2019-07-05,1.055,2.271,2.066,2.463,2.606,2.712,3.024,3.084
2019-07-08,1.445,2.449,2.108,2.467,2.603,2.707,3.022,3.086
2019-07-09,1.773,2.54,2.374,2.484,2.601,2.702,3.019,3.087
2019-07-10,1.814,2.543,2.348,2.486,2.6,2.7,3.017,3.089
2019-07-11,1.998,2.497,2.32,2.483,2.6,2.7,3.015,3.088
2019-07-12,2.235,2.559,2.378,2.487,2.6,2.7,3.015,3.091
2019-07-15,2.6175,2.669,2.638,2.498,2.6,2.7,3.018,3.093
2019-07-16,2.725,2.724,2.88,2.532,2.609,2.702,3.018,3.096
2019-07-17,2.711,2.734,2.894,2.557,2.613,2.704,3.018,3.099
2019-07-18,2.772,2.748,2.951,2.577,2.623,2.704,3.018,3.101
2019-07-19,2.827,2.753,2.989,2.591,2.631,2.705,3.018,3.101
2019-07-22,2.6698,2.692,2.885,2.592,2.628,2.704,3.018,3.1
2019-07-23,2.562,2.634,2.765,2.591,2.628,2.703,3.017,3.097
2019-07-24,2.481,2.561,2.631,2.59,2.625,2.703,3.016,3.096
2019-07-25,2.628,2.642,2.663,2.594,2.625,2.704,3.015,3.096
2019-07-26,2.636,2.647,2.688,2.597,2.629,2.704,3.016,3.096
2019-07-29,2.629,2.657,2.69,2.6,2.631,2.706,3.016,3.098
2019-07-30,2.621,2.663,2.71,2.602,2.636,2.708,3.017,3.098
2019-07-31,2.642,2.673,2.704,2.606,2.644,2.708,3.017,3.098
2019-08-01,2.634,2.638,2.59,2.6,2.646,2.708,3.016,3.096
2019-08-02,2.634,2.647,2.599,2.6,2.649,2.707,3.018,3.096
2019-08-05,2.544,2.619,2.517,2.594,2.646,2.706,3.015,3.094
2019-08-06,2.261,2.494,2.486,2.584,2.635,2.703,3.01,3.087
2019-08-07,2.22,2.52,2.433,2.564,2.623,2.701,3.005,3.083
2019-08-08,2.5,2.578,2.438,2.562,2.618,2.701,3.004,3.0805
2019-08-09,2.596,2.644,2.512,2.571,2.618,2.706,3.002,3.0785
2019-08-12,2.629,2.656,2.637,2.588,2.625,2.71,3.001,3.0755
2019-08-13,2.667,2.703,2.772,2.613,2.644,2.713,3.001,3.0785
2019-08-14,2.689,2.695,2.803,2.636,2.656,2.72,3.001,3.083
2019-08-15,2.659,2.678,2.772,2.649,2.661,2.726,2.997,3.0825
2019-08-16,2.665,2.673,2.776,2.653,2.666,2.728,2.996,3.0775
2019-08-19,2.666,2.672,2.773,2.656,2.669,2.729,2.998,3.074
2019-08-20,2.642,2.664,2.791,2.656,2.671,2.73,2.999,3.068
2019-08-21,2.5832,2.653,2.754,2.655,2.674,2.734,2.996,3.064
2019-08-22,2.544,2.642,2.754,2.656,2.682,2.741,2.996,3.059
2019-08-23,2.586,2.651,2.745,2.663,2.69,2.748,2.996,3.056
2019-08-26,2.639,2.669,2.739,2.66,2.694,2.751,2.995,3.055
2019-08-27,2.677,2.687,2.741,2.662,2.7,2.753,2.993,3.055
2019-08-28,2.609,2.682,2.754,2.661,2.702,2.753,2.991,3.055
2019-08-29,2.478,2.6702,2.735,2.6611,2.7002,2.7513,2.9921,3.0545
2019-08-30,2.572,2.665,2.701,2.661,2.701,2.7525,2.99,3.051
2019-09-02,2.55,2.653,2.662,2.661,2.7,2.754,2.991,3.05
2019-09-03,2.513,2.61,2.621,2.664,2.701,2.757,2.991,3.052
2019-09-04,2.445,2.604,2.595,2.662,2.702,2.758,2.991,3.051
2019-09-05,2.536,2.636,2.603,2.665,2.704,2.761,2.991,3.052
2019-09-06,2.597,2.652,2.652,2.681,2.708,2.768,2.991,3.052
2019-09-09,2.607,2.652,2.661,2.688,2.707,2.768,2.989,3.051
2019-09-10,2.553,2.628,2.64,2.677,2.707,2.772,2.98,3.046
2019-09-11,2.451,2.645,2.683,2.679,2.707,2.778,2.979,3.043
2019-09-12,2.369,2.65,2.663,2.682,2.709,2.787,2.976,3.042
2019-09-16,2.336,2.642,2.663,2.682,2.71,2.792,2.972,3.043
2019-09-17,2.565,2.638,2.659,2.685,2.708,2.795,2.97,3.043
2019-09-18,2.633,2.654,2.668,2.692,2.706,2.798,2.97,3.044
2019-09-19,2.737,2.709,2.738,2.704,2.709,2.8,2.97,3.045
2019-09-20,2.746,2.731,2.808,2.719,2.717,2.808,2.971,3.046
2019-09-23,2.759,2.732,2.884,2.737,2.725,2.813,2.97,3.048
2019-09-24,2.369,2.676,2.952,2.751,2.729,2.813,2.969,3.048
2019-09-25,2.046,2.572,2.953,2.75,2.729,2.815,2.966,3.047
2019-09-26,1.637,2.577,2.967,2.749,2.732,2.815,2.965,3.048
2019-09-27,1.313,2.59,2.95,2.75,2.726,2.816,2.964,3.048
2019-09-29,1.249,2.692,2.987,2.751,2.727,2.815,2.963,3.047
2019-09-30,2.635,2.843,3.018,2.762,2.728,2.819,2.964,3.048
2019-10-08,2.627,2.688,2.724,2.754,2.724,2.817,2.96,3.048
2019-10-09,2.202,2.627,2.601,2.728,2.72,2.813,2.957,3.047
2019-10-10,2.016,2.595,2.512,2.7085,2.718,2.814,2.955,3.049
2019-10-11,1.911,2.556,2.502,2.703,2.718,2.813,2.953,3.05
2019-10-12,2.215,2.591,2.486,2.699,2.719,2.816,2.952,3.047
2019-10-14,2.555,2.651,2.495,2.699,2.722,2.816,2.951,3.049
2019-10-15,2.703,2.684,2.735,2.703,2.731,2.821,2.951,3.049
2019-10-16,2.694,2.686,2.714,2.704,2.732,2.822,2.95,3.048
2019-10-17,2.585,2.663,2.697,2.709,2.736,2.825,2.95,3.05
2019-10-18,2.618,2.691,2.709,2.713,2.746,2.834,2.95,3.051
2019-10-21,2.682,2.691,2.797,2.723,2.763,2.841,2.951,3.054
2019-10-22,2.799,2.789,2.84,2.75,2.793,2.851,2.955,3.057
2019-10-23,2.654,2.693,2.892,2.761,2.808,2.86,2.962,3.061
2019-10-24,2.446,2.661,2.895,2.769,2.824,2.865,2.965,3.061
2019-10-25,2.506,2.669,2.851,2.774,2.831,2.873,2.972,3.063
2019-10-28,2.478,2.671,2.838,2.773,2.84,2.875,2.971,3.063
2019-10-29,2.368,2.67,2.811,2.773,2.847,2.881,2.974,3.067
2019-10-30,2.303,2.683,2.778,2.771,2.864,2.893,2.979,3.074
2019-10-31,2.59,2.685,2.763,2.775,2.887,2.903,2.983,3.076
2019-11-01,2.301,2.616,2.628,2.775,2.897,2.91,2.987,3.079
2019-11-04,2.075,2.529,2.532,2.77,2.919,2.929,2.995,3.084
2019-11-05,1.88,2.498,2.456,2.759,2.933,2.938,3.0,3.086
2019-11-06,1.788,2.546,2.419,2.756,2.948,2.955,3.005,3.088
2019-11-07,1.915,2.595,2.418,2.758,2.953,2.97,3.008,3.09
2019-11-08,1.902,2.57,2.433,2.759,2.953,2.984,3.012,3.093
2019-11-11,2.033,2.555,2.449,2.759,2.955,2.989,3.016,3.094
2019-11-12,2.376,2.649,2.562,2.762,2.965,2.996,3.024,3.099
2019-11-13,2.598,2.675,2.673,2.766,2.981,3.012,3.035,3.101
2019-11-14,2.666,2.682,2.696,2.776,3.0,3.032,3.051,3.108
2019-11-15,2.693,2.737,2.742,2.788,3.02,3.051,3.068,3.116
2019-11-18,2.707,2.728,2.826,2.794,3.032,3.055,3.073,3.119
2019-11-19,2.343,2.611,2.75,2.791,3.033,3.053,3.071,3.119
2019-11-20,1.899,2.497,2.57,2.795,3.032,3.051,3.071,3.125
2019-11-21,1.849,2.426,2.489,2.7945,3.034,3.05,3.07,3.127
2019-11-22,1.948,2.536,2.5,2.7925,3.037,3.05,3.067,3.121
2019-11-25,2.234,2.596,2.639,2.7875,3.029,3.05,3.066,3.119
2019-11-26,2.323,2.598,2.6,2.7835,3.02,3.047,3.067,3.118
2019-11-27,2.233,2.589,2.599,2.7815,3.019,3.05,3.067,3.119
2019-11-28,2.078,2.597,2.594,2.7795,3.016,3.05,3.069,3.119
2019-11-29,2.356,2.607,2.54,2.783,3.017,3.05,3.07,3.122
2019-12-02,2.233,2.478,2.451,2.779,3.017,3.05,3.071,3.122
2019-12-03,2.132,2.343,2.361,2.785,3.015,3.05,3.071,3.122
2019-12-04,1.971,2.426,2.35,2.799,3.019,3.05,3.072,3.121
2019-12-05,1.906,2.433,2.317,2.811,3.022,3.05,3.073,3.121
2019-12-06,2.073,2.482,2.476,2.83,3.0245,3.05,3.072,3.121
2019-12-09,2.345,2.506,2.429,2.841,3.025,3.05,3.074,3.123
2019-12-10,2.198,2.45,2.435,2.858,3.028,3.05,3.075,3.122
2019-12-11,2.081,2.493,2.408,2.871,3.03,3.05,3.076,3.123
2019-12-12,2.053,2.431,2.369,2.891,3.0305,3.05,3.079,3.122
2019-12-13,2.133,2.474,2.443,2.913,3.0325,3.051,3.081,3.122
2019-12-16,2.437,2.5315,2.439,2.9304,3.0324,3.0534,3.0824,3.122
2019-12-17,2.506,2.588,2.43,2.942,3.036,3.056,3.084,3.123
2019-12-18,2.485,2.585,2.537,2.959,3.04,3.059,3.087,3.124
2019-12-19,2.0575,2.559,2.911,2.976,3.043,3.06,3.091,3.124
2019-12-20,1.814,2.529,2.952,2.997,3.041,3.059,3.088,3.122
2019-12-23,1.557,2.453,2.908,2.998,3.04,3.057,3.085,3.12
2019-12-24,1.114,2.45,2.976,2.996,3.0335,3.0555,3.0845,3.1145
2019-12-25,0.943,2.549,2.975,2.9985,3.0325,3.054,3.0815,3.114
2019-12-26,0.848,2.607,2.9,2.9955,3.0295,3.049,3.0785,3.111
2019-12-27,1.075,2.579,2.897,2.991,3.0255,3.048,3.077,3.105
2019-12-30,1.2,2.618,2.825,2.9755,3.021,3.046,3.073,3.1015
2019-12-31,1.694,2.737,2.905,2.9785,3.02,3.046,3.073,3.1005
2020-01-02,1.4436,2.433,2.334,2.8975,2.994,3.019,3.052,3.086
2020-01-03,1.162,2.349,2.19,2.842,2.96,2.995,3.028,3.071
2020-01-06,1.003,2.219,2.091,2.747,2.92,2.96,3.005,3.05
2020-01-07,1.215,2.259,2.176,2.7,2.899,2.943,2.992,3.04
2020-01-08,1.553,2.32,2.16,2.638,2.881,2.93,2.983,3.032
2020-01-09,1.69,2.47,2.147,2.609,2.867,2.921,2.974,3.021
2020-01-10,1.7722,2.487,2.29,2.619,2.864,2.92,2.972,3.015
2020-01-13,2.059,2.522,2.51,2.619,2.858,2.915,2.966,3.014
2020-01-14,2.518,2.654,2.735,2.706,2.862,2.915,2.969,3.013
2020-01-15,2.654,2.717,3.013,2.799,2.865,2.918,2.97,3.012
2020-01-16,2.609,2.663,2.969,2.8,2.868,2.918,2.965,3.007
2020-01-17,2.522,2.64,2.943,2.808,2.868,2.918,2.965,3.005
2020-01-20,2.248,2.607,2.877,2.813,2.86,2.914,2.954,2.997
2020-01-21,1.885,2.601,2.837,2.816,2.859,2.91,2.953,2.995
2020-01-22,1.534,2.607,2.814,2.82,2.858,2.912,2.95,2.995
2020-01-23,2.444,2.549,2.797,2.822,2.858,2.914,2.951,2.995
2020-02-03,2.504,2.607,2.62,2.806,2.852,2.903,2.94,2.98
2020-02-04,2.273,2.416,2.585,2.76,2.824,2.877,2.91,2.959
2020-02-05,2.051,2.343,2.435,2.696,2.799,2.853,2.894,2.936
2020-02-06,1.819,2.366,2.345,2.651,2.776,2.833,2.875,2.913
2020-02-07,1.793,2.306,2.292,2.628,2.753,2.81,2.843,2.897
2020-02-10,1.652,2.289,2.23,2.577,2.723,2.787,2.823,2.877
2020-02-11,1.56,2.225,2.141,2.527,2.679,2.758,2.801,2.856
2020-02-12,1.521,2.286,2.11,2.495,2.639,2.723,2.783,2.845
2020-02-13,1.443,2.324,2.126,2.454,2.605,2.691,2.763,2.834
2020-02-14,1.256,2.233,2.103,2.416,2.565,2.664,2.744,2.817
2020-02-17,1.425,2.261,2.129,2.4,2.545,2.651,2.727,2.807
2020-02-18,1.503,2.293,2.117,2.387,2.525,2.633,2.71,2.786
2020-02-19,1.626,2.268,2.134,2.371,2.51,2.618,2.704,2.773
2020-02-20,1.403,2.308,2.115,2.359,2.5,2.61,2.697,2.767
2020-02-21,1.355,2.245,2.111,2.343,2.489,2.605,2.692,2.76
2020-02-24,1.533,2.176,2.103,2.33,2.476,2.601,2.688,2.755
2020-02-25,1.602,2.203,2.084,2.318,2.459,2.59,2.673,2.752
2020-02-26,1.499,2.183,2.073,2.306,2.442,2.577,2.66,2.744
2020-02-27,1.347,2.192,2.086,2.301,2.433,2.564,2.648,2.74
2020-02-28,1.628,2.374,2.092,2.301,2.429,2.56,2.642,2.735
2020-03-02,1.714,2.129,2.051,2.27,2.408,2.548,2.635,2.722
2020-03-03,1.622,2.094,1.99,2.229,2.375,2.528,2.614,2.706
2020-03-04,1.462,2.052,1.964,2.174,2.332,2.499,2.581,2.679
2020-03-05,1.45,2.089,1.949,2.15,2.29,2.467,2.553,2.651
2020-03-06,1.362,2.035,1.912,2.126,2.258,2.427,2.516,2.616
2020-03-09,1.588,2.074,1.905,2.115,2.238,2.407,2.494,2.591
2020-03-10,2.014,2.241,1.979,2.132,2.225,2.391,2.481,2.586
2020-03-11,2.118,2.3,2.039,2.145,2.224,2.379,2.47,2.557
2020-03-12,1.664,2.309,2.035,2.13,2.223,2.365,2.45,2.534
2020-03-13,1.414,2.252,1.993,2.119,2.202,2.359,2.438,2.513
2020-03-16,1.231,2.199,1.969,2.093,2.175,2.33,2.418,2.491
2020-03-17,1.083,1.896,1.85,2.063,2.145,2.295,2.4,2.482
2020-03-18,0.963,1.751,1.774,2.032,2.12,2.263,2.387,2.464
2020-03-19,0.846,1.893,1.732,2.008,2.104,2.242,2.362,2.451
2020-03-20,0.795,1.945,1.774,1.993,2.087,2.218,2.342,2.438
2020-03-23,0.845,1.805,1.732,1.962,2.072,2.191,2.312,2.41
2020-03-24,0.814,1.693,1.668,1.938,2.056,2.17,2.293,2.392
2020-03-25,0.847,1.745,1.66,1.897,2.01,2.131,2.245,2.355
2020-03-26,0.845,1.72,1.666,1.869,1.977,2.091,2.216,2.324
2020-03-27,1.104,1.769,1.69,1.857,1.966,2.072,2.198,2.305
2020-03-30,1.374,2.163,1.786,1.835,1.948,2.051,2.159,2.274
2020-03-31,1.614,2.147,1.854,1.827,1.933,2.033,2.14,2.25
2020-04-01,1.403,2.004,1.736,1.809,1.918,2.015,2.123,2.226
2020-04-02,1.278,1.857,1.621,1.772,1.889,1.982,2.098,2.202
2020-04-03,1.001,1.831,1.537,1.741,1.844,1.956,2.075,2.165
2020-04-07,0.806,1.773,1.382,1.659,1.73,1.859,1.993,2.07
2020-04-08,0.893,1.739,1.333,1.553,1.647,1.759,1.87,1.951
2020-04-09,1.182,1.68,1.283,1.473,1.558,1.665,1.769,1.855
2020-04-10,1.349,1.813,1.325,1.4,1.507,1.606,1.702,1.794
2020-04-13,1.378,1.851,1.361,1.365,1.485,1.579,1.668,1.758
2020-04-14,0.994,1.707,1.387,1.353,1.46,1.556,1.644,1.733
2020-04-15,0.801,1.632,1.35,1.341,1.447,1.539,1.631,1.712
2020-04-16,0.702,1.657,1.318,1.324,1.428,1.516,1.603,1.694
2020-04-17,0.716,1.737,1.307,1.308,1.403,1.499,1.594,1.683
2020-04-20,0.896,1.734,1.313,1.301,1.394,1.482,1.578,1.674
2020-04-21,0.901,1.606,1.307,1.302,1.396,1.48,1.572,1.674
2020-04-22,0.901,1.576,1.296,1.3,1.391,1.484,1.578,1.676
2020-04-23,0.893,1.663,1.319,1.301,1.396,1.486,1.58,1.683
2020-04-24,0.912,1.718,1.317,1.302,1.396,1.486,1.582,1.683
2020-04-27,0.874,1.774,1.31,1.307,1.397,1.487,1.58,1.682
2020-04-28,0.874,1.62,1.305,1.304,1.398,1.489,1.583,1.681
2020-04-29,0.661,1.755,1.344,1.304,1.399,1.49,1.585,1.681
2020-04-30,1.888,1.919,1.511,1.314,1.4,1.493,1.588,1.683
2020-05-06,1.483,1.865,1.364,1.311,1.4,1.492,1.589,1.684
2020-05-07,1.143,1.838,1.321,1.304,1.4,1.491,1.589,1.683
2020-05-08,0.938,1.809,1.296,1.3,1.4,1.491,1.589,1.683
2020-05-11,0.876,1.679,1.278,1.3,1.398,1.493,1.594,1.69
2020-05-12,0.803,1.568,1.269,1.3,1.398,1.493,1.595,1.695
2020-05-13,0.705,1.485,1.253,1.3,1.398,1.493,1.597,1.696
2020-05-14,0.743,1.514,1.256,1.3,1.399,1.493,1.598,1.698
2020-05-15,0.864,1.657,1.259,1.3,1.399,1.493,1.599,1.7
2020-05-18,0.905,1.563,1.265,1.3,1.398,1.492,1.598,1.699
2020-05-19,1.385,1.521,1.274,1.3,1.399,1.492,1.598,1.698
2020-05-20,1.22,1.534,1.321,1.301,1.399,1.492,1.599,1.699
2020-05-21,1.104,1.556,1.314,1.303,1.4,1.493,1.6,1.701
2020-05-22,1.094,1.595,1.313,1.307,1.4,1.493,1.6,1.704
2020-05-25,1.473,1.785,1.34,1.316,1.4,1.497,1.6,1.71
2020-05-26,1.88,1.908,1.491,1.342,1.405,1.503,1.611,1.723
2020-05-27,2.104,2.018,1.75,1.39,1.415,1.518,1.626,1.739
2020-05-28,2.102,2.179,1.847,1.412,1.43,1.525,1.64,1.748
2020-05-29,2.097,2.151,1.925,1.43,1.453,1.552,1.667,1.774
2020-06-01,1.629,1.959,1.724,1.424,1.456,1.566,1.678,1.788
2020-06-02,1.468,1.673,1.44,1.422,1.462,1.575,1.69,1.801
2020-06-03,1.885,1.971,1.579,1.455,1.494,1.596,1.723,1.826
2020-06-04,1.963,2.001,1.604,1.513,1.536,1.619,1.745,1.851
2020-06-05,1.582,1.987,1.705,1.582,1.594,1.668,1.773,1.903
2020-06-08,1.89,1.942,1.69,1.647,1.658,1.737,1.83,1.957
2020-06-09,1.833,1.947,1.758,1.741,1.727,1.788,1.884,2.007
2020-06-10,1.849,1.98,1.8,1.791,1.816,1.861,1.947,2.053
2020-06-11,1.757,2.021,1.848,1.86,1.904,1.953,2.051,2.138
2020-06-12,1.529,2.016,1.859,1.899,1.956,2.004,2.106,2.189
2020-06-15,1.477,1.855,1.79,1.916,1.987,2.03,2.141,2.207
2020-06-16,1.751,1.891,1.757,1.95,2.019,2.062,2.166,2.23
2020-06-17,2.048,2.057,1.832,1.993,2.056,2.095,2.207,2.266
2020-06-18,2.123,2.1,2.096,2.023,2.078,2.115,2.223,2.285
2020-06-19,2.131,2.147,2.156,2.048,2.095,2.132,2.249,2.3
2020-06-22,2.133,2.15,2.205,2.057,2.097,2.142,2.253,2.308
2020-06-23,1.971,2.15,2.419,2.08,2.109,2.152,2.265,2.325
2020-06-24,1.54,2.173,2.284,2.098,2.121,2.16,2.28,2.344
2020-06-28,1.096,2.182,2.237,2.101,2.129,2.167,2.288,2.349
2020-06-29,1.012,2.181,2.156,2.096,2.127,2.166,2.29,2.35
2020-06-30,1.785,2.228,2.282,2.083,2.126,2.168,2.296,2.358
2020-07-01,1.967,2.095,1.984,2.071,2.122,2.178,2.299,2.361
2020-07-02,1.745,2.006,1.823,2.038,2.113,2.181,2.297,2.368
2020-07-03,1.364,1.98,1.685,2.011,2.105,2.186,2.301,2.376
2020-07-06,1.346,1.794,1.624,1.997,2.104,2.19,2.305,2.384
2020-07-07,1.706,2.092,1.72,1.998,2.103,2.196,2.318,2.392
2020-07-08,2.088,2.137,1.872,1.998,2.111,2.209,2.335,2.404
2020-07-09,2.189,2.192,2.048,2.013,2.122,2.222,2.353,2.42
2020-07-10,2.197,2.203,1.957,2.035,2.143,2.241,2.367,2.433
2020-07-13,2.128,2.201,2.216,2.057,2.163,2.264,2.385,2.455
2020-07-14,1.67,2.148,2.094,2.077,2.192,2.292,2.404,2.48
2020-07-15,2.022,2.15,2.113,2.1,2.241,2.334,2.438,2.516
2020-07-16,2.2465,2.249,2.197,2.145,2.286,2.377,2.479,2.574
2020-07-17,2.328,2.227,2.423,2.198,2.356,2.441,2.542,2.637
2020-07-20,1.9565,2.183,2.306,2.214,2.404,2.49,2.585,2.671
2020-07-21,1.584,2.101,2.215,2.223,2.466,2.565,2.651,2.727
2020-07-22,1.336,2.008,2.187,2.225,2.501,2.621,2.687,2.758
2020-07-23,1.858,2.207,2.192,2.239,2.541,2.654,2.709,2.783
2020-07-24,1.843,2.147,2.234,2.245,2.557,2.676,2.727,2.796
2020-07-27,1.994,2.202,2.289,2.258,2.574,2.69,2.738,2.804
2020-07-28,1.753,2.2,2.278,2.267,2.578,2.697,2.745,2.807
2020-07-29,1.45,2.174,2.281,2.276,2.586,2.7,2.752,2.815
2020-07-30,1.369,2.183,2.24,2.288,2.59,2.705,2.756,2.82
2020-07-31,1.788,2.236,2.247,2.295,2.593,2.709,2.76,2.828
2020-08-03,1.57,2.043,1.946,2.282,2.595,2.715,2.763,2.828
2020-08-04,1.925,2.143,2.043,2.286,2.598,2.733,2.778,2.837
2020-08-05,1.69,2.062,2.035,2.281,2.6,2.744,2.79,2.846
2020-08-06,1.661,2.074,2.021,2.286,2.6,2.749,2.797,2.85
2020-08-07,2.057,2.205,2.052,2.286,2.603,2.755,2.802,2.852
2020-08-10,2.129,2.202,2.098,2.295,2.601,2.755,2.803,2.853
2020-08-11,2.201,2.249,2.197,2.299,2.6,2.757,2.803,2.855
2020-08-12,2.152,2.246,2.271,2.3,2.601,2.764,2.809,2.862
2020-08-13,2.162,2.237,2.284,2.3,2.601,2.769,2.811,2.866
2020-08-14,2.175,2.222,2.307,2.306,2.601,2.778,2.814,2.872
2020-08-17,2.128,2.213,2.276,2.305,2.602,2.779,2.822,2.878
2020-08-18,2.115,2.19,2.231,2.304,2.6,2.788,2.831,2.886
2020-08-19,2.148,2.204,2.248,2.307,2.6,2.795,2.84,2.893
2020-08-20,2.172,2.249,2.341,2.316,2.601,2.8,2.845,2.896
2020-08-21,2.258,2.28,2.422,2.339,2.601,2.802,2.849,2.9
2020-08-24,2.3595,2.23,2.548,2.364,2.604,2.81,2.853,2.901
2020-08-25,1.969,2.241,2.553,2.368,2.606,2.819,2.856,2.905
2020-08-26,1.63,2.222,2.468,2.37,2.612,2.82,2.859,2.907
2020-08-27,1.477,2.182,2.398,2.367,2.621,2.825,2.871,2.917
2020-08-28,1.345,2.235,2.338,2.366,2.63,2.834,2.883,2.922
2020-08-31,1.766,2.228,2.349,2.374,2.636,2.844,2.893,2.933
2020-09-01,2.104,2.211,2.242,2.372,2.64,2.847,2.901,2.942
2020-09-02,2.094,2.201,2.226,2.38,2.646,2.852,2.905,2.945
2020-09-03,1.742,2.197,2.187,2.39,2.654,2.863,2.914,2.951
2020-09-04,2.052,2.211,2.22,2.399,2.661,2.874,2.92,2.953
2020-09-07,2.088,2.2,2.279,2.436,2.676,2.887,2.93,2.965
2020-09-08,2.051,2.211,2.245,2.468,2.688,2.899,2.944,2.982
2020-09-09,1.607,2.193,2.202,2.502,2.693,2.91,2.953,2.988
2020-09-10,1.34,2.128,2.168,2.538,2.695,2.927,2.967,2.992
2020-09-11,1.464,2.162,2.166,2.564,2.697,2.936,2.975,2.999
2020-09-14,1.607,2.161,2.171,2.59,2.697,2.943,2.979,3.002
2020-09-15,1.731,2.133,2.156,2.596,2.696,2.946,2.978,3.003
2020-09-16,1.404,2.185,2.149,2.597,2.688,2.933,2.968,3.0
2020-09-17,1.769,2.199,2.195,2.603,2.686,2.927,2.964,3.0
2020-09-18,2.101,2.233,2.411,2.609,2.679,2.919,2.96,3.0
2020-09-21,2.204,2.262,2.649,2.619,2.673,2.912,2.955,3.001
2020-09-22,2.286,2.332,2.502,2.624,2.67,2.911,2.957,3.002
2020-09-23,1.884,2.149,2.751,2.627,2.67,2.914,2.959,3.002
2020-09-24,1.424,2.148,2.751,2.642,2.668,2.917,2.968,3.008
2020-09-25,1.113,2.044,2.743,2.655,2.668,2.915,2.973,3.009
2020-09-27,0.685,1.953,2.7,2.657,2.671,2.915,2.976,3.009
2020-09-28,0.602,2.418,2.77,2.666,2.673,2.914,2.978,3.01
2020-09-29,0.913,2.283,2.894,2.67,2.684,2.919,2.982,3.016
2020-09-30,2.361,2.331,3.007,2.68,2.691,2.919,2.988,3.021
2020-10-09,2.038,2.174,2.478,2.668,2.708,2.918,2.994,3.024
2020-10-10,1.628,2.029,2.054,2.649,2.715,2.919,2.998,3.028
2020-10-12,1.53,2.073,1.963,2.635,2.722,2.921,3.0,3.031
2020-10-13,1.7,2.092,1.978,2.636,2.734,2.926,3.005,3.039
2020-10-14,1.962,2.136,2.061,2.637,2.757,2.935,3.008,3.045
2020-10-15,2.063,2.191,2.171,2.633,2.774,2.944,3.015,3.057
2020-10-16,2.017,2.199,2.183,2.632,2.786,2.947,3.022,3.066
2020-10-19,2.187,2.23,2.218,2.634,2.803,2.95,3.029,3.074
2020-10-20,2.162,2.261,2.345,2.635,2.829,2.959,3.035,3.081
2020-10-21,1.988,2.207,2.369,2.645,2.855,2.973,3.052,3.09
2020-10-22,1.911,2.19,2.419,2.649,2.877,2.986,3.066,3.101
2020-10-23,2.161,2.205,2.62,2.653,2.895,2.999,3.078,3.116
2020-10-26,2.18,2.227,2.675,2.658,2.913,3.005,3.089,3.131
2020-10-27,2.38,2.33,2.846,2.668,2.933,3.014,3.099,3.146
2020-10-28,2.379,2.385,2.852,2.686,2.952,3.027,3.109,3.157
2020-10-29,2.125,2.353,2.852,2.69,2.96,3.035,3.123,3.167
2020-10-30,2.236,2.418,3.025,2.689,2.972,3.044,3.136,3.18
2020-11-02,2.322,2.464,2.407,2.687,2.982,3.048,3.145,3.187
2020-11-03,1.868,2.18,2.214,2.643,2.989,3.05,3.151,3.192
2020-11-04,1.449,2.092,2.115,2.643,2.993,3.052,3.153,3.194
2020-11-05,1.377,2.071,2.089,2.633,2.996,3.052,3.154,3.196
2020-11-06,1.79,2.215,2.197,2.64,3.001,3.052,3.153,3.199
2020-11-09,2.193,2.272,2.379,2.646,3.001,3.054,3.153,3.2
2020-11-10,2.333,2.269,2.524,2.636,3.002,3.055,3.154,3.201
2020-11-11,2.314,2.306,2.583,2.646,3.002,3.056,3.156,3.201
2020-11-12,2.521,2.335,2.675,2.671,3.002,3.057,3.161,3.204
2020-11-13,2.523,2.433,2.842,2.679,3.003,3.058,3.166,3.205
2020-11-16,2.252,2.339,2.86,2.682,3.002,3.058,3.169,3.207
2020-11-17,1.798,2.238,2.527,2.686,3.003,3.064,3.171,3.21
2020-11-18,1.72,2.21,2.501,2.689,3.009,3.074,3.178,3.22
2020-11-19,1.918,2.231,2.564,2.69,3.014,3.079,3.189,3.23
2020-11-20,1.959,2.228,2.646,2.702,3.021,3.092,3.196,3.242
2020-11-23,1.839,2.193,2.773,2.703,3.047,3.109,3.203,3.253
2020-11-24,1.828,2.232,2.784,2.713,3.069,3.124,3.207,3.255
2020-11-25,1.578,2.224,2.84,2.716,3.077,3.137,3.219,3.266
2020-11-26,1.298,2.294,2.812,2.718,3.113,3.164,3.235,3.278
2020-11-27,0.836,2.336,2.815,2.734,3.136,3.181,3.25,3.289
2020-11-30,1.115,2.356,2.755,2.743,3.123,3.183,3.246,3.291
2020-12-01,0.764,1.972,2.121,2.717,3.109,3.17,3.224,3.274
2020-12-02,0.742,1.925,1.987,2.703,3.103,3.163,3.216,3.265
2020-12-03,0.901,2.104,1.975,2.706,3.089,3.159,3.21,3.261
2020-12-04,1.086,2.116,2.017,2.696,3.083,3.156,3.2065,3.2578
2020-12-07,1.366,2.119,2.032,2.7,3.076,3.155,3.206,3.257
2020-12-08,1.302,2.101,2.052,2.702,3.073,3.155,3.206,3.259
2020-12-09,1.065,2.074,2.042,2.714,3.05,3.154,3.206,3.256
2020-12-10,0.979,2.063,1.973,2.712,3.024,3.142,3.2,3.247
2020-12-11,1.431,2.178,1.978,2.712,3.016,3.13,3.195,3.239
2020-12-14,1.702,2.143,2.046,2.722,3.0,3.1,3.187,3.231
2020-12-15,1.403,2.062,1.999,2.725,2.983,3.071,3.156,3.2
2020-12-16,0.974,1.815,1.9,2.723,2.952,3.024,3.112,3.149
2020-12-17,1.356,1.961,1.937,2.717,2.905,2.97,3.065,3.099
2020-12-18,1.723,2.148,2.267,2.716,2.855,2.922,3.03,3.066
2020-12-21,1.489,2.05,2.862,2.717,2.818,2.887,3.008,3.047
2020-12-22,1.015,2.061,2.94,2.714,2.796,2.868,2.992,3.04
2020-12-23,0.623,2.064,2.846,2.708,2.787,2.854,2.974,3.033
2020-12-24,0.609,1.774,2.798,2.703,2.776,2.849,2.962,3.029
2020-12-25,0.793,2.151,2.829,2.702,2.766,2.84,2.955,3.015
2020-12-28,0.673,2.133,2.865,2.702,2.761,2.838,2.948,3.009
2020-12-29,0.624,2.264,2.805,2.702,2.757,2.837,2.946,3.001
2020-12-30,0.644,2.308,2.964,2.702,2.755,2.837,2.946,3.0
2020-12-31,1.093,2.381,3.025,2.702,2.756,2.838,2.939,3.0
2021-01-04,0.899,1.993,2.021,2.642,2.746,2.829,2.926,2.993
2021-01-05,0.729,1.822,1.856,2.577,2.734,2.816,2.913,2.985
2021-01-06,0.616,1.966,1.788,2.529,2.707,2.792,2.889,2.962
2021-01-07,0.921,1.855,1.742,2.491,2.677,2.769,2.863,2.936
2021-01-08,0.965,2.141,1.793,2.468,2.645,2.738,2.837,2.91
2021-01-11,1.216,2.148,1.821,2.447,2.618,2.715,2.814,2.889
2021-01-12,1.333,1.985,1.923,2.432,2.599,2.703,2.802,2.88
2021-01-13,1.401,1.999,1.951,2.412,2.59,2.697,2.799,2.871
2021-01-14,1.675,2.013,1.937,2.404,2.582,2.697,2.797,2.864
2021-01-15,1.738,2.124,1.99,2.39,2.581,2.694,2.795,2.859
2021-01-18,2.125,2.177,2.141,2.388,2.578,2.69,2.793,2.857
2021-01-19,2.236,2.267,2.248,2.396,2.573,2.685,2.785,2.858
2021-01-20,2.457,2.493,2.619,2.464,2.575,2.688,2.789,2.866
2021-01-21,2.573,2.359,2.651,2.489,2.578,2.688,2.789,2.875
2021-01-22,2.436,2.271,2.601,2.503,2.578,2.688,2.789,2.883
2021-01-25,2.45,2.296,2.681,2.512,2.579,2.691,2.791,2.892
2021-01-26,2.726,2.728,2.853,2.547,2.589,2.699,2.802,2.906
2021-01-27,2.97,2.969,3.064,2.632,2.619,2.707,2.827,2.936
2021-01-28,3.024,2.981,3.555,2.708,2.705,2.756,2.859,2.962
2021-01-29,3.282,3.071,3.798,2.832,2.765,2.796,2.896,2.989
2021-02-01,2.795,3.194,3.283,2.85,2.773,2.802,2.902,2.998
2021-02-02,2.313,2.241,2.715,2.807,2.775,2.805,2.91,3.003
2021-02-03,1.859,2.146,2.585,2.772,2.776,2.807,2.916,3.002
2021-02-04,2.075,2.324,2.644,2.752,2.776,2.807,2.92,3.002
2021-02-05,1.909,2.338,2.877,2.753,2.779,2.807,2.932,3.007
2021-02-07,1.573,2.349,2.768,2.752,2.78,2.808,2.943,3.013
2021-02-08,1.906,2.341,2.762,2.755,2.791,2.828,2.95,3.024
2021-02-09,1.772,2.425,2.732,2.759,2.808,2.85,2.953,3.034
2021-02-10,1.925,2.217,2.383,2.754,2.812,2.862,2.953,3.038
2021-02-18,2.341,2.213,2.292,2.753,2.815,2.866,2.953,3.038
2021-02-19,1.886,2.051,2.397,2.745,2.824,2.876,2.966,3.052
2021-02-20,1.457,1.964,2.272,2.742,2.832,2.884,2.975,3.063
2021-02-22,1.512,2.206,2.324,2.74,2.845,2.895,2.988,3.076
2021-02-23,1.984,2.277,2.418,2.733,2.848,2.9,3.0,3.085
2021-02-24,1.512,2.114,2.368,2.727,2.843,2.902,3.007,3.094
2021-02-25,1.703,2.215,2.349,2.721,2.836,2.9,3.007,3.101
2021-02-26,2.092,2.214,2.328,2.719,2.833,2.9,3.007,3.104
2021-03-01,2.154,2.216,2.22,2.701,2.813,2.899,3.005,3.105
2021-03-02,1.775,2.157,2.196,2.682,2.804,2.899,3.005,3.106
2021-03-03,1.471,1.89,2.107,2.654,2.794,2.898,3.002,3.103
2021-03-04,1.926,2.161,2.111,2.629,2.781,2.893,3.001,3.104
2021-03-05,1.565,1.999,2.081,2.597,2.766,2.885,3.0,3.102
2021-03-08,1.704,2.144,2.129,2.583,2.749,2.879,3.0,3.102
2021-03-09,2.024,2.067,2.102,2.584,2.74,2.867,3.0,3.102
2021-03-10,1.747,2.038,2.086,2.578,2.737,2.86,3.0,3.102
2021-03-11,1.796,2.06,2.087,2.574,2.733,2.855,3.0,3.102
2021-03-12,1.787,2.134,2.151,2.563,2.719,2.848,3.0,3.101
2021-03-15,2.245,2.275,2.411,2.568,2.709,2.843,2.998,3.102
2021-03-16,2.14,2.229,2.29,2.568,2.705,2.836,2.999,3.102
2021-03-17,1.968,2.167,2.17,2.57,2.704,2.832,2.999,3.1
2021-03-18,2.206,2.197,2.313,2.574,2.703,2.831,2.993,3.1
2021-03-19,2.135,2.199,2.297,2.577,2.698,2.836,2.995,3.1
2021-03-22,2.052,2.163,2.469,2.576,2.694,2.832,2.993,3.097
2021-03-23,1.976,2.168,2.452,2.578,2.689,2.826,2.988,3.094
2021-03-24,1.822,1.992,2.429,2.577,2.681,2.815,2.983,3.09
2021-03-25,2.029,2.194,2.412,2.577,2.6685,2.809,2.976,3.089
2021-03-26,1.762,2.173,2.397,2.569,2.65,2.802,2.966,3.086
2021-03-29,1.814,2.158,2.369,2.554,2.642,2.802,2.951,3.083
2021-03-30,1.825,2.236,2.415,2.541,2.639,2.799,2.944,3.081
2021-03-31,2.124,2.251,2.478,2.542,2.635,2.798,2.941,3.08
2021-04-01,2.143,2.155,2.192,2.541,2.635,2.799,2.935,3.08
2021-04-02,1.734,2.145,2.179,2.541,2.634,2.799,2.93,3.079
2021-04-06,1.765,2.045,2.086,2.533,2.629,2.798,2.922,3.072
2021-04-07,1.824,1.939,2.003,2.532,2.62,2.796,2.917,3.068
2021-04-08,1.76,2.014,2.057,2.523,2.615,2.798,2.913,3.062
2021-04-09,1.784,2.054,2.08,2.516,2.612,2.795,2.911,3.059
2021-04-12,1.792,2.05,2.112,2.51,2.608,2.797,2.909,3.055
2021-04-13,1.781,2.061,2.088,2.508,2.605,2.798,2.903,3.051
2021-04-14,1.81,2.063,2.086,2.503,2.603,2.798,2.902,3.042
2021-04-15,1.81,2.058,2.07,2.502,2.602,2.798,2.9,3.037
2021-04-16,1.946,2.199,2.119,2.501,2.601,2.798,2.9,3.032
2021-04-19,2.118,2.226,2.25,2.5,2.6,2.798,2.9,3.026
2021-04-20,1.854,2.196,2.262,2.5,2.6,2.798,2.9,3.02
2021-04-21,1.864,2.133,2.259,2.5,2.6,2.794,2.9,3.009
2021-04-22,2.127,2.15,2.281,2.5,2.6,2.792,2.9,3.001
2021-04-23,1.942,2.139,2.283,2.5,2.6,2.792,2.9,3.0
2021-04-25,2.018,2.2,2.371,2.495,2.595,2.791,2.898,2.995
2021-04-26,2.075,2.246,2.39,2.494,2.594,2.792,2.896,2.987
2021-04-27,1.814,2.234,2.307,2.491,2.592,2.782,2.889,2.981
2021-04-28,1.78,2.189,2.321,2.491,2.592,2.768,2.884,2.98
2021-04-29,1.823,2.252,2.331,2.49,2.585,2.757,2.88,2.978
2021-04-30,2.285,2.336,2.367,2.489,2.58,2.752,2.879,2.972
2021-05-06,2.097,2.152,2.179,2.477,2.576,2.745,2.874,2.966
2021-05-07,1.779,1.94,2.026,2.463,2.569,2.742,2.865,2.959
2021-05-08,1.494,1.909,1.996,2.444,2.556,2.736,2.856,2.952
2021-05-10,1.663,1.909,1.957,2.437,2.542,2.728,2.848,2.947
2021-05-11,1.938,2.078,1.986,2.432,2.536,2.722,2.843,2.943
2021-05-12,1.951,2.029,2.032,2.429,2.532,2.719,2.843,2.938
2021-05-13,1.966,2.082,2.06,2.423,2.525,2.709,2.842,2.932
2021-05-14,1.805,2.074,2.079,2.422,2.521,2.705,2.842,2.931
2021-05-17,2.136,2.195,2.137,2.419,2.514,2.703,2.841,2.932
2021-05-18,2.119,2.196,2.24,2.418,2.51,2.702,2.841,2.93
2021-05-19,2.025,2.149,2.218,2.416,2.505,2.701,2.843,2.932
2021-05-20,2.092,2.165,2.268,2.412,2.497,2.69,2.843,2.931
2021-05-21,1.996,2.16,2.26,2.41,2.489,2.684,2.843,2.929
2021-05-24,2.171,2.156,2.31,2.407,2.49,2.675,2.842,2.925
2021-05-25,2.194,2.254,2.317,2.406,2.485,2.671,2.842,2.924
2021-05-26,1.99,2.269,2.311,2.405,2.479,2.67,2.841,2.921
2021-05-27,2.117,2.262,2.336,2.403,2.474,2.667,2.836,2.915
2021-05-28,2.166,2.278,2.376,2.404,2.476,2.663,2.834,2.912
2021-05-31,2.227,2.502,2.581,2.407,2.479,2.663,2.838,2.911
2021-06-01,2.187,2.233,2.139,2.406,2.478,2.659,2.84,2.91
2021-06-02,2.04,2.156,2.135,2.397,2.469,2.651,2.835,2.907
2021-06-03,1.852,2.092,2.093,2.384,2.454,2.641,2.829,2.899
2021-06-04,2.175,2.187,2.11,2.377,2.444,2.629,2.821,2.887
2021-06-07,2.299,2.253,2.346,2.385,2.446,2.626,2.822,2.887
2021-06-08,2.193,2.267,2.35,2.383,2.443,2.624,2.824,2.884
2021-06-09,2.188,2.271,2.322,2.386,2.442,2.618,2.826,2.884
2021-06-10,1.892,2.146,2.269,2.381,2.435,2.611,2.823,2.881
2021-06-11,1.998,2.169,2.202,2.384,2.434,2.61,2.824,2.883
2021-06-15,2.104,2.237,2.246,2.383,2.434,2.608,2.825,2.884
2021-06-16,2.006,2.198,2.221,2.388,2.439,2.605,2.826,2.886
2021-06-17,1.876,2.179,2.248,2.391,2.441,2.604,2.829,2.891
2021-06-18,2.014,2.206,2.527,2.398,2.444,2.606,2.83,2.895
2021-06-21,2.247,2.257,2.526,2.401,2.449,2.606,2.834,2.902
2021-06-22,2.301,2.337,2.623,2.406,2.457,2.608,2.838,2.905
2021-06-23,2.208,2.276,2.673,2.406,2.457,2.61,2.841,2.906
2021-06-24,1.853,2.254,2.61,2.404,2.455,2.611,2.84,2.907
2021-06-25,1.55,2.196,2.719,2.404,2.456,2.609,2.84,2.904
2021-06-28,1.558,2.258,2.836,2.405,2.457,2.607,2.84,2.904
2021-06-29,1.795,2.431,2.911,2.41,2.458,2.608,2.84,2.904
2021-06-30,2.177,2.405,2.966,2.415,2.458,2.609,2.841,2.904
2021-07-01,1.734,2.186,2.199,2.407,2.457,2.606,2.841,2.901
2021-07-02,1.614,1.945,2.041,2.385,2.449,2.605,2.841,2.899
2021-07-05,1.665,2.034,2.021,2.382,2.444,2.601,2.841,2.896
2021-07-06,1.908,2.046,2.023,2.378,2.442,2.601,2.841,2.898
2021-07-07,2.068,2.129,2.064,2.376,2.442,2.6,2.84,2.896
2021-07-08,1.791,2.114,2.107,2.357,2.435,2.594,2.823,2.872
2021-07-09,2.206,2.22,2.149,2.351,2.435,2.589,2.818,2.868
2021-07-12,1.94,2.163,2.193,2.339,2.428,2.577,2.804,2.858
2021-07-13,2.05,2.193,2.198,2.333,2.423,2.567,2.791,2.843
2021-07-14,1.984,2.179,2.195,2.326,2.414,2.552,2.785,2.833
2021-07-15,2.098,2.178,2.186,2.316,2.405,2.547,2.776,2.822
2021-07-16,2.115,2.201,2.188,2.318,2.404,2.543,2.769,2.814
2021-07-19,2.111,2.155,2.235,2.315,2.401,2.534,2.76,2.808
2021-07-20,2.178,2.198,2.258,2.313,2.402,2.528,2.754,2.805
2021-07-21,2.182,2.218,2.284,2.315,2.402,2.527,2.748,2.801
2021-07-22,2.114,2.18,2.344,2.317,2.402,2.526,2.746,2.799
2021-07-23,2.057,2.143,2.311,2.318,2.402,2.523,2.746,2.797
2021-07-26,2.119,2.214,2.346,2.32,2.402,2.523,2.746,2.793
2021-07-27,2.27,2.31,2.442,2.324,2.401,2.527,2.746,2.796
2021-07-28,2.092,2.356,2.457,2.329,2.401,2.528,2.747,2.796
2021-07-29,1.644,2.257,2.394,2.326,2.401,2.525,2.742,2.788
2021-07-30,2.178,2.284,2.339,2.331,2.401,2.525,2.74,2.789
2021-08-02,1.876,2.071,2.072,2.318,2.4,2.517,2.734,2.78
2021-08-03,1.836,2.041,2.091,2.303,2.394,2.511,2.726,2.766
2021-08-04,1.71,2.04,2.029,2.295,2.385,2.506,2.712,2.75
2021-08-05,1.709,1.97,1.982,2.288,2.373,2.494,2.698,2.736
2021-08-06,1.859,1.994,2.001,2.278,2.368,2.489,2.69,2.728
2021-08-09,2.212,2.145,2.132,2.27,2.36,2.485,2.683,2.72
2021-08-10,2.25,2.348,2.388,2.289,2.365,2.483,2.678,2.716
2021-08-11,2.032,2.147,2.315,2.292,2.363,2.482,2.674,2.713
2021-08-12,1.94,2.15,2.159,2.295,2.36,2.48,2.667,2.71
2021-08-13,2.176,2.197,2.155,2.3,2.359,2.479,2.666,2.71
2021-08-16,2.105,2.193,2.201,2.301,2.355,2.476,2.665,2.708
2021-08-17,1.972,2.139,2.13,2.3,2.355,2.476,2.663,2.704
2021-08-18,1.725,2.054,2.284,2.3,2.355,2.475,2.659,2.7
2021-08-19,1.841,2.091,2.248,2.3,2.354,2.474,2.656,2.7
2021-08-20,2.042,2.115,2.235,2.3,2.353,2.472,2.656,2.7
2021-08-23,2.143,2.16,2.244,2.3,2.353,2.471,2.656,2.7
2021-08-24,2.262,2.224,2.299,2.303,2.353,2.471,2.656,2.7
2021-08-25,2.211,2.311,2.322,2.309,2.354,2.471,2.651,2.7
2021-08-26,2.199,2.319,2.317,2.312,2.354,2.471,2.653,2.7
2021-08-27,2.092,2.329,2.306,2.315,2.354,2.471,2.652,2.7
2021-08-30,1.846,2.308,2.323,2.319,2.355,2.472,2.652,2.7
2021-08-31,2.195,2.322,2.36,2.329,2.357,2.473,2.652,2.7
2021-09-01,2.122,2.104,2.039,2.323,2.358,2.47,2.651,2.7
2021-09-02,2.082,2.075,2.056,2.311,2.356,2.47,2.646,2.699
2021-09-03,1.943,2.059,2.051,2.31,2.356,2.47,2.648,2.699
2021-09-06,2.115,2.151,2.169,2.307,2.355,2.469,2.649,2.698
2021-09-07,2.187,2.198,2.17,2.305,2.355,2.471,2.649,2.698
2021-09-08,2.184,2.201,2.246,2.307,2.357,2.468,2.649,2.699
2021-09-09,2.029,2.158,2.237,2.311,2.357,2.467,2.649,2.698
2021-09-10,2.109,2.199,2.227,2.312,2.357,2.467,2.649,2.698
2021-09-13,2.165,2.203,2.296,2.32,2.357,2.467,2.644,2.699
2021-09-14,2.296,2.28,2.353,2.339,2.361,2.468,2.649,2.699
2021-09-15,2.137,2.213,2.336,2.344,2.363,2.468,2.649,2.7
2021-09-16,2.21,2.234,2.345,2.356,2.365,2.466,2.649,2.7
2021-09-17,2.213,2.398,2.382,2.373,2.372,2.468,2.649,2.7
2021-09-18,2.107,2.234,2.438,2.379,2.378,2.469,2.649,2.7
2021-09-22,2.161,2.232,2.387,2.387,2.385,2.469,2.649,2.7
2021-09-23,2.035,2.189,2.657,2.396,2.39,2.469,2.649,2.7
2021-09-24,1.695,2.219,2.709,2.408,2.397,2.473,2.65,2.7
2021-09-26,1.691,2.19,2.752,2.411,2.404,2.479,2.65,2.701
2021-09-27,1.708,1.984,2.732,2.418,2.408,2.483,2.65,2.708
2021-09-28,1.946,2.115,2.809,2.426,2.417,2.485,2.653,2.713
2021-09-29,1.505,2.45,2.9,2.436,2.427,2.489,2.652,2.718
2021-09-30,2.22,2.266,2.97,2.439,2.431,2.489,2.655,2.722
2021-10-08,2.105,2.17,2.095,2.399,2.433,2.489,2.656,2.722
2021-10-09,1.635,1.896,2.02,2.376,2.425,2.486,2.653,2.716
2021-10-11,2.135,2.199,2.181,2.366,2.423,2.488,2.651,2.718
2021-10-12,2.101,2.167,2.183,2.363,2.423,2.492,2.651,2.716
2021-10-13,2.157,2.202,2.199,2.357,2.42,2.495,2.651,2.717
2021-10-14,2.106,2.198,2.3,2.359,2.423,2.498,2.653,2.725
2021-10-15,2.065,2.132,2.145,2.3582,2.4222,2.498,2.653,2.7265
2021-10-18,2.131,2.174,2.278,2.357,2.422,2.5,2.654,2.734
2021-10-19,2.223,2.283,2.552,2.362,2.428,2.501,2.655,2.738
2021-10-20,2.104,2.221,2.395,2.363,2.431,2.504,2.657,2.746
2021-10-21,1.683,2.055,2.456,2.366,2.432,2.509,2.66,2.753
2021-10-22,1.672,2.056,2.434,2.37,2.434,2.511,2.663,2.758
2021-10-25,1.61,2.243,2.41,2.38,2.438,2.522,2.661,2.759
2021-10-26,1.546,2.262,2.424,2.387,2.443,2.525,2.664,2.766
2021-10-27,1.921,2.268,2.441,2.392,2.445,2.529,2.664,2.773
2021-10-28,1.94,2.301,2.441,2.396,2.448,2.533,2.666,2.778
2021-10-29,2.142,2.299,2.414,2.398,2.449,2.536,2.669,2.782
2021-11-01,2.03,2.168,2.158,2.398,2.449,2.537,2.671,2.783
2021-11-02,2.126,2.185,2.205,2.394,2.45,2.539,2.673,2.783
2021-11-03,2.0,2.137,2.186,2.397,2.452,2.541,2.675,2.784
2021-11-04,1.886,2.132,2.146,2.397,2.451,2.542,2.675,2.784
2021-11-05,1.887,2.129,2.213,2.398,2.451,2.542,2.673,2.78
2021-11-08,1.897,2.121,2.167,2.396,2.452,2.546,2.673,2.779
2021-11-09,2.137,2.191,2.227,2.399,2.454,2.55,2.673,2.774
2021-11-10,1.833,2.142,2.201,2.398,2.454,2.551,2.673,2.769
2021-11-11,1.881,2.113,2.144,2.398,2.454,2.554,2.673,2.768
2021-11-12,1.856,2.124,2.093,2.382,2.454,2.556,2.673,2.767
2021-11-15,1.787,2.1,2.111,2.359,2.46,2.563,2.674,2.763
2021-11-16,1.923,2.096,2.103,2.356,2.463,2.566,2.671,2.762
2021-11-17,2.152,2.182,2.196,2.349,2.467,2.572,2.671,2.759
2021-11-18,1.932,2.172,2.306,2.346,2.473,2.576,2.671,2.757
2021-11-19,1.998,2.171,2.323,2.348,2.475,2.577,2.673,2.756
2021-11-22,1.946,2.109,2.35,2.35,2.477,2.583,2.674,2.756
2021-11-23,2.178,2.17,2.432,2.353,2.48,2.586,2.675,2.757
2021-11-24,1.788,2.269,2.425,2.353,2.482,2.589,2.676,2.756
2021-11-25,1.823,2.231,2.397,2.353,2.484,2.592,2.677,2.756
2021-11-26,1.712,2.247,2.322,2.353,2.486,2.593,2.676,2.754
2021-11-29,1.86,2.239,2.295,2.353,2.489,2.594,2.676,2.752
2021-11-30,2.173,2.297,2.576,2.356,2.492,2.595,2.674,2.753
2021-12-01,2.017,2.121,2.115,2.357,2.494,2.597,2.667,2.752
2021-12-02,1.984,2.1,2.083,2.356,2.496,2.599,2.665,2.752
2021-12-03,1.913,2.078,2.145,2.357,2.499,2.6,2.666,2.751
2021-12-06,1.817,2.129,2.087,2.358,2.492,2.594,2.66,2.746
2021-12-07,2.13,2.159,2.167,2.357,2.488,2.586,2.658,2.743
2021-12-08,2.151,2.202,2.252,2.36,2.489,2.583,2.655,2.74
2021-12-09,2.154,2.22,2.286,2.36,2.49,2.585,2.657,2.738
2021-12-10,1.807,2.184,2.132,2.36,2.492,2.587,2.657,2.736
2021-12-13,2.108,2.197,2.141,2.364,2.493,2.587,2.657,2.737
2021-12-14,2.168,2.21,2.29,2.365,2.493,2.587,2.657,2.736
2021-12-15,2.137,2.201,2.222,2.364,2.493,2.587,2.657,2.736
2021-12-16,2.116,2.209,2.157,2.366,2.491,2.587,2.657,2.736
2021-12-17,1.862,2.151,2.177,2.368,2.492,2.587,2.656,2.735
2021-12-20,1.994,2.121,2.482,2.381,2.492,2.588,2.658,2.735
2021-12-21,1.858,2.087,2.708,2.386,2.493,2.59,2.66,2.738
2021-12-22,1.687,2.012,2.907,2.402,2.494,2.591,2.66,2.739
2021-12-23,1.631,2.023,3.053,2.409,2.496,2.591,2.661,2.738
2021-12-24,1.84,1.943,3.288,2.416,2.5,2.592,2.663,2.737
2021-12-27,1.778,2.312,3.07,2.424,2.5,2.591,2.662,2.737
2021-12-28,1.616,2.245,3.099,2.425,2.5,2.591,2.662,2.738
2021-12-29,1.343,2.25,3.058,2.429,2.5,2.591,2.661,2.737
2021-12-30,1.276,2.321,3.113,2.43,2.501,2.592,2.66,2.737
2021-12-31,2.129,2.271,2.988,2.431,2.5,2.59,2.66,2.736
2022-01-04,1.925,2.099,2.112,2.429,2.5,2.589,2.659,2.736
2022-01-05,1.777,2.148,2.046,2.429,2.5,2.588,2.658,2.737
2022-01-06,1.714,2.042,1.995,2.429,2.5,2.584,2.657,2.734
2022-01-07,1.839,2.103,1.966,2.43,2.5,2.578,2.656,2.729
2022-01-10,1.878,2.093,1.977,2.429,2.5,2.575,2.654,2.726
2022-01-11,1.984,2.131,2.027,2.429,2.5,2.574,2.65,2.726
2022-01-12,1.972,2.098,2.039,2.428,2.5,2.57,2.65,2.724
2022-01-13,2.218,2.202,2.079,2.427,2.5,2.569,2.65,2.721
2022-01-14,2.209,2.213,2.235,2.429,2.5,2.564,2.65,2.718
2022-01-17,2.113,2.183,2.391,2.428,2.499,2.555,2.645,2.711
2022-01-18,1.921,2.088,2.209,2.427,2.493,2.548,2.64,2.706
2022-01-19,2.035,2.127,2.405,2.422,2.483,2.534,2.63,2.696
2022-01-20,2.035,2.113,2.431,2.418,2.471,2.526,2.623,2.686
2022-01-21,2.063,2.112,2.368,2.417,2.466,2.521,2.619,2.682
2022-01-24,1.935,2.132,2.435,2.418,2.465,2.517,2.613,2.678
2022-01-25,1.931,2.093,2.489,2.419,2.464,2.513,2.605,2.674
2022-01-26,1.74,2.088,2.502,2.419,2.46,2.508,2.602,2.668
2022-01-27,1.614,2.12,2.462,2.418,2.457,2.504,2.599,2.664
2022-01-28,1.2,2.25,2.561,2.419,2.457,2.5,2.595,2.66
2022-01-29,1.255,2.251,2.386,2.417,2.456,2.498,2.594,2.659
2022-01-30,2.155,2.272,2.286,2.417,2.456,2.498,2.589,2.658
2022-02-07,2.112,2.102,2.145,2.407,2.454,2.498,2.588,2.657
2022-02-08,2.044,2.087,2.032,2.4,2.448,2.496,2.585,2.655
2022-02-09,1.728,2.01,1.97,2.395,2.447,2.495,2.584,2.654
2022-02-10,1.673,1.965,1.963,2.381,2.442,2.49,2.571,2.639
2022-02-11,1.812,2.021,1.972,2.369,2.432,2.483,2.563,2.629
2022-02-14,1.866,2.023,1.972,2.359,2.424,2.476,2.554,2.62
2022-02-15,1.807,2.0,2.008,2.348,2.415,2.471,2.545,2.613
2022-02-16,1.942,2.057,2.028,2.34,2.41,2.466,2.54,2.604
2022-02-17,1.855,2.002,2.047,2.334,2.406,2.463,2.534,2.596
2022-02-18,2.11,2.098,2.227,2.323,2.4,2.457,2.524,2.586
2022-02-21,2.195,2.14,2.302,2.315,2.392,2.453,2.515,2.579
2022-02-22,2.039,2.191,2.254,2.31,2.385,2.45,2.511,2.573
2022-02-23,2.043,2.176,2.27,2.308,2.383,2.449,2.509,2.569
2022-02-24,2.197,2.187,2.283,2.307,2.379,2.448,2.508,2.567
2022-02-25,2.231,2.322,2.375,2.306,2.374,2.448,2.507,2.57
2022-02-28,2.234,2.249,2.303,2.305,2.37,2.447,2.506,2.565
2022-03-01,1.801,2.029,2.045,2.303,2.366,2.445,2.504,2.566
2022-03-02,1.887,2.046,2.02,2.302,2.365,2.446,2.502,2.563
2022-03-03,1.729,2.005,1.995,2.3,2.363,2.448,2.501,2.566
2022-03-04,1.902,2.048,2.0,2.3,2.362,2.449,2.5,2.566
2022-03-07,2.039,2.068,2.041,2.3,2.36,2.45,2.501,2.566
2022-03-08,2.056,2.114,2.068,2.3,2.361,2.45,2.502,2.568
2022-03-09,2.024,2.059,2.039,2.3,2.359,2.45,2.502,2.571
2022-03-10,2.025,2.082,2.077,2.3,2.362,2.45,2.502,2.575
2022-03-11,2.051,2.102,2.1,2.3,2.362,2.45,2.503,2.578
2022-03-14,2.063,2.104,2.101,2.3,2.362,2.45,2.503,2.579
2022-03-15,2.063,2.122,2.167,2.301,2.363,2.45,2.503,2.581
2022-03-16,2.04,2.115,2.13,2.302,2.366,2.451,2.504,2.586
2022-03-17,2.009,2.083,2.111,2.301,2.367,2.451,2.504,2.593
2022-03-18,1.992,2.073,2.248,2.303,2.368,2.451,2.505,2.594
2022-03-21,2.015,2.104,2.292,2.303,2.368,2.451,2.506,2.595
2022-03-22,1.946,2.073,2.319,2.303,2.369,2.451,2.509,2.6
2022-03-23,2.003,2.074,2.308,2.305,2.368,2.451,2.509,2.601
2022-03-24,2.005,2.056,2.365,2.308,2.369,2.452,2.509,2.601
2022-03-25,2.001,2.207,2.433,2.31,2.369,2.452,2.509,2.603
2022-03-28,1.946,2.188,2.475,2.313,2.37,2.451,2.51,2.604
2022-03-29,1.727,2.145,2.391,2.314,2.372,2.452,2.511,2.605
2022-03-30,1.557,2.171,2.399,2.313,2.371,2.451,2.511,2.606
2022-03-31,2.011,2.197,2.392,2.313,2.373,2.452,2.513,2.606
2022-04-01,1.604,2.017,2.0,2.307,2.372,2.452,2.513,2.606
2022-04-02,1.308,1.837,1.914,2.306,2.37,2.451,2.509,2.606
2022-04-06,1.848,2.004,2.015,2.305,2.37,2.451,2.508,2.605
2022-04-07,1.825,2.051,1.971,2.29,2.36,2.443,2.505,2.593
2022-04-08,1.751,1.985,1.941,2.295,2.363,2.444,2.506,2.586
2022-04-11,1.856,1.947,1.938,2.291,2.357,2.441,2.5,2.582
2022-04-12,1.772,2.04,1.971,2.284,2.351,2.437,2.496,2.577
2022-04-13,1.665,1.966,1.933,2.276,2.347,2.434,2.493,2.575
2022-04-14,1.552,1.905,1.924,2.267,2.343,2.429,2.488,2.572
2022-04-15,1.339,1.822,1.884,2.253,2.336,2.421,2.482,2.567
2022-04-18,1.403,1.876,1.904,2.245,2.331,2.418,2.476,2.562
2022-04-19,1.294,1.801,2.021,2.237,2.327,2.415,2.472,2.558
2022-04-20,1.303,1.937,1.971,2.23,2.323,2.411,2.465,2.555
2022-04-21,1.294,1.804,1.971,2.222,2.313,2.407,2.461,2.549
2022-04-22,1.255,1.7,1.946,2.213,2.305,2.398,2.451,2.54
2022-04-24,1.302,1.809,1.961,2.194,2.274,2.38,2.436,2.53
2022-04-25,1.303,1.712,1.945,2.181,2.262,2.368,2.424,2.516
2022-04-26,1.306,1.681,1.892,2.166,2.252,2.355,2.413,2.507
2022-04-27,1.303,1.743,1.889,2.154,2.242,2.346,2.404,2.497
2022-04-28,1.301,1.88,1.975,2.142,2.231,2.334,2.393,2.484
2022-04-29,1.838,2.006,2.022,2.125,2.217,2.324,2.384,2.474
2022-05-05,1.783,1.903,1.907,2.116,2.209,2.317,2.381,2.474
2022-05-06,1.351,1.789,1.77,2.114,2.202,2.311,2.376,2.468
2022-05-07,1.294,1.699,1.8,2.109,2.195,2.308,2.371,2.462
2022-05-09,1.309,1.814,1.751,2.089,2.186,2.304,2.364,2.45
2022-05-10,1.305,1.63,1.75,2.078,2.181,2.3,2.356,2.442
2022-05-11,1.325,1.708,1.656,2.071,2.173,2.289,2.35,2.431
2022-05-12,1.309,1.714,1.671,2.064,2.166,2.275,2.341,2.42
2022-05-13,1.31,1.671,1.6145,2.015,2.155,2.264,2.33,2.408
2022-05-16,1.311,1.714,1.624,1.978,2.145,2.255,2.313,2.393
2022-05-17,1.325,1.584,1.594,1.945,2.109,2.239,2.301,2.377
2022-05-18,1.326,1.647,1.645,1.941,2.078,2.222,2.288,2.359
2022-05-19,1.414,1.654,1.669,1.937,2.067,2.208,2.275,2.343
2022-05-20,1.322,1.665,1.701,1.932,2.05,2.186,2.261,2.337
2022-05-23,1.323,1.693,1.704,1.9,2.021,2.167,2.254,2.331
2022-05-24,1.325,1.681,1.691,1.897,2.013,2.151,2.242,2.323
2022-05-25,1.347,1.785,1.737,1.871,2.009,2.143,2.243,2.326
2022-05-26,1.364,1.765,1.737,1.875,1.99,2.136,2.243,2.325
2022-05-27,1.381,1.777,1.738,1.854,1.995,2.13,2.239,2.323
2022-05-30,1.405,1.814,1.803,1.856,1.997,2.126,2.236,2.319
2022-05-31,1.588,1.898,1.757,1.865,1.998,2.129,2.238,2.318
2022-06-01,1.413,1.652,1.641,1.865,1.998,2.13,2.238,2.317
2022-06-02,1.432,1.674,1.625,1.87,1.999,2.133,2.241,2.323
2022-06-06,1.454,1.701,1.636,1.873,2.001,2.134,2.245,2.332
2022-06-07,1.421,1.708,1.65,1.877,2.003,2.138,2.261,2.349
2022-06-08,1.419,1.689,1.628,1.882,2.003,2.144,2.268,2.357
2022-06-09,1.414,1.707,1.62,1.887,2.003,2.145,2.275,2.365
2022-06-10,1.403,1.675,1.601,1.89,2.0,2.148,2.282,2.369
2022-06-13,1.408,1.7,1.611,1.889,2.002,2.15,2.282,2.373
2022-06-14,1.413,1.656,1.607,1.892,2.002,2.15,2.285,2.377
2022-06-15,1.413,1.708,1.614,1.893,2.002,2.15,2.292,2.381
2022-06-16,1.413,1.688,1.626,1.892,2.0,2.146,2.293,2.381
2022-06-17,1.414,1.737,1.664,1.891,2.0,2.14,2.291,2.378
2022-06-20,1.418,1.829,1.786,1.891,2.0,2.136,2.291,2.374
2022-06-21,1.438,1.796,1.845,1.891,2.0,2.136,2.291,2.372
2022-06-22,1.444,1.783,1.848,1.892,2.0,2.137,2.291,2.369
2022-06-23,1.437,1.755,1.963,1.893,2.0,2.137,2.291,2.367
2022-06-24,1.435,1.85,1.984,1.893,2.0,2.138,2.287,2.364
2022-06-27,1.438,1.992,2.043,1.894,2.0,2.139,2.288,2.36
2022-06-28,1.438,1.98,2.116,1.895,2.0,2.139,2.288,2.363
2022-06-29,1.372,2.025,2.18,1.898,2.0,2.141,2.288,2.362
2022-06-30,1.901,2.2,2.157,1.898,2.0,2.141,2.289,2.363
2022-07-01,1.441,1.798,1.689,1.887,2.0,2.14,2.289,2.363
2022-07-04,1.418,1.624,1.602,1.878,2.0,2.137,2.288,2.36
2022-07-05,1.367,1.669,1.594,1.86,2.0,2.139,2.287,2.359
2022-07-06,1.21,1.641,1.635,1.834,1.998,2.135,2.283,2.355
2022-07-07,1.222,1.626,1.593,1.822,1.995,2.133,2.281,2.354
2022-07-08,1.216,1.651,1.586,1.807,1.9925,2.13,2.28,2.349
2022-07-11,1.223,1.627,1.58,1.797,1.9895,2.128,2.278,2.346
2022-07-12,1.211,1.621,1.588,1.789,1.9855,2.126,2.273,2.344
2022-07-13,1.219,1.617,1.578,1.784,1.9835,2.122,2.266,2.337
2022-07-14,1.195,1.629,1.567,1.775,1.979,2.118,2.261,2.333
2022-07-15,1.211,1.593,1.563,1.774,1.977,2.116,2.256,2.326
2022-07-18,1.218,1.646,1.727,1.772,1.974,2.113,2.251,2.322
2022-07-19,1.242,1.629,1.65,1.77,1.948,2.091,2.236,2.31
2022-07-20,1.27,1.679,1.697,1.773,1.924,2.07,2.22,2.298
2022-07-21,1.254,1.679,1.634,1.767,1.909,2.054,2.203,2.284
2022-07-22,1.194,1.635,1.642,1.757,1.893,2.038,2.184,2.266
2022-07-25,1.074,1.639,1.656,1.756,1.881,2.03,2.173,2.256
2022-07-26,1.018,1.632,1.654,1.755,1.872,2.021,2.166,2.246
2022-07-27,1.008,1.613,1.649,1.748,1.863,2.012,2.157,2.236
2022-07-28,1.014,1.546,1.632,1.742,1.854,2.004,2.144,2.226
2022-07-29,1.254,1.705,1.61,1.737,1.846,1.996,2.131,2.218
2022-08-01,1.177,1.56,1.547,1.721,1.825,1.982,2.109,2.193
2022-08-02,1.076,1.526,1.461,1.704,1.799,1.942,2.066,2.151
2022-08-03,1.026,1.385,1.39,1.679,1.767,1.911,2.028,2.119
2022-08-04,1.025,1.381,1.357,1.622,1.729,1.879,1.989,2.079
2022-08-05,1.019,1.384,1.351,1.594,1.699,1.838,1.95,2.043
2022-08-08,1.013,1.391,1.322,1.569,1.667,1.8,1.916,2.013
2022-08-09,1.018,1.409,1.325,1.546,1.647,1.784,1.894,1.997
2022-08-10,1.068,1.43,1.334,1.533,1.637,1.771,1.88,1.988
2022-08-11,1.03,1.404,1.357,1.53,1.629,1.766,1.888,1.99
2022-08-12,1.044,1.413,1.349,1.513,1.622,1.763,1.889,1.995
2022-08-15,1.043,1.425,1.315,1.505,1.607,1.75,1.873,1.978
2022-08-16,1.075,1.392,1.356,1.5,1.599,1.744,1.864,1.965
2022-08-17,1.138,1.467,1.355,1.498,1.598,1.742,1.859,1.964
2022-08-18,1.187,1.479,1.434,1.491,1.598,1.743,1.859,1.961
2022-08-19,1.211,1.509,1.458,1.492,1.597,1.741,1.857,1.961
2022-08-22,1.1433,1.5089,1.4578,1.4911,1.5956,1.7367,1.8556,1.96
2022-08-23,1.109,1.499,1.443,1.491,1.594,1.736,1.856,1.959
2022-08-24,1.122,1.445,1.448,1.49,1.593,1.737,1.857,1.96
2022-08-25,1.153,1.515,1.461,1.49,1.593,1.739,1.861,1.963
2022-08-26,1.258,1.745,1.649,1.495,1.594,1.744,1.868,1.969
2022-08-29,1.235,1.639,1.696,1.498,1.596,1.747,1.871,1.973
2022-08-30,1.124,1.649,1.675,1.5,1.599,1.75,1.873,1.973
2022-08-31,1.401,1.78,1.672,1.501,1.6,1.75,1.874,1.974
2022-09-01,1.463,1.497,1.47,1.5,1.6,1.75,1.873,1.972
2022-09-02,1.175,1.51,1.428,1.5,1.6,1.75,1.87,1.97
2022-09-05,1.033,1.409,1.372,1.5,1.6,1.75,1.87,1.971
2022-09-06,1.069,1.449,1.376,1.5,1.6,1.75,1.87,1.971
2022-09-07,1.113,1.524,1.403,1.5,1.6,1.75,1.87,1.971
2022-09-08,1.159,1.502,1.406,1.501,1.601,1.75,1.87,1.971
2022-09-09,1.173,1.476,1.409,1.503,1.6,1.75,1.87,1.969
2022-09-13,1.171,1.521,1.414,1.502,1.599,1.751,1.872,1.972
2022-09-14,1.173,1.557,1.449,1.508,1.599,1.752,1.874,1.974
2022-09-15,1.226,1.547,1.46,1.508,1.599,1.751,1.873,1.974
2022-09-16,1.294,1.643,1.552,1.511,1.599,1.752,1.876,1.977
2022-09-19,1.41,1.699,1.659,1.536,1.601,1.76,1.885,1.984
2022-09-20,1.458,1.687,1.685,1.573,1.606,1.768,1.894,1.99
2022-09-21,1.468,1.726,1.8,1.593,1.607,1.777,1.897,1.996
2022-09-22,1.461,1.646,1.824,1.617,1.609,1.779,1.899,1.996
2022-09-23,1.465,1.608,1.85,1.625,1.612,1.781,1.9,1.995
2022-09-26,1.429,1.84,1.953,1.646,1.621,1.791,1.904,1.995
2022-09-27,1.399,1.697,2.025,1.665,1.634,1.792,1.912,2.0
2022-09-28,1.27,1.747,2.553,1.682,1.652,1.796,1.922,2.006
2022-09-29,0.964,2.015,2.453,1.71,1.666,1.799,1.929,2.011
2022-09-30,2.081,2.055,2.63,1.711,1.673,1.8,1.931,2.016
2022-10-08,1.652,1.699,1.564,1.698,1.676,1.801,1.925,2.009
2022-10-09,1.178,1.616,1.409,1.655,1.674,1.802,1.922,2.006
2022-10-10,1.11,1.497,1.438,1.644,1.679,1.804,1.919,2.004
2022-10-11,1.183,1.621,1.453,1.634,1.678,1.804,1.918,2.004
2022-10-12,1.155,1.611,1.454,1.62,1.671,1.803,1.918,2.002
2022-10-13,1.182,1.638,1.49,1.619,1.677,1.804,1.92,2.003
2022-10-14,1.133,1.594,1.484,1.613,1.68,1.806,1.922,2.003
2022-10-17,1.167,1.558,1.462,1.613,1.684,1.81,1.925,2.004
2022-10-18,1.134,1.53,1.479,1.61,1.686,1.812,1.927,2.004
2022-10-19,1.116,1.547,1.481,1.609,1.691,1.815,1.933,2.005
2022-10-20,1.154,1.581,1.576,1.612,1.697,1.825,1.935,2.008
2022-10-21,1.23,1.682,1.698,1.62,1.702,1.836,1.949,2.014
2022-10-24,1.394,1.726,1.811,1.628,1.71,1.845,1.956,2.02
2022-10-25,1.763,1.876,2.127,1.639,1.724,1.858,1.966,2.027
2022-10-26,1.775,1.995,2.111,1.657,1.734,1.867,1.974,2.034
2022-10-27,1.764,2.013,2.063,1.673,1.741,1.874,1.977,2.036
2022-10-28,1.327,1.963,1.96,1.675,1.743,1.877,1.978,2.036
2022-10-31,1.739,1.952,1.983,1.68,1.745,1.881,1.978,2.037
2022-11-01,1.843,1.829,1.652,1.683,1.75,1.884,1.98,2.038
2022-11-02,1.755,1.771,1.682,1.684,1.752,1.884,1.983,2.039
2022-11-03,1.324,1.718,1.608,1.676,1.752,1.884,1.982,2.04
2022-11-04,1.386,1.702,1.628,1.675,1.754,1.884,1.989,2.043
2022-11-07,1.62,1.786,1.695,1.677,1.769,1.891,1.997,2.049
2022-11-08,1.756,1.812,1.753,1.688,1.781,1.896,2.002,2.054
2022-11-09,1.808,1.855,1.801,1.698,1.807,1.908,2.006,2.062
2022-11-10,1.826,1.938,1.846,1.7,1.838,1.916,2.02,2.076
2022-11-11,1.704,1.888,1.825,1.716,1.868,1.924,2.041,2.092
2022-11-14,1.646,1.846,1.874,1.768,1.912,1.948,2.071,2.133
2022-11-15,1.853,1.929,1.969,1.831,2.009,2.043,2.153,2.224
2022-11-16,1.936,1.998,2.087,1.884,2.116,2.164,2.264,2.349
2022-11-17,1.699,1.863,1.981,1.93,2.213,2.276,2.366,2.436
2022-11-18,1.364,1.791,2.037,1.933,2.238,2.311,2.384,2.449
2022-11-21,1.139,1.675,2.036,1.938,2.241,2.34,2.399,2.463
2022-11-22,0.871,1.665,2.1,1.947,2.248,2.356,2.414,2.476
2022-11-23,1.039,1.673,1.906,1.949,2.25,2.36,2.423,2.482
2022-11-24,1.044,1.769,1.957,1.94,2.195,2.316,2.378,2.437
2022-11-25,1.021,1.744,1.96,1.924,2.188,2.302,2.363,2.419
2022-11-28,1.033,1.881,1.87,1.913,2.185,2.298,2.358,2.417
2022-11-29,1.023,1.865,1.862,1.909,2.186,2.302,2.359,2.423
2022-11-30,1.515,1.915,1.966,1.915,2.193,2.305,2.364,2.435
2022-12-01,1.458,1.729,1.711,1.919,2.197,2.308,2.37,2.445
2022-12-02,1.157,1.693,1.7,1.923,2.2,2.316,2.377,2.454
2022-12-05,1.08,1.689,1.619,1.929,2.201,2.327,2.384,2.46
2022-12-06,1.043,1.677,1.65,1.935,2.207,2.335,2.39,2.465
2022-12-07,1.007,1.663,1.581,1.952,2.231,2.353,2.405,2.476
2022-12-08,1.064,1.71,1.637,1.967,2.25,2.3695,2.419,2.488
2022-12-09,1.071,1.759,1.635,1.978,2.259,2.379,2.429,2.5
2022-12-12,1.052,1.61,1.715,2.006,2.273,2.392,2.44,2.514
2022-12-13,1.032,1.748,1.691,2.037,2.283,2.403,2.459,2.532
2022-12-14,1.199,1.669,1.732,2.065,2.298,2.412,2.472,2.547
2022-12-15,1.223,1.626,1.745,2.123,2.321,2.434,2.49,2.569
2022-12-16,1.224,1.752,1.737,2.171,2.339,2.45,2.508,2.587
2022-12-19,1.217,1.8,1.782,2.21,2.355,2.458,2.517,2.596
2022-12-20,1.166,1.807,2.036,2.222,2.361,2.461,2.52,2.603
2022-12-21,0.921,1.687,2.288,2.246,2.384,2.471,2.531,2.613
2022-12-22,0.783,1.579,2.571,2.271,2.395,2.48,2.537,2.617
2022-12-23,0.585,1.687,2.835,2.287,2.402,2.489,2.546,2.626
2022-12-26,0.82,1.961,3.039,2.306,2.405,2.494,2.55,2.623
2022-12-27,0.632,2.004,3.084,2.321,2.411,2.498,2.554,2.62
2022-12-28,0.522,2.019,3.19,2.332,2.416,2.504,2.558,2.62
2022-12-29,0.441,2.261,3.165,2.34,2.418,2.505,2.561,2.619
2022-12-30,1.957,2.223,3.145,2.346,2.422,2.508,2.565,2.619
2023-01-03,1.475,1.92,1.618,2.334,2.415,2.503,2.559,2.611
2023-01-04,1.003,1.582,1.518,2.255,2.38,2.468,2.528,2.577
2023-01-05,0.574,1.388,1.431,2.189,2.352,2.435,2.491,2.542
2023-01-06,0.539,1.58,1.496,2.15,2.335,2.411,2.468,2.523
2023-01-09,0.671,1.729,1.73,2.135,2.331,2.406,2.456,2.518
2023-01-10,1.116,1.933,1.978,2.138,2.338,2.414,2.465,2.523
2023-01-11,1.426,1.996,2.123,2.174,2.347,2.428,2.476,2.54
2023-01-12,1.465,1.992,2.204,2.194,2.353,2.435,2.486,2.55
2023-01-13,1.242,1.94,2.145,2.22,2.353,2.441,2.492,2.553
2023-01-16,1.568,2.054,2.589,2.244,2.356,2.447,2.5,2.559
2023-01-17,1.852,2.195,2.768,2.264,2.366,2.458,2.516,2.571
2023-01-18,1.933,2.135,2.79,2.285,2.374,2.467,2.528,2.579
2023-01-19,1.656,2.281,2.757,2.291,2.376,2.472,2.534,2.584
2023-01-20,1.834,1.988,2.293,2.294,2.377,2.472,2.535,2.583
2023-01-28,1.432,1.915,1.91,2.272,2.373,2.467,2.535,2.581
2023-01-29,1.202,1.854,1.93,2.264,2.367,2.466,2.532,2.577
2023-01-30,1.411,2.05,1.971,2.24,2.365,2.466,2.531,2.578
2023-01-31,1.988,2.121,2.118,2.227,2.364,2.466,2.532,2.58
2023-02-01,2.119,2.045,2.071,2.205,2.362,2.469,2.534,2.581
2023-02-02,1.635,1.959,1.927,2.19,2.36,2.469,2.542,2.584
2023-02-03,1.262,1.85,1.868,2.173,2.357,2.466,2.549,2.59
2023-02-06,1.782,2.007,1.966,2.174,2.359,2.472,2.56,2.597
2023-02-07,2.241,2.086,2.063,2.184,2.36,2.473,2.568,2.605
2023-02-08,2.365,2.194,2.344,2.191,2.365,2.476,2.573,2.613
2023-02-09,2.318,2.198,2.388,2.196,2.37,2.483,2.577,2.618
2023-02-10,1.865,1.961,2.226,2.198,2.371,2.487,2.579,2.621
2023-02-13,1.412,1.923,1.982,2.199,2.371,2.49,2.581,2.621
2023-02-14,1.576,2.007,2.037,2.2,2.373,2.493,2.583,2.623
2023-02-15,1.902,1.996,2.053,2.2,2.379,2.495,2.583,2.624
2023-02-16,2.005,2.095,2.278,2.214,2.383,2.499,2.584,2.626
2023-02-17,2.115,2.198,2.604,2.222,2.385,2.5,2.589,2.635
2023-02-20,2.157,2.104,2.286,2.236,2.392,2.5,2.593,2.643
2023-02-21,2.195,2.136,2.449,2.253,2.397,2.505,2.595,2.648
2023-02-22,1.765,2.158,2.515,2.267,2.403,2.511,2.599,2.66
2023-02-23,1.475,2.163,2.495,2.278,2.406,2.518,2.602,2.668
2023-02-24,1.433,2.243,2.509,2.285,2.416,2.528,2.612,2.68
2023-02-27,1.817,2.177,2.527,2.287,2.423,2.535,2.621,2.692
2023-02-28,2.083,2.352,2.661,2.292,2.437,2.55,2.629,2.704
2023-03-01,2.087,2.09,2.104,2.294,2.45,2.559,2.636,2.711
2023-03-02,1.62,1.993,1.956,2.294,2.459,2.567,2.642,2.718
2023-03-03,1.291,1.931,1.927,2.295,2.466,2.574,2.647,2.725
2023-03-06,1.231,1.816,1.878,2.299,2.469,2.578,2.65,2.732
2023-03-07,1.436,1.873,2.022,2.314,2.476,2.584,2.654,2.738
2023-03-08,1.648,1.915,2.017,2.333,2.486,2.588,2.659,2.745
2023-03-09,1.373,1.921,1.9655,2.35,2.491,2.594,2.667,2.75
2023-03-10,1.829,2.013,2.08,2.364,2.497,2.596,2.67,2.75
2023-03-13,1.614,1.959,2.009,2.371,2.498,2.598,2.671,2.749
2023-03-14,1.829,2.055,2.066,2.378,2.499,2.598,2.672,2.746
2023-03-15,2.109,2.089,2.18,2.384,2.5,2.598,2.673,2.745
2023-03-16,2.294,2.177,2.234,2.39,2.5,2.6,2.669,2.744
2023-03-17,2.262,2.086,2.262,2.397,2.5,2.598,2.664,2.74
2023-03-20,2.273,2.163,2.359,2.397,2.492,2.582,2.646,2.723
2023-03-21,2.459,2.198,2.461,2.398,2.487,2.566,2.63,2.699
2023-03-22,2.024,2.078,2.26,2.396,2.479,2.557,2.621,2.687
2023-03-23,1.558,1.937,2.489,2.399,2.476,2.554,2.614,2.683
2023-03-24,1.288,1.703,2.55,2.399,2.473,2.548,2.606,2.678
2023-03-27,1.106,2.117,2.545,2.4,2.468,2.547,2.606,2.676
2023-03-28,1.121,2.028,2.613,2.402,2.464,2.544,2.604,2.674
2023-03-29,0.901,2.157,2.656,2.4,2.456,2.542,2.601,2.671
2023-03-30,0.836,2.144,2.585,2.4,2.454,2.541,2.6,2.667
2023-03-31,1.838,2.215,2.622,2.4,2.448,2.539,2.599,2.666
2023-04-03,1.354,1.924,1.985,2.364,2.429,2.522,2.593,2.66
2023-04-04,1.103,1.87,1.897,2.343,2.423,2.516,2.587,2.654
2023-04-06,1.34,1.978,1.946,2.33,2.414,2.511,2.586,2.648
2023-04-07,1.374,1.997,2.046,2.322,2.41,2.507,2.586,2.649
2023-04-10,1.324,2.004,2.057,2.313,2.414,2.508,2.587,2.65
2023-04-11,1.421,1.985,2.114,2.312,2.415,2.508,2.587,2.65
2023-04-12,1.39,1.997,2.045,2.311,2.418,2.509,2.587,2.65
2023-04-13,1.326,1.998,2.012,2.307,2.421,2.509,2.588,2.65
2023-04-14,1.605,2.0,2.015,2.306,2.422,2.508,2.588,2.65
2023-04-17,1.818,2.048,2.069,2.308,2.424,2.509,2.589,2.649
2023-04-18,2.047,2.078,2.286,2.31,2.426,2.511,2.59,2.65
2023-04-19,2.13,2.097,2.285,2.31,2.432,2.512,2.59,2.65
2023-04-20,2.207,2.101,2.331,2.309,2.429,2.507,2.589,2.649
2023-04-21,2.272,2.199,2.412,2.31,2.429,2.507,2.589,2.649
2023-04-23,1.806,2.096,2.401,2.312,2.429,2.507,2.59,2.649
2023-04-24,1.599,2.117,2.41,2.312,2.43,2.506,2.59,2.649
2023-04-25,1.683,2.022,2.397,2.312,2.43,2.507,2.59,2.649
2023-04-26,1.217,2.062,2.375,2.31,2.43,2.507,2.59,2.649
2023-04-27,0.868,2.211,2.35,2.309,2.43,2.506,2.589,2.648
2023-04-28,2.134,2.3,2.455,2.309,2.428,2.506,2.587,2.645
2023-05-04,1.658,1.963,1.979,2.294,2.414,2.501,2.582,2.636
2023-05-05,1.234,1.815,1.92,2.277,2.401,2.491,2.564,2.618
2023-05-06,1.095,1.745,1.764,2.259,2.393,2.481,2.548,2.603
2023-05-08,1.408,1.795,1.793,2.248,2.386,2.47,2.54,2.596
2023-05-09,1.239,1.825,1.813,2.235,2.377,2.462,2.529,2.583
2023-05-10,1.11,1.902,1.861,2.228,2.363,2.452,2.521,2.569
2023-05-11,1.102,1.803,1.818,2.212,2.349,2.439,2.502,2.548
2023-05-12,1.32,1.829,1.846,2.199,2.325,2.427,2.487,2.524
2023-05-15,1.523,1.874,1.909,2.189,2.311,2.419,2.474,2.508
2023-05-16,1.476,1.766,1.822,2.18,2.294,2.41,2.462,2.496
2023-05-17,1.54,1.844,1.87,2.16,2.288,2.403,2.454,2.49
2023-05-18,1.463,1.76,1.948,2.136,2.278,2.392,2.447,2.49
2023-05-19,1.408,1.91,2.062,2.131,2.269,2.39,2.445,2.489
2023-05-22,1.276,1.897,2.1,2.124,2.262,2.379,2.442,2.489
2023-05-23,1.224,1.824,2.065,2.117,2.255,2.372,2.438,2.484
2023-05-24,1.271,1.762,2.05,2.113,2.252,2.366,2.438,2.481
2023-05-25,1.578,1.908,2.05,2.111,2.243,2.364,2.436,2.478
2023-05-26,1.438,1.992,2.096,2.108,2.238,2.358,2.434,2.478
2023-05-29,1.37,1.937,2.051,2.104,2.233,2.355,2.425,2.474
2023-05-30,1.296,1.993,2.052,2.098,2.223,2.346,2.417,2.468
2023-05-31,1.716,2.058,2.056,2.093,2.219,2.343,2.409,2.464
2023-06-01,1.74,1.848,1.86,2.083,2.213,2.33,2.397,2.453
2023-06-02,1.307,1.814,1.87,2.068,2.199,2.307,2.379,2.435
2023-06-05,1.23,1.847,1.85,2.063,2.193,2.297,2.369,2.427
2023-06-06,1.275,1.767,1.827,2.056,2.186,2.291,2.365,2.422
2023-06-07,1.404,1.855,1.776,2.049,2.181,2.284,2.354,2.414
2023-06-08,1.339,1.85,1.746,2.043,2.177,2.277,2.348,2.409
2023-06-09,1.251,1.826,1.739,2.031,2.161,2.266,2.338,2.404
2023-06-12,1.289,1.83,1.735,2.024,2.148,2.257,2.33,2.397
2023-06-13,1.673,1.84,1.847,2.013,2.134,2.243,2.318,2.381
2023-06-14,1.321,1.846,1.805,2.008,2.12,2.229,2.298,2.363
2023-06-15,1.43,1.839,1.844,2.003,2.106,2.22,2.285,2.346
2023-06-16,1.92,1.925,1.857,2.004,2.105,2.215,2.285,2.348
2023-06-19,2.228,1.984,2.011,2.021,2.114,2.214,2.295,2.354
2023-06-20,1.989,2.043,2.201,2.046,2.126,2.213,2.301,2.357
2023-06-21,1.844,2.009,2.229,2.061,2.135,2.211,2.304,2.36
2023-06-25,1.413,1.95,2.18,2.074,2.144,2.214,2.305,2.36
2023-06-26,1.15,1.867,2.315,2.078,2.148,2.219,2.312,2.366
2023-06-27,1.112,1.851,2.315,2.088,2.155,2.228,2.317,2.374
2023-06-28,1.107,1.867,2.302,2.096,2.161,2.236,2.322,2.376
2023-06-29,1.086,1.884,2.223,2.098,2.167,2.243,2.326,2.38
2023-06-30,1.484,2.063,2.18,2.099,2.168,2.242,2.325,2.379
2023-07-03,1.056,1.795,1.907,2.098,2.165,2.24,2.326,2.377
2023-07-04,1.188,1.758,1.757,2.094,2.164,2.239,2.326,2.377
2023-07-05,1.117,1.808,1.72,2.09,2.158,2.237,2.323,2.375
2023-07-06,1.048,1.763,1.8,2.086,2.147,2.228,2.313,2.368
2023-07-07,1.104,1.779,1.752,2.084,2.138,2.221,2.307,2.36
2023-07-10,1.154,1.726,1.73,2.078,2.128,2.215,2.304,2.352
2023-07-11,1.183,1.744,1.756,2.078,2.118,2.212,2.299,2.349
2023-07-12,1.235,1.781,1.764,2.077,2.109,2.208,2.296,2.345
2023-07-13,1.439,1.782,1.795,2.078,2.107,2.206,2.293,2.341
2023-07-14,1.332,1.806,1.886,2.068,2.101,2.205,2.289,2.342
2023-07-17,1.312,1.86,1.88,2.069,2.1,2.207,2.288,2.341
2023-07-18,1.531,1.892,1.979,2.07,2.1,2.207,2.286,2.34
2023-07-19,1.65,1.872,1.982,2.068,2.1,2.207,2.286,2.34
2023-07-20,1.558,1.832,1.979,2.068,2.1,2.206,2.286,2.34
2023-07-21,1.531,1.826,1.991,2.068,2.1,2.205,2.286,2.339
2023-07-24,1.534,1.808,1.985,2.0673,2.1,2.202,2.285,2.338
2023-07-25,1.516,1.843,1.988,2.066,2.1,2.201,2.284,2.338
2023-07-26,1.459,1.853,2.035,2.066,2.099,2.199,2.282,2.338
2023-07-27,1.396,1.818,1.979,2.066,2.098,2.199,2.28,2.338
2023-07-28,1.473,1.826,2.018,2.066,2.098,2.199,2.28,2.337
2023-07-31,1.847,1.963,2.0,2.065,2.097,2.198,2.28,2.337
2023-08-01,1.558,1.806,1.796,2.056,2.098,2.198,2.28,2.337
2023-08-02,1.301,1.777,1.765,2.045,2.098,2.196,2.278,2.335
2023-08-03,1.083,1.671,1.743,2.025,2.092,2.193,2.275,2.331
2023-08-04,1.141,1.64,1.666,2.004,2.085,2.187,2.271,2.325
2023-08-07,1.518,1.737,1.703,1.988,2.08,2.183,2.265,2.322
2023-08-08,1.361,1.775,1.727,1.968,2.075,2.177,2.258,2.316
2023-08-09,1.541,1.782,1.789,1.952,2.074,2.174,2.255,2.314
2023-08-10,1.34,1.758,1.774,1.941,2.067,2.169,2.252,2.308
2023-08-11,1.331,1.777,1.77,1.921,2.065,2.166,2.248,2.306
2023-08-14,1.684,1.832,1.761,1.908,2.063,2.164,2.243,2.304
2023-08-15,1.77,1.886,1.854,1.885,2.045,2.147,2.225,2.29
2023-08-16,1.833,1.831,1.838,1.876,2.04,2.139,2.22,2.285
2023-08-17,1.842,1.868,1.871,1.874,2.03,2.132,2.214,2.28
2023-08-18,1.946,1.886,1.999,1.863,2.026,2.125,2.208,2.273
2023-08-21,1.937,1.875,2.004,1.857,2.024,2.123,2.206,2.268
2023-08-22,1.818,1.824,1.913,1.855,2.019,2.119,2.205,2.263
2023-08-23,1.738,1.81,1.979,1.855,2.016,2.118,2.204,2.258
2023-08-24,1.569,1.795,1.965,1.854,2.016,2.118,2.2,2.256
2023-08-25,1.819,1.896,2.002,1.851,2.014,2.119,2.2,2.257
2023-08-28,1.91,2.056,2.007,1.869,2.02,2.13,2.207,2.262
2023-08-29,1.973,2.091,2.138,1.88,2.028,2.139,2.22,2.27
2023-08-30,1.911,2.235,2.215,1.902,2.036,2.145,2.227,2.276
2023-08-31,1.865,2.103,2.223,1.913,2.043,2.15,2.234,2.28
2023-09-01,1.677,1.814,1.851,1.91,2.044,2.151,2.236,2.283
2023-09-04,1.528,1.728,1.766,1.911,2.044,2.151,2.239,2.285
2023-09-05,1.39,1.733,1.789,1.911,2.046,2.151,2.24,2.287
2023-09-06,1.493,1.795,1.837,1.914,2.052,2.153,2.242,2.295
2023-09-07,1.84,1.904,2.027,1.93,2.067,2.17,2.252,2.304
2023-09-08,1.893,1.835,2.049,1.945,2.081,2.181,2.261,2.309
2023-09-11,1.906,1.955,2.048,1.968,2.094,2.19,2.27,2.321
2023-09-12,1.834,1.931,2.105,1.999,2.104,2.203,2.278,2.331
2023-09-13,1.524,1.874,2.1,2.027,2.117,2.211,2.285,2.339
2023-09-14,1.766,1.917,2.043,2.056,2.144,2.223,2.294,2.347
2023-09-15,1.763,1.9,1.934,2.083,2.165,2.239,2.305,2.361
2023-09-18,1.912,1.891,2.053,2.11,2.194,2.258,2.323,2.374
2023-09-19,1.837,1.925,2.225,2.126,2.221,2.274,2.338,2.388
2023-09-20,2.038,1.961,2.415,2.157,2.243,2.288,2.351,2.402
2023-09-21,1.884,1.951,2.533,2.192,2.26,2.303,2.359,2.409
2023-09-22,1.727,1.988,2.663,2.211,2.273,2.312,2.366,2.412
2023-09-25,1.694,2.005,2.812,2.229,2.282,2.32,2.374,2.416
2023-09-26,1.741,1.969,3.035,2.26,2.294,2.335,2.386,2.432
2023-09-27,1.706,1.848,3.112,2.278,2.303,2.353,2.399,2.44
2023-09-28,2.155,2.195,3.231,2.285,2.302,2.356,2.402,2.446
2023-10-07,1.701,1.831,1.862,2.272,2.3,2.357,2.401,2.446
2023-10-08,1.597,1.764,1.84,2.264,2.3,2.357,2.401,2.447
2023-10-09,1.73,1.801,1.802,2.236,2.3,2.357,2.402,2.447
2023-10-10,1.827,1.861,1.9,2.237,2.302,2.36,2.408,2.452
2023-10-11,1.864,1.895,1.965,2.236,2.304,2.364,2.416,2.457
2023-10-12,1.81,1.889,2.057,2.234,2.305,2.368,2.423,2.463
2023-10-13,1.741,1.893,1.994,2.229,2.308,2.38,2.428,2.466
2023-10-16,1.722,1.793,1.882,2.223,2.309,2.387,2.432,2.474
2023-10-17,1.814,1.844,1.938,2.218,2.313,2.394,2.44,2.482
2023-10-18,1.835,1.899,1.943,2.219,2.321,2.403,2.451,2.49
2023-10-19,1.859,1.929,1.967,2.226,2.333,2.411,2.458,2.497
2023-10-20,1.907,2.103,2.446,2.235,2.34,2.417,2.464,2.502
2023-10-23,1.931,1.933,2.583,2.245,2.35,2.427,2.468,2.504
2023-10-24,1.877,1.988,2.66,2.256,2.364,2.439,2.476,2.507
2023-10-25,1.952,2.006,2.711,2.266,2.378,2.451,2.487,2.512
2023-10-26,1.65,2.045,2.515,2.268,2.39,2.454,2.489,2.512
2023-10-27,1.626,2.053,2.488,2.269,2.399,2.457,2.492,2.515
2023-10-30,1.695,2.041,2.364,2.271,2.406,2.466,2.498,2.523
2023-10-31,1.75,1.965,2.476,2.268,2.415,2.475,2.504,2.53
2023-11-01,1.789,1.889,2.459,2.265,2.421,2.481,2.505,2.536
2023-11-02,1.494,1.837,1.969,2.262,2.426,2.485,2.51,2.541
2023-11-03,1.623,1.742,1.902,2.25,2.43,2.491,2.514,2.543
2023-11-06,1.579,1.752,1.948,2.249,2.438,2.495,2.516,2.544
2023-11-07,1.637,1.817,1.995,2.245,2.445,2.501,2.521,2.546
2023-11-08,1.73,1.822,2.001,2.24,2.449,2.503,2.523,2.552
2023-11-09,1.647,1.824,2.024,2.236,2.45,2.508,2.527,2.553
2023-11-10,1.701,1.826,2.09,2.235,2.451,2.514,2.537,2.56
2023-11-13,1.754,1.84,2.089,2.234,2.451,2.512,2.538,2.561
2023-11-14,1.913,1.967,2.207,2.234,2.452,2.513,2.541,2.562
2023-11-15,1.863,1.896,2.284,2.227,2.453,2.514,2.542,2.562
2023-11-16,1.907,1.951,2.243,2.229,2.457,2.516,2.541,2.562
2023-11-17,1.8822,1.9622,2.3767,2.23,2.4611,2.52,2.5422,2.5622
2023-11-20,1.897,1.962,2.351,2.223,2.461,2.52,2.541,2.561
2023-11-21,1.89,1.961,2.384,2.221,2.461,2.521,2.541,2.561
2023-11-22,1.899,1.997,2.471,2.224,2.462,2.521,2.542,2.562
2023-11-23,1.896,1.949,2.564,2.226,2.462,2.521,2.541,2.561
2023-11-24,1.837,2.195,2.669,2.236,2.462,2.521,2.541,2.561
2023-11-27,1.809,2.094,2.699,2.255,2.463,2.523,2.543,2.563
2023-11-28,1.711,2.051,2.759,2.267,2.465,2.524,2.544,2.564
2023-11-29,1.608,2.076,2.815,2.279,2.481,2.525,2.544,2.564
2023-11-30,1.858,2.166,2.836,2.297,2.493,2.527,2.544,2.564
2023-12-01,1.618,1.795,2.064,2.302,2.503,2.53,2.545,2.565
2023-12-04,1.724,1.759,1.963,2.308,2.519,2.539,2.548,2.567
2023-12-05,1.714,1.816,1.999,2.327,2.533,2.55,2.554,2.571
2023-12-06,1.606,1.763,2.064,2.34,2.537,2.561,2.561,2.577
2023-12-07,1.619,1.755,2.254,2.354,2.554,2.581,2.578,2.6
2023-12-08,1.63,1.798,2.281,2.372,2.564,2.596,2.594,2.621
2023-12-11,1.755,1.855,2.207,2.411,2.572,2.607,2.605,2.635
2023-12-12,1.761,1.839,2.298,2.439,2.585,2.616,2.612,2.644
2023-12-13,1.634,1.789,2.299,2.445,2.593,2.626,2.618,2.647
2023-12-14,1.628,1.763,2.219,2.451,2.597,2.626,2.621,2.649
2023-12-15,1.594,1.753,2.087,2.454,2.601,2.626,2.621,2.649
2023-12-18,1.623,1.818,2.554,2.464,2.603,2.626,2.624,2.649
2023-12-19,1.57,1.767,2.429,2.468,2.601,2.627,2.626,2.65
2023-12-20,1.592,1.784,2.429,2.472,2.601,2.627,2.629,2.65
2023-12-21,1.711,1.801,2.251,2.491,2.604,2.632,2.637,2.651
2023-12-22,1.616,1.762,2.16,2.501,2.604,2.632,2.64,2.652
2023-12-25,1.592,1.822,2.695,2.506,2.601,2.633,2.641,2.65
2023-12-26,1.494,1.844,2.927,2.509,2.6,2.629,2.639,2.649
2023-12-27,1.467,1.864,3.009,2.506,2.59,2.613,2.626,2.641
2023-12-28,1.429,1.937,2.928,2.499,2.556,2.586,2.596,2.611
2023-12-29,1.746,1.867,2.949,2.482,2.53,2.555,2.565,2.581
2024-01-02,1.586,1.786,2.078,2.398,2.45,2.498,2.515,2.532
2024-01-03,1.604,1.805,1.877,2.354,2.423,2.479,2.497,2.509
2024-01-04,1.589,1.783,1.882,2.329,2.399,2.456,2.48,2.496
2024-01-05,1.588,1.77,1.978,2.32,2.396,2.448,2.472,2.491
2024-01-08,1.585,1.772,1.999,2.312,2.396,2.444,2.46,2.485
2024-01-09,1.582,1.79,1.997,2.304,2.397,2.438,2.457,2.48
2024-01-10,1.588,1.797,1.911,2.298,2.4,2.434,2.454,2.477
2024-01-11,1.627,1.799,1.932,2.296,2.4,2.43,2.45,2.476
2024-01-12,1.678,1.846,1.988,2.297,2.4,2.429,2.448,2.475
2024-01-15,1.677,1.862,2.089,2.297,2.4,2.43,2.449,2.472
2024-01-16,1.745,1.934,2.124,2.3,2.401,2.43,2.448,2.469
2024-01-17,1.832,1.943,2.261,2.3,2.402,2.43,2.45,2.47
2024-01-18,1.734,1.819,2.03,2.3,2.4,2.43,2.448,2.469
2024-01-19,1.724,1.831,2.099,2.3,2.4,2.43,2.448,2.469
2024-01-22,1.76,1.844,2.086,2.3,2.4,2.43,2.448,2.468
2024-01-23,1.76,1.807,2.084,2.3,2.4,2.429,2.448,2.468
2024-01-24,1.808,1.84,2.176,2.3,2.4,2.43,2.449,2.468
2024-01-25,1.844,1.872,2.322,2.3,2.4,2.43,2.449,2.468
2024-01-26,1.82,1.899,2.402,2.301,2.4,2.43,2.446,2.466
2024-01-29,1.731,1.863,2.301,2.302,2.4,2.43,2.447,2.466
2024-01-30,1.618,1.959,2.15,2.3,2.398,2.425,2.44,2.459
2024-01-31,1.708,1.829,2.078,2.282,2.388,2.412,2.429,2.449
2024-02-01,1.676,1.809,2.084,2.262,2.375,2.407,2.422,2.443
2024-02-02,1.719,1.846,2.15,2.252,2.369,2.402,2.412,2.431
2024-02-04,1.711,1.958,2.109,2.239,2.363,2.396,2.406,2.425
2024-02-05,1.68,1.946,2.194,2.227,2.35,2.39,2.403,2.416
2024-02-06,1.727,1.966,2.202,2.224,2.345,2.382,2.395,2.409
2024-02-07,1.716,1.947,2.131,2.219,2.342,2.374,2.389,2.403
2024-02-08,1.697,1.791,1.911,2.213,2.334,2.364,2.383,2.397
2024-02-09,1.853,1.857,1.883,2.21,2.33,2.358,2.377,2.396
2024-02-18,1.699,1.817,1.82,2.2,2.318,2.349,2.367,2.386
2024-02-19,1.607,1.785,1.843,2.186,2.303,2.342,2.363,2.383
2024-02-20,1.63,1.787,2.009,2.166,2.27,2.326,2.344,2.366
2024-02-21,1.698,1.819,2.052,2.145,2.243,2.309,2.325,2.348
2024-02-22,1.635,1.815,2.078,2.132,2.219,2.292,2.311,2.332
2024-02-23,1.747,1.816,2.119,2.122,2.214,2.283,2.304,2.322
2024-02-26,1.779,1.883,2.053,2.116,2.208,2.275,2.296,2.314
2024-02-27,1.819,1.904,2.079,2.107,2.204,2.271,2.293,2.308
2024-02-28,1.7056,1.8178,2.0333,2.1033,2.1989,2.2656,2.2878,2.3044
2024-02-29,1.639,1.775,1.955,2.099,2.193,2.26,2.284,2.3
2024-03-01,1.694,1.806,1.986,2.088,2.182,2.246,2.271,2.29
2024-03-04,1.711,1.811,1.977,2.086,2.171,2.232,2.258,2.278
2024-03-05,1.719,1.855,1.995,2.086,2.167,2.222,2.254,2.275
2024-03-06,1.713,1.822,2.002,2.088,2.165,2.216,2.252,2.273
2024-03-07,1.713,1.827,1.984,2.088,2.164,2.211,2.249,2.266
2024-03-08,1.72,1.848,2.003,2.087,2.16,2.207,2.247,2.26
2024-03-11,1.731,1.853,2.0,2.086,2.159,2.206,2.246,2.257
2024-03-12,1.721,1.853,2.009,2.091,2.158,2.207,2.247,2.261
2024-03-13,1.735,1.882,2.028,2.095,2.159,2.207,2.25,2.268
2024-03-14,1.746,1.88,1.997,2.1,2.161,2.21,2.251,2.273
2024-03-15,1.766,1.89,2.039,2.101,2.163,2.211,2.25,2.274
2024-03-18,1.746,1.854,2.127,2.106,2.163,2.214,2.25,2.274
2024-03-19,1.754,1.87,2.099,2.117,2.163,2.213,2.249,2.273
2024-03-20,1.765,1.844,2.138,2.123,2.16,2.208,2.246,2.27
2024-03-21,1.771,1.834,2.123,2.126,2.162,2.206,2.244,2.267
2024-03-22,1.772,1.845,2.137,2.13,2.163,2.205,2.239,2.2655
2024-03-25,1.774,1.898,2.214,2.135,2.159,2.206,2.239,2.266
2024-03-26,1.77,1.957,2.224,2.137,2.16,2.206,2.24,2.266
2024-03-27,1.77,1.972,2.234,2.141,2.159,2.205,2.238,2.266
2024-03-28,1.734,1.948,2.199,2.143,2.156,2.206,2.238,2.267
2024-03-29,1.718,1.967,2.216,2.14,2.156,2.203,2.238,2.268
2024-04-01,1.728,1.857,1.991,2.128,2.157,2.199,2.235,2.265
2024-04-02,1.704,1.833,1.917,2.11,2.151,2.194,2.233,2.262
2024-04-03,1.685,1.821,1.963,2.097,2.143,2.186,2.227,2.256
2024-04-07,1.708,1.805,1.939,2.082,2.141,2.18,2.22,2.253
2024-04-08,1.711,1.815,1.867,2.062,2.133,2.177,2.213,2.247
2024-04-09,1.718,1.816,1.857,2.05,2.12,2.163,2.204,2.236
2024-04-10,1.722,1.817,1.86,2.049,2.117,2.157,2.197,2.23
2024-04-11,1.721,1.815,1.871,2.039,2.105,2.144,2.189,2.222
2024-04-12,1.717,1.82,1.878,2.025,2.09,2.127,2.17,2.204
2024-04-15,1.716,1.797,1.89,2.012,2.071,2.105,2.147,2.175
2024-04-16,1.715,1.805,1.858,2.005,2.058,2.089,2.133,2.16
2024-04-17,1.723,1.816,1.952,2.0,2.049,2.08,2.12,2.151
2024-04-18,1.776,1.836,1.965,1.996,2.041,2.074,2.112,2.143
2024-04-19,1.797,1.87,1.983,1.989,2.035,2.063,2.103,2.129
2024-04-22,1.78,1.831,1.956,1.972,2.027,2.053,2.086,2.108
2024-04-23,1.788,1.824,1.952,1.963,2.018,2.045,2.068,2.091
2024-04-24,1.784,1.855,1.959,1.959,2.014,2.041,2.062,2.084
2024-04-25,1.846,1.885,1.979,1.956,1.999,2.027,2.052,2.074
2024-04-26,1.879,1.912,2.002,1.952,1.993,2.018,2.051,2.082
2024-04-28,1.806,1.951,2.001,1.95,1.994,2.017,2.053,2.087
2024-04-29,1.823,2.08,2.103,1.962,2.005,2.037,2.072,2.112
2024-04-30,1.921,2.109,2.135,1.961,2.002,2.042,2.079,2.109
2024-05-06,1.777,1.874,1.909,1.958,2.001,2.045,2.081,2.111
2024-05-07,1.744,1.845,1.861,1.951,1.996,2.041,2.077,2.108
2024-05-08,1.837,1.867,1.859,1.945,1.99,2.038,2.076,2.1035
2024-05-09,1.727,1.822,1.914,1.943,1.991,2.036,2.078,2.102
2024-05-10,1.733,1.836,1.894,1.94,1.989,2.036,2.078,2.1
2024-05-11,1.724,1.85,1.889,1.941,1.988,2.037,2.08,2.1
2024-05-13,1.781,1.836,1.897,1.931,1.983,2.035,2.08,2.1
2024-05-14,1.769,1.837,1.871,1.927,1.977,2.026,2.079,2.099
2024-05-15,1.727,1.808,1.848,1.923,1.975,2.025,2.079,2.099
2024-05-16,1.724,1.801,1.818,1.911,1.969,2.019,2.077,2.095
2024-05-17,1.719,1.808,1.848,1.907,1.963,2.013,2.08,2.096
2024-05-20,1.719,1.803,1.871,1.905,1.958,2.007,2.08,2.099
2024-05-21,1.758,1.847,1.887,1.906,1.958,2.005,2.08,2.1
2024-05-22,1.779,1.838,1.937,1.908,1.958,2.004,2.08,2.1
2024-05-23,1.769,1.829,1.919,1.905,1.957,2.001,2.08,2.1
2024-05-24,1.766,1.818,1.917,1.905,1.958,2.001,2.08,2.1
2024-05-27,1.767,1.888,1.899,1.904,1.958,2.0,2.082,2.102
2024-05-28,1.81,1.885,1.941,1.905,1.957,2.0,2.083,2.101
2024-05-29,1.849,1.897,1.952,1.905,1.957,2.0,2.082,2.1
2024-05-30,1.746,1.903,1.918,1.906,1.957,2.0,2.08,2.1
2024-05-31,1.805,1.851,1.868,1.907,1.955,1.999,2.08,2.099
2024-06-03,1.723,1.811,1.857,1.905,1.953,1.998,2.079,2.099
2024-06-04,1.663,1.785,1.838,1.9,1.949,1.996,2.077,2.097
2024-06-05,1.664,1.776,1.821,1.899,1.948,1.997,2.075,2.095
2024-06-06,1.656,1.78,1.83,1.897,1.948,1.996,2.069,2.089
2024-06-07,1.719,1.751,1.825,1.898,1.949,1.996,2.063,2.085
2024-06-11,1.679,1.802,1.825,1.9,1.947,1.995,2.056,2.081
2024-06-12,1.68,1.796,1.833,1.898,1.943,1.994,2.055,2.075
2024-06-13,1.723,1.817,1.847,1.9,1.94,1.989,2.053,2.073
2024-06-14,1.732,1.813,1.839,1.9,1.939,1.986,2.049,2.069
2024-06-17,1.783,1.862,1.957,1.898,1.935,1.985,2.048,2.068
2024-06-18,1.829,1.882,1.987,1.9,1.934,1.987,2.048,2.067
2024-06-19,1.853,1.861,2.0,1.9,1.929,1.985,2.048,2.067
2024-06-20,1.877,1.89,2.087,1.9,1.927,1.983,2.044,2.063
2024-06-21,1.96,1.939,2.128,1.9,1.923,1.977,2.04,2.059
2024-06-24,1.98,2.008,2.146,1.9,1.922,1.979,2.039,2.059
2024-06-25,1.964,2.014,2.145,1.9,1.921,1.978,2.038,2.058
2024-06-26,1.976,2.083,2.108,1.9,1.919,1.979,2.034,2.055
2024-06-27,1.879,2.028,2.152,1.9,1.918,1.979,2.029,2.051
2024-06-28,1.889,2.099,2.128,1.9,1.918,1.979,2.025,2.049
2024-07-01,1.749,1.802,1.846,1.899,1.917,1.976,2.02,2.046
2024-07-02,1.715,1.796,1.812,1.896,1.917,1.973,2.014,2.042
2024-07-03,1.688,1.8,1.811,1.895,1.914,1.967,2.006,2.034
2024-07-04,1.712,1.811,1.807,1.892,1.91,1.962,2.003,2.029
2024-07-05,1.764,1.807,1.833,1.888,1.908,1.958,1.997,2.015
2024-07-08,1.754,1.82,1.85,1.887,1.907,1.959,1.999,2.02
2024-07-09,1.679,1.804,1.838,1.886,1.907,1.959,1.998,2.019
2024-07-10,1.64,1.8,1.832,1.883,1.906,1.959,1.996,2.018
2024-07-11,1.67,1.803,1.809,1.879,1.904,1.958,1.995,2.014
2024-07-12,1.668,1.801,1.835,1.878,1.899,1.955,1.993,2.009
2024-07-15,1.78,1.821,1.84,1.879,1.897,1.957,1.989,2.007
2024-07-16,1.894,1.894,1.948,1.878,1.897,1.957,1.988,2.007
2024-07-17,1.913,1.885,1.913,1.878,1.896,1.956,1.987,2.005
2024-07-18,1.933,1.893,1.946,1.879,1.897,1.954,1.985,2.002
2024-07-19,1.855,1.855,1.959,1.877,1.895,1.948,1.982,2.0
2024-07-22,1.647,1.715,1.876,1.873,1.894,1.944,1.978,1.997
2024-07-23,1.736,1.751,1.857,1.867,1.888,1.94,1.977,1.997
2024-07-24,1.739,1.742,1.891,1.862,1.887,1.937,1.973,1.993
2024-07-25,1.764,1.871,1.908,1.855,1.882,1.932,1.967,1.985
2024-07-26,1.689,1.913,1.895,1.848,1.877,1.927,1.961,1.979
2024-07-29,1.631,1.895,1.911,1.843,1.869,1.92,1.956,1.9729
2024-07-30,1.639,1.814,1.887,1.839,1.865,1.916,1.951,1.966
2024-07-31,1.782,1.772,1.84,1.835,1.86,1.913,1.944,1.96
2024-08-01,1.608,1.7,1.803,1.828,1.857,1.906,1.936,1.956
2024-08-02,1.573,1.7,1.752,1.825,1.853,1.902,1.93,1.946
2024-08-05,1.585,1.694,1.714,1.818,1.849,1.899,1.925,1.937
2024-08-06,1.583,1.687,1.724,1.813,1.844,1.894,1.917,1.928
2024-08-07,1.617,1.708,1.714,1.807,1.839,1.888,1.914,1.923
2024-08-08,1.681,1.763,1.755,1.805,1.835,1.885,1.908,1.917
2024-08-09,1.778,1.795,1.839,1.803,1.8335,1.8835,1.906,1.916
2024-08-12,1.951,1.893,1.878,1.806,1.833,1.884,1.9085,1.922
2024-08-13,1.928,1.828,1.906,1.813,1.837,1.885,1.91,1.923
2024-08-14,1.842,1.869,1.921,1.812,1.838,1.884,1.911,1.923
2024-08-15,1.754,1.814,1.911,1.811,1.84,1.882,1.91,1.922
2024-08-16,1.7,1.811,1.879,1.809,1.838,1.883,1.91,1.922
2024-08-19,1.682,1.722,1.914,1.81,1.837,1.881,1.911,1.922
2024-08-20,1.712,1.761,1.919,1.812,1.838,1.88,1.913,1.926
2024-08-21,1.722,1.808,1.925,1.812,1.84,1.882,1.915,1.932
2024-08-22,1.765,1.821,1.94,1.815,1.843,1.886,1.919,1.936
2024-08-23,1.801,1.825,1.954,1.819,1.844,1.892,1.92,1.942
2024-08-26,1.862,1.936,1.955,1.823,1.845,1.894,1.924,1.945
2024-08-27,1.667,1.869,1.928,1.824,1.849,1.896,1.927,1.95
2024-08-28,1.52,1.758,1.904,1.824,1.85,1.9,1.931,1.956
2024-08-29,1.514,1.628,1.883,1.822,1.85,1.9,1.93,1.958
2024-08-30,1.529,1.647,1.819,1.822,1.85,1.9,1.931,1.961
2024-09-02,1.516,1.689,1.805,1.821,1.85,1.9,1.93,1.959
2024-09-03,1.568,1.68,1.783,1.822,1.85,1.902,1.931,1.96
2024-09-04,1.529,1.67,1.831,1.823,1.85,1.902,1.932,1.96
2024-09-05,1.578,1.68,1.855,1.825,1.85,1.901,1.931,1.96
2024-09-06,1.716,1.676,1.88,1.831,1.85,1.901,1.931,1.96
2024-09-09,1.8,1.833,1.821,1.831,1.85,1.903,1.933,1.962
2024-09-10,1.955,1.834,1.826,1.832,1.851,1.906,1.934,1.962
2024-09-11,1.773,1.776,1.92,1.834,1.851,1.914,1.934,1.962
2024-09-12,1.777,1.794,1.903,1.83,1.85,1.912,1.932,1.96
2024-09-13,1.656,1.806,1.872,1.83,1.85,1.91,1.932,1.96
2024-09-14,1.611,1.746,1.854,1.83,1.85,1.91,1.93,1.9585
2024-09-18,1.744,1.86,1.867,1.831,1.85,1.91,1.93,1.958
2024-09-19,1.879,1.947,1.911,1.833,1.851,1.911,1.93,1.957
2024-09-20,1.932,1.929,1.993,1.834,1.852,1.914,1.931,1.958
2024-09-23,1.921,1.859,2.004,1.837,1.854,1.913,1.932,1.957
2024-09-24,1.785,1.92,1.973,1.836,1.85,1.905,1.92,1.943
2024-09-25,1.643,1.873,1.923,1.83,1.845,1.898,1.914,1.932
2024-09-26,1.608,1.838,1.918,1.825,1.836,1.891,1.906,1.926
2024-09-27,1.401,1.661,1.761,1.822,1.835,1.887,1.902,1.923
2024-09-29,1.336,1.727,1.815,1.82,1.836,1.888,1.902,1.922
2024-09-30,1.514,1.522,1.927,1.82,1.84,1.889,1.901,1.923
2024-10-08,1.509,1.697,1.9,1.82,1.84,1.892,1.904,1.927
2024-10-09,1.618,1.803,1.923,1.82,1.841,1.892,1.909,1.932
2024-10-10,1.527,1.7,1.941,1.82,1.841,1.894,1.913,1.934
2024-10-11,1.406,1.526,1.92,1.82,1.841,1.892,1.912,1.93
2024-10-12,1.306,1.511,1.904,1.82,1.841,1.891,1.912,1.931
2024-10-14,1.418,1.587,1.866,1.82,1.841,1.891,1.912,1.93
2024-10-15,1.407,1.517,1.907,1.82,1.842,1.891,1.913,1.93
2024-10-16,1.46,1.59,1.861,1.819,1.846,1.895,1.915,1.932
2024-10-17,1.425,1.549,1.864,1.819,1.855,1.903,1.922,1.934
2024-10-18,1.399,1.568,1.926,1.818,1.858,1.903,1.921,1.932
2024-10-21,1.474,1.584,1.896,1.819,1.864,1.906,1.923,1.934
2024-10-22,1.477,1.579,1.887,1.82,1.869,1.913,1.927,1.938
2024-10-23,1.49,1.595,1.973,1.82,1.873,1.915,1.93,1.942
2024-10-24,1.53,1.596,1.995,1.822,1.879,1.92,1.932,1.944
2024-10-25,1.507,1.703,1.981,1.823,1.883,1.922,1.934,1.947
2024-10-28,1.495,1.658,1.955,1.821,1.884,1.922,1.934,1.948
2024-10-29,1.439,1.75,1.929,1.82,1.884,1.922,1.935,1.949
2024-10-30,1.394,1.656,1.898,1.82,1.884,1.922,1.938,1.949
2024-10-31,1.364,1.656,1.895,1.82,1.884,1.922,1.937,1.948
2024-11-01,1.36,1.507,1.768,1.818,1.879,1.917,1.933,1.943
2024-11-04,1.346,1.496,1.735,1.815,1.878,1.914,1.927,1.937
2024-11-05,1.338,1.5,1.688,1.811,1.877,1.91,1.925,1.935
2024-11-06,1.33,1.5,1.76,1.808,1.876,1.907,1.92,1.93
2024-11-07,1.319,1.555,1.777,1.803,1.87,1.901,1.915,1.925
2024-11-08,1.461,1.645,1.8,1.799,1.864,1.895,1.909,1.92
2024-11-11,1.443,1.655,1.812,1.797,1.862,1.893,1.905,1.916
2024-11-12,1.525,1.687,1.856,1.797,1.859,1.889,1.901,1.913
2024-11-13,1.465,1.644,1.824,1.797,1.859,1.884,1.897,1.907
2024-11-14,1.456,1.674,1.805,1.796,1.858,1.881,1.893,1.904
2024-11-15,1.47,1.685,1.805,1.796,1.856,1.878,1.889,1.899
2024-11-18,1.47,1.697,1.872,1.794,1.856,1.878,1.889,1.899
2024-11-19,1.48,1.693,1.881,1.792,1.856,1.879,1.889,1.898
2024-11-20,1.47,1.684,1.905,1.791,1.857,1.879,1.889,1.897
2024-11-21,1.455,1.659,1.865,1.792,1.86,1.88,1.889,1.898
2024-11-22,1.456,1.653,1.862,1.789,1.86,1.878,1.888,1.898
2024-11-25,1.464,1.727,1.863,1.787,1.86,1.879,1.889,1.899
2024-11-26,1.43,1.723,1.821,1.785,1.86,1.879,1.889,1.899
2024-11-27,1.385,1.7,1.786,1.784,1.859,1.879,1.889,1.899
2024-11-28,1.329,1.726,1.766,1.779,1.858,1.879,1.889,1.899
2024-11-29,1.319,1.631,1.74,1.772,1.852,1.871,1.882,1.893
2024-12-02,1.414,1.591,1.723,1.754,1.825,1.848,1.858,1.868
2024-12-03,1.337,1.601,1.734,1.736,1.795,1.815,1.825,1.835
2024-12-04,1.381,1.588,1.68,1.716,1.772,1.792,1.804,1.815
2024-12-05,1.479,1.688,1.799,1.711,1.762,1.78,1.792,1.807
2024-12-06,1.478,1.686,1.801,1.711,1.755,1.774,1.787,1.803
2024-12-09,1.516,1.736,1.83,1.71,1.753,1.77,1.783,1.8
2024-12-10,1.47,1.784,1.868,1.711,1.748,1.765,1.777,1.793
2024-12-11,1.528,1.722,1.849,1.711,1.744,1.759,1.771,1.785
2024-12-12,1.482,1.635,1.876,1.712,1.74,1.753,1.766,1.78
2024-12-13,1.404,1.758,1.87,1.71,1.735,1.744,1.759,1.774
2024-12-16,1.421,1.762,1.873,1.708,1.725,1.733,1.747,1.76
2024-12-17,1.425,1.787,1.892,1.706,1.718,1.726,1.742,1.754
2024-12-18,1.428,1.776,1.994,1.704,1.715,1.724,1.738,1.748
2024-12-19,1.424,1.627,2.035,1.701,1.712,1.72,1.735,1.745
2024-12-20,1.414,1.62,1.852,1.7,1.708,1.717,1.73,1.74
2024-12-23,1.31,1.525,1.943,1.699,1.705,1.712,1.724,1.732
2024-12-24,1.321,1.489,1.917,1.695,1.6985,1.707,1.717,1.725
2024-12-25,1.365,1.516,1.965,1.69,1.693,1.702,1.712,1.7185
2024-12-26,1.386,1.533,2.036,1.689,1.6922,1.701,1.71,1.7145
2024-12-27,1.388,1.74,2.157,1.686,1.69,1.699,1.708,1.7125
2024-12-30,1.367,1.95,2.08,1.6846,1.685,1.6955,1.7075,1.7112
2024-12-31,1.454,1.966,2.163,1.681,1.6855,1.694,1.7035,1.708
2025-01-02,1.532,1.643,1.764,1.676,1.6825,1.689,1.697,1.7045
2025-01-03,1.618,1.67,1.746,1.67,1.677,1.6855,1.6935,1.7002
2025-01-06,1.454,1.596,1.639,1.646,1.663,1.6725,1.682,1.691
2025-01-07,1.483,1.541,1.616,1.641,1.655,1.667,1.676,1.685
2025-01-08,1.523,1.58,1.65,1.636,1.652,1.661,1.6705,1.6795
2025-01-09,1.547,1.632,1.68,1.631,1.645,1.656,1.666,1.674
2025-01-10,1.643,1.692,1.791,1.63,1.643,1.655,1.665,1.672
2025-01-13,1.823,1.96,1.916,1.649,1.648,1.662,1.668,1.675
2025-01-14,1.965,2.162,2.212,1.662,1.658,1.669,1.679,1.686
2025-01-15,1.832,2.117,2.311,1.668,1.6665,1.676,1.682,1.6905
2025-01-16,1.833,2.192,2.673,1.681,1.674,1.682,1.6892,1.694
2025-01-17,1.848,2.039,2.656,1.688,1.677,1.6852,1.693,1.6974
2025-01-20,1.835,2.013,2.684,1.6925,1.687,1.693,1.697,1.703
2025-01-21,1.779,1.906,2.631,1.702,1.6935,1.699,1.706,1.7122
2025-01-22,1.78,1.813,2.632,1.702,1.693,1.701,1.709,1.714
2025-01-23,1.764,1.995,2.627,1.704,1.694,1.703,1.714,1.721
2025-01-24,1.77,2.078,2.75,1.705,1.697,1.707,1.716,1.725
2025-01-26,1.669,1.864,2.566,1.705,1.6995,1.7125,1.7195,1.728
2025-01-27,1.708,1.715,2.023,1.706,1.702,1.715,1.7205,1.7305
2025-02-05,1.793,1.844,1.972,1.708,1.707,1.722,1.726,1.735
2025-02-06,1.792,1.785,1.854,1.708,1.71,1.727,1.731,1.739
2025-02-07,1.816,1.732,1.793,1.705,1.711,1.724,1.729,1.735
2025-02-08,1.769,1.634,1.737,1.703,1.712,1.72,1.728,1.734
2025-02-10,1.841,1.729,1.802,1.7,1.714,1.723,1.729,1.733
2025-02-11,1.919,1.838,1.97,1.71,1.721,1.731,1.738,1.741
2025-02-12,1.832,1.845,1.869,1.715,1.726,1.736,1.744,1.746
2025-02-13,1.827,1.763,1.815,1.719,1.73,1.742,1.751,1.753
2025-02-14,1.889,1.894,1.969,1.731,1.738,1.75,1.764,1.764
2025-02-17,1.893,1.999,2.065,1.747,1.75,1.763,1.774,1.775
2025-02-18,1.933,2.209,2.427,1.766,1.763,1.773,1.786,1.796
2025-02-19,1.915,1.934,2.269,1.77,1.7702,1.784,1.8,1.812
2025-02-20,1.919,1.992,2.249,1.778,1.7802,1.794,1.811,1.823
2025-02-21,1.931,2.139,2.396,1.787,1.7912,1.802,1.831,1.831
2025-02-24,1.866,1.941,2.269,1.79,1.797,1.806,1.84,1.839
2025-02-25,1.862,2.128,2.173,1.792,1.818,1.837,1.861,1.855
2025-02-26,1.875,2.131,2.254,1.812,1.8555,1.879,1.894,1.887
2025-02-27,1.867,2.24,2.359,1.847,1.89,1.915,1.925,1.92
2025-02-28,1.865,2.093,2.273,1.868,1.922,1.946,1.953,1.944
2025-03-03,1.816,1.812,1.901,1.883,1.946,1.968,1.969,1.957
2025-03-04,1.686,1.718,1.824,1.892,1.9625,1.979,1.9745,1.967
2025-03-05,1.755,1.751,1.823,1.908,1.975,1.989,1.983,1.976
2025-03-06,1.79,1.748,1.821,1.91,1.982,1.993,1.986,1.982
2025-03-07,1.801,1.718,1.855,1.916,1.991,1.998,1.994,1.988
2025-03-10,1.819,1.78,1.897,1.937,2.005,2.002,1.999,1.994
2025-03-11,1.782,1.786,1.9,1.948,2.01,2.001,2.001,1.998
2025-03-12,1.758,1.78,1.872,1.954,2.015,2.002,2.001,2.004
2025-03-13,1.771,1.774,1.85,1.961,2.012,2.001,2.001,2.002
2025-03-14,1.811,1.742,1.857,1.963,2.004,1.999,1.996,1.998
2025-03-17,1.805,1.819,1.95,1.965,1.994,1.995,1.991,1.995
2025-03-18,1.785,1.903,2.241,1.967,1.992,1.993,1.987,1.994
2025-03-19,1.763,1.856,2.337,1.974,1.987,1.987,1.986,1.99
2025-03-20,1.785,1.778,2.298,1.971,1.98,1.98,1.983,1.989
2025-03-21,1.76,1.754,2.088,1.971,1.968,1.968,1.972,1.973
2025-03-24,1.75,1.745,2.1,1.966,1.961,1.961,1.964,1.963
2025-03-25,1.775,1.815,2.119,1.955,1.942,1.949,1.951,1.949
2025-03-26,1.785,1.9,2.124,1.951,1.934,1.941,1.941,1.942
2025-03-27,1.738,2.004,2.098,1.945,1.924,1.932,1.935,1.936
2025-03-28,1.728,1.936,2.122,1.939,1.921,1.928,1.932,1.933
2025-03-31,1.739,2.023,2.232,1.928,1.912,1.923,1.926,1.926
2025-04-01,1.823,1.807,1.923,1.916,1.907,1.916,1.921,1.921
2025-04-02,1.756,1.805,1.9,1.905,1.902,1.91,1.917,1.914
2025-04-03,1.617,1.689,1.819,1.865,1.871,1.886,1.889,1.887
2025-04-07,1.79,1.694,1.776,1.819,1.824,1.844,1.846,1.837
2025-04-08,1.744,1.725,1.812,1.811,1.81,1.827,1.83,1.813
2025-04-09,1.741,1.703,1.839,1.804,1.806,1.817,1.821,1.81
2025-04-10,1.607,1.681,1.771,1.795,1.8,1.81,1.811,1.807
2025-04-11,1.609,1.619,1.75,1.787,1.786,1.795,1.798,1.791
2025-04-14,1.644,1.665,1.73,1.782,1.777,1.788,1.79,1.786
2025-04-15,1.701,1.695,1.75,1.776,1.775,1.785,1.787,1.785
2025-04-16,1.708,1.696,1.757,1.772,1.772,1.782,1.784,1.783
2025-04-17,1.634,1.652,1.735,1.766,1.767,1.776,1.778,1.777
2025-04-18,1.66,1.654,1.764,1.763,1.761,1.771,1.775,1.772
2025-04-21,1.716,1.68,1.797,1.758,1.759,1.77,1.773,1.769
2025-04-22,1.709,1.67,1.8,1.754,1.755,1.768,1.769,1.768
2025-04-23,1.626,1.644,1.772,1.749,1.753,1.765,1.767,1.766
2025-04-24,1.61,1.69,1.767,1.747,1.75,1.764,1.766,1.766
2025-04-25,1.567,1.638,1.765,1.747,1.75,1.761,1.765,1.766
2025-04-27,1.606,1.641,1.77,1.748,1.75,1.76,1.766,1.767
2025-04-28,1.603,1.723,1.769,1.747,1.75,1.76,1.767,1.768
2025-04-29,1.541,1.748,1.778,1.745,1.75,1.76,1.767,1.767
2025-04-30,1.76,1.762,1.781,1.743,1.75,1.759,1.766,1.766
2025-05-06,1.702,1.707,1.737,1.732,1.748,1.757,1.765,1.765
2025-05-07,1.657,1.661,1.725,1.719,1.737,1.746,1.752,1.752
2025-05-08,1.539,1.594,1.68,1.702,1.72,1.729,1.729,1.735
2025-05-09,1.497,1.519,1.554,1.684,1.696,1.704,1.707,1.711
2025-05-12,1.422,1.496,1.563,1.661,1.672,1.685,1.686,1.695
2025-05-13,1.406,1.49,1.556,1.647,1.662,1.672,1.676,1.684
2025-05-14,1.405,1.501,1.536,1.639,1.653,1.663,1.67,1.677
2025-05-15,1.404,1.497,1.55,1.629,1.645,1.658,1.668,1.673
2025-05-16,1.654,1.545,1.601,1.625,1.647,1.656,1.667,1.671
2025-05-19,1.537,1.562,1.654,1.624,1.645,1.656,1.669,1.673
2025-05-20,1.509,1.556,1.65,1.617,1.642,1.654,1.665,1.671
2025-05-21,1.509,1.549,1.647,1.615,1.64,1.653,1.669,1.674
2025-05-22,1.465,1.523,1.656,1.613,1.64,1.652,1.669,1.676
2025-05-23,1.565,1.552,1.691,1.611,1.642,1.655,1.672,1.682
2025-05-26,1.506,1.579,1.688,1.612,1.643,1.662,1.674,1.685
2025-05-27,1.452,1.598,1.667,1.614,1.644,1.665,1.678,1.692
2025-05-28,1.411,1.578,1.669,1.615,1.647,1.672,1.683,1.694
2025-05-29,1.411,1.602,1.744,1.621,1.652,1.673,1.683,1.695
2025-05-30,1.471,1.617,1.739,1.62,1.652,1.672,1.683,1.698
2025-06-03,1.41,1.515,1.579,1.62,1.652,1.672,1.684,1.7
2025-06-04,1.408,1.543,1.576,1.62,1.652,1.672,1.684,1.703
2025-06-05,1.408,1.534,1.591,1.62,1.652,1.672,1.684,1.702
2025-06-06,1.411,1.5,1.588,1.619,1.651,1.671,1.682,1.697
2025-06-09,1.378,1.497,1.556,1.618,1.649,1.667,1.68,1.693
2025-06-10,1.362,1.496,1.544,1.62,1.645,1.663,1.677,1.687
2025-06-11,1.361,1.502,1.56,1.62,1.642,1.658,1.674,1.684
2025-06-12,1.367,1.521,1.535,1.62,1.639,1.657,1.67,1.68
2025-06-13,1.411,1.508,1.543,1.622,1.638,1.656,1.67,1.68
2025-06-16,1.388,1.51,1.543,1.621,1.636,1.655,1.67,1.68
2025-06-17,1.369,1.508,1.571,1.621,1.634,1.653,1.67,1.679
2025-06-18,1.366,1.505,1.655,1.62,1.63,1.647,1.666,1.676
2025-06-19,1.367,1.524,1.658,1.621,1.63,1.644,1.661,1.671
2025-06-20,1.368,1.529,1.719,1.62,1.629,1.639,1.659,1.667
2025-06-23,1.367,1.497,1.713,1.62,1.629,1.639,1.657,1.666
2025-06-24,1.37,1.629,1.697,1.62,1.629,1.639,1.655,1.662
2025-06-25,1.371,1.671,1.722,1.622,1.63,1.639,1.652,1.659
2025-06-26,1.37,1.67,1.736,1.622,1.63,1.64,1.65,1.658
2025-06-27,1.371,1.668,1.755,1.62,1.63,1.64,1.65,1.656
2025-06-30,1.422,1.763,1.766,1.622,1.63,1.64,1.65,1.657
2025-07-01,1.367,1.53,1.569,1.617,1.628,1.637,1.647,1.656
2025-07-02,1.365,1.497,1.554,1.6095,1.6195,1.6315,1.6415,1.6515
2025-07-03,1.315,1.456,1.54,1.594,1.606,1.619,1.63,1.638
2025-07-04,1.313,1.423,1.523,1.581,1.597,1.611,1.621,1.629
2025-07-07,1.312,1.458,1.494,1.557,1.579,1.6,1.612,1.616
2025-07-08,1.312,1.455,1.5,1.546,1.57,1.597,1.609,1.612
2025-07-09,1.313,1.464,1.495,1.539,1.562,1.593,1.607,1.613
2025-07-10,1.316,1.474,1.498,1.538,1.559,1.589,1.608,1.613
2025-07-11,1.333,1.475,1.514,1.535,1.557,1.591,1.611,1.616
2025-07-14,1.415,1.515,1.535,1.538,1.561,1.594,1.614,1.623
2025-07-15,1.535,1.546,1.579,1.541,1.559,1.591,1.613,1.623
2025-07-16,1.466,1.504,1.559,1.54,1.559,1.592,1.612,1.621
2025-07-17,1.463,1.504,1.553,1.539,1.557,1.592,1.613,1.621
2025-07-18,1.462,1.494,1.56,1.536,1.555,1.593,1.612,1.621
2025-07-21,1.366,1.477,1.571,1.534,1.553,1.592,1.612,1.622
2025-07-22,1.317,1.462,1.551,1.529,1.549,1.591,1.612,1.621
2025-07-23,1.367,1.463,1.527,1.529,1.551,1.596,1.616,1.625
2025-07-24,1.635,1.545,1.615,1.536,1.553,1.605,1.621,1.631
2025-07-25,1.52,1.62,1.728,1.545,1.559,1.611,1.628,1.639
2025-07-28,1.467,1.596,1.635,1.549,1.56,1.613,1.632,1.642
2025-07-29,1.366,1.545,1.631,1.55,1.56,1.613,1.632,1.644
2025-07-30,1.317,1.501,1.62,1.55,1.564,1.612,1.634,1.647
2025-07-31,1.392,1.497,1.546,1.55,1.566,1.612,1.633,1.648
2025-08-01,1.315,1.446,1.553,1.549,1.563,1.61,1.63,1.645
2025-08-04,1.314,1.436,1.516,1.547,1.559,1.608,1.629,1.641
2025-08-05,1.315,1.432,1.482,1.543,1.558,1.606,1.629,1.638
2025-08-06,1.316,1.442,1.494,1.533,1.559,1.609,1.63,1.638
2025-08-07,1.315,1.434,1.479,1.529,1.56,1.61,1.63,1.639
2025-08-08,1.3144,1.4356,1.4689,1.5256,1.5544,1.61,1.6289,1.6378
2025-08-11,1.315,1.432,1.455,1.527,1.549,1.61,1.628,1.638
2025-08-12,1.315,1.433,1.456,1.527,1.548,1.609,1.629,1.638
2025-08-13,1.315,1.434,1.473,1.526,1.548,1.609,1.63,1.64
2025-08-14,1.315,1.426,1.492,1.525,1.549,1.609,1.63,1.64
2025-08-15,1.398,1.465,1.505,1.526,1.547,1.607,1.63,1.64
2025-08-18,1.436,1.483,1.537,1.528,1.549,1.608,1.633,1.643
2025-08-19,1.464,1.517,1.599,1.528,1.55,1.61,1.637,1.647
2025-08-20,1.473,1.534,1.596,1.532,1.55,1.61,1.64,1.649
2025-08-21,1.466,1.495,1.593,1.533,1.55,1.61,1.643,1.653
2025-08-22,1.418,1.463,1.581,1.53,1.55,1.61,1.641,1.653
2025-08-25,1.356,1.484,1.555,1.53,1.55,1.61,1.642,1.652
2025-08-26,1.317,1.467,1.515,1.53,1.55,1.61,1.642,1.652
2025-08-27,1.315,1.491,1.526,1.526,1.55,1.61,1.642,1.653
2025-08-28,1.316,1.526,1.55,1.529,1.55,1.61,1.643,1.653
2025-08-29,1.331,1.51,1.555,1.527,1.55,1.61,1.642,1.652
2025-09-01,1.315,1.438,1.484,1.521,1.549,1.61,1.644,1.654
2025-09-02,1.314,1.431,1.495,1.518,1.549,1.61,1.645,1.655
2025-09-03,1.316,1.433,1.486,1.517,1.55,1.61,1.645,1.656
2025-09-04,1.316,1.437,1.476,1.519,1.55,1.609,1.647,1.658
2025-09-05,1.316,1.427,1.467,1.52,1.55,1.61,1.649,1.66
2025-09-08,1.353,1.438,1.471,1.52,1.55,1.611,1.65,1.66
2025-09-09,1.419,1.467,1.5,1.522,1.551,1.615,1.651,1.661
2025-09-10,1.425,1.449,1.501,1.528,1.553,1.621,1.653,1.663
2025-09-11,1.369,1.466,1.51,1.53,1.553,1.623,1.654,1.665
2025-09-12,1.367,1.46,1.524,1.532,1.553,1.624,1.655,1.667
2025-09-15,1.408,1.47,1.504,1.533,1.553,1.626,1.661,1.671
2025-09-16,1.437,1.475,1.506,1.535,1.553,1.63,1.661,1.671
2025-09-17,1.483,1.519,1.607,1.541,1.554,1.63,1.661,1.671
2025-09-18,1.514,1.528,1.581,1.544,1.556,1.631,1.662,1.673
2025-09-19,1.461,1.488,1.647,1.547,1.562,1.632,1.663,1.673
2025-09-22,1.427,1.466,1.675,1.55,1.562,1.63,1.663,1.673
2025-09-23,1.413,1.462,1.567,1.551,1.562,1.63,1.663,1.672
2025-09-24,1.434,1.59,1.656,1.556,1.566,1.632,1.664,1.674
2025-09-25,1.472,1.584,1.625,1.564,1.574,1.635,1.669,1.679
2025-09-26,1.321,1.501,1.646,1.566,1.576,1.639,1.672,1.681
2025-09-28,1.314,1.497,1.537,1.57,1.58,1.64,1.67,1.68
2025-09-29,1.315,1.523,1.527,1.571,1.58,1.64,1.67,1.68
2025-09-30,1.379,1.405,1.702,1.57,1.58,1.64,1.67,1.68
2025-10-09,1.322,1.495,1.526,1.567,1.579,1.638,1.668,1.677
2025-10-10,1.319,1.451,1.494,1.559,1.578,1.636,1.666,1.675
2025-10-11,1.314,1.403,1.482,1.558,1.581,1.638,1.665,1.674
2025-10-13,1.314,1.447,1.466,1.557,1.58,1.639,1.661,1.669
2025-10-14,1.315,1.423,1.445,1.56,1.581,1.638,1.659,1.669
2025-10-15,1.316,1.414,1.452,1.559,1.581,1.638,1.659,1.669
2025-10-16,1.316,1.419,1.443,1.559,1.581,1.638,1.659,1.669
2025-10-17,1.318,1.415,1.461,1.559,1.58,1.64,1.66,1.67
2025-10-20,1.317,1.418,1.468,1.557,1.582,1.64,1.66,1.67
2025-10-21,1.317,1.426,1.504,1.557,1.586,1.641,1.662,1.675
2025-10-22,1.318,1.422,1.452,1.557,1.592,1.641,1.662,1.679
2025-10-23,1.318,1.417,1.512,1.556,1.594,1.641,1.662,1.68
2025-10-24,1.32,1.414,1.563,1.557,1.594,1.641,1.661,1.68
2025-10-27,1.442,1.542,1.598,1.557,1.595,1.642,1.662,1.68
2025-10-28,1.469,1.53,1.647,1.557,1.599,1.642,1.66,1.678
2025-10-29,1.414,1.512,1.559,1.556,1.599,1.64,1.658,1.675
2025-10-30,1.317,1.484,1.537,1.549,1.597,1.64,1.657,1.673
2025-10-31,1.321,1.439,1.548,1.547,1.596,1.637,1.656,1.667
2025-11-03,1.316,1.412,1.469,1.546,1.595,1.633,1.656,1.664
2025-11-04,1.315,1.415,1.478,1.546,1.594,1.6265,1.652,1.658
2025-11-05,1.315,1.423,1.461,1.5415,1.589,1.6255,1.645,1.655
2025-11-06,1.313,1.421,1.454,1.534,1.5875,1.624,1.6415,1.6525
2025-11-07,1.327,1.422,1.47,1.526,1.584,1.62,1.639,1.65
2025-11-10,1.479,1.478,1.492,1.525,1.58,1.6185,1.639,1.65
2025-11-11,1.508,1.501,1.518,1.525,1.58,1.618,1.639,1.65
2025-11-12,1.415,1.474,1.5,1.523,1.58,1.619,1.639,1.649
2025-11-13,1.315,1.474,1.5,1.518,1.58,1.62,1.64,1.65
2025-11-14,1.363,1.468,1.509,1.518,1.58,1.62,1.64,1.65
2025-11-17,1.508,1.514,1.55,1.52,1.58,1.62,1.64,1.65
2025-11-18,1.525,1.518,1.55,1.52,1.58,1.62,1.64,1.65
2025-11-19,1.42,1.487,1.568,1.52,1.58,1.62,1.64,1.65
2025-11-20,1.364,1.46,1.546,1.518,1.579,1.62,1.639,1.65
2025-11-21,1.32,1.417,1.522,1.519,1.578,1.62,1.64,1.65
2025-11-24,1.316,1.447,1.542,1.52,1.58,1.62,1.64,1.65
2025-11-25,1.316,1.433,1.54,1.52,1.58,1.62,1.639,1.65
2025-11-26,1.316,1.453,1.507,1.519,1.579,1.62,1.639,1.65
2025-11-27,1.314,1.425,1.508,1.52,1.58,1.62,1.64,1.65
2025-11-28,1.301,1.437,1.529,1.52,1.58,1.62,1.64,1.65
2025-12-01,1.307,1.454,1.477,1.519,1.58,1.62,1.64,1.65
2025-12-02,1.302,1.434,1.465,1.519,1.58,1.62,1.64,1.65
2025-12-03,1.301,1.426,1.465,1.52,1.58,1.62,1.64,1.65
2025-12-04,1.302,1.424,1.479,1.52,1.58,1.62,1.64,1.65
2025-12-05,1.301,1.416,1.508,1.52,1.58,1.62,1.64,1.65
2025-12-08,1.302,1.426,1.517,1.521,1.58,1.62,1.641,1.65
2025-12-09,1.303,1.431,1.51,1.523,1.581,1.623,1.641,1.65
2025-12-10,1.298,1.439,1.5,1.523,1.582,1.624,1.64,1.65
2025-12-11,1.283,1.432,1.5,1.524,1.584,1.623,1.641,1.651
2025-12-12,1.279,1.451,1.509,1.525,1.585,1.624,1.641,1.651
2025-12-15,1.274,1.432,1.511,1.533,1.591,1.625,1.642,1.652
2025-12-16,1.276,1.429,1.51,1.537,1.595,1.629,1.643,1.653
2025-12-17,1.275,1.428,1.471,1.541,1.601,1.632,1.643,1.653
2025-12-18,1.273,1.426,1.582,1.55,1.603,1.633,1.643,1.653
2025-12-19,1.2733,1.4311,1.6078,1.5544,1.6022,1.6311,1.6411,1.6511
2025-12-22,1.272,1.417,1.616,1.559,1.601,1.629,1.64,1.65
2025-12-23,1.272,1.399,1.577,1.567,1.6,1.63,1.64,1.65
2025-12-24,1.267,1.385,1.599,1.579,1.6,1.629,1.64,1.65
2025-12-25,1.262,1.4,1.595,1.584,1.6,1.627,1.64,1.65
2025-12-26,1.258,1.448,1.596,1.584,1.6,1.628,1.64,1.65
2025-12-29,1.248,1.558,1.65,1.584,1.6,1.63,1.64,1.65
2025-12-30,1.247,1.589,1.869,1.585,1.6,1.63,1.64,1.65
2025-12-31,1.327,1.956,1.951,1.588,1.6,1.629,1.64,1.65
2026-01-04,1.258,1.428,1.518,1.579,1.598,1.624,1.639,1.649
2026-01-05,1.264,1.423,1.457,1.574,1.596,1.617,1.637,1.648
2026-01-06,1.263,1.422,1.465,1.569,1.596,1.618,1.637,1.648
2026-01-07,1.266,1.45,1.453,1.564,1.597,1.619,1.637,1.649
2026-01-08,1.27,1.462,1.482,1.559,1.595,1.619,1.636,1.648
2026-01-09,1.272,1.461,1.487,1.557,1.595,1.618,1.635,1.646
2026-01-12,1.316,1.473,1.489,1.556,1.598,1.62,1.637,1.648
2026-01-13,1.391,1.523,1.534,1.559,1.6,1.62,1.639,1.649
2026-01-14,1.39,1.55,1.567,1.56,1.6,1.62,1.64,1.65
2026-01-15,1.374,1.485,1.555,1.5596,1.6,1.62,1.639,1.649
2026-01-16,1.325,1.47,1.496,1.558,1.6,1.62,1.64,1.65
2026-01-19,1.318,1.467,1.501,1.557,1.6,1.62,1.639,1.649
2026-01-20,1.374,1.483,1.582,1.56,1.6,1.62,1.638,1.649
2026-01-21,1.322,1.488,1.597,1.559,1.6,1.62,1.637,1.648
2026-01-22,1.413,1.497,1.59,1.557,1.598,1.616,1.6327,1.6458
2026-01-23,1.396,1.491,1.577,1.5577,1.598,1.615,1.629,1.6441
2026-01-26,1.42,1.543,1.599,1.5558,1.5978,1.6135,1.6269,1.639
2026-01-27,1.371,1.564,1.599,1.5556,1.5968,1.6094,1.624,1.637
2026-01-28,1.366,1.527,1.596,1.5546,1.5947,1.6099,1.6189,1.6337
2026-01-29,1.368,1.572,1.591,1.552,1.591,1.608,1.618,1.629
2026-01-30,1.328,1.58,1.598,1.551,1.589,1.609,1.617,1.628
2026-02-02,1.365,1.485,1.509,1.55,1.5889,1.6069,1.6137,1.6248
2026-02-03,1.317,1.488,1.511,1.55,1.5859,1.6042,1.6104,1.6215
2026-02-04,1.318,1.473,1.583,1.55,1.5846,1.6,1.609,1.619
2026-02-05,1.319,1.464,1.614,1.5505,1.5805,1.6,1.6079,1.6189
2026-02-06,1.277,1.435,1.504,1.55,1.58,1.597,1.6058,1.6169
2026-02-09,1.27,1.505,1.584,1.55,1.58,1.5967,1.6046,1.6147
2026-02-10,1.362,1.531,1.604,1.551,1.58,1.5977,1.602,1.6115
2026-02-11,1.366,1.523,1.6,1.5511,1.58,1.5958,1.5997,1.6092
2026-02-12,1.368,1.518,1.583,1.55,1.58,1.5951,1.599,1.6089
2026-02-13,1.271,1.43,1.511,1.55,1.579,1.593,1.6,1.61
2026-02-14,1.3156,1.3233,1.39,1.55,1.58,1.59,1.6,1.61
2026-02-24,1.362,1.553,1.577,1.55,1.578,1.59,1.599,1.61
2026-02-25,1.378,1.497,1.571,1.55,1.5778,1.59,1.5979,1.608
2026-02-26,1.368,1.457,1.529,1.55,1.5748,1.588,1.5968,1.6068
2026-02-27,1.358,1.474,1.527,1.55,1.569,1.586,1.595,1.605
2026-02-28,1.318,1.5,1.52,1.55,1.5679,1.5846,1.5945,1.604
2026-03-02,1.315,1.466,1.514,1.55,1.5678,1.582,1.591,1.5994
2026-03-03,1.267,1.448,1.498,1.55,1.565,1.577,1.586,1.595
2026-03-04,1.266,1.415,1.454,1.548,1.5605,1.5727,1.5826,1.5915
2026-03-05,1.267,1.412,1.461,1.5468,1.558,1.57,1.579,1.588
2026-03-06,1.319,1.412,1.462,1.5417,1.5548,1.566,1.5759,1.5848
2026-03-09,1.322,1.423,1.475,1.5392,1.5515,1.5636,1.5746,1.5825
2026-03-10,1.318,1.432,1.492,1.5359,1.5492,1.5614,1.5715,1.5803
2026-03-11,1.367,1.46,1.5,1.535,1.547,1.561,1.572,1.58
2026-03-12,1.337,1.465,1.501,1.535,1.546,1.56,1.57,1.579
2026-03-13,1.321,1.457,1.495,1.533,1.542,1.556,1.567,1.576
2026-03-16,1.32,1.441,1.495,1.5283,1.538,1.5516,1.5627,1.5716
2026-03-17,1.319,1.4291,1.4795,1.5248,1.5358,1.547,1.558,1.567
2026-03-18,1.32,1.425,1.556,1.52,1.532,1.543,1.556,1.565
2026-03-19,1.321,1.423,1.489,1.518,1.528,1.538,1.5515,1.5595
2026-03-20,1.319,1.417,1.523,1.514,1.522,1.534,1.547,1.555
2026-03-23,1.317,1.422,1.524,1.5095,1.5182,1.529,1.5425,1.5485
2026-03-24,1.318,1.417,1.512,1.504,1.516,1.527,1.538,1.547
2026-03-25,1.319,1.435,1.5112,1.5045,1.5155,1.5265,1.5365,1.5455
2026-03-26,1.32,1.438,1.506,1.503,1.5135,1.5242,1.5342,1.5441
2026-03-27,1.317,1.428,1.502,1.4985,1.509,1.5205,1.5315,1.5405
2026-03-30,1.318,1.418,1.494,1.497,1.509,1.52,1.53,1.54
2026-03-31,1.277,1.438,1.469,1.495,1.507,1.52,1.529,1.538
2026-04-01,1.27,1.421,1.462,1.493,1.504,1.518,1.528,1.536
2026-04-02,1.271,1.404,1.422,1.4885,1.4995,1.5145,1.5245,1.5345
2026-04-03,1.238,1.338,1.396,1.479,1.493,1.504,1.514,1.526
2026-04-07,1.226,1.324,1.369,1.472,1.484,1.496,1.506,1.518
2026-04-08,1.222,1.323,1.366,1.4685,1.4795,1.4945,1.5045,1.5165
2026-04-09,1.223,1.32,1.363,1.466,1.476,1.4895,1.4995,1.5105
2026-04-10,1.222,1.319,1.353,1.4615,1.4715,1.483,1.494,1.505
2026-04-13,1.224,1.359,1.397,1.455,1.466,1.4765,1.4875,1.4985
2026-04-14,1.223,1.36,1.378,1.4535,1.4635,1.473,1.485,1.497
2026-04-15,1.221,1.367,1.373,1.4515,1.4615,1.4725,1.4835,1.4975
2026-04-16,1.221,1.336,1.355,1.448,1.455,1.469,1.4815,1.4975
2026-04-17,1.221,1.326,1.358,1.441,1.4525,1.4655,1.481,1.4965
2026-04-20,1.221,1.328,1.357,1.435,1.449,1.4665,1.481,1.4955
2026-04-21,1.22,1.331,1.358,1.4265,1.442,1.4645,1.478,1.4935
2026-04-22,1.219,1.327,1.355,1.4195,1.4375,1.457,1.4745,1.4865
2026-04-23,1.219,1.329,1.362,1.412,1.4345,1.4535,1.4695,1.4825
2026-04-24,1.219,1.324,1.355,1.405,1.4275,1.4505,1.464,1.478
2026-04-27,1.24,1.358,1.369,1.4015,1.429,1.446,1.459,1.4765
2026-04-28,1.242,1.364,1.382,1.399,1.424,1.4465,1.459,1.4765
2026-04-29,1.243,1.373,1.376,1.395,1.4195,1.4465,1.46,1.4745
2026-04-30,1.327,1.391,1.39,1.396,1.416,1.4465,1.459,1.472
2026-05-06,1.271,1.365,1.389,1.4,1.42,1.448,1.46,1.471
2026-05-07,1.275,1.381,1.383,1.4,1.417,1.448,1.46,1.47
2026-05-08,1.255,1.345,1.371,1.398,1.417,1.447,1.459,1.469
2026-05-09,1.224,1.318,1.357,1.397,1.414,1.444,1.458,1.469
2026-05-11,1.221,1.34,1.355,1.395,1.414,1.441,1.457,1.469
2026-05-12,1.255,1.308,1.343,1.394,1.412,1.438,1.457,1.469
2026-05-13,1.267,1.299,1.338,1.391,1.409,1.436,1.456,1.468
2026-05-14,1.265,1.305,1.333,1.39,1.406,1.4355,1.4555,1.468
2026-05-15,1.267,1.313,1.329,1.388,1.408,1.4335,1.4555,1.468
2026-05-18,1.266,1.322,1.337,1.386,1.405,1.4325,1.4545,1.467
2026-05-19,1.265,1.32,1.334,1.385,1.404,1.4305,1.4505,1.466
2026-05-20,1.286,1.339,1.344,1.3855,1.4045,1.43,1.452,1.4655
2026-05-21,1.288,1.331,1.343,1.3855,1.4065,1.429,1.451,1.4655
2026-05-22,1.324,1.365,1.372,1.388,1.405,1.429,1.45,1.4685
2026-05-25,1.327,1.401,1.407,1.392,1.4065,1.43,1.45,1.4675
2026-05-26,1.319,1.377,1.402,1.391,1.4065,1.429,1.45,1.4665
2026-05-27,1.317,1.371,1.388,1.39,1.4045,1.429,1.449,1.4655
2026-05-28,1.317,1.362,1.381,1.389,1.4055,1.428,1.45,1.4655
2026-05-29,1.324,1.387,1.387,1.39,1.4075,1.429,1.45,1.4655
2026-06-01,1.317,1.376,1.379,1.39,1.4065,1.428,1.45,1.4645
2026-06-02,1.315,1.353,1.367,1.389,1.4035,1.428,1.449,1.4625
2026-06-03,1.316,1.347,1.36,1.386,1.4035,1.428,1.448,1.4605
2026-06-04,1.316,1.348,1.357,1.385,1.4015,1.427,1.447,1.459
2026-06-05,1.324,1.382,1.38,1.3865,1.402,1.4265,1.447,1.459
2026-06-08,1.354,1.401,1.395,1.3885,1.402,1.4265,1.447,1.46
2026-06-09,1.384,1.42,1.402,1.391,1.402,1.4275,1.45,1.46
2026-06-10,1.384,1.413,1.412,1.393,1.402,1.4275,1.45,1.46
2026-06-11,1.397,1.441,1.439,1.396,1.408,1.431,1.452,1.463
2026-06-12,1.398,1.453,1.451,1.403,1.414,1.435,1.454,1.465
2026-06-15,1.419,1.461,1.461,1.409,1.4225,1.443,1.462,1.472
2026-06-16,1.423,1.488,1.49,1.415,1.428,1.449,1.467,1.478
2026-06-17,1.415,1.464,1.485,1.4185,1.429,1.449,1.468,1.4785
2026-06-18,1.421,1.462,1.489,1.42,1.43,1.45,1.47,1.48
2026-06-22,1.423,1.475,1.499,1.421,1.43,1.45,1.47,1.48
2026-06-23,1.455,1.497,1.515,1.425,1.431,1.451,1.471,1.482
2026-06-24,1.408,1.548,1.533,1.43,1.436,1.454,1.473,1.484
2026-06-25,1.399,1.513,1.517,1.43,1.4395,1.454,1.471,1.481
2026-06-26,1.371,1.467,1.504,1.43,1.44,1.45,1.4725,1.48
2026-06-29,1.356,1.45,1.461,1.427,1.437,1.45,1.47,1.48
2026-06-30,1.36,1.458,1.462,1.426,1.438,1.45,1.47,1.48
2026-07-01,1.403,1.463,1.459,1.426,1.438,1.45,1.47,1.48
2026-07-02,1.406,1.437,1.451,1.426,1.437,1.45,1.47,1.479
2026-07-03,1.369,1.396,1.412,1.421,1.435,1.448,1.467,1.478
2026-07-06,1.369,1.39,1.398,1.418,1.4345,1.4475,1.4655,1.4775
