open_time,open,high,low,close,volume,close_time,quote_asset_volume
2020-10-16,44.55,45.04,37.51,39.39,282456.7,2020-10-16 23:59:59.999,11582368.0362
2020-10-17,39.415,43.329,38.46,41.393,385497.7,2020-10-17 23:59:59.999,15876495.0231
2020-10-18,41.379,41.4,39.455,40.795,370900.1,2020-10-18 23:59:59.999,14959792.9716
2020-10-19,40.746,41.009,35.828,36.075,398700.9,2020-10-19 23:59:59.999,15422698.4704
2020-10-20,36.083,36.474,31.889,32.135,640193.9,2020-10-20 23:59:59.999,21897612.2788
2020-10-21,32.095,37.099,31.716,35.107,542288.7,2020-10-21 23:59:59.999,18772337.0993
2020-10-22,35.087,39.748,33.509,37.948,614126.9,2020-10-22 23:59:59.999,22595087.6582
2020-10-23,37.892,42.698,37.043,41.428,797946.0,2020-10-23 23:59:59.999,31960151.148
2020-10-24,41.441,42.389,38.618,39.397,617193.9,2020-10-24 23:59:59.999,24962323.7278
2020-10-25,39.42,40.953,37.243,37.866,592037.6,2020-10-25 23:59:59.999,23246191.8608
2020-10-26,37.859,39.212,35.018,35.958,524933.2,2020-10-26 23:59:59.999,19681444.6831
2020-10-27,35.96,39.0,34.356,34.933,603617.2,2020-10-27 23:59:59.999,22039911.5575
2020-10-28,34.924,35.811,31.963,32.43,568749.4,2020-10-28 23:59:59.999,19023500.5524
2020-10-29,32.451,33.263,28.101,29.236,686524.2,2020-10-29 23:59:59.999,20931489.2732
2020-10-30,29.222,31.99,27.73,31.055,809945.4,2020-10-30 23:59:59.999,24439268.1674
2020-10-31,31.06,32.9,29.524,29.696,584511.2,2020-10-31 23:59:59.999,17984439.9402
2020-11-01,29.691,30.99,28.47,30.727,440488.4,2020-11-01 23:59:59.999,13035772.5475
2020-11-02,30.732,34.175,29.117,29.672,1107448.8,2020-11-02 23:59:59.999,34603293.2362
2020-11-03,29.672,30.085,27.323,28.105,634308.2,2020-11-03 23:59:59.999,17970577.024
2020-11-04,28.11,28.504,25.97,27.689,627055.8,2020-11-04 23:59:59.999,17289877.5772
2020-11-05,27.694,32.275,25.887,30.895,814585.5,2020-11-05 23:59:59.999,23553735.4491
2020-11-06,30.875,40.95,30.746,38.546,1813531.6,2020-11-06 23:59:59.999,66292574.0035
2020-11-07,38.554,52.18,38.327,44.476,2263347.2,2020-11-07 23:59:59.999,99554516.9962
2020-11-08,44.435,54.794,42.511,53.852,2223200.6,2020-11-08 23:59:59.999,108697194.6058
2020-11-09,53.86,59.08,49.303,55.204,2787646.4,2020-11-09 23:59:59.999,150852942.2214
2020-11-10,55.237,71.0,52.88,66.989,2987176.4,2020-11-10 23:59:59.999,187197282.4323
2020-11-11,66.942,69.1,53.458,54.523,2794269.3,2020-11-11 23:59:59.999,165597594.8419
2020-11-12,54.598,59.95,50.5,51.854,2076670.8,2020-11-12 23:59:59.999,114541889.5949
2020-11-13,51.936,66.333,51.176,63.551,2553132.5,2020-11-13 23:59:59.999,155543336.0637
2020-11-14,63.536,68.98,57.818,66.796,1702080.7,2020-11-14 23:59:59.999,106679325.9971
2020-11-15,66.849,71.25,59.35,64.244,1659104.6,2020-11-15 23:59:59.999,110459132.5964
2020-11-16,64.262,74.637,60.9,73.052,1697466.0,2020-11-16 23:59:59.999,116452225.3784
2020-11-17,73.045,80.32,68.75,79.463,1326453.1,2020-11-17 23:59:59.999,97964287.5398
2020-11-18,79.493,80.562,67.2,75.395,1381302.9,2020-11-18 23:59:59.999,102268826.6786
2020-11-19,75.398,81.739,70.32,76.429,1277425.2,2020-11-19 23:59:59.999,97032417.2636
2020-11-20,76.425,83.016,74.5,75.134,960583.7,2020-11-20 23:59:59.999,75335733.4519
2020-11-21,75.187,77.45,68.015,70.838,907105.2,2020-11-21 23:59:59.999,66790584.7674
2020-11-22,70.84,75.14,63.0,68.899,965137.5,2020-11-22 23:59:59.999,66570212.3851
2020-11-23,68.879,74.442,65.733,72.671,764335.7,2020-11-23 23:59:59.999,54137036.9732
2020-11-24,72.737,75.88,66.23,66.843,776510.8,2020-11-24 23:59:59.999,54727898.4243
2020-11-25,66.896,68.033,59.208,61.67,619501.1,2020-11-25 23:59:59.999,39980793.1479
2020-11-26,61.712,65.326,47.343,64.339,1906559.6,2020-11-26 23:59:59.999,110564347.2658
2020-11-27,64.393,69.31,56.153,60.843,830538.4,2020-11-27 23:59:59.999,51992761.3724
2020-11-28,60.897,66.406,58.786,63.795,407067.1,2020-11-28 23:59:59.999,25435473.777
2020-11-29,63.827,69.9,61.646,68.978,471829.4,2020-11-29 23:59:59.999,31153322.0111
2020-11-30,68.991,80.0,68.984,76.146,1213232.6,2020-11-30 23:59:59.999,91566686.2059
2020-12-01,76.197,79.236,69.0,74.215,913118.6,2020-12-01 23:59:59.999,68681415.9291
2020-12-02,74.126,91.041,71.752,86.714,1193600.8,2020-12-02 23:59:59.999,99634059.404
2020-12-03,86.674,94.49,83.0,91.64,1002878.7,2020-12-03 23:59:59.999,89051121.1398
2020-12-04,91.656,92.954,79.21,80.843,794550.2,2020-12-04 23:59:59.999,69079085.1416
2020-12-05,80.774,92.9,79.5,92.77,581951.5,2020-12-05 23:59:59.999,50760231.7982
2020-12-06,92.715,93.154,84.65,87.92,431619.5,2020-12-06 23:59:59.999,37949393.2737
2020-12-07,87.956,95.619,86.778,90.815,773110.6,2020-12-07 23:59:59.999,71173821.1343
2020-12-08,90.833,91.311,77.995,80.198,895814.4,2020-12-08 23:59:59.999,76434854.7805
2020-12-09,80.186,86.5,75.03,82.56,802766.7,2020-12-09 23:59:59.999,65250855.0725
2020-12-10,82.561,83.09,75.766,76.542,527906.1,2020-12-10 23:59:59.999,41753606.5081
2020-12-11,76.612,79.0,70.724,74.792,749903.5,2020-12-11 23:59:59.999,55673564.3182
2020-12-12,74.814,80.3,74.628,77.859,492617.8,2020-12-12 23:59:59.999,38523549.8257
2020-12-13,77.856,85.0,76.648,83.96,454933.9,2020-12-13 23:59:59.999,37192512.3427
2020-12-14,83.908,91.974,79.828,86.423,753021.6,2020-12-14 23:59:59.999,64140022.176
2020-12-15,86.511,89.105,84.3,87.15,596280.8,2020-12-15 23:59:59.999,51832686.8449
2020-12-16,87.188,89.94,80.159,87.618,779265.5,2020-12-16 23:59:59.999,66343821.5914
2020-12-17,87.589,90.627,82.869,85.077,693440.8,2020-12-17 23:59:59.999,59905810.9783
2020-12-18,85.093,90.557,81.807,90.435,430320.3,2020-12-18 23:59:59.999,36899849.7983
2020-12-19,90.484,96.463,88.017,89.093,740578.4,2020-12-19 23:59:59.999,68440891.624
2020-12-20,89.043,90.285,83.766,85.767,573747.9,2020-12-20 23:59:59.999,49885174.3278
2020-12-21,85.782,88.101,77.523,80.842,436955.5,2020-12-21 23:59:59.999,35934117.647
2020-12-22,80.86,86.321,75.628,84.345,469667.7,2020-12-22 23:59:59.999,38274962.4417
2020-12-23,84.348,84.538,62.748,75.431,647771.9,2020-12-23 23:59:59.999,49110486.1826
2020-12-24,75.428,80.579,71.02,80.562,519317.6,2020-12-24 23:59:59.999,39239409.5178
2020-12-25,80.558,82.0,75.964,79.742,300530.6,2020-12-25 23:59:59.999,23644948.0988
2020-12-26,79.743,80.064,73.808,75.212,260191.6,2020-12-26 23:59:59.999,19997876.9286
2020-12-27,75.18,82.1,72.73,76.919,435249.2,2020-12-27 23:59:59.999,33667050.6856
2020-12-28,76.944,86.148,76.16,81.887,368776.9,2020-12-28 23:59:59.999,30450908.7028
2020-12-29,81.931,83.2,75.007,78.169,246245.7,2020-12-29 23:59:59.999,19287927.4545
2020-12-30,78.217,85.67,77.322,81.117,375468.0,2020-12-30 23:59:59.999,30872146.6324
2020-12-31,81.135,88.801,78.341,88.503,371053.0,2020-12-31 23:59:59.999,31293694.2436
2021-01-01,88.581,91.0,84.652,90.909,368132.6,2021-01-01 23:59:59.999,32360814.163
2021-01-02,90.94,92.2,82.573,85.888,350675.1,2021-01-02 23:59:59.999,30192376.5866
2021-01-03,85.911,95.68,81.338,94.185,490412.4,2021-01-03 23:59:59.999,43679148.9712
2021-01-04,94.183,115.59,85.932,114.322,1108493.1,2021-01-04 23:59:59.999,113647018.0448
2021-01-05,114.344,124.279,98.653,119.8,843809.1,2021-01-05 23:59:59.999,95516361.337
2021-01-06,119.866,121.023,107.856,115.719,485974.6,2021-01-06 23:59:59.999,56106610.9642
2021-01-07,115.816,131.0,107.0,115.235,726395.4,2021-01-07 23:59:59.999,86455380.6565
2021-01-08,115.339,120.04,100.24,110.686,523636.3,2021-01-08 23:59:59.999,57956243.9744
2021-01-09,110.795,119.548,106.062,117.674,346692.4,2021-01-09 23:59:59.999,39411942.2585
2021-01-10,117.802,137.0,111.072,126.987,684657.4,2021-01-10 23:59:59.999,85679606.7259
2021-01-11,126.98,127.609,94.0,114.329,901316.6,2021-01-11 23:59:59.999,99306738.2426
2021-01-12,114.368,136.146,109.109,127.74,639823.6,2021-01-12 23:59:59.999,79196652.7587
2021-01-13,127.747,147.989,120.128,146.778,703756.9,2021-01-13 23:59:59.999,96312121.12
2021-01-14,146.781,154.911,139.321,147.766,388745.4,2021-01-14 23:59:59.999,56828046.3088
2021-01-15,147.935,168.685,139.9,166.525,516672.7,2021-01-15 23:59:59.999,79897223.9298
2021-01-16,166.534,203.94,166.368,181.145,759378.8,2021-01-16 23:59:59.999,142242686.0383
2021-01-17,181.324,199.322,174.475,186.482,502759.5,2021-01-17 23:59:59.999,95097816.1837
2021-01-18,186.591,201.313,180.52,200.944,360441.3,2021-01-18 23:59:59.999,68344353.2432
2021-01-19,200.934,210.0,184.845,186.0,507893.3,2021-01-19 23:59:59.999,101401758.456
2021-01-20,186.093,200.0,171.71,197.316,506746.4,2021-01-20 23:59:59.999,94340234.6093
2021-01-21,197.368,199.894,155.27,160.343,784069.4,2021-01-21 23:59:59.999,136630493.9729
2021-01-22,160.169,199.278,147.608,189.581,498901.1,2021-01-22 23:59:59.999,89695820.22
2021-01-23,189.649,220.423,185.568,213.996,432515.4,2021-01-23 23:59:59.999,88512900.5479
2021-01-24,213.697,289.434,212.514,264.705,941421.4,2021-01-24 23:59:59.999,236535026.3619
2021-01-25,264.752,283.229,237.001,247.947,693947.9,2021-01-25 23:59:59.999,179719071.7636
2021-01-26,247.821,288.145,240.691,277.765,744209.4,2021-01-26 23:59:59.999,197238201.593
2021-01-27,277.821,299.423,255.0,286.32,943300.9,2021-01-27 23:59:59.999,261059287.473
2021-01-28,286.32,310.057,274.97,298.549,582892.7,2021-01-28 23:59:59.999,169273539.0513
2021-01-29,298.3,308.971,271.901,288.649,499039.2,2021-01-29 23:59:59.999,144844126.8848
2021-01-30,288.355,323.798,282.559,315.496,458268.3,2021-01-30 23:59:59.999,138869311.6854
2021-01-31,315.445,320.596,293.0,300.369,284945.1,2021-01-31 23:59:59.999,86984891.9188
2021-02-01,300.021,307.127,284.0,295.759,332425.7,2021-02-01 23:59:59.999,98190510.8684
2021-02-02,295.422,310.38,286.0,303.288,360107.3,2021-02-02 23:59:59.999,106684277.1021
2021-02-03,303.339,388.514,301.492,384.168,624205.5,2021-02-03 23:59:59.999,211347537.4077
2021-02-04,384.209,522.9,383.998,466.853,2134631.9,2021-02-04 23:59:59.999,954318134.3753
2021-02-05,467.003,549.99,465.203,507.413,929623.6,2021-02-05 23:59:59.999,471353966.1049
2021-02-06,507.801,513.341,433.165,475.062,876430.1,2021-02-06 23:59:59.999,415092619.0516
2021-02-07,474.977,482.68,392.496,473.334,783237.5,2021-02-07 23:59:59.999,346084173.2083
2021-02-08,473.364,532.332,462.183,491.504,853659.8,2021-02-08 23:59:59.999,426881476.4198
2021-02-09,491.504,514.448,471.144,490.233,521960.4,2021-02-09 23:59:59.999,257349381.6638
2021-02-10,490.135,584.832,460.0,523.833,881712.1,2021-02-10 23:59:59.999,468688479.652
2021-02-11,523.72,544.624,507.053,517.458,377826.3,2021-02-11 23:59:59.999,198876396.9119
2021-02-12,517.922,548.7,500.0,529.0,397569.2,2021-02-12 23:59:59.999,207742495.7216
2021-02-13,528.999,546.331,485.0,496.585,422300.8,2021-02-13 23:59:59.999,215627404.7754
2021-02-14,496.862,512.199,460.846,469.441,378473.9,2021-02-14 23:59:59.999,183509633.642
2021-02-15,469.794,498.5,360.0,456.364,807962.0,2021-02-15 23:59:59.999,362821219.1157
2021-02-16,456.997,480.384,420.261,433.691,464198.5,2021-02-16 23:59:59.999,207601130.048
2021-02-17,433.777,474.521,399.376,451.677,624599.9,2021-02-17 23:59:59.999,270859530.4051
2021-02-18,452.108,480.919,435.055,442.217,411254.2,2021-02-18 23:59:59.999,189737430.7059
2021-02-19,442.463,449.542,406.0,420.365,518975.7,2021-02-19 23:59:59.999,222737892.6041
2021-02-20,420.444,504.411,405.461,441.261,1154939.1,2021-02-20 23:59:59.999,534333490.475
2021-02-21,441.297,457.0,420.0,437.748,474950.0,2021-02-21 23:59:59.999,209487995.1364
2021-02-22,437.927,452.589,331.66,401.031,836659.3,2021-02-22 23:59:59.999,340661322.6495
2021-02-23,400.824,404.829,280.0,364.411,1089692.9,2021-02-23 23:59:59.999,368585469.4064
2021-02-24,364.398,406.4,341.608,366.993,603890.1,2021-02-24 23:59:59.999,230497097.1941
2021-02-25,367.131,389.237,335.151,339.285,422997.1,2021-02-25 23:59:59.999,155585084.6509
2021-02-26,339.321,354.762,304.0,323.417,512070.6,2021-02-26 23:59:59.999,169113409.5496
2021-02-27,323.271,350.0,323.267,333.032,313408.2,2021-02-27 23:59:59.999,106019278.9981
2021-02-28,332.955,366.476,300.023,354.498,469786.8,2021-02-28 23:59:59.999,154525800.4563
2021-03-01,354.543,389.563,350.703,385.591,522257.1,2021-03-01 23:59:59.999,195660432.9604
2021-03-02,385.707,419.159,374.711,391.383,580928.3,2021-03-02 23:59:59.999,228776290.0877
2021-03-03,391.509,420.14,383.989,396.551,397737.7,2021-03-03 23:59:59.999,160759521.5904
2021-03-04,396.758,411.432,365.816,374.408,410546.4,2021-03-04 23:59:59.999,159684465.8712
2021-03-05,374.695,377.287,340.0,367.408,325566.5,2021-03-05 23:59:59.999,116252181.8012
2021-03-06,367.292,391.221,352.115,388.119,247320.7,2021-03-06 23:59:59.999,91612194.3319
2021-03-07,388.165,419.99,384.15,414.765,452360.0,2021-03-07 23:59:59.999,182850472.5433
2021-03-08,414.771,438.5,391.493,437.608,526709.3,2021-03-08 23:59:59.999,217908348.3424
2021-03-09,437.608,453.431,417.487,445.133,422337.5,2021-03-09 23:59:59.999,182820894.2281
2021-03-10,445.241,460.425,398.179,406.952,523975.2,2021-03-10 23:59:59.999,224376361.6235
2021-03-11,406.594,416.243,387.577,406.192,414972.5,2021-03-11 23:59:59.999,168072957.0117
2021-03-12,406.176,409.685,359.686,374.439,486347.1,2021-03-12 23:59:59.999,185715221.3093
2021-03-13,374.474,429.628,359.925,414.966,539312.0,2021-03-13 23:59:59.999,214491507.4756
2021-03-14,415.178,419.9,377.41,380.762,442738.8,2021-03-14 23:59:59.999,173555063.1634
2021-03-15,380.703,391.537,352.814,367.811,396717.7,2021-03-15 23:59:59.999,147945087.6841
2021-03-16,367.725,382.055,350.174,370.749,370292.1,2021-03-16 23:59:59.999,135836353.8141
2021-03-17,370.948,384.861,358.0,383.201,332884.7,2021-03-17 23:59:59.999,123332405.614
2021-03-18,383.319,385.197,361.131,363.497,278084.0,2021-03-18 23:59:59.999,103575659.0824
2021-03-19,363.497,380.147,353.629,369.684,298767.7,2021-03-19 23:59:59.999,110711825.5411
2021-03-20,369.429,397.712,367.975,370.832,343700.7,2021-03-20 23:59:59.999,132184564.5399
2021-03-21,370.57,376.575,360.0,367.842,224673.0,2021-03-21 23:59:59.999,82699528.2319
2021-03-22,367.875,372.656,330.774,336.257,349148.1,2021-03-22 23:59:59.999,124627353.4826
2021-03-23,336.218,345.752,325.75,330.828,293362.3,2021-03-23 23:59:59.999,98912020.8147
2021-03-24,330.842,349.379,292.555,308.382,379565.8,2021-03-24 23:59:59.999,124799461.979
2021-03-25,308.23,333.431,298.091,326.127,432026.3,2021-03-25 23:59:59.999,136562169.7657
2021-03-26,325.924,361.0,325.694,358.378,386741.8,2021-03-26 23:59:59.999,134506622.3518
2021-03-27,358.442,362.361,340.012,351.839,249778.0,2021-03-27 23:59:59.999,87197104.9122
2021-03-28,351.838,357.579,330.0,347.697,287376.4,2021-03-28 23:59:59.999,99259523.6667
2021-03-29,347.697,368.593,344.742,361.282,321156.0,2021-03-29 23:59:59.999,114802382.7815
2021-03-30,361.216,383.875,354.0,378.034,355297.7,2021-03-30 23:59:59.999,132018991.7375
2021-03-31,377.949,394.729,356.0,383.345,574997.4,2021-03-31 23:59:59.999,218084100.3353
2021-04-01,383.146,395.028,370.067,382.953,342675.2,2021-04-01 23:59:59.999,131869047.0514
2021-04-02,383.036,424.483,378.093,421.565,395749.0,2021-04-02 23:59:59.999,158811623.5774
2021-04-03,421.629,427.253,376.7,379.916,407572.6,2021-04-03 23:59:59.999,164221661.3642
2021-04-04,379.665,412.354,370.0,403.704,283679.5,2021-04-04 23:59:59.999,112048066.2578
2021-04-05,403.686,409.5,383.696,399.006,283617.4,2021-04-05 23:59:59.999,113028341.4569
2021-04-06,399.256,415.95,379.381,384.046,535094.9,2021-04-06 23:59:59.999,213433754.2757
2021-04-07,384.076,388.487,340.0,349.609,559197.8,2021-04-07 23:59:59.999,201890921.7534
2021-04-08,349.406,371.56,347.313,371.178,328446.5,2021-04-08 23:59:59.999,118578392.5738
2021-04-09,371.151,375.0,357.0,359.59,224638.8,2021-04-09 23:59:59.999,82371458.1787
2021-04-10,359.584,376.919,356.7,367.812,288324.3,2021-04-10 23:59:59.999,106564103.5163
2021-04-11,367.875,374.476,361.0,372.519,214583.6,2021-04-11 23:59:59.999,79161242.9059
2021-04-12,372.665,418.799,365.0,398.331,778515.5,2021-04-12 23:59:59.999,304248427.0174
2021-04-13,398.346,422.27,386.043,399.946,674307.0,2021-04-13 23:59:59.999,271373771.3994
2021-04-14,400.078,432.165,385.234,428.919,868180.9,2021-04-14 23:59:59.999,352495126.8425
2021-04-15,429.087,493.331,423.755,466.361,1060768.8,2021-04-15 23:59:59.999,484521383.1147
2021-04-16,466.416,471.69,420.0,441.706,667271.6,2021-04-16 23:59:59.999,297051336.2585
2021-04-17,441.704,464.106,419.122,425.825,427034.4,2021-04-17 23:59:59.999,188216408.935
2021-04-18,425.824,429.982,227.699,382.106,1918019.7,2021-04-18 23:59:59.999,696583724.7817
2021-04-19,382.002,399.002,340.819,344.495,1165642.8,2021-04-19 23:59:59.999,432960318.4517
2021-04-20,344.538,372.348,310.96,360.51,717439.2,2021-04-20 23:59:59.999,246996327.9826
2021-04-21,360.548,385.113,341.424,351.373,426342.4,2021-04-21 23:59:59.999,155169034.7278
2021-04-22,351.16,414.919,343.086,360.042,757035.8,2021-04-22 23:59:59.999,288318588.4398
2021-04-23,359.952,372.516,303.0,344.026,814670.4,2021-04-23 23:59:59.999,271164487.0551
2021-04-24,344.075,344.574,313.851,317.323,385029.4,2021-04-24 23:59:59.999,126180948.3276
2021-04-25,317.342,354.093,313.1,348.845,426656.0,2021-04-25 23:59:59.999,142744306.9709
2021-04-26,348.864,409.502,345.851,405.812,637979.7,2021-04-26 23:59:59.999,248404892.9925
2021-04-27,405.949,450.688,394.149,441.081,629976.9,2021-04-27 23:59:59.999,268584220.9708
2021-04-28,441.111,487.868,422.7,461.005,814654.5,2021-04-28 23:59:59.999,374310697.9658
2021-04-29,460.855,463.5,423.515,439.447,454699.6,2021-04-29 23:59:59.999,202491983.9474
2021-04-30,439.579,457.52,429.257,445.169,398309.4,2021-04-30 23:59:59.999,175651350.5404
2021-05-01,444.98,513.676,436.422,505.889,638776.6,2021-05-01 23:59:59.999,306756445.7304
2021-05-02,505.888,510.0,474.001,483.153,445470.7,2021-05-02 23:59:59.999,217540003.7601
2021-05-03,483.007,536.739,481.843,519.246,582248.4,2021-05-03 23:59:59.999,299389339.6161
2021-05-04,519.193,521.104,440.0,448.418,859375.4,2021-05-04 23:59:59.999,411453360.6901
2021-05-05,448.328,486.39,440.006,481.675,448727.1,2021-05-05 23:59:59.999,208618175.591
2021-05-06,481.622,483.27,440.107,453.478,488506.6,2021-05-06 23:59:59.999,225820815.618
2021-05-07,453.466,468.361,431.932,445.998,387924.5,2021-05-07 23:59:59.999,174981066.2427
2021-05-08,445.899,476.987,440.881,466.888,356918.4,2021-05-08 23:59:59.999,163859246.5173
2021-05-09,466.904,469.666,440.958,459.835,302621.5,2021-05-09 23:59:59.999,138293480.5463
2021-05-10,459.86,484.225,400.0,433.354,501423.4,2021-05-10 23:59:59.999,228632288.72
2021-05-11,433.659,459.4,417.448,457.5,342948.6,2021-05-11 23:59:59.999,150352284.6186
2021-05-12,457.45,599.8,455.94,515.2,2376284.6,2021-05-12 23:59:59.999,1305490538.7312
2021-05-13,514.56,622.1,450.0,509.23,2157163.1,2021-05-13 23:59:59.999,1178295286.2022
2021-05-14,509.0,635.95,506.09,595.41,1067785.6,2021-05-14 23:59:59.999,614045606.9263
2021-05-15,595.56,611.49,506.77,517.53,787783.8,2021-05-15 23:59:59.999,438055722.7441
2021-05-16,517.35,563.62,479.0,528.24,721944.4,2021-05-16 23:59:59.999,374425622.8211
2021-05-17,528.11,594.69,470.34,573.03,1308749.4,2021-05-17 23:59:59.999,715144384.3185
2021-05-18,573.09,666.8,562.42,627.87,1457028.8,2021-05-18 23:59:59.999,919681754.1643
2021-05-19,627.99,649.41,253.56,411.69,4467262.6,2021-05-19 23:59:59.999,2208184556.4096
2021-05-20,411.61,509.27,350.05,467.13,5080061.8,2021-05-20 23:59:59.999,2258682373.807
2021-05-21,467.22,494.96,307.72,372.65,1121823.7,2021-05-21 23:59:59.999,447687431.931
2021-05-22,372.49,382.23,309.05,334.13,922886.9,2021-05-22 23:59:59.999,313452796.603
2021-05-23,334.19,350.5,207.15,292.82,1603327.2,2021-05-23 23:59:59.999,436716410.2049
2021-05-24,292.77,397.44,287.15,387.41,972045.5,2021-05-24 23:59:59.999,329419570.939
2021-05-25,387.4,404.97,320.78,370.56,833453.6,2021-05-25 23:59:59.999,297672448.532
2021-05-26,370.61,418.9,357.07,415.06,600471.2,2021-05-26 23:59:59.999,228713291.999
2021-05-27,415.07,415.59,364.54,371.88,545711.7,2021-05-27 23:59:59.999,209872172.618
2021-05-28,371.91,377.13,303.57,320.05,623804.4,2021-05-28 23:59:59.999,210002091.003
2021-05-29,320.16,335.75,280.25,297.77,477882.2,2021-05-29 23:59:59.999,146953104.052
2021-05-30,297.85,339.47,281.1,324.11,456347.8,2021-05-30 23:59:59.999,145129298.767
2021-05-31,324.18,385.43,303.97,381.95,613534.2,2021-05-31 23:59:59.999,212974094.685
2021-06-01,381.91,393.88,360.35,373.28,624092.1,2021-06-01 23:59:59.999,234262304.608
2021-06-02,373.27,401.99,361.31,384.07,437252.9,2021-06-02 23:59:59.999,167584459.836
2021-06-03,384.14,409.56,375.88,398.57,387609.9,2021-06-03 23:59:59.999,152927210.586
2021-06-04,398.58,399.06,346.14,373.01,468020.6,2021-06-04 23:59:59.999,172410376.095
2021-06-05,373.05,391.6,347.0,356.28,389413.5,2021-06-05 23:59:59.999,144558819.06
2021-06-06,356.22,368.32,354.32,365.79,285285.5,2021-06-06 23:59:59.999,103248833.475
2021-06-07,365.84,387.7,331.01,334.5,438207.3,2021-06-07 23:59:59.999,161532095.868
2021-06-08,334.48,339.48,296.16,329.41,629246.3,2021-06-08 23:59:59.999,202001882.654
2021-06-09,329.37,342.78,305.36,338.95,517191.5,2021-06-09 23:59:59.999,168972999.502
2021-06-10,338.95,340.07,303.24,310.25,402432.2,2021-06-10 23:59:59.999,129173461.903
2021-06-11,310.25,315.3,280.05,285.2,434349.8,2021-06-11 23:59:59.999,130292312.416
2021-06-12,285.19,289.15,265.22,278.29,482172.1,2021-06-12 23:59:59.999,133941532.516
2021-06-13,278.3,317.97,266.29,316.02,638145.1,2021-06-13 23:59:59.999,184559587.069
2021-06-14,316.0,337.0,308.34,318.27,630626.3,2021-06-14 23:59:59.999,200755458.276
2021-06-15,318.23,327.47,305.32,311.75,365763.1,2021-06-15 23:59:59.999,116072098.705
2021-06-16,311.78,314.05,287.0,290.55,308942.6,2021-06-16 23:59:59.999,92831631.31
2021-06-17,290.52,305.62,285.15,293.4,269303.5,2021-06-17 23:59:59.999,79531677.762
2021-06-18,293.42,293.87,252.56,264.91,460837.9,2021-06-18 23:59:59.999,124723077.18
2021-06-19,264.86,270.19,254.06,254.22,350592.8,2021-06-19 23:59:59.999,92211576.271
2021-06-20,254.3,277.17,242.0,272.77,558967.1,2021-06-20 23:59:59.999,145442252.122
2021-06-21,272.81,275.82,205.99,212.46,1046256.5,2021-06-21 23:59:59.999,243469167.451
2021-06-22,212.53,223.96,169.29,206.15,1526155.1,2021-06-22 23:59:59.999,301387844.6572
2021-06-23,206.11,229.33,196.98,207.42,823277.7,2021-06-23 23:59:59.999,176611576.472
2021-06-24,207.36,218.27,192.88,211.21,683352.7,2021-06-24 23:59:59.999,139653832.938
2021-06-25,211.2,214.89,184.75,186.51,896820.4,2021-06-25 23:59:59.999,175609717.952
2021-06-26,186.58,193.31,175.98,187.13,724551.3,2021-06-26 23:59:59.999,132849893.696
2021-06-27,187.25,203.12,182.62,202.81,739015.4,2021-06-27 23:59:59.999,142943973.842
2021-06-28,202.82,232.91,200.51,227.28,858972.6,2021-06-28 23:59:59.999,186556854.361
2021-06-29,227.34,253.43,225.96,238.01,979036.3,2021-06-29 23:59:59.999,237526280.585
2021-06-30,238.0,252.83,219.53,250.9,794768.0,2021-06-30 23:59:59.999,185393272.589
2021-07-01,250.92,252.27,227.06,230.13,821204.6,2021-07-01 23:59:59.999,196145165.342
2021-07-02,230.14,234.97,215.44,233.82,669676.1,2021-07-02 23:59:59.999,150551092.466
2021-07-03,233.91,267.43,227.54,259.4,994618.2,2021-07-03 23:59:59.999,252948974.26
2021-07-04,259.49,289.26,247.51,276.66,1000827.1,2021-07-04 23:59:59.999,270860494.373
2021-07-05,276.63,318.66,260.34,307.82,1644876.2,2021-07-05 23:59:59.999,467556428.22
2021-07-06,307.98,348.03,307.69,316.25,2110420.5,2021-07-06 23:59:59.999,692359214.083
2021-07-07,316.21,331.37,310.22,314.86,997543.2,2021-07-07 23:59:59.999,319915871.029
2021-07-08,314.83,315.71,275.36,291.16,1732500.2,2021-07-08 23:59:59.999,512295353.235
2021-07-09,291.05,314.37,275.86,302.74,1445047.4,2021-07-09 23:59:59.999,427607500.916
2021-07-10,302.84,311.59,287.49,294.66,822367.2,2021-07-10 23:59:59.999,244956558.347
2021-07-11,294.66,310.45,285.82,304.96,781888.2,2021-07-11 23:59:59.999,233951154.164
2021-07-12,304.98,322.0,290.53,296.24,1042194.7,2021-07-12 23:59:59.999,319394590.673
2021-07-13,296.23,297.36,267.31,271.21,1043595.1,2021-07-13 23:59:59.999,297671954.34
2021-07-14,271.2,285.62,251.56,279.24,1356118.0,2021-07-14 23:59:59.999,366198800.47
2021-07-15,279.24,288.42,264.89,272.34,984204.0,2021-07-15 23:59:59.999,270300071.415
2021-07-16,272.34,279.66,252.6,253.14,855519.5,2021-07-16 23:59:59.999,226747745.672
2021-07-17,253.11,258.69,245.87,253.13,823117.6,2021-07-17 23:59:59.999,207364655.744
2021-07-18,253.15,267.89,250.49,253.81,642494.8,2021-07-18 23:59:59.999,166658335.131
2021-07-19,253.79,255.75,232.84,238.26,720263.2,2021-07-19 23:59:59.999,174665561.928
2021-07-20,238.3,242.31,212.09,222.95,905100.1,2021-07-20 23:59:59.999,201197685.254
2021-07-21,222.95,264.24,216.44,259.54,1063103.6,2021-07-21 23:59:59.999,260028663.646
2021-07-22,259.56,280.0,256.57,278.47,855530.3,2021-07-22 23:59:59.999,229769372.051
2021-07-23,278.5,292.5,268.1,289.99,919983.6,2021-07-23 23:59:59.999,258614424.421
2021-07-24,289.97,299.18,280.4,287.76,646309.8,2021-07-24 23:59:59.999,187664638.231
2021-07-25,287.82,292.76,271.95,287.9,507968.0,2021-07-25 23:59:59.999,143578184.663
2021-07-26,287.9,335.59,285.58,302.59,1457817.5,2021-07-26 23:59:59.999,464852783.227
2021-07-27,302.53,312.64,283.56,299.75,923434.4,2021-07-27 23:59:59.999,275095672.991
2021-07-28,299.77,309.3,291.88,298.0,702491.8,2021-07-28 23:59:59.999,210659630.42
2021-07-29,298.07,315.92,292.48,312.05,560142.4,2021-07-29 23:59:59.999,170669373.773
2021-07-30,312.1,323.72,299.49,320.43,663181.7,2021-07-30 23:59:59.999,206912207.11
2021-07-31,320.44,333.4,312.49,331.37,483548.5,2021-07-31 23:59:59.999,154790857.387
2021-08-01,331.41,339.71,313.12,316.47,653515.1,2021-08-01 23:59:59.999,214824287.957
2021-08-02,316.54,328.99,308.85,320.38,612021.3,2021-08-02 23:59:59.999,196164473.891
2021-08-03,320.31,324.17,302.09,308.44,583100.5,2021-08-03 23:59:59.999,180573681.413
2021-08-04,308.56,343.28,300.06,339.28,687418.4,2021-08-04 23:59:59.999,221091842.016
2021-08-05,339.14,384.5,337.22,372.81,1793341.7,2021-08-05 23:59:59.999,647037898.107
2021-08-06,372.83,379.54,357.65,369.84,678803.0,2021-08-06 23:59:59.999,249616273.277
2021-08-07,369.84,399.11,365.0,385.05,737190.6,2021-08-07 23:59:59.999,281122934.923
2021-08-08,385.12,389.74,352.1,360.98,560069.1,2021-08-08 23:59:59.999,207985068.092
2021-08-09,360.95,385.41,347.23,374.41,577361.7,2021-08-09 23:59:59.999,213247028.457
2021-08-10,374.32,400.94,368.25,384.5,588249.2,2021-08-10 23:59:59.999,226211735.591
2021-08-11,384.52,420.96,383.05,403.08,748951.1,2021-08-11 23:59:59.999,305249965.652
2021-08-12,403.21,418.8,376.21,392.55,646428.8,2021-08-12 23:59:59.999,256352040.163
2021-08-13,392.52,428.5,388.06,427.71,684584.0,2021-08-13 23:59:59.999,284508340.22
2021-08-14,427.8,428.99,404.6,414.58,439160.7,2021-08-14 23:59:59.999,182736187.563
2021-08-15,414.58,416.89,391.34,410.61,460020.4,2021-08-15 23:59:59.999,185408453.909
2021-08-16,410.6,447.84,408.48,412.6,901759.9,2021-08-16 23:59:59.999,386468435.119
2021-08-17,412.45,448.99,379.17,381.45,948190.6,2021-08-17 23:59:59.999,396463152.461
2021-08-18,381.64,397.71,358.44,380.33,763715.8,2021-08-18 23:59:59.999,291888051.845
2021-08-19,380.28,405.69,370.49,405.62,557082.2,2021-08-19 23:59:59.999,214215879.875
2021-08-20,405.65,421.47,403.54,409.67,459179.6,2021-08-20 23:59:59.999,189024855.131
2021-08-21,409.77,416.4,392.74,400.28,509046.7,2021-08-21 23:59:59.999,207008134.211
2021-08-22,400.25,409.7,383.58,401.48,380438.2,2021-08-22 23:59:59.999,151700168.942
2021-08-23,401.59,416.19,399.55,408.84,520702.3,2021-08-23 23:59:59.999,213350297.631
2021-08-24,408.77,415.97,368.18,378.06,558469.4,2021-08-24 23:59:59.999,219312851.839
2021-08-25,378.06,386.6,363.56,384.34,439956.1,2021-08-25 23:59:59.999,165762760.462
2021-08-26,384.29,389.89,338.42,350.57,567971.3,2021-08-26 23:59:59.999,204937994.658
2021-08-27,350.65,375.61,343.78,373.18,434065.3,2021-08-27 23:59:59.999,157099605.782
2021-08-28,373.22,376.33,362.05,367.59,281408.9,2021-08-28 23:59:59.999,103461334.483
2021-08-29,367.61,378.33,355.5,364.28,361816.6,2021-08-29 23:59:59.999,131904757.078
2021-08-30,364.29,377.5,346.21,358.06,493520.2,2021-08-30 23:59:59.999,178652218.784
2021-08-31,358.07,397.79,350.52,392.13,773766.8,2021-08-31 23:59:59.999,291239703.325
2021-09-01,392.12,414.64,382.0,413.7,763396.9,2021-09-01 23:59:59.999,307408696.64
2021-09-02,413.61,415.68,399.54,400.25,416907.2,2021-09-02 23:59:59.999,169693923.668
2021-09-03,400.22,408.72,388.45,395.39,459883.5,2021-09-03 23:59:59.999,183288591.531
2021-09-04,395.41,407.55,391.22,398.57,385075.8,2021-09-04 23:59:59.999,153885969.427
2021-09-05,398.66,426.3,395.1,417.33,715606.7,2021-09-05 23:59:59.999,298098581.878
2021-09-06,417.27,426.5,392.95,409.14,632291.6,2021-09-06 23:59:59.999,261687748.472
2021-09-07,409.24,410.0,271.72,346.99,1336564.8,2021-09-07 23:59:59.999,472378703.601
2021-09-08,347.11,353.64,312.11,330.75,701454.2,2021-09-08 23:59:59.999,234649886.779
2021-09-09,330.74,350.94,324.52,330.93,634112.1,2021-09-09 23:59:59.999,214430627.582
2021-09-10,330.94,340.62,304.26,312.59,613866.4,2021-09-10 23:59:59.999,197019518.447
2021-09-11,312.61,340.75,310.69,329.02,494575.3,2021-09-11 23:59:59.999,160802688.487
2021-09-12,328.98,348.86,321.73,333.35,529370.2,2021-09-12 23:59:59.999,178107577.371
2021-09-13,333.47,337.53,302.98,331.23,598800.6,2021-09-13 23:59:59.999,190080059.222
2021-09-14,331.17,390.96,327.82,384.83,1152839.3,2021-09-14 23:59:59.999,419589443.47
2021-09-15,384.79,418.42,376.62,414.7,891826.2,2021-09-15 23:59:59.999,349175162.913
2021-09-16,414.68,414.91,370.2,384.14,741905.7,2021-09-16 23:59:59.999,292565833.544
2021-09-17,384.11,390.44,350.0,354.29,578039.7,2021-09-17 23:59:59.999,213176260.826
2021-09-18,354.28,369.35,346.87,355.56,380285.8,2021-09-18 23:59:59.999,136564564.979
2021-09-19,355.57,358.26,335.05,340.4,405680.7,2021-09-19 23:59:59.999,140840588.179
2021-09-20,340.36,341.24,287.55,292.1,808229.1,2021-09-20 23:59:59.999,249362410.615
2021-09-21,292.1,307.0,259.77,271.54,716152.3,2021-09-21 23:59:59.999,204698841.139
2021-09-22,271.54,303.45,265.85,301.86,585067.2,2021-09-22 23:59:59.999,168760630.657
2021-09-23,301.77,309.76,294.26,308.89,445949.7,2021-09-23 23:59:59.999,135084532.831
2021-09-24,308.92,311.62,261.69,280.76,731541.5,2021-09-24 23:59:59.999,206527600.992
2021-09-25,280.76,284.09,267.81,274.21,359644.5,2021-09-25 23:59:59.999,99511900.731
2021-09-26,274.2,300.55,251.84,293.36,789666.7,2021-09-26 23:59:59.999,222083973.712
2021-09-27,293.37,310.02,272.87,273.27,536328.9,2021-09-27 23:59:59.999,156983296.78
2021-09-28,273.28,277.73,259.48,260.81,497761.1,2021-09-28 23:59:59.999,134217786.418
2021-09-29,260.78,277.61,259.1,265.12,450440.2,2021-09-29 23:59:59.999,121196811.016
2021-09-30,265.12,281.46,263.63,276.37,412720.3,2021-09-30 23:59:59.999,113106803.43
2021-10-01,276.45,304.43,271.81,302.58,569776.3,2021-10-01 23:59:59.999,166093654.208
2021-10-02,302.73,323.91,296.88,313.9,531720.4,2021-10-02 23:59:59.999,165227119.202
2021-10-03,313.87,324.12,308.54,310.47,453879.7,2021-10-03 23:59:59.999,143251841.818
2021-10-04,310.6,311.75,290.52,301.23,599085.1,2021-10-04 23:59:59.999,181490758.612
2021-10-05,301.18,310.32,296.25,307.73,537335.3,2021-10-05 23:59:59.999,163217933.658
2021-10-06,307.79,318.45,284.3,311.79,688421.2,2021-10-06 23:59:59.999,209142190.563
2021-10-07,311.84,314.0,299.19,306.15,559384.2,2021-10-07 23:59:59.999,171922478.495
2021-10-08,306.13,325.39,303.26,307.79,576139.2,2021-10-08 23:59:59.999,181624456.538
2021-10-09,307.83,313.59,304.24,307.44,296179.0,2021-10-09 23:59:59.999,91605294.215
2021-10-10,307.52,308.35,286.91,287.95,367793.3,2021-10-10 23:59:59.999,110385643.548
2021-10-11,287.96,302.26,283.04,290.81,393070.2,2021-10-11 23:59:59.999,115139175.568
2021-10-12,290.84,290.84,270.94,284.22,461801.4,2021-10-12 23:59:59.999,129677336.585
2021-10-13,284.16,303.27,282.14,297.72,585801.6,2021-10-13 23:59:59.999,169964530.26
2021-10-14,297.72,311.68,293.6,303.79,560945.2,2021-10-14 23:59:59.999,169795579.899
2021-10-15,303.79,305.53,292.24,301.69,480899.7,2021-10-15 23:59:59.999,144666525.686
2021-10-16,301.64,316.99,299.62,305.16,418135.8,2021-10-16 23:59:59.999,129297997.188
2021-10-17,305.09,321.16,292.58,304.81,466695.5,2021-10-17 23:59:59.999,143883033.828
2021-10-18,304.83,308.72,290.19,294.34,375423.6,2021-10-18 23:59:59.999,112004119.043
2021-10-19,294.36,304.64,292.72,303.55,291566.0,2021-10-19 23:59:59.999,87276633.519
2021-10-20,303.54,318.01,296.64,317.07,399066.1,2021-10-20 23:59:59.999,122643018.247
2021-10-21,316.98,338.57,310.4,315.12,735467.0,2021-10-21 23:59:59.999,237975744.65
2021-10-22,315.09,327.44,306.16,310.57,415436.5,2021-10-22 23:59:59.999,131514906.944
2021-10-23,310.56,324.64,307.58,324.27,283324.9,2021-10-23 23:59:59.999,89681794.877
2021-10-24,324.27,325.78,300.22,307.82,334277.1,2021-10-24 23:59:59.999,104055262.301
2021-10-25,307.84,317.7,306.63,313.4,281159.5,2021-10-25 23:59:59.999,87683296.315
2021-10-26,313.41,346.07,312.67,329.71,791891.4,2021-10-26 23:59:59.999,264115826.854
2021-10-27,329.69,460.0,322.55,324.77,4325161.2,2021-10-27 23:59:59.999,1646613248.684
2021-10-28,324.81,350.0,317.1,339.31,1320452.0,2021-10-28 23:59:59.999,438499572.433
2021-10-29,339.27,348.15,325.21,328.46,624518.3,2021-10-29 23:59:59.999,209860960.086
2021-10-30,328.55,329.09,312.3,319.31,489517.9,2021-10-30 23:59:59.999,157037485.456
2021-10-31,319.42,323.44,300.0,314.49,423931.1,2021-10-31 23:59:59.999,132445642.509
2021-11-01,314.51,324.82,302.3,324.54,472683.9,2021-11-01 23:59:59.999,149817975.451
2021-11-02,324.64,328.72,318.04,325.22,312726.6,2021-11-02 23:59:59.999,101312166.578
2021-11-03,325.23,326.61,311.2,325.55,488173.5,2021-11-03 23:59:59.999,155637396.056
2021-11-04,325.55,336.32,313.27,333.05,521636.0,2021-11-04 23:59:59.999,169021967.553
2021-11-05,333.0,346.95,324.0,326.65,606841.3,2021-11-05 23:59:59.999,203990166.488
2021-11-06,326.65,327.79,307.15,318.56,434801.1,2021-11-06 23:59:59.999,137982785.334
2021-11-07,318.55,324.35,316.23,320.31,350037.8,2021-11-07 23:59:59.999,112106491.471
2021-11-08,320.32,335.97,318.91,332.64,493595.7,2021-11-08 23:59:59.999,160977367.571
2021-11-09,332.62,350.92,325.83,336.84,808676.5,2021-11-09 23:59:59.999,275485607.625
2021-11-10,336.85,346.62,289.9,312.55,852485.9,2021-11-10 23:59:59.999,277948919.067
2021-11-11,312.65,319.41,307.21,311.99,371540.7,2021-11-11 23:59:59.999,116622750.681
2021-11-12,311.98,314.27,296.23,308.88,425403.0,2021-11-12 23:59:59.999,130028675.545
2021-11-13,308.79,314.58,303.03,312.82,267386.4,2021-11-13 23:59:59.999,82625414.9
2021-11-14,312.84,317.79,309.84,315.48,255267.8,2021-11-14 23:59:59.999,80092824.748
2021-11-15,315.53,317.57,299.34,301.97,318519.0,2021-11-15 23:59:59.999,98684347.002
2021-11-16,301.98,302.03,260.23,278.21,724781.3,2021-11-16 23:59:59.999,204245299.349
2021-11-17,278.17,287.93,267.49,284.53,516905.6,2021-11-17 23:59:59.999,143393404.559
2021-11-18,284.42,288.26,255.1,262.53,575894.7,2021-11-18 23:59:59.999,155856361.901
2021-11-19,262.54,280.71,257.62,279.22,419315.4,2021-11-19 23:59:59.999,113126183.541
2021-11-20,279.32,281.02,267.29,274.39,277925.3,2021-11-20 23:59:59.999,76457661.553
2021-11-21,274.37,274.7,264.21,266.69,288424.6,2021-11-21 23:59:59.999,77523293.472
2021-11-22,266.72,269.06,256.38,263.85,484069.4,2021-11-22 23:59:59.999,127088849.671
2021-11-23,263.84,277.73,261.48,269.95,598510.4,2021-11-23 23:59:59.999,161786655.382
2021-11-24,269.98,272.45,251.09,254.51,461058.5,2021-11-24 23:59:59.999,119537112.605
2021-11-25,254.5,264.37,252.37,263.51,439176.9,2021-11-25 23:59:59.999,113752202.659
2021-11-26,263.52,264.18,223.54,232.88,767298.4,2021-11-26 23:59:59.999,183629062.256
2021-11-27,232.83,243.25,230.0,232.9,308439.2,2021-11-27 23:59:59.999,73242389.382
2021-11-28,232.93,239.09,218.13,238.74,429355.9,2021-11-28 23:59:59.999,98070027.236
2021-11-29,238.73,251.55,233.1,249.8,365405.2,2021-11-29 23:59:59.999,88053229.691
2021-11-30,249.8,264.27,244.66,256.9,703179.4,2021-11-30 23:59:59.999,179705403.739
2021-12-01,256.94,269.18,249.35,250.88,504110.8,2021-12-01 23:59:59.999,132018080.015
2021-12-02,250.88,251.16,240.71,244.8,365509.5,2021-12-02 23:59:59.999,89562655.543
2021-12-03,244.74,246.47,217.0,225.57,444307.6,2021-12-03 23:59:59.999,104304473.77
2021-12-04,225.51,226.28,157.03,202.62,1282493.7,2021-12-04 23:59:59.999,245972875.257
2021-12-05,202.54,206.06,186.55,191.57,563831.8,2021-12-05 23:59:59.999,110262435.631
2021-12-06,191.62,191.83,168.07,184.46,899043.3,2021-12-06 23:59:59.999,160140508.262
2021-12-07,184.38,197.09,180.5,186.87,727969.6,2021-12-07 23:59:59.999,137213317.456
2021-12-08,186.83,203.46,179.12,203.45,788438.1,2021-12-08 23:59:59.999,148768548.019
2021-12-09,203.45,203.7,176.38,176.51,727391.8,2021-12-09 23:59:59.999,137512429.881
2021-12-10,176.57,181.41,166.19,166.7,734128.5,2021-12-10 23:59:59.999,128367595.858
2021-12-11,166.7,181.02,162.52,181.01,497816.5,2021-12-11 23:59:59.999,86312758.333
2021-12-12,181.01,182.43,175.42,179.59,338560.5,2021-12-12 23:59:59.999,60827860.322
2021-12-13,179.61,180.75,157.4,162.16,628640.6,2021-12-13 23:59:59.999,105486513.117
2021-12-14,162.14,170.11,158.27,169.22,500210.1,2021-12-14 23:59:59.999,82115702.597
2021-12-15,169.18,175.73,158.77,172.78,637023.2,2021-12-15 23:59:59.999,106946952.605
2021-12-16,172.78,181.0,172.15,174.17,450912.4,2021-12-16 23:59:59.999,79615872.932
2021-12-17,174.16,188.89,161.8,187.12,589275.0,2021-12-17 23:59:59.999,101556350.537
2021-12-18,187.12,202.15,182.58,193.04,1876794.6,2021-12-18 23:59:59.999,363920817.182
2021-12-19,193.06,193.25,182.27,183.22,539414.5,2021-12-19 23:59:59.999,101006951.154
2021-12-20,183.2,186.41,167.24,180.92,567838.2,2021-12-20 23:59:59.999,99869307.715
2021-12-21,180.86,186.64,178.76,185.91,474036.0,2021-12-21 23:59:59.999,86566727.86
2021-12-22,185.91,216.24,185.64,206.6,1170735.3,2021-12-22 23:59:59.999,240399192.284
2021-12-23,206.6,248.54,203.73,247.24,1997521.5,2021-12-23 23:59:59.999,463470231.015
2021-12-24,247.22,279.76,243.09,270.27,1484352.1,2021-12-24 23:59:59.999,388928163.999
2021-12-25,270.36,281.05,257.6,263.75,885850.4,2021-12-25 23:59:59.999,237168496.559
2021-12-26,263.76,277.65,250.04,268.1,768550.3,2021-12-26 23:59:59.999,202056824.768
2021-12-27,268.1,293.5,265.63,277.44,1074827.0,2021-12-27 23:59:59.999,305216551.529
2021-12-28,277.44,296.86,252.11,252.56,1766391.0,2021-12-28 23:59:59.999,491052158.603
2021-12-29,252.56,259.4,234.58,236.46,1009232.1,2021-12-29 23:59:59.999,250266823.22
2021-12-30,236.46,265.68,230.83,262.69,886623.5,2021-12-30 23:59:59.999,221759667.467
2021-12-31,262.79,274.96,249.05,253.88,1102528.3,2021-12-31 23:59:59.999,290675581.572
2022-01-01,253.95,266.77,250.72,266.26,497379.9,2022-01-01 23:59:59.999,128290811.18
2022-01-02,266.35,269.14,252.99,265.28,519284.6,2022-01-02 23:59:59.999,134871289.018
2022-01-03,265.29,286.28,262.58,267.31,1389298.0,2022-01-03 23:59:59.999,381164111.561
2022-01-04,267.31,269.49,249.7,251.94,782066.1,2022-01-04 23:59:59.999,203400081.36
2022-01-05,251.93,259.49,214.39,230.32,914996.7,2022-01-05 23:59:59.999,224827632.634
2022-01-06,230.26,232.89,215.61,220.88,829826.1,2022-01-06 23:59:59.999,185685603.124
2022-01-07,220.86,222.11,199.39,211.71,1013338.6,2022-01-07 23:59:59.999,212960875.487
2022-01-08,211.75,230.88,200.5,212.14,1280553.8,2022-01-08 23:59:59.999,278337663.071
2022-01-09,212.15,219.08,207.46,209.45,606772.4,2022-01-09 23:59:59.999,129737092.484
2022-01-10,209.49,213.62,187.21,199.71,892450.1,2022-01-10 23:59:59.999,178410487.814
2022-01-11,199.7,216.8,196.63,213.21,627178.7,2022-01-11 23:59:59.999,130058905.64
2022-01-12,213.21,222.46,210.47,218.56,542294.9,2022-01-12 23:59:59.999,117967508.583
2022-01-13,218.56,222.0,207.03,209.23,672753.6,2022-01-13 23:59:59.999,144301339.872
2022-01-14,209.21,226.99,204.2,223.79,647555.0,2022-01-14 23:59:59.999,139145455.725
2022-01-15,223.82,243.46,222.24,238.51,1056055.7,2022-01-15 23:59:59.999,247917735.124
2022-01-16,238.35,245.63,230.31,242.4,700909.8,2022-01-16 23:59:59.999,166376335.556
2022-01-17,242.52,244.31,220.68,226.56,810593.2,2022-01-17 23:59:59.999,186472240.483
2022-01-18,226.59,240.55,222.6,232.3,1411183.7,2022-01-18 23:59:59.999,326335402.08
2022-01-19,232.37,236.88,209.64,210.06,953003.4,2022-01-19 23:59:59.999,209072687.116
2022-01-20,210.06,221.16,196.91,198.27,739839.9,2022-01-20 23:59:59.999,157111970.878
2022-01-21,198.26,200.63,162.99,170.81,1312218.4,2022-01-21 23:59:59.999,241461562.083
2022-01-22,170.8,175.3,134.9,146.89,1387360.0,2022-01-22 23:59:59.999,209924988.713
2022-01-23,146.96,163.0,145.28,158.28,868689.2,2022-01-23 23:59:59.999,133183268.912
2022-01-24,158.28,158.33,130.95,152.3,1143906.4,2022-01-24 23:59:59.999,163701348.239
2022-01-25,152.24,156.18,145.75,151.82,826963.8,2022-01-25 23:59:59.999,124554721.114
2022-01-26,151.81,164.01,142.57,146.4,935256.4,2022-01-26 23:59:59.999,144035344.157
2022-01-27,146.41,151.4,137.35,144.4,707635.5,2022-01-27 23:59:59.999,101948647.673
2022-01-28,144.39,150.66,139.2,148.86,653875.0,2022-01-28 23:59:59.999,94569009.793
2022-01-29,148.83,156.94,147.62,153.84,428415.9,2022-01-29 23:59:59.999,65414405.603
2022-01-30,153.9,155.45,145.74,148.76,360726.6,2022-01-30 23:59:59.999,54686282.575
2022-01-31,148.73,158.59,141.5,157.49,525705.0,2022-01-31 23:59:59.999,79332450.755
2022-02-01,157.49,168.24,157.23,163.73,777471.5,2022-02-01 23:59:59.999,127206451.035
2022-02-02,163.71,164.44,149.1,151.16,570671.4,2022-02-02 23:59:59.999,89972142.204
2022-02-03,151.18,153.68,145.19,152.96,486614.6,2022-02-03 23:59:59.999,72658665.758
2022-02-04,152.94,167.09,151.17,166.71,591308.9,2022-02-04 23:59:59.999,93969962.709
2022-02-05,166.71,173.42,164.1,166.09,446709.7,2022-02-05 23:59:59.999,75419922.747
2022-02-06,166.05,174.24,165.13,173.5,382845.9,2022-02-06 23:59:59.999,64859011.538
2022-02-07,173.47,184.4,169.68,181.98,482225.8,2022-02-07 23:59:59.999,86293330.883
2022-02-08,182.03,192.59,173.39,183.85,748686.5,2022-02-08 23:59:59.999,136059772.823
2022-02-09,183.85,190.56,176.05,187.91,453527.2,2022-02-09 23:59:59.999,83476094.433
2022-02-10,187.86,188.77,174.33,175.25,646245.5,2022-02-10 23:59:59.999,117495108.362
2022-02-11,175.21,181.04,159.95,163.44,474508.6,2022-02-11 23:59:59.999,82243039.064
2022-02-12,163.45,168.46,159.4,162.3,305558.0,2022-02-12 23:59:59.999,50124167.746
2022-02-13,162.3,165.31,155.57,158.03,262226.6,2022-02-13 23:59:59.999,42229513.099
2022-02-14,158.02,161.37,152.66,160.83,386820.2,2022-02-14 23:59:59.999,60613061.206
2022-02-15,160.83,172.88,160.35,172.21,399308.2,2022-02-15 23:59:59.999,66115007.998
2022-02-16,172.21,174.35,162.71,170.32,408715.6,2022-02-16 23:59:59.999,69111958.551
2022-02-17,170.28,173.84,150.23,152.81,481596.7,2022-02-17 23:59:59.999,77927381.092
2022-02-18,152.85,155.32,143.65,145.32,540434.4,2022-02-18 23:59:59.999,80882748.446
2022-02-19,145.32,148.8,140.68,146.05,315991.2,2022-02-19 23:59:59.999,45972296.173
2022-02-20,146.02,146.36,135.1,137.43,382798.7,2022-02-20 23:59:59.999,53150445.608
2022-02-21,137.4,144.63,127.54,128.55,719513.4,2022-02-21 23:59:59.999,98864714.413
2022-02-22,128.53,136.98,125.6,134.62,644154.8,2022-02-22 23:59:59.999,84681482.342
2022-02-23,134.62,142.93,130.0,130.58,581196.6,2022-02-23 23:59:59.999,79778128.316
2022-02-24,130.57,131.72,112.27,125.23,1199433.2,2022-02-24 23:59:59.999,144450665.305
2022-02-25,125.28,143.15,121.66,139.47,1074751.5,2022-02-25 23:59:59.999,143038271.683
2022-02-26,139.46,144.67,134.69,136.53,620735.7,2022-02-26 23:59:59.999,86294310.483
2022-02-27,136.52,144.69,129.25,131.63,1043283.9,2022-02-27 23:59:59.999,142515293.386
2022-02-28,131.64,147.16,127.86,145.69,869370.3,2022-02-28 23:59:59.999,118471952.909
2022-03-01,145.7,150.77,139.36,143.19,832771.6,2022-03-01 23:59:59.999,120151838.305
2022-03-02,143.19,146.27,135.91,137.54,744039.2,2022-03-02 23:59:59.999,104611492.995
2022-03-03,137.54,137.76,126.15,129.77,736872.5,2022-03-03 23:59:59.999,97055883.921
2022-03-04,129.78,131.92,121.78,124.1,702659.0,2022-03-04 23:59:59.999,89617280.663
2022-03-05,124.09,126.42,121.82,124.53,402772.3,2022-03-05 23:59:59.999,50052277.086
2022-03-06,124.49,125.65,116.11,116.6,529447.7,2022-03-06 23:59:59.999,63650279.939
2022-03-07,116.61,123.99,113.15,116.69,835133.4,2022-03-07 23:59:59.999,98281811.458
2022-03-08,116.66,125.35,115.62,121.61,849547.3,2022-03-08 23:59:59.999,102945523.674
2022-03-09,121.62,130.44,121.19,127.41,498442.7,2022-03-09 23:59:59.999,63452823.796
2022-03-10,127.4,128.33,115.75,119.15,578776.6,2022-03-10 23:59:59.999,69827806.388
2022-03-11,119.15,121.12,114.53,116.5,485593.5,2022-03-11 23:59:59.999,57032740.114
2022-03-12,116.52,121.55,116.25,120.29,497611.0,2022-03-12 23:59:59.999,59630020.998
2022-03-13,120.34,120.81,114.87,115.6,480559.1,2022-03-13 23:59:59.999,56970535.84
2022-03-14,115.53,121.3,113.26,118.29,679204.5,2022-03-14 23:59:59.999,79807210.692
2022-03-15,118.26,122.98,113.8,121.95,539785.8,2022-03-15 23:59:59.999,63754009.11
2022-03-16,121.95,142.0,120.95,141.5,1705801.2,2022-03-16 23:59:59.999,224991935.337
2022-03-17,141.54,156.8,136.7,155.5,2264835.8,2022-03-17 23:59:59.999,330153042.35
2022-03-18,155.5,164.29,147.19,160.19,2243358.1,2022-03-18 23:59:59.999,347878427.764
2022-03-19,160.18,165.6,154.89,157.09,971906.8,2022-03-19 23:59:59.999,156088436.239
2022-03-20,157.1,159.3,146.14,152.64,1087787.3,2022-03-20 23:59:59.999,167028657.755
2022-03-21,152.65,162.77,146.66,153.75,1203727.8,2022-03-21 23:59:59.999,186550868.828
2022-03-22,153.77,161.84,151.49,152.76,719078.8,2022-03-22 23:59:59.999,112761962.098
2022-03-23,152.77,157.16,149.17,155.9,769150.9,2022-03-23 23:59:59.999,117756540.788
2022-03-24,155.9,172.5,153.21,167.9,1712285.6,2022-03-24 23:59:59.999,280147525.033
2022-03-25,167.92,174.27,160.0,162.46,1440532.2,2022-03-25 23:59:59.999,241570328.484
2022-03-26,162.45,166.88,160.75,163.26,602981.0,2022-03-26 23:59:59.999,98770486.207
2022-03-27,163.24,169.32,158.16,169.06,657139.1,2022-03-27 23:59:59.999,107506448.116
2022-03-28,169.05,178.9,165.77,167.49,938981.4,2022-03-28 23:59:59.999,161870728.667
2022-03-29,167.53,224.2,166.83,222.73,4884446.7,2022-03-29 23:59:59.999,996051887.646
2022-03-30,222.72,242.52,210.35,223.5,4072076.6,2022-03-30 23:59:59.999,926994520.559
2022-03-31,223.48,228.0,203.73,207.13,1606913.9,2022-03-31 23:59:59.999,348779240.1
2022-04-01,207.17,261.43,206.27,244.68,3850320.7,2022-04-01 23:59:59.999,915976162.084
2022-04-02,244.65,257.5,235.31,238.15,1704396.1,2022-04-02 23:59:59.999,416376504.863
2022-04-03,238.13,253.0,231.24,242.93,1287672.6,2022-04-03 23:59:59.999,313259451.268
2022-04-04,242.89,243.03,224.52,237.87,983929.8,2022-04-04 23:59:59.999,231909582.633
2022-04-05,237.89,238.4,219.64,221.04,701989.9,2022-04-05 23:59:59.999,160894107.298
2022-04-06,221.04,221.13,190.29,191.11,1481142.8,2022-04-06 23:59:59.999,301730739.576
2022-04-07,191.07,207.3,189.54,201.97,1426922.2,2022-04-07 23:59:59.999,285799317.532
2022-04-08,201.98,201.98,181.04,183.24,1097423.1,2022-04-08 23:59:59.999,211923738.857
2022-04-09,183.32,185.55,176.65,184.7,704602.2,2022-04-09 23:59:59.999,127858009.38
2022-04-10,184.71,188.78,175.14,176.2,722026.1,2022-04-10 23:59:59.999,131146858.084
2022-04-11,176.2,178.19,155.42,157.74,1142370.7,2022-04-11 23:59:59.999,189562527.186
2022-04-12,157.74,171.16,156.84,164.47,1076071.7,2022-04-12 23:59:59.999,177950201.77
2022-04-13,164.53,179.72,162.42,178.14,1154995.1,2022-04-13 23:59:59.999,197726744.31
2022-04-14,178.14,180.3,166.31,171.9,943333.6,2022-04-14 23:59:59.999,163881105.821
2022-04-15,171.9,176.8,168.61,175.86,667071.2,2022-04-15 23:59:59.999,115591168.989
2022-04-16,175.87,176.26,169.58,172.15,442900.1,2022-04-16 23:59:59.999,76654312.499
2022-04-17,172.16,177.61,165.79,166.62,634535.0,2022-04-17 23:59:59.999,109862794.373
2022-04-18,166.61,169.93,157.22,168.97,939929.1,2022-04-18 23:59:59.999,153801929.404
2022-04-19,168.99,184.1,166.18,182.85,953857.5,2022-04-19 23:59:59.999,167348642.518
2022-04-20,182.86,198.71,178.5,186.26,1489996.8,2022-04-20 23:59:59.999,280776005.316
2022-04-21,186.25,196.39,169.23,173.58,1217123.7,2022-04-21 23:59:59.999,226248491.42
2022-04-22,173.57,180.61,171.08,176.79,926344.8,2022-04-22 23:59:59.999,163310694.964
2022-04-23,176.8,179.2,172.09,173.41,476028.6,2022-04-23 23:59:59.999,83776695.646
2022-04-24,173.4,174.81,165.33,166.26,497400.9,2022-04-24 23:59:59.999,84631409.95
2022-04-25,166.25,170.58,153.43,168.8,1345447.2,2022-04-25 23:59:59.999,216843382.804
2022-04-26,168.81,178.8,154.2,157.84,2291142.1,2022-04-26 23:59:59.999,385072623.223
2022-04-27,157.83,175.5,156.01,168.43,2662738.8,2022-04-27 23:59:59.999,449783769.445
2022-04-28,168.45,175.99,163.84,166.02,1447633.6,2022-04-28 23:59:59.999,246576607.135
2022-04-29,166.03,168.26,151.12,157.19,1101149.8,2022-04-29 23:59:59.999,175684395.904
2022-04-30,157.2,162.72,137.66,142.16,1172939.5,2022-04-30 23:59:59.999,179924302.47
2022-05-01,142.14,148.69,138.71,146.4,842017.5,2022-05-01 23:59:59.999,120901409.985
2022-05-02,146.39,148.87,138.81,144.16,874702.5,2022-05-02 23:59:59.999,125962967.718
2022-05-03,144.16,146.59,138.86,141.1,731711.9,2022-05-03 23:59:59.999,104815651.849
2022-05-04,141.1,159.99,140.59,159.44,1058543.5,2022-05-04 23:59:59.999,157419902.191
2022-05-05,159.48,162.17,136.05,141.3,1437407.5,2022-05-05 23:59:59.999,212305347.638
2022-05-06,141.29,142.74,132.62,138.32,1052753.4,2022-05-06 23:59:59.999,145189967.176
2022-05-07,138.33,138.81,128.37,132.04,688693.5,2022-05-07 23:59:59.999,93170039.529
2022-05-08,132.05,133.31,125.05,125.82,828310.1,2022-05-08 23:59:59.999,107182071.52
2022-05-09,125.84,128.79,98.36,99.1,2062601.2,2022-05-09 23:59:59.999,229756896.377
2022-05-10,99.17,118.31,96.35,105.19,2824294.0,2022-05-10 23:59:59.999,306283400.272
2022-05-11,105.2,108.58,76.21,82.39,3788215.2,2022-05-11 23:59:59.999,352808997.792
2022-05-12,82.43,88.86,64.47,77.1,3714509.8,2022-05-12 23:59:59.999,281320100.403
2022-05-13,77.13,92.83,75.63,82.47,1774295.3,2022-05-13 23:59:59.999,152528155.354
2022-05-14,82.46,87.45,77.53,86.58,796997.1,2022-05-14 23:59:59.999,65471784.249
2022-05-15,86.61,92.46,82.06,92.03,852028.6,2022-05-15 23:59:59.999,74295971.122
2022-05-16,92.01,92.11,80.72,83.85,1128366.7,2022-05-16 23:59:59.999,95470252.025
2022-05-17,83.86,94.0,83.62,92.58,1122910.0,2022-05-17 23:59:59.999,100602294.112
2022-05-18,92.6,97.34,81.22,81.77,1708289.9,2022-05-18 23:59:59.999,150659858.385
2022-05-19,81.78,91.99,79.11,91.76,1352950.7,2022-05-19 23:59:59.999,115643896.341
2022-05-20,91.76,98.4,84.41,90.11,2068437.1,2022-05-20 23:59:59.999,189414015.501
2022-05-21,90.11,93.13,88.32,91.22,956138.0,2022-05-21 23:59:59.999,87070961.897
2022-05-22,91.22,96.89,90.42,94.06,950162.7,2022-05-22 23:59:59.999,88461503.053
2022-05-23,94.05,109.8,91.87,99.23,2619663.4,2022-05-23 23:59:59.999,267176737.934
2022-05-24,99.28,108.25,93.0,106.48,1997662.4,2022-05-24 23:59:59.999,199124817.635
2022-05-25,106.46,107.96,98.1,101.98,1639707.9,2022-05-25 23:59:59.999,167764648.866
2022-05-26,101.98,106.25,92.14,100.94,2732694.4,2022-05-26 23:59:59.999,275308286.482
2022-05-27,100.9,101.92,89.33,92.38,2651952.9,2022-05-27 23:59:59.999,249725169.394
2022-05-28,92.39,96.97,90.36,95.41,1185090.2,2022-05-28 23:59:59.999,110982273.579
2022-05-29,95.4,97.14,91.59,95.39,1076361.9,2022-05-29 23:59:59.999,101788718.379
2022-05-30,95.38,123.13,94.3,117.31,2611260.6,2022-05-30 23:59:59.999,285500355.528
2022-05-31,117.29,124.03,112.05,112.9,2475035.8,2022-05-31 23:59:59.999,290255036.554
2022-06-01,112.9,120.98,100.67,106.3,2513139.4,2022-06-01 23:59:59.999,282401184.028
2022-06-02,106.33,111.96,102.99,110.83,1391410.6,2022-06-02 23:59:59.999,147989033.796
2022-06-03,110.84,113.32,103.57,106.96,1315086.1,2022-06-03 23:59:59.999,141120822.903
2022-06-04,106.94,107.88,102.49,106.87,784194.5,2022-06-04 23:59:59.999,82489760.508
2022-06-05,106.82,107.43,103.12,103.58,713326.0,2022-06-05 23:59:59.999,75166536.403
2022-06-06,103.57,111.94,103.37,105.85,1354557.4,2022-06-06 23:59:59.999,146086712.047
2022-06-07,105.86,106.25,95.74,99.18,1719351.9,2022-06-07 23:59:59.999,171454990.444
2022-06-08,99.16,101.78,95.33,96.36,1031478.5,2022-06-08 23:59:59.999,101026594.634
2022-06-09,96.38,99.67,94.3,95.8,732568.6,2022-06-09 23:59:59.999,70902174.456
2022-06-10,95.81,96.91,85.35,88.02,1284741.0,2022-06-10 23:59:59.999,116815134.249
2022-06-11,88.01,89.12,75.44,77.18,1596837.6,2022-06-11 23:59:59.999,129165389.22
2022-06-12,77.18,77.69,69.14,70.25,2568935.8,2022-06-12 23:59:59.999,188358040.661
2022-06-13,70.25,71.05,55.12,59.84,5532224.8,2022-06-13 23:59:59.999,336269365.455
2022-06-14,59.85,64.25,53.3,62.15,3829075.5,2022-06-14 23:59:59.999,228689023.202
2022-06-15,62.15,67.03,52.65,66.61,3975374.4,2022-06-15 23:59:59.999,232212665.049
2022-06-16,66.61,69.0,55.1,56.64,2475929.8,2022-06-16 23:59:59.999,148838493.642
2022-06-17,56.63,59.78,55.53,57.39,1619592.2,2022-06-17 23:59:59.999,93730511.599
2022-06-18,57.39,58.6,45.58,49.59,3130716.4,2022-06-18 23:59:59.999,159104545.329
2022-06-19,49.59,55.47,45.93,54.06,3237676.7,2022-06-19 23:59:59.999,161225296.107
2022-06-20,54.05,63.22,50.34,61.54,3874259.6,2022-06-20 23:59:59.999,225360955.977
2022-06-21,61.55,77.67,59.84,66.34,3984272.0,2022-06-21 23:59:59.999,273920460.119
2022-06-22,66.34,67.82,61.25,61.82,2514708.7,2022-06-22 23:59:59.999,160801857.809
2022-06-23,61.88,69.85,61.67,68.0,2256088.9,2022-06-23 23:59:59.999,148858780.647
2022-06-24,67.97,72.95,65.34,71.06,2027258.2,2022-06-24 23:59:59.999,138162878.512
2022-06-25,71.09,75.7,66.45,69.91,1690342.2,2022-06-25 23:59:59.999,119893814.308
2022-06-26,69.92,73.18,65.01,65.36,1178154.5,2022-06-26 23:59:59.999,82299365.874
2022-06-27,65.35,68.19,62.62,65.52,1091541.2,2022-06-27 23:59:59.999,71451750.803
2022-06-28,65.51,69.4,59.41,60.05,1768800.0,2022-06-28 23:59:59.999,114820496.401
2022-06-29,60.05,62.28,57.79,59.88,1598723.0,2022-06-29 23:59:59.999,96255730.584
2022-06-30,59.88,60.25,52.96,57.01,1761046.5,2022-06-30 23:59:59.999,97600579.214
2022-07-01,57.01,59.22,54.77,56.31,1652064.1,2022-07-01 23:59:59.999,94007044.627
2022-07-02,56.32,58.46,54.69,57.89,1264138.4,2022-07-02 23:59:59.999,71617864.791
2022-07-03,57.88,58.55,54.69,57.59,1220678.0,2022-07-03 23:59:59.999,69026637.805
2022-07-04,57.6,63.34,56.05,63.05,1484180.2,2022-07-04 23:59:59.999,87816944.745
2022-07-05,63.04,64.31,57.9,60.58,1212576.6,2022-07-05 23:59:59.999,74003527.025
2022-07-06,60.58,63.94,59.59,62.94,1135262.5,2022-07-06 23:59:59.999,69898620.572
2022-07-07,62.92,72.4,62.05,71.13,2534483.1,2022-07-07 23:59:59.999,174010893.149
2022-07-08,71.1,75.93,67.79,71.62,3220694.4,2022-07-08 23:59:59.999,230360970.235
2022-07-09,71.61,83.18,71.06,81.8,2453768.4,2022-07-09 23:59:59.999,187772255.65
2022-07-10,81.8,82.17,74.72,77.78,4555488.2,2022-07-10 23:59:59.999,358435145.152
2022-07-11,77.79,78.24,69.4,69.86,2850724.0,2022-07-11 23:59:59.999,214852863.899
2022-07-12,69.86,71.9,65.63,68.32,2590971.7,2022-07-12 23:59:59.999,178045708.4
2022-07-13,68.32,80.66,67.26,79.67,5365287.5,2022-07-13 23:59:59.999,393050394.737
2022-07-14,79.67,92.8,77.36,91.13,4970076.2,2022-07-14 23:59:59.999,414929695.973
2022-07-15,91.13,95.64,86.78,90.38,4046267.8,2022-07-15 23:59:59.999,369717120.873
2022-07-16,90.37,95.92,87.3,92.73,2606662.2,2022-07-16 23:59:59.999,237289617.64
2022-07-17,92.74,93.63,86.18,88.24,1973105.4,2022-07-17 23:59:59.999,176950414.766
2022-07-18,88.26,99.46,87.65,96.1,2445027.8,2022-07-18 23:59:59.999,231149424.487
2022-07-19,96.09,102.46,92.1,95.58,2505261.4,2022-07-19 23:59:59.999,244460147.158
2022-07-20,95.55,100.99,89.25,90.75,2000448.9,2022-07-20 23:59:59.999,191194755.911
2022-07-21,90.77,97.6,87.83,95.31,1643524.3,2022-07-21 23:59:59.999,151889214.444
2022-07-22,95.31,96.46,88.26,89.47,1354372.0,2022-07-22 23:59:59.999,125787970.258
2022-07-23,89.47,93.06,85.25,89.31,1113434.9,2022-07-23 23:59:59.999,98870719.601
2022-07-24,89.3,93.55,88.08,90.53,998728.5,2022-07-24 23:59:59.999,90815083.49
2022-07-25,90.53,91.36,81.09,81.27,1367487.8,2022-07-25 23:59:59.999,116559041.834
2022-07-26,81.27,82.78,76.38,81.05,1273308.3,2022-07-26 23:59:59.999,101419931.035
2022-07-27,81.04,95.69,78.93,94.65,1828297.5,2022-07-27 23:59:59.999,159346634.71
2022-07-28,94.67,103.55,89.56,100.43,2235613.5,2022-07-28 23:59:59.999,214729271.695
2022-07-29,100.45,102.31,93.69,95.42,1347676.1,2022-07-29 23:59:59.999,131871958.504
2022-07-30,95.49,100.79,93.51,95.19,987276.6,2022-07-30 23:59:59.999,95378853.527
2022-07-31,95.21,109.4,93.6,97.44,2307208.3,2022-07-31 23:59:59.999,237590139.492
2022-08-01,97.44,100.38,94.01,96.48,1080081.6,2022-08-01 23:59:59.999,104944870.619
2022-08-02,96.48,99.47,88.24,93.34,1504091.0,2022-08-02 23:59:59.999,139974532.197
2022-08-03,93.36,101.09,91.45,94.84,1204026.1,2022-08-03 23:59:59.999,116594322.881
2022-08-04,94.84,99.6,93.2,96.27,1064760.0,2022-08-04 23:59:59.999,102300966.916
2022-08-05,96.27,103.72,96.24,102.78,1138131.5,2022-08-05 23:59:59.999,114906674.777
2022-08-06,102.76,103.41,98.66,99.0,531744.4,2022-08-06 23:59:59.999,53635016.308
2022-08-07,99.01,104.63,96.87,101.22,629901.6,2022-08-07 23:59:59.999,63762838.993
2022-08-08,101.22,106.87,100.95,102.41,766994.6,2022-08-08 23:59:59.999,79688203.079
2022-08-09,102.39,103.42,95.2,97.78,756238.3,2022-08-09 23:59:59.999,75157117.7
2022-08-10,97.78,113.04,95.25,111.04,1982260.8,2022-08-10 23:59:59.999,212331659.158
2022-08-11,111.03,113.97,106.22,107.51,1386266.0,2022-08-11 23:59:59.999,152471403.632
2022-08-12,107.52,115.94,105.36,114.59,1128296.2,2022-08-12 23:59:59.999,124511800.757
2022-08-13,114.58,115.71,109.4,110.52,889173.9,2022-08-13 23:59:59.999,99908895.577
2022-08-14,110.52,113.18,105.76,107.37,735124.8,2022-08-14 23:59:59.999,80461958.915
2022-08-15,107.38,112.41,103.71,107.03,1281115.9,2022-08-15 23:59:59.999,138255709.705
2022-08-16,107.01,110.42,105.43,109.77,1098309.2,2022-08-16 23:59:59.999,118585832.302
2022-08-17,109.78,112.31,99.17,100.17,1253051.3,2022-08-17 23:59:59.999,132900230.261
2022-08-18,100.18,101.62,93.84,94.79,981945.1,2022-08-18 23:59:59.999,97324380.49
2022-08-19,94.79,95.26,82.67,83.31,1825503.5,2022-08-19 23:59:59.999,160176664.736
2022-08-20,83.31,86.77,79.78,82.7,1207408.8,2022-08-20 23:59:59.999,101121546.779
2022-08-21,82.7,87.01,81.52,85.88,895270.7,2022-08-21 23:59:59.999,75691214.436
2022-08-22,85.88,88.56,81.8,88.36,1481145.5,2022-08-22 23:59:59.999,125686416.329
2022-08-23,88.37,91.14,85.0,89.35,1175796.0,2022-08-23 23:59:59.999,103977708.153
2022-08-24,89.38,91.9,86.81,88.38,923107.3,2022-08-24 23:59:59.999,82175171.923
2022-08-25,88.38,95.77,87.57,93.21,1475169.4,2022-08-25 23:59:59.999,135356666.928
2022-08-26,93.22,94.06,81.66,82.65,1774694.4,2022-08-26 23:59:59.999,158519471.946
2022-08-27,82.64,83.43,80.33,82.06,1003072.2,2022-08-27 23:59:59.999,82244194.602
2022-08-28,82.06,83.42,78.13,78.58,923195.5,2022-08-28 23:59:59.999,75238883.501
2022-08-29,78.57,86.23,77.82,85.66,1025776.7,2022-08-29 23:59:59.999,84234728.588
2022-08-30,85.66,88.03,81.35,84.35,1244217.0,2022-08-30 23:59:59.999,106024412.058
2022-08-31,84.34,88.84,84.19,84.75,914828.8,2022-08-31 23:59:59.999,79132404.682
2022-09-01,84.74,86.97,81.95,86.4,855235.6,2022-09-01 23:59:59.999,72035634.41
2022-09-02,86.4,92.13,84.75,88.34,1186021.7,2022-09-02 23:59:59.999,104593691.155
2022-09-03,88.33,88.77,85.64,87.09,621712.0,2022-09-03 23:59:59.999,54080563.776
2022-09-04,87.09,88.98,85.7,88.8,482916.9,2022-09-04 23:59:59.999,42342887.215
2022-09-05,88.79,91.72,86.66,91.13,600663.3,2022-09-05 23:59:59.999,53364547.357
2022-09-06,91.1,93.74,82.88,83.42,1093700.5,2022-09-06 23:59:59.999,97876853.373
2022-09-07,83.42,89.24,81.89,87.46,780247.7,2022-09-07 23:59:59.999,66028942.414
2022-09-08,87.47,89.99,85.46,88.19,751885.7,2022-09-08 23:59:59.999,65956396.989
2022-09-09,88.21,94.2,88.14,91.08,684103.9,2022-09-09 23:59:59.999,62302426.656
2022-09-10,91.1,93.92,89.68,92.65,602365.4,2022-09-10 23:59:59.999,55145805.449
2022-09-11,92.66,94.43,89.03,91.45,575655.5,2022-09-11 23:59:59.999,52838660.431
2022-09-12,91.47,96.97,89.29,90.88,898144.1,2022-09-12 23:59:59.999,83128666.547
2022-09-13,90.89,93.45,82.24,82.91,1180591.3,2022-09-13 23:59:59.999,104154833.21
2022-09-14,82.9,85.95,81.06,83.58,686989.8,2022-09-14 23:59:59.999,57499882.657
2022-09-15,83.56,84.12,77.65,78.46,989641.0,2022-09-15 23:59:59.999,79759561.057
2022-09-16,78.46,80.49,77.02,79.3,729916.0,2022-09-16 23:59:59.999,57414151.3
2022-09-17,79.3,81.71,79.02,81.34,323579.6,2022-09-17 23:59:59.999,25957836.526
2022-09-18,81.33,81.93,70.2,72.98,659523.4,2022-09-18 23:59:59.999,50836909.203
2022-09-19,72.99,76.99,70.67,76.27,817357.3,2022-09-19 23:59:59.999,60290906.608
2022-09-20,76.27,77.13,73.67,74.03,695839.1,2022-09-20 23:59:59.999,52442578.139
2022-09-21,74.04,79.58,70.34,71.52,1049039.5,2022-09-21 23:59:59.999,78853621.397
2022-09-22,71.52,77.65,71.39,76.65,782792.9,2022-09-22 23:59:59.999,58640522.469
2022-09-23,76.65,78.79,72.82,77.0,780875.5,2022-09-23 23:59:59.999,59074337.616
2022-09-24,77.0,77.4,74.53,74.85,353009.1,2022-09-24 23:59:59.999,26946535.133
2022-09-25,74.85,77.6,72.63,73.56,471694.6,2022-09-25 23:59:59.999,35528998.457
2022-09-26,73.54,76.56,72.58,76.23,775776.4,2022-09-26 23:59:59.999,57960466.358
2022-09-27,76.24,80.87,74.51,76.55,902064.8,2022-09-27 23:59:59.999,70435567.229
2022-09-28,76.55,78.11,72.87,76.79,869367.8,2022-09-28 23:59:59.999,65649439.048
2022-09-29,76.79,77.47,74.28,76.88,609087.0,2022-09-29 23:59:59.999,46333437.964
2022-09-30,76.9,78.02,73.69,74.57,700154.2,2022-09-30 23:59:59.999,53250665.908
2022-10-01,74.57,75.69,73.88,74.5,463065.0,2022-10-01 23:59:59.999,34669087.014
2022-10-02,74.5,75.75,72.18,72.58,559561.2,2022-10-02 23:59:59.999,41413783.598
2022-10-03,72.6,76.21,71.74,75.54,587427.4,2022-10-03 23:59:59.999,43767001.269
2022-10-04,75.54,79.79,75.5,78.82,561713.0,2022-10-04 23:59:59.999,43692456.764
2022-10-05,78.83,79.13,75.71,78.67,463106.5,2022-10-05 23:59:59.999,35978137.234
2022-10-06,78.65,80.44,77.15,77.45,600762.4,2022-10-06 23:59:59.999,47401377.061
2022-10-07,77.45,78.21,74.97,75.77,487211.6,2022-10-07 23:59:59.999,37302994.92
2022-10-08,75.78,76.17,73.88,74.66,276888.8,2022-10-08 23:59:59.999,20836658.732
2022-10-09,74.65,76.02,74.2,75.47,250412.3,2022-10-09 23:59:59.999,18827230.211
2022-10-10,75.46,76.5,73.21,73.55,407727.7,2022-10-10 23:59:59.999,30427589.66
2022-10-11,73.55,73.55,71.05,71.43,504155.5,2022-10-11 23:59:59.999,36442940.245
2022-10-12,71.42,72.75,70.98,71.5,299269.0,2022-10-12 23:59:59.999,21500648.881
2022-10-13,71.48,72.05,64.71,70.91,1091510.5,2022-10-13 23:59:59.999,74793388.842
2022-10-14,70.9,74.68,70.81,72.8,707734.8,2022-10-14 23:59:59.999,51648480.532
2022-10-15,72.81,73.31,71.37,71.86,356284.7,2022-10-15 23:59:59.999,25761273.637
2022-10-16,71.86,76.24,71.76,75.85,550041.3,2022-10-16 23:59:59.999,40963988.696
2022-10-17,75.84,79.65,74.66,78.88,1104008.6,2022-10-17 23:59:59.999,85690066.898
2022-10-18,78.88,83.69,77.86,82.35,1571899.4,2022-10-18 23:59:59.999,126162075.321
2022-10-19,82.33,85.72,81.11,82.79,1916359.3,2022-10-19 23:59:59.999,159149189.216
2022-10-20,82.79,83.93,79.82,80.66,1417318.9,2022-10-20 23:59:59.999,116179907.768
2022-10-21,80.67,83.3,78.27,82.07,1582582.6,2022-10-21 23:59:59.999,127985411.649
2022-10-22,82.08,84.5,81.25,82.06,803941.4,2022-10-22 23:59:59.999,66463500.475
2022-10-23,82.06,90.09,81.46,88.77,1118876.7,2022-10-23 23:59:59.999,95057315.45
2022-10-24,88.77,89.92,84.65,85.12,1363528.4,2022-10-24 23:59:59.999,119307266.277
2022-10-25,85.13,86.38,81.29,81.89,1754315.4,2022-10-25 23:59:59.999,146936165.415
2022-10-26,81.89,85.31,80.85,83.36,1402053.3,2022-10-26 23:59:59.999,116721051.776
2022-10-27,83.37,87.09,80.5,81.33,1084198.9,2022-10-27 23:59:59.999,91263232.285
2022-10-28,81.33,84.9,80.45,84.1,722610.4,2022-10-28 23:59:59.999,59733440.114
2022-10-29,84.11,87.45,83.74,85.34,677220.4,2022-10-29 23:59:59.999,57734466.118
2022-10-30,85.35,86.91,82.7,83.83,434168.7,2022-10-30 23:59:59.999,36746887.431
2022-10-31,83.84,87.16,82.2,83.73,702308.0,2022-10-31 23:59:59.999,59184922.833
2022-11-01,83.75,86.27,83.49,84.12,633855.2,2022-11-01 23:59:59.999,53832817.714
2022-11-02,84.12,85.7,79.08,80.37,853232.5,2022-11-02 23:59:59.999,70595451.01
2022-11-03,80.37,86.65,79.74,83.65,791459.8,2022-11-03 23:59:59.999,66388904.224
2022-11-04,83.66,97.6,83.14,94.62,1719698.0,2022-11-04 23:59:59.999,158650642.489
2022-11-05,94.64,98.2,93.39,96.29,967814.1,2022-11-05 23:59:59.999,92819274.115
2022-11-06,96.29,96.37,86.2,86.23,851177.6,2022-11-06 23:59:59.999,77414889.369
2022-11-07,86.25,90.37,83.77,87.19,956543.0,2022-11-07 23:59:59.999,83588411.186
2022-11-08,87.17,88.28,65.0,72.14,2292729.8,2022-11-08 23:59:59.999,181305327.932
2022-11-09,72.14,73.03,56.7,57.98,1901179.9,2022-11-09 23:59:59.999,125420985.163
2022-11-10,57.98,70.78,56.92,67.99,1633427.3,2022-11-10 23:59:59.999,105146021.118
2022-11-11,67.99,68.87,60.52,64.02,964776.4,2022-11-11 23:59:59.999,62494439.263
2022-11-12,64.01,64.13,56.71,58.03,1693832.9,2022-11-12 23:59:59.999,99685046.373
2022-11-13,58.06,60.97,55.55,56.6,1214404.9,2022-11-13 23:59:59.999,70484245.811
2022-11-14,56.6,59.73,53.32,59.05,1188924.0,2022-11-14 23:59:59.999,67607864.615
2022-11-15,59.06,63.2,58.34,60.98,1143892.0,2022-11-15 23:59:59.999,69329228.954
2022-11-16,61.01,62.13,57.0,58.25,826729.3,2022-11-16 23:59:59.999,48803091.854
2022-11-17,58.25,59.6,56.73,58.53,670670.5,2022-11-17 23:59:59.999,39156990.892
2022-11-18,58.55,61.38,57.37,58.29,672218.1,2022-11-18 23:59:59.999,39842025.974
2022-11-19,58.29,59.16,56.78,58.72,352919.2,2022-11-19 23:59:59.999,20437585.433
2022-11-20,58.72,61.48,55.46,55.98,891630.5,2022-11-20 23:59:59.999,52647208.584
2022-11-21,55.98,58.42,53.88,55.85,1030207.0,2022-11-21 23:59:59.999,57818769.033
2022-11-22,55.85,57.84,50.0,57.42,4361506.9,2022-11-22 23:59:59.999,235633907.443
2022-11-23,57.43,59.34,56.43,58.38,1261090.4,2022-11-23 23:59:59.999,72830246.483
2022-11-24,58.39,60.13,57.24,58.09,717229.1,2022-11-24 23:59:59.999,41929052.913
2022-11-25,58.09,60.45,56.7,59.12,904604.7,2022-11-25 23:59:59.999,53038625.214
2022-11-26,59.12,62.5,59.05,61.69,931944.2,2022-11-26 23:59:59.999,56573894.394
2022-11-27,61.69,63.39,60.06,61.53,1088896.9,2022-11-27 23:59:59.999,67578841.675
2022-11-28,61.55,62.59,58.43,60.17,975734.6,2022-11-28 23:59:59.999,58607600.393
2022-11-29,60.17,62.48,59.52,61.57,546934.8,2022-11-29 23:59:59.999,33541404.397
2022-11-30,61.58,65.99,61.57,65.28,933396.6,2022-11-30 23:59:59.999,59729849.047
2022-12-01,65.29,65.5,63.0,63.67,516725.7,2022-12-01 23:59:59.999,33111172.966
2022-12-02,63.67,65.82,62.23,65.67,591625.7,2022-12-02 23:59:59.999,38084231.759
2022-12-03,65.67,66.37,62.51,62.71,436049.0,2022-12-03 23:59:59.999,28022533.143
2022-12-04,62.71,64.64,62.62,64.31,325834.1,2022-12-04 23:59:59.999,20786053.604
2022-12-05,64.31,67.3,63.75,64.35,644590.8,2022-12-05 23:59:59.999,42108262.759
2022-12-06,64.35,65.54,62.72,63.92,439966.5,2022-12-06 23:59:59.999,28050179.203
2022-12-07,63.91,64.04,59.97,61.3,651688.3,2022-12-07 23:59:59.999,40345625.154
2022-12-08,61.31,63.47,60.32,62.82,482982.8,2022-12-08 23:59:59.999,29855348.679
2022-12-09,62.82,63.35,61.01,61.49,390533.3,2022-12-09 23:59:59.999,24336316.194
2022-12-10,61.49,62.12,61.1,61.35,204318.4,2022-12-10 23:59:59.999,12597059.909
2022-12-11,61.35,61.53,59.1,59.63,298325.1,2022-12-11 23:59:59.999,18126041.744
2022-12-12,59.61,60.85,58.0,60.06,550374.0,2022-12-12 23:59:59.999,32683636.511
2022-12-13,60.07,63.9,58.12,62.02,724246.0,2022-12-13 23:59:59.999,44254092.243
2022-12-14,62.03,63.53,61.03,62.52,488254.9,2022-12-14 23:59:59.999,30517740.413
2022-12-15,62.52,63.1,60.5,60.97,442519.8,2022-12-15 23:59:59.999,27324261.564
2022-12-16,60.97,61.22,53.62,54.69,756742.6,2022-12-16 23:59:59.999,43556098.155
2022-12-17,54.67,55.92,53.0,55.51,560033.6,2022-12-17 23:59:59.999,30681692.013
2022-12-18,55.51,56.54,54.8,55.8,231208.2,2022-12-18 23:59:59.999,12865802.377
2022-12-19,55.79,56.54,52.93,53.7,480494.5,2022-12-19 23:59:59.999,26411673.793
2022-12-20,53.69,56.27,53.1,55.63,467004.8,2022-12-20 23:59:59.999,25794945.279
2022-12-21,55.63,56.41,54.6,55.97,445723.8,2022-12-21 23:59:59.999,24823614.466
2022-12-22,55.97,56.11,53.55,55.62,466745.8,2022-12-22 23:59:59.999,25656523.31
2022-12-23,55.62,56.14,54.21,54.54,289263.1,2022-12-23 23:59:59.999,15945622.277
2022-12-24,54.53,54.73,54.04,54.34,157692.7,2022-12-24 23:59:59.999,8578791.685
2022-12-25,54.35,55.46,53.7,54.35,440612.2,2022-12-25 23:59:59.999,24036131.034
2022-12-26,54.36,56.05,54.13,55.91,334316.2,2022-12-26 23:59:59.999,18523557.333
2022-12-27,55.91,58.19,55.4,57.43,646008.2,2022-12-27 23:59:59.999,36780010.51
2022-12-28,57.43,57.81,53.15,53.71,775344.8,2022-12-28 23:59:59.999,42955156.603
2022-12-29,53.71,54.95,53.47,54.41,484424.6,2022-12-29 23:59:59.999,26297221.427
2022-12-30,54.41,54.72,51.44,52.39,715469.8,2022-12-30 23:59:59.999,37733730.133
2022-12-31,52.39,53.38,51.64,51.93,412238.3,2022-12-31 23:59:59.999,21616207.2
2023-01-01,51.92,52.41,51.05,52.09,307265.3,2023-01-01 23:59:59.999,15900418.905
2023-01-02,52.1,54.1,51.25,52.93,535052.2,2023-01-02 23:59:59.999,28376291.958
2023-01-03,52.93,53.51,52.02,53.02,403312.0,2023-01-03 23:59:59.999,21289217.376
2023-01-04,53.02,57.64,52.59,56.73,1093355.5,2023-01-04 23:59:59.999,61191478.038
2023-01-05,56.74,56.94,54.83,55.42,551165.0,2023-01-05 23:59:59.999,30682906.17
2023-01-06,55.42,56.8,53.97,56.39,609927.4,2023-01-06 23:59:59.999,33712868.47
2023-01-07,56.4,56.89,55.7,56.03,369805.0,2023-01-07 23:59:59.999,20783311.847
2023-01-08,56.01,59.7,55.27,59.32,1041152.1,2023-01-08 23:59:59.999,60300083.156
2023-01-09,59.32,63.12,59.03,61.13,1058679.8,2023-01-09 23:59:59.999,65007292.998
2023-01-10,61.15,62.89,59.56,61.86,706112.0,2023-01-10 23:59:59.999,43476678.888
2023-01-11,61.86,64.69,59.9,64.16,674054.9,2023-01-11 23:59:59.999,41535855.445
2023-01-12,64.16,68.62,63.43,67.77,1902602.7,2023-01-12 23:59:59.999,126402493.14
2023-01-13,67.77,73.6,66.61,71.15,1065926.4,2023-01-13 23:59:59.999,73641164.226
2023-01-14,71.14,81.54,71.12,76.01,1933964.7,2023-01-14 23:59:59.999,148030306.497
2023-01-15,76.01,83.15,72.89,79.31,1755856.6,2023-01-15 23:59:59.999,137232388.765
2023-01-16,79.3,82.76,76.07,80.64,1207773.8,2023-01-16 23:59:59.999,96086652.088
2023-01-17,80.64,91.35,78.45,85.7,2436651.4,2023-01-17 23:59:59.999,209583336.863
2023-01-18,85.71,90.0,76.89,81.94,2445917.4,2023-01-18 23:59:59.999,204878136.163
2023-01-19,81.94,83.78,77.7,81.26,1147840.7,2023-01-19 23:59:59.999,92339303.533
2023-01-20,81.25,88.68,79.73,87.62,1111691.3,2023-01-20 23:59:59.999,92591122.86
2023-01-21,87.6,89.29,83.98,84.5,909930.1,2023-01-21 23:59:59.999,78954953.526
2023-01-22,84.5,90.33,83.52,85.41,1036916.6,2023-01-22 23:59:59.999,89818908.56
2023-01-23,85.38,90.26,84.5,86.66,941983.3,2023-01-23 23:59:59.999,81972909.453
2023-01-24,86.67,88.61,78.72,79.86,1035210.5,2023-01-24 23:59:59.999,87716903.94
2023-01-25,79.85,87.51,78.01,85.69,1065795.7,2023-01-25 23:59:59.999,87370288.783
2023-01-26,85.71,90.68,85.06,88.79,1106820.4,2023-01-26 23:59:59.999,96678927.914
2023-01-27,88.81,89.73,84.7,87.36,831012.5,2023-01-27 23:59:59.999,72515077.88
2023-01-28,87.37,88.32,83.11,84.21,631267.0,2023-01-28 23:59:59.999,54147832.786
2023-01-29,84.22,88.67,83.31,87.7,605248.4,2023-01-29 23:59:59.999,52528130.911
2023-01-30,87.71,88.39,78.98,81.13,764282.7,2023-01-30 23:59:59.999,63557074.857
2023-01-31,81.14,83.6,80.19,82.95,520369.1,2023-01-31 23:59:59.999,42596483.05
2023-02-01,82.95,88.58,80.25,88.42,760353.6,2023-02-01 23:59:59.999,63518780.537
2023-02-02,88.41,93.46,87.5,88.33,1164642.9,2023-02-02 23:59:59.999,105889702.378
2023-02-03,88.32,94.42,87.24,91.14,1230310.5,2023-02-03 23:59:59.999,111448790.666
2023-02-04,91.14,92.08,88.11,88.96,421817.2,2023-02-04 23:59:59.999,38010070.162
2023-02-05,88.95,89.19,83.13,85.65,543245.7,2023-02-05 23:59:59.999,46760548.057
2023-02-06,85.65,87.83,83.26,84.1,511617.7,2023-02-06 23:59:59.999,43976704.119
2023-02-07,84.1,89.27,83.79,88.7,538022.8,2023-02-07 23:59:59.999,46589996.228
2023-02-08,88.7,90.18,84.5,87.08,594581.2,2023-02-08 23:59:59.999,52310296.615
2023-02-09,87.08,90.15,75.83,77.78,1959599.4,2023-02-09 23:59:59.999,166190137.685
2023-02-10,77.79,80.41,76.58,78.58,749880.0,2023-02-10 23:59:59.999,58836586.181
2023-02-11,78.58,79.47,77.7,79.31,326674.2,2023-02-11 23:59:59.999,25657791.136
2023-02-12,79.32,80.47,76.07,77.29,341791.5,2023-02-12 23:59:59.999,26962430.178
2023-02-13,77.29,84.0,73.41,82.38,2537589.9,2023-02-13 23:59:59.999,203064589.976
2023-02-14,82.38,83.82,78.5,83.04,1644716.1,2023-02-14 23:59:59.999,134048548.911
2023-02-15,83.04,89.59,82.11,89.47,962674.6,2023-02-15 23:59:59.999,81470460.942
2023-02-16,89.47,90.68,83.67,84.0,979474.0,2023-02-16 23:59:59.999,86497512.926
2023-02-17,84.0,88.4,83.34,86.41,825158.4,2023-02-17 23:59:59.999,70651612.614
2023-02-18,86.41,91.48,86.4,91.06,590879.5,2023-02-18 23:59:59.999,52731740.656
2023-02-19,91.05,95.51,89.19,90.15,1032797.8,2023-02-19 23:59:59.999,95126415.716
2023-02-20,90.16,93.12,86.8,92.17,768740.4,2023-02-20 23:59:59.999,69653132.486
2023-02-21,92.16,92.84,85.6,87.76,697046.8,2023-02-21 23:59:59.999,62274244.709
2023-02-22,87.77,87.88,82.06,85.1,652094.5,2023-02-22 23:59:59.999,55176445.648
2023-02-23,85.09,87.62,83.73,85.66,567686.4,2023-02-23 23:59:59.999,48834059.875
2023-02-24,85.67,86.8,78.34,81.53,744528.0,2023-02-24 23:59:59.999,62123283.943
2023-02-25,81.52,83.59,77.09,79.93,466625.9,2023-02-25 23:59:59.999,37322838.773
2023-02-26,79.92,82.37,79.6,82.2,278785.8,2023-02-26 23:59:59.999,22576064.798
2023-02-27,82.2,83.57,79.41,80.16,454288.2,2023-02-27 23:59:59.999,36988470.116
2023-02-28,80.18,80.25,76.67,77.64,470944.0,2023-02-28 23:59:59.999,37063807.468
2023-03-01,77.64,83.18,76.87,82.83,665535.6,2023-03-01 23:59:59.999,54130223.378
2023-03-02,82.83,83.1,78.37,79.97,492205.1,2023-03-02 23:59:59.999,39455432.263
2023-03-03,79.97,79.98,72.85,76.85,753306.4,2023-03-03 23:59:59.999,57117370.088
2023-03-04,76.84,77.48,73.7,75.28,374249.7,2023-03-04 23:59:59.999,28400915.667
2023-03-05,75.28,77.19,74.58,74.99,372132.9,2023-03-05 23:59:59.999,28395941.357
2023-03-06,75.0,77.46,74.15,76.6,486291.7,2023-03-06 23:59:59.999,36921524.315
2023-03-07,76.6,77.77,73.54,75.21,657551.7,2023-03-07 23:59:59.999,49686703.782
2023-03-08,75.21,75.46,71.0,71.58,617656.6,2023-03-08 23:59:59.999,45277566.878
2023-03-09,71.58,73.99,66.71,68.68,921163.1,2023-03-09 23:59:59.999,65414693.789
2023-03-10,68.67,68.69,64.54,68.26,930546.5,2023-03-10 23:59:59.999,62361944.374
2023-03-11,68.25,70.76,63.74,66.83,1158908.5,2023-03-11 23:59:59.999,76955508.542
2023-03-12,66.82,72.95,65.66,72.84,808912.7,2023-03-12 23:59:59.999,55365925.315
2023-03-13,72.84,77.05,70.86,76.01,916614.1,2023-03-13 23:59:59.999,67742037.49
2023-03-14,76.01,81.49,74.14,79.08,1102312.2,2023-03-14 23:59:59.999,86048563.256
2023-03-15,79.08,80.62,71.46,73.8,925225.7,2023-03-15 23:59:59.999,70408179.997
2023-03-16,73.81,75.63,72.95,74.77,565919.4,2023-03-16 23:59:59.999,42092575.504
2023-03-17,74.77,80.67,73.62,80.58,633441.0,2023-03-17 23:59:59.999,48949905.934
2023-03-18,80.56,81.9,77.12,77.77,613059.2,2023-03-18 23:59:59.999,49001626.442
2023-03-19,77.75,81.64,77.42,79.4,518189.1,2023-03-19 23:59:59.999,41164743.267
2023-03-20,79.42,80.12,75.54,75.97,660851.2,2023-03-20 23:59:59.999,51386194.114
2023-03-21,75.96,79.61,74.12,78.92,619724.5,2023-03-21 23:59:59.999,47749302.255
2023-03-22,78.92,79.32,72.5,75.07,773134.2,2023-03-22 23:59:59.999,59125087.105
2023-03-23,75.07,80.49,74.31,77.05,706851.3,2023-03-23 23:59:59.999,54602426.127
2023-03-24,77.05,77.37,72.07,72.98,742082.5,2023-03-24 23:59:59.999,55167595.746
2023-03-25,72.98,73.5,70.05,71.26,334500.4,2023-03-25 23:59:59.999,24032033.97
2023-03-26,71.25,73.3,70.76,72.79,330721.6,2023-03-26 23:59:59.999,23908975.708
2023-03-27,72.79,73.57,68.0,69.7,618253.6,2023-03-27 23:59:59.999,43709132.884
2023-03-28,69.7,71.59,68.7,70.57,513791.1,2023-03-28 23:59:59.999,35904465.34
2023-03-29,70.57,73.49,70.48,72.83,429935.5,2023-03-29 23:59:59.999,31127774.875
2023-03-30,72.84,74.34,70.08,71.28,649158.6,2023-03-30 23:59:59.999,46790400.146
2023-03-31,71.27,74.48,70.63,74.13,633585.2,2023-03-31 23:59:59.999,45910789.895
2023-04-01,74.14,74.83,73.4,74.13,277712.8,2023-04-01 23:59:59.999,20580818.208
2023-04-02,74.12,74.76,71.54,72.94,291882.4,2023-04-02 23:59:59.999,21360281.157
2023-04-03,72.95,75.07,70.66,73.76,604640.9,2023-04-03 23:59:59.999,44276494.139
2023-04-04,73.77,76.91,72.93,76.38,412139.8,2023-04-04 23:59:59.999,31034472.726
2023-04-05,76.38,79.4,75.82,78.19,488436.9,2023-04-05 23:59:59.999,38194114.386
2023-04-06,78.2,81.41,77.43,80.55,696409.3,2023-04-06 23:59:59.999,55108273.665
2023-04-07,80.56,80.96,77.45,78.25,481310.0,2023-04-07 23:59:59.999,38049500.332
2023-04-08,78.24,78.88,75.66,76.28,252355.6,2023-04-08 23:59:59.999,19522992.96
2023-04-09,76.28,77.51,74.72,76.2,292455.8,2023-04-09 23:59:59.999,22174280.273
2023-04-10,76.21,78.7,75.07,78.46,355555.9,2023-04-10 23:59:59.999,27264295.311
2023-04-11,78.47,80.5,77.96,79.01,448374.8,2023-04-11 23:59:59.999,35570225.06
2023-04-12,79.03,79.65,75.42,78.92,513340.6,2023-04-12 23:59:59.999,39876234.675
2023-04-13,78.94,81.78,76.68,81.22,879583.2,2023-04-13 23:59:59.999,69594317.185
2023-04-14,81.23,83.89,80.11,82.63,707723.6,2023-04-14 23:59:59.999,58252798.88
2023-04-15,82.64,84.41,80.93,82.58,469612.1,2023-04-15 23:59:59.999,38871441.308
2023-04-16,82.57,83.79,80.66,83.4,477450.9,2023-04-16 23:59:59.999,39356508.026
2023-04-17,83.39,84.62,80.14,81.07,720958.7,2023-04-17 23:59:59.999,59047749.382
2023-04-18,81.08,84.31,79.5,82.02,624422.4,2023-04-18 23:59:59.999,51221959.351
2023-04-19,82.01,82.15,71.03,73.97,871015.3,2023-04-19 23:59:59.999,66294267.959
2023-04-20,73.96,75.36,71.52,72.35,616761.3,2023-04-20 23:59:59.999,45396020.41
2023-04-21,72.35,73.35,68.04,69.07,599575.3,2023-04-21 23:59:59.999,42529919.646
2023-04-22,69.07,70.92,68.6,70.77,255472.9,2023-04-22 23:59:59.999,17852353.449
2023-04-23,70.78,71.09,68.2,70.31,329265.6,2023-04-23 23:59:59.999,22997832.949
2023-04-24,70.31,71.48,68.0,69.8,368547.9,2023-04-24 23:59:59.999,25690215.226
2023-04-25,69.8,71.36,68.31,71.22,438546.1,2023-04-25 23:59:59.999,30476910.954
2023-04-26,71.22,74.61,65.95,69.4,839027.4,2023-04-26 23:59:59.999,59442394.83
2023-04-27,69.41,72.1,68.77,71.41,689218.8,2023-04-27 23:59:59.999,48631847.79
2023-04-28,71.42,72.29,70.0,72.09,402223.9,2023-04-28 23:59:59.999,28626930.339
2023-04-29,72.1,72.72,71.21,71.78,242790.4,2023-04-29 23:59:59.999,17483637.712
2023-04-30,71.77,72.57,70.11,70.22,295483.5,2023-04-30 23:59:59.999,21071583.033
2023-05-01,70.22,70.74,67.55,68.88,368676.6,2023-05-01 23:59:59.999,25445433.819
2023-05-02,68.88,69.54,67.93,69.07,289295.5,2023-05-02 23:59:59.999,19930736.498
2023-05-03,69.07,71.84,67.5,71.7,524835.4,2023-05-03 23:59:59.999,36447043.04
2023-05-04,71.71,71.99,70.22,70.84,412963.8,2023-05-04 23:59:59.999,29339449.906
2023-05-05,70.84,74.28,70.03,73.42,554420.8,2023-05-05 23:59:59.999,40102210.924
2023-05-06,73.43,74.11,68.41,69.74,590896.7,2023-05-06 23:59:59.999,41642067.886
2023-05-07,69.74,70.18,68.11,68.74,295593.5,2023-05-07 23:59:59.999,20509699.84
2023-05-08,68.74,69.16,62.17,64.44,844278.3,2023-05-08 23:59:59.999,55647016.142
2023-05-09,64.45,64.84,63.54,64.36,342922.2,2023-05-09 23:59:59.999,22038891.188
2023-05-10,64.37,65.79,61.17,64.6,692423.9,2023-05-10 23:59:59.999,44609901.899
2023-05-11,64.61,64.74,60.64,62.22,610876.6,2023-05-11 23:59:59.999,38378284.91
2023-05-12,62.21,63.28,60.05,63.17,592819.5,2023-05-12 23:59:59.999,36534557.032
2023-05-13,63.16,63.2,61.8,62.15,203478.4,2023-05-13 23:59:59.999,12711347.931
2023-05-14,62.14,63.37,61.47,62.19,247734.2,2023-05-14 23:59:59.999,15448168.653
2023-05-15,62.18,64.5,61.34,62.73,518634.7,2023-05-15 23:59:59.999,32783896.912
2023-05-16,62.74,63.25,61.84,62.87,385261.5,2023-05-16 23:59:59.999,24066005.04
2023-05-17,62.86,64.98,61.7,64.95,543950.3,2023-05-17 23:59:59.999,34417144.874
2023-05-18,64.96,67.37,64.45,64.91,837876.4,2023-05-18 23:59:59.999,55142679.281
2023-05-19,64.92,65.67,63.89,65.33,372996.8,2023-05-19 23:59:59.999,24219593.363
2023-05-20,65.34,65.36,64.48,65.16,178070.1,2023-05-20 23:59:59.999,11559080.398
2023-05-21,65.17,65.46,63.36,63.9,238064.2,2023-05-21 23:59:59.999,15301754.027
2023-05-22,63.9,64.8,62.82,64.28,335107.0,2023-05-22 23:59:59.999,21453654.661
2023-05-23,64.28,66.27,64.02,65.42,376964.2,2023-05-23 23:59:59.999,24645611.853
2023-05-24,65.41,65.49,62.22,63.89,478955.0,2023-05-24 23:59:59.999,30490318.014
2023-05-25,63.9,64.24,62.23,63.46,452250.1,2023-05-25 23:59:59.999,28698908.924
2023-05-26,63.47,65.69,62.81,64.59,450428.3,2023-05-26 23:59:59.999,28885927.217
2023-05-27,64.59,65.77,64.39,65.69,221298.3,2023-05-27 23:59:59.999,14382555.729
2023-05-28,65.69,69.53,65.4,69.03,392396.3,2023-05-28 23:59:59.999,26412305.356
2023-05-29,69.03,69.43,66.77,67.33,363059.3,2023-05-29 23:59:59.999,24618728.494
2023-05-30,67.34,67.91,66.18,66.63,302331.0,2023-05-30 23:59:59.999,20269917.135
2023-05-31,66.63,66.95,63.16,63.81,553892.0,2023-05-31 23:59:59.999,35813174.828
2023-06-01,63.82,64.23,62.28,62.63,389466.3,2023-06-01 23:59:59.999,24549552.856
2023-06-02,62.64,64.55,62.02,63.63,442661.2,2023-06-02 23:59:59.999,28226387.349
2023-06-03,63.64,64.34,62.67,63.58,219964.9,2023-06-03 23:59:59.999,13983234.405
2023-06-04,63.58,64.71,62.45,62.76,344093.4,2023-06-04 23:59:59.999,21921622.006
2023-06-05,62.77,62.89,56.22,59.84,853893.7,2023-06-05 23:59:59.999,51604410.332
2023-06-06,59.84,62.82,59.36,61.75,642104.3,2023-06-06 23:59:59.999,39162278.436
2023-06-07,61.76,61.98,58.51,59.14,570279.6,2023-06-07 23:59:59.999,34292724.876
2023-06-08,59.14,60.55,58.27,59.82,432932.0,2023-06-08 23:59:59.999,25776690.918
2023-06-09,59.83,60.7,59.03,60.02,329276.6,2023-06-09 23:59:59.999,19743055.733
2023-06-10,60.01,60.05,46.36,52.59,1814002.0,2023-06-10 23:59:59.999,95930750.364
2023-06-11,52.59,53.41,51.63,52.18,467138.4,2023-06-11 23:59:59.999,24476998.02
2023-06-12,52.18,54.01,50.51,53.72,573634.3,2023-06-12 23:59:59.999,30105437.91
2023-06-13,53.73,56.05,53.12,55.02,599292.3,2023-06-13 23:59:59.999,32690801.429
2023-06-14,55.02,56.13,51.3,51.99,741821.9,2023-06-14 23:59:59.999,39955166.672
2023-06-15,51.99,52.53,48.97,50.12,1269999.6,2023-06-15 23:59:59.999,63692786.831
2023-06-16,50.13,51.24,49.02,50.67,699860.9,2023-06-16 23:59:59.999,34993959.979
2023-06-17,50.68,52.3,50.24,51.04,537640.4,2023-06-17 23:59:59.999,27642582.495
2023-06-18,51.05,51.95,50.52,50.89,359880.6,2023-06-18 23:59:59.999,18438490.589
2023-06-19,50.89,52.18,50.43,51.94,417558.7,2023-06-19 23:59:59.999,21408837.732
2023-06-20,51.95,53.18,49.94,53.08,569749.4,2023-06-20 23:59:59.999,29442293.52
2023-06-21,53.09,55.53,52.81,54.95,805103.4,2023-06-21 23:59:59.999,43632460.012
2023-06-22,54.96,57.27,54.8,55.55,685563.6,2023-06-22 23:59:59.999,38501931.122
2023-06-23,55.55,57.85,55.13,57.08,463224.4,2023-06-23 23:59:59.999,26141910.511
2023-06-24,57.08,58.3,55.92,57.0,504380.0,2023-06-24 23:59:59.999,28862594.502
2023-06-25,57.04,78.0,56.87,68.7,11434886.2,2023-06-25 23:59:59.999,811746909.918
2023-06-26,68.71,69.38,62.3,63.14,3522674.3,2023-06-26 23:59:59.999,230746354.549
2023-06-27,63.15,66.66,62.53,64.92,2057375.5,2023-06-27 23:59:59.999,132467026.685
2023-06-28,64.92,65.38,57.18,59.35,1416962.4,2023-06-28 23:59:59.999,86654993.476
2023-06-29,59.36,67.14,58.92,62.97,2641002.0,2023-06-29 23:59:59.999,166989224.026
2023-06-30,62.97,71.68,60.9,70.5,3660778.6,2023-06-30 23:59:59.999,243568356.091
2023-07-01,70.49,70.7,66.38,68.11,960923.4,2023-07-01 23:59:59.999,65252582.829
2023-07-02,68.12,73.41,67.21,70.65,1940817.3,2023-07-02 23:59:59.999,136237426.904
2023-07-03,70.63,74.71,68.63,72.94,1760160.9,2023-07-03 23:59:59.999,125641615.481
2023-07-04,72.94,81.63,71.53,77.03,4370658.4,2023-07-04 23:59:59.999,336996536.42
2023-07-05,77.04,80.63,71.67,74.59,3562470.0,2023-07-05 23:59:59.999,271908199.133
2023-07-06,74.6,78.12,70.22,70.23,2066710.0,2023-07-06 23:59:59.999,153191572.805
2023-07-07,70.23,74.96,69.2,74.71,1401961.4,2023-07-07 23:59:59.999,101782345.574
2023-07-08,74.72,77.28,72.67,73.57,1355081.2,2023-07-08 23:59:59.999,101468462.281
2023-07-09,73.56,74.5,71.38,71.8,1352574.5,2023-07-09 23:59:59.999,98398532.592
2023-07-10,71.8,71.91,68.69,69.27,1494286.7,2023-07-10 23:59:59.999,105113455.22
2023-07-11,69.27,74.43,68.86,73.3,1818192.9,2023-07-11 23:59:59.999,131578458.895
2023-07-12,73.3,77.35,73.14,75.61,2110847.2,2023-07-12 23:59:59.999,159310543.194
2023-07-13,75.61,79.36,74.51,79.16,2072707.7,2023-07-13 23:59:59.999,159646644.483
2023-07-14,79.16,88.13,77.74,81.08,3207624.0,2023-07-14 23:59:59.999,262782079.984
2023-07-15,81.09,82.77,77.8,78.97,1486004.7,2023-07-15 23:59:59.999,119027875.745
2023-07-16,78.97,79.7,76.14,76.82,1378257.4,2023-07-16 23:59:59.999,107590985.093
2023-07-17,76.81,79.4,73.37,75.14,1546849.7,2023-07-17 23:59:59.999,117655671.056
2023-07-18,75.14,75.72,70.69,72.04,1214234.5,2023-07-18 23:59:59.999,88395685.719
2023-07-19,72.05,73.65,71.01,71.65,859976.2,2023-07-19 23:59:59.999,62155978.106
2023-07-20,71.65,75.28,71.2,72.48,1160406.6,2023-07-20 23:59:59.999,84829437.766
2023-07-21,72.49,75.68,71.65,74.32,1092410.8,2023-07-21 23:59:59.999,80947041.313
2023-07-22,74.33,74.99,70.73,71.68,562620.1,2023-07-22 23:59:59.999,41044770.485
2023-07-23,71.68,73.35,71.25,72.22,461368.0,2023-07-23 23:59:59.999,33400388.564
2023-07-24,72.22,72.68,67.48,70.24,891896.4,2023-07-24 23:59:59.999,62575859.424
2023-07-25,70.25,71.64,69.67,70.06,617226.3,2023-07-25 23:59:59.999,43503055.683
2023-07-26,70.07,73.63,69.03,71.98,933794.9,2023-07-26 23:59:59.999,66327858.36
2023-07-27,71.98,75.11,71.51,72.44,1026893.0,2023-07-27 23:59:59.999,75207855.798
2023-07-28,72.44,73.93,72.24,72.78,518081.5,2023-07-28 23:59:59.999,37838100.377
2023-07-29,72.76,75.0,72.05,74.34,555018.8,2023-07-29 23:59:59.999,40637177.65
2023-07-30,74.35,75.09,69.2,70.82,1196055.3,2023-07-30 23:59:59.999,86589362.919
2023-07-31,70.82,72.28,63.88,65.32,2133129.0,2023-07-31 23:59:59.999,144255369.087
2023-08-01,65.32,65.6,61.42,65.56,3330036.1,2023-08-01 23:59:59.999,212249759.204
2023-08-02,65.57,67.21,62.37,64.42,2501835.5,2023-08-02 23:59:59.999,161593463.458
2023-08-03,64.41,65.01,62.83,62.94,1420076.0,2023-08-03 23:59:59.999,90676551.291
2023-08-04,62.95,66.98,62.68,64.16,1555350.0,2023-08-04 23:59:59.999,100434790.943
2023-08-05,64.15,65.95,63.06,64.45,970641.6,2023-08-05 23:59:59.999,62370551.157
2023-08-06,64.45,66.18,64.09,65.93,678226.4,2023-08-06 23:59:59.999,44309706.249
2023-08-07,65.93,67.14,62.8,64.92,990015.1,2023-08-07 23:59:59.999,64581496.422
2023-08-08,64.92,67.05,64.54,66.24,715042.7,2023-08-08 23:59:59.999,47061506.303
2023-08-09,66.24,67.98,65.82,67.3,701461.6,2023-08-09 23:59:59.999,46869972.277
2023-08-10,67.3,69.55,66.77,67.04,759277.5,2023-08-10 23:59:59.999,51429726.07
2023-08-11,67.05,67.1,65.29,65.95,577129.3,2023-08-11 23:59:59.999,38180575.697
2023-08-12,65.95,66.63,65.72,66.16,289162.6,2023-08-12 23:59:59.999,19131095.77
2023-08-13,66.16,66.41,65.17,65.59,359341.2,2023-08-13 23:59:59.999,23643207.865
2023-08-14,65.59,66.63,65.26,65.49,347536.6,2023-08-14 23:59:59.999,22955555.757
2023-08-15,65.49,65.83,61.53,63.5,644969.9,2023-08-15 23:59:59.999,41365238.951
2023-08-16,63.51,63.68,57.95,60.34,1110537.7,2023-08-16 23:59:59.999,68291465.966
2023-08-17,60.34,60.58,49.41,55.38,1530073.3,2023-08-17 23:59:59.999,87018723.6
2023-08-18,55.39,56.78,54.69,55.8,813830.4,2023-08-18 23:59:59.999,45444581.789
2023-08-19,55.8,57.14,55.51,56.55,295514.9,2023-08-19 23:59:59.999,16585497.336
2023-08-20,56.54,57.42,56.17,57.07,233771.2,2023-08-20 23:59:59.999,13258447.712
2023-08-21,57.07,57.58,54.98,55.51,519842.8,2023-08-21 23:59:59.999,29326133.338
2023-08-22,55.51,55.61,52.54,54.88,753678.7,2023-08-22 23:59:59.999,41119620.295
2023-08-23,54.88,57.69,54.79,57.11,478963.8,2023-08-23 23:59:59.999,26912343.091
2023-08-24,57.11,58.95,56.16,57.43,679664.8,2023-08-24 23:59:59.999,39216772.38
2023-08-25,57.43,58.46,55.65,56.93,586377.4,2023-08-25 23:59:59.999,33295444.853
2023-08-26,56.93,57.36,56.24,56.67,200375.9,2023-08-26 23:59:59.999,11381998.725
2023-08-27,56.66,58.33,56.57,58.33,233082.9,2023-08-27 23:59:59.999,13406914.877
2023-08-28,58.33,58.48,56.07,58.23,478742.2,2023-08-28 23:59:59.999,27581312.752
2023-08-29,58.23,60.71,56.56,59.52,801829.6,2023-08-29 23:59:59.999,47175353.725
2023-08-30,59.51,59.63,57.27,57.74,343985.3,2023-08-30 23:59:59.999,20077262.513
2023-08-31,57.73,57.94,54.04,55.53,504308.3,2023-08-31 23:59:59.999,28370494.331
2023-09-01,55.53,55.83,53.51,54.49,346281.8,2023-09-01 23:59:59.999,18919880.037
2023-09-02,54.49,55.32,53.84,55.19,296224.5,2023-09-02 23:59:59.999,16178650.946
2023-09-03,55.19,55.2,54.02,54.74,213365.6,2023-09-03 23:59:59.999,11656864.052
2023-09-04,54.74,55.55,54.04,54.67,276340.5,2023-09-04 23:59:59.999,15145962.292
2023-09-05,54.67,55.87,54.08,55.5,268355.4,2023-09-05 23:59:59.999,14805278.023
2023-09-06,55.51,55.88,53.89,55.1,317291.6,2023-09-06 23:59:59.999,17470093.948
2023-09-07,55.1,56.46,54.71,56.28,290137.9,2023-09-07 23:59:59.999,16087179.97
2023-09-08,56.29,57.36,55.6,56.45,336858.5,2023-09-08 23:59:59.999,18980025.964
2023-09-09,56.45,56.6,55.88,56.18,150733.8,2023-09-09 23:59:59.999,8488500.743
2023-09-10,56.18,56.19,53.47,53.93,412576.5,2023-09-10 23:59:59.999,22520222.847
2023-09-11,53.93,54.15,51.3,52.07,510092.2,2023-09-11 23:59:59.999,26869451.991
2023-09-12,52.07,54.37,52.0,53.01,492365.9,2023-09-12 23:59:59.999,26222483.784
2023-09-13,52.99,54.62,52.8,53.55,490974.2,2023-09-13 23:59:59.999,26384667.948
2023-09-14,53.55,55.06,53.3,54.32,363310.9,2023-09-14 23:59:59.999,19696272.903
2023-09-15,54.32,56.1,53.86,55.84,330403.9,2023-09-15 23:59:59.999,18112783.484
2023-09-16,55.84,62.9,55.75,59.14,1489829.3,2023-09-16 23:59:59.999,89040024.182
2023-09-17,59.13,61.6,57.53,59.33,1209050.3,2023-09-17 23:59:59.999,72605908.761
2023-09-18,59.34,62.48,58.07,60.48,918846.2,2023-09-18 23:59:59.999,55789595.295
2023-09-19,60.48,64.47,60.45,61.8,801779.8,2023-09-19 23:59:59.999,49881634.633
2023-09-20,61.81,65.92,61.2,65.42,1168751.1,2023-09-20 23:59:59.999,74258163.461
2023-09-21,65.42,66.1,62.0,62.46,878340.6,2023-09-21 23:59:59.999,55963559.119
2023-09-22,62.47,64.53,61.66,64.36,540880.7,2023-09-22 23:59:59.999,34311012.492
2023-09-23,64.36,64.92,62.25,62.94,396742.0,2023-09-23 23:59:59.999,25151766.629
2023-09-24,62.93,63.19,61.36,61.68,378236.9,2023-09-24 23:59:59.999,23602773.766
2023-09-25,61.69,62.95,61.0,62.22,505355.0,2023-09-25 23:59:59.999,31421811.423
2023-09-26,62.21,62.31,60.22,61.11,407564.0,2023-09-26 23:59:59.999,25000419.56
2023-09-27,61.1,63.08,59.82,60.68,616689.8,2023-09-27 23:59:59.999,37830896.307
2023-09-28,60.68,66.86,60.45,65.66,1313301.3,2023-09-28 23:59:59.999,84083802.334
2023-09-29,65.67,67.89,64.92,66.04,837813.3,2023-09-29 23:59:59.999,55414016.673
2023-09-30,66.05,68.64,65.98,67.53,608970.0,2023-09-30 23:59:59.999,41055865.679
2023-10-01,67.53,72.4,67.3,72.22,774271.6,2023-10-01 23:59:59.999,53865649.644
2023-10-02,72.23,72.37,67.87,69.15,677128.7,2023-10-02 23:59:59.999,47344045.437
2023-10-03,69.14,70.25,64.44,65.04,995551.9,2023-10-03 23:59:59.999,66495645.409
2023-10-04,65.04,66.78,62.95,66.64,902269.2,2023-10-04 23:59:59.999,58568308.083
2023-10-05,66.64,72.86,66.13,66.85,2490568.2,2023-10-05 23:59:59.999,172615502.855
2023-10-06,66.86,69.74,66.84,68.85,875556.3,2023-10-06 23:59:59.999,59532162.237
2023-10-07,68.85,69.2,65.82,66.67,803347.2,2023-10-07 23:59:59.999,53729675.06
2023-10-08,66.68,67.36,65.06,65.98,384387.3,2023-10-08 23:59:59.999,25372036.328
2023-10-09,65.99,66.08,61.87,63.24,706916.8,2023-10-09 23:59:59.999,45230816.468
2023-10-10,63.25,64.98,63.0,64.07,604150.5,2023-10-10 23:59:59.999,38667605.662
2023-10-11,64.07,64.49,62.5,63.24,481746.8,2023-10-11 23:59:59.999,30522956.005
2023-10-12,63.25,64.16,61.68,62.92,415201.9,2023-10-12 23:59:59.999,26064528.595
2023-10-13,62.92,64.67,62.88,63.67,343011.5,2023-10-13 23:59:59.999,21781875.984
2023-10-14,63.67,65.02,63.53,64.22,283069.7,2023-10-14 23:59:59.999,18234507.636
2023-10-15,64.23,64.75,63.72,63.91,250651.2,2023-10-15 23:59:59.999,16080009.38
2023-10-16,63.92,67.12,63.41,64.74,751484.0,2023-10-16 23:59:59.999,48796912.005
2023-10-17,64.75,64.8,61.0,62.56,585887.6,2023-10-17 23:59:59.999,36932139.494
2023-10-18,62.56,63.56,61.8,62.0,356975.7,2023-10-18 23:59:59.999,22360654.646
2023-10-19,61.99,65.46,61.0,63.87,931857.7,2023-10-19 23:59:59.999,59395450.749
2023-10-20,63.87,69.96,63.31,65.86,1827189.7,2023-10-20 23:59:59.999,121548517.743
2023-10-21,65.87,70.92,65.15,70.03,1093763.5,2023-10-21 23:59:59.999,74310381.232
2023-10-22,70.03,80.25,68.88,79.27,3240053.1,2023-10-22 23:59:59.999,244735185.39
2023-10-23,79.28,88.0,78.28,84.9,3501116.6,2023-10-23 23:59:59.999,290812122.251
2023-10-24,84.92,90.95,80.65,83.5,2112390.7,2023-10-24 23:59:59.999,180566593.058
2023-10-25,83.5,86.53,81.25,86.15,1362172.4,2023-10-25 23:59:59.999,114055642.973
2023-10-26,86.14,89.04,76.69,80.73,1422218.0,2023-10-26 23:59:59.999,117103335.68
2023-10-27,80.73,80.77,75.42,78.38,798455.7,2023-10-27 23:59:59.999,62501633.688
2023-10-28,78.38,81.68,78.22,80.02,472476.3,2023-10-28 23:59:59.999,37850352.965
2023-10-29,80.03,85.97,79.2,84.57,829646.9,2023-10-29 23:59:59.999,68763025.807
2023-10-30,84.57,87.55,81.14,83.67,931230.0,2023-10-30 23:59:59.999,78595781.71
2023-10-31,83.68,84.85,78.87,81.46,775296.4,2023-10-31 23:59:59.999,63575898.633
2023-11-01,81.45,91.9,80.76,89.26,1645466.1,2023-11-01 23:59:59.999,141417441.554
2023-11-02,89.25,102.75,87.63,92.03,3456474.7,2023-11-02 23:59:59.999,330893169.009
2023-11-03,92.03,93.25,87.74,90.22,1009402.5,2023-11-03 23:59:59.999,91454448.654
2023-11-04,90.23,92.96,88.09,90.13,842437.6,2023-11-04 23:59:59.999,75777355.944
2023-11-05,90.13,92.4,86.02,89.15,1018765.0,2023-11-05 23:59:59.999,91258914.699
2023-11-06,89.15,100.99,87.56,100.33,1847404.1,2023-11-06 23:59:59.999,175928279.278
2023-11-07,100.34,104.87,95.51,97.49,1825898.1,2023-11-07 23:59:59.999,180746086.503
2023-11-08,97.5,101.49,95.14,100.38,767245.4,2023-11-08 23:59:59.999,75222875.122
2023-11-09,100.39,110.0,92.0,100.84,2486404.5,2023-11-09 23:59:59.999,253937982.545
2023-11-10,100.83,100.99,95.36,100.37,893666.7,2023-11-10 23:59:59.999,87943713.085
2023-11-11,100.38,100.68,94.0,96.95,958810.1,2023-11-11 23:59:59.999,93410673.252
2023-11-12,96.96,99.88,93.0,99.76,728669.1,2023-11-12 23:59:59.999,70189574.742
2023-11-13,99.77,104.82,92.05,92.94,1129288.8,2023-11-13 23:59:59.999,110624042.759
2023-11-14,92.91,95.52,85.06,90.8,812847.1,2023-11-14 23:59:59.999,74403673.545
2023-11-15,90.8,95.86,90.08,95.49,620636.5,2023-11-15 23:59:59.999,58016990.671
2023-11-16,95.49,98.29,90.03,91.1,1234441.2,2023-11-16 23:59:59.999,116935622.28
2023-11-17,91.11,93.61,84.93,88.71,734278.1,2023-11-17 23:59:59.999,65396383.593
2023-11-18,88.71,88.96,82.7,88.14,555820.6,2023-11-18 23:59:59.999,47926430.54
2023-11-19,88.13,91.77,86.0,91.51,372202.9,2023-11-19 23:59:59.999,33025495.45
2023-11-20,91.51,93.21,88.6,90.28,568262.0,2023-11-20 23:59:59.999,51874242.702
2023-11-21,90.28,92.65,83.36,84.47,853687.6,2023-11-21 23:59:59.999,75311604.98
2023-11-22,84.46,96.2,84.22,95.43,881705.6,2023-11-22 23:59:59.999,81138234.158
2023-11-23,95.43,101.1,95.04,96.05,695225.1,2023-11-23 23:59:59.999,67366029.219
2023-11-24,96.05,100.09,95.66,99.23,569785.1,2023-11-24 23:59:59.999,55672123.503
2023-11-25,99.24,101.94,97.19,99.65,456688.5,2023-11-25 23:59:59.999,45449565.238
2023-11-26,99.64,103.31,96.08,97.96,604358.1,2023-11-26 23:59:59.999,60447615.067
2023-11-27,97.97,99.17,93.32,96.28,384212.2,2023-11-27 23:59:59.999,36753514.929
2023-11-28,96.29,99.2,92.88,96.96,911349.3,2023-11-28 23:59:59.999,87979619.781
2023-11-29,96.96,98.91,95.37,96.53,487209.4,2023-11-29 23:59:59.999,47303898.216
2023-11-30,96.54,98.42,95.0,98.35,306898.6,2023-11-30 23:59:59.999,29611260.593
2023-12-01,98.35,101.83,98.04,100.18,378641.6,2023-12-01 23:59:59.999,37912412.458
2023-12-02,100.18,104.92,99.76,104.27,401249.1,2023-12-02 23:59:59.999,41077661.393
2023-12-03,104.28,106.16,101.27,102.83,314042.3,2023-12-03 23:59:59.999,32452730.991
2023-12-04,102.84,105.08,97.1,100.05,917043.3,2023-12-04 23:59:59.999,92332168.311
2023-12-05,100.05,100.79,95.3,98.79,764472.1,2023-12-05 23:59:59.999,74548235.087
2023-12-06,98.76,100.52,95.29,96.28,583513.5,2023-12-06 23:59:59.999,56957455.981
2023-12-07,96.28,99.77,94.42,98.72,648878.2,2023-12-07 23:59:59.999,63368165.553
2023-12-08,98.72,100.95,95.72,99.47,984810.6,2023-12-08 23:59:59.999,96915469.575
2023-12-09,99.49,105.08,97.35,98.65,1249073.3,2023-12-09 23:59:59.999,126143715.996
2023-12-10,98.66,99.98,95.3,97.97,575491.9,2023-12-10 23:59:59.999,56342882.814
2023-12-11,97.97,98.45,86.0,91.57,1322875.5,2023-12-11 23:59:59.999,120502360.032
2023-12-12,91.55,93.81,90.43,92.66,670396.4,2023-12-12 23:59:59.999,61736552.05
2023-12-13,92.67,95.3,88.15,94.78,848756.6,2023-12-13 23:59:59.999,77976319.131
2023-12-14,94.79,107.72,91.91,107.21,1225014.4,2023-12-14 23:59:59.999,121934195.358
2023-12-15,107.2,118.8,103.91,108.25,3022643.0,2023-12-15 23:59:59.999,337239518.245
2023-12-16,108.26,109.2,103.59,104.84,1105933.6,2023-12-16 23:59:59.999,117823257.918
2023-12-17,104.83,105.59,99.7,100.17,700484.2,2023-12-17 23:59:59.999,72436937.079
2023-12-18,100.17,101.05,93.18,99.38,900508.8,2023-12-18 23:59:59.999,87407266.164
2023-12-19,99.38,108.0,98.65,101.43,1203682.6,2023-12-19 23:59:59.999,124145556.491
2023-12-20,101.41,105.91,99.26,100.18,744467.8,2023-12-20 23:59:59.999,76103505.155
2023-12-21,100.17,102.24,98.6,101.79,648493.9,2023-12-21 23:59:59.999,64919362.679
2023-12-22,101.8,102.73,98.25,100.16,668034.3,2023-12-22 23:59:59.999,66827954.15
2023-12-23,100.16,102.25,94.92,99.44,961537.1,2023-12-23 23:59:59.999,93953085.713
2023-12-24,99.42,103.86,97.34,99.65,994924.1,2023-12-24 23:59:59.999,100566542.061
2023-12-25,99.64,105.25,98.32,102.81,953160.0,2023-12-25 23:59:59.999,96988618.563
2023-12-26,102.81,111.19,97.0,102.97,1765376.5,2023-12-26 23:59:59.999,183124882.759
2023-12-27,102.98,113.46,99.02,112.08,1462104.5,2023-12-27 23:59:59.999,156217112.127
2023-12-28,112.09,129.99,112.09,119.03,3000825.3,2023-12-28 23:59:59.999,362466342.117
2023-12-29,119.03,122.45,108.0,112.53,1617822.3,2023-12-29 23:59:59.999,182516164.207
2023-12-30,112.52,117.64,110.89,111.12,1089928.3,2023-12-30 23:59:59.999,124026987.764
2023-12-31,111.11,119.05,106.0,108.78,1195155.8,2023-12-31 23:59:59.999,136700430.637
2024-01-01,108.77,116.35,107.73,116.32,539862.3,2024-01-01 23:59:59.999,60207967.236
2024-01-02,116.32,120.07,108.17,110.4,832060.6,2024-01-02 23:59:59.999,95475875.632
2024-01-03,110.39,113.21,88.87,102.54,1381187.3,2024-01-03 23:59:59.999,143157021.201
2024-01-04,102.53,105.53,101.08,103.81,518354.7,2024-01-04 23:59:59.999,53606450.481
2024-01-05,103.82,108.61,98.98,102.94,790570.1,2024-01-05 23:59:59.999,81672227.407
2024-01-06,102.94,103.29,96.83,99.38,410797.1,2024-01-06 23:59:59.999,40936748.689
2024-01-07,99.38,100.54,93.55,94.86,452616.7,2024-01-07 23:59:59.999,44293596.4
2024-01-08,94.87,100.34,88.33,99.01,774825.9,2024-01-08 23:59:59.999,73444267.236
2024-01-09,99.02,99.26,91.82,96.43,665545.2,2024-01-09 23:59:59.999,63335105.762
2024-01-10,96.43,110.21,96.0,106.99,1245590.1,2024-01-10 23:59:59.999,127842510.355
2024-01-11,106.99,118.1,106.16,109.58,1362681.8,2024-01-11 23:59:59.999,151654678.769
2024-01-12,109.57,113.91,99.21,102.99,912967.6,2024-01-12 23:59:59.999,98591999.336
2024-01-13,102.98,107.69,100.62,105.97,370135.7,2024-01-13 23:59:59.999,38766846.668
2024-01-14,105.96,106.1,99.05,99.36,327691.8,2024-01-14 23:59:59.999,33654098.342
2024-01-15,99.36,103.31,99.24,101.82,356724.7,2024-01-15 23:59:59.999,36311171.313
2024-01-16,101.82,114.94,101.72,103.51,1096871.4,2024-01-16 23:59:59.999,116417140.638
2024-01-17,103.51,104.12,99.79,101.28,463712.7,2024-01-17 23:59:59.999,47188815.808
2024-01-18,101.29,101.67,95.21,96.84,417440.9,2024-01-18 23:59:59.999,41199987.872
2024-01-19,96.84,97.85,91.32,97.0,482591.3,2024-01-19 23:59:59.999,46007748.622
2024-01-20,96.99,98.56,95.94,97.36,258091.0,2024-01-20 23:59:59.999,25077800.363
2024-01-21,97.36,98.58,96.29,96.42,223354.2,2024-01-21 23:59:59.999,21770629.852
2024-01-22,96.42,97.21,90.21,91.72,457987.2,2024-01-22 23:59:59.999,42833268.88
2024-01-23,91.74,93.54,84.22,89.57,582583.8,2024-01-23 23:59:59.999,51168683.536
2024-01-24,89.59,90.71,88.27,89.95,282821.1,2024-01-24 23:59:59.999,25228772.314
2024-01-25,89.95,89.96,86.83,88.79,237447.5,2024-01-25 23:59:59.999,20984009.115
2024-01-26,88.79,91.65,87.44,91.27,259740.3,2024-01-26 23:59:59.999,23342014.29
2024-01-27,91.27,92.15,90.23,91.53,176515.8,2024-01-27 23:59:59.999,16126378.701
2024-01-28,91.53,93.45,89.96,91.14,258732.3,2024-01-28 23:59:59.999,23771099.613
2024-01-29,91.14,93.85,90.2,93.58,252474.5,2024-01-29 23:59:59.999,23305315.519
2024-01-30,93.58,95.35,92.14,92.98,331225.9,2024-01-30 23:59:59.999,31032106.766
2024-01-31,92.97,93.34,85.03,85.82,1136438.6,2024-01-31 23:59:59.999,99714631.01
2024-02-01,85.82,86.07,82.74,83.84,815530.0,2024-02-01 23:59:59.999,68344647.684
2024-02-02,83.84,86.5,82.25,85.84,1246213.1,2024-02-02 23:59:59.999,104634808.398
2024-02-03,85.83,86.82,84.81,85.62,391054.1,2024-02-03 23:59:59.999,33594961.896
2024-02-04,85.61,85.76,82.54,83.2,366558.3,2024-02-04 23:59:59.999,30963100.508
2024-02-05,83.21,85.93,81.36,84.16,494407.9,2024-02-05 23:59:59.999,41543330.363
2024-02-06,84.16,85.37,82.46,84.46,375007.2,2024-02-06 23:59:59.999,31512514.874
2024-02-07,84.46,84.99,82.22,84.18,458779.5,2024-02-07 23:59:59.999,38392906.957
2024-02-08,84.19,86.71,84.01,85.16,594235.9,2024-02-08 23:59:59.999,50687377.131
2024-02-09,85.16,89.88,85.12,87.61,739821.7,2024-02-09 23:59:59.999,64743762.284
2024-02-10,87.61,89.26,86.03,88.38,399495.6,2024-02-10 23:59:59.999,35175824.179
2024-02-11,88.38,89.88,86.61,87.24,402603.9,2024-02-11 23:59:59.999,35590925.53
2024-02-12,87.24,91.07,85.02,90.86,634503.9,2024-02-12 23:59:59.999,55821985.077
2024-02-13,90.87,91.44,87.8,89.63,641425.8,2024-02-13 23:59:59.999,57489100.888
2024-02-14,89.64,92.83,89.05,91.12,599250.7,2024-02-14 23:59:59.999,54512755.185
2024-02-15,91.12,93.71,90.05,92.37,746843.6,2024-02-15 23:59:59.999,68822144.316
2024-02-16,92.37,95.08,90.2,94.63,784396.0,2024-02-16 23:59:59.999,72930242.54
2024-02-17,94.63,94.91,91.1,93.99,635665.1,2024-02-17 23:59:59.999,59253062.341
2024-02-18,94.0,95.6,92.68,94.73,572654.4,2024-02-18 23:59:59.999,54002626.238
2024-02-19,94.73,98.13,94.3,96.3,657690.3,2024-02-19 23:59:59.999,63576536.99
2024-02-20,96.29,97.22,90.0,93.93,1029340.4,2024-02-20 23:59:59.999,96738281.795
2024-02-21,93.94,94.31,88.02,91.79,695053.6,2024-02-21 23:59:59.999,62959227.321
2024-02-22,91.8,94.0,90.13,92.01,500384.2,2024-02-22 23:59:59.999,46215988.889
2024-02-23,92.01,102.0,89.51,94.71,1760697.1,2024-02-23 23:59:59.999,168102145.61
2024-02-24,94.7,104.14,93.77,101.22,1675602.8,2024-02-24 23:59:59.999,167253698.318
2024-02-25,101.2,101.83,97.49,100.47,626457.3,2024-02-25 23:59:59.999,62146036.778
2024-02-26,100.47,104.08,97.94,102.92,854976.3,2024-02-26 23:59:59.999,86857585.728
2024-02-27,102.91,106.11,101.06,104.9,755047.6,2024-02-27 23:59:59.999,78182322.468
2024-02-28,104.89,108.94,96.0,104.53,1221170.2,2024-02-28 23:59:59.999,127888510.106
2024-02-29,104.53,115.05,103.11,105.88,1140895.9,2024-02-29 23:59:59.999,124839496.12
2024-03-01,105.88,110.72,105.86,110.64,546984.0,2024-03-01 23:59:59.999,59495243.463
2024-03-02,110.65,118.78,109.86,116.27,757880.9,2024-03-02 23:59:59.999,86797593.918
2024-03-03,116.29,119.29,104.0,112.72,783000.2,2024-03-03 23:59:59.999,88789760.045
2024-03-04,112.71,115.6,105.06,114.35,989813.1,2024-03-04 23:59:59.999,111792088.84
2024-03-05,114.36,119.98,88.47,105.75,1710611.9,2024-03-05 23:59:59.999,189434436.658
2024-03-06,105.76,128.25,102.07,127.71,1764353.0,2024-03-06 23:59:59.999,208645466.39
2024-03-07,127.72,134.26,120.71,134.11,1135248.5,2024-03-07 23:59:59.999,143338133.375
2024-03-08,134.1,138.29,126.7,132.75,1078095.2,2024-03-08 23:59:59.999,142129560.483
2024-03-09,132.76,135.34,128.73,131.48,527029.4,2024-03-09 23:59:59.999,69424907.257
2024-03-10,131.48,133.8,122.6,126.97,612387.5,2024-03-10 23:59:59.999,78752716.113
2024-03-11,126.99,138.83,120.0,136.97,1026855.6,2024-03-11 23:59:59.999,136116099.79
2024-03-12,136.98,138.95,123.08,135.49,995841.7,2024-03-12 23:59:59.999,131039754.229
2024-03-13,135.51,154.05,134.02,142.81,1311998.8,2024-03-13 23:59:59.999,190208764.253
2024-03-14,142.84,146.1,132.02,139.55,903375.6,2024-03-14 23:59:59.999,125816427.112
2024-03-15,139.57,141.78,122.0,129.25,1126566.5,2024-03-15 23:59:59.999,145494850.609
2024-03-16,129.28,130.5,116.13,118.83,729750.7,2024-03-16 23:59:59.999,89641177.125
2024-03-17,118.83,129.67,113.34,127.0,742138.1,2024-03-17 23:59:59.999,90476589.475
2024-03-18,126.99,129.58,118.92,123.55,687106.1,2024-03-18 23:59:59.999,85290369.908
2024-03-19,123.52,124.8,107.18,109.41,1074451.8,2024-03-19 23:59:59.999,122354306.32
2024-03-20,109.39,120.99,105.0,120.25,966158.0,2024-03-20 23:59:59.999,108443195.904
2024-03-21,120.23,124.97,116.27,123.45,662340.4,2024-03-21 23:59:59.999,80067172.133
2024-03-22,123.45,125.24,114.59,119.05,613190.9,2024-03-22 23:59:59.999,73182546.715
2024-03-23,119.05,124.78,118.11,121.48,417520.3,2024-03-23 23:59:59.999,50955087.292
2024-03-24,121.47,125.76,120.07,124.95,371652.3,2024-03-24 23:59:59.999,45642935.794
2024-03-25,124.99,130.42,123.89,127.13,408319.5,2024-03-25 23:59:59.999,51977262.124
2024-03-26,127.13,132.12,125.53,130.96,444795.2,2024-03-26 23:59:59.999,57446188.249
2024-03-27,130.94,132.35,123.91,125.09,507420.6,2024-03-27 23:59:59.999,64879073.648
2024-03-28,125.1,128.55,122.61,127.99,312115.5,2024-03-28 23:59:59.999,39289363.092
2024-03-29,128.0,130.63,124.56,127.63,404650.9,2024-03-29 23:59:59.999,51712409.402
2024-03-30,127.64,129.24,123.3,124.04,262394.0,2024-03-30 23:59:59.999,33156151.022
2024-03-31,124.04,128.58,123.55,128.49,262893.7,2024-03-31 23:59:59.999,33247621.161
2024-04-01,128.47,131.85,121.12,129.5,1008568.7,2024-04-01 23:59:59.999,127426979.925
2024-04-02,129.5,129.99,112.87,115.54,953084.9,2024-04-02 23:59:59.999,113235925.079
2024-04-03,115.55,119.1,111.48,114.59,581456.1,2024-04-03 23:59:59.999,67323404.687
2024-04-04,114.59,119.74,112.14,116.44,376110.6,2024-04-04 23:59:59.999,43686834.034
2024-04-05,116.46,116.77,109.45,113.76,423524.6,2024-04-05 23:59:59.999,47915837.79
2024-04-06,113.76,121.57,113.13,118.65,937426.6,2024-04-06 23:59:59.999,110729708.522
2024-04-07,118.65,123.13,118.35,122.91,340242.2,2024-04-07 23:59:59.999,41133513.616
2024-04-08,122.91,129.97,121.36,129.23,446088.7,2024-04-08 23:59:59.999,56181343.243
2024-04-09,129.22,134.08,125.29,126.59,880180.9,2024-04-09 23:59:59.999,113929922.113
2024-04-10,126.57,129.6,122.14,128.55,1062044.4,2024-04-10 23:59:59.999,133612102.312
2024-04-11,128.58,132.94,115.52,117.69,917891.5,2024-04-11 23:59:59.999,112368801.243
2024-04-12,117.69,120.15,86.53,99.81,1269814.0,2024-04-12 23:59:59.999,133920909.923
2024-04-13,99.8,99.97,67.07,82.45,2252292.5,2024-04-13 23:59:59.999,191179200.001
2024-04-14,82.44,89.17,79.67,87.86,1278678.5,2024-04-14 23:59:59.999,106837822.559
2024-04-15,87.86,91.55,80.84,84.82,1079284.5,2024-04-15 23:59:59.999,93329695.021
2024-04-16,84.83,89.35,80.78,86.65,735240.9,2024-04-16 23:59:59.999,61949574.924
2024-04-17,86.65,87.49,80.99,83.61,620829.7,2024-04-17 23:59:59.999,52373148.451
2024-04-18,83.61,86.67,81.89,85.39,499199.2,2024-04-18 23:59:59.999,42204032.345
2024-04-19,85.39,88.87,78.57,85.72,705050.5,2024-04-19 23:59:59.999,59714901.783
2024-04-20,85.71,92.32,84.68,91.75,475848.0,2024-04-20 23:59:59.999,41978925.908
2024-04-21,91.76,93.2,89.01,91.03,397846.3,2024-04-21 23:59:59.999,36390952.259
2024-04-22,91.02,97.39,90.38,96.31,428687.9,2024-04-22 23:59:59.999,40538682.381
2024-04-23,96.31,97.4,93.55,94.57,313188.6,2024-04-23 23:59:59.999,29845370.593
2024-04-24,94.56,97.1,89.7,90.69,442256.2,2024-04-24 23:59:59.999,41453561.123
2024-04-25,90.69,91.9,87.9,91.46,377177.3,2024-04-25 23:59:59.999,33924826.492
2024-04-26,91.45,91.6,88.06,89.52,283248.6,2024-04-26 23:59:59.999,25506951.743
2024-04-27,89.52,93.05,86.0,91.7,347228.9,2024-04-27 23:59:59.999,31011309.398
2024-04-28,91.71,93.23,89.8,90.2,217934.0,2024-04-28 23:59:59.999,19990940.671
2024-04-29,90.21,91.81,86.64,89.33,324370.3,2024-04-29 23:59:59.999,28817051.242
2024-04-30,89.34,90.35,80.66,83.3,517433.7,2024-04-30 23:59:59.999,43456176.521
2024-05-01,83.29,84.44,78.45,83.59,615961.4,2024-05-01 23:59:59.999,50272083.771
2024-05-02,83.62,85.96,80.93,84.84,356244.3,2024-05-02 23:59:59.999,29888176.405
2024-05-03,84.84,89.2,83.52,88.72,296530.3,2024-05-03 23:59:59.999,25615746.955
2024-05-04,88.71,89.92,87.62,88.94,196338.4,2024-05-04 23:59:59.999,17438878.381
2024-05-05,88.95,90.34,87.26,89.94,223173.4,2024-05-05 23:59:59.999,19840995.893
2024-05-06,89.95,92.82,87.7,87.83,312488.5,2024-05-06 23:59:59.999,28086683.65
2024-05-07,87.84,91.41,86.02,87.86,358282.4,2024-05-07 23:59:59.999,31916704.452
2024-05-08,87.86,89.17,85.45,86.1,418087.4,2024-05-08 23:59:59.999,36467684.284
2024-05-09,86.09,90.61,84.93,89.87,347778.3,2024-05-09 23:59:59.999,30454460.229
2024-05-10,89.87,90.7,83.63,83.73,343258.8,2024-05-10 23:59:59.999,29719982.991
2024-05-11,83.72,84.56,82.01,82.21,273041.9,2024-05-11 23:59:59.999,22770520.007
2024-05-12,82.22,84.31,82.14,82.95,178384.3,2024-05-12 23:59:59.999,14811945.772
2024-05-13,82.96,85.93,80.09,82.76,417318.4,2024-05-13 23:59:59.999,34646537.744
2024-05-14,82.76,82.89,80.0,80.38,267418.5,2024-05-14 23:59:59.999,21778651.916
2024-05-15,80.39,86.75,79.86,86.02,314735.5,2024-05-15 23:59:59.999,26311856.66
2024-05-16,86.02,86.82,83.87,85.88,238179.7,2024-05-16 23:59:59.999,20395320.11
2024-05-17,85.88,89.35,84.83,88.17,233010.4,2024-05-17 23:59:59.999,20400491.066
2024-05-18,88.18,90.02,87.6,88.17,270101.8,2024-05-18 23:59:59.999,23953585.285
2024-05-19,88.17,88.73,84.39,85.26,241618.4,2024-05-19 23:59:59.999,20918443.685
2024-05-20,85.26,98.09,84.08,98.05,627873.1,2024-05-20 23:59:59.999,56775584.905
2024-05-21,98.07,100.04,95.43,97.13,553092.7,2024-05-21 23:59:59.999,54106935.379
2024-05-22,97.13,97.93,92.95,94.44,359569.5,2024-05-22 23:59:59.999,34306834.035
2024-05-23,94.44,99.96,91.13,97.96,753476.7,2024-05-23 23:59:59.999,72139032.695
2024-05-24,97.95,105.03,95.09,99.43,885977.3,2024-05-24 23:59:59.999,87950124.944
2024-05-25,99.43,108.57,99.22,105.23,812613.6,2024-05-25 23:59:59.999,85743058.407
2024-05-26,105.23,112.94,103.63,109.65,857670.3,2024-05-26 23:59:59.999,93098874.375
2024-05-27,109.64,114.73,107.3,108.64,649060.8,2024-05-27 23:59:59.999,71659585.512
2024-05-28,108.65,109.11,103.69,106.45,558342.0,2024-05-28 23:59:59.999,59413244.585
2024-05-29,106.44,107.78,102.59,103.83,458740.3,2024-05-29 23:59:59.999,48212902.729
2024-05-30,103.81,107.41,102.13,102.93,366886.0,2024-05-30 23:59:59.999,38188232.774
2024-05-31,102.93,104.81,100.09,103.82,394226.9,2024-05-31 23:59:59.999,40515813.295
2024-06-01,103.82,105.5,103.61,104.14,194552.4,2024-06-01 23:59:59.999,20348220.41
2024-06-02,104.12,105.39,102.06,103.2,214174.2,2024-06-02 23:59:59.999,22263911.119
2024-06-03,103.18,105.62,100.75,101.13,229504.0,2024-06-03 23:59:59.999,23734158.971
2024-06-04,101.13,104.37,99.76,103.1,320198.1,2024-06-04 23:59:59.999,32575024.571
2024-06-05,103.1,105.59,102.21,104.45,246233.2,2024-06-05 23:59:59.999,25487464.924
2024-06-06,104.47,104.55,101.05,102.49,207813.3,2024-06-06 23:59:59.999,21410418.426
2024-06-07,102.48,104.97,87.91,97.47,709682.5,2024-06-07 23:59:59.999,69899367.704
2024-06-08,97.46,98.14,92.08,92.85,263231.3,2024-06-08 23:59:59.999,24950465.856
2024-06-09,92.84,94.21,91.87,93.44,144279.9,2024-06-09 23:59:59.999,13443912.416
2024-06-10,93.43,93.93,90.38,90.83,333054.2,2024-06-10 23:59:59.999,30671564.659
2024-06-11,90.82,91.12,84.57,87.7,454071.0,2024-06-11 23:59:59.999,39826083.601
2024-06-12,87.71,93.7,86.67,89.98,436049.3,2024-06-12 23:59:59.999,39315231.594
2024-06-13,89.99,90.06,83.04,83.73,450478.2,2024-06-13 23:59:59.999,38699206.06
2024-06-14,83.73,86.18,80.33,83.63,436452.5,2024-06-14 23:59:59.999,36600248.392
2024-06-15,83.63,87.12,83.36,85.88,227128.1,2024-06-15 23:59:59.999,19380492.379
2024-06-16,85.88,86.82,84.18,85.74,265336.1,2024-06-16 23:59:59.999,22649115.058
2024-06-17,85.74,87.94,81.31,84.92,908863.4,2024-06-17 23:59:59.999,77358882.728
2024-06-18,84.91,85.56,73.0,81.96,842474.3,2024-06-18 23:59:59.999,66945246.705
2024-06-19,81.96,88.87,81.39,87.3,648150.2,2024-06-19 23:59:59.999,56070552.836
2024-06-20,87.29,90.1,84.58,84.78,506507.5,2024-06-20 23:59:59.999,44164713.763
2024-06-21,84.77,86.68,81.69,81.94,502268.9,2024-06-21 23:59:59.999,42401977.174
2024-06-22,81.95,82.35,79.58,81.6,263343.3,2024-06-22 23:59:59.999,21252463.497
2024-06-23,81.6,82.81,80.04,80.7,291805.4,2024-06-23 23:59:59.999,23838684.204
2024-06-24,80.7,90.49,76.18,86.24,1194531.6,2024-06-24 23:59:59.999,100331052.99
2024-06-25,86.23,95.3,86.14,92.01,1190265.1,2024-06-25 23:59:59.999,108946454.904
2024-06-26,92.0,95.62,90.0,94.45,617576.5,2024-06-26 23:59:59.999,57088192.706
2024-06-27,94.46,96.48,90.94,93.42,814005.2,2024-06-27 23:59:59.999,75923849.695
2024-06-28,93.42,96.95,92.82,93.53,580323.2,2024-06-28 23:59:59.999,54994561.275
2024-06-29,93.53,97.45,93.51,96.53,404123.4,2024-06-29 23:59:59.999,38680601.566
2024-06-30,96.53,98.12,94.4,97.41,431016.1,2024-06-30 23:59:59.999,41424550.097
2024-07-01,97.42,99.94,96.28,98.28,442139.3,2024-07-01 23:59:59.999,43562018.966
2024-07-02,98.27,99.6,88.36,91.45,1049282.8,2024-07-02 23:59:59.999,97062032.539
2024-07-03,91.46,92.35,83.8,84.22,958766.6,2024-07-03 23:59:59.999,84750685.469
2024-07-04,84.23,85.87,78.69,79.53,849391.9,2024-07-04 23:59:59.999,70216568.33
2024-07-05,79.53,80.37,70.74,79.83,1279588.6,2024-07-05 23:59:59.999,97735917.21
2024-07-06,79.83,83.57,78.38,83.1,391186.7,2024-07-06 23:59:59.999,31659466.566
2024-07-07,83.1,83.32,77.87,78.23,431129.6,2024-07-07 23:59:59.999,34730373.435
2024-07-08,78.23,84.15,75.39,81.98,622243.8,2024-07-08 23:59:59.999,50059358.611
2024-07-09,81.97,86.17,81.21,85.23,463623.8,2024-07-09 23:59:59.999,38693385.33
2024-07-10,85.23,91.16,83.75,91.08,403401.4,2024-07-10 23:59:59.999,35322459.12
2024-07-11,91.08,95.9,88.45,92.74,760947.7,2024-07-11 23:59:59.999,70609821.851
2024-07-12,92.73,98.36,91.86,97.4,736101.8,2024-07-12 23:59:59.999,69883449.696
2024-07-13,97.39,101.7,95.52,99.23,534210.8,2024-07-13 23:59:59.999,52501252.772
2024-07-14,99.22,104.99,99.05,104.35,521928.8,2024-07-14 23:59:59.999,53346607.74
2024-07-15,104.34,106.62,101.2,103.94,709707.6,2024-07-15 23:59:59.999,73671401.147
2024-07-16,103.95,106.75,99.24,100.6,805767.9,2024-07-16 23:59:59.999,83235994.619
2024-07-17,100.58,103.6,97.3,98.01,615766.1,2024-07-17 23:59:59.999,61606111.852
2024-07-18,98.0,100.42,95.33,98.5,465052.0,2024-07-18 23:59:59.999,45706441.997
2024-07-19,98.5,101.29,95.62,100.7,304538.7,2024-07-19 23:59:59.999,30045094.408
2024-07-20,100.7,100.78,98.43,98.92,215936.2,2024-07-20 23:59:59.999,21519081.893
2024-07-21,98.91,100.15,94.14,98.27,350831.1,2024-07-21 23:59:59.999,34255157.042
2024-07-22,98.27,99.56,93.42,94.1,381519.5,2024-07-22 23:59:59.999,36493286.685
2024-07-23,94.08,96.25,91.52,94.42,488148.0,2024-07-23 23:59:59.999,45986817.724
2024-07-24,94.4,94.75,89.2,89.85,263981.5,2024-07-24 23:59:59.999,24401533.998
2024-07-25,89.85,97.16,85.61,92.71,1843544.6,2024-07-25 23:59:59.999,168553139.933
2024-07-26,92.71,103.18,92.58,97.67,1325423.5,2024-07-26 23:59:59.999,131315764.057
2024-07-27,97.66,102.92,97.02,101.08,607201.4,2024-07-27 23:59:59.999,60714899.719
2024-07-28,101.07,101.14,97.86,98.66,358424.1,2024-07-28 23:59:59.999,35750444.13
2024-07-29,98.67,106.34,98.66,104.92,675154.9,2024-07-29 23:59:59.999,69323852.146
2024-07-30,104.93,106.66,102.54,105.12,772972.4,2024-07-30 23:59:59.999,80905496.468
2024-07-31,105.13,112.32,103.98,107.44,1160314.0,2024-07-31 23:59:59.999,125450651.707
2024-08-01,107.44,117.35,103.55,116.67,2729225.6,2024-08-01 23:59:59.999,301818270.112
2024-08-02,116.69,118.0,106.8,110.3,2767169.4,2024-08-02 23:59:59.999,313999036.252
2024-08-03,110.3,116.78,102.98,105.48,2712795.4,2024-08-03 23:59:59.999,298058372.594
2024-08-04,105.47,112.05,96.76,97.09,2845746.2,2024-08-04 23:59:59.999,297056950.656
2024-08-05,97.1,98.9,76.16,95.57,4224311.0,2024-08-05 23:59:59.999,367074350.998
2024-08-06,95.58,107.88,95.25,103.52,2042679.2,2024-08-06 23:59:59.999,207899983.086
2024-08-07,103.54,106.39,96.5,98.32,1723869.0,2024-08-07 23:59:59.999,174304109.137
2024-08-08,98.31,103.86,95.14,101.38,1664270.1,2024-08-08 23:59:59.999,164042326.704
2024-08-09,101.38,101.46,93.56,96.29,1004509.5,2024-08-09 23:59:59.999,97290699.837
2024-08-10,96.29,97.1,92.44,93.25,547310.8,2024-08-10 23:59:59.999,51703909.486
2024-08-11,93.26,96.13,90.76,91.14,765850.0,2024-08-11 23:59:59.999,71597318.11
2024-08-12,91.13,97.07,90.16,95.57,1059553.4,2024-08-12 23:59:59.999,99411998.031
2024-08-13,95.58,98.77,93.61,97.7,1017005.4,2024-08-13 23:59:59.999,98115075.408
2024-08-14,97.69,106.72,96.15,105.94,1651597.5,2024-08-14 23:59:59.999,169926230.519
2024-08-15,105.94,112.0,104.12,107.74,3289059.7,2024-08-15 23:59:59.999,353020346.256
2024-08-16,107.75,114.82,105.65,112.59,2810451.3,2024-08-16 23:59:59.999,308743099.879
2024-08-17,112.6,116.66,109.4,110.84,1454740.4,2024-08-17 23:59:59.999,163371161.468
2024-08-18,110.84,113.33,109.26,111.31,1105105.2,2024-08-18 23:59:59.999,123042854.579
2024-08-19,111.3,122.49,107.5,118.03,2318653.6,2024-08-19 23:59:59.999,265223435.357
2024-08-20,118.04,132.2,117.51,128.8,2700008.3,2024-08-20 23:59:59.999,340992311.322
2024-08-21,128.79,143.65,127.66,140.08,3036748.9,2024-08-21 23:59:59.999,414798188.383
2024-08-22,140.07,141.89,133.17,135.73,1433632.3,2024-08-22 23:59:59.999,195801312.212
2024-08-23,135.73,148.89,132.01,143.25,1969653.0,2024-08-23 23:59:59.999,272159192.324
2024-08-24,143.25,143.37,135.18,136.99,1045296.9,2024-08-24 23:59:59.999,144935477.043
2024-08-25,136.99,139.82,133.5,135.41,784078.2,2024-08-25 23:59:59.999,106850778.398
2024-08-26,135.41,136.76,127.8,128.63,936687.6,2024-08-26 23:59:59.999,123582195.173
2024-08-27,128.63,131.66,117.05,119.9,1171823.4,2024-08-27 23:59:59.999,146353472.442
2024-08-28,119.9,128.9,118.21,125.45,1379376.3,2024-08-28 23:59:59.999,170959526.198
2024-08-29,125.44,128.23,121.56,123.18,874437.7,2024-08-29 23:59:59.999,108838365.802
2024-08-30,123.18,131.85,118.25,131.12,1191829.3,2024-08-30 23:59:59.999,148026018.685
2024-08-31,131.12,134.0,127.91,129.6,960737.4,2024-08-31 23:59:59.999,125887982.516
2024-09-01,129.59,130.0,120.09,120.57,1036182.7,2024-09-01 23:59:59.999,129261766.497
2024-09-02,120.56,135.26,117.68,134.82,1433770.6,2024-09-02 23:59:59.999,180292652.76
2024-09-03,134.84,135.25,118.6,118.72,2033200.6,2024-09-03 23:59:59.999,256986372.55
2024-09-04,118.74,138.83,116.0,135.14,3850580.7,2024-09-04 23:59:59.999,501434268.369
2024-09-05,135.13,137.19,127.34,128.81,1881422.7,2024-09-05 23:59:59.999,248195533.688
2024-09-06,128.82,130.66,119.47,126.78,2258603.0,2024-09-06 23:59:59.999,282429843.585
2024-09-07,126.77,130.74,124.0,125.05,1159012.9,2024-09-07 23:59:59.999,147269208.234
2024-09-08,125.05,127.4,123.09,125.84,857734.0,2024-09-08 23:59:59.999,107581895.548
2024-09-09,125.84,142.24,123.99,139.93,2259754.5,2024-09-09 23:59:59.999,305504029.071
2024-09-10,139.93,152.9,136.12,150.49,2147041.9,2024-09-10 23:59:59.999,310089401.056
2024-09-11,150.49,159.0,144.92,149.35,3686438.8,2024-09-11 23:59:59.999,553140400.0
2024-09-12,149.35,151.8,141.8,144.95,2328557.8,2024-09-12 23:59:59.999,342548439.16
2024-09-13,144.94,146.37,139.2,144.21,1700839.9,2024-09-13 23:59:59.999,242227540.804
2024-09-14,144.22,144.24,137.4,139.98,906304.5,2024-09-14 23:59:59.999,126662505.156
2024-09-15,139.99,149.84,139.77,143.29,1533776.3,2024-09-15 23:59:59.999,223187772.409
2024-09-16,143.29,143.73,137.56,140.21,1266287.1,2024-09-16 23:59:59.999,178085865.029
2024-09-17,140.2,147.44,136.64,140.48,1415411.6,2024-09-17 23:59:59.999,200951835.616
2024-09-18,140.49,141.89,134.03,141.65,1317887.9,2024-09-18 23:59:59.999,180791342.201
2024-09-19,141.66,153.12,141.0,150.25,1393332.5,2024-09-19 23:59:59.999,204687274.036
2024-09-20,150.26,158.09,147.51,153.34,1006450.1,2024-09-20 23:59:59.999,153910391.95
2024-09-21,153.33,154.67,149.75,154.51,502704.6,2024-09-21 23:59:59.999,76258568.923
2024-09-22,154.51,162.89,154.04,162.06,1669511.1,2024-09-22 23:59:59.999,264246902.916
2024-09-23,162.08,185.24,158.46,171.89,1909163.5,2024-09-23 23:59:59.999,326800930.157
2024-09-24,171.9,173.56,163.62,166.07,1153522.2,2024-09-24 23:59:59.999,193471891.68
2024-09-25,166.06,173.8,164.12,165.02,1035950.2,2024-09-25 23:59:59.999,174084968.398
2024-09-26,165.01,170.0,162.93,165.08,908173.7,2024-09-26 23:59:59.999,151229934.057
2024-09-27,165.09,174.0,163.41,170.28,1126656.8,2024-09-27 23:59:59.999,189522638.981
2024-09-28,170.28,171.1,161.64,163.82,630260.4,2024-09-28 23:59:59.999,104653027.979
2024-09-29,163.82,164.95,158.5,161.41,658708.9,2024-09-29 23:59:59.999,106300805.509
2024-09-30,161.43,161.64,154.6,156.61,879177.0,2024-09-30 23:59:59.999,138477862.655
2024-10-01,156.62,164.21,143.12,144.72,1451055.3,2024-10-01 23:59:59.999,222645467.605
2024-10-02,144.71,150.13,136.7,139.06,1262141.1,2024-10-02 23:59:59.999,180329940.641
2024-10-03,139.07,146.84,134.56,143.6,1822593.2,2024-10-03 23:59:59.999,256117091.923
2024-10-04,143.6,152.78,141.42,151.23,1512159.6,2024-10-04 23:59:59.999,224401181.675
2024-10-05,151.22,151.77,145.92,148.39,495936.9,2024-10-05 23:59:59.999,73988437.601
2024-10-06,148.4,150.5,146.1,150.06,508739.8,2024-10-06 23:59:59.999,75399624.83
2024-10-07,150.06,154.79,145.38,146.62,1097161.0,2024-10-07 23:59:59.999,164173064.79
2024-10-08,146.61,147.65,141.66,143.05,777299.7,2024-10-08 23:59:59.999,112352630.519
2024-10-09,143.05,144.13,138.39,139.37,938861.4,2024-10-09 23:59:59.999,132743124.017
2024-10-10,139.37,145.15,136.24,140.61,1234375.1,2024-10-10 23:59:59.999,174023551.106
2024-10-11,140.61,145.74,140.24,143.84,661503.4,2024-10-11 23:59:59.999,94506067.777
2024-10-12,143.84,157.02,143.19,154.69,828505.3,2024-10-12 23:59:59.999,124032162.55
2024-10-13,154.69,155.96,150.43,154.53,665182.3,2024-10-13 23:59:59.999,101636619.465
2024-10-14,154.53,165.36,152.93,162.85,1063113.1,2024-10-14 23:59:59.999,171046976.763
2024-10-15,162.86,165.93,152.71,156.7,1219194.7,2024-10-15 23:59:59.999,193976113.787
2024-10-16,156.68,159.87,153.41,155.7,617824.1,2024-10-16 23:59:59.999,96737117.285
2024-10-17,155.72,157.67,150.01,153.05,598221.0,2024-10-17 23:59:59.999,92330671.212
2024-10-18,153.06,159.06,151.94,158.97,500029.2,2024-10-18 23:59:59.999,77942220.76
2024-10-19,158.96,159.89,155.7,158.12,379853.1,2024-10-19 23:59:59.999,59988941.368
2024-10-20,158.12,160.54,155.9,158.87,394696.3,2024-10-20 23:59:59.999,62429674.702
2024-10-21,158.87,159.87,151.4,153.19,479054.5,2024-10-21 23:59:59.999,74236311.195
2024-10-22,153.2,155.35,149.95,152.64,379455.5,2024-10-22 23:59:59.999,57897440.745
2024-10-23,152.62,152.99,143.84,149.52,424845.1,2024-10-23 23:59:59.999,63033369.608
2024-10-24,149.53,153.07,145.84,147.4,414718.9,2024-10-24 23:59:59.999,61914576.408
2024-10-25,147.4,149.61,131.5,137.98,749984.1,2024-10-25 23:59:59.999,106882897.236
2024-10-26,137.99,143.8,136.51,142.59,383506.6,2024-10-26 23:59:59.999,53924620.847
2024-10-27,142.58,147.97,141.71,147.85,272547.1,2024-10-27 23:59:59.999,39290775.893
2024-10-28,147.86,154.27,146.27,151.54,692182.2,2024-10-28 23:59:59.999,104282037.704
2024-10-29,151.53,155.34,149.08,151.42,522268.0,2024-10-29 23:59:59.999,79625685.388
2024-10-30,151.42,158.32,148.57,156.18,609742.2,2024-10-30 23:59:59.999,94342586.647
2024-10-31,156.18,157.7,140.77,143.39,620196.4,2024-10-31 23:59:59.999,91378441.862
2024-11-01,143.39,147.0,139.87,141.34,525907.9,2024-11-01 23:59:59.999,75209673.506
2024-11-02,141.34,143.71,136.82,138.36,309653.7,2024-11-02 23:59:59.999,43250413.93
2024-11-03,138.36,138.6,128.5,132.78,626792.9,2024-11-03 23:59:59.999,83464235.077
2024-11-04,132.8,134.81,125.64,128.23,543512.0,2024-11-04 23:59:59.999,70570409.998
2024-11-05,128.23,136.81,127.81,135.73,773967.2,2024-11-05 23:59:59.999,102263163.344
2024-11-06,135.73,176.41,135.7,173.69,2457134.0,2024-11-06 23:59:59.999,392726488.208
2024-11-07,173.69,191.0,173.27,183.55,2215354.2,2024-11-07 23:59:59.999,407919620.164
2024-11-08,183.58,185.5,176.12,182.01,892560.5,2024-11-08 23:59:59.999,160874639.396
2024-11-09,182.02,199.65,181.04,195.3,1237913.9,2024-11-09 23:59:59.999,236144682.425
2024-11-10,195.29,198.86,181.5,190.19,1341957.1,2024-11-10 23:59:59.999,258072632.673
2024-11-11,190.21,195.4,183.29,193.66,1089676.4,2024-11-11 23:59:59.999,205932944.572
2024-11-12,193.67,197.0,172.7,179.43,1662441.8,2024-11-12 23:59:59.999,306284236.836
2024-11-13,179.44,188.01,167.31,173.4,1335065.1,2024-11-13 23:59:59.999,234933696.179
2024-11-14,173.4,177.05,155.74,158.3,1022358.9,2024-11-14 23:59:59.999,171141637.516
2024-11-15,158.33,166.54,150.63,164.54,1365304.3,2024-11-15 23:59:59.999,216830061.378
2024-11-16,164.54,175.91,163.1,169.07,866659.8,2024-11-16 23:59:59.999,146307613.475
2024-11-17,169.07,172.65,159.5,162.13,795794.5,2024-11-17 23:59:59.999,132130373.734
2024-11-18,162.13,172.98,161.31,170.89,962637.2,2024-11-18 23:59:59.999,161449669.228
2024-11-19,170.89,173.67,158.64,162.1,901834.1,2024-11-19 23:59:59.999,147928043.114
2024-11-20,162.08,168.32,153.29,156.83,917142.4,2024-11-20 23:59:59.999,147050375.984
2024-11-21,156.83,171.07,151.85,169.39,1113505.4,2024-11-21 23:59:59.999,181766392.065
2024-11-22,169.41,173.69,161.37,173.68,931148.7,2024-11-22 23:59:59.999,155449316.688
2024-11-23,173.68,184.45,170.02,174.52,1340774.3,2024-11-23 23:59:59.999,236478246.126
2024-11-24,174.51,183.8,160.0,171.29,1250312.1,2024-11-24 23:59:59.999,214559778.747
2024-11-25,171.27,190.09,166.0,181.54,1809834.8,2024-11-25 23:59:59.999,325895346.538
2024-11-26,181.55,184.46,165.55,181.75,1444783.9,2024-11-26 23:59:59.999,252600777.257
2024-11-27,181.75,211.0,180.72,210.66,2100853.4,2024-11-27 23:59:59.999,412410425.564
2024-11-28,210.66,211.52,197.7,200.3,882422.3,2024-11-28 23:59:59.999,179805627.063
2024-11-29,200.31,202.53,194.88,199.12,639961.5,2024-11-29 23:59:59.999,127493016.181
2024-11-30,199.12,212.99,197.71,211.99,1009386.5,2024-11-30 23:59:59.999,207220515.885
2024-12-01,212.0,214.93,202.74,209.41,791632.2,2024-12-01 23:59:59.999,164232079.171
2024-12-02,209.44,241.66,204.0,235.63,2430029.5,2024-12-02 23:59:59.999,541319621.849
2024-12-03,235.63,249.68,221.84,240.58,2000267.8,2024-12-03 23:59:59.999,473583191.539
2024-12-04,240.6,273.75,236.21,256.5,1800297.7,2024-12-04 23:59:59.999,458099661.372
2024-12-05,256.52,267.24,240.58,247.86,1374970.6,2024-12-05 23:59:59.999,347470771.18
2024-12-06,247.87,291.39,246.69,281.95,1425016.3,2024-12-06 23:59:59.999,383639514.524
2024-12-07,281.94,297.61,278.32,282.46,819977.9,2024-12-07 23:59:59.999,233833424.8
2024-12-08,282.45,285.4,274.01,282.99,616687.4,2024-12-08 23:59:59.999,172797821.636
2024-12-09,282.99,284.38,220.0,260.53,1698010.3,2024-12-09 23:59:59.999,443950215.033
2024-12-10,260.52,288.04,247.56,276.47,2441072.7,2024-12-10 23:59:59.999,656104357.938
2024-12-11,276.47,307.47,259.56,302.76,1368672.8,2024-12-11 23:59:59.999,385157110.08
2024-12-12,302.76,388.58,294.65,367.14,4157241.5,2024-12-12 23:59:59.999,1490044198.422
2024-12-13,367.13,390.88,352.98,377.55,2721299.4,2024-12-13 23:59:59.999,1007641324.265
2024-12-14,377.57,396.23,360.12,365.56,2006566.8,2024-12-14 23:59:59.999,757443447.203
2024-12-15,365.56,381.4,354.9,368.47,1622822.1,2024-12-15 23:59:59.999,596405060.183
2024-12-16,368.46,399.95,361.58,379.1,2801599.3,2024-12-16 23:59:59.999,1068658461.542
2024-12-17,379.09,387.32,356.53,361.24,1460341.7,2024-12-17 23:59:59.999,542280108.841
2024-12-18,361.26,380.33,333.32,339.53,2254916.1,2024-12-18 23:59:59.999,818813510.443
2024-12-19,339.53,350.5,298.83,314.83,2598621.8,2024-12-19 23:59:59.999,847244927.318
2024-12-20,314.84,340.79,271.42,329.2,2591976.6,2024-12-20 23:59:59.999,787624493.158
2024-12-21,329.21,343.89,294.47,299.0,1419772.5,2024-12-21 23:59:59.999,449822234.065
2024-12-22,299.0,323.65,290.85,318.88,1331072.7,2024-12-22 23:59:59.999,406593083.053
2024-12-23,318.88,388.94,308.7,383.43,2551276.0,2024-12-23 23:59:59.999,876979905.5
2024-12-24,383.43,390.06,365.05,374.94,1429150.5,2024-12-24 23:59:59.999,538493171.251
2024-12-25,374.96,385.98,364.38,369.87,927768.2,2024-12-25 23:59:59.999,346875906.022
2024-12-26,369.87,371.76,330.31,337.56,961082.9,2024-12-26 23:59:59.999,331561061.521
2024-12-27,337.58,352.0,320.27,323.84,1138376.0,2024-12-27 23:59:59.999,381526818.724
2024-12-28,323.84,362.19,319.05,354.38,841469.1,2024-12-28 23:59:59.999,283326756.065
2024-12-29,354.39,355.74,326.32,332.53,679624.7,2024-12-29 23:59:59.999,229881061.279
2024-12-30,332.53,344.89,318.94,321.89,979769.6,2024-12-30 23:59:59.999,325351721.776
2024-12-31,321.89,328.2,305.74,308.7,942281.9,2024-12-31 23:59:59.999,296946272.035
2025-01-01,308.73,322.95,306.51,319.72,668566.7,2025-01-01 23:59:59.999,209904607.445
2025-01-02,319.7,339.9,318.65,333.48,837202.4,2025-01-02 23:59:59.999,277711833.272
2025-01-03,333.49,356.32,317.04,350.83,886647.0,2025-01-03 23:59:59.999,299294284.811
2025-01-04,350.83,361.35,339.0,351.57,788876.7,2025-01-04 23:59:59.999,276244656.875
2025-01-05,351.59,352.7,339.2,341.7,459221.2,2025-01-05 23:59:59.999,158262888.617
2025-01-06,341.72,355.29,335.63,341.37,736720.5,2025-01-06 23:59:59.999,253058943.488
2025-01-07,341.38,343.26,305.09,306.76,873811.7,2025-01-07 23:59:59.999,281899599.326
2025-01-08,306.76,312.4,275.6,293.1,1078691.7,2025-01-08 23:59:59.999,316923391.695
2025-01-09,293.1,299.72,273.07,281.01,900901.0,2025-01-09 23:59:59.999,256386817.511
2025-01-10,281.01,300.77,277.01,285.58,957672.6,2025-01-10 23:59:59.999,274369060.583
2025-01-11,285.61,293.7,279.93,287.12,379085.5,2025-01-11 23:59:59.999,108308637.493
2025-01-12,287.12,295.95,284.57,287.75,403098.3,2025-01-12 23:59:59.999,116824542.039
2025-01-13,287.76,296.81,256.24,289.42,1622167.0,2025-01-13 23:59:59.999,443244476.337
2025-01-14,289.42,301.4,285.33,295.33,838500.8,2025-01-14 23:59:59.999,245051528.473
2025-01-15,295.33,323.8,285.65,319.73,1049892.2,2025-01-15 23:59:59.999,319309251.097
2025-01-16,319.73,321.33,304.93,311.0,820235.3,2025-01-16 23:59:59.999,256888995.244
2025-01-17,310.99,336.45,310.7,334.95,805899.0,2025-01-17 23:59:59.999,262240605.422
2025-01-18,334.94,341.91,306.04,315.39,985225.7,2025-01-18 23:59:59.999,313263257.948
2025-01-19,315.4,348.19,292.47,309.27,1984077.0,2025-01-19 23:59:59.999,634464882.322
2025-01-20,309.28,365.46,296.33,337.37,3512110.8,2025-01-20 23:59:59.999,1190454239.212
2025-01-21,337.38,378.63,326.82,370.74,2364292.8,2025-01-21 23:59:59.999,842158244.708
2025-01-22,370.73,372.41,345.35,346.53,972103.2,2025-01-22 23:59:59.999,347875062.325
2025-01-23,346.57,350.35,324.26,337.21,1212387.7,2025-01-23 23:59:59.999,407636341.299
2025-01-24,337.24,357.49,327.8,334.8,914767.4,2025-01-24 23:59:59.999,315775171.038
2025-01-25,334.8,338.31,325.74,326.25,525953.4,2025-01-25 23:59:59.999,174679820.679
2025-01-26,326.25,336.16,315.63,316.35,531439.4,2025-01-26 23:59:59.999,173974696.797
2025-01-27,316.31,320.26,287.48,304.88,1267482.0,2025-01-27 23:59:59.999,380886422.261
2025-01-28,304.9,307.62,280.0,283.95,852841.7,2025-01-28 23:59:59.999,251602164.567
2025-01-29,283.96,301.81,282.32,290.79,937161.6,2025-01-29 23:59:59.999,274457965.385
2025-01-30,290.79,322.26,286.67,315.36,772106.4,2025-01-30 23:59:59.999,237969508.601
2025-01-31,315.36,349.15,312.29,332.6,1608944.3,2025-01-31 23:59:59.999,535402191.618
2025-02-01,332.6,333.47,294.92,295.95,787309.7,2025-02-01 23:59:59.999,247665112.504
2025-02-02,295.96,304.54,245.16,258.22,1352832.0,2025-02-02 23:59:59.999,372065903.817
2025-02-03,258.26,285.0,191.99,276.29,3067124.0,2025-02-03 23:59:59.999,738025257.503
2025-02-04,276.3,278.19,248.9,271.99,1583378.4,2025-02-04 23:59:59.999,415691686.401
2025-02-05,272.0,283.13,255.85,259.57,959376.8,2025-02-05 23:59:59.999,257854436.652
2025-02-06,259.57,266.69,239.0,241.32,825840.2,2025-02-06 23:59:59.999,209832569.311
2025-02-07,241.32,262.01,230.89,237.93,1014828.4,2025-02-07 23:59:59.999,250026956.288
2025-02-08,237.93,241.77,230.91,238.66,599969.5,2025-02-08 23:59:59.999,141488107.882
2025-02-09,238.65,252.6,229.64,241.13,786087.3,2025-02-09 23:59:59.999,190597318.911
2025-02-10,241.13,258.07,234.28,252.48,823838.3,2025-02-10 23:59:59.999,203971235.145
2025-02-11,252.49,262.53,241.77,243.56,703109.1,2025-02-11 23:59:59.999,178344834.201
2025-02-12,243.57,260.97,231.57,252.69,806202.5,2025-02-12 23:59:59.999,195853554.391
2025-02-13,252.7,258.07,246.31,256.24,724888.1,2025-02-13 23:59:59.999,182932308.504
2025-02-14,256.24,269.96,252.9,262.47,570724.4,2025-02-14 23:59:59.999,149069660.869
2025-02-15,262.47,263.54,249.48,253.23,303424.2,2025-02-15 23:59:59.999,77900080.145
2025-02-16,253.23,258.92,249.8,253.72,414020.0,2025-02-16 23:59:59.999,105222768.347
2025-02-17,253.75,278.52,249.36,264.45,1151989.5,2025-02-17 23:59:59.999,304587713.463
2025-02-18,264.45,266.02,241.53,249.42,887074.6,2025-02-18 23:59:59.999,223344649.598
2025-02-19,249.44,258.27,246.57,252.88,622921.6,2025-02-19 23:59:59.999,157426576.47
2025-02-20,252.89,263.35,250.9,261.14,590844.4,2025-02-20 23:59:59.999,152059852.427
2025-02-21,261.14,268.99,238.3,242.6,918177.9,2025-02-21 23:59:59.999,233573877.138
2025-02-22,242.59,251.49,238.8,246.98,493308.0,2025-02-22 23:59:59.999,120905150.285
2025-02-23,246.97,254.16,242.83,247.49,376516.1,2025-02-23 23:59:59.999,93205935.216
2025-02-24,247.5,249.2,205.0,210.63,1014514.9,2025-02-24 23:59:59.999,230334032.691
2025-02-25,210.62,213.46,189.37,205.04,1735893.4,2025-02-25 23:59:59.999,346030038.335
2025-02-26,205.04,211.5,192.01,202.48,1280578.4,2025-02-26 23:59:59.999,260182949.967
2025-02-27,202.49,210.0,196.54,203.86,750689.7,2025-02-27 23:59:59.999,153486379.579
2025-02-28,203.86,204.42,178.1,192.13,1423059.4,2025-02-28 23:59:59.999,266959464.442
2025-03-01,192.14,196.96,183.33,194.94,724427.3,2025-03-01 23:59:59.999,138114334.572
2025-03-02,194.94,226.93,190.0,223.38,1295436.7,2025-03-02 23:59:59.999,269851354.956
2025-03-03,223.39,224.34,177.64,180.85,1377250.2,2025-03-03 23:59:59.999,275963360.924
2025-03-04,180.86,216.79,167.39,206.53,3188737.0,2025-03-04 23:59:59.999,608308095.046
2025-03-05,206.53,226.24,204.19,220.74,2084232.9,2025-03-05 23:59:59.999,449520041.312
2025-03-06,220.75,239.55,208.06,208.4,1939166.4,2025-03-06 23:59:59.999,434762817.302
2025-03-07,208.4,212.02,195.17,196.54,1632177.3,2025-03-07 23:59:59.999,334728882.624
2025-03-08,196.54,199.21,185.01,195.64,1106842.9,2025-03-08 23:59:59.999,212072785.461
2025-03-09,195.64,198.11,176.18,178.49,1402346.8,2025-03-09 23:59:59.999,262187198.73
2025-03-10,178.5,201.91,175.16,180.27,2164259.9,2025-03-10 23:59:59.999,404548104.619
2025-03-11,180.28,185.93,166.4,181.98,2174255.5,2025-03-11 23:59:59.999,383476067.499
2025-03-12,181.97,184.24,163.7,174.72,1870830.9,2025-03-12 23:59:59.999,323386504.598
2025-03-13,174.72,176.4,160.01,162.74,1617334.2,2025-03-13 23:59:59.999,274433320.763
2025-03-14,162.73,177.24,161.92,173.06,1166089.8,2025-03-14 23:59:59.999,197483565.57
2025-03-15,173.06,177.28,171.67,172.87,669638.2,2025-03-15 23:59:59.999,116483099.941
2025-03-16,172.87,173.97,163.15,164.59,881083.0,2025-03-16 23:59:59.999,148285165.18
2025-03-17,164.59,177.14,164.4,174.63,840573.8,2025-03-17 23:59:59.999,143898134.055
2025-03-18,174.63,175.24,164.57,170.0,785467.1,2025-03-18 23:59:59.999,133253765.44
2025-03-19,170.0,184.58,169.55,182.42,1216839.9,2025-03-19 23:59:59.999,216350713.94
2025-03-20,182.43,183.05,171.42,178.71,951491.7,2025-03-20 23:59:59.999,167606973.351
2025-03-21,178.71,183.12,173.89,178.19,706518.8,2025-03-21 23:59:59.999,126023997.955
2025-03-22,178.2,183.64,178.14,179.66,504431.5,2025-03-22 23:59:59.999,91183022.733
2025-03-23,179.66,186.46,179.3,185.01,629924.4,2025-03-23 23:59:59.999,115633413.304
2025-03-24,185.0,194.94,181.12,190.66,812639.0,2025-03-24 23:59:59.999,154412506.605
2025-03-25,190.66,192.54,185.17,186.56,644621.8,2025-03-25 23:59:59.999,121217065.277
2025-03-26,186.58,190.25,175.08,177.33,973658.4,2025-03-26 23:59:59.999,178481195.226
2025-03-27,177.33,186.07,176.94,184.65,740547.9,2025-03-27 23:59:59.999,135633368.624
2025-03-28,184.66,186.9,168.27,175.76,977915.6,2025-03-28 23:59:59.999,172145738.246
2025-03-29,175.75,180.61,165.66,168.02,1081408.9,2025-03-29 23:59:59.999,187978536.714
2025-03-30,168.02,169.5,161.2,163.53,842545.5,2025-03-30 23:59:59.999,139258922.331
2025-03-31,163.55,164.54,151.65,159.57,1257460.4,2025-03-31 23:59:59.999,198816445.399
2025-04-01,159.56,171.43,159.06,165.95,951562.9,2025-04-01 23:59:59.999,158160415.5
2025-04-02,165.96,168.92,149.42,150.16,1567656.7,2025-04-02 23:59:59.999,250416603.46
2025-04-03,150.13,157.2,146.22,151.06,996328.8,2025-04-03 23:59:59.999,150416508.546
2025-04-04,151.06,153.99,144.27,151.92,1223488.0,2025-04-04 23:59:59.999,183120976.941
2025-04-05,151.93,155.45,149.41,152.45,599108.2,2025-04-05 23:59:59.999,91089476.492
2025-04-06,152.45,152.55,126.26,128.96,1491834.9,2025-04-06 23:59:59.999,205202912.627
2025-04-07,128.95,136.18,114.02,131.97,2888033.1,2025-04-07 23:59:59.999,362914570.888
2025-04-08,131.96,136.09,123.45,125.26,1679045.2,2025-04-08 23:59:59.999,218930357.368
2025-04-09,125.27,145.06,119.77,143.06,1795164.2,2025-04-09 23:59:59.999,236813207.245
2025-04-10,143.09,143.31,128.12,131.84,1222500.2,2025-04-10 23:59:59.999,165467052.561
2025-04-11,131.84,139.36,131.25,136.37,1022514.4,2025-04-11 23:59:59.999,138344589.748
2025-04-12,136.38,150.14,133.67,148.0,857886.8,2025-04-12 23:59:59.999,122595382.549
2025-04-13,148.01,148.28,136.41,139.04,924329.8,2025-04-13 23:59:59.999,131763475.209
2025-04-14,139.05,147.19,136.73,137.56,984867.3,2025-04-14 23:59:59.999,139757682.726
2025-04-15,137.56,142.13,133.45,134.11,900374.1,2025-04-15 23:59:59.999,124129469.761
2025-04-16,134.11,137.4,129.64,133.91,1011338.4,2025-04-16 23:59:59.999,135785773.049
2025-04-17,133.91,141.51,133.74,138.85,675087.9,2025-04-17 23:59:59.999,92990348.699
2025-04-18,138.86,141.09,137.07,138.3,525354.6,2025-04-18 23:59:59.999,72940109.173
2025-04-19,138.3,142.9,137.83,141.9,507522.4,2025-04-19 23:59:59.999,71043362.335
2025-04-20,141.9,143.48,136.69,140.87,566245.4,2025-04-20 23:59:59.999,79339838.813
2025-04-21,140.87,145.98,138.96,142.79,824689.1,2025-04-21 23:59:59.999,118251053.352
2025-04-22,142.8,159.16,139.63,158.1,1195744.8,2025-04-22 23:59:59.999,178726531.259
2025-04-23,158.11,168.77,157.68,168.0,1309097.1,2025-04-23 23:59:59.999,214850041.352
2025-04-24,168.0,170.67,158.27,167.83,1169726.0,2025-04-24 23:59:59.999,192734120.973
2025-04-25,167.83,170.56,162.79,166.39,1217224.3,2025-04-25 23:59:59.999,203088809.795
2025-04-26,166.4,173.25,164.32,172.87,906330.2,2025-04-26 23:59:59.999,153263138.477
2025-04-27,172.88,179.28,165.3,166.49,1055115.9,2025-04-27 23:59:59.999,180240729.81
2025-04-28,166.49,174.81,161.5,166.16,1343104.5,2025-04-28 23:59:59.999,225824118.997
2025-04-29,166.17,171.19,163.21,165.48,795605.7,2025-04-29 23:59:59.999,133390357.962
2025-04-30,165.48,166.91,155.34,164.1,748751.4,2025-04-30 23:59:59.999,121471355.989
2025-05-01,164.1,179.23,164.07,172.88,906009.3,2025-05-01 23:59:59.999,156667960.411
2025-05-02,172.89,179.1,171.79,174.53,629834.5,2025-05-02 23:59:59.999,109974066.522
2025-05-03,174.53,181.05,169.38,177.97,751631.6,2025-05-03 23:59:59.999,131334384.635
2025-05-04,177.98,178.92,170.75,170.99,890592.4,2025-05-04 23:59:59.999,155874089.645
2025-05-05,171.0,181.01,169.53,176.79,1092779.6,2025-05-05 23:59:59.999,192896646.898
2025-05-06,176.78,178.93,163.08,177.79,1288986.9,2025-05-06 23:59:59.999,219958935.049
2025-05-07,177.81,179.96,167.33,171.94,984284.6,2025-05-07 23:59:59.999,170197119.495
2025-05-08,171.95,208.6,171.9,206.18,1872963.3,2025-05-08 23:59:59.999,357115946.043
2025-05-09,206.18,220.56,202.46,211.18,1430210.5,2025-05-09 23:59:59.999,298848909.352
2025-05-10,211.18,230.21,208.75,228.45,1213593.7,2025-05-10 23:59:59.999,267013254.161
2025-05-11,228.44,230.41,213.76,221.05,953275.6,2025-05-11 23:59:59.999,210767115.503
2025-05-12,221.05,229.56,211.91,221.81,1293194.5,2025-05-12 23:59:59.999,285852910.404
2025-05-13,221.81,238.27,210.28,236.27,1044180.7,2025-05-13 23:59:59.999,233130018.215
2025-05-14,236.27,239.14,223.78,229.42,788440.4,2025-05-14 23:59:59.999,181772208.358
2025-05-15,229.43,235.27,216.58,223.74,1340616.9,2025-05-15 23:59:59.999,302710639.482
2025-05-16,223.76,245.08,221.35,230.83,1277071.3,2025-05-16 23:59:59.999,300589814.212
2025-05-17,230.81,231.95,219.62,222.05,860841.5,2025-05-17 23:59:59.999,193555786.354
2025-05-18,222.06,244.0,218.32,231.97,1284522.8,2025-05-18 23:59:59.999,294110381.16
2025-05-19,231.97,249.85,211.8,247.68,1590030.0,2025-05-19 23:59:59.999,363761898.286
2025-05-20,247.69,270.49,246.31,259.3,3114753.6,2025-05-20 23:59:59.999,815632114.891
2025-05-21,259.31,261.96,243.08,247.42,1798551.4,2025-05-21 23:59:59.999,456291606.013
2025-05-22,247.44,259.9,246.38,256.77,1217062.7,2025-05-22 23:59:59.999,309660158.191
2025-05-23,256.77,264.09,239.1,256.03,1908942.3,2025-05-23 23:59:59.999,487750181.807
2025-05-24,256.05,276.86,250.34,261.68,1849474.5,2025-05-24 23:59:59.999,487572988.239
2025-05-25,261.68,270.6,256.23,269.14,1547608.7,2025-05-25 23:59:59.999,409240017.361
2025-05-26,269.15,276.16,259.08,267.36,1321798.4,2025-05-26 23:59:59.999,352903268.344
2025-05-27,267.39,282.84,262.84,271.47,1284577.8,2025-05-27 23:59:59.999,352989947.367
2025-05-28,271.46,274.54,260.18,264.88,993960.3,2025-05-28 23:59:59.999,265870838.373
2025-05-29,264.88,274.27,248.82,249.97,1309084.0,2025-05-29 23:59:59.999,343676968.768
2025-05-30,249.96,256.24,239.8,250.79,1330790.5,2025-05-30 23:59:59.999,331204414.211
2025-05-31,250.79,254.33,242.0,246.94,1172996.1,2025-05-31 23:59:59.999,292250526.695
2025-06-01,246.93,254.44,237.43,245.97,1101726.0,2025-06-01 23:59:59.999,269730382.11
2025-06-02,245.99,258.02,239.04,257.66,1052405.5,2025-06-02 23:59:59.999,260476510.586
2025-06-03,257.64,272.95,254.1,266.33,1108736.7,2025-06-03 23:59:59.999,292128742.109
2025-06-04,266.3,275.82,262.68,263.97,1155985.3,2025-06-04 23:59:59.999,310092318.473
2025-06-05,263.98,266.82,240.0,241.55,1462811.9,2025-06-05 23:59:59.999,374144714.753
2025-06-06,241.55,254.96,239.64,250.79,1011432.3,2025-06-06 23:59:59.999,252306726.005
2025-06-07,250.79,260.44,249.2,257.36,621168.7,2025-06-07 23:59:59.999,158487884.703
2025-06-08,257.36,257.46,252.04,253.68,541034.1,2025-06-08 23:59:59.999,137765963.563
2025-06-09,253.68,285.61,250.18,283.24,1178423.8,2025-06-09 23:59:59.999,310046439.818
2025-06-10,283.25,317.84,282.69,308.17,2719343.2,2025-06-10 23:59:59.999,822684282.571
2025-06-11,308.16,325.43,300.19,303.65,1593809.3,2025-06-11 23:59:59.999,494827249.031
2025-06-12,303.66,309.08,288.14,293.8,1589219.7,2025-06-12 23:59:59.999,472739059.226
2025-06-13,293.81,294.1,262.51,290.99,2861044.2,2025-06-13 23:59:59.999,798034590.808
2025-06-14,290.98,291.05,268.0,275.04,1285877.0,2025-06-14 23:59:59.999,357382157.194
2025-06-15,275.05,278.82,266.29,274.82,868266.0,2025-06-15 23:59:59.999,237655893.887
2025-06-16,274.82,293.72,271.65,275.05,1646172.9,2025-06-16 23:59:59.999,468465897.509
2025-06-17,275.04,283.62,261.99,266.46,1648887.6,2025-06-17 23:59:59.999,447753932.833
2025-06-18,266.47,269.93,255.0,258.9,1289568.1,2025-06-18 23:59:59.999,337109669.36
2025-06-19,258.9,266.31,248.67,255.46,1293792.7,2025-06-19 23:59:59.999,332520637.793
2025-06-20,255.5,264.34,241.88,247.22,1514293.6,2025-06-20 23:59:59.999,383564515.703
2025-06-21,247.22,249.93,226.77,234.55,1122760.8,2025-06-21 23:59:59.999,271487060.386
2025-06-22,234.58,238.82,212.82,227.78,1960840.4,2025-06-22 23:59:59.999,443255328.102
2025-06-23,227.78,258.18,221.61,256.89,1941329.4,2025-06-23 23:59:59.999,459811400.699
2025-06-24,256.86,269.5,252.87,263.95,1458965.9,2025-06-24 23:59:59.999,381106184.301
2025-06-25,263.95,270.87,254.19,255.81,1050824.8,2025-06-25 23:59:59.999,274646130.497
2025-06-26,255.81,265.4,248.93,250.19,1194356.7,2025-06-26 23:59:59.999,305979744.849
2025-06-27,250.19,266.56,248.53,259.12,1238882.7,2025-06-27 23:59:59.999,320736268.973
2025-06-28,259.12,261.8,252.98,259.76,579815.7,2025-06-28 23:59:59.999,148716233.279
2025-06-29,259.77,280.69,256.26,278.42,1114771.0,2025-06-29 23:59:59.999,301149808.854
2025-06-30,278.4,284.82,268.35,274.3,1159254.2,2025-06-30 23:59:59.999,318500996.592
2025-07-01,274.32,277.31,259.36,259.76,864220.1,2025-07-01 23:59:59.999,231363892.088
2025-07-02,259.76,283.41,257.02,276.05,1297562.0,2025-07-02 23:59:59.999,351198241.963
2025-07-03,276.04,285.54,272.72,279.27,1216777.4,2025-07-03 23:59:59.999,340022160.774
2025-07-04,279.25,282.85,258.38,265.84,1072079.2,2025-07-04 23:59:59.999,287773596.892
2025-07-05,265.84,276.58,264.86,273.37,706140.2,2025-07-05 23:59:59.999,191108565.522
2025-07-06,273.38,291.71,269.69,287.18,770311.4,2025-07-06 23:59:59.999,214207167.146
2025-07-07,287.18,290.67,277.41,283.06,1048530.8,2025-07-07 23:59:59.999,298818695.673
2025-07-08,283.06,295.0,277.31,292.85,938543.3,2025-07-08 23:59:59.999,268846063.486
2025-07-09,292.85,306.59,289.99,301.47,1269144.8,2025-07-09 23:59:59.999,379013245.337
2025-07-10,301.48,315.95,292.15,308.68,1470955.4,2025-07-10 23:59:59.999,443272154.272
2025-07-11,308.69,318.09,294.13,297.37,1742599.6,2025-07-11 23:59:59.999,537077966.731
2025-07-12,297.37,306.79,292.51,302.15,1008118.9,2025-07-12 23:59:59.999,302117957.817
2025-07-13,302.15,317.7,299.84,305.59,1043697.1,2025-07-13 23:59:59.999,321622248.573
2025-07-14,305.6,331.73,305.07,315.05,1589003.9,2025-07-14 23:59:59.999,509763350.049
2025-07-15,315.07,331.64,305.52,327.5,1818830.6,2025-07-15 23:59:59.999,577967461.691
2025-07-16,327.5,335.14,321.07,323.15,1339880.7,2025-07-16 23:59:59.999,440684418.1
2025-07-17,323.18,331.85,312.26,321.69,1607975.3,2025-07-17 23:59:59.999,516935915.788
2025-07-18,321.68,338.15,311.25,324.35,2440646.8,2025-07-18 23:59:59.999,794676590.936
2025-07-19,324.4,325.83,311.66,319.14,747535.9,2025-07-19 23:59:59.999,236979877.916
2025-07-20,319.15,335.42,317.15,324.32,1080807.4,2025-07-20 23:59:59.999,352465803.017
2025-07-21,324.32,334.89,318.02,322.14,1328260.1,2025-07-21 23:59:59.999,434453391.288
2025-07-22,322.15,324.48,300.04,310.55,1657013.6,2025-07-22 23:59:59.999,513514838.86
2025-07-23,310.55,311.78,282.0,290.22,1562746.1,2025-07-23 23:59:59.999,461701880.065
2025-07-24,290.24,295.4,276.03,286.0,1361413.6,2025-07-24 23:59:59.999,391747421.539
2025-07-25,286.0,295.18,279.95,293.99,1172371.2,2025-07-25 23:59:59.999,338548629.854
2025-07-26,294.0,299.65,292.18,294.84,525491.9,2025-07-26 23:59:59.999,155730655.119
2025-07-27,294.84,305.58,293.85,304.76,672715.1,2025-07-27 23:59:59.999,200575598.489
2025-07-28,304.77,308.92,285.59,288.82,1003586.4,2025-07-28 23:59:59.999,298770630.174
2025-07-29,288.82,295.5,279.04,282.22,854811.6,2025-07-29 23:59:59.999,244543013.452
2025-07-30,282.22,284.63,263.58,274.51,936952.3,2025-07-30 23:59:59.999,257982215.138
2025-07-31,274.52,280.14,259.65,260.88,878040.9,2025-07-31 23:59:59.999,237311470.55
2025-08-01,260.88,262.72,248.97,255.29,1082974.2,2025-08-01 23:59:59.999,278529230.552
2025-08-02,255.29,257.95,244.81,249.33,586706.2,2025-08-02 23:59:59.999,147762675.978
2025-08-03,249.33,260.88,246.42,259.89,412805.0,2025-08-03 23:59:59.999,105671269.627
2025-08-04,259.89,271.03,259.41,267.73,594335.1,2025-08-04 23:59:59.999,157334360.559
2025-08-05,267.73,268.25,250.35,255.25,670075.3,2025-08-05 23:59:59.999,172873384.438
2025-08-06,255.24,264.43,251.06,263.42,526823.7,2025-08-06 23:59:59.999,135839402.367
2025-08-07,263.42,286.37,262.33,284.98,802837.7,2025-08-07 23:59:59.999,219753463.863
2025-08-08,284.98,294.99,279.16,290.82,1003319.8,2025-08-08 23:59:59.999,286172332.033
2025-08-09,290.83,311.43,289.89,307.69,843644.1,2025-08-09 23:59:59.999,254633333.212
2025-08-10,307.69,311.45,297.87,306.17,742991.9,2025-08-10 23:59:59.999,226418092.389
2025-08-11,306.17,312.79,290.9,293.04,949219.2,2025-08-11 23:59:59.999,286038916.157
2025-08-12,293.04,324.25,292.17,322.19,1209360.3,2025-08-12 23:59:59.999,372074292.201
2025-08-13,322.15,335.73,316.78,332.2,1194006.7,2025-08-13 23:59:59.999,389035649.126
2025-08-14,332.2,340.48,303.51,312.4,1571236.9,2025-08-14 23:59:59.999,503448484.579
2025-08-15,312.4,317.61,293.54,299.79,868613.5,2025-08-15 23:59:59.999,264712552.455
2025-08-16,299.78,303.46,290.04,295.47,413838.6,2025-08-16 23:59:59.999,122257741.234
2025-08-17,295.47,310.59,293.86,303.01,633382.8,2025-08-17 23:59:59.999,192376695.767
2025-08-18,303.03,304.29,284.1,288.47,878203.2,2025-08-18 23:59:59.999,255713849.844
2025-08-19,288.47,292.66,275.67,277.25,758936.5,2025-08-19 23:59:59.999,214571009.758
2025-08-20,277.23,299.45,276.65,299.2,852122.3,2025-08-20 23:59:59.999,246680820.863
2025-08-21,299.21,304.99,293.65,299.94,863743.0,2025-08-21 23:59:59.999,258768671.988
2025-08-22,299.93,346.85,294.0,345.8,1706917.6,2025-08-22 23:59:59.999,542059953.743
2025-08-23,345.81,386.24,339.78,357.77,2846141.6,2025-08-23 23:59:59.999,1022037066.35
2025-08-24,357.77,360.67,343.23,348.66,1236897.0,2025-08-24 23:59:59.999,434339149.367
2025-08-25,348.67,350.6,310.14,318.35,1133003.5,2025-08-25 23:59:59.999,371816563.019
2025-08-26,318.36,338.91,314.15,335.59,1207256.0,2025-08-26 23:59:59.999,397869724.003
2025-08-27,335.61,336.3,319.25,320.46,918919.1,2025-08-27 23:59:59.999,300707608.944
2025-08-28,320.45,328.74,312.65,317.37,750349.6,2025-08-28 23:59:59.999,240101401.783
2025-08-29,317.37,321.42,303.92,318.99,884210.1,2025-08-29 23:59:59.999,275396892.052
2025-08-30,319.0,319.6,310.34,319.18,478989.4,2025-08-30 23:59:59.999,151172676.802
2025-08-31,319.18,324.98,315.06,315.57,487276.3,2025-08-31 23:59:59.999,156275061.412
2025-09-01,315.57,319.4,298.94,304.68,767646.3,2025-09-01 23:59:59.999,237308418.831
2025-09-02,304.68,318.14,303.66,315.54,732055.9,2025-09-02 23:59:59.999,228017955.113
2025-09-03,315.54,328.8,312.66,327.78,554153.6,2025-09-03 23:59:59.999,178511835.131
2025-09-04,327.79,331.66,305.83,306.29,838221.0,2025-09-04 23:59:59.999,265883429.54
2025-09-05,306.29,313.57,298.11,302.18,847242.4,2025-09-05 23:59:59.999,259741157.575
2025-09-06,302.18,304.54,297.21,298.21,339121.8,2025-09-06 23:59:59.999,101820702.13
2025-09-07,298.21,304.0,297.76,301.36,414427.9,2025-09-07 23:59:59.999,124627936.461
2025-09-08,301.36,307.97,298.3,302.81,745723.3,2025-09-08 23:59:59.999,225878802.261
2025-09-09,302.8,309.94,294.65,297.85,903307.4,2025-09-09 23:59:59.999,272945346.56
2025-09-10,297.85,306.44,295.65,300.07,738326.4,2025-09-10 23:59:59.999,221761740.954
2025-09-11,300.07,310.2,299.29,309.45,662929.5,2025-09-11 23:59:59.999,201993575.372
2025-09-12,309.47,321.61,307.94,321.34,772298.9,2025-09-12 23:59:59.999,242550038.49
2025-09-13,321.34,321.49,309.41,314.86,664655.5,2025-09-13 23:59:59.999,210287645.859
2025-09-14,314.86,315.34,302.0,306.0,546667.1,2025-09-14 23:59:59.999,168532904.514
2025-09-15,306.0,310.09,295.03,299.19,623801.1,2025-09-15 23:59:59.999,187698569.844
2025-09-16,299.18,301.75,289.35,298.74,710190.2,2025-09-16 23:59:59.999,209816549.253
2025-09-17,298.74,308.48,290.5,305.96,785134.0,2025-09-17 23:59:59.999,233361908.989
2025-09-18,305.98,312.81,302.6,309.15,585548.0,2025-09-18 23:59:59.999,180394775.17
2025-09-19,309.16,312.05,296.35,298.43,613790.8,2025-09-19 23:59:59.999,186506515.687
2025-09-20,298.44,300.86,294.54,296.7,344538.0,2025-09-20 23:59:59.999,102535309.948
2025-09-21,296.7,299.02,292.6,293.88,298625.9,2025-09-21 23:59:59.999,88356354.069
2025-09-22,293.87,295.48,241.76,270.12,1444722.1,2025-09-22 23:59:59.999,390449183.408
2025-09-23,270.13,280.27,262.97,274.41,688905.2,2025-09-23 23:59:59.999,187988144.591
2025-09-24,274.42,281.17,268.16,278.04,661323.6,2025-09-24 23:59:59.999,182648531.86
2025-09-25,278.04,279.35,255.6,260.12,1162183.0,2025-09-25 23:59:59.999,308393113.657
2025-09-26,260.13,272.58,256.17,270.6,751114.0,2025-09-26 23:59:59.999,198106062.422
2025-09-27,270.6,272.13,265.38,266.32,274466.2,2025-09-27 23:59:59.999,73629212.775
2025-09-28,266.33,277.0,260.86,274.93,410949.6,2025-09-28 23:59:59.999,109757415.151
2025-09-29,274.93,280.28,268.32,276.86,517940.4,2025-09-29 23:59:59.999,142160960.784
2025-09-30,276.86,279.06,266.02,274.27,515569.4,2025-09-30 23:59:59.999,140509850.601
2025-10-01,274.28,287.94,269.64,286.65,574773.4,2025-10-01 23:59:59.999,161752422.612
2025-10-02,286.62,294.24,278.53,288.77,630706.3,2025-10-02 23:59:59.999,180459973.825
2025-10-03,288.76,299.59,283.68,290.44,661094.0,2025-10-03 23:59:59.999,191429975.02
2025-10-04,290.44,291.86,279.79,283.05,355799.5,2025-10-04 23:59:59.999,101086544.487
2025-10-05,283.05,296.1,280.93,285.52,524432.3,2025-10-05 23:59:59.999,151443356.58
2025-10-06,285.52,301.75,282.69,297.13,504654.0,2025-10-06 23:59:59.999,148236121.523
2025-10-07,297.14,298.23,275.3,275.99,704649.8,2025-10-07 23:59:59.999,201237387.062
2025-10-08,276.0,287.19,274.4,285.4,450079.0,2025-10-08 23:59:59.999,126258768.418
2025-10-09,285.4,286.63,268.41,273.52,586322.5,2025-10-09 23:59:59.999,161578295.997
2025-10-10,273.52,279.52,80.01,223.93,2431381.6,2025-10-10 23:59:59.999,550152979.145
2025-10-11,223.94,244.28,216.65,234.14,1555655.4,2025-10-11 23:59:59.999,360558175.731
2025-10-12,234.15,256.14,225.04,250.86,1070031.9,2025-10-12 23:59:59.999,257146448.525
2025-10-13,250.85,262.84,243.92,260.97,922626.9,2025-10-13 23:59:59.999,232619471.641
2025-10-14,260.97,263.36,237.96,255.2,1128194.7,2025-10-14 23:59:59.999,279904423.41
2025-10-15,255.19,262.53,236.34,242.12,755671.7,2025-10-15 23:59:59.999,187868006.918
2025-10-16,242.12,246.21,222.43,223.09,933390.6,2025-10-16 23:59:59.999,220763235.111
2025-10-17,223.09,227.39,200.03,206.47,1802640.7,2025-10-17 23:59:59.999,377811687.006
2025-10-18,206.48,216.85,205.28,214.73,560341.0,2025-10-18 23:59:59.999,117770419.748
2025-10-19,214.72,226.36,211.47,222.33,703530.1,2025-10-19 23:59:59.999,154293918.347
2025-10-20,222.33,235.76,217.72,228.79,696901.3,2025-10-20 23:59:59.999,158994584.052
2025-10-21,228.8,236.69,217.91,218.63,896155.0,2025-10-21 23:59:59.999,202513853.842
2025-10-22,218.62,225.59,207.89,216.36,1249768.6,2025-10-22 23:59:59.999,272645953.478
2025-10-23,216.36,228.28,215.83,224.44,550303.5,2025-10-23 23:59:59.999,122169594.444
2025-10-24,224.45,237.08,223.14,228.82,527170.1,2025-10-24 23:59:59.999,120761046.555
2025-10-25,228.82,229.01,224.52,226.14,311647.9,2025-10-25 23:59:59.999,70686285.768
2025-10-26,226.14,242.5,223.33,240.62,475364.2,2025-10-26 23:59:59.999,111236896.361
2025-10-27,240.62,248.93,233.02,234.99,607275.1,2025-10-27 23:59:59.999,145910528.496
2025-10-28,234.99,239.06,224.32,228.25,611086.6,2025-10-28 23:59:59.999,142443726.862
2025-10-29,228.25,235.3,221.66,227.52,661024.6,2025-10-29 23:59:59.999,151368011.486
2025-10-30,227.53,231.14,207.27,215.02,858142.8,2025-10-30 23:59:59.999,188045557.364
2025-10-31,215.03,235.66,212.2,228.39,890437.0,2025-10-31 23:59:59.999,199176245.502
2025-11-01,228.38,229.27,221.25,222.84,394582.5,2025-11-01 23:59:59.999,88753079.191
2025-11-02,222.84,237.08,218.16,231.24,714648.0,2025-11-02 23:59:59.999,161749988.477
2025-11-03,231.24,232.91,194.57,199.57,1361488.4,2025-11-03 23:59:59.999,285218382.346
2025-11-04,199.57,205.99,176.46,188.02,1667717.8,2025-11-04 23:59:59.999,320138533.138
2025-11-05,188.03,205.37,180.58,201.9,1061981.8,2025-11-05 23:59:59.999,208363435.672
2025-11-06,201.89,205.89,192.65,197.16,709964.6,2025-11-06 23:59:59.999,141050494.546
2025-11-07,197.16,212.64,189.76,207.99,965518.1,2025-11-07 23:59:59.999,193522602.023
2025-11-08,207.99,211.07,198.35,202.69,977990.4,2025-11-08 23:59:59.999,199136551.794
2025-11-09,202.7,214.96,196.52,212.17,565407.2,2025-11-09 23:59:59.999,116526768.451
2025-11-10,212.17,229.29,210.55,228.23,806699.3,2025-11-10 23:59:59.999,178468728.805
2025-11-11,228.23,232.15,206.83,207.6,902838.4,2025-11-11 23:59:59.999,198370699.067
2025-11-12,207.61,219.41,202.76,205.01,730693.7,2025-11-12 23:59:59.999,154162708.429
2025-11-13,205.01,216.71,190.51,198.64,947419.1,2025-11-13 23:59:59.999,192769995.226
2025-11-14,198.64,199.8,172.73,173.81,1580669.1,2025-11-14 23:59:59.999,289346577.658
2025-11-15,173.79,182.71,173.7,178.42,592612.3,2025-11-15 23:59:59.999,106011789.372
2025-11-16,178.42,182.11,167.67,172.78,804954.9,2025-11-16 23:59:59.999,140554027.74
2025-11-17,172.78,182.57,164.74,169.04,1086909.7,2025-11-17 23:59:59.999,189053835.635
2025-11-18,169.05,179.79,165.08,178.19,909661.9,2025-11-18 23:59:59.999,156832119.248
2025-11-19,178.19,179.0,163.4,174.41,938913.1,2025-11-19 23:59:59.999,161168913.844
2025-11-20,174.4,179.61,159.27,164.55,1005494.3,2025-11-20 23:59:59.999,170436241.702
2025-11-21,164.56,167.93,145.0,157.72,1387296.5,2025-11-21 23:59:59.999,217566748.598
2025-11-22,157.73,163.48,155.06,161.05,609560.3,2025-11-22 23:59:59.999,96487107.979
2025-11-23,161.05,171.45,160.23,167.35,617738.6,2025-11-23 23:59:59.999,102116837.866
2025-11-24,167.36,180.08,165.42,178.41,786853.6,2025-11-24 23:59:59.999,135605139.725
2025-11-25,178.41,181.33,173.95,178.89,674196.7,2025-11-25 23:59:59.999,119937678.79
2025-11-26,178.9,188.7,174.63,185.67,626487.0,2025-11-26 23:59:59.999,113387599.596
2025-11-27,185.66,187.9,181.84,185.85,411449.1,2025-11-27 23:59:59.999,76139389.962
2025-11-28,185.85,189.42,182.12,185.18,531740.8,2025-11-28 23:59:59.999,98582633.707
2025-11-29,185.18,186.56,180.78,181.98,323893.3,2025-11-29 23:59:59.999,59436555.178
2025-11-30,181.97,190.81,176.6,177.32,737886.5,2025-11-30 23:59:59.999,134729142.353
2025-12-01,177.32,178.01,162.19,171.28,1011386.8,2025-12-01 23:59:59.999,169700306.141
2025-12-02,171.27,190.73,167.13,189.78,769313.0,2025-12-02 23:59:59.999,136920033.031
2025-12-03,189.78,200.51,189.28,197.74,731967.7,2025-12-03 23:59:59.999,141681710.734
2025-12-04,197.74,199.3,187.29,190.42,509922.0,2025-12-04 23:59:59.999,98724841.216
2025-12-05,190.42,193.48,181.19,183.37,545621.6,2025-12-05 23:59:59.999,102390098.008
2025-12-06,183.38,191.42,182.02,187.31,312512.5,2025-12-06 23:59:59.999,58169894.565
2025-12-07,187.3,194.94,181.77,187.39,596910.3,2025-12-07 23:59:59.999,112477871.199
2025-12-08,187.4,199.98,185.69,191.42,670417.0,2025-12-08 23:59:59.999,129634265.42
2025-12-09,191.42,206.28,187.09,202.29,838688.8,2025-12-09 23:59:59.999,164487862.668
2025-12-10,202.29,207.05,196.09,196.81,736022.3,2025-12-10 23:59:59.999,147478241.593
2025-12-11,196.82,203.23,186.85,202.33,743012.8,2025-12-11 23:59:59.999,143432671.659
2025-12-12,202.34,206.8,189.16,191.25,929845.0,2025-12-12 23:59:59.999,184581472.723
2025-12-13,191.25,202.61,191.14,197.41,474558.6,2025-12-13 23:59:59.999,93667884.611
2025-12-14,197.4,198.03,184.95,188.49,429168.8,2025-12-14 23:59:59.999,82566772.461
2025-12-15,188.49,196.65,179.06,192.8,953538.0,2025-12-15 23:59:59.999,179597285.507
2025-12-16,192.8,193.18,183.21,186.11,824667.1,2025-12-16 23:59:59.999,154660661.254
2025-12-17,186.11,192.69,176.67,179.9,901344.6,2025-12-17 23:59:59.999,165280714.177
2025-12-18,179.89,185.17,169.36,173.46,859871.4,2025-12-18 23:59:59.999,152445281.534
2025-12-19,173.47,187.47,171.63,181.53,707389.6,2025-12-19 23:59:59.999,128254391.213
2025-12-20,181.53,183.2,179.64,179.8,311608.1,2025-12-20 23:59:59.999,56528049.198
2025-12-21,179.8,180.03,156.12,165.08,1021788.9,2025-12-21 23:59:59.999,173294422.616
2025-12-22,165.08,166.54,148.06,150.5,1892355.2,2025-12-22 23:59:59.999,297490305.621
2025-12-23,150.51,155.47,147.56,150.71,1135948.9,2025-12-23 23:59:59.999,171797584.842
2025-12-24,150.71,151.73,146.33,148.64,644681.8,2025-12-24 23:59:59.999,95803339.147
2025-12-25,148.64,154.49,147.96,148.99,564963.5,2025-12-25 23:59:59.999,85348307.625
2025-12-26,148.99,157.27,148.46,154.23,670639.0,2025-12-26 23:59:59.999,103079312.563
2025-12-27,154.24,157.61,153.78,157.01,319045.9,2025-12-27 23:59:59.999,49744811.36
2025-12-28,157.01,157.28,152.52,153.54,335651.0,2025-12-28 23:59:59.999,51911461.365
2025-12-29,153.55,159.16,148.53,149.38,803095.0,2025-12-29 23:59:59.999,122936428.944
2025-12-30,149.38,152.54,148.82,149.41,428381.5,2025-12-30 23:59:59.999,64467080.257
2025-12-31,149.42,150.87,142.57,145.93,550411.0,2025-12-31 23:59:59.999,81180829.111
2026-01-01,145.94,149.48,144.96,148.83,335364.1,2026-01-01 23:59:59.999,49221475.998
2026-01-02,148.84,165.9,147.83,165.12,1085107.9,2026-01-02 23:59:59.999,169616041.721
2026-01-03,165.13,167.8,157.74,163.03,705182.1,2026-01-03 23:59:59.999,114310342.317
2026-01-04,163.04,166.11,160.61,164.1,595056.3,2026-01-04 23:59:59.999,97398760.622
2026-01-05,164.09,175.21,161.51,170.77,973212.6,2026-01-05 23:59:59.999,163601699.17
2026-01-06,170.77,176.87,167.59,176.15,820666.2,2026-01-06 23:59:59.999,141821238.595
2026-01-07,176.15,176.17,165.7,167.74,529271.5,2026-01-07 23:59:59.999,89874158.491
2026-01-08,167.74,169.16,161.06,164.22,599802.1,2026-01-08 23:59:59.999,98838788.931
2026-01-09,164.23,170.35,162.55,165.61,496801.3,2026-01-09 23:59:59.999,82467245.559
2026-01-10,165.6,167.21,163.29,164.82,214846.8,2026-01-10 23:59:59.999,35512968.509
2026-01-11,164.82,171.63,164.54,167.82,353361.2,2026-01-11 23:59:59.999,59166646.952
2026-01-12,167.82,171.48,160.73,164.89,619843.6,2026-01-12 23:59:59.999,102704409.594
2026-01-13,164.9,180.1,164.64,177.67,698899.2,2026-01-13 23:59:59.999,120157515.456
2026-01-14,177.67,180.38,174.0,178.33,592011.8,2026-01-14 23:59:59.999,105079513.891
2026-01-15,178.33,178.43,168.93,171.62,597127.7,2026-01-15 23:59:59.999,103763688.55
2026-01-16,171.63,176.4,168.22,175.26,384163.8,2026-01-16 23:59:59.999,66160442.741
2026-01-17,175.25,177.32,173.29,173.72,315197.0,2026-01-17 23:59:59.999,55190788.977
2026-01-18,173.72,177.23,168.45,168.67,395731.6,2026-01-18 23:59:59.999,68736872.002
2026-01-19,168.67,168.67,156.51,163.84,578004.6,2026-01-19 23:59:59.999,94364380.332
2026-01-20,163.84,164.42,151.38,153.2,531084.9,2026-01-20 23:59:59.999,83868947.169
2026-01-21,153.2,163.43,151.82,159.38,604839.8,2026-01-21 23:59:59.999,95070264.583
2026-01-22,159.38,161.83,155.03,157.15,312409.3,2026-01-22 23:59:59.999,49520124.516
2026-01-23,157.16,161.34,154.69,156.96,337957.6,2026-01-23 23:59:59.999,53333382.273
2026-01-24,156.96,158.04,155.24,156.12,147841.2,2026-01-24 23:59:59.999,23142045.297
2026-01-25,156.12,156.68,145.4,147.83,388157.8,2026-01-25 23:59:59.999,58484183.396
2026-01-26,147.83,155.2,147.5,154.13,434541.6,2026-01-26 23:59:59.999,66176925.63
2026-01-27,154.13,159.77,152.79,158.94,483897.1,2026-01-27 23:59:59.999,75185094.984
2026-01-28,158.94,163.82,156.42,160.11,575282.0,2026-01-28 23:59:59.999,91913300.07
2026-01-29,160.11,160.25,143.0,147.13,701068.2,2026-01-29 23:59:59.999,105234549.313
2026-01-30,147.13,147.72,135.36,137.92,844391.9,2026-01-30 23:59:59.999,118806714.525
2026-01-31,137.93,138.49,115.55,129.03,1268057.6,2026-01-31 23:59:59.999,162735117.22
2026-02-01,129.03,130.4,121.41,124.16,746397.8,2026-02-01 23:59:59.999,94047113.376
2026-02-02,124.17,130.94,120.32,128.28,875548.9,2026-02-02 23:59:59.999,110467661.82
2026-02-03,128.28,130.96,120.79,125.2,921392.5,2026-02-03 23:59:59.999,116603775.451
2026-02-04,125.2,128.68,119.42,123.66,725239.7,2026-02-04 23:59:59.999,90001913.525
2026-02-05,123.66,125.42,98.53,100.93,2674738.9,2026-02-05 23:59:59.999,294396778.711
2026-02-06,100.92,115.32,91.85,113.95,2685438.1,2026-02-06 23:59:59.999,280680958.504
2026-02-07,113.94,116.34,110.07,113.89,809649.2,2026-02-07 23:59:59.999,91793438.133
2026-02-08,113.9,115.18,110.9,112.42,416501.1,2026-02-08 23:59:59.999,47177602.869
2026-02-09,112.42,115.09,108.85,112.65,634647.2,2026-02-09 23:59:59.999,71403671.552
2026-02-10,112.66,113.18,107.79,109.38,593604.9,2026-02-10 23:59:59.999,65050821.049
2026-02-11,109.38,113.9,104.61,107.45,943097.4,2026-02-11 23:59:59.999,101937886.436
2026-02-12,107.46,115.53,105.53,114.87,1089373.4,2026-02-12 23:59:59.999,119853333.279
2026-02-13,114.88,120.54,109.64,118.81,805844.6,2026-02-13 23:59:59.999,92787193.851
2026-02-14,118.81,130.88,118.33,128.18,663467.6,2026-02-14 23:59:59.999,83846835.858
2026-02-15,128.18,131.88,122.48,125.68,606015.1,2026-02-15 23:59:59.999,77192989.864
2026-02-16,125.67,129.18,123.09,126.92,428987.6,2026-02-16 23:59:59.999,54082493.817
2026-02-17,126.92,130.75,123.6,126.53,573070.2,2026-02-17 23:59:59.999,72551620.851
2026-02-18,126.54,129.42,120.66,122.88,735864.7,2026-02-18 23:59:59.999,92484562.747
2026-02-19,122.88,125.17,119.88,124.76,427594.9,2026-02-19 23:59:59.999,52442453.014
2026-02-20,124.75,126.85,114.35,115.81,1066514.1,2026-02-20 23:59:59.999,127058948.472
2026-02-21,115.82,124.87,114.54,121.38,715291.4,2026-02-21 23:59:59.999,86063385.498
2026-02-22,121.37,121.52,117.01,117.88,361525.4,2026-02-22 23:59:59.999,42974469.371
2026-02-23,117.88,119.75,111.2,114.52,729014.8,2026-02-23 23:59:59.999,83949772.181
2026-02-24,114.52,116.43,111.43,114.31,551236.5,2026-02-24 23:59:59.999,62720297.575
2026-02-25,114.31,124.26,113.8,119.04,852137.1,2026-02-25 23:59:59.999,101684249.695
2026-02-26,119.03,120.5,110.65,114.49,1014529.6,2026-02-26 23:59:59.999,116576395.934
2026-02-27,114.49,121.53,110.09,112.89,892631.5,2026-02-27 23:59:59.999,103568398.483
2026-02-28,112.89,113.59,104.64,111.84,799070.5,2026-02-28 23:59:59.999,86851560.008
2026-03-01,111.83,118.67,110.53,113.54,729506.0,2026-03-01 23:59:59.999,83333068.866
2026-03-02,113.54,126.96,112.13,122.13,936232.1,2026-03-02 23:59:59.999,111849719.569
2026-03-03,122.13,122.92,107.79,111.06,1352112.1,2026-03-03 23:59:59.999,152205167.152
2026-03-04,111.06,118.89,109.2,115.81,1081700.1,2026-03-04 23:59:59.999,123786875.583
2026-03-05,115.81,119.86,113.87,116.75,785492.9,2026-03-05 23:59:59.999,91718933.324
2026-03-06,116.75,118.55,109.22,110.92,637193.9,2026-03-06 23:59:59.999,72618203.064
2026-03-07,110.93,111.4,108.12,108.73,249180.3,2026-03-07 23:59:59.999,27370282.531
2026-03-08,108.73,109.52,103.61,105.47,502802.0,2026-03-08 23:59:59.999,53752638.076
2026-03-09,105.48,109.31,104.82,106.6,697325.4,2026-03-09 23:59:59.999,74459069.217
2026-03-10,106.6,114.75,106.35,111.66,781076.4,2026-03-10 23:59:59.999,86926613.9
2026-03-11,111.66,113.94,108.82,110.22,557436.8,2026-03-11 23:59:59.999,61921946.134
2026-03-12,110.22,112.87,106.89,111.58,695465.7,2026-03-12 23:59:59.999,76204395.82
2026-03-13,111.57,119.08,111.1,112.24,774926.6,2026-03-13 23:59:59.999,88923896.733
2026-03-14,112.23,113.36,109.75,111.1,401645.9,2026-03-14 23:59:59.999,44608378.092
2026-03-15,111.11,117.82,109.86,116.28,601813.2,2026-03-15 23:59:59.999,68292992.282
2026-03-16,116.27,124.82,115.84,122.22,803878.6,2026-03-16 23:59:59.999,96519740.763
2026-03-17,122.23,123.57,119.32,119.6,513713.5,2026-03-17 23:59:59.999,62389712.112
2026-03-18,119.61,122.1,112.5,115.23,607191.1,2026-03-18 23:59:59.999,70794187.992
2026-03-19,115.24,119.08,110.6,111.54,563764.4,2026-03-19 23:59:59.999,64192400.391
2026-03-20,111.53,113.3,108.38,111.17,424574.8,2026-03-20 23:59:59.999,47211989.106
2026-03-21,111.18,112.57,107.55,108.29,249626.6,2026-03-21 23:59:59.999,27735749.916
2026-03-22,108.28,110.14,104.89,106.25,429295.5,2026-03-22 23:59:59.999,46216178.17
2026-03-23,106.24,112.21,104.56,110.23,741290.3,2026-03-23 23:59:59.999,80902537.324
2026-03-24,110.23,112.44,107.87,112.24,442121.2,2026-03-24 23:59:59.999,48609920.442
2026-03-25,112.24,116.43,111.18,112.53,593473.3,2026-03-25 23:59:59.999,67493995.761
2026-03-26,112.54,112.74,103.91,105.13,596551.1,2026-03-26 23:59:59.999,63880072.947
2026-03-27,105.13,106.69,97.61,98.62,606843.2,2026-03-27 23:59:59.999,61798990.817
2026-03-28,98.63,98.68,96.13,96.78,536709.6,2026-03-28 23:59:59.999,52270959.437
2026-03-29,96.77,97.93,92.59,95.35,440487.7,2026-03-29 23:59:59.999,42114974.656
2026-03-30,95.36,99.93,95.17,96.82,725196.6,2026-03-30 23:59:59.999,71039704.3
2026-03-31,96.81,99.29,95.33,98.14,623234.0,2026-03-31 23:59:59.999,60726556.383
2026-04-01,98.14,101.11,96.9,98.04,524893.2,2026-04-01 23:59:59.999,52060282.723
2026-04-02,98.05,98.98,92.27,94.28,695727.1,2026-04-02 23:59:59.999,65830087.826
2026-04-03,94.29,96.14,93.87,94.75,327271.7,2026-04-03 23:59:59.999,31062400.773
2026-04-04,94.75,95.47,94.17,94.43,208000.6,2026-04-04 23:59:59.999,19702591.388
2026-04-05,94.43,94.7,90.56,94.11,510897.6,2026-04-05 23:59:59.999,47177856.749
2026-04-06,94.11,98.0,92.51,92.91,746101.4,2026-04-06 23:59:59.999,71334103.512
2026-04-07,92.91,97.09,85.67,95.76,1393475.5,2026-04-07 23:59:59.999,125246323.378
2026-04-08,95.75,96.43,91.34,91.89,798083.3,2026-04-08 23:59:59.999,75470252.86
2026-04-09,91.9,93.22,89.34,90.5,750264.4,2026-04-09 23:59:59.999,68171795.614
2026-04-10,90.5,95.42,89.11,93.56,634167.8,2026-04-10 23:59:59.999,58082105.551
2026-04-11,93.55,96.62,90.87,94.45,562107.4,2026-04-11 23:59:59.999,52408861.851
2026-04-12,94.46,94.67,88.63,89.76,608388.4,2026-04-12 23:59:59.999,54957713.426
2026-04-13,89.77,103.73,89.59,103.2,1357638.8,2026-04-13 23:59:59.999,130411041.482
2026-04-14,103.21,104.15,97.08,99.91,845618.0,2026-04-14 23:59:59.999,84751530.368
2026-04-15,99.92,108.8,98.91,105.45,1268502.0,2026-04-15 23:59:59.999,132511905.93
2026-04-16,105.45,117.5,102.99,115.41,1522037.7,2026-04-16 23:59:59.999,166631111.608
2026-04-17,115.41,118.79,111.47,114.78,1080326.1,2026-04-17 23:59:59.999,124998216.402
2026-04-18,114.78,115.99,98.76,101.09,2537812.8,2026-04-18 23:59:59.999,270369228.983
2026-04-19,101.09,101.23,88.61,90.21,3696530.2,2026-04-19 23:59:59.999,343537977.626
2026-04-20,90.22,94.98,86.35,90.58,2776103.9,2026-04-20 23:59:59.999,252393001.978
2026-04-21,90.58,95.61,89.89,91.82,1791833.6,2026-04-21 23:59:59.999,165665288.779
2026-04-22,91.83,96.21,91.45,93.92,1197254.8,2026-04-22 23:59:59.999,112315420.822
2026-04-23,93.93,95.33,90.83,94.24,1142232.8,2026-04-23 23:59:59.999,105982237.738
2026-04-24,94.24,96.77,92.33,94.25,1385868.8,2026-04-24 23:59:59.999,130817292.875
2026-04-25,94.24,96.3,93.35,94.09,650738.2,2026-04-25 23:59:59.999,61734579.071
2026-04-26,94.09,97.73,93.0,96.43,815902.6,2026-04-26 23:59:59.999,77898516.605
2026-04-27,96.44,100.81,95.12,97.59,1506157.1,2026-04-27 23:59:59.999,146393440.635
2026-04-28,97.59,98.43,95.53,96.42,737995.3,2026-04-28 23:59:59.999,71430994.44
2026-04-29,96.41,98.66,91.89,93.24,1314530.7,2026-04-29 23:59:59.999,125178956.82
2026-04-30,93.24,93.89,91.62,92.8,621709.3,2026-04-30 23:59:59.999,57684606.009
2026-05-01,92.81,94.45,91.3,91.98,694467.6,2026-05-01 23:59:59.999,64483281.294
2026-05-02,91.99,93.95,91.54,93.26,401235.8,2026-05-02 23:59:59.999,37141008.414
2026-05-03,93.27,93.55,91.75,92.39,570146.9,2026-05-03 23:59:59.999,52798802.242
2026-05-04,92.38,95.04,90.92,92.18,976562.6,2026-05-04 23:59:59.999,90764312.344
2026-05-05,92.19,94.26,92.06,93.4,564227.3,2026-05-05 23:59:59.999,52617658.449
2026-05-06,93.4,96.57,92.18,94.28,1004660.7,2026-05-06 23:59:59.999,94607381.918
2026-05-07,94.27,94.34,91.57,92.35,749403.3,2026-05-07 23:59:59.999,69644690.824
2026-05-08,92.35,96.51,91.85,95.78,764536.3,2026-05-08 23:59:59.999,71724162.283
2026-05-09,95.78,99.55,93.91,95.72,1035348.0,2026-05-09 23:59:59.999,99733659.791
2026-05-10,95.72,103.45,94.76,102.08,1576500.7,2026-05-10 23:59:59.999,156368328.533
2026-05-11,102.09,102.83,98.55,101.13,1170722.6,2026-05-11 23:59:59.999,117887396.526
2026-05-12,101.13,101.32,94.42,96.62,1025397.9,2026-05-12 23:59:59.999,99981957.192
2026-05-13,96.63,99.92,94.31,96.35,845514.9,2026-05-13 23:59:59.999,81941529.45
2026-05-14,96.36,101.25,95.34,98.3,871735.2,2026-05-14 23:59:59.999,85560961.915
2026-05-15,98.29,99.12,92.18,92.82,942514.8,2026-05-15 23:59:59.999,89543412.104
2026-05-16,92.83,93.39,87.77,89.97,814603.3,2026-05-16 23:59:59.999,73391112.075
2026-05-17,89.98,91.6,86.52,89.14,652894.1,2026-05-17 23:59:59.999,58728632.187
2026-05-18,89.14,89.9,87.03,89.43,790731.2,2026-05-18 23:59:59.999,70022501.483
2026-05-19,89.42,90.08,87.18,87.38,447675.6,2026-05-19 23:59:59.999,39634245.938
2026-05-20,87.37,89.18,86.57,88.0,588339.0,2026-05-20 23:59:59.999,51701455.805
2026-05-21,88.01,90.15,87.62,88.11,774413.2,2026-05-21 23:59:59.999,68780165.168
2026-05-22,88.1,89.57,84.68,86.12,1026051.8,2026-05-22 23:59:59.999,89519259.964
2026-05-23,86.13,89.1,82.46,86.62,891188.1,2026-05-23 23:59:59.999,76000561.513
2026-05-24,86.63,87.89,83.75,85.53,643086.0,2026-05-24 23:59:59.999,55406884.072
2026-05-25,85.54,87.35,85.12,86.32,450767.0,2026-05-25 23:59:59.999,38960289.226
2026-05-26,86.32,88.47,84.96,85.74,743438.8,2026-05-26 23:59:59.999,64436127.302
2026-05-27,85.75,86.99,82.67,83.21,702188.3,2026-05-27 23:59:59.999,59670410.449
2026-05-28,83.22,83.42,78.01,80.77,1025638.3,2026-05-28 23:59:59.999,82541149.087
