open_time,open,high,low,close,volume,close_time,quote_asset_volume
2021-03-16,19.0,25.49,15.557,17.099,8340720.6,2021-03-16 23:59:59.999,150912063.8642
2021-03-17,17.099,18.88,14.1,14.607,5653609.5,2021-03-17 23:59:59.999,89073835.2386
2021-03-18,14.613,19.95,14.324,17.045,10014211.5,2021-03-18 23:59:59.999,172933188.2908
2021-03-19,17.047,18.044,15.025,15.218,5494711.4,2021-03-19 23:59:59.999,90003519.5683
2021-03-20,15.236,15.589,14.1,14.4,3365511.7,2021-03-20 23:59:59.999,50485970.0173
2021-03-21,14.407,14.801,13.061,14.08,4339203.3,2021-03-21 23:59:59.999,60068017.9142
2021-03-22,14.098,14.147,12.003,12.069,4480613.2,2021-03-22 23:59:59.999,58753304.6124
2021-03-23,12.07,12.5,11.335,11.622,4268642.0,2021-03-23 23:59:59.999,50595448.8874
2021-03-24,11.622,14.65,11.468,11.901,7259551.5,2021-03-24 23:59:59.999,94724408.5838
2021-03-25,11.9,12.518,10.466,10.925,5556512.8,2021-03-25 23:59:59.999,63277353.3126
2021-03-26,10.916,13.85,10.905,13.428,4948316.4,2021-03-26 23:59:59.999,62437843.8227
2021-03-27,13.439,14.531,12.233,13.45,4756837.9,2021-03-27 23:59:59.999,63348421.3087
2021-03-28,13.459,18.255,13.35,16.684,12339090.2,2021-03-28 23:59:59.999,201633968.256
2021-03-29,16.699,16.9,15.231,15.863,4095715.0,2021-03-29 23:59:59.999,65640467.9726
2021-03-30,15.844,17.339,15.345,16.089,4040390.5,2021-03-30 23:59:59.999,66221038.6399
2021-03-31,16.107,16.645,13.121,14.647,4800155.5,2021-03-31 23:59:59.999,71654027.2638
2021-04-01,14.659,15.4,13.736,14.378,2367103.9,2021-04-01 23:59:59.999,34681414.3921
2021-04-02,14.384,15.15,14.1,14.743,1841034.3,2021-04-02 23:59:59.999,26954069.9357
2021-04-03,14.743,15.576,13.172,13.512,2687309.8,2021-04-03 23:59:59.999,38701536.1098
2021-04-04,13.512,14.547,13.276,14.36,1164348.8,2021-04-04 23:59:59.999,16497356.8613
2021-04-05,14.375,15.25,13.561,14.254,2363505.6,2021-04-05 23:59:59.999,34092442.006
2021-04-06,14.254,15.58,13.708,14.182,2753267.1,2021-04-06 23:59:59.999,40456525.5398
2021-04-07,14.187,14.321,11.58,12.206,3470092.4,2021-04-07 23:59:59.999,44025309.8678
2021-04-08,12.224,13.3,12.12,12.894,2255730.2,2021-04-08 23:59:59.999,28707031.5764
2021-04-09,12.887,13.403,12.454,12.73,1915322.4,2021-04-09 23:59:59.999,24812890.4454
2021-04-10,12.73,13.99,12.109,12.61,2487331.2,2021-04-10 23:59:59.999,32350811.5753
2021-04-11,12.61,12.972,12.182,12.873,1440862.0,2021-04-11 23:59:59.999,18090425.4519
2021-04-12,12.888,15.382,12.777,13.899,8531292.3,2021-04-12 23:59:59.999,120072593.1182
2021-04-13,13.904,14.648,12.659,12.752,3582358.8,2021-04-13 23:59:59.999,48012728.1219
2021-04-14,12.759,13.193,11.511,12.253,3717570.5,2021-04-14 23:59:59.999,46182297.6328
2021-04-15,12.253,13.012,12.085,12.551,3527876.7,2021-04-15 23:59:59.999,44459842.9679
2021-04-16,12.559,12.746,11.5,11.92,3717110.0,2021-04-16 23:59:59.999,44890363.4902
2021-04-17,11.921,12.549,11.68,11.832,2939211.1,2021-04-17 23:59:59.999,35650282.7205
2021-04-18,11.838,12.078,5.505,9.789,33686859.6,2021-04-18 23:59:59.999,300859628.2388
2021-04-19,9.789,10.54,8.636,8.675,8327589.8,2021-04-19 23:59:59.999,81338891.2399
2021-04-20,8.678,9.38,7.855,9.232,4250512.7,2021-04-20 23:59:59.999,36822930.8161
2021-04-21,9.227,9.36,8.448,8.56,3145694.4,2021-04-21 23:59:59.999,28067211.0411
2021-04-22,8.561,9.578,7.636,7.853,5138661.2,2021-04-22 23:59:59.999,45181688.9486
2021-04-23,7.852,8.004,5.826,7.554,6148895.3,2021-04-23 23:59:59.999,43311913.1733
2021-04-24,7.551,7.555,6.715,7.285,2847052.3,2021-04-24 23:59:59.999,20289502.3281
2021-04-25,7.285,12.808,7.28,8.185,29926410.8,2021-04-25 23:59:59.999,284882920.8224
2021-04-26,8.191,9.519,8.006,8.95,8317969.4,2021-04-26 23:59:59.999,74006709.7311
2021-04-27,8.954,11.025,8.632,10.44,11129943.6,2021-04-27 23:59:59.999,110610513.4087
2021-04-28,10.44,13.615,9.212,13.024,16370227.5,2021-04-28 23:59:59.999,184526555.2418
2021-04-29,13.024,16.552,12.852,13.473,37765292.6,2021-04-29 23:59:59.999,546978735.3476
2021-04-30,13.477,18.587,12.557,17.686,29494653.3,2021-04-30 23:59:59.999,452327314.992
2021-05-01,17.675,19.757,15.821,18.273,32397938.8,2021-05-01 23:59:59.999,570365427.4561
2021-05-02,18.269,19.25,16.668,17.496,17656752.1,2021-05-02 23:59:59.999,317724630.0664
2021-05-03,17.493,18.513,15.896,16.542,13026146.2,2021-05-03 23:59:59.999,224595245.4971
2021-05-04,16.548,17.225,13.531,13.886,17319591.8,2021-05-04 23:59:59.999,259068402.8753
2021-05-05,13.87,15.688,13.632,14.604,10845884.9,2021-05-05 23:59:59.999,159313829.2495
2021-05-06,14.607,16.112,13.6,14.241,12832736.9,2021-05-06 23:59:59.999,189483311.2354
2021-05-07,14.235,14.8,13.0,13.588,7403496.7,2021-05-07 23:59:59.999,104486066.3647
2021-05-08,13.589,15.78,13.42,14.31,11162420.7,2021-05-08 23:59:59.999,163851714.6862
2021-05-09,14.317,14.454,12.984,13.826,6904157.3,2021-05-09 23:59:59.999,95649896.3981
2021-05-10,13.831,15.21,10.055,11.665,11233490.5,2021-05-10 23:59:59.999,146653896.2359
2021-05-11,11.665,13.155,11.215,12.978,7049524.3,2021-05-11 23:59:59.999,85689178.4692
2021-05-12,12.974,14.042,9.642,9.958,8749535.8,2021-05-12 23:59:59.999,106662920.6469
2021-05-13,9.957,11.884,9.089,10.372,8125368.7,2021-05-13 23:59:59.999,86347206.2606
2021-05-14,10.377,11.893,10.225,11.225,5222578.8,2021-05-14 23:59:59.999,57995282.8498
2021-05-15,11.233,11.514,9.881,10.068,4330541.1,2021-05-15 23:59:59.999,46098547.8756
2021-05-16,10.068,11.997,9.99,11.002,6098275.8,2021-05-16 23:59:59.999,66857961.7452
2021-05-17,11.004,13.572,9.5,13.107,21377703.4,2021-05-17 23:59:59.999,262093905.8058
2021-05-18,13.108,13.78,11.3,11.621,13773136.9,2021-05-18 23:59:59.999,169988070.4968
2021-05-19,11.618,12.058,4.117,6.745,18907303.9,2021-05-19 23:59:59.999,159070080.7594
2021-05-20,6.744,8.304,6.048,7.465,9977362.2,2021-05-20 23:59:59.999,73452052.9447
2021-05-21,7.465,8.052,5.188,6.324,8702881.3,2021-05-21 23:59:59.999,58539835.0614
2021-05-22,6.321,6.47,5.254,6.102,7201381.7,2021-05-22 23:59:59.999,43081708.4822
2021-05-23,6.104,6.256,3.735,5.106,12576221.2,2021-05-23 23:59:59.999,60626273.4123
2021-05-24,5.108,6.212,4.908,6.151,10152505.0,2021-05-24 23:59:59.999,56651307.8977
2021-05-25,6.153,7.095,5.289,6.834,10788720.0,2021-05-25 23:59:59.999,65015812.8414
2021-05-26,6.838,7.751,6.498,7.566,10452169.0,2021-05-26 23:59:59.999,75286578.9255
2021-05-27,7.564,8.895,6.704,7.775,13284332.3,2021-05-27 23:59:59.999,104395755.7302
2021-05-28,7.779,8.38,6.319,6.881,11886407.2,2021-05-28 23:59:59.999,85348774.6249
2021-05-29,6.882,7.362,5.539,5.944,8335814.6,2021-05-29 23:59:59.999,53770608.1696
2021-05-30,5.947,7.559,5.513,6.997,12988172.1,2021-05-30 23:59:59.999,89687516.5592
2021-05-31,6.995,7.5,6.473,7.433,10985631.5,2021-05-31 23:59:59.999,77662861.9068
2021-06-01,7.432,7.728,6.64,6.922,8243730.8,2021-06-01 23:59:59.999,58120359.5096
2021-06-02,6.923,7.224,6.6,6.8,6685021.4,2021-06-02 23:59:59.999,46325298.2607
2021-06-03,6.801,7.441,6.7,7.231,7939300.4,2021-06-03 23:59:59.999,56356032.9673
2021-06-04,7.232,7.253,5.876,6.26,9016972.1,2021-06-04 23:59:59.999,57780969.1915
2021-06-05,6.26,6.779,5.697,6.055,9125304.3,2021-06-05 23:59:59.999,57540531.9494
2021-06-06,6.054,6.242,5.925,6.108,4408752.2,2021-06-06 23:59:59.999,26876864.1637
2021-06-07,6.108,6.547,5.353,5.613,7911252.1,2021-06-07 23:59:59.999,48072783.7462
2021-06-08,5.612,5.669,4.835,5.34,7141517.8,2021-06-08 23:59:59.999,38158773.9004
2021-06-09,5.339,5.781,4.947,5.715,6895412.7,2021-06-09 23:59:59.999,37124984.7372
2021-06-10,5.716,5.914,5.271,5.541,5748284.1,2021-06-10 23:59:59.999,32087295.9204
2021-06-11,5.542,6.695,5.304,6.066,18740784.8,2021-06-11 23:59:59.999,115901331.5723
2021-06-12,6.066,6.1,5.111,5.314,12766953.5,2021-06-12 23:59:59.999,69633832.6311
2021-06-13,5.314,6.196,5.16,6.044,9439389.0,2021-06-13 23:59:59.999,52250089.6666
2021-06-14,6.043,6.1,5.58,5.834,8078813.2,2021-06-14 23:59:59.999,47335512.565
2021-06-15,5.835,6.198,5.515,5.639,9883286.6,2021-06-15 23:59:59.999,57304719.0283
2021-06-16,5.642,6.039,5.195,5.294,12772367.8,2021-06-16 23:59:59.999,70733984.3228
2021-06-17,5.295,5.897,5.271,5.672,17779160.1,2021-06-17 23:59:59.999,100618771.1163
2021-06-18,5.672,5.853,5.102,5.259,12687392.3,2021-06-18 23:59:59.999,69233045.6083
2021-06-19,5.257,5.329,4.919,4.968,7323282.9,2021-06-19 23:59:59.999,37949788.7109
2021-06-20,4.968,5.18,4.48,4.986,9912414.8,2021-06-20 23:59:59.999,48176078.2625
2021-06-21,4.988,5.03,3.673,3.748,14387772.5,2021-06-21 23:59:59.999,61250748.1924
2021-06-22,3.745,4.067,3.156,3.586,14957473.4,2021-06-22 23:59:59.999,54609189.8756
2021-06-23,3.588,4.824,3.47,4.739,24746401.2,2021-06-23 23:59:59.999,108349169.2818
2021-06-24,4.735,4.75,4.311,4.445,17743102.1,2021-06-24 23:59:59.999,79457002.5806
2021-06-25,4.442,4.512,3.736,3.776,12463454.7,2021-06-25 23:59:59.999,50387520.7991
2021-06-26,3.775,3.902,3.393,3.674,10912374.5,2021-06-26 23:59:59.999,39140118.7715
2021-06-27,3.67,3.811,3.451,3.8,8698322.6,2021-06-27 23:59:59.999,31442709.4845
2021-06-28,3.798,4.051,3.736,3.904,9076764.4,2021-06-28 23:59:59.999,35185268.9238
2021-06-29,3.905,4.252,3.832,3.994,9854799.8,2021-06-29 23:59:59.999,40174693.5653
2021-06-30,3.992,4.046,3.63,3.916,10787394.7,2021-06-30 23:59:59.999,41432829.745
2021-07-01,3.917,4.36,3.8,4.112,25407920.4,2021-07-01 23:59:59.999,105023454.2826
2021-07-02,4.111,4.266,3.777,3.943,10941071.8,2021-07-02 23:59:59.999,43158438.5826
2021-07-03,3.943,4.185,3.828,4.056,8066603.0,2021-07-03 23:59:59.999,32482509.0204
2021-07-04,4.055,5.242,3.97,4.796,43920564.0,2021-07-04 23:59:59.999,213726130.7019
2021-07-05,4.796,4.885,4.316,4.658,25135146.0,2021-07-05 23:59:59.999,115055887.0357
2021-07-06,4.661,6.0,4.652,5.858,34832241.7,2021-07-06 23:59:59.999,188702908.6827
2021-07-07,5.859,6.488,5.562,5.693,26616749.2,2021-07-07 23:59:59.999,161649676.6829
2021-07-08,5.688,7.065,5.37,5.495,53535331.4,2021-07-08 23:59:59.999,331593663.4353
2021-07-09,5.493,6.785,5.028,6.482,41795244.6,2021-07-09 23:59:59.999,243317003.1739
2021-07-10,6.482,7.353,6.027,6.302,39985149.1,2021-07-10 23:59:59.999,268657424.2152
2021-07-11,6.302,7.42,6.19,7.042,36253292.0,2021-07-11 23:59:59.999,251716684.4354
2021-07-12,7.048,7.3,6.25,6.546,26990379.1,2021-07-12 23:59:59.999,180340916.9442
2021-07-13,6.544,7.577,6.43,6.886,50233560.6,2021-07-13 23:59:59.999,356412316.276
2021-07-14,6.886,7.52,5.913,7.259,45249059.4,2021-07-14 23:59:59.999,299339512.2184
2021-07-15,7.259,8.579,6.844,6.955,70818068.1,2021-07-15 23:59:59.999,556711945.007
2021-07-16,6.957,7.284,5.713,5.757,47790678.5,2021-07-16 23:59:59.999,310043420.1951
2021-07-17,5.758,5.909,5.29,5.626,37827770.4,2021-07-17 23:59:59.999,212839178.8715
2021-07-18,5.625,6.24,5.33,5.6,30328798.0,2021-07-18 23:59:59.999,175202094.865
2021-07-19,5.599,5.631,4.71,4.804,26181329.1,2021-07-19 23:59:59.999,133195608.4913
2021-07-20,4.806,4.822,4.013,4.421,39736585.6,2021-07-20 23:59:59.999,173926217.1202
2021-07-21,4.422,5.382,4.241,5.229,42504048.9,2021-07-21 23:59:59.999,212930195.5302
2021-07-22,5.23,6.217,5.113,5.905,42953549.1,2021-07-22 23:59:59.999,246900896.5709
2021-07-23,5.906,8.068,5.737,7.668,57470200.9,2021-07-23 23:59:59.999,383004075.5616
2021-07-24,7.668,11.291,7.2,10.477,100229608.9,2021-07-24 23:59:59.999,930528488.569
2021-07-25,10.477,12.8,9.102,11.588,137766663.0,2021-07-25 23:59:59.999,1571346775.4367
2021-07-26,11.582,11.586,8.804,9.341,73232038.5,2021-07-26 23:59:59.999,737068971.4385
2021-07-27,9.343,14.59,8.59,13.598,165709069.7,2021-07-27 23:59:59.999,2055241046.1812
2021-07-28,13.592,15.233,12.569,13.608,107189194.9,2021-07-28 23:59:59.999,1465364792.1006
2021-07-29,13.61,16.5,13.104,14.868,92542211.5,2021-07-29 23:59:59.999,1404085600.0934
2021-07-30,14.864,15.2,13.201,14.92,55975151.4,2021-07-30 23:59:59.999,786966109.8679
2021-07-31,14.917,14.94,13.401,13.639,35010613.8,2021-07-31 23:59:59.999,489425944.1392
2021-08-01,13.637,13.679,11.597,11.958,41494436.2,2021-08-01 23:59:59.999,528316584.3207
2021-08-02,11.961,14.348,11.906,12.926,65426629.8,2021-08-02 23:59:59.999,878333621.2855
2021-08-03,12.924,13.311,11.841,12.214,35430372.0,2021-08-03 23:59:59.999,442219009.4916
2021-08-04,12.215,13.65,11.92,12.857,40776186.8,2021-08-04 23:59:59.999,529233226.7665
2021-08-05,12.854,13.09,12.12,12.536,28858486.7,2021-08-05 23:59:59.999,362822092.9461
2021-08-06,12.538,13.424,12.282,12.643,28721859.5,2021-08-06 23:59:59.999,370676910.5367
2021-08-07,12.643,13.389,12.069,12.32,28233265.8,2021-08-07 23:59:59.999,361198005.5879
2021-08-08,12.319,13.173,10.988,11.647,30677810.8,2021-08-08 23:59:59.999,375196104.2105
2021-08-09,11.649,12.26,11.1,11.836,22551733.9,2021-08-09 23:59:59.999,265712230.8434
2021-08-10,11.834,14.455,11.644,14.267,50245848.4,2021-08-10 23:59:59.999,673441079.568
2021-08-11,14.266,15.143,12.977,13.253,33358980.0,2021-08-11 23:59:59.999,470843472.8169
2021-08-12,13.251,13.973,12.293,12.647,23393030.3,2021-08-12 23:59:59.999,304389362.7756
2021-08-13,12.649,13.725,12.427,13.332,21708890.4,2021-08-13 23:59:59.999,285394518.6435
2021-08-14,13.332,13.88,12.729,13.0,17516930.6,2021-08-14 23:59:59.999,231072621.2394
2021-08-15,13.0,13.875,12.0,13.37,21439313.0,2021-08-15 23:59:59.999,283149346.7464
2021-08-16,13.37,14.422,12.8,12.883,23056911.9,2021-08-16 23:59:59.999,311418106.4847
2021-08-17,12.884,13.98,12.407,12.54,28325544.2,2021-08-17 23:59:59.999,372585603.8047
2021-08-18,12.542,12.701,11.203,11.842,21491947.7,2021-08-18 23:59:59.999,257500724.1395
2021-08-19,11.841,12.796,11.535,12.423,19837653.8,2021-08-19 23:59:59.999,241898126.8639
2021-08-20,12.423,13.318,12.407,13.066,18893667.5,2021-08-20 23:59:59.999,244896542.3472
2021-08-21,13.068,18.178,12.95,17.081,82500730.7,2021-08-21 23:59:59.999,1364510657.1812
2021-08-22,17.082,17.455,15.22,16.224,36099898.8,2021-08-22 23:59:59.999,582169114.4615
2021-08-23,16.227,18.74,15.965,17.255,34920671.3,2021-08-23 23:59:59.999,607942497.1335
2021-08-24,17.252,17.729,15.078,16.023,27221304.6,2021-08-24 23:59:59.999,447077555.8002
2021-08-25,16.02,23.0,15.974,21.019,81212652.5,2021-08-25 23:59:59.999,1630475878.1894
2021-08-26,21.016,21.937,18.23,19.248,42347563.2,2021-08-26 23:59:59.999,832028693.608
2021-08-27,19.248,20.7,17.169,20.116,34544886.4,2021-08-27 23:59:59.999,654244352.7788
2021-08-28,20.116,23.888,20.035,21.24,40906181.4,2021-08-28 23:59:59.999,911014104.8043
2021-08-29,21.244,22.394,19.819,20.567,28400556.0,2021-08-29 23:59:59.999,594977066.0764
2021-08-30,20.566,21.664,19.124,19.429,29133501.7,2021-08-30 23:59:59.999,595052819.3555
2021-08-31,19.429,19.536,17.263,18.076,22052953.8,2021-08-31 23:59:59.999,412828749.1479
2021-09-01,18.068,19.0,17.404,18.302,19056328.9,2021-09-01 23:59:59.999,344246471.3256
2021-09-02,18.301,19.766,17.798,18.115,23278007.7,2021-09-02 23:59:59.999,438113595.4924
2021-09-03,18.116,18.8,17.5,18.059,16096867.2,2021-09-03 23:59:59.999,293960100.2743
2021-09-04,18.059,20.5,17.911,18.523,27977317.8,2021-09-04 23:59:59.999,540230620.4717
2021-09-05,18.524,19.251,18.279,18.831,13154688.5,2021-09-05 23:59:59.999,247027824.8115
2021-09-06,18.827,19.428,15.937,17.994,20564036.4,2021-09-06 23:59:59.999,373780166.7405
2021-09-07,17.995,18.17,9.24,13.561,50998157.6,2021-09-07 23:59:59.999,722231787.3856
2021-09-08,13.563,14.105,11.53,13.431,26790487.2,2021-09-08 23:59:59.999,349078885.528
2021-09-09,13.43,14.681,12.4,13.265,22818860.6,2021-09-09 23:59:59.999,311452885.7339
2021-09-10,13.265,13.794,11.8,12.462,17223453.9,2021-09-10 23:59:59.999,219896064.7617
2021-09-11,12.46,13.947,12.182,12.874,14417384.0,2021-09-11 23:59:59.999,189432681.5676
2021-09-12,12.873,13.539,12.524,13.155,10836066.5,2021-09-12 23:59:59.999,141944454.9415
2021-09-13,13.157,13.341,11.022,11.998,15084040.3,2021-09-13 23:59:59.999,182255736.7241
2021-09-14,12.001,12.495,11.821,12.32,9813543.0,2021-09-14 23:59:59.999,119491030.3479
2021-09-15,12.32,13.453,12.178,13.236,12409121.2,2021-09-15 23:59:59.999,159799926.1334
2021-09-16,13.234,14.491,12.567,14.063,21904768.4,2021-09-16 23:59:59.999,296940450.9519
2021-09-17,14.068,15.3,12.887,13.235,22134060.6,2021-09-17 23:59:59.999,310922420.3846
2021-09-18,13.237,13.871,12.938,13.228,9165108.8,2021-09-18 23:59:59.999,122823207.6862
2021-09-19,13.232,13.27,12.211,12.556,8647158.8,2021-09-19 23:59:59.999,110560089.2483
2021-09-20,12.552,12.599,9.766,10.192,19785852.7,2021-09-20 23:59:59.999,215362159.4719
2021-09-21,10.19,10.893,9.1,9.355,17395058.5,2021-09-21 23:59:59.999,175224258.821
2021-09-22,9.356,11.493,9.156,11.238,18217152.2,2021-09-22 23:59:59.999,190120133.0103
2021-09-23,11.234,11.82,10.65,11.345,14512461.0,2021-09-23 23:59:59.999,162529586.5383
2021-09-24,11.344,11.692,9.414,10.122,16510379.0,2021-09-24 23:59:59.999,170659115.0232
2021-09-25,10.121,10.352,9.525,9.883,9670671.5,2021-09-25 23:59:59.999,96642721.0155
2021-09-26,9.883,10.442,8.735,9.906,15267221.3,2021-09-26 23:59:59.999,147156773.9997
2021-09-27,9.907,10.49,9.416,9.46,13012936.7,2021-09-27 23:59:59.999,130000642.0776
2021-09-28,9.46,10.855,9.26,10.214,23934891.6,2021-09-28 23:59:59.999,243605584.5545
2021-09-29,10.214,11.28,10.111,10.306,25634644.1,2021-09-29 23:59:59.999,273328595.0096
2021-09-30,10.302,12.08,10.236,11.746,28867743.6,2021-09-30 23:59:59.999,331488304.9946
2021-10-01,11.746,14.706,11.44,14.512,29844462.9,2021-10-01 23:59:59.999,383086389.1436
2021-10-02,14.505,14.737,13.02,13.252,20152115.8,2021-10-02 23:59:59.999,282315801.8456
2021-10-03,13.252,14.405,12.805,14.36,18841362.2,2021-10-03 23:59:59.999,255858823.6052
2021-10-04,14.36,15.684,13.606,14.133,34270043.1,2021-10-04 23:59:59.999,500915050.2221
2021-10-05,14.132,14.7,13.242,13.586,13699662.5,2021-10-05 23:59:59.999,191600010.9812
2021-10-06,13.587,14.123,12.4,13.003,16208961.5,2021-10-06 23:59:59.999,214181240.9249
2021-10-07,13.007,13.755,12.611,13.167,13424063.9,2021-10-07 23:59:59.999,177072681.8394
2021-10-08,13.17,13.44,12.62,12.873,11457103.5,2021-10-08 23:59:59.999,149251298.1565
2021-10-09,12.874,13.21,12.604,12.919,7959829.0,2021-10-09 23:59:59.999,102303143.1868
2021-10-10,12.918,12.928,11.711,11.83,11184024.6,2021-10-10 23:59:59.999,138422412.6176
2021-10-11,11.829,12.396,11.238,11.71,10472084.7,2021-10-11 23:59:59.999,124744992.3189
2021-10-12,11.713,11.865,10.548,11.664,15127273.0,2021-10-12 23:59:59.999,170107583.2684
2021-10-13,11.658,12.059,11.214,11.732,10591013.6,2021-10-13 23:59:59.999,122703189.9419
2021-10-14,11.735,12.9,11.607,12.494,13420770.8,2021-10-14 23:59:59.999,165679989.1958
2021-10-15,12.49,12.496,11.542,12.187,11489035.5,2021-10-15 23:59:59.999,138715080.9166
2021-10-16,12.187,12.74,12.05,12.187,8404978.2,2021-10-16 23:59:59.999,104425289.1126
2021-10-17,12.185,12.25,11.306,11.782,6236637.0,2021-10-17 23:59:59.999,74187495.9152
2021-10-18,11.785,11.879,11.219,11.613,5476763.1,2021-10-18 23:59:59.999,63121279.5248
2021-10-19,11.612,11.754,11.27,11.572,4537303.6,2021-10-19 23:59:59.999,52213345.0041
2021-10-20,11.572,12.345,11.446,12.213,9485782.0,2021-10-20 23:59:59.999,113893437.283
2021-10-21,12.211,12.733,11.575,11.922,12494302.1,2021-10-21 23:59:59.999,152747601.9342
2021-10-22,11.922,12.312,11.768,12.213,7931325.9,2021-10-22 23:59:59.999,95865870.2171
2021-10-23,12.21,12.261,11.801,12.155,4304894.6,2021-10-23 23:59:59.999,51896459.7941
2021-10-24,12.156,12.191,11.327,11.701,5636147.3,2021-10-24 23:59:59.999,66520021.4062
2021-10-25,11.699,12.403,11.651,12.299,6957772.9,2021-10-25 23:59:59.999,84278215.8495
2021-10-26,12.301,12.886,12.044,12.269,10421043.4,2021-10-26 23:59:59.999,130559573.9004
2021-10-27,12.266,13.415,9.263,10.5,21882373.4,2021-10-27 23:59:59.999,251454796.8483
2021-10-28,10.5,11.248,10.394,11.039,10379910.6,2021-10-28 23:59:59.999,113139481.0008
2021-10-29,11.039,13.555,10.873,13.008,32777233.7,2021-10-29 23:59:59.999,413777576.7048
2021-10-30,13.004,17.331,12.67,16.386,47171163.1,2021-10-30 23:59:59.999,700072979.6659
2021-10-31,16.376,17.645,13.17,13.806,25932660.0,2021-10-31 23:59:59.999,386034261.077
2021-11-01,13.807,14.824,12.897,14.072,16755435.8,2021-11-01 23:59:59.999,233626845.1403
2021-11-02,14.074,15.914,13.938,14.714,21066276.9,2021-11-02 23:59:59.999,316445318.953
2021-11-03,14.714,14.88,13.3,14.232,12071090.7,2021-11-03 23:59:59.999,169701595.6504
2021-11-04,14.232,15.705,13.764,15.259,19328045.6,2021-11-04 23:59:59.999,287235968.2833
2021-11-05,15.254,16.0,14.036,14.305,11831975.0,2021-11-05 23:59:59.999,176123811.1375
2021-11-06,14.3,14.8,13.5,14.356,7813009.8,2021-11-06 23:59:59.999,111361496.5488
2021-11-07,14.36,16.765,14.096,16.173,16778492.4,2021-11-07 23:59:59.999,261744955.1334
2021-11-08,16.173,16.951,15.481,15.94,15702601.1,2021-11-08 23:59:59.999,252647639.4489
2021-11-09,15.942,16.659,14.888,14.969,10505114.1,2021-11-09 23:59:59.999,164008384.1614
2021-11-10,14.97,15.797,11.733,13.34,19388138.7,2021-11-10 23:59:59.999,279427858.0677
2021-11-11,13.339,14.277,13.162,13.868,9617080.7,2021-11-11 23:59:59.999,133141366.4445
2021-11-12,13.869,14.962,13.218,14.152,17700188.9,2021-11-12 23:59:59.999,250607627.7084
2021-11-13,14.15,15.333,14.061,14.284,11893092.5,2021-11-13 23:59:59.999,173989129.1273
2021-11-14,14.284,14.87,13.878,14.346,7559487.4,2021-11-14 23:59:59.999,108786257.652
2021-11-15,14.346,15.299,14.058,14.308,10616241.8,2021-11-15 23:59:59.999,156602431.1107
2021-11-16,14.309,14.31,11.369,12.829,19305077.5,2021-11-16 23:59:59.999,250194458.5512
2021-11-17,12.824,14.896,12.186,14.464,23634188.5,2021-11-17 23:59:59.999,323919065.6264
2021-11-18,14.458,17.939,13.6,16.958,52428099.9,2021-11-18 23:59:59.999,819021247.9858
2021-11-19,16.964,17.946,15.321,16.552,32601438.3,2021-11-19 23:59:59.999,532442151.3652
2021-11-20,16.551,20.365,16.488,19.38,35682123.4,2021-11-20 23:59:59.999,673917402.6855
2021-11-21,19.379,22.199,18.058,18.328,37122796.0,2021-11-21 23:59:59.999,761138614.8735
2021-11-22,18.322,19.887,17.407,19.089,28237773.9,2021-11-22 23:59:59.999,523338679.6098
2021-11-23,19.094,24.789,18.814,24.108,49956570.9,2021-11-23 23:59:59.999,1137888833.584
2021-11-24,24.118,27.872,22.832,27.276,40914889.8,2021-11-24 23:59:59.999,1044738673.8463
2021-11-25,27.276,28.71,23.0,23.702,30071347.1,2021-11-25 23:59:59.999,763890894.8558
2021-11-26,23.707,25.132,18.606,20.174,38009383.5,2021-11-26 23:59:59.999,803859862.8985
2021-11-27,20.166,21.527,18.69,19.268,14366406.9,2021-11-27 23:59:59.999,286570798.3888
2021-11-28,19.264,21.629,17.13,21.118,31042116.4,2021-11-28 23:59:59.999,600998384.9179
2021-11-29,21.12,21.894,19.369,19.431,22649696.3,2021-11-29 23:59:59.999,465009701.1604
2021-11-30,19.431,20.377,18.43,20.27,19035142.3,2021-11-30 23:59:59.999,367794991.1197
2021-12-01,20.272,23.27,19.91,21.723,37041317.7,2021-12-01 23:59:59.999,806264842.5884
2021-12-02,21.723,24.0,20.377,20.964,36075249.4,2021-12-02 23:59:59.999,790756921.7262
2021-12-03,20.962,21.407,17.35,18.733,19573626.8,2021-12-03 23:59:59.999,389961480.7579
2021-12-04,18.734,18.8,11.187,15.428,47162956.1,2021-12-04 23:59:59.999,700214316.77
2021-12-05,15.437,15.97,13.2,13.849,22635936.3,2021-12-05 23:59:59.999,326599283.129
2021-12-06,13.851,14.382,11.863,14.195,27344690.8,2021-12-06 23:59:59.999,356007757.3114
2021-12-07,14.198,14.6,13.24,13.543,18068617.8,2021-12-07 23:59:59.999,252166868.5539
2021-12-08,13.543,14.3,12.75,14.185,16381415.4,2021-12-08 23:59:59.999,221590455.34
2021-12-09,14.189,14.882,12.601,12.814,28617139.4,2021-12-09 23:59:59.999,396284693.4817
2021-12-10,12.813,13.863,12.306,12.448,20966872.6,2021-12-10 23:59:59.999,276060811.6977
2021-12-11,12.448,13.757,12.165,13.435,15615743.8,2021-12-11 23:59:59.999,205469864.8898
2021-12-12,13.436,13.976,13.17,13.522,14823013.0,2021-12-12 23:59:59.999,201470084.5244
2021-12-13,13.526,13.793,11.474,11.789,18716904.2,2021-12-13 23:59:59.999,234261936.8908
2021-12-14,11.79,12.172,11.244,12.027,17647536.3,2021-12-14 23:59:59.999,207923848.3947
2021-12-15,12.027,12.797,11.345,12.544,16289358.6,2021-12-15 23:59:59.999,196891161.9418
2021-12-16,12.542,13.267,12.505,12.642,12843442.6,2021-12-16 23:59:59.999,165505817.4797
2021-12-17,12.647,13.2,11.618,12.008,14614686.8,2021-12-17 23:59:59.999,180369649.2183
2021-12-18,12.011,12.529,11.727,12.34,9834816.5,2021-12-18 23:59:59.999,119857602.4399
2021-12-19,12.341,12.59,11.765,11.943,9155050.3,2021-12-19 23:59:59.999,112083896.3874
2021-12-20,11.943,12.097,11.007,11.831,12533145.3,2021-12-20 23:59:59.999,144804623.5237
2021-12-21,11.833,12.737,11.563,12.621,12422586.6,2021-12-21 23:59:59.999,152452905.8007
2021-12-22,12.618,13.503,12.465,13.234,13655744.4,2021-12-22 23:59:59.999,177484995.2175
2021-12-23,13.237,14.592,12.75,14.394,20058343.4,2021-12-23 23:59:59.999,273698978.1537
2021-12-24,14.395,15.125,13.371,13.69,18189865.0,2021-12-24 23:59:59.999,261702048.179
2021-12-25,13.693,14.928,13.554,14.628,12702292.3,2021-12-25 23:59:59.999,183226433.7108
2021-12-26,14.636,15.559,13.937,15.13,15961769.2,2021-12-26 23:59:59.999,235616763.9074
2021-12-27,15.136,15.753,14.25,14.453,12656315.4,2021-12-27 23:59:59.999,192551313.4174
2021-12-28,14.452,14.455,12.657,12.775,20807457.2,2021-12-28 23:59:59.999,282435173.8398
2021-12-29,12.775,13.239,12.1,12.42,15860037.2,2021-12-29 23:59:59.999,202691898.7465
2021-12-30,12.42,12.924,11.93,12.465,11166215.2,2021-12-30 23:59:59.999,139402099.4377
2021-12-31,12.465,13.049,12.121,12.481,11548029.6,2021-12-31 23:59:59.999,146016935.1947
2022-01-01,12.487,13.374,12.482,13.364,10326342.0,2022-01-01 23:59:59.999,134892056.1982
2022-01-02,13.364,13.486,12.8,13.049,8309212.0,2022-01-02 23:59:59.999,109487768.2961
2022-01-03,13.049,13.051,12.32,12.639,10433755.5,2022-01-03 23:59:59.999,133069097.9289
2022-01-04,12.639,14.04,12.223,13.65,18036216.4,2022-01-04 23:59:59.999,241160749.617
2022-01-05,13.648,14.337,11.404,12.228,27424686.2,2022-01-05 23:59:59.999,366723220.4158
2022-01-06,12.229,12.343,11.594,12.162,18762454.9,2022-01-06 23:59:59.999,224641699.8874
2022-01-07,12.166,12.226,11.056,11.321,19386134.8,2022-01-07 23:59:59.999,223703325.9228
2022-01-08,11.324,11.754,10.353,10.826,15350423.1,2022-01-08 23:59:59.999,169574055.2683
2022-01-09,10.825,11.307,10.644,11.01,9998103.7,2022-01-09 23:59:59.999,109813010.5042
2022-01-10,11.01,11.203,9.817,10.181,16026399.5,2022-01-10 23:59:59.999,166448784.2943
2022-01-11,10.183,10.964,10.068,10.842,11953233.3,2022-01-11 23:59:59.999,126089283.1203
2022-01-12,10.841,11.575,10.802,11.497,11779684.7,2022-01-12 23:59:59.999,132248711.5448
2022-01-13,11.494,11.687,10.61,10.66,13024825.5,2022-01-13 23:59:59.999,145039807.3291
2022-01-14,10.657,10.999,10.321,10.817,10067068.1,2022-01-14 23:59:59.999,107552481.1234
2022-01-15,10.816,11.486,10.726,11.138,11718796.6,2022-01-15 23:59:59.999,130765534.5331
2022-01-16,11.139,11.5,10.925,11.286,9937845.5,2022-01-16 23:59:59.999,111226474.6718
2022-01-17,11.287,11.373,10.333,10.5,10733522.7,2022-01-17 23:59:59.999,115424782.1445
2022-01-18,10.502,10.631,9.955,10.292,13253822.7,2022-01-18 23:59:59.999,135383083.9394
2022-01-19,10.292,10.477,9.703,10.087,15677345.0,2022-01-19 23:59:59.999,159820058.8374
2022-01-20,10.09,10.704,9.515,9.568,15098132.0,2022-01-20 23:59:59.999,153592591.9467
2022-01-21,9.568,9.976,7.7,7.952,28256072.6,2022-01-21 23:59:59.999,250925202.4302
2022-01-22,7.951,8.15,6.255,6.891,42481030.7,2022-01-22 23:59:59.999,300653965.1154
2022-01-23,6.89,7.327,6.43,6.846,25471317.5,2022-01-23 23:59:59.999,175464739.1678
2022-01-24,6.845,6.849,5.698,6.511,35280552.7,2022-01-24 23:59:59.999,218491238.8401
2022-01-25,6.51,6.76,6.247,6.545,19162269.2,2022-01-25 23:59:59.999,124244787.6058
2022-01-26,6.543,7.538,6.497,6.706,28611347.5,2022-01-26 23:59:59.999,199663622.6702
2022-01-27,6.705,6.94,6.345,6.611,22886957.5,2022-01-27 23:59:59.999,152247393.9889
2022-01-28,6.61,6.886,6.377,6.813,16726555.6,2022-01-28 23:59:59.999,111036480.7133
2022-01-29,6.815,7.038,6.744,6.899,13127956.8,2022-01-29 23:59:59.999,90469023.0508
2022-01-30,6.9,7.229,6.657,6.728,15144864.9,2022-01-30 23:59:59.999,105446937.4477
2022-01-31,6.727,6.989,6.402,6.905,17622667.9,2022-01-31 23:59:59.999,117570520.5651
2022-02-01,6.905,7.497,6.86,7.38,22160871.4,2022-02-01 23:59:59.999,161171893.6065
2022-02-02,7.379,7.657,6.679,6.856,18638864.4,2022-02-02 23:59:59.999,134229129.3968
2022-02-03,6.857,6.893,6.474,6.773,15902035.2,2022-02-03 23:59:59.999,106363697.1672
2022-02-04,6.773,7.368,6.66,7.33,18396179.4,2022-02-04 23:59:59.999,127617129.3738
2022-02-05,7.332,8.477,7.251,8.232,25637349.4,2022-02-05 23:59:59.999,200426754.5352
2022-02-06,8.227,9.169,8.071,8.96,41832807.3,2022-02-06 23:59:59.999,366601577.7202
2022-02-07,8.96,9.9,8.719,9.594,29102357.0,2022-02-07 23:59:59.999,273778060.7129
2022-02-08,9.594,9.653,8.589,9.204,24947566.5,2022-02-08 23:59:59.999,226065735.9307
2022-02-09,9.202,9.339,8.702,8.934,14145781.9,2022-02-09 23:59:59.999,127365885.1026
2022-02-10,8.933,9.25,8.226,8.355,28771783.9,2022-02-10 23:59:59.999,252777525.8938
2022-02-11,8.355,8.67,7.444,7.681,19542359.7,2022-02-11 23:59:59.999,160717553.4078
2022-02-12,7.677,8.05,7.338,7.79,16516834.3,2022-02-12 23:59:59.999,127352315.4979
2022-02-13,7.789,8.09,7.235,7.306,13802083.3,2022-02-13 23:59:59.999,105487617.3738
2022-02-14,7.306,7.523,7.048,7.39,16880031.8,2022-02-14 23:59:59.999,122971305.8434
2022-02-15,7.39,8.844,7.39,8.786,34428277.9,2022-02-15 23:59:59.999,285999024.575
2022-02-16,8.787,9.28,8.653,8.987,54225597.2,2022-02-16 23:59:59.999,484247498.3092
2022-02-17,8.988,9.4,7.986,8.158,34859571.0,2022-02-17 23:59:59.999,301698662.2511
2022-02-18,8.158,8.373,7.601,7.716,20818122.5,2022-02-18 23:59:59.999,166484422.0665
2022-02-19,7.713,7.814,7.278,7.685,15415591.7,2022-02-19 23:59:59.999,116926803.497
2022-02-20,7.687,7.706,6.913,7.072,18496188.5,2022-02-20 23:59:59.999,132510818.5331
2022-02-21,7.074,7.656,6.387,6.433,32287646.5,2022-02-21 23:59:59.999,227698589.9789
2022-02-22,6.431,6.864,6.118,6.821,27104973.6,2022-02-22 23:59:59.999,176311145.1539
2022-02-23,6.822,8.236,6.63,7.108,57343170.1,2022-02-23 23:59:59.999,421540189.4037
2022-02-24,7.109,7.476,5.953,6.885,78882905.1,2022-02-24 23:59:59.999,515289388.9388
2022-02-25,6.885,7.532,6.604,7.423,30607175.5,2022-02-25 23:59:59.999,216416262.2407
2022-02-26,7.424,7.659,7.024,7.116,17087057.0,2022-02-26 23:59:59.999,124604365.3867
2022-02-27,7.118,7.202,6.51,6.717,22036396.4,2022-02-27 23:59:59.999,151584206.3576
2022-02-28,6.717,7.589,6.56,7.546,20272490.9,2022-02-28 23:59:59.999,142163527.9017
2022-03-01,7.547,7.96,7.29,7.897,23191963.5,2022-03-01 23:59:59.999,177075376.7424
2022-03-02,7.898,7.928,7.305,7.394,20910935.9,2022-03-02 23:59:59.999,158483537.5921
2022-03-03,7.394,7.505,7.035,7.225,14950238.7,2022-03-03 23:59:59.999,108549642.7444
2022-03-04,7.227,7.264,6.56,6.738,16810113.2,2022-03-04 23:59:59.999,116402999.5029
2022-03-05,6.738,6.948,6.519,6.868,12175416.2,2022-03-05 23:59:59.999,82599146.7628
2022-03-06,6.867,6.938,6.32,6.396,12569311.7,2022-03-06 23:59:59.999,83096015.1261
2022-03-07,6.397,6.661,6.02,6.142,16645865.4,2022-03-07 23:59:59.999,105225235.6442
2022-03-08,6.141,6.355,6.01,6.062,16539545.5,2022-03-08 23:59:59.999,102290581.6899
2022-03-09,6.061,6.546,6.024,6.361,19033581.7,2022-03-09 23:59:59.999,121048388.4358
2022-03-10,6.361,6.499,5.758,5.992,20611483.9,2022-03-10 23:59:59.999,123710634.3185
2022-03-11,5.992,6.128,5.741,5.809,15246438.3,2022-03-11 23:59:59.999,90160900.05
2022-03-12,5.809,6.088,5.791,5.823,15994389.5,2022-03-12 23:59:59.999,94506163.4772
2022-03-13,5.823,6.038,5.362,5.483,20878368.5,2022-03-13 23:59:59.999,120295762.3896
2022-03-14,5.484,5.685,5.409,5.643,19996859.0,2022-03-14 23:59:59.999,110791068.2054
2022-03-15,5.641,5.822,5.48,5.764,13832060.7,2022-03-15 23:59:59.999,77865250.0741
2022-03-16,5.765,6.189,5.625,6.152,20695320.0,2022-03-16 23:59:59.999,121401566.2262
2022-03-17,6.153,6.443,6.075,6.195,18083234.9,2022-03-17 23:59:59.999,113215676.8399
2022-03-18,6.194,6.315,5.928,6.261,14483100.9,2022-03-18 23:59:59.999,88254003.6676
2022-03-19,6.261,6.695,6.257,6.512,15350612.4,2022-03-19 23:59:59.999,99407750.1369
2022-03-20,6.51,6.698,6.102,6.221,14188394.3,2022-03-20 23:59:59.999,90667470.6119
2022-03-21,6.221,6.532,6.027,6.335,13220390.1,2022-03-21 23:59:59.999,83921181.4047
2022-03-22,6.334,6.791,6.291,6.541,17347812.2,2022-03-22 23:59:59.999,114541915.3021
2022-03-23,6.54,6.945,6.438,6.917,18674165.0,2022-03-23 23:59:59.999,125823620.9352
2022-03-24,6.917,7.224,6.884,7.158,20673197.1,2022-03-24 23:59:59.999,146105710.0893
2022-03-25,7.159,7.266,6.75,6.882,15922350.6,2022-03-25 23:59:59.999,112811701.6087
2022-03-26,6.883,7.199,6.843,7.165,9560289.9,2022-03-26 23:59:59.999,67257460.9237
2022-03-27,7.164,7.741,7.109,7.656,17303860.3,2022-03-27 23:59:59.999,127833849.6851
2022-03-28,7.656,8.077,7.107,7.37,19041775.8,2022-03-28 23:59:59.999,148175518.0571
2022-03-29,7.369,7.931,7.344,7.62,18929728.7,2022-03-29 23:59:59.999,144276203.734
2022-03-30,7.616,7.927,7.29,7.794,17519687.1,2022-03-30 23:59:59.999,135315459.2607
2022-03-31,7.794,8.254,7.38,7.528,21357637.2,2022-03-31 23:59:59.999,167776734.1862
2022-04-01,7.527,8.782,7.011,8.427,29894261.3,2022-04-01 23:59:59.999,237204147.2547
2022-04-02,8.427,8.86,8.096,8.231,35991276.5,2022-04-02 23:59:59.999,304819683.9445
2022-04-03,8.232,8.428,7.851,8.289,15589006.8,2022-04-03 23:59:59.999,127291739.4353
2022-04-04,8.286,8.441,7.522,7.938,19348536.3,2022-04-04 23:59:59.999,154955392.5705
2022-04-05,7.94,8.225,7.51,7.579,13292082.8,2022-04-05 23:59:59.999,105413567.6585
2022-04-06,7.581,7.594,6.667,6.722,23981092.8,2022-04-06 23:59:59.999,170481787.887
2022-04-07,6.72,7.12,6.6,7.041,13853959.9,2022-04-07 23:59:59.999,95752701.0908
2022-04-08,7.04,7.17,6.433,6.521,13173966.1,2022-04-08 23:59:59.999,90261387.6937
2022-04-09,6.52,6.825,6.482,6.807,7452480.4,2022-04-09 23:59:59.999,49540347.438
2022-04-10,6.813,6.936,6.501,6.551,7911056.8,2022-04-10 23:59:59.999,53303512.908
2022-04-11,6.549,6.607,6.002,6.121,20424830.3,2022-04-11 23:59:59.999,127647271.0061
2022-04-12,6.12,6.599,6.093,6.457,16232123.2,2022-04-12 23:59:59.999,103282037.5462
2022-04-13,6.459,6.663,6.279,6.55,13256617.3,2022-04-13 23:59:59.999,86132484.9344
2022-04-14,6.549,6.724,6.281,6.388,12259688.2,2022-04-14 23:59:59.999,79379411.842
2022-04-15,6.389,6.56,6.289,6.411,9887351.5,2022-04-15 23:59:59.999,63637291.1241
2022-04-16,6.411,6.988,6.401,6.755,16422736.2,2022-04-16 23:59:59.999,109122076.7723
2022-04-17,6.755,7.031,6.463,6.483,29763122.9,2022-04-17 23:59:59.999,203445004.0947
2022-04-18,6.483,6.627,6.045,6.545,23387533.6,2022-04-18 23:59:59.999,148325728.0004
2022-04-19,6.548,6.914,6.429,6.778,17591847.9,2022-04-19 23:59:59.999,117318285.574
2022-04-20,6.778,7.151,6.601,6.836,21994656.5,2022-04-20 23:59:59.999,152313507.5514
2022-04-21,6.835,7.32,6.319,6.527,25021602.6,2022-04-21 23:59:59.999,173446983.3391
2022-04-22,6.529,6.737,6.397,6.498,14243097.0,2022-04-22 23:59:59.999,93480995.1496
2022-04-23,6.499,6.53,6.221,6.37,12350782.2,2022-04-23 23:59:59.999,79108284.7104
2022-04-24,6.369,6.44,6.249,6.371,9182595.4,2022-04-24 23:59:59.999,58421530.0647
2022-04-25,6.371,6.387,5.772,6.251,22831353.4,2022-04-25 23:59:59.999,137811131.7541
2022-04-26,6.252,6.359,5.613,5.751,17850484.9,2022-04-26 23:59:59.999,107588537.4145
2022-04-27,5.751,6.087,5.682,5.95,13932131.3,2022-04-27 23:59:59.999,82285862.8624
2022-04-28,5.951,6.4,5.907,6.237,24347410.7,2022-04-28 23:59:59.999,150368968.5935
2022-04-29,6.236,6.778,5.705,5.862,42721609.3,2022-04-29 23:59:59.999,269778266.0364
2022-04-30,5.861,6.023,4.438,4.916,27584817.7,2022-04-30 23:59:59.999,149286765.2934
2022-05-01,4.916,5.182,4.8,5.085,23667077.3,2022-05-01 23:59:59.999,118474339.3343
2022-05-02,5.084,5.223,4.733,4.935,21148449.7,2022-05-02 23:59:59.999,105383767.9973
2022-05-03,4.935,5.109,4.806,4.914,16107856.1,2022-05-03 23:59:59.999,80187141.739
2022-05-04,4.915,5.403,4.903,5.391,19347115.6,2022-05-04 23:59:59.999,99383663.4277
2022-05-05,5.391,5.491,4.665,4.864,24523899.8,2022-05-05 23:59:59.999,123440097.7184
2022-05-06,4.863,5.021,4.65,4.88,21552479.0,2022-05-06 23:59:59.999,104487683.7621
2022-05-07,4.881,4.902,4.41,4.567,15489548.7,2022-05-07 23:59:59.999,73215418.5685
2022-05-08,4.568,4.662,4.4,4.512,17526685.8,2022-05-08 23:59:59.999,79324139.9382
2022-05-09,4.512,4.633,3.473,3.54,40829846.9,2022-05-09 23:59:59.999,164051945.2224
2022-05-10,3.539,4.192,3.424,3.784,49928529.1,2022-05-10 23:59:59.999,192006876.4828
2022-05-11,3.784,3.901,2.302,2.515,83279624.6,2022-05-11 23:59:59.999,249596332.6068
2022-05-12,2.516,2.707,1.88,2.194,86439589.9,2022-05-12 23:59:59.999,192249645.1665
2022-05-13,2.194,2.875,2.145,2.513,47431585.0,2022-05-13 23:59:59.999,122762178.7427
2022-05-14,2.513,2.957,2.308,2.605,41138153.8,2022-05-14 23:59:59.999,105880935.5903
2022-05-15,2.606,2.898,2.506,2.893,32860036.6,2022-05-15 23:59:59.999,87984425.0244
2022-05-16,2.893,2.894,2.536,2.676,36733576.9,2022-05-16 23:59:59.999,98128593.0698
2022-05-17,2.675,3.179,2.661,3.138,56376474.3,2022-05-17 23:59:59.999,167004036.7795
2022-05-18,3.138,3.313,2.914,2.949,72820566.5,2022-05-18 23:59:59.999,226872551.5975
2022-05-19,2.949,3.139,2.714,3.045,62485407.8,2022-05-19 23:59:59.999,182351326.2011
2022-05-20,3.044,3.116,2.76,2.848,41961400.5,2022-05-20 23:59:59.999,123517338.5298
2022-05-21,2.848,3.04,2.777,2.994,26190749.9,2022-05-21 23:59:59.999,76236972.7145
2022-05-22,2.993,3.192,2.887,3.064,27787798.5,2022-05-22 23:59:59.999,84706549.4876
2022-05-23,3.062,3.174,2.786,2.855,32588386.4,2022-05-23 23:59:59.999,99278352.9403
2022-05-24,2.857,2.965,2.72,2.932,28087454.1,2022-05-24 23:59:59.999,80558698.5197
2022-05-25,2.932,2.998,2.812,2.86,25647526.5,2022-05-25 23:59:59.999,74121854.688
2022-05-26,2.861,2.949,2.446,2.602,36663079.4,2022-05-26 23:59:59.999,98181366.3083
2022-05-27,2.601,2.668,2.426,2.514,38098171.6,2022-05-27 23:59:59.999,96959159.3738
2022-05-28,2.514,2.708,2.494,2.681,21215761.7,2022-05-28 23:59:59.999,55557217.3702
2022-05-29,2.68,2.994,2.603,2.967,22636473.4,2022-05-29 23:59:59.999,62450883.797
2022-05-30,2.968,3.285,2.935,3.233,47093085.9,2022-05-30 23:59:59.999,148638179.4284
2022-05-31,3.233,3.333,2.911,3.136,38013772.4,2022-05-31 23:59:59.999,118936670.7279
2022-06-01,3.135,3.244,2.723,2.811,25495379.6,2022-06-01 23:59:59.999,76204780.6634
2022-06-02,2.81,2.907,2.749,2.891,18188455.1,2022-06-02 23:59:59.999,51557124.462
2022-06-03,2.891,2.897,2.65,2.825,22464699.9,2022-06-03 23:59:59.999,62115494.7582
2022-06-04,2.826,3.025,2.752,2.982,38103057.2,2022-06-04 23:59:59.999,111533965.0321
2022-06-05,2.983,2.99,2.785,2.815,15836892.8,2022-06-05 23:59:59.999,45322940.4732
2022-06-06,2.815,3.022,2.772,2.883,23247942.6,2022-06-06 23:59:59.999,67565468.2392
2022-06-07,2.882,2.888,2.608,2.745,31459694.3,2022-06-07 23:59:59.999,85886110.0758
2022-06-08,2.746,2.968,2.651,2.823,33657743.0,2022-06-08 23:59:59.999,94992879.0581
2022-06-09,2.823,2.999,2.754,2.862,24040095.6,2022-06-09 23:59:59.999,69219354.5919
2022-06-10,2.863,2.873,2.621,2.653,22159542.2,2022-06-10 23:59:59.999,60721128.6591
2022-06-11,2.654,2.715,2.33,2.394,21911898.6,2022-06-11 23:59:59.999,54837851.6261
2022-06-12,2.395,2.424,2.152,2.164,31282553.1,2022-06-12 23:59:59.999,71160058.3457
2022-06-13,2.164,2.222,1.911,2.076,62441319.9,2022-06-13 23:59:59.999,127415593.3132
2022-06-14,2.075,2.215,1.894,2.049,44117793.4,2022-06-14 23:59:59.999,91384520.0116
2022-06-15,2.049,2.425,1.84,2.374,63023362.4,2022-06-15 23:59:59.999,130737855.6127
2022-06-16,2.374,2.398,1.876,2.001,59970415.6,2022-06-16 23:59:59.999,124833531.2845
2022-06-17,2.001,2.11,1.956,2.038,28870536.9,2022-06-17 23:59:59.999,58879839.3785
2022-06-18,2.038,2.077,1.831,2.036,36046518.7,2022-06-18 23:59:59.999,70465239.6317
2022-06-19,2.035,2.278,1.995,2.218,42704769.6,2022-06-19 23:59:59.999,90813188.679
2022-06-20,2.217,2.365,2.082,2.184,28878258.3,2022-06-20 23:59:59.999,64369297.0268
2022-06-21,2.184,2.476,2.156,2.305,24315577.4,2022-06-21 23:59:59.999,57237827.3265
2022-06-22,2.307,2.361,2.136,2.324,23048327.5,2022-06-22 23:59:59.999,51865921.4516
2022-06-23,2.325,2.77,2.308,2.662,62447597.0,2022-06-23 23:59:59.999,162065830.8886
2022-06-24,2.663,2.776,2.584,2.722,23664987.5,2022-06-24 23:59:59.999,63514781.1094
2022-06-25,2.723,2.86,2.567,2.797,24837642.2,2022-06-25 23:59:59.999,67952373.8455
2022-06-26,2.798,2.922,2.581,2.592,21528159.4,2022-06-26 23:59:59.999,59596187.1323
2022-06-27,2.592,2.758,2.541,2.586,18658694.8,2022-06-27 23:59:59.999,49356403.7959
2022-06-28,2.587,2.746,2.477,2.734,24341873.2,2022-06-28 23:59:59.999,63618912.1295
2022-06-29,2.733,2.817,2.542,2.575,34063004.1,2022-06-29 23:59:59.999,91511740.5492
2022-06-30,2.575,2.576,2.16,2.318,32969300.1,2022-06-30 23:59:59.999,76231838.667
2022-07-01,2.318,2.371,2.203,2.224,20670776.7,2022-07-01 23:59:59.999,47102817.1111
2022-07-02,2.224,2.247,2.132,2.21,12637826.6,2022-07-02 23:59:59.999,27704548.6355
2022-07-03,2.211,2.263,2.145,2.223,12091180.7,2022-07-03 23:59:59.999,26651535.7218
2022-07-04,2.224,2.345,2.164,2.329,15011910.4,2022-07-04 23:59:59.999,34015344.1065
2022-07-05,2.329,2.35,2.153,2.22,16159531.4,2022-07-05 23:59:59.999,36283848.5288
2022-07-06,2.22,2.316,2.187,2.3,13973024.5,2022-07-06 23:59:59.999,31446248.8954
2022-07-07,2.299,2.491,2.287,2.421,31024725.1,2022-07-07 23:59:59.999,74939726.295
2022-07-08,2.422,2.472,2.28,2.345,18035954.8,2022-07-08 23:59:59.999,42594358.5876
2022-07-09,2.346,2.427,2.337,2.391,9352630.4,2022-07-09 23:59:59.999,22331111.0655
2022-07-10,2.392,2.397,2.215,2.236,11274752.7,2022-07-10 23:59:59.999,25692587.8161
2022-07-11,2.237,2.238,2.051,2.057,13957298.1,2022-07-11 23:59:59.999,30296096.8393
2022-07-12,2.057,2.119,2.001,2.006,11062880.1,2022-07-12 23:59:59.999,22843127.7195
2022-07-13,2.007,2.15,1.911,2.135,16522976.3,2022-07-13 23:59:59.999,33670086.7706
2022-07-14,2.135,2.21,2.025,2.181,13676957.6,2022-07-14 23:59:59.999,28824312.3568
2022-07-15,2.181,2.269,2.156,2.2,14598182.5,2022-07-15 23:59:59.999,32403066.1795
2022-07-16,2.2,2.28,2.134,2.232,11202487.5,2022-07-16 23:59:59.999,24669305.6785
2022-07-17,2.232,2.305,2.166,2.172,13101652.8,2022-07-17 23:59:59.999,29373128.5985
2022-07-18,2.172,2.398,2.166,2.364,19725482.7,2022-07-18 23:59:59.999,45430115.9543
2022-07-19,2.361,2.485,2.311,2.442,22424581.5,2022-07-19 23:59:59.999,53948722.366
2022-07-20,2.443,2.744,2.409,2.455,36470301.5,2022-07-20 23:59:59.999,93824970.4292
2022-07-21,2.454,2.544,2.325,2.524,17293229.2,2022-07-21 23:59:59.999,42235078.0238
2022-07-22,2.523,2.583,2.344,2.351,12883649.1,2022-07-22 23:59:59.999,32016016.6503
2022-07-23,2.351,2.468,2.288,2.366,13284691.2,2022-07-23 23:59:59.999,31562917.2107
2022-07-24,2.366,2.44,2.353,2.36,10203588.6,2022-07-24 23:59:59.999,24501522.4601
2022-07-25,2.361,2.371,2.165,2.169,11418297.7,2022-07-25 23:59:59.999,25866044.1534
2022-07-26,2.169,2.205,2.085,2.204,9323056.6,2022-07-26 23:59:59.999,19831831.1881
2022-07-27,2.204,2.552,2.14,2.539,20744542.9,2022-07-27 23:59:59.999,47970631.9807
2022-07-28,2.54,2.932,2.516,2.777,65073585.3,2022-07-28 23:59:59.999,180581203.3592
2022-07-29,2.778,3.045,2.696,2.847,34606052.8,2022-07-29 23:59:59.999,98481271.0982
2022-07-30,2.847,3.135,2.787,2.831,24912726.4,2022-07-30 23:59:59.999,73343458.0491
2022-07-31,2.831,3.269,2.808,2.871,27638946.7,2022-07-31 23:59:59.999,83330348.5221
2022-08-01,2.871,2.975,2.82,2.929,15298960.1,2022-08-01 23:59:59.999,44328661.2542
2022-08-02,2.929,2.965,2.633,2.718,18892859.9,2022-08-02 23:59:59.999,51687381.8359
2022-08-03,2.718,2.84,2.615,2.7,12153971.7,2022-08-03 23:59:59.999,33405620.8367
2022-08-04,2.7,2.829,2.672,2.726,13168069.9,2022-08-04 23:59:59.999,36060816.5205
2022-08-05,2.726,2.866,2.718,2.851,11039243.4,2022-08-05 23:59:59.999,30879758.7705
2022-08-06,2.852,2.86,2.742,2.76,7014677.1,2022-08-06 23:59:59.999,19679908.3828
2022-08-07,2.761,2.829,2.679,2.793,8400611.2,2022-08-07 23:59:59.999,23203258.2943
2022-08-08,2.793,2.945,2.787,2.898,16890180.4,2022-08-08 23:59:59.999,48646219.1973
2022-08-09,2.898,3.044,2.68,2.747,16616414.7,2022-08-09 23:59:59.999,47352390.978
2022-08-10,2.747,2.872,2.656,2.861,11837457.7,2022-08-10 23:59:59.999,32881579.3692
2022-08-11,2.862,3.013,2.832,2.859,15355168.4,2022-08-11 23:59:59.999,44659350.0244
2022-08-12,2.86,2.993,2.796,2.938,13458013.3,2022-08-12 23:59:59.999,39003170.9926
2022-08-13,2.939,2.971,2.85,2.881,9825299.8,2022-08-13 23:59:59.999,28570107.5825
2022-08-14,2.88,2.988,2.734,2.768,13698743.2,2022-08-14 23:59:59.999,39376983.3179
2022-08-15,2.767,2.854,2.676,2.734,13336103.6,2022-08-15 23:59:59.999,36751531.4373
2022-08-16,2.733,2.807,2.677,2.741,12112271.3,2022-08-16 23:59:59.999,33264689.7643
2022-08-17,2.742,2.821,2.499,2.534,15101504.3,2022-08-17 23:59:59.999,39988986.2669
2022-08-18,2.533,2.595,2.25,2.387,13035486.9,2022-08-18 23:59:59.999,32577818.7844
2022-08-19,2.386,2.405,2.111,2.161,22060658.7,2022-08-19 23:59:59.999,49091822.7776
2022-08-20,2.16,2.244,2.067,2.15,13511719.1,2022-08-20 23:59:59.999,29321424.2096
2022-08-21,2.15,2.254,2.136,2.22,10507685.6,2022-08-21 23:59:59.999,23048882.9822
2022-08-22,2.22,2.222,2.082,2.19,12077310.9,2022-08-22 23:59:59.999,25909612.7402
2022-08-23,2.19,2.26,2.13,2.243,14501496.1,2022-08-23 23:59:59.999,32014963.3449
2022-08-24,2.244,2.351,2.18,2.264,18785550.2,2022-08-24 23:59:59.999,42714947.2594
2022-08-25,2.264,2.35,2.229,2.287,12687109.4,2022-08-25 23:59:59.999,29052427.5236
2022-08-26,2.286,2.309,2.015,2.043,21017788.2,2022-08-26 23:59:59.999,46124032.4953
2022-08-27,2.042,2.06,1.982,2.018,10131026.8,2022-08-27 23:59:59.999,20531363.1294
2022-08-28,2.018,2.061,1.933,1.944,9344085.0,2022-08-28 23:59:59.999,18801796.0157
2022-08-29,1.944,2.097,1.906,2.085,12448117.5,2022-08-29 23:59:59.999,24949001.2783
2022-08-30,2.084,2.117,1.972,2.037,10135119.1,2022-08-30 23:59:59.999,20817459.3685
2022-08-31,2.037,2.106,2.0,2.01,10031149.0,2022-08-31 23:59:59.999,20670775.8934
2022-09-01,2.01,2.065,1.946,2.047,10276860.4,2022-09-01 23:59:59.999,20557321.6185
2022-09-02,2.047,2.104,1.993,2.033,12472082.3,2022-09-02 23:59:59.999,25647544.2252
2022-09-03,2.033,2.05,2.008,2.048,5809691.6,2022-09-03 23:59:59.999,11824349.5056
2022-09-04,2.047,2.13,2.04,2.124,8792243.2,2022-09-04 23:59:59.999,18358487.548
2022-09-05,2.124,2.146,2.065,2.129,9274236.9,2022-09-05 23:59:59.999,19417515.3257
2022-09-06,2.129,2.179,1.937,1.939,16958378.2,2022-09-06 23:59:59.999,35274391.5931
2022-09-07,1.939,2.062,1.889,2.037,10600866.9,2022-09-07 23:59:59.999,20947983.8746
2022-09-08,2.038,2.086,2.004,2.068,11007861.0,2022-09-08 23:59:59.999,22598064.458
2022-09-09,2.069,2.218,2.067,2.187,11527403.4,2022-09-09 23:59:59.999,24846807.5953
2022-09-10,2.187,2.24,2.16,2.208,8475888.7,2022-09-10 23:59:59.999,18661503.7945
2022-09-11,2.208,2.235,2.149,2.2,7051221.1,2022-09-11 23:59:59.999,15497092.2781
2022-09-12,2.2,2.247,2.15,2.17,9919889.5,2022-09-12 23:59:59.999,21821946.3052
2022-09-13,2.17,2.172,2.01,2.022,13189534.1,2022-09-13 23:59:59.999,27506264.1928
2022-09-14,2.021,2.064,1.962,2.024,9204231.9,2022-09-14 23:59:59.999,18549222.0572
2022-09-15,2.024,2.029,1.936,1.968,10751076.5,2022-09-15 23:59:59.999,21262269.3975
2022-09-16,1.969,2.007,1.933,1.994,8536657.8,2022-09-16 23:59:59.999,16876190.8031
2022-09-17,1.994,2.037,1.988,2.028,4216344.2,2022-09-17 23:59:59.999,8484599.8634
2022-09-18,2.028,2.042,1.696,1.806,12464911.1,2022-09-18 23:59:59.999,23758689.7007
2022-09-19,1.806,1.844,1.744,1.829,11510021.4,2022-09-19 23:59:59.999,20648167.8483
2022-09-20,1.828,1.849,1.763,1.785,10879071.4,2022-09-20 23:59:59.999,19624207.8157
2022-09-21,1.786,1.849,1.657,1.672,21286368.7,2022-09-21 23:59:59.999,37422175.6256
2022-09-22,1.672,1.808,1.672,1.788,10713350.9,2022-09-22 23:59:59.999,18768856.4904
2022-09-23,1.788,1.827,1.711,1.775,12210267.7,2022-09-23 23:59:59.999,21534198.8139
2022-09-24,1.775,1.796,1.728,1.733,8888169.1,2022-09-24 23:59:59.999,15776979.7168
2022-09-25,1.733,1.758,1.665,1.686,7901617.6,2022-09-25 23:59:59.999,13627748.526
2022-09-26,1.686,1.722,1.636,1.721,11654756.0,2022-09-26 23:59:59.999,19656776.2212
2022-09-27,1.721,1.788,1.662,1.679,12889161.3,2022-09-27 23:59:59.999,22333750.6933
2022-09-28,1.679,1.709,1.601,1.698,12141168.8,2022-09-28 23:59:59.999,20082446.6747
2022-09-29,1.699,1.721,1.65,1.707,14296707.1,2022-09-29 23:59:59.999,24193671.8959
2022-09-30,1.708,1.754,1.684,1.71,14660361.0,2022-09-30 23:59:59.999,25245177.6345
2022-10-01,1.71,1.726,1.697,1.709,6573234.0,2022-10-01 23:59:59.999,11257988.8191
2022-10-02,1.71,1.719,1.653,1.658,7135118.2,2022-10-02 23:59:59.999,12035973.7853
2022-10-03,1.658,1.786,1.635,1.761,13227261.8,2022-10-03 23:59:59.999,22719363.9589
2022-10-04,1.761,1.798,1.745,1.777,11390365.5,2022-10-04 23:59:59.999,20128779.5196
2022-10-05,1.776,1.785,1.717,1.76,8786656.7,2022-10-05 23:59:59.999,15394158.1918
2022-10-06,1.761,1.781,1.715,1.724,10684259.5,2022-10-06 23:59:59.999,18700905.6066
2022-10-07,1.724,1.74,1.693,1.713,8640506.5,2022-10-07 23:59:59.999,14845961.0078
2022-10-08,1.714,1.735,1.699,1.71,5068857.3,2022-10-08 23:59:59.999,8708110.8629
2022-10-09,1.709,1.734,1.708,1.725,5290811.7,2022-10-09 23:59:59.999,9121059.3193
2022-10-10,1.725,1.743,1.545,1.597,11965426.9,2022-10-10 23:59:59.999,20048482.1462
2022-10-11,1.597,1.613,1.523,1.576,9959410.5,2022-10-11 23:59:59.999,15725407.2474
2022-10-12,1.576,1.603,1.546,1.566,6175132.7,2022-10-12 23:59:59.999,9740741.9766
2022-10-13,1.566,1.57,1.396,1.535,15421610.4,2022-10-13 23:59:59.999,22870135.6142
2022-10-14,1.534,1.591,1.501,1.521,9316768.9,2022-10-14 23:59:59.999,14447182.7191
2022-10-15,1.521,1.564,1.515,1.538,5165717.2,2022-10-15 23:59:59.999,7961061.7612
2022-10-16,1.537,1.592,1.536,1.562,6011920.8,2022-10-16 23:59:59.999,9417491.2489
2022-10-17,1.562,1.613,1.546,1.61,6644737.2,2022-10-17 23:59:59.999,10488307.4812
2022-10-18,1.609,1.624,1.537,1.571,7693956.7,2022-10-18 23:59:59.999,12157498.5277
2022-10-19,1.571,1.576,1.47,1.49,6063284.6,2022-10-19 23:59:59.999,9291826.6298
2022-10-20,1.489,1.531,1.466,1.483,5336484.6,2022-10-20 23:59:59.999,7990491.7791
2022-10-21,1.484,1.506,1.425,1.501,7750441.1,2022-10-21 23:59:59.999,11409397.4143
2022-10-22,1.5,1.512,1.478,1.498,3599330.5,2022-10-22 23:59:59.999,5380104.3612
2022-10-23,1.498,1.533,1.463,1.525,5094877.1,2022-10-23 23:59:59.999,7621895.5872
2022-10-24,1.525,1.536,1.482,1.492,6461800.9,2022-10-24 23:59:59.999,9719062.3638
2022-10-25,1.493,1.608,1.492,1.558,17800091.3,2022-10-25 23:59:59.999,27697905.6095
2022-10-26,1.558,1.622,1.558,1.601,10720340.3,2022-10-26 23:59:59.999,17115740.4368
2022-10-27,1.6,1.672,1.591,1.603,12583202.5,2022-10-27 23:59:59.999,20535035.72
2022-10-28,1.604,1.695,1.577,1.675,9568195.3,2022-10-28 23:59:59.999,15669128.0039
2022-10-29,1.675,1.75,1.65,1.708,14248759.5,2022-10-29 23:59:59.999,24142079.363
2022-10-30,1.708,1.886,1.674,1.711,22872626.5,2022-10-30 23:59:59.999,40201360.2842
2022-10-31,1.711,1.732,1.658,1.702,13968074.8,2022-10-31 23:59:59.999,23687170.0393
2022-11-01,1.703,1.73,1.647,1.651,7977777.0,2022-11-01 23:59:59.999,13487378.3241
2022-11-02,1.652,1.666,1.543,1.573,11814060.1,2022-11-02 23:59:59.999,19009033.1707
2022-11-03,1.573,1.737,1.567,1.711,14490932.8,2022-11-03 23:59:59.999,24234836.2765
2022-11-04,1.711,1.814,1.696,1.806,14084372.9,2022-11-04 23:59:59.999,24813144.5762
2022-11-05,1.806,1.944,1.776,1.819,19571679.6,2022-11-05 23:59:59.999,36384113.0692
2022-11-06,1.819,1.846,1.703,1.706,10794927.1,2022-11-06 23:59:59.999,19447428.2799
2022-11-07,1.706,1.766,1.681,1.722,9150997.2,2022-11-07 23:59:59.999,15833058.2513
2022-11-08,1.722,1.768,1.253,1.43,29122028.2,2022-11-08 23:59:59.999,45075440.519
2022-11-09,1.43,1.444,1.032,1.061,33139016.8,2022-11-09 23:59:59.999,41250072.3755
2022-11-10,1.061,1.305,1.038,1.266,23197213.0,2022-11-10 23:59:59.999,27626068.5939
2022-11-11,1.265,1.281,1.135,1.213,15158767.3,2022-11-11 23:59:59.999,18219592.1901
2022-11-12,1.213,1.214,1.114,1.143,8932632.2,2022-11-12 23:59:59.999,10310025.2035
2022-11-13,1.143,1.217,1.096,1.155,17317786.0,2022-11-13 23:59:59.999,20064769.6679
2022-11-14,1.157,1.218,1.082,1.2,16480407.3,2022-11-14 23:59:59.999,19110000.2231
2022-11-15,1.2,1.254,1.179,1.219,9214509.0,2022-11-15 23:59:59.999,11222514.7478
2022-11-16,1.219,1.256,1.157,1.188,8911843.5,2022-11-16 23:59:59.999,10743196.1993
2022-11-17,1.188,1.202,1.16,1.181,7520761.0,2022-11-17 23:59:59.999,8917970.5845
2022-11-18,1.182,1.207,1.168,1.197,5674397.6,2022-11-18 23:59:59.999,6746529.8525
2022-11-19,1.198,1.229,1.167,1.22,5842031.9,2022-11-19 23:59:59.999,7017859.4601
2022-11-20,1.22,1.265,1.134,1.137,12676339.1,2022-11-20 23:59:59.999,15393249.8811
2022-11-21,1.138,1.144,1.075,1.113,10324871.8,2022-11-21 23:59:59.999,11536498.2783
2022-11-22,1.114,1.169,1.081,1.168,8364947.1,2022-11-22 23:59:59.999,9385895.7205
2022-11-23,1.169,1.258,1.161,1.228,18727894.6,2022-11-23 23:59:59.999,22942679.0853
2022-11-24,1.228,1.268,1.202,1.233,12011085.0,2022-11-24 23:59:59.999,14810849.6913
2022-11-25,1.233,1.278,1.19,1.231,13951088.2,2022-11-25 23:59:59.999,17196198.0059
2022-11-26,1.23,1.269,1.218,1.236,9928114.6,2022-11-26 23:59:59.999,12352804.3781
2022-11-27,1.236,1.292,1.234,1.239,11680782.3,2022-11-27 23:59:59.999,14840691.5294
2022-11-28,1.24,1.259,1.185,1.235,9764594.0,2022-11-28 23:59:59.999,11902475.7315
2022-11-29,1.234,1.271,1.217,1.225,11677207.2,2022-11-29 23:59:59.999,14509253.3961
2022-11-30,1.224,1.344,1.223,1.311,17559059.3,2022-11-30 23:59:59.999,22667765.5559
2022-12-01,1.311,1.331,1.28,1.33,10663499.0,2022-12-01 23:59:59.999,13916629.8411
2022-12-02,1.33,1.379,1.31,1.354,22661976.9,2022-12-02 23:59:59.999,30679042.7708
2022-12-03,1.354,1.366,1.306,1.31,8162739.8,2022-12-03 23:59:59.999,10951342.5769
2022-12-04,1.311,1.361,1.31,1.351,12499098.8,2022-12-04 23:59:59.999,16807318.6332
2022-12-05,1.352,1.393,1.322,1.375,20931436.8,2022-12-05 23:59:59.999,28438396.048
2022-12-06,1.375,1.393,1.316,1.347,16171728.0,2022-12-06 23:59:59.999,21769552.2154
2022-12-07,1.347,1.353,1.26,1.269,10391021.3,2022-12-07 23:59:59.999,13445178.7112
2022-12-08,1.27,1.313,1.263,1.311,7001540.2,2022-12-08 23:59:59.999,9009975.7632
2022-12-09,1.31,1.328,1.291,1.302,6538195.2,2022-12-09 23:59:59.999,8560203.7323
2022-12-10,1.302,1.33,1.301,1.313,5121018.4,2022-12-10 23:59:59.999,6755730.1363
2022-12-11,1.313,1.33,1.272,1.282,4555716.4,2022-12-11 23:59:59.999,5973362.343
2022-12-12,1.282,1.284,1.225,1.266,7870731.7,2022-12-12 23:59:59.999,9829596.2327
2022-12-13,1.267,1.286,1.194,1.285,10863302.1,2022-12-13 23:59:59.999,13529040.4582
2022-12-14,1.286,1.37,1.253,1.292,19522941.4,2022-12-14 23:59:59.999,25670701.4536
2022-12-15,1.292,1.297,1.244,1.268,7222549.3,2022-12-15 23:59:59.999,9179168.0311
2022-12-16,1.269,1.282,1.073,1.095,11252326.9,2022-12-16 23:59:59.999,13366286.7421
2022-12-17,1.095,1.129,1.058,1.122,6958888.1,2022-12-17 23:59:59.999,7670284.5306
2022-12-18,1.121,1.13,1.101,1.117,4181274.6,2022-12-18 23:59:59.999,4668707.6941
2022-12-19,1.118,1.137,1.044,1.062,7786105.3,2022-12-19 23:59:59.999,8615365.1623
2022-12-20,1.062,1.125,1.056,1.11,5359874.3,2022-12-20 23:59:59.999,5924839.1852
2022-12-21,1.11,1.115,1.061,1.083,5410701.5,2022-12-21 23:59:59.999,5868661.5285
2022-12-22,1.084,1.102,1.058,1.091,6709960.0,2022-12-22 23:59:59.999,7267457.4645
2022-12-23,1.092,1.113,1.084,1.104,5633237.7,2022-12-23 23:59:59.999,6188709.0045
2022-12-24,1.103,1.11,1.085,1.085,3595058.1,2022-12-24 23:59:59.999,3946763.6372
2022-12-25,1.086,1.09,1.05,1.072,5411031.6,2022-12-25 23:59:59.999,5780708.0505
2022-12-26,1.073,1.093,1.068,1.088,4323778.7,2022-12-26 23:59:59.999,4672574.2933
2022-12-27,1.089,1.098,1.059,1.094,5178686.9,2022-12-27 23:59:59.999,5597632.4099
2022-12-28,1.093,1.098,1.035,1.057,7982691.8,2022-12-28 23:59:59.999,8459115.4141
2022-12-29,1.058,1.07,1.023,1.048,6909699.9,2022-12-29 23:59:59.999,7266082.8063
2022-12-30,1.047,1.051,1.011,1.051,5802399.8,2022-12-30 23:59:59.999,5977640.1397
2022-12-31,1.05,1.072,1.035,1.054,7510033.9,2022-12-31 23:59:59.999,7910207.264
2023-01-01,1.054,1.069,1.047,1.063,3328187.5,2023-01-01 23:59:59.999,3518242.3871
2023-01-02,1.062,1.111,1.043,1.095,8280458.5,2023-01-02 23:59:59.999,8915746.3777
2023-01-03,1.096,1.11,1.077,1.09,6400034.4,2023-01-03 23:59:59.999,6981497.3025
2023-01-04,1.09,1.124,1.089,1.119,8746544.7,2023-01-04 23:59:59.999,9702474.9072
2023-01-05,1.119,1.157,1.1,1.113,16932829.0,2023-01-05 23:59:59.999,19091183.8431
2023-01-06,1.114,1.139,1.075,1.134,11209407.3,2023-01-06 23:59:59.999,12400726.7847
2023-01-07,1.135,1.175,1.122,1.126,12905684.6,2023-01-07 23:59:59.999,14785484.8238
2023-01-08,1.127,1.2,1.106,1.191,15817193.9,2023-01-08 23:59:59.999,18218930.6092
2023-01-09,1.19,1.268,1.184,1.222,18579245.0,2023-01-09 23:59:59.999,22816625.2879
2023-01-10,1.222,1.271,1.188,1.244,14124619.7,2023-01-10 23:59:59.999,17466698.8918
2023-01-11,1.244,1.271,1.196,1.258,10489209.2,2023-01-11 23:59:59.999,12856249.4484
2023-01-12,1.259,1.3,1.211,1.292,12116387.3,2023-01-12 23:59:59.999,15327886.6455
2023-01-13,1.292,1.563,1.273,1.464,33854539.2,2023-01-13 23:59:59.999,48388951.2072
2023-01-14,1.464,1.546,1.328,1.475,30088699.1,2023-01-14 23:59:59.999,44092110.3308
2023-01-15,1.475,1.574,1.409,1.512,24486562.7,2023-01-15 23:59:59.999,36554264.8141
2023-01-16,1.513,1.562,1.424,1.498,16948621.4,2023-01-16 23:59:59.999,25494821.3184
2023-01-17,1.498,1.613,1.46,1.477,18785338.2,2023-01-17 23:59:59.999,28914133.5401
2023-01-18,1.478,1.516,1.326,1.367,19174604.1,2023-01-18 23:59:59.999,27368465.6442
2023-01-19,1.367,1.415,1.35,1.4,7671562.6,2023-01-19 23:59:59.999,10643043.5655
2023-01-20,1.4,1.524,1.371,1.519,11460610.5,2023-01-20 23:59:59.999,16534335.6792
2023-01-21,1.518,1.589,1.502,1.504,12952015.7,2023-01-21 23:59:59.999,20044920.2974
2023-01-22,1.505,1.67,1.504,1.595,30766467.1,2023-01-22 23:59:59.999,49371185.5257
2023-01-23,1.594,1.747,1.577,1.627,27381311.2,2023-01-23 23:59:59.999,45586583.9243
2023-01-24,1.627,1.679,1.456,1.508,14577102.8,2023-01-24 23:59:59.999,23476939.7561
2023-01-25,1.509,1.624,1.467,1.599,11927032.1,2023-01-25 23:59:59.999,18372261.7809
2023-01-26,1.6,1.673,1.582,1.648,13908512.0,2023-01-26 23:59:59.999,22751162.4659
2023-01-27,1.648,1.739,1.55,1.721,18409417.4,2023-01-27 23:59:59.999,30979578.0122
2023-01-28,1.721,1.877,1.693,1.717,19670924.1,2023-01-28 23:59:59.999,34812028.2238
2023-01-29,1.717,2.084,1.683,1.916,75407231.0,2023-01-29 23:59:59.999,146636861.0568
2023-01-30,1.915,2.006,1.7,1.787,56025637.5,2023-01-30 23:59:59.999,105935194.4593
2023-01-31,1.787,1.819,1.748,1.797,18611723.3,2023-01-31 23:59:59.999,33246758.8427
2023-02-01,1.798,1.872,1.669,1.853,19330607.4,2023-02-01 23:59:59.999,34358679.5478
2023-02-02,1.853,1.95,1.785,1.798,16989764.5,2023-02-02 23:59:59.999,31952865.4473
2023-02-03,1.798,1.905,1.773,1.867,11581000.5,2023-02-03 23:59:59.999,21209188.2039
2023-02-04,1.868,1.905,1.829,1.879,7572884.1,2023-02-04 23:59:59.999,14164832.991
2023-02-05,1.879,1.917,1.718,1.776,14898169.8,2023-02-05 23:59:59.999,27218763.6066
2023-02-06,1.777,1.825,1.734,1.756,8273092.4,2023-02-06 23:59:59.999,14758758.8728
2023-02-07,1.756,2.223,1.752,2.149,28041850.1,2023-02-07 23:59:59.999,55777454.8458
2023-02-08,2.149,2.216,1.98,2.044,34415640.9,2023-02-08 23:59:59.999,72627686.2875
2023-02-09,2.044,2.093,1.654,1.711,21375078.1,2023-02-09 23:59:59.999,40901284.087
2023-02-10,1.711,1.749,1.641,1.699,18023979.2,2023-02-10 23:59:59.999,30754531.7603
2023-02-11,1.698,1.758,1.672,1.75,7278978.5,2023-02-11 23:59:59.999,12501058.0941
2023-02-12,1.749,1.808,1.692,1.736,9735822.8,2023-02-12 23:59:59.999,17132539.0434
2023-02-13,1.736,1.752,1.6,1.666,13811670.8,2023-02-13 23:59:59.999,23106113.3994
2023-02-14,1.666,1.792,1.648,1.781,10371024.4,2023-02-14 23:59:59.999,17757501.2862
2023-02-15,1.782,1.957,1.741,1.953,13594739.8,2023-02-15 23:59:59.999,24753890.7443
2023-02-16,1.953,1.981,1.787,1.796,14761556.2,2023-02-16 23:59:59.999,28331150.2975
2023-02-17,1.797,1.956,1.795,1.936,10924589.7,2023-02-17 23:59:59.999,20634572.7209
2023-02-18,1.936,2.011,1.935,1.963,6030871.0,2023-02-18 23:59:59.999,11865205.1034
2023-02-19,1.964,2.018,1.875,1.914,7790176.3,2023-02-19 23:59:59.999,15213859.2915
2023-02-20,1.914,2.072,1.86,2.06,12054269.8,2023-02-20 23:59:59.999,24186955.0155
2023-02-21,2.06,2.249,1.96,2.023,21207476.9,2023-02-21 23:59:59.999,44480183.706
2023-02-22,2.023,2.039,1.905,2.026,11778616.1,2023-02-22 23:59:59.999,23300153.3363
2023-02-23,2.025,2.165,2.019,2.086,17284293.7,2023-02-23 23:59:59.999,36340961.3907
2023-02-24,2.085,2.096,1.833,1.875,12387344.4,2023-02-24 23:59:59.999,24548308.8704
2023-02-25,1.875,1.877,1.764,1.841,7362007.3,2023-02-25 23:59:59.999,13500556.5978
2023-02-26,1.841,1.941,1.825,1.922,5257428.4,2023-02-26 23:59:59.999,9897623.2818
2023-02-27,1.921,1.981,1.88,1.933,8562647.6,2023-02-27 23:59:59.999,16486368.4757
2023-02-28,1.933,1.951,1.811,1.825,6343188.3,2023-02-28 23:59:59.999,11972648.4045
2023-03-01,1.825,1.916,1.805,1.908,5528093.4,2023-03-01 23:59:59.999,10332556.0828
2023-03-02,1.907,1.924,1.808,1.852,5572756.5,2023-03-02 23:59:59.999,10334302.0215
2023-03-03,1.851,1.852,1.615,1.691,8553265.9,2023-03-03 23:59:59.999,14579466.7483
2023-03-04,1.691,1.746,1.557,1.607,6350981.3,2023-03-04 23:59:59.999,10495420.6206
2023-03-05,1.608,1.654,1.581,1.594,4069923.8,2023-03-05 23:59:59.999,6609929.7483
2023-03-06,1.594,1.656,1.558,1.637,8482659.1,2023-03-06 23:59:59.999,13718969.4239
2023-03-07,1.637,1.658,1.535,1.572,8980324.7,2023-03-07 23:59:59.999,14324449.0855
2023-03-08,1.573,1.582,1.406,1.448,10402644.0,2023-03-08 23:59:59.999,15536461.6764
2023-03-09,1.447,1.501,1.316,1.338,13426242.5,2023-03-09 23:59:59.999,19064332.3885
2023-03-10,1.339,1.379,1.264,1.372,13785170.7,2023-03-10 23:59:59.999,18386154.5961
2023-03-11,1.373,1.406,1.295,1.362,8220305.7,2023-03-11 23:59:59.999,11044197.1069
2023-03-12,1.361,1.499,1.307,1.489,10103669.8,2023-03-12 23:59:59.999,14078406.105
2023-03-13,1.488,1.58,1.431,1.551,12557690.7,2023-03-13 23:59:59.999,18866636.9591
2023-03-14,1.551,1.685,1.505,1.631,11950450.3,2023-03-14 23:59:59.999,19095276.0609
2023-03-15,1.631,1.679,1.46,1.489,13590229.6,2023-03-15 23:59:59.999,21364845.4186
2023-03-16,1.488,1.537,1.473,1.522,7987446.5,2023-03-16 23:59:59.999,12035256.5837
2023-03-17,1.522,1.692,1.501,1.69,8809134.5,2023-03-17 23:59:59.999,14089037.2848
2023-03-18,1.69,1.759,1.606,1.637,11155840.1,2023-03-18 23:59:59.999,18773658.7936
2023-03-19,1.638,1.711,1.626,1.666,7491250.9,2023-03-19 23:59:59.999,12507924.6212
2023-03-20,1.666,1.728,1.533,1.538,15345121.1,2023-03-20 23:59:59.999,24979145.88
2023-03-21,1.538,1.595,1.469,1.582,13666156.4,2023-03-21 23:59:59.999,21059597.3726
2023-03-22,1.581,1.593,1.435,1.476,11411918.0,2023-03-22 23:59:59.999,17566373.4306
2023-03-23,1.476,1.589,1.465,1.584,7400115.3,2023-03-23 23:59:59.999,11313567.0683
2023-03-24,1.584,1.587,1.493,1.51,11496808.0,2023-03-24 23:59:59.999,17733924.8046
2023-03-25,1.511,1.536,1.442,1.471,7069640.5,2023-03-25 23:59:59.999,10524408.2076
2023-03-26,1.471,1.517,1.459,1.505,4485139.4,2023-03-26 23:59:59.999,6714180.7375
2023-03-27,1.505,1.512,1.386,1.456,9062955.0,2023-03-27 23:59:59.999,13145310.2606
2023-03-28,1.457,1.488,1.4,1.478,7414408.3,2023-03-28 23:59:59.999,10696393.2711
2023-03-29,1.479,1.55,1.476,1.543,8769519.3,2023-03-29 23:59:59.999,13361199.0913
2023-03-30,1.542,1.564,1.468,1.508,9705275.3,2023-03-30 23:59:59.999,14684129.7662
2023-03-31,1.508,1.58,1.472,1.568,6685371.7,2023-03-31 23:59:59.999,10206564.3762
2023-04-01,1.568,1.594,1.546,1.574,5376525.6,2023-04-01 23:59:59.999,8433288.5259
2023-04-02,1.575,1.639,1.546,1.566,12368071.3,2023-04-02 23:59:59.999,19698643.5884
2023-04-03,1.567,1.6,1.5,1.576,13044881.6,2023-04-03 23:59:59.999,20368750.4083
2023-04-04,1.576,1.624,1.564,1.613,5465436.1,2023-04-04 23:59:59.999,8719124.8835
2023-04-05,1.612,1.65,1.572,1.613,6128748.2,2023-04-05 23:59:59.999,9898063.3471
2023-04-06,1.614,1.676,1.567,1.626,9041877.3,2023-04-06 23:59:59.999,14623565.3973
2023-04-07,1.627,1.687,1.598,1.641,12601935.8,2023-04-07 23:59:59.999,20718057.741
2023-04-08,1.641,1.685,1.615,1.679,6828849.9,2023-04-08 23:59:59.999,11281224.1574
2023-04-09,1.679,1.749,1.666,1.712,16849353.9,2023-04-09 23:59:59.999,28752241.4921
2023-04-10,1.713,1.76,1.691,1.736,12360619.2,2023-04-10 23:59:59.999,21351040.1644
2023-04-11,1.736,1.75,1.697,1.71,10927401.2,2023-04-11 23:59:59.999,18809988.4976
2023-04-12,1.711,1.724,1.62,1.674,12743921.8,2023-04-12 23:59:59.999,21135213.0701
2023-04-13,1.675,1.731,1.648,1.728,7231726.6,2023-04-13 23:59:59.999,12284787.8566
2023-04-14,1.728,1.784,1.687,1.76,10597805.6,2023-04-14 23:59:59.999,18467741.3369
2023-04-15,1.761,1.774,1.72,1.76,6175057.4,2023-04-15 23:59:59.999,10757186.6476
2023-04-16,1.761,1.825,1.732,1.797,10776697.3,2023-04-16 23:59:59.999,19178251.2139
2023-04-17,1.797,1.804,1.703,1.762,10178057.1,2023-04-17 23:59:59.999,17809805.8112
2023-04-18,1.762,1.917,1.742,1.85,15714293.9,2023-04-18 23:59:59.999,28965745.7588
2023-04-19,1.85,1.865,1.644,1.727,12846569.1,2023-04-19 23:59:59.999,22463923.9184
2023-04-20,1.726,1.907,1.606,1.625,49521885.8,2023-04-20 23:59:59.999,88807961.1479
2023-04-21,1.626,1.677,1.479,1.51,27049289.5,2023-04-21 23:59:59.999,43331354.3016
2023-04-22,1.511,1.538,1.48,1.531,10760921.7,2023-04-22 23:59:59.999,16198484.4096
2023-04-23,1.532,1.538,1.442,1.49,13092651.5,2023-04-23 23:59:59.999,19646068.9203
2023-04-24,1.491,1.544,1.472,1.525,13727628.0,2023-04-24 23:59:59.999,20794438.6058
2023-04-25,1.526,1.586,1.475,1.582,12951563.9,2023-04-25 23:59:59.999,19622398.4609
2023-04-26,1.582,1.67,1.488,1.58,17433255.8,2023-04-26 23:59:59.999,27870572.2171
2023-04-27,1.58,1.63,1.542,1.612,11448906.7,2023-04-27 23:59:59.999,18177192.0645
2023-04-28,1.613,1.614,1.547,1.604,12543748.5,2023-04-28 23:59:59.999,19817143.8991
2023-04-29,1.605,1.613,1.57,1.597,6531619.6,2023-04-29 23:59:59.999,10435990.8275
2023-04-30,1.597,1.6,1.533,1.553,6714197.1,2023-04-30 23:59:59.999,10555818.4081
2023-05-01,1.553,1.561,1.489,1.525,7106539.2,2023-05-01 23:59:59.999,10822056.5678
2023-05-02,1.524,1.54,1.503,1.53,6333932.2,2023-05-02 23:59:59.999,9663658.0475
2023-05-03,1.53,1.559,1.473,1.545,7373629.1,2023-05-03 23:59:59.999,11115657.5333
2023-05-04,1.546,1.553,1.494,1.507,4942105.4,2023-05-04 23:59:59.999,7546268.3592
2023-05-05,1.506,1.528,1.472,1.521,8041439.1,2023-05-05 23:59:59.999,12113895.1429
2023-05-06,1.522,1.531,1.419,1.46,6873914.3,2023-05-06 23:59:59.999,10111770.6739
2023-05-07,1.46,1.476,1.433,1.441,4691763.3,2023-05-07 23:59:59.999,6833932.6658
2023-05-08,1.44,1.447,1.26,1.296,12050591.6,2023-05-08 23:59:59.999,16226129.237
2023-05-09,1.296,1.332,1.291,1.313,4499244.3,2023-05-09 23:59:59.999,5902402.1954
2023-05-10,1.313,1.353,1.248,1.341,10132895.9,2023-05-10 23:59:59.999,13301353.1413
2023-05-11,1.34,1.341,1.217,1.231,9145286.2,2023-05-11 23:59:59.999,11614229.7016
2023-05-12,1.231,1.245,1.176,1.244,10344653.9,2023-05-12 23:59:59.999,12598851.8066
2023-05-13,1.245,1.249,1.206,1.222,5723067.8,2023-05-13 23:59:59.999,7002475.071
2023-05-14,1.221,1.258,1.202,1.254,5304298.9,2023-05-14 23:59:59.999,6540618.8156
2023-05-15,1.255,1.294,1.229,1.279,7666358.9,2023-05-15 23:59:59.999,9761275.9951
2023-05-16,1.278,1.315,1.255,1.31,7873731.7,2023-05-16 23:59:59.999,10154020.3273
2023-05-17,1.31,1.351,1.276,1.345,12739817.7,2023-05-17 23:59:59.999,16772639.5886
2023-05-18,1.346,1.347,1.275,1.323,8463547.1,2023-05-18 23:59:59.999,11120000.9225
2023-05-19,1.324,1.332,1.295,1.314,6704090.6,2023-05-19 23:59:59.999,8807753.8438
2023-05-20,1.315,1.339,1.297,1.331,4509607.1,2023-05-20 23:59:59.999,5962620.9817
2023-05-21,1.332,1.332,1.279,1.29,4836315.8,2023-05-21 23:59:59.999,6308143.7995
2023-05-22,1.291,1.342,1.263,1.333,8520713.1,2023-05-22 23:59:59.999,11145952.7215
2023-05-23,1.333,1.366,1.317,1.334,8264682.2,2023-05-23 23:59:59.999,11064307.1957
2023-05-24,1.335,1.337,1.267,1.285,11234260.5,2023-05-24 23:59:59.999,14554089.1277
2023-05-25,1.286,1.31,1.243,1.307,8484156.3,2023-05-25 23:59:59.999,10955376.9344
2023-05-26,1.308,1.318,1.285,1.306,5429256.4,2023-05-26 23:59:59.999,7075182.776
2023-05-27,1.307,1.319,1.297,1.315,3661163.7,2023-05-27 23:59:59.999,4794541.1277
2023-05-28,1.316,1.355,1.308,1.334,6478191.1,2023-05-28 23:59:59.999,8601370.2551
2023-05-29,1.335,1.342,1.288,1.292,8218328.2,2023-05-29 23:59:59.999,10781705.27
2023-05-30,1.293,1.305,1.278,1.301,5698618.9,2023-05-30 23:59:59.999,7372862.1592
2023-05-31,1.301,1.314,1.246,1.271,6947920.6,2023-05-31 23:59:59.999,8854538.7552
2023-06-01,1.271,1.291,1.242,1.272,6769271.9,2023-06-01 23:59:59.999,8620943.8635
2023-06-02,1.273,1.321,1.257,1.312,6678978.6,2023-06-02 23:59:59.999,8658912.2412
2023-06-03,1.313,1.32,1.282,1.292,4923148.3,2023-06-03 23:59:59.999,6400990.0455
2023-06-04,1.293,1.31,1.278,1.284,4858291.8,2023-06-04 23:59:59.999,6283528.3906
2023-06-05,1.285,1.286,1.087,1.129,18948745.1,2023-06-05 23:59:59.999,22687848.6087
2023-06-06,1.129,1.199,1.103,1.179,14997061.4,2023-06-06 23:59:59.999,17170657.0516
2023-06-07,1.18,1.18,1.081,1.092,11540241.6,2023-06-07 23:59:59.999,12949026.1912
2023-06-08,1.092,1.122,1.07,1.108,6663711.6,2023-06-08 23:59:59.999,7327320.733
2023-06-09,1.108,1.124,1.081,1.092,6884622.9,2023-06-09 23:59:59.999,7587073.7261
2023-06-10,1.092,1.093,0.8,0.871,33046313.9,2023-06-10 23:59:59.999,29807325.4525
2023-06-11,0.872,0.883,0.843,0.851,9943014.4,2023-06-11 23:59:59.999,8623338.5298
2023-06-12,0.852,0.897,0.821,0.89,16658175.7,2023-06-12 23:59:59.999,14317949.804
2023-06-13,0.89,0.955,0.887,0.909,29030835.5,2023-06-13 23:59:59.999,26558311.2822
2023-06-14,0.91,0.919,0.827,0.848,20586795.3,2023-06-14 23:59:59.999,18055529.5034
2023-06-15,0.847,0.888,0.844,0.883,13301824.2,2023-06-15 23:59:59.999,11472354.2875
2023-06-16,0.882,0.922,0.875,0.904,11137365.3,2023-06-16 23:59:59.999,9980324.4526
2023-06-17,0.904,0.933,0.895,0.914,10882511.9,2023-06-17 23:59:59.999,9926882.0115
2023-06-18,0.914,0.916,0.879,0.895,9252930.7,2023-06-18 23:59:59.999,8364069.9496
2023-06-19,0.894,0.907,0.88,0.905,7868982.1,2023-06-19 23:59:59.999,7029922.8067
2023-06-20,0.905,0.929,0.867,0.927,12834596.6,2023-06-20 23:59:59.999,11516805.8456
2023-06-21,0.928,0.997,0.923,0.978,19377193.7,2023-06-21 23:59:59.999,18593978.2312
2023-06-22,0.978,1.021,0.954,0.978,16319721.3,2023-06-22 23:59:59.999,16150896.1461
2023-06-23,0.979,1.04,0.973,1.027,11880467.9,2023-06-23 23:59:59.999,11940372.6554
2023-06-24,1.028,1.046,0.995,1.038,10461535.0,2023-06-24 23:59:59.999,10733671.8691
2023-06-25,1.038,1.093,1.038,1.06,10143867.8,2023-06-25 23:59:59.999,10827590.4217
2023-06-26,1.059,1.075,1.02,1.04,9893911.1,2023-06-26 23:59:59.999,10326035.191
2023-06-27,1.039,1.073,1.039,1.057,6165977.0,2023-06-27 23:59:59.999,6524005.7095
2023-06-28,1.057,1.058,0.923,0.959,12829910.6,2023-06-28 23:59:59.999,12705640.9496
2023-06-29,0.959,0.994,0.956,0.969,6657220.9,2023-06-29 23:59:59.999,6468605.7298
2023-06-30,0.97,1.055,0.945,1.033,17860830.3,2023-06-30 23:59:59.999,18090312.5689
2023-07-01,1.033,1.256,1.017,1.136,24818045.0,2023-07-01 23:59:59.999,27696556.0932
2023-07-02,1.136,1.199,1.049,1.086,49853624.9,2023-07-02 23:59:59.999,55430239.4278
2023-07-03,1.086,1.118,1.071,1.109,16820194.5,2023-07-03 23:59:59.999,18498229.479
2023-07-04,1.108,1.113,1.064,1.079,12361096.1,2023-07-04 23:59:59.999,13512590.036
2023-07-05,1.079,1.11,1.011,1.031,15709379.4,2023-07-05 23:59:59.999,16553667.7631
2023-07-06,1.031,1.084,0.996,0.999,13702568.8,2023-07-06 23:59:59.999,14176119.5304
2023-07-07,0.999,1.028,0.981,1.022,9308658.2,2023-07-07 23:59:59.999,9405650.5867
2023-07-08,1.023,1.034,0.985,1.003,6620202.2,2023-07-08 23:59:59.999,6697613.3295
2023-07-09,1.003,1.016,0.992,0.997,6586031.2,2023-07-09 23:59:59.999,6610546.5571
2023-07-10,0.997,1.036,0.963,1.014,13280707.7,2023-07-10 23:59:59.999,13258490.6931
2023-07-11,1.014,1.037,1.004,1.035,10300279.0,2023-07-11 23:59:59.999,10526746.3635
2023-07-12,1.034,1.046,1.003,1.019,8361072.4,2023-07-12 23:59:59.999,8596854.8101
2023-07-13,1.02,1.1,1.0,1.094,14992535.2,2023-07-13 23:59:59.999,15821912.2346
2023-07-14,1.095,1.118,1.002,1.046,18111134.4,2023-07-14 23:59:59.999,19411893.0648
2023-07-15,1.047,1.074,1.026,1.054,6682012.6,2023-07-15 23:59:59.999,7010167.7211
2023-07-16,1.054,1.062,1.005,1.009,6687247.6,2023-07-16 23:59:59.999,6898147.3585
2023-07-17,1.01,1.042,0.98,1.035,11718173.6,2023-07-17 23:59:59.999,11904725.3772
2023-07-18,1.036,1.044,0.982,1.008,7889477.3,2023-07-18 23:59:59.999,7979925.4869
2023-07-19,1.008,1.022,0.992,0.999,6375214.3,2023-07-19 23:59:59.999,6420789.8296
2023-07-20,0.999,1.031,0.99,1.014,8947791.3,2023-07-20 23:59:59.999,9052551.1688
2023-07-21,1.014,1.023,1.001,1.008,7061264.7,2023-07-21 23:59:59.999,7136198.5268
2023-07-22,1.009,1.02,0.978,0.992,6063073.9,2023-07-22 23:59:59.999,6077213.7222
2023-07-23,0.993,1.014,0.981,1.006,5053709.7,2023-07-23 23:59:59.999,5062589.6008
2023-07-24,1.006,1.009,0.926,0.955,8424348.1,2023-07-24 23:59:59.999,8162437.6813
2023-07-25,0.955,0.958,0.934,0.94,5673612.0,2023-07-25 23:59:59.999,5367252.754
2023-07-26,0.94,0.962,0.926,0.946,10216385.6,2023-07-26 23:59:59.999,9655955.5463
2023-07-27,0.945,0.969,0.932,0.949,7913333.0,2023-07-27 23:59:59.999,7508113.2107
2023-07-28,0.95,0.963,0.938,0.952,6654873.2,2023-07-28 23:59:59.999,6328574.9439
2023-07-29,0.953,0.965,0.943,0.96,3659888.5,2023-07-29 23:59:59.999,3487944.9395
2023-07-30,0.961,0.964,0.911,0.944,8372447.2,2023-07-30 23:59:59.999,7893915.2709
2023-07-31,0.943,0.958,0.928,0.939,5191544.1,2023-07-31 23:59:59.999,4903503.9691
2023-08-01,0.939,0.954,0.9,0.952,6747948.4,2023-08-01 23:59:59.999,6242681.4963
2023-08-02,0.952,0.96,0.929,0.939,7773510.7,2023-08-02 23:59:59.999,7332689.7116
2023-08-03,0.94,0.958,0.929,0.948,7113888.0,2023-08-03 23:59:59.999,6711603.4589
2023-08-04,0.948,0.956,0.92,0.93,8592153.4,2023-08-04 23:59:59.999,8076722.8013
2023-08-05,0.929,0.959,0.908,0.955,9224913.6,2023-08-05 23:59:59.999,8597439.7995
2023-08-06,0.956,0.997,0.94,0.946,19024878.2,2023-08-06 23:59:59.999,18476231.2997
2023-08-07,0.947,0.981,0.889,0.915,20086539.8,2023-08-07 23:59:59.999,18878849.6647
2023-08-08,0.915,0.932,0.903,0.914,11868026.0,2023-08-08 23:59:59.999,10891960.833
2023-08-09,0.913,0.935,0.903,0.913,10289195.3,2023-08-09 23:59:59.999,9436924.6276
2023-08-10,0.913,0.928,0.906,0.915,8341396.3,2023-08-10 23:59:59.999,7642571.1828
2023-08-11,0.915,0.924,0.904,0.911,9761429.4,2023-08-11 23:59:59.999,8911430.7191
2023-08-12,0.91,0.929,0.906,0.92,6167005.2,2023-08-12 23:59:59.999,5660132.1274
2023-08-13,0.92,0.956,0.914,0.941,9082861.1,2023-08-13 23:59:59.999,8496501.3625
2023-08-14,0.94,0.98,0.934,0.976,14054836.6,2023-08-14 23:59:59.999,13487299.7036
2023-08-15,0.975,1.005,0.85,0.9,33686017.0,2023-08-15 23:59:59.999,31916574.8342
2023-08-16,0.9,0.907,0.8,0.831,23087521.7,2023-08-16 23:59:59.999,19851512.0012
2023-08-17,0.83,0.858,0.636,0.727,23768483.4,2023-08-17 23:59:59.999,18603517.336
2023-08-18,0.727,0.745,0.717,0.739,15314833.9,2023-08-18 23:59:59.999,11232793.1783
2023-08-19,0.739,0.763,0.731,0.759,8646072.5,2023-08-19 23:59:59.999,6457600.9654
2023-08-20,0.76,0.788,0.758,0.767,11243212.5,2023-08-20 23:59:59.999,8673456.1275
2023-08-21,0.767,0.774,0.739,0.761,14859018.5,2023-08-21 23:59:59.999,11275605.796
2023-08-22,0.761,0.764,0.719,0.762,14083589.1,2023-08-22 23:59:59.999,10474763.2947
2023-08-23,0.762,0.791,0.749,0.78,13494140.0,2023-08-23 23:59:59.999,10414043.9037
2023-08-24,0.78,0.781,0.741,0.751,13186699.1,2023-08-24 23:59:59.999,10020341.8535
2023-08-25,0.751,0.76,0.722,0.759,14543943.2,2023-08-25 23:59:59.999,10731249.8155
2023-08-26,0.759,0.779,0.753,0.758,12301777.2,2023-08-26 23:59:59.999,9417150.9247
2023-08-27,0.759,0.771,0.751,0.762,7437844.2,2023-08-27 23:59:59.999,5653810.2441
2023-08-28,0.763,0.794,0.736,0.783,16690913.2,2023-08-28 23:59:59.999,12852177.1684
2023-08-29,0.783,0.845,0.754,0.826,23946642.6,2023-08-29 23:59:59.999,19127337.6424
2023-08-30,0.825,0.829,0.785,0.803,11487623.7,2023-08-30 23:59:59.999,9203914.2562
2023-08-31,0.802,0.804,0.749,0.767,13609391.7,2023-08-31 23:59:59.999,10659384.6333
2023-09-01,0.766,0.774,0.706,0.715,14492917.3,2023-09-01 23:59:59.999,10672591.1627
2023-09-02,0.714,0.744,0.709,0.739,13875326.1,2023-09-02 23:59:59.999,10097604.4453
2023-09-03,0.739,0.749,0.724,0.731,9881044.2,2023-09-03 23:59:59.999,7288452.1673
2023-09-04,0.731,0.76,0.723,0.734,11740544.7,2023-09-04 23:59:59.999,8668116.3181
2023-09-05,0.734,0.792,0.726,0.772,16858669.7,2023-09-05 23:59:59.999,12886952.7686
2023-09-06,0.772,0.797,0.751,0.781,15725289.5,2023-09-06 23:59:59.999,12163048.134
2023-09-07,0.781,0.796,0.761,0.796,8473654.6,2023-09-07 23:59:59.999,6597841.5449
2023-09-08,0.796,0.819,0.786,0.794,14648657.8,2023-09-08 23:59:59.999,11759740.4806
2023-09-09,0.794,0.853,0.776,0.795,22190214.5,2023-09-09 23:59:59.999,18054048.6341
2023-09-10,0.796,0.796,0.71,0.763,14315327.6,2023-09-10 23:59:59.999,10803913.8675
2023-09-11,0.763,0.771,0.714,0.732,11366526.3,2023-09-11 23:59:59.999,8432698.3954
2023-09-12,0.732,0.769,0.723,0.725,7835163.5,2023-09-12 23:59:59.999,5843361.9556
2023-09-13,0.725,0.757,0.72,0.737,8577059.3,2023-09-13 23:59:59.999,6364389.4928
2023-09-14,0.737,0.778,0.731,0.743,14297324.7,2023-09-14 23:59:59.999,10783984.9118
2023-09-15,0.743,0.768,0.742,0.766,7716742.6,2023-09-15 23:59:59.999,5803274.5005
2023-09-16,0.765,0.789,0.763,0.78,7881987.3,2023-09-16 23:59:59.999,6110576.2587
2023-09-17,0.781,0.781,0.736,0.745,7934235.9,2023-09-17 23:59:59.999,6020295.0629
2023-09-18,0.745,0.78,0.734,0.758,7857130.9,2023-09-18 23:59:59.999,6000869.5012
2023-09-19,0.758,0.785,0.751,0.78,6119286.1,2023-09-19 23:59:59.999,4724089.2638
2023-09-20,0.78,0.787,0.764,0.781,7893501.6,2023-09-20 23:59:59.999,6124944.7249
2023-09-21,0.781,0.792,0.748,0.763,6606126.7,2023-09-21 23:59:59.999,5062223.6543
2023-09-22,0.763,0.775,0.753,0.772,4709959.7,2023-09-22 23:59:59.999,3601424.4045
2023-09-23,0.772,0.779,0.752,0.761,4729568.2,2023-09-23 23:59:59.999,3613328.8385
2023-09-24,0.761,0.762,0.74,0.747,3855083.5,2023-09-24 23:59:59.999,2908343.1144
2023-09-25,0.747,0.758,0.737,0.753,3616779.5,2023-09-25 23:59:59.999,2717624.9516
2023-09-26,0.753,0.76,0.718,0.729,8081908.1,2023-09-26 23:59:59.999,5964314.1731
2023-09-27,0.73,0.74,0.712,0.717,8492018.8,2023-09-27 23:59:59.999,6149155.7869
2023-09-28,0.718,0.73,0.711,0.726,9151447.6,2023-09-28 23:59:59.999,6602749.3449
2023-09-29,0.726,0.741,0.719,0.733,8251165.9,2023-09-29 23:59:59.999,6026765.3488
2023-09-30,0.733,0.743,0.729,0.735,6868340.2,2023-09-30 23:59:59.999,5050174.8482
2023-10-01,0.735,0.772,0.732,0.764,12093669.7,2023-10-01 23:59:59.999,9097858.6702
2023-10-02,0.764,0.77,0.72,0.736,12873298.8,2023-10-02 23:59:59.999,9659863.2993
2023-10-03,0.736,0.744,0.715,0.722,9907443.6,2023-10-03 23:59:59.999,7223889.3089
2023-10-04,0.722,0.722,0.677,0.694,21617268.7,2023-10-04 23:59:59.999,14968625.5261
2023-10-05,0.693,0.711,0.69,0.698,13446998.4,2023-10-05 23:59:59.999,9413807.7563
2023-10-06,0.698,0.716,0.696,0.708,9725475.0,2023-10-06 23:59:59.999,6878401.615
2023-10-07,0.709,0.713,0.687,0.698,6952824.5,2023-10-07 23:59:59.999,4878180.418
2023-10-08,0.699,0.709,0.686,0.703,9870382.4,2023-10-08 23:59:59.999,6877060.5903
2023-10-09,0.703,0.714,0.654,0.684,21512925.4,2023-10-09 23:59:59.999,14874481.0274
2023-10-10,0.684,0.689,0.664,0.673,9127031.2,2023-10-10 23:59:59.999,6191651.3047
2023-10-11,0.673,0.675,0.635,0.649,18644559.8,2023-10-11 23:59:59.999,12118127.6133
2023-10-12,0.649,0.677,0.639,0.67,18699974.3,2023-10-12 23:59:59.999,12390359.9191
2023-10-13,0.671,0.683,0.665,0.669,11315341.8,2023-10-13 23:59:59.999,7624553.6381
2023-10-14,0.669,0.686,0.665,0.681,6043948.8,2023-10-14 23:59:59.999,4081094.6771
2023-10-15,0.682,0.722,0.68,0.687,19305278.2,2023-10-15 23:59:59.999,13449308.4968
2023-10-16,0.687,0.738,0.686,0.712,18689289.2,2023-10-16 23:59:59.999,13270489.8015
2023-10-17,0.712,0.736,0.694,0.706,18862243.4,2023-10-17 23:59:59.999,13517778.3541
2023-10-18,0.705,0.719,0.671,0.673,11474541.3,2023-10-18 23:59:59.999,7955326.4181
2023-10-19,0.673,0.676,0.656,0.657,10418077.8,2023-10-19 23:59:59.999,6957217.4008
2023-10-20,0.658,0.692,0.65,0.68,11839715.3,2023-10-20 23:59:59.999,8021452.5289
2023-10-21,0.679,0.703,0.677,0.695,11191385.8,2023-10-21 23:59:59.999,7757315.5952
2023-10-22,0.695,0.75,0.69,0.739,41645703.7,2023-10-22 23:59:59.999,30153431.0466
2023-10-23,0.74,0.798,0.732,0.794,29600480.7,2023-10-23 23:59:59.999,22435191.6276
2023-10-24,0.794,0.82,0.754,0.79,26027252.0,2023-10-24 23:59:59.999,20542083.5894
2023-10-25,0.791,0.822,0.775,0.807,14900870.9,2023-10-25 23:59:59.999,11904373.3573
2023-10-26,0.807,0.855,0.777,0.831,21067550.2,2023-10-26 23:59:59.999,17298909.2573
2023-10-27,0.831,0.863,0.81,0.829,18236196.6,2023-10-27 23:59:59.999,15199081.0211
2023-10-28,0.829,0.855,0.826,0.847,9543646.8,2023-10-28 23:59:59.999,8018280.8266
2023-10-29,0.847,0.917,0.826,0.901,16919999.3,2023-10-29 23:59:59.999,14837935.7133
2023-10-30,0.901,0.917,0.875,0.917,13705104.3,2023-10-30 23:59:59.999,12312061.8949
2023-10-31,0.917,0.923,0.839,0.867,13413811.2,2023-10-31 23:59:59.999,11835662.1266
2023-11-01,0.866,0.904,0.824,0.896,15214947.2,2023-11-01 23:59:59.999,13064771.761
2023-11-02,0.897,0.93,0.861,0.893,14486448.8,2023-11-02 23:59:59.999,13058195.1486
2023-11-03,0.894,0.894,0.842,0.873,8054675.7,2023-11-03 23:59:59.999,6968689.7038
2023-11-04,0.873,0.893,0.861,0.882,6842553.8,2023-11-04 23:59:59.999,6010215.9096
2023-11-05,0.882,0.921,0.88,0.901,10563784.6,2023-11-05 23:59:59.999,9513409.7542
2023-11-06,0.901,0.969,0.889,0.959,20622630.1,2023-11-06 23:59:59.999,19352279.6551
2023-11-07,0.96,0.971,0.895,0.925,17817983.5,2023-11-07 23:59:59.999,16667136.5282
2023-11-08,0.924,0.98,0.912,0.962,12786569.3,2023-11-08 23:59:59.999,12186507.6725
2023-11-09,0.962,0.998,0.81,0.892,27521853.3,2023-11-09 23:59:59.999,25330340.1391
2023-11-10,0.891,0.952,0.865,0.951,16323074.3,2023-11-10 23:59:59.999,14742994.3196
2023-11-11,0.95,0.987,0.913,0.961,16733955.1,2023-11-11 23:59:59.999,15930207.096
2023-11-12,0.961,1.024,0.91,1.008,23961367.3,2023-11-12 23:59:59.999,23613585.3063
2023-11-13,1.009,1.029,0.96,0.966,27879627.1,2023-11-13 23:59:59.999,27897121.2376
2023-11-14,0.965,1.018,0.912,0.993,25548332.7,2023-11-14 23:59:59.999,24634923.1799
2023-11-15,0.993,1.078,0.982,1.068,24958069.2,2023-11-15 23:59:59.999,26088423.1801
2023-11-16,1.068,1.097,0.956,0.972,27455781.5,2023-11-16 23:59:59.999,28250518.4614
2023-11-17,0.971,1.005,0.908,0.959,24505530.7,2023-11-17 23:59:59.999,23470787.1275
2023-11-18,0.959,0.96,0.883,0.938,10392615.5,2023-11-18 23:59:59.999,9621039.3093
2023-11-19,0.938,0.97,0.913,0.966,7817384.2,2023-11-19 23:59:59.999,7406731.9017
2023-11-20,0.966,1.03,0.956,0.998,19395316.7,2023-11-20 23:59:59.999,19340098.6992
2023-11-21,0.998,1.023,0.867,0.873,22136372.0,2023-11-21 23:59:59.999,21014781.5967
2023-11-22,0.873,1.024,0.869,1.008,19695639.6,2023-11-22 23:59:59.999,18770235.3626
2023-11-23,1.009,1.084,0.998,1.066,35471395.4,2023-11-23 23:59:59.999,37231218.2182
2023-11-24,1.066,1.101,1.048,1.092,22092778.0,2023-11-24 23:59:59.999,23712079.0001
2023-11-25,1.092,1.225,1.08,1.202,33095413.1,2023-11-25 23:59:59.999,38785492.1354
2023-11-26,1.203,1.336,1.169,1.221,54157426.4,2023-11-26 23:59:59.999,67388497.9476
2023-11-27,1.222,1.252,1.155,1.187,24302372.1,2023-11-27 23:59:59.999,28846557.9864
2023-11-28,1.186,1.204,1.135,1.143,18562485.0,2023-11-28 23:59:59.999,21758473.4731
2023-11-29,1.142,1.149,1.077,1.108,17123406.6,2023-11-29 23:59:59.999,19026099.2485
2023-11-30,1.107,1.132,1.083,1.101,8817829.3,2023-11-30 23:59:59.999,9768323.0495
2023-12-01,1.101,1.119,1.087,1.109,7412246.6,2023-12-01 23:59:59.999,8181586.1194
2023-12-02,1.108,1.146,1.102,1.128,8778666.2,2023-12-02 23:59:59.999,9890988.5249
2023-12-03,1.127,1.21,1.127,1.156,19479547.1,2023-12-03 23:59:59.999,22827625.7713
2023-12-04,1.156,1.228,1.079,1.192,30450457.4,2023-12-04 23:59:59.999,35736197.4724
2023-12-05,1.192,1.22,1.152,1.208,18164270.4,2023-12-05 23:59:59.999,21656269.7607
2023-12-06,1.208,1.228,1.132,1.152,14014230.1,2023-12-06 23:59:59.999,16471634.3905
2023-12-07,1.152,1.247,1.15,1.234,14202939.7,2023-12-07 23:59:59.999,17117986.562
2023-12-08,1.234,1.276,1.21,1.266,8075606.2,2023-12-08 23:59:59.999,10017290.8581
2023-12-09,1.265,1.324,1.241,1.257,12929213.2,2023-12-09 23:59:59.999,16590545.5631
2023-12-10,1.257,1.322,1.245,1.276,11219158.5,2023-12-10 23:59:59.999,14383814.4438
2023-12-11,1.276,1.283,1.041,1.18,22197833.0,2023-12-11 23:59:59.999,25722887.2376
2023-12-12,1.18,1.352,1.178,1.334,22675882.1,2023-12-12 23:59:59.999,28672818.1136
2023-12-13,1.334,1.339,1.217,1.297,25245389.1,2023-12-13 23:59:59.999,32145618.5754
2023-12-14,1.298,1.316,1.215,1.278,15579625.7,2023-12-14 23:59:59.999,19723796.2298
2023-12-15,1.278,1.28,1.171,1.187,8779750.1,2023-12-15 23:59:59.999,10723629.7605
2023-12-16,1.187,1.241,1.17,1.219,7451882.0,2023-12-16 23:59:59.999,9067794.9695
2023-12-17,1.219,1.258,1.183,1.226,10954887.5,2023-12-17 23:59:59.999,13392475.4178
2023-12-18,1.227,1.257,1.09,1.172,13542598.6,2023-12-18 23:59:59.999,15572048.4095
2023-12-19,1.173,1.232,1.156,1.175,8430892.0,2023-12-19 23:59:59.999,10093455.3921
2023-12-20,1.175,1.311,1.159,1.278,13249279.3,2023-12-20 23:59:59.999,16616637.6788
2023-12-21,1.279,1.334,1.266,1.312,11541871.0,2023-12-21 23:59:59.999,15029491.1811
2023-12-22,1.312,1.387,1.28,1.362,12984606.7,2023-12-22 23:59:59.999,17253964.779
2023-12-23,1.363,1.411,1.314,1.404,7137464.1,2023-12-23 23:59:59.999,9650428.6545
2023-12-24,1.405,1.599,1.388,1.544,24210473.9,2023-12-24 23:59:59.999,36509352.0849
2023-12-25,1.545,1.642,1.504,1.561,16506713.7,2023-12-25 23:59:59.999,26077584.3389
2023-12-26,1.561,1.642,1.45,1.576,12619199.2,2023-12-26 23:59:59.999,19807760.1491
2023-12-27,1.576,1.581,1.494,1.526,8113899.4,2023-12-27 23:59:59.999,12468747.4916
2023-12-28,1.527,1.564,1.436,1.452,7150654.1,2023-12-28 23:59:59.999,10651575.8142
2023-12-29,1.451,1.499,1.414,1.45,5703827.6,2023-12-29 23:59:59.999,8307901.5144
2023-12-30,1.451,1.472,1.394,1.423,5336333.8,2023-12-30 23:59:59.999,7662869.4149
2023-12-31,1.424,1.452,1.348,1.383,4648928.8,2023-12-31 23:59:59.999,6586751.2234
2024-01-01,1.383,1.506,1.362,1.484,5810493.9,2024-01-01 23:59:59.999,8395009.8647
2024-01-02,1.484,1.518,1.411,1.439,5919785.7,2024-01-02 23:59:59.999,8679940.1277
2024-01-03,1.439,1.534,1.141,1.264,17781298.3,2024-01-03 23:59:59.999,23498977.6859
2024-01-04,1.265,1.352,1.242,1.299,7498100.0,2024-01-04 23:59:59.999,9777460.7108
2024-01-05,1.3,1.313,1.191,1.239,10213191.2,2024-01-05 23:59:59.999,12798970.2964
2024-01-06,1.24,1.24,1.145,1.202,6207909.7,2024-01-06 23:59:59.999,7403284.8751
2024-01-07,1.202,1.248,1.116,1.128,7784636.1,2024-01-07 23:59:59.999,9267643.527
2024-01-08,1.129,1.205,1.035,1.196,11505047.7,2024-01-08 23:59:59.999,12828233.5389
2024-01-09,1.197,1.211,1.076,1.13,10143996.5,2024-01-09 23:59:59.999,11480488.6856
2024-01-10,1.13,1.274,1.108,1.252,11223875.4,2024-01-10 23:59:59.999,13089062.8253
2024-01-11,1.252,1.3,1.231,1.288,9922615.8,2024-01-11 23:59:59.999,12598483.793
2024-01-12,1.287,1.319,1.196,1.247,12527100.3,2024-01-12 23:59:59.999,15929521.1387
2024-01-13,1.247,1.284,1.191,1.27,7076726.8,2024-01-13 23:59:59.999,8827113.9637
2024-01-14,1.269,1.283,1.181,1.185,7315283.4,2024-01-14 23:59:59.999,9059811.7556
2024-01-15,1.184,1.236,1.184,1.211,5863762.8,2024-01-15 23:59:59.999,7131743.5549
2024-01-16,1.211,1.257,1.192,1.248,5093236.4,2024-01-16 23:59:59.999,6252938.5792
2024-01-17,1.248,1.268,1.193,1.213,7668568.8,2024-01-17 23:59:59.999,9434129.8153
2024-01-18,1.214,1.218,1.113,1.138,7815382.2,2024-01-18 23:59:59.999,9139452.8918
2024-01-19,1.137,1.148,1.068,1.134,9278966.7,2024-01-19 23:59:59.999,10321878.1897
2024-01-20,1.134,1.167,1.122,1.164,4495746.5,2024-01-20 23:59:59.999,5160920.2259
2024-01-21,1.164,1.212,1.147,1.17,5625266.2,2024-01-21 23:59:59.999,6610326.8281
2024-01-22,1.17,1.186,1.078,1.092,7097136.2,2024-01-22 23:59:59.999,8009093.9388
2024-01-23,1.091,1.115,0.998,1.053,9344815.0,2024-01-23 23:59:59.999,9764717.8663
2024-01-24,1.054,1.083,1.038,1.076,4347084.6,2024-01-24 23:59:59.999,4618907.7926
2024-01-25,1.077,1.077,1.025,1.066,4291143.8,2024-01-25 23:59:59.999,4528636.3059
2024-01-26,1.066,1.118,1.053,1.116,3970711.3,2024-01-26 23:59:59.999,4351114.5646
2024-01-27,1.117,1.143,1.103,1.136,4115322.8,2024-01-27 23:59:59.999,4625870.8384
2024-01-28,1.136,1.156,1.103,1.12,4973316.4,2024-01-28 23:59:59.999,5625778.4192
2024-01-29,1.12,1.147,1.094,1.143,4419988.9,2024-01-29 23:59:59.999,4973391.9802
2024-01-30,1.144,1.172,1.126,1.134,4694540.5,2024-01-30 23:59:59.999,5396046.2668
2024-01-31,1.133,1.141,1.074,1.084,7406863.1,2024-01-31 23:59:59.999,8239156.9194
2024-02-01,1.084,1.112,1.061,1.096,4835443.8,2024-02-01 23:59:59.999,5231484.9114
2024-02-02,1.096,1.117,1.086,1.114,2504079.4,2024-02-02 23:59:59.999,2758670.2619
2024-02-03,1.115,1.125,1.085,1.089,2387700.6,2024-02-03 23:59:59.999,2638003.7519
2024-02-04,1.088,1.09,1.061,1.068,3103880.3,2024-02-04 23:59:59.999,3339696.6174
2024-02-05,1.068,1.091,1.049,1.081,2804479.2,2024-02-05 23:59:59.999,3009763.8601
2024-02-06,1.082,1.117,1.075,1.112,4632840.4,2024-02-06 23:59:59.999,5083881.7894
2024-02-07,1.112,1.161,1.108,1.148,4752281.1,2024-02-07 23:59:59.999,5373090.4117
2024-02-08,1.148,1.162,1.131,1.143,2955762.9,2024-02-08 23:59:59.999,3386484.0271
2024-02-09,1.144,1.22,1.143,1.202,4638345.8,2024-02-09 23:59:59.999,5505936.4112
2024-02-10,1.202,1.209,1.164,1.177,2707235.6,2024-02-10 23:59:59.999,3213945.3721
2024-02-11,1.178,1.206,1.168,1.176,2603586.7,2024-02-11 23:59:59.999,3087953.1485
2024-02-12,1.176,1.224,1.144,1.217,3847587.7,2024-02-12 23:59:59.999,4562136.2535
2024-02-13,1.217,1.255,1.184,1.216,5822740.3,2024-02-13 23:59:59.999,7091997.3759
2024-02-14,1.217,1.29,1.205,1.281,4899836.4,2024-02-14 23:59:59.999,6173972.4993
2024-02-15,1.281,1.313,1.272,1.304,4853628.5,2024-02-15 23:59:59.999,6280039.268
2024-02-16,1.304,1.453,1.284,1.327,15006311.8,2024-02-16 23:59:59.999,20275951.4608
2024-02-17,1.326,1.343,1.271,1.328,6095679.4,2024-02-17 23:59:59.999,7976795.6824
2024-02-18,1.328,1.387,1.307,1.361,4711091.3,2024-02-18 23:59:59.999,6392212.9568
2024-02-19,1.361,1.407,1.355,1.392,5084315.7,2024-02-19 23:59:59.999,7017430.991
2024-02-20,1.392,1.408,1.238,1.337,9707928.4,2024-02-20 23:59:59.999,12979120.5084
2024-02-21,1.337,1.341,1.225,1.3,6810541.5,2024-02-21 23:59:59.999,8695442.5519
2024-02-22,1.301,1.511,1.27,1.407,17318999.4,2024-02-22 23:59:59.999,24690240.3985
2024-02-23,1.408,1.448,1.366,1.402,8232054.2,2024-02-23 23:59:59.999,11584813.4465
2024-02-24,1.402,1.51,1.373,1.464,6994723.5,2024-02-24 23:59:59.999,10209653.062
2024-02-25,1.465,1.589,1.449,1.585,8972040.5,2024-02-25 23:59:59.999,13647223.3045
2024-02-26,1.585,2.055,1.568,1.822,99458776.2,2024-02-26 23:59:59.999,187621796.5851
2024-02-27,1.823,1.901,1.758,1.795,27132538.6,2024-02-27 23:59:59.999,49401318.5922
2024-02-28,1.795,2.142,1.582,1.805,44534418.0,2024-02-28 23:59:59.999,85224769.0837
2024-02-29,1.805,1.93,1.731,1.804,17814585.9,2024-02-29 23:59:59.999,32929932.6628
2024-03-01,1.805,1.946,1.797,1.923,12235952.3,2024-03-01 23:59:59.999,22862297.9892
2024-03-02,1.924,2.037,1.882,2.029,12786659.5,2024-03-02 23:59:59.999,25070114.1905
2024-03-03,2.028,2.099,1.765,1.993,16094506.1,2024-03-03 23:59:59.999,32223262.2924
2024-03-04,1.994,2.156,1.933,2.005,16419169.8,2024-03-04 23:59:59.999,33295242.7819
2024-03-05,2.006,2.076,1.485,1.807,21881583.7,2024-03-05 23:59:59.999,41262844.0476
2024-03-06,1.806,1.968,1.732,1.96,11448716.1,2024-03-06 23:59:59.999,21595572.5369
2024-03-07,1.959,2.06,1.937,2.041,10430511.8,2024-03-07 23:59:59.999,20903480.5345
2024-03-08,2.041,2.082,1.845,1.963,10014159.8,2024-03-08 23:59:59.999,19747591.4705
2024-03-09,1.963,2.348,1.949,2.283,26970747.9,2024-03-09 23:59:59.999,59065156.5368
2024-03-10,2.284,2.425,2.129,2.317,29539140.1,2024-03-10 23:59:59.999,67441456.6452
2024-03-11,2.318,2.323,2.103,2.286,16079548.1,2024-03-11 23:59:59.999,36174202.1659
2024-03-12,2.286,2.326,2.042,2.239,13528614.3,2024-03-12 23:59:59.999,29867239.5144
2024-03-13,2.238,2.372,2.215,2.28,10255150.8,2024-03-13 23:59:59.999,23577759.6401
2024-03-14,2.28,2.29,2.039,2.19,12866499.0,2024-03-14 23:59:59.999,27793408.257
2024-03-15,2.191,2.226,1.823,2.134,24251952.3,2024-03-15 23:59:59.999,49316056.0869
2024-03-16,2.134,2.253,1.87,1.928,18519233.5,2024-03-16 23:59:59.999,38222701.2834
2024-03-17,1.929,2.065,1.823,2.037,10292022.2,2024-03-17 23:59:59.999,20162142.738
2024-03-18,2.037,2.081,1.832,1.868,8954188.0,2024-03-18 23:59:59.999,17395258.2536
2024-03-19,1.868,1.894,1.581,1.659,20513142.8,2024-03-19 23:59:59.999,34891435.6117
2024-03-20,1.659,1.862,1.575,1.849,13371325.5,2024-03-20 23:59:59.999,22778310.3972
2024-03-21,1.849,1.88,1.786,1.853,7028920.9,2024-03-21 23:59:59.999,12932809.177
2024-03-22,1.853,1.952,1.752,1.816,11077976.2,2024-03-22 23:59:59.999,20461114.5095
2024-03-23,1.815,1.895,1.771,1.835,6737033.0,2024-03-23 23:59:59.999,12436983.7006
2024-03-24,1.835,1.891,1.801,1.872,5315424.3,2024-03-24 23:59:59.999,9816621.2557
2024-03-25,1.872,1.977,1.859,1.952,5796384.4,2024-03-25 23:59:59.999,11177170.8407
2024-03-26,1.952,2.047,1.94,2.022,7848826.8,2024-03-26 23:59:59.999,15686566.3964
2024-03-27,2.022,2.043,1.894,1.933,9296593.9,2024-03-27 23:59:59.999,18295721.7775
2024-03-28,1.933,1.962,1.883,1.921,4929429.8,2024-03-28 23:59:59.999,9510664.1705
2024-03-29,1.92,1.992,1.874,1.946,8652184.2,2024-03-29 23:59:59.999,16771886.1863
2024-03-30,1.946,1.964,1.846,1.866,3935015.3,2024-03-30 23:59:59.999,7509462.5203
2024-03-31,1.868,1.971,1.86,1.951,4934904.9,2024-03-31 23:59:59.999,9481656.1219
2024-04-01,1.951,2.06,1.79,1.875,11621915.3,2024-04-01 23:59:59.999,22349629.0437
2024-04-02,1.875,1.876,1.67,1.724,8832073.3,2024-04-02 23:59:59.999,15401047.1113
2024-04-03,1.723,1.783,1.652,1.724,6378976.1,2024-04-03 23:59:59.999,11085991.8936
2024-04-04,1.723,1.829,1.686,1.782,4279321.7,2024-04-04 23:59:59.999,7552599.3617
2024-04-05,1.782,1.786,1.66,1.734,4936182.9,2024-04-05 23:59:59.999,8507340.0654
2024-04-06,1.733,1.783,1.723,1.765,3270074.8,2024-04-06 23:59:59.999,5724508.1016
2024-04-07,1.764,1.845,1.763,1.82,3650067.8,2024-04-07 23:59:59.999,6620054.4343
2024-04-08,1.821,1.941,1.785,1.922,4597342.9,2024-04-08 23:59:59.999,8624049.4295
2024-04-09,1.921,1.937,1.835,1.851,5341668.5,2024-04-09 23:59:59.999,10079986.1525
2024-04-10,1.85,1.864,1.706,1.801,5900843.2,2024-04-10 23:59:59.999,10530207.3321
2024-04-11,1.802,1.869,1.761,1.778,4875960.3,2024-04-11 23:59:59.999,8800263.5636
2024-04-12,1.778,1.818,1.25,1.404,15070976.4,2024-04-12 23:59:59.999,22630828.0788
2024-04-13,1.403,1.405,0.995,1.145,24702811.6,2024-04-13 23:59:59.999,29950941.6856
2024-04-14,1.145,1.273,1.093,1.254,16847309.6,2024-04-14 23:59:59.999,20053759.0401
2024-04-15,1.255,1.317,1.141,1.179,12790987.6,2024-04-15 23:59:59.999,15742233.4138
2024-04-16,1.179,1.232,1.126,1.207,13635948.6,2024-04-16 23:59:59.999,16137428.241
2024-04-17,1.208,1.219,1.123,1.185,13114784.7,2024-04-17 23:59:59.999,15441368.4659
2024-04-18,1.185,1.251,1.153,1.24,12648070.8,2024-04-18 23:59:59.999,15284842.5887
2024-04-19,1.241,1.308,1.136,1.269,14953019.1,2024-04-19 23:59:59.999,18556561.8786
2024-04-20,1.269,1.407,1.25,1.397,6215863.6,2024-04-20 23:59:59.999,8190876.2017
2024-04-21,1.397,1.409,1.33,1.372,6375137.1,2024-04-21 23:59:59.999,8732526.286
2024-04-22,1.371,1.403,1.347,1.374,8231710.5,2024-04-22 23:59:59.999,11324337.4761
2024-04-23,1.375,1.396,1.335,1.367,7367077.4,2024-04-23 23:59:59.999,10082655.527
2024-04-24,1.368,1.414,1.272,1.288,11261671.7,2024-04-24 23:59:59.999,15205029.9811
2024-04-25,1.289,1.316,1.24,1.295,11170863.8,2024-04-25 23:59:59.999,14262188.2728
2024-04-26,1.295,1.302,1.244,1.268,7172722.6,2024-04-26 23:59:59.999,9151487.3113
2024-04-27,1.269,1.293,1.188,1.288,6151423.8,2024-04-27 23:59:59.999,7721682.2874
2024-04-28,1.288,1.349,1.27,1.276,6753290.0,2024-04-28 23:59:59.999,8844161.4479
2024-04-29,1.275,1.301,1.233,1.286,6115962.0,2024-04-29 23:59:59.999,7735696.7521
2024-04-30,1.286,1.303,1.151,1.198,10016102.0,2024-04-30 23:59:59.999,12182049.8691
2024-05-01,1.199,1.208,1.087,1.18,17678885.5,2024-05-01 23:59:59.999,20159026.0051
2024-05-02,1.18,1.219,1.14,1.204,6627176.6,2024-05-02 23:59:59.999,7812482.7713
2024-05-03,1.204,1.264,1.167,1.248,7196173.7,2024-05-03 23:59:59.999,8717932.7949
2024-05-04,1.248,1.258,1.219,1.221,5192470.8,2024-05-04 23:59:59.999,6419507.7757
2024-05-05,1.221,1.277,1.194,1.246,6971848.8,2024-05-05 23:59:59.999,8568406.7698
2024-05-06,1.247,1.289,1.204,1.208,6382337.9,2024-05-06 23:59:59.999,7888544.3852
2024-05-07,1.207,1.238,1.173,1.178,5610048.3,2024-05-07 23:59:59.999,6771375.848
2024-05-08,1.176,1.242,1.139,1.172,10981541.7,2024-05-08 23:59:59.999,12961709.3664
2024-05-09,1.172,1.228,1.135,1.222,6128794.3,2024-05-09 23:59:59.999,7218358.1625
2024-05-10,1.221,1.236,1.141,1.16,6812822.9,2024-05-10 23:59:59.999,8106865.0092
2024-05-11,1.16,1.187,1.127,1.133,4384911.2,2024-05-11 23:59:59.999,5099337.5343
2024-05-12,1.133,1.16,1.115,1.117,3750988.9,2024-05-12 23:59:59.999,4267193.9413
2024-05-13,1.117,1.152,1.058,1.123,8127726.2,2024-05-13 23:59:59.999,9026757.4274
2024-05-14,1.124,1.135,1.088,1.092,6314318.2,2024-05-14 23:59:59.999,7029041.1544
2024-05-15,1.092,1.171,1.08,1.163,6798648.8,2024-05-15 23:59:59.999,7677258.758
2024-05-16,1.163,1.188,1.131,1.169,4326999.3,2024-05-16 23:59:59.999,5043007.0231
2024-05-17,1.17,1.238,1.156,1.204,4608951.7,2024-05-17 23:59:59.999,5542957.0163
2024-05-18,1.205,1.218,1.176,1.195,2786951.2,2024-05-18 23:59:59.999,3346811.1981
2024-05-19,1.196,1.206,1.138,1.148,3744662.5,2024-05-19 23:59:59.999,4388881.5134
2024-05-20,1.148,1.266,1.126,1.258,7423453.0,2024-05-20 23:59:59.999,8958489.9582
2024-05-21,1.258,1.317,1.244,1.282,6756910.8,2024-05-21 23:59:59.999,8664859.4398
2024-05-22,1.281,1.31,1.249,1.279,5997372.8,2024-05-22 23:59:59.999,7684606.7879
2024-05-23,1.278,1.305,1.15,1.243,11720192.6,2024-05-23 23:59:59.999,14503022.5996
2024-05-24,1.243,1.284,1.201,1.283,5488604.8,2024-05-24 23:59:59.999,6821559.1351
2024-05-25,1.284,1.351,1.279,1.32,6688457.2,2024-05-25 23:59:59.999,8782358.3942
2024-05-26,1.32,1.327,1.276,1.29,2997994.7,2024-05-26 23:59:59.999,3897784.6942
2024-05-27,1.29,1.338,1.278,1.305,4227182.0,2024-05-27 23:59:59.999,5529539.4707
2024-05-28,1.306,1.313,1.256,1.283,5243668.6,2024-05-28 23:59:59.999,6733884.5743
2024-05-29,1.283,1.325,1.271,1.285,4297897.1,2024-05-29 23:59:59.999,5593174.7619
2024-05-30,1.285,1.321,1.233,1.289,4553220.2,2024-05-30 23:59:59.999,5845723.9263
2024-05-31,1.289,1.727,1.262,1.61,149629817.2,2024-05-31 23:59:59.999,234458024.3105
2024-06-01,1.61,1.724,1.513,1.56,128395680.2,2024-06-01 23:59:59.999,205261814.9253
2024-06-02,1.561,1.682,1.546,1.658,43864088.2,2024-06-02 23:59:59.999,70400723.3748
2024-06-03,1.658,2.788,1.658,2.358,423199563.7,2024-06-03 23:59:59.999,1034460116.8038
2024-06-04,2.357,2.382,2.094,2.177,122711864.3,2024-06-04 23:59:59.999,274985953.1662
2024-06-05,2.177,2.326,2.106,2.184,77290827.3,2024-06-05 23:59:59.999,169170123.3103
2024-06-06,2.184,2.267,2.037,2.079,44142885.2,2024-06-06 23:59:59.999,93445340.8179
2024-06-07,2.079,2.113,1.598,1.818,57026467.9,2024-06-07 23:59:59.999,110037424.9374
2024-06-08,1.819,1.837,1.709,1.73,24796554.1,2024-06-08 23:59:59.999,44006278.1041
2024-06-09,1.73,1.744,1.687,1.698,16467165.5,2024-06-09 23:59:59.999,28160659.9959
2024-06-10,1.697,1.698,1.581,1.59,20118363.8,2024-06-10 23:59:59.999,33107650.1101
2024-06-11,1.59,1.609,1.483,1.528,25376636.8,2024-06-11 23:59:59.999,39407271.6683
2024-06-12,1.528,1.597,1.485,1.528,18761851.7,2024-06-12 23:59:59.999,28834385.3588
2024-06-13,1.527,1.547,1.427,1.481,16704811.7,2024-06-13 23:59:59.999,24952792.9013
2024-06-14,1.481,1.543,1.356,1.401,23138634.0,2024-06-14 23:59:59.999,33859510.2378
2024-06-15,1.401,1.472,1.376,1.396,13192990.4,2024-06-15 23:59:59.999,18840771.9534
2024-06-16,1.396,1.43,1.371,1.394,11479498.4,2024-06-16 23:59:59.999,16102205.3781
2024-06-17,1.393,1.411,1.2,1.244,23217977.6,2024-06-17 23:59:59.999,30234032.4977
2024-06-18,1.244,1.251,1.016,1.116,27937356.0,2024-06-18 23:59:59.999,31304383.3945
2024-06-19,1.116,1.177,1.101,1.154,14868967.8,2024-06-19 23:59:59.999,17029259.2423
2024-06-20,1.154,1.213,1.143,1.169,13204283.8,2024-06-20 23:59:59.999,15528052.0059
2024-06-21,1.168,1.26,1.155,1.189,21073107.9,2024-06-21 23:59:59.999,25427251.7921
2024-06-22,1.188,1.189,1.146,1.151,7225505.1,2024-06-22 23:59:59.999,8422307.4608
2024-06-23,1.152,1.17,1.079,1.1,8786161.6,2024-06-23 23:59:59.999,9902419.0877
2024-06-24,1.1,1.14,1.03,1.13,16250192.7,2024-06-24 23:59:59.999,17872958.9561
2024-06-25,1.13,1.196,1.113,1.152,8733114.5,2024-06-25 23:59:59.999,10045012.0813
2024-06-26,1.152,1.175,1.104,1.113,7544265.6,2024-06-26 23:59:59.999,8581200.808
2024-06-27,1.114,1.165,1.097,1.146,7188220.3,2024-06-27 23:59:59.999,8106793.746
2024-06-28,1.145,1.158,1.087,1.091,8134608.2,2024-06-28 23:59:59.999,9169876.3497
2024-06-29,1.09,1.103,1.048,1.065,5560505.1,2024-06-29 23:59:59.999,5993035.8381
2024-06-30,1.065,1.116,1.046,1.11,5846218.4,2024-06-30 23:59:59.999,6299758.7557
2024-07-01,1.111,1.141,1.095,1.102,7191721.7,2024-07-01 23:59:59.999,8037036.2733
2024-07-02,1.101,1.132,1.08,1.107,6904621.0,2024-07-02 23:59:59.999,7619856.8363
2024-07-03,1.107,1.114,1.053,1.058,8308559.4,2024-07-03 23:59:59.999,8964627.6519
2024-07-04,1.058,1.065,0.891,0.902,15744734.8,2024-07-04 23:59:59.999,15294586.3392
2024-07-05,0.901,0.903,0.768,0.881,28441877.9,2024-07-05 23:59:59.999,24003069.1433
2024-07-06,0.881,1.002,0.878,0.991,10410518.1,2024-07-06 23:59:59.999,9724503.851
2024-07-07,0.991,0.995,0.918,0.925,11420981.3,2024-07-07 23:59:59.999,10987004.3142
2024-07-08,0.926,0.988,0.886,0.912,16777577.6,2024-07-08 23:59:59.999,15601339.69
2024-07-09,0.912,0.952,0.903,0.939,7964999.2,2024-07-09 23:59:59.999,7396467.4017
2024-07-10,0.939,0.977,0.929,0.958,7186586.3,2024-07-10 23:59:59.999,6841665.886
2024-07-11,0.958,0.99,0.927,0.935,7998562.8,2024-07-11 23:59:59.999,7635506.3604
2024-07-12,0.935,0.953,0.911,0.951,7342382.3,2024-07-12 23:59:59.999,6870750.9601
2024-07-13,0.952,0.959,0.929,0.947,4839213.5,2024-07-13 23:59:59.999,4557420.181
2024-07-14,0.947,1.086,0.937,1.025,24288736.8,2024-07-14 23:59:59.999,24603180.9336
2024-07-15,1.025,1.126,1.004,1.084,49109889.6,2024-07-15 23:59:59.999,52715451.9129
2024-07-16,1.085,1.112,1.032,1.105,21510921.5,2024-07-16 23:59:59.999,23067459.4556
2024-07-17,1.104,1.382,1.104,1.357,50599844.0,2024-07-17 23:59:59.999,62672872.4224
2024-07-18,1.356,1.585,1.302,1.341,232697709.0,2024-07-18 23:59:59.999,331881351.6739
2024-07-19,1.341,1.382,1.274,1.34,66311125.0,2024-07-19 23:59:59.999,88014228.7976
2024-07-20,1.34,1.35,1.291,1.301,24402481.3,2024-07-20 23:59:59.999,32321381.0627
2024-07-21,1.302,1.32,1.204,1.277,21762653.0,2024-07-21 23:59:59.999,27750050.727
2024-07-22,1.277,1.282,1.189,1.199,16668134.4,2024-07-22 23:59:59.999,20666383.2937
2024-07-23,1.2,1.24,1.154,1.172,20174534.2,2024-07-23 23:59:59.999,24246142.3538
2024-07-24,1.171,1.208,1.12,1.133,14167556.1,2024-07-24 23:59:59.999,16566200.2973
2024-07-25,1.133,1.138,1.047,1.107,24048256.0,2024-07-25 23:59:59.999,26118205.4553
2024-07-26,1.107,1.153,1.101,1.144,13016491.9,2024-07-26 23:59:59.999,14652975.5227
2024-07-27,1.143,1.181,1.128,1.154,12855351.4,2024-07-27 23:59:59.999,14778763.957
2024-07-28,1.154,1.165,1.107,1.117,7414048.5,2024-07-28 23:59:59.999,8419590.8169
2024-07-29,1.118,1.192,1.117,1.129,13160054.7,2024-07-29 23:59:59.999,15171869.2843
2024-07-30,1.129,1.139,1.081,1.104,10337518.4,2024-07-30 23:59:59.999,11559062.7849
2024-07-31,1.105,1.153,1.099,1.107,12332455.9,2024-07-31 23:59:59.999,13908641.868
2024-08-01,1.107,1.128,0.975,1.079,24348071.1,2024-08-01 23:59:59.999,25559123.9263
2024-08-02,1.079,1.086,0.983,0.998,17720591.6,2024-08-02 23:59:59.999,18282250.2561
2024-08-03,0.998,1.007,0.885,0.919,14657955.2,2024-08-03 23:59:59.999,13836506.9126
2024-08-04,0.92,0.949,0.841,0.887,15647195.8,2024-08-04 23:59:59.999,14075223.8549
2024-08-05,0.887,0.895,0.697,0.803,68412293.7,2024-08-05 23:59:59.999,53237844.5665
2024-08-06,0.803,0.871,0.801,0.847,20294548.8,2024-08-06 23:59:59.999,17183918.6266
2024-08-07,0.848,0.884,0.812,0.826,15109933.9,2024-08-07 23:59:59.999,12849610.2542
2024-08-08,0.826,0.918,0.811,0.916,13187939.9,2024-08-08 23:59:59.999,11483303.5303
2024-08-09,0.915,0.918,0.883,0.911,8406218.6,2024-08-09 23:59:59.999,7580736.4473
2024-08-10,0.91,0.937,0.897,0.919,7618352.9,2024-08-10 23:59:59.999,6993465.7205
2024-08-11,0.92,0.945,0.855,0.862,9083529.3,2024-08-11 23:59:59.999,8171931.6991
2024-08-12,0.862,0.934,0.861,0.918,11352261.4,2024-08-12 23:59:59.999,10231515.0869
2024-08-13,0.918,0.93,0.881,0.919,7699073.6,2024-08-13 23:59:59.999,6974441.1281
2024-08-14,0.918,0.933,0.879,0.907,7073049.5,2024-08-14 23:59:59.999,6408713.4708
2024-08-15,0.907,0.917,0.842,0.867,8667007.7,2024-08-15 23:59:59.999,7644805.6939
2024-08-16,0.868,0.892,0.842,0.876,7631884.9,2024-08-16 23:59:59.999,6633874.1543
2024-08-17,0.876,0.929,0.863,0.919,9051227.7,2024-08-17 23:59:59.999,8078153.6137
2024-08-18,0.919,1.189,0.904,1.029,118060809.8,2024-08-18 23:59:59.999,124012713.1374
2024-08-19,1.028,1.101,0.993,1.022,85443525.7,2024-08-19 23:59:59.999,88158467.0653
2024-08-20,1.022,1.191,1.022,1.142,73276521.1,2024-08-20 23:59:59.999,81682666.6261
2024-08-21,1.143,1.169,1.11,1.154,29635742.5,2024-08-21 23:59:59.999,33812507.2094
2024-08-22,1.154,1.162,1.106,1.156,16338816.3,2024-08-22 23:59:59.999,18426627.6839
2024-08-23,1.157,1.234,1.155,1.208,15073627.3,2024-08-23 23:59:59.999,17973459.0692
2024-08-24,1.208,1.246,1.176,1.203,9253984.8,2024-08-24 23:59:59.999,11209716.5679
2024-08-25,1.203,1.21,1.148,1.166,7814825.9,2024-08-25 23:59:59.999,9191181.6053
2024-08-26,1.167,1.177,1.086,1.095,9867927.4,2024-08-26 23:59:59.999,11146141.6364
2024-08-27,1.095,1.129,0.997,1.014,10363459.9,2024-08-27 23:59:59.999,11049236.9426
2024-08-28,1.015,1.07,0.974,1.006,9726814.7,2024-08-28 23:59:59.999,9893980.2184
2024-08-29,1.005,1.053,0.988,1.013,7354085.7,2024-08-29 23:59:59.999,7502086.4149
2024-08-30,1.014,1.021,0.942,1.0,8092938.1,2024-08-30 23:59:59.999,7995748.8209
2024-08-31,1.0,1.009,0.96,0.971,4005550.7,2024-08-31 23:59:59.999,3936216.6176
2024-09-01,0.97,0.974,0.906,0.916,8742048.7,2024-09-01 23:59:59.999,8226495.77
2024-09-02,0.916,0.981,0.915,0.975,7665563.5,2024-09-02 23:59:59.999,7258520.7794
2024-09-03,0.974,0.987,0.91,0.911,16915696.4,2024-09-03 23:59:59.999,16212520.705
2024-09-04,0.912,0.964,0.859,0.946,10815364.6,2024-09-04 23:59:59.999,9915061.9278
2024-09-05,0.945,0.952,0.908,0.917,6761865.5,2024-09-05 23:59:59.999,6296684.8709
2024-09-06,0.917,0.942,0.847,0.88,13655314.3,2024-09-06 23:59:59.999,12268594.9491
2024-09-07,0.88,0.972,0.871,0.947,16214064.5,2024-09-07 23:59:59.999,15162750.8066
2024-09-08,0.947,1.018,0.935,0.954,27185540.7,2024-09-08 23:59:59.999,26397638.7223
2024-09-09,0.955,0.999,0.946,0.987,13797825.1,2024-09-09 23:59:59.999,13364065.4637
2024-09-10,0.987,1.013,0.969,0.998,5794392.7,2024-09-10 23:59:59.999,5741716.2626
2024-09-11,0.999,1.003,0.951,0.985,8937936.0,2024-09-11 23:59:59.999,8715206.1914
2024-09-12,0.984,1.008,0.975,0.995,5664133.6,2024-09-12 23:59:59.999,5618070.5579
2024-09-13,0.995,1.046,0.975,1.032,6292863.6,2024-09-13 23:59:59.999,6318483.4857
2024-09-14,1.032,1.034,0.998,1.005,4008606.7,2024-09-14 23:59:59.999,4060070.33
2024-09-15,1.005,1.028,0.948,0.96,6107012.8,2024-09-15 23:59:59.999,6091371.9447
2024-09-16,0.96,0.972,0.911,0.923,8487010.6,2024-09-16 23:59:59.999,8007554.4082
2024-09-17,0.923,0.979,0.915,0.961,6517783.7,2024-09-17 23:59:59.999,6215217.8709
2024-09-18,0.96,1.02,0.928,1.018,9442894.1,2024-09-18 23:59:59.999,9140706.7119
2024-09-19,1.019,1.077,1.019,1.061,9358147.8,2024-09-19 23:59:59.999,9830009.8254
2024-09-20,1.06,1.11,1.05,1.084,8653635.9,2024-09-20 23:59:59.999,9335820.8483
2024-09-21,1.085,1.188,1.062,1.144,12813153.3,2024-09-21 23:59:59.999,14468384.746
2024-09-22,1.144,1.145,1.07,1.101,12116472.4,2024-09-22 23:59:59.999,13460926.7172
2024-09-23,1.1,1.158,1.073,1.116,8984906.9,2024-09-23 23:59:59.999,10131176.8479
2024-09-24,1.117,1.152,1.09,1.144,8770985.1,2024-09-24 23:59:59.999,9826581.896
2024-09-25,1.144,1.163,1.097,1.105,6968561.3,2024-09-25 23:59:59.999,7898001.7932
2024-09-26,1.104,1.164,1.076,1.141,10369037.0,2024-09-26 23:59:59.999,11697013.2781
2024-09-27,1.14,1.208,1.129,1.192,13103659.5,2024-09-27 23:59:59.999,15361994.2076
2024-09-28,1.193,1.218,1.121,1.144,9473249.1,2024-09-28 23:59:59.999,10928472.8013
2024-09-29,1.144,1.198,1.11,1.181,9313390.2,2024-09-29 23:59:59.999,10723328.1033
2024-09-30,1.181,1.208,1.084,1.098,10935647.5,2024-09-30 23:59:59.999,12543692.8244
2024-10-01,1.097,1.146,0.943,0.966,18184410.7,2024-10-01 23:59:59.999,18609041.8635
2024-10-02,0.966,1.007,0.905,0.928,11775978.7,2024-10-02 23:59:59.999,11309696.2954
2024-10-03,0.928,0.96,0.893,0.921,11975328.1,2024-10-03 23:59:59.999,11085334.0886
2024-10-04,0.922,0.987,0.919,0.969,10325315.5,2024-10-04 23:59:59.999,9958552.3753
2024-10-05,0.969,0.988,0.951,0.969,5457141.9,2024-10-05 23:59:59.999,5311393.9299
2024-10-06,0.969,1.01,0.959,1.003,5316899.3,2024-10-06 23:59:59.999,5239005.3118
2024-10-07,1.004,1.031,0.98,1.006,8233930.3,2024-10-07 23:59:59.999,8331434.1795
2024-10-08,1.007,1.033,0.99,1.003,6822364.7,2024-10-08 23:59:59.999,6893489.9818
2024-10-09,1.003,1.021,0.943,0.964,5915036.1,2024-10-09 23:59:59.999,5815621.3182
2024-10-10,0.965,0.985,0.927,0.97,6540343.2,2024-10-10 23:59:59.999,6256087.1267
2024-10-11,0.97,1.026,0.96,1.018,6256012.4,2024-10-11 23:59:59.999,6248037.6821
2024-10-12,1.019,1.059,1.01,1.04,4287389.5,2024-10-12 23:59:59.999,4447615.3061
2024-10-13,1.041,1.059,1.006,1.042,5269639.1,2024-10-13 23:59:59.999,5455528.5272
2024-10-14,1.043,1.134,1.028,1.117,7918982.9,2024-10-14 23:59:59.999,8656275.7435
2024-10-15,1.117,1.133,1.057,1.102,9397875.1,2024-10-15 23:59:59.999,10328049.2399
2024-10-16,1.103,1.112,1.053,1.064,5110472.7,2024-10-16 23:59:59.999,5513138.1603
2024-10-17,1.064,1.079,1.016,1.049,4796997.9,2024-10-17 23:59:59.999,4992362.0344
2024-10-18,1.049,1.179,1.041,1.16,6847184.4,2024-10-18 23:59:59.999,7414415.7203
2024-10-19,1.16,1.174,1.101,1.139,14078418.4,2024-10-19 23:59:59.999,16033312.9644
2024-10-20,1.139,1.415,1.116,1.234,46467543.1,2024-10-20 23:59:59.999,59354003.995
2024-10-21,1.235,1.259,1.181,1.191,14282463.9,2024-10-21 23:59:59.999,17427737.672
2024-10-22,1.191,1.251,1.141,1.242,11365657.5,2024-10-22 23:59:59.999,13484917.5627
2024-10-23,1.241,1.246,1.1,1.138,10820083.3,2024-10-23 23:59:59.999,12661104.8147
2024-10-24,1.139,1.159,1.112,1.126,6211279.5,2024-10-24 23:59:59.999,7050609.0151
2024-10-25,1.125,1.145,0.961,1.009,12425996.4,2024-10-25 23:59:59.999,13371972.0638
2024-10-26,1.01,1.042,0.983,1.028,6698315.8,2024-10-26 23:59:59.999,6801553.215
2024-10-27,1.027,1.058,1.002,1.048,4440814.8,2024-10-27 23:59:59.999,4546764.8181
2024-10-28,1.047,1.055,0.988,1.05,6039022.1,2024-10-28 23:59:59.999,6176442.6553
2024-10-29,1.05,1.118,1.044,1.11,6191346.3,2024-10-29 23:59:59.999,6724369.3223
2024-10-30,1.11,1.131,1.087,1.105,6895986.3,2024-10-30 23:59:59.999,7659541.4683
2024-10-31,1.104,1.109,1.023,1.042,6755219.4,2024-10-31 23:59:59.999,7177927.292
2024-11-01,1.042,1.062,0.987,0.993,8681440.8,2024-11-01 23:59:59.999,8851911.4658
2024-11-02,0.993,1.015,0.963,0.972,5840816.7,2024-11-02 23:59:59.999,5758705.1041
2024-11-03,0.972,0.976,0.888,0.924,10472978.3,2024-11-03 23:59:59.999,9653915.6377
2024-11-04,0.924,0.942,0.873,0.905,10052027.8,2024-11-04 23:59:59.999,9210450.0167
2024-11-05,0.905,0.966,0.904,0.942,9015955.7,2024-11-05 23:59:59.999,8446783.128
2024-11-06,0.942,1.079,0.938,1.062,13601492.1,2024-11-06 23:59:59.999,13909634.1424
2024-11-07,1.062,1.091,1.042,1.07,8353849.5,2024-11-07 23:59:59.999,8936677.0116
2024-11-08,1.071,1.091,1.042,1.081,8388792.2,2024-11-08 23:59:59.999,8952792.3266
2024-11-09,1.081,1.141,1.065,1.134,9958613.7,2024-11-09 23:59:59.999,11045257.5228
2024-11-10,1.135,1.207,1.09,1.161,19499704.4,2024-11-10 23:59:59.999,22634441.7818
2024-11-11,1.161,1.264,1.134,1.242,30430496.2,2024-11-11 23:59:59.999,36521582.471
2024-11-12,1.241,1.286,1.067,1.136,30686825.5,2024-11-12 23:59:59.999,35423485.6592
2024-11-13,1.136,1.164,1.035,1.109,25568878.3,2024-11-13 23:59:59.999,28103138.3364
2024-11-14,1.11,1.162,1.057,1.079,19192483.7,2024-11-14 23:59:59.999,21336076.3993
2024-11-15,1.078,1.161,1.044,1.154,15916728.0,2024-11-15 23:59:59.999,17467369.8003
2024-11-16,1.155,1.328,1.152,1.307,21007009.9,2024-11-16 23:59:59.999,25902498.3938
2024-11-17,1.307,1.316,1.221,1.258,16062619.8,2024-11-17 23:59:59.999,20353222.6155
2024-11-18,1.257,1.521,1.254,1.312,47296184.7,2024-11-18 23:59:59.999,65250912.1893
2024-11-19,1.311,1.324,1.2,1.235,15370803.1,2024-11-19 23:59:59.999,19523538.8286
2024-11-20,1.234,1.235,1.132,1.17,15710665.7,2024-11-20 23:59:59.999,18757269.8753
2024-11-21,1.17,1.252,1.124,1.232,16540460.0,2024-11-21 23:59:59.999,19892407.6826
2024-11-22,1.232,1.28,1.17,1.276,15745886.1,2024-11-22 23:59:59.999,19130909.61
2024-11-23,1.277,1.382,1.261,1.37,18493689.6,2024-11-23 23:59:59.999,24479156.4362
2024-11-24,1.369,1.601,1.325,1.508,36549380.9,2024-11-24 23:59:59.999,53238727.4577
2024-11-25,1.508,1.532,1.353,1.393,28241028.9,2024-11-25 23:59:59.999,41236023.541
2024-11-26,1.392,1.481,1.294,1.363,20129473.2,2024-11-26 23:59:59.999,27642949.1577
2024-11-27,1.364,1.479,1.335,1.468,12136027.3,2024-11-27 23:59:59.999,17206708.3797
2024-11-28,1.469,1.525,1.409,1.497,12285329.9,2024-11-28 23:59:59.999,18006671.0046
2024-11-29,1.497,1.541,1.438,1.527,10233051.5,2024-11-29 23:59:59.999,15229556.1892
2024-11-30,1.526,1.638,1.494,1.589,11427970.3,2024-11-30 23:59:59.999,17927434.965
2024-12-01,1.59,1.629,1.53,1.584,11683195.9,2024-12-01 23:59:59.999,18559100.6043
2024-12-02,1.584,1.702,1.455,1.691,20753644.6,2024-12-02 23:59:59.999,32079022.4191
2024-12-03,1.691,1.82,1.573,1.805,21224599.6,2024-12-03 23:59:59.999,36155417.1218
2024-12-04,1.806,1.915,1.756,1.818,19034427.9,2024-12-04 23:59:59.999,34790716.1017
2024-12-05,1.818,1.866,1.719,1.799,15722316.3,2024-12-05 23:59:59.999,28464273.9782
2024-12-06,1.799,1.907,1.741,1.866,11525235.1,2024-12-06 23:59:59.999,21213734.0971
2024-12-07,1.866,1.913,1.813,1.838,7477168.2,2024-12-07 23:59:59.999,13886050.8547
2024-12-08,1.839,1.924,1.769,1.872,10649211.1,2024-12-08 23:59:59.999,19605008.905
2024-12-09,1.873,1.883,1.199,1.462,33564344.6,2024-12-09 23:59:59.999,52266967.8244
2024-12-10,1.463,1.487,1.251,1.397,24005214.1,2024-12-10 23:59:59.999,33049571.5169
2024-12-11,1.397,1.577,1.347,1.561,12898863.6,2024-12-11 23:59:59.999,18902454.6332
2024-12-12,1.562,1.667,1.544,1.622,14958790.0,2024-12-12 23:59:59.999,24278421.1129
2024-12-13,1.622,1.636,1.558,1.618,13149183.4,2024-12-13 23:59:59.999,21073587.362
2024-12-14,1.618,1.634,1.478,1.514,9414362.5,2024-12-14 23:59:59.999,14621290.2085
2024-12-15,1.514,1.588,1.456,1.584,10379983.4,2024-12-15 23:59:59.999,15807582.2804
2024-12-16,1.585,1.636,1.462,1.502,13034056.6,2024-12-16 23:59:59.999,20011185.1445
2024-12-17,1.502,1.507,1.367,1.388,13001829.3,2024-12-17 23:59:59.999,18772827.8287
2024-12-18,1.389,1.4,1.202,1.236,25196261.3,2024-12-18 23:59:59.999,33140580.2949
2024-12-19,1.235,1.252,1.057,1.1,37615769.4,2024-12-19 23:59:59.999,43329054.9087
2024-12-20,1.101,1.176,0.958,1.167,33623801.2,2024-12-20 23:59:59.999,35679090.353
2024-12-21,1.167,1.228,1.085,1.104,15386466.1,2024-12-21 23:59:59.999,17684345.217
2024-12-22,1.104,1.14,1.056,1.095,12369806.2,2024-12-22 23:59:59.999,13648925.1072
2024-12-23,1.095,1.207,1.065,1.18,15880971.1,2024-12-23 23:59:59.999,17892225.415
2024-12-24,1.18,1.254,1.152,1.221,9805414.4,2024-12-24 23:59:59.999,11778326.5999
2024-12-25,1.221,1.245,1.179,1.202,8630400.4,2024-12-25 23:59:59.999,10433128.6944
2024-12-26,1.201,1.216,1.102,1.123,10651244.2,2024-12-26 23:59:59.999,12168794.7662
2024-12-27,1.123,1.191,1.113,1.14,11963891.2,2024-12-27 23:59:59.999,13690452.1879
2024-12-28,1.14,1.221,1.135,1.209,9454500.5,2024-12-28 23:59:59.999,11078994.162
2024-12-29,1.209,1.219,1.128,1.143,8520690.1,2024-12-29 23:59:59.999,10080492.1031
2024-12-30,1.142,1.192,1.101,1.148,13979284.3,2024-12-30 23:59:59.999,15999789.5217
2024-12-31,1.147,1.161,1.097,1.107,8490683.8,2024-12-31 23:59:59.999,9558551.5133
2025-01-01,1.107,1.161,1.08,1.152,6912344.6,2025-01-01 23:59:59.999,7731957.2902
2025-01-02,1.152,1.207,1.151,1.177,6559504.1,2025-01-02 23:59:59.999,7728104.1863
2025-01-03,1.177,1.272,1.155,1.262,8094253.4,2025-01-03 23:59:59.999,9808909.0658
2025-01-04,1.263,1.299,1.24,1.279,8055876.8,2025-01-04 23:59:59.999,10223776.8668
2025-01-05,1.279,1.291,1.243,1.286,6203579.8,2025-01-05 23:59:59.999,7863079.2185
2025-01-06,1.285,1.344,1.258,1.306,9916081.7,2025-01-06 23:59:59.999,12853775.4937
2025-01-07,1.305,1.315,1.142,1.146,14128357.1,2025-01-07 23:59:59.999,17236691.6428
2025-01-08,1.146,1.161,1.06,1.114,12118195.3,2025-01-08 23:59:59.999,13511338.9636
2025-01-09,1.114,1.132,1.066,1.099,10193471.9,2025-01-09 23:59:59.999,11207703.8173
2025-01-10,1.099,1.131,1.077,1.116,9108081.5,2025-01-10 23:59:59.999,10072868.717
2025-01-11,1.116,1.136,1.089,1.112,4180470.7,2025-01-11 23:59:59.999,4638297.9861
2025-01-12,1.112,1.118,1.073,1.088,4396261.6,2025-01-12 23:59:59.999,4818054.0128
2025-01-13,1.088,1.12,0.966,1.045,15511449.7,2025-01-13 23:59:59.999,15791611.5675
2025-01-14,1.045,1.112,1.038,1.107,8060376.0,2025-01-14 23:59:59.999,8647534.2865
2025-01-15,1.107,1.169,1.075,1.167,10452178.0,2025-01-15 23:59:59.999,11717635.1571
2025-01-16,1.166,1.173,1.121,1.145,8750879.6,2025-01-16 23:59:59.999,10063025.6773
2025-01-17,1.145,1.259,1.143,1.252,7115957.1,2025-01-17 23:59:59.999,8540518.5663
2025-01-18,1.253,1.266,1.125,1.151,10454406.0,2025-01-18 23:59:59.999,12178677.6439
2025-01-19,1.152,1.189,1.036,1.054,20078205.5,2025-01-19 23:59:59.999,22248828.3795
2025-01-20,1.055,1.144,1.0,1.044,26613518.8,2025-01-20 23:59:59.999,28208353.0819
2025-01-21,1.044,1.107,0.989,1.076,12117427.7,2025-01-21 23:59:59.999,12669676.1107
2025-01-22,1.076,1.085,1.031,1.035,6215725.8,2025-01-22 23:59:59.999,6614008.5229
2025-01-23,1.034,1.045,0.991,1.029,14503105.0,2025-01-23 23:59:59.999,14775424.8093
2025-01-24,1.028,1.052,0.994,1.0,7907762.0,2025-01-24 23:59:59.999,8100335.4257
2025-01-25,1.0,1.015,0.982,1.002,4822785.4,2025-01-25 23:59:59.999,4824012.4296
2025-01-26,1.002,1.038,0.978,0.98,5703495.0,2025-01-26 23:59:59.999,5774853.1767
2025-01-27,0.979,0.98,0.864,0.955,15799769.3,2025-01-27 23:59:59.999,14485071.3899
2025-01-28,0.955,0.962,0.863,0.874,8203585.1,2025-01-28 23:59:59.999,7571218.7351
2025-01-29,0.873,0.945,0.867,0.911,8210609.3,2025-01-29 23:59:59.999,7437027.9112
2025-01-30,0.911,0.974,0.901,0.956,7637906.9,2025-01-30 23:59:59.999,7209311.9702
2025-01-31,0.955,0.994,0.938,0.961,7409894.2,2025-01-31 23:59:59.999,7143468.1476
2025-02-01,0.962,0.98,0.876,0.884,7550046.9,2025-02-01 23:59:59.999,7118512.9724
2025-02-02,0.884,0.908,0.692,0.756,23295547.0,2025-02-02 23:59:59.999,18767625.2659
2025-02-03,0.755,0.755,0.52,0.741,51225280.8,2025-02-03 23:59:59.999,33526583.1574
2025-02-04,0.741,0.747,0.66,0.701,22840778.6,2025-02-04 23:59:59.999,15911338.4347
2025-02-05,0.701,0.717,0.674,0.687,13859705.3,2025-02-05 23:59:59.999,9662345.3317
2025-02-06,0.686,0.702,0.641,0.65,20413455.5,2025-02-06 23:59:59.999,13579386.1208
2025-02-07,0.651,0.709,0.646,0.667,16560642.9,2025-02-07 23:59:59.999,11185213.2153
2025-02-08,0.668,0.719,0.654,0.709,13971247.8,2025-02-08 23:59:59.999,9534483.5913
2025-02-09,0.709,0.726,0.663,0.697,9108481.7,2025-02-09 23:59:59.999,6377578.2795
2025-02-10,0.697,0.745,0.668,0.723,11477012.3,2025-02-10 23:59:59.999,8123538.3426
2025-02-11,0.722,0.766,0.712,0.735,9240871.6,2025-02-11 23:59:59.999,6793885.8638
2025-02-12,0.734,0.804,0.704,0.796,12295142.4,2025-02-12 23:59:59.999,9181942.8353
2025-02-13,0.796,0.807,0.737,0.764,9184325.4,2025-02-13 23:59:59.999,7028605.0806
2025-02-14,0.764,0.794,0.755,0.782,5773318.5,2025-02-14 23:59:59.999,4459363.7456
2025-02-15,0.782,0.788,0.741,0.751,4494234.6,2025-02-15 23:59:59.999,3433029.591
2025-02-16,0.751,0.77,0.739,0.748,4579521.1,2025-02-16 23:59:59.999,3452562.2337
2025-02-17,0.749,0.791,0.73,0.745,8858616.7,2025-02-17 23:59:59.999,6713219.6726
2025-02-18,0.745,0.749,0.662,0.69,9477821.2,2025-02-18 23:59:59.999,6629436.7632
2025-02-19,0.69,0.715,0.68,0.709,6566271.9,2025-02-19 23:59:59.999,4598408.828
2025-02-20,0.708,0.744,0.707,0.739,7372213.6,2025-02-20 23:59:59.999,5340993.8304
2025-02-21,0.74,0.779,0.696,0.71,9343187.8,2025-02-21 23:59:59.999,6914824.3002
2025-02-22,0.71,0.76,0.695,0.755,6728873.3,2025-02-22 23:59:59.999,4877300.2795
2025-02-23,0.755,0.762,0.717,0.726,5911460.1,2025-02-23 23:59:59.999,4375091.4392
2025-02-24,0.725,0.732,0.601,0.624,13965553.2,2025-02-24 23:59:59.999,9353600.3115
2025-02-25,0.623,0.65,0.574,0.64,18612867.5,2025-02-25 23:59:59.999,11375081.4235
2025-02-26,0.639,0.659,0.616,0.653,14271037.4,2025-02-26 23:59:59.999,9117749.8797
2025-02-27,0.653,0.668,0.636,0.657,8809065.0,2025-02-27 23:59:59.999,5769198.5486
2025-02-28,0.656,0.658,0.594,0.647,20507007.7,2025-02-28 23:59:59.999,12733684.222
2025-03-01,0.647,0.653,0.615,0.633,8169549.3,2025-03-01 23:59:59.999,5169398.8248
2025-03-02,0.634,0.715,0.627,0.713,16756197.6,2025-03-02 23:59:59.999,11203355.559
2025-03-03,0.714,0.719,0.584,0.593,21460248.3,2025-03-03 23:59:59.999,13876411.9029
2025-03-04,0.593,0.597,0.521,0.568,23631027.2,2025-03-04 23:59:59.999,13239322.6812
2025-03-05,0.567,0.596,0.561,0.593,13418144.2,2025-03-05 23:59:59.999,7726125.1337
2025-03-06,0.592,0.611,0.577,0.587,14616206.6,2025-03-06 23:59:59.999,8672764.7036
2025-03-07,0.587,0.61,0.554,0.579,20064435.1,2025-03-07 23:59:59.999,11778273.0758
2025-03-08,0.579,0.584,0.557,0.565,10163474.1,2025-03-08 23:59:59.999,5793265.8541
2025-03-09,0.565,0.569,0.5,0.507,16637510.2,2025-03-09 23:59:59.999,8785460.6725
2025-03-10,0.507,0.543,0.471,0.485,33215629.9,2025-03-10 23:59:59.999,16885860.7237
2025-03-11,0.485,0.522,0.44,0.51,32346963.3,2025-03-11 23:59:59.999,15688670.0628
2025-03-12,0.51,0.54,0.492,0.531,20424905.4,2025-03-12 23:59:59.999,10607249.6638
2025-03-13,0.531,0.541,0.506,0.525,19332652.1,2025-03-13 23:59:59.999,10097603.7494
2025-03-14,0.524,0.556,0.523,0.544,13015366.1,2025-03-14 23:59:59.999,7037697.601
2025-03-15,0.544,0.563,0.538,0.557,9427539.6,2025-03-15 23:59:59.999,5160667.7419
2025-03-16,0.556,0.559,0.522,0.527,13755827.3,2025-03-16 23:59:59.999,7417275.902
2025-03-17,0.528,0.566,0.527,0.557,14409116.5,2025-03-17 23:59:59.999,7955737.0233
2025-03-18,0.558,0.56,0.514,0.54,15972958.0,2025-03-18 23:59:59.999,8566767.898
2025-03-19,0.541,0.569,0.539,0.562,15992238.7,2025-03-19 23:59:59.999,8802177.9892
2025-03-20,0.562,0.566,0.525,0.527,13248156.2,2025-03-20 23:59:59.999,7207462.9143
2025-03-21,0.527,0.536,0.51,0.514,11513986.7,2025-03-21 23:59:59.999,6044863.2134
2025-03-22,0.514,0.537,0.513,0.522,9496283.6,2025-03-22 23:59:59.999,4988208.252
2025-03-23,0.522,0.539,0.509,0.519,8698772.1,2025-03-23 23:59:59.999,4550890.3819
2025-03-24,0.518,0.549,0.512,0.543,14563238.6,2025-03-24 23:59:59.999,7805513.7942
2025-03-25,0.542,0.551,0.532,0.545,14938741.8,2025-03-25 23:59:59.999,8109572.1819
2025-03-26,0.545,0.559,0.523,0.526,14138484.5,2025-03-26 23:59:59.999,7658032.9638
2025-03-27,0.526,0.547,0.515,0.519,12422527.7,2025-03-27 23:59:59.999,6558661.0777
2025-03-28,0.518,0.52,0.454,0.467,29220061.3,2025-03-28 23:59:59.999,13979235.0346
2025-03-29,0.467,0.472,0.432,0.444,20535267.0,2025-03-29 23:59:59.999,9207126.8415
2025-03-30,0.444,0.457,0.437,0.443,12200271.3,2025-03-30 23:59:59.999,5471742.4033
2025-03-31,0.443,0.454,0.428,0.449,16412298.2,2025-03-31 23:59:59.999,7285900.6989
2025-04-01,0.449,0.462,0.437,0.446,11890122.6,2025-04-01 23:59:59.999,5359202.2425
2025-04-02,0.445,0.447,0.395,0.401,22184169.7,2025-04-02 23:59:59.999,9455443.2727
2025-04-03,0.401,0.414,0.379,0.405,16100754.9,2025-04-03 23:59:59.999,6382335.2334
2025-04-04,0.405,0.416,0.394,0.41,18463500.2,2025-04-04 23:59:59.999,7514279.9754
2025-04-05,0.41,0.413,0.394,0.4,6382629.9,2025-04-05 23:59:59.999,2569227.1313
2025-04-06,0.4,0.407,0.345,0.357,20955899.0,2025-04-06 23:59:59.999,7759855.4801
2025-04-07,0.358,0.386,0.318,0.365,46465209.2,2025-04-07 23:59:59.999,16519747.6703
2025-04-08,0.366,0.381,0.347,0.35,21777810.0,2025-04-08 23:59:59.999,7902895.0174
2025-04-09,0.349,0.399,0.336,0.393,22446169.2,2025-04-09 23:59:59.999,8246324.9435
2025-04-10,0.394,0.395,0.368,0.382,14549920.0,2025-04-10 23:59:59.999,5559276.3121
2025-04-11,0.383,0.405,0.382,0.397,14471247.1,2025-04-11 23:59:59.999,5697956.4019
2025-04-12,0.397,0.419,0.395,0.417,13983017.6,2025-04-12 23:59:59.999,5730663.8794
2025-04-13,0.417,0.417,0.38,0.387,13282858.8,2025-04-13 23:59:59.999,5299567.2107
2025-04-14,0.386,0.523,0.385,0.456,185486438.7,2025-04-14 23:59:59.999,86022827.2577
2025-04-15,0.456,0.464,0.422,0.423,83186323.7,2025-04-15 23:59:59.999,36756564.5787
2025-04-16,0.424,0.434,0.394,0.403,39244838.3,2025-04-16 23:59:59.999,16170471.9396
2025-04-17,0.402,0.409,0.375,0.38,31052853.5,2025-04-17 23:59:59.999,12227318.1581
2025-04-18,0.38,0.387,0.371,0.381,21031128.9,2025-04-18 23:59:59.999,7978904.8924
2025-04-19,0.382,0.426,0.381,0.41,35589122.8,2025-04-19 23:59:59.999,14430782.6732
2025-04-20,0.411,0.452,0.405,0.42,39528517.5,2025-04-20 23:59:59.999,16609714.5111
2025-04-21,0.421,0.492,0.418,0.438,47302436.2,2025-04-21 23:59:59.999,21152966.6388
2025-04-22,0.438,0.459,0.421,0.458,18493789.6,2025-04-22 23:59:59.999,8110987.4982
2025-04-23,0.457,0.467,0.445,0.455,13668848.8,2025-04-23 23:59:59.999,6252978.5564
2025-04-24,0.455,0.466,0.437,0.465,11983655.4,2025-04-24 23:59:59.999,5425149.1381
2025-04-25,0.464,0.481,0.46,0.475,10833973.5,2025-04-25 23:59:59.999,5111339.5091
2025-04-26,0.475,0.495,0.469,0.481,9749267.5,2025-04-26 23:59:59.999,4704799.6564
2025-04-27,0.48,0.483,0.445,0.446,10139037.1,2025-04-27 23:59:59.999,4647021.4373
2025-04-28,0.446,0.484,0.436,0.48,12615393.5,2025-04-28 23:59:59.999,5887172.4788
2025-04-29,0.481,0.517,0.458,0.466,14838388.4,2025-04-29 23:59:59.999,7324290.002
2025-04-30,0.466,0.486,0.454,0.476,8659269.1,2025-04-30 23:59:59.999,4083675.8257
2025-05-01,0.475,0.503,0.475,0.479,8159535.2,2025-05-01 23:59:59.999,3984775.9105
2025-05-02,0.48,0.49,0.47,0.477,5153564.6,2025-05-02 23:59:59.999,2474481.5763
2025-05-03,0.477,0.481,0.423,0.429,11488327.7,2025-05-03 23:59:59.999,5144946.7383
2025-05-04,0.428,0.434,0.408,0.418,7154041.0,2025-05-04 23:59:59.999,3016108.3037
2025-05-05,0.418,0.428,0.395,0.4,9610667.3,2025-05-05 23:59:59.999,3948738.7584
2025-05-06,0.4,0.413,0.381,0.404,8825101.0,2025-05-06 23:59:59.999,3521894.2158
2025-05-07,0.403,0.416,0.39,0.401,14631332.0,2025-05-07 23:59:59.999,5891202.3598
2025-05-08,0.401,0.468,0.4,0.462,10420224.0,2025-05-08 23:59:59.999,4536731.8914
2025-05-09,0.462,0.514,0.46,0.513,14281444.2,2025-05-09 23:59:59.999,6990857.1622
2025-05-10,0.513,0.56,0.511,0.553,12939319.1,2025-05-10 23:59:59.999,6822241.5243
2025-05-11,0.552,0.559,0.524,0.543,11593694.4,2025-05-11 23:59:59.999,6288765.159
2025-05-12,0.542,0.572,0.517,0.549,16604250.9,2025-05-12 23:59:59.999,9161771.4564
2025-05-13,0.55,0.585,0.518,0.574,22203060.9,2025-05-13 23:59:59.999,12378289.4947
2025-05-14,0.574,0.591,0.536,0.543,13101196.0,2025-05-14 23:59:59.999,7370662.8079
2025-05-15,0.544,0.553,0.502,0.52,20367904.9,2025-05-15 23:59:59.999,10652736.7396
2025-05-16,0.52,0.535,0.493,0.501,10509934.7,2025-05-16 23:59:59.999,5472082.7465
2025-05-17,0.501,0.504,0.471,0.479,10913126.4,2025-05-17 23:59:59.999,5254324.0534
2025-05-18,0.479,0.521,0.465,0.5,14866834.2,2025-05-18 23:59:59.999,7345176.7165
2025-05-19,0.501,0.503,0.452,0.482,12984563.0,2025-05-19 23:59:59.999,6117205.8168
2025-05-20,0.482,0.497,0.465,0.488,12821852.7,2025-05-20 23:59:59.999,6176754.052
2025-05-21,0.489,0.512,0.474,0.5,14404903.8,2025-05-21 23:59:59.999,7078935.8646
2025-05-22,0.5,0.532,0.499,0.531,10694116.6,2025-05-22 23:59:59.999,5560350.9364
2025-05-23,0.531,0.542,0.472,0.475,15621533.7,2025-05-23 23:59:59.999,7964405.3185
2025-05-24,0.475,0.492,0.468,0.473,11558695.7,2025-05-24 23:59:59.999,5544880.117
2025-05-25,0.473,0.474,0.437,0.463,12609729.0,2025-05-25 23:59:59.999,5709949.3136
2025-05-26,0.463,0.472,0.454,0.461,15696899.2,2025-05-26 23:59:59.999,7270039.5975
2025-05-27,0.461,0.487,0.45,0.48,12704011.4,2025-05-27 23:59:59.999,5992301.9059
2025-05-28,0.48,0.492,0.461,0.481,19686623.2,2025-05-28 23:59:59.999,9372079.9271
2025-05-29,0.481,0.495,0.457,0.461,15313538.0,2025-05-29 23:59:59.999,7284723.0705
2025-05-30,0.46,0.463,0.387,0.391,25316018.5,2025-05-30 23:59:59.999,10754223.7147
2025-05-31,0.392,0.41,0.377,0.401,24069964.8,2025-05-31 23:59:59.999,9494477.7537
2025-06-01,0.4,0.411,0.388,0.407,23215996.6,2025-06-01 23:59:59.999,9315760.5453
2025-06-02,0.407,0.42,0.392,0.417,14814272.4,2025-06-02 23:59:59.999,5985802.7426
2025-06-03,0.417,0.432,0.413,0.421,18017918.3,2025-06-03 23:59:59.999,7637219.8716
2025-06-04,0.421,0.435,0.408,0.411,14637839.5,2025-06-04 23:59:59.999,6205311.1884
2025-06-05,0.41,0.421,0.38,0.388,18406575.7,2025-06-05 23:59:59.999,7445742.0286
2025-06-06,0.387,0.414,0.385,0.403,21520057.3,2025-06-06 23:59:59.999,8591774.5876
2025-06-07,0.403,0.441,0.402,0.416,30076624.4,2025-06-07 23:59:59.999,12748083.6882
2025-06-08,0.416,0.423,0.407,0.417,11842349.0,2025-06-08 23:59:59.999,4904882.4331
2025-06-09,0.418,0.446,0.406,0.445,9649461.6,2025-06-09 23:59:59.999,4071342.3388
2025-06-10,0.445,0.479,0.438,0.474,14517191.5,2025-06-10 23:59:59.999,6629183.3207
2025-06-11,0.475,0.476,0.449,0.455,22885288.4,2025-06-11 23:59:59.999,10644041.3689
2025-06-12,0.455,0.456,0.422,0.422,12550084.5,2025-06-12 23:59:59.999,5543194.363
2025-06-13,0.422,0.423,0.392,0.403,17107866.3,2025-06-13 23:59:59.999,6885197.722
2025-06-14,0.403,0.404,0.383,0.396,13143826.7,2025-06-14 23:59:59.999,5180503.645
2025-06-15,0.395,0.399,0.384,0.395,7391942.5,2025-06-15 23:59:59.999,2911406.529
2025-06-16,0.395,0.412,0.39,0.394,10355088.5,2025-06-16 23:59:59.999,4173303.14
2025-06-17,0.395,0.404,0.373,0.383,17372549.7,2025-06-17 23:59:59.999,6771511.0735
2025-06-18,0.383,0.39,0.366,0.382,19112832.0,2025-06-18 23:59:59.999,7218306.9435
2025-06-19,0.382,0.388,0.371,0.381,8000634.0,2025-06-19 23:59:59.999,3039983.5454
2025-06-20,0.381,0.391,0.358,0.369,19662748.2,2025-06-20 23:59:59.999,7404769.2417
2025-06-21,0.37,0.376,0.333,0.345,19364432.5,2025-06-21 23:59:59.999,6903652.2486
2025-06-22,0.345,0.348,0.309,0.325,34028394.5,2025-06-22 23:59:59.999,11278945.6642
2025-06-23,0.326,0.368,0.324,0.367,28150348.8,2025-06-23 23:59:59.999,9502584.2487
2025-06-24,0.366,0.376,0.363,0.375,18624141.7,2025-06-24 23:59:59.999,6884076.3465
2025-06-25,0.376,0.378,0.362,0.363,17419681.1,2025-06-25 23:59:59.999,6482526.3591
2025-06-26,0.364,0.375,0.353,0.358,15698509.7,2025-06-26 23:59:59.999,5688253.8234
2025-06-27,0.358,0.368,0.352,0.364,10953133.4,2025-06-27 23:59:59.999,3948984.8928
2025-06-28,0.364,0.373,0.358,0.371,6963281.3,2025-06-28 23:59:59.999,2535208.3697
2025-06-29,0.371,0.396,0.367,0.392,9292041.2,2025-06-29 23:59:59.999,3505796.0425
2025-06-30,0.393,0.396,0.374,0.385,10167651.2,2025-06-30 23:59:59.999,3901453.9969
2025-07-01,0.385,0.386,0.361,0.363,10171067.9,2025-07-01 23:59:59.999,3779744.7251
2025-07-02,0.364,0.417,0.361,0.41,16789658.6,2025-07-02 23:59:59.999,6495059.4879
2025-07-03,0.41,0.425,0.397,0.406,14068632.9,2025-07-03 23:59:59.999,5764824.2637
2025-07-04,0.406,0.407,0.379,0.39,15250727.0,2025-07-04 23:59:59.999,5953901.2357
2025-07-05,0.39,0.397,0.366,0.371,10610398.3,2025-07-05 23:59:59.999,4022959.985
2025-07-06,0.371,0.389,0.366,0.384,7437207.1,2025-07-06 23:59:59.999,2806823.0489
2025-07-07,0.383,0.389,0.378,0.383,7504218.7,2025-07-07 23:59:59.999,2875701.3588
2025-07-08,0.383,0.395,0.37,0.391,8871213.2,2025-07-08 23:59:59.999,3390900.7261
2025-07-09,0.391,0.485,0.386,0.42,111407939.6,2025-07-09 23:59:59.999,49196826.4109
2025-07-10,0.42,0.451,0.409,0.447,35465250.7,2025-07-10 23:59:59.999,15091331.6474
2025-07-11,0.448,0.479,0.438,0.451,23389226.7,2025-07-11 23:59:59.999,10678495.879
2025-07-12,0.451,0.465,0.427,0.446,19516666.1,2025-07-12 23:59:59.999,8736938.2105
2025-07-13,0.445,0.47,0.439,0.459,14729187.2,2025-07-13 23:59:59.999,6702047.0948
2025-07-14,0.459,0.477,0.435,0.445,21007549.7,2025-07-14 23:59:59.999,9624289.1761
2025-07-15,0.444,0.472,0.424,0.468,17673458.4,2025-07-15 23:59:59.999,7835540.252
2025-07-16,0.469,0.492,0.459,0.477,27111282.7,2025-07-16 23:59:59.999,12866470.1896
2025-07-17,0.477,0.483,0.455,0.476,19006515.6,2025-07-17 23:59:59.999,8960225.394
2025-07-18,0.476,0.501,0.465,0.477,19240023.4,2025-07-18 23:59:59.999,9345315.7341
2025-07-19,0.477,0.49,0.459,0.481,11860326.7,2025-07-19 23:59:59.999,5637458.9819
2025-07-20,0.481,0.503,0.476,0.495,16956353.5,2025-07-20 23:59:59.999,8350425.9749
2025-07-21,0.495,0.507,0.478,0.49,14106676.0,2025-07-21 23:59:59.999,6975486.467
2025-07-22,0.49,0.496,0.451,0.479,19526923.3,2025-07-22 23:59:59.999,9144501.0929
2025-07-23,0.479,0.481,0.403,0.418,30224460.7,2025-07-23 23:59:59.999,13463602.15
2025-07-24,0.418,0.425,0.385,0.405,25384007.0,2025-07-24 23:59:59.999,10375096.727
2025-07-25,0.405,0.415,0.392,0.411,19174526.0,2025-07-25 23:59:59.999,7741077.8182
2025-07-26,0.412,0.423,0.41,0.411,9805113.5,2025-07-26 23:59:59.999,4079318.3234
2025-07-27,0.412,0.443,0.41,0.441,10865765.2,2025-07-27 23:59:59.999,4617684.3138
2025-07-28,0.44,0.45,0.401,0.407,19318943.2,2025-07-28 23:59:59.999,8258243.5052
2025-07-29,0.408,0.425,0.395,0.405,26346433.5,2025-07-29 23:59:59.999,10757115.5405
2025-07-30,0.405,0.408,0.379,0.402,16746066.5,2025-07-30 23:59:59.999,6627924.9774
2025-07-31,0.403,0.414,0.371,0.375,17741117.4,2025-07-31 23:59:59.999,6977487.8134
2025-08-01,0.375,0.381,0.351,0.364,28084964.0,2025-08-01 23:59:59.999,10410945.0082
2025-08-02,0.365,0.37,0.346,0.357,26789485.0,2025-08-02 23:59:59.999,9572260.2598
2025-08-03,0.356,0.369,0.35,0.366,11605066.4,2025-08-03 23:59:59.999,4201548.9755
2025-08-04,0.365,0.403,0.364,0.388,22324062.9,2025-08-04 23:59:59.999,8507340.3887
2025-08-05,0.388,0.438,0.378,0.387,80705602.1,2025-08-05 23:59:59.999,32827437.4769
2025-08-06,0.387,0.399,0.371,0.383,27797123.0,2025-08-06 23:59:59.999,10728020.2661
2025-08-07,0.383,0.402,0.376,0.4,24260554.8,2025-08-07 23:59:59.999,9443968.7415
2025-08-08,0.401,0.415,0.394,0.408,25907270.8,2025-08-08 23:59:59.999,10450347.1591
2025-08-09,0.408,0.429,0.406,0.422,16883822.7,2025-08-09 23:59:59.999,7069522.6495
2025-08-10,0.422,0.431,0.405,0.422,19905131.0,2025-08-10 23:59:59.999,8291770.1463
2025-08-11,0.422,0.431,0.386,0.394,25660457.1,2025-08-11 23:59:59.999,10468086.3808
2025-08-12,0.394,0.421,0.386,0.415,18151533.8,2025-08-12 23:59:59.999,7327634.5731
2025-08-13,0.414,0.432,0.41,0.429,23899607.2,2025-08-13 23:59:59.999,10098266.7543
2025-08-14,0.428,0.435,0.371,0.382,28029611.2,2025-08-14 23:59:59.999,11324742.2478
2025-08-15,0.383,0.393,0.369,0.381,23124887.7,2025-08-15 23:59:59.999,8839552.8223
2025-08-16,0.381,0.404,0.38,0.401,15248276.7,2025-08-16 23:59:59.999,5964110.1052
2025-08-17,0.401,0.414,0.396,0.4,12895529.9,2025-08-17 23:59:59.999,5202382.2738
2025-08-18,0.401,0.402,0.372,0.374,24722620.9,2025-08-18 23:59:59.999,9474682.1464
2025-08-19,0.374,0.385,0.361,0.362,27093429.0,2025-08-19 23:59:59.999,10037647.711
2025-08-20,0.362,0.391,0.36,0.389,18052082.3,2025-08-20 23:59:59.999,6788634.7761
2025-08-21,0.389,0.395,0.37,0.375,19439338.3,2025-08-21 23:59:59.999,7402677.9061
2025-08-22,0.375,0.421,0.358,0.414,38295982.6,2025-08-22 23:59:59.999,14693346.8117
2025-08-23,0.415,0.419,0.401,0.414,14271696.1,2025-08-23 23:59:59.999,5873171.4227
2025-08-24,0.414,0.42,0.388,0.404,29822372.8,2025-08-24 23:59:59.999,12000403.3196
2025-08-25,0.404,0.411,0.349,0.359,35103663.5,2025-08-25 23:59:59.999,13232634.306
2025-08-26,0.359,0.373,0.353,0.368,26327565.8,2025-08-26 23:59:59.999,9543979.0239
2025-08-27,0.368,0.374,0.359,0.364,23697128.0,2025-08-27 23:59:59.999,8697148.8512
2025-08-28,0.365,0.384,0.361,0.38,16101764.6,2025-08-28 23:59:59.999,6030721.3521
2025-08-29,0.38,0.38,0.348,0.361,30274832.0,2025-08-29 23:59:59.999,10905370.6879
2025-08-30,0.36,0.37,0.353,0.368,13583762.9,2025-08-30 23:59:59.999,4950186.6989
2025-08-31,0.368,0.398,0.364,0.364,29785996.9,2025-08-31 23:59:59.999,11275081.4404
2025-09-01,0.365,0.376,0.344,0.355,38927282.0,2025-09-01 23:59:59.999,13988672.9895
2025-09-02,0.355,0.366,0.349,0.363,17865814.1,2025-09-02 23:59:59.999,6404147.6243
2025-09-03,0.363,0.369,0.355,0.363,18914232.4,2025-09-03 23:59:59.999,6840622.2993
2025-09-04,0.362,0.367,0.341,0.351,17009644.7,2025-09-04 23:59:59.999,5952427.0762
2025-09-05,0.35,0.366,0.349,0.358,20815062.0,2025-09-05 23:59:59.999,7434053.2751
2025-09-06,0.359,0.363,0.35,0.359,12996529.3,2025-09-06 23:59:59.999,4630453.6077
2025-09-07,0.358,0.366,0.355,0.364,9379821.3,2025-09-07 23:59:59.999,3393736.7178
2025-09-08,0.364,0.376,0.361,0.37,15984147.0,2025-09-08 23:59:59.999,5890813.8072
2025-09-09,0.371,0.383,0.361,0.367,19000723.6,2025-09-09 23:59:59.999,7046030.7014
2025-09-10,0.367,0.395,0.363,0.38,26494219.4,2025-09-10 23:59:59.999,10024522.0382
2025-09-11,0.381,0.404,0.367,0.379,31644519.6,2025-09-11 23:59:59.999,12108011.1704
2025-09-12,0.38,0.395,0.375,0.392,21541223.6,2025-09-12 23:59:59.999,8281144.3699
2025-09-13,0.392,0.423,0.389,0.408,33623729.2,2025-09-13 23:59:59.999,13617013.7532
2025-09-14,0.408,0.408,0.376,0.381,21558597.0,2025-09-14 23:59:59.999,8394085.879
2025-09-15,0.381,0.392,0.349,0.36,23055836.4,2025-09-15 23:59:59.999,8476128.4971
2025-09-16,0.36,0.369,0.35,0.365,15307902.0,2025-09-16 23:59:59.999,5524616.5841
2025-09-17,0.366,0.384,0.354,0.38,18903016.4,2025-09-17 23:59:59.999,6887245.7473
2025-09-18,0.38,0.385,0.374,0.383,14357829.1,2025-09-18 23:59:59.999,5455890.841
2025-09-19,0.383,0.387,0.351,0.355,20111082.9,2025-09-19 23:59:59.999,7402629.2172
2025-09-20,0.355,0.366,0.352,0.362,14469866.0,2025-09-20 23:59:59.999,5198388.2223
2025-09-21,0.362,0.371,0.354,0.356,15314476.5,2025-09-21 23:59:59.999,5531961.4936
2025-09-22,0.356,0.357,0.301,0.324,35870348.3,2025-09-22 23:59:59.999,11722499.3833
2025-09-23,0.323,0.327,0.312,0.319,20697707.4,2025-09-23 23:59:59.999,6639921.1108
2025-09-24,0.319,0.329,0.311,0.32,13572769.9,2025-09-24 23:59:59.999,4365289.3668
2025-09-25,0.321,0.322,0.291,0.298,27592278.5,2025-09-25 23:59:59.999,8427405.8012
2025-09-26,0.298,0.306,0.291,0.304,25696885.9,2025-09-26 23:59:59.999,7681629.6044
2025-09-27,0.304,0.312,0.297,0.307,12660732.8,2025-09-27 23:59:59.999,3854856.4018
2025-09-28,0.307,0.323,0.3,0.318,30411794.7,2025-09-28 23:59:59.999,9432184.5946
2025-09-29,0.317,0.321,0.304,0.313,19718058.4,2025-09-29 23:59:59.999,6162230.0038
2025-09-30,0.314,0.315,0.289,0.295,23886031.0,2025-09-30 23:59:59.999,7259878.1513
2025-10-01,0.294,0.312,0.283,0.308,29431918.0,2025-10-01 23:59:59.999,8727779.7955
2025-10-02,0.308,0.321,0.302,0.318,19264538.2,2025-10-02 23:59:59.999,6007196.0197
2025-10-03,0.318,0.327,0.31,0.319,21427320.2,2025-10-03 23:59:59.999,6798144.4866
2025-10-04,0.32,0.322,0.303,0.314,15119885.0,2025-10-04 23:59:59.999,4716364.5844
2025-10-05,0.313,0.351,0.312,0.335,46124899.7,2025-10-05 23:59:59.999,15297999.2946
2025-10-06,0.334,0.389,0.333,0.364,91559874.1,2025-10-06 23:59:59.999,33246469.8573
2025-10-07,0.363,0.371,0.331,0.334,33903885.3,2025-10-07 23:59:59.999,11867254.9717
2025-10-08,0.333,0.374,0.327,0.36,29012150.3,2025-10-08 23:59:59.999,10018012.2092
2025-10-09,0.359,0.667,0.348,0.491,722955076.6,2025-10-09 23:59:59.999,371349061.7717
2025-10-10,0.491,0.492,0.183,0.31,332404695.9,2025-10-10 23:59:59.999,142567224.089
2025-10-11,0.31,0.322,0.264,0.276,130759307.7,2025-10-11 23:59:59.999,38828128.8722
2025-10-12,0.277,0.31,0.267,0.305,78967595.7,2025-10-12 23:59:59.999,22739461.994
2025-10-13,0.306,0.486,0.3,0.442,322176672.0,2025-10-13 23:59:59.999,136185382.8093
2025-10-14,0.443,0.59,0.417,0.522,455886608.1,2025-10-14 23:59:59.999,221423122.1012
2025-10-15,0.522,0.534,0.4,0.414,145076794.5,2025-10-15 23:59:59.999,66935236.7447
2025-10-16,0.414,0.45,0.358,0.375,97062322.3,2025-10-16 23:59:59.999,38787460.0814
2025-10-17,0.375,0.415,0.343,0.376,100568501.6,2025-10-17 23:59:59.999,37923309.2952
2025-10-18,0.377,0.409,0.361,0.369,64589874.5,2025-10-18 23:59:59.999,24818236.2533
2025-10-19,0.368,0.4,0.352,0.373,54829150.4,2025-10-19 23:59:59.999,20331348.4007
2025-10-20,0.372,0.394,0.349,0.352,51016459.2,2025-10-20 23:59:59.999,18885246.6847
2025-10-21,0.353,0.354,0.319,0.321,54650773.5,2025-10-21 23:59:59.999,18595749.8258
2025-10-22,0.321,0.332,0.304,0.315,48832133.8,2025-10-22 23:59:59.999,15674142.6859
2025-10-23,0.315,0.33,0.31,0.325,40787798.1,2025-10-23 23:59:59.999,12984458.1062
2025-10-24,0.324,0.332,0.312,0.324,34997486.8,2025-10-24 23:59:59.999,11297763.6165
2025-10-25,0.323,0.367,0.315,0.342,73684270.0,2025-10-25 23:59:59.999,24841642.8932
2025-10-26,0.341,0.365,0.327,0.331,47568585.5,2025-10-26 23:59:59.999,16316240.7695
2025-10-27,0.332,0.345,0.315,0.318,50960870.1,2025-10-27 23:59:59.999,16932795.3612
2025-10-28,0.319,0.328,0.292,0.3,43717646.4,2025-10-28 23:59:59.999,13613932.4913
2025-10-29,0.299,0.307,0.277,0.298,33049499.4,2025-10-29 23:59:59.999,9876566.083
2025-10-30,0.297,0.303,0.262,0.27,40256686.3,2025-10-30 23:59:59.999,11288549.9773
2025-10-31,0.271,0.283,0.269,0.28,31775057.2,2025-10-31 23:59:59.999,8768453.9456
2025-11-01,0.279,0.287,0.276,0.281,37387057.4,2025-11-01 23:59:59.999,10516362.0666
2025-11-02,0.282,0.285,0.267,0.279,26921978.8,2025-11-02 23:59:59.999,7463164.7451
2025-11-03,0.279,0.281,0.225,0.242,56198593.4,2025-11-03 23:59:59.999,14070791.8713
2025-11-04,0.243,0.276,0.228,0.247,81763361.5,2025-11-04 23:59:59.999,20364077.733
2025-11-05,0.248,0.252,0.229,0.25,38558309.1,2025-11-05 23:59:59.999,9386397.7032
2025-11-06,0.251,0.251,0.234,0.248,43085390.9,2025-11-06 23:59:59.999,10474617.5604
2025-11-07,0.249,0.284,0.248,0.275,58391159.3,2025-11-07 23:59:59.999,15519118.8468
2025-11-08,0.274,0.359,0.261,0.321,185056575.3,2025-11-08 23:59:59.999,57090783.9198
2025-11-09,0.321,0.33,0.29,0.298,151271101.4,2025-11-09 23:59:59.999,46637670.0972
2025-11-10,0.298,0.309,0.293,0.3,39103653.3,2025-11-10 23:59:59.999,11756141.3577
2025-11-11,0.301,0.303,0.271,0.275,33445778.1,2025-11-11 23:59:59.999,9513077.7336
2025-11-12,0.275,0.289,0.261,0.268,32178141.3,2025-11-12 23:59:59.999,8849414.4906
2025-11-13,0.267,0.274,0.25,0.259,29181477.8,2025-11-13 23:59:59.999,7687498.2109
2025-11-14,0.26,0.269,0.242,0.255,37101275.3,2025-11-14 23:59:59.999,9498577.2935
2025-11-15,0.254,0.265,0.254,0.258,14127369.3,2025-11-15 23:59:59.999,3659067.04
2025-11-16,0.258,0.262,0.241,0.25,26947379.9,2025-11-16 23:59:59.999,6759583.7341
2025-11-17,0.25,0.254,0.234,0.238,32140656.5,2025-11-17 23:59:59.999,7849387.2592
2025-11-18,0.239,0.25,0.233,0.244,21251250.2,2025-11-18 23:59:59.999,5138192.2124
2025-11-19,0.244,0.275,0.223,0.236,85529019.6,2025-11-19 23:59:59.999,20978867.5269
2025-11-20,0.236,0.256,0.228,0.232,57059847.3,2025-11-20 23:59:59.999,13714823.917
2025-11-21,0.233,0.24,0.201,0.208,84801956.0,2025-11-21 23:59:59.999,18499576.6319
2025-11-22,0.209,0.242,0.201,0.223,92947308.6,2025-11-22 23:59:59.999,20368722.3418
2025-11-23,0.222,0.296,0.219,0.24,418892978.2,2025-11-23 23:59:59.999,106390440.7607
2025-11-24,0.24,0.257,0.235,0.244,89806445.5,2025-11-24 23:59:59.999,21769101.0156
2025-11-25,0.244,0.266,0.237,0.255,80439235.7,2025-11-25 23:59:59.999,20155710.2679
2025-11-26,0.255,0.267,0.243,0.253,39404487.6,2025-11-26 23:59:59.999,9990265.3502
2025-11-27,0.252,0.254,0.245,0.25,22010915.6,2025-11-27 23:59:59.999,5481406.4316
2025-11-28,0.249,0.256,0.237,0.241,56307692.3,2025-11-28 23:59:59.999,13750216.4261
2025-11-29,0.241,0.243,0.228,0.23,19866026.6,2025-11-29 23:59:59.999,4685652.0756
2025-11-30,0.231,0.231,0.223,0.225,22711693.3,2025-11-30 23:59:59.999,5172234.087
2025-12-01,0.226,0.227,0.205,0.21,48813955.0,2025-12-01 23:59:59.999,10319514.7725
2025-12-02,0.21,0.229,0.206,0.226,38116738.6,2025-12-02 23:59:59.999,8286152.5405
2025-12-03,0.226,0.246,0.225,0.237,45128494.8,2025-12-03 23:59:59.999,10638324.6343
2025-12-04,0.236,0.245,0.227,0.231,29979343.1,2025-12-04 23:59:59.999,7116606.6618
2025-12-05,0.23,0.232,0.21,0.217,40699748.3,2025-12-05 23:59:59.999,8936871.0811
2025-12-06,0.218,0.247,0.216,0.241,57134617.5,2025-12-06 23:59:59.999,13288763.992
2025-12-07,0.241,0.246,0.22,0.223,38154911.4,2025-12-07 23:59:59.999,8808105.4438
2025-12-08,0.224,0.234,0.222,0.228,19107310.2,2025-12-08 23:59:59.999,4381265.9169
2025-12-09,0.228,0.242,0.223,0.234,27695424.9,2025-12-09 23:59:59.999,6418583.5635
2025-12-10,0.234,0.236,0.224,0.225,24762589.3,2025-12-10 23:59:59.999,5672169.8085
2025-12-11,0.225,0.225,0.213,0.221,28871808.6,2025-12-11 23:59:59.999,6309119.9445
2025-12-12,0.221,0.223,0.209,0.215,19383392.4,2025-12-12 23:59:59.999,4184370.133
2025-12-13,0.216,0.22,0.215,0.218,10670405.2,2025-12-13 23:59:59.999,2323297.6982
2025-12-14,0.217,0.218,0.205,0.208,17222404.5,2025-12-14 23:59:59.999,3643199.9309
2025-12-15,0.208,0.213,0.193,0.2,34350997.7,2025-12-15 23:59:59.999,6931400.5873
2025-12-16,0.2,0.204,0.197,0.202,24195538.7,2025-12-16 23:59:59.999,4869559.8512
2025-12-17,0.203,0.205,0.185,0.187,42626328.2,2025-12-17 23:59:59.999,8307767.0378
2025-12-18,0.187,0.188,0.169,0.173,50937048.2,2025-12-18 23:59:59.999,9113593.6413
2025-12-19,0.174,0.185,0.17,0.18,43625450.1,2025-12-19 23:59:59.999,7811893.7851
2025-12-20,0.18,0.183,0.178,0.182,13935904.9,2025-12-20 23:59:59.999,2509180.6455
2025-12-21,0.181,0.182,0.172,0.176,22432269.9,2025-12-21 23:59:59.999,3953894.9643
2025-12-22,0.177,0.18,0.171,0.175,32465775.8,2025-12-22 23:59:59.999,5712020.104
2025-12-23,0.176,0.188,0.169,0.175,68920468.9,2025-12-23 23:59:59.999,12243443.0273
2025-12-24,0.176,0.176,0.167,0.173,29737066.1,2025-12-24 23:59:59.999,5079309.3112
2025-12-25,0.174,0.177,0.167,0.167,21562631.0,2025-12-25 23:59:59.999,3726900.2078
2025-12-26,0.167,0.174,0.165,0.168,30008891.3,2025-12-26 23:59:59.999,5103829.2147
2025-12-27,0.169,0.174,0.167,0.172,12982713.3,2025-12-27 23:59:59.999,2208195.7051
2025-12-28,0.173,0.173,0.167,0.169,12522933.5,2025-12-28 23:59:59.999,2123647.9929
2025-12-29,0.169,0.175,0.167,0.168,33766337.1,2025-12-29 23:59:59.999,5752498.7843
2025-12-30,0.168,0.171,0.166,0.169,13172188.6,2025-12-30 23:59:59.999,2217464.0702
2025-12-31,0.168,0.174,0.153,0.163,51490514.5,2025-12-31 23:59:59.999,8421566.0426
2026-01-01,0.164,0.187,0.163,0.173,63629706.0,2026-01-01 23:59:59.999,11062237.8457
2026-01-02,0.173,0.182,0.171,0.18,23015206.2,2026-01-02 23:59:59.999,4050069.6701
2026-01-03,0.18,0.183,0.173,0.181,20463706.0,2026-01-03 23:59:59.999,3632903.804
2026-01-04,0.182,0.187,0.178,0.183,21456529.7,2026-01-04 23:59:59.999,3920009.3864
2026-01-05,0.182,0.192,0.177,0.189,31206008.4,2026-01-05 23:59:59.999,5712997.5489
2026-01-06,0.189,0.196,0.181,0.191,27190112.3,2026-01-06 23:59:59.999,5146090.4009
2026-01-07,0.19,0.19,0.174,0.177,27121713.4,2026-01-07 23:59:59.999,4944399.3148
2026-01-08,0.176,0.179,0.169,0.174,27665234.9,2026-01-08 23:59:59.999,4814895.4283
2026-01-09,0.175,0.18,0.172,0.176,19405553.9,2026-01-09 23:59:59.999,3404407.2599
2026-01-10,0.176,0.184,0.173,0.175,15859549.2,2026-01-10 23:59:59.999,2816343.6688
2026-01-11,0.175,0.18,0.17,0.174,14502681.6,2026-01-11 23:59:59.999,2547724.9632
2026-01-12,0.173,0.178,0.168,0.17,35992204.3,2026-01-12 23:59:59.999,6198716.9318
2026-01-13,0.17,0.189,0.169,0.183,38406762.4,2026-01-13 23:59:59.999,6930467.2182
2026-01-14,0.184,0.191,0.182,0.184,40971458.2,2026-01-14 23:59:59.999,7625188.0553
2026-01-15,0.183,0.184,0.17,0.172,45950754.1,2026-01-15 23:59:59.999,8162198.7978
2026-01-16,0.171,0.18,0.169,0.178,34100968.6,2026-01-16 23:59:59.999,5916439.8729
2026-01-17,0.179,0.203,0.178,0.188,73817065.6,2026-01-17 23:59:59.999,14076334.4031
2026-01-18,0.187,0.191,0.172,0.173,37578593.2,2026-01-18 23:59:59.999,6893015.8764
2026-01-19,0.173,0.174,0.156,0.172,53990491.7,2026-01-19 23:59:59.999,9046661.0789
2026-01-20,0.172,0.19,0.161,0.165,110621261.1,2026-01-20 23:59:59.999,19475894.659
2026-01-21,0.165,0.178,0.165,0.172,61790903.4,2026-01-21 23:59:59.999,10633459.2947
2026-01-22,0.173,0.186,0.169,0.173,39826859.8,2026-01-22 23:59:59.999,7015993.2909
2026-01-23,0.173,0.186,0.167,0.175,38658401.6,2026-01-23 23:59:59.999,6737986.7274
2026-01-24,0.175,0.178,0.168,0.172,19793911.9,2026-01-24 23:59:59.999,3411259.8756
2026-01-25,0.171,0.172,0.152,0.156,39461329.8,2026-01-25 23:59:59.999,6380330.4151
2026-01-26,0.156,0.164,0.155,0.161,29660524.3,2026-01-26 23:59:59.999,4772107.1712
2026-01-27,0.162,0.166,0.159,0.164,31240113.6,2026-01-27 23:59:59.999,5068202.4078
2026-01-28,0.165,0.165,0.158,0.16,35545256.3,2026-01-28 23:59:59.999,5744409.8807
2026-01-29,0.16,0.161,0.143,0.152,53901935.0,2026-01-29 23:59:59.999,8181146.0523
2026-01-30,0.152,0.156,0.145,0.151,56216664.8,2026-01-30 23:59:59.999,8484846.9962
2026-01-31,0.152,0.152,0.119,0.13,80327256.7,2026-01-31 23:59:59.999,10886287.4585
2026-02-01,0.13,0.134,0.128,0.132,42957069.7,2026-02-01 23:59:59.999,5630145.7638
2026-02-02,0.132,0.137,0.125,0.134,50480457.2,2026-02-02 23:59:59.999,6608850.8538
2026-02-03,0.134,0.139,0.127,0.134,56145693.0,2026-02-03 23:59:59.999,7493563.3236
2026-02-04,0.133,0.136,0.127,0.131,53395413.9,2026-02-04 23:59:59.999,6989405.2049
2026-02-05,0.131,0.132,0.11,0.114,84406395.1,2026-02-05 23:59:59.999,10141197.8118
2026-02-06,0.113,0.131,0.101,0.125,53118477.9,2026-02-06 23:59:59.999,6187871.4198
2026-02-07,0.125,0.126,0.119,0.123,40162325.4,2026-02-07 23:59:59.999,4946299.453
2026-02-08,0.123,0.125,0.116,0.118,37628000.3,2026-02-08 23:59:59.999,4532895.4955
2026-02-09,0.118,0.122,0.113,0.116,42896369.4,2026-02-09 23:59:59.999,5030552.3616
2026-02-10,0.116,0.118,0.112,0.113,30289440.8,2026-02-10 23:59:59.999,3448541.5793
2026-02-11,0.113,0.115,0.107,0.109,45452840.0,2026-02-11 23:59:59.999,5023773.5485
2026-02-12,0.11,0.115,0.108,0.112,24508119.5,2026-02-12 23:59:59.999,2723885.0225
2026-02-13,0.111,0.116,0.108,0.114,31788986.3,2026-02-13 23:59:59.999,3539060.0842
2026-02-14,0.115,0.12,0.112,0.118,17221414.8,2026-02-14 23:59:59.999,1994613.9628
2026-02-15,0.118,0.12,0.108,0.112,54261318.2,2026-02-15 23:59:59.999,6205778.3707
2026-02-16,0.112,0.118,0.11,0.114,37209508.2,2026-02-16 23:59:59.999,4191353.2538
2026-02-17,0.114,0.116,0.11,0.113,30298591.5,2026-02-17 23:59:59.999,3403050.329
2026-02-18,0.113,0.114,0.105,0.107,26116260.3,2026-02-18 23:59:59.999,2872821.8136
2026-02-19,0.107,0.108,0.102,0.105,21249933.8,2026-02-19 23:59:59.999,2221560.0384
2026-02-20,0.105,0.109,0.104,0.108,28368304.4,2026-02-20 23:59:59.999,3034702.9691
2026-02-21,0.108,0.114,0.107,0.108,29306628.6,2026-02-21 23:59:59.999,3251748.1658
2026-02-22,0.107,0.108,0.104,0.105,17523579.4,2026-02-22 23:59:59.999,1848640.9061
2026-02-23,0.105,0.105,0.098,0.101,36829285.4,2026-02-23 23:59:59.999,3713631.5326
2026-02-24,0.1,0.102,0.097,0.102,19208144.4,2026-02-24 23:59:59.999,1906390.907
2026-02-25,0.102,0.108,0.101,0.104,20716368.0,2026-02-25 23:59:59.999,2160987.7042
2026-02-26,0.104,0.107,0.1,0.104,45214062.3,2026-02-26 23:59:59.999,4719815.8751
2026-02-27,0.104,0.156,0.103,0.145,557643578.3,2026-02-27 23:59:59.999,73702324.0673
2026-02-28,0.145,0.152,0.116,0.127,603814726.5,2026-02-28 23:59:59.999,80467456.6798
2026-03-01,0.127,0.166,0.122,0.15,361728022.6,2026-03-01 23:59:59.999,52627184.1435
2026-03-02,0.15,0.161,0.141,0.143,210977936.4,2026-03-02 23:59:59.999,31582489.5493
2026-03-03,0.143,0.144,0.13,0.132,110927499.7,2026-03-03 23:59:59.999,15072107.7898
2026-03-04,0.131,0.136,0.128,0.129,74092742.0,2026-03-04 23:59:59.999,9731431.7545
2026-03-05,0.13,0.132,0.124,0.125,52527618.2,2026-03-05 23:59:59.999,6722923.2143
2026-03-06,0.125,0.129,0.119,0.121,46230612.3,2026-03-06 23:59:59.999,5712807.3334
2026-03-07,0.121,0.121,0.114,0.115,19954849.4,2026-03-07 23:59:59.999,2338268.4867
2026-03-08,0.115,0.117,0.112,0.113,47007357.8,2026-03-08 23:59:59.999,5382296.6554
2026-03-09,0.114,0.129,0.113,0.119,95245499.3,2026-03-09 23:59:59.999,11524829.7872
2026-03-10,0.119,0.125,0.117,0.121,56518180.9,2026-03-10 23:59:59.999,6830720.3114
2026-03-11,0.122,0.129,0.119,0.124,68561371.5,2026-03-11 23:59:59.999,8472774.7165
2026-03-12,0.123,0.124,0.118,0.119,29556056.6,2026-03-12 23:59:59.999,3564122.3741
2026-03-13,0.119,0.134,0.117,0.123,100729610.3,2026-03-13 23:59:59.999,12644359.8285
2026-03-14,0.123,0.125,0.118,0.12,52335204.4,2026-03-14 23:59:59.999,6333463.8913
2026-03-15,0.12,0.122,0.118,0.12,18305255.3,2026-03-15 23:59:59.999,2197560.894
2026-03-16,0.12,0.123,0.119,0.121,17713527.9,2026-03-16 23:59:59.999,2148857.2481
2026-03-17,0.121,0.122,0.116,0.117,30206303.2,2026-03-17 23:59:59.999,3591482.0884
2026-03-18,0.118,0.119,0.11,0.112,33523319.2,2026-03-18 23:59:59.999,3818424.7316
2026-03-19,0.112,0.113,0.107,0.111,20891839.4,2026-03-19 23:59:59.999,2299782.7058
2026-03-20,0.11,0.128,0.11,0.123,175413586.3,2026-03-20 23:59:59.999,21544145.558
2026-03-21,0.123,0.124,0.113,0.113,39529605.4,2026-03-21 23:59:59.999,4693323.6536
2026-03-22,0.114,0.117,0.11,0.11,38681733.5,2026-03-22 23:59:59.999,4407339.0237
2026-03-23,0.111,0.116,0.107,0.113,43333295.8,2026-03-23 23:59:59.999,4866655.467
2026-03-24,0.113,0.114,0.108,0.111,21922505.7,2026-03-24 23:59:59.999,2441683.6733
2026-03-25,0.111,0.115,0.11,0.111,24673342.1,2026-03-25 23:59:59.999,2780711.6817
2026-03-26,0.112,0.113,0.105,0.108,27026293.0,2026-03-26 23:59:59.999,2923014.4965
2026-03-27,0.108,0.118,0.106,0.108,70442880.9,2026-03-27 23:59:59.999,7849477.2743
2026-03-28,0.108,0.11,0.105,0.105,46423928.4,2026-03-28 23:59:59.999,4972491.5594
2026-03-29,0.105,0.107,0.1,0.103,23708388.3,2026-03-29 23:59:59.999,2468287.0546
2026-03-30,0.103,0.109,0.103,0.105,19744693.9,2026-03-30 23:59:59.999,2104233.537
2026-03-31,0.105,0.109,0.104,0.108,17728202.8,2026-03-31 23:59:59.999,1879164.8971
2026-04-01,0.108,0.116,0.105,0.11,40551902.7,2026-04-01 23:59:59.999,4471757.4087
2026-04-02,0.111,0.114,0.107,0.111,36903449.4,2026-04-02 23:59:59.999,4087086.4165
2026-04-03,0.111,0.121,0.109,0.109,30919965.8,2026-04-03 23:59:59.999,3540690.5076
2026-04-04,0.11,0.113,0.108,0.11,22070027.4,2026-04-04 23:59:59.999,2431438.8126
2026-04-05,0.11,0.111,0.104,0.108,20597662.3,2026-04-05 23:59:59.999,2215400.1923
2026-04-06,0.107,0.117,0.107,0.108,25616422.1,2026-04-06 23:59:59.999,2836194.3535
2026-04-07,0.109,0.116,0.107,0.116,32856809.7,2026-04-07 23:59:59.999,3658163.6198
2026-04-08,0.115,0.125,0.111,0.114,67686633.3,2026-04-08 23:59:59.999,7991571.1014
2026-04-09,0.113,0.117,0.11,0.112,26185943.4,2026-04-09 23:59:59.999,2989540.3738
2026-04-10,0.112,0.115,0.11,0.115,15672421.8,2026-04-10 23:59:59.999,1773354.7781
2026-04-11,0.115,0.115,0.112,0.114,15631546.9,2026-04-11 23:59:59.999,1776640.4
2026-04-12,0.114,0.114,0.106,0.108,19208815.2,2026-04-12 23:59:59.999,2112369.4375
2026-04-13,0.107,0.113,0.107,0.112,14120623.1,2026-04-13 23:59:59.999,1544808.0409
2026-04-14,0.112,0.116,0.111,0.113,15934912.9,2026-04-14 23:59:59.999,1797559.342
2026-04-15,0.112,0.116,0.109,0.114,17195315.1,2026-04-15 23:59:59.999,1928491.6246
2026-04-16,0.114,0.124,0.113,0.1203,41264270.3,2026-04-16 23:59:59.999,4894642.2463176
2026-04-17,0.1204,0.1275,0.1177,0.1261,34398027.7,2026-04-17 23:59:59.999,4246286.2657101
2026-04-18,0.1262,0.2632,0.1252,0.1637,1103356497.0,2026-04-18 23:59:59.999,218500443.9311844
2026-04-19,0.1637,0.1713,0.1441,0.1503,264164901.8,2026-04-19 23:59:59.999,41428946.4540607
2026-04-20,0.1503,0.1857,0.149,0.1606,168594482.3,2026-04-20 23:59:59.999,28126394.5553137
2026-04-21,0.1607,0.1674,0.1485,0.1514,43487356.2,2026-04-21 23:59:59.999,6815790.3976917
2026-04-22,0.1514,0.1563,0.1484,0.1499,27608201.0,2026-04-22 23:59:59.999,4188658.7922213
2026-04-23,0.15,0.1512,0.1437,0.1481,23650704.3,2026-04-23 23:59:59.999,3463762.0570238
2026-04-24,0.1481,0.1637,0.1445,0.1489,42485314.8,2026-04-24 23:59:59.999,6439105.7154338
2026-04-25,0.1489,0.1916,0.1485,0.1603,269244107.4,2026-04-25 23:59:59.999,45871841.7539253
2026-04-26,0.1604,0.1697,0.1547,0.1571,58998829.1,2026-04-26 23:59:59.999,9489311.39086
2026-04-27,0.1572,0.1587,0.1421,0.1436,32118501.5,2026-04-27 23:59:59.999,4778034.21842
2026-04-28,0.1436,0.1538,0.1418,0.1509,32392056.2,2026-04-28 23:59:59.999,4791235.016464
2026-04-29,0.1509,0.1531,0.1414,0.1453,19089760.0,2026-04-29 23:59:59.999,2811027.6474032
2026-04-30,0.1453,0.1507,0.1439,0.1448,16892520.9,2026-04-30 23:59:59.999,2480304.8326614
2026-05-01,0.1448,0.1523,0.1442,0.1493,18671602.3,2026-05-01 23:59:59.999,2779429.717681
2026-05-02,0.1495,0.1506,0.1453,0.1495,12375603.7,2026-05-02 23:59:59.999,1835366.00562
2026-05-03,0.1494,0.1494,0.1457,0.1468,11089889.1,2026-05-03 23:59:59.999,1635212.71107
2026-05-04,0.1467,0.1514,0.1439,0.147,14763713.4,2026-05-04 23:59:59.999,2185384.26007
2026-05-05,0.147,0.1569,0.147,0.1538,20804186.2,2026-05-05 23:59:59.999,3160266.3348517
2026-05-06,0.1538,0.1572,0.13,0.1354,51275865.5,2026-05-06 23:59:59.999,7372790.622076
2026-05-07,0.1354,0.1478,0.1338,0.1459,51365990.6,2026-05-07 23:59:59.999,7225870.31383
2026-05-08,0.1459,0.1484,0.1416,0.1467,19615698.9,2026-05-08 23:59:59.999,2845698.9877531
2026-05-09,0.1467,0.1636,0.1456,0.1488,61167688.4,2026-05-09 23:59:59.999,9487019.636446
2026-05-10,0.1488,0.1537,0.1462,0.1513,22768013.4,2026-05-10 23:59:59.999,3423059.43322
2026-05-11,0.1513,0.1526,0.1471,0.1503,13053168.1,2026-05-11 23:59:59.999,1949100.4289
2026-05-12,0.1503,0.1516,0.1419,0.1437,17661926.4,2026-05-12 23:59:59.999,2577994.37948
2026-05-13,0.1437,0.1496,0.1361,0.1397,20966996.5,2026-05-13 23:59:59.999,3002400.69194
2026-05-14,0.1397,0.1432,0.1373,0.1408,9493626.8,2026-05-14 23:59:59.999,1332917.90707
2026-05-15,0.1409,0.1422,0.1305,0.1349,12087766.1,2026-05-15 23:59:59.999,1639099.49599
2026-05-16,0.1349,0.1369,0.1275,0.1314,11806187.9,2026-05-16 23:59:59.999,1552316.37848
2026-05-17,0.1315,0.1325,0.1184,0.1256,10729093.5,2026-05-17 23:59:59.999,1376897.63699
2026-05-18,0.1256,0.1494,0.1245,0.1378,166264254.8,2026-05-18 23:59:59.999,23369434.3784557
2026-05-19,0.1378,0.1396,0.1274,0.1292,55819205.7,2026-05-19 23:59:59.999,7383220.55082
2026-05-20,0.1292,0.1317,0.1268,0.1275,16540199.9,2026-05-20 23:59:59.999,2141024.00002
2026-05-21,0.1276,0.1311,0.1266,0.1306,14430656.7,2026-05-21 23:59:59.999,1858577.6904586
2026-05-22,0.1306,0.1311,0.1235,0.1245,18698606.5,2026-05-22 23:59:59.999,2394166.73727
2026-05-23,0.1246,0.1295,0.12,0.1278,14801650.1,2026-05-23 23:59:59.999,1845831.39635
2026-05-24,0.1277,0.1278,0.1221,0.1251,9718586.4,2026-05-24 23:59:59.999,1219097.51582
2026-05-25,0.1251,0.1289,0.1242,0.1262,9701060.1,2026-05-25 23:59:59.999,1227677.47109
2026-05-26,0.1262,0.1277,0.1228,0.124,11146398.0,2026-05-26 23:59:59.999,1394466.3699
2026-05-27,0.1241,0.13,0.1231,0.1255,18313118.0,2026-05-27 23:59:59.999,2312176.02093
2026-05-28,0.1255,0.1261,0.1165,0.1215,20308138.6,2026-05-28 23:59:59.999,2441237.0584
