open_time,open,high,low,close,volume,close_time,quote_asset_volume
2019-12-19,185.0,189.5,182.9,186.14,110800.434,2019-12-19 23:59:59.999,20719234.99368
2019-12-20,185.99,190.5,183.02,187.41,225130.546,2019-12-20 23:59:59.999,42116290.17663
2019-12-21,187.43,188.49,185.02,186.21,167471.832,2019-12-21 23:59:59.999,31261617.58847
2019-12-22,186.21,197.81,185.7,196.19,116332.603,2019-12-22 23:59:59.999,22057497.38222
2019-12-23,196.19,198.66,187.77,189.61,88983.918,2019-12-23 23:59:59.999,17295659.42149
2019-12-24,189.61,192.11,184.3,188.34,95153.136,2019-12-24 23:59:59.999,17996368.45536
2019-12-25,188.34,188.8,182.65,185.26,79815.776,2019-12-25 23:59:59.999,14853134.77752
2019-12-26,185.27,194.76,184.07,187.62,99537.923,2019-12-26 23:59:59.999,18706199.90067
2019-12-27,187.6,203.81,186.72,203.18,174701.046,2019-12-27 23:59:59.999,34143602.22029
2019-12-28,203.2,210.0,202.44,206.08,212754.718,2019-12-28 23:59:59.999,43963901.54233
2019-12-29,206.08,215.78,204.05,212.21,231217.018,2019-12-29 23:59:59.999,48675492.1195
2019-12-30,212.2,214.78,205.7,208.45,234498.747,2019-12-30 23:59:59.999,49328258.20123
2019-12-31,208.45,214.0,201.73,204.72,320814.994,2019-12-31 23:59:59.999,66711325.43368
2020-01-01,204.72,208.95,202.95,204.44,235950.127,2020-01-01 23:59:59.999,48629157.85569
2020-01-02,204.45,205.54,192.08,195.73,307659.505,2020-01-02 23:59:59.999,61783287.72486
2020-01-03,195.6,226.2,192.05,222.31,560968.042,2020-01-03 23:59:59.999,119540134.17901
2020-01-04,222.31,227.19,219.3,224.37,478534.844,2020-01-04 23:59:59.999,106654728.8047
2020-01-05,224.24,227.6,220.51,222.68,460171.541,2020-01-05 23:59:59.999,103094061.25644
2020-01-06,222.73,248.08,222.0,244.1,606014.515,2020-01-06 23:59:59.999,142681437.46752
2020-01-07,244.12,246.97,231.93,242.32,610964.456,2020-01-07 23:59:59.999,147255976.33314
2020-01-08,242.36,257.71,230.0,240.17,611483.117,2020-01-08 23:59:59.999,147548065.44653
2020-01-09,240.17,244.0,231.1,238.03,391595.059,2020-01-09 23:59:59.999,92746273.35281
2020-01-10,238.08,274.93,231.3,271.71,742149.591,2020-01-10 23:59:59.999,186406546.74301
2020-01-11,271.76,279.5,258.7,260.84,528805.671,2020-01-11 23:59:59.999,142201525.84249
2020-01-12,260.71,270.9,258.0,270.77,281476.573,2020-01-12 23:59:59.999,74619274.92942
2020-01-13,270.83,273.0,260.76,267.0,186010.49,2020-01-13 23:59:59.999,49317271.86423
2020-01-14,267.09,370.0,267.09,348.76,1266958.607,2020-01-14 23:59:59.999,401316219.37222
2020-01-15,348.55,362.76,312.5,340.3,970851.111,2020-01-15 23:59:59.999,327615976.18113
2020-01-16,340.36,343.44,310.2,326.77,565649.502,2020-01-16 23:59:59.999,182863826.66092
2020-01-17,326.77,384.17,320.0,368.2,696514.18,2020-01-17 23:59:59.999,244349822.31837
2020-01-18,368.18,408.37,330.46,339.63,761635.3,2020-01-18 23:59:59.999,276838936.40735
2020-01-19,339.65,366.59,320.15,339.62,475794.155,2020-01-19 23:59:59.999,162857678.37396
2020-01-20,339.79,353.14,322.97,343.88,252874.107,2020-01-20 23:59:59.999,85739559.07217
2020-01-21,343.88,348.02,332.41,343.48,169198.735,2020-01-21 23:59:59.999,57929761.67193
2020-01-22,343.54,355.66,339.5,349.12,152726.096,2020-01-22 23:59:59.999,52857622.96225
2020-01-23,349.42,350.45,316.64,325.55,274632.367,2020-01-23 23:59:59.999,91501569.37661
2020-01-24,325.58,329.0,298.63,319.2,455228.488,2020-01-24 23:59:59.999,143630196.23335
2020-01-25,319.25,319.86,305.0,310.49,230327.872,2020-01-25 23:59:59.999,71722011.32433
2020-01-26,310.35,349.4,308.0,347.89,369421.713,2020-01-26 23:59:59.999,122500548.92317
2020-01-27,347.91,377.87,347.79,362.79,550555.005,2020-01-27 23:59:59.999,200852449.11188
2020-01-28,362.9,385.84,360.8,378.82,421887.574,2020-01-28 23:59:59.999,156200701.5587
2020-01-29,378.82,396.33,375.96,380.4,364107.695,2020-01-29 23:59:59.999,140556209.0124
2020-01-30,380.54,400.36,372.0,392.81,402649.383,2020-01-30 23:59:59.999,156426513.099
2020-01-31,392.85,395.8,365.09,375.22,331651.593,2020-01-31 23:59:59.999,125388150.09084
2020-02-01,375.35,390.0,372.89,380.63,279493.713,2020-02-01 23:59:59.999,106570168.85223
2020-02-02,380.62,387.93,369.7,377.72,282770.45,2020-02-02 23:59:59.999,107392148.93634
2020-02-03,377.83,393.0,374.97,384.42,270961.085,2020-02-03 23:59:59.999,103880352.24163
2020-02-04,384.43,389.75,373.2,381.04,254456.491,2020-02-04 23:59:59.999,97003605.10257
2020-02-05,381.39,446.8,378.86,445.34,645369.242,2020-02-05 23:59:59.999,271588293.43709
2020-02-06,445.36,449.0,417.12,446.26,514588.788,2020-02-06 23:59:59.999,226030597.38334
2020-02-07,446.26,460.0,432.95,439.66,451019.061,2020-02-07 23:59:59.999,199549182.27361
2020-02-08,439.55,455.35,425.7,444.89,396768.958,2020-02-08 23:59:59.999,176246376.79993
2020-02-09,444.98,462.19,435.6,450.5,330721.988,2020-02-09 23:59:59.999,149036857.60657
2020-02-10,450.5,463.18,437.01,452.63,376636.508,2020-02-10 23:59:59.999,168976702.68342
2020-02-11,452.63,470.63,441.66,462.8,396722.184,2020-02-11 23:59:59.999,180537279.0875
2020-02-12,462.81,483.37,462.81,474.07,363423.37,2020-02-12 23:59:59.999,172351659.65586
2020-02-13,474.08,487.7,460.24,477.33,361949.703,2020-02-13 23:59:59.999,170867677.01809
2020-02-14,477.51,498.83,467.06,494.15,325020.08,2020-02-14 23:59:59.999,158022131.63469
2020-02-15,494.18,496.19,422.22,439.29,458579.253,2020-02-15 23:59:59.999,210137801.68478
2020-02-16,439.41,458.65,383.0,412.12,591293.63,2020-02-16 23:59:59.999,250534746.29539
2020-02-17,412.1,417.58,366.73,413.23,893342.982,2020-02-17 23:59:59.999,348196948.39842
2020-02-18,413.4,427.6,385.0,420.83,427137.061,2020-02-18 23:59:59.999,174066813.56949
2020-02-19,420.83,424.28,370.0,378.61,350040.476,2020-02-19 23:59:59.999,141644175.56492
2020-02-20,378.62,388.29,350.0,370.97,439154.845,2020-02-20 23:59:59.999,163622313.04236
2020-02-21,371.07,388.2,367.4,378.45,345691.019,2020-02-21 23:59:59.999,130884637.85748
2020-02-22,378.52,380.77,367.57,373.41,240633.654,2020-02-22 23:59:59.999,89972050.95302
2020-02-23,373.45,404.69,372.87,402.06,288177.606,2020-02-23 23:59:59.999,112965479.29473
2020-02-24,402.05,408.59,363.17,378.53,454837.177,2020-02-24 23:59:59.999,174817027.19459
2020-02-25,378.52,380.15,345.76,353.31,445593.556,2020-02-25 23:59:59.999,161333756.7492
2020-02-26,353.37,362.62,301.86,316.94,977175.513,2020-02-26 23:59:59.999,316568409.27161
2020-02-27,316.98,335.48,307.6,324.75,432744.158,2020-02-27 23:59:59.999,140434586.12161
2020-02-28,324.75,329.55,299.1,315.17,429787.17,2020-02-28 23:59:59.999,134269494.23627
2020-02-29,315.15,322.99,305.7,306.32,250679.229,2020-02-29 23:59:59.999,78639033.79408
2020-03-01,306.24,325.36,304.32,312.23,378310.586,2020-03-01 23:59:59.999,118865230.98243
2020-03-02,312.28,343.26,311.11,339.54,368554.643,2020-03-02 23:59:59.999,120579710.0674
2020-03-03,339.58,339.6,321.34,329.65,362667.561,2020-03-03 23:59:59.999,120013367.08127
2020-03-04,329.67,332.5,310.32,319.74,236867.475,2020-03-04 23:59:59.999,76430678.42447
2020-03-05,319.7,344.0,319.7,337.39,352830.629,2020-03-05 23:59:59.999,118141828.54753
2020-03-06,337.3,352.75,332.37,350.72,346589.385,2020-03-06 23:59:59.999,119890853.62162
2020-03-07,350.82,351.34,327.23,331.06,309081.1,2020-03-07 23:59:59.999,105354995.12295
2020-03-08,330.99,331.0,268.06,273.18,743524.158,2020-03-08 23:59:59.999,219378390.33887
2020-03-09,273.14,280.47,252.18,273.21,879518.391,2020-03-09 23:59:59.999,235733145.08184
2020-03-10,273.25,278.38,263.06,272.03,383150.681,2020-03-10 23:59:59.999,103890631.8933
2020-03-11,272.06,275.2,250.4,267.4,408388.849,2020-03-11 23:59:59.999,107728134.93359
2020-03-12,267.4,268.16,135.94,142.74,1095080.057,2020-03-12 23:59:59.999,220866701.07808
2020-03-13,142.74,189.35,128.63,177.39,1201190.806,2020-03-13 23:59:59.999,195384507.68138
2020-03-14,177.39,180.52,164.04,167.38,534244.079,2020-03-14 23:59:59.999,91877130.06851
2020-03-15,167.33,190.99,165.66,178.34,454298.032,2020-03-15 23:59:59.999,79462474.51856
2020-03-16,178.26,184.47,146.0,172.41,1099069.819,2020-03-16 23:59:59.999,182197793.70333
2020-03-17,172.41,188.28,168.79,182.46,740718.95,2020-03-17 23:59:59.999,133823528.34972
2020-03-18,182.45,186.03,169.0,184.94,550423.0,2020-03-18 23:59:59.999,98628102.05006
2020-03-19,184.94,234.0,177.9,220.99,808091.106,2020-03-19 23:59:59.999,166408976.51295
2020-03-20,221.03,247.05,189.14,215.23,1031704.838,2020-03-20 23:59:59.999,231057066.19128
2020-03-21,215.2,229.27,206.4,220.1,662721.801,2020-03-21 23:59:59.999,143735955.99537
2020-03-22,220.06,233.45,199.78,202.8,633937.68,2020-03-22 23:59:59.999,136260774.5307
2020-03-23,202.78,227.8,198.67,221.37,611540.356,2020-03-23 23:59:59.999,129255391.53831
2020-03-24,221.3,230.87,217.57,227.42,436015.025,2020-03-24 23:59:59.999,97842066.41974
2020-03-25,227.4,231.17,212.92,220.79,378288.738,2020-03-25 23:59:59.999,83812212.58098
2020-03-26,220.91,228.74,218.01,227.95,284932.582,2020-03-26 23:59:59.999,63670179.8753
2020-03-27,227.94,234.0,208.04,213.27,292045.759,2020-03-27 23:59:59.999,65953843.51041
2020-03-28,213.27,217.45,202.11,213.84,297763.429,2020-03-28 23:59:59.999,62262651.23459
2020-03-29,213.82,217.51,204.27,205.5,253587.548,2020-03-29 23:59:59.999,53317305.08867
2020-03-30,205.43,227.04,205.25,220.08,334014.995,2020-03-30 23:59:59.999,72537763.67521
2020-03-31,220.1,223.91,215.83,218.39,281242.4,2020-03-31 23:59:59.999,61859421.2613
2020-04-01,218.41,225.0,211.0,223.68,333411.402,2020-04-01 23:59:59.999,72476661.70971
2020-04-02,223.86,252.16,221.97,232.02,530697.877,2020-04-02 23:59:59.999,123174976.84756
2020-04-03,232.0,242.19,230.27,236.19,391512.325,2020-04-03 23:59:59.999,92467514.56199
2020-04-04,236.17,242.62,232.03,238.23,277061.446,2020-04-04 23:59:59.999,65490142.11736
2020-04-05,238.25,240.09,223.56,231.08,270175.018,2020-04-05 23:59:59.999,63178128.20691
2020-04-06,231.1,260.68,230.92,258.25,437561.472,2020-04-06 23:59:59.999,107288591.41873
2020-04-07,258.4,265.88,246.66,252.51,370463.078,2020-04-07 23:59:59.999,95242633.61845
2020-04-08,252.51,280.15,250.11,267.47,802738.737,2020-04-08 23:59:59.999,215673380.8276
2020-04-09,267.47,275.0,252.49,256.0,444001.785,2020-04-09 23:59:59.999,116636364.33239
2020-04-10,256.0,259.19,225.3,232.6,631191.432,2020-04-10 23:59:59.999,150466732.04524
2020-04-11,232.58,239.9,221.5,232.72,406776.142,2020-04-11 23:59:59.999,94411216.73795
2020-04-12,232.76,244.69,226.75,232.86,429818.924,2020-04-12 23:59:59.999,100729916.15419
2020-04-13,232.78,232.79,214.66,223.13,522440.67,2020-04-13 23:59:59.999,116097945.09896
2020-04-14,223.22,228.25,219.93,223.18,386429.1,2020-04-14 23:59:59.999,86770130.33982
2020-04-15,223.18,225.32,213.9,215.06,288026.001,2020-04-15 23:59:59.999,63738275.97097
2020-04-16,215.04,240.0,206.41,235.12,493699.471,2020-04-16 23:59:59.999,111292560.01237
2020-04-17,235.13,237.15,229.35,232.11,255440.836,2020-04-17 23:59:59.999,59475897.51613
2020-04-18,232.09,248.0,231.67,243.89,289969.357,2020-04-18 23:59:59.999,69322011.17331
2020-04-19,243.89,245.21,229.0,231.29,300756.255,2020-04-19 23:59:59.999,71359790.55349
2020-04-20,231.29,238.78,215.66,219.14,415098.667,2020-04-20 23:59:59.999,94484822.26112
2020-04-21,219.12,223.91,215.01,219.49,293855.784,2020-04-21 23:59:59.999,64644081.57246
2020-04-22,219.54,236.37,217.18,233.12,303514.758,2020-04-22 23:59:59.999,68792858.03099
2020-04-23,233.19,247.48,225.86,237.61,384843.965,2020-04-23 23:59:59.999,90545178.78081
2020-04-24,237.6,242.7,234.52,238.05,300044.991,2020-04-24 23:59:59.999,71576693.46629
2020-04-25,238.12,246.11,235.24,238.24,246846.136,2020-04-25 23:59:59.999,59256295.7135
2020-04-26,238.24,249.78,237.31,246.51,319292.488,2020-04-26 23:59:59.999,77371132.65386
2020-04-27,246.59,248.27,234.15,242.98,361377.022,2020-04-27 23:59:59.999,87184522.2614
2020-04-28,242.98,243.33,237.23,241.17,310601.6,2020-04-28 23:59:59.999,74608840.86764
2020-04-29,241.22,263.66,241.11,258.06,576709.503,2020-04-29 23:59:59.999,145129037.66439
2020-04-30,258.06,276.0,245.23,250.32,634222.701,2020-04-30 23:59:59.999,165540356.24416
2020-05-01,250.25,260.59,250.24,255.05,316307.803,2020-05-01 23:59:59.999,80709774.58801
2020-05-02,255.06,261.49,252.39,261.25,192953.644,2020-05-02 23:59:59.999,49447306.44301
2020-05-03,261.26,268.33,243.58,251.69,340687.714,2020-05-03 23:59:59.999,87614008.56189
2020-05-04,251.7,252.69,235.7,245.76,326909.745,2020-05-04 23:59:59.999,79650559.30501
2020-05-05,245.84,252.61,240.77,247.04,257285.582,2020-05-05 23:59:59.999,63461248.26429
2020-05-06,247.05,253.73,239.56,241.49,255925.567,2020-05-06 23:59:59.999,63481620.74613
2020-05-07,241.33,256.96,236.54,252.25,340298.329,2020-05-07 23:59:59.999,84347404.9973
2020-05-08,252.24,265.92,248.18,260.63,402655.356,2020-05-08 23:59:59.999,103698015.84492
2020-05-09,260.67,277.7,258.78,265.67,669660.831,2020-05-09 23:59:59.999,180576977.91588
2020-05-10,265.69,266.09,219.0,232.8,743279.086,2020-05-10 23:59:59.999,174739813.56872
2020-05-11,232.75,238.25,216.2,235.18,603401.946,2020-05-11 23:59:59.999,138814501.04059
2020-05-12,235.21,239.25,228.3,233.21,330126.667,2020-05-12 23:59:59.999,77370302.53989
2020-05-13,233.19,242.0,231.6,239.36,208091.55,2020-05-13 23:59:59.999,49132608.40926
2020-05-14,239.29,245.89,233.57,242.5,282862.101,2020-05-14 23:59:59.999,68015777.76609
2020-05-15,242.53,243.37,230.98,235.17,223848.019,2020-05-15 23:59:59.999,53219631.03152
2020-05-16,235.09,240.86,233.56,236.42,212431.154,2020-05-16 23:59:59.999,50422514.80038
2020-05-17,236.41,246.1,235.56,240.75,187187.0,2020-05-17 23:59:59.999,45033482.09498
2020-05-18,240.77,255.91,240.24,248.58,310328.917,2020-05-18 23:59:59.999,77090624.90686
2020-05-19,248.58,250.95,242.53,246.82,248688.749,2020-05-19 23:59:59.999,61316809.30923
2020-05-20,246.86,247.82,234.38,239.81,271830.081,2020-05-20 23:59:59.999,66126258.07935
2020-05-21,239.83,243.0,220.46,228.1,329694.611,2020-05-21 23:59:59.999,76506636.9195
2020-05-22,228.13,236.64,224.87,234.65,226763.006,2020-05-22 23:59:59.999,52522539.44658
2020-05-23,234.65,239.95,231.96,233.99,167097.418,2020-05-23 23:59:59.999,39319166.18379
2020-05-24,234.06,237.58,222.22,222.91,207444.322,2020-05-24 23:59:59.999,47953088.36609
2020-05-25,222.94,233.36,220.75,230.56,176426.234,2020-05-25 23:59:59.999,40329397.07268
2020-05-26,230.56,231.31,223.83,227.95,159133.929,2020-05-26 23:59:59.999,36264712.16005
2020-05-27,227.98,234.57,227.02,232.81,149318.986,2020-05-27 23:59:59.999,34492987.79502
2020-05-28,232.85,241.09,229.02,239.92,180429.95,2020-05-28 23:59:59.999,42269015.96534
2020-05-29,239.92,244.1,234.06,238.5,194918.642,2020-05-29 23:59:59.999,46563952.37027
2020-05-30,238.5,254.15,236.28,252.56,302165.714,2020-05-30 23:59:59.999,73998961.75599
2020-05-31,252.62,252.86,236.22,238.78,283118.369,2020-05-31 23:59:59.999,69613954.96
2020-06-01,238.78,255.42,237.66,253.64,324293.536,2020-06-01 23:59:59.999,79848156.96406
2020-06-02,253.64,277.5,240.74,251.04,686115.665,2020-06-02 23:59:59.999,176618188.80795
2020-06-03,251.08,254.35,246.37,253.49,288750.59,2020-06-03 23:59:59.999,72250545.95544
2020-06-04,253.49,261.2,247.21,256.37,409764.164,2020-06-04 23:59:59.999,104772724.81111
2020-06-05,256.37,263.61,254.5,256.3,374398.298,2020-06-05 23:59:59.999,96893143.98556
2020-06-06,256.24,258.8,251.0,253.33,228956.211,2020-06-06 23:59:59.999,58393998.93033
2020-06-07,253.33,255.98,245.44,253.64,268526.338,2020-06-07 23:59:59.999,67485402.98262
2020-06-08,253.64,256.85,251.5,255.47,189088.968,2020-06-08 23:59:59.999,48051605.04379
2020-06-09,255.47,257.34,249.48,254.14,205466.409,2020-06-09 23:59:59.999,52036961.98124
2020-06-10,254.13,258.9,250.2,257.0,278715.209,2020-06-10 23:59:59.999,71137846.78766
2020-06-11,257.0,258.16,230.61,234.84,342340.391,2020-06-11 23:59:59.999,84040748.43274
2020-06-12,234.82,243.87,233.08,240.99,173985.503,2020-06-12 23:59:59.999,41681976.71734
2020-06-13,240.93,242.4,237.34,240.82,113636.573,2020-06-13 23:59:59.999,27246589.80047
2020-06-14,240.86,241.0,235.01,237.46,112546.85,2020-06-14 23:59:59.999,26795919.16609
2020-06-15,237.56,238.27,224.2,235.56,275879.662,2020-06-15 23:59:59.999,63780724.49954
2020-06-16,235.57,239.08,233.0,237.4,155026.812,2020-06-16 23:59:59.999,36693835.65087
2020-06-17,237.4,243.44,234.92,240.37,195848.633,2020-06-17 23:59:59.999,46806323.49701
2020-06-18,240.43,240.68,232.5,236.12,127793.056,2020-06-18 23:59:59.999,30370717.15912
2020-06-19,236.17,236.57,230.42,233.37,176185.094,2020-06-19 23:59:59.999,41195194.36527
2020-06-20,233.37,235.18,228.45,232.69,126353.59,2020-06-20 23:59:59.999,29300711.03008
2020-06-21,232.69,234.49,229.7,230.3,88291.263,2020-06-21 23:59:59.999,20525428.14314
2020-06-22,230.3,244.08,229.75,241.01,179745.25,2020-06-22 23:59:59.999,42706762.53715
2020-06-23,241.01,244.8,239.13,240.78,150185.334,2020-06-23 23:59:59.999,36205477.94818
2020-06-24,240.81,245.82,229.44,232.82,248902.932,2020-06-24 23:59:59.999,59268913.37697
2020-06-25,232.81,235.0,226.23,232.46,138770.495,2020-06-25 23:59:59.999,32190285.54214
2020-06-26,232.46,233.72,228.21,230.7,147338.035,2020-06-26 23:59:59.999,33986175.1232
2020-06-27,230.7,231.63,203.73,216.3,301441.348,2020-06-27 23:59:59.999,65923782.45189
2020-06-28,216.3,225.4,213.38,222.64,189808.128,2020-06-28 23:59:59.999,41720749.3515
2020-06-29,222.66,227.5,218.31,225.29,171667.08,2020-06-29 23:59:59.999,38192030.36982
2020-06-30,225.33,226.12,220.51,222.17,148432.807,2020-06-30 23:59:59.999,33085266.50319
2020-07-01,222.17,226.86,220.61,223.83,162115.595,2020-07-01 23:59:59.999,36300279.18695
2020-07-02,223.82,225.88,217.12,219.69,200369.313,2020-07-02 23:59:59.999,44340044.63572
2020-07-03,219.69,223.92,219.07,220.76,110367.781,2020-07-03 23:59:59.999,24471089.37741
2020-07-04,220.73,226.73,220.23,225.27,99830.667,2020-07-04 23:59:59.999,22305408.43294
2020-07-05,225.28,225.86,215.38,222.3,144776.359,2020-07-05 23:59:59.999,32049415.91665
2020-07-06,222.3,243.75,221.72,242.27,364257.357,2020-07-06 23:59:59.999,85103099.40085
2020-07-07,242.25,244.42,234.74,237.85,195739.25,2020-07-07 23:59:59.999,46666737.95766
2020-07-08,237.86,246.97,235.9,243.34,244712.006,2020-07-08 23:59:59.999,59393700.48972
2020-07-09,243.34,245.74,232.9,238.14,271193.089,2020-07-09 23:59:59.999,65026435.49533
2020-07-10,238.14,240.4,232.36,238.54,185577.193,2020-07-10 23:59:59.999,43923918.18381
2020-07-11,238.58,239.58,234.68,236.7,107004.627,2020-07-11 23:59:59.999,25367785.059
2020-07-12,236.71,239.5,231.83,237.55,173700.191,2020-07-12 23:59:59.999,41036630.66318
2020-07-13,237.57,238.0,223.52,232.2,244672.211,2020-07-13 23:59:59.999,57112941.95691
2020-07-14,232.16,232.16,226.51,230.38,156934.439,2020-07-14 23:59:59.999,36023439.97527
2020-07-15,230.37,230.98,225.93,227.65,129008.643,2020-07-15 23:59:59.999,29464562.04767
2020-07-16,227.65,228.3,216.6,224.38,237952.963,2020-07-16 23:59:59.999,52965494.44336
2020-07-17,224.34,226.15,221.97,222.8,99799.301,2020-07-17 23:59:59.999,22320377.39233
2020-07-18,222.75,226.75,222.31,224.52,110913.513,2020-07-18 23:59:59.999,24951420.88848
2020-07-19,224.48,228.99,220.11,227.94,165814.856,2020-07-19 23:59:59.999,37213834.25048
2020-07-20,227.96,228.63,220.77,222.79,139328.956,2020-07-20 23:59:59.999,31310667.27861
2020-07-21,222.79,232.79,222.17,230.48,194489.028,2020-07-21 23:59:59.999,44471202.07536
2020-07-22,230.47,241.96,227.45,240.13,251291.996,2020-07-22 23:59:59.999,58584157.97473
2020-07-23,240.13,245.42,234.96,238.6,235104.251,2020-07-23 23:59:59.999,56253097.48636
2020-07-24,238.57,239.22,232.56,235.26,174118.701,2020-07-24 23:59:59.999,41095036.08055
2020-07-25,235.26,254.26,235.01,251.46,421563.843,2020-07-25 23:59:59.999,103455637.04314
2020-07-26,251.47,259.12,244.07,247.79,439417.805,2020-07-26 23:59:59.999,110116922.85882
2020-07-27,247.79,276.2,247.58,269.09,888598.841,2020-07-27 23:59:59.999,231850994.57086
2020-07-28,269.06,298.1,265.11,289.32,1121235.499,2020-07-28 23:59:59.999,316942416.18425
2020-07-29,289.31,295.0,285.53,288.22,489910.981,2020-07-29 23:59:59.999,142243343.72934
2020-07-30,288.21,301.27,281.0,291.75,534638.068,2020-07-30 23:59:59.999,154411612.1834
2020-07-31,291.75,307.0,287.3,300.88,464872.79,2020-07-31 23:59:59.999,138099973.88013
2020-08-01,300.88,322.12,298.34,319.67,675093.9,2020-08-01 23:59:59.999,210244799.71373
2020-08-02,319.66,339.8,236.0,284.45,1022327.547,2020-08-02 23:59:59.999,302821785.53297
2020-08-03,284.54,305.47,279.58,297.13,502306.242,2020-08-03 23:59:59.999,147932505.91265
2020-08-04,297.09,303.74,281.47,288.47,361347.624,2020-08-04 23:59:59.999,105534952.20039
2020-08-05,288.51,298.72,283.0,293.9,448195.332,2020-08-05 23:59:59.999,131376912.74185
2020-08-06,293.85,320.3,287.57,309.37,714010.862,2020-08-06 23:59:59.999,217630793.74049
2020-08-07,309.42,326.69,274.0,302.6,1119668.291,2020-08-07 23:59:59.999,348442993.60719
2020-08-08,302.59,309.99,297.1,305.6,394181.033,2020-08-08 23:59:59.999,119642360.78886
2020-08-09,305.6,309.92,290.6,300.33,383328.256,2020-08-09 23:59:59.999,115801095.87713
2020-08-10,300.35,309.74,281.46,302.81,414950.625,2020-08-10 23:59:59.999,125608064.57489
2020-08-11,302.81,306.38,269.15,281.98,504881.088,2020-08-11 23:59:59.999,145727027.72844
2020-08-12,281.85,290.51,270.72,284.97,385337.134,2020-08-12 23:59:59.999,109028843.71612
2020-08-13,284.97,297.71,274.24,296.29,490267.055,2020-08-13 23:59:59.999,139623631.26455
2020-08-14,296.29,298.55,287.05,293.8,430180.784,2020-08-14 23:59:59.999,126436605.71717
2020-08-15,293.76,310.26,290.5,302.68,553649.978,2020-08-15 23:59:59.999,166354065.56819
2020-08-16,302.69,314.55,293.32,308.9,509652.392,2020-08-16 23:59:59.999,155568374.66549
2020-08-17,308.91,326.49,301.28,318.31,725153.798,2020-08-17 23:59:59.999,228429183.92483
2020-08-18,318.31,325.08,299.0,303.37,544292.979,2020-08-18 23:59:59.999,169963991.06026
2020-08-19,303.37,309.53,281.0,293.0,551361.718,2020-08-19 23:59:59.999,162422722.61658
2020-08-20,293.07,296.8,289.04,294.93,271545.818,2020-08-20 23:59:59.999,79634852.34522
2020-08-21,294.81,306.27,281.41,283.24,469122.573,2020-08-21 23:59:59.999,138181742.88614
2020-08-22,283.22,288.11,276.06,286.74,207091.818,2020-08-22 23:59:59.999,58637137.75854
2020-08-23,286.79,288.69,278.9,284.96,163530.539,2020-08-23 23:59:59.999,46405725.51464
2020-08-24,284.97,295.59,282.26,291.01,237784.986,2020-08-24 23:59:59.999,69030621.40373
2020-08-25,291.0,292.0,267.98,275.78,331245.721,2020-08-25 23:59:59.999,92819530.00599
2020-08-26,275.71,279.47,271.24,275.2,232601.99,2020-08-26 23:59:59.999,64060795.29602
2020-08-27,275.2,277.45,258.48,264.99,330924.549,2020-08-27 23:59:59.999,88948971.15631
2020-08-28,265.02,272.24,261.2,268.88,210668.74,2020-08-28 23:59:59.999,56388664.20854
2020-08-29,268.86,273.02,266.05,268.36,180281.376,2020-08-29 23:59:59.999,48632586.42514
2020-08-30,268.36,279.87,268.03,279.61,210474.728,2020-08-30 23:59:59.999,57725109.63956
2020-08-31,279.61,281.9,272.97,273.87,219762.428,2020-08-31 23:59:59.999,60915813.27559
2020-09-01,273.86,297.91,268.61,292.5,442181.468,2020-09-01 23:59:59.999,124566836.94178
2020-09-02,292.5,295.76,243.4,264.15,497223.975,2020-09-02 23:59:59.999,135448798.07259
2020-09-03,264.09,266.58,197.0,213.63,538379.917,2020-09-03 23:59:59.999,130005544.99904
2020-09-04,213.57,239.88,210.92,229.88,538475.671,2020-09-04 23:59:59.999,121916159.3602
2020-09-05,229.8,234.69,213.45,225.71,535491.332,2020-09-05 23:59:59.999,120388866.97107
2020-09-06,225.84,233.58,219.0,227.7,307356.537,2020-09-06 23:59:59.999,69816392.80694
2020-09-07,227.67,229.93,215.27,228.79,331368.476,2020-09-07 23:59:59.999,74226404.75839
2020-09-08,228.87,230.6,215.27,222.37,280437.209,2020-09-08 23:59:59.999,62740454.81394
2020-09-09,222.47,228.63,218.44,224.01,167718.765,2020-09-09 23:59:59.999,37614909.10415
2020-09-10,224.12,230.9,223.77,227.44,241070.547,2020-09-10 23:59:59.999,54706892.82273
2020-09-11,227.41,228.6,220.2,225.27,179869.304,2020-09-11 23:59:59.999,40329045.80723
2020-09-12,225.24,230.54,222.24,230.32,137211.946,2020-09-12 23:59:59.999,31001824.0484
2020-09-13,230.34,234.96,219.04,222.1,225003.404,2020-09-13 23:59:59.999,51051545.62093
2020-09-14,222.13,229.0,218.81,225.85,214436.975,2020-09-14 23:59:59.999,48284632.22119
2020-09-15,225.88,242.07,224.93,235.3,526035.267,2020-09-15 23:59:59.999,124394413.07844
2020-09-16,235.3,235.6,226.1,230.8,321298.637,2020-09-16 23:59:59.999,74325125.03646
2020-09-17,230.8,239.51,229.54,232.91,233332.808,2020-09-17 23:59:59.999,54564463.26796
2020-09-18,232.91,239.0,230.1,234.12,194901.843,2020-09-18 23:59:59.999,45693590.05985
2020-09-19,234.08,238.0,231.54,233.23,203707.044,2020-09-19 23:59:59.999,47781286.41087
2020-09-20,233.22,233.49,222.03,226.19,184843.209,2020-09-20 23:59:59.999,41949381.27448
2020-09-21,226.2,229.0,207.13,212.37,271211.578,2020-09-21 23:59:59.999,59076232.01181
2020-09-22,212.37,220.46,210.37,220.08,165552.581,2020-09-22 23:59:59.999,35562997.79678
2020-09-23,219.99,220.08,202.79,207.98,224321.265,2020-09-23 23:59:59.999,47915422.62241
2020-09-24,207.97,219.06,206.16,216.26,169272.758,2020-09-24 23:59:59.999,36079621.46496
2020-09-25,216.26,218.0,210.77,216.47,188229.698,2020-09-25 23:59:59.999,40445682.96043
2020-09-26,216.47,224.42,212.5,221.34,178683.82,2020-09-26 23:59:59.999,39016092.24929
2020-09-27,221.34,232.33,216.18,229.55,284706.185,2020-09-27 23:59:59.999,63823083.14758
2020-09-28,229.59,235.13,223.8,225.87,345307.421,2020-09-28 23:59:59.999,79549901.70635
2020-09-29,225.88,230.62,224.28,229.1,227271.806,2020-09-29 23:59:59.999,51610586.75948
2020-09-30,229.11,231.56,225.0,228.06,198916.681,2020-09-30 23:59:59.999,45373718.24738
2020-10-01,228.06,234.37,221.73,227.98,265269.547,2020-10-01 23:59:59.999,60444572.53396
2020-10-02,227.98,228.58,212.2,219.67,267508.718,2020-10-02 23:59:59.999,58681212.16788
2020-10-03,219.67,221.63,217.54,218.41,100688.779,2020-10-03 23:59:59.999,22131942.70459
2020-10-04,218.4,222.99,216.33,220.93,120375.426,2020-10-04 23:59:59.999,26461409.01614
2020-10-05,220.89,222.89,218.03,221.66,133601.558,2020-10-05 23:59:59.999,29449623.56681
2020-10-06,221.69,230.55,214.27,219.55,346234.84,2020-10-06 23:59:59.999,77115880.77105
2020-10-07,219.56,224.5,215.97,223.0,163102.762,2020-10-07 23:59:59.999,35891793.1671
2020-10-08,222.99,236.53,221.14,233.98,362181.925,2020-10-08 23:59:59.999,83035921.22855
2020-10-09,233.97,240.5,232.0,237.33,327339.493,2020-10-09 23:59:59.999,77434347.08569
2020-10-10,237.35,246.78,235.78,237.41,334474.618,2020-10-10 23:59:59.999,80778738.38602
2020-10-11,237.4,244.23,236.13,239.05,312708.855,2020-10-11 23:59:59.999,74936276.28299
2020-10-12,239.05,244.12,231.12,239.65,309303.82,2020-10-12 23:59:59.999,73994888.99234
2020-10-13,239.65,255.5,237.45,253.4,576788.893,2020-10-13 23:59:59.999,142477397.44517
2020-10-14,253.4,260.61,250.04,259.0,513199.337,2020-10-14 23:59:59.999,130526462.38256
2020-10-15,258.99,265.12,255.51,262.26,684809.243,2020-10-15 23:59:59.999,178519873.47123
2020-10-16,262.27,266.87,241.86,250.48,768709.005,2020-10-16 23:59:59.999,194702360.82498
2020-10-17,250.48,252.87,241.0,244.83,328143.995,2020-10-17 23:59:59.999,81141352.92941
2020-10-18,244.88,251.43,243.83,249.4,207972.537,2020-10-18 23:59:59.999,51519042.79797
2020-10-19,249.39,252.83,245.22,250.02,273381.219,2020-10-19 23:59:59.999,68091567.36354
2020-10-20,250.03,250.29,237.88,240.92,338912.647,2020-10-20 23:59:59.999,82872528.06635
2020-10-21,240.92,264.44,240.07,258.66,654684.61,2020-10-21 23:59:59.999,167493586.25746
2020-10-22,258.57,274.8,258.5,268.1,608121.844,2020-10-22 23:59:59.999,163528509.30421
2020-10-23,268.1,276.35,264.17,270.64,466909.196,2020-10-23 23:59:59.999,126521209.02797
2020-10-24,270.63,279.26,267.76,276.05,323669.841,2020-10-24 23:59:59.999,88515768.47333
2020-10-25,276.04,276.43,268.27,271.36,303010.08,2020-10-25 23:59:59.999,82424587.94435
2020-10-26,271.34,273.61,252.5,259.54,468674.034,2020-10-26 23:59:59.999,123875593.08466
2020-10-27,259.57,268.47,257.34,264.38,398726.795,2020-10-27 23:59:59.999,105104176.54665
2020-10-28,264.36,281.0,259.21,268.34,1027528.408,2020-10-28 23:59:59.999,278764995.76875
2020-10-29,268.32,271.83,257.12,267.37,453955.796,2020-10-29 23:59:59.999,120833788.39675
2020-10-30,267.35,270.72,255.0,261.95,489921.15,2020-10-30 23:59:59.999,128593598.99371
2020-10-31,261.95,266.51,259.58,262.14,238968.745,2020-10-31 23:59:59.999,62900475.08474
2020-11-01,262.14,270.93,260.2,268.14,274193.091,2020-11-01 23:59:59.999,72892036.00911
2020-11-02,268.15,271.85,252.6,257.29,530765.753,2020-11-02 23:59:59.999,138816480.43844
2020-11-03,257.35,259.0,228.01,243.85,610985.958,2020-11-03 23:59:59.999,148283274.52645
2020-11-04,243.99,244.38,230.35,240.78,291358.861,2020-11-04 23:59:59.999,69349239.92662
2020-11-05,240.79,252.1,240.46,249.28,333211.296,2020-11-05 23:59:59.999,81882312.77496
2020-11-06,249.25,259.71,247.69,257.88,317287.776,2020-11-06 23:59:59.999,80730160.95806
2020-11-07,257.78,278.12,244.53,253.7,557162.226,2020-11-07 23:59:59.999,147020139.75898
2020-11-08,253.68,279.86,250.47,271.24,326938.172,2020-11-08 23:59:59.999,87198777.06747
2020-11-09,271.24,274.7,256.74,264.27,350793.119,2020-11-09 23:59:59.999,93565915.57977
2020-11-10,264.28,266.59,254.51,257.25,232533.886,2020-11-10 23:59:59.999,60423318.22702
2020-11-11,257.26,262.7,254.96,256.45,223217.264,2020-11-11 23:59:59.999,57694526.38792
2020-11-12,256.44,265.23,251.26,259.8,333268.012,2020-11-12 23:59:59.999,85798686.95205
2020-11-13,259.8,260.19,245.17,257.71,315481.145,2020-11-13 23:59:59.999,80216465.22828
2020-11-14,257.7,257.7,243.09,245.86,211386.399,2020-11-14 23:59:59.999,52990383.31454
2020-11-15,245.9,249.0,230.22,240.98,443772.231,2020-11-15 23:59:59.999,107119021.47087
2020-11-16,241.0,253.31,233.05,249.77,304177.304,2020-11-16 23:59:59.999,75132905.16641
2020-11-17,249.8,258.77,248.28,255.73,227385.629,2020-11-17 23:59:59.999,57766151.64344
2020-11-18,255.69,259.38,241.68,246.51,237293.548,2020-11-18 23:59:59.999,59151597.3662
2020-11-19,246.51,250.47,241.16,246.18,153469.151,2020-11-19 23:59:59.999,37915619.77566
2020-11-20,246.15,260.65,245.84,260.43,300602.39,2020-11-20 23:59:59.999,76878142.26343
2020-11-21,260.44,310.82,256.16,305.68,823364.856,2020-11-21 23:59:59.999,233995899.24861
2020-11-22,305.73,314.1,273.81,289.41,795301.616,2020-11-22 23:59:59.999,231923045.52781
2020-11-23,289.36,328.69,283.0,323.89,833539.879,2020-11-23 23:59:59.999,253755069.38073
2020-11-24,323.75,373.41,323.38,348.6,1514595.637,2020-11-24 23:59:59.999,522382186.41944
2020-11-25,348.65,364.05,297.0,313.47,975037.431,2020-11-25 23:59:59.999,330763119.22867
2020-11-26,313.31,322.34,249.24,271.7,1547360.05,2020-11-26 23:59:59.999,432946810.17749
2020-11-27,271.65,279.32,255.84,265.65,621830.997,2020-11-27 23:59:59.999,165918056.23904
2020-11-28,265.58,285.24,260.78,276.1,592459.545,2020-11-28 23:59:59.999,161854614.80892
2020-11-29,276.09,290.31,272.0,285.43,498833.363,2020-11-29 23:59:59.999,140004066.18386
2020-11-30,285.44,323.0,280.26,317.87,898226.197,2020-11-30 23:59:59.999,270390891.8142
2020-12-01,317.83,321.74,269.9,287.76,1230231.097,2020-12-01 23:59:59.999,370091603.19196
2020-12-02,287.67,298.59,280.11,294.35,455880.078,2020-12-02 23:59:59.999,132646711.17075
2020-12-03,294.34,297.88,285.82,292.35,350572.784,2020-12-03 23:59:59.999,102299385.13176
2020-12-04,292.35,308.29,276.86,279.77,754325.697,2020-12-04 23:59:59.999,219597670.16516
2020-12-05,279.77,290.18,274.54,289.77,257003.571,2020-12-05 23:59:59.999,72710665.11753
2020-12-06,289.76,293.99,279.41,286.44,247883.885,2020-12-06 23:59:59.999,70851193.64512
2020-12-07,286.5,291.25,281.16,284.19,248418.978,2020-12-07 23:59:59.999,71096066.98196
2020-12-08,284.2,285.32,262.54,267.84,353135.756,2020-12-08 23:59:59.999,96884156.53911
2020-12-09,267.88,271.4,254.96,268.84,327245.598,2020-12-09 23:59:59.999,86523793.86136
2020-12-10,268.83,269.55,261.4,265.96,188337.249,2020-12-10 23:59:59.999,50019540.51843
2020-12-11,265.97,267.17,256.1,259.49,264815.097,2020-12-11 23:59:59.999,68765438.06697
2020-12-12,259.49,269.97,258.15,267.96,188694.937,2020-12-12 23:59:59.999,50172637.3528
2020-12-13,267.99,282.7,265.89,276.12,264148.71,2020-12-13 23:59:59.999,72667886.65436
2020-12-14,276.12,280.52,264.73,276.97,262665.113,2020-12-14 23:59:59.999,71451373.08122
2020-12-15,277.03,299.33,270.06,289.13,727611.325,2020-12-15 23:59:59.999,209064451.13081
2020-12-16,289.14,314.87,281.78,312.38,772505.749,2020-12-16 23:59:59.999,228706969.40421
2020-12-17,312.4,331.91,301.26,310.87,1328253.599,2020-12-17 23:59:59.999,422081296.04098
2020-12-18,310.84,323.8,305.06,313.64,706261.525,2020-12-18 23:59:59.999,221564314.01592
2020-12-19,313.63,326.25,309.62,318.28,585572.757,2020-12-19 23:59:59.999,186280618.15577
2020-12-20,318.26,368.83,310.26,349.41,1604197.539,2020-12-20 23:59:59.999,559377433.39128
2020-12-21,349.38,381.0,306.78,313.65,2084449.87,2020-12-21 23:59:59.999,711229882.70295
2020-12-22,313.67,325.0,298.0,322.83,904621.05,2020-12-22 23:59:59.999,282740107.4001
2020-12-23,322.82,326.6,265.69,275.21,1094981.969,2020-12-23 23:59:59.999,323941549.66135
2020-12-24,275.21,299.7,270.13,296.74,719005.813,2020-12-24 23:59:59.999,203460635.35331
2020-12-25,296.66,325.58,293.22,319.37,872119.101,2020-12-25 23:59:59.999,270533822.03794
2020-12-26,319.4,330.81,310.01,324.06,930073.005,2020-12-26 23:59:59.999,298523287.91011
2020-12-27,323.95,367.73,306.18,338.42,1488136.497,2020-12-27 23:59:59.999,507976096.66845
2020-12-28,338.32,377.72,334.14,361.12,1037753.147,2020-12-28 23:59:59.999,374391663.17184
2020-12-29,361.16,367.55,330.64,353.37,747890.523,2020-12-29 23:59:59.999,259081155.52827
2020-12-30,353.33,367.71,341.43,359.26,733212.188,2020-12-30 23:59:59.999,259770171.93132
2020-12-31,359.33,361.93,334.56,342.49,549601.221,2020-12-31 23:59:59.999,191298523.27796
2021-01-01,342.49,355.96,331.0,342.0,503065.387,2021-01-01 23:59:59.999,174027597.18991
2021-01-02,341.99,368.8,333.48,354.88,805647.368,2021-01-02 23:59:59.999,283021543.78301
2021-01-03,354.92,435.65,354.69,425.18,1749575.56,2021-01-03 23:59:59.999,683608111.65
2021-01-04,425.15,468.2,378.08,405.66,1569669.473,2021-01-04 23:59:59.999,654571214.242
2021-01-05,405.77,425.86,390.0,418.74,879639.307,2021-01-05 23:59:59.999,359627223.37933
2021-01-06,418.92,459.18,410.94,454.23,895990.226,2021-01-06 23:59:59.999,389440792.64704
2021-01-07,454.26,485.3,425.38,448.99,1115864.573,2021-01-07 23:59:59.999,507124708.79814
2021-01-08,448.77,455.5,402.08,437.33,1062059.882,2021-01-08 23:59:59.999,460068833.53827
2021-01-09,437.54,590.0,418.08,576.54,1783124.847,2021-01-09 23:59:59.999,875677813.66015
2021-01-10,576.49,630.0,548.0,601.44,2910249.086,2021-01-10 23:59:59.999,1718698165.19456
2021-01-11,601.36,604.6,400.19,476.91,2583133.588,2021-01-11 23:59:59.999,1254632338.74807
2021-01-12,476.69,510.95,443.74,452.27,997849.765,2021-01-12 23:59:59.999,472193188.75391
2021-01-13,452.31,501.5,435.35,496.75,873753.745,2021-01-13 23:59:59.999,414077599.83558
2021-01-14,496.75,539.79,483.95,527.67,770515.378,2021-01-14 23:59:59.999,393886500.90749
2021-01-15,527.62,537.09,452.23,491.1,836629.41,2021-01-15 23:59:59.999,413773610.64099
2021-01-16,491.11,516.73,473.85,490.14,581788.317,2021-01-16 23:59:59.999,288369516.06496
2021-01-17,490.22,496.4,461.65,480.0,404197.959,2021-01-17 23:59:59.999,193643489.13925
2021-01-18,479.88,515.0,470.07,509.66,504798.72,2021-01-18 23:59:59.999,247966253.91661
2021-01-19,509.78,554.96,503.49,507.75,784663.918,2021-01-19 23:59:59.999,413291912.80352
2021-01-20,507.84,519.08,470.29,497.48,620709.684,2021-01-20 23:59:59.999,306748142.07923
2021-01-21,497.48,499.92,405.05,418.74,721656.644,2021-01-21 23:59:59.999,325364345.25112
2021-01-22,418.66,450.85,391.53,440.32,696043.282,2021-01-22 23:59:59.999,296077213.5373
2021-01-23,440.44,444.31,419.02,431.89,405321.985,2021-01-23 23:59:59.999,174906067.28272
2021-01-24,431.7,449.53,421.71,439.98,405053.472,2021-01-24 23:59:59.999,176703578.33406
2021-01-25,440.0,466.22,430.75,432.29,506363.385,2021-01-25 23:59:59.999,228115017.0408
2021-01-26,432.37,439.0,413.3,428.12,362871.708,2021-01-26 23:59:59.999,155162194.40719
2021-01-27,428.21,428.71,369.75,377.43,641046.908,2021-01-27 23:59:59.999,251025101.7695
2021-01-28,377.56,415.1,370.43,405.38,439938.202,2021-01-28 23:59:59.999,173199397.39344
2021-01-29,405.28,436.08,391.56,407.7,709034.59,2021-01-29 23:59:59.999,294056695.41683
2021-01-30,407.7,421.06,392.33,417.8,377150.259,2021-01-30 23:59:59.999,153621496.7064
2021-01-31,417.8,417.8,391.15,400.09,289888.346,2021-01-31 23:59:59.999,116934796.40498
2021-02-01,400.0,446.53,390.0,414.95,629976.179,2021-02-01 23:59:59.999,262248803.42203
2021-02-02,415.01,436.0,411.44,431.04,460615.383,2021-02-02 23:59:59.999,195418689.99732
2021-02-03,430.92,450.74,428.0,446.81,530955.415,2021-02-03 23:59:59.999,233561597.93975
2021-02-04,446.79,456.37,413.0,421.32,495368.644,2021-02-04 23:59:59.999,214125377.56401
2021-02-05,421.28,449.63,417.74,448.2,473208.103,2021-02-05 23:59:59.999,206336046.98639
2021-02-06,448.34,491.51,446.74,459.12,995410.108,2021-02-06 23:59:59.999,470985610.23834
2021-02-07,459.09,465.06,430.0,445.76,576827.35,2021-02-07 23:59:59.999,259620658.22119
2021-02-08,445.62,490.5,437.01,485.0,640896.448,2021-02-08 23:59:59.999,298114479.23563
2021-02-09,484.95,521.15,472.81,516.06,908157.348,2021-02-09 23:59:59.999,450296333.65052
2021-02-10,515.97,544.24,464.13,495.53,1235514.084,2021-02-10 23:59:59.999,626932302.04108
2021-02-11,495.39,544.39,490.75,530.78,699235.987,2021-02-11 23:59:59.999,364150631.51337
2021-02-12,530.78,581.0,510.0,577.54,894487.42,2021-02-12 23:59:59.999,485722558.38733
2021-02-13,577.31,669.82,541.0,668.9,1371692.403,2021-02-13 23:59:59.999,828950931.12433
2021-02-14,669.05,750.47,652.38,721.7,1848970.97,2021-02-14 23:59:59.999,1293154358.58693
2021-02-15,721.49,776.5,586.76,715.77,2317547.341,2021-02-15 23:59:59.999,1629595116.45139
2021-02-16,716.5,746.1,667.97,705.87,1209673.381,2021-02-16 23:59:59.999,857760251.45225
2021-02-17,705.97,730.37,675.64,717.41,885628.198,2021-02-17 23:59:59.999,628921406.31803
2021-02-18,717.64,733.46,690.31,704.9,624240.751,2021-02-18 23:59:59.999,444448338.1692
2021-02-19,705.02,747.37,681.62,720.23,816086.526,2021-02-19 23:59:59.999,583807306.17513
2021-02-20,720.19,751.61,622.44,679.36,1044353.179,2021-02-20 23:59:59.999,742710656.99502
2021-02-21,679.09,738.27,666.18,707.65,803795.999,2021-02-21 23:59:59.999,564257441.18931
2021-02-22,707.69,712.2,516.16,628.6,1273129.463,2021-02-22 23:59:59.999,811769067.9471
2021-02-23,628.5,632.95,405.0,515.49,1670482.267,2021-02-23 23:59:59.999,862198298.78496
2021-02-24,515.32,555.89,495.05,526.66,755272.253,2021-02-24 23:59:59.999,401583924.58681
2021-02-25,526.51,557.65,493.49,499.31,652861.022,2021-02-25 23:59:59.999,346579548.78801
2021-02-26,499.25,508.76,457.21,484.69,653289.144,2021-02-26 23:59:59.999,316866300.87867
2021-02-27,484.71,502.79,473.11,483.43,379602.325,2021-02-27 23:59:59.999,186209625.71463
2021-02-28,483.43,485.51,431.4,460.55,542716.122,2021-02-28 23:59:59.999,246699370.47489
2021-03-01,460.55,507.0,457.51,501.84,411467.535,2021-03-01 23:59:59.999,198349603.10282
2021-03-02,501.82,550.3,494.23,517.47,760024.285,2021-03-02 23:59:59.999,397476409.70191
2021-03-03,517.48,556.38,511.22,521.45,556422.239,2021-03-03 23:59:59.999,297494621.16172
2021-03-04,521.34,539.01,492.72,506.03,525950.646,2021-03-04 23:59:59.999,270607365.46775
2021-03-05,506.0,506.41,472.98,497.48,405033.045,2021-03-05 23:59:59.999,198247206.91486
2021-03-06,497.55,506.02,482.72,500.93,236320.011,2021-03-06 23:59:59.999,117025534.87529
2021-03-07,500.79,519.21,500.73,517.17,242382.51,2021-03-07 23:59:59.999,123619836.74766
2021-03-08,517.17,530.6,500.55,529.92,373045.041,2021-03-08 23:59:59.999,192630699.7236
2021-03-09,529.96,548.0,524.25,546.4,372503.708,2021-03-09 23:59:59.999,200756741.72708
2021-03-10,546.35,569.63,517.4,547.37,652587.785,2021-03-10 23:59:59.999,356049462.58995
2021-03-11,547.22,566.09,528.49,550.57,589033.32,2021-03-11 23:59:59.999,321412964.35668
2021-03-12,550.64,565.0,509.34,539.01,580203.869,2021-03-12 23:59:59.999,312007803.5962
2021-03-13,538.97,610.44,521.35,595.27,721970.062,2021-03-13 23:59:59.999,415087914.72645
2021-03-14,595.28,603.42,551.69,552.59,538100.088,2021-03-14 23:59:59.999,310518895.50467
2021-03-15,552.55,569.38,514.11,523.88,612076.379,2021-03-15 23:59:59.999,328051748.87434
2021-03-16,523.87,538.9,501.76,528.9,427081.365,2021-03-16 23:59:59.999,223584411.639
2021-03-17,528.92,542.58,512.0,542.17,365694.808,2021-03-17 23:59:59.999,192334029.73465
2021-03-18,542.17,548.0,522.76,528.62,335349.917,2021-03-18 23:59:59.999,179782439.83065
2021-03-19,528.73,552.02,517.04,533.13,339931.025,2021-03-19 23:59:59.999,182275008.9176
2021-03-20,533.1,553.38,530.01,536.7,297292.756,2021-03-20 23:59:59.999,161640520.11161
2021-03-21,536.7,543.87,514.64,524.22,271428.541,2021-03-21 23:59:59.999,142969054.09874
2021-03-22,524.17,540.41,505.39,509.5,455644.554,2021-03-22 23:59:59.999,239038810.45512
2021-03-23,509.55,533.46,506.0,511.26,389889.581,2021-03-23 23:59:59.999,203135050.2717
2021-03-24,511.36,530.2,439.56,474.43,559837.429,2021-03-24 23:59:59.999,280802360.35789
2021-03-25,474.36,482.89,451.07,473.1,452934.86,2021-03-25 23:59:59.999,212631916.16885
2021-03-26,473.18,508.09,470.83,505.82,365043.576,2021-03-26 23:59:59.999,177957790.23236
2021-03-27,505.82,510.0,485.63,501.02,255434.462,2021-03-27 23:59:59.999,127425120.20741
2021-03-28,501.02,506.04,487.64,497.52,206732.571,2021-03-28 23:59:59.999,103073611.01891
2021-03-29,497.43,524.89,492.11,518.81,285281.176,2021-03-29 23:59:59.999,146559768.75654
2021-03-30,518.81,537.55,511.91,526.45,331061.601,2021-03-30 23:59:59.999,174027619.73787
2021-03-31,526.49,546.15,501.34,541.89,510558.599,2021-03-31 23:59:59.999,267677323.32078
2021-04-01,541.86,560.9,529.38,557.28,482954.567,2021-04-01 23:59:59.999,263285820.48007
2021-04-02,557.29,599.7,545.7,581.65,615100.245,2021-04-02 23:59:59.999,353683436.00826
2021-04-03,581.69,597.45,530.0,531.17,577158.313,2021-04-03 23:59:59.999,328053808.04389
2021-04-04,531.25,565.25,518.58,561.26,362571.263,2021-04-04 23:59:59.999,199605799.84087
2021-04-05,561.3,648.65,554.25,648.47,828421.007,2021-04-05 23:59:59.999,498646419.91247
2021-04-06,648.37,675.96,615.09,663.42,869462.898,2021-04-06 23:59:59.999,563930175.46824
2021-04-07,663.52,694.97,594.0,616.28,1095604.308,2021-04-07 23:59:59.999,700378909.11022
2021-04-08,616.19,644.8,609.39,643.95,416268.358,2021-04-08 23:59:59.999,261998770.19308
2021-04-09,643.82,650.59,625.0,632.11,348207.582,2021-04-09 23:59:59.999,222140200.96295
2021-04-10,632.19,683.91,625.0,674.43,539999.817,2021-04-10 23:59:59.999,357616843.04929
2021-04-11,674.43,718.75,670.5,690.64,681529.291,2021-04-11 23:59:59.999,472890617.95699
2021-04-12,690.74,699.08,653.03,671.4,404231.905,2021-04-12 23:59:59.999,274058785.91909
2021-04-13,671.36,753.0,668.25,746.32,715991.504,2021-04-13 23:59:59.999,511944045.40003
2021-04-14,746.32,847.89,746.32,815.56,1586225.284,2021-04-14 23:59:59.999,1274948403.19933
2021-04-15,815.74,878.0,798.19,864.96,920162.448,2021-04-15 23:59:59.999,764885106.87026
2021-04-16,865.2,1182.77,815.0,1104.74,2661124.862,2021-04-16 23:59:59.999,2622516350.84389
2021-04-17,1105.15,1218.22,990.07,992.8,1777586.083,2021-04-17 23:59:59.999,1961267812.81625
2021-04-18,993.09,1017.0,781.34,973.27,1999503.458,2021-04-18 23:59:59.999,1817755880.35639
2021-04-19,973.23,1040.67,872.0,891.72,1364486.277,2021-04-19 23:59:59.999,1291434565.79624
2021-04-20,891.62,973.68,827.28,940.63,1333471.747,2021-04-20 23:59:59.999,1212820041.34025
2021-04-21,940.97,999.92,900.0,909.96,1019218.468,2021-04-21 23:59:59.999,969577973.44016
2021-04-22,909.97,973.12,840.27,853.83,1085153.367,2021-04-22 23:59:59.999,994949270.69414
2021-04-23,853.91,875.33,682.28,839.57,1301426.268,2021-04-23 23:59:59.999,1018825076.68255
2021-04-24,839.57,839.99,748.0,771.42,605225.692,2021-04-24 23:59:59.999,477717541.23678
2021-04-25,771.62,807.78,715.33,759.56,497820.411,2021-04-25 23:59:59.999,383465346.42591
2021-04-26,759.56,849.92,750.62,849.21,583713.857,2021-04-26 23:59:59.999,478276990.26855
2021-04-27,849.21,892.88,832.35,890.58,492952.984,2021-04-27 23:59:59.999,427398300.02679
2021-04-28,890.4,929.79,853.26,911.1,607790.031,2021-04-28 23:59:59.999,540382973.7089
2021-04-29,911.17,915.97,858.85,881.02,383327.279,2021-04-29 23:59:59.999,339796248.04307
2021-04-30,880.97,1002.12,870.0,997.27,618302.786,2021-04-30 23:59:59.999,586192920.2035
2021-05-01,997.24,1032.65,977.22,1004.88,530221.353,2021-05-01 23:59:59.999,531564020.7561
2021-05-02,1004.84,1012.48,951.01,973.77,389087.428,2021-05-02 23:59:59.999,381318248.41124
2021-05-03,973.76,1051.3,972.27,1016.51,550983.665,2021-05-03 23:59:59.999,558723223.09112
2021-05-04,1016.72,1058.3,929.06,951.58,985304.756,2021-05-04 23:59:59.999,972643614.59083
2021-05-05,951.6,1479.5,939.3,1455.3,2550352.414,2021-05-05 23:59:59.999,3157120004.22429
2021-05-06,1455.93,1610.0,1271.02,1509.43,2620209.019,2021-05-06 23:59:59.999,3726775677.62783
2021-05-07,1509.75,1512.41,1272.0,1340.81,1341082.923,2021-05-07 23:59:59.999,1869607599.82039
2021-05-08,1340.62,1449.2,1322.33,1398.09,988860.413,2021-05-08 23:59:59.999,1373440022.80983
2021-05-09,1398.33,1433.0,1283.47,1428.96,715971.767,2021-05-09 23:59:59.999,974061484.04799
2021-05-10,1429.68,1573.51,1192.46,1321.02,1470751.898,2021-05-10 23:59:59.999,2110138749.31409
2021-05-11,1321.11,1550.0,1301.0,1549.01,1039503.352,2021-05-11 23:59:59.999,1455603431.23395
2021-05-12,1548.75,1642.62,1201.11,1237.06,1266974.727,2021-05-12 23:59:59.999,1859233592.11795
2021-05-13,1236.9,1344.05,1133.43,1256.93,1289236.402,2021-05-13 23:59:59.999,1606969176.72427
2021-05-14,1256.94,1361.94,1223.1,1296.68,598625.856,2021-05-14 23:59:59.999,771922050.49765
2021-05-15,1296.13,1336.73,1162.14,1171.42,643162.134,2021-05-15 23:59:59.999,796036341.59641
2021-05-16,1170.65,1282.59,1100.0,1166.99,705650.932,2021-05-16 23:59:59.999,841149423.95552
2021-05-17,1166.99,1168.45,988.02,1069.52,1024317.828,2021-05-17 23:59:59.999,1097910898.95127
2021-05-18,1069.33,1166.66,1050.96,1089.23,667959.893,2021-05-18 23:59:59.999,739714220.93398
2021-05-19,1089.73,1113.83,341.87,693.53,3556608.854,2021-05-19 23:59:59.999,2811628162.50649
2021-05-20,694.08,863.99,607.83,817.3,2148941.807,2021-05-20 23:59:59.999,1595946378.71504
2021-05-21,817.2,850.54,602.84,687.05,1291128.236,2021-05-21 23:59:59.999,957034715.0072
2021-05-22,687.04,721.52,598.35,629.37,974026.951,2021-05-22 23:59:59.999,644936152.41251
2021-05-23,629.58,659.29,467.17,551.45,1624106.346,2021-05-23 23:59:59.999,889882588.15653
2021-05-24,551.44,758.89,537.18,753.24,1123537.644,2021-05-24 23:59:59.999,719050544.99985
2021-05-25,753.35,792.37,668.73,717.97,1000082.543,2021-05-25 23:59:59.999,714102425.6906
2021-05-26,718.2,787.92,706.1,763.54,610147.449,2021-05-26 23:59:59.999,456026779.99378
2021-05-27,763.53,807.39,700.0,749.91,636969.137,2021-05-27 23:59:59.999,482121952.69142
2021-05-28,749.94,761.49,651.38,688.55,876885.854,2021-05-28 23:59:59.999,609116693.14034
2021-05-29,688.61,721.58,617.27,651.68,667817.337,2021-05-29 23:59:59.999,444380577.24824
2021-05-30,651.73,688.66,615.5,661.49,561032.243,2021-05-30 23:59:59.999,370302732.55555
2021-05-31,661.23,711.6,633.77,702.12,544664.821,2021-05-31 23:59:59.999,367797970.02929
2021-06-01,702.4,721.0,667.72,690.85,559911.735,2021-06-01 23:59:59.999,385383240.19985
2021-06-02,690.88,716.0,673.43,697.46,404954.33,2021-06-02 23:59:59.999,281640228.64327
2021-06-03,697.45,735.55,687.21,718.71,417656.38,2021-06-03 23:59:59.999,297901742.75926
2021-06-04,718.73,719.69,642.15,670.11,569928.006,2021-06-04 23:59:59.999,382695038.08041
2021-06-05,670.15,688.79,633.58,648.74,416403.997,2021-06-05 23:59:59.999,275317460.07124
2021-06-06,648.71,669.74,644.03,655.81,293104.115,2021-06-06 23:59:59.999,192468984.63412
2021-06-07,655.82,670.23,590.13,596.3,471898.692,2021-06-07 23:59:59.999,302402843.56137
2021-06-08,596.23,604.93,542.43,595.1,766487.061,2021-06-08 23:59:59.999,444608749.43311
2021-06-09,595.14,634.4,565.72,633.77,657374.13,2021-06-09 23:59:59.999,394903819.17801
2021-06-10,633.78,638.97,587.93,601.33,554227.163,2021-06-10 23:59:59.999,339990204.37723
2021-06-11,601.33,611.08,569.09,576.88,491260.976,2021-06-11 23:59:59.999,291901496.42738
2021-06-12,576.91,591.58,546.6,579.7,460850.475,2021-06-12 23:59:59.999,261255351.71158
2021-06-13,579.57,615.16,558.23,612.93,362132.124,2021-06-13 23:59:59.999,210398490.63024
2021-06-14,613.04,641.1,598.64,641.07,402187.374,2021-06-14 23:59:59.999,248832168.80365
2021-06-15,641.06,650.46,616.1,627.24,402732.443,2021-06-15 23:59:59.999,255020980.83629
2021-06-16,627.23,628.2,589.08,593.36,405874.805,2021-06-16 23:59:59.999,246749631.95507
2021-06-17,593.31,620.69,583.28,598.56,338738.949,2021-06-17 23:59:59.999,204940821.92662
2021-06-18,598.73,599.2,544.3,562.82,430436.058,2021-06-18 23:59:59.999,247336219.89082
2021-06-19,562.82,581.51,551.32,551.85,313587.651,2021-06-19 23:59:59.999,177803653.15759
2021-06-20,551.86,560.48,512.83,555.91,464795.356,2021-06-20 23:59:59.999,250635638.20734
2021-06-21,555.9,559.7,453.92,455.28,989855.623,2021-06-21 23:59:59.999,489515914.16771
2021-06-22,455.17,478.83,387.25,443.69,1184976.388,2021-06-22 23:59:59.999,512319504.60514
2021-06-23,443.74,485.85,427.61,472.71,642999.259,2021-06-23 23:59:59.999,299853358.58987
2021-06-24,472.71,495.64,455.0,486.72,478622.231,2021-06-24 23:59:59.999,230626682.44649
2021-06-25,486.74,497.27,448.74,448.74,603718.427,2021-06-25 23:59:59.999,283681625.69207
2021-06-26,448.73,464.35,428.08,459.21,547537.803,2021-06-26 23:59:59.999,243439283.02843
2021-06-27,459.15,478.0,446.2,477.48,398804.724,2021-06-27 23:59:59.999,183279117.41646
2021-06-28,477.49,518.47,472.08,501.67,479789.491,2021-06-28 23:59:59.999,236526918.9996
2021-06-29,501.61,547.06,499.66,524.16,617329.856,2021-06-29 23:59:59.999,325693417.58068
2021-06-30,524.16,534.14,497.82,526.66,492142.439,2021-06-30 23:59:59.999,253389282.01528
2021-07-01,526.67,526.73,485.08,495.32,462274.098,2021-07-01 23:59:59.999,230426371.24358
2021-07-02,495.33,504.3,475.7,495.38,412880.137,2021-07-02 23:59:59.999,200857781.42032
2021-07-03,495.39,514.68,487.58,505.16,267607.769,2021-07-03 23:59:59.999,134701297.7366
2021-07-04,505.23,542.0,495.0,526.85,395216.254,2021-07-04 23:59:59.999,207415871.10658
2021-07-05,526.86,527.51,486.54,504.2,496768.107,2021-07-05 23:59:59.999,253114941.9949
2021-07-06,504.22,525.95,498.98,511.13,378687.874,2021-07-06 23:59:59.999,193630086.56607
2021-07-07,511.07,537.73,505.08,509.07,398042.555,2021-07-07 23:59:59.999,207789937.27267
2021-07-08,509.05,510.8,478.42,490.0,508810.961,2021-07-08 23:59:59.999,250648322.57984
2021-07-09,490.05,510.11,470.73,503.97,445355.419,2021-07-09 23:59:59.999,218399853.45384
2021-07-10,503.97,511.27,483.37,496.7,328557.599,2021-07-10 23:59:59.999,162658934.0359
2021-07-11,496.7,503.68,489.12,498.07,275642.573,2021-07-11 23:59:59.999,136774740.50522
2021-07-12,498.02,508.95,470.95,479.3,411510.526,2021-07-12 23:59:59.999,201546045.2104
2021-07-13,479.29,484.14,459.48,465.0,336591.007,2021-07-13 23:59:59.999,159292421.89486
2021-07-14,464.9,478.27,443.06,467.05,427298.989,2021-07-14 23:59:59.999,196959368.78883
2021-07-15,467.06,473.75,443.28,455.67,381906.292,2021-07-15 23:59:59.999,173650110.9053
2021-07-16,455.6,464.48,436.38,437.84,391691.146,2021-07-16 23:59:59.999,175554021.7849
2021-07-17,437.9,446.62,429.13,435.94,343966.12,2021-07-17 23:59:59.999,150201761.94197
2021-07-18,435.83,453.2,431.51,437.75,304974.605,2021-07-18 23:59:59.999,135000297.28603
2021-07-19,437.8,441.26,412.88,414.78,400945.905,2021-07-19 23:59:59.999,170443899.45175
2021-07-20,414.69,422.09,383.42,398.23,566114.417,2021-07-20 23:59:59.999,224897636.95211
2021-07-21,398.28,435.42,391.68,430.58,475662.079,2021-07-21 23:59:59.999,198846974.39631
2021-07-22,430.58,445.47,424.02,441.99,339275.157,2021-07-22 23:59:59.999,147463876.74415
2021-07-23,441.85,456.08,431.15,454.61,327799.859,2021-07-23 23:59:59.999,144991005.08839
2021-07-24,454.6,464.66,449.51,458.51,304096.096,2021-07-24 23:59:59.999,138940894.4518
2021-07-25,458.44,459.44,441.0,454.72,335701.998,2021-07-25 23:59:59.999,150703182.22761
2021-07-26,454.71,518.09,452.39,481.29,1019288.009,2021-07-26 23:59:59.999,505259346.1254
2021-07-27,481.29,504.3,467.33,501.93,502830.421,2021-07-27 23:59:59.999,244231923.83123
2021-07-28,501.9,519.63,488.69,511.6,574192.384,2021-07-28 23:59:59.999,290687990.90065
2021-07-29,511.62,547.63,498.04,539.14,613635.456,2021-07-29 23:59:59.999,321111782.98032
2021-07-30,539.15,553.39,516.14,552.68,596172.414,2021-07-30 23:59:59.999,318663579.39187
2021-07-31,552.74,558.13,536.78,545.7,375805.604,2021-07-31 23:59:59.999,205125570.15466
2021-08-01,545.84,563.49,511.28,526.16,566733.904,2021-08-01 23:59:59.999,309765233.00617
2021-08-02,526.17,567.9,519.36,543.46,645296.478,2021-08-02 23:59:59.999,354498726.09934
2021-08-03,543.46,552.04,521.0,538.58,478746.136,2021-08-03 23:59:59.999,255953610.97028
2021-08-04,538.57,553.1,524.26,545.97,378912.567,2021-08-04 23:59:59.999,204254138.04105
2021-08-05,545.94,551.0,522.51,548.7,515794.031,2021-08-05 23:59:59.999,276903071.51444
2021-08-06,548.72,561.43,537.2,557.71,464755.617,2021-08-06 23:59:59.999,255417223.32393
2021-08-07,557.67,591.29,553.65,583.7,692727.654,2021-08-07 23:59:59.999,398481957.54852
2021-08-08,583.71,590.17,554.44,555.84,575665.886,2021-08-08 23:59:59.999,329022898.30665
2021-08-09,555.81,601.24,543.1,591.75,702437.442,2021-08-09 23:59:59.999,405535693.04038
2021-08-10,591.74,607.12,573.48,592.38,654798.842,2021-08-10 23:59:59.999,385474017.41088
2021-08-11,592.45,633.0,590.67,620.81,600859.796,2021-08-11 23:59:59.999,368218088.30489
2021-08-12,620.73,651.06,592.59,606.33,752164.173,2021-08-12 23:59:59.999,466123256.30621
2021-08-13,606.34,656.07,601.42,654.8,556741.544,2021-08-13 23:59:59.999,351893537.2067
2021-08-14,654.8,693.38,642.5,692.33,645835.77,2021-08-14 23:59:59.999,427303159.10314
2021-08-15,692.33,710.33,672.48,703.74,750662.541,2021-08-15 23:59:59.999,519138744.49966
2021-08-16,703.73,715.49,673.45,673.56,535226.487,2021-08-16 23:59:59.999,372258541.60399
2021-08-17,673.63,691.65,638.3,639.92,567206.795,2021-08-17 23:59:59.999,381225301.02108
2021-08-18,639.92,655.48,620.2,632.21,511167.337,2021-08-18 23:59:59.999,326874939.00275
2021-08-19,632.18,660.69,620.03,659.99,392575.801,2021-08-19 23:59:59.999,249736945.82297
2021-08-20,659.98,700.69,653.0,694.3,402458.414,2021-08-20 23:59:59.999,270509315.25425
2021-08-21,694.52,701.04,672.01,676.26,465701.441,2021-08-21 23:59:59.999,319745754.71514
2021-08-22,676.06,690.0,652.49,672.86,383215.449,2021-08-22 23:59:59.999,257999213.30239
2021-08-23,672.87,695.47,664.93,678.77,533074.294,2021-08-23 23:59:59.999,363171759.94951
2021-08-24,678.79,684.41,633.1,636.73,491978.077,2021-08-24 23:59:59.999,323738382.88638
2021-08-25,636.7,658.84,626.36,650.59,402471.052,2021-08-25 23:59:59.999,258184990.04729
2021-08-26,650.63,656.52,604.26,606.69,454156.753,2021-08-26 23:59:59.999,282160042.37193
2021-08-27,606.65,636.41,596.38,635.86,408595.658,2021-08-27 23:59:59.999,251220116.80967
2021-08-28,635.96,647.0,622.71,646.89,276102.789,2021-08-28 23:59:59.999,174991498.30182
2021-08-29,646.93,693.5,646.72,659.41,938860.753,2021-08-29 23:59:59.999,630799829.27787
2021-08-30,659.42,665.34,630.36,632.62,394640.815,2021-08-30 23:59:59.999,255086660.43679
2021-08-31,632.62,651.99,624.09,637.27,389913.602,2021-08-31 23:59:59.999,248830664.16308
2021-09-01,637.15,658.06,625.95,656.33,408146.96,2021-09-01 23:59:59.999,262129036.21716
2021-09-02,656.31,675.03,653.05,665.05,388490.748,2021-09-02 23:59:59.999,258801200.91916
2021-09-03,665.03,723.0,651.41,714.66,868733.631,2021-09-03 23:59:59.999,601888498.66623
2021-09-04,714.69,736.45,697.03,709.59,730859.992,2021-09-04 23:59:59.999,520813160.94667
2021-09-05,709.81,768.31,699.0,765.27,626891.74,2021-09-05 23:59:59.999,453813044.31986
2021-09-06,765.23,805.15,742.31,785.22,997632.71,2021-09-06 23:59:59.999,776149735.50534
2021-09-07,785.22,788.51,568.0,673.52,1289260.219,2021-09-07 23:59:59.999,904275598.96606
2021-09-08,673.45,679.76,644.0,662.71,609011.989,2021-09-08 23:59:59.999,403537945.56862
2021-09-09,662.71,673.65,655.46,661.71,439234.476,2021-09-09 23:59:59.999,292555368.00303
2021-09-10,661.72,674.12,617.82,628.78,426202.522,2021-09-10 23:59:59.999,276386784.05035
2021-09-11,628.92,648.06,625.41,636.39,279611.392,2021-09-11 23:59:59.999,178219365.92377
2021-09-12,636.49,655.32,623.07,646.54,290219.505,2021-09-12 23:59:59.999,186739644.41625
2021-09-13,646.71,660.96,590.69,614.19,685357.432,2021-09-13 23:59:59.999,428159742.70536
2021-09-14,614.4,642.99,608.3,641.04,280027.525,2021-09-14 23:59:59.999,175681790.4404
2021-09-15,640.98,657.18,632.36,652.97,266377.981,2021-09-15 23:59:59.999,171325582.73114
2021-09-16,653.01,655.32,625.96,639.48,303158.183,2021-09-16 23:59:59.999,194186719.89158
2021-09-17,639.48,648.29,612.53,621.62,343378.835,2021-09-17 23:59:59.999,216760041.2035
2021-09-18,621.62,638.6,614.87,630.83,226465.145,2021-09-18 23:59:59.999,142655068.30496
2021-09-19,630.84,647.69,601.63,608.92,373846.183,2021-09-19 23:59:59.999,233302727.91793
2021-09-20,608.92,609.0,530.0,542.58,615499.769,2021-09-20 23:59:59.999,346089438.32692
2021-09-21,542.36,552.0,496.21,504.9,647046.812,2021-09-21 23:59:59.999,343833562.56154
2021-09-22,505.11,548.12,495.93,547.34,370323.004,2021-09-22 23:59:59.999,194473828.97758
2021-09-23,547.38,553.49,532.16,552.34,255422.573,2021-09-23 23:59:59.999,138823897.1498
2021-09-24,552.29,556.36,478.86,513.12,573673.448,2021-09-24 23:59:59.999,293331633.67662
2021-09-25,513.12,523.15,501.5,516.5,343596.254,2021-09-25 23:59:59.999,176548719.37142
2021-09-26,516.49,519.79,480.01,502.99,421091.841,2021-09-26 23:59:59.999,212654120.20979
2021-09-27,503.09,515.12,487.19,487.7,323707.492,2021-09-27 23:59:59.999,162709372.59068
2021-09-28,487.61,499.3,471.8,473.71,381360.136,2021-09-28 23:59:59.999,186014148.89589
2021-09-29,473.69,497.97,471.04,484.73,334210.73,2021-09-29 23:59:59.999,161962818.69546
2021-09-30,484.56,506.13,481.47,502.49,259143.313,2021-09-30 23:59:59.999,128732881.27828
2021-10-01,502.5,544.48,500.08,543.62,397922.702,2021-10-01 23:59:59.999,209022922.16013
2021-10-02,543.69,559.78,536.44,551.91,255755.438,2021-10-02 23:59:59.999,140059018.95441
2021-10-03,551.94,579.0,544.38,571.15,332071.786,2021-10-03 23:59:59.999,187370015.37507
2021-10-04,571.3,571.36,530.48,550.7,403300.926,2021-10-04 23:59:59.999,221912745.77312
2021-10-05,550.56,600.67,548.7,594.86,426293.67,2021-10-05 23:59:59.999,244723944.27849
2021-10-06,595.01,627.41,562.43,617.61,783779.496,2021-10-06 23:59:59.999,472539499.2443
2021-10-07,617.71,637.29,598.13,611.89,693526.793,2021-10-07 23:59:59.999,428047716.57942
2021-10-08,611.86,618.04,587.55,596.98,396227.422,2021-10-08 23:59:59.999,239253549.06443
2021-10-09,596.99,625.0,591.59,615.82,342952.387,2021-10-09 23:59:59.999,210132297.12755
2021-10-10,615.71,624.12,582.28,584.82,340473.437,2021-10-10 23:59:59.999,206336004.91703
2021-10-11,584.76,618.86,577.0,601.28,395904.55,2021-10-11 23:59:59.999,239129776.05925
2021-10-12,601.28,601.39,567.7,588.12,406782.355,2021-10-12 23:59:59.999,237425661.27698
2021-10-13,588.06,595.08,571.37,593.6,328559.552,2021-10-13 23:59:59.999,191759547.75581
2021-10-14,593.6,608.08,590.19,599.5,294787.023,2021-10-14 23:59:59.999,176648166.35526
2021-10-15,599.49,637.91,585.42,626.17,692681.189,2021-10-15 23:59:59.999,429737558.81238
2021-10-16,626.12,654.19,623.85,626.16,443906.173,2021-10-16 23:59:59.999,282819575.79686
2021-10-17,626.09,629.43,588.37,612.99,331638.233,2021-10-17 23:59:59.999,203503627.90404
2021-10-18,612.99,619.77,598.55,611.79,256548.589,2021-10-18 23:59:59.999,156626402.71653
2021-10-19,611.62,625.34,600.0,618.68,247249.35,2021-10-19 23:59:59.999,151723396.10543
2021-10-20,618.69,649.68,605.39,645.23,383990.628,2021-10-20 23:59:59.999,242017440.28175
2021-10-21,645.33,657.35,620.72,623.87,465769.418,2021-10-21 23:59:59.999,298462557.36209
2021-10-22,623.93,637.65,612.98,624.32,250331.413,2021-10-22 23:59:59.999,156903833.54686
2021-10-23,624.38,638.0,615.35,629.64,208645.462,2021-10-23 23:59:59.999,131138458.06994
2021-10-24,629.66,633.66,606.0,617.56,250251.264,2021-10-24 23:59:59.999,155304369.53714
2021-10-25,617.57,629.49,615.37,621.89,238277.594,2021-10-25 23:59:59.999,148238677.43068
2021-10-26,621.94,633.13,599.8,611.92,321097.562,2021-10-26 23:59:59.999,198526563.59672
2021-10-27,612.19,619.95,520.81,548.75,544540.504,2021-10-27 23:59:59.999,311293488.76307
2021-10-28,548.77,592.49,543.96,578.83,427121.386,2021-10-28 23:59:59.999,243252770.09799
2021-10-29,578.82,597.08,574.3,595.34,236949.713,2021-10-29 23:59:59.999,138873766.91242
2021-10-30,595.33,601.59,576.1,585.56,241160.579,2021-10-30 23:59:59.999,142491729.93979
2021-10-31,585.57,605.5,574.09,597.61,313368.996,2021-10-31 23:59:59.999,185000266.16224
2021-11-01,597.63,600.68,578.86,587.24,262087.688,2021-11-01 23:59:59.999,154410749.86372
2021-11-02,587.25,609.77,582.32,599.27,259434.301,2021-11-02 23:59:59.999,154611370.3637
2021-11-03,599.28,619.71,589.04,611.98,426118.892,2021-11-03 23:59:59.999,258142966.19796
2021-11-04,611.98,614.01,586.41,596.06,258153.717,2021-11-04 23:59:59.999,154967528.08698
2021-11-05,596.05,633.51,591.94,598.23,578246.059,2021-11-05 23:59:59.999,351139818.44189
2021-11-06,598.22,603.18,574.34,587.69,242414.568,2021-11-06 23:59:59.999,142730724.60037
2021-11-07,587.69,601.33,586.1,601.23,149526.21,2021-11-07 23:59:59.999,88734081.27505
2021-11-08,601.24,643.46,599.37,639.15,458901.927,2021-11-08 23:59:59.999,285388560.59596
2021-11-09,639.14,732.03,637.19,718.32,1015529.14,2021-11-09 23:59:59.999,698219698.97589
2021-11-10,718.19,729.98,641.7,663.3,1068986.903,2021-11-10 23:59:59.999,745944936.58071
2021-11-11,663.31,681.14,657.93,676.3,335217.509,2021-11-11 23:59:59.999,225464643.83954
2021-11-12,676.25,684.97,647.03,668.54,397068.235,2021-11-12 23:59:59.999,264074177.59632
2021-11-13,668.55,671.19,656.05,665.89,191665.351,2021-11-13 23:59:59.999,127261666.4381
2021-11-14,665.79,680.0,657.65,679.66,250595.128,2021-11-14 23:59:59.999,167402293.61401
2021-11-15,679.6,686.1,664.05,666.21,258987.534,2021-11-15 23:59:59.999,174844083.04357
2021-11-16,666.22,666.22,569.53,598.29,550979.897,2021-11-16 23:59:59.999,339067430.24413
2021-11-17,598.33,603.83,577.31,595.1,275085.146,2021-11-17 23:59:59.999,162463961.46734
2021-11-18,595.1,602.13,542.4,554.47,384219.788,2021-11-18 23:59:59.999,218956439.52588
2021-11-19,554.63,577.18,547.97,574.21,234321.575,2021-11-19 23:59:59.999,132064394.75161
2021-11-20,574.28,588.84,564.76,584.69,209618.227,2021-11-20 23:59:59.999,121314185.90477
2021-11-21,584.7,585.79,568.99,574.95,163910.932,2021-11-21 23:59:59.999,94582604.42436
2021-11-22,574.99,578.29,547.26,556.96,257085.948,2021-11-22 23:59:59.999,144912042.5753
2021-11-23,556.95,575.67,546.12,571.28,216909.806,2021-11-23 23:59:59.999,121682020.20903
2021-11-24,571.42,620.65,558.66,618.97,519998.394,2021-11-24 23:59:59.999,305832250.85813
2021-11-25,618.89,636.35,608.18,617.29,381936.751,2021-11-25 23:59:59.999,237670855.6377
2021-11-26,617.33,619.19,539.29,557.14,685167.265,2021-11-26 23:59:59.999,389402508.56585
2021-11-27,557.13,573.62,555.0,562.73,174271.101,2021-11-27 23:59:59.999,98463643.72107
2021-11-28,562.73,569.42,530.25,569.04,263991.577,2021-11-28 23:59:59.999,145798424.83491
2021-11-29,569.05,581.63,556.91,574.94,267649.201,2021-11-29 23:59:59.999,152549664.82428
2021-11-30,575.02,587.56,557.22,570.57,327268.591,2021-11-30 23:59:59.999,187337569.3866
2021-12-01,570.67,586.91,565.19,570.71,238904.229,2021-12-01 23:59:59.999,137445179.85584
2021-12-02,570.74,575.0,558.19,561.77,185617.34,2021-12-02 23:59:59.999,104968863.06494
2021-12-03,561.7,568.0,512.36,532.66,329583.1,2021-12-03 23:59:59.999,181113441.77927
2021-12-04,532.6,534.61,338.33,472.86,994511.787,2021-12-04 23:59:59.999,449020980.25763
2021-12-05,473.01,477.79,434.31,453.28,439773.095,2021-12-05 23:59:59.999,199901869.83565
2021-12-06,453.28,480.16,418.58,474.4,526558.048,2021-12-06 23:59:59.999,234290075.1801
2021-12-07,474.29,502.2,463.43,474.02,458332.795,2021-12-07 23:59:59.999,219516326.62999
2021-12-08,474.06,487.76,463.1,480.28,389301.66,2021-12-08 23:59:59.999,185138991.4053
2021-12-09,480.46,482.99,447.56,448.67,430416.268,2021-12-09 23:59:59.999,198764848.27898
2021-12-10,448.64,468.73,436.28,437.75,428932.444,2021-12-10 23:59:59.999,193782094.32608
2021-12-11,437.8,461.46,430.98,459.22,268993.786,2021-12-11 23:59:59.999,121372045.09359
2021-12-12,459.23,462.14,441.56,457.61,199544.318,2021-12-12 23:59:59.999,90354822.33079
2021-12-13,457.74,460.0,413.95,421.75,408185.383,2021-12-13 23:59:59.999,178536767.26467
2021-12-14,421.78,441.87,418.13,436.49,356413.143,2021-12-14 23:59:59.999,153105052.22333
2021-12-15,436.5,449.75,416.52,447.63,338253.12,2021-12-15 23:59:59.999,146692054.01613
2021-12-16,447.53,454.02,436.87,438.2,210130.538,2021-12-16 23:59:59.999,93644209.22618
2021-12-17,438.24,441.31,417.26,424.39,250361.129,2021-12-17 23:59:59.999,107512584.53874
2021-12-18,424.4,439.12,418.59,435.47,167677.595,2021-12-18 23:59:59.999,72339983.09434
2021-12-19,435.48,445.49,431.56,432.47,181506.112,2021-12-19 23:59:59.999,79498607.99171
2021-12-20,432.44,439.7,418.61,430.04,234105.594,2021-12-20 23:59:59.999,100346220.74333
2021-12-21,430.06,440.6,426.4,437.51,175917.936,2021-12-21 23:59:59.999,76550392.53116
2021-12-22,437.5,447.0,434.02,438.08,200259.484,2021-12-22 23:59:59.999,88231645.14153
2021-12-23,438.08,458.19,434.21,455.57,206003.596,2021-12-23 23:59:59.999,91520563.78408
2021-12-24,455.61,461.35,448.6,451.95,196773.473,2021-12-24 23:59:59.999,89650182.49351
2021-12-25,451.94,460.39,447.1,455.1,160316.823,2021-12-25 23:59:59.999,72767912.55961
2021-12-26,455.1,455.32,444.22,451.28,160737.098,2021-12-26 23:59:59.999,72309545.53728
2021-12-27,451.29,476.0,447.38,465.51,302649.707,2021-12-27 23:59:59.999,140467852.08057
2021-12-28,465.5,465.51,437.24,438.66,298086.095,2021-12-28 23:59:59.999,134212357.02723
2021-12-29,438.69,445.77,425.92,429.74,224208.982,2021-12-29 23:59:59.999,98048053.43274
2021-12-30,429.74,437.12,422.73,431.18,170301.826,2021-12-30 23:59:59.999,73394402.87189
2021-12-31,431.31,437.06,419.04,429.98,272800.109,2021-12-31 23:59:59.999,117324571.6728
2022-01-01,430.23,446.04,430.16,444.71,183559.342,2022-01-01 23:59:59.999,80507909.67196
2022-01-02,444.74,452.34,442.42,447.52,227210.09,2022-01-02 23:59:59.999,101478215.09369
2022-01-03,447.52,447.82,430.84,434.79,173885.477,2022-01-03 23:59:59.999,76562115.03466
2022-01-04,434.78,439.37,425.05,426.8,190750.928,2022-01-04 23:59:59.999,82335058.99765
2022-01-05,426.84,432.38,390.1,399.41,292120.62,2022-01-05 23:59:59.999,121793719.4428
2022-01-06,399.45,402.37,387.0,399.63,271870.179,2022-01-06 23:59:59.999,107383357.42396
2022-01-07,399.66,401.31,375.18,385.72,378289.424,2022-01-07 23:59:59.999,147182722.61221
2022-01-08,385.74,391.43,360.94,372.86,261372.756,2022-01-08 23:59:59.999,99037386.24281
2022-01-09,372.78,380.8,367.42,376.85,204100.041,2022-01-09 23:59:59.999,76613593.37337
2022-01-10,376.83,378.3,347.26,363.3,385535.93,2022-01-10 23:59:59.999,139721337.76588
2022-01-11,363.2,374.96,361.41,369.74,267857.164,2022-01-11 23:59:59.999,98441541.87271
2022-01-12,369.61,385.62,367.72,383.7,235562.994,2022-01-12 23:59:59.999,88408276.56248
2022-01-13,383.71,391.47,376.11,377.21,246853.54,2022-01-13 23:59:59.999,94689497.03782
2022-01-14,377.18,393.59,375.23,385.31,269888.239,2022-01-14 23:59:59.999,104104413.83343
2022-01-15,385.31,392.76,382.59,390.51,161241.748,2022-01-15 23:59:59.999,62602890.75249
2022-01-16,390.54,393.3,382.11,388.03,146677.845,2022-01-16 23:59:59.999,56915005.85348
2022-01-17,388.02,389.01,372.69,380.38,191908.258,2022-01-17 23:59:59.999,72835751.54819
2022-01-18,380.36,398.69,374.4,381.06,454607.009,2022-01-18 23:59:59.999,174962138.9164
2022-01-19,381.07,384.2,365.47,368.79,257849.999,2022-01-19 23:59:59.999,96161278.01924
2022-01-20,368.78,384.08,355.94,357.21,229142.319,2022-01-20 23:59:59.999,85426960.0599
2022-01-21,357.23,359.77,307.92,314.8,467739.423,2022-01-21 23:59:59.999,156689937.88369
2022-01-22,314.56,318.72,264.85,291.75,828313.98,2022-01-22 23:59:59.999,241785433.3911
2022-01-23,291.76,303.31,283.73,302.39,429411.342,2022-01-23 23:59:59.999,125500098.92271
2022-01-24,302.31,302.57,259.55,292.22,664936.843,2022-01-24 23:59:59.999,185628788.47115
2022-01-25,292.12,294.31,283.04,291.5,326538.976,2022-01-25 23:59:59.999,94330912.95514
2022-01-26,291.48,314.92,283.58,289.02,426354.107,2022-01-26 23:59:59.999,126616114.86912
2022-01-27,289.03,294.85,277.12,289.4,313519.729,2022-01-27 23:59:59.999,89745031.19349
2022-01-28,289.4,297.21,281.61,296.36,291026.717,2022-01-28 23:59:59.999,84063355.14631
2022-01-29,296.38,301.9,290.98,298.61,183067.844,2022-01-29 23:59:59.999,54212110.30975
2022-01-30,298.66,302.1,287.45,289.71,238641.112,2022-01-30 23:59:59.999,70370681.91192
2022-01-31,289.64,290.29,277.81,284.67,342817.958,2022-01-31 23:59:59.999,97040910.99085
2022-02-01,284.72,290.78,282.3,287.69,262793.44,2022-02-01 23:59:59.999,75224722.53475
2022-02-02,287.69,296.56,275.8,277.68,330091.441,2022-02-02 23:59:59.999,94727889.23862
2022-02-03,277.72,281.39,270.59,280.98,308534.929,2022-02-03 23:59:59.999,84947970.6084
2022-02-04,280.94,306.91,276.26,306.02,346498.952,2022-02-04 23:59:59.999,100368184.30817
2022-02-05,306.17,328.91,302.43,320.07,418831.922,2022-02-05 23:59:59.999,132454816.29025
2022-02-06,320.1,327.8,311.79,324.5,320556.789,2022-02-06 23:59:59.999,102943521.56298
2022-02-07,324.5,343.7,317.82,343.03,376227.597,2022-02-07 23:59:59.999,125758585.95012
2022-02-08,342.98,355.51,324.68,335.25,438319.594,2022-02-08 23:59:59.999,148211096.42588
2022-02-09,335.31,347.57,328.0,345.81,319898.973,2022-02-09 23:59:59.999,108708217.85261
2022-02-10,345.8,362.37,336.16,340.55,518383.129,2022-02-10 23:59:59.999,181368543.81574
2022-02-11,340.52,341.59,316.39,320.41,357256.555,2022-02-11 23:59:59.999,118912370.37359
2022-02-12,320.41,330.37,311.65,330.1,304017.214,2022-02-12 23:59:59.999,97529320.93413
2022-02-13,330.1,339.71,324.24,333.51,397933.718,2022-02-13 23:59:59.999,131822295.23913
2022-02-14,333.52,337.43,318.12,330.33,353629.339,2022-02-14 23:59:59.999,115371097.08391
2022-02-15,330.34,344.66,328.69,343.11,279073.72,2022-02-15 23:59:59.999,94085132.0103
2022-02-16,343.11,343.24,328.8,334.22,284374.701,2022-02-16 23:59:59.999,95347527.82244
2022-02-17,334.22,336.29,309.13,312.86,292950.495,2022-02-17 23:59:59.999,94670902.54749
2022-02-18,312.9,318.92,306.03,309.88,265043.351,2022-02-18 23:59:59.999,82824466.35394
2022-02-19,309.89,315.93,304.67,311.65,214475.742,2022-02-19 23:59:59.999,66735004.1567
2022-02-20,311.68,312.52,296.37,302.51,270299.029,2022-02-20 23:59:59.999,81582508.44643
2022-02-21,302.5,310.63,282.24,283.1,426417.166,2022-02-21 23:59:59.999,127429070.30414
2022-02-22,283.12,295.47,274.89,293.02,310410.51,2022-02-22 23:59:59.999,88653898.8368
2022-02-23,293.03,304.83,286.58,288.11,295676.324,2022-02-23 23:59:59.999,87568696.1871
2022-02-24,288.11,309.5,259.21,300.44,849400.781,2022-02-24 23:59:59.999,236782705.52013
2022-02-25,300.43,311.89,290.02,308.52,361457.612,2022-02-25 23:59:59.999,108317185.3215
2022-02-26,308.52,330.28,306.8,315.25,314847.61,2022-02-26 23:59:59.999,99532246.98537
2022-02-27,315.26,321.29,299.03,303.69,302176.083,2022-02-27 23:59:59.999,93928523.38795
2022-02-28,303.84,339.07,300.15,338.85,350415.466,2022-02-28 23:59:59.999,111734881.23164
2022-03-01,338.88,343.73,320.12,328.44,416951.297,2022-03-01 23:59:59.999,137355073.63169
2022-03-02,328.44,331.19,317.59,319.86,283690.899,2022-03-02 23:59:59.999,91955290.98661
2022-03-03,319.84,321.61,305.07,315.06,257655.876,2022-03-03 23:59:59.999,81102808.92356
2022-03-04,314.94,315.42,285.46,290.25,305156.766,2022-03-04 23:59:59.999,92020104.08562
2022-03-05,290.2,295.27,283.04,293.96,164945.857,2022-03-05 23:59:59.999,47694335.98542
2022-03-06,293.92,296.08,280.93,281.89,211081.383,2022-03-06 23:59:59.999,61065081.07175
2022-03-07,281.84,290.98,269.61,273.64,303334.463,2022-03-07 23:59:59.999,84911235.84972
2022-03-08,273.62,289.44,271.92,284.19,220754.72,2022-03-08 23:59:59.999,62231022.12943
2022-03-09,284.22,317.87,283.26,307.08,320488.334,2022-03-09 23:59:59.999,97082112.80495
2022-03-10,307.07,308.78,283.16,289.32,317386.812,2022-03-10 23:59:59.999,92462832.71905
2022-03-11,289.29,294.61,280.81,287.4,266308.157,2022-03-11 23:59:59.999,76523484.47403
2022-03-12,287.35,294.05,286.97,290.66,163179.015,2022-03-12 23:59:59.999,47552060.44541
2022-03-13,290.67,295.94,277.68,279.48,206883.085,2022-03-13 23:59:59.999,59591064.39853
2022-03-14,279.42,289.98,277.09,289.26,248592.204,2022-03-14 23:59:59.999,70590432.30452
2022-03-15,289.33,292.75,281.45,289.14,235139.657,2022-03-15 23:59:59.999,67359018.314
2022-03-16,289.11,302.39,286.01,299.63,323223.764,2022-03-16 23:59:59.999,94766863.10003
2022-03-17,299.64,301.21,294.23,296.13,171330.51,2022-03-17 23:59:59.999,50893326.40508
2022-03-18,296.13,306.5,290.44,305.41,247892.595,2022-03-18 23:59:59.999,73836647.43845
2022-03-19,305.39,328.6,305.34,327.69,219380.006,2022-03-19 23:59:59.999,69381294.3129
2022-03-20,327.69,332.49,315.05,327.24,340033.809,2022-03-20 23:59:59.999,109772600.06917
2022-03-21,327.21,340.35,319.79,334.68,436925.756,2022-03-21 23:59:59.999,144732899.8498
2022-03-22,334.62,387.32,334.14,375.13,1094705.285,2022-03-22 23:59:59.999,402614726.2272
2022-03-23,375.14,384.2,352.86,363.69,770416.286,2022-03-23 23:59:59.999,280430585.04604
2022-03-24,363.69,371.0,350.81,365.81,455489.375,2022-03-24 23:59:59.999,163814104.33743
2022-03-25,365.84,374.12,352.4,364.83,544345.272,2022-03-25 23:59:59.999,197997531.58977
2022-03-26,364.83,366.17,356.11,361.63,250578.543,2022-03-26 23:59:59.999,90465004.91128
2022-03-27,361.63,377.07,354.4,376.45,280343.562,2022-03-27 23:59:59.999,101937728.67446
2022-03-28,376.45,385.73,362.71,368.14,450321.601,2022-03-28 23:59:59.999,170252074.62012
2022-03-29,368.09,387.64,366.01,373.02,384501.211,2022-03-29 23:59:59.999,144155305.31032
2022-03-30,372.99,386.85,362.23,380.21,448765.825,2022-03-30 23:59:59.999,169521389.83025
2022-03-31,380.18,391.4,361.8,384.09,566413.0,2022-03-31 23:59:59.999,214274752.22386
2022-04-01,384.16,389.59,362.84,377.04,456156.151,2022-04-01 23:59:59.999,171149951.77694
2022-04-02,377.05,383.19,370.0,372.56,272004.584,2022-04-02 23:59:59.999,102664321.55573
2022-04-03,372.58,381.39,367.85,378.42,207604.821,2022-04-03 23:59:59.999,77920399.50687
2022-04-04,378.45,379.56,362.34,375.99,315154.081,2022-04-04 23:59:59.999,117634207.34754
2022-04-05,376.07,382.39,364.59,365.05,268895.232,2022-04-05 23:59:59.999,100535126.70528
2022-04-06,365.12,367.83,328.84,330.82,391867.222,2022-04-06 23:59:59.999,136889117.45684
2022-04-07,330.76,339.83,325.65,335.78,230184.471,2022-04-07 23:59:59.999,76814133.27884
2022-04-08,335.73,338.39,320.3,322.91,246979.184,2022-04-08 23:59:59.999,82028437.59895
2022-04-09,322.91,327.63,321.13,325.74,135933.076,2022-04-09 23:59:59.999,44118426.13112
2022-04-10,325.77,332.4,318.01,319.65,221868.165,2022-04-10 23:59:59.999,72283582.981
2022-04-11,319.66,320.86,290.43,294.78,291779.574,2022-04-11 23:59:59.999,89123906.19021
2022-04-12,294.78,307.22,293.04,304.75,258277.834,2022-04-12 23:59:59.999,77925284.89131
2022-04-13,304.73,349.63,301.03,340.9,1391648.951,2022-04-13 23:59:59.999,459538936.88548
2022-04-14,340.9,353.0,332.34,337.42,757977.976,2022-04-14 23:59:59.999,258588205.12181
2022-04-15,337.41,345.29,333.08,340.62,397713.642,2022-04-15 23:59:59.999,134772327.31789
2022-04-16,340.63,347.61,338.43,342.58,298390.088,2022-04-16 23:59:59.999,102303707.84307
2022-04-17,342.58,348.81,327.12,327.85,328017.057,2022-04-17 23:59:59.999,111623986.62164
2022-04-18,327.8,340.95,312.59,340.24,569676.334,2022-04-18 23:59:59.999,185234842.18909
2022-04-19,340.26,343.0,332.23,340.28,302870.645,2022-04-19 23:59:59.999,101994113.61686
2022-04-20,340.29,344.69,328.75,330.56,388270.238,2022-04-20 23:59:59.999,130872506.92643
2022-04-21,330.57,345.54,310.76,315.44,399811.45,2022-04-21 23:59:59.999,132583110.53989
2022-04-22,315.43,334.62,313.8,320.77,420506.255,2022-04-22 23:59:59.999,135872773.04094
2022-04-23,320.76,324.13,310.98,312.43,157938.189,2022-04-23 23:59:59.999,50132311.27483
2022-04-24,312.43,314.96,306.84,307.39,168247.834,2022-04-24 23:59:59.999,52391497.73627
2022-04-25,307.38,315.61,299.43,314.44,324814.168,2022-04-25 23:59:59.999,99549520.70923
2022-04-26,314.43,321.8,291.0,295.85,381298.175,2022-04-26 23:59:59.999,117521132.54387
2022-04-27,295.81,309.28,293.22,307.08,604981.358,2022-04-27 23:59:59.999,184176461.67977
2022-04-28,307.07,312.48,303.04,306.28,691651.862,2022-04-28 23:59:59.999,212199219.66516
2022-04-29,306.29,308.92,290.35,294.65,459668.945,2022-04-29 23:59:59.999,138846326.2979
2022-04-30,294.59,298.24,267.09,277.36,360122.557,2022-04-30 23:59:59.999,103359628.23875
2022-05-01,277.36,287.62,272.25,283.67,263469.503,2022-05-01 23:59:59.999,73762441.56323
2022-05-02,283.66,289.81,279.33,284.86,269073.292,2022-05-02 23:59:59.999,76637809.18216
2022-05-03,284.92,289.55,276.05,279.29,252234.576,2022-05-03 23:59:59.999,71624948.2438
2022-05-04,279.28,300.16,278.07,299.64,300384.873,2022-05-04 23:59:59.999,87049291.66431
2022-05-05,299.66,302.45,272.06,276.99,379956.825,2022-05-05 23:59:59.999,108806250.681
2022-05-06,277.0,277.66,265.25,274.85,327667.993,2022-05-06 23:59:59.999,89362491.8659
2022-05-07,274.84,277.33,263.12,267.77,231479.188,2022-05-07 23:59:59.999,63084007.0018
2022-05-08,267.77,269.68,259.7,261.62,277742.425,2022-05-08 23:59:59.999,73380158.54656
2022-05-09,261.63,266.38,214.24,217.41,764552.943,2022-05-09 23:59:59.999,182810460.32206
2022-05-10,217.31,244.27,210.28,231.49,746557.311,2022-05-10 23:59:59.999,171325453.50437
2022-05-11,231.48,249.79,183.27,194.57,1515433.952,2022-05-11 23:59:59.999,326159288.70943
2022-05-12,194.56,227.13,156.48,194.2,1917400.141,2022-05-12 23:59:59.999,362700339.20714
2022-05-13,194.27,222.17,191.52,202.24,965644.029,2022-05-13 23:59:59.999,202447419.92432
2022-05-14,202.18,236.9,186.3,208.66,1039077.709,2022-05-14 23:59:59.999,218851484.71623
2022-05-15,208.66,216.02,202.34,214.76,741143.07,2022-05-15 23:59:59.999,154935211.18402
2022-05-16,214.75,214.89,195.86,197.45,608506.898,2022-05-16 23:59:59.999,122619321.78945
2022-05-17,197.46,215.04,194.27,206.74,807361.807,2022-05-17 23:59:59.999,165762867.40533
2022-05-18,206.77,209.08,185.95,186.89,452194.553,2022-05-18 23:59:59.999,89133481.49693
2022-05-19,186.88,199.2,180.35,196.35,521696.935,2022-05-19 23:59:59.999,99519374.85322
2022-05-20,196.38,200.65,185.87,189.88,533406.151,2022-05-20 23:59:59.999,103256303.43594
2022-05-21,189.89,195.73,186.3,192.19,338783.968,2022-05-21 23:59:59.999,64885078.45777
2022-05-22,192.19,202.28,190.05,197.89,361307.207,2022-05-22 23:59:59.999,71100271.24835
2022-05-23,197.86,208.07,188.68,191.84,564042.395,2022-05-23 23:59:59.999,112495576.58124
2022-05-24,191.87,197.32,183.02,195.51,494362.892,2022-05-24 23:59:59.999,94422608.79368
2022-05-25,195.51,201.36,189.01,190.09,585206.407,2022-05-25 23:59:59.999,113023301.7475
2022-05-26,190.15,192.69,171.87,179.22,618780.484,2022-05-26 23:59:59.999,113477988.1753
2022-05-27,179.21,184.99,171.38,174.76,842337.192,2022-05-27 23:59:59.999,149603510.43609
2022-05-28,174.74,180.64,172.75,178.55,336564.356,2022-05-28 23:59:59.999,59473940.4776
2022-05-29,178.55,186.22,175.36,184.96,334579.018,2022-05-29 23:59:59.999,60502416.44587
2022-05-30,184.99,199.46,184.37,196.81,488078.159,2022-05-30 23:59:59.999,92598937.36376
2022-05-31,196.8,207.29,191.5,204.43,645051.579,2022-05-31 23:59:59.999,127954696.07803
2022-06-01,204.43,210.83,183.8,185.84,794249.078,2022-06-01 23:59:59.999,157313824.32371
2022-06-02,185.82,189.68,182.13,188.82,379836.347,2022-06-02 23:59:59.999,70431053.42667
2022-06-03,188.83,191.56,180.15,182.92,375245.592,2022-06-03 23:59:59.999,69269475.23546
2022-06-04,182.91,189.85,179.74,188.61,287009.249,2022-06-04 23:59:59.999,53108984.41148
2022-06-05,188.6,190.29,178.0,179.81,511674.675,2022-06-05 23:59:59.999,94041101.82593
2022-06-06,179.76,189.14,178.85,185.4,591315.183,2022-06-06 23:59:59.999,109697758.20784
2022-06-07,185.4,188.06,173.0,181.83,622518.016,2022-06-07 23:59:59.999,111528404.41171
2022-06-08,181.85,182.8,174.63,176.56,336753.206,2022-06-08 23:59:59.999,60318784.8859
2022-06-09,176.57,180.73,172.01,175.45,259805.783,2022-06-09 23:59:59.999,45874070.38489
2022-06-10,175.45,177.51,165.34,167.3,479406.776,2022-06-10 23:59:59.999,82063641.39081
2022-06-11,167.31,169.7,154.44,156.61,456058.68,2022-06-11 23:59:59.999,73506463.96353
2022-06-12,156.66,158.26,145.35,145.87,583563.552,2022-06-12 23:59:59.999,88663441.83664
2022-06-13,145.84,148.88,123.88,126.84,1474673.39,2022-06-13 23:59:59.999,197498547.35413
2022-06-14,126.84,134.8,117.47,125.9,1285047.736,2022-06-14 23:59:59.999,162294540.02801
2022-06-15,125.84,131.67,110.0,127.87,1387319.763,2022-06-15 23:59:59.999,166531419.85711
2022-06-16,127.86,130.77,106.98,109.28,1140675.537,2022-06-16 23:59:59.999,131728172.55585
2022-06-17,109.27,121.95,106.61,121.33,1837907.144,2022-06-17 23:59:59.999,210199333.39063
2022-06-18,121.37,125.2,108.88,115.28,2625085.615,2022-06-18 23:59:59.999,308156555.76241
2022-06-19,115.28,123.88,110.96,120.61,1457133.669,2022-06-19 23:59:59.999,171815931.45719
2022-06-20,120.61,124.57,116.08,118.57,1111535.105,2022-06-20 23:59:59.999,133388086.08094
2022-06-21,118.56,123.17,113.83,119.43,1494621.038,2022-06-21 23:59:59.999,178256726.40699
2022-06-22,119.46,119.49,112.15,112.69,910378.718,2022-06-22 23:59:59.999,104860262.47951
2022-06-23,112.65,118.41,111.6,116.21,831274.724,2022-06-23 23:59:59.999,96320599.95715
2022-06-24,116.21,121.02,113.12,114.07,1249094.994,2022-06-24 23:59:59.999,146628527.90909
2022-06-25,114.1,116.13,110.48,115.38,1454743.623,2022-06-25 23:59:59.999,164988328.49838
2022-06-26,115.41,119.38,112.12,112.74,1617676.051,2022-06-26 23:59:59.999,188538695.97594
2022-06-27,112.77,117.17,109.77,111.4,1213379.972,2022-06-27 23:59:59.999,137404237.68656
2022-06-28,111.39,112.7,102.0,103.09,1715359.598,2022-06-28 23:59:59.999,186417227.81911
2022-06-29,103.08,107.72,101.03,104.56,1707665.842,2022-06-29 23:59:59.999,178466265.20093
2022-06-30,104.57,104.89,97.0,103.14,1622733.468,2022-06-30 23:59:59.999,163150193.47143
2022-07-01,103.13,106.54,98.12,101.44,1231790.494,2022-07-01 23:59:59.999,125079376.96474
2022-07-02,101.42,107.13,100.42,106.52,823579.722,2022-07-02 23:59:59.999,85068646.60101
2022-07-03,106.53,108.39,101.62,105.6,802116.762,2022-07-03 23:59:59.999,83456735.86088
2022-07-04,105.6,108.5,102.49,108.11,924417.858,2022-07-04 23:59:59.999,97525439.35982
2022-07-05,108.07,108.78,101.53,103.96,1149633.949,2022-07-05 23:59:59.999,120653440.98349
2022-07-06,103.96,107.11,102.75,105.84,872075.442,2022-07-06 23:59:59.999,91471774.89082
2022-07-07,105.87,112.36,104.91,111.39,942520.7,2022-07-07 23:59:59.999,102077793.68491
2022-07-08,111.43,113.75,106.8,108.39,916454.624,2022-07-08 23:59:59.999,100638719.16805
2022-07-09,108.39,112.98,108.37,111.27,624500.213,2022-07-09 23:59:59.999,69091472.79558
2022-07-10,111.27,111.49,105.13,106.77,639967.069,2022-07-10 23:59:59.999,69181257.47087
2022-07-11,106.76,107.24,98.43,98.85,812167.513,2022-07-11 23:59:59.999,83947877.33602
2022-07-12,98.87,101.0,96.55,97.13,824604.504,2022-07-12 23:59:59.999,81940925.19637
2022-07-13,97.12,102.65,95.0,102.46,1004875.722,2022-07-13 23:59:59.999,99137735.54064
2022-07-14,102.45,104.13,99.03,102.97,778907.081,2022-07-14 23:59:59.999,79074244.29232
2022-07-15,102.96,107.0,101.76,106.05,769275.995,2022-07-15 23:59:59.999,80201319.992
2022-07-16,106.05,110.71,103.7,109.44,741566.255,2022-07-16 23:59:59.999,79461318.31529
2022-07-17,109.47,116.29,107.81,110.11,1055217.02,2022-07-17 23:59:59.999,117715315.64018
2022-07-18,110.17,122.12,109.98,121.21,992051.404,2022-07-18 23:59:59.999,115670492.31686
2022-07-19,121.22,129.5,115.75,128.23,1205519.583,2022-07-19 23:59:59.999,148511823.38733
2022-07-20,128.23,131.3,119.57,121.72,1047237.111,2022-07-20 23:59:59.999,132357043.36517
2022-07-21,121.7,124.26,117.42,123.01,770851.858,2022-07-21 23:59:59.999,93523892.51135
2022-07-22,123.02,129.38,119.64,123.13,1098366.579,2022-07-22 23:59:59.999,137974540.08574
2022-07-23,123.14,127.04,118.0,122.24,661392.341,2022-07-23 23:59:59.999,81096878.92133
2022-07-24,122.27,135.0,122.26,131.77,1339453.212,2022-07-24 23:59:59.999,173236862.77102
2022-07-25,131.76,133.0,117.35,117.88,1407948.211,2022-07-25 23:59:59.999,176594697.45944
2022-07-26,117.87,118.97,113.6,118.8,830131.659,2022-07-26 23:59:59.999,96416220.82362
2022-07-27,118.79,127.4,116.06,127.32,887396.593,2022-07-27 23:59:59.999,107019802.56465
2022-07-28,127.27,159.73,127.05,155.67,3495652.25,2022-07-28 23:59:59.999,508288315.89305
2022-07-29,155.63,164.97,146.84,151.65,2700981.833,2022-07-29 23:59:59.999,413327311.41607
2022-07-30,151.68,154.47,143.0,145.34,1263421.421,2022-07-30 23:59:59.999,187113869.09784
2022-07-31,145.36,150.16,138.29,139.1,917700.067,2022-07-31 23:59:59.999,133548894.47921
2022-08-01,139.09,142.07,133.85,137.72,794405.248,2022-08-01 23:59:59.999,109733129.08398
2022-08-02,137.73,138.92,128.53,133.7,1104794.417,2022-08-02 23:59:59.999,146857650.24489
2022-08-03,133.66,142.76,130.09,133.63,971781.375,2022-08-03 23:59:59.999,132462372.11601
2022-08-04,133.62,138.47,132.21,134.15,803523.616,2022-08-04 23:59:59.999,108928090.27618
2022-08-05,134.14,142.0,133.72,141.81,729173.745,2022-08-05 23:59:59.999,100395092.96942
2022-08-06,141.81,143.4,138.97,141.21,570584.162,2022-08-06 23:59:59.999,80480522.67176
2022-08-07,141.2,143.79,137.8,140.88,473802.105,2022-08-07 23:59:59.999,66822219.81484
2022-08-08,140.9,148.08,140.14,143.43,807805.127,2022-08-08 23:59:59.999,116978068.12274
2022-08-09,143.43,144.36,133.02,134.57,826770.44,2022-08-09 23:59:59.999,113886832.32021
2022-08-10,134.58,144.22,131.1,142.08,859906.406,2022-08-10 23:59:59.999,118494542.30385
2022-08-11,142.07,148.71,141.66,142.81,796259.674,2022-08-11 23:59:59.999,115073133.26668
2022-08-12,142.82,143.34,138.29,143.02,576414.256,2022-08-12 23:59:59.999,81468492.2618
2022-08-13,143.01,147.01,142.2,144.17,492798.411,2022-08-13 23:59:59.999,71242559.15168
2022-08-14,144.16,147.72,137.92,139.32,660280.4,2022-08-14 23:59:59.999,94193398.49079
2022-08-15,139.34,143.3,133.5,137.05,828555.971,2022-08-15 23:59:59.999,113622515.55524
2022-08-16,137.04,138.33,134.39,136.26,600419.682,2022-08-16 23:59:59.999,81986676.70918
2022-08-17,136.26,144.83,132.23,133.7,1256964.288,2022-08-17 23:59:59.999,174217845.7025
2022-08-18,133.73,136.27,126.36,128.97,831557.874,2022-08-18 23:59:59.999,110592260.72937
2022-08-19,128.97,128.99,113.24,114.3,1334887.544,2022-08-19 23:59:59.999,161097134.37317
2022-08-20,114.29,118.11,111.09,114.47,760883.779,2022-08-20 23:59:59.999,87887518.0831
2022-08-21,114.48,120.56,114.14,119.55,617599.443,2022-08-21 23:59:59.999,72552100.99803
2022-08-22,119.58,123.32,113.26,122.53,1329519.256,2022-08-22 23:59:59.999,158176838.61573
2022-08-23,122.53,135.75,119.94,133.34,2675253.253,2022-08-23 23:59:59.999,348576445.49974
2022-08-24,133.34,139.38,130.23,130.36,1914178.01,2022-08-24 23:59:59.999,256085358.85994
2022-08-25,130.36,132.72,128.24,130.44,966192.638,2022-08-25 23:59:59.999,126112947.52669
2022-08-26,130.46,130.47,114.66,116.02,1424514.744,2022-08-26 23:59:59.999,176313587.22236
2022-08-27,116.02,118.44,112.78,115.12,802308.67,2022-08-27 23:59:59.999,92952120.10466
2022-08-28,115.13,121.02,111.64,112.53,965341.574,2022-08-28 23:59:59.999,112574069.69354
2022-08-29,112.53,119.89,110.67,119.4,1090114.652,2022-08-29 23:59:59.999,126608706.96557
2022-08-30,119.36,120.64,111.55,114.57,1022153.856,2022-08-30 23:59:59.999,118719140.58603
2022-08-31,114.57,117.89,113.99,114.99,832372.999,2022-08-31 23:59:59.999,96742015.47576
2022-09-01,115.0,117.1,112.8,116.54,909157.485,2022-09-01 23:59:59.999,104611337.63453
2022-09-02,116.54,120.35,114.56,116.3,1067827.425,2022-09-02 23:59:59.999,125402975.76511
2022-09-03,116.3,119.17,115.7,117.71,708646.569,2022-09-03 23:59:59.999,83184000.91552
2022-09-04,117.72,118.37,115.72,118.34,627132.341,2022-09-04 23:59:59.999,73466916.92535
2022-09-05,118.34,126.38,116.89,125.51,1441957.465,2022-09-05 23:59:59.999,174966329.1242
2022-09-06,125.54,127.9,111.46,112.07,1597220.121,2022-09-06 23:59:59.999,192948818.80423
2022-09-07,112.06,119.48,110.03,118.67,1125308.849,2022-09-07 23:59:59.999,128232167.72109
2022-09-08,118.65,130.52,115.74,126.51,2651949.389,2022-09-08 23:59:59.999,332625060.91453
2022-09-09,126.51,138.82,125.87,132.68,2339587.61,2022-09-09 23:59:59.999,308774122.30305
2022-09-10,132.69,134.93,130.29,132.52,960710.916,2022-09-10 23:59:59.999,127465922.66938
2022-09-11,132.52,133.31,127.24,130.12,741745.551,2022-09-11 23:59:59.999,96875604.99396
2022-09-12,130.13,132.86,126.09,128.77,1178030.347,2022-09-12 23:59:59.999,152912257.22237
2022-09-13,128.78,133.69,115.58,117.39,1601120.034,2022-09-13 23:59:59.999,199517604.34133
2022-09-14,117.39,120.68,115.86,119.85,865272.478,2022-09-14 23:59:59.999,102742655.95197
2022-09-15,119.83,122.89,115.88,117.46,1161935.838,2022-09-15 23:59:59.999,138214594.44102
2022-09-16,117.45,120.92,115.94,119.52,937473.084,2022-09-16 23:59:59.999,110849611.7893
2022-09-17,119.52,123.45,119.24,122.07,652262.184,2022-09-17 23:59:59.999,79080214.48734
2022-09-18,122.07,122.16,109.82,111.7,886967.22,2022-09-18 23:59:59.999,103706476.12964
2022-09-19,111.71,113.34,106.4,111.91,1044972.598,2022-09-19 23:59:59.999,114563483.61267
2022-09-20,111.93,114.78,110.85,112.68,1012696.482,2022-09-20 23:59:59.999,114075434.08411
2022-09-21,112.69,119.17,108.22,108.71,1310273.975,2022-09-21 23:59:59.999,148570371.07334
2022-09-22,108.72,117.15,108.46,116.52,1030711.157,2022-09-22 23:59:59.999,117328086.85354
2022-09-23,116.51,120.46,112.25,120.07,1015649.727,2022-09-23 23:59:59.999,118177610.48094
2022-09-24,120.08,122.15,117.2,117.26,865739.11,2022-09-24 23:59:59.999,103995862.72327
2022-09-25,117.25,118.54,111.97,113.39,822806.798,2022-09-25 23:59:59.999,95096258.80969
2022-09-26,113.37,117.54,112.31,116.24,914145.889,2022-09-26 23:59:59.999,105064098.83063
2022-09-27,116.23,120.44,112.22,114.19,1162369.252,2022-09-27 23:59:59.999,135945570.97871
2022-09-28,114.19,115.83,109.89,114.01,950777.066,2022-09-28 23:59:59.999,107146007.16428
2022-09-29,114.02,117.84,113.36,116.89,987825.788,2022-09-29 23:59:59.999,114246314.5228
2022-09-30,116.88,124.88,115.34,120.02,1606536.867,2022-09-30 23:59:59.999,193656943.75218
2022-10-01,120.02,120.95,115.8,117.1,905886.356,2022-10-01 23:59:59.999,107006295.21852
2022-10-02,117.11,118.51,113.63,114.19,720252.654,2022-10-02 23:59:59.999,83748434.3573
2022-10-03,114.19,116.47,113.45,116.16,759440.401,2022-10-03 23:59:59.999,87532697.8599
2022-10-04,116.18,122.08,115.55,121.08,976781.527,2022-10-04 23:59:59.999,116648856.20586
2022-10-05,121.09,123.44,118.76,122.01,892946.907,2022-10-05 23:59:59.999,108460764.79069
2022-10-06,122.0,123.73,117.58,118.25,838859.573,2022-10-06 23:59:59.999,101337812.55176
2022-10-07,118.25,120.16,115.32,116.68,797856.596,2022-10-07 23:59:59.999,93829644.40924
2022-10-08,116.68,118.78,115.5,116.94,465153.668,2022-10-08 23:59:59.999,54594313.54235
2022-10-09,116.94,118.4,116.3,117.14,503636.809,2022-10-09 23:59:59.999,59115786.25814
2022-10-10,117.14,118.02,110.5,111.52,823863.822,2022-10-10 23:59:59.999,94685392.75899
2022-10-11,111.52,112.37,108.75,111.09,715633.837,2022-10-11 23:59:59.999,79437026.02231
2022-10-12,111.08,112.58,110.57,111.67,570808.853,2022-10-12 23:59:59.999,63800323.58203
2022-10-13,111.67,112.99,101.36,108.64,1500674.068,2022-10-13 23:59:59.999,160468727.48556
2022-10-14,108.63,111.71,106.5,107.44,823060.016,2022-10-14 23:59:59.999,90054778.45206
2022-10-15,107.45,109.51,106.65,107.88,467390.434,2022-10-15 23:59:59.999,50556750.65374
2022-10-16,107.88,110.95,107.81,110.21,474311.277,2022-10-16 23:59:59.999,51983723.13316
2022-10-17,110.2,111.51,109.0,110.54,533766.876,2022-10-17 23:59:59.999,58783608.67774
2022-10-18,110.54,111.43,107.04,108.62,848915.332,2022-10-18 23:59:59.999,92940569.63905
2022-10-19,108.62,108.93,105.0,105.82,602580.833,2022-10-19 23:59:59.999,64803579.68132
2022-10-20,105.82,108.94,104.84,106.35,822224.315,2022-10-20 23:59:59.999,87991873.39886
2022-10-21,106.35,107.31,102.74,106.97,905495.989,2022-10-21 23:59:59.999,95524608.04125
2022-10-22,106.99,110.36,106.09,108.55,507627.333,2022-10-22 23:59:59.999,54942434.40273
2022-10-23,108.55,111.04,107.51,110.74,524676.257,2022-10-23 23:59:59.999,57172389.19274
2022-10-24,110.74,111.14,107.32,107.84,744616.433,2022-10-24 23:59:59.999,80914129.52222
2022-10-25,107.83,114.25,107.6,112.61,887498.122,2022-10-25 23:59:59.999,98585025.48358
2022-10-26,112.62,116.33,112.0,114.38,822591.202,2022-10-26 23:59:59.999,94250151.57091
2022-10-27,114.38,116.82,111.51,112.27,819043.376,2022-10-27 23:59:59.999,93627446.78962
2022-10-28,112.26,116.2,110.92,115.51,706434.458,2022-10-28 23:59:59.999,80104481.17301
2022-10-29,115.5,120.63,115.3,118.42,1022444.597,2022-10-29 23:59:59.999,120728750.78616
2022-10-30,118.42,120.26,114.37,116.1,707644.99,2022-10-30 23:59:59.999,83259754.75078
2022-10-31,116.11,117.86,113.45,114.99,769468.791,2022-10-31 23:59:59.999,88748001.05204
2022-11-01,114.99,116.49,113.75,114.93,498991.821,2022-11-01 23:59:59.999,57482902.7249
2022-11-02,114.93,122.0,111.77,113.56,1674841.764,2022-11-02 23:59:59.999,194974552.33941
2022-11-03,113.55,120.08,113.06,115.56,896654.149,2022-11-03 23:59:59.999,104560534.65515
2022-11-04,115.55,124.88,114.91,124.37,1164714.771,2022-11-04 23:59:59.999,141105033.21976
2022-11-05,124.36,125.99,122.03,123.68,666694.833,2022-11-05 23:59:59.999,82777510.04004
2022-11-06,123.66,124.23,116.1,116.54,595021.288,2022-11-06 23:59:59.999,71994917.98113
2022-11-07,116.54,119.37,114.99,117.79,797064.22,2022-11-07 23:59:59.999,93729189.79947
2022-11-08,117.79,118.84,94.04,103.08,2158469.246,2022-11-08 23:59:59.999,235433599.4359
2022-11-09,103.08,103.95,87.08,89.03,1984619.984,2022-11-09 23:59:59.999,192840179.53774
2022-11-10,89.04,106.49,86.99,102.59,1659820.262,2022-11-10 23:59:59.999,163660024.60861
2022-11-11,102.6,106.71,98.71,102.98,932356.208,2022-11-11 23:59:59.999,95772924.17008
2022-11-12,103.0,103.13,97.57,102.62,539283.604,2022-11-12 23:59:59.999,54392729.09053
2022-11-13,102.61,103.48,97.83,99.47,622178.12,2022-11-13 23:59:59.999,62605003.49661
2022-11-14,99.45,104.62,96.05,103.7,1091795.722,2022-11-14 23:59:59.999,110349079.91609
2022-11-15,103.7,106.09,102.09,103.82,663088.348,2022-11-15 23:59:59.999,69102672.5857
2022-11-16,103.84,109.71,102.33,104.32,1198165.151,2022-11-16 23:59:59.999,126813237.28916
2022-11-17,104.31,105.21,101.06,103.73,685775.445,2022-11-17 23:59:59.999,70550593.57606
2022-11-18,103.73,105.8,103.53,104.62,436904.486,2022-11-18 23:59:59.999,45647474.95036
2022-11-19,104.62,106.16,103.82,104.7,452241.109,2022-11-19 23:59:59.999,47425592.94925
2022-11-20,104.7,107.46,103.0,104.65,977198.961,2022-11-20 23:59:59.999,102990520.59489
2022-11-21,104.64,107.45,100.36,103.19,1504301.759,2022-11-21 23:59:59.999,155206798.61123
2022-11-22,103.2,109.43,102.91,109.31,1247825.055,2022-11-22 23:59:59.999,133066012.08884
2022-11-23,109.32,119.75,108.41,114.82,1479979.855,2022-11-23 23:59:59.999,169643556.81018
2022-11-24,114.85,118.62,113.0,115.84,1000481.015,2022-11-24 23:59:59.999,115919594.50302
2022-11-25,115.86,116.32,113.02,113.84,594106.537,2022-11-25 23:59:59.999,68109821.50967
2022-11-26,113.84,115.63,111.25,112.36,640004.858,2022-11-26 23:59:59.999,72646808.09627
2022-11-27,112.36,113.72,110.57,111.08,424790.697,2022-11-27 23:59:59.999,47835729.80168
2022-11-28,111.08,111.96,105.78,109.88,845674.596,2022-11-28 23:59:59.999,91839088.35321
2022-11-29,109.88,113.14,109.03,110.82,601258.002,2022-11-29 23:59:59.999,66968882.89644
2022-11-30,110.81,114.58,110.23,113.31,688910.438,2022-11-30 23:59:59.999,77489850.21471
2022-12-01,113.31,113.68,109.44,110.31,577615.017,2022-12-01 23:59:59.999,64292011.11192
2022-12-02,110.31,112.27,108.11,111.9,501324.481,2022-12-02 23:59:59.999,55194711.16616
2022-12-03,111.91,112.26,109.31,109.55,382603.128,2022-12-03 23:59:59.999,42499828.79918
2022-12-04,109.55,111.86,109.48,110.94,364600.622,2022-12-04 23:59:59.999,40366480.21802
2022-12-05,110.94,116.79,109.53,110.32,1087198.891,2022-12-05 23:59:59.999,123530876.92862
2022-12-06,110.32,112.18,110.12,111.97,522019.574,2022-12-06 23:59:59.999,57982398.54242
2022-12-07,111.97,112.76,107.18,109.03,593343.298,2022-12-07 23:59:59.999,65042038.6881
2022-12-08,109.04,112.26,108.32,111.79,591026.026,2022-12-08 23:59:59.999,65160307.05533
2022-12-09,111.79,112.24,108.89,109.76,527109.111,2022-12-09 23:59:59.999,58497695.59436
2022-12-10,109.77,110.43,108.59,109.04,290511.705,2022-12-10 23:59:59.999,31845162.59033
2022-12-11,109.05,109.86,105.49,106.09,482183.492,2022-12-11 23:59:59.999,52111665.98626
2022-12-12,106.1,106.64,101.57,106.22,660852.025,2022-12-12 23:59:59.999,69389668.89301
2022-12-13,106.21,111.39,103.58,110.17,1124061.697,2022-12-13 23:59:59.999,121722024.10205
2022-12-14,110.18,111.11,107.27,108.93,537623.898,2022-12-14 23:59:59.999,58833455.22275
2022-12-15,108.94,109.86,106.57,107.2,506285.553,2022-12-15 23:59:59.999,54889530.65149
2022-12-16,107.21,108.0,98.46,99.98,867852.809,2022-12-16 23:59:59.999,89754136.46012
2022-12-17,99.96,103.34,98.44,103.03,747614.162,2022-12-17 23:59:59.999,75921081.16335
2022-12-18,103.02,103.49,101.21,101.84,353400.178,2022-12-18 23:59:59.999,36171435.69599
2022-12-19,101.83,102.92,97.55,98.29,743899.958,2022-12-19 23:59:59.999,74887466.47972
2022-12-20,98.28,102.35,98.13,101.54,557679.096,2022-12-20 23:59:59.999,56060254.68294
2022-12-21,101.53,102.24,99.74,100.26,403867.86,2022-12-21 23:59:59.999,40724697.48692
2022-12-22,100.25,101.44,99.2,101.38,366487.314,2022-12-22 23:59:59.999,36805794.1032
2022-12-23,101.39,102.84,101.08,101.87,379709.51,2022-12-23 23:59:59.999,38664259.8371
2022-12-24,101.88,102.66,101.52,101.62,230481.337,2022-12-24 23:59:59.999,23510818.08338
2022-12-25,101.62,101.91,99.49,101.3,364219.068,2022-12-25 23:59:59.999,36669435.45753
2022-12-26,101.3,103.5,100.82,103.39,372129.306,2022-12-26 23:59:59.999,38022040.77823
2022-12-27,103.39,103.75,100.94,101.64,461770.956,2022-12-27 23:59:59.999,47284691.61924
2022-12-28,101.63,102.54,98.56,99.13,668779.396,2022-12-28 23:59:59.999,67169899.0586
2022-12-29,99.13,100.2,97.02,98.37,586788.582,2022-12-29 23:59:59.999,58071895.56391
2022-12-30,98.36,98.41,95.1,96.62,592125.894,2022-12-30 23:59:59.999,57144319.39278
2022-12-31,96.62,98.42,96.31,97.03,357724.427,2022-12-31 23:59:59.999,34862686.66312
2023-01-01,97.02,97.48,96.06,96.76,227425.742,2023-01-01 23:59:59.999,21980065.30871
2023-01-02,96.76,100.4,95.27,99.23,675924.58,2023-01-02 23:59:59.999,66364991.82545
2023-01-03,99.23,100.36,98.7,99.62,480652.32,2023-01-03 23:59:59.999,47841837.127
2023-01-04,99.62,102.4,99.44,101.47,685419.679,2023-01-04 23:59:59.999,69411306.26817
2023-01-05,101.48,103.42,100.5,101.15,674895.272,2023-01-05 23:59:59.999,68872112.21236
2023-01-06,101.13,101.89,98.0,101.6,822276.552,2023-01-06 23:59:59.999,82252031.62965
2023-01-07,101.59,102.24,101.07,101.44,396565.914,2023-01-07 23:59:59.999,40318557.48212
2023-01-08,101.44,103.89,100.67,103.63,570329.618,2023-01-08 23:59:59.999,58253396.47135
2023-01-09,103.64,107.87,103.59,106.71,1121882.85,2023-01-09 23:59:59.999,119121992.75606
2023-01-10,106.71,109.24,105.46,107.37,772500.16,2023-01-10 23:59:59.999,83057579.57675
2023-01-11,107.38,110.19,105.35,109.77,842981.553,2023-01-11 23:59:59.999,90502783.64231
2023-01-12,109.77,125.8,107.0,119.6,3229117.124,2023-01-12 23:59:59.999,380902028.44699
2023-01-13,119.61,128.29,117.68,124.55,1983171.477,2023-01-13 23:59:59.999,242106369.76724
2023-01-14,124.54,131.81,119.77,125.82,1864209.776,2023-01-14 23:59:59.999,235392218.52701
2023-01-15,125.83,127.23,121.47,124.96,847323.609,2023-01-15 23:59:59.999,105391882.81165
2023-01-16,124.96,127.14,119.14,124.01,1083170.193,2023-01-16 23:59:59.999,133649649.96945
2023-01-17,124.02,125.85,121.67,122.64,667127.773,2023-01-17 23:59:59.999,82580371.28415
2023-01-18,122.67,127.39,115.0,118.54,1299027.105,2023-01-18 23:59:59.999,158865702.97108
2023-01-19,118.55,122.4,118.43,121.58,619775.215,2023-01-19 23:59:59.999,74930303.67587
2023-01-20,121.58,128.23,120.32,127.99,653827.777,2023-01-20 23:59:59.999,80436590.03522
2023-01-21,128.0,134.03,125.11,127.86,1047284.526,2023-01-21 23:59:59.999,135782014.37225
2023-01-22,127.86,132.39,127.04,128.49,690730.589,2023-01-22 23:59:59.999,89469980.4415
2023-01-23,128.51,138.69,128.37,133.21,1117662.376,2023-01-23 23:59:59.999,149391168.80552
2023-01-24,133.24,137.13,125.34,128.1,834368.877,2023-01-24 23:59:59.999,110844318.86198
2023-01-25,128.09,134.55,125.1,131.81,720121.199,2023-01-25 23:59:59.999,93159438.40281
2023-01-26,131.82,135.03,129.41,133.83,696692.045,2023-01-26 23:59:59.999,92195680.77563
2023-01-27,133.84,136.32,131.4,135.23,639207.453,2023-01-27 23:59:59.999,86020934.95325
2023-01-28,135.22,135.77,131.2,132.6,440248.163,2023-01-28 23:59:59.999,58721706.56226
2023-01-29,132.59,138.65,131.78,136.51,721388.062,2023-01-29 23:59:59.999,98253258.69847
2023-01-30,136.52,136.69,126.77,130.98,792813.169,2023-01-30 23:59:59.999,104610822.96201
2023-01-31,130.98,136.34,130.45,133.15,708814.632,2023-01-31 23:59:59.999,94720147.41225
2023-02-01,133.15,136.88,129.66,136.1,720302.558,2023-02-01 23:59:59.999,95594163.52928
2023-02-02,136.11,143.59,135.34,136.61,935336.716,2023-02-02 23:59:59.999,130091523.92827
2023-02-03,136.65,139.67,135.96,137.82,581847.239,2023-02-03 23:59:59.999,80280478.99641
2023-02-04,137.82,139.96,136.24,137.97,381405.729,2023-02-04 23:59:59.999,52626199.35159
2023-02-05,137.98,138.25,132.43,134.37,518370.139,2023-02-05 23:59:59.999,70104290.24368
2023-02-06,134.35,134.97,130.11,131.42,541802.879,2023-02-06 23:59:59.999,72131225.33518
2023-02-07,131.42,137.98,131.08,135.89,734491.511,2023-02-07 23:59:59.999,98490153.94361
2023-02-08,135.89,136.79,129.57,131.53,549674.211,2023-02-08 23:59:59.999,73158428.56758
2023-02-09,131.54,132.46,121.35,126.56,1368380.468,2023-02-09 23:59:59.999,175806782.88775
2023-02-10,126.57,130.1,123.63,124.12,988652.325,2023-02-10 23:59:59.999,126004890.40774
2023-02-11,124.12,125.26,122.88,124.59,517712.572,2023-02-11 23:59:59.999,64240077.17534
2023-02-12,124.58,126.48,120.97,122.7,413997.12,2023-02-12 23:59:59.999,51524072.00959
2023-02-13,122.7,124.62,119.42,123.7,862265.927,2023-02-13 23:59:59.999,105296508.53423
2023-02-14,123.7,127.1,122.6,126.6,717571.25,2023-02-14 23:59:59.999,89623371.23271
2023-02-15,126.6,135.32,124.87,134.8,863325.489,2023-02-15 23:59:59.999,111391982.40882
2023-02-16,134.81,135.78,127.45,127.84,803587.655,2023-02-16 23:59:59.999,106970174.92995
2023-02-17,127.84,134.61,127.28,133.35,813317.766,2023-02-17 23:59:59.999,106500262.9606
2023-02-18,133.34,138.7,133.21,136.1,635076.396,2023-02-18 23:59:59.999,86081579.86139
2023-02-19,136.09,141.16,134.44,135.95,903645.692,2023-02-19 23:59:59.999,124195243.2793
2023-02-20,135.96,148.97,133.08,144.91,1560160.907,2023-02-20 23:59:59.999,224150486.88721
2023-02-21,144.91,154.0,142.4,145.26,2057270.137,2023-02-21 23:59:59.999,305953294.51336
2023-02-22,145.26,145.64,136.73,141.79,995631.061,2023-02-22 23:59:59.999,139842970.23586
2023-02-23,141.79,143.69,137.28,138.57,741645.71,2023-02-23 23:59:59.999,104307976.30405
2023-02-24,138.58,139.63,130.01,132.66,774902.988,2023-02-24 23:59:59.999,104580386.28141
2023-02-25,132.67,135.57,128.96,133.05,649597.606,2023-02-25 23:59:59.999,86302075.66272
2023-02-26,133.04,137.38,132.08,136.19,451411.381,2023-02-26 23:59:59.999,60830093.26299
2023-02-27,136.18,138.21,133.14,135.06,653330.989,2023-02-27 23:59:59.999,88633488.1409
2023-02-28,135.06,135.2,130.31,131.94,482116.134,2023-02-28 23:59:59.999,64082186.43303
2023-03-01,131.93,135.85,131.48,134.1,444360.94,2023-03-01 23:59:59.999,59525556.28116
2023-03-02,134.11,134.66,129.76,131.78,415843.193,2023-03-02 23:59:59.999,54891296.64515
2023-03-03,131.77,131.81,119.36,126.26,714173.107,2023-03-03 23:59:59.999,89222161.24742
2023-03-04,126.26,127.09,122.19,124.31,336892.972,2023-03-04 23:59:59.999,42182110.50526
2023-03-05,124.32,126.44,123.01,123.9,369160.519,2023-03-05 23:59:59.999,46099780.49366
2023-03-06,123.9,124.89,122.01,124.14,388619.667,2023-03-06 23:59:59.999,47960341.23224
2023-03-07,124.14,125.87,119.82,122.16,532158.46,2023-03-07 23:59:59.999,65544091.7738
2023-03-08,122.15,122.54,114.16,116.53,720476.056,2023-03-08 23:59:59.999,85737642.77186
2023-03-09,116.52,118.35,105.64,110.1,908794.218,2023-03-09 23:59:59.999,102903272.10598
2023-03-10,110.09,111.81,104.91,111.5,1003786.484,2023-03-10 23:59:59.999,109090507.44879
2023-03-11,111.5,115.0,107.06,113.39,1006246.382,2023-03-11 23:59:59.999,111477872.36834
2023-03-12,113.39,120.91,111.87,120.22,821141.906,2023-03-12 23:59:59.999,94761018.29007
2023-03-13,120.22,127.99,119.0,126.49,1293330.596,2023-03-13 23:59:59.999,159087287.19835
2023-03-14,126.5,136.15,125.11,130.94,1114389.334,2023-03-14 23:59:59.999,145330201.58011
2023-03-15,130.94,133.72,121.85,123.13,980208.851,2023-03-15 23:59:59.999,125050820.35364
2023-03-16,123.13,126.89,122.02,125.64,609592.439,2023-03-16 23:59:59.999,75945883.94813
2023-03-17,125.64,135.59,124.61,135.37,723386.566,2023-03-17 23:59:59.999,94369687.26612
2023-03-18,135.36,137.88,130.03,130.92,725381.444,2023-03-18 23:59:59.999,97401549.01314
2023-03-19,130.91,136.89,130.89,135.75,661759.112,2023-03-19 23:59:59.999,89081552.34015
2023-03-20,135.77,139.45,129.22,130.16,979653.723,2023-03-20 23:59:59.999,131127988.4762
2023-03-21,130.16,134.54,125.5,133.85,971644.59,2023-03-21 23:59:59.999,127407030.94669
2023-03-22,133.85,134.4,122.45,125.87,1077043.251,2023-03-22 23:59:59.999,139966811.59481
2023-03-23,125.87,131.01,124.24,128.53,667366.688,2023-03-23 23:59:59.999,85218379.33905
2023-03-24,128.52,131.76,121.25,123.57,957880.931,2023-03-24 23:59:59.999,120787662.30106
2023-03-25,123.57,127.48,123.01,125.01,497510.527,2023-03-25 23:59:59.999,62241285.20869
2023-03-26,125.0,127.08,123.42,124.63,445114.87,2023-03-26 23:59:59.999,55692656.151
2023-03-27,124.63,124.84,116.28,120.32,811886.794,2023-03-27 23:59:59.999,98203493.28095
2023-03-28,120.32,122.23,119.0,120.84,691989.615,2023-03-28 23:59:59.999,83412363.09743
2023-03-29,120.84,124.59,120.34,123.15,672828.382,2023-03-29 23:59:59.999,82838670.96739
2023-03-30,123.15,125.17,118.84,121.01,701501.881,2023-03-30 23:59:59.999,85575807.83149
2023-03-31,121.0,124.65,120.03,123.79,487252.505,2023-03-31 23:59:59.999,59712787.50625
2023-04-01,123.78,127.68,123.31,126.0,424554.106,2023-04-01 23:59:59.999,53098041.88989
2023-04-02,126.01,126.48,121.0,122.83,379723.739,2023-04-02 23:59:59.999,46983121.12538
2023-04-03,122.83,129.47,119.28,127.73,1308755.05,2023-04-03 23:59:59.999,165351175.03534
2023-04-04,127.72,128.31,125.73,126.95,467004.492,2023-04-04 23:59:59.999,59346982.70461
2023-04-05,126.93,129.9,125.01,127.15,540280.581,2023-04-05 23:59:59.999,69011177.02
2023-04-06,127.13,127.58,124.64,126.0,399645.099,2023-04-06 23:59:59.999,50407986.35246
2023-04-07,125.98,126.5,123.06,124.47,328527.033,2023-04-07 23:59:59.999,40939055.71842
2023-04-08,124.47,125.12,122.7,123.7,207998.831,2023-04-08 23:59:59.999,25805997.22443
2023-04-09,123.68,126.36,123.24,125.39,308946.509,2023-04-09 23:59:59.999,38465119.65211
2023-04-10,125.4,128.71,123.92,127.95,498577.683,2023-04-10 23:59:59.999,62832562.55678
2023-04-11,127.95,130.61,127.32,129.04,565103.175,2023-04-11 23:59:59.999,72820837.98947
2023-04-12,129.04,129.83,125.37,128.74,650017.324,2023-04-12 23:59:59.999,83059104.16512
2023-04-13,128.74,131.75,127.83,131.02,423351.91,2023-04-13 23:59:59.999,55092688.17348
2023-04-14,131.03,134.4,128.78,132.09,679328.656,2023-04-14 23:59:59.999,89791543.60266
2023-04-15,132.09,133.66,130.57,132.49,343330.977,2023-04-15 23:59:59.999,45341555.09509
2023-04-16,132.5,136.12,130.89,134.29,437376.371,2023-04-16 23:59:59.999,58551690.17209
2023-04-17,134.29,134.5,130.13,131.51,486157.581,2023-04-17 23:59:59.999,64243711.23563
2023-04-18,131.51,134.14,130.15,133.53,443940.416,2023-04-18 23:59:59.999,58891641.09046
2023-04-19,133.54,133.86,121.6,124.77,933147.456,2023-04-19 23:59:59.999,118882075.73955
2023-04-20,124.76,126.85,121.18,123.07,612751.868,2023-04-20 23:59:59.999,76147288.92888
2023-04-21,123.08,124.96,118.1,119.74,750794.157,2023-04-21 23:59:59.999,91608527.9859
2023-04-22,119.73,122.77,118.96,121.87,394387.995,2023-04-22 23:59:59.999,47781374.55311
2023-04-23,121.87,122.74,117.7,119.73,453005.584,2023-04-23 23:59:59.999,54547713.42581
2023-04-24,119.74,121.57,118.53,119.08,494450.647,2023-04-24 23:59:59.999,59326499.91075
2023-04-25,119.09,120.3,116.4,120.13,572559.382,2023-04-25 23:59:59.999,67619936.3605
2023-04-26,120.13,123.25,111.32,117.35,873531.994,2023-04-26 23:59:59.999,103828579.51529
2023-04-27,117.36,120.28,116.02,116.96,725593.352,2023-04-27 23:59:59.999,85490021.4037
2023-04-28,116.96,120.39,115.04,117.87,683475.766,2023-04-28 23:59:59.999,80301927.51108
2023-04-29,117.87,120.08,117.51,119.75,324480.302,2023-04-29 23:59:59.999,38618646.88077
2023-04-30,119.76,120.91,117.36,117.57,374732.846,2023-04-30 23:59:59.999,44657186.21422
2023-05-01,117.58,118.32,114.99,116.93,441204.323,2023-05-01 23:59:59.999,51441534.82326
2023-05-02,116.93,119.58,116.22,119.17,486049.391,2023-05-02 23:59:59.999,57502568.98397
2023-05-03,119.17,120.74,115.83,120.01,564538.281,2023-05-03 23:59:59.999,66556915.48842
2023-05-04,120.0,120.1,116.31,117.27,353338.396,2023-05-04 23:59:59.999,41663378.46552
2023-05-05,117.28,120.96,116.74,120.04,473565.458,2023-05-05 23:59:59.999,56319346.02096
2023-05-06,120.04,120.55,115.0,116.84,502781.287,2023-05-06 23:59:59.999,59068081.43685
2023-05-07,116.84,117.65,115.58,115.99,294287.469,2023-05-07 23:59:59.999,34384633.71577
2023-05-08,116.0,116.77,106.57,111.12,770144.491,2023-05-08 23:59:59.999,86295808.07118
2023-05-09,111.12,123.86,110.14,122.09,3733639.807,2023-05-09 23:59:59.999,448758102.00281
2023-05-10,122.08,123.5,111.02,115.65,2533681.063,2023-05-10 23:59:59.999,299702408.73789
2023-05-11,115.65,115.66,109.69,113.24,1014877.809,2023-05-11 23:59:59.999,114886154.12242
2023-05-12,113.24,115.49,111.97,114.73,935006.064,2023-05-12 23:59:59.999,106565458.49955
2023-05-13,114.73,114.85,112.39,112.84,359386.144,2023-05-13 23:59:59.999,40814554.99317
2023-05-14,112.84,116.0,112.77,115.11,492525.807,2023-05-14 23:59:59.999,56363417.32145
2023-05-15,115.1,120.73,114.2,115.97,1183768.735,2023-05-15 23:59:59.999,139684411.77172
2023-05-16,115.98,117.55,113.83,116.66,752738.058,2023-05-16 23:59:59.999,87181276.05185
2023-05-17,116.66,118.85,115.16,117.87,665140.163,2023-05-17 23:59:59.999,77781876.4749
2023-05-18,117.87,117.99,112.68,115.21,742905.828,2023-05-18 23:59:59.999,85900979.67819
2023-05-19,115.21,116.13,114.38,115.49,404367.482,2023-05-19 23:59:59.999,46632958.24424
2023-05-20,115.49,116.95,114.46,116.52,334617.988,2023-05-20 23:59:59.999,38761636.20174
2023-05-21,116.52,117.09,113.7,114.61,335786.086,2023-05-21 23:59:59.999,38686763.10661
2023-05-22,114.6,115.2,112.84,114.62,489683.473,2023-05-22 23:59:59.999,55920216.44214
2023-05-23,114.63,117.34,114.6,115.61,496109.756,2023-05-23 23:59:59.999,57520285.6628
2023-05-24,115.61,115.7,110.34,111.95,670149.178,2023-05-24 23:59:59.999,75426424.03457
2023-05-25,111.94,112.28,109.0,111.82,421536.267,2023-05-25 23:59:59.999,46888171.43902
2023-05-26,111.82,113.76,111.34,113.12,381140.411,2023-05-26 23:59:59.999,42963944.62498
2023-05-27,113.12,114.0,111.91,113.65,222343.899,2023-05-27 23:59:59.999,25142751.30474
2023-05-28,113.66,116.85,113.59,116.4,358858.287,2023-05-28 23:59:59.999,41262671.29949
2023-05-29,116.4,117.24,114.67,114.85,452577.158,2023-05-29 23:59:59.999,52465999.07686
2023-05-30,114.85,115.67,113.81,113.87,345243.371,2023-05-30 23:59:59.999,39604954.38117
2023-05-31,113.87,114.31,111.9,113.2,414074.486,2023-05-31 23:59:59.999,46721578.0587
2023-06-01,113.19,113.62,111.4,113.27,328005.862,2023-06-01 23:59:59.999,37004756.44499
2023-06-02,113.26,115.38,112.71,114.8,356448.358,2023-06-02 23:59:59.999,40746285.65958
2023-06-03,114.8,115.24,114.12,114.91,184681.516,2023-06-03 23:59:59.999,21185301.36705
2023-06-04,114.92,116.93,114.14,115.6,314012.798,2023-06-04 23:59:59.999,36455016.69447
2023-06-05,115.6,115.67,106.48,108.56,728503.368,2023-06-05 23:59:59.999,80976531.93768
2023-06-06,108.57,114.77,107.38,114.7,627182.086,2023-06-06 23:59:59.999,69633991.11387
2023-06-07,114.69,116.69,109.91,111.09,751369.806,2023-06-07 23:59:59.999,84571295.48346
2023-06-08,111.09,112.4,110.11,111.71,318630.966,2023-06-08 23:59:59.999,35513758.1505
2023-06-09,111.7,111.98,109.52,110.75,350849.286,2023-06-09 23:59:59.999,38883462.04193
2023-06-10,110.74,110.94,89.68,103.38,1620316.768,2023-06-10 23:59:59.999,162735018.13931
2023-06-11,103.39,103.54,101.43,102.71,404008.708,2023-06-11 23:59:59.999,41391855.99061
2023-06-12,102.72,104.23,100.27,102.71,486979.692,2023-06-12 23:59:59.999,49778624.92175
2023-06-13,102.71,106.78,102.05,105.36,528773.554,2023-06-13 23:59:59.999,55423814.05377
2023-06-14,105.36,106.3,100.45,101.73,566625.744,2023-06-14 23:59:59.999,58829266.41177
2023-06-15,101.73,105.13,101.6,104.77,631796.94,2023-06-15 23:59:59.999,65340716.73468
2023-06-16,104.77,109.4,102.51,108.05,513777.812,2023-06-16 23:59:59.999,54318490.78598
2023-06-17,108.05,108.6,106.05,106.63,335182.285,2023-06-17 23:59:59.999,35875606.68861
2023-06-18,106.62,108.68,105.45,106.91,439849.895,2023-06-18 23:59:59.999,47239951.64081
2023-06-19,106.92,107.26,104.64,106.76,363039.146,2023-06-19 23:59:59.999,38563262.61808
2023-06-20,106.76,110.59,105.06,109.97,687856.059,2023-06-20 23:59:59.999,74006905.25883
2023-06-21,109.96,140.35,109.57,135.6,7164353.313,2023-06-21 23:59:59.999,937678555.11697
2023-06-22,135.6,149.29,127.9,133.37,3619877.843,2023-06-22 23:59:59.999,496969918.0944
2023-06-23,133.38,193.3,133.32,182.01,12359037.686,2023-06-23 23:59:59.999,2073538772.86741
2023-06-24,182.02,221.57,178.89,212.36,15634198.247,2023-06-24 23:59:59.999,2998668644.40742
2023-06-25,212.37,219.8,185.33,193.94,9933252.908,2023-06-25 23:59:59.999,1988546528.69675
2023-06-26,193.95,236.34,187.06,223.58,15414365.555,2023-06-26 23:59:59.999,3282050494.81281
2023-06-27,223.57,238.0,215.41,229.85,12294730.898,2023-06-27 23:59:59.999,2793120538.68251
2023-06-28,229.85,245.0,219.22,224.82,12911649.468,2023-06-28 23:59:59.999,2959722722.30116
2023-06-29,224.81,256.69,223.47,252.89,10637107.432,2023-06-29 23:59:59.999,2547562838.98134
2023-06-30,252.88,329.32,251.57,303.99,25810808.988,2023-06-30 23:59:59.999,7643384049.32749
2023-07-01,304.01,309.78,280.0,291.07,8324151.186,2023-07-01 23:59:59.999,2431562791.31028
2023-07-02,291.07,308.72,268.0,298.91,10792902.073,2023-07-02 23:59:59.999,3131861702.48427
2023-07-03,298.91,302.4,277.77,291.7,6056906.72,2023-07-03 23:59:59.999,1762607971.82063
2023-07-04,291.7,292.99,270.95,272.36,4655833.249,2023-07-04 23:59:59.999,1306660757.87596
2023-07-05,272.36,278.45,248.33,271.42,8403466.07,2023-07-05 23:59:59.999,2210166465.36947
2023-07-06,271.43,303.55,267.61,274.57,13979290.073,2023-07-06 23:59:59.999,3999166302.91393
2023-07-07,274.57,289.6,271.1,278.26,6623269.592,2023-07-07 23:59:59.999,1860008172.71676
2023-07-08,278.27,283.0,261.22,271.6,4118275.413,2023-07-08 23:59:59.999,1115213799.47344
2023-07-09,271.6,279.57,261.56,265.4,3786217.335,2023-07-09 23:59:59.999,1019932386.88073
2023-07-10,265.4,287.63,257.0,274.58,6689998.813,2023-07-10 23:59:59.999,1821661935.57628
2023-07-11,274.57,277.6,269.84,273.73,3008392.561,2023-07-11 23:59:59.999,823422791.71125
2023-07-12,273.73,296.0,272.2,282.04,6053570.621,2023-07-12 23:59:59.999,1710644144.54858
2023-07-13,282.03,292.49,267.81,273.8,6829287.263,2023-07-13 23:59:59.999,1923747103.32938
2023-07-14,273.79,278.26,253.03,263.92,4526874.464,2023-07-14 23:59:59.999,1214378060.51552
2023-07-15,263.91,263.91,245.0,253.07,3258996.35,2023-07-15 23:59:59.999,823525084.97802
2023-07-16,253.07,260.96,246.0,249.64,3064016.25,2023-07-16 23:59:59.999,782193541.76073
2023-07-17,249.63,254.37,235.24,241.88,3426337.59,2023-07-17 23:59:59.999,835943890.3668
2023-07-18,241.88,247.88,231.32,243.52,4254314.913,2023-07-18 23:59:59.999,1020436050.33597
2023-07-19,243.51,251.94,241.01,243.83,3029085.558,2023-07-19 23:59:59.999,746063009.6833
2023-07-20,243.83,255.27,240.01,243.97,2701165.543,2023-07-20 23:59:59.999,666808225.0005
2023-07-21,243.97,248.15,241.41,246.02,1427388.537,2023-07-21 23:59:59.999,349291864.68152
2023-07-22,246.03,247.64,237.03,239.23,1018904.854,2023-07-22 23:59:59.999,248277596.17256
2023-07-23,239.22,255.59,238.02,249.29,2200886.536,2023-07-23 23:59:59.999,545185840.21768
2023-07-24,249.29,253.68,235.51,238.28,2416054.315,2023-07-24 23:59:59.999,587600701.82076
2023-07-25,238.27,239.7,231.73,236.9,1798944.634,2023-07-25 23:59:59.999,424255276.02157
2023-07-26,236.9,244.74,233.49,242.01,2197973.268,2023-07-26 23:59:59.999,526176911.20211
2023-07-27,242.02,249.5,240.72,245.07,1651575.207,2023-07-27 23:59:59.999,405019397.94824
2023-07-28,245.08,245.4,240.88,241.09,846651.241,2023-07-28 23:59:59.999,205834307.67235
2023-07-29,241.09,242.44,238.09,241.79,747125.686,2023-07-29 23:59:59.999,179578169.36098
2023-07-30,241.78,255.78,240.93,252.89,3196162.448,2023-07-30 23:59:59.999,797039754.0394
2023-07-31,252.9,259.79,246.85,247.8,3225405.994,2023-07-31 23:59:59.999,813272564.8579
2023-08-01,247.8,248.8,238.25,244.82,2172562.757,2023-08-01 23:59:59.999,527450017.44471
2023-08-02,244.82,246.84,220.0,228.96,2589000.39,2023-08-02 23:59:59.999,606848104.59342
2023-08-03,228.95,231.7,222.25,225.47,1632981.5,2023-08-03 23:59:59.999,372706535.92428
2023-08-04,225.46,229.99,220.26,227.5,1637566.994,2023-08-04 23:59:59.999,370713253.02211
2023-08-05,227.5,228.87,223.0,226.68,1013878.826,2023-08-05 23:59:59.999,228803412.54008
2023-08-06,226.68,228.5,221.2,222.96,923088.961,2023-08-06 23:59:59.999,207299434.58609
2023-08-07,222.95,245.0,217.15,237.49,5084368.017,2023-08-07 23:59:59.999,1191771617.26217
2023-08-08,237.48,248.72,234.41,238.25,3538518.646,2023-08-08 23:59:59.999,849429447.95472
2023-08-09,238.24,239.54,233.0,238.58,1839441.035,2023-08-09 23:59:59.999,435216275.4366
2023-08-10,238.59,240.31,230.28,231.84,1525069.669,2023-08-10 23:59:59.999,357996938.79226
2023-08-11,231.85,232.9,227.03,228.88,1045666.143,2023-08-11 23:59:59.999,239550650.55763
2023-08-12,228.88,230.94,227.26,228.49,528576.812,2023-08-12 23:59:59.999,121003408.00579
2023-08-13,228.49,231.05,224.58,228.29,814361.762,2023-08-13 23:59:59.999,185878544.30988
2023-08-14,228.28,231.0,225.29,229.95,832585.427,2023-08-14 23:59:59.999,190628814.61221
2023-08-15,229.95,237.0,223.6,228.68,2360449.45,2023-08-15 23:59:59.999,547904546.97195
2023-08-16,228.68,231.19,199.23,208.06,2818084.336,2023-08-16 23:59:59.999,610625936.66697
2023-08-17,208.07,211.3,160.6,183.71,3854505.502,2023-08-17 23:59:59.999,755043674.74157
2023-08-18,183.7,191.5,178.3,187.24,2708700.832,2023-08-18 23:59:59.999,500494642.63771
2023-08-19,187.25,191.88,183.65,186.98,1400408.995,2023-08-19 23:59:59.999,263203210.7833
2023-08-20,186.97,190.72,186.44,188.72,896827.71,2023-08-20 23:59:59.999,168762293.45288
2023-08-21,188.72,199.0,180.3,185.63,1686636.271,2023-08-21 23:59:59.999,317013742.09036
2023-08-22,185.63,188.28,175.65,184.85,1418547.228,2023-08-22 23:59:59.999,261341263.80772
2023-08-23,184.85,196.94,184.47,193.6,1440616.388,2023-08-23 23:59:59.999,274739335.0856
2023-08-24,193.6,195.05,188.21,193.91,993666.447,2023-08-24 23:59:59.999,190319861.44198
2023-08-25,193.91,194.37,188.07,191.93,1054492.663,2023-08-25 23:59:59.999,201374421.07534
2023-08-26,191.93,192.24,188.64,189.95,453725.98,2023-08-26 23:59:59.999,86236833.94675
2023-08-27,189.95,201.68,189.86,197.61,1019956.339,2023-08-27 23:59:59.999,198942924.05832
2023-08-28,197.61,198.0,186.36,190.37,1184142.955,2023-08-28 23:59:59.999,227444859.51371
2023-08-29,190.36,228.24,188.75,224.88,4644027.251,2023-08-29 23:59:59.999,985745563.73886
2023-08-30,224.88,225.76,211.18,215.72,2407227.799,2023-08-30 23:59:59.999,523118280.25067
2023-08-31,215.73,222.76,202.54,207.41,3165156.939,2023-08-31 23:59:59.999,677122678.84999
2023-09-01,207.41,210.88,196.94,199.49,1865471.296,2023-09-01 23:59:59.999,380282394.05836
2023-09-02,199.5,201.83,190.0,194.93,1233931.873,2023-09-02 23:59:59.999,243614312.08014
2023-09-03,194.93,198.11,191.06,196.02,993140.042,2023-09-03 23:59:59.999,193352539.94716
2023-09-04,196.02,198.9,189.51,193.68,1238025.225,2023-09-04 23:59:59.999,239957234.90429
2023-09-05,193.69,195.16,189.2,191.88,995821.258,2023-09-05 23:59:59.999,191364616.54917
2023-09-06,191.89,195.95,189.28,193.01,903541.343,2023-09-06 23:59:59.999,173926446.90769
2023-09-07,193.0,194.48,189.82,193.6,740331.725,2023-09-07 23:59:59.999,141943613.68057
2023-09-08,193.6,196.88,190.32,193.02,1090383.912,2023-09-08 23:59:59.999,211346093.45384
2023-09-09,193.03,196.4,190.86,192.93,574285.481,2023-09-09 23:59:59.999,110777312.70022
2023-09-10,192.94,193.0,181.92,190.23,1185077.032,2023-09-10 23:59:59.999,224027423.26967
2023-09-11,190.22,191.71,180.22,184.08,1469832.169,2023-09-11 23:59:59.999,273504131.09273
2023-09-12,184.08,210.99,183.84,198.29,3790065.746,2023-09-12 23:59:59.999,753682563.8878
2023-09-13,198.29,204.01,195.6,199.45,2658504.863,2023-09-13 23:59:59.999,532406008.64569
2023-09-14,199.45,210.5,198.05,207.71,2155574.705,2023-09-14 23:59:59.999,441199754.7022
2023-09-15,207.71,227.75,205.76,216.95,2576227.671,2023-09-15 23:59:59.999,555491536.27357
2023-09-16,216.94,223.64,212.56,214.57,1309183.542,2023-09-16 23:59:59.999,284281269.03056
2023-09-17,214.58,214.66,204.98,209.87,1209450.377,2023-09-17 23:59:59.999,254575005.56435
2023-09-18,209.88,225.73,207.27,217.03,2276811.337,2023-09-18 23:59:59.999,495563251.88844
2023-09-19,217.04,222.38,214.19,218.61,1351287.069,2023-09-19 23:59:59.999,295269588.90391
2023-09-20,218.62,220.99,211.15,215.34,1641435.861,2023-09-20 23:59:59.999,353800829.00731
2023-09-21,215.34,215.64,205.48,208.41,1321506.181,2023-09-21 23:59:59.999,277411999.25746
2023-09-22,208.41,209.99,203.1,207.7,924655.668,2023-09-22 23:59:59.999,192020897.45295
2023-09-23,207.69,209.67,206.44,208.05,577230.449,2023-09-23 23:59:59.999,120120106.61655
2023-09-24,208.05,209.85,202.23,204.63,722520.836,2023-09-24 23:59:59.999,149922471.67226
2023-09-25,204.61,213.58,201.61,210.34,1075623.954,2023-09-25 23:59:59.999,223844540.98518
2023-09-26,210.34,215.98,209.24,214.59,1173819.076,2023-09-26 23:59:59.999,249822865.32921
2023-09-27,214.59,236.88,213.26,229.24,3604898.789,2023-09-27 23:59:59.999,817402458.73574
2023-09-28,229.23,245.63,227.58,238.54,3677817.041,2023-09-28 23:59:59.999,870016098.30589
2023-09-29,238.54,241.15,228.61,234.8,1808294.436,2023-09-29 23:59:59.999,424136885.03634
2023-09-30,234.82,239.5,231.72,233.73,1023471.563,2023-09-30 23:59:59.999,240846707.02873
2023-10-01,233.74,245.31,232.54,242.17,1371653.666,2023-10-01 23:59:59.999,326992422.16924
2023-10-02,242.17,255.31,240.31,246.16,3589384.145,2023-10-02 23:59:59.999,888497757.25464
2023-10-03,246.17,251.37,227.56,230.25,2512527.902,2023-10-03 23:59:59.999,600412753.62189
2023-10-04,230.26,233.99,223.0,232.9,1648659.922,2023-10-04 23:59:59.999,377721208.98572
2023-10-05,232.9,234.82,225.24,230.83,1610075.77,2023-10-05 23:59:59.999,371093304.98055
2023-10-06,230.83,233.87,225.82,230.66,1208574.805,2023-10-06 23:59:59.999,278322236.19361
2023-10-07,230.66,236.43,228.23,230.09,974503.738,2023-10-07 23:59:59.999,225926738.42621
2023-10-08,230.09,232.88,226.27,227.62,872717.113,2023-10-08 23:59:59.999,199992008.36474
2023-10-09,227.63,229.0,209.43,218.29,1738218.91,2023-10-09 23:59:59.999,381042282.08066
2023-10-10,218.29,220.32,210.05,212.14,1163410.783,2023-10-10 23:59:59.999,249889109.37778
2023-10-11,212.14,216.97,206.31,213.94,1357039.622,2023-10-11 23:59:59.999,288494863.01913
2023-10-12,213.94,217.44,207.1,213.94,1150907.119,2023-10-12 23:59:59.999,244886978.66253
2023-10-13,213.95,218.87,211.7,217.11,966971.789,2023-10-13 23:59:59.999,207554500.94469
2023-10-14,217.12,218.14,214.1,214.38,414138.936,2023-10-14 23:59:59.999,89557109.06734
2023-10-15,214.39,216.66,212.6,215.02,520877.206,2023-10-15 23:59:59.999,111684955.11336
2023-10-16,215.02,250.0,214.69,230.67,3238163.573,2023-10-16 23:59:59.999,746226055.9161
2023-10-17,230.67,232.43,222.78,226.23,1364286.201,2023-10-17 23:59:59.999,310844370.17445
2023-10-18,226.26,233.0,224.5,226.69,1335010.252,2023-10-18 23:59:59.999,305563180.19171
2023-10-19,226.7,235.02,224.69,227.14,1115827.16,2023-10-19 23:59:59.999,254962117.74725
2023-10-20,227.14,250.0,225.91,240.25,2202684.989,2023-10-20 23:59:59.999,529051465.66577
2023-10-21,240.27,246.45,237.51,243.81,1073323.368,2023-10-21 23:59:59.999,259839109.09194
2023-10-22,243.82,254.58,237.0,243.26,1411783.359,2023-10-22 23:59:59.999,345539759.00705
2023-10-23,243.26,265.06,240.17,261.78,2314048.166,2023-10-23 23:59:59.999,578012197.59583
2023-10-24,261.77,269.9,244.0,251.69,2076478.822,2023-10-24 23:59:59.999,535455494.18234
2023-10-25,251.69,259.63,247.68,254.03,1183012.079,2023-10-25 23:59:59.999,300745094.29702
2023-10-26,254.07,256.88,240.0,247.1,1101765.537,2023-10-26 23:59:59.999,274851263.42493
2023-10-27,247.11,247.42,231.33,239.15,903362.862,2023-10-27 23:59:59.999,218366831.7964
2023-10-28,239.16,247.44,238.73,244.8,566435.446,2023-10-28 23:59:59.999,138352025.36101
2023-10-29,244.79,249.66,241.93,245.83,480628.364,2023-10-29 23:59:59.999,118097964.51951
2023-10-30,245.84,250.99,241.0,245.78,684332.61,2023-10-30 23:59:59.999,167925780.62576
2023-10-31,245.78,248.87,235.37,244.85,858763.112,2023-10-31 23:59:59.999,209148638.34306
2023-11-01,244.85,247.5,236.2,245.33,974665.586,2023-11-01 23:59:59.999,235377228.94021
2023-11-02,245.33,249.49,230.24,235.41,1149897.191,2023-11-02 23:59:59.999,276258160.84111
2023-11-03,235.41,240.81,230.72,237.35,857857.85,2023-11-03 23:59:59.999,203036355.70297
2023-11-04,237.36,240.8,235.43,240.29,375265.856,2023-11-04 23:59:59.999,89183274.19397
2023-11-05,240.29,243.29,231.0,237.59,772459.967,2023-11-05 23:59:59.999,184362278.50126
2023-11-06,237.59,244.98,235.35,242.95,661638.07,2023-11-06 23:59:59.999,158554606.84856
2023-11-07,242.95,251.88,236.96,243.91,1393345.83,2023-11-07 23:59:59.999,340211883.16881
2023-11-08,243.92,248.3,241.5,245.48,699044.363,2023-11-08 23:59:59.999,170765825.20488
2023-11-09,245.49,258.11,210.04,240.02,2164882.375,2023-11-09 23:59:59.999,525560180.13034
2023-11-10,240.01,242.57,233.34,239.72,950514.678,2023-11-10 23:59:59.999,227333701.24549
2023-11-11,239.72,241.79,232.0,236.58,795106.447,2023-11-11 23:59:59.999,188634355.55145
2023-11-12,236.58,239.47,229.93,236.6,615488.983,2023-11-12 23:59:59.999,145343072.56044
2023-11-13,236.6,240.36,231.86,233.9,1099674.365,2023-11-13 23:59:59.999,260056680.12968
2023-11-14,233.91,239.05,220.0,231.96,1018715.904,2023-11-14 23:59:59.999,237698519.46111
2023-11-15,231.96,238.07,230.08,237.82,651589.317,2023-11-15 23:59:59.999,152155329.436
2023-11-16,237.81,244.96,230.02,233.92,1190126.682,2023-11-16 23:59:59.999,281335892.6457
2023-11-17,233.92,234.93,221.1,229.56,840441.158,2023-11-17 23:59:59.999,192546333.27376
2023-11-18,229.56,229.58,220.53,227.26,466811.0,2023-11-18 23:59:59.999,105497616.08343
2023-11-19,227.25,230.87,223.85,230.14,388134.906,2023-11-19 23:59:59.999,88367012.98111
2023-11-20,230.14,230.51,224.22,226.2,467547.011,2023-11-20 23:59:59.999,106696808.73619
2023-11-21,226.19,236.9,212.3,216.1,1468790.61,2023-11-21 23:59:59.999,334514496.08811
2023-11-22,216.07,224.44,215.05,223.58,654321.516,2023-11-22 23:59:59.999,144137905.72694
2023-11-23,223.58,227.34,221.66,225.11,474439.714,2023-11-23 23:59:59.999,106528110.98017
2023-11-24,225.11,230.24,224.27,226.28,456080.346,2023-11-24 23:59:59.999,103236050.60782
2023-11-25,226.28,228.2,225.46,227.56,265966.623,2023-11-25 23:59:59.999,60409821.75214
2023-11-26,227.56,229.68,221.33,226.79,418944.271,2023-11-26 23:59:59.999,94940907.13855
2023-11-27,226.79,229.43,219.0,223.15,682002.988,2023-11-27 23:59:59.999,152922171.66968
2023-11-28,223.14,224.92,219.4,223.36,455839.693,2023-11-28 23:59:59.999,101436193.33094
2023-11-29,223.36,227.13,220.89,223.19,399071.492,2023-11-29 23:59:59.999,89310931.15299
2023-11-30,223.18,223.48,220.03,221.37,269993.138,2023-11-30 23:59:59.999,59955796.02456
2023-12-01,221.37,226.51,220.54,225.18,398401.993,2023-12-01 23:59:59.999,89303994.0835
2023-12-02,225.18,228.78,224.84,228.3,355446.092,2023-12-02 23:59:59.999,80601171.19892
2023-12-03,228.3,233.33,223.58,230.16,574259.04,2023-12-03 23:59:59.999,131249715.74949
2023-12-04,230.15,256.75,229.13,252.44,2429774.291,2023-12-04 23:59:59.999,601818849.82764
2023-12-05,252.44,253.26,237.8,251.1,1221975.106,2023-12-05 23:59:59.999,299229823.75738
2023-12-06,251.1,265.52,242.84,244.61,1777128.246,2023-12-06 23:59:59.999,448769806.96021
2023-12-07,244.61,249.26,239.06,247.02,809362.962,2023-12-07 23:59:59.999,198391290.80329
2023-12-08,247.01,254.73,245.56,253.77,651408.4,2023-12-08 23:59:59.999,162767828.31576
2023-12-09,253.77,263.37,250.22,252.84,1011696.641,2023-12-09 23:59:59.999,259134777.92609
2023-12-10,252.87,255.5,244.42,251.35,496480.887,2023-12-10 23:59:59.999,124448905.21507
2023-12-11,251.36,251.94,204.43,230.45,1131500.108,2023-12-11 23:59:59.999,263178475.04825
2023-12-12,230.46,235.1,226.81,231.9,510638.839,2023-12-12 23:59:59.999,118309306.22968
2023-12-13,231.9,237.12,222.77,235.22,659634.229,2023-12-13 23:59:59.999,151483116.92095
2023-12-14,235.26,238.0,225.28,237.37,572306.163,2023-12-14 23:59:59.999,133971451.73175
2023-12-15,237.37,237.45,225.0,227.14,486858.336,2023-12-15 23:59:59.999,112645740.81796
2023-12-16,227.13,232.25,224.5,229.77,300964.991,2023-12-16 23:59:59.999,69119775.73562
2023-12-17,229.76,230.77,224.97,225.95,348464.313,2023-12-17 23:59:59.999,79479070.65762
2023-12-18,225.95,228.26,217.08,228.12,640507.145,2023-12-18 23:59:59.999,143135480.25405
2023-12-19,228.11,230.96,222.59,225.17,403678.318,2023-12-19 23:59:59.999,91779465.70931
2023-12-20,225.17,236.3,223.7,229.67,924819.836,2023-12-20 23:59:59.999,213632797.13605
2023-12-21,229.67,234.65,228.69,233.25,369348.87,2023-12-21 23:59:59.999,85527869.98252
2023-12-22,233.26,244.39,231.52,238.37,757601.968,2023-12-22 23:59:59.999,179280042.43183
2023-12-23,238.37,238.77,230.09,232.75,379462.377,2023-12-23 23:59:59.999,88314489.80963
2023-12-24,232.75,234.0,225.05,228.96,444263.841,2023-12-24 23:59:59.999,102406674.30188
2023-12-25,228.96,237.87,228.0,235.01,431471.984,2023-12-25 23:59:59.999,100910327.45409
2023-12-26,235.02,235.28,218.54,229.29,692048.933,2023-12-26 23:59:59.999,158496512.78593
2023-12-27,229.3,265.83,226.45,264.42,1910533.157,2023-12-27 23:59:59.999,475373567.72702
2023-12-28,264.45,278.85,257.65,261.79,2278724.711,2023-12-28 23:59:59.999,612478853.99792
2023-12-29,261.8,269.72,249.21,254.33,1493819.018,2023-12-29 23:59:59.999,387966317.81402
2023-12-30,254.33,288.02,254.07,270.83,2195943.713,2023-12-30 23:59:59.999,605601026.39717
2023-12-31,270.82,272.43,252.0,259.79,887129.097,2023-12-31 23:59:59.999,234829050.91998
2024-01-01,259.79,269.86,255.8,268.08,731563.311,2024-01-01 23:59:59.999,192976337.2577
2024-01-02,268.08,271.45,253.7,257.19,769478.993,2024-01-02 23:59:59.999,202707065.83675
2024-01-03,257.22,268.14,208.78,233.85,1509110.412,2024-01-03 23:59:59.999,364289831.61333
2024-01-04,233.85,240.32,231.94,239.35,566424.002,2024-01-04 23:59:59.999,133770060.98831
2024-01-05,239.34,243.28,228.29,239.04,788184.801,2024-01-05 23:59:59.999,184930812.17842
2024-01-06,239.04,243.28,230.6,235.97,562281.282,2024-01-06 23:59:59.999,132960111.4226
2024-01-07,235.97,239.96,229.41,232.19,523263.245,2024-01-07 23:59:59.999,123264691.7471
2024-01-08,232.19,255.86,220.5,253.87,1287382.684,2024-01-08 23:59:59.999,305046291.21685
2024-01-09,253.88,257.53,239.36,244.65,1219385.273,2024-01-09 23:59:59.999,301912349.45183
2024-01-10,244.64,260.0,232.89,254.56,858269.305,2024-01-10 23:59:59.999,210080849.61325
2024-01-11,254.56,289.49,250.33,276.22,1845322.494,2024-01-11 23:59:59.999,500700830.84855
2024-01-12,276.21,298.6,250.1,259.15,2338403.564,2024-01-12 23:59:59.999,655857081.41077
2024-01-13,259.16,262.13,250.5,253.93,680842.473,2024-01-13 23:59:59.999,174355596.13382
2024-01-14,253.93,258.89,244.68,245.63,652527.453,2024-01-14 23:59:59.999,165385585.94915
2024-01-15,245.61,257.68,245.12,250.03,549397.02,2024-01-15 23:59:59.999,138581765.98508
2024-01-16,250.03,256.18,248.82,250.99,589294.75,2024-01-16 23:59:59.999,148952073.78947
2024-01-17,250.99,251.35,240.61,244.18,476362.747,2024-01-17 23:59:59.999,117078325.59426
2024-01-18,244.18,245.12,233.0,237.63,525129.15,2024-01-18 23:59:59.999,125520311.00749
2024-01-19,237.63,238.17,226.2,236.62,566881.928,2024-01-19 23:59:59.999,132407446.79091
2024-01-20,236.63,239.84,234.86,238.95,260128.622,2024-01-20 23:59:59.999,61666678.48415
2024-01-21,238.95,243.0,236.42,236.89,316166.018,2024-01-21 23:59:59.999,75916030.70254
2024-01-22,236.89,242.65,230.13,235.45,851257.052,2024-01-22 23:59:59.999,199961680.84468
2024-01-23,235.44,237.84,218.8,229.37,912971.232,2024-01-23 23:59:59.999,207622394.99401
2024-01-24,229.38,238.18,228.22,236.12,513697.33,2024-01-24 23:59:59.999,120342576.0066
2024-01-25,236.12,238.68,234.12,236.5,416454.995,2024-01-25 23:59:59.999,98387668.1666
2024-01-26,236.5,242.82,234.39,241.7,327811.184,2024-01-26 23:59:59.999,78302766.60511
2024-01-27,241.7,245.21,239.09,243.56,362913.392,2024-01-27 23:59:59.999,88044817.86036
2024-01-28,243.56,245.79,234.64,236.7,364335.252,2024-01-28 23:59:59.999,87515573.26422
2024-01-29,236.71,241.82,233.9,241.18,308115.871,2024-01-29 23:59:59.999,73199333.37248
2024-01-30,241.19,243.72,236.22,237.32,321552.353,2024-01-30 23:59:59.999,77564900.54025
2024-01-31,237.33,238.9,231.9,234.15,438557.303,2024-01-31 23:59:59.999,103379086.18434
2024-02-01,234.16,237.24,230.27,236.57,342422.539,2024-02-01 23:59:59.999,80273255.47341
2024-02-02,236.57,237.89,234.12,236.18,229250.732,2024-02-02 23:59:59.999,54169825.54864
2024-02-03,236.19,242.0,235.97,240.7,369948.248,2024-02-03 23:59:59.999,88598242.7606
2024-02-04,240.71,244.0,232.3,235.04,545731.129,2024-02-04 23:59:59.999,130637536.01658
2024-02-05,235.03,237.88,233.64,235.56,268830.468,2024-02-05 23:59:59.999,63382334.27603
2024-02-06,235.56,238.2,234.08,235.08,282329.632,2024-02-06 23:59:59.999,66546650.45811
2024-02-07,235.08,240.88,234.37,240.55,246434.645,2024-02-07 23:59:59.999,58331108.15176
2024-02-08,240.55,244.87,240.12,244.47,324865.804,2024-02-08 23:59:59.999,78821011.92808
2024-02-09,244.47,253.99,244.46,250.13,469366.984,2024-02-09 23:59:59.999,117041685.6639
2024-02-10,250.13,251.57,242.93,247.56,279738.639,2024-02-10 23:59:59.999,69067949.51014
2024-02-11,247.57,283.67,246.5,277.62,2464641.731,2024-02-11 23:59:59.999,669341254.34505
2024-02-12,277.62,289.57,266.7,280.44,2110687.768,2024-02-12 23:59:59.999,587505171.87124
2024-02-13,280.46,287.9,266.2,270.35,1143984.846,2024-02-13 23:59:59.999,315585235.40361
2024-02-14,270.35,296.0,264.35,280.66,1461256.128,2024-02-14 23:59:59.999,408286498.64394
2024-02-15,280.65,282.55,265.56,270.37,957177.342,2024-02-15 23:59:59.999,260562734.01586
2024-02-16,270.37,275.6,265.11,274.41,960390.11,2024-02-16 23:59:59.999,260674478.31535
2024-02-17,274.41,274.46,257.94,267.08,621018.613,2024-02-17 23:59:59.999,165250997.02191
2024-02-18,267.08,272.0,264.59,270.51,336192.742,2024-02-18 23:59:59.999,90135964.73786
2024-02-19,270.5,273.87,266.62,273.22,417480.058,2024-02-19 23:59:59.999,112706205.2453
2024-02-20,273.22,274.46,249.9,265.3,845227.034,2024-02-20 23:59:59.999,225079644.49322
2024-02-21,265.29,266.91,254.98,263.15,562828.623,2024-02-21 23:59:59.999,146804683.29479
2024-02-22,263.14,266.31,259.04,260.43,424171.763,2024-02-22 23:59:59.999,111397989.25318
2024-02-23,260.43,267.31,259.32,264.87,470230.709,2024-02-23 23:59:59.999,123848413.27147
2024-02-24,264.87,270.97,263.02,267.95,326114.745,2024-02-24 23:59:59.999,87212044.30808
2024-02-25,267.92,271.2,265.7,268.17,309326.752,2024-02-25 23:59:59.999,83015645.21664
2024-02-26,268.16,277.16,262.23,274.98,604718.385,2024-02-26 23:59:59.999,163227030.69629
2024-02-27,274.99,315.47,274.71,293.09,2180147.813,2024-02-27 23:59:59.999,653300317.45482
2024-02-28,293.1,314.57,276.6,296.58,1828942.027,2024-02-28 23:59:59.999,547433471.52516
2024-02-29,296.58,324.11,290.99,298.0,1614083.655,2024-02-29 23:59:59.999,501786604.0882
2024-03-01,298.0,320.52,297.17,316.65,929670.934,2024-03-01 23:59:59.999,290590535.43029
2024-03-02,316.69,506.59,315.78,502.0,6431987.497,2024-03-02 23:59:59.999,2716162912.84896
2024-03-03,501.99,529.51,455.0,470.87,4090792.765,2024-03-03 23:59:59.999,1999457082.29426
2024-03-04,470.87,479.87,432.0,473.62,2467761.798,2024-03-04 23:59:59.999,1128945715.61291
2024-03-05,473.6,482.56,333.0,400.89,2398268.16,2024-03-05 23:59:59.999,1021141095.11835
2024-03-06,400.92,422.78,382.46,416.04,1200232.842,2024-03-06 23:59:59.999,485695832.2798
2024-03-07,416.05,439.72,398.02,432.18,1064138.624,2024-03-07 23:59:59.999,445317103.67706
2024-03-08,432.19,446.63,417.55,436.66,872248.774,2024-03-08 23:59:59.999,378160516.43584
2024-03-09,436.76,458.24,423.36,431.86,748058.175,2024-03-09 23:59:59.999,327267542.47811
2024-03-10,431.86,446.0,410.57,422.9,713824.116,2024-03-10 23:59:59.999,307854048.81942
2024-03-11,422.9,456.92,401.0,448.58,1083896.898,2024-03-11 23:59:59.999,472069359.40853
2024-03-12,448.59,448.69,408.47,434.19,879134.423,2024-03-12 23:59:59.999,375949452.76391
2024-03-13,434.2,455.3,423.65,442.23,741963.324,2024-03-13 23:59:59.999,325652262.4623
2024-03-14,442.23,476.22,415.0,440.6,1439388.914,2024-03-14 23:59:59.999,641791059.8551
2024-03-15,440.61,445.2,381.85,416.52,1081521.691,2024-03-15 23:59:59.999,443635223.94616
2024-03-16,416.52,421.1,381.68,388.69,750843.264,2024-03-16 23:59:59.999,300697143.22792
2024-03-17,388.7,407.89,368.82,402.62,628250.475,2024-03-17 23:59:59.999,247496462.28834
2024-03-18,402.62,411.45,383.19,401.04,677942.632,2024-03-18 23:59:59.999,268628852.10222
2024-03-19,401.06,412.16,350.0,358.65,1260878.575,2024-03-19 23:59:59.999,471338432.43832
2024-03-20,358.66,412.35,347.65,409.89,1086532.371,2024-03-20 23:59:59.999,408291934.26569
2024-03-21,409.88,435.84,403.85,414.46,975239.78,2024-03-21 23:59:59.999,410519414.55148
2024-03-22,414.45,433.55,390.84,431.36,1011129.525,2024-03-22 23:59:59.999,414566299.18286
2024-03-23,431.36,476.76,419.73,456.3,1647542.254,2024-03-23 23:59:59.999,746688443.39675
2024-03-24,456.31,501.62,444.84,485.46,1776049.241,2024-03-24 23:59:59.999,835168790.69688
2024-03-25,485.47,510.15,472.76,487.76,1563010.105,2024-03-25 23:59:59.999,766672509.74646
2024-03-26,487.76,495.99,468.02,479.72,929469.875,2024-03-26 23:59:59.999,448859167.40845
2024-03-27,479.72,554.85,478.64,539.46,2118430.622,2024-03-27 23:59:59.999,1093051585.45813
2024-03-28,539.46,587.7,528.0,568.22,1730843.676,2024-03-28 23:59:59.999,969273281.48236
2024-03-29,568.22,641.64,553.0,621.24,2047394.751,2024-03-29 23:59:59.999,1231926531.56509
2024-03-30,621.24,624.98,591.2,598.16,822627.835,2024-03-30 23:59:59.999,497968913.65051
2024-03-31,598.16,693.9,588.14,679.58,1246220.625,2024-03-31 23:59:59.999,794134258.59708
2024-04-01,679.59,703.27,617.79,648.33,2112241.797,2024-04-01 23:59:59.999,1407657699.37324
2024-04-02,648.33,651.0,587.43,639.75,1769138.313,2024-04-02 23:59:59.999,1096710335.62828
2024-04-03,639.75,644.85,562.23,593.08,1604920.108,2024-04-03 23:59:59.999,966012359.13463
2024-04-04,593.07,685.05,591.44,666.07,2542126.449,2024-04-04 23:59:59.999,1635302327.82886
2024-04-05,666.07,720.0,645.01,657.87,2447238.33,2024-04-05 23:59:59.999,1664550259.03369
2024-04-06,657.85,717.77,657.13,694.35,1769849.895,2024-04-06 23:59:59.999,1232109747.32862
2024-04-07,694.34,710.0,675.0,685.14,861644.295,2024-04-07 23:59:59.999,591796715.77673
2024-04-08,685.14,713.94,676.74,681.65,1091322.03,2024-04-08 23:59:59.999,757732705.79835
2024-04-09,681.62,695.98,655.87,672.02,1172925.609,2024-04-09 23:59:59.999,796222711.16511
2024-04-10,672.01,674.24,595.0,628.75,1586223.322,2024-04-10 23:59:59.999,988790142.52857
2024-04-11,628.76,628.91,599.31,613.79,621347.683,2024-04-11 23:59:59.999,380666796.51321
2024-04-12,613.72,618.56,485.0,532.69,1415468.814,2024-04-12 23:59:59.999,786936035.47172
2024-04-13,532.7,551.33,442.13,479.26,1854360.465,2024-04-13 23:59:59.999,929348674.65664
2024-04-14,479.27,529.51,452.93,525.0,1256392.558,2024-04-14 23:59:59.999,609330995.90328
2024-04-15,525.0,567.87,490.41,507.52,1220890.194,2024-04-15 23:59:59.999,643840524.58281
2024-04-16,507.52,509.94,463.31,486.07,1097301.474,2024-04-16 23:59:59.999,529548565.46858
2024-04-17,486.09,489.89,446.46,463.33,887697.989,2024-04-17 23:59:59.999,413743007.81396
2024-04-18,463.34,488.3,452.79,482.55,760927.458,2024-04-18 23:59:59.999,362119537.48336
2024-04-19,482.54,491.65,444.0,476.29,917232.416,2024-04-19 23:59:59.999,433687166.76234
2024-04-20,476.28,521.99,470.11,514.9,695173.005,2024-04-20 23:59:59.999,342519699.39708
2024-04-21,514.9,517.88,492.91,501.69,514104.024,2024-04-21 23:59:59.999,260736119.9807
2024-04-22,501.7,527.65,495.68,522.38,517631.19,2024-04-22 23:59:59.999,264277529.04322
2024-04-23,522.37,523.28,501.17,504.65,424408.858,2024-04-23 23:59:59.999,216524844.01562
2024-04-24,504.66,511.3,473.29,478.86,591425.296,2024-04-24 23:59:59.999,291065112.12328
2024-04-25,478.87,485.75,466.63,477.75,534935.154,2024-04-25 23:59:59.999,255201970.02796
2024-04-26,477.75,493.1,466.27,482.32,423921.681,2024-04-26 23:59:59.999,203368896.4238
2024-04-27,482.32,486.4,463.03,476.68,436344.829,2024-04-27 23:59:59.999,206769240.95158
2024-04-28,476.68,487.95,467.55,470.31,263685.536,2024-04-28 23:59:59.999,126369899.70321
2024-04-29,470.31,474.15,446.6,464.73,494779.342,2024-04-29 23:59:59.999,227156708.69663
2024-04-30,464.73,469.99,420.0,433.58,725565.455,2024-04-30 23:59:59.999,320472774.94794
2024-05-01,433.58,435.58,399.27,424.24,749360.934,2024-05-01 23:59:59.999,310458403.85849
2024-05-02,424.25,434.39,410.47,428.76,422865.103,2024-05-02 23:59:59.999,178773800.20721
2024-05-03,428.75,458.0,425.29,452.18,511623.667,2024-05-03 23:59:59.999,226271692.06003
2024-05-04,452.23,480.15,451.41,462.67,471300.181,2024-05-04 23:59:59.999,219702056.07475
2024-05-05,462.69,472.46,455.08,468.59,305612.51,2024-05-05 23:59:59.999,141690160.98787
2024-05-06,468.59,483.88,462.48,472.81,492131.825,2024-05-06 23:59:59.999,232893468.20451
2024-05-07,472.81,493.76,465.71,470.57,578136.326,2024-05-07 23:59:59.999,276962158.84763
2024-05-08,470.56,473.4,444.27,447.81,495223.101,2024-05-08 23:59:59.999,226755574.81139
2024-05-09,447.81,458.45,441.27,454.39,339441.424,2024-05-09 23:59:59.999,152519666.51038
2024-05-10,454.4,456.67,420.78,426.21,492664.983,2024-05-10 23:59:59.999,215483073.55847
2024-05-11,426.22,434.28,424.87,429.31,258040.803,2024-05-11 23:59:59.999,110925958.45579
2024-05-12,429.3,438.33,426.96,432.67,187516.332,2024-05-12 23:59:59.999,81159908.94985
2024-05-13,432.66,447.75,421.15,437.28,394994.23,2024-05-13 23:59:59.999,172440238.66323
2024-05-14,437.29,439.22,425.68,428.67,311375.418,2024-05-14 23:59:59.999,134965633.41291
2024-05-15,428.67,467.01,423.31,463.46,612838.316,2024-05-15 23:59:59.999,272088236.52338
2024-05-16,463.46,465.67,441.79,444.45,303960.443,2024-05-16 23:59:59.999,137145892.82497
2024-05-17,444.46,478.41,441.81,466.25,582682.354,2024-05-17 23:59:59.999,270931501.59409
2024-05-18,466.24,491.67,464.02,474.93,446870.778,2024-05-18 23:59:59.999,214514249.5166
2024-05-19,474.94,497.0,472.74,484.53,556559.416,2024-05-19 23:59:59.999,271270117.07411
2024-05-20,484.53,518.65,475.5,517.73,850869.144,2024-05-20 23:59:59.999,419916585.65357
2024-05-21,517.73,529.95,507.57,514.53,641017.654,2024-05-21 23:59:59.999,333027511.24104
2024-05-22,514.54,515.52,493.65,498.37,385005.808,2024-05-22 23:59:59.999,193989901.85865
2024-05-23,498.38,516.24,470.7,490.8,579090.68,2024-05-23 23:59:59.999,287328013.46814
2024-05-24,490.79,499.92,479.09,494.49,331891.658,2024-05-24 23:59:59.999,162751128.4467
2024-05-25,494.5,501.53,490.3,493.23,201955.206,2024-05-25 23:59:59.999,99879639.02438
2024-05-26,493.22,494.12,480.14,483.8,215823.052,2024-05-26 23:59:59.999,105323850.99464
2024-05-27,483.8,503.49,481.01,489.36,249915.855,2024-05-27 23:59:59.999,122930663.08082
2024-05-28,489.36,489.36,460.51,469.9,491742.816,2024-05-28 23:59:59.999,230831212.60785
2024-05-29,469.91,474.98,462.36,465.53,272837.97,2024-05-29 23:59:59.999,127872173.17769
2024-05-30,465.53,474.81,459.0,464.83,280107.471,2024-05-30 23:59:59.999,130753826.31684
2024-05-31,464.82,469.0,447.0,454.56,280337.309,2024-05-31 23:59:59.999,128743921.81255
2024-06-01,454.57,466.61,454.05,463.27,138258.764,2024-06-01 23:59:59.999,63585265.03738
2024-06-02,463.27,464.98,452.66,457.92,147288.17,2024-06-02 23:59:59.999,67744305.14106
2024-06-03,457.97,471.63,453.87,464.53,264059.387,2024-06-03 23:59:59.999,122744288.48684
2024-06-04,464.52,479.78,459.28,476.78,332073.796,2024-06-04 23:59:59.999,155928633.29503
2024-06-05,476.78,498.0,476.07,495.01,278965.668,2024-06-05 23:59:59.999,135226886.52149
2024-06-06,495.0,502.32,485.53,495.91,282069.402,2024-06-06 23:59:59.999,139689092.9811
2024-06-07,495.91,521.06,458.0,477.3,604361.432,2024-06-07 23:59:59.999,301269219.37737
2024-06-08,477.31,484.82,464.89,469.1,279090.696,2024-06-08 23:59:59.999,132379596.82329
2024-06-09,469.11,475.79,464.61,474.34,153631.661,2024-06-09 23:59:59.999,72197792.05722
2024-06-10,474.35,474.71,460.82,468.84,200337.253,2024-06-10 23:59:59.999,93811623.39039
2024-06-11,468.84,469.43,433.71,445.8,394813.099,2024-06-11 23:59:59.999,177375536.06691
2024-06-12,445.8,466.4,438.49,453.93,370268.669,2024-06-12 23:59:59.999,168078001.75398
2024-06-13,453.92,455.68,430.02,431.43,319099.258,2024-06-13 23:59:59.999,141549818.31623
2024-06-14,431.43,441.46,405.0,422.37,361595.458,2024-06-14 23:59:59.999,153633560.1265
2024-06-15,422.36,432.59,421.78,429.79,161622.351,2024-06-15 23:59:59.999,69108674.28042
2024-06-16,429.79,433.77,426.09,428.18,131881.67,2024-06-16 23:59:59.999,56704722.48568
2024-06-17,428.17,429.48,403.0,419.32,374584.6,2024-06-17 23:59:59.999,156640722.21937
2024-06-18,419.32,421.27,371.62,389.0,672935.819,2024-06-18 23:59:59.999,260544795.94843
2024-06-19,389.0,398.25,385.04,388.71,233675.531,2024-06-19 23:59:59.999,91506475.1121
2024-06-20,388.72,400.54,385.05,389.67,255202.917,2024-06-20 23:59:59.999,100105062.69449
2024-06-21,389.63,397.22,376.71,382.8,312249.399,2024-06-21 23:59:59.999,120861029.94243
2024-06-22,382.77,400.31,379.27,391.87,212706.752,2024-06-22 23:59:59.999,82958167.14313
2024-06-23,391.84,396.45,378.0,380.66,229590.071,2024-06-23 23:59:59.999,89009130.99345
2024-06-24,380.66,383.93,343.0,363.59,841037.904,2024-06-24 23:59:59.999,301539652.75889
2024-06-25,363.6,394.16,363.31,388.35,599850.508,2024-06-25 23:59:59.999,227915112.32888
2024-06-26,388.34,396.95,372.93,373.58,467917.838,2024-06-26 23:59:59.999,178404838.69855
2024-06-27,373.57,392.92,369.41,388.89,419791.43,2024-06-27 23:59:59.999,160126858.68713
2024-06-28,388.9,406.83,383.52,385.78,611051.403,2024-06-28 23:59:59.999,240554993.65521
2024-06-29,385.79,389.52,378.66,380.62,228748.105,2024-06-29 23:59:59.999,87809939.73678
2024-06-30,380.62,397.32,378.0,393.76,262729.418,2024-06-30 23:59:59.999,101887625.09579
2024-07-01,393.76,398.53,381.2,384.15,286140.79,2024-07-01 23:59:59.999,111632756.26716
2024-07-02,384.15,394.26,378.14,381.79,243841.036,2024-07-02 23:59:59.999,93879830.15512
2024-07-03,381.79,382.58,367.9,372.96,307232.245,2024-07-03 23:59:59.999,114850467.62519
2024-07-04,372.96,374.29,330.0,331.12,661460.148,2024-07-04 23:59:59.999,231368464.74634
2024-07-05,331.21,331.56,287.88,325.09,1465012.733,2024-07-05 23:59:59.999,453139921.17688
2024-07-06,325.07,343.8,319.42,342.64,444384.69,2024-07-06 23:59:59.999,146828404.59595
2024-07-07,342.68,342.77,310.0,312.44,406375.651,2024-07-07 23:59:59.999,132189232.99678
2024-07-08,312.45,337.86,298.46,333.07,674736.251,2024-07-08 23:59:59.999,216299493.6735
2024-07-09,333.08,340.57,328.15,330.86,316674.798,2024-07-09 23:59:59.999,105672223.97422
2024-07-10,330.85,345.99,326.36,340.15,345141.238,2024-07-10 23:59:59.999,116817930.00313
2024-07-11,340.15,368.94,335.45,346.86,570611.272,2024-07-11 23:59:59.999,200877884.07965
2024-07-12,346.86,369.75,340.05,368.73,363629.329,2024-07-12 23:59:59.999,128483673.53765
2024-07-13,368.72,379.99,368.69,375.43,404159.826,2024-07-13 23:59:59.999,151227299.6706
2024-07-14,375.39,388.78,362.96,376.25,454787.208,2024-07-14 23:59:59.999,170493399.64449
2024-07-15,376.26,402.14,375.21,399.86,433537.045,2024-07-15 23:59:59.999,167865906.71163
2024-07-16,399.85,404.94,369.03,386.56,746448.586,2024-07-16 23:59:59.999,287482765.15655
2024-07-17,386.57,399.09,371.03,375.0,473306.179,2024-07-17 23:59:59.999,180832197.66006
2024-07-18,375.01,386.32,368.85,382.49,339973.115,2024-07-18 23:59:59.999,128988087.78867
2024-07-19,382.5,399.63,369.45,391.22,369351.407,2024-07-19 23:59:59.999,141050154.12955
2024-07-20,391.22,398.65,385.14,395.1,206141.452,2024-07-20 23:59:59.999,80892345.12968
2024-07-21,395.15,401.3,377.23,400.98,297198.442,2024-07-21 23:59:59.999,116214729.62191
2024-07-22,400.99,404.22,382.45,385.48,297697.252,2024-07-22 23:59:59.999,116699191.49803
2024-07-23,385.53,392.57,360.22,366.11,507160.241,2024-07-23 23:59:59.999,190266435.85213
2024-07-24,366.08,374.61,358.0,362.11,296072.804,2024-07-24 23:59:59.999,108831320.4861
2024-07-25,362.13,365.0,346.37,361.18,400665.309,2024-07-25 23:59:59.999,141771704.89496
2024-07-26,361.18,378.77,360.86,377.0,236452.307,2024-07-26 23:59:59.999,87817337.42617
2024-07-27,377.0,398.07,376.36,392.28,374791.381,2024-07-27 23:59:59.999,145894428.36274
2024-07-28,392.28,423.48,388.45,416.53,619804.411,2024-07-28 23:59:59.999,250395418.89938
2024-07-29,416.54,458.91,413.66,438.79,1159111.573,2024-07-29 23:59:59.999,513291980.79987
2024-07-30,438.78,446.57,427.53,432.24,711646.518,2024-07-30 23:59:59.999,310570387.28991
2024-07-31,432.24,441.05,411.23,413.82,495065.27,2024-07-31 23:59:59.999,210864597.05368
2024-08-01,413.81,423.35,389.62,412.96,575872.227,2024-08-01 23:59:59.999,235743464.21937
2024-08-02,412.96,417.25,379.12,381.25,686199.419,2024-08-02 23:59:59.999,274419152.46227
2024-08-03,381.28,385.88,353.79,364.01,544691.39,2024-08-03 23:59:59.999,202260737.23869
2024-08-04,363.98,366.91,330.63,332.04,692952.711,2024-08-04 23:59:59.999,240832079.15344
2024-08-05,332.04,335.38,272.66,309.51,1988755.366,2024-08-05 23:59:59.999,596643520.75449
2024-08-06,309.52,329.65,306.68,314.62,656102.455,2024-08-06 23:59:59.999,208727925.2716
2024-08-07,314.64,327.42,308.38,312.17,519907.232,2024-08-07 23:59:59.999,165066639.52862
2024-08-08,312.14,372.07,307.75,352.95,676612.424,2024-08-08 23:59:59.999,227415673.38368
2024-08-09,352.95,357.19,335.93,347.45,534799.032,2024-08-09 23:59:59.999,185907902.29834
2024-08-10,347.46,358.83,345.13,354.65,325345.965,2024-08-10 23:59:59.999,115021923.39335
2024-08-11,354.65,358.38,327.11,329.99,299120.485,2024-08-11 23:59:59.999,102902363.66106
2024-08-12,329.99,361.04,328.5,354.57,519223.918,2024-08-12 23:59:59.999,178718453.41267
2024-08-13,354.56,365.01,343.1,351.43,417372.289,2024-08-13 23:59:59.999,146823903.2308
2024-08-14,351.44,352.44,334.0,337.53,400263.359,2024-08-14 23:59:59.999,137292737.82774
2024-08-15,337.51,344.06,327.07,333.9,379076.486,2024-08-15 23:59:59.999,127288188.48975
2024-08-16,333.88,346.17,327.7,337.77,547865.474,2024-08-16 23:59:59.999,184729601.0778
2024-08-17,337.75,347.83,335.4,340.92,234546.743,2024-08-17 23:59:59.999,80285946.01226
2024-08-18,340.92,345.17,332.58,332.85,235004.431,2024-08-18 23:59:59.999,80082189.77247
2024-08-19,332.86,339.51,329.97,337.6,252384.253,2024-08-19 23:59:59.999,84296016.17678
2024-08-20,337.59,346.72,330.94,335.04,303871.276,2024-08-20 23:59:59.999,102884246.20418
2024-08-21,335.03,355.0,332.73,349.24,372597.218,2024-08-21 23:59:59.999,127473215.57153
2024-08-22,349.24,351.85,341.86,346.47,198302.412,2024-08-22 23:59:59.999,68900083.07875
2024-08-23,346.47,368.88,346.11,364.95,332985.727,2024-08-23 23:59:59.999,118519841.75103
2024-08-24,364.96,369.19,356.86,363.37,248967.254,2024-08-24 23:59:59.999,90242313.53364
2024-08-25,363.34,364.34,349.57,356.08,298628.675,2024-08-25 23:59:59.999,106836500.13187
2024-08-26,356.09,357.85,339.44,342.02,307060.579,2024-08-26 23:59:59.999,106916165.62893
2024-08-27,342.02,346.89,314.34,323.73,370514.498,2024-08-27 23:59:59.999,123878968.66846
2024-08-28,323.75,330.54,313.83,321.77,380755.184,2024-08-28 23:59:59.999,122894026.87902
2024-08-29,321.73,330.72,316.63,322.26,206765.09,2024-08-29 23:59:59.999,67072156.41772
2024-08-30,322.26,326.86,314.48,324.77,231079.994,2024-08-30 23:59:59.999,74360390.27403
2024-08-31,324.77,326.62,319.47,322.06,119500.087,2024-08-31 23:59:59.999,38624516.9187
2024-09-01,322.06,322.54,310.04,312.31,194432.9,2024-09-01 23:59:59.999,61776269.32418
2024-09-02,312.3,325.6,310.28,323.48,225664.797,2024-09-02 23:59:59.999,71906949.69619
2024-09-03,323.48,326.08,308.08,308.63,290778.268,2024-09-03 23:59:59.999,91969497.60572
2024-09-04,308.61,319.35,294.89,315.03,317434.614,2024-09-04 23:59:59.999,98254069.69512
2024-09-05,315.03,316.79,303.04,307.27,217045.954,2024-09-05 23:59:59.999,67004580.81224
2024-09-06,307.27,312.73,285.29,294.77,430481.961,2024-09-06 23:59:59.999,129814085.12273
2024-09-07,294.77,308.07,293.01,299.14,233953.178,2024-09-07 23:59:59.999,70403080.46954
2024-09-08,299.15,308.1,298.39,305.04,178170.335,2024-09-08 23:59:59.999,53921004.43059
2024-09-09,305.03,325.88,304.55,322.08,255286.293,2024-09-09 23:59:59.999,80330373.88491
2024-09-10,322.08,331.61,317.77,329.27,222819.704,2024-09-10 23:59:59.999,72237645.75794
2024-09-11,329.28,343.82,319.51,337.33,344166.846,2024-09-11 23:59:59.999,113673399.63771
2024-09-12,337.34,341.39,329.72,332.74,221678.16,2024-09-12 23:59:59.999,74233675.67092
2024-09-13,332.73,337.53,326.67,335.3,238854.785,2024-09-13 23:59:59.999,79313431.95938
2024-09-14,335.3,337.52,324.86,326.85,157686.989,2024-09-14 23:59:59.999,52071460.2963
2024-09-15,326.84,328.92,313.44,316.1,213510.905,2024-09-15 23:59:59.999,68754224.64596
2024-09-16,316.09,317.02,308.54,311.57,235771.5,2024-09-16 23:59:59.999,73816630.69268
2024-09-17,311.57,321.37,309.09,313.99,206627.131,2024-09-17 23:59:59.999,65112967.99812
2024-09-18,313.99,328.0,306.04,326.8,258748.684,2024-09-18 23:59:59.999,81306056.19271
2024-09-19,326.85,349.84,326.12,339.86,515238.698,2024-09-19 23:59:59.999,175943888.64052
2024-09-20,339.86,345.15,332.06,335.62,324582.809,2024-09-20 23:59:59.999,109910970.88294
2024-09-21,335.63,346.62,330.4,345.23,202739.059,2024-09-21 23:59:59.999,68745552.90338
2024-09-22,345.24,347.2,333.6,342.43,207389.951,2024-09-22 23:59:59.999,70668411.17449
2024-09-23,342.44,349.12,335.76,341.69,223998.445,2024-09-23 23:59:59.999,76455056.4749
2024-09-24,341.66,351.62,336.67,347.63,236344.731,2024-09-24 23:59:59.999,81199371.15688
2024-09-25,347.7,355.4,340.76,343.17,227568.967,2024-09-25 23:59:59.999,79280265.1563
2024-09-26,343.22,358.0,338.7,351.65,258392.169,2024-09-26 23:59:59.999,90377908.96153
2024-09-27,351.64,364.53,351.56,358.53,259168.255,2024-09-27 23:59:59.999,93153421.93975
2024-09-28,358.53,360.98,345.49,352.09,193920.575,2024-09-28 23:59:59.999,68375784.10031
2024-09-29,352.07,358.05,345.17,352.36,195685.0,2024-09-29 23:59:59.999,68691199.6719
2024-09-30,352.37,353.62,334.0,336.89,247012.841,2024-09-30 23:59:59.999,84919092.95872
2024-10-01,336.92,347.4,310.0,317.42,371204.207,2024-10-01 23:59:59.999,121924929.08794
2024-10-02,317.41,324.29,308.57,315.8,276256.368,2024-10-02 23:59:59.999,87687608.59041
2024-10-03,315.8,323.9,307.23,320.18,324529.724,2024-10-03 23:59:59.999,102400951.88445
2024-10-04,320.15,325.92,317.65,324.58,261780.623,2024-10-04 23:59:59.999,84203085.4145
2024-10-05,324.58,325.42,317.87,321.64,115228.315,2024-10-05 23:59:59.999,37126026.02904
2024-10-06,321.66,325.28,320.5,324.29,99244.892,2024-10-06 23:59:59.999,32072721.26244
2024-10-07,324.28,332.88,319.88,323.45,269051.936,2024-10-07 23:59:59.999,88089495.06087
2024-10-08,323.44,333.63,321.41,328.89,230371.335,2024-10-08 23:59:59.999,75601949.83522
2024-10-09,328.89,330.33,317.7,320.35,164665.483,2024-10-09 23:59:59.999,53477223.90977
2024-10-10,320.35,325.61,317.01,322.73,197137.593,2024-10-10 23:59:59.999,63366171.05482
2024-10-11,322.76,328.72,321.69,326.77,173537.126,2024-10-11 23:59:59.999,56356067.71235
2024-10-12,326.78,333.33,324.63,329.06,136150.391,2024-10-12 23:59:59.999,44800798.91869
2024-10-13,329.08,329.65,317.06,321.12,151786.704,2024-10-13 23:59:59.999,49020326.14808
2024-10-14,321.13,371.15,318.55,369.38,612361.495,2024-10-14 23:59:59.999,212513426.26755
2024-10-15,369.38,386.47,344.11,354.15,989038.156,2024-10-15 23:59:59.999,360217743.6821
2024-10-16,354.16,371.22,351.02,365.18,650450.601,2024-10-16 23:59:59.999,236181410.38438
2024-10-17,365.19,375.52,360.14,369.41,434497.152,2024-10-17 23:59:59.999,159142906.63678
2024-10-18,369.41,377.32,362.29,366.77,382688.729,2024-10-18 23:59:59.999,141158645.84767
2024-10-19,366.79,368.68,361.02,363.07,159155.508,2024-10-19 23:59:59.999,57940498.01334
2024-10-20,363.07,371.72,357.12,369.75,277088.936,2024-10-20 23:59:59.999,100916643.97763
2024-10-21,369.75,378.87,358.64,363.34,329377.841,2024-10-21 23:59:59.999,121637627.80048
2024-10-22,363.29,366.41,353.76,357.01,214420.431,2024-10-22 23:59:59.999,76978674.18335
2024-10-23,357.02,357.27,338.22,347.73,224751.223,2024-10-23 23:59:59.999,78321790.31545
2024-10-24,347.73,371.18,346.28,367.78,332416.14,2024-10-24 23:59:59.999,119693881.54819
2024-10-25,367.76,374.05,338.58,348.81,539186.479,2024-10-25 23:59:59.999,195515546.6507
2024-10-26,348.82,356.83,345.76,347.69,219107.025,2024-10-26 23:59:59.999,76895785.40622
2024-10-27,347.68,354.12,346.5,351.87,143325.825,2024-10-27 23:59:59.999,50179141.14005
2024-10-28,351.84,368.27,343.68,365.15,346697.59,2024-10-28 23:59:59.999,124070255.42735
2024-10-29,365.16,389.52,363.59,386.1,556045.502,2024-10-29 23:59:59.999,211564499.58983
2024-10-30,386.1,387.75,365.7,368.69,507438.603,2024-10-30 23:59:59.999,189694573.56139
2024-10-31,368.67,378.1,349.71,358.58,518102.815,2024-10-31 23:59:59.999,189674350.75259
2024-11-01,358.57,359.93,343.14,349.32,377428.953,2024-11-01 23:59:59.999,132408467.23032
2024-11-02,349.33,357.27,340.84,353.48,245626.711,2024-11-02 23:59:59.999,85626836.15933
2024-11-03,353.49,354.03,333.39,339.65,377421.249,2024-11-03 23:59:59.999,129255414.31111
2024-11-04,339.65,342.15,319.79,328.95,409041.356,2024-11-04 23:59:59.999,136322859.03232
2024-11-05,328.92,345.16,326.08,342.5,300886.801,2024-11-05 23:59:59.999,101845122.32532
2024-11-06,342.51,384.36,342.35,378.28,834506.93,2024-11-06 23:59:59.999,307757662.43306
2024-11-07,378.27,386.89,370.6,377.51,418763.627,2024-11-07 23:59:59.999,158876603.54551
2024-11-08,377.51,383.62,363.62,376.79,478640.518,2024-11-08 23:59:59.999,178667860.28655
2024-11-09,376.8,407.35,369.11,404.84,505319.825,2024-11-09 23:59:59.999,193215187.45066
2024-11-10,404.84,454.5,394.92,441.26,1065241.242,2024-11-10 23:59:59.999,458875319.12759
2024-11-11,441.26,484.36,422.52,472.7,993139.792,2024-11-11 23:59:59.999,441833475.35283
2024-11-12,472.77,475.02,418.03,432.32,928588.465,2024-11-12 23:59:59.999,412293327.55516
2024-11-13,432.32,450.57,402.98,439.44,928929.339,2024-11-13 23:59:59.999,397885330.59814
2024-11-14,439.44,446.07,409.32,414.81,625590.386,2024-11-14 23:59:59.999,270020041.15431
2024-11-15,414.8,436.13,409.42,431.51,391141.311,2024-11-15 23:59:59.999,165806477.93639
2024-11-16,431.5,483.98,428.37,462.14,671021.719,2024-11-16 23:59:59.999,305307084.45917
2024-11-17,462.15,488.95,424.09,432.64,722567.924,2024-11-17 23:59:59.999,325311718.76077
2024-11-18,432.63,472.29,430.66,452.77,665852.35,2024-11-18 23:59:59.999,297749834.29783
2024-11-19,452.8,460.89,438.35,447.0,417281.856,2024-11-19 23:59:59.999,188034148.16568
2024-11-20,447.0,454.73,428.62,440.18,393085.95,2024-11-20 23:59:59.999,173573563.88364
2024-11-21,440.18,536.58,428.58,484.72,2325706.048,2024-11-21 23:59:59.999,1161087244.49034
2024-11-22,484.71,503.19,472.24,490.63,844113.625,2024-11-22 23:59:59.999,412126470.58657
2024-11-23,490.63,570.89,486.53,510.23,1390240.559,2024-11-23 23:59:59.999,736156634.72592
2024-11-24,510.23,527.65,477.0,515.16,746412.38,2024-11-24 23:59:59.999,375792438.36603
2024-11-25,515.17,535.25,483.1,492.01,757869.785,2024-11-25 23:59:59.999,388682214.54387
2024-11-26,492.0,505.29,470.68,492.64,501942.872,2024-11-26 23:59:59.999,245591922.79779
2024-11-27,492.63,524.55,485.16,517.8,583486.434,2024-11-27 23:59:59.999,298027579.25813
2024-11-28,517.77,525.34,497.34,511.12,481337.035,2024-11-28 23:59:59.999,245641045.65328
2024-11-29,511.08,522.69,499.2,518.32,389680.5,2024-11-29 23:59:59.999,199227308.63452
2024-11-30,518.34,542.19,505.3,526.44,593548.839,2024-11-30 23:59:59.999,310779399.57233
2024-12-01,526.44,538.34,508.24,532.65,495883.698,2024-12-01 23:59:59.999,259440371.43827
2024-12-02,532.68,562.87,495.16,538.74,1282259.183,2024-12-02 23:59:59.999,675246454.07985
2024-12-03,538.74,592.5,512.0,586.23,1347045.889,2024-12-03 23:59:59.999,734286888.65809
2024-12-04,586.23,602.84,541.67,584.01,1145012.589,2024-12-04 23:59:59.999,654724908.3977
2024-12-05,584.02,635.0,549.95,589.04,1463456.856,2024-12-05 23:59:59.999,878728787.40007
2024-12-06,589.04,640.58,579.91,619.38,707364.291,2024-12-06 23:59:59.999,429270757.15698
2024-12-07,619.38,627.41,604.73,608.17,430180.716,2024-12-07 23:59:59.999,264586248.63897
2024-12-08,608.17,625.83,601.56,622.96,397609.01,2024-12-08 23:59:59.999,244999948.96045
2024-12-09,622.95,624.57,507.11,551.2,1040890.607,2024-12-09 23:59:59.999,608982628.36802
2024-12-10,551.2,563.97,485.22,515.87,985145.524,2024-12-10 23:59:59.999,516716079.26345
2024-12-11,515.87,550.19,502.32,546.34,517387.92,2024-12-11 23:59:59.999,274816973.02423
2024-12-12,546.34,563.79,536.81,540.06,439615.404,2024-12-12 23:59:59.999,241945198.37047
2024-12-13,540.07,543.75,525.88,542.33,367161.656,2024-12-13 23:59:59.999,196175616.62531
2024-12-14,542.33,551.64,519.4,533.79,329255.37,2024-12-14 23:59:59.999,175976398.41853
2024-12-15,533.79,550.18,524.25,546.18,361181.204,2024-12-15 23:59:59.999,194168455.30515
2024-12-16,546.2,557.12,521.01,538.19,443477.46,2024-12-16 23:59:59.999,239661741.73044
2024-12-17,538.19,547.55,523.67,529.79,427340.03,2024-12-17 23:59:59.999,229112446.15207
2024-12-18,529.81,543.29,470.43,479.93,675141.232,2024-12-18 23:59:59.999,344895312.04704
2024-12-19,479.92,488.62,420.0,438.33,852390.923,2024-12-19 23:59:59.999,390234538.08171
2024-12-20,438.32,451.23,389.47,448.99,910580.5,2024-12-20 23:59:59.999,384952673.36956
2024-12-21,448.99,472.7,442.18,455.77,524986.583,2024-12-21 23:59:59.999,239824707.56624
2024-12-22,455.76,461.04,434.18,445.66,437241.253,2024-12-22 23:59:59.999,196604754.61831
2024-12-23,445.66,466.13,432.1,460.79,423237.489,2024-12-23 23:59:59.999,188486753.97138
2024-12-24,460.8,478.76,450.13,470.02,282477.991,2024-12-24 23:59:59.999,131376745.82635
2024-12-25,470.02,471.39,454.9,465.12,214834.934,2024-12-25 23:59:59.999,99562576.22324
2024-12-26,465.12,468.18,432.64,437.08,255239.919,2024-12-26 23:59:59.999,113562715.49206
2024-12-27,437.08,461.64,434.5,440.98,265161.452,2024-12-27 23:59:59.999,118479292.75354
2024-12-28,440.98,453.66,438.0,451.4,125264.632,2024-12-28 23:59:59.999,55674927.08778
2024-12-29,451.39,453.84,435.05,438.8,124499.962,2024-12-29 23:59:59.999,55504213.63607
2024-12-30,438.82,453.32,428.69,443.89,309268.028,2024-12-30 23:59:59.999,137303604.34291
2024-12-31,443.89,455.36,432.86,434.36,245747.212,2024-12-31 23:59:59.999,108584545.64614
2025-01-01,434.35,454.92,430.26,450.34,188120.978,2025-01-01 23:59:59.999,83207319.43382
2025-01-02,450.35,466.9,450.25,461.63,187872.617,2025-01-02 23:59:59.999,86470949.91948
2025-01-03,461.65,477.46,455.47,473.74,218954.665,2025-01-03 23:59:59.999,102301516.1875
2025-01-04,473.75,483.16,468.76,478.84,234103.275,2025-01-04 23:59:59.999,111541954.1344
2025-01-05,478.84,479.71,462.09,470.94,141323.473,2025-01-05 23:59:59.999,66374844.84273
2025-01-06,470.95,485.99,464.41,482.8,253768.503,2025-01-06 23:59:59.999,120662824.76559
2025-01-07,482.8,486.45,435.19,436.7,346018.215,2025-01-07 23:59:59.999,158031098.4624
2025-01-08,436.72,442.16,417.79,434.02,371898.398,2025-01-08 23:59:59.999,161067188.89669
2025-01-09,434.02,436.87,410.79,421.72,297945.951,2025-01-09 23:59:59.999,126433391.39951
2025-01-10,421.71,450.46,420.24,449.68,375594.999,2025-01-10 23:59:59.999,164472693.4296
2025-01-11,449.69,451.0,435.53,440.82,177532.574,2025-01-11 23:59:59.999,78229380.6574
2025-01-12,440.81,463.86,436.13,447.75,361941.625,2025-01-12 23:59:59.999,163195738.41042
2025-01-13,447.75,454.03,400.0,427.67,546533.093,2025-01-13 23:59:59.999,230805079.96832
2025-01-14,427.66,441.45,425.82,437.71,213062.483,2025-01-14 23:59:59.999,92640030.64731
2025-01-15,437.71,463.36,430.73,460.15,279043.006,2025-01-15 23:59:59.999,124038674.89376
2025-01-16,460.15,471.49,446.36,461.55,385571.535,2025-01-16 23:59:59.999,177213127.24004
2025-01-17,461.57,500.5,461.57,489.33,413189.815,2025-01-17 23:59:59.999,199801404.14469
2025-01-18,489.32,494.83,457.78,466.15,395109.158,2025-01-18 23:59:59.999,185709792.40067
2025-01-19,466.16,470.93,418.52,427.57,524094.684,2025-01-19 23:59:59.999,234893936.71796
2025-01-20,427.55,487.0,414.92,430.66,687016.497,2025-01-20 23:59:59.999,304407229.06465
2025-01-21,430.67,454.57,419.38,446.44,307331.406,2025-01-21 23:59:59.999,133927679.655
2025-01-22,446.44,451.5,433.09,435.27,182454.174,2025-01-22 23:59:59.999,80854565.69163
2025-01-23,435.29,447.47,425.0,437.29,316420.493,2025-01-23 23:59:59.999,137459089.08211
2025-01-24,437.27,443.09,426.15,431.76,221155.823,2025-01-24 23:59:59.999,96300007.01097
2025-01-25,431.77,455.22,430.25,445.33,283845.362,2025-01-25 23:59:59.999,125700708.9209
2025-01-26,445.33,448.14,424.34,424.87,157834.59,2025-01-26 23:59:59.999,68991270.09932
2025-01-27,424.87,428.97,395.09,427.4,409863.149,2025-01-27 23:59:59.999,169039551.0461
2025-01-28,427.4,431.58,406.62,410.34,207181.776,2025-01-28 23:59:59.999,87689359.0633
2025-01-29,410.33,421.68,403.84,414.73,223110.26,2025-01-29 23:59:59.999,92239860.9765
2025-01-30,414.76,439.24,412.32,434.72,187814.283,2025-01-30 23:59:59.999,80823375.74922
2025-01-31,434.72,445.28,419.8,424.11,225194.569,2025-01-31 23:59:59.999,97338445.70507
2025-02-01,424.11,431.47,399.06,403.69,202008.77,2025-02-01 23:59:59.999,84276204.16074
2025-02-02,403.65,410.17,340.02,360.4,650681.344,2025-02-02 23:59:59.999,244779442.14928
2025-02-03,360.51,360.67,270.0,352.87,1370922.292,2025-02-03 23:59:59.999,436465521.95588
2025-02-04,352.86,355.38,320.73,329.52,538059.482,2025-02-04 23:59:59.999,179995481.53307
2025-02-05,329.52,338.14,322.96,327.79,287913.764,2025-02-05 23:59:59.999,95301478.2501
2025-02-06,327.79,334.94,313.34,315.91,276044.002,2025-02-06 23:59:59.999,89248418.95661
2025-02-07,315.92,334.93,308.21,318.37,296365.917,2025-02-07 23:59:59.999,95712791.80609
2025-02-08,318.37,324.15,314.44,322.87,132959.66,2025-02-08 23:59:59.999,42413970.49476
2025-02-09,322.87,329.13,312.35,324.26,181162.573,2025-02-09 23:59:59.999,58659908.78158
2025-02-10,324.26,334.39,315.24,329.09,236241.183,2025-02-10 23:59:59.999,77459109.35533
2025-02-11,329.1,344.23,325.35,331.17,229311.234,2025-02-11 23:59:59.999,76861257.67817
2025-02-12,331.14,346.87,321.1,342.99,282525.044,2025-02-12 23:59:59.999,93551545.72838
2025-02-13,342.96,345.67,327.07,334.81,216221.654,2025-02-13 23:59:59.999,72316334.03062
2025-02-14,334.82,350.85,333.97,341.36,196441.028,2025-02-14 23:59:59.999,67222385.00743
2025-02-15,341.35,345.56,330.75,332.73,137646.871,2025-02-15 23:59:59.999,46577694.21925
2025-02-16,332.74,334.83,325.22,326.04,138637.128,2025-02-16 23:59:59.999,45864640.9281
2025-02-17,326.05,336.65,316.74,323.68,279507.631,2025-02-17 23:59:59.999,91182038.74733
2025-02-18,323.67,325.15,307.23,315.94,270325.479,2025-02-18 23:59:59.999,85333958.88137
2025-02-19,315.93,324.22,311.56,322.44,184579.874,2025-02-19 23:59:59.999,58928876.21885
2025-02-20,322.44,327.1,319.69,325.68,153915.129,2025-02-20 23:59:59.999,49758246.86793
2025-02-21,325.68,333.78,309.5,313.56,262487.984,2025-02-21 23:59:59.999,84792127.0437
2025-02-22,313.57,322.5,312.26,320.8,132094.902,2025-02-22 23:59:59.999,42097713.32863
2025-02-23,320.79,332.26,320.37,327.64,202437.747,2025-02-23 23:59:59.999,66153053.47332
2025-02-24,327.65,329.32,286.82,291.33,395344.053,2025-02-24 23:59:59.999,121817885.1308
2025-02-25,291.36,296.41,274.49,291.67,619613.745,2025-02-25 23:59:59.999,176994199.9411
2025-02-26,291.67,301.23,284.13,293.78,385237.473,2025-02-26 23:59:59.999,112959574.71034
2025-02-27,293.78,303.42,289.85,296.66,294791.895,2025-02-27 23:59:59.999,87734345.76005
2025-02-28,296.66,319.98,269.3,315.58,703891.417,2025-02-28 23:59:59.999,204772314.30797
2025-03-01,315.57,324.38,307.37,311.3,349954.744,2025-03-01 23:59:59.999,109965709.39888
2025-03-02,311.31,341.46,309.51,334.08,481014.826,2025-03-02 23:59:59.999,156213308.05691
2025-03-03,334.03,357.51,310.02,321.16,1061846.007,2025-03-03 23:59:59.999,353244566.7005
2025-03-04,321.16,329.86,290.88,320.64,893283.039,2025-03-04 23:59:59.999,276349720.92697
2025-03-05,320.63,400.67,319.46,392.15,1889922.546,2025-03-05 23:59:59.999,703623453.03828
2025-03-06,392.16,419.99,383.2,394.71,1349150.646,2025-03-06 23:59:59.999,535611784.95511
2025-03-07,394.71,410.28,382.4,388.87,1170751.788,2025-03-07 23:59:59.999,463151917.97222
2025-03-08,388.84,396.15,375.93,385.63,480641.343,2025-03-08 23:59:59.999,184914647.12335
2025-03-09,385.63,386.81,355.56,357.3,499838.776,2025-03-09 23:59:59.999,184855304.57828
2025-03-10,357.31,373.22,330.49,331.58,632784.162,2025-03-10 23:59:59.999,224967327.25347
2025-03-11,331.59,350.32,315.94,340.07,519527.173,2025-03-11 23:59:59.999,173571497.18819
2025-03-12,340.07,360.57,327.81,353.69,562955.213,2025-03-12 23:59:59.999,193644079.01772
2025-03-13,353.68,355.5,323.56,325.65,383312.949,2025-03-13 23:59:59.999,128688077.70833
2025-03-14,325.65,335.83,324.96,331.19,351121.955,2025-03-14 23:59:59.999,115771238.81375
2025-03-15,331.19,352.29,327.8,342.12,701180.778,2025-03-15 23:59:59.999,240208695.83999
2025-03-16,342.13,342.31,324.57,332.68,301054.277,2025-03-16 23:59:59.999,100323125.21368
2025-03-17,332.71,342.18,330.65,337.19,237097.335,2025-03-17 23:59:59.999,79927604.76209
2025-03-18,337.18,343.51,328.88,335.03,272030.146,2025-03-18 23:59:59.999,91072531.84131
2025-03-19,335.03,346.61,332.11,345.03,319714.941,2025-03-19 23:59:59.999,108027774.41082
2025-03-20,345.03,349.69,329.74,333.41,270478.737,2025-03-20 23:59:59.999,91998315.5884
2025-03-21,333.4,335.4,319.78,322.89,235299.34,2025-03-21 23:59:59.999,77571633.17509
2025-03-22,322.88,326.0,320.56,322.08,174613.213,2025-03-22 23:59:59.999,56549048.70403
2025-03-23,322.09,325.78,320.12,325.2,156480.151,2025-03-23 23:59:59.999,50577478.04279
2025-03-24,325.2,336.58,321.24,332.32,317352.933,2025-03-24 23:59:59.999,104627344.53839
2025-03-25,332.32,339.81,326.19,335.82,294600.616,2025-03-25 23:59:59.999,98011387.39687
2025-03-26,335.8,342.04,328.04,335.0,1295349.493,2025-03-26 23:59:59.999,432233825.21044
2025-03-27,334.99,339.83,320.58,324.44,671475.893,2025-03-27 23:59:59.999,223155459.68901
2025-03-28,324.44,328.25,304.29,307.23,324473.994,2025-03-28 23:59:59.999,101933124.80864
2025-03-29,307.26,308.72,297.89,303.1,283201.398,2025-03-29 23:59:59.999,86007770.8738
2025-03-30,303.11,307.81,293.24,298.89,359524.087,2025-03-30 23:59:59.999,108970047.61458
2025-03-31,298.91,305.74,289.43,303.29,704773.942,2025-03-31 23:59:59.999,210313366.00794
2025-04-01,303.28,318.63,302.04,308.01,426575.618,2025-04-01 23:59:59.999,132617849.3039
2025-04-02,308.0,317.07,289.75,292.8,909957.21,2025-04-02 23:59:59.999,276958048.48841
2025-04-03,292.84,307.68,291.04,301.03,1186043.472,2025-04-03 23:59:59.999,355867565.77968
2025-04-04,301.03,310.02,293.79,301.16,723420.384,2025-04-04 23:59:59.999,216910393.39786
2025-04-05,301.15,304.16,296.8,303.84,270731.653,2025-04-05 23:59:59.999,81220161.42888
2025-04-06,303.84,308.14,265.11,272.09,835630.161,2025-04-06 23:59:59.999,241648775.8598
2025-04-07,272.12,281.98,249.2,275.25,789161.056,2025-04-07 23:59:59.999,210178179.96916
2025-04-08,275.25,284.66,266.61,269.07,379437.609,2025-04-08 23:59:59.999,105118950.7674
2025-04-09,269.06,311.38,258.83,301.33,719964.903,2025-04-09 23:59:59.999,205848591.73191
2025-04-10,301.35,303.96,282.19,289.66,325919.778,2025-04-10 23:59:59.999,95723808.79575
2025-04-11,289.65,315.78,289.36,312.67,371426.116,2025-04-11 23:59:59.999,113358109.11027
2025-04-12,312.68,358.0,311.12,344.43,409112.923,2025-04-12 23:59:59.999,137096262.34255
2025-04-13,344.42,353.34,335.72,342.5,441393.974,2025-04-13 23:59:59.999,151895755.25429
2025-04-14,342.49,374.25,322.52,323.36,648963.856,2025-04-14 23:59:59.999,224006120.17559
2025-04-15,323.35,337.3,316.75,319.39,427764.268,2025-04-15 23:59:59.999,140174520.34976
2025-04-16,319.37,325.73,313.76,321.36,308587.432,2025-04-16 23:59:59.999,98880026.90351
2025-04-17,321.36,340.42,320.61,333.75,377904.904,2025-04-17 23:59:59.999,125534533.60706
2025-04-18,333.75,344.9,327.13,334.78,321909.078,2025-04-18 23:59:59.999,108368074.97448
2025-04-19,334.77,339.93,332.2,335.16,165958.126,2025-04-19 23:59:59.999,55852515.88427
2025-04-20,335.12,342.62,331.19,335.95,224936.074,2025-04-20 23:59:59.999,75644737.58829
2025-04-21,335.95,348.1,335.15,344.88,370251.998,2025-04-21 23:59:59.999,126373581.40656
2025-04-22,344.89,365.25,336.53,362.05,503128.058,2025-04-22 23:59:59.999,175701538.40304
2025-04-23,362.03,363.77,352.52,358.04,366790.88,2025-04-23 23:59:59.999,131564808.88087
2025-04-24,358.03,368.4,343.2,356.55,516206.12,2025-04-24 23:59:59.999,182980561.7278
2025-04-25,356.56,384.63,347.78,372.91,573817.783,2025-04-25 23:59:59.999,211949135.5381
2025-04-26,372.9,377.21,354.45,354.95,324668.893,2025-04-26 23:59:59.999,118198151.64126
2025-04-27,354.95,359.64,343.92,345.24,305594.828,2025-04-27 23:59:59.999,107543342.98213
2025-04-28,345.25,370.65,341.04,363.99,453548.771,2025-04-28 23:59:59.999,159630249.59909
2025-04-29,363.99,377.99,360.38,363.58,439998.575,2025-04-29 23:59:59.999,162849492.46218
2025-04-30,363.58,369.44,354.46,365.79,254188.195,2025-04-30 23:59:59.999,92373312.37891
2025-05-01,365.78,374.11,359.54,360.35,255489.963,2025-05-01 23:59:59.999,93821009.89136
2025-05-02,360.34,386.08,358.3,382.33,420073.37,2025-05-02 23:59:59.999,157181960.51434
2025-05-03,382.34,383.15,361.01,362.23,312020.59,2025-05-03 23:59:59.999,115173562.65896
2025-05-04,362.23,370.83,352.25,355.64,232460.552,2025-05-04 23:59:59.999,83614788.31365
2025-05-05,355.64,360.79,348.33,352.83,217601.895,2025-05-05 23:59:59.999,77067046.82275
2025-05-06,352.83,374.54,349.34,374.39,416278.251,2025-05-06 23:59:59.999,149200067.68044
2025-05-07,374.39,391.58,354.64,383.45,566829.868,2025-05-07 23:59:59.999,210304331.9974
2025-05-08,383.48,431.39,380.67,421.49,953689.141,2025-05-08 23:59:59.999,393498770.10365
2025-05-09,421.49,429.44,402.33,413.34,630199.936,2025-05-09 23:59:59.999,260913909.24425
2025-05-10,413.36,433.22,409.21,430.8,369894.281,2025-05-10 23:59:59.999,155191728.39115
2025-05-11,430.8,432.12,400.0,407.93,374136.23,2025-05-11 23:59:59.999,155115373.5117
2025-05-12,407.93,419.64,395.0,410.38,464992.968,2025-05-12 23:59:59.999,190804004.88004
2025-05-13,410.38,415.78,391.01,410.77,333808.281,2025-05-13 23:59:59.999,134543892.47018
2025-05-14,410.71,413.44,398.28,402.25,269098.359,2025-05-14 23:59:59.999,109141024.43885
2025-05-15,402.25,404.8,382.53,395.64,363605.612,2025-05-15 23:59:59.999,142946775.31271
2025-05-16,395.64,403.49,392.14,395.5,248795.164,2025-05-16 23:59:59.999,99153424.60119
2025-05-17,395.51,401.51,385.4,391.79,239962.249,2025-05-17 23:59:59.999,94302964.55609
2025-05-18,391.8,407.93,388.22,406.32,361274.657,2025-05-18 23:59:59.999,144356974.30175
2025-05-19,406.32,408.45,375.06,392.34,330619.419,2025-05-19 23:59:59.999,128150013.4686
2025-05-20,392.35,398.31,383.62,393.91,225656.546,2025-05-20 23:59:59.999,88124967.9625
2025-05-21,393.92,412.0,389.69,406.78,373560.525,2025-05-21 23:59:59.999,150023984.51291
2025-05-22,406.78,445.7,406.78,443.98,662754.708,2025-05-22 23:59:59.999,283463823.95653
2025-05-23,443.99,464.4,423.48,426.19,631961.455,2025-05-23 23:59:59.999,278206359.74357
2025-05-24,426.19,432.26,418.88,421.09,186959.704,2025-05-24 23:59:59.999,79885382.59925
2025-05-25,421.15,427.42,407.3,422.32,234561.588,2025-05-25 23:59:59.999,97627170.67936
2025-05-26,422.31,428.99,412.48,415.1,211954.598,2025-05-26 23:59:59.999,89028518.53519
2025-05-27,415.1,424.12,408.0,414.28,199081.124,2025-05-27 23:59:59.999,83068554.39795
2025-05-28,414.28,427.5,404.1,424.58,274572.732,2025-05-28 23:59:59.999,114010441.59489
2025-05-29,424.58,428.03,405.04,409.3,262081.176,2025-05-29 23:59:59.999,109260053.01202
2025-05-30,409.3,414.36,393.96,398.17,359783.385,2025-05-30 23:59:59.999,145733964.61945
2025-05-31,398.1,422.6,388.88,414.7,415903.292,2025-05-31 23:59:59.999,169105525.42654
2025-06-01,414.71,415.27,396.57,403.07,261092.079,2025-06-01 23:59:59.999,105510878.70843
2025-06-02,403.06,407.05,396.74,403.42,229632.271,2025-06-02 23:59:59.999,92157247.06891
2025-06-03,403.43,408.8,399.52,400.52,233739.087,2025-06-03 23:59:59.999,94422230.6111
2025-06-04,400.51,410.48,396.52,399.95,216112.118,2025-06-04 23:59:59.999,87345747.09971
2025-06-05,399.94,404.64,377.18,384.88,378646.772,2025-06-05 23:59:59.999,149454791.01754
2025-06-06,384.89,399.38,380.12,395.47,256859.464,2025-06-06 23:59:59.999,99855782.63712
2025-06-07,395.48,411.48,393.51,409.05,260568.976,2025-06-07 23:59:59.999,105391862.82321
2025-06-08,409.05,419.78,406.02,410.62,248486.744,2025-06-08 23:59:59.999,102503197.86327
2025-06-09,410.62,429.52,410.29,424.77,309283.128,2025-06-09 23:59:59.999,129677159.2969
2025-06-10,424.78,443.28,417.52,438.04,401927.972,2025-06-10 23:59:59.999,172446854.41473
2025-06-11,438.03,447.0,421.05,428.44,653407.709,2025-06-11 23:59:59.999,286500530.03509
2025-06-12,428.44,441.5,423.07,423.62,385263.582,2025-06-12 23:59:59.999,165892391.77862
2025-06-13,423.61,453.89,397.21,448.58,812550.383,2025-06-13 23:59:59.999,341405252.50038
2025-06-14,448.6,450.0,420.7,430.65,434212.924,2025-06-14 23:59:59.999,188846777.934
2025-06-15,430.64,470.0,430.59,460.17,646439.749,2025-06-15 23:59:59.999,292512456.83542
2025-06-16,460.17,476.97,450.31,463.48,784186.3,2025-06-16 23:59:59.999,363093871.94357
2025-06-17,463.48,483.98,456.64,462.49,740792.837,2025-06-17 23:59:59.999,347654233.0606
2025-06-18,462.47,481.4,456.33,459.43,582760.001,2025-06-18 23:59:59.999,272338997.4772
2025-06-19,459.43,502.96,452.65,496.99,1093910.289,2025-06-19 23:59:59.999,522564155.98286
2025-06-20,497.0,500.48,471.51,473.55,849344.292,2025-06-20 23:59:59.999,413087213.61549
2025-06-21,473.56,477.91,457.24,467.0,535849.436,2025-06-21 23:59:59.999,251716248.82671
2025-06-22,466.97,472.34,436.2,454.37,1049061.24,2025-06-22 23:59:59.999,477506881.93281
2025-06-23,454.37,469.29,437.36,462.02,618094.791,2025-06-23 23:59:59.999,279755050.77743
2025-06-24,462.03,467.0,448.36,453.47,423941.744,2025-06-24 23:59:59.999,193810040.76292
2025-06-25,453.46,494.74,452.98,482.58,770726.311,2025-06-25 23:59:59.999,369168359.59162
2025-06-26,482.58,507.14,481.3,488.65,598124.7,2025-06-26 23:59:59.999,295264825.5743
2025-06-27,488.62,510.33,483.66,504.4,576785.323,2025-06-27 23:59:59.999,287048470.83848
2025-06-28,504.42,505.67,486.56,490.75,329609.161,2025-06-28 23:59:59.999,162981784.24441
2025-06-29,490.75,508.97,488.09,504.23,371289.741,2025-06-29 23:59:59.999,183810139.69048
2025-06-30,504.24,522.48,487.87,505.46,639763.528,2025-06-30 23:59:59.999,323132446.31737
2025-07-01,505.46,527.9,496.0,499.87,795285.966,2025-07-01 23:59:59.999,410683207.4548
2025-07-02,499.86,511.74,497.99,510.44,513202.923,2025-07-02 23:59:59.999,258930741.65025
2025-07-03,510.44,514.6,490.43,496.05,519824.067,2025-07-03 23:59:59.999,260772070.23146
2025-07-04,496.05,496.36,468.42,483.64,597672.617,2025-07-04 23:59:59.999,288813751.32692
2025-07-05,483.65,489.42,480.0,488.93,252970.309,2025-07-05 23:59:59.999,122499951.67017
2025-07-06,488.94,500.0,482.24,491.2,319037.067,2025-07-06 23:59:59.999,156606229.04841
2025-07-07,491.2,499.97,487.13,496.24,273342.427,2025-07-07 23:59:59.999,135207452.14615
2025-07-08,496.24,508.1,493.63,500.73,289793.938,2025-07-08 23:59:59.999,145032861.7332
2025-07-09,500.72,516.66,499.53,514.25,422977.854,2025-07-09 23:59:59.999,214644651.71622
2025-07-10,514.26,521.0,500.0,518.22,519081.48,2025-07-10 23:59:59.999,265328267.12851
2025-07-11,518.28,539.87,513.77,531.38,530061.94,2025-07-11 23:59:59.999,279191780.32404
2025-07-12,531.38,535.18,501.41,505.85,381998.615,2025-07-12 23:59:59.999,196937337.52633
2025-07-13,505.85,512.77,500.34,507.61,298759.072,2025-07-13 23:59:59.999,151322972.08115
2025-07-14,507.64,527.15,496.43,504.48,383372.975,2025-07-14 23:59:59.999,195942069.24991
2025-07-15,504.49,505.52,481.0,497.31,399389.166,2025-07-15 23:59:59.999,195936387.71981
2025-07-16,497.32,508.49,490.64,498.55,374780.722,2025-07-16 23:59:59.999,187284279.10961
2025-07-17,498.56,504.87,486.8,499.59,424853.321,2025-07-17 23:59:59.999,210632440.19062
2025-07-18,499.6,543.8,498.62,514.34,808510.509,2025-07-18 23:59:59.999,422553709.95857
2025-07-19,514.33,522.8,501.5,513.0,374973.884,2025-07-19 23:59:59.999,191762143.21347
2025-07-20,513.01,553.79,507.77,548.16,575832.744,2025-07-20 23:59:59.999,308704557.55851
2025-07-21,548.16,548.93,516.65,522.48,703078.807,2025-07-21 23:59:59.999,372215520.13496
2025-07-22,522.47,535.53,511.01,526.14,551810.966,2025-07-22 23:59:59.999,287135814.51375
2025-07-23,526.14,529.88,497.28,511.76,550453.109,2025-07-23 23:59:59.999,283999372.50499
2025-07-24,511.78,528.53,490.0,513.05,840770.692,2025-07-24 23:59:59.999,432961404.92307
2025-07-25,513.05,564.24,509.21,557.35,915944.472,2025-07-25 23:59:59.999,492473952.61406
2025-07-26,557.35,563.5,551.25,559.31,285014.451,2025-07-26 23:59:59.999,158586497.39467
2025-07-27,559.31,608.37,555.42,589.94,726463.636,2025-07-27 23:59:59.999,427239430.15562
2025-07-28,589.95,605.57,568.77,572.44,661020.514,2025-07-28 23:59:59.999,387234779.94311
2025-07-29,572.44,586.56,560.06,564.05,420930.108,2025-07-29 23:59:59.999,240678740.955
2025-07-30,564.04,594.51,548.42,589.53,409672.187,2025-07-30 23:59:59.999,233416880.50601
2025-07-31,589.54,596.8,559.68,561.22,364597.9,2025-07-31 23:59:59.999,210494298.48605
2025-08-01,561.22,575.9,526.33,535.8,494330.116,2025-08-01 23:59:59.999,273242383.62275
2025-08-02,535.81,543.85,517.63,519.92,257894.505,2025-08-02 23:59:59.999,137347805.03024
2025-08-03,519.92,548.88,514.2,544.05,223624.687,2025-08-03 23:59:59.999,119956226.50953
2025-08-04,544.06,581.92,543.81,574.27,470217.675,2025-08-04 23:59:59.999,265410653.24165
2025-08-05,574.27,584.27,541.55,551.41,440904.659,2025-08-05 23:59:59.999,248912254.42592
2025-08-06,551.4,573.51,547.31,570.85,315672.968,2025-08-06 23:59:59.999,177132861.75693
2025-08-07,570.85,584.85,567.14,581.9,473789.542,2025-08-07 23:59:59.999,273018871.92707
2025-08-08,581.9,589.1,572.92,585.89,292081.478,2025-08-08 23:59:59.999,169520914.98562
2025-08-09,585.9,592.12,564.57,565.92,383199.849,2025-08-09 23:59:59.999,220984112.41839
2025-08-10,565.91,586.44,558.86,570.24,443615.656,2025-08-10 23:59:59.999,253648961.00351
2025-08-11,570.26,600.42,569.38,578.49,600357.251,2025-08-11 23:59:59.999,351655624.78287
2025-08-12,578.5,626.6,578.01,619.11,606731.911,2025-08-12 23:59:59.999,364966495.72017
2025-08-13,619.08,633.0,600.98,616.26,588725.281,2025-08-13 23:59:59.999,362663270.60244
2025-08-14,616.25,627.5,578.8,593.05,498024.17,2025-08-14 23:59:59.999,300678283.77205
2025-08-15,593.05,601.81,579.61,592.26,246262.171,2025-08-15 23:59:59.999,145617344.16571
2025-08-16,592.26,597.77,576.33,587.2,187211.835,2025-08-16 23:59:59.999,109958078.38951
2025-08-17,587.21,592.13,580.01,581.86,176996.149,2025-08-17 23:59:59.999,103786278.95494
2025-08-18,581.86,582.35,560.27,568.64,236218.746,2025-08-18 23:59:59.999,134358590.21918
2025-08-19,568.63,573.4,547.3,548.15,213252.598,2025-08-19 23:59:59.999,119448072.81175
2025-08-20,548.16,562.56,542.93,560.64,209308.412,2025-08-20 23:59:59.999,115756232.63063
2025-08-21,560.64,564.84,550.01,554.39,171961.356,2025-08-21 23:59:59.999,95687677.59436
2025-08-22,554.4,607.86,550.22,599.78,454958.223,2025-08-22 23:59:59.999,264976870.56359
2025-08-23,599.78,602.01,584.26,591.25,220460.178,2025-08-23 23:59:59.999,130181380.58218
2025-08-24,591.26,599.99,581.8,583.03,270773.746,2025-08-24 23:59:59.999,160318720.23099
2025-08-25,583.04,589.26,535.7,543.34,374880.786,2025-08-25 23:59:59.999,211031641.18428
2025-08-26,543.34,554.84,532.2,550.61,315106.178,2025-08-26 23:59:59.999,170647312.11471
2025-08-27,550.61,563.0,543.73,550.08,283077.446,2025-08-27 23:59:59.999,156867609.73629
2025-08-28,550.02,566.66,548.16,557.56,198103.977,2025-08-28 23:59:59.999,110149740.28155
2025-08-29,557.56,559.99,526.8,530.57,377475.316,2025-08-29 23:59:59.999,204025831.08081
2025-08-30,530.58,553.91,523.89,552.45,205332.256,2025-08-30 23:59:59.999,110398278.63849
2025-08-31,552.45,554.39,542.01,543.94,166232.937,2025-08-31 23:59:59.999,91122872.34426
2025-09-01,543.93,551.68,529.5,544.91,295942.294,2025-09-01 23:59:59.999,160340269.36798
2025-09-02,544.92,587.32,543.0,584.35,489146.293,2025-09-02 23:59:59.999,279142682.49953
2025-09-03,584.34,605.91,578.18,603.3,641041.664,2025-09-03 23:59:59.999,381351124.30949
2025-09-04,603.3,604.49,582.5,586.33,413890.401,2025-09-04 23:59:59.999,243625415.49709
2025-09-05,586.32,620.0,584.42,606.55,591470.411,2025-09-05 23:59:59.999,357579165.0152
2025-09-06,606.55,616.95,583.09,594.89,564838.165,2025-09-06 23:59:59.999,337435639.76095
2025-09-07,594.89,608.04,593.04,602.95,238216.237,2025-09-07 23:59:59.999,143190045.8461
2025-09-08,602.94,605.89,585.22,587.95,414089.362,2025-09-08 23:59:59.999,245765781.69285
2025-09-09,587.94,590.44,572.94,580.05,350610.789,2025-09-09 23:59:59.999,204156553.56294
2025-09-10,580.01,590.7,576.54,580.57,236762.916,2025-09-10 23:59:59.999,137852158.53543
2025-09-11,580.57,604.27,575.93,596.33,570486.518,2025-09-11 23:59:59.999,338839877.75374
2025-09-12,596.33,601.89,586.87,598.31,223422.212,2025-09-12 23:59:59.999,132795828.20953
2025-09-13,598.32,605.53,593.78,598.52,212059.071,2025-09-13 23:59:59.999,127205700.93321
2025-09-14,598.51,605.0,588.0,601.13,215616.758,2025-09-14 23:59:59.999,128274156.04546
2025-09-15,601.13,605.0,587.5,593.35,303749.199,2025-09-15 23:59:59.999,181054074.72075
2025-09-16,593.35,601.7,588.55,598.51,180358.295,2025-09-16 23:59:59.999,107295724.30841
2025-09-17,598.52,625.46,590.12,616.43,300033.855,2025-09-17 23:59:59.999,180808074.80507
2025-09-18,616.44,650.89,612.06,624.09,505899.077,2025-09-18 23:59:59.999,320448557.54775
2025-09-19,624.09,632.08,597.48,600.38,439630.626,2025-09-19 23:59:59.999,268720042.15225
2025-09-20,600.39,606.0,592.84,594.3,159930.934,2025-09-20 23:59:59.999,96071291.95927
2025-09-21,594.29,601.98,593.17,593.43,102633.623,2025-09-21 23:59:59.999,61266498.19134
2025-09-22,593.42,594.64,551.86,566.78,329134.622,2025-09-22 23:59:59.999,188606556.01132
2025-09-23,566.75,569.46,553.33,556.44,198256.048,2025-09-23 23:59:59.999,111119524.04592
2025-09-24,556.43,563.43,547.36,556.05,163211.441,2025-09-24 23:59:59.999,91020332.28043
2025-09-25,556.05,557.16,532.71,536.17,286587.147,2025-09-25 23:59:59.999,156424786.58216
2025-09-26,536.2,550.75,534.0,547.82,203178.386,2025-09-26 23:59:59.999,110347719.44657
2025-09-27,547.82,547.82,539.3,543.48,94680.746,2025-09-27 23:59:59.999,51447536.18007
2025-09-28,543.48,557.95,535.63,555.99,132891.491,2025-09-28 23:59:59.999,72358309.23765
2025-09-29,555.99,562.78,549.6,560.63,162375.858,2025-09-29 23:59:59.999,90423995.0824
2025-09-30,560.62,562.9,548.98,560.25,151127.363,2025-09-30 23:59:59.999,84032465.33532
2025-10-01,560.26,600.56,559.04,592.57,333153.68,2025-10-01 23:59:59.999,194569267.34825
2025-10-02,592.57,597.43,580.0,593.98,425638.683,2025-10-02 23:59:59.999,250528324.92333
2025-10-03,593.98,615.2,590.32,608.0,321417.051,2025-10-03 23:59:59.999,193462416.0941
2025-10-04,608.0,608.79,584.04,589.67,231939.145,2025-10-04 23:59:59.999,137448118.04222
2025-10-05,589.67,612.5,587.29,593.99,228477.118,2025-10-05 23:59:59.999,137037939.06274
2025-10-06,593.99,606.6,591.68,598.57,168011.097,2025-10-06 23:59:59.999,100787531.96075
2025-10-07,598.58,599.83,573.78,576.08,256641.418,2025-10-07 23:59:59.999,150374269.40091
2025-10-08,576.09,587.69,572.75,583.02,145867.98,2025-10-08 23:59:59.999,84661937.93126
2025-10-09,583.03,593.98,568.0,579.55,255065.606,2025-10-09 23:59:59.999,147479668.3648
2025-10-10,579.55,600.99,460.18,512.97,1040715.527,2025-10-10 23:59:59.999,569037355.30367
2025-10-11,512.97,539.72,477.21,499.58,505157.604,2025-10-11 23:59:59.999,260573664.42429
2025-10-12,499.58,545.06,494.97,540.19,345647.83,2025-10-12 23:59:59.999,181136024.03978
2025-10-13,540.19,549.14,529.26,546.19,253252.249,2025-10-13 23:59:59.999,137191803.95977
2025-10-14,546.2,546.91,507.29,537.72,509960.486,2025-10-14 23:59:59.999,268014752.17203
2025-10-15,537.72,545.91,517.05,521.9,212189.506,2025-10-15 23:59:59.999,112556939.46959
2025-10-16,521.89,529.3,500.88,504.46,256626.493,2025-10-16 23:59:59.999,132387956.88864
2025-10-17,504.46,510.42,440.66,469.51,582731.787,2025-10-17 23:59:59.999,273353554.29941
2025-10-18,469.51,481.07,461.63,468.02,185198.332,2025-10-18 23:59:59.999,87053151.73881
2025-10-19,468.02,478.46,456.36,472.21,233782.221,2025-10-19 23:59:59.999,109508719.44222
2025-10-20,472.21,486.02,466.67,478.47,215968.482,2025-10-20 23:59:59.999,103493716.34577
2025-10-21,478.47,514.99,463.58,480.5,449354.353,2025-10-21 23:59:59.999,217776316.2596
2025-10-22,480.49,484.15,461.65,472.9,297098.069,2025-10-22 23:59:59.999,140719238.37282
2025-10-23,472.92,491.3,472.26,479.9,371383.63,2025-10-23 23:59:59.999,179664130.7536
2025-10-24,479.9,507.17,478.0,502.98,261655.434,2025-10-24 23:59:59.999,129525338.89552
2025-10-25,502.98,512.26,495.6,507.56,205591.263,2025-10-25 23:59:59.999,103829597.97355
2025-10-26,507.56,565.1,507.52,558.8,420435.02,2025-10-26 23:59:59.999,227530316.87094
2025-10-27,558.85,571.84,552.01,555.27,349336.329,2025-10-27 23:59:59.999,195748557.86969
2025-10-28,555.28,570.4,549.39,557.14,373476.35,2025-10-28 23:59:59.999,209064192.78043
2025-10-29,557.13,566.0,545.62,555.22,315426.929,2025-10-29 23:59:59.999,175782506.3163
2025-10-30,555.23,575.84,526.89,540.8,605914.893,2025-10-30 23:59:59.999,334318425.66513
2025-10-31,540.81,567.96,531.85,534.53,386072.125,2025-10-31 23:59:59.999,212531227.56496
2025-11-01,534.53,560.0,530.46,553.67,176932.736,2025-11-01 23:59:59.999,97278398.9758
2025-11-02,553.67,555.61,522.14,536.4,315443.152,2025-11-02 23:59:59.999,168998579.74897
2025-11-03,536.4,536.67,488.88,505.44,394306.543,2025-11-03 23:59:59.999,204259658.18364
2025-11-04,505.45,512.38,459.7,479.73,529643.255,2025-11-04 23:59:59.999,259066368.59582
2025-11-05,479.73,494.22,460.02,488.69,250377.208,2025-11-05 23:59:59.999,120868561.41767
2025-11-06,488.68,489.52,463.74,472.53,192082.14,2025-11-06 23:59:59.999,91555383.50304
2025-11-07,472.52,524.68,469.86,512.0,505414.665,2025-11-07 23:59:59.999,248385982.77338
2025-11-08,512.01,515.36,485.28,495.4,175585.043,2025-11-08 23:59:59.999,87606564.84737
2025-11-09,495.4,506.82,488.29,503.21,167206.172,2025-11-09 23:59:59.999,83081161.8786
2025-11-10,503.2,524.0,500.49,517.05,256022.327,2025-11-10 23:59:59.999,131067816.83069
2025-11-11,517.06,531.86,503.02,505.29,322530.365,2025-11-11 23:59:59.999,166824685.99303
2025-11-12,505.29,531.98,497.79,506.83,282216.641,2025-11-12 23:59:59.999,145857149.20029
2025-11-13,506.8,530.8,493.48,508.98,390765.739,2025-11-13 23:59:59.999,201796271.6295
2025-11-14,508.95,517.69,475.29,479.28,419786.942,2025-11-14 23:59:59.999,207341865.2642
2025-11-15,479.31,519.44,478.94,502.1,238230.998,2025-11-15 23:59:59.999,119197100.76924
2025-11-16,502.1,504.12,472.14,483.07,222744.963,2025-11-16 23:59:59.999,108683000.47941
2025-11-17,483.05,515.5,480.34,490.33,333383.346,2025-11-17 23:59:59.999,166181353.82522
2025-11-18,490.35,537.0,475.38,522.72,515371.656,2025-11-18 23:59:59.999,261294269.60799
2025-11-19,522.72,523.11,470.29,486.05,385240.123,2025-11-19 23:59:59.999,189654223.68925
2025-11-20,486.05,513.0,473.48,480.2,467864.874,2025-11-20 23:59:59.999,231212483.61664
2025-11-21,480.19,547.68,446.45,533.33,768936.461,2025-11-21 23:59:59.999,378993740.54739
2025-11-22,533.32,567.8,520.85,556.12,723345.734,2025-11-22 23:59:59.999,393273926.84728
2025-11-23,556.12,558.18,536.05,539.07,431466.524,2025-11-23 23:59:59.999,236033821.45886
2025-11-24,539.06,563.29,536.3,549.03,376850.168,2025-11-24 23:59:59.999,207271711.17555
2025-11-25,549.03,549.71,515.29,526.85,356018.501,2025-11-25 23:59:59.999,187564859.50792
2025-11-26,526.85,548.55,522.89,543.28,401186.152,2025-11-26 23:59:59.999,214624057.50238
2025-11-27,543.29,551.03,531.08,532.53,184298.714,2025-11-27 23:59:59.999,99439996.37167
2025-11-28,532.54,554.24,530.02,548.3,280506.385,2025-11-28 23:59:59.999,151521549.14831
2025-11-29,548.3,548.54,517.02,521.11,380862.896,2025-11-29 23:59:59.999,202169312.45389
2025-11-30,521.11,562.17,517.5,540.47,420538.239,2025-11-30 23:59:59.999,229013350.93815
2025-12-01,540.47,544.5,508.36,522.65,492843.054,2025-12-01 23:59:59.999,257728523.47242
2025-12-02,522.64,558.03,519.42,545.13,433365.428,2025-12-02 23:59:59.999,232542923.42614
2025-12-03,545.14,607.21,543.3,590.16,618801.292,2025-12-03 23:59:59.999,361419847.16997
2025-12-04,590.2,598.51,565.94,574.5,343532.517,2025-12-04 23:59:59.999,199932763.32514
2025-12-05,574.49,582.99,556.43,559.2,360804.815,2025-12-05 23:59:59.999,206178511.91299
2025-12-06,559.21,596.44,557.43,583.16,373214.072,2025-12-06 23:59:59.999,217222457.41406
2025-12-07,583.15,604.99,566.47,598.03,469321.35,2025-12-07 23:59:59.999,275254578.20132
2025-12-08,598.03,604.8,574.97,578.77,349755.658,2025-12-08 23:59:59.999,207139000.95251
2025-12-09,578.77,592.5,569.53,584.27,335429.732,2025-12-09 23:59:59.999,194623909.22655
2025-12-10,584.26,588.43,558.0,572.35,482329.877,2025-12-10 23:59:59.999,274479810.84314
2025-12-11,572.35,576.34,551.03,573.93,341390.876,2025-12-11 23:59:59.999,191547407.77293
2025-12-12,573.93,588.54,567.26,581.33,328083.191,2025-12-12 23:59:59.999,189950786.98995
2025-12-13,581.34,586.44,567.82,579.61,164800.301,2025-12-13 23:59:59.999,95027514.24992
2025-12-14,579.61,584.79,553.15,557.84,238364.241,2025-12-14 23:59:59.999,136089222.49695
2025-12-15,557.85,573.85,518.35,535.44,383955.619,2025-12-15 23:59:59.999,209274109.32178
2025-12-16,535.43,557.4,526.8,545.72,265166.277,2025-12-16 23:59:59.999,143440847.11107
2025-12-17,545.72,568.2,540.54,546.18,360522.237,2025-12-17 23:59:59.999,198691781.51638
2025-12-18,546.17,578.64,528.0,565.34,721572.012,2025-12-18 23:59:59.999,402879697.9112
2025-12-19,565.34,631.22,556.63,624.29,791594.095,2025-12-19 23:59:59.999,472455249.17799
2025-12-20,624.3,625.49,587.91,591.72,481873.398,2025-12-20 23:59:59.999,289628206.09004
2025-12-21,591.71,602.71,576.43,590.76,318910.448,2025-12-21 23:59:59.999,187370483.43629
2025-12-22,590.76,598.31,571.72,589.99,428645.3,2025-12-22 23:59:59.999,251173616.91324
2025-12-23,590.0,593.42,570.05,572.02,267986.756,2025-12-23 23:59:59.999,155441612.35557
2025-12-24,572.03,581.39,563.0,568.31,240035.595,2025-12-24 23:59:59.999,136966570.61098
2025-12-25,568.32,600.74,566.17,589.4,368519.172,2025-12-25 23:59:59.999,216651227.21731
2025-12-26,589.4,614.87,586.33,594.57,442919.026,2025-12-26 23:59:59.999,266194470.81039
2025-12-27,594.56,625.55,592.87,622.9,337901.175,2025-12-27 23:59:59.999,206885843.69698
2025-12-28,622.95,638.0,609.66,621.95,426587.531,2025-12-28 23:59:59.999,265109387.67698
2025-12-29,621.95,626.91,592.46,598.75,549531.798,2025-12-29 23:59:59.999,335263123.9929
2025-12-30,598.75,607.79,590.33,595.57,226561.736,2025-12-30 23:59:59.999,135740929.96838
2025-12-31,595.57,603.16,592.27,599.15,170254.544,2025-12-31 23:59:59.999,101749718.77383
2026-01-01,599.15,606.44,583.71,592.87,196215.675,2026-01-01 23:59:59.999,116402500.77522
2026-01-02,592.87,618.29,584.76,609.61,403073.43,2026-01-02 23:59:59.999,242503729.5854
2026-01-03,609.61,664.0,608.21,654.19,711264.343,2026-01-03 23:59:59.999,453064658.37914
2026-01-04,654.2,662.17,634.56,638.7,559874.869,2026-01-04 23:59:59.999,360530223.83235
2026-01-05,638.71,669.0,638.44,644.95,588892.529,2026-01-05 23:59:59.999,384870723.10079
2026-01-06,644.95,657.39,623.49,637.81,446561.181,2026-01-06 23:59:59.999,284868242.18405
2026-01-07,637.81,637.82,621.01,628.91,240429.872,2026-01-07 23:59:59.999,151596165.16837
2026-01-08,628.92,653.3,619.48,631.75,503513.448,2026-01-08 23:59:59.999,319992329.23453
2026-01-09,631.74,642.0,625.1,634.37,234009.51,2026-01-09 23:59:59.999,148294123.15753
2026-01-10,634.37,649.99,631.0,643.47,192296.073,2026-01-10 23:59:59.999,122993546.12486
2026-01-11,643.47,665.11,639.5,648.49,560651.884,2026-01-11 23:59:59.999,365493363.06249
2026-01-12,648.5,660.69,612.8,621.14,647904.433,2026-01-12 23:59:59.999,408877396.5256
2026-01-13,621.15,626.0,605.13,616.65,440566.841,2026-01-13 23:59:59.999,270389040.92358
2026-01-14,616.65,618.97,593.0,596.96,515582.965,2026-01-14 23:59:59.999,312107407.5772
2026-01-15,596.96,630.56,574.12,590.37,874225.065,2026-01-15 23:59:59.999,527477763.06844
2026-01-16,590.38,606.51,589.08,598.99,378183.522,2026-01-16 23:59:59.999,226263487.87195
2026-01-17,599.0,602.2,588.32,593.78,168662.68,2026-01-17 23:59:59.999,100353582.48036
2026-01-18,593.79,602.28,587.12,591.12,178752.814,2026-01-18 23:59:59.999,106218013.86925
2026-01-19,591.11,594.57,558.0,583.59,317057.658,2026-01-19 23:59:59.999,185363054.08811
2026-01-20,583.59,586.8,563.34,572.63,293728.315,2026-01-20 23:59:59.999,168690072.0089
2026-01-21,572.62,597.66,569.57,584.38,436343.572,2026-01-21 23:59:59.999,255892664.06679
2026-01-22,584.38,603.5,584.1,598.64,228674.291,2026-01-22 23:59:59.999,136187610.46607
2026-01-23,598.69,600.99,586.01,595.22,162502.682,2026-01-23 23:59:59.999,96669527.68651
2026-01-24,595.23,598.66,590.29,593.21,78615.514,2026-01-24 23:59:59.999,46768150.44826
2026-01-25,593.2,595.55,562.0,571.79,185806.09,2026-01-25 23:59:59.999,107493021.13053
2026-01-26,571.79,583.07,570.85,578.17,149941.455,2026-01-26 23:59:59.999,86635869.39104
2026-01-27,578.17,603.35,577.13,599.74,283872.571,2026-01-27 23:59:59.999,168012172.36545
2026-01-28,599.74,601.8,589.0,590.87,186586.674,2026-01-28 23:59:59.999,110873236.48308
2026-01-29,590.87,591.13,548.0,553.69,317993.758,2026-01-29 23:59:59.999,179907840.67967
2026-01-30,553.7,559.52,533.24,552.92,340095.132,2026-01-30 23:59:59.999,186244149.08349
2026-01-31,552.92,553.75,464.65,507.09,564224.571,2026-01-31 23:59:59.999,286713820.93053
2026-02-01,507.08,537.75,505.67,515.84,484381.726,2026-02-01 23:59:59.999,252963003.63524
2026-02-02,515.84,543.85,496.75,539.29,500348.072,2026-02-02 23:59:59.999,261705447.48828
2026-02-03,539.3,542.0,509.19,526.62,390593.348,2026-02-03 23:59:59.999,205735610.91813
2026-02-04,526.61,539.51,514.58,532.13,348183.522,2026-02-04 23:59:59.999,183458847.58621
2026-02-05,532.14,542.32,452.37,453.47,882106.389,2026-02-05 23:59:59.999,438878620.38916
2026-02-06,453.48,543.01,422.5,522.93,1081409.402,2026-02-06 23:59:59.999,516582315.10693
2026-02-07,522.92,539.83,513.75,524.92,500988.726,2026-02-07 23:59:59.999,263093806.12293
2026-02-08,524.93,540.96,516.5,526.64,268017.951,2026-02-08 23:59:59.999,141515193.00803
2026-02-09,526.64,537.7,510.7,532.66,251666.866,2026-02-09 23:59:59.999,131979635.02094
2026-02-10,532.67,534.24,511.47,524.06,292783.486,2026-02-10 23:59:59.999,152854269.39475
2026-02-11,524.05,527.78,506.87,515.72,290791.589,2026-02-11 23:59:59.999,150301472.6074
2026-02-12,515.75,520.82,493.4,502.85,246155.014,2026-02-12 23:59:59.999,124765498.94111
2026-02-13,502.86,573.45,499.53,563.74,474211.638,2026-02-13 23:59:59.999,256781862.63624
2026-02-14,563.74,572.39,556.56,562.51,265393.376,2026-02-14 23:59:59.999,149680722.34893
2026-02-15,562.51,566.06,549.96,553.32,215305.461,2026-02-15 23:59:59.999,120113986.38817
2026-02-16,553.29,581.2,551.05,568.73,283584.777,2026-02-16 23:59:59.999,160004204.03285
2026-02-17,568.73,577.5,547.48,563.06,250205.206,2026-02-17 23:59:59.999,140743728.19624
2026-02-18,563.07,569.89,550.31,557.44,186479.747,2026-02-18 23:59:59.999,104336569.86088
2026-02-19,557.43,564.5,538.16,559.92,289704.342,2026-02-19 23:59:59.999,159709103.53495
2026-02-20,559.92,570.25,540.6,562.05,373664.833,2026-02-20 23:59:59.999,207923630.57584
2026-02-21,562.06,576.22,557.79,563.76,181898.121,2026-02-21 23:59:59.999,103120741.24235
2026-02-22,563.77,585.66,559.0,570.37,445577.63,2026-02-22 23:59:59.999,255572947.03187
2026-02-23,570.37,570.59,486.64,495.27,759292.535,2026-02-23 23:59:59.999,397048786.71991
2026-02-24,495.27,498.77,470.34,484.2,537637.73,2026-02-24 23:59:59.999,260077639.68972
2026-02-25,484.21,520.3,483.42,492.42,632023.638,2026-02-25 23:59:59.999,318331417.91126
2026-02-26,492.42,505.38,476.14,477.99,314338.652,2026-02-26 23:59:59.999,154820418.52964
2026-02-27,478.0,491.99,454.76,461.16,345798.083,2026-02-27 23:59:59.999,163594357.53202
2026-02-28,461.17,468.1,439.29,457.16,529737.528,2026-02-28 23:59:59.999,238583335.3344
2026-03-01,457.15,466.41,431.47,441.26,380889.511,2026-03-01 23:59:59.999,170179898.70802
2026-03-02,441.26,454.19,435.59,444.76,400321.807,2026-03-02 23:59:59.999,177937250.35634
2026-03-03,444.75,449.75,432.01,443.52,280232.259,2026-03-03 23:59:59.999,123389854.4152
2026-03-04,443.5,476.54,438.82,466.62,427354.669,2026-03-04 23:59:59.999,196083263.28095
2026-03-05,466.62,467.5,453.81,461.29,243924.926,2026-03-05 23:59:59.999,112274757.68232
2026-03-06,461.29,463.12,441.8,449.29,237590.02,2026-03-06 23:59:59.999,107252549.03641
2026-03-07,449.29,453.8,445.47,449.81,144168.176,2026-03-07 23:59:59.999,64828753.43038
2026-03-08,449.81,455.15,440.06,442.76,150779.155,2026-03-08 23:59:59.999,67403713.17455
2026-03-09,442.76,456.55,442.58,444.25,265900.706,2026-03-09 23:59:59.999,119319527.03703
2026-03-10,444.25,453.87,442.06,446.68,257107.794,2026-03-10 23:59:59.999,115064788.5165
2026-03-11,446.68,461.33,445.25,454.82,280887.128,2026-03-11 23:59:59.999,127414981.5545
2026-03-12,454.82,461.15,451.49,454.99,147402.57,2026-03-12 23:59:59.999,67175032.25181
2026-03-13,454.98,476.17,454.49,460.62,412846.713,2026-03-13 23:59:59.999,192612586.58905
2026-03-14,460.61,468.2,453.88,467.3,177940.766,2026-03-14 23:59:59.999,81913483.03225
2026-03-15,467.32,470.2,458.79,469.34,206910.001,2026-03-15 23:59:59.999,96161236.36328
2026-03-16,469.34,483.58,464.86,478.58,247409.932,2026-03-16 23:59:59.999,117410468.23584
2026-03-17,478.57,480.87,469.81,470.33,145295.507,2026-03-17 23:59:59.999,68989517.83353
2026-03-18,470.33,472.36,446.08,456.54,216286.625,2026-03-18 23:59:59.999,99105218.23833
2026-03-19,456.56,460.06,449.27,455.32,186298.337,2026-03-19 23:59:59.999,84879687.39571
2026-03-20,455.31,474.8,454.72,474.23,304805.7,2026-03-20 23:59:59.999,141922944.06994
2026-03-21,474.22,476.95,459.32,462.15,166146.071,2026-03-21 23:59:59.999,77745799.23025
2026-03-22,462.14,470.99,456.86,467.1,253867.154,2026-03-22 23:59:59.999,118100663.98563
2026-03-23,467.1,487.66,462.51,477.66,332568.939,2026-03-23 23:59:59.999,158068696.26611
2026-03-24,477.66,479.83,468.18,477.0,219231.577,2026-03-24 23:59:59.999,103832740.37101
2026-03-25,476.99,480.0,471.15,473.28,115611.832,2026-03-25 23:59:59.999,55075047.12647
2026-03-26,473.27,474.0,458.49,461.71,184102.745,2026-03-26 23:59:59.999,85707976.94828
2026-03-27,461.71,473.14,457.75,472.32,301019.194,2026-03-27 23:59:59.999,140094264.26799
2026-03-28,472.33,483.6,470.44,480.74,206998.432,2026-03-28 23:59:59.999,99024322.83832
2026-03-29,480.74,484.0,446.52,452.42,349558.437,2026-03-29 23:59:59.999,162137352.72979
2026-03-30,452.43,467.17,450.23,459.93,276297.399,2026-03-30 23:59:59.999,126566142.99345
2026-03-31,459.94,478.0,459.67,466.37,272640.321,2026-03-31 23:59:59.999,127828880.46369
2026-04-01,466.37,466.53,453.47,454.99,185062.063,2026-04-01 23:59:59.999,85176333.74478
2026-04-02,454.99,455.56,439.24,443.9,206930.808,2026-04-02 23:59:59.999,92029922.75731
2026-04-03,443.91,446.33,439.28,442.79,106251.55,2026-04-03 23:59:59.999,47058586.2848
2026-04-04,442.79,445.16,440.61,440.8,74156.569,2026-04-04 23:59:59.999,32806255.87662
2026-04-05,440.81,443.6,420.02,428.33,256045.166,2026-04-05 23:59:59.999,109943093.02283
2026-04-06,428.33,440.46,428.33,434.83,201578.809,2026-04-06 23:59:59.999,87823302.50153
2026-04-07,434.82,448.0,429.6,445.6,193378.56,2026-04-07 23:59:59.999,84428246.1799
2026-04-08,445.6,449.55,439.32,441.07,132244.608,2026-04-08 23:59:59.999,58763940.04352
2026-04-09,441.07,446.66,432.41,442.88,176013.552,2026-04-09 23:59:59.999,77548194.75976
2026-04-10,442.88,446.65,433.34,443.48,115549.083,2026-04-10 23:59:59.999,51032531.73714
2026-04-11,443.47,445.14,436.22,437.35,89867.168,2026-04-11 23:59:59.999,39544070.77528
2026-04-12,437.34,437.68,419.05,421.01,178602.072,2026-04-12 23:59:59.999,76023235.86911
2026-04-13,421.01,440.48,420.75,438.15,143546.907,2026-04-13 23:59:59.999,61598691.30001
2026-04-14,438.15,443.96,433.12,436.08,151972.307,2026-04-14 23:59:59.999,66509691.40681
2026-04-15,436.08,443.24,427.0,440.59,127752.981,2026-04-15 23:59:59.999,55600661.54367
2026-04-16,440.6,457.37,433.64,454.64,170632.978,2026-04-16 23:59:59.999,75756220.60372
2026-04-17,454.65,461.63,446.33,453.17,209313.723,2026-04-17 23:59:59.999,95031850.27561
2026-04-18,453.16,455.7,443.05,443.35,105391.496,2026-04-18 23:59:59.999,47202193.10832
2026-04-19,443.36,445.9,433.51,434.9,159974.293,2026-04-19 23:59:59.999,70466491.24555
2026-04-20,434.9,446.17,434.9,443.35,92250.639,2026-04-20 23:59:59.999,40686594.59489
2026-04-21,443.35,449.14,440.1,448.21,110813.283,2026-04-21 23:59:59.999,49247435.49263
2026-04-22,448.21,473.75,447.09,460.11,258687.561,2026-04-22 23:59:59.999,119876727.86827
2026-04-23,460.11,460.75,452.28,460.55,149478.034,2026-04-23 23:59:59.999,68262994.10715
2026-04-24,460.56,461.53,454.27,455.92,102907.7,2026-04-24 23:59:59.999,47082868.01335
2026-04-25,455.93,456.37,451.79,452.9,55342.077,2026-04-25 23:59:59.999,25117744.2899
2026-04-26,452.89,455.69,450.04,454.69,72673.525,2026-04-26 23:59:59.999,32900642.26346
2026-04-27,454.7,457.66,445.86,449.53,125218.972,2026-04-27 23:59:59.999,56424890.43377
2026-04-28,449.53,454.0,442.33,453.36,92834.686,2026-04-28 23:59:59.999,41586006.79231
2026-04-29,453.36,455.51,441.51,447.23,109705.804,2026-04-29 23:59:59.999,49330898.7379
2026-04-30,447.23,448.94,440.04,440.67,82895.659,2026-04-30 23:59:59.999,36761449.963
2026-05-01,440.67,458.17,440.62,450.24,121466.206,2026-05-01 23:59:59.999,54575847.39894
2026-05-02,450.24,452.91,444.01,445.43,71074.734,2026-05-02 23:59:59.999,31826763.90225
2026-05-03,445.43,447.33,442.23,442.94,62774.705,2026-05-03 23:59:59.999,27903496.938
2026-05-04,442.95,450.54,436.54,443.58,160258.289,2026-05-04 23:59:59.999,71122465.07241
2026-05-05,443.58,464.14,442.69,461.19,203521.282,2026-05-05 23:59:59.999,92589901.95331
2026-05-06,461.19,489.13,458.16,465.46,428967.162,2026-05-06 23:59:59.999,203451455.34551
2026-05-07,465.45,466.2,447.95,449.96,169772.034,2026-05-07 23:59:59.999,77353070.59762
2026-05-08,449.97,454.12,447.19,450.16,120795.723,2026-05-08 23:59:59.999,54425963.13715
2026-05-09,450.17,453.6,447.96,449.5,99764.68,2026-05-09 23:59:59.999,44951090.38057
2026-05-10,449.51,465.2,448.79,464.1,149304.073,2026-05-10 23:59:59.999,68187478.17171
2026-05-11,464.11,464.94,447.25,449.89,182326.225,2026-05-11 23:59:59.999,82322653.08819
2026-05-12,449.89,450.02,434.31,439.37,188048.298,2026-05-12 23:59:59.999,83234454.89576
2026-05-13,439.36,444.42,429.62,433.8,157407.785,2026-05-13 23:59:59.999,68746765.44203
2026-05-14,433.79,438.54,431.17,434.63,98602.597,2026-05-14 23:59:59.999,42899284.47476
2026-05-15,434.63,437.27,423.23,426.45,166802.632,2026-05-15 23:59:59.999,71707469.12859
2026-05-16,426.44,427.72,409.93,415.49,264475.806,2026-05-16 23:59:59.999,110329107.69269
2026-05-17,415.49,416.63,397.43,404.44,200277.575,2026-05-17 23:59:59.999,82003732.43837
2026-05-18,404.45,404.52,347.16,378.28,1156274.842,2026-05-18 23:59:59.999,430949184.99516
2026-05-19,378.27,386.49,360.0,369.95,455993.697,2026-05-19 23:59:59.999,170527516.93069
2026-05-20,369.94,374.88,363.81,372.91,221055.605,2026-05-20 23:59:59.999,81705661.17163
2026-05-21,372.92,383.33,372.52,380.19,283304.636,2026-05-21 23:59:59.999,107297810.76804
2026-05-22,380.19,381.63,358.72,360.36,233184.468,2026-05-22 23:59:59.999,86823780.95797
2026-05-23,360.35,364.79,342.08,355.07,394116.413,2026-05-23 23:59:59.999,138754307.54359
2026-05-24,355.07,357.19,332.29,346.38,258363.667,2026-05-24 23:59:59.999,89796635.2381
2026-05-25,346.38,352.08,343.52,351.28,137118.525,2026-05-25 23:59:59.999,47822359.54055
2026-05-26,351.29,354.9,342.25,343.07,215814.831,2026-05-26 23:59:59.999,75271050.45869
2026-05-27,343.08,347.34,331.43,334.39,188315.506,2026-05-27 23:59:59.999,64219182.10507
2026-05-28,334.39,336.21,292.65,299.72,598274.965,2026-05-28 23:59:59.999,185096594.75083
