open_time,open,high,low,close,volume,close_time,quote_asset_volume
2021-01-21,0.022,0.0244,0.01852,0.01892,133227029.0,2021-01-21 23:59:59.999,2734964.78113
2021-01-22,0.01891,0.0205,0.01703,0.01977,228358525.0,2021-01-22 23:59:59.999,4456436.64694
2021-01-23,0.01975,0.02092,0.0192,0.01984,214767247.0,2021-01-23 23:59:59.999,4277759.39224
2021-01-24,0.01985,0.0205,0.0193,0.01989,163003415.0,2021-01-24 23:59:59.999,3253572.78299
2021-01-25,0.0199,0.02118,0.0187,0.01885,257618104.0,2021-01-25 23:59:59.999,5199481.53512
2021-01-26,0.01886,0.02069,0.01829,0.02068,335453946.0,2021-01-26 23:59:59.999,6608914.47983
2021-01-27,0.02068,0.02089,0.01861,0.01902,336602499.0,2021-01-27 23:59:59.999,6613906.77464
2021-01-28,0.01903,0.02054,0.01856,0.0201,898768693.0,2021-01-28 23:59:59.999,17830095.99599
2021-01-29,0.02008,0.02091,0.01952,0.02003,223127064.0,2021-01-29 23:59:59.999,4514803.88834
2021-01-30,0.02002,0.02328,0.01955,0.02146,316845548.0,2021-01-30 23:59:59.999,6757941.72869
2021-01-31,0.02145,0.02265,0.02028,0.02169,233376357.0,2021-01-31 23:59:59.999,5014513.9974
2021-02-01,0.02169,0.02388,0.0209,0.02257,465982954.0,2021-02-01 23:59:59.999,10553364.34488
2021-02-02,0.02257,0.02371,0.02199,0.02277,208970240.0,2021-02-02 23:59:59.999,4779889.30617
2021-02-03,0.02272,0.02463,0.0225,0.02418,262307434.0,2021-02-03 23:59:59.999,6183312.39588
2021-02-04,0.02423,0.02502,0.02145,0.02323,517176066.0,2021-02-04 23:59:59.999,12131755.33737
2021-02-05,0.02323,0.02597,0.02307,0.02575,399861055.0,2021-02-05 23:59:59.999,9857025.85394
2021-02-06,0.02572,0.02621,0.0218,0.02371,346825149.0,2021-02-06 23:59:59.999,8316538.14653
2021-02-07,0.02373,0.02417,0.02108,0.02297,244238702.0,2021-02-07 23:59:59.999,5582718.52714
2021-02-08,0.02296,0.02487,0.02183,0.02448,420613886.0,2021-02-08 23:59:59.999,9998089.87896
2021-02-09,0.02451,0.02823,0.02428,0.02687,575837773.0,2021-02-09 23:59:59.999,15245465.1245
2021-02-10,0.0269,0.03149,0.02413,0.0294,1354812337.0,2021-02-10 23:59:59.999,38403131.97985
2021-02-11,0.0294,0.03298,0.02826,0.03052,686434989.0,2021-02-11 23:59:59.999,21127247.31066
2021-02-12,0.03059,0.03811,0.02975,0.03602,1114903776.0,2021-02-12 23:59:59.999,37887031.34757
2021-02-13,0.03601,0.0385,0.03291,0.03698,772571436.0,2021-02-13 23:59:59.999,27686025.10411
2021-02-14,0.03702,0.03886,0.03317,0.03473,488682219.0,2021-02-14 23:59:59.999,17626013.31451
2021-02-15,0.03474,0.03889,0.02629,0.03447,1483782842.0,2021-02-15 23:59:59.999,51653895.52818
2021-02-16,0.03452,0.03757,0.03274,0.035,450517896.0,2021-02-16 23:59:59.999,15913641.5638
2021-02-17,0.03504,0.0396,0.03306,0.03645,563528534.0,2021-02-17 23:59:59.999,20561763.40882
2021-02-18,0.03646,0.04032,0.0364,0.03997,405679318.0,2021-02-18 23:59:59.999,15504723.12433
2021-02-19,0.03997,0.07484,0.03997,0.05349,3202840123.0,2021-02-19 23:59:59.999,182666500.32871
2021-02-20,0.05349,0.05754,0.04639,0.05064,727759539.0,2021-02-20 23:59:59.999,38371102.30628
2021-02-21,0.05058,0.05752,0.04931,0.05386,478830421.0,2021-02-21 23:59:59.999,25693586.28061
2021-02-22,0.05395,0.05541,0.03366,0.04773,511613302.0,2021-02-22 23:59:59.999,24503452.56216
2021-02-23,0.04779,0.04926,0.03217,0.04215,575942957.0,2021-02-23 23:59:59.999,23193695.02751
2021-02-24,0.04217,0.05749,0.03871,0.05083,1239335203.0,2021-02-24 23:59:59.999,62823328.64029
2021-02-25,0.05095,0.06217,0.04914,0.05004,1041715933.0,2021-02-25 23:59:59.999,57708073.07763
2021-02-26,0.05009,0.05427,0.04669,0.05041,461985041.0,2021-02-26 23:59:59.999,23591235.23744
2021-02-27,0.05047,0.06079,0.05025,0.05291,464972394.0,2021-02-27 23:59:59.999,25169547.88979
2021-02-28,0.0528,0.05402,0.04652,0.05075,288784395.0,2021-02-28 23:59:59.999,14396864.05658
2021-03-01,0.05068,0.0566,0.05007,0.05653,278402499.0,2021-03-01 23:59:59.999,15019344.0958
2021-03-02,0.05643,0.07009,0.05415,0.06516,1390894471.0,2021-03-02 23:59:59.999,88901556.3591
2021-03-03,0.06516,0.09107,0.06399,0.08523,2291458895.0,2021-03-03 23:59:59.999,178061286.19047
2021-03-04,0.0851,0.15,0.08158,0.11825,6072896012.0,2021-03-04 23:59:59.999,723313182.02828
2021-03-05,0.11824,0.13938,0.10723,0.11058,2766916048.0,2021-03-05 23:59:59.999,329438373.41073
2021-03-06,0.11073,0.11859,0.10056,0.11312,1498464503.0,2021-03-06 23:59:59.999,163678893.94423
2021-03-07,0.11305,0.14259,0.1129,0.12872,2278027679.0,2021-03-07 23:59:59.999,298591303.69692
2021-03-08,0.12881,0.24382,0.12858,0.2199,5197942510.0,2021-03-08 23:59:59.999,950068826.33498
2021-03-09,0.21964,0.31634,0.21964,0.26723,6717107199.0,2021-03-09 23:59:59.999,1829394986.05451
2021-03-10,0.26725,0.27783,0.2353,0.24921,2284538381.0,2021-03-10 23:59:59.999,583680843.82958
2021-03-11,0.24924,0.40572,0.24529,0.35792,3831364614.0,2021-03-11 23:59:59.999,1237638697.62234
2021-03-12,0.35796,0.958,0.357,0.72889,5518886242.0,2021-03-12 23:59:59.999,3052679758.61867
2021-03-13,0.72885,0.89344,0.58446,0.60415,3812450090.0,2021-03-13 23:59:59.999,2825968750.12674
2021-03-14,0.60441,0.74404,0.5685,0.6534,2632423280.0,2021-03-14 23:59:59.999,1725170900.60805
2021-03-15,0.65351,0.69008,0.5832,0.60611,1237708524.0,2021-03-15 23:59:59.999,780463220.59275
2021-03-16,0.60601,0.614,0.4751,0.52041,1640612666.0,2021-03-16 23:59:59.999,892143743.51189
2021-03-17,0.52069,0.613,0.47942,0.5807,1835482110.0,2021-03-17 23:59:59.999,1016310575.81448
2021-03-18,0.58061,0.6754,0.56578,0.63826,1378945147.0,2021-03-18 23:59:59.999,857871471.668
2021-03-19,0.6381,0.71565,0.58845,0.60456,1471743496.0,2021-03-19 23:59:59.999,952778171.21678
2021-03-20,0.60466,0.61791,0.53464,0.54512,841628256.0,2021-03-20 23:59:59.999,488392418.607
2021-03-21,0.54512,0.59884,0.53239,0.55496,805131420.0,2021-03-21 23:59:59.999,453853265.7664
2021-03-22,0.55517,0.56636,0.4941,0.50888,586283400.0,2021-03-22 23:59:59.999,313132377.65705
2021-03-23,0.50893,0.53756,0.47359,0.5077,712881732.0,2021-03-23 23:59:59.999,364238543.49804
2021-03-24,0.50765,0.56101,0.4425,0.48217,805712468.0,2021-03-24 23:59:59.999,419414728.29667
2021-03-25,0.48254,0.50385,0.45898,0.48335,619909761.0,2021-03-25 23:59:59.999,299100437.50107
2021-03-26,0.4832,0.53333,0.48049,0.51618,548332493.0,2021-03-26 23:59:59.999,281000063.46667
2021-03-27,0.51644,0.54865,0.49079,0.52327,568326348.0,2021-03-27 23:59:59.999,292049934.10986
2021-03-28,0.52365,0.55767,0.51135,0.54087,618482623.0,2021-03-28 23:59:59.999,328900240.21654
2021-03-29,0.54091,0.5451,0.51793,0.53109,360823121.0,2021-03-29 23:59:59.999,191688284.52784
2021-03-30,0.53114,0.54424,0.51753,0.52767,373828132.0,2021-03-30 23:59:59.999,197342136.00345
2021-03-31,0.52759,0.5285,0.46,0.50053,529748007.0,2021-03-31 23:59:59.999,266533430.27345
2021-04-01,0.5007,0.50785,0.48,0.48901,229941114.0,2021-04-01 23:59:59.999,114004914.5777
2021-04-02,0.48901,0.5247,0.484,0.49411,334760574.0,2021-04-02 23:59:59.999,167710940.86167
2021-04-03,0.49409,0.50889,0.417,0.45348,486534861.0,2021-04-03 23:59:59.999,229843369.29913
2021-04-04,0.45348,0.54959,0.4421,0.48778,839996655.0,2021-04-04 23:59:59.999,417795454.73041
2021-04-05,0.48774,0.499,0.455,0.46165,401343858.0,2021-04-05 23:59:59.999,189505700.64338
2021-04-06,0.46164,0.47033,0.42387,0.44693,506723944.0,2021-04-06 23:59:59.999,227148414.89436
2021-04-07,0.44716,0.49451,0.3593,0.45306,1446578429.0,2021-04-07 23:59:59.999,625984595.47658
2021-04-08,0.4528,0.53137,0.43719,0.48937,1199256087.0,2021-04-08 23:59:59.999,581120789.21129
2021-04-09,0.48937,0.508,0.46959,0.48354,552499492.0,2021-04-09 23:59:59.999,268134972.86347
2021-04-10,0.48358,0.48387,0.44444,0.46236,292506589.0,2021-04-10 23:59:59.999,136553898.18774
2021-04-11,0.46237,0.48266,0.4375,0.46616,394884687.0,2021-04-11 23:59:59.999,182960902.69862
2021-04-12,0.46628,0.58692,0.45862,0.56818,1182490118.0,2021-04-12 23:59:59.999,610821849.23624
2021-04-13,0.56839,0.5764,0.50156,0.519,1010374634.0,2021-04-13 23:59:59.999,539959538.39155
2021-04-14,0.51901,0.53032,0.47301,0.50361,785632694.0,2021-04-14 23:59:59.999,390951528.76647
2021-04-15,0.50378,0.57699,0.49784,0.53425,1060776924.0,2021-04-15 23:59:59.999,574820065.77456
2021-04-16,0.53431,0.84,0.511,0.76977,3029538781.0,2021-04-16 23:59:59.999,2052733288.8785
2021-04-17,0.77091,0.796,0.5935,0.61931,1478919943.0,2021-04-17 23:59:59.999,965406569.28818
2021-04-18,0.61943,0.66436,0.39381,0.54999,1571870305.0,2021-04-18 23:59:59.999,849672960.02004
2021-04-19,0.54982,0.58712,0.4837,0.50637,884912289.0,2021-04-19 23:59:59.999,471669298.82843
2021-04-20,0.50629,0.53857,0.45,0.51283,906629268.0,2021-04-20 23:59:59.999,450941974.3711
2021-04-21,0.5127,0.58425,0.50283,0.52165,1074201392.0,2021-04-21 23:59:59.999,585917637.01134
2021-04-22,0.522,0.54195,0.44146,0.46534,868956119.0,2021-04-22 23:59:59.999,438521605.16601
2021-04-23,0.46534,0.47545,0.31033,0.43042,1452849674.0,2021-04-23 23:59:59.999,573265827.69003
2021-04-24,0.43076,0.4404,0.38407,0.38754,705462661.0,2021-04-24 23:59:59.999,288392669.75951
2021-04-25,0.38752,0.43134,0.35611,0.39232,574241542.0,2021-04-25 23:59:59.999,229230459.96995
2021-04-26,0.39233,0.477,0.38704,0.457,695971375.0,2021-04-26 23:59:59.999,307787446.18971
2021-04-27,0.45687,0.53879,0.44447,0.51809,778167541.0,2021-04-27 23:59:59.999,393641368.40114
2021-04-28,0.5181,0.56683,0.47392,0.5366,902888427.0,2021-04-28 23:59:59.999,472444278.34777
2021-04-29,0.53679,0.61545,0.51352,0.56362,1170867478.0,2021-04-29 23:59:59.999,669817768.01501
2021-04-30,0.56379,0.57773,0.54,0.57089,511206225.0,2021-04-30 23:59:59.999,285676889.15477
2021-05-01,0.5711,0.57123,0.54047,0.55429,363836710.0,2021-05-01 23:59:59.999,201408423.61278
2021-05-02,0.55409,0.55664,0.50733,0.53198,405917725.0,2021-05-02 23:59:59.999,216602577.24418
2021-05-03,0.53198,0.55122,0.52027,0.52544,355003323.0,2021-05-03 23:59:59.999,190716753.44961
2021-05-04,0.52554,0.5582,0.46933,0.48676,901120709.0,2021-05-04 23:59:59.999,457814054.42549
2021-05-05,0.4867,0.52547,0.48,0.51985,502169801.0,2021-05-05 23:59:59.999,255923189.93098
2021-05-06,0.52001,0.53481,0.4889,0.50497,519739703.0,2021-05-06 23:59:59.999,266723639.58344
2021-05-07,0.50494,0.5299,0.4925,0.50527,425466826.0,2021-05-07 23:59:59.999,217694643.17046
2021-05-08,0.50526,0.51698,0.49301,0.49784,323868282.0,2021-05-08 23:59:59.999,163690127.29477
2021-05-09,0.49765,0.50103,0.45133,0.48601,392703557.0,2021-05-09 23:59:59.999,188764140.5412
2021-05-10,0.48613,0.506,0.38608,0.43495,561631183.0,2021-05-10 23:59:59.999,259159900.90857
2021-05-11,0.43496,0.46112,0.425,0.45936,344026336.0,2021-05-11 23:59:59.999,152691372.46563
2021-05-12,0.45928,0.48153,0.38048,0.401,531253106.0,2021-05-12 23:59:59.999,235388050.13918
2021-05-13,0.40024,0.46315,0.36038,0.42825,1021833592.0,2021-05-13 23:59:59.999,432012429.34688
2021-05-14,0.42843,0.44775,0.41668,0.43607,338389902.0,2021-05-14 23:59:59.999,146599711.19452
2021-05-15,0.43586,0.52505,0.425,0.43303,1149218738.0,2021-05-15 23:59:59.999,544088718.02127
2021-05-16,0.43297,0.48691,0.41387,0.43653,579200524.0,2021-05-16 23:59:59.999,260446501.16689
2021-05-17,0.4365,0.43692,0.38025,0.40652,439312398.0,2021-05-17 23:59:59.999,180485933.69876
2021-05-18,0.40637,0.45495,0.40163,0.41901,409907278.0,2021-05-18 23:59:59.999,173842488.85796
2021-05-19,0.41907,0.4295,0.12694,0.26184,975099638.0,2021-05-19 23:59:59.999,306015134.82691
2021-05-20,0.26191,0.34958,0.23068,0.30857,962225757.0,2021-05-20 23:59:59.999,286616403.727
2021-05-21,0.30861,0.33735,0.2341,0.27886,698274524.0,2021-05-21 23:59:59.999,205253500.16026
2021-05-22,0.27904,0.28613,0.23898,0.25279,421853221.0,2021-05-22 23:59:59.999,108854127.46958
2021-05-23,0.25279,0.26202,0.1642,0.21336,742149120.0,2021-05-23 23:59:59.999,154811349.50477
2021-05-24,0.2134,0.26465,0.20506,0.26461,726513060.0,2021-05-24 23:59:59.999,170509565.95936
2021-05-25,0.26456,0.27476,0.23022,0.25762,552024654.0,2021-05-25 23:59:59.999,139433572.5323
2021-05-26,0.25792,0.3375,0.25028,0.33526,740118559.0,2021-05-26 23:59:59.999,213367783.97739
2021-05-27,0.3354,0.33612,0.28805,0.301,804484070.0,2021-05-27 23:59:59.999,249728681.08916
2021-05-28,0.30094,0.325,0.26805,0.28716,1129337062.0,2021-05-28 23:59:59.999,335793676.17647
2021-05-29,0.2872,0.29457,0.25505,0.27122,715299149.0,2021-05-29 23:59:59.999,193853017.17662
2021-05-30,0.27122,0.28532,0.24851,0.26927,832089095.0,2021-05-30 23:59:59.999,223928420.12423
2021-05-31,0.26928,0.28359,0.25247,0.28188,434426277.0,2021-05-31 23:59:59.999,117312674.11169
2021-06-01,0.28182,0.28754,0.26608,0.27206,286151720.0,2021-06-01 23:59:59.999,78587461.98341
2021-06-02,0.27206,0.28224,0.26562,0.27746,269784175.0,2021-06-02 23:59:59.999,74327420.97673
2021-06-03,0.27745,0.30579,0.27417,0.29503,412478746.0,2021-06-03 23:59:59.999,119475240.66155
2021-06-04,0.29504,0.3015,0.25388,0.26952,441269374.0,2021-06-04 23:59:59.999,119672872.80486
2021-06-05,0.26952,0.28295,0.25142,0.26053,293243527.0,2021-06-05 23:59:59.999,78295254.59502
2021-06-06,0.26053,0.26939,0.25957,0.26681,193613915.0,2021-06-06 23:59:59.999,51255224.52426
2021-06-07,0.2669,0.27466,0.23725,0.24113,315327291.0,2021-06-07 23:59:59.999,82875935.95633
2021-06-08,0.24111,0.24568,0.20503,0.23262,513628597.0,2021-06-08 23:59:59.999,117173522.03858
2021-06-09,0.23268,0.24345,0.21653,0.24164,325641849.0,2021-06-09 23:59:59.999,75890396.78981
2021-06-10,0.24168,0.28068,0.22906,0.27662,1115108610.0,2021-06-10 23:59:59.999,290104494.96933
2021-06-11,0.27661,0.35713,0.2601,0.29596,5397444272.0,2021-06-11 23:59:59.999,1728323061.72771
2021-06-12,0.296,0.321,0.27237,0.27395,2606086470.0,2021-06-12 23:59:59.999,765690388.58292
2021-06-13,0.27395,0.2888,0.26285,0.28544,1041673561.0,2021-06-13 23:59:59.999,285272348.23485
2021-06-14,0.28548,0.29848,0.27193,0.28027,702989830.0,2021-06-14 23:59:59.999,200316184.35408
2021-06-15,0.28032,0.34082,0.277,0.32806,1728696651.0,2021-06-15 23:59:59.999,539325584.16794
2021-06-16,0.3281,0.36769,0.311,0.33888,3086172522.0,2021-06-16 23:59:59.999,1050011221.82415
2021-06-17,0.33886,0.3498,0.31513,0.32483,1571713884.0,2021-06-17 23:59:59.999,520197259.1578
2021-06-18,0.32486,0.32491,0.27853,0.28986,1095545611.0,2021-06-18 23:59:59.999,327618612.19286
2021-06-19,0.28986,0.30209,0.2793,0.2834,663035195.0,2021-06-19 23:59:59.999,193880352.63232
2021-06-20,0.28337,0.30666,0.26586,0.28746,1043468201.0,2021-06-20 23:59:59.999,299219318.95281
2021-06-21,0.28748,0.28968,0.21108,0.21433,1237435088.0,2021-06-21 23:59:59.999,305838577.51947
2021-06-22,0.21426,0.24865,0.17834,0.22069,2256255016.0,2021-06-22 23:59:59.999,490129529.31377
2021-06-23,0.22047,0.25698,0.21027,0.23937,1264645718.0,2021-06-23 23:59:59.999,304262508.56478
2021-06-24,0.23942,0.2589,0.22635,0.24989,782753427.0,2021-06-24 23:59:59.999,189690232.17306
2021-06-25,0.24983,0.26,0.22271,0.22501,803317991.0,2021-06-25 23:59:59.999,191265620.07538
2021-06-26,0.22503,0.24082,0.21683,0.23137,666842009.0,2021-06-26 23:59:59.999,151945523.78539
2021-06-27,0.23137,0.23984,0.22425,0.23912,443244060.0,2021-06-27 23:59:59.999,102540100.80234
2021-06-28,0.23902,0.2477,0.23413,0.24298,449668941.0,2021-06-28 23:59:59.999,108454807.77992
2021-06-29,0.243,0.26159,0.24205,0.2536,575122809.0,2021-06-29 23:59:59.999,145750715.11163
2021-06-30,0.25366,0.25593,0.234,0.25384,495399395.0,2021-06-30 23:59:59.999,121621115.94083
2021-07-01,0.25382,0.25496,0.23432,0.24006,445473722.0,2021-07-01 23:59:59.999,107785375.87819
2021-07-02,0.24005,0.24262,0.23008,0.23777,325324428.0,2021-07-02 23:59:59.999,76467255.8713
2021-07-03,0.2378,0.24287,0.234,0.24048,241549413.0,2021-07-03 23:59:59.999,57849551.10759
2021-07-04,0.24047,0.24802,0.2363,0.24345,262639699.0,2021-07-04 23:59:59.999,64034906.6206
2021-07-05,0.24334,0.24341,0.22889,0.2335,326599839.0,2021-07-05 23:59:59.999,77352320.69474
2021-07-06,0.2335,0.25035,0.23302,0.24252,330051934.0,2021-07-06 23:59:59.999,79549126.90696
2021-07-07,0.24246,0.27984,0.23821,0.25993,1143502105.0,2021-07-07 23:59:59.999,304538912.78653
2021-07-08,0.25983,0.2843,0.2423,0.24748,1041230166.0,2021-07-08 23:59:59.999,272847052.33005
2021-07-09,0.24755,0.25427,0.23053,0.25243,528349419.0,2021-07-09 23:59:59.999,127671642.1273
2021-07-10,0.25251,0.26617,0.24651,0.2556,705839412.0,2021-07-10 23:59:59.999,180968950.70264
2021-07-11,0.2556,0.2679,0.25001,0.25849,486967106.0,2021-07-11 23:59:59.999,126052264.18531
2021-07-12,0.25847,0.25856,0.24122,0.24733,324060966.0,2021-07-12 23:59:59.999,81025505.40661
2021-07-13,0.24729,0.25149,0.23725,0.24028,289356576.0,2021-07-13 23:59:59.999,70562574.2309
2021-07-14,0.24027,0.25446,0.22356,0.24807,430553695.0,2021-07-14 23:59:59.999,102572840.98594
2021-07-15,0.24806,0.28026,0.24253,0.25898,1431337681.0,2021-07-15 23:59:59.999,376998280.79463
2021-07-16,0.25898,0.26747,0.23556,0.23675,588457910.0,2021-07-16 23:59:59.999,146115417.44895
2021-07-17,0.23671,0.24129,0.23,0.2393,317175786.0,2021-07-17 23:59:59.999,75008382.65441
2021-07-18,0.23927,0.24819,0.23151,0.23668,248864888.0,2021-07-18 23:59:59.999,59642179.86361
2021-07-19,0.23665,0.23868,0.22233,0.22823,330687143.0,2021-07-19 23:59:59.999,76052757.26361
2021-07-20,0.22831,0.23168,0.19838,0.20648,460747211.0,2021-07-20 23:59:59.999,96054444.88542
2021-07-21,0.20647,0.23008,0.20014,0.22452,572374374.0,2021-07-21 23:59:59.999,126215657.93484
2021-07-22,0.22464,0.23575,0.22044,0.23036,394920180.0,2021-07-22 23:59:59.999,89991760.8628
2021-07-23,0.23036,0.2415,0.22348,0.23919,376345387.0,2021-07-23 23:59:59.999,87587737.43756
2021-07-24,0.23919,0.26164,0.2356,0.24803,680590828.0,2021-07-24 23:59:59.999,171326687.33676
2021-07-25,0.24811,0.25349,0.23891,0.25024,426852477.0,2021-07-25 23:59:59.999,105006004.24216
2021-07-26,0.25021,0.26745,0.24303,0.24724,731253883.0,2021-07-26 23:59:59.999,187980547.28903
2021-07-27,0.24717,0.25557,0.23916,0.25134,455239645.0,2021-07-27 23:59:59.999,113070026.85132
2021-07-28,0.25132,0.25679,0.24495,0.25161,343947209.0,2021-07-28 23:59:59.999,86183278.6789
2021-07-29,0.2516,0.25715,0.2472,0.25646,283183295.0,2021-07-29 23:59:59.999,71438317.34089
2021-07-30,0.25645,0.26648,0.24782,0.2648,455535396.0,2021-07-30 23:59:59.999,117013536.00042
2021-07-31,0.26483,0.26846,0.25702,0.26516,268738402.0,2021-07-31 23:59:59.999,70501067.44337
2021-08-01,0.26514,0.27797,0.25713,0.26012,387112002.0,2021-08-01 23:59:59.999,103535212.48075
2021-08-02,0.26005,0.27225,0.25705,0.26556,347803953.0,2021-08-02 23:59:59.999,92217951.41047
2021-08-03,0.26557,0.26854,0.25296,0.25734,265947014.0,2021-08-03 23:59:59.999,68696657.40643
2021-08-04,0.25734,0.26623,0.25328,0.26467,241260220.0,2021-08-04 23:59:59.999,62702897.73816
2021-08-05,0.26465,0.26713,0.25503,0.2659,276446517.0,2021-08-05 23:59:59.999,72353105.44326
2021-08-06,0.26592,0.29276,0.2613,0.28998,476709002.0,2021-08-06 23:59:59.999,131126651.37886
2021-08-07,0.28998,0.2997,0.28,0.29335,530728073.0,2021-08-07 23:59:59.999,154129827.32918
2021-08-08,0.29343,0.29554,0.27092,0.27703,367424760.0,2021-08-08 23:59:59.999,104305310.32551
2021-08-09,0.27702,0.32695,0.26465,0.31038,1550449569.0,2021-08-09 23:59:59.999,479824928.94591
2021-08-10,0.31038,0.3544,0.30603,0.32701,1140794126.0,2021-08-10 23:59:59.999,377485073.11102
2021-08-11,0.32701,0.349,0.32115,0.3281,630880506.0,2021-08-11 23:59:59.999,210840886.28217
2021-08-12,0.3281,0.37093,0.31012,0.36973,1327160863.0,2021-08-12 23:59:59.999,456429094.34914
2021-08-13,0.36973,0.39,0.358,0.38194,882126643.0,2021-08-13 23:59:59.999,329039185.43242
2021-08-14,0.38202,0.38426,0.35798,0.37182,401806575.0,2021-08-14 23:59:59.999,149348792.75994
2021-08-15,0.37175,0.37636,0.35152,0.37096,333701609.0,2021-08-15 23:59:59.999,121773638.03142
2021-08-16,0.37097,0.38793,0.34801,0.35567,453311107.0,2021-08-16 23:59:59.999,168263831.73864
2021-08-17,0.35568,0.37784,0.32849,0.33562,556122061.0,2021-08-17 23:59:59.999,197173737.31482
2021-08-18,0.33569,0.34416,0.312,0.33096,464233766.0,2021-08-18 23:59:59.999,154339287.70244
2021-08-19,0.33092,0.34664,0.31928,0.34569,354409381.0,2021-08-19 23:59:59.999,117542389.89865
2021-08-20,0.34573,0.35869,0.34057,0.35502,341415085.0,2021-08-20 23:59:59.999,119497194.09132
2021-08-21,0.35502,0.4085,0.3462,0.38273,1071349717.0,2021-08-21 23:59:59.999,409684633.34646
2021-08-22,0.38261,0.41438,0.36454,0.37784,638856286.0,2021-08-22 23:59:59.999,247457377.07342
2021-08-23,0.37783,0.41599,0.37282,0.40733,674209424.0,2021-08-23 23:59:59.999,266994097.64215
2021-08-24,0.40734,0.40937,0.35113,0.36748,589336715.0,2021-08-24 23:59:59.999,226921680.02693
2021-08-25,0.36744,0.39439,0.34801,0.38787,519424403.0,2021-08-25 23:59:59.999,194542275.57675
2021-08-26,0.3879,0.3895,0.35327,0.35814,585086450.0,2021-08-26 23:59:59.999,214679856.49867
2021-08-27,0.35812,0.38094,0.34261,0.37858,375514344.0,2021-08-27 23:59:59.999,136165293.83022
2021-08-28,0.37858,0.381,0.36536,0.36884,238006271.0,2021-08-28 23:59:59.999,88508602.81095
2021-08-29,0.36887,0.38617,0.35804,0.37587,360956283.0,2021-08-29 23:59:59.999,134863308.71133
2021-08-30,0.37585,0.40647,0.365,0.36862,626764417.0,2021-08-30 23:59:59.999,241814850.67413
2021-08-31,0.36871,0.37794,0.36101,0.36628,307845946.0,2021-08-31 23:59:59.999,113978866.92003
2021-09-01,0.36633,0.38628,0.3585,0.38464,346709694.0,2021-09-01 23:59:59.999,130794989.06827
2021-09-02,0.38456,0.39474,0.37687,0.38502,325856867.0,2021-09-02 23:59:59.999,125881988.39068
2021-09-03,0.38502,0.4055,0.37654,0.39659,435553248.0,2021-09-03 23:59:59.999,171026829.49507
2021-09-04,0.39652,0.44581,0.39365,0.41713,806138211.0,2021-09-04 23:59:59.999,340684327.34151
2021-09-05,0.41723,0.43267,0.40921,0.42597,394010534.0,2021-09-05 23:59:59.999,165473071.17334
2021-09-06,0.42598,0.45,0.398,0.44674,685271226.0,2021-09-06 23:59:59.999,295358052.94085
2021-09-07,0.44668,0.44722,0.2466,0.34282,1091917870.0,2021-09-07 23:59:59.999,402525651.75558
2021-09-08,0.34281,0.35124,0.3051,0.33735,558336274.0,2021-09-08 23:59:59.999,185974238.71758
2021-09-09,0.33725,0.35618,0.33165,0.34703,370107191.0,2021-09-09 23:59:59.999,127533229.72436
2021-09-10,0.34706,0.36703,0.3179,0.32978,413041282.0,2021-09-10 23:59:59.999,141045552.1298
2021-09-11,0.32979,0.34041,0.32402,0.3326,185338611.0,2021-09-11 23:59:59.999,61747552.84143
2021-09-12,0.33268,0.34466,0.321,0.33824,203394110.0,2021-09-12 23:59:59.999,68148431.88818
2021-09-13,0.33824,0.34176,0.29918,0.32148,260759824.0,2021-09-13 23:59:59.999,83515514.79316
2021-09-14,0.32158,0.34876,0.31829,0.3374,387042467.0,2021-09-14 23:59:59.999,130180657.52344
2021-09-15,0.33725,0.34933,0.33135,0.34703,225763773.0,2021-09-15 23:59:59.999,76746585.58365
2021-09-16,0.347,0.35336,0.33032,0.33783,288238767.0,2021-09-16 23:59:59.999,98803342.68261
2021-09-17,0.33778,0.34549,0.32215,0.326,190911067.0,2021-09-17 23:59:59.999,63515555.78217
2021-09-18,0.32605,0.33455,0.32245,0.329,126725198.0,2021-09-18 23:59:59.999,41757622.87586
2021-09-19,0.32898,0.32944,0.3108,0.31653,130398629.0,2021-09-19 23:59:59.999,41938199.72073
2021-09-20,0.31651,0.31694,0.26683,0.27154,365710596.0,2021-09-20 23:59:59.999,104757866.8444
2021-09-21,0.27144,0.28173,0.24077,0.2535,358736382.0,2021-09-21 23:59:59.999,94612212.38738
2021-09-22,0.2533,0.29189,0.24854,0.29089,377511581.0,2021-09-22 23:59:59.999,104195341.75204
2021-09-23,0.29087,0.29955,0.2834,0.29539,312690607.0,2021-09-23 23:59:59.999,91378733.89018
2021-09-24,0.29538,0.29795,0.25372,0.27165,315791169.0,2021-09-24 23:59:59.999,86128961.85873
2021-09-25,0.27167,0.27661,0.25818,0.26605,216730067.0,2021-09-25 23:59:59.999,57849524.71823
2021-09-26,0.26604,0.26798,0.24715,0.26311,219226598.0,2021-09-26 23:59:59.999,56933376.51028
2021-09-27,0.26311,0.27152,0.25344,0.25399,169806699.0,2021-09-27 23:59:59.999,44800149.26788
2021-09-28,0.25401,0.25897,0.24308,0.24409,192939689.0,2021-09-28 23:59:59.999,48439473.11824
2021-09-29,0.24408,0.26265,0.24316,0.24906,237500183.0,2021-09-29 23:59:59.999,59890077.9888
2021-09-30,0.24897,0.26379,0.24839,0.26193,208381808.0,2021-09-30 23:59:59.999,53630480.2583
2021-10-01,0.26183,0.2883,0.25762,0.28672,274727750.0,2021-10-01 23:59:59.999,75219495.57055
2021-10-02,0.28682,0.29513,0.27982,0.28323,205197347.0,2021-10-02 23:59:59.999,58959621.39109
2021-10-03,0.28334,0.29794,0.27704,0.28733,182846704.0,2021-10-03 23:59:59.999,52752877.08047
2021-10-04,0.28739,0.28849,0.27183,0.28347,260099163.0,2021-10-04 23:59:59.999,73149330.21889
2021-10-05,0.28354,0.31999,0.28091,0.3067,433730822.0,2021-10-05 23:59:59.999,129528775.56946
2021-10-06,0.30675,0.31234,0.28114,0.30294,399683266.0,2021-10-06 23:59:59.999,119832090.26425
2021-10-07,0.30303,0.37986,0.29158,0.35609,1375055345.0,2021-10-07 23:59:59.999,468734730.9216
2021-10-08,0.35598,0.35622,0.3261,0.33342,806123932.0,2021-10-08 23:59:59.999,274504225.69253
2021-10-09,0.33343,0.33731,0.32669,0.33245,252362286.0,2021-10-09 23:59:59.999,83796792.32674
2021-10-10,0.33239,0.33267,0.3064,0.3082,258979929.0,2021-10-10 23:59:59.999,83412723.86869
2021-10-11,0.30823,0.32668,0.30026,0.30805,276193748.0,2021-10-11 23:59:59.999,86994794.01329
2021-10-12,0.30805,0.32605,0.28629,0.31551,506699299.0,2021-10-12 23:59:59.999,154684376.0821
2021-10-13,0.31549,0.33141,0.30109,0.32721,673097736.0,2021-10-13 23:59:59.999,214768889.07031
2021-10-14,0.32731,0.3367,0.32248,0.33191,313457797.0,2021-10-14 23:59:59.999,103253324.04129
2021-10-15,0.3319,0.33614,0.31008,0.32075,486692015.0,2021-10-15 23:59:59.999,157496669.42217
2021-10-16,0.32071,0.3335,0.32031,0.32843,258677166.0,2021-10-16 23:59:59.999,84376211.64963
2021-10-17,0.32842,0.33229,0.29995,0.31205,246292444.0,2021-10-17 23:59:59.999,78663032.78206
2021-10-18,0.31206,0.32597,0.31016,0.3212,261120522.0,2021-10-18 23:59:59.999,82842927.38363
2021-10-19,0.32129,0.32551,0.31229,0.31616,182857718.0,2021-10-19 23:59:59.999,58143645.20713
2021-10-20,0.31618,0.33264,0.30961,0.32918,236628226.0,2021-10-20 23:59:59.999,76193821.34052
2021-10-21,0.32923,0.33599,0.31176,0.31456,373619099.0,2021-10-21 23:59:59.999,121435425.3898
2021-10-22,0.31456,0.33543,0.3142,0.32469,296166514.0,2021-10-22 23:59:59.999,96142600.29998
2021-10-23,0.3246,0.33059,0.31774,0.3282,157375090.0,2021-10-23 23:59:59.999,51103245.96997
2021-10-24,0.3282,0.32944,0.31,0.31721,172296109.0,2021-10-24 23:59:59.999,55165153.21661
2021-10-25,0.31721,0.34336,0.31521,0.33767,295365427.0,2021-10-25 23:59:59.999,97013720.35195
2021-10-26,0.33768,0.36734,0.33252,0.34073,624153629.0,2021-10-26 23:59:59.999,216285485.21334
2021-10-27,0.34076,0.3614,0.25807,0.30002,749820941.0,2021-10-27 23:59:59.999,239722303.74454
2021-10-28,0.30005,0.33335,0.29515,0.32328,484196031.0,2021-10-28 23:59:59.999,151160199.05115
2021-10-29,0.32318,0.36273,0.31813,0.35567,707011419.0,2021-10-29 23:59:59.999,244806737.13781
2021-10-30,0.35568,0.65994,0.33836,0.5256,2438205790.0,2021-10-30 23:59:59.999,1118223771.84847
2021-10-31,0.52574,0.59799,0.39133,0.41727,2738278471.0,2021-10-31 23:59:59.999,1306562251.21793
2021-11-01,0.41727,0.498,0.40755,0.45185,1632322929.0,2021-11-01 23:59:59.999,728315564.46152
2021-11-02,0.45192,0.52534,0.44524,0.49679,1358026015.0,2021-11-02 23:59:59.999,663669115.76602
2021-11-03,0.49678,0.50856,0.43556,0.45507,726023045.0,2021-11-03 23:59:59.999,337588901.45326
2021-11-04,0.45507,0.49094,0.4226,0.43875,768975119.0,2021-11-04 23:59:59.999,347871241.06006
2021-11-05,0.43889,0.48401,0.43889,0.45988,755945509.0,2021-11-05 23:59:59.999,348246785.93715
2021-11-06,0.45997,0.54184,0.44007,0.5068,1411752174.0,2021-11-06 23:59:59.999,697719498.01644
2021-11-07,0.50665,0.529,0.47551,0.48994,723622868.0,2021-11-07 23:59:59.999,356761097.6885
2021-11-08,0.48999,0.492,0.46164,0.48044,412164573.0,2021-11-08 23:59:59.999,195364560.6708
2021-11-09,0.48038,0.4912,0.46332,0.4719,372617961.0,2021-11-09 23:59:59.999,177470582.67882
2021-11-10,0.47188,0.55268,0.429,0.47866,1730748383.0,2021-11-10 23:59:59.999,868656376.09853
2021-11-11,0.4787,0.52542,0.46201,0.51336,869429920.0,2021-11-11 23:59:59.999,432301850.11241
2021-11-12,0.51335,0.5725,0.48938,0.56611,1257435304.0,2021-11-12 23:59:59.999,660410448.1187
2021-11-13,0.56584,0.596,0.52619,0.53716,1110306665.0,2021-11-13 23:59:59.999,621705597.80887
2021-11-14,0.53711,0.56152,0.523,0.55332,506922250.0,2021-11-14 23:59:59.999,274330451.61131
2021-11-15,0.55322,0.58699,0.52827,0.53564,591987751.0,2021-11-15 23:59:59.999,332311301.68767
2021-11-16,0.53568,0.53569,0.445,0.48908,850196525.0,2021-11-16 23:59:59.999,419707119.34611
2021-11-17,0.48912,0.51597,0.47154,0.4966,484841071.0,2021-11-17 23:59:59.999,238108100.5316
2021-11-18,0.49654,0.49763,0.4137,0.43021,613431851.0,2021-11-18 23:59:59.999,278276465.95875
2021-11-19,0.43021,0.4741,0.42161,0.46225,401585098.0,2021-11-19 23:59:59.999,180989852.89699
2021-11-20,0.46237,0.48593,0.44861,0.46997,375587435.0,2021-11-20 23:59:59.999,175571380.3362
2021-11-21,0.47,0.47087,0.44091,0.44232,237559527.0,2021-11-21 23:59:59.999,107915650.90624
2021-11-22,0.44241,0.44824,0.41859,0.43419,331456117.0,2021-11-22 23:59:59.999,144051422.80336
2021-11-23,0.4342,0.45498,0.42202,0.43515,371412932.0,2021-11-23 23:59:59.999,161664150.49105
2021-11-24,0.4352,0.49085,0.42,0.48869,779290549.0,2021-11-24 23:59:59.999,353793436.90511
2021-11-25,0.48869,0.53086,0.47103,0.50413,1094084872.0,2021-11-25 23:59:59.999,549789580.07932
2021-11-26,0.50412,0.50653,0.42,0.4449,674522991.0,2021-11-26 23:59:59.999,304152195.63198
2021-11-27,0.44489,0.46725,0.43204,0.44651,269972253.0,2021-11-27 23:59:59.999,121899119.24433
2021-11-28,0.44643,0.44653,0.404,0.44443,360119225.0,2021-11-28 23:59:59.999,153249047.73969
2021-11-29,0.44448,0.4755,0.434,0.4598,510060377.0,2021-11-29 23:59:59.999,234060928.23401
2021-11-30,0.45979,0.46351,0.43601,0.43871,350125204.0,2021-11-30 23:59:59.999,157283805.08018
2021-12-01,0.43872,0.45435,0.42667,0.43566,252238697.0,2021-12-01 23:59:59.999,111347612.18716
2021-12-02,0.43573,0.43587,0.412,0.42304,201518333.0,2021-12-02 23:59:59.999,84950187.45637
2021-12-03,0.42299,0.429,0.37,0.39421,344163706.0,2021-12-03 23:59:59.999,140555058.36832
2021-12-04,0.3942,0.39527,0.233,0.33831,1049330112.0,2021-12-04 23:59:59.999,330607794.47582
2021-12-05,0.33827,0.35568,0.30137,0.31812,550276827.0,2021-12-05 23:59:59.999,178896942.59076
2021-12-06,0.31816,0.32385,0.27918,0.32031,455428807.0,2021-12-06 23:59:59.999,136493470.51985
2021-12-07,0.32029,0.34041,0.31235,0.31743,304220506.0,2021-12-07 23:59:59.999,99739624.52287
2021-12-08,0.31748,0.33383,0.30174,0.32971,275200443.0,2021-12-08 23:59:59.999,87938740.2758
2021-12-09,0.32973,0.33516,0.296,0.2965,283032900.0,2021-12-09 23:59:59.999,88941616.30128
2021-12-10,0.29646,0.30967,0.28222,0.28312,256711517.0,2021-12-10 23:59:59.999,76336562.8321
2021-12-11,0.28331,0.29948,0.27914,0.29751,179385752.0,2021-12-11 23:59:59.999,52339715.51111
2021-12-12,0.29749,0.30867,0.29187,0.30329,160750541.0,2021-12-12 23:59:59.999,48329160.01103
2021-12-13,0.30338,0.31067,0.26484,0.27042,286922295.0,2021-12-13 23:59:59.999,81119251.89409
2021-12-14,0.27034,0.29684,0.26046,0.27857,349480637.0,2021-12-14 23:59:59.999,96964347.1744
2021-12-15,0.27848,0.29229,0.25814,0.2866,277372874.0,2021-12-15 23:59:59.999,76567963.53237
2021-12-16,0.28657,0.29821,0.27778,0.2794,265513753.0,2021-12-16 23:59:59.999,76633820.79474
2021-12-17,0.27941,0.28679,0.25485,0.26592,306498005.0,2021-12-17 23:59:59.999,82436890.75885
2021-12-18,0.26593,0.27542,0.25895,0.27162,161521256.0,2021-12-18 23:59:59.999,43418255.97737
2021-12-19,0.27162,0.27565,0.26016,0.26301,148452817.0,2021-12-19 23:59:59.999,39914196.61437
2021-12-20,0.26299,0.27336,0.248,0.26732,239092246.0,2021-12-20 23:59:59.999,62039007.91303
2021-12-21,0.26732,0.28481,0.26272,0.28004,251410271.0,2021-12-21 23:59:59.999,68948141.15297
2021-12-22,0.28005,0.29388,0.27731,0.28554,210943339.0,2021-12-22 23:59:59.999,60467554.64374
2021-12-23,0.28548,0.3145,0.28088,0.31283,284194300.0,2021-12-23 23:59:59.999,84539974.74528
2021-12-24,0.31285,0.32104,0.2973,0.30153,236619704.0,2021-12-24 23:59:59.999,73084530.54818
2021-12-25,0.30154,0.32299,0.29841,0.3179,211778463.0,2021-12-25 23:59:59.999,66052659.36508
2021-12-26,0.31793,0.33265,0.31212,0.32977,277319642.0,2021-12-26 23:59:59.999,89682362.70275
2021-12-27,0.32978,0.35299,0.32651,0.33701,316613301.0,2021-12-27 23:59:59.999,108203737.4168
2021-12-28,0.33706,0.33711,0.30016,0.30344,353253728.0,2021-12-28 23:59:59.999,112128513.10288
2021-12-29,0.30342,0.30783,0.2841,0.28719,271210725.0,2021-12-29 23:59:59.999,80512945.0894
2021-12-30,0.28718,0.29683,0.2792,0.28968,202705920.0,2021-12-30 23:59:59.999,58409790.02843
2021-12-31,0.28968,0.29598,0.27542,0.28333,232987961.0,2021-12-31 23:59:59.999,66934712.30994
2022-01-01,0.28337,0.29576,0.28316,0.29501,140588607.0,2022-01-01 23:59:59.999,40681322.20605
2022-01-02,0.29502,0.31838,0.29306,0.31135,390888143.0,2022-01-02 23:59:59.999,120665814.5736
2022-01-03,0.31138,0.319,0.29351,0.30044,260589463.0,2022-01-03 23:59:59.999,80024831.59281
2022-01-04,0.30044,0.31748,0.29199,0.30273,249233063.0,2022-01-04 23:59:59.999,76187574.85522
2022-01-05,0.30268,0.32551,0.26251,0.27857,446855525.0,2022-01-05 23:59:59.999,135421627.02
2022-01-06,0.27864,0.28472,0.2679,0.28087,274482202.0,2022-01-06 23:59:59.999,75778508.95583
2022-01-07,0.28091,0.2828,0.2595,0.26413,290214533.0,2022-01-07 23:59:59.999,78104772.02271
2022-01-08,0.26415,0.27399,0.2422,0.25526,233977907.0,2022-01-08 23:59:59.999,60479101.79485
2022-01-09,0.25532,0.26907,0.25255,0.26088,179015631.0,2022-01-09 23:59:59.999,46778161.29244
2022-01-10,0.26092,0.26971,0.236,0.25081,334302260.0,2022-01-10 23:59:59.999,84228042.00365
2022-01-11,0.25091,0.2649,0.24422,0.26392,208203724.0,2022-01-11 23:59:59.999,53136968.8814
2022-01-12,0.26394,0.27846,0.26313,0.27759,193705123.0,2022-01-12 23:59:59.999,52725575.73908
2022-01-13,0.27752,0.27987,0.26123,0.26401,204015652.0,2022-01-13 23:59:59.999,55229424.18244
2022-01-14,0.26392,0.27332,0.25644,0.26641,167283540.0,2022-01-14 23:59:59.999,44215114.72626
2022-01-15,0.26643,0.27282,0.26185,0.26671,141893495.0,2022-01-15 23:59:59.999,37899827.48495
2022-01-16,0.26664,0.27708,0.26434,0.26941,201317057.0,2022-01-16 23:59:59.999,54471707.83898
2022-01-17,0.26942,0.27056,0.25198,0.25647,174631219.0,2022-01-17 23:59:59.999,45253728.13527
2022-01-18,0.25647,0.26839,0.24712,0.25902,329021870.0,2022-01-18 23:59:59.999,85069159.87669
2022-01-19,0.25902,0.26073,0.24155,0.24619,235070591.0,2022-01-19 23:59:59.999,58556433.99492
2022-01-20,0.24615,0.2583,0.23259,0.23413,222391526.0,2022-01-20 23:59:59.999,55131123.39074
2022-01-21,0.23409,0.23984,0.19188,0.19769,427511667.0,2022-01-21 23:59:59.999,93318837.85549
2022-01-22,0.19765,0.20114,0.16221,0.17619,482034584.0,2022-01-22 23:59:59.999,86655766.97383
2022-01-23,0.17621,0.19341,0.17344,0.18496,280152159.0,2022-01-23 23:59:59.999,50763618.09011
2022-01-24,0.18483,0.18516,0.15759,0.17507,367197341.0,2022-01-24 23:59:59.999,61759339.00707
2022-01-25,0.17508,0.179,0.16793,0.1717,256732890.0,2022-01-25 23:59:59.999,44585640.03955
2022-01-26,0.17174,0.18928,0.168,0.17228,389726668.0,2022-01-26 23:59:59.999,69279890.44566
2022-01-27,0.17237,0.18042,0.16454,0.17506,343884372.0,2022-01-27 23:59:59.999,59541966.80638
2022-01-28,0.17511,0.18045,0.1712,0.1794,259889413.0,2022-01-28 23:59:59.999,45748376.1345
2022-01-29,0.1794,0.1858,0.1781,0.18407,208857100.0,2022-01-29 23:59:59.999,38019191.64166
2022-01-30,0.18412,0.19108,0.17766,0.18128,283811926.0,2022-01-30 23:59:59.999,52626372.87776
2022-01-31,0.18129,0.19204,0.17238,0.18874,293442457.0,2022-01-31 23:59:59.999,53423922.77383
2022-02-01,0.18875,0.19199,0.18525,0.18837,219241795.0,2022-02-01 23:59:59.999,41371210.8649
2022-02-02,0.1883,0.19601,0.17811,0.18017,338216843.0,2022-02-02 23:59:59.999,63228626.75495
2022-02-03,0.18021,0.18422,0.1757,0.18373,212421819.0,2022-02-03 23:59:59.999,38239617.1842
2022-02-04,0.18366,0.20297,0.1819,0.20211,372621315.0,2022-02-04 23:59:59.999,72066000.79441
2022-02-05,0.2021,0.21444,0.20034,0.2087,310658974.0,2022-02-05 23:59:59.999,64875618.79082
2022-02-06,0.20866,0.2319,0.20858,0.23149,370328774.0,2022-02-06 23:59:59.999,81339031.10167
2022-02-07,0.23149,0.23678,0.22231,0.23417,332972082.0,2022-02-07 23:59:59.999,77039807.84756
2022-02-08,0.23417,0.23827,0.21152,0.22541,386848269.0,2022-02-08 23:59:59.999,86632249.25425
2022-02-09,0.22546,0.24367,0.2168,0.24049,347173304.0,2022-02-09 23:59:59.999,79770389.46445
2022-02-10,0.24067,0.24691,0.22066,0.22384,452054806.0,2022-02-10 23:59:59.999,106157253.30736
2022-02-11,0.22379,0.23381,0.20026,0.2052,257593749.0,2022-02-11 23:59:59.999,56225490.34077
2022-02-12,0.20516,0.21029,0.19692,0.20606,199436319.0,2022-02-12 23:59:59.999,40828185.1384
2022-02-13,0.20617,0.209,0.19765,0.20062,140946640.0,2022-02-13 23:59:59.999,28770325.58485
2022-02-14,0.2006,0.20636,0.19521,0.20431,153408072.0,2022-02-14 23:59:59.999,30795798.50452
2022-02-15,0.20439,0.22237,0.20405,0.22125,280296543.0,2022-02-15 23:59:59.999,60719420.86828
2022-02-16,0.22133,0.22371,0.21105,0.22,214702524.0,2022-02-16 23:59:59.999,46748555.69515
2022-02-17,0.22002,0.23226,0.19865,0.20136,336857770.0,2022-02-17 23:59:59.999,72785954.72786
2022-02-18,0.20136,0.2081,0.19308,0.19651,214876237.0,2022-02-18 23:59:59.999,43188530.33728
2022-02-19,0.1965,0.20092,0.19,0.19788,149196707.0,2022-02-19 23:59:59.999,29296764.81176
2022-02-20,0.19788,0.19809,0.18204,0.18631,163259603.0,2022-02-20 23:59:59.999,30602193.5128
2022-02-21,0.1863,0.19714,0.1669,0.1683,318141420.0,2022-02-21 23:59:59.999,58684300.44199
2022-02-22,0.16829,0.17931,0.16129,0.1774,272245803.0,2022-02-22 23:59:59.999,46768805.34966
2022-02-23,0.17739,0.18722,0.16883,0.16982,247788435.0,2022-02-23 23:59:59.999,44431912.65272
2022-02-24,0.16988,0.17085,0.14418,0.16389,499523011.0,2022-02-24 23:59:59.999,77724289.57114
2022-02-25,0.16389,0.17578,0.1608,0.17396,234009577.0,2022-02-25 23:59:59.999,39289071.34834
2022-02-26,0.17399,0.1804,0.17257,0.17498,135805440.0,2022-02-26 23:59:59.999,23957096.61738
2022-02-27,0.175,0.17815,0.16297,0.1671,173910511.0,2022-02-27 23:59:59.999,29580908.25039
2022-02-28,0.1671,0.20967,0.16395,0.19237,676303675.0,2022-02-28 23:59:59.999,121833845.52514
2022-03-01,0.19238,0.1974,0.18516,0.19527,286943148.0,2022-03-01 23:59:59.999,55046568.7998
2022-03-02,0.19524,0.20889,0.19096,0.19686,413802223.0,2022-03-02 23:59:59.999,82620698.8769
2022-03-03,0.19681,0.19894,0.18358,0.19656,339738687.0,2022-03-03 23:59:59.999,65395915.68458
2022-03-04,0.19651,0.20658,0.187,0.19514,726059329.0,2022-03-04 23:59:59.999,143362903.17624
2022-03-05,0.19514,0.2365,0.18702,0.23242,2087541967.0,2022-03-05 23:59:59.999,455817204.85966
2022-03-06,0.23244,0.2365,0.20702,0.20742,1507199054.0,2022-03-06 23:59:59.999,331108088.04535
2022-03-07,0.20745,0.20787,0.18957,0.19397,768544815.0,2022-03-07 23:59:59.999,153869917.63722
2022-03-08,0.19396,0.19975,0.19018,0.19454,401683949.0,2022-03-08 23:59:59.999,78204431.61145
2022-03-09,0.19458,0.20641,0.19335,0.20045,399619076.0,2022-03-09 23:59:59.999,80435056.97857
2022-03-10,0.20041,0.20114,0.1819,0.19615,386107240.0,2022-03-10 23:59:59.999,74021839.54003
2022-03-11,0.19614,0.20193,0.19034,0.19292,333028256.0,2022-03-11 23:59:59.999,65034093.89585
2022-03-12,0.19293,0.21182,0.19167,0.20062,827601383.0,2022-03-12 23:59:59.999,169830181.42081
2022-03-13,0.20064,0.2156,0.19314,0.19388,1051474572.0,2022-03-13 23:59:59.999,217800941.69987
2022-03-14,0.19388,0.19771,0.18822,0.19511,469448527.0,2022-03-14 23:59:59.999,90629951.0078
2022-03-15,0.19508,0.19595,0.18802,0.19128,260852629.0,2022-03-15 23:59:59.999,50077203.8358
2022-03-16,0.19127,0.20362,0.18892,0.20352,325428185.0,2022-03-16 23:59:59.999,63401439.32893
2022-03-17,0.20351,0.21417,0.19763,0.21041,377740906.0,2022-03-17 23:59:59.999,77363366.0821
2022-03-18,0.21041,0.21262,0.19828,0.20858,305547372.0,2022-03-18 23:59:59.999,62509152.78993
2022-03-19,0.2086,0.21698,0.20636,0.21116,267103177.0,2022-03-19 23:59:59.999,56339836.02857
2022-03-20,0.21115,0.21178,0.19911,0.20321,192354531.0,2022-03-20 23:59:59.999,39461481.45019
2022-03-21,0.20325,0.20442,0.19615,0.2029,196166589.0,2022-03-21 23:59:59.999,39467299.76718
2022-03-22,0.20293,0.21485,0.2017,0.20892,240989401.0,2022-03-22 23:59:59.999,50573781.23951
2022-03-23,0.2089,0.21548,0.20468,0.21388,258257700.0,2022-03-23 23:59:59.999,54305477.47073
2022-03-24,0.21389,0.22819,0.21297,0.22063,365426194.0,2022-03-24 23:59:59.999,80555803.87902
2022-03-25,0.2206,0.25485,0.21671,0.24705,1395041843.0,2022-03-25 23:59:59.999,338051162.72811
2022-03-26,0.24703,0.24778,0.2353,0.24186,607108488.0,2022-03-26 23:59:59.999,145986500.7743
2022-03-27,0.24185,0.27794,0.23755,0.26924,1001850243.0,2022-03-27 23:59:59.999,261297457.56671
2022-03-28,0.26922,0.28324,0.25304,0.25883,721850123.0,2022-03-28 23:59:59.999,197060465.7929
2022-03-29,0.25881,0.32233,0.25811,0.29409,1799631565.0,2022-03-29 23:59:59.999,536915250.21206
2022-03-30,0.29409,0.33163,0.292,0.30198,1333081474.0,2022-03-30 23:59:59.999,415853546.93013
2022-03-31,0.302,0.31586,0.27471,0.28303,814695736.0,2022-03-31 23:59:59.999,242309065.68726
2022-04-01,0.28302,0.29076,0.26431,0.2816,595065597.0,2022-04-01 23:59:59.999,165943797.63877
2022-04-02,0.28159,0.29471,0.275,0.2786,559111264.0,2022-04-02 23:59:59.999,159790430.75397
2022-04-03,0.27844,0.28931,0.27186,0.28396,322051982.0,2022-04-03 23:59:59.999,90718203.26257
2022-04-04,0.28386,0.28792,0.255,0.27053,427432017.0,2022-04-04 23:59:59.999,116086151.78115
2022-04-05,0.27054,0.27818,0.25826,0.25945,306324394.0,2022-04-05 23:59:59.999,82534312.85904
2022-04-06,0.25951,0.25969,0.22602,0.22731,488985053.0,2022-04-06 23:59:59.999,118614113.07861
2022-04-07,0.22724,0.24547,0.22321,0.24034,361045623.0,2022-04-07 23:59:59.999,85554135.97354
2022-04-08,0.24028,0.24644,0.22739,0.23011,310680208.0,2022-04-08 23:59:59.999,73901336.04714
2022-04-09,0.23011,0.2473,0.22974,0.24467,332099624.0,2022-04-09 23:59:59.999,79807330.56879
2022-04-10,0.2447,0.24666,0.23417,0.23503,293910386.0,2022-04-10 23:59:59.999,70608348.28422
2022-04-11,0.23511,0.24928,0.21445,0.21772,838299946.0,2022-04-11 23:59:59.999,195151363.00351
2022-04-12,0.21776,0.23217,0.21474,0.22738,455591618.0,2022-04-12 23:59:59.999,102115940.64359
2022-04-13,0.22741,0.25496,0.22194,0.24284,1462133822.0,2022-04-13 23:59:59.999,352783298.88455
2022-04-14,0.2428,0.25885,0.23215,0.23698,939835023.0,2022-04-14 23:59:59.999,231662715.23156
2022-04-15,0.23701,0.24427,0.23263,0.23877,303214587.0,2022-04-15 23:59:59.999,72323991.96107
2022-04-16,0.23876,0.24128,0.22911,0.23448,202215976.0,2022-04-16 23:59:59.999,47578682.73326
2022-04-17,0.23448,0.24457,0.22108,0.22168,342792302.0,2022-04-17 23:59:59.999,80182990.02347
2022-04-18,0.22174,0.23092,0.21073,0.22969,352039125.0,2022-04-18 23:59:59.999,77467785.44175
2022-04-19,0.22968,0.23542,0.2251,0.23006,274764568.0,2022-04-19 23:59:59.999,63226063.13745
2022-04-20,0.23006,0.23804,0.22041,0.22578,394668513.0,2022-04-20 23:59:59.999,90618407.19554
2022-04-21,0.22581,0.23533,0.21422,0.21796,305900040.0,2022-04-21 23:59:59.999,69581758.30672
2022-04-22,0.21794,0.22446,0.21658,0.21994,199526464.0,2022-04-22 23:59:59.999,44068474.73204
2022-04-23,0.21996,0.22192,0.21493,0.21611,135882156.0,2022-04-23 23:59:59.999,29738317.0781
2022-04-24,0.21612,0.2185,0.20788,0.21144,152446388.0,2022-04-24 23:59:59.999,32567656.23666
2022-04-25,0.21144,0.21289,0.19256,0.21231,316806822.0,2022-04-25 23:59:59.999,64012831.15084
2022-04-26,0.2123,0.21841,0.19233,0.19634,374716252.0,2022-04-26 23:59:59.999,77888015.5479
2022-04-27,0.19633,0.21176,0.19343,0.20932,257394902.0,2022-04-27 23:59:59.999,51944339.36915
2022-04-28,0.20932,0.21033,0.19867,0.20212,272615996.0,2022-04-28 23:59:59.999,55832197.23368
2022-04-29,0.20214,0.20373,0.18556,0.19011,227505581.0,2022-04-29 23:59:59.999,44563840.40677
2022-04-30,0.19011,0.19307,0.16645,0.17075,230511430.0,2022-04-30 23:59:59.999,42067515.63429
2022-05-01,0.17074,0.18562,0.16726,0.18186,249382472.0,2022-05-01 23:59:59.999,44394463.46073
2022-05-02,0.18188,0.18545,0.17181,0.17861,303004145.0,2022-05-02 23:59:59.999,54248233.85641
2022-05-03,0.17864,0.1915,0.17475,0.17768,285292465.0,2022-05-03 23:59:59.999,52008357.78961
2022-05-04,0.17769,0.19745,0.17702,0.19581,367599299.0,2022-05-04 23:59:59.999,68400081.44989
2022-05-05,0.19585,0.1975,0.16955,0.17568,370476125.0,2022-05-05 23:59:59.999,68027477.13463
2022-05-06,0.1757,0.17648,0.16672,0.17291,232805410.0,2022-05-06 23:59:59.999,40161267.27258
2022-05-07,0.17287,0.174,0.1623,0.16758,207253399.0,2022-05-07 23:59:59.999,35256171.48254
2022-05-08,0.1676,0.16874,0.15938,0.16262,249358295.0,2022-05-08 23:59:59.999,40837531.83471
2022-05-09,0.16261,0.16589,0.13116,0.13279,549867802.0,2022-05-09 23:59:59.999,80081014.50026
2022-05-10,0.13279,0.15463,0.12849,0.14174,791200466.0,2022-05-10 23:59:59.999,113162555.28126
2022-05-11,0.14176,0.14721,0.09936,0.10745,1155194860.0,2022-05-11 23:59:59.999,139381534.34819
2022-05-12,0.10751,0.11284,0.08439,0.09695,1168361081.0,2022-05-12 23:59:59.999,112356480.00966
2022-05-13,0.09695,0.12421,0.09566,0.11094,528882570.0,2022-05-13 23:59:59.999,59860197.37226
2022-05-14,0.11093,0.12126,0.10488,0.11734,440829972.0,2022-05-14 23:59:59.999,49421963.0805
2022-05-15,0.11733,0.12587,0.11222,0.12576,306528639.0,2022-05-15 23:59:59.999,36188493.16858
2022-05-16,0.12574,0.12578,0.11072,0.11392,288160987.0,2022-05-16 23:59:59.999,33287326.92398
2022-05-17,0.11389,0.1219,0.11264,0.11991,259300161.0,2022-05-17 23:59:59.999,30574660.92545
2022-05-18,0.11987,0.141,0.11614,0.1187,2686854514.0,2022-05-18 23:59:59.999,348556711.43189
2022-05-19,0.11871,0.12456,0.1095,0.12315,1380582523.0,2022-05-19 23:59:59.999,161820444.69264
2022-05-20,0.12314,0.12845,0.11425,0.11765,675602195.0,2022-05-20 23:59:59.999,82308964.56631
2022-05-21,0.11766,0.12295,0.11553,0.12071,296593009.0,2022-05-21 23:59:59.999,35422451.514
2022-05-22,0.1207,0.1263,0.1185,0.12342,376619393.0,2022-05-22 23:59:59.999,46166542.38398
2022-05-23,0.12339,0.1284,0.11559,0.11752,424068218.0,2022-05-23 23:59:59.999,52539297.95438
2022-05-24,0.11752,0.12051,0.11104,0.11897,359422050.0,2022-05-24 23:59:59.999,41990297.61499
2022-05-25,0.11894,0.1269,0.11709,0.11996,441329763.0,2022-05-25 23:59:59.999,53291393.21649
2022-05-26,0.11995,0.12367,0.10527,0.11265,519214086.0,2022-05-26 23:59:59.999,59438677.60114
2022-05-27,0.1126,0.11404,0.105,0.10723,427376231.0,2022-05-27 23:59:59.999,46542320.16336
2022-05-28,0.10722,0.11495,0.10601,0.11254,277291878.0,2022-05-28 23:59:59.999,30721994.07502
2022-05-29,0.11252,0.11474,0.10925,0.1136,232958948.0,2022-05-29 23:59:59.999,26145674.86969
2022-05-30,0.1136,0.12234,0.11227,0.12175,327213295.0,2022-05-30 23:59:59.999,38668818.61092
2022-05-31,0.12175,0.1311,0.1176,0.12209,433636063.0,2022-05-31 23:59:59.999,53270204.17325
2022-06-01,0.12212,0.13084,0.11442,0.1177,697855440.0,2022-06-01 23:59:59.999,86578313.90018
2022-06-02,0.11766,0.1268,0.11738,0.12482,539110974.0,2022-06-02 23:59:59.999,66225915.92061
2022-06-03,0.12486,0.12589,0.11768,0.12186,296433791.0,2022-06-03 23:59:59.999,35988288.85411
2022-06-04,0.12186,0.13016,0.12169,0.12791,616582671.0,2022-06-04 23:59:59.999,77752531.25794
2022-06-05,0.12792,0.1295,0.12175,0.12622,305744534.0,2022-06-05 23:59:59.999,38407803.04941
2022-06-06,0.12624,0.13649,0.12616,0.12952,479213191.0,2022-06-06 23:59:59.999,63225008.26199
2022-06-07,0.12953,0.12967,0.11743,0.12311,439404074.0,2022-06-07 23:59:59.999,53613827.1421
2022-06-08,0.12318,0.12513,0.11878,0.12003,257274445.0,2022-06-08 23:59:59.999,31279804.20231
2022-06-09,0.12007,0.12221,0.11805,0.11957,202889086.0,2022-06-09 23:59:59.999,24404920.49003
2022-06-10,0.11964,0.12061,0.11145,0.11369,255401036.0,2022-06-10 23:59:59.999,29662318.97808
2022-06-11,0.11369,0.11824,0.10148,0.10438,320519918.0,2022-06-11 23:59:59.999,35017768.86497
2022-06-12,0.10438,0.10586,0.09423,0.09724,406003980.0,2022-06-12 23:59:59.999,40741889.61821
2022-06-13,0.0972,0.09955,0.08474,0.09452,734209503.0,2022-06-13 23:59:59.999,67180326.2567
2022-06-14,0.09454,0.09907,0.08619,0.09435,577606367.0,2022-06-14 23:59:59.999,54009903.42845
2022-06-15,0.09434,0.10305,0.08572,0.10273,666366324.0,2022-06-15 23:59:59.999,61425540.55684
2022-06-16,0.10276,0.10473,0.08989,0.09234,416566970.0,2022-06-16 23:59:59.999,39910339.87386
2022-06-17,0.09238,0.10131,0.09117,0.09455,427727259.0,2022-06-17 23:59:59.999,40693029.06801
2022-06-18,0.09454,0.09619,0.08088,0.08679,566573137.0,2022-06-18 23:59:59.999,49680792.10428
2022-06-19,0.0868,0.09468,0.08311,0.09339,470730328.0,2022-06-19 23:59:59.999,41966749.69962
2022-06-20,0.09336,0.09539,0.0877,0.09331,437961060.0,2022-06-20 23:59:59.999,40316375.80055
2022-06-21,0.0933,0.10035,0.09224,0.09539,459618726.0,2022-06-21 23:59:59.999,44040414.99376
2022-06-22,0.09542,0.09596,0.09073,0.09194,339067348.0,2022-06-22 23:59:59.999,31532196.31405
2022-06-23,0.09192,0.09865,0.09141,0.0977,406200774.0,2022-06-23 23:59:59.999,38883213.37397
2022-06-24,0.0977,0.10352,0.09737,0.10118,340784341.0,2022-06-24 23:59:59.999,34086609.46439
2022-06-25,0.10117,0.1061,0.09693,0.10492,345761391.0,2022-06-25 23:59:59.999,35150380.66701
2022-06-26,0.1049,0.10662,0.09739,0.09826,429227695.0,2022-06-26 23:59:59.999,44211756.84135
2022-06-27,0.09827,0.11244,0.09774,0.10908,1893923154.0,2022-06-27 23:59:59.999,204751724.97728
2022-06-28,0.10909,0.119,0.10133,0.10249,3188813847.0,2022-06-28 23:59:59.999,361949014.42558
2022-06-29,0.10248,0.10494,0.09872,0.10011,678646357.0,2022-06-29 23:59:59.999,69229103.52042
2022-06-30,0.10015,0.10033,0.09142,0.09739,605999536.0,2022-06-30 23:59:59.999,57565332.65479
2022-07-01,0.09738,0.10026,0.09344,0.09491,367179015.0,2022-07-01 23:59:59.999,35229789.84996
2022-07-02,0.09492,0.10024,0.09343,0.09713,444980315.0,2022-07-02 23:59:59.999,43317932.94191
2022-07-03,0.09715,0.10007,0.09522,0.09849,289513989.0,2022-07-03 23:59:59.999,28237117.30641
2022-07-04,0.09849,0.1031,0.0968,0.10198,456049908.0,2022-07-04 23:59:59.999,45459729.74117
2022-07-05,0.10195,0.1031,0.09615,0.0985,347690410.0,2022-07-05 23:59:59.999,34536104.60976
2022-07-06,0.0985,0.10062,0.09678,0.09973,234815457.0,2022-07-06 23:59:59.999,23213322.91416
2022-07-07,0.09971,0.10477,0.09859,0.10363,282942898.0,2022-07-07 23:59:59.999,28707730.95105
2022-07-08,0.10362,0.10585,0.09902,0.10074,289186029.0,2022-07-08 23:59:59.999,29419100.70958
2022-07-09,0.10072,0.10458,0.10066,0.10299,172922313.0,2022-07-09 23:59:59.999,17760567.44504
2022-07-10,0.10298,0.10924,0.10065,0.10524,948310969.0,2022-07-10 23:59:59.999,99942338.64561
2022-07-11,0.10524,0.11143,0.10418,0.10618,2089046895.0,2022-07-11 23:59:59.999,225217983.53417
2022-07-12,0.10618,0.1094,0.09654,0.09687,1010242788.0,2022-07-12 23:59:59.999,104957839.03392
2022-07-13,0.09686,0.10217,0.094,0.10172,595823086.0,2022-07-13 23:59:59.999,58720572.70281
2022-07-14,0.1017,0.10674,0.09795,0.10493,579468489.0,2022-07-14 23:59:59.999,59269284.90054
2022-07-15,0.10492,0.10832,0.10298,0.10581,755901188.0,2022-07-15 23:59:59.999,80086288.38817
2022-07-16,0.10582,0.11288,0.10451,0.11044,513916337.0,2022-07-16 23:59:59.999,55507685.93807
2022-07-17,0.11042,0.11253,0.10537,0.1058,357727549.0,2022-07-17 23:59:59.999,39079021.20847
2022-07-18,0.1058,0.11757,0.10571,0.11453,654508830.0,2022-07-18 23:59:59.999,73754246.27552
2022-07-19,0.11452,0.1203,0.11178,0.11703,579508202.0,2022-07-19 23:59:59.999,67299310.01387
2022-07-20,0.11704,0.12051,0.10787,0.10881,570833625.0,2022-07-20 23:59:59.999,65691308.28492
2022-07-21,0.10881,0.11107,0.1045,0.11,372232910.0,2022-07-21 23:59:59.999,40172871.88465
2022-07-22,0.11,0.11379,0.10421,0.10583,378049033.0,2022-07-22 23:59:59.999,41378869.25374
2022-07-23,0.10584,0.11012,0.10462,0.10866,263435599.0,2022-07-23 23:59:59.999,28385310.69135
2022-07-24,0.10868,0.1111,0.10775,0.10843,220052686.0,2022-07-24 23:59:59.999,24092954.46148
2022-07-25,0.10841,0.10929,0.10072,0.10116,349266846.0,2022-07-25 23:59:59.999,36675576.88104
2022-07-26,0.10116,0.10338,0.09915,0.10323,252514014.0,2022-07-26 23:59:59.999,25501129.57989
2022-07-27,0.10324,0.11435,0.10153,0.11403,365064672.0,2022-07-27 23:59:59.999,38860934.0918
2022-07-28,0.11405,0.12345,0.11021,0.12082,460954172.0,2022-07-28 23:59:59.999,53477545.40827
2022-07-29,0.12079,0.13717,0.11455,0.12927,1114816071.0,2022-07-29 23:59:59.999,142808323.53415
2022-07-30,0.12927,0.13672,0.12555,0.12677,662549181.0,2022-07-30 23:59:59.999,86669683.00404
2022-07-31,0.12681,0.13238,0.12105,0.12185,384286083.0,2022-07-31 23:59:59.999,48979119.2388
2022-08-01,0.12184,0.1621,0.12118,0.14948,4624975567.0,2022-08-01 23:59:59.999,680223309.13639
2022-08-02,0.14949,0.1601,0.1335,0.1359,3655488925.0,2022-08-02 23:59:59.999,524557175.99505
2022-08-03,0.13591,0.14066,0.13059,0.13369,864828210.0,2022-08-03 23:59:59.999,117681987.32973
2022-08-04,0.13369,0.14996,0.13349,0.14482,1582339220.0,2022-08-04 23:59:59.999,227766290.41277
2022-08-05,0.14481,0.15046,0.14127,0.14575,688663024.0,2022-08-05 23:59:59.999,99802558.62045
2022-08-06,0.14576,0.15358,0.14422,0.14626,486896341.0,2022-08-06 23:59:59.999,71915302.67538
2022-08-07,0.14627,0.15585,0.14293,0.15136,789210854.0,2022-08-07 23:59:59.999,119922848.93681
2022-08-08,0.15136,0.15697,0.14923,0.15253,550929853.0,2022-08-08 23:59:59.999,84084374.32167
2022-08-09,0.15249,0.15283,0.14202,0.14585,524003941.0,2022-08-09 23:59:59.999,76820104.79673
2022-08-10,0.14586,0.15453,0.14103,0.15312,508772383.0,2022-08-10 23:59:59.999,75521279.3259
2022-08-11,0.15313,0.15746,0.14868,0.14962,458898133.0,2022-08-11 23:59:59.999,70160430.39766
2022-08-12,0.14966,0.16619,0.14644,0.16386,1418442815.0,2022-08-12 23:59:59.999,225386776.66704
2022-08-13,0.16387,0.1641,0.15801,0.16161,411063109.0,2022-08-13 23:59:59.999,66100776.00121
2022-08-14,0.16161,0.191,0.16053,0.18113,3036387166.0,2022-08-14 23:59:59.999,552591230.3424
2022-08-15,0.18114,0.2048,0.17221,0.19663,3233278802.0,2022-08-15 23:59:59.999,622971415.41128
2022-08-16,0.19662,0.218,0.19409,0.20959,3869287216.0,2022-08-16 23:59:59.999,808890465.0547
2022-08-17,0.20958,0.22974,0.20138,0.22236,3913981753.0,2022-08-17 23:59:59.999,847459223.20577
2022-08-18,0.22235,0.22925,0.20809,0.20861,4131902298.0,2022-08-18 23:59:59.999,908431165.0948
2022-08-19,0.20861,0.211,0.18688,0.19584,4328631733.0,2022-08-19 23:59:59.999,863805623.18053
2022-08-20,0.19585,0.20083,0.174,0.18293,2764421561.0,2022-08-20 23:59:59.999,505580886.16926
2022-08-21,0.18294,0.19494,0.17901,0.18718,2213834372.0,2022-08-21 23:59:59.999,415153731.94245
2022-08-22,0.18717,0.2244,0.18245,0.22292,4679419101.0,2022-08-22 23:59:59.999,933218372.64167
2022-08-23,0.22292,0.26588,0.2156,0.25044,6484631551.0,2022-08-23 23:59:59.999,1523325079.91639
2022-08-24,0.25043,0.2655,0.23431,0.24246,4574012530.0,2022-08-24 23:59:59.999,1131485377.00079
2022-08-25,0.24246,0.24441,0.21924,0.2243,2543685665.0,2022-08-25 23:59:59.999,593078639.56633
2022-08-26,0.2243,0.24308,0.20211,0.20707,4405967684.0,2022-08-26 23:59:59.999,994601060.93297
2022-08-27,0.20705,0.22471,0.20572,0.2201,2581872269.0,2022-08-27 23:59:59.999,556428272.67696
2022-08-28,0.22009,0.23294,0.20864,0.21029,2756652220.0,2022-08-28 23:59:59.999,612902091.05848
2022-08-29,0.21025,0.21816,0.20148,0.21557,2634688894.0,2022-08-29 23:59:59.999,551182903.96036
2022-08-30,0.21557,0.2176,0.193,0.19657,2381598052.0,2022-08-30 23:59:59.999,488272614.17944
2022-08-31,0.19658,0.22097,0.19655,0.21773,3636836863.0,2022-08-31 23:59:59.999,767798378.34876
2022-09-01,0.21772,0.22079,0.20155,0.21383,2115040324.0,2022-09-01 23:59:59.999,443646858.08472
2022-09-02,0.21383,0.22699,0.20837,0.2186,2251423744.0,2022-09-02 23:59:59.999,492961603.24045
2022-09-03,0.21859,0.22665,0.21247,0.21698,1619606882.0,2022-09-03 23:59:59.999,355503391.52777
2022-09-04,0.21698,0.21759,0.20908,0.21322,954676782.0,2022-09-04 23:59:59.999,203228065.90264
2022-09-05,0.21321,0.21478,0.20114,0.20725,1159109179.0,2022-09-05 23:59:59.999,239282577.87286
2022-09-06,0.20725,0.21037,0.18125,0.18487,1870072836.0,2022-09-06 23:59:59.999,369812444.00122
2022-09-07,0.18488,0.19452,0.18225,0.19327,1403708547.0,2022-09-07 23:59:59.999,263544099.08106
2022-09-08,0.19328,0.19812,0.183,0.18703,1239898059.0,2022-09-08 23:59:59.999,233453049.93462
2022-09-09,0.18702,0.20915,0.18625,0.20514,2058943117.0,2022-09-09 23:59:59.999,411775397.50215
2022-09-10,0.20524,0.20754,0.19706,0.20168,871747096.0,2022-09-10 23:59:59.999,175815923.66736
2022-09-11,0.20168,0.22131,0.19663,0.20793,1766021379.0,2022-09-11 23:59:59.999,372831132.2053
2022-09-12,0.20794,0.2091,0.19519,0.20137,1103767376.0,2022-09-12 23:59:59.999,224479288.94945
2022-09-13,0.20138,0.21035,0.18707,0.19316,1955190747.0,2022-09-13 23:59:59.999,392244537.45867
2022-09-14,0.19316,0.19916,0.18693,0.19226,1154604021.0,2022-09-14 23:59:59.999,222825741.45658
2022-09-15,0.19221,0.19744,0.17726,0.19105,1866898521.0,2022-09-15 23:59:59.999,351560563.81486
2022-09-16,0.19105,0.21326,0.18952,0.21008,2492883332.0,2022-09-16 23:59:59.999,504432086.66077
2022-09-17,0.21007,0.2279,0.2084,0.22531,1770256531.0,2022-09-17 23:59:59.999,383497552.11249
2022-09-18,0.2253,0.248,0.22,0.23107,3781931738.0,2022-09-18 23:59:59.999,888502275.57383
2022-09-19,0.23103,0.25888,0.222,0.25314,4905483177.0,2022-09-19 23:59:59.999,1180682798.47099
2022-09-20,0.25312,0.25711,0.23519,0.24001,2605147387.0,2022-09-20 23:59:59.999,638082212.26167
2022-09-21,0.24001,0.255,0.2212,0.2285,2891711032.0,2022-09-21 23:59:59.999,673176514.09062
2022-09-22,0.22849,0.27381,0.22833,0.26875,3227618382.0,2022-09-22 23:59:59.999,803226745.61761
2022-09-23,0.26877,0.28284,0.26107,0.27033,3202714176.0,2022-09-23 23:59:59.999,871924616.57426
2022-09-24,0.27033,0.2738,0.2563,0.26528,1524411683.0,2022-09-24 23:59:59.999,402785429.94288
2022-09-25,0.26524,0.27644,0.253,0.25564,1526198711.0,2022-09-25 23:59:59.999,406165495.9682
2022-09-26,0.25567,0.2629,0.24373,0.25775,1777503556.0,2022-09-26 23:59:59.999,448486890.86001
2022-09-27,0.25775,0.26837,0.24216,0.24904,1987201080.0,2022-09-27 23:59:59.999,511685344.6429
2022-09-28,0.24905,0.25,0.23116,0.24048,1405116445.0,2022-09-28 23:59:59.999,336487434.42324
2022-09-29,0.24044,0.24183,0.23046,0.2411,1245696565.0,2022-09-29 23:59:59.999,293468683.68261
2022-09-30,0.2411,0.24296,0.2323,0.2352,912300500.0,2022-09-30 23:59:59.999,216768638.89425
2022-10-01,0.23519,0.24948,0.23436,0.23865,1321550099.0,2022-10-01 23:59:59.999,322778787.30924
2022-10-02,0.23863,0.2427,0.2119,0.21559,1254795144.0,2022-10-02 23:59:59.999,285087091.45482
2022-10-03,0.21559,0.223,0.20847,0.2208,1313322928.0,2022-10-03 23:59:59.999,284405105.67769
2022-10-04,0.22081,0.2223,0.21308,0.21849,973626498.0,2022-10-04 23:59:59.999,212443141.11668
2022-10-05,0.21849,0.22522,0.20908,0.21743,1160149912.0,2022-10-05 23:59:59.999,251498477.36927
2022-10-06,0.21747,0.22042,0.21222,0.21431,824244644.0,2022-10-06 23:59:59.999,178285289.82514
2022-10-07,0.21431,0.22289,0.2123,0.22111,1443905689.0,2022-10-07 23:59:59.999,314148340.48894
2022-10-08,0.2211,0.22306,0.21025,0.21531,601662969.0,2022-10-08 23:59:59.999,130144226.88669
2022-10-09,0.21526,0.21764,0.21215,0.21508,461325386.0,2022-10-09 23:59:59.999,99103318.86763
2022-10-10,0.21508,0.21777,0.184,0.18906,1598716625.0,2022-10-10 23:59:59.999,322700008.31875
2022-10-11,0.18907,0.19685,0.18143,0.19452,1467056097.0,2022-10-11 23:59:59.999,277064958.74789
2022-10-12,0.1945,0.19633,0.18736,0.18993,796004398.0,2022-10-12 23:59:59.999,152668291.24847
2022-10-13,0.18991,0.19024,0.16011,0.18415,2366364033.0,2022-10-13 23:59:59.999,417748724.86427
2022-10-14,0.18411,0.19414,0.1766,0.17991,1331411768.0,2022-10-14 23:59:59.999,248484269.11165
2022-10-15,0.1799,0.18329,0.17424,0.18015,889797729.0,2022-10-15 23:59:59.999,159183947.40714
2022-10-16,0.18015,0.18667,0.17831,0.18135,801815452.0,2022-10-16 23:59:59.999,145988165.53276
2022-10-17,0.18134,0.188,0.17851,0.1873,793088085.0,2022-10-17 23:59:59.999,145622814.89367
2022-10-18,0.1873,0.19023,0.1791,0.18323,914707131.0,2022-10-18 23:59:59.999,168007699.08443
2022-10-19,0.18323,0.18402,0.16172,0.16991,908792798.0,2022-10-19 23:59:59.999,159867389.61531
2022-10-20,0.16989,0.173,0.16421,0.16804,947745141.0,2022-10-20 23:59:59.999,159974954.7686
2022-10-21,0.16805,0.186,0.1633,0.18459,2618235556.0,2022-10-21 23:59:59.999,459760453.74679
2022-10-22,0.1846,0.1889,0.18101,0.18462,1547355219.0,2022-10-22 23:59:59.999,286031376.4857
2022-10-23,0.18464,0.1869,0.17702,0.18543,1071317356.0,2022-10-23 23:59:59.999,194692239.31824
2022-10-24,0.18542,0.1961,0.17803,0.19256,2011488190.0,2022-10-24 23:59:59.999,377894575.1647
2022-10-25,0.19256,0.20175,0.18895,0.19811,2215859925.0,2022-10-25 23:59:59.999,431643878.30805
2022-10-26,0.19811,0.20489,0.19544,0.20169,1408247329.0,2022-10-26 23:59:59.999,281389661.90544
2022-10-27,0.20169,0.20773,0.1905,0.19093,1361794830.0,2022-10-27 23:59:59.999,272005672.60231
2022-10-28,0.19092,0.20279,0.18625,0.19827,1238428505.0,2022-10-28 23:59:59.999,239365900.29498
2022-10-29,0.19825,0.20496,0.19293,0.19712,1024706057.0,2022-10-29 23:59:59.999,204515938.44794
2022-10-30,0.19715,0.2321,0.19382,0.22695,3366328538.0,2022-10-30 23:59:59.999,734200625.52495
2022-10-31,0.22689,0.24235,0.215,0.22097,3215054939.0,2022-10-31 23:59:59.999,727599658.53126
2022-11-01,0.22096,0.2376,0.21621,0.22784,2210561549.0,2022-11-01 23:59:59.999,499753939.15941
2022-11-02,0.22784,0.2497,0.2221,0.24006,3323338310.0,2022-11-02 23:59:59.999,777279889.87257
2022-11-03,0.24007,0.25081,0.23227,0.23912,1672808683.0,2022-11-03 23:59:59.999,403729437.1877
2022-11-04,0.23911,0.25834,0.22992,0.2565,1684231811.0,2022-11-04 23:59:59.999,412094510.72974
2022-11-05,0.25651,0.28113,0.25116,0.26865,2146705303.0,2022-11-05 23:59:59.999,573188072.31643
2022-11-06,0.26869,0.2935,0.2615,0.27293,3471155564.0,2022-11-06 23:59:59.999,969882610.90534
2022-11-07,0.2729,0.29685,0.25033,0.27486,3530689598.0,2022-11-07 23:59:59.999,964322874.76256
2022-11-08,0.27486,0.28,0.17004,0.21321,6864544126.0,2022-11-08 23:59:59.999,1626511988.46559
2022-11-09,0.21319,0.21634,0.14333,0.15455,4858765288.0,2022-11-09 23:59:59.999,893359448.33046
2022-11-10,0.15455,0.21619,0.15057,0.21506,4560497868.0,2022-11-10 23:59:59.999,858967339.8469
2022-11-11,0.21509,0.23533,0.202,0.22748,5386116444.0,2022-11-11 23:59:59.999,1182901405.25858
2022-11-12,0.22749,0.22962,0.20454,0.21493,2238941295.0,2022-11-12 23:59:59.999,477872598.79571
2022-11-13,0.21493,0.21841,0.19205,0.20112,1861019330.0,2022-11-13 23:59:59.999,375173589.60291
2022-11-14,0.20112,0.2107,0.17803,0.19843,3142722731.0,2022-11-14 23:59:59.999,613469464.80817
2022-11-15,0.19843,0.22843,0.19359,0.22134,3316720111.0,2022-11-15 23:59:59.999,702636090.5009
2022-11-16,0.22133,0.23971,0.211,0.22985,5291278660.0,2022-11-16 23:59:59.999,1203978699.12202
2022-11-17,0.22988,0.24122,0.22027,0.23445,3334849164.0,2022-11-17 23:59:59.999,762959978.67111
2022-11-18,0.23445,0.272,0.23308,0.26813,5601989918.0,2022-11-18 23:59:59.999,1415464085.17696
2022-11-19,0.26813,0.275,0.24,0.24482,5257395336.0,2022-11-19 23:59:59.999,1335820185.80457
2022-11-20,0.24482,0.24584,0.1916,0.19686,6929289879.0,2022-11-20 23:59:59.999,1533957627.61623
2022-11-21,0.19687,0.202,0.1788,0.18577,6172046852.0,2022-11-21 23:59:59.999,1177104692.48173
2022-11-22,0.18577,0.18898,0.16757,0.18267,4762140307.0,2022-11-22 23:59:59.999,849019301.25274
2022-11-23,0.18266,0.18699,0.17422,0.18424,3139807745.0,2022-11-23 23:59:59.999,569258068.92016
2022-11-24,0.18418,0.18419,0.17409,0.17715,2015684969.0,2022-11-24 23:59:59.999,360190486.91062
2022-11-25,0.17715,0.17753,0.16834,0.17627,1880297951.0,2022-11-25 23:59:59.999,323919383.16172
2022-11-26,0.17625,0.17921,0.17022,0.17248,1268763164.0,2022-11-26 23:59:59.999,222472332.09429
2022-11-27,0.17247,0.17635,0.1685,0.16965,1044451865.0,2022-11-27 23:59:59.999,180633764.4017
2022-11-28,0.16965,0.1718,0.15625,0.164,3042803920.0,2022-11-28 23:59:59.999,495983985.41653
2022-11-29,0.16399,0.16763,0.16121,0.16343,1195381367.0,2022-11-29 23:59:59.999,196463266.95542
2022-11-30,0.16342,0.16812,0.1525,0.16568,1561573711.0,2022-11-30 23:59:59.999,255272134.62529
2022-12-01,0.1657,0.16646,0.15904,0.16084,1032807524.0,2022-12-01 23:59:59.999,167747927.17049
2022-12-02,0.16086,0.174,0.15523,0.17026,2321653387.0,2022-12-02 23:59:59.999,383707790.77163
2022-12-03,0.17026,0.171,0.16354,0.16511,1221475202.0,2022-12-03 23:59:59.999,204710502.37984
2022-12-04,0.16512,0.17042,0.16487,0.16655,817949868.0,2022-12-04 23:59:59.999,136406066.35656
2022-12-05,0.16654,0.17163,0.15751,0.16189,1496524713.0,2022-12-05 23:59:59.999,247896736.95438
2022-12-06,0.16189,0.16288,0.1577,0.1611,819440662.0,2022-12-06 23:59:59.999,131949635.01075
2022-12-07,0.1611,0.16188,0.14543,0.15191,998071060.0,2022-12-07 23:59:59.999,153145676.38582
2022-12-08,0.15191,0.15561,0.14725,0.15347,1208403414.0,2022-12-08 23:59:59.999,183333282.51921
2022-12-09,0.15348,0.1541,0.1483,0.15023,810071242.0,2022-12-09 23:59:59.999,122641118.57205
2022-12-10,0.15023,0.1517,0.14793,0.14937,626750706.0,2022-12-10 23:59:59.999,94083731.9061
2022-12-11,0.14937,0.15125,0.14,0.14352,889176409.0,2022-12-11 23:59:59.999,131211011.92036
2022-12-12,0.14353,0.1436,0.131,0.13807,1355996384.0,2022-12-12 23:59:59.999,185960014.56294
2022-12-13,0.13807,0.14317,0.13138,0.14068,1302629323.0,2022-12-13 23:59:59.999,179447211.03904
2022-12-14,0.14069,0.14195,0.13392,0.13614,968637496.0,2022-12-14 23:59:59.999,133992332.55446
2022-12-15,0.13614,0.1477,0.13183,0.14231,2698974103.0,2022-12-15 23:59:59.999,384116458.66192
2022-12-16,0.14229,0.14492,0.118,0.12093,2468287249.0,2022-12-16 23:59:59.999,331140984.62594
2022-12-17,0.12094,0.12177,0.11221,0.11981,1920943421.0,2022-12-17 23:59:59.999,225688266.38752
2022-12-18,0.1198,0.12639,0.11593,0.11802,3047582372.0,2022-12-18 23:59:59.999,366251857.58939
2022-12-19,0.11802,0.1199,0.104,0.10663,2363269403.0,2022-12-19 23:59:59.999,267033822.01727
2022-12-20,0.10662,0.11536,0.1063,0.11271,1729423568.0,2022-12-20 23:59:59.999,191675927.47842
2022-12-21,0.11272,0.11314,0.10832,0.11099,1168007134.0,2022-12-21 23:59:59.999,128861856.40311
2022-12-22,0.11101,0.11262,0.1071,0.11151,1089145104.0,2022-12-22 23:59:59.999,120303180.5702
2022-12-23,0.11151,0.11264,0.11,0.11169,890265580.0,2022-12-23 23:59:59.999,99065263.17449
2022-12-24,0.1117,0.11239,0.11101,0.11152,513737417.0,2022-12-24 23:59:59.999,57357346.07978
2022-12-25,0.11153,0.11227,0.10901,0.11053,543184748.0,2022-12-25 23:59:59.999,60113127.78072
2022-12-26,0.11054,0.1117,0.10839,0.11032,639741580.0,2022-12-26 23:59:59.999,70080144.75282
2022-12-27,0.11033,0.11095,0.105,0.10748,752951259.0,2022-12-27 23:59:59.999,81226711.11058
2022-12-28,0.10748,0.10764,0.1022,0.10241,1128934286.0,2022-12-28 23:59:59.999,117525544.97685
2022-12-29,0.10241,0.1048,0.09902,0.10198,1203927368.0,2022-12-29 23:59:59.999,123449708.5989
2022-12-30,0.10198,0.10257,0.09666,0.10019,897862529.0,2022-12-30 23:59:59.999,89599177.22997
2022-12-31,0.10018,0.10198,0.09942,0.1002,499347702.0,2022-12-31 23:59:59.999,50244617.34541
2023-01-01,0.10019,0.1015,0.09943,0.10112,390959892.0,2023-01-01 23:59:59.999,39267182.15474
2023-01-02,0.10112,0.10354,0.09853,0.10185,775579649.0,2023-01-02 23:59:59.999,78834727.87966
2023-01-03,0.10184,0.10333,0.10013,0.10282,751165043.0,2023-01-03 23:59:59.999,76337261.94227
2023-01-04,0.10282,0.10673,0.10164,0.10445,979461652.0,2023-01-04 23:59:59.999,102131074.98118
2023-01-05,0.10445,0.1179,0.10426,0.11205,3095328660.0,2023-01-05 23:59:59.999,348037413.91038
2023-01-06,0.11204,0.11205,0.10526,0.10996,1386986210.0,2023-01-06 23:59:59.999,149856921.45287
2023-01-07,0.10996,0.11056,0.10766,0.10862,506530043.0,2023-01-07 23:59:59.999,55256549.318
2023-01-08,0.10863,0.11275,0.10713,0.11204,677782520.0,2023-01-08 23:59:59.999,73849888.00531
2023-01-09,0.11205,0.11776,0.11097,0.11407,1348211491.0,2023-01-09 23:59:59.999,154127743.96153
2023-01-10,0.11408,0.12614,0.114,0.12064,2239708536.0,2023-01-10 23:59:59.999,270305434.86009
2023-01-11,0.12063,0.12147,0.11474,0.12058,961874770.0,2023-01-11 23:59:59.999,113163162.48552
2023-01-12,0.12062,0.12926,0.11904,0.12745,1959572142.0,2023-01-12 23:59:59.999,243617811.80228
2023-01-13,0.12746,0.13233,0.12462,0.13199,997827697.0,2023-01-13 23:59:59.999,127800685.70976
2023-01-14,0.13198,0.14457,0.128,0.13831,1636285353.0,2023-01-14 23:59:59.999,223407263.84461
2023-01-15,0.13831,0.14147,0.13219,0.14133,875046210.0,2023-01-15 23:59:59.999,119872581.67936
2023-01-16,0.14131,0.14371,0.13112,0.13588,819226752.0,2023-01-16 23:59:59.999,112742780.69097
2023-01-17,0.1359,0.13836,0.13241,0.13535,521066275.0,2023-01-17 23:59:59.999,70915961.17992
2023-01-18,0.13533,0.13956,0.12148,0.12306,947342957.0,2023-01-18 23:59:59.999,124170241.4698
2023-01-19,0.12308,0.12914,0.12297,0.12771,464669711.0,2023-01-19 23:59:59.999,58597287.2954
2023-01-20,0.12769,0.13748,0.12611,0.13692,752761610.0,2023-01-20 23:59:59.999,97943846.48021
2023-01-21,0.13692,0.13906,0.13337,0.13448,667474820.0,2023-01-21 23:59:59.999,91257978.43097
2023-01-22,0.13451,0.14097,0.13247,0.13593,650443467.0,2023-01-22 23:59:59.999,88811134.84002
2023-01-23,0.13594,0.14287,0.13539,0.14054,938735627.0,2023-01-23 23:59:59.999,130751753.70201
2023-01-24,0.14053,0.15471,0.1318,0.13348,1837212748.0,2023-01-24 23:59:59.999,267995935.87141
2023-01-25,0.13349,0.14121,0.1281,0.1378,1219431511.0,2023-01-25 23:59:59.999,163629215.18367
2023-01-26,0.13781,0.14026,0.13412,0.137,773488364.0,2023-01-26 23:59:59.999,106427863.31171
2023-01-27,0.13701,0.13926,0.13116,0.13913,573874597.0,2023-01-27 23:59:59.999,78047440.91687
2023-01-28,0.13913,0.1426,0.13524,0.13701,527600615.0,2023-01-28 23:59:59.999,73138224.02589
2023-01-29,0.13703,0.14338,0.13589,0.14322,447733297.0,2023-01-29 23:59:59.999,62396323.20567
2023-01-30,0.14322,0.14661,0.12759,0.13119,888382849.0,2023-01-30 23:59:59.999,122016995.01462
2023-01-31,0.1312,0.13463,0.13001,0.13334,453575956.0,2023-01-31 23:59:59.999,60144789.40024
2023-02-01,0.13333,0.13959,0.12845,0.13898,708398802.0,2023-02-01 23:59:59.999,94379694.60322
2023-02-02,0.13898,0.15028,0.13841,0.14019,1609531855.0,2023-02-02 23:59:59.999,232314981.04847
2023-02-03,0.14018,0.14635,0.13923,0.14567,673119489.0,2023-02-03 23:59:59.999,95804350.17384
2023-02-04,0.14569,0.14961,0.14282,0.1454,718146325.0,2023-02-04 23:59:59.999,104997388.6459
2023-02-05,0.14542,0.147,0.135,0.13999,635312102.0,2023-02-05 23:59:59.999,89721814.086
2023-02-06,0.13998,0.14196,0.13618,0.13732,463649777.0,2023-02-06 23:59:59.999,64739686.92182
2023-02-07,0.13732,0.17026,0.1367,0.16174,2861713872.0,2023-02-07 23:59:59.999,444871761.25579
2023-02-08,0.16173,0.17945,0.1523,0.1582,2818833335.0,2023-02-08 23:59:59.999,468898406.18898
2023-02-09,0.15821,0.15853,0.13316,0.13809,1507313413.0,2023-02-09 23:59:59.999,221769525.86546
2023-02-10,0.1381,0.14111,0.13284,0.13568,900230216.0,2023-02-10 23:59:59.999,123464524.65784
2023-02-11,0.13568,0.13872,0.13444,0.13787,380087256.0,2023-02-11 23:59:59.999,51961604.64932
2023-02-12,0.13786,0.13945,0.13076,0.13347,510617356.0,2023-02-12 23:59:59.999,69712900.64279
2023-02-13,0.13347,0.13406,0.12452,0.12953,804509083.0,2023-02-13 23:59:59.999,103545300.13417
2023-02-14,0.12953,0.13486,0.12542,0.1346,597978661.0,2023-02-14 23:59:59.999,77854474.13624
2023-02-15,0.1346,0.14312,0.13156,0.143,673129223.0,2023-02-15 23:59:59.999,92189222.08897
2023-02-16,0.14298,0.14457,0.13268,0.13356,838184258.0,2023-02-16 23:59:59.999,117926131.48203
2023-02-17,0.13355,0.14213,0.1328,0.14004,531212940.0,2023-02-17 23:59:59.999,73625293.00047
2023-02-18,0.14003,0.14247,0.13884,0.14026,297722709.0,2023-02-18 23:59:59.999,41890055.30061
2023-02-19,0.14027,0.14448,0.1375,0.14148,602364705.0,2023-02-19 23:59:59.999,85257096.3068
2023-02-20,0.14148,0.1475,0.137,0.14572,633283599.0,2023-02-20 23:59:59.999,91478561.83045
2023-02-21,0.14574,0.14718,0.1381,0.1415,599769448.0,2023-02-21 23:59:59.999,85369204.36387
2023-02-22,0.14149,0.14206,0.1345,0.13908,535283440.0,2023-02-22 23:59:59.999,73707403.30621
2023-02-23,0.13909,0.14155,0.1362,0.13877,347560057.0,2023-02-23 23:59:59.999,48388872.84874
2023-02-24,0.13877,0.14419,0.13205,0.13501,786849760.0,2023-02-24 23:59:59.999,109254081.30527
2023-02-25,0.13501,0.13586,0.13,0.13392,379924529.0,2023-02-25 23:59:59.999,50788159.23421
2023-02-26,0.13391,0.13657,0.13309,0.13619,213176591.0,2023-02-26 23:59:59.999,28709620.48078
2023-02-27,0.13619,0.13644,0.13177,0.13416,293418409.0,2023-02-27 23:59:59.999,39372724.94175
2023-02-28,0.13416,0.13542,0.12987,0.13101,304807569.0,2023-02-28 23:59:59.999,40631759.83246
2023-03-01,0.13102,0.14535,0.13024,0.13646,1257037870.0,2023-03-01 23:59:59.999,175238392.35085
2023-03-02,0.13644,0.13799,0.13217,0.13417,486017994.0,2023-03-02 23:59:59.999,65505428.47542
2023-03-03,0.13417,0.13431,0.1176,0.12685,642190891.0,2023-03-03 23:59:59.999,80229641.80984
2023-03-04,0.12685,0.12756,0.11892,0.12245,267090520.0,2023-03-04 23:59:59.999,32929109.04376
2023-03-05,0.12245,0.12449,0.12153,0.12204,211594368.0,2023-03-05 23:59:59.999,26050895.34588
2023-03-06,0.12204,0.12457,0.119,0.12321,332006756.0,2023-03-06 23:59:59.999,40403368.49288
2023-03-07,0.12321,0.12429,0.11782,0.12078,356169653.0,2023-03-07 23:59:59.999,43049759.52055
2023-03-08,0.12079,0.12144,0.11022,0.11076,524131879.0,2023-03-08 23:59:59.999,60873043.91872
2023-03-09,0.11076,0.11521,0.10248,0.1055,692183847.0,2023-03-09 23:59:59.999,75800763.07872
2023-03-10,0.1055,0.1108,0.1,0.10985,739569132.0,2023-03-10 23:59:59.999,78105920.56022
2023-03-11,0.10984,0.11176,0.1047,0.10891,498852595.0,2023-03-11 23:59:59.999,53890019.44659
2023-03-12,0.10893,0.1151,0.10652,0.11467,401219590.0,2023-03-12 23:59:59.999,44154722.40817
2023-03-13,0.11467,0.1197,0.111,0.11829,724741065.0,2023-03-13 23:59:59.999,83804832.65224
2023-03-14,0.11829,0.12571,0.11562,0.12238,699350105.0,2023-03-14 23:59:59.999,84736046.70946
2023-03-15,0.12239,0.12433,0.1118,0.11373,636840980.0,2023-03-15 23:59:59.999,74862408.00261
2023-03-16,0.11374,0.11813,0.11229,0.11672,466553852.0,2023-03-16 23:59:59.999,54032312.46749
2023-03-17,0.1167,0.12437,0.11557,0.12362,441485508.0,2023-03-17 23:59:59.999,52955681.09562
2023-03-18,0.12362,0.12659,0.11689,0.11832,646693889.0,2023-03-18 23:59:59.999,79386052.43457
2023-03-19,0.11832,0.12339,0.11802,0.12113,354709696.0,2023-03-19 23:59:59.999,42932599.29224
2023-03-20,0.12113,0.12366,0.11614,0.11757,558388124.0,2023-03-20 23:59:59.999,66985047.49307
2023-03-21,0.11756,0.12338,0.115,0.12211,429517350.0,2023-03-21 23:59:59.999,51320915.09544
2023-03-22,0.12211,0.12482,0.11411,0.11807,679800073.0,2023-03-22 23:59:59.999,81945358.02512
2023-03-23,0.11806,0.12395,0.11739,0.12208,398886762.0,2023-03-23 23:59:59.999,48405315.53233
2023-03-24,0.12208,0.12235,0.11626,0.11848,321178293.0,2023-03-24 23:59:59.999,38251209.41054
2023-03-25,0.11848,0.12081,0.11685,0.11858,248869591.0,2023-03-25 23:59:59.999,29614413.05201
2023-03-26,0.11858,0.12112,0.1179,0.12024,202352985.0,2023-03-26 23:59:59.999,24226533.8595
2023-03-27,0.12026,0.12053,0.11131,0.11335,407406392.0,2023-03-27 23:59:59.999,46959780.07807
2023-03-28,0.11337,0.11661,0.11151,0.11478,412087341.0,2023-03-28 23:59:59.999,47080824.04848
2023-03-29,0.11479,0.12002,0.11426,0.11854,401452924.0,2023-03-29 23:59:59.999,47371047.93033
2023-03-30,0.11853,0.12067,0.11459,0.11692,524626375.0,2023-03-30 23:59:59.999,61599205.05791
2023-03-31,0.11693,0.12131,0.11513,0.12028,420849346.0,2023-03-31 23:59:59.999,49709389.13946
2023-04-01,0.12028,0.1233,0.11876,0.122,290339485.0,2023-04-01 23:59:59.999,34985381.35641
2023-04-02,0.12201,0.12276,0.11706,0.1185,314068283.0,2023-04-02 23:59:59.999,37642521.18608
2023-04-03,0.1185,0.12317,0.1155,0.12209,611074925.0,2023-04-03 23:59:59.999,72807721.27566
2023-04-04,0.12208,0.1276,0.12205,0.12438,701333041.0,2023-04-04 23:59:59.999,87816876.05462
2023-04-05,0.12438,0.13298,0.12317,0.13045,913355294.0,2023-04-05 23:59:59.999,117036997.17519
2023-04-06,0.13044,0.13274,0.12403,0.12941,806519122.0,2023-04-06 23:59:59.999,103382567.21331
2023-04-07,0.12938,0.13143,0.12405,0.13048,636665413.0,2023-04-07 23:59:59.999,81290405.27091
2023-04-08,0.13049,0.14287,0.12882,0.13252,3333482513.0,2023-04-08 23:59:59.999,455540106.07888
2023-04-09,0.13251,0.1371,0.12863,0.13104,1208323108.0,2023-04-09 23:59:59.999,160308808.08837
2023-04-10,0.13105,0.13407,0.12753,0.13368,786767654.0,2023-04-10 23:59:59.999,102652868.14249
2023-04-11,0.13368,0.13669,0.13076,0.13141,875891805.0,2023-04-11 23:59:59.999,117067462.0499
2023-04-12,0.13141,0.13151,0.1257,0.12809,730829794.0,2023-04-12 23:59:59.999,93686869.82398
2023-04-13,0.12811,0.13229,0.12722,0.13145,481595145.0,2023-04-13 23:59:59.999,62697400.61709
2023-04-14,0.13145,0.13519,0.13024,0.13388,758350070.0,2023-04-14 23:59:59.999,100977362.42329
2023-04-15,0.13387,0.13401,0.13122,0.13342,313515527.0,2023-04-15 23:59:59.999,41633949.09646
2023-04-16,0.13341,0.13891,0.13153,0.13841,536965502.0,2023-04-16 23:59:59.999,72352175.55471
2023-04-17,0.13838,0.13994,0.13429,0.13541,824868634.0,2023-04-17 23:59:59.999,112530134.16487
2023-04-18,0.13541,0.13912,0.13466,0.13787,455076694.0,2023-04-18 23:59:59.999,62416126.10499
2023-04-19,0.1379,0.1426,0.12413,0.13025,1619279023.0,2023-04-19 23:59:59.999,219416530.5916
2023-04-20,0.13026,0.13277,0.1252,0.12795,732857459.0,2023-04-20 23:59:59.999,95107752.28136
2023-04-21,0.12795,0.12912,0.11682,0.11969,654822964.0,2023-04-21 23:59:59.999,81046767.09797
2023-04-22,0.11969,0.12265,0.1183,0.12247,307389291.0,2023-04-22 23:59:59.999,37109597.91834
2023-04-23,0.12247,0.12276,0.11623,0.11999,367012360.0,2023-04-23 23:59:59.999,44138423.67696
2023-04-24,0.11999,0.12421,0.11775,0.12308,533858656.0,2023-04-24 23:59:59.999,64666454.97996
2023-04-25,0.12309,0.129,0.1226,0.12854,1204817040.0,2023-04-25 23:59:59.999,151174473.44565
2023-04-26,0.12855,0.13147,0.11951,0.12752,933025940.0,2023-04-26 23:59:59.999,118431215.60344
2023-04-27,0.12752,0.12989,0.12555,0.12865,579248109.0,2023-04-27 23:59:59.999,74087571.74103
2023-04-28,0.12865,0.1304,0.12611,0.12761,443477680.0,2023-04-28 23:59:59.999,56756560.89048
2023-04-29,0.1276,0.12854,0.12602,0.12767,184204050.0,2023-04-29 23:59:59.999,23509412.96475
2023-04-30,0.12767,0.12869,0.1256,0.12629,341936427.0,2023-04-30 23:59:59.999,43473630.6076
2023-05-01,0.12629,0.12971,0.1224,0.12759,912767268.0,2023-05-01 23:59:59.999,115402232.82876
2023-05-02,0.12761,0.12846,0.12345,0.12694,524109412.0,2023-05-02 23:59:59.999,66082871.93747
2023-05-03,0.12695,0.13055,0.12374,0.13018,690977621.0,2023-05-03 23:59:59.999,87770833.78122
2023-05-04,0.1302,0.13126,0.127,0.12943,433869891.0,2023-05-04 23:59:59.999,56015372.59217
2023-05-05,0.12944,0.13169,0.126,0.13063,435445538.0,2023-05-05 23:59:59.999,56242208.01806
2023-05-06,0.13064,0.13188,0.12349,0.12504,436414508.0,2023-05-06 23:59:59.999,55294544.92378
2023-05-07,0.12505,0.12799,0.12401,0.12502,346471232.0,2023-05-07 23:59:59.999,43623833.79226
2023-05-08,0.12502,0.12532,0.1101,0.11315,947757583.0,2023-05-08 23:59:59.999,111074577.15599
2023-05-09,0.11316,0.11539,0.11182,0.11267,535943740.0,2023-05-09 23:59:59.999,60666158.57449
2023-05-10,0.11268,0.1137,0.10414,0.11062,1244585247.0,2023-05-10 23:59:59.999,137222007.51038
2023-05-11,0.11062,0.11068,0.10379,0.10659,696350791.0,2023-05-11 23:59:59.999,74910853.77412
2023-05-12,0.10659,0.10764,0.10227,0.10742,571821193.0,2023-05-12 23:59:59.999,60200824.20645
2023-05-13,0.10742,0.10756,0.10485,0.10582,266303530.0,2023-05-13 23:59:59.999,28233307.6783
2023-05-14,0.10583,0.10756,0.10467,0.10679,238844852.0,2023-05-14 23:59:59.999,25369602.03713
2023-05-15,0.10678,0.10865,0.10541,0.10751,367428890.0,2023-05-15 23:59:59.999,39550446.01354
2023-05-16,0.10751,0.10931,0.10644,0.10762,369903360.0,2023-05-16 23:59:59.999,39841959.58263
2023-05-17,0.10762,0.11076,0.10506,0.10824,529959546.0,2023-05-17 23:59:59.999,57205844.24004
2023-05-18,0.10825,0.10863,0.10443,0.10699,449100182.0,2023-05-18 23:59:59.999,48045375.94891
2023-05-19,0.107,0.10823,0.1061,0.10749,259235877.0,2023-05-19 23:59:59.999,27792511.49316
2023-05-20,0.1075,0.10754,0.10612,0.10701,166354596.0,2023-05-20 23:59:59.999,17791933.99129
2023-05-21,0.10701,0.10744,0.10354,0.10453,227168874.0,2023-05-21 23:59:59.999,23946193.24136
2023-05-22,0.10453,0.10606,0.10222,0.10469,312168971.0,2023-05-22 23:59:59.999,32534085.47339
2023-05-23,0.1047,0.10641,0.10387,0.10477,206777121.0,2023-05-23 23:59:59.999,21713974.59904
2023-05-24,0.10476,0.1048,0.097,0.10057,478624647.0,2023-05-24 23:59:59.999,48586697.77953
2023-05-25,0.10058,0.10129,0.09775,0.09906,335051930.0,2023-05-25 23:59:59.999,33492532.2862
2023-05-26,0.09905,0.10042,0.098,0.09951,317913911.0,2023-05-26 23:59:59.999,31562949.86737
2023-05-27,0.09951,0.10095,0.09902,0.10072,206834630.0,2023-05-27 23:59:59.999,20645616.32108
2023-05-28,0.10071,0.10355,0.1003,0.10288,291082793.0,2023-05-28 23:59:59.999,29567886.08069
2023-05-29,0.10287,0.10419,0.09997,0.10082,339239988.0,2023-05-29 23:59:59.999,34552812.86009
2023-05-30,0.10081,0.10142,0.09966,0.10021,245891492.0,2023-05-30 23:59:59.999,24704681.78092
2023-05-31,0.1002,0.10093,0.097,0.09879,448265407.0,2023-05-31 23:59:59.999,44258053.19802
2023-06-01,0.0988,0.10219,0.09728,0.0999,495909120.0,2023-06-01 23:59:59.999,49517244.02816
2023-06-02,0.0999,0.10244,0.09932,0.10068,385336084.0,2023-06-02 23:59:59.999,39003673.55456
2023-06-03,0.10067,0.10213,0.09973,0.10181,248319806.0,2023-06-03 23:59:59.999,25087495.17447
2023-06-04,0.10182,0.10343,0.10069,0.10099,292152767.0,2023-06-04 23:59:59.999,29900560.14962
2023-06-05,0.10098,0.10106,0.08368,0.09343,1041377442.0,2023-06-05 23:59:59.999,98951301.86617
2023-06-06,0.09344,0.09582,0.09131,0.09452,517345850.0,2023-06-06 23:59:59.999,48424210.35497
2023-06-07,0.09453,0.09463,0.08546,0.08622,713928970.0,2023-06-07 23:59:59.999,64018139.48699
2023-06-08,0.08621,0.08827,0.08476,0.08736,433650395.0,2023-06-08 23:59:59.999,37587742.9506
2023-06-09,0.08736,0.08863,0.08561,0.08702,341705612.0,2023-06-09 23:59:59.999,29794459.12608
2023-06-10,0.08703,0.08738,0.05759,0.06868,2528548282.0,2023-06-10 23:59:59.999,179315035.38603
2023-06-11,0.06868,0.06981,0.0671,0.06804,515695231.0,2023-06-11 23:59:59.999,35254550.82495
2023-06-12,0.06804,0.06813,0.065,0.0675,552962674.0,2023-06-12 23:59:59.999,37049309.52198
2023-06-13,0.06749,0.06947,0.06648,0.06833,538277429.0,2023-06-13 23:59:59.999,36549259.10614
2023-06-14,0.06833,0.06865,0.06337,0.06536,569541401.0,2023-06-14 23:59:59.999,37995754.82401
2023-06-15,0.06536,0.06715,0.06408,0.06659,440167764.0,2023-06-15 23:59:59.999,28814406.5639
2023-06-16,0.0666,0.06766,0.06497,0.06687,320516537.0,2023-06-16 23:59:59.999,21301106.41279
2023-06-17,0.06687,0.06932,0.06667,0.06822,292847449.0,2023-06-17 23:59:59.999,19998796.01404
2023-06-18,0.06822,0.06903,0.06657,0.0668,309407162.0,2023-06-18 23:59:59.999,21038515.76422
2023-06-19,0.0668,0.06886,0.06607,0.06854,379640224.0,2023-06-19 23:59:59.999,25671649.07023
2023-06-20,0.06853,0.0708,0.06687,0.07064,566931858.0,2023-06-20 23:59:59.999,39097211.50841
2023-06-21,0.07064,0.07464,0.07042,0.07438,714871789.0,2023-06-21 23:59:59.999,51913643.27517
2023-06-22,0.07437,0.0785,0.07316,0.07349,721338913.0,2023-06-22 23:59:59.999,54591487.12623
2023-06-23,0.07348,0.07867,0.07345,0.07722,580222233.0,2023-06-23 23:59:59.999,44265434.58636
2023-06-24,0.07722,0.08063,0.07618,0.07804,688822027.0,2023-06-24 23:59:59.999,53924682.08976
2023-06-25,0.07805,0.08355,0.07779,0.07957,610807436.0,2023-06-25 23:59:59.999,49386046.41921
2023-06-26,0.07954,0.08006,0.07558,0.07743,499881001.0,2023-06-26 23:59:59.999,39009784.6056
2023-06-27,0.07743,0.07865,0.07617,0.07728,295970850.0,2023-06-27 23:59:59.999,22946879.5775
2023-06-28,0.07728,0.07742,0.07,0.07263,483844045.0,2023-06-28 23:59:59.999,35776357.34061
2023-06-29,0.07263,0.07537,0.07234,0.07391,294322606.0,2023-06-29 23:59:59.999,21765501.65833
2023-06-30,0.07392,0.07695,0.06974,0.07559,632329165.0,2023-06-30 23:59:59.999,47215110.4556
2023-07-01,0.07561,0.07991,0.07512,0.07972,351790376.0,2023-07-01 23:59:59.999,27005487.40855
2023-07-02,0.07972,0.08011,0.07551,0.07782,393527688.0,2023-07-02 23:59:59.999,30639732.82746
2023-07-03,0.07783,0.07999,0.07752,0.07984,299069261.0,2023-07-03 23:59:59.999,23638278.66374
2023-07-04,0.07984,0.08036,0.07752,0.07911,345222924.0,2023-07-04 23:59:59.999,27342446.48714
2023-07-05,0.07912,0.0813,0.07614,0.07734,436558759.0,2023-07-05 23:59:59.999,34128501.29882
2023-07-06,0.07734,0.07951,0.07423,0.07444,466465058.0,2023-07-06 23:59:59.999,35796995.81715
2023-07-07,0.07445,0.07708,0.0733,0.07668,354002378.0,2023-07-07 23:59:59.999,26835078.58317
2023-07-08,0.07669,0.07736,0.07494,0.0766,230156032.0,2023-07-08 23:59:59.999,17523824.32541
2023-07-09,0.07661,0.07724,0.07544,0.07562,190900874.0,2023-07-09 23:59:59.999,14564103.26658
2023-07-10,0.07562,0.07754,0.07419,0.07586,374993771.0,2023-07-10 23:59:59.999,28490016.39648
2023-07-11,0.07586,0.07751,0.07516,0.07699,300776359.0,2023-07-11 23:59:59.999,22964401.78878
2023-07-12,0.077,0.07878,0.07563,0.07639,381897663.0,2023-07-12 23:59:59.999,29589335.56627
2023-07-13,0.07639,0.08455,0.07559,0.08433,569059157.0,2023-07-13 23:59:59.999,45665718.11489
2023-07-14,0.08433,0.08531,0.07763,0.08019,657150302.0,2023-07-14 23:59:59.999,54053645.34312
2023-07-15,0.08021,0.08288,0.07931,0.08176,268822204.0,2023-07-15 23:59:59.999,21896866.2517
2023-07-16,0.08175,0.08236,0.07889,0.07918,256469874.0,2023-07-16 23:59:59.999,20729743.99641
2023-07-17,0.07919,0.08178,0.07783,0.08068,467037430.0,2023-07-17 23:59:59.999,37353987.19299
2023-07-18,0.08069,0.08173,0.07713,0.07924,421210760.0,2023-07-18 23:59:59.999,33455281.29231
2023-07-19,0.07923,0.08061,0.07791,0.07897,395158196.0,2023-07-19 23:59:59.999,31292986.43424
2023-07-20,0.07897,0.08045,0.07762,0.07899,439281481.0,2023-07-20 23:59:59.999,34836983.36999
2023-07-21,0.07899,0.08047,0.07832,0.07927,319434708.0,2023-07-21 23:59:59.999,25369497.02766
2023-07-22,0.07927,0.07974,0.0772,0.07796,228819294.0,2023-07-22 23:59:59.999,18043535.88206
2023-07-23,0.07796,0.08054,0.07735,0.07944,245622959.0,2023-07-23 23:59:59.999,19507614.81003
2023-07-24,0.07944,0.07977,0.07234,0.07682,431188046.0,2023-07-24 23:59:59.999,33270916.27778
2023-07-25,0.07683,0.07815,0.07627,0.07713,282730385.0,2023-07-25 23:59:59.999,21806842.84489
2023-07-26,0.07713,0.07764,0.07527,0.07714,289548317.0,2023-07-26 23:59:59.999,22145661.11728
2023-07-27,0.07715,0.07839,0.07643,0.07719,379159764.0,2023-07-27 23:59:59.999,29378554.09952
2023-07-28,0.0772,0.07807,0.07627,0.07799,202707582.0,2023-07-28 23:59:59.999,15658853.24821
2023-07-29,0.07799,0.08251,0.07767,0.07951,841227655.0,2023-07-29 23:59:59.999,67387824.5948
2023-07-30,0.07949,0.07982,0.07565,0.0777,456976875.0,2023-07-30 23:59:59.999,35832037.90845
2023-07-31,0.07771,0.07867,0.07643,0.0773,269343199.0,2023-07-31 23:59:59.999,20921762.26175
2023-08-01,0.07731,0.07817,0.07453,0.07808,303192102.0,2023-08-01 23:59:59.999,23237288.53291
2023-08-02,0.07808,0.07841,0.07549,0.07639,255157062.0,2023-08-02 23:59:59.999,19662963.53348
2023-08-03,0.0764,0.07751,0.07579,0.0767,233979895.0,2023-08-03 23:59:59.999,17963593.65433
2023-08-04,0.07669,0.07749,0.0757,0.0772,205600369.0,2023-08-04 23:59:59.999,15816309.39552
2023-08-05,0.0772,0.07726,0.07536,0.07643,177473750.0,2023-08-05 23:59:59.999,13518852.45262
2023-08-06,0.07644,0.0777,0.07625,0.0772,171945221.0,2023-08-06 23:59:59.999,13240149.43001
2023-08-07,0.07719,0.07786,0.07429,0.07569,301344332.0,2023-08-07 23:59:59.999,22956035.68287
2023-08-08,0.07569,0.07707,0.07527,0.07661,234400999.0,2023-08-08 23:59:59.999,17818086.04662
2023-08-09,0.07661,0.07704,0.07533,0.07612,177268466.0,2023-08-09 23:59:59.999,13525309.7013
2023-08-10,0.07613,0.07656,0.07544,0.07555,135887599.0,2023-08-10 23:59:59.999,10329625.34372
2023-08-11,0.07555,0.07567,0.075,0.0756,128656471.0,2023-08-11 23:59:59.999,9689339.85794
2023-08-12,0.07559,0.07658,0.0755,0.07641,118241798.0,2023-08-12 23:59:59.999,9006973.89425
2023-08-13,0.07641,0.07694,0.07547,0.07576,138149323.0,2023-08-13 23:59:59.999,10554106.91167
2023-08-14,0.07576,0.0764,0.07474,0.07539,181329549.0,2023-08-14 23:59:59.999,13712665.75024
2023-08-15,0.07539,0.07552,0.06583,0.07127,358330598.0,2023-08-15 23:59:59.999,25945108.31902
2023-08-16,0.07127,0.07143,0.06615,0.06783,382759444.0,2023-08-16 23:59:59.999,26386668.24242
2023-08-17,0.06784,0.07111,0.05481,0.06263,883598654.0,2023-08-17 23:59:59.999,57948496.26997
2023-08-18,0.06263,0.06522,0.0621,0.06364,623161750.0,2023-08-18 23:59:59.999,39644490.9927
2023-08-19,0.06364,0.06499,0.06329,0.0647,188174850.0,2023-08-19 23:59:59.999,12049290.63844
2023-08-20,0.06469,0.06575,0.06445,0.06528,167209102.0,2023-08-20 23:59:59.999,10871755.96135
2023-08-21,0.06528,0.06557,0.06234,0.0639,240963470.0,2023-08-21 23:59:59.999,15440797.73173
2023-08-22,0.06389,0.06463,0.05998,0.06257,318022441.0,2023-08-22 23:59:59.999,19871429.80488
2023-08-23,0.06258,0.06503,0.06222,0.06431,277237203.0,2023-08-23 23:59:59.999,17567786.99552
2023-08-24,0.06431,0.06456,0.06223,0.06299,218671716.0,2023-08-24 23:59:59.999,13878993.9974
2023-08-25,0.063,0.06387,0.06144,0.06338,275622046.0,2023-08-25 23:59:59.999,17240219.31048
2023-08-26,0.06339,0.06382,0.0622,0.06254,126196029.0,2023-08-26 23:59:59.999,7955616.57096
2023-08-27,0.06254,0.06292,0.06193,0.06234,117797640.0,2023-08-27 23:59:59.999,7358802.63831
2023-08-28,0.06234,0.06241,0.06026,0.06112,318938062.0,2023-08-28 23:59:59.999,19518118.24594
2023-08-29,0.06112,0.06406,0.06,0.06375,511504042.0,2023-08-29 23:59:59.999,31819886.94238
2023-08-30,0.06374,0.0648,0.06193,0.06304,448380018.0,2023-08-30 23:59:59.999,28350842.93717
2023-08-31,0.06303,0.06334,0.05935,0.06031,384795991.0,2023-08-31 23:59:59.999,23708480.45577
2023-09-01,0.06031,0.06078,0.059,0.05987,225722274.0,2023-09-01 23:59:59.999,13556904.85255
2023-09-02,0.05988,0.06015,0.0587,0.05988,161520568.0,2023-09-02 23:59:59.999,9622761.41911
2023-09-03,0.05988,0.0602,0.05896,0.05959,130884343.0,2023-09-03 23:59:59.999,7810601.9394
2023-09-04,0.0596,0.06053,0.05888,0.05966,184284910.0,2023-09-04 23:59:59.999,10998609.20639
2023-09-05,0.05965,0.05985,0.0587,0.05978,186187788.0,2023-09-05 23:59:59.999,11054737.45858
2023-09-06,0.05978,0.06017,0.05822,0.05952,240873560.0,2023-09-06 23:59:59.999,14281745.94011
2023-09-07,0.05952,0.05976,0.05873,0.05956,208642279.0,2023-09-07 23:59:59.999,12349866.44807
2023-09-08,0.05958,0.06016,0.0583,0.05912,202804651.0,2023-09-08 23:59:59.999,12008643.97644
2023-09-09,0.05912,0.05935,0.05888,0.05895,107824195.0,2023-09-09 23:59:59.999,6374065.90993
2023-09-10,0.05896,0.05898,0.055,0.05716,340334243.0,2023-09-10 23:59:59.999,19555676.8987
2023-09-11,0.05716,0.05743,0.05428,0.05511,389328647.0,2023-09-11 23:59:59.999,21738352.53815
2023-09-12,0.05511,0.05748,0.05495,0.05561,281593846.0,2023-09-12 23:59:59.999,15830632.48409
2023-09-13,0.05562,0.05744,0.05496,0.05638,299452310.0,2023-09-13 23:59:59.999,16803852.09741
2023-09-14,0.05637,0.05778,0.05601,0.05745,223085891.0,2023-09-14 23:59:59.999,12711322.61218
2023-09-15,0.05745,0.0595,0.0572,0.05918,236308982.0,2023-09-15 23:59:59.999,13754945.76283
2023-09-16,0.05918,0.06036,0.05855,0.05931,199696009.0,2023-09-16 23:59:59.999,11875265.916
2023-09-17,0.05931,0.05934,0.05623,0.05691,222597137.0,2023-09-17 23:59:59.999,12858428.63765
2023-09-18,0.05692,0.05981,0.05611,0.05852,298960110.0,2023-09-18 23:59:59.999,17486649.87956
2023-09-19,0.05852,0.05985,0.05843,0.05928,196182232.0,2023-09-19 23:59:59.999,11607821.05498
2023-09-20,0.05929,0.06003,0.05814,0.05945,225911816.0,2023-09-20 23:59:59.999,13330660.19038
2023-09-21,0.05945,0.05997,0.05746,0.05852,220646957.0,2023-09-21 23:59:59.999,12940703.7835
2023-09-22,0.05852,0.05927,0.05787,0.05849,172329250.0,2023-09-22 23:59:59.999,10111838.24055
2023-09-23,0.05849,0.05877,0.05793,0.05818,145966859.0,2023-09-23 23:59:59.999,8503740.56994
2023-09-24,0.05818,0.05819,0.0566,0.05708,160490166.0,2023-09-24 23:59:59.999,9253735.5934
2023-09-25,0.05708,0.05795,0.05662,0.05777,179342036.0,2023-09-25 23:59:59.999,10328306.45966
2023-09-26,0.05777,0.05835,0.05678,0.0575,167091869.0,2023-09-26 23:59:59.999,9629759.69973
2023-09-27,0.05751,0.05843,0.05674,0.05719,231129201.0,2023-09-27 23:59:59.999,13296103.87554
2023-09-28,0.0572,0.05869,0.05714,0.05851,261092412.0,2023-09-28 23:59:59.999,15125847.28536
2023-09-29,0.05852,0.05968,0.05823,0.05949,220822953.0,2023-09-29 23:59:59.999,13037856.81457
2023-09-30,0.05949,0.06458,0.05948,0.06183,1820254913.0,2023-09-30 23:59:59.999,114335361.11953
2023-10-01,0.06183,0.06518,0.06105,0.06442,804078204.0,2023-10-01 23:59:59.999,50868845.30666
2023-10-02,0.06442,0.06463,0.05921,0.06158,461376561.0,2023-10-02 23:59:59.999,28835907.15129
2023-10-03,0.06159,0.06294,0.05979,0.06001,375874444.0,2023-10-03 23:59:59.999,23001614.72702
2023-10-04,0.06002,0.06125,0.05766,0.06064,395779786.0,2023-10-04 23:59:59.999,23662357.82468
2023-10-05,0.06064,0.06155,0.05987,0.05998,319276456.0,2023-10-05 23:59:59.999,19371119.33541
2023-10-06,0.05999,0.06076,0.0589,0.0603,311428237.0,2023-10-06 23:59:59.999,18626169.30832
2023-10-07,0.0603,0.06098,0.05941,0.05982,146164675.0,2023-10-07 23:59:59.999,8804779.52888
2023-10-08,0.05982,0.06041,0.05931,0.05992,147918778.0,2023-10-08 23:59:59.999,8856135.82287
2023-10-09,0.05992,0.06004,0.05475,0.05644,503756857.0,2023-10-09 23:59:59.999,28763173.53449
2023-10-10,0.05643,0.05691,0.05601,0.05656,223553170.0,2023-10-10 23:59:59.999,12617447.92574
2023-10-11,0.05656,0.05691,0.05516,0.05565,275566132.0,2023-10-11 23:59:59.999,15396753.96453
2023-10-12,0.05566,0.05569,0.0536,0.05449,416644012.0,2023-10-12 23:59:59.999,22685935.91541
2023-10-13,0.0545,0.05572,0.0544,0.05501,273155862.0,2023-10-13 23:59:59.999,14979493.40874
2023-10-14,0.05501,0.05563,0.05487,0.05519,125037198.0,2023-10-14 23:59:59.999,6912139.96975
2023-10-15,0.0552,0.05614,0.05511,0.05602,169546503.0,2023-10-15 23:59:59.999,9436633.67789
2023-10-16,0.05603,0.05838,0.05586,0.05666,446459607.0,2023-10-16 23:59:59.999,25367199.32231
2023-10-17,0.05667,0.05678,0.05455,0.05551,228354547.0,2023-10-17 23:59:59.999,12752326.41975
2023-10-18,0.05551,0.05896,0.05529,0.05703,1148595345.0,2023-10-18 23:59:59.999,65804462.16162
2023-10-19,0.05704,0.05704,0.05468,0.05614,418873262.0,2023-10-19 23:59:59.999,23333149.06959
2023-10-20,0.05613,0.05941,0.05596,0.05836,600248602.0,2023-10-20 23:59:59.999,34942042.84301
2023-10-21,0.05836,0.06108,0.05811,0.06032,494648286.0,2023-10-21 23:59:59.999,29664677.80816
2023-10-22,0.06032,0.06439,0.05891,0.06254,915289561.0,2023-10-22 23:59:59.999,56374637.26978
2023-10-23,0.06254,0.06629,0.06124,0.0662,1187131138.0,2023-10-23 23:59:59.999,75215127.26718
2023-10-24,0.06619,0.0688,0.06341,0.06619,919166442.0,2023-10-24 23:59:59.999,60975179.75643
2023-10-25,0.06619,0.06739,0.06398,0.0661,699545526.0,2023-10-25 23:59:59.999,46021164.29656
2023-10-26,0.0661,0.06836,0.06153,0.0647,1109552890.0,2023-10-26 23:59:59.999,72835320.24803
2023-10-27,0.0647,0.06657,0.06192,0.06373,688529184.0,2023-10-27 23:59:59.999,44283965.41485
2023-10-28,0.06373,0.06598,0.06366,0.06598,268736700.0,2023-10-28 23:59:59.999,17494416.17165
2023-10-29,0.06597,0.06729,0.06467,0.0669,303513136.0,2023-10-29 23:59:59.999,20070157.58302
2023-10-30,0.06689,0.06856,0.06556,0.06824,354044296.0,2023-10-30 23:59:59.999,23772485.38367
2023-10-31,0.06823,0.06866,0.06295,0.06672,430850513.0,2023-10-31 23:59:59.999,28593682.03042
2023-11-01,0.06672,0.07019,0.06471,0.06938,665127569.0,2023-11-01 23:59:59.999,44693352.62655
2023-11-02,0.06938,0.07381,0.068,0.07066,758280899.0,2023-11-02 23:59:59.999,53520306.05706
2023-11-03,0.07066,0.07071,0.06761,0.06987,337344309.0,2023-11-03 23:59:59.999,23303700.75236
2023-11-04,0.06985,0.07398,0.06927,0.07268,559425457.0,2023-11-04 23:59:59.999,40005405.85526
2023-11-05,0.07267,0.08044,0.07212,0.08008,1035081010.0,2023-11-05 23:59:59.999,79456758.07215
2023-11-06,0.08007,0.08185,0.07623,0.08082,797653634.0,2023-11-06 23:59:59.999,63344702.11115
2023-11-07,0.08083,0.08085,0.07464,0.0778,535613861.0,2023-11-07 23:59:59.999,41626992.86779
2023-11-08,0.07779,0.08011,0.07723,0.07888,392345624.0,2023-11-08 23:59:59.999,30913522.94604
2023-11-09,0.07889,0.08203,0.06474,0.0769,769094337.0,2023-11-09 23:59:59.999,59388954.40459
2023-11-10,0.0769,0.08273,0.07455,0.08264,542675144.0,2023-11-10 23:59:59.999,42033970.475
2023-11-11,0.08263,0.08549,0.0787,0.08278,868740341.0,2023-11-11 23:59:59.999,71917456.24335
2023-11-12,0.08279,0.08449,0.07895,0.08316,461542820.0,2023-11-12 23:59:59.999,38117704.59893
2023-11-13,0.08317,0.08632,0.07912,0.07928,695410269.0,2023-11-13 23:59:59.999,57879279.2171
2023-11-14,0.07924,0.08116,0.07295,0.07676,507038347.0,2023-11-14 23:59:59.999,39392959.62708
2023-11-15,0.07676,0.0801,0.07566,0.07991,346080929.0,2023-11-15 23:59:59.999,27084843.18677
2023-11-16,0.07991,0.08136,0.0742,0.07559,525663118.0,2023-11-16 23:59:59.999,41062257.61183
2023-11-17,0.07559,0.07779,0.07336,0.07729,387860332.0,2023-11-17 23:59:59.999,29510094.15159
2023-11-18,0.07729,0.0773,0.07338,0.07613,256599085.0,2023-11-18 23:59:59.999,19390564.01617
2023-11-19,0.07613,0.07795,0.07418,0.07762,243632525.0,2023-11-19 23:59:59.999,18525358.06898
2023-11-20,0.07762,0.07841,0.07445,0.07572,339923709.0,2023-11-20 23:59:59.999,26183607.74426
2023-11-21,0.07573,0.07674,0.06754,0.06801,525023611.0,2023-11-21 23:59:59.999,38091473.91003
2023-11-22,0.06804,0.07291,0.06784,0.07228,272051780.0,2023-11-22 23:59:59.999,19233860.97884
2023-11-23,0.07228,0.07549,0.07215,0.07422,266794068.0,2023-11-23 23:59:59.999,19759932.62273
2023-11-24,0.07423,0.07591,0.07396,0.07503,219095148.0,2023-11-24 23:59:59.999,16406971.95701
2023-11-25,0.07502,0.0773,0.07456,0.07699,190429581.0,2023-11-25 23:59:59.999,14534205.21734
2023-11-26,0.07698,0.07726,0.07355,0.07487,241863253.0,2023-11-26 23:59:59.999,18261762.22302
2023-11-27,0.07487,0.07528,0.07178,0.07344,296360135.0,2023-11-27 23:59:59.999,21775315.96456
2023-11-28,0.07345,0.0738,0.0714,0.07311,263387917.0,2023-11-28 23:59:59.999,19118990.65379
2023-11-29,0.07311,0.07406,0.07234,0.07396,192676780.0,2023-11-29 23:59:59.999,14107796.35694
2023-11-30,0.07396,0.07403,0.07237,0.07306,141484722.0,2023-11-30 23:59:59.999,10333831.07266
2023-12-01,0.07305,0.07462,0.07247,0.07442,244334885.0,2023-12-01 23:59:59.999,18027139.05985
2023-12-02,0.07443,0.07705,0.07424,0.07646,229819289.0,2023-12-02 23:59:59.999,17386868.25109
2023-12-03,0.07646,0.07792,0.07568,0.07752,262833345.0,2023-12-03 23:59:59.999,20179630.07092
2023-12-04,0.07753,0.07939,0.07454,0.07836,514728089.0,2023-12-04 23:59:59.999,39825216.71997
2023-12-05,0.07837,0.07981,0.07669,0.07952,349630410.0,2023-12-05 23:59:59.999,27420745.73797
2023-12-06,0.07953,0.08442,0.07892,0.08131,840987209.0,2023-12-06 23:59:59.999,68933634.60093
2023-12-07,0.08132,0.09,0.08079,0.08832,1028995068.0,2023-12-07 23:59:59.999,87453079.10353
2023-12-08,0.08832,0.09354,0.08565,0.09159,643324460.0,2023-12-08 23:59:59.999,57521574.35288
2023-12-09,0.09157,0.09464,0.0892,0.09038,613219866.0,2023-12-09 23:59:59.999,56662469.55617
2023-12-10,0.09038,0.0945,0.08862,0.09058,373455203.0,2023-12-10 23:59:59.999,33997223.21767
2023-12-11,0.09058,0.09097,0.07964,0.08298,881968223.0,2023-12-11 23:59:59.999,74091642.00329
2023-12-12,0.08298,0.0846,0.08161,0.08404,458948077.0,2023-12-12 23:59:59.999,38166428.10193
2023-12-13,0.08403,0.08654,0.07958,0.08511,487657879.0,2023-12-13 23:59:59.999,40290066.00946
2023-12-14,0.0851,0.08829,0.0814,0.08659,486349189.0,2023-12-14 23:59:59.999,41851876.94052
2023-12-15,0.08658,0.08669,0.08175,0.08239,332263495.0,2023-12-15 23:59:59.999,28031906.15495
2023-12-16,0.08239,0.08446,0.08131,0.08335,278737624.0,2023-12-16 23:59:59.999,23194797.34777
2023-12-17,0.08335,0.08419,0.08059,0.08099,294574012.0,2023-12-17 23:59:59.999,24343716.38979
2023-12-18,0.08099,0.08152,0.07493,0.07973,521653292.0,2023-12-18 23:59:59.999,40807670.11538
2023-12-19,0.07974,0.08132,0.07797,0.07893,328356437.0,2023-12-19 23:59:59.999,26199482.67334
2023-12-20,0.07891,0.08576,0.07878,0.08321,725724364.0,2023-12-20 23:59:59.999,60005944.57856
2023-12-21,0.0832,0.08554,0.08225,0.08476,355010416.0,2023-12-21 23:59:59.999,29817118.64406
2023-12-22,0.08478,0.08781,0.08394,0.0873,373445153.0,2023-12-22 23:59:59.999,31953036.59835
2023-12-23,0.08733,0.08741,0.084,0.08604,223446160.0,2023-12-23 23:59:59.999,19087736.66193
2023-12-24,0.08603,0.08997,0.08421,0.08639,408305916.0,2023-12-24 23:59:59.999,35405418.88678
2023-12-25,0.08639,0.09095,0.08545,0.09024,378903237.0,2023-12-25 23:59:59.999,33620315.15094
2023-12-26,0.09027,0.09212,0.0825,0.08811,566212427.0,2023-12-26 23:59:59.999,50000689.55063
2023-12-27,0.08812,0.09548,0.0881,0.09446,647521365.0,2023-12-27 23:59:59.999,59791056.56226
2023-12-28,0.09446,0.09561,0.08905,0.09024,412559504.0,2023-12-28 23:59:59.999,37907428.54006
2023-12-29,0.09025,0.09144,0.08624,0.08829,404281237.0,2023-12-29 23:59:59.999,35910202.76865
2023-12-30,0.08828,0.08916,0.08596,0.08811,199843679.0,2023-12-30 23:59:59.999,17552080.96323
2023-12-31,0.08811,0.08904,0.08466,0.08639,215394485.0,2023-12-31 23:59:59.999,18894373.28623
2024-01-01,0.08639,0.09002,0.08516,0.08987,210273494.0,2024-01-01 23:59:59.999,18424719.19762
2024-01-02,0.08987,0.09193,0.08663,0.08763,324492282.0,2024-01-02 23:59:59.999,29001077.60306
2024-01-03,0.08763,0.09031,0.07265,0.08054,791806020.0,2024-01-03 23:59:59.999,64755033.74137
2024-01-04,0.08054,0.08283,0.07919,0.0817,297974286.0,2024-01-04 23:59:59.999,24221910.61707
2024-01-05,0.08171,0.08232,0.077,0.07992,445848979.0,2024-01-05 23:59:59.999,35509693.11415
2024-01-06,0.07991,0.07993,0.07574,0.07835,359898276.0,2024-01-06 23:59:59.999,27963100.05728
2024-01-07,0.07834,0.07967,0.07428,0.07519,420800967.0,2024-01-07 23:59:59.999,32662379.50316
2024-01-08,0.07518,0.07759,0.06959,0.07741,642316731.0,2024-01-08 23:59:59.999,47061683.61344
2024-01-09,0.07741,0.07784,0.07236,0.07507,477077558.0,2024-01-09 23:59:59.999,35659543.18643
2024-01-10,0.07508,0.08088,0.07206,0.07963,447174734.0,2024-01-10 23:59:59.999,33842295.6537
2024-01-11,0.07965,0.08412,0.07921,0.08236,470876620.0,2024-01-11 23:59:59.999,38432576.41098
2024-01-12,0.08236,0.08407,0.07615,0.07947,416388182.0,2024-01-12 23:59:59.999,33780282.91025
2024-01-13,0.0795,0.08801,0.07772,0.08705,946586658.0,2024-01-13 23:59:59.999,80633720.97407
2024-01-14,0.08705,0.08828,0.08307,0.08329,503500265.0,2024-01-14 23:59:59.999,43264417.82571
2024-01-15,0.0833,0.09314,0.0833,0.08962,850100584.0,2024-01-15 23:59:59.999,75843884.86339
2024-01-16,0.08962,0.10977,0.08908,0.10323,3646244531.0,2024-01-16 23:59:59.999,376116157.78651
2024-01-17,0.10323,0.11187,0.1,0.10016,2708418949.0,2024-01-17 23:59:59.999,287687348.45415
2024-01-18,0.10016,0.1043,0.09311,0.09343,1545814814.0,2024-01-18 23:59:59.999,152338794.52349
2024-01-19,0.09343,0.09355,0.08579,0.08974,1238595928.0,2024-01-19 23:59:59.999,111416647.92355
2024-01-20,0.08974,0.10646,0.08835,0.10419,2236989390.0,2024-01-20 23:59:59.999,220988500.11644
2024-01-21,0.10419,0.10753,0.09664,0.09697,1762087352.0,2024-01-21 23:59:59.999,181511289.64969
2024-01-22,0.09698,0.09744,0.09084,0.09284,1395645394.0,2024-01-22 23:59:59.999,131046857.93619
2024-01-23,0.09285,0.10112,0.09093,0.10071,2683093104.0,2024-01-23 23:59:59.999,259489854.62196
2024-01-24,0.10071,0.10223,0.09402,0.09702,1224826218.0,2024-01-24 23:59:59.999,120350468.44798
2024-01-25,0.09702,0.10988,0.09616,0.10775,2927707049.0,2024-01-25 23:59:59.999,306521164.67551
2024-01-26,0.10774,0.11634,0.10757,0.10843,2628435226.0,2024-01-26 23:59:59.999,293731484.57948
2024-01-27,0.10843,0.11417,0.10559,0.11192,1079939037.0,2024-01-27 23:59:59.999,117323317.67386
2024-01-28,0.11192,0.11338,0.10291,0.10324,927553626.0,2024-01-28 23:59:59.999,100048835.38964
2024-01-29,0.10325,0.1093,0.10291,0.10588,919068988.0,2024-01-29 23:59:59.999,97837760.09057
2024-01-30,0.10588,0.10696,0.10093,0.10175,756076726.0,2024-01-30 23:59:59.999,78859021.49081
2024-01-31,0.10176,0.10224,0.09714,0.09979,836519907.0,2024-01-31 23:59:59.999,83185514.76506
2024-02-01,0.0998,0.10445,0.09757,0.1044,1278968732.0,2024-02-01 23:59:59.999,129422022.19505
2024-02-02,0.10438,0.10456,0.10013,0.1022,542915823.0,2024-02-02 23:59:59.999,55388093.92376
2024-02-03,0.1022,0.10594,0.10035,0.10432,650041842.0,2024-02-03 23:59:59.999,67189505.41781
2024-02-04,0.10432,0.10433,0.10001,0.10048,501556575.0,2024-02-04 23:59:59.999,51253038.93843
2024-02-05,0.10049,0.10158,0.09746,0.09927,501241969.0,2024-02-05 23:59:59.999,49828811.24131
2024-02-06,0.09927,0.10286,0.09886,0.09998,428540469.0,2024-02-06 23:59:59.999,43092994.23456
2024-02-07,0.09997,0.10279,0.09806,0.10194,378047621.0,2024-02-07 23:59:59.999,37952968.03376
2024-02-08,0.10193,0.10267,0.1001,0.10057,239128516.0,2024-02-08 23:59:59.999,24228067.91582
2024-02-09,0.10057,0.10378,0.10019,0.10345,331504916.0,2024-02-09 23:59:59.999,33705677.5878
2024-02-10,0.10346,0.10472,0.10038,0.10137,261374931.0,2024-02-10 23:59:59.999,26709476.24406
2024-02-11,0.10137,0.1024,0.09934,0.10031,265948508.0,2024-02-11 23:59:59.999,26891753.60138
2024-02-12,0.10032,0.10245,0.0982,0.10179,418112165.0,2024-02-12 23:59:59.999,42004985.95149
2024-02-13,0.1018,0.10259,0.0975,0.09946,478202675.0,2024-02-13 23:59:59.999,47832661.52991
2024-02-14,0.09946,0.1059,0.09858,0.10419,541569658.0,2024-02-14 23:59:59.999,55634220.60233
2024-02-15,0.1042,0.10832,0.10322,0.10813,696807123.0,2024-02-15 23:59:59.999,74388081.25657
2024-02-16,0.10812,0.11811,0.10617,0.11801,827533331.0,2024-02-16 23:59:59.999,91594982.55668
2024-02-17,0.11802,0.11818,0.11115,0.11342,815585398.0,2024-02-17 23:59:59.999,93520989.09525
2024-02-18,0.11343,0.11627,0.11146,0.11399,445694003.0,2024-02-18 23:59:59.999,50873074.58889
2024-02-19,0.11399,0.12415,0.11269,0.12169,714823720.0,2024-02-19 23:59:59.999,83809445.99647
2024-02-20,0.1217,0.12725,0.11336,0.12566,1312282162.0,2024-02-20 23:59:59.999,159476254.39597
2024-02-21,0.12567,0.12804,0.11593,0.1196,798771890.0,2024-02-21 23:59:59.999,97138228.68581
2024-02-22,0.1196,0.13498,0.11637,0.12733,966097135.0,2024-02-22 23:59:59.999,124228967.33163
2024-02-23,0.12733,0.13275,0.12305,0.12401,570107411.0,2024-02-23 23:59:59.999,72604293.87717
2024-02-24,0.124,0.1279,0.12208,0.12626,316417787.0,2024-02-24 23:59:59.999,39604095.91737
2024-02-25,0.12622,0.12986,0.12511,0.12629,314077859.0,2024-02-25 23:59:59.999,40042777.90732
2024-02-26,0.12629,0.13952,0.12507,0.13851,685324195.0,2024-02-26 23:59:59.999,91207395.45997
2024-02-27,0.13851,0.14714,0.13611,0.14493,699050695.0,2024-02-27 23:59:59.999,98078847.21089
2024-02-28,0.1449,0.14688,0.12591,0.13839,785775187.0,2024-02-28 23:59:59.999,109688903.07643
2024-02-29,0.13839,0.14668,0.13571,0.14234,566738739.0,2024-02-29 23:59:59.999,80727202.62576
2024-03-01,0.14235,0.16753,0.14153,0.16175,871305003.0,2024-03-01 23:59:59.999,137429436.09327
2024-03-02,0.16173,0.16465,0.15583,0.16279,528290439.0,2024-03-02 23:59:59.999,84623265.64361
2024-03-03,0.16284,0.16465,0.14024,0.15386,760618866.0,2024-03-03 23:59:59.999,116717049.253
2024-03-04,0.15387,0.15636,0.1468,0.15069,520803781.0,2024-03-04 23:59:59.999,79254590.13886
2024-03-05,0.15069,0.16001,0.11246,0.13548,1136678817.0,2024-03-05 23:59:59.999,162619004.64126
2024-03-06,0.13548,0.15307,0.1296,0.1485,835912241.0,2024-03-06 23:59:59.999,120599642.65503
2024-03-07,0.14851,0.15441,0.14387,0.15155,579495386.0,2024-03-07 23:59:59.999,86526206.54109
2024-03-08,0.15154,0.1604,0.14277,0.15388,830951158.0,2024-03-08 23:59:59.999,127212204.37566
2024-03-09,0.15387,0.16222,0.15129,0.15511,437861834.0,2024-03-09 23:59:59.999,68032765.79504
2024-03-10,0.15512,0.15801,0.14564,0.15017,405922374.0,2024-03-10 23:59:59.999,62025519.57678
2024-03-11,0.15022,0.1651,0.1415,0.16171,751414293.0,2024-03-11 23:59:59.999,117348572.2772
2024-03-12,0.16174,0.16705,0.14613,0.1584,563457488.0,2024-03-12 23:59:59.999,88510498.92357
2024-03-13,0.15838,0.16837,0.15611,0.16672,627632496.0,2024-03-13 23:59:59.999,101685430.14631
2024-03-14,0.16674,0.16687,0.15,0.15871,532472143.0,2024-03-14 23:59:59.999,84429439.98024
2024-03-15,0.15873,0.16114,0.13632,0.14753,726276180.0,2024-03-15 23:59:59.999,106623967.51773
2024-03-16,0.14754,0.14858,0.12921,0.13348,549599647.0,2024-03-16 23:59:59.999,76444433.07216
2024-03-17,0.13348,0.14145,0.12601,0.13965,491245486.0,2024-03-17 23:59:59.999,66356926.98631
2024-03-18,0.13968,0.14197,0.129,0.13283,534709609.0,2024-03-18 23:59:59.999,72665481.40435
2024-03-19,0.13283,0.13399,0.11623,0.12083,760270344.0,2024-03-19 23:59:59.999,93762655.8886
2024-03-20,0.12083,0.13369,0.116,0.1332,585834685.0,2024-03-20 23:59:59.999,72797332.26532
2024-03-21,0.1332,0.13898,0.13013,0.13814,474738551.0,2024-03-21 23:59:59.999,64273522.93682
2024-03-22,0.13814,0.14253,0.12905,0.13393,527880841.0,2024-03-22 23:59:59.999,71628508.27966
2024-03-23,0.13394,0.1382,0.13226,0.13404,285970403.0,2024-03-23 23:59:59.999,38766633.85324
2024-03-24,0.13402,0.1399,0.13231,0.13888,202279724.0,2024-03-24 23:59:59.999,27541088.59769
2024-03-25,0.13887,0.14694,0.13753,0.14541,291146232.0,2024-03-25 23:59:59.999,41585939.17741
2024-03-26,0.14541,0.1521,0.14446,0.14771,298122706.0,2024-03-26 23:59:59.999,44378926.70565
2024-03-27,0.14771,0.14932,0.13909,0.14203,402046566.0,2024-03-27 23:59:59.999,58028545.97428
2024-03-28,0.14201,0.14645,0.13855,0.14578,246384091.0,2024-03-28 23:59:59.999,35196070.58895
2024-03-29,0.1458,0.15439,0.14257,0.15186,456204973.0,2024-03-29 23:59:59.999,67641410.94492
2024-03-30,0.15185,0.15417,0.14509,0.1471,281184854.0,2024-03-30 23:59:59.999,42033837.82237
2024-03-31,0.14709,0.15118,0.14662,0.14992,193004729.0,2024-03-31 23:59:59.999,28825280.9699
2024-04-01,0.14992,0.15047,0.13562,0.13944,348441586.0,2024-04-01 23:59:59.999,49413691.97708
2024-04-02,0.13945,0.13945,0.12791,0.12988,360610970.0,2024-04-02 23:59:59.999,47485252.04938
2024-04-03,0.1299,0.1339,0.12567,0.13088,283720391.0,2024-04-03 23:59:59.999,37058199.88601
2024-04-04,0.13087,0.14514,0.13028,0.14464,713982102.0,2024-04-04 23:59:59.999,99756138.49234
2024-04-05,0.14466,0.1449,0.13513,0.14032,465004952.0,2024-04-05 23:59:59.999,65363214.27087
2024-04-06,0.14031,0.153,0.13952,0.15044,446324635.0,2024-04-06 23:59:59.999,66304206.49867
2024-04-07,0.15043,0.15416,0.14643,0.14813,374870593.0,2024-04-07 23:59:59.999,56359891.84976
2024-04-08,0.14813,0.16097,0.1452,0.1581,375178357.0,2024-04-08 23:59:59.999,58066836.06377
2024-04-09,0.1581,0.1627,0.14677,0.14734,422055760.0,2024-04-09 23:59:59.999,65375884.25382
2024-04-10,0.14733,0.14986,0.13942,0.14759,375369042.0,2024-04-10 23:59:59.999,54537615.28099
2024-04-11,0.14762,0.15003,0.14043,0.14203,255623101.0,2024-04-11 23:59:59.999,36969714.70441
2024-04-12,0.14201,0.14435,0.102,0.12004,646700480.0,2024-04-12 23:59:59.999,81411356.06575
2024-04-13,0.12004,0.12006,0.08387,0.09791,1062397552.0,2024-04-13 23:59:59.999,110345593.05931
2024-04-14,0.09792,0.10976,0.09273,0.10727,700898782.0,2024-04-14 23:59:59.999,70796458.92612
2024-04-15,0.10728,0.11346,0.10037,0.10216,603635776.0,2024-04-15 23:59:59.999,64288397.44775
2024-04-16,0.10218,0.10897,0.09774,0.10738,646078367.0,2024-04-16 23:59:59.999,66894743.35117
2024-04-17,0.10738,0.11277,0.10401,0.10904,939765848.0,2024-04-17 23:59:59.999,101462624.34411
2024-04-18,0.10905,0.1145,0.10475,0.10817,725187811.0,2024-04-18 23:59:59.999,78751646.92337
2024-04-19,0.10817,0.11054,0.09906,0.10845,671378791.0,2024-04-19 23:59:59.999,71378155.23199
2024-04-20,0.10845,0.11862,0.10657,0.11819,395620730.0,2024-04-20 23:59:59.999,44883429.79657
2024-04-21,0.11818,0.11895,0.11336,0.11601,250170725.0,2024-04-21 23:59:59.999,29182476.05545
2024-04-22,0.11602,0.11978,0.11513,0.11851,273078257.0,2024-04-22 23:59:59.999,32098716.21891
2024-04-23,0.1185,0.12026,0.11441,0.11718,263022516.0,2024-04-23 23:59:59.999,30761938.7859
2024-04-24,0.11718,0.1313,0.11597,0.11729,772606974.0,2024-04-24 23:59:59.999,94928640.54483
2024-04-25,0.11729,0.12268,0.11276,0.12001,422742542.0,2024-04-25 23:59:59.999,49715532.46521
2024-04-26,0.12,0.12061,0.11504,0.1166,271498520.0,2024-04-26 23:59:59.999,31909344.06473
2024-04-27,0.1166,0.11775,0.11088,0.11296,272137048.0,2024-04-27 23:59:59.999,30881925.98994
2024-04-28,0.11295,0.11605,0.11067,0.1113,199122931.0,2024-04-28 23:59:59.999,22594803.38783
2024-04-29,0.1113,0.1155,0.10884,0.11303,401750214.0,2024-04-29 23:59:59.999,44980291.90498
2024-04-30,0.11305,0.11749,0.10322,0.10766,664146804.0,2024-04-30 23:59:59.999,72964869.95215
2024-05-01,0.10766,0.11693,0.10416,0.11637,719103645.0,2024-05-01 23:59:59.999,79568062.25822
2024-05-02,0.11638,0.11995,0.11149,0.11789,349275299.0,2024-05-02 23:59:59.999,40425185.59628
2024-05-03,0.1179,0.12143,0.11469,0.12023,301322306.0,2024-05-03 23:59:59.999,35685425.88131
2024-05-04,0.12023,0.12165,0.11827,0.11943,186543631.0,2024-05-04 23:59:59.999,22354334.36653
2024-05-05,0.11945,0.12297,0.11627,0.12133,207238950.0,2024-05-05 23:59:59.999,24783806.81409
2024-05-06,0.12133,0.1282,0.12094,0.12177,338322314.0,2024-05-06 23:59:59.999,42025705.23526
2024-05-07,0.12177,0.12999,0.12115,0.12562,381935822.0,2024-05-07 23:59:59.999,48188505.54127
2024-05-08,0.12561,0.1299,0.12066,0.12179,469814180.0,2024-05-08 23:59:59.999,58963780.10567
2024-05-09,0.1218,0.12865,0.11956,0.12806,356425853.0,2024-05-09 23:59:59.999,43865581.19323
2024-05-10,0.12806,0.13199,0.12254,0.12567,421098962.0,2024-05-10 23:59:59.999,53914635.23591
2024-05-11,0.1257,0.12688,0.12157,0.12237,204590282.0,2024-05-11 23:59:59.999,25306701.5387
2024-05-12,0.12238,0.12796,0.12182,0.12624,202040258.0,2024-05-12 23:59:59.999,25276707.29607
2024-05-13,0.12623,0.12663,0.11538,0.11704,467547614.0,2024-05-13 23:59:59.999,56022125.90212
2024-05-14,0.11703,0.11806,0.11111,0.11162,359562749.0,2024-05-14 23:59:59.999,41139586.64633
2024-05-15,0.11162,0.11994,0.1107,0.11937,314210297.0,2024-05-15 23:59:59.999,36489167.93377
2024-05-16,0.11936,0.12262,0.11582,0.11777,286082261.0,2024-05-16 23:59:59.999,34132090.30459
2024-05-17,0.11778,0.122,0.11528,0.12074,248896878.0,2024-05-17 23:59:59.999,29633872.11034
2024-05-18,0.12074,0.12329,0.11867,0.11947,175084137.0,2024-05-18 23:59:59.999,21175719.09642
2024-05-19,0.11946,0.12089,0.1137,0.11433,224740756.0,2024-05-19 23:59:59.999,26312470.54235
2024-05-20,0.11432,0.12505,0.11317,0.12503,377228037.0,2024-05-20 23:59:59.999,44842581.33037
2024-05-21,0.12505,0.1274,0.12212,0.12448,311066677.0,2024-05-21 23:59:59.999,38835564.56646
2024-05-22,0.12449,0.12666,0.11891,0.12158,319638735.0,2024-05-22 23:59:59.999,39338165.97567
2024-05-23,0.12159,0.12404,0.1089,0.11685,450888342.0,2024-05-23 23:59:59.999,52882622.41407
2024-05-24,0.11684,0.1188,0.11382,0.11726,211991633.0,2024-05-24 23:59:59.999,24712371.89835
2024-05-25,0.11725,0.14303,0.11695,0.1363,1336591315.0,2024-05-25 23:59:59.999,179968905.77624
2024-05-26,0.1363,0.13961,0.1314,0.13407,1549351473.0,2024-05-26 23:59:59.999,209136855.33796
2024-05-27,0.13408,0.13794,0.1323,0.13765,706441220.0,2024-05-27 23:59:59.999,95305011.71848
2024-05-28,0.13765,0.15576,0.1328,0.15414,1513087424.0,2024-05-28 23:59:59.999,220890833.04194
2024-05-29,0.15414,0.15995,0.14774,0.15443,1156395707.0,2024-05-29 23:59:59.999,178370894.07156
2024-05-30,0.15443,0.16524,0.14348,0.146,1156575572.0,2024-05-30 23:59:59.999,175143222.53893
2024-05-31,0.146,0.1489,0.14014,0.14198,596000477.0,2024-05-31 23:59:59.999,86049290.42376
2024-06-01,0.14199,0.15341,0.14158,0.15109,628876859.0,2024-06-01 23:59:59.999,93849004.08722
2024-06-02,0.15108,0.15205,0.14045,0.14173,486282835.0,2024-06-02 23:59:59.999,70658732.10821
2024-06-03,0.14174,0.149,0.14133,0.14499,577753976.0,2024-06-03 23:59:59.999,83671210.23526
2024-06-04,0.145,0.14784,0.1425,0.14485,429605910.0,2024-06-04 23:59:59.999,62286956.23305
2024-06-05,0.14485,0.14705,0.14204,0.14673,379355586.0,2024-06-05 23:59:59.999,54889128.91707
2024-06-06,0.14673,0.14794,0.13497,0.13731,396698780.0,2024-06-06 23:59:59.999,56272811.13025
2024-06-07,0.1373,0.1402,0.10947,0.12443,755198545.0,2024-06-07 23:59:59.999,97096604.51539
2024-06-08,0.12443,0.12506,0.11572,0.11723,445674822.0,2024-06-08 23:59:59.999,53414125.33266
2024-06-09,0.11723,0.13195,0.11701,0.12977,719225733.0,2024-06-09 23:59:59.999,90380314.91613
2024-06-10,0.12978,0.13047,0.12133,0.12549,718249143.0,2024-06-10 23:59:59.999,90854250.63035
2024-06-11,0.1255,0.12838,0.11463,0.1173,763306509.0,2024-06-11 23:59:59.999,92971265.5292
2024-06-12,0.11729,0.12372,0.11318,0.12025,548804012.0,2024-06-12 23:59:59.999,65371723.61522
2024-06-13,0.12024,0.1205,0.1108,0.11243,463317753.0,2024-06-13 23:59:59.999,53515374.68067
2024-06-14,0.11244,0.12029,0.10358,0.10826,806330376.0,2024-06-14 23:59:59.999,90991471.11618
2024-06-15,0.10825,0.10833,0.10228,0.10404,532663392.0,2024-06-15 23:59:59.999,55943124.23138
2024-06-16,0.10404,0.10445,0.09915,0.10089,464465953.0,2024-06-16 23:59:59.999,46940728.32815
2024-06-17,0.10088,0.10162,0.0873,0.08995,836500684.0,2024-06-17 23:59:59.999,78574469.47487
2024-06-18,0.08996,0.09041,0.0713,0.08021,1099378974.0,2024-06-18 23:59:59.999,88900992.10429
2024-06-19,0.08021,0.08282,0.07881,0.08002,442513088.0,2024-06-19 23:59:59.999,35708249.57402
2024-06-20,0.08003,0.08311,0.07808,0.07942,443945529.0,2024-06-20 23:59:59.999,35855518.51458
2024-06-21,0.07941,0.08084,0.07616,0.07757,456574657.0,2024-06-21 23:59:59.999,35851887.35656
2024-06-22,0.07756,0.07843,0.07631,0.07721,259840700.0,2024-06-22 23:59:59.999,20105842.61223
2024-06-23,0.0772,0.07886,0.07435,0.07528,311641806.0,2024-06-23 23:59:59.999,24010756.706
2024-06-24,0.07527,0.07698,0.06925,0.07675,536121298.0,2024-06-24 23:59:59.999,39592794.98225
2024-06-25,0.07675,0.0806,0.07624,0.07901,287567868.0,2024-06-25 23:59:59.999,22579808.50121
2024-06-26,0.07902,0.07966,0.07608,0.07699,258547644.0,2024-06-26 23:59:59.999,20164163.4301
2024-06-27,0.07699,0.07934,0.07511,0.07762,250169907.0,2024-06-27 23:59:59.999,19304755.73511
2024-06-28,0.07761,0.07852,0.0751,0.07517,294126267.0,2024-06-28 23:59:59.999,22687849.52279
2024-06-29,0.07516,0.07625,0.07313,0.07339,218775914.0,2024-06-29 23:59:59.999,16410634.55263
2024-06-30,0.0734,0.07608,0.07193,0.0758,266738418.0,2024-06-30 23:59:59.999,19708091.43205
2024-07-01,0.0758,0.07701,0.07377,0.07481,267751092.0,2024-07-01 23:59:59.999,20245512.99972
2024-07-02,0.07481,0.07677,0.0739,0.0761,271079242.0,2024-07-02 23:59:59.999,20368651.48127
2024-07-03,0.0761,0.07657,0.07022,0.07088,347389058.0,2024-07-03 23:59:59.999,25251345.43308
2024-07-04,0.07089,0.07149,0.062,0.0626,640999267.0,2024-07-04 23:59:59.999,42692225.142
2024-07-05,0.0626,0.0627,0.05401,0.06222,999507205.0,2024-07-05 23:59:59.999,58500744.55184
2024-07-06,0.06222,0.06915,0.0618,0.06863,423659525.0,2024-07-06 23:59:59.999,27675280.58118
2024-07-07,0.06864,0.06864,0.06293,0.06334,337942268.0,2024-07-07 23:59:59.999,22407563.07945
2024-07-08,0.06335,0.06757,0.06038,0.06544,495198213.0,2024-07-08 23:59:59.999,31878552.808
2024-07-09,0.06544,0.0672,0.06452,0.06625,261797855.0,2024-07-09 23:59:59.999,17254396.60837
2024-07-10,0.06625,0.06805,0.06532,0.06652,194157351.0,2024-07-10 23:59:59.999,12930999.86556
2024-07-11,0.06652,0.06879,0.06468,0.06492,248484690.0,2024-07-11 23:59:59.999,16577738.91915
2024-07-12,0.06491,0.0664,0.06368,0.06585,194699169.0,2024-07-12 23:59:59.999,12676431.99681
2024-07-13,0.06585,0.0689,0.06568,0.06796,157627714.0,2024-07-13 23:59:59.999,10587280.74448
2024-07-14,0.06795,0.06941,0.067,0.06888,161441547.0,2024-07-14 23:59:59.999,11002408.94369
2024-07-15,0.06887,0.07274,0.06875,0.07245,215033217.0,2024-07-15 23:59:59.999,15147235.36493
2024-07-16,0.07246,0.07418,0.0687,0.07333,329960202.0,2024-07-16 23:59:59.999,23717756.2635
2024-07-17,0.07333,0.07516,0.07132,0.07218,264013973.0,2024-07-17 23:59:59.999,19445913.19283
2024-07-18,0.07217,0.07389,0.06801,0.06978,246455982.0,2024-07-18 23:59:59.999,17502851.07281
2024-07-19,0.06978,0.07437,0.06817,0.07381,275828087.0,2024-07-19 23:59:59.999,19795902.54121
2024-07-20,0.07381,0.07485,0.07267,0.07377,192628816.0,2024-07-20 23:59:59.999,14209527.15606
2024-07-21,0.07378,0.07626,0.07134,0.07544,309906661.0,2024-07-21 23:59:59.999,23083497.99118
2024-07-22,0.07543,0.07599,0.07102,0.07163,223500851.0,2024-07-22 23:59:59.999,16345573.69267
2024-07-23,0.07163,0.07274,0.06863,0.06928,234609918.0,2024-07-23 23:59:59.999,16547838.16806
2024-07-24,0.06927,0.07154,0.06791,0.06878,203941582.0,2024-07-24 23:59:59.999,14262250.66305
2024-07-25,0.06878,0.06938,0.06424,0.06676,294694753.0,2024-07-25 23:59:59.999,19524338.74419
2024-07-26,0.06676,0.07038,0.06644,0.07007,217736502.0,2024-07-26 23:59:59.999,15075330.25017
2024-07-27,0.07006,0.07143,0.06838,0.07028,200619838.0,2024-07-27 23:59:59.999,14079116.40437
2024-07-28,0.07028,0.07033,0.06764,0.0684,122929295.0,2024-07-28 23:59:59.999,8484469.77417
2024-07-29,0.0684,0.0708,0.06738,0.06763,228501995.0,2024-07-29 23:59:59.999,15789012.96949
2024-07-30,0.06762,0.06905,0.06506,0.0661,209678753.0,2024-07-30 23:59:59.999,14114343.97903
2024-07-31,0.0661,0.06722,0.0642,0.06469,214937685.0,2024-07-31 23:59:59.999,14172011.51108
2024-08-01,0.0647,0.06519,0.05939,0.06366,347011805.0,2024-08-01 23:59:59.999,21706544.81058
2024-08-02,0.06367,0.06398,0.05907,0.05994,327525421.0,2024-08-02 23:59:59.999,20083217.66864
2024-08-03,0.05995,0.06065,0.05524,0.05733,349806069.0,2024-08-03 23:59:59.999,20302891.53193
2024-08-04,0.05732,0.0583,0.0524,0.05485,375474286.0,2024-08-04 23:59:59.999,20947965.50966
2024-08-05,0.05486,0.05527,0.04271,0.05033,1526883076.0,2024-08-05 23:59:59.999,73255688.74992
2024-08-06,0.05034,0.05417,0.05025,0.05268,351804635.0,2024-08-06 23:59:59.999,18543139.63932
2024-08-07,0.05268,0.05419,0.0503,0.05097,372123357.0,2024-08-07 23:59:59.999,19529214.73782
2024-08-08,0.05098,0.05633,0.05012,0.05608,307557813.0,2024-08-08 23:59:59.999,16527581.9127
2024-08-09,0.05609,0.0562,0.05401,0.05546,205761181.0,2024-08-09 23:59:59.999,11337951.42131
2024-08-10,0.05547,0.05793,0.05488,0.05744,181806336.0,2024-08-10 23:59:59.999,10279108.69347
2024-08-11,0.05743,0.05842,0.05305,0.05354,204400773.0,2024-08-11 23:59:59.999,11447562.77664
2024-08-12,0.05354,0.05646,0.05301,0.05557,275128805.0,2024-08-12 23:59:59.999,15090712.00926
2024-08-13,0.05557,0.05686,0.05417,0.05632,156910994.0,2024-08-13 23:59:59.999,8698444.01581
2024-08-14,0.05632,0.05684,0.05408,0.05475,160194276.0,2024-08-14 23:59:59.999,8882743.27841
2024-08-15,0.05474,0.05575,0.05236,0.05292,205199217.0,2024-08-15 23:59:59.999,11095759.69571
2024-08-16,0.05292,0.05358,0.05112,0.05249,169023093.0,2024-08-16 23:59:59.999,8869331.44885
2024-08-17,0.05249,0.05326,0.05202,0.05322,126373441.0,2024-08-17 23:59:59.999,6650543.60913
2024-08-18,0.05321,0.05479,0.05255,0.05363,143353256.0,2024-08-18 23:59:59.999,7704943.25076
2024-08-19,0.05363,0.05444,0.05255,0.05429,184336690.0,2024-08-19 23:59:59.999,9874808.41184
2024-08-20,0.0543,0.05587,0.05365,0.05486,181904729.0,2024-08-20 23:59:59.999,10006670.78448
2024-08-21,0.05486,0.05765,0.05451,0.05699,201692842.0,2024-08-21 23:59:59.999,11315385.01758
2024-08-22,0.05698,0.05901,0.05591,0.05877,211552376.0,2024-08-22 23:59:59.999,12222065.42481
2024-08-23,0.05877,0.06194,0.05835,0.06152,227061214.0,2024-08-23 23:59:59.999,13577176.13428
2024-08-24,0.06151,0.06376,0.06061,0.06219,239237745.0,2024-08-24 23:59:59.999,14897096.40449
2024-08-25,0.06218,0.06228,0.05866,0.06053,220572230.0,2024-08-25 23:59:59.999,13340084.84831
2024-08-26,0.06052,0.06108,0.05671,0.05703,232163851.0,2024-08-26 23:59:59.999,13713124.91765
2024-08-27,0.05703,0.05866,0.05318,0.05448,245389271.0,2024-08-27 23:59:59.999,13843270.6493
2024-08-28,0.05449,0.05582,0.05205,0.05362,250314993.0,2024-08-28 23:59:59.999,13511160.72257
2024-08-29,0.05362,0.05633,0.05268,0.05595,233576573.0,2024-08-29 23:59:59.999,12678114.54754
2024-08-30,0.05595,0.05597,0.05177,0.05402,403662317.0,2024-08-30 23:59:59.999,21733387.66021
2024-08-31,0.05402,0.05434,0.05241,0.05285,177193608.0,2024-08-31 23:59:59.999,9442691.16574
2024-09-01,0.05284,0.05297,0.04953,0.05008,271955438.0,2024-09-01 23:59:59.999,14014397.02571
2024-09-02,0.05007,0.05269,0.04996,0.05239,229704342.0,2024-09-02 23:59:59.999,11765954.24351
2024-09-03,0.05239,0.05308,0.0501,0.0502,161331717.0,2024-09-03 23:59:59.999,8319931.74415
2024-09-04,0.05019,0.05228,0.04776,0.05164,271737076.0,2024-09-04 23:59:59.999,13713414.05695
2024-09-05,0.05165,0.05183,0.04933,0.04976,178511397.0,2024-09-05 23:59:59.999,9013464.35409
2024-09-06,0.04976,0.05089,0.047,0.04857,263087123.0,2024-09-06 23:59:59.999,12942642.31707
2024-09-07,0.04857,0.05097,0.04824,0.05011,177070918.0,2024-09-07 23:59:59.999,8822379.72202
2024-09-08,0.05012,0.05219,0.05002,0.05173,169940484.0,2024-09-08 23:59:59.999,8690800.77298
2024-09-09,0.05172,0.0535,0.05146,0.05303,226628055.0,2024-09-09 23:59:59.999,11877831.71917
2024-09-10,0.05303,0.05366,0.05236,0.05309,165088044.0,2024-09-10 23:59:59.999,8750732.98114
2024-09-11,0.05309,0.05318,0.05055,0.05205,247242354.0,2024-09-11 23:59:59.999,12820358.37548
2024-09-12,0.05203,0.05321,0.05196,0.05311,175887389.0,2024-09-12 23:59:59.999,9261692.77836
2024-09-13,0.05311,0.05434,0.05255,0.05392,201161551.0,2024-09-13 23:59:59.999,10720882.01468
2024-09-14,0.05393,0.05425,0.05289,0.0536,114241368.0,2024-09-14 23:59:59.999,6125518.51134
2024-09-15,0.05359,0.05381,0.05144,0.0519,125864930.0,2024-09-15 23:59:59.999,6677454.66867
2024-09-16,0.05189,0.05213,0.05055,0.05099,177592393.0,2024-09-16 23:59:59.999,9101307.94561
2024-09-17,0.05099,0.05273,0.05051,0.05202,190092576.0,2024-09-17 23:59:59.999,9844885.77984
2024-09-18,0.05202,0.05379,0.05032,0.05379,219321572.0,2024-09-18 23:59:59.999,11345404.26678
2024-09-19,0.05379,0.05625,0.05377,0.0555,237959823.0,2024-09-19 23:59:59.999,13143604.32691
2024-09-20,0.05551,0.05729,0.05499,0.05726,185701071.0,2024-09-20 23:59:59.999,10477530.51181
2024-09-21,0.05726,0.05962,0.05638,0.05948,180352442.0,2024-09-21 23:59:59.999,10505357.00049
2024-09-22,0.05947,0.05947,0.05607,0.05751,161698382.0,2024-09-22 23:59:59.999,9273982.18106
2024-09-23,0.05752,0.0622,0.05644,0.06115,520054229.0,2024-09-23 23:59:59.999,31236441.58642
2024-09-24,0.06114,0.06239,0.05929,0.06169,258792390.0,2024-09-24 23:59:59.999,15667911.0174
2024-09-25,0.06169,0.06927,0.06078,0.06648,1304393846.0,2024-09-25 23:59:59.999,86273480.96428
2024-09-26,0.06645,0.07074,0.06406,0.06911,793222974.0,2024-09-26 23:59:59.999,54014738.78678
2024-09-27,0.0691,0.07148,0.06846,0.0695,424608820.0,2024-09-27 23:59:59.999,29625333.2435
2024-09-28,0.0695,0.07013,0.06577,0.06868,319974118.0,2024-09-28 23:59:59.999,21733521.34526
2024-09-29,0.06869,0.07056,0.06707,0.0691,291852054.0,2024-09-29 23:59:59.999,20031023.3089
2024-09-30,0.0691,0.06977,0.06478,0.0655,349289453.0,2024-09-30 23:59:59.999,23461771.37166
2024-10-01,0.0655,0.06777,0.0584,0.06031,590045671.0,2024-10-01 23:59:59.999,37426085.36937
2024-10-02,0.06031,0.06244,0.05786,0.05901,357623104.0,2024-10-02 23:59:59.999,21542832.20019
2024-10-03,0.05901,0.06063,0.05735,0.0588,301317387.0,2024-10-03 23:59:59.999,17728467.04715
2024-10-04,0.0588,0.06185,0.05855,0.06182,220149481.0,2024-10-04 23:59:59.999,13282283.93902
2024-10-05,0.06182,0.06515,0.06092,0.06234,293320964.0,2024-10-05 23:59:59.999,18477634.04239
2024-10-06,0.06235,0.06375,0.0615,0.06372,199840512.0,2024-10-06 23:59:59.999,12501499.06207
2024-10-07,0.06371,0.06831,0.06235,0.06781,528607077.0,2024-10-07 23:59:59.999,34530967.73908
2024-10-08,0.06781,0.06863,0.06461,0.06591,895935967.0,2024-10-08 23:59:59.999,59630136.45066
2024-10-09,0.0659,0.07594,0.06501,0.06944,3209609180.0,2024-10-09 23:59:59.999,228350356.59479
2024-10-10,0.0694,0.07465,0.06627,0.06881,3325288731.0,2024-10-10 23:59:59.999,233763907.19054
2024-10-11,0.06881,0.0718,0.06761,0.06991,1351696070.0,2024-10-11 23:59:59.999,93788302.61372
2024-10-12,0.0699,0.07217,0.06801,0.06968,728152109.0,2024-10-12 23:59:59.999,50584495.95806
2024-10-13,0.06967,0.07923,0.06884,0.07503,2466696941.0,2024-10-13 23:59:59.999,185645427.07336
2024-10-14,0.07502,0.07945,0.07389,0.07693,1218368799.0,2024-10-14 23:59:59.999,92802455.29318
2024-10-15,0.07693,0.0835,0.07606,0.08247,2030548919.0,2024-10-15 23:59:59.999,162669910.60195
2024-10-16,0.08248,0.08268,0.07569,0.07594,988181976.0,2024-10-16 23:59:59.999,77692982.0843
2024-10-17,0.07592,0.07645,0.07254,0.07558,1082968962.0,2024-10-17 23:59:59.999,80480896.26939
2024-10-18,0.07558,0.076,0.07384,0.07569,420367379.0,2024-10-18 23:59:59.999,31407154.43458
2024-10-19,0.07568,0.07716,0.0735,0.07406,346674995.0,2024-10-19 23:59:59.999,26025845.52501
2024-10-20,0.07405,0.07458,0.07261,0.07428,391910821.0,2024-10-20 23:59:59.999,28828015.57574
2024-10-21,0.0743,0.07492,0.07159,0.07184,469173551.0,2024-10-21 23:59:59.999,34227596.67869
2024-10-22,0.07184,0.07464,0.07053,0.07191,547371349.0,2024-10-22 23:59:59.999,39625410.73877
2024-10-23,0.07192,0.07197,0.06619,0.06851,583597749.0,2024-10-23 23:59:59.999,40234240.30441
2024-10-24,0.06851,0.06864,0.06512,0.06755,570840164.0,2024-10-24 23:59:59.999,38224649.35148
2024-10-25,0.06755,0.06763,0.05775,0.06116,678704717.0,2024-10-25 23:59:59.999,43343713.03166
2024-10-26,0.06117,0.06292,0.05985,0.06167,516331791.0,2024-10-26 23:59:59.999,31785110.14369
2024-10-27,0.06167,0.06246,0.06073,0.06175,325088034.0,2024-10-27 23:59:59.999,20006319.50146
2024-10-28,0.06174,0.06377,0.05936,0.06266,1068013968.0,2024-10-28 23:59:59.999,65708331.25012
2024-10-29,0.06264,0.06461,0.06133,0.0632,818588792.0,2024-10-29 23:59:59.999,51272614.95358
2024-10-30,0.0632,0.06399,0.06112,0.06281,609242829.0,2024-10-30 23:59:59.999,38085248.36829
2024-10-31,0.0628,0.06296,0.05871,0.05908,474788712.0,2024-10-31 23:59:59.999,28872875.11686
2024-11-01,0.05908,0.06041,0.05761,0.0589,457441987.0,2024-11-01 23:59:59.999,26990653.21018
2024-11-02,0.0589,0.06041,0.05739,0.05814,304279315.0,2024-11-02 23:59:59.999,17895269.2989
2024-11-03,0.05814,0.05828,0.05348,0.0553,439393543.0,2024-11-03 23:59:59.999,24358096.04713
2024-11-04,0.05529,0.0567,0.05369,0.05421,668270336.0,2024-11-04 23:59:59.999,36950762.56197
2024-11-05,0.05421,0.05766,0.05418,0.05705,453426815.0,2024-11-05 23:59:59.999,25429519.80077
2024-11-06,0.05705,0.06195,0.05693,0.06182,564458464.0,2024-11-06 23:59:59.999,34025966.30773
2024-11-07,0.06182,0.06299,0.06031,0.06251,465493594.0,2024-11-07 23:59:59.999,28747770.94475
2024-11-08,0.06251,0.06283,0.06004,0.06183,388741078.0,2024-11-08 23:59:59.999,23906391.93248
2024-11-09,0.06184,0.06414,0.06083,0.06401,366369903.0,2024-11-09 23:59:59.999,22918028.37419
2024-11-10,0.064,0.06922,0.06335,0.06697,824156439.0,2024-11-10 23:59:59.999,54762390.9749
2024-11-11,0.06697,0.07216,0.06516,0.07169,1111876289.0,2024-11-11 23:59:59.999,76166950.37832
2024-11-12,0.07168,0.07416,0.06415,0.06812,1150790461.0,2024-11-12 23:59:59.999,78740235.2058
2024-11-13,0.06813,0.06944,0.06183,0.06504,1083956048.0,2024-11-13 23:59:59.999,70465164.2539
2024-11-14,0.06503,0.06753,0.06162,0.06281,688945444.0,2024-11-14 23:59:59.999,44670443.17337
2024-11-15,0.06281,0.06772,0.06136,0.06748,636983621.0,2024-11-15 23:59:59.999,41136797.98466
2024-11-16,0.06749,0.07581,0.06703,0.07521,811516546.0,2024-11-16 23:59:59.999,57980539.53157
2024-11-17,0.07521,0.07538,0.0678,0.0692,631458276.0,2024-11-17 23:59:59.999,45220459.27755
2024-11-18,0.0692,0.09238,0.06855,0.07923,2219305155.0,2024-11-18 23:59:59.999,176227015.54216
2024-11-19,0.07923,0.08596,0.0741,0.07594,1463296581.0,2024-11-19 23:59:59.999,114979112.8956
2024-11-20,0.07593,0.07593,0.07036,0.0716,701602188.0,2024-11-20 23:59:59.999,51358457.36164
2024-11-21,0.07161,0.07563,0.06948,0.07465,693364274.0,2024-11-21 23:59:59.999,50753566.82967
2024-11-22,0.07465,0.07893,0.07319,0.07882,839406878.0,2024-11-22 23:59:59.999,63733136.1983
2024-11-23,0.07882,0.08952,0.07748,0.08677,1477233497.0,2024-11-23 23:59:59.999,124168850.1758
2024-11-24,0.08678,0.10163,0.08574,0.09808,2543983441.0,2024-11-24 23:59:59.999,238231932.99169
2024-11-25,0.09808,0.0984,0.08885,0.09095,1317905234.0,2024-11-25 23:59:59.999,123801728.83737
2024-11-26,0.09095,0.0962,0.08554,0.09021,1145157550.0,2024-11-26 23:59:59.999,102730411.39689
2024-11-27,0.09021,0.09491,0.08735,0.09357,685650044.0,2024-11-27 23:59:59.999,62475059.12232
2024-11-28,0.09357,0.09459,0.08931,0.09422,474027198.0,2024-11-28 23:59:59.999,43500910.76032
2024-11-29,0.09422,0.10467,0.09173,0.10256,661121826.0,2024-11-29 23:59:59.999,64779916.34677
2024-11-30,0.10257,0.10562,0.09837,0.10337,645304452.0,2024-11-30 23:59:59.999,65820480.93745
2024-12-01,0.10337,0.10939,0.10004,0.10652,850793586.0,2024-12-01 23:59:59.999,89883916.67116
2024-12-02,0.10653,0.11525,0.0974,0.11365,1289150464.0,2024-12-02 23:59:59.999,135172431.13419
2024-12-03,0.11366,0.12377,0.10511,0.12235,1881492277.0,2024-12-03 23:59:59.999,218474974.50959
2024-12-04,0.12235,0.14011,0.1177,0.13372,1628296788.0,2024-12-04 23:59:59.999,212505637.64405
2024-12-05,0.13376,0.14319,0.12325,0.13093,1658897140.0,2024-12-05 23:59:59.999,220526610.53203
2024-12-06,0.13094,0.13432,0.12546,0.13101,801858391.0,2024-12-06 23:59:59.999,104620872.9107
2024-12-07,0.13102,0.13379,0.12635,0.1292,550439530.0,2024-12-07 23:59:59.999,71473827.45455
2024-12-08,0.12919,0.13818,0.12606,0.13142,853993274.0,2024-12-08 23:59:59.999,112330616.10275
2024-12-09,0.13143,0.13144,0.09084,0.1062,1366783818.0,2024-12-09 23:59:59.999,156380053.15574
2024-12-10,0.10618,0.10778,0.09126,0.10189,1316109299.0,2024-12-10 23:59:59.999,131552478.80535
2024-12-11,0.10189,0.123,0.09746,0.11995,984007014.0,2024-12-11 23:59:59.999,107619421.61672
2024-12-12,0.11995,0.1243,0.11511,0.11749,908930555.0,2024-12-12 23:59:59.999,108720516.0052
2024-12-13,0.11747,0.11832,0.11234,0.11735,572097017.0,2024-12-13 23:59:59.999,65721709.51832
2024-12-14,0.11735,0.11798,0.10738,0.11024,430729255.0,2024-12-14 23:59:59.999,48297023.33095
2024-12-15,0.11025,0.11361,0.10676,0.1128,410260241.0,2024-12-15 23:59:59.999,45320803.34799
2024-12-16,0.11281,0.11513,0.10601,0.10838,513779980.0,2024-12-16 23:59:59.999,56485377.04139
2024-12-17,0.10837,0.11062,0.10189,0.10323,553909353.0,2024-12-17 23:59:59.999,59222576.81765
2024-12-18,0.10324,0.10385,0.09227,0.09355,798416966.0,2024-12-18 23:59:59.999,79293035.04682
2024-12-19,0.09356,0.09629,0.08306,0.08584,1069640359.0,2024-12-19 23:59:59.999,95803209.26734
2024-12-20,0.08585,0.08978,0.07376,0.08907,1086187729.0,2024-12-20 23:59:59.999,89227551.16664
2024-12-21,0.08907,0.09412,0.0821,0.08335,665712013.0,2024-12-21 23:59:59.999,58121468.9788
2024-12-22,0.08336,0.08716,0.08135,0.08418,564299216.0,2024-12-22 23:59:59.999,47567416.27447
2024-12-23,0.08418,0.09162,0.08189,0.09042,595161659.0,2024-12-23 23:59:59.999,51400405.94481
2024-12-24,0.09042,0.09555,0.0883,0.09435,662300313.0,2024-12-24 23:59:59.999,61490987.94405
2024-12-25,0.09433,0.09528,0.0908,0.09203,317463920.0,2024-12-25 23:59:59.999,29564873.53058
2024-12-26,0.09204,0.09312,0.08374,0.0852,335041904.0,2024-12-26 23:59:59.999,29093777.10969
2024-12-27,0.0852,0.09003,0.08444,0.08548,323058404.0,2024-12-27 23:59:59.999,28007704.62107
2024-12-28,0.08549,0.08932,0.08491,0.08896,216168591.0,2024-12-28 23:59:59.999,18747545.81034
2024-12-29,0.08897,0.08974,0.08312,0.08382,222735975.0,2024-12-29 23:59:59.999,19233026.554
2024-12-30,0.08382,0.08726,0.08121,0.08404,389096729.0,2024-12-30 23:59:59.999,32791547.69606
2024-12-31,0.08404,0.08551,0.08051,0.0819,355587402.0,2024-12-31 23:59:59.999,29451146.22908
2025-01-01,0.08191,0.08659,0.08051,0.08615,283136497.0,2025-01-01 23:59:59.999,23655642.718
2025-01-02,0.08615,0.08994,0.0861,0.08782,289722121.0,2025-01-02 23:59:59.999,25486865.94716
2025-01-03,0.08782,0.09371,0.08685,0.09343,324339216.0,2025-01-03 23:59:59.999,29341860.35363
2025-01-04,0.09343,0.09434,0.09125,0.09196,274277836.0,2025-01-04 23:59:59.999,25419826.70864
2025-01-05,0.09197,0.09324,0.0902,0.09257,235284617.0,2025-01-05 23:59:59.999,21585108.30371
2025-01-06,0.09259,0.09735,0.09067,0.09526,450826392.0,2025-01-06 23:59:59.999,42506236.42398
2025-01-07,0.09525,0.09552,0.08447,0.08452,428176233.0,2025-01-07 23:59:59.999,38308083.37643
2025-01-08,0.08453,0.0857,0.07861,0.08226,477408797.0,2025-01-08 23:59:59.999,39272107.55215
2025-01-09,0.08224,0.08468,0.07966,0.08264,533036760.0,2025-01-09 23:59:59.999,43935201.08459
2025-01-10,0.08264,0.08446,0.08038,0.08365,371292366.0,2025-01-10 23:59:59.999,30621425.33802
2025-01-11,0.08365,0.08513,0.08135,0.08344,223974291.0,2025-01-11 23:59:59.999,18549630.24391
2025-01-12,0.08345,0.08389,0.08004,0.08109,199899331.0,2025-01-12 23:59:59.999,16415638.69453
2025-01-13,0.08109,0.08338,0.07255,0.07879,615276380.0,2025-01-13 23:59:59.999,47309227.11762
2025-01-14,0.07879,0.08155,0.07801,0.08108,279370557.0,2025-01-14 23:59:59.999,22285019.91593
2025-01-15,0.08109,0.08731,0.07967,0.08697,407456456.0,2025-01-15 23:59:59.999,33856146.02804
2025-01-16,0.08697,0.08741,0.0836,0.08493,415541566.0,2025-01-16 23:59:59.999,35582435.4661
2025-01-17,0.08493,0.09075,0.08489,0.08964,391979972.0,2025-01-17 23:59:59.999,34667120.44965
2025-01-18,0.08965,0.09044,0.08175,0.08323,456473583.0,2025-01-18 23:59:59.999,38497965.61707
2025-01-19,0.08322,0.08548,0.07455,0.076,799273826.0,2025-01-19 23:59:59.999,63749509.87567
2025-01-20,0.076,0.0829,0.07308,0.07653,871498600.0,2025-01-20 23:59:59.999,67445354.67103
2025-01-21,0.0765,0.07955,0.07262,0.07791,426130956.0,2025-01-21 23:59:59.999,32306884.90332
2025-01-22,0.07791,0.07888,0.07564,0.07615,241567148.0,2025-01-22 23:59:59.999,18693874.85815
2025-01-23,0.07616,0.07647,0.07282,0.07549,409144319.0,2025-01-23 23:59:59.999,30544788.21504
2025-01-24,0.0755,0.0766,0.07209,0.073,299816276.0,2025-01-24 23:59:59.999,22346082.37591
2025-01-25,0.07301,0.07433,0.0717,0.07373,188470040.0,2025-01-25 23:59:59.999,13811918.25529
2025-01-26,0.07374,0.07615,0.07174,0.07187,188110354.0,2025-01-26 23:59:59.999,14058129.34658
2025-01-27,0.07186,0.07204,0.0645,0.06986,689689016.0,2025-01-27 23:59:59.999,46593013.63764
2025-01-28,0.06985,0.07063,0.06274,0.06382,380093124.0,2025-01-28 23:59:59.999,25542600.78948
2025-01-29,0.06383,0.06759,0.06334,0.06538,383045996.0,2025-01-29 23:59:59.999,25037423.07758
2025-01-30,0.06537,0.07396,0.06461,0.07238,517372326.0,2025-01-30 23:59:59.999,36711482.20235
2025-01-31,0.07238,0.07501,0.07106,0.07189,370512958.0,2025-01-31 23:59:59.999,26900867.12143
2025-02-01,0.07189,0.07344,0.0656,0.06614,249368850.0,2025-02-01 23:59:59.999,17400216.60464
2025-02-02,0.06614,0.06764,0.05431,0.05771,810393014.0,2025-02-02 23:59:59.999,49623892.94735
2025-02-03,0.05772,0.063,0.04345,0.06241,1388330983.0,2025-02-03 23:59:59.999,75197140.09977
2025-02-04,0.0624,0.0635,0.05584,0.05814,643938932.0,2025-02-04 23:59:59.999,37816057.7134
2025-02-05,0.05815,0.05915,0.05572,0.05632,366488013.0,2025-02-05 23:59:59.999,21110499.31622
2025-02-06,0.05631,0.05784,0.05335,0.05409,382212744.0,2025-02-06 23:59:59.999,21222048.46575
2025-02-07,0.05409,0.0585,0.05361,0.05522,371985127.0,2025-02-07 23:59:59.999,20746854.01136
2025-02-08,0.05522,0.05877,0.05439,0.05809,234873961.0,2025-02-08 23:59:59.999,13173406.19994
2025-02-09,0.05809,0.0606,0.05549,0.05797,293759801.0,2025-02-09 23:59:59.999,17166391.14181
2025-02-10,0.05796,0.06023,0.05585,0.05954,304281352.0,2025-02-10 23:59:59.999,17851240.47153
2025-02-11,0.05954,0.06229,0.05702,0.0581,284916904.0,2025-02-11 23:59:59.999,16985969.36064
2025-02-12,0.05809,0.06506,0.05771,0.064,527291763.0,2025-02-12 23:59:59.999,32043339.844
2025-02-13,0.06401,0.06498,0.05992,0.06068,338125004.0,2025-02-13 23:59:59.999,20867633.38073
2025-02-14,0.06069,0.06655,0.06003,0.06167,585710454.0,2025-02-14 23:59:59.999,36846557.63534
2025-02-15,0.06166,0.06171,0.05833,0.05888,283103228.0,2025-02-15 23:59:59.999,17060180.60176
2025-02-16,0.05887,0.0609,0.05806,0.05974,224732874.0,2025-02-16 23:59:59.999,13352073.94475
2025-02-17,0.05975,0.06194,0.0586,0.06018,356357197.0,2025-02-17 23:59:59.999,21445265.20532
2025-02-18,0.06018,0.0604,0.0539,0.05551,443480407.0,2025-02-18 23:59:59.999,25037785.20941
2025-02-19,0.0555,0.0557,0.05323,0.05417,414393617.0,2025-02-19 23:59:59.999,22508610.39788
2025-02-20,0.05417,0.05478,0.05205,0.05422,466780263.0,2025-02-20 23:59:59.999,24961786.02789
2025-02-21,0.05421,0.05574,0.04986,0.05107,638305923.0,2025-02-21 23:59:59.999,33742896.89211
2025-02-22,0.05107,0.05292,0.05074,0.05261,288459864.0,2025-02-22 23:59:59.999,15060120.97803
2025-02-23,0.05262,0.05329,0.05104,0.05209,271186330.0,2025-02-23 23:59:59.999,14142104.04966
2025-02-24,0.05209,0.05233,0.04641,0.04754,614152243.0,2025-02-24 23:59:59.999,30464438.05262
2025-02-25,0.04755,0.05041,0.04464,0.04973,803879026.0,2025-02-25 23:59:59.999,38202358.69982
2025-02-26,0.04974,0.05103,0.04856,0.05039,437556786.0,2025-02-26 23:59:59.999,21809701.83173
2025-02-27,0.0504,0.05221,0.04945,0.0508,320225458.0,2025-02-27 23:59:59.999,16297490.05636
2025-02-28,0.05081,0.05151,0.04647,0.05102,631244420.0,2025-02-28 23:59:59.999,30725734.03985
2025-03-01,0.05103,0.05145,0.04887,0.05017,260059871.0,2025-03-01 23:59:59.999,13031369.1272
2025-03-02,0.05017,0.05425,0.04951,0.05354,465614332.0,2025-03-02 23:59:59.999,24237724.95987
2025-03-03,0.05355,0.05412,0.04587,0.04647,719818125.0,2025-03-03 23:59:59.999,35646851.3145
2025-03-04,0.04647,0.04848,0.04352,0.04779,757439479.0,2025-03-04 23:59:59.999,34821619.66396
2025-03-05,0.0478,0.04918,0.04661,0.04888,393480574.0,2025-03-05 23:59:59.999,18878184.21561
2025-03-06,0.04888,0.05091,0.04754,0.04784,465475331.0,2025-03-06 23:59:59.999,22911433.58747
2025-03-07,0.04783,0.05157,0.04549,0.0489,756979787.0,2025-03-07 23:59:59.999,36623242.46036
2025-03-08,0.0489,0.0507,0.0464,0.04744,462170041.0,2025-03-08 23:59:59.999,22264560.33618
2025-03-09,0.04743,0.04775,0.04269,0.04327,337086026.0,2025-03-09 23:59:59.999,15107104.0003
2025-03-10,0.04327,0.04623,0.0407,0.04089,484732429.0,2025-03-10 23:59:59.999,20995795.06689
2025-03-11,0.0409,0.04437,0.03868,0.04322,611214000.0,2025-03-11 23:59:59.999,25703465.58616
2025-03-12,0.04322,0.04486,0.04171,0.04389,420605220.0,2025-03-12 23:59:59.999,18240465.09396
2025-03-13,0.04389,0.04406,0.0418,0.04254,296469675.0,2025-03-13 23:59:59.999,12722494.96722
2025-03-14,0.04256,0.04418,0.04241,0.04372,272561747.0,2025-03-14 23:59:59.999,11839184.57725
2025-03-15,0.04373,0.0472,0.04372,0.04663,516080202.0,2025-03-15 23:59:59.999,23324939.87196
2025-03-16,0.04663,0.04685,0.0435,0.04392,335432160.0,2025-03-16 23:59:59.999,15176900.52113
2025-03-17,0.04391,0.04599,0.04384,0.04561,217302969.0,2025-03-17 23:59:59.999,9791894.90919
2025-03-18,0.0456,0.04573,0.04375,0.04563,199180658.0,2025-03-18 23:59:59.999,8914262.48624
2025-03-19,0.04563,0.04681,0.04508,0.0467,225374257.0,2025-03-19 23:59:59.999,10357207.63388
2025-03-20,0.0467,0.04685,0.04457,0.0452,172982874.0,2025-03-20 23:59:59.999,7890991.90349
2025-03-21,0.04519,0.04605,0.04412,0.04485,176396921.0,2025-03-21 23:59:59.999,7923595.45962
2025-03-22,0.04486,0.04688,0.04484,0.04566,147050847.0,2025-03-22 23:59:59.999,6783346.93612
2025-03-23,0.04566,0.04599,0.04459,0.04544,144627455.0,2025-03-23 23:59:59.999,6557456.33356
2025-03-24,0.04546,0.04833,0.04473,0.04766,280909054.0,2025-03-24 23:59:59.999,13263338.35614
2025-03-25,0.04765,0.04875,0.04755,0.04818,203655878.0,2025-03-25 23:59:59.999,9823232.86773
2025-03-26,0.04818,0.05012,0.04702,0.04759,212958857.0,2025-03-26 23:59:59.999,10320217.78925
2025-03-27,0.04759,0.04859,0.0465,0.04736,184086920.0,2025-03-27 23:59:59.999,8763323.26909
2025-03-28,0.04736,0.04746,0.04301,0.04346,232768721.0,2025-03-28 23:59:59.999,10391342.96636
2025-03-29,0.04346,0.04364,0.04117,0.04178,161983454.0,2025-03-29 23:59:59.999,6812496.55142
2025-03-30,0.04178,0.04276,0.04125,0.04205,126580464.0,2025-03-30 23:59:59.999,5333867.7917
2025-03-31,0.04205,0.04288,0.04088,0.04202,224717319.0,2025-03-31 23:59:59.999,9440460.23797
2025-04-01,0.04202,0.04487,0.04183,0.04356,240289113.0,2025-04-01 23:59:59.999,10499956.66812
2025-04-02,0.04358,0.0438,0.03958,0.04016,339148741.0,2025-04-02 23:59:59.999,14269702.74322
2025-04-03,0.04016,0.04127,0.03904,0.04091,241186124.0,2025-04-03 23:59:59.999,9703249.81333
2025-04-04,0.04092,0.04244,0.04041,0.04199,327646546.0,2025-04-04 23:59:59.999,13616895.73926
2025-04-05,0.04199,0.04217,0.04086,0.04154,96165048.0,2025-04-05 23:59:59.999,3989779.92872
2025-04-06,0.04155,0.0418,0.03693,0.03791,283564832.0,2025-04-06 23:59:59.999,11112966.74558
2025-04-07,0.03791,0.0408,0.03535,0.03851,618613329.0,2025-04-07 23:59:59.999,23576168.37267
2025-04-08,0.03851,0.03933,0.03542,0.0358,342787123.0,2025-04-08 23:59:59.999,12749673.41345
2025-04-09,0.03581,0.03959,0.03435,0.03918,531321929.0,2025-04-09 23:59:59.999,19687938.83386
2025-04-10,0.03919,0.03965,0.03713,0.03821,240297638.0,2025-04-10 23:59:59.999,9248830.32184
2025-04-11,0.03821,0.04007,0.03803,0.0388,261752503.0,2025-04-11 23:59:59.999,10305322.29854
2025-04-12,0.0388,0.04058,0.03798,0.04015,299272707.0,2025-04-12 23:59:59.999,11827780.13089
2025-04-13,0.04015,0.04029,0.0367,0.03723,290557910.0,2025-04-13 23:59:59.999,11207575.07003
2025-04-14,0.03724,0.03878,0.03695,0.03714,243712190.0,2025-04-14 23:59:59.999,9221350.43981
2025-04-15,0.03714,0.03775,0.03572,0.03603,266180629.0,2025-04-15 23:59:59.999,9791996.11098
2025-04-16,0.03602,0.03652,0.03455,0.0354,321901010.0,2025-04-16 23:59:59.999,11454802.0505
2025-04-17,0.03541,0.03612,0.03497,0.03534,219241016.0,2025-04-17 23:59:59.999,7778489.52014
2025-04-18,0.03533,0.037,0.03506,0.03657,234224724.0,2025-04-18 23:59:59.999,8494345.72681
2025-04-19,0.03657,0.03795,0.03657,0.03765,205193386.0,2025-04-19 23:59:59.999,7665311.30471
2025-04-20,0.03766,0.03844,0.03667,0.03765,248690929.0,2025-04-20 23:59:59.999,9331240.1416
2025-04-21,0.03765,0.03868,0.03704,0.03744,285561991.0,2025-04-21 23:59:59.999,10835116.47851
2025-04-22,0.03745,0.04055,0.03634,0.04049,492824631.0,2025-04-22 23:59:59.999,18840101.58094
2025-04-23,0.04049,0.04176,0.03966,0.04115,411441827.0,2025-04-23 23:59:59.999,16763995.14507
2025-04-24,0.04115,0.0417,0.03962,0.04141,342868502.0,2025-04-24 23:59:59.999,13984105.41192
2025-04-25,0.04141,0.04268,0.04087,0.0422,375977483.0,2025-04-25 23:59:59.999,15782534.30071
2025-04-26,0.04219,0.04398,0.04154,0.04289,334656226.0,2025-04-26 23:59:59.999,14310916.43243
2025-04-27,0.04288,0.04319,0.04078,0.04094,251761708.0,2025-04-27 23:59:59.999,10467941.20402
2025-04-28,0.04094,0.04251,0.03981,0.04234,329501665.0,2025-04-28 23:59:59.999,13606632.70559
2025-04-29,0.04234,0.04293,0.04026,0.0407,255917774.0,2025-04-29 23:59:59.999,10717101.73275
2025-04-30,0.04071,0.04245,0.03958,0.04117,414617777.0,2025-04-30 23:59:59.999,17095698.50005
2025-05-01,0.04118,0.04276,0.0408,0.0426,230338351.0,2025-05-01 23:59:59.999,9662385.42297
2025-05-02,0.0426,0.04317,0.04181,0.0425,199468661.0,2025-05-02 23:59:59.999,8471640.28465
2025-05-03,0.0425,0.0425,0.03973,0.04023,215950927.0,2025-05-03 23:59:59.999,8878386.29071
2025-05-04,0.04023,0.04053,0.03856,0.03905,229639052.0,2025-05-04 23:59:59.999,9054485.12786
2025-05-05,0.03904,0.03988,0.03865,0.03932,198827581.0,2025-05-05 23:59:59.999,7804449.88567
2025-05-06,0.0393,0.04022,0.03737,0.03882,492631354.0,2025-05-06 23:59:59.999,19131322.74635
2025-05-07,0.03883,0.03966,0.03796,0.03928,314692246.0,2025-05-07 23:59:59.999,12246338.89774
2025-05-08,0.03929,0.04485,0.03928,0.04414,393735490.0,2025-05-08 23:59:59.999,16594265.37326
2025-05-09,0.04414,0.04668,0.04406,0.04627,391664310.0,2025-05-09 23:59:59.999,17792353.14779
2025-05-10,0.04628,0.0495,0.04577,0.04937,380101908.0,2025-05-10 23:59:59.999,17940269.32524
2025-05-11,0.04936,0.0499,0.047,0.04807,429101722.0,2025-05-11 23:59:59.999,20710388.70418
2025-05-12,0.04808,0.04988,0.04593,0.04863,586481498.0,2025-05-12 23:59:59.999,28317068.52042
2025-05-13,0.04863,0.05046,0.04524,0.04967,488315440.0,2025-05-13 23:59:59.999,23384330.79012
2025-05-14,0.04967,0.05102,0.04716,0.04777,369079363.0,2025-05-14 23:59:59.999,18078496.82049
2025-05-15,0.04778,0.04825,0.04362,0.04466,446190541.0,2025-05-15 23:59:59.999,20341591.27131
2025-05-16,0.04466,0.04565,0.04377,0.0442,287945405.0,2025-05-16 23:59:59.999,12941454.40169
2025-05-17,0.04419,0.04436,0.04208,0.04256,313759514.0,2025-05-17 23:59:59.999,13439775.99518
2025-05-18,0.04256,0.04564,0.042,0.04513,355422187.0,2025-05-18 23:59:59.999,15562060.99489
2025-05-19,0.04513,0.04548,0.0417,0.04364,384862764.0,2025-05-19 23:59:59.999,16567507.9876
2025-05-20,0.04365,0.0448,0.04238,0.04428,328503860.0,2025-05-20 23:59:59.999,14313413.37812
2025-05-21,0.04429,0.04615,0.04349,0.04519,428696120.0,2025-05-21 23:59:59.999,19078452.53629
2025-05-22,0.0452,0.04745,0.04511,0.04712,339377305.0,2025-05-22 23:59:59.999,15814340.07204
2025-05-23,0.04713,0.04811,0.04344,0.04368,503133058.0,2025-05-23 23:59:59.999,23004854.5048
2025-05-24,0.0437,0.04452,0.04319,0.04341,176265433.0,2025-05-24 23:59:59.999,7742894.48763
2025-05-25,0.0434,0.04366,0.04199,0.04356,240981389.0,2025-05-25 23:59:59.999,10303304.60131
2025-05-26,0.04356,0.0445,0.04291,0.04334,211368114.0,2025-05-26 23:59:59.999,9239232.22498
2025-05-27,0.04334,0.0449,0.04222,0.04401,289915036.0,2025-05-27 23:59:59.999,12726733.31497
2025-05-28,0.044,0.04499,0.04252,0.04409,308061115.0,2025-05-28 23:59:59.999,13497677.14743
2025-05-29,0.04409,0.04497,0.04217,0.04237,283088888.0,2025-05-29 23:59:59.999,12321937.38645
2025-05-30,0.04236,0.04269,0.038,0.03818,603764562.0,2025-05-30 23:59:59.999,24227793.97214
2025-05-31,0.03817,0.03952,0.03693,0.0389,356936697.0,2025-05-31 23:59:59.999,13669138.99155
2025-06-01,0.03891,0.03972,0.03821,0.03953,201637467.0,2025-06-01 23:59:59.999,7859386.02935
2025-06-02,0.03953,0.04039,0.03895,0.0402,282039994.0,2025-06-02 23:59:59.999,11129105.25296
2025-06-03,0.04021,0.04085,0.03954,0.03992,242713018.0,2025-06-03 23:59:59.999,9776309.54191
2025-06-04,0.03992,0.04069,0.03867,0.03896,217321823.0,2025-06-04 23:59:59.999,8630523.24248
2025-06-05,0.03895,0.03954,0.03606,0.03669,353498994.0,2025-06-05 23:59:59.999,13346843.50157
2025-06-06,0.03668,0.03831,0.03646,0.03711,206557150.0,2025-06-06 23:59:59.999,7729704.46856
2025-06-07,0.03712,0.0385,0.03708,0.03806,128674667.0,2025-06-07 23:59:59.999,4891086.64186
2025-06-08,0.03806,0.03863,0.03736,0.03808,160297865.0,2025-06-08 23:59:59.999,6098292.21546
2025-06-09,0.03809,0.03965,0.03714,0.0395,191786833.0,2025-06-09 23:59:59.999,7344850.52251
2025-06-10,0.03951,0.04064,0.03886,0.04057,256865621.0,2025-06-10 23:59:59.999,10199373.89476
2025-06-11,0.04057,0.04092,0.03886,0.03928,220353354.0,2025-06-11 23:59:59.999,8833914.68341
2025-06-12,0.0393,0.03933,0.03699,0.03722,306562871.0,2025-06-12 23:59:59.999,11672359.90161
2025-06-13,0.03722,0.03722,0.03455,0.03653,477322373.0,2025-06-13 23:59:59.999,17071821.96617
2025-06-14,0.03654,0.03683,0.03548,0.03631,159893539.0,2025-06-14 23:59:59.999,5796332.5486
2025-06-15,0.0363,0.03668,0.03552,0.03623,180216395.0,2025-06-15 23:59:59.999,6524883.75848
2025-06-16,0.03624,0.03785,0.03588,0.03666,254909072.0,2025-06-16 23:59:59.999,9444953.34277
2025-06-17,0.03666,0.03723,0.03477,0.0352,333656663.0,2025-06-17 23:59:59.999,11956954.79271
2025-06-18,0.0352,0.03561,0.03424,0.03526,261769693.0,2025-06-18 23:59:59.999,9158696.42022
2025-06-19,0.03526,0.0356,0.03438,0.03512,173013502.0,2025-06-19 23:59:59.999,6053761.28624
2025-06-20,0.03511,0.03592,0.03344,0.03431,329509573.0,2025-06-20 23:59:59.999,11486512.20035
2025-06-21,0.03432,0.03489,0.03174,0.03287,291417131.0,2025-06-21 23:59:59.999,9797135.4011
2025-06-22,0.03288,0.03314,0.03054,0.03223,536015576.0,2025-06-22 23:59:59.999,17097443.28194
2025-06-23,0.03222,0.03518,0.03203,0.0351,409272788.0,2025-06-23 23:59:59.999,13596816.23875
2025-06-24,0.0351,0.03579,0.03496,0.03565,244673595.0,2025-06-24 23:59:59.999,8643240.5182
2025-06-25,0.03565,0.03636,0.03484,0.03576,387284559.0,2025-06-25 23:59:59.999,13808312.86181
2025-06-26,0.03577,0.03765,0.03386,0.03403,680036585.0,2025-06-26 23:59:59.999,24331230.16639
2025-06-27,0.03403,0.03511,0.03321,0.03462,325708889.0,2025-06-27 23:59:59.999,11184623.85738
2025-06-28,0.03462,0.03546,0.0345,0.03531,176329049.0,2025-06-28 23:59:59.999,6167395.98276
2025-06-29,0.03531,0.03686,0.03507,0.03657,192395700.0,2025-06-29 23:59:59.999,6847995.07955
2025-06-30,0.03656,0.03673,0.03475,0.03517,261299474.0,2025-06-30 23:59:59.999,9276663.71614
2025-07-01,0.03518,0.03539,0.03369,0.03386,242722543.0,2025-07-01 23:59:59.999,8338402.44322
2025-07-02,0.03387,0.03712,0.03339,0.0365,314666331.0,2025-07-02 23:59:59.999,11275692.26908
2025-07-03,0.0365,0.03724,0.03612,0.0366,264834292.0,2025-07-03 23:59:59.999,9733138.65496
2025-07-04,0.0366,0.03673,0.03419,0.03487,496693627.0,2025-07-04 23:59:59.999,17513049.19312
2025-07-05,0.03486,0.03521,0.03438,0.03507,130311368.0,2025-07-05 23:59:59.999,4542460.63973
2025-07-06,0.03507,0.03624,0.03478,0.0357,207351327.0,2025-07-06 23:59:59.999,7337444.40615
2025-07-07,0.03569,0.0362,0.03482,0.03516,214161729.0,2025-07-07 23:59:59.999,7599806.50624
2025-07-08,0.03515,0.03594,0.03454,0.03583,193876783.0,2025-07-08 23:59:59.999,6827765.15414
2025-07-09,0.03583,0.03804,0.03542,0.03773,311310815.0,2025-07-09 23:59:59.999,11406105.04921
2025-07-10,0.03773,0.04003,0.03732,0.03989,439016933.0,2025-07-10 23:59:59.999,16770652.70628
2025-07-11,0.03989,0.04141,0.03924,0.03991,416293316.0,2025-07-11 23:59:59.999,16854789.64754
2025-07-12,0.0399,0.04082,0.03862,0.03979,250765975.0,2025-07-12 23:59:59.999,9987705.34453
2025-07-13,0.0398,0.04163,0.03945,0.0407,242021272.0,2025-07-13 23:59:59.999,9821225.9741
2025-07-14,0.04069,0.04223,0.03958,0.04029,342278037.0,2025-07-14 23:59:59.999,14065297.31226
2025-07-15,0.04029,0.04141,0.03859,0.04136,286315114.0,2025-07-15 23:59:59.999,11413545.47715
2025-07-16,0.04136,0.04315,0.04067,0.0421,334800189.0,2025-07-16 23:59:59.999,13966883.70651
2025-07-17,0.04208,0.04296,0.04096,0.04253,314315715.0,2025-07-17 23:59:59.999,13199763.11398
2025-07-18,0.04254,0.04521,0.04172,0.04244,463775247.0,2025-07-18 23:59:59.999,20233680.63752
2025-07-19,0.04247,0.04379,0.04141,0.0437,220268657.0,2025-07-19 23:59:59.999,9385261.91708
2025-07-20,0.0437,0.04627,0.04337,0.04543,306482132.0,2025-07-20 23:59:59.999,13777284.04706
2025-07-21,0.04544,0.04728,0.04468,0.04631,353487100.0,2025-07-21 23:59:59.999,16314627.67354
2025-07-22,0.04632,0.0466,0.04373,0.04628,393224616.0,2025-07-22 23:59:59.999,17754387.07477
2025-07-23,0.04629,0.0463,0.04094,0.04213,496026502.0,2025-07-23 23:59:59.999,21622231.05303
2025-07-24,0.04214,0.04304,0.03964,0.0415,457229386.0,2025-07-24 23:59:59.999,18976601.64411
2025-07-25,0.04151,0.0425,0.04001,0.04231,385256730.0,2025-07-25 23:59:59.999,15847636.86977
2025-07-26,0.0423,0.04318,0.042,0.04248,183671269.0,2025-07-26 23:59:59.999,7817410.72669
2025-07-27,0.04247,0.04563,0.04239,0.04425,399175230.0,2025-07-27 23:59:59.999,17458431.06137
2025-07-28,0.04426,0.04482,0.04089,0.04128,505155761.0,2025-07-28 23:59:59.999,21738335.69423
2025-07-29,0.04127,0.04267,0.04009,0.04121,307848632.0,2025-07-29 23:59:59.999,12710046.7376
2025-07-30,0.04121,0.04133,0.0386,0.04061,432799822.0,2025-07-30 23:59:59.999,17311386.08976
2025-07-31,0.04061,0.04151,0.0384,0.0386,257000978.0,2025-07-31 23:59:59.999,10321245.51308
2025-08-01,0.03859,0.03893,0.03655,0.0378,414614236.0,2025-08-01 23:59:59.999,15709105.73329
2025-08-02,0.0378,0.03818,0.03631,0.03705,232775682.0,2025-08-02 23:59:59.999,8664708.4287
2025-08-03,0.03704,0.03836,0.03652,0.03823,135729759.0,2025-08-03 23:59:59.999,5119794.10674
2025-08-04,0.03823,0.04003,0.0382,0.03994,185138287.0,2025-08-04 23:59:59.999,7234257.12645
2025-08-05,0.03994,0.04012,0.03779,0.03863,245676406.0,2025-08-05 23:59:59.999,9618077.76555
2025-08-06,0.03862,0.03952,0.03768,0.03944,204432341.0,2025-08-06 23:59:59.999,7912075.74447
2025-08-07,0.03944,0.04089,0.03892,0.04082,262404212.0,2025-08-07 23:59:59.999,10475990.60529
2025-08-08,0.04083,0.04246,0.04036,0.04226,412706364.0,2025-08-08 23:59:59.999,17015686.48864
2025-08-09,0.04227,0.0441,0.04221,0.04331,211484426.0,2025-08-09 23:59:59.999,9140764.28242
2025-08-10,0.04331,0.04403,0.04179,0.04302,386809400.0,2025-08-10 23:59:59.999,16586717.59207
2025-08-11,0.04302,0.04418,0.04055,0.04085,421772703.0,2025-08-11 23:59:59.999,17811391.55093
2025-08-12,0.04084,0.04366,0.04052,0.04316,307473897.0,2025-08-12 23:59:59.999,12944762.21259
2025-08-13,0.04316,0.04472,0.04271,0.04439,387481653.0,2025-08-13 23:59:59.999,17007063.90022
2025-08-14,0.0444,0.04478,0.03934,0.04012,662522483.0,2025-08-14 23:59:59.999,27733488.36958
2025-08-15,0.04011,0.0413,0.0385,0.04004,412508535.0,2025-08-15 23:59:59.999,16507640.70118
2025-08-16,0.04003,0.04185,0.04003,0.0417,348779987.0,2025-08-16 23:59:59.999,14258292.60733
2025-08-17,0.04171,0.04265,0.04108,0.04126,222677950.0,2025-08-17 23:59:59.999,9297482.52413
2025-08-18,0.04125,0.04128,0.03922,0.03994,317098237.0,2025-08-18 23:59:59.999,12693713.55977
2025-08-19,0.03994,0.04044,0.03858,0.0387,656633346.0,2025-08-19 23:59:59.999,25889636.58574
2025-08-20,0.03871,0.04044,0.03848,0.04023,279854954.0,2025-08-20 23:59:59.999,11054679.07819
2025-08-21,0.04024,0.04072,0.03925,0.03952,282919026.0,2025-08-21 23:59:59.999,11295831.59006
2025-08-22,0.03953,0.04291,0.03822,0.04253,505906537.0,2025-08-22 23:59:59.999,20543646.24746
2025-08-23,0.04253,0.04274,0.04132,0.04176,217287250.0,2025-08-23 23:59:59.999,9095280.54443
2025-08-24,0.04176,0.04244,0.0398,0.04071,409025146.0,2025-08-24 23:59:59.999,16712568.40277
2025-08-25,0.0407,0.0412,0.03748,0.03823,434736657.0,2025-08-25 23:59:59.999,17023963.7016
2025-08-26,0.03823,0.03986,0.03781,0.03964,284625127.0,2025-08-26 23:59:59.999,11065229.41563
2025-08-27,0.03965,0.04007,0.03923,0.03935,237467298.0,2025-08-27 23:59:59.999,9409819.00581
2025-08-28,0.03935,0.04104,0.03908,0.04102,216991944.0,2025-08-28 23:59:59.999,8707398.48773
2025-08-29,0.04102,0.04121,0.03848,0.039,364586703.0,2025-08-29 23:59:59.999,14357842.34444
2025-08-30,0.03901,0.03963,0.03842,0.03944,131121584.0,2025-08-30 23:59:59.999,5141139.10766
2025-08-31,0.03944,0.04149,0.03944,0.03992,528128548.0,2025-08-31 23:59:59.999,21430857.06399
2025-09-01,0.0399,0.04069,0.03801,0.03879,458202673.0,2025-09-01 23:59:59.999,18007923.90058
2025-09-02,0.0388,0.03981,0.03853,0.03932,303091198.0,2025-09-02 23:59:59.999,11874374.023
2025-09-03,0.03932,0.04018,0.03881,0.03972,196919673.0,2025-09-03 23:59:59.999,7785527.89559
2025-09-04,0.03972,0.03989,0.03828,0.0386,243121184.0,2025-09-04 23:59:59.999,9463975.58247
2025-09-05,0.03859,0.04017,0.03857,0.03949,300480761.0,2025-09-05 23:59:59.999,11845011.35865
2025-09-06,0.03949,0.03963,0.03888,0.03899,144219793.0,2025-09-06 23:59:59.999,5651465.32712
2025-09-07,0.03899,0.0402,0.03897,0.04,170710848.0,2025-09-07 23:59:59.999,6776378.29082
2025-09-08,0.04,0.04177,0.03985,0.04158,382108465.0,2025-09-08 23:59:59.999,15688168.69254
2025-09-09,0.04159,0.04324,0.04131,0.04223,332955068.0,2025-09-09 23:59:59.999,14071079.01529
2025-09-10,0.04224,0.04296,0.04178,0.0421,269863160.0,2025-09-10 23:59:59.999,11438164.87026
2025-09-11,0.04211,0.04249,0.04138,0.04233,209208637.0,2025-09-11 23:59:59.999,8786199.58749
2025-09-12,0.04234,0.04354,0.04198,0.04349,238689318.0,2025-09-12 23:59:59.999,10206725.59057
2025-09-13,0.04349,0.04437,0.04304,0.04407,272161830.0,2025-09-13 23:59:59.999,11889396.15818
2025-09-14,0.04407,0.04417,0.04191,0.0422,220959671.0,2025-09-14 23:59:59.999,9475453.99269
2025-09-15,0.0422,0.04267,0.03998,0.04076,253169812.0,2025-09-15 23:59:59.999,10411337.74991
2025-09-16,0.04076,0.04193,0.04001,0.04173,198579866.0,2025-09-16 23:59:59.999,8143876.6948
2025-09-17,0.04174,0.04327,0.04081,0.04292,234178529.0,2025-09-17 23:59:59.999,9769496.5833
2025-09-18,0.04293,0.04394,0.04248,0.0436,306125396.0,2025-09-18 23:59:59.999,13233119.90954
2025-09-19,0.0436,0.04401,0.04148,0.04186,237623881.0,2025-09-19 23:59:59.999,10106785.01741
2025-09-20,0.04187,0.04279,0.04147,0.04238,144649659.0,2025-09-20 23:59:59.999,6108473.68157
2025-09-21,0.04238,0.0429,0.04181,0.04191,134658076.0,2025-09-21 23:59:59.999,5700749.5232
2025-09-22,0.04192,0.0421,0.03697,0.03922,410156207.0,2025-09-22 23:59:59.999,16159616.2681
2025-09-23,0.03921,0.04029,0.03836,0.03955,184331468.0,2025-09-23 23:59:59.999,7277958.86874
2025-09-24,0.03954,0.04086,0.03894,0.03983,201339753.0,2025-09-24 23:59:59.999,8081215.97669
2025-09-25,0.03982,0.04,0.03766,0.03805,353101032.0,2025-09-25 23:59:59.999,13724575.56308
2025-09-26,0.03806,0.03965,0.03791,0.03959,295069103.0,2025-09-26 23:59:59.999,11450886.05806
2025-09-27,0.03959,0.03969,0.03874,0.0389,138598080.0,2025-09-27 23:59:59.999,5431971.55851
2025-09-28,0.03889,0.04013,0.03824,0.03998,149452447.0,2025-09-28 23:59:59.999,5826820.50068
2025-09-29,0.03998,0.04029,0.03902,0.03993,228646624.0,2025-09-29 23:59:59.999,9091083.13334
2025-09-30,0.03993,0.04049,0.03866,0.04041,401452350.0,2025-09-30 23:59:59.999,15843822.04922
2025-10-01,0.0404,0.0457,0.04012,0.0445,1031795302.0,2025-10-01 23:59:59.999,44849526.25845
2025-10-02,0.04451,0.04701,0.04428,0.04575,640869631.0,2025-10-02 23:59:59.999,29352990.69642
2025-10-03,0.04575,0.04618,0.04433,0.04539,384063642.0,2025-10-03 23:59:59.999,17351513.9278
2025-10-04,0.04539,0.04559,0.04395,0.04425,198407506.0,2025-10-04 23:59:59.999,8862902.67341
2025-10-05,0.04425,0.04563,0.0434,0.04361,277820566.0,2025-10-05 23:59:59.999,12347387.30371
2025-10-06,0.04361,0.04493,0.0433,0.04427,247208622.0,2025-10-06 23:59:59.999,10922374.61695
2025-10-07,0.04427,0.04483,0.04139,0.04164,421561361.0,2025-10-07 23:59:59.999,18310144.36488
2025-10-08,0.04163,0.04336,0.04119,0.04249,279399915.0,2025-10-08 23:59:59.999,11757399.58389
2025-10-09,0.0425,0.04253,0.0402,0.04137,292703876.0,2025-10-09 23:59:59.999,12021963.35281
2025-10-10,0.04137,0.04214,0.01486,0.03062,1173347435.0,2025-10-10 23:59:59.999,37759264.23945
2025-10-11,0.03063,0.03395,0.02987,0.03168,716781723.0,2025-10-11 23:59:59.999,22916561.48926
2025-10-12,0.03169,0.03572,0.03104,0.03497,358034132.0,2025-10-12 23:59:59.999,11957229.30107
2025-10-13,0.03497,0.03693,0.03457,0.03663,372139860.0,2025-10-13 23:59:59.999,13297775.43847
2025-10-14,0.03663,0.03676,0.03333,0.03569,475047204.0,2025-10-14 23:59:59.999,16576477.9858
2025-10-15,0.03568,0.03646,0.03365,0.03442,327682192.0,2025-10-15 23:59:59.999,11460157.9643
2025-10-16,0.03442,0.03479,0.0328,0.03333,365055949.0,2025-10-16 23:59:59.999,12358270.92121
2025-10-17,0.03333,0.03377,0.03092,0.03274,439027812.0,2025-10-17 23:59:59.999,14157580.71029
2025-10-18,0.03274,0.03348,0.03225,0.03262,293189897.0,2025-10-18 23:59:59.999,9620234.88784
2025-10-19,0.03263,0.03347,0.03214,0.03301,206050798.0,2025-10-19 23:59:59.999,6774758.88739
2025-10-20,0.03302,0.03389,0.03243,0.03319,222464200.0,2025-10-20 23:59:59.999,7407308.01904
2025-10-21,0.0332,0.03418,0.03182,0.0319,283577102.0,2025-10-21 23:59:59.999,9332921.22794
2025-10-22,0.0319,0.03245,0.03057,0.03149,308967712.0,2025-10-22 23:59:59.999,9814872.80054
2025-10-23,0.03149,0.03235,0.03142,0.03193,175216791.0,2025-10-23 23:59:59.999,5593715.83547
2025-10-24,0.03193,0.03327,0.03176,0.03253,160146810.0,2025-10-24 23:59:59.999,5170752.50054
2025-10-25,0.03252,0.03278,0.03211,0.03253,100862737.0,2025-10-25 23:59:59.999,3271328.38529
2025-10-26,0.03254,0.0337,0.0323,0.03337,129046571.0,2025-10-26 23:59:59.999,4266823.77307
2025-10-27,0.03339,0.03384,0.03231,0.03263,243188874.0,2025-10-27 23:59:59.999,8036268.80285
2025-10-28,0.03263,0.03336,0.03125,0.0319,276387894.0,2025-10-28 23:59:59.999,8976367.62203
2025-10-29,0.03191,0.03277,0.03123,0.03199,270849412.0,2025-10-29 23:59:59.999,8703836.41036
2025-10-30,0.03199,0.03233,0.02951,0.03056,377825395.0,2025-10-30 23:59:59.999,11607799.19269
2025-10-31,0.03057,0.03145,0.03021,0.03082,208510187.0,2025-10-31 23:59:59.999,6420793.1908
2025-11-01,0.03082,0.03159,0.03062,0.03148,121029994.0,2025-11-01 23:59:59.999,3771226.44845
2025-11-02,0.03148,0.03196,0.03079,0.0319,155865491.0,2025-11-02 23:59:59.999,4897587.702
2025-11-03,0.03189,0.03203,0.02717,0.02875,597559065.0,2025-11-03 23:59:59.999,17473007.92794
2025-11-04,0.02875,0.02944,0.02675,0.02799,625557128.0,2025-11-04 23:59:59.999,17612103.40551
2025-11-05,0.028,0.02933,0.02656,0.02921,279964404.0,2025-11-05 23:59:59.999,7905845.69292
2025-11-06,0.02921,0.02996,0.0283,0.02988,328131009.0,2025-11-06 23:59:59.999,9576454.88769
2025-11-07,0.02988,0.03544,0.02988,0.03455,614591715.0,2025-11-07 23:59:59.999,19913468.69503
2025-11-08,0.03454,0.03514,0.03314,0.03416,391434932.0,2025-11-08 23:59:59.999,13301031.03677
2025-11-09,0.03416,0.03424,0.03291,0.03394,155948832.0,2025-11-09 23:59:59.999,5251795.27413
2025-11-10,0.03394,0.03495,0.03366,0.03425,231423823.0,2025-11-10 23:59:59.999,7949038.0536
2025-11-11,0.03425,0.03471,0.03252,0.03261,185371554.0,2025-11-11 23:59:59.999,6219495.56677
2025-11-12,0.03262,0.03379,0.03182,0.03242,207425861.0,2025-11-12 23:59:59.999,6814299.81748
2025-11-13,0.03243,0.03347,0.031,0.03163,217177198.0,2025-11-13 23:59:59.999,7021730.85257
2025-11-14,0.03164,0.03185,0.03021,0.03096,298346000.0,2025-11-14 23:59:59.999,9280980.82076
2025-11-15,0.03095,0.03213,0.03089,0.03144,131436101.0,2025-11-15 23:59:59.999,4160105.81441
2025-11-16,0.03145,0.03202,0.02985,0.03055,213457763.0,2025-11-16 23:59:59.999,6600954.92322
2025-11-17,0.03055,0.0316,0.02942,0.03004,244242942.0,2025-11-17 23:59:59.999,7446341.18677
2025-11-18,0.03005,0.03131,0.02944,0.03085,226067145.0,2025-11-18 23:59:59.999,6878032.469
2025-11-19,0.03085,0.03101,0.0286,0.02976,241070705.0,2025-11-19 23:59:59.999,7149294.22583
2025-11-20,0.02976,0.03056,0.02784,0.02848,305226833.0,2025-11-20 23:59:59.999,8914645.98307
2025-11-21,0.02848,0.0291,0.0265,0.02784,478547665.0,2025-11-21 23:59:59.999,13283168.05678
2025-11-22,0.02784,0.02813,0.02738,0.02788,192106254.0,2025-11-22 23:59:59.999,5326759.04922
2025-11-23,0.02788,0.02828,0.02773,0.02776,117173633.0,2025-11-23 23:59:59.999,3281507.99318
2025-11-24,0.02777,0.02911,0.02749,0.02879,196210610.0,2025-11-24 23:59:59.999,5535116.21272
2025-11-25,0.02879,0.02936,0.02822,0.02924,186619869.0,2025-11-25 23:59:59.999,5394894.01504
2025-11-26,0.02925,0.02947,0.02846,0.02922,184237094.0,2025-11-26 23:59:59.999,5352932.83951
2025-11-27,0.02921,0.02964,0.0288,0.02939,154208208.0,2025-11-27 23:59:59.999,4513798.3817
2025-11-28,0.02939,0.03081,0.02921,0.03048,417478182.0,2025-11-28 23:59:59.999,12593604.36206
2025-11-29,0.03047,0.0325,0.029,0.03065,580799033.0,2025-11-29 23:59:59.999,17988845.93762
2025-11-30,0.03064,0.03134,0.03013,0.03016,247411455.0,2025-11-30 23:59:59.999,7635005.69864
2025-12-01,0.03016,0.03024,0.0279,0.02872,294302219.0,2025-12-01 23:59:59.999,8448132.62177
2025-12-02,0.02872,0.03068,0.0285,0.03018,220100825.0,2025-12-02 23:59:59.999,6537840.51816
2025-12-03,0.03018,0.03121,0.03016,0.03095,171219859.0,2025-12-03 23:59:59.999,5273080.55026
2025-12-04,0.03095,0.03099,0.02963,0.03015,126675906.0,2025-12-04 23:59:59.999,3854654.99545
2025-12-05,0.03015,0.03049,0.02914,0.02959,181912760.0,2025-12-05 23:59:59.999,5430648.89868
2025-12-06,0.02959,0.03216,0.0294,0.03177,741590779.0,2025-12-06 23:59:59.999,22913876.76653
2025-12-07,0.03177,0.03207,0.03003,0.03069,338812933.0,2025-12-07 23:59:59.999,10510488.29035
2025-12-08,0.03069,0.03247,0.03058,0.03174,282538326.0,2025-12-08 23:59:59.999,8928702.84648
2025-12-09,0.03173,0.03395,0.03173,0.03306,576855246.0,2025-12-09 23:59:59.999,19087338.84404
2025-12-10,0.03307,0.03329,0.03191,0.03218,205492322.0,2025-12-10 23:59:59.999,6726053.30573
2025-12-11,0.03217,0.03398,0.03187,0.03309,525438842.0,2025-12-11 23:59:59.999,17378653.13202
2025-12-12,0.03309,0.03448,0.03232,0.03349,406202968.0,2025-12-12 23:59:59.999,13567088.05532
2025-12-13,0.03348,0.03418,0.03305,0.03343,184320722.0,2025-12-13 23:59:59.999,6180700.51519
2025-12-14,0.03344,0.03356,0.03176,0.03199,163451351.0,2025-12-14 23:59:59.999,5365198.00857
2025-12-15,0.03199,0.03267,0.02989,0.03064,225010354.0,2025-12-15 23:59:59.999,7048892.90938
2025-12-16,0.03064,0.03067,0.0297,0.03043,192398060.0,2025-12-16 23:59:59.999,5821214.29209
2025-12-17,0.03043,0.03087,0.02872,0.02912,214093628.0,2025-12-17 23:59:59.999,6355720.78478
2025-12-18,0.02912,0.02973,0.02804,0.02871,189779507.0,2025-12-18 23:59:59.999,5481337.32113
2025-12-19,0.0287,0.0365,0.02854,0.03574,2026863530.0,2025-12-19 23:59:59.999,68849022.57859
2025-12-20,0.03574,0.03947,0.03503,0.03673,2522088889.0,2025-12-20 23:59:59.999,93967284.58036
2025-12-21,0.03674,0.03893,0.03517,0.03615,1177458057.0,2025-12-21 23:59:59.999,43291448.51439
2025-12-22,0.03615,0.03713,0.03506,0.03599,538967714.0,2025-12-22 23:59:59.999,19377818.61945
2025-12-23,0.036,0.036,0.03422,0.03455,269360837.0,2025-12-23 23:59:59.999,9421148.1205
2025-12-24,0.03456,0.03606,0.03445,0.03493,461788309.0,2025-12-24 23:59:59.999,16202990.59808
2025-12-25,0.03494,0.03522,0.03375,0.03386,225109112.0,2025-12-25 23:59:59.999,7783460.20825
2025-12-26,0.03386,0.03691,0.03342,0.03657,538017477.0,2025-12-26 23:59:59.999,19039851.613
2025-12-27,0.03656,0.03711,0.03562,0.03641,264173183.0,2025-12-27 23:59:59.999,9594792.18417
2025-12-28,0.0364,0.03707,0.03579,0.03623,225036275.0,2025-12-28 23:59:59.999,8212326.97
2025-12-29,0.03622,0.03828,0.03617,0.03697,526693881.0,2025-12-29 23:59:59.999,19636236.51273
2025-12-30,0.03696,0.03983,0.03664,0.03965,425236546.0,2025-12-30 23:59:59.999,16173037.3877
2025-12-31,0.03966,0.0458,0.03946,0.04223,3185832889.0,2025-12-31 23:59:59.999,139494658.11227
2026-01-01,0.04223,0.04321,0.04101,0.04106,820468861.0,2026-01-01 23:59:59.999,34657599.3939
2026-01-02,0.04106,0.04636,0.04106,0.04384,1260344420.0,2026-01-02 23:59:59.999,55322451.89697
2026-01-03,0.04383,0.04671,0.04358,0.04561,719400165.0,2026-01-03 23:59:59.999,32389407.54695
2026-01-04,0.04561,0.04618,0.0445,0.0446,449747356.0,2026-01-04 23:59:59.999,20354871.2368
2026-01-05,0.0446,0.04696,0.04454,0.04552,521336584.0,2026-01-05 23:59:59.999,23798743.19727
2026-01-06,0.04552,0.0458,0.04244,0.0441,529640925.0,2026-01-06 23:59:59.999,23272125.65507
2026-01-07,0.04411,0.04449,0.04254,0.04332,296198895.0,2026-01-07 23:59:59.999,12809350.88699
2026-01-08,0.04332,0.04544,0.04311,0.04423,622315168.0,2026-01-08 23:59:59.999,27607975.84259
2026-01-09,0.04423,0.04588,0.04388,0.0448,402370616.0,2026-01-09 23:59:59.999,18075067.53988
2026-01-10,0.04481,0.05199,0.04427,0.05066,1135004504.0,2026-01-10 23:59:59.999,55527705.39624
2026-01-11,0.05065,0.05095,0.04779,0.04867,1063352846.0,2026-01-11 23:59:59.999,52208364.36483
2026-01-12,0.04868,0.0516,0.04785,0.0504,916939438.0,2026-01-12 23:59:59.999,45507086.57541
2026-01-13,0.05041,0.05519,0.05036,0.05346,1347930778.0,2026-01-13 23:59:59.999,72037919.31332
2026-01-14,0.05347,0.0579,0.05342,0.05578,905352990.0,2026-01-14 23:59:59.999,50379903.09592
2026-01-15,0.05579,0.063,0.0538,0.05806,1646727667.0,2026-01-15 23:59:59.999,96175650.13757
2026-01-16,0.05805,0.06047,0.05703,0.05774,1019854044.0,2026-01-16 23:59:59.999,59645475.99376
2026-01-17,0.05774,0.0643,0.05727,0.06207,1137246587.0,2026-01-17 23:59:59.999,69764131.56761
2026-01-18,0.06206,0.06398,0.05879,0.05961,949664733.0,2026-01-18 23:59:59.999,58401469.90114
2026-01-19,0.05962,0.06109,0.05071,0.05729,1187155091.0,2026-01-19 23:59:59.999,68210357.13592
2026-01-20,0.05728,0.05729,0.051,0.05135,945909423.0,2026-01-20 23:59:59.999,50957995.43961
2026-01-21,0.05135,0.05356,0.04974,0.05083,737385948.0,2026-01-21 23:59:59.999,38045048.55076
2026-01-22,0.05084,0.0555,0.04991,0.05081,781453907.0,2026-01-22 23:59:59.999,40892953.36314
2026-01-23,0.05081,0.05283,0.04914,0.0506,597605430.0,2026-01-23 23:59:59.999,30324457.31484
2026-01-24,0.05061,0.05325,0.04964,0.05216,501537723.0,2026-01-24 23:59:59.999,25966190.40499
2026-01-25,0.05216,0.05447,0.04935,0.04975,851111773.0,2026-01-25 23:59:59.999,44203464.16886
2026-01-26,0.04975,0.05479,0.04925,0.05464,635009111.0,2026-01-26 23:59:59.999,32916777.07555
2026-01-27,0.05464,0.05823,0.05385,0.05759,942932689.0,2026-01-27 23:59:59.999,52993124.18195
2026-01-28,0.05759,0.05811,0.05585,0.0563,502974866.0,2026-01-28 23:59:59.999,28577072.36632
2026-01-29,0.05631,0.05644,0.04612,0.04712,1303196471.0,2026-01-29 23:59:59.999,64406325.05158
2026-01-30,0.04712,0.05067,0.04643,0.04929,1019212907.0,2026-01-30 23:59:59.999,49221427.51012
2026-01-31,0.04929,0.04935,0.04051,0.04432,1156647795.0,2026-01-31 23:59:59.999,51821536.01865
2026-02-01,0.04431,0.04742,0.04418,0.04602,805714676.0,2026-02-01 23:59:59.999,36938541.58035
2026-02-02,0.04601,0.04713,0.04368,0.04617,822783937.0,2026-02-02 23:59:59.999,37783030.51094
2026-02-03,0.04616,0.04621,0.04187,0.04431,1070100700.0,2026-02-03 23:59:59.999,47244056.31906
2026-02-04,0.0443,0.04564,0.04269,0.04434,819881104.0,2026-02-04 23:59:59.999,36341515.68442
2026-02-05,0.04433,0.04459,0.03786,0.03826,1554080238.0,2026-02-05 23:59:59.999,63532767.02518
2026-02-06,0.03825,0.04257,0.03403,0.04168,2315809542.0,2026-02-06 23:59:59.999,90454632.5329
2026-02-07,0.04168,0.04409,0.04072,0.04288,755356259.0,2026-02-07 23:59:59.999,31877582.49942
2026-02-08,0.04289,0.04292,0.04077,0.04121,390114845.0,2026-02-08 23:59:59.999,16383160.89999
2026-02-09,0.0412,0.04222,0.03933,0.04012,467369505.0,2026-02-09 23:59:59.999,18967941.32106
2026-02-10,0.04012,0.04064,0.03854,0.0397,449407629.0,2026-02-10 23:59:59.999,17748550.2822
2026-02-11,0.03971,0.0402,0.03769,0.03879,438956107.0,2026-02-11 23:59:59.999,17080055.31318
2026-02-12,0.0388,0.04082,0.03879,0.04003,350761015.0,2026-02-12 23:59:59.999,13957342.2503
2026-02-13,0.04004,0.04198,0.03941,0.04189,333312828.0,2026-02-13 23:59:59.999,13516956.47484
2026-02-14,0.04188,0.04417,0.0416,0.04292,370480648.0,2026-02-14 23:59:59.999,15880931.10165
2026-02-15,0.04291,0.04339,0.03959,0.03999,493267241.0,2026-02-15 23:59:59.999,20453139.62171
2026-02-16,0.03999,0.04186,0.03974,0.04171,361425626.0,2026-02-16 23:59:59.999,14722305.09801
2026-02-17,0.04171,0.04192,0.03992,0.04063,254993858.0,2026-02-17 23:59:59.999,10379111.12507
2026-02-18,0.04063,0.04101,0.03891,0.03948,244167936.0,2026-02-18 23:59:59.999,9796933.66779
2026-02-19,0.03949,0.03972,0.0373,0.0385,290480835.0,2026-02-19 23:59:59.999,11165501.92481
2026-02-20,0.0385,0.03888,0.03494,0.0355,718737297.0,2026-02-20 23:59:59.999,26130641.4989
2026-02-21,0.03551,0.03674,0.03535,0.03581,343544043.0,2026-02-21 23:59:59.999,12378529.12514
2026-02-22,0.0358,0.0358,0.03359,0.03481,445891699.0,2026-02-22 23:59:59.999,15366814.62751
2026-02-23,0.03481,0.03517,0.03268,0.03386,548356264.0,2026-02-23 23:59:59.999,18577515.94024
2026-02-24,0.03385,0.03456,0.03315,0.03328,395920616.0,2026-02-24 23:59:59.999,13437128.45215
2026-02-25,0.03329,0.03606,0.03311,0.03534,490392200.0,2026-02-25 23:59:59.999,17000858.79538
2026-02-26,0.03534,0.03546,0.03118,0.03202,681443885.0,2026-02-26 23:59:59.999,22471678.97475
2026-02-27,0.03203,0.03442,0.03192,0.03375,590206974.0,2026-02-27 23:59:59.999,19641161.47793
2026-02-28,0.03375,0.03506,0.03111,0.03462,826389208.0,2026-02-28 23:59:59.999,27313224.1311
2026-03-01,0.03462,0.03487,0.03253,0.03318,531985412.0,2026-03-01 23:59:59.999,17923889.83806
2026-03-02,0.03319,0.03543,0.03297,0.03448,501519041.0,2026-03-02 23:59:59.999,17210583.97496
2026-03-03,0.03448,0.03717,0.03434,0.03656,924543168.0,2026-03-03 23:59:59.999,33330199.17711
2026-03-04,0.03656,0.03824,0.03555,0.03746,648600932.0,2026-03-04 23:59:59.999,23967936.89461
2026-03-05,0.03745,0.03897,0.03693,0.03708,506224867.0,2026-03-05 23:59:59.999,19301127.32124
2026-03-06,0.03708,0.03779,0.03532,0.03638,384791234.0,2026-03-06 23:59:59.999,14102609.46532
2026-03-07,0.03638,0.0365,0.03364,0.03447,382906254.0,2026-03-07 23:59:59.999,13314319.51132
2026-03-08,0.03447,0.03742,0.03378,0.03614,600085340.0,2026-03-08 23:59:59.999,21412795.65644
2026-03-09,0.03615,0.03941,0.03615,0.03854,649269468.0,2026-03-09 23:59:59.999,24624816.8048
2026-03-10,0.03853,0.04109,0.03806,0.03822,568336107.0,2026-03-10 23:59:59.999,22515734.30646
2026-03-11,0.03822,0.03899,0.03758,0.03844,357480284.0,2026-03-11 23:59:59.999,13706128.5126
2026-03-12,0.03844,0.03853,0.03679,0.03725,267087690.0,2026-03-12 23:59:59.999,10022037.93328
2026-03-13,0.03724,0.03869,0.03718,0.03798,343855342.0,2026-03-13 23:59:59.999,13051725.31117
2026-03-14,0.03798,0.03856,0.03723,0.03827,225644390.0,2026-03-14 23:59:59.999,8560334.56828
2026-03-15,0.03826,0.03839,0.03736,0.03774,184439105.0,2026-03-15 23:59:59.999,6988671.56198
2026-03-16,0.03773,0.04007,0.03769,0.03982,378187690.0,2026-03-16 23:59:59.999,14838603.33291
2026-03-17,0.03982,0.03994,0.03841,0.0388,275721194.0,2026-03-17 23:59:59.999,10802099.27133
2026-03-18,0.03879,0.03911,0.03551,0.0363,314004750.0,2026-03-18 23:59:59.999,11718827.75199
2026-03-19,0.03632,0.03664,0.03481,0.03591,254809443.0,2026-03-19 23:59:59.999,9102370.36999
2026-03-20,0.0359,0.03632,0.03544,0.036,197662652.0,2026-03-20 23:59:59.999,7092929.85598
2026-03-21,0.036,0.0366,0.0347,0.03497,162000673.0,2026-03-21 23:59:59.999,5828595.42227
2026-03-22,0.03497,0.03564,0.03404,0.03467,222561007.0,2026-03-22 23:59:59.999,7772556.56412
2026-03-23,0.03467,0.036,0.03401,0.03583,278227201.0,2026-03-23 23:59:59.999,9808103.68195
2026-03-24,0.03583,0.03629,0.03539,0.03593,172430424.0,2026-03-24 23:59:59.999,6179924.34079
2026-03-25,0.03593,0.03626,0.0356,0.03597,196605378.0,2026-03-25 23:59:59.999,7071969.24102
2026-03-26,0.03597,0.03619,0.03454,0.03523,213346181.0,2026-03-26 23:59:59.999,7499242.44623
2026-03-27,0.03523,0.03635,0.03418,0.03559,379500968.0,2026-03-27 23:59:59.999,13358079.85445
2026-03-28,0.03561,0.04195,0.03529,0.04023,1597337852.0,2026-03-28 23:59:59.999,63066012.76387
2026-03-29,0.04024,0.04123,0.03856,0.04011,1211988464.0,2026-03-29 23:59:59.999,48338796.8872
2026-03-30,0.04011,0.04487,0.04007,0.04265,1607684326.0,2026-03-30 23:59:59.999,68871428.97465
2026-03-31,0.04264,0.04414,0.04151,0.04225,820401222.0,2026-03-31 23:59:59.999,35124633.24547
2026-04-01,0.04224,0.04282,0.04086,0.04112,508315688.0,2026-04-01 23:59:59.999,21161680.62172
2026-04-02,0.04112,0.0417,0.03815,0.03889,561725335.0,2026-04-02 23:59:59.999,22332226.87419
2026-04-03,0.03889,0.0404,0.03846,0.03952,377001189.0,2026-04-03 23:59:59.999,14872276.06588
2026-04-04,0.03952,0.03958,0.03856,0.03905,226269506.0,2026-04-04 23:59:59.999,8823505.91918
2026-04-05,0.03904,0.03945,0.03777,0.03881,317563420.0,2026-04-05 23:59:59.999,12189941.2595
2026-04-06,0.03881,0.0398,0.0372,0.03742,325174737.0,2026-04-06 23:59:59.999,12588117.15209
2026-04-07,0.03741,0.04,0.03699,0.03954,390156466.0,2026-04-07 23:59:59.999,14778363.56165
2026-04-08,0.03954,0.03965,0.0375,0.03764,355160894.0,2026-04-08 23:59:59.999,13717936.24027
2026-04-09,0.03764,0.03943,0.03726,0.03893,325360187.0,2026-04-09 23:59:59.999,12578135.624
2026-04-10,0.03892,0.03982,0.03875,0.03955,283195663.0,2026-04-10 23:59:59.999,11127511.74098
2026-04-11,0.03955,0.03992,0.03895,0.03929,226833093.0,2026-04-11 23:59:59.999,8935018.00113
2026-04-12,0.0393,0.03954,0.03554,0.03565,386249269.0,2026-04-12 23:59:59.999,14408021.35856
2026-04-13,0.03565,0.0373,0.03544,0.03711,435224928.0,2026-04-13 23:59:59.999,15764661.60639
2026-04-14,0.0371,0.03753,0.03616,0.03635,320724413.0,2026-04-14 23:59:59.999,11779483.98904
2026-04-15,0.03635,0.04407,0.03627,0.04202,1161510937.0,2026-04-15 23:59:59.999,47507382.54878
2026-04-16,0.04202,0.04444,0.04169,0.04286,1008970481.0,2026-04-16 23:59:59.999,43129842.85665
2026-04-17,0.04285,0.04297,0.04006,0.04138,596206478.0,2026-04-17 23:59:59.999,24676915.40874
2026-04-18,0.04138,0.04257,0.03992,0.04041,457253837.0,2026-04-18 23:59:59.999,18815187.12427
2026-04-19,0.04041,0.04209,0.03965,0.04043,486569620.0,2026-04-19 23:59:59.999,19780203.13654
2026-04-20,0.04044,0.04834,0.04039,0.04641,1414501585.0,2026-04-20 23:59:59.999,63068394.30637
2026-04-21,0.04644,0.04908,0.04525,0.04755,1149944750.0,2026-04-21 23:59:59.999,54007531.80078
2026-04-22,0.04755,0.04903,0.04572,0.0471,718776581.0,2026-04-22 23:59:59.999,34000125.59273
2026-04-23,0.04711,0.05038,0.0459,0.05024,833625527.0,2026-04-23 23:59:59.999,39771540.19058
2026-04-24,0.05023,0.05199,0.04743,0.04815,678551696.0,2026-04-24 23:59:59.999,33229101.61419
2026-04-25,0.04815,0.05028,0.04761,0.04961,501675069.0,2026-04-25 23:59:59.999,24629619.06836
2026-04-26,0.04961,0.05158,0.0488,0.04963,522927137.0,2026-04-26 23:59:59.999,26161576.7516
2026-04-27,0.04962,0.05131,0.04788,0.05011,693829263.0,2026-04-27 23:59:59.999,34265360.9188
2026-04-28,0.0501,0.05063,0.04482,0.04547,804722275.0,2026-04-28 23:59:59.999,37892794.96437
2026-04-29,0.04548,0.0477,0.04105,0.04238,904343595.0,2026-04-29 23:59:59.999,39918259.43013
2026-04-30,0.04239,0.04271,0.04,0.04122,720179880.0,2026-04-30 23:59:59.999,29610614.33037
2026-05-01,0.04122,0.04239,0.04094,0.04162,400792724.0,2026-05-01 23:59:59.999,16680229.05816
2026-05-02,0.04163,0.0419,0.041,0.04148,264800879.0,2026-05-02 23:59:59.999,10959427.13228
2026-05-03,0.04148,0.04154,0.03894,0.04024,505905213.0,2026-05-03 23:59:59.999,20224512.87774
2026-05-04,0.04024,0.04132,0.03872,0.0398,490354730.0,2026-05-04 23:59:59.999,19700784.23216
2026-05-05,0.0398,0.04287,0.03951,0.04129,736566712.0,2026-05-05 23:59:59.999,30511099.81765
2026-05-06,0.04129,0.0436,0.04125,0.04303,713611531.0,2026-05-06 23:59:59.999,30276251.25067
2026-05-07,0.04303,0.04433,0.04198,0.04405,624706828.0,2026-05-07 23:59:59.999,26990835.18408
2026-05-08,0.04405,0.04685,0.04332,0.04513,935382978.0,2026-05-08 23:59:59.999,42072859.25992
2026-05-09,0.04512,0.0473,0.04423,0.04479,522794065.0,2026-05-09 23:59:59.999,23806147.26035
2026-05-10,0.04479,0.04645,0.04404,0.04552,468594866.0,2026-05-10 23:59:59.999,21226259.38055
2026-05-11,0.04551,0.04565,0.04261,0.04329,500484388.0,2026-05-11 23:59:59.999,22000548.93663
2026-05-12,0.04329,0.04465,0.04162,0.04441,552905338.0,2026-05-12 23:59:59.999,23862014.70029
2026-05-13,0.04441,0.0458,0.04192,0.04313,627527607.0,2026-05-13 23:59:59.999,27550792.67971
2026-05-14,0.04312,0.04437,0.04207,0.04433,377869037.0,2026-05-14 23:59:59.999,16244511.12831
2026-05-15,0.04433,0.04612,0.04254,0.04551,1119913499.0,2026-05-15 23:59:59.999,49776625.85944
2026-05-16,0.04552,0.04904,0.0428,0.04768,1781796871.0,2026-05-16 23:59:59.999,82312554.40577
2026-05-17,0.04767,0.04965,0.04513,0.04645,1640686676.0,2026-05-17 23:59:59.999,78787683.7597
2026-05-18,0.04644,0.04961,0.04548,0.04854,1284028791.0,2026-05-18 23:59:59.999,60891885.37524
2026-05-19,0.04854,0.05019,0.04662,0.04745,1015041642.0,2026-05-19 23:59:59.999,49122805.70622
2026-05-20,0.04745,0.04802,0.04425,0.04469,950258854.0,2026-05-20 23:59:59.999,43521997.84705
2026-05-21,0.04469,0.04587,0.04212,0.04394,1088153949.0,2026-05-21 23:59:59.999,47817512.62536
2026-05-22,0.04394,0.04396,0.03966,0.04019,892761336.0,2026-05-22 23:59:59.999,37984644.58718
2026-05-23,0.04019,0.041,0.03596,0.03768,1614370534.0,2026-05-23 23:59:59.999,61325478.83718
2026-05-24,0.03769,0.03864,0.03501,0.03633,984449851.0,2026-05-24 23:59:59.999,36486730.32546
2026-05-25,0.03633,0.03757,0.03594,0.03676,745115089.0,2026-05-25 23:59:59.999,27451953.16854
2026-05-26,0.03676,0.03687,0.03443,0.03608,1004637123.0,2026-05-26 23:59:59.999,35867933.08481
2026-05-27,0.03609,0.03745,0.03489,0.03647,849515868.0,2026-05-27 23:59:59.999,30785666.94179
2026-05-28,0.03646,0.03714,0.03338,0.03469,1223665582.0,2026-05-28 23:59:59.999,42314010.71
