open_time,open,high,low,close,volume,close_time,quote_asset_volume
2020-08-22,2.92,5.1,2.92,4.465,34281718.6,2020-08-22 23:59:59.999,133878465.805
2020-08-23,4.482,4.5,3.706,3.993,23021804.0,2020-08-23 23:59:59.999,92770491.1651
2020-08-24,3.993,4.81,3.755,4.594,27131790.2,2020-08-24 23:59:59.999,116315362.24
2020-08-25,4.585,5.776,4.492,5.56,54379664.2,2020-08-25 23:59:59.999,274657179.7305
2020-08-26,5.56,6.598,5.102,6.092,51031902.3,2020-08-26 23:59:59.999,300034766.1615
2020-08-27,6.092,6.828,5.23,5.668,75224186.8,2020-08-27 23:59:59.999,449647538.4695
2020-08-28,5.658,6.388,5.511,6.179,33421289.7,2020-08-28 23:59:59.999,199764540.128
2020-08-29,6.186,6.571,6.018,6.144,24587097.5,2020-08-29 23:59:59.999,155229777.9378
2020-08-30,6.148,6.237,5.721,5.899,20792243.5,2020-08-30 23:59:59.999,124584142.0065
2020-08-31,5.898,6.479,5.762,6.275,22653228.3,2020-08-31 23:59:59.999,139095930.6805
2020-09-01,6.275,6.889,6.125,6.253,24095350.4,2020-09-01 23:59:59.999,156488512.1252
2020-09-02,6.254,6.46,5.51,6.136,27104128.0,2020-09-02 23:59:59.999,162883902.2724
2020-09-03,6.144,6.339,5.55,5.68,40503527.5,2020-09-03 23:59:59.999,243713961.3863
2020-09-04,5.68,5.995,4.467,5.105,46084440.4,2020-09-04 23:59:59.999,242347855.9987
2020-09-05,5.102,5.315,3.55,4.145,48012193.8,2020-09-05 23:59:59.999,210720123.8437
2020-09-06,4.145,4.946,3.726,4.789,33884882.7,2020-09-06 23:59:59.999,149491742.3788
2020-09-07,4.789,4.836,4.001,4.598,22395692.9,2020-09-07 23:59:59.999,98202516.2297
2020-09-08,4.598,4.632,4.108,4.274,15114305.5,2020-09-08 23:59:59.999,65512831.6827
2020-09-09,4.268,4.8,4.132,4.706,15706478.6,2020-09-09 23:59:59.999,70547746.7001
2020-09-10,4.707,4.9,4.442,4.577,14627909.7,2020-09-10 23:59:59.999,67939571.3939
2020-09-11,4.578,4.744,4.294,4.651,12384407.3,2020-09-11 23:59:59.999,55592867.8235
2020-09-12,4.65,5.304,4.499,5.143,23105202.5,2020-09-12 23:59:59.999,113048249.9775
2020-09-13,5.143,5.481,4.77,5.33,28970409.1,2020-09-13 23:59:59.999,148730182.4715
2020-09-14,5.33,5.584,5.089,5.365,21796482.8,2020-09-14 23:59:59.999,116318069.6152
2020-09-15,5.363,5.452,5.044,5.062,15695368.3,2020-09-15 23:59:59.999,82868624.7079
2020-09-16,5.061,5.291,4.969,5.082,12657543.0,2020-09-16 23:59:59.999,64550748.1512
2020-09-17,5.077,5.432,5.049,5.34,13989325.4,2020-09-17 23:59:59.999,73501634.2594
2020-09-18,5.338,5.465,5.091,5.268,11417450.6,2020-09-18 23:59:59.999,60087416.0347
2020-09-19,5.269,5.273,4.806,4.929,7722368.4,2020-09-19 23:59:59.999,39034734.9398
2020-09-20,4.926,4.974,4.376,4.661,13744406.2,2020-09-20 23:59:59.999,64283026.7944
2020-09-21,4.661,4.699,3.906,4.069,26452655.3,2020-09-21 23:59:59.999,110950725.0304
2020-09-22,4.069,4.21,3.9,4.164,13963592.0,2020-09-22 23:59:59.999,57042622.5838
2020-09-23,4.162,4.327,3.939,4.017,18670450.4,2020-09-23 23:59:59.999,76994576.6099
2020-09-24,4.017,4.469,3.96,4.38,16488091.9,2020-09-24 23:59:59.999,69850988.3368
2020-09-25,4.38,4.534,4.236,4.416,10448990.3,2020-09-25 23:59:59.999,45590387.6859
2020-09-26,4.417,4.485,4.224,4.331,6762111.0,2020-09-26 23:59:59.999,29365085.7936
2020-09-27,4.33,4.368,4.11,4.301,7868546.8,2020-09-27 23:59:59.999,33419518.977
2020-09-28,4.3,4.596,4.203,4.456,16281359.8,2020-09-28 23:59:59.999,72187753.1355
2020-09-29,4.454,4.617,4.352,4.499,13468351.9,2020-09-29 23:59:59.999,60493870.0906
2020-09-30,4.499,4.505,4.237,4.35,8146297.3,2020-09-30 23:59:59.999,35468405.2462
2020-10-01,4.35,4.593,4.241,4.348,14286848.1,2020-10-01 23:59:59.999,63245898.7843
2020-10-02,4.346,4.366,3.848,4.125,12576507.8,2020-10-02 23:59:59.999,51380513.8392
2020-10-03,4.125,4.147,4.024,4.061,4591505.0,2020-10-03 23:59:59.999,18760415.2078
2020-10-04,4.061,4.198,4.006,4.178,5334150.7,2020-10-04 23:59:59.999,21889783.1582
2020-10-05,4.177,4.245,4.104,4.16,6958518.5,2020-10-05 23:59:59.999,29110841.3129
2020-10-06,4.159,4.179,3.592,3.743,17071553.3,2020-10-06 23:59:59.999,66795807.1659
2020-10-07,3.743,3.885,3.591,3.85,15267754.0,2020-10-07 23:59:59.999,57443612.3339
2020-10-08,3.849,4.16,3.621,4.117,18897243.0,2020-10-08 23:59:59.999,73202638.6086
2020-10-09,4.115,4.353,4.01,4.257,13744416.0,2020-10-09 23:59:59.999,57535531.3882
2020-10-10,4.254,4.49,4.223,4.262,11444963.4,2020-10-10 23:59:59.999,49754388.1502
2020-10-11,4.262,4.343,4.164,4.248,8330751.3,2020-10-11 23:59:59.999,35447089.4873
2020-10-12,4.248,4.455,4.178,4.311,14438897.4,2020-10-12 23:59:59.999,62701790.3992
2020-10-13,4.31,4.349,4.125,4.254,8263068.0,2020-10-13 23:59:59.999,35167246.7578
2020-10-14,4.254,4.388,4.074,4.186,11394825.4,2020-10-14 23:59:59.999,48479022.3516
2020-10-15,4.186,4.193,4.019,4.103,8460458.8,2020-10-15 23:59:59.999,34825148.6164
2020-10-16,4.102,4.161,3.79,3.916,9332072.8,2020-10-16 23:59:59.999,36847321.3029
2020-10-17,3.917,3.982,3.862,3.967,3942619.0,2020-10-17 23:59:59.999,15522896.5273
2020-10-18,3.967,4.13,3.956,4.111,4442084.6,2020-10-18 23:59:59.999,18073012.0465
2020-10-19,4.109,4.125,3.953,3.989,5237793.8,2020-10-19 23:59:59.999,21162380.4796
2020-10-20,3.988,4.15,3.863,3.903,11666325.9,2020-10-20 23:59:59.999,46726213.2539
2020-10-21,3.904,4.247,3.89,4.136,13125316.1,2020-10-21 23:59:59.999,53572608.6789
2020-10-22,4.136,4.345,4.124,4.274,11088616.7,2020-10-22 23:59:59.999,47267837.7217
2020-10-23,4.272,4.492,4.184,4.266,13498558.6,2020-10-23 23:59:59.999,58427270.3668
2020-10-24,4.265,4.439,4.242,4.352,10436586.4,2020-10-24 23:59:59.999,45562625.2056
2020-10-25,4.351,4.451,4.257,4.33,7512771.4,2020-10-25 23:59:59.999,32668114.772
2020-10-26,4.333,4.751,4.289,4.702,23157749.7,2020-10-26 23:59:59.999,105267836.286
2020-10-27,4.703,4.939,4.641,4.677,18254991.3,2020-10-27 23:59:59.999,87174770.1364
2020-10-28,4.677,4.784,4.23,4.358,15525273.3,2020-10-28 23:59:59.999,69299169.7609
2020-10-29,4.356,4.411,3.822,4.055,18536282.2,2020-10-29 23:59:59.999,76989903.0067
2020-10-30,4.054,4.161,3.908,4.081,10743311.6,2020-10-30 23:59:59.999,43496924.6695
2020-10-31,4.08,4.281,4.054,4.18,6751670.7,2020-10-31 23:59:59.999,28292507.2557
2020-11-01,4.181,4.224,4.104,4.218,4507314.7,2020-11-01 23:59:59.999,18773815.6765
2020-11-02,4.22,4.264,3.957,4.026,10764650.7,2020-11-02 23:59:59.999,44072927.4014
2020-11-03,4.026,4.068,3.877,4.033,9641198.0,2020-11-03 23:59:59.999,38170397.0326
2020-11-04,4.033,4.155,3.887,4.096,11005075.9,2020-11-04 23:59:59.999,44143001.0826
2020-11-05,4.097,4.303,4.008,4.224,10263880.4,2020-11-05 23:59:59.999,42764255.5518
2020-11-06,4.224,4.645,4.201,4.587,12754179.9,2020-11-06 23:59:59.999,56871552.0504
2020-11-07,4.585,4.866,4.078,4.235,20256437.4,2020-11-07 23:59:59.999,89959496.374
2020-11-08,4.234,4.431,4.127,4.373,9744221.0,2020-11-08 23:59:59.999,42091514.94
2020-11-09,4.372,4.466,4.238,4.349,8799504.9,2020-11-09 23:59:59.999,38295036.1979
2020-11-10,4.349,4.509,4.303,4.422,7862750.1,2020-11-10 23:59:59.999,34588074.2005
2020-11-11,4.424,4.635,4.414,4.45,8980090.5,2020-11-11 23:59:59.999,40444015.465
2020-11-12,4.449,4.479,4.31,4.405,5993160.6,2020-11-12 23:59:59.999,26261402.7029
2020-11-13,4.406,4.597,4.368,4.543,8344282.1,2020-11-13 23:59:59.999,37292009.2636
2020-11-14,4.543,4.559,4.353,4.465,7048928.1,2020-11-14 23:59:59.999,31412279.1006
2020-11-15,4.467,4.509,4.302,4.366,8876203.6,2020-11-15 23:59:59.999,39207123.4838
2020-11-16,4.369,4.604,4.336,4.502,12131373.2,2020-11-16 23:59:59.999,54226471.5196
2020-11-17,4.501,4.95,4.491,4.864,22824103.0,2020-11-17 23:59:59.999,109173374.9148
2020-11-18,4.864,4.953,4.4,4.682,16570102.1,2020-11-18 23:59:59.999,78043789.577
2020-11-19,4.682,4.858,4.539,4.759,10079058.3,2020-11-19 23:59:59.999,47540742.6101
2020-11-20,4.759,5.481,4.741,5.234,27612938.7,2020-11-20 23:59:59.999,145104509.2641
2020-11-21,5.234,5.832,5.128,5.796,24807643.3,2020-11-21 23:59:59.999,136291575.7632
2020-11-22,5.795,5.876,5.167,5.525,21964164.1,2020-11-22 23:59:59.999,121367034.0623
2020-11-23,5.526,6.0,5.421,5.919,24914371.9,2020-11-23 23:59:59.999,143211989.0854
2020-11-24,5.92,6.114,5.502,5.747,25837968.1,2020-11-24 23:59:59.999,151406175.347
2020-11-25,5.747,5.849,5.108,5.306,17482952.4,2020-11-25 23:59:59.999,96732295.3732
2020-11-26,5.306,5.379,4.43,4.804,26341446.8,2020-11-26 23:59:59.999,126715475.0174
2020-11-27,4.805,5.074,4.507,4.81,11243818.4,2020-11-27 23:59:59.999,53718741.9919
2020-11-28,4.809,4.955,4.669,4.888,8428910.8,2020-11-28 23:59:59.999,40632159.7975
2020-11-29,4.891,5.21,4.795,5.19,9711959.5,2020-11-29 23:59:59.999,48635617.5722
2020-11-30,5.19,5.453,5.13,5.381,15230998.5,2020-11-30 23:59:59.999,80615812.6706
2020-12-01,5.382,5.556,4.952,5.081,14573932.8,2020-12-01 23:59:59.999,76761964.8133
2020-12-02,5.083,5.546,4.981,5.457,10838129.1,2020-12-02 23:59:59.999,57444499.83
2020-12-03,5.457,5.575,5.316,5.403,8426289.0,2020-12-03 23:59:59.999,45947097.5149
2020-12-04,5.402,5.439,4.954,4.999,8403326.4,2020-12-04 23:59:59.999,43757710.6689
2020-12-05,4.999,5.195,4.876,5.185,5398595.6,2020-12-05 23:59:59.999,27312653.7187
2020-12-06,5.185,5.208,5.002,5.132,4433815.4,2020-12-06 23:59:59.999,22590559.5062
2020-12-07,5.133,5.16,5.01,5.06,4273470.4,2020-12-07 23:59:59.999,21750410.4471
2020-12-08,5.06,5.075,4.695,4.74,7513347.8,2020-12-08 23:59:59.999,36537185.4765
2020-12-09,4.74,4.938,4.616,4.87,8663731.1,2020-12-09 23:59:59.999,41685678.9252
2020-12-10,4.871,4.918,4.74,4.8,4622098.7,2020-12-10 23:59:59.999,22256654.6325
2020-12-11,4.802,4.815,4.54,4.612,5967989.9,2020-12-11 23:59:59.999,27748806.0593
2020-12-12,4.614,4.796,4.606,4.738,4918743.1,2020-12-12 23:59:59.999,23243698.1396
2020-12-13,4.738,4.998,4.724,4.897,6843704.3,2020-12-13 23:59:59.999,33373857.6708
2020-12-14,4.896,5.0,4.824,4.896,5389103.6,2020-12-14 23:59:59.999,26415357.6713
2020-12-15,4.896,5.29,4.841,5.241,10679386.5,2020-12-15 23:59:59.999,54276527.4819
2020-12-16,5.241,5.386,5.113,5.372,11642308.1,2020-12-16 23:59:59.999,60877556.512
2020-12-17,5.372,5.775,5.259,5.35,21169940.1,2020-12-17 23:59:59.999,116177222.595
2020-12-18,5.35,5.518,5.253,5.365,10031010.9,2020-12-18 23:59:59.999,53836288.2614
2020-12-19,5.365,5.59,5.275,5.343,8289631.5,2020-12-19 23:59:59.999,45142475.682
2020-12-20,5.344,5.45,5.08,5.19,9485680.4,2020-12-20 23:59:59.999,50029418.3508
2020-12-21,5.191,5.457,4.782,4.877,15555773.8,2020-12-21 23:59:59.999,79045205.292
2020-12-22,4.879,5.181,4.801,5.154,13992355.8,2020-12-22 23:59:59.999,70027005.1947
2020-12-23,5.153,5.197,4.582,4.717,13136426.7,2020-12-23 23:59:59.999,64647387.4674
2020-12-24,4.717,5.207,4.631,5.115,15103613.3,2020-12-24 23:59:59.999,75188046.2174
2020-12-25,5.114,5.29,5.04,5.212,9655072.7,2020-12-25 23:59:59.999,49773371.4414
2020-12-26,5.213,5.295,5.076,5.193,9129517.1,2020-12-26 23:59:59.999,47415432.9072
2020-12-27,5.195,5.435,4.938,5.149,22121978.6,2020-12-27 23:59:59.999,115800991.6273
2020-12-28,5.151,6.737,5.111,6.608,49271746.0,2020-12-28 23:59:59.999,295858547.607
2020-12-29,6.608,7.73,6.2,7.554,65605380.9,2020-12-29 23:59:59.999,442142002.2934
2020-12-30,7.555,7.69,7.057,7.244,43369301.8,2020-12-30 23:59:59.999,319244364.1195
2020-12-31,7.244,9.532,7.17,9.264,59255089.8,2020-12-31 23:59:59.999,485906693.8193
2021-01-01,9.264,9.445,8.097,8.287,50583028.7,2021-01-01 23:59:59.999,442648460.5523
2021-01-02,8.287,9.876,7.888,9.213,64951391.2,2021-01-02 23:59:59.999,575364755.8334
2021-01-03,9.213,10.558,8.862,10.187,57323818.3,2021-01-03 23:59:59.999,544512819.5921
2021-01-04,10.188,10.584,8.666,9.524,47943722.2,2021-01-04 23:59:59.999,461114327.6788
2021-01-05,9.524,10.09,9.005,9.727,28997019.7,2021-01-05 23:59:59.999,279244343.5024
2021-01-06,9.736,10.55,9.463,10.082,30740975.8,2021-01-06 23:59:59.999,305774220.1708
2021-01-07,10.089,10.757,9.35,9.66,32630386.9,2021-01-07 23:59:59.999,326369916.09
2021-01-08,9.663,9.846,8.8,9.303,25356450.5,2021-01-08 23:59:59.999,235551158.5529
2021-01-09,9.306,9.866,9.051,9.756,17809407.2,2021-01-09 23:59:59.999,167745053.6076
2021-01-10,9.762,10.036,8.635,9.306,22581383.8,2021-01-10 23:59:59.999,213488607.8714
2021-01-11,9.306,9.341,7.08,8.269,49149219.2,2021-01-11 23:59:59.999,389843194.3078
2021-01-12,8.262,8.717,7.927,8.299,17754425.6,2021-01-12 23:59:59.999,147137901.2353
2021-01-13,8.301,11.423,7.98,10.955,41110779.5,2021-01-13 23:59:59.999,405259390.1754
2021-01-14,10.964,14.799,10.9,14.5,65840041.9,2021-01-14 23:59:59.999,809050764.9496
2021-01-15,14.53,15.021,11.771,13.158,69143443.5,2021-01-15 23:59:59.999,942970479.7374
2021-01-16,13.158,19.492,13.152,17.943,85164987.8,2021-01-16 23:59:59.999,1421706363.4831
2021-01-17,17.946,18.252,16.281,17.091,50857981.8,2021-01-17 23:59:59.999,877515645.8837
2021-01-18,17.09,18.25,15.801,16.601,30254407.6,2021-01-18 23:59:59.999,518499042.0585
2021-01-19,16.595,17.579,16.019,16.411,25134220.9,2021-01-19 23:59:59.999,423131350.2493
2021-01-20,16.411,18.273,14.8,18.017,43651933.4,2021-01-20 23:59:59.999,716123184.7377
2021-01-21,18.022,18.2,14.936,16.01,48007550.6,2021-01-21 23:59:59.999,791152347.0915
2021-01-22,16.016,18.021,14.666,17.134,39246882.0,2021-01-22 23:59:59.999,649739580.9223
2021-01-23,17.134,18.848,16.804,18.771,32037873.3,2021-01-23 23:59:59.999,572932778.7209
2021-01-24,18.774,18.786,17.23,18.002,20148331.4,2021-01-24 23:59:59.999,361186108.1514
2021-01-25,18.003,19.17,17.082,17.216,23728209.4,2021-01-25 23:59:59.999,431040013.5526
2021-01-26,17.215,17.809,16.03,17.117,17951438.2,2021-01-26 23:59:59.999,303606025.7913
2021-01-27,17.123,17.148,15.065,15.451,22808197.9,2021-01-27 23:59:59.999,361110327.9329
2021-01-28,15.448,17.506,15.276,16.896,19734954.4,2021-01-28 23:59:59.999,330261205.3361
2021-01-29,16.897,17.82,16.0,16.831,21195359.2,2021-01-29 23:59:59.999,357048905.8435
2021-01-30,16.833,17.099,16.126,16.55,12136769.3,2021-01-30 23:59:59.999,200789265.3608
2021-01-31,16.553,17.602,15.655,16.144,13949745.9,2021-01-31 23:59:59.999,230759664.5999
2021-02-01,16.144,16.579,15.703,16.468,10333533.1,2021-02-01 23:59:59.999,166371384.8674
2021-02-02,16.466,17.704,16.065,17.213,18555700.4,2021-02-02 23:59:59.999,313573026.0787
2021-02-03,17.216,20.97,16.864,20.88,38717930.2,2021-02-03 23:59:59.999,739056414.9073
2021-02-04,20.879,21.946,19.01,19.695,35648972.7,2021-02-04 23:59:59.999,730860892.0433
2021-02-05,19.695,21.472,19.377,20.881,25124472.5,2021-02-05 23:59:59.999,520351546.4352
2021-02-06,20.873,21.509,19.839,20.405,17725677.8,2021-02-06 23:59:59.999,361865977.3335
2021-02-07,20.405,20.85,18.403,19.765,20961242.6,2021-02-07 23:59:59.999,412639842.3441
2021-02-08,19.765,23.777,19.2,23.04,34084912.5,2021-02-08 23:59:59.999,750126408.1984
2021-02-09,23.05,24.269,22.25,23.126,18748202.3,2021-02-09 23:59:59.999,435206367.9583
2021-02-10,23.116,25.053,21.789,23.615,27330060.5,2021-02-10 23:59:59.999,643333852.7259
2021-02-11,23.616,25.8,23.23,25.06,21511694.7,2021-02-11 23:59:59.999,536794884.5324
2021-02-12,25.063,29.85,24.525,28.702,24039557.8,2021-02-12 23:59:59.999,656586179.2915
2021-02-13,28.705,30.328,27.232,28.073,21188201.6,2021-02-13 23:59:59.999,609898466.9911
2021-02-14,28.077,29.517,26.41,26.931,15452172.9,2021-02-14 23:59:59.999,430897316.2674
2021-02-15,26.939,29.641,23.0,27.831,28367677.7,2021-02-15 23:59:59.999,764135003.3903
2021-02-16,27.842,31.1,26.797,30.12,27106901.2,2021-02-16 23:59:59.999,805001272.2712
2021-02-17,30.129,32.547,29.655,31.988,20888293.7,2021-02-17 23:59:59.999,647263229.2139
2021-02-18,31.987,32.699,30.581,31.156,10578478.3,2021-02-18 23:59:59.999,333358546.256
2021-02-19,31.155,35.098,29.553,34.872,19566331.1,2021-02-19 23:59:59.999,638312032.8311
2021-02-20,34.878,42.395,34.752,38.979,35310361.0,2021-02-20 23:59:59.999,1378102575.3266
2021-02-21,38.976,40.636,38.095,39.632,18338418.7,2021-02-21 23:59:59.999,717883576.5198
2021-02-22,39.629,39.815,30.038,37.663,31628718.7,2021-02-22 23:59:59.999,1141837020.6033
2021-02-23,37.66,37.904,26.116,34.544,40564480.5,2021-02-23 23:59:59.999,1326332104.2139
2021-02-24,34.554,36.84,31.839,33.642,23026108.6,2021-02-24 23:59:59.999,799430877.9286
2021-02-25,33.656,35.263,30.86,31.24,16301674.8,2021-02-25 23:59:59.999,545971607.587
2021-02-26,31.255,33.528,27.953,31.449,28569767.9,2021-02-26 23:59:59.999,876768081.2772
2021-02-27,31.444,35.7,31.335,33.491,25696093.9,2021-02-27 23:59:59.999,873896279.7093
2021-02-28,33.486,34.543,29.692,33.805,24909468.0,2021-02-28 23:59:59.999,791288843.402
2021-03-01,33.817,35.711,33.024,35.677,16295645.1,2021-03-01 23:59:59.999,562731104.0214
2021-03-02,35.675,37.976,34.387,36.136,20430023.0,2021-03-02 23:59:59.999,739060603.5884
2021-03-03,36.148,38.742,36.096,37.043,16145054.1,2021-03-03 23:59:59.999,606813833.2052
2021-03-04,37.041,38.413,34.387,35.277,16195851.8,2021-03-04 23:59:59.999,588587310.543
2021-03-05,35.277,35.304,31.364,33.64,19390318.3,2021-03-05 23:59:59.999,643024828.6798
2021-03-06,33.643,34.251,32.09,33.395,11070924.7,2021-03-06 23:59:59.999,368140668.2551
2021-03-07,33.405,35.371,33.404,35.132,10300042.8,2021-03-07 23:59:59.999,354449759.5988
2021-03-08,35.14,35.603,33.463,35.023,11075215.3,2021-03-08 23:59:59.999,380875477.5607
2021-03-09,35.025,38.962,34.576,38.291,20194589.0,2021-03-09 23:59:59.999,740975538.3113
2021-03-10,38.293,39.635,36.318,37.584,21562003.8,2021-03-10 23:59:59.999,823660192.9237
2021-03-11,37.596,38.111,35.879,36.957,15347670.4,2021-03-11 23:59:59.999,567725086.7134
2021-03-12,36.954,37.552,34.386,35.957,12707699.1,2021-03-12 23:59:59.999,456788945.5274
2021-03-13,35.981,38.412,34.74,37.242,12412835.8,2021-03-13 23:59:59.999,460255908.057
2021-03-14,37.255,38.049,36.313,36.454,10328726.9,2021-03-14 23:59:59.999,383414454.0753
2021-03-15,36.453,38.652,33.699,34.33,18687485.3,2021-03-15 23:59:59.999,670504649.456
2021-03-16,34.321,35.583,32.01,35.44,15057332.1,2021-03-16 23:59:59.999,512699578.023
2021-03-17,35.44,36.48,34.418,36.154,12297926.3,2021-03-17 23:59:59.999,436957538.2636
2021-03-18,36.153,37.072,35.335,35.386,10298064.1,2021-03-18 23:59:59.999,373680901.6839
2021-03-19,35.388,38.96,34.643,38.252,17582921.3,2021-03-19 23:59:59.999,658006304.1849
2021-03-20,38.24,40.21,37.19,37.272,15773431.3,2021-03-20 23:59:59.999,618241868.1377
2021-03-21,37.272,38.151,36.129,36.723,12061765.0,2021-03-21 23:59:59.999,446880197.1701
2021-03-22,36.727,37.844,35.052,35.278,12373196.3,2021-03-22 23:59:59.999,454724290.5859
2021-03-23,35.284,36.337,34.046,34.237,10775906.4,2021-03-23 23:59:59.999,379301508.7593
2021-03-24,34.232,36.165,27.12,30.193,21832780.8,2021-03-24 23:59:59.999,703047647.0
2021-03-25,30.203,31.275,28.397,29.807,26515392.5,2021-03-25 23:59:59.999,792657170.0555
2021-03-26,29.807,33.4,29.792,33.195,13493384.0,2021-03-26 23:59:59.999,425868980.3667
2021-03-27,33.187,33.534,31.158,32.628,12413221.4,2021-03-27 23:59:59.999,402764439.1987
2021-03-28,32.626,33.284,31.258,32.269,8338671.6,2021-03-28 23:59:59.999,270414267.921
2021-03-29,32.27,34.775,31.792,34.391,11325373.4,2021-03-29 23:59:59.999,382560470.3871
2021-03-30,34.391,34.9,33.554,34.039,8716009.4,2021-03-30 23:59:59.999,297637383.9883
2021-03-31,34.046,38.366,33.24,37.122,23952931.8,2021-03-31 23:59:59.999,861031283.8949
2021-04-01,37.122,39.086,36.111,37.511,15231237.5,2021-04-01 23:59:59.999,573606464.1868
2021-04-02,37.514,41.507,36.66,41.135,17315062.5,2021-04-02 23:59:59.999,675418121.1251
2021-04-03,41.135,46.899,41.047,41.421,35312275.3,2021-04-03 23:59:59.999,1559351930.7071
2021-04-04,41.43,45.164,40.739,44.372,16594721.6,2021-04-04 23:59:59.999,725619306.9936
2021-04-05,44.374,46.008,41.859,45.93,16534010.9,2021-04-05 23:59:59.999,724614152.6099
2021-04-06,45.923,46.471,41.681,43.4,17487479.8,2021-04-06 23:59:59.999,767831963.5694
2021-04-07,43.404,43.578,37.651,39.571,22515789.6,2021-04-07 23:59:59.999,905803896.4191
2021-04-08,39.575,41.666,39.272,41.372,11017036.4,2021-04-08 23:59:59.999,447643005.8013
2021-04-09,41.365,42.168,40.136,40.847,8688716.3,2021-04-09 23:59:59.999,357201608.3792
2021-04-10,40.847,42.871,40.011,41.657,11149156.6,2021-04-10 23:59:59.999,463439202.2759
2021-04-11,41.663,41.998,40.1,41.4,8469809.2,2021-04-11 23:59:59.999,346848333.7474
2021-04-12,41.411,41.877,39.429,40.539,9371896.6,2021-04-12 23:59:59.999,381651113.5336
2021-04-13,40.539,43.582,39.909,43.021,14998428.7,2021-04-13 23:59:59.999,626125933.9894
2021-04-14,43.03,44.732,40.026,42.584,20585845.8,2021-04-14 23:59:59.999,876213813.7965
2021-04-15,42.582,44.5,41.522,43.494,15846396.0,2021-04-15 23:59:59.999,681622646.8585
2021-04-16,43.495,43.888,40.01,41.451,18525254.5,2021-04-16 23:59:59.999,779085167.8256
2021-04-17,41.45,48.539,41.435,42.09,33488005.4,2021-04-17 23:59:59.999,1498246876.3066
2021-04-18,42.099,42.772,31.176,37.356,48189400.2,2021-04-18 23:59:59.999,1764277946.3043
2021-04-19,37.356,38.735,33.958,34.767,22129685.5,2021-04-19 23:59:59.999,803351200.3932
2021-04-20,34.774,35.8,31.549,35.42,23355838.0,2021-04-20 23:59:59.999,788706674.2089
2021-04-21,35.423,36.358,33.047,33.817,18123651.9,2021-04-21 23:59:59.999,631171582.4277
2021-04-22,33.827,36.83,32.802,32.963,22982564.2,2021-04-22 23:59:59.999,791829150.0353
2021-04-23,32.96,33.535,26.452,32.257,33395778.1,2021-04-23 23:59:59.999,1005354972.599
2021-04-24,32.255,32.429,28.555,29.0,16745239.8,2021-04-24 23:59:59.999,508029469.947
2021-04-25,29.0,31.349,28.1,29.831,14293436.1,2021-04-25 23:59:59.999,425827017.9087
2021-04-26,29.839,33.5,29.751,33.41,15063885.9,2021-04-26 23:59:59.999,486307774.5217
2021-04-27,33.408,34.988,33.184,34.824,13514086.9,2021-04-27 23:59:59.999,460664933.1343
2021-04-28,34.836,35.437,32.6,34.0,13264606.2,2021-04-28 23:59:59.999,447450775.2416
2021-04-29,33.996,36.015,33.01,35.989,12659208.0,2021-04-29 23:59:59.999,431191741.9544
2021-04-30,35.992,36.866,35.137,36.553,15819473.6,2021-04-30 23:59:59.999,571206373.4013
2021-05-01,36.554,37.421,35.789,36.959,11979611.1,2021-05-01 23:59:59.999,439943114.9021
2021-05-02,36.957,37.232,35.47,36.658,11217607.8,2021-05-02 23:59:59.999,408678744.8737
2021-05-03,36.655,38.381,36.633,37.296,14684144.2,2021-05-03 23:59:59.999,550636292.3949
2021-05-04,37.306,38.002,34.4,34.796,21499084.4,2021-05-04 23:59:59.999,777032119.1129
2021-05-05,34.798,40.849,34.555,40.477,21794009.5,2021-05-05 23:59:59.999,832185297.6132
2021-05-06,40.476,44.215,38.026,41.637,30580933.5,2021-05-06 23:59:59.999,1249572044.2329
2021-05-07,41.642,42.805,38.3,39.865,22928084.6,2021-05-07 23:59:59.999,938440925.2363
2021-05-08,39.871,40.73,38.748,39.953,10914755.8,2021-05-08 23:59:59.999,434172851.3833
2021-05-09,39.956,40.6,38.198,40.347,14289094.3,2021-05-09 23:59:59.999,565122497.7246
2021-05-10,40.328,41.895,32.0,36.479,23334284.5,2021-05-10 23:59:59.999,892669001.6047
2021-05-11,36.479,38.708,35.58,38.665,14215182.8,2021-05-11 23:59:59.999,526796779.3755
2021-05-12,38.665,42.571,33.644,35.072,29184708.6,2021-05-12 23:59:59.999,1148475762.0242
2021-05-13,35.072,41.926,32.8,40.027,45175868.6,2021-05-13 23:59:59.999,1762169698.3492
2021-05-14,40.028,48.184,39.433,48.063,37234079.4,2021-05-14 23:59:59.999,1617045392.6627
2021-05-15,48.064,49.855,42.783,43.66,41668486.9,2021-05-15 23:59:59.999,1949288958.8536
2021-05-16,43.673,46.773,39.3,42.461,27139702.3,2021-05-16 23:59:59.999,1166990879.03
2021-05-17,42.466,42.55,35.132,38.732,30985017.6,2021-05-17 23:59:59.999,1202325489.3344
2021-05-18,38.725,42.599,37.688,40.616,24162448.2,2021-05-18 23:59:59.999,968607143.2232
2021-05-19,40.642,41.445,15.376,25.061,69636761.5,2021-05-19 23:59:59.999,2176758330.0494
2021-05-20,25.051,31.3,21.071,28.942,51882967.0,2021-05-20 23:59:59.999,1419795593.2358
2021-05-21,28.941,31.01,19.959,24.4,50897272.6,2021-05-21 23:59:59.999,1287453893.0897
2021-05-22,24.389,24.618,20.312,22.052,36868429.3,2021-05-22 23:59:59.999,833078466.8694
2021-05-23,22.06,23.467,13.611,17.906,68972958.8,2021-05-23 23:59:59.999,1217275329.1637
2021-05-24,17.905,23.477,17.071,23.268,44312245.8,2021-05-24 23:59:59.999,901816763.5559
2021-05-25,23.26,24.218,19.615,22.141,34542082.3,2021-05-25 23:59:59.999,746971806.558
2021-05-26,22.141,24.788,21.612,24.529,27287311.3,2021-05-26 23:59:59.999,637850285.5645
2021-05-27,24.529,24.97,21.746,23.995,25085377.1,2021-05-27 23:59:59.999,590208744.8857
2021-05-28,23.996,26.231,20.03,21.349,52769895.8,2021-05-28 23:59:59.999,1188221275.049
2021-05-29,21.349,22.326,18.784,19.876,26769573.8,2021-05-29 23:59:59.999,549956166.0894
2021-05-30,19.88,21.344,18.407,20.458,23142997.4,2021-05-30 23:59:59.999,469340559.4192
2021-05-31,20.458,23.446,19.068,23.25,25315029.7,2021-05-31 23:59:59.999,537303265.3027
2021-06-01,23.262,23.534,21.685,22.817,24576974.9,2021-06-01 23:59:59.999,552534154.2014
2021-06-02,22.819,26.849,22.64,25.886,34786653.3,2021-06-02 23:59:59.999,865545913.3744
2021-06-03,25.886,28.597,25.647,26.987,35665652.3,2021-06-03 23:59:59.999,971919762.5947
2021-06-04,26.988,27.003,23.6,24.967,34624023.6,2021-06-04 23:59:59.999,861087669.0486
2021-06-05,24.973,26.374,22.9,23.746,22840790.9,2021-06-05 23:59:59.999,564273176.6953
2021-06-06,23.747,24.45,23.539,24.178,12873058.2,2021-06-06 23:59:59.999,309322353.4672
2021-06-07,24.175,25.288,21.269,21.687,23457575.6,2021-06-07 23:59:59.999,560993165.9975
2021-06-08,21.686,22.286,19.587,21.635,38004187.5,2021-06-08 23:59:59.999,802559812.6338
2021-06-09,21.633,23.325,20.353,23.207,26688626.4,2021-06-09 23:59:59.999,582104637.5347
2021-06-10,23.207,24.578,22.036,22.675,28096383.4,2021-06-10 23:59:59.999,659926042.7059
2021-06-11,22.676,23.198,20.471,20.937,18997513.4,2021-06-11 23:59:59.999,418990592.6711
2021-06-12,20.936,21.261,19.509,20.728,20924178.8,2021-06-12 23:59:59.999,427384672.2501
2021-06-13,20.728,22.395,19.911,22.03,17037257.6,2021-06-13 23:59:59.999,356090484.6068
2021-06-14,22.032,26.036,21.225,25.84,41834034.8,2021-06-14 23:59:59.999,1001791902.7467
2021-06-15,25.841,26.0,23.5,23.934,35537688.2,2021-06-15 23:59:59.999,872052775.4011
2021-06-16,23.937,24.58,22.452,23.026,28727498.9,2021-06-16 23:59:59.999,672837674.8143
2021-06-17,23.023,23.993,21.967,22.527,18336659.5,2021-06-17 23:59:59.999,424131777.8482
2021-06-18,22.529,22.562,20.191,21.418,20843008.4,2021-06-18 23:59:59.999,446455221.4223
2021-06-19,21.418,21.617,20.205,20.213,17253237.4,2021-06-19 23:59:59.999,362330775.8878
2021-06-20,20.214,20.98,18.854,20.605,22152654.8,2021-06-20 23:59:59.999,441463287.9837
2021-06-21,20.605,20.787,15.34,15.697,54761734.9,2021-06-21 23:59:59.999,961748341.9086
2021-06-22,15.699,16.918,12.97,14.674,72808740.9,2021-06-22 23:59:59.999,1081465729.7448
2021-06-23,14.675,16.8,13.948,15.788,40368584.0,2021-06-23 23:59:59.999,640594717.8844
2021-06-24,15.79,16.598,14.706,16.217,27200966.5,2021-06-24 23:59:59.999,430933596.8774
2021-06-25,16.214,16.741,14.4,14.406,31815134.7,2021-06-25 23:59:59.999,487499574.4968
2021-06-26,14.406,14.97,13.606,14.498,30239886.9,2021-06-26 23:59:59.999,428608526.793
2021-06-27,14.491,15.0,14.017,14.988,24244372.4,2021-06-27 23:59:59.999,351546143.9059
2021-06-28,14.989,16.009,14.591,15.795,26239814.4,2021-06-28 23:59:59.999,400021468.647
2021-06-29,15.795,17.025,15.705,16.304,31966172.9,2021-06-29 23:59:59.999,525528402.0391
2021-06-30,16.304,16.63,15.077,16.388,28852256.4,2021-06-30 23:59:59.999,456292889.4301
2021-07-01,16.384,16.401,14.834,15.162,22341116.7,2021-07-01 23:59:59.999,344758176.8414
2021-07-02,15.162,15.448,14.602,15.275,17574693.0,2021-07-02 23:59:59.999,263309660.95
2021-07-03,15.275,15.746,15.008,15.519,13044778.1,2021-07-03 23:59:59.999,201260965.7207
2021-07-04,15.519,16.578,15.152,15.97,15144051.4,2021-07-04 23:59:59.999,241235459.5355
2021-07-05,15.971,15.978,14.731,15.213,18190474.9,2021-07-05 23:59:59.999,278689470.4832
2021-07-06,15.22,16.193,15.179,16.126,24561239.2,2021-07-06 23:59:59.999,385109731.37
2021-07-07,16.126,17.666,16.082,16.862,40590075.9,2021-07-07 23:59:59.999,685186339.1922
2021-07-08,16.862,16.895,14.976,15.311,29738652.6,2021-07-08 23:59:59.999,467678348.4904
2021-07-09,15.304,15.918,14.811,15.673,20480387.2,2021-07-09 23:59:59.999,315544641.0957
2021-07-10,15.674,15.987,15.022,15.272,16008845.8,2021-07-10 23:59:59.999,246317885.9536
2021-07-11,15.272,15.7,15.134,15.494,13578416.3,2021-07-11 23:59:59.999,209814705.7149
2021-07-12,15.494,15.656,14.4,14.836,17688426.3,2021-07-12 23:59:59.999,267667570.5452
2021-07-13,14.835,15.1,14.003,14.186,16443101.0,2021-07-13 23:59:59.999,238303446.3491
2021-07-14,14.183,14.219,13.151,13.793,26236867.1,2021-07-14 23:59:59.999,358454544.9686
2021-07-15,13.792,14.1,12.734,13.091,23527321.1,2021-07-15 23:59:59.999,311374683.0243
2021-07-16,13.092,13.306,11.98,12.013,28385974.8,2021-07-16 23:59:59.999,357381337.7757
2021-07-17,12.013,12.739,11.7,12.29,34749253.4,2021-07-17 23:59:59.999,421791946.8659
2021-07-18,12.289,12.929,12.249,12.636,25000760.5,2021-07-18 23:59:59.999,315452944.4144
2021-07-19,12.641,12.73,11.345,11.45,30861646.5,2021-07-19 23:59:59.999,364691238.8459
2021-07-20,11.45,11.549,10.357,10.952,37607589.8,2021-07-20 23:59:59.999,407195407.1362
2021-07-21,10.953,12.854,10.654,12.336,46652172.6,2021-07-21 23:59:59.999,556635083.433
2021-07-22,12.336,13.371,11.798,13.144,36112055.5,2021-07-22 23:59:59.999,453145906.6416
2021-07-23,13.143,13.522,12.317,13.386,28510543.3,2021-07-23 23:59:59.999,369686756.153
2021-07-24,13.388,14.048,13.115,13.749,27428494.8,2021-07-24 23:59:59.999,372053774.5516
2021-07-25,13.75,13.821,13.079,13.723,21684688.9,2021-07-25 23:59:59.999,290915052.5242
2021-07-26,13.721,15.282,13.618,13.915,51792195.4,2021-07-26 23:59:59.999,757661469.4785
2021-07-27,13.914,14.524,13.361,14.346,32345497.7,2021-07-27 23:59:59.999,449876099.171
2021-07-28,14.347,14.749,13.9,14.529,28883801.5,2021-07-28 23:59:59.999,415640331.7341
2021-07-29,14.529,15.392,14.232,15.252,27551886.4,2021-07-29 23:59:59.999,408841911.6772
2021-07-30,15.252,15.839,14.394,15.779,30154215.5,2021-07-30 23:59:59.999,455181595.099
2021-07-31,15.778,17.0,15.556,16.766,31238377.9,2021-07-31 23:59:59.999,508109358.9166
2021-08-01,16.764,19.927,16.53,18.422,94668300.9,2021-08-01 23:59:59.999,1778904621.7567
2021-08-02,18.423,18.965,17.56,17.986,54177784.0,2021-08-02 23:59:59.999,987663474.3815
2021-08-03,17.985,18.55,16.8,17.428,41962735.5,2021-08-03 23:59:59.999,733448856.6083
2021-08-04,17.426,19.592,17.094,19.153,45395116.8,2021-08-04 23:59:59.999,833428558.2623
2021-08-05,19.149,19.485,17.839,19.133,47810545.4,2021-08-05 23:59:59.999,899845147.9817
2021-08-06,19.133,20.814,18.523,20.426,44200768.2,2021-08-06 23:59:59.999,871183693.7084
2021-08-07,20.427,21.707,20.028,20.985,40170954.4,2021-08-07 23:59:59.999,837615637.3711
2021-08-08,20.986,21.24,19.204,19.666,29578535.0,2021-08-08 23:59:59.999,600177393.5742
2021-08-09,19.666,21.28,18.705,20.578,36089657.3,2021-08-09 23:59:59.999,729515056.4932
2021-08-10,20.577,21.455,20.101,20.62,33845442.6,2021-08-10 23:59:59.999,700571469.2097
2021-08-11,20.626,22.498,20.563,21.362,43108436.2,2021-08-11 23:59:59.999,931441706.059
2021-08-12,21.362,22.359,19.923,20.763,36201793.2,2021-08-12 23:59:59.999,759730303.6125
2021-08-13,20.764,22.757,20.51,22.747,30500605.4,2021-08-13 23:59:59.999,664071210.0678
2021-08-14,22.747,23.5,21.802,22.855,31189201.2,2021-08-14 23:59:59.999,704718116.1557
2021-08-15,22.855,23.368,21.85,23.162,24938208.8,2021-08-15 23:59:59.999,562048266.6516
2021-08-16,23.164,25.74,22.836,24.445,55493055.6,2021-08-16 23:59:59.999,1362040657.8624
2021-08-17,24.447,27.456,23.01,23.568,70497603.7,2021-08-17 23:59:59.999,1802290292.1027
2021-08-18,23.567,25.181,22.431,23.882,48068193.7,2021-08-18 23:59:59.999,1153625320.5993
2021-08-19,23.875,26.87,23.458,26.61,41113110.6,2021-08-19 23:59:59.999,1026018301.9581
2021-08-20,26.607,28.51,26.111,28.186,42668724.8,2021-08-20 23:59:59.999,1175928587.1942
2021-08-21,28.186,29.394,27.48,27.887,38463357.0,2021-08-21 23:59:59.999,1095203216.2624
2021-08-22,27.886,28.563,26.525,27.712,30327795.0,2021-08-22 23:59:59.999,835462621.468
2021-08-23,27.707,28.666,27.3,27.901,26976576.4,2021-08-23 23:59:59.999,755422471.1681
2021-08-24,27.902,28.215,24.23,25.09,34977302.6,2021-08-24 23:59:59.999,920633750.3358
2021-08-25,25.091,26.573,24.377,26.005,30382922.4,2021-08-25 23:59:59.999,780584494.0502
2021-08-26,26.004,26.418,23.445,23.927,30107356.8,2021-08-26 23:59:59.999,740594273.2958
2021-08-27,23.926,26.829,23.461,26.555,31974512.8,2021-08-27 23:59:59.999,806686173.0192
2021-08-28,26.552,26.787,25.41,25.973,17867741.7,2021-08-28 23:59:59.999,465069979.3728
2021-08-29,25.975,26.486,25.259,25.726,16704083.9,2021-08-29 23:59:59.999,432302652.837
2021-08-30,25.726,27.605,24.317,26.073,32540808.7,2021-08-30 23:59:59.999,843199101.9032
2021-08-31,26.074,31.977,25.64,31.359,105365388.8,2021-08-31 23:59:59.999,3079537960.3122
2021-09-01,31.357,33.88,29.634,33.237,64114346.2,2021-09-01 23:59:59.999,2001548530.611
2021-09-02,33.236,33.26,31.3,31.817,33466623.1,2021-09-02 23:59:59.999,1082505706.0058
2021-09-03,31.816,34.1,30.9,33.601,36441546.2,2021-09-03 23:59:59.999,1199897183.4052
2021-09-04,33.606,34.202,32.024,32.438,21887428.8,2021-09-04 23:59:59.999,724574629.4143
2021-09-05,32.439,34.81,32.012,34.463,23732396.0,2021-09-05 23:59:59.999,791999533.5299
2021-09-06,34.469,35.16,32.119,34.371,30813038.2,2021-09-06 23:59:59.999,1053468276.2385
2021-09-07,34.371,35.759,20.835,27.982,84323825.7,2021-09-07 23:59:59.999,2546089120.1479
2021-09-08,27.989,28.899,25.207,27.779,42764924.7,2021-09-08 23:59:59.999,1176945033.4624
2021-09-09,27.777,31.88,27.016,29.844,38270874.7,2021-09-09 23:59:59.999,1127951803.9541
2021-09-10,29.842,32.686,27.99,29.199,52826856.7,2021-09-10 23:59:59.999,1606414071.2313
2021-09-11,29.198,32.131,28.254,31.593,33026167.0,2021-09-11 23:59:59.999,998997312.2726
2021-09-12,31.598,36.5,30.678,35.811,55889391.5,2021-09-12 23:59:59.999,1868289891.0096
2021-09-13,35.823,38.0,31.0,34.876,106994551.8,2021-09-13 23:59:59.999,3764950597.5125
2021-09-14,34.855,38.745,34.101,37.379,55607103.5,2021-09-14 23:59:59.999,2042988631.7902
2021-09-15,37.378,37.999,35.552,36.493,26551744.8,2021-09-15 23:59:59.999,971488012.8774
2021-09-16,36.493,37.008,34.005,35.514,28842268.3,2021-09-16 23:59:59.999,1019870151.0357
2021-09-17,35.514,36.97,32.112,33.051,32757226.7,2021-09-17 23:59:59.999,1133865983.6385
2021-09-18,33.054,35.9,32.525,34.902,22954106.5,2021-09-18 23:59:59.999,797306437.9314
2021-09-19,34.9,34.935,33.041,33.867,18463752.7,2021-09-19 23:59:59.999,626360499.4417
2021-09-20,33.872,33.931,26.506,28.314,56309226.6,2021-09-20 23:59:59.999,1676764938.4561
2021-09-21,28.315,30.357,25.476,26.374,47598900.7,2021-09-21 23:59:59.999,1340881769.4143
2021-09-22,26.371,31.999,25.892,31.564,38232366.0,2021-09-22 23:59:59.999,1115728889.3916
2021-09-23,31.56,33.572,30.36,33.384,27152983.4,2021-09-23 23:59:59.999,861111663.6721
2021-09-24,33.379,33.507,27.821,30.761,54189478.0,2021-09-24 23:59:59.999,1651079209.5888
2021-09-25,30.762,32.204,29.413,29.808,27140895.1,2021-09-25 23:59:59.999,830353079.615
2021-09-26,29.808,30.038,26.753,28.822,32635631.6,2021-09-26 23:59:59.999,936569233.3281
2021-09-27,28.819,30.23,27.552,27.688,23263952.4,2021-09-27 23:59:59.999,671543982.1935
2021-09-28,27.689,28.357,26.112,26.29,20068000.6,2021-09-28 23:59:59.999,549042362.5926
2021-09-29,26.29,28.567,26.088,27.253,21925032.1,2021-09-29 23:59:59.999,601887965.4523
2021-09-30,27.254,28.979,27.115,28.596,18385453.7,2021-09-30 23:59:59.999,516863067.2212
2021-10-01,28.601,32.319,28.478,31.937,26040341.8,2021-10-01 23:59:59.999,794471180.3667
2021-10-02,31.943,33.408,31.505,32.014,17222655.9,2021-10-02 23:59:59.999,558522188.8242
2021-10-03,32.02,32.698,31.153,32.131,15506942.5,2021-10-03 23:59:59.999,496779141.1535
2021-10-04,32.129,32.131,30.03,31.169,18471363.3,2021-10-04 23:59:59.999,573806213.7013
2021-10-05,31.169,32.172,30.504,31.421,16066829.9,2021-10-05 23:59:59.999,504565157.9062
2021-10-06,31.423,33.092,29.115,32.223,26945067.9,2021-10-06 23:59:59.999,841503190.8196
2021-10-07,32.226,35.369,30.922,34.025,41586720.1,2021-10-07 23:59:59.999,1395865825.3467
2021-10-08,34.025,34.536,33.055,33.385,20733158.5,2021-10-08 23:59:59.999,700407486.6982
2021-10-09,33.387,36.93,33.011,36.371,25172934.6,2021-10-09 23:59:59.999,887420061.3385
2021-10-10,36.375,37.494,34.139,34.442,27482296.0,2021-10-10 23:59:59.999,991818495.8555
2021-10-11,34.44,36.126,33.26,34.135,22308093.1,2021-10-11 23:59:59.999,776805129.4156
2021-10-12,34.135,35.446,32.075,35.185,26970777.0,2021-10-12 23:59:59.999,905212264.2953
2021-10-13,35.188,43.271,33.62,41.756,73714861.8,2021-10-13 23:59:59.999,2877813546.9513
2021-10-14,41.751,42.582,39.285,40.699,45166624.1,2021-10-14 23:59:59.999,1852420578.6455
2021-10-15,40.702,44.28,39.471,43.308,49308279.5,2021-10-15 23:59:59.999,2047404770.1908
2021-10-16,43.306,44.848,41.3,41.775,26739508.2,2021-10-16 23:59:59.999,1151767102.3359
2021-10-17,41.777,42.961,39.387,42.151,22005669.8,2021-10-17 23:59:59.999,918448070.9278
2021-10-18,42.148,43.307,40.273,41.185,22190761.9,2021-10-18 23:59:59.999,928001344.886
2021-10-19,41.184,41.7,40.025,41.387,16096615.6,2021-10-19 23:59:59.999,660276523.2869
2021-10-20,41.383,45.308,41.1,44.457,28158399.0,2021-10-20 23:59:59.999,1217785312.4114
2021-10-21,44.455,45.591,41.85,42.873,31016369.8,2021-10-21 23:59:59.999,1356365121.4966
2021-10-22,42.87,46.458,42.719,43.532,35461121.7,2021-10-22 23:59:59.999,1583029199.8967
2021-10-23,43.531,44.795,43.11,43.975,15579273.2,2021-10-23 23:59:59.999,685378287.6397
2021-10-24,43.975,44.199,41.313,42.333,14751786.2,2021-10-24 23:59:59.999,630321985.687
2021-10-25,42.33,44.841,42.153,44.583,14860012.2,2021-10-25 23:59:59.999,650619969.6012
2021-10-26,44.583,46.054,43.25,44.965,19315146.9,2021-10-26 23:59:59.999,857981937.4617
2021-10-27,44.967,45.831,38.02,40.445,32303526.3,2021-10-27 23:59:59.999,1361821006.3676
2021-10-28,40.445,43.131,39.775,41.853,18471622.4,2021-10-28 23:59:59.999,773822045.4485
2021-10-29,41.853,44.392,41.6,44.207,15835293.1,2021-10-29 23:59:59.999,684656593.6178
2021-10-30,44.208,44.345,42.111,42.778,9096984.9,2021-10-30 23:59:59.999,392283600.8367
2021-10-31,42.777,43.424,41.03,42.811,10785550.9,2021-10-31 23:59:59.999,454161689.5235
2021-11-01,42.808,51.633,41.714,50.037,43009025.0,2021-11-01 23:59:59.999,2043782209.0775
2021-11-02,50.028,53.44,48.1,51.74,33447256.0,2021-11-02 23:59:59.999,1704719980.2887
2021-11-03,51.738,54.621,49.084,53.406,28157559.6,2021-11-03 23:59:59.999,1460866536.226
2021-11-04,53.407,55.2,52.25,53.879,21391153.6,2021-11-04 23:59:59.999,1143909071.9497
2021-11-05,53.883,53.985,50.646,51.789,13965514.8,2021-11-05 23:59:59.999,727084673.0287
2021-11-06,51.789,52.43,49.0,52.059,12779187.6,2021-11-06 23:59:59.999,649029670.0256
2021-11-07,52.058,53.56,51.33,52.267,12230871.1,2021-11-07 23:59:59.999,642864884.5982
2021-11-08,52.267,53.927,51.72,53.424,13636726.1,2021-11-08 23:59:59.999,723137488.718
2021-11-09,53.419,53.465,50.5,50.779,13870221.1,2021-11-09 23:59:59.999,719294464.3804
2021-11-10,50.786,52.046,41.36,46.737,34815511.8,2021-11-10 23:59:59.999,1685607652.7458
2021-11-11,46.739,49.442,45.544,47.437,18187408.0,2021-11-11 23:59:59.999,870964917.0431
2021-11-12,47.433,47.719,44.014,45.891,19978813.6,2021-11-12 23:59:59.999,916781561.9392
2021-11-13,45.894,47.539,44.868,47.045,10674087.2,2021-11-13 23:59:59.999,493538280.5165
2021-11-14,47.049,47.833,45.051,46.409,8563313.1,2021-11-14 23:59:59.999,395967274.3729
2021-11-15,46.411,47.509,44.5,44.808,13077619.0,2021-11-15 23:59:59.999,604764075.5217
2021-11-16,44.807,44.808,37.53,40.828,33738779.7,2021-11-16 23:59:59.999,1402590985.632
2021-11-17,40.827,42.782,38.73,42.749,19615169.5,2021-11-17 23:59:59.999,799050934.8581
2021-11-18,42.748,43.261,37.5,39.011,26805216.1,2021-11-18 23:59:59.999,1073705415.6157
2021-11-19,39.017,42.252,38.35,41.21,16562350.6,2021-11-19 23:59:59.999,667191174.5606
2021-11-20,41.21,42.124,39.823,42.11,11606668.8,2021-11-20 23:59:59.999,478087559.6928
2021-11-21,42.112,43.574,40.64,41.96,13578896.8,2021-11-21 23:59:59.999,567219474.4515
2021-11-22,41.961,42.286,38.81,39.487,16031771.1,2021-11-22 23:59:59.999,644773338.0806
2021-11-23,39.48,41.5,38.531,40.784,13818859.3,2021-11-23 23:59:59.999,552215503.8844
2021-11-24,40.781,40.938,38.076,38.316,11972922.2,2021-11-24 23:59:59.999,469437016.0668
2021-11-25,38.317,40.963,38.05,39.518,13323822.5,2021-11-25 23:59:59.999,526845229.2071
2021-11-26,39.519,39.657,33.6,34.527,29766258.6,2021-11-26 23:59:59.999,1067322996.6343
2021-11-27,34.525,35.94,34.4,35.132,11373149.8,2021-11-27 23:59:59.999,401474801.8371
2021-11-28,35.132,35.833,32.13,35.733,21323523.8,2021-11-28 23:59:59.999,720186323.5694
2021-11-29,35.725,37.5,35.361,37.084,15714889.0,2021-11-29 23:59:59.999,571943765.8191
2021-11-30,37.084,39.333,35.361,37.931,22072037.5,2021-11-30 23:59:59.999,828205700.8168
2021-12-01,37.93,38.773,36.192,36.755,14668773.7,2021-12-01 23:59:59.999,551784296.642
2021-12-02,36.755,36.785,35.044,35.749,11790603.0,2021-12-02 23:59:59.999,422996452.2857
2021-12-03,35.749,36.851,32.355,33.689,18939575.2,2021-12-03 23:59:59.999,657492192.9794
2021-12-04,33.684,33.858,23.671,29.365,45892063.4,2021-12-04 23:59:59.999,1303242091.011
2021-12-05,29.364,29.73,26.284,28.292,20250448.7,2021-12-05 23:59:59.999,567522311.092
2021-12-06,28.304,28.923,24.818,28.124,29237644.8,2021-12-06 23:59:59.999,778909215.6315
2021-12-07,28.121,31.475,27.684,30.454,24006730.5,2021-12-07 23:59:59.999,709571226.3659
2021-12-08,30.454,30.61,28.0,29.813,18600175.6,2021-12-08 23:59:59.999,543246330.5097
2021-12-09,29.813,30.116,26.766,26.884,19058479.2,2021-12-09 23:59:59.999,536497716.8456
2021-12-10,26.886,28.406,25.683,26.404,23744355.2,2021-12-10 23:59:59.999,639015420.9176
2021-12-11,26.41,28.174,25.781,27.803,20051443.8,2021-12-11 23:59:59.999,551545377.9147
2021-12-12,27.802,29.992,27.277,29.52,15117166.4,2021-12-12 23:59:59.999,432320514.8023
2021-12-13,29.517,29.832,25.512,25.953,26254269.3,2021-12-13 23:59:59.999,721328876.7938
2021-12-14,25.95,26.67,24.95,26.119,20359273.2,2021-12-14 23:59:59.999,527946842.74
2021-12-15,26.12,27.997,24.261,27.116,28658289.7,2021-12-15 23:59:59.999,749204519.7956
2021-12-16,27.122,27.825,25.7,26.01,24436181.9,2021-12-16 23:59:59.999,656754550.9269
2021-12-17,26.009,26.202,24.13,24.628,21359972.0,2021-12-17 23:59:59.999,535868984.7571
2021-12-18,24.629,25.713,24.2,25.474,15800459.6,2021-12-18 23:59:59.999,395894279.6965
2021-12-19,25.474,25.857,24.617,24.767,13641019.5,2021-12-19 23:59:59.999,343403687.6244
2021-12-20,24.763,24.999,23.251,24.059,18431820.3,2021-12-20 23:59:59.999,443530231.2939
2021-12-21,24.059,25.587,23.717,25.141,18229956.8,2021-12-21 23:59:59.999,450886450.2394
2021-12-22,25.142,28.234,24.961,27.207,28884429.9,2021-12-22 23:59:59.999,773284394.7556
2021-12-23,27.207,29.777,26.721,29.144,28928399.3,2021-12-23 23:59:59.999,811398488.8446
2021-12-24,29.142,29.643,27.81,28.131,17991176.3,2021-12-24 23:59:59.999,521075388.2006
2021-12-25,28.132,29.095,27.93,28.834,11477175.3,2021-12-25 23:59:59.999,326894271.0464
2021-12-26,28.837,31.7,28.24,31.298,25868890.8,2021-12-26 23:59:59.999,776247761.8729
2021-12-27,31.298,32.764,30.813,30.974,25868211.0,2021-12-27 23:59:59.999,822298565.199
2021-12-28,30.97,30.976,27.42,27.823,36203499.2,2021-12-28 23:59:59.999,1053214990.9323
2021-12-29,27.828,28.945,26.44,26.79,23835574.8,2021-12-29 23:59:59.999,666081566.3834
2021-12-30,26.791,28.383,26.15,27.523,20441980.0,2021-12-30 23:59:59.999,559943539.2331
2021-12-31,27.519,28.119,26.219,26.645,22435707.5,2021-12-31 23:59:59.999,609147182.924
2022-01-01,26.65,28.62,26.643,28.579,14988398.0,2022-01-01 23:59:59.999,412743486.5884
2022-01-02,28.576,30.596,27.801,29.673,27950212.5,2022-01-02 23:59:59.999,821224956.2326
2022-01-03,29.674,30.86,28.618,30.089,36988081.9,2022-01-03 23:59:59.999,1100882624.7241
2022-01-04,30.096,30.589,28.666,28.677,28789374.7,2022-01-04 23:59:59.999,855592618.3054
2022-01-05,28.686,30.362,24.998,26.684,37212930.2,2022-01-05 23:59:59.999,1059807432.4305
2022-01-06,26.689,27.325,25.485,26.698,27543289.4,2022-01-06 23:59:59.999,723733018.8938
2022-01-07,26.694,26.833,24.224,24.897,32861035.3,2022-01-07 23:59:59.999,832128392.9316
2022-01-08,24.897,25.52,23.1,23.974,22448050.7,2022-01-08 23:59:59.999,549220751.6493
2022-01-09,23.975,25.3,23.665,24.625,18954295.5,2022-01-09 23:59:59.999,464298621.619
2022-01-10,24.624,25.194,22.32,23.705,28027375.8,2022-01-10 23:59:59.999,664750263.1853
2022-01-11,23.707,25.988,23.465,25.536,22802178.8,2022-01-11 23:59:59.999,564938092.8488
2022-01-12,25.537,27.569,25.438,27.303,20445816.7,2022-01-12 23:59:59.999,543077291.2656
2022-01-13,27.302,27.69,25.697,25.775,18305559.0,2022-01-13 23:59:59.999,488172661.5835
2022-01-14,25.774,27.85,25.513,27.73,22863039.2,2022-01-14 23:59:59.999,615564505.8896
2022-01-15,27.73,28.396,26.801,27.582,15658517.2,2022-01-15 23:59:59.999,431907004.7632
2022-01-16,27.582,28.445,27.241,27.675,18820218.2,2022-01-16 23:59:59.999,524980106.3804
2022-01-17,27.674,27.738,25.074,25.669,19521150.1,2022-01-17 23:59:59.999,513310913.1265
2022-01-18,25.668,26.045,24.224,25.116,18920710.6,2022-01-18 23:59:59.999,472463155.8296
2022-01-19,25.115,25.279,23.659,24.05,18413721.7,2022-01-19 23:59:59.999,447844872.854
2022-01-20,24.046,25.588,22.824,22.976,20432823.3,2022-01-20 23:59:59.999,498150524.357
2022-01-21,22.974,23.448,18.982,19.628,41800006.5,2022-01-21 23:59:59.999,897647766.0419
2022-01-22,19.628,20.171,16.1,18.253,57958701.9,2022-01-22 23:59:59.999,1054011532.7499
2022-01-23,18.254,19.187,17.714,18.791,29114786.1,2022-01-23 23:59:59.999,536138148.1174
2022-01-24,18.791,18.805,15.805,18.006,45532422.1,2022-01-24 23:59:59.999,774753410.5645
2022-01-25,18.002,19.031,17.36,18.299,27221057.8,2022-01-25 23:59:59.999,496456197.3873
2022-01-26,18.294,20.051,17.513,18.06,33647185.4,2022-01-26 23:59:59.999,632293020.2893
2022-01-27,18.059,18.469,17.12,18.091,26984485.6,2022-01-27 23:59:59.999,479612202.7045
2022-01-28,18.09,18.481,17.333,18.318,21264941.9,2022-01-28 23:59:59.999,382154871.4178
2022-01-29,18.317,19.044,18.061,18.724,14280516.2,2022-01-29 23:59:59.999,265228900.8362
2022-01-30,18.724,18.985,17.777,18.118,16097806.7,2022-01-30 23:59:59.999,297339242.2058
2022-01-31,18.118,19.6,17.109,19.368,24608512.0,2022-01-31 23:59:59.999,449987224.2681
2022-02-01,19.369,19.987,19.13,19.553,22974107.9,2022-02-01 23:59:59.999,449453789.3719
2022-02-02,19.552,20.569,18.518,18.753,30896685.4,2022-02-02 23:59:59.999,606512383.3597
2022-02-03,18.753,19.0,17.954,18.897,22460380.0,2022-02-03 23:59:59.999,414088262.6521
2022-02-04,18.897,20.518,18.691,20.475,24061802.0,2022-02-04 23:59:59.999,468917819.4669
2022-02-05,20.475,22.27,20.287,21.312,24443593.0,2022-02-05 23:59:59.999,525947194.9308
2022-02-06,21.312,21.923,20.766,21.894,12715213.1,2022-02-06 23:59:59.999,271387955.2331
2022-02-07,21.894,22.681,21.369,22.346,21576236.4,2022-02-07 23:59:59.999,479144741.4063
2022-02-08,22.351,23.173,21.047,21.646,24626395.9,2022-02-08 23:59:59.999,538967244.9559
2022-02-09,21.645,22.231,21.0,21.929,13604113.1,2022-02-09 23:59:59.999,295510080.1092
2022-02-10,21.927,22.458,20.469,20.496,24086278.6,2022-02-10 23:59:59.999,517599905.5425
2022-02-11,20.497,20.705,18.558,18.955,21831425.7,2022-02-11 23:59:59.999,436279498.8869
2022-02-12,18.954,19.41,18.228,18.806,16153970.8,2022-02-12 23:59:59.999,304121357.769
2022-02-13,18.811,19.265,18.369,18.722,12261239.0,2022-02-13 23:59:59.999,231639369.4511
2022-02-14,18.721,18.924,18.0,18.687,14765171.9,2022-02-14 23:59:59.999,272519712.8246
2022-02-15,18.687,20.329,18.628,20.153,16241987.8,2022-02-15 23:59:59.999,318180425.9043
2022-02-16,20.153,20.181,19.028,19.749,16946625.8,2022-02-16 23:59:59.999,332975008.0689
2022-02-17,19.75,19.999,17.77,18.142,20893624.2,2022-02-17 23:59:59.999,393102865.6757
2022-02-18,18.144,18.599,17.581,17.797,18331993.6,2022-02-18 23:59:59.999,331646693.9944
2022-02-19,17.796,18.207,17.321,17.833,11407096.1,2022-02-19 23:59:59.999,202659073.9108
2022-02-20,17.829,17.854,16.645,16.898,17469956.0,2022-02-20 23:59:59.999,297377214.2819
2022-02-21,16.898,17.725,16.0,16.163,30955176.3,2022-02-21 23:59:59.999,521550492.1632
2022-02-22,16.162,16.717,15.768,16.584,24104101.6,2022-02-22 23:59:59.999,390695377.8815
2022-02-23,16.585,17.498,15.9,15.958,28930439.4,2022-02-23 23:59:59.999,483371175.0242
2022-02-24,15.957,16.743,14.022,16.152,52243524.1,2022-02-24 23:59:59.999,791023290.1664
2022-02-25,16.152,17.518,15.761,17.239,23302312.8,2022-02-25 23:59:59.999,381062828.773
2022-02-26,17.239,18.798,17.156,18.019,31320811.0,2022-02-26 23:59:59.999,566679298.3192
2022-02-27,18.019,18.726,17.04,17.48,30107585.5,2022-02-27 23:59:59.999,539615733.7415
2022-02-28,17.48,19.096,16.589,18.923,33143291.7,2022-02-28 23:59:59.999,582123688.6846
2022-03-01,18.92,19.546,18.3,18.887,29292185.2,2022-03-01 23:59:59.999,552505740.138
2022-03-02,18.888,19.248,18.324,18.601,20983774.4,2022-03-02 23:59:59.999,393443019.5803
2022-03-03,18.6,18.655,17.737,18.011,18398955.6,2022-03-03 23:59:59.999,334723118.0782
2022-03-04,18.013,18.054,16.471,16.772,21772318.2,2022-03-04 23:59:59.999,373721216.4832
2022-03-05,16.773,17.79,16.174,17.306,18731204.7,2022-03-05 23:59:59.999,318549855.0672
2022-03-06,17.307,17.58,16.511,16.983,18098387.4,2022-03-06 23:59:59.999,308358998.0149
2022-03-07,16.981,17.117,15.977,16.382,24956044.8,2022-03-07 23:59:59.999,413019408.067
2022-03-08,16.382,17.25,16.289,16.952,18661439.3,2022-03-08 23:59:59.999,313269443.3206
2022-03-09,16.954,18.079,16.866,17.848,16449857.2,2022-03-09 23:59:59.999,290759500.995
2022-03-10,17.85,17.926,16.649,16.956,16666341.9,2022-03-10 23:59:59.999,284275463.3691
2022-03-11,16.955,18.479,16.669,17.678,33785458.8,2022-03-11 23:59:59.999,600508700.974
2022-03-12,17.679,18.737,17.659,18.133,24898659.6,2022-03-12 23:59:59.999,455650672.5984
2022-03-13,18.133,18.381,17.106,17.206,18040412.3,2022-03-13 23:59:59.999,322218127.3533
2022-03-14,17.207,17.844,17.0,17.68,17182171.8,2022-03-14 23:59:59.999,300168224.8464
2022-03-15,17.68,18.044,17.034,17.793,15870674.2,2022-03-15 23:59:59.999,277928583.2255
2022-03-16,17.793,19.17,17.67,19.034,24051005.2,2022-03-16 23:59:59.999,440267908.009
2022-03-17,19.033,19.346,18.612,18.735,14412698.4,2022-03-17 23:59:59.999,272667401.5726
2022-03-18,18.735,19.189,18.11,18.936,16249228.7,2022-03-18 23:59:59.999,302518881.3708
2022-03-19,18.935,19.78,18.839,19.384,17391269.1,2022-03-19 23:59:59.999,336624410.4078
2022-03-20,19.384,19.457,18.287,18.639,14100193.8,2022-03-20 23:59:59.999,265647417.5982
2022-03-21,18.64,19.054,18.374,18.731,15217463.5,2022-03-21 23:59:59.999,285457932.4389
2022-03-22,18.73,20.469,18.653,20.203,22069189.1,2022-03-22 23:59:59.999,437285785.8689
2022-03-23,20.203,21.132,19.781,21.005,22765932.7,2022-03-23 23:59:59.999,466339341.5971
2022-03-24,21.006,21.508,20.222,21.236,18762962.2,2022-03-24 23:59:59.999,392332618.3632
2022-03-25,21.237,21.365,20.157,20.52,14880055.3,2022-03-25 23:59:59.999,309918073.845
2022-03-26,20.522,21.019,20.229,20.899,9843189.6,2022-03-26 23:59:59.999,204223768.6558
2022-03-27,20.899,22.462,20.7,22.44,14114842.5,2022-03-27 23:59:59.999,301548816.0852
2022-03-28,22.44,23.322,21.76,21.962,20042315.3,2022-03-28 23:59:59.999,456200932.8595
2022-03-29,21.962,22.941,21.813,22.416,17578336.4,2022-03-29 23:59:59.999,394196470.8003
2022-03-30,22.414,22.986,21.575,22.443,19526653.8,2022-03-30 23:59:59.999,435897335.4108
2022-03-31,22.442,23.058,21.061,21.315,23314064.8,2022-03-31 23:59:59.999,516270318.773
2022-04-01,21.315,22.15,20.561,22.051,19000303.6,2022-04-01 23:59:59.999,406486904.2287
2022-04-02,22.053,23.848,21.931,22.595,26996725.7,2022-04-02 23:59:59.999,619263377.643
2022-04-03,22.592,23.563,22.503,23.194,19286531.1,2022-04-03 23:59:59.999,444613567.6427
2022-04-04,23.195,23.218,21.568,22.882,20126576.9,2022-04-04 23:59:59.999,451461403.2154
2022-04-05,22.882,23.104,21.668,21.76,16806315.4,2022-04-05 23:59:59.999,378833951.6405
2022-04-06,21.76,21.808,19.689,19.822,24803529.2,2022-04-06 23:59:59.999,513872908.4042
2022-04-07,19.82,20.643,19.426,20.376,15131425.9,2022-04-07 23:59:59.999,304323202.1272
2022-04-08,20.374,20.565,19.111,19.407,14673686.7,2022-04-08 23:59:59.999,293668636.0868
2022-04-09,19.408,19.818,19.269,19.747,8373768.3,2022-04-09 23:59:59.999,163944248.6767
2022-04-10,19.748,20.23,19.135,19.217,11712867.5,2022-04-10 23:59:59.999,230954468.6838
2022-04-11,19.217,19.276,16.96,17.191,26642025.2,2022-04-11 23:59:59.999,480093552.7633
2022-04-12,17.192,18.018,17.142,17.756,18604258.2,2022-04-12 23:59:59.999,327645529.3736
2022-04-13,17.756,18.293,17.36,18.182,16951805.6,2022-04-13 23:59:59.999,303147046.9489
2022-04-14,18.182,18.473,17.449,17.897,18575296.7,2022-04-14 23:59:59.999,333496197.5558
2022-04-15,17.897,18.455,17.764,18.329,16161236.0,2022-04-15 23:59:59.999,292999031.5356
2022-04-16,18.33,18.683,18.15,18.585,13548156.9,2022-04-16 23:59:59.999,249310040.857
2022-04-17,18.586,18.81,17.618,17.718,13286935.0,2022-04-17 23:59:59.999,244502928.1914
2022-04-18,17.717,18.379,17.075,18.142,19476628.9,2022-04-18 23:59:59.999,344680254.8296
2022-04-19,18.142,18.941,18.027,18.873,13852983.2,2022-04-19 23:59:59.999,255819167.0702
2022-04-20,18.873,19.538,18.529,19.075,19505919.0,2022-04-20 23:59:59.999,371352998.7511
2022-04-21,19.076,19.676,18.006,18.158,18025403.7,2022-04-21 23:59:59.999,342750595.2787
2022-04-22,18.157,18.518,18.052,18.269,12347896.1,2022-04-22 23:59:59.999,225783943.2861
2022-04-23,18.268,19.247,17.931,18.686,14314290.4,2022-04-23 23:59:59.999,267535977.9862
2022-04-24,18.687,19.15,18.035,18.149,14031968.4,2022-04-24 23:59:59.999,260656940.461
2022-04-25,18.15,18.241,17.101,18.091,20350772.9,2022-04-25 23:59:59.999,358928390.0744
2022-04-26,18.091,18.326,16.352,16.661,19788807.1,2022-04-26 23:59:59.999,343278316.1744
2022-04-27,16.662,17.257,16.464,16.933,14341038.0,2022-04-27 23:59:59.999,242778643.1198
2022-04-28,16.932,17.41,16.641,16.971,16453846.0,2022-04-28 23:59:59.999,280125038.0969
2022-04-29,16.971,17.059,15.973,16.177,14121915.2,2022-04-29 23:59:59.999,232382462.4924
2022-04-30,16.177,16.433,14.134,14.479,18882556.3,2022-04-30 23:59:59.999,291768482.5036
2022-05-01,14.479,15.511,14.471,15.332,16100677.4,2022-05-01 23:59:59.999,241598661.3858
2022-05-02,15.334,15.579,14.531,14.954,19434835.1,2022-05-02 23:59:59.999,291697130.4254
2022-05-03,14.954,15.237,14.495,14.719,13511369.5,2022-05-03 23:59:59.999,201420575.7468
2022-05-04,14.72,16.34,14.65,16.318,21911201.0,2022-05-04 23:59:59.999,338204105.9365
2022-05-05,16.319,16.443,13.98,14.569,28875688.3,2022-05-05 23:59:59.999,433791626.8776
2022-05-06,14.569,14.654,13.76,14.319,23579231.0,2022-05-06 23:59:59.999,336823026.0752
2022-05-07,14.319,14.365,13.342,13.737,17058982.0,2022-05-07 23:59:59.999,239208515.91
2022-05-08,13.736,13.871,13.009,13.246,23048666.9,2022-05-08 23:59:59.999,309174241.2792
2022-05-09,13.246,13.48,10.47,10.613,69064860.1,2022-05-09 23:59:59.999,808317710.4602
2022-05-10,10.612,12.437,10.29,11.34,69517563.0,2022-05-10 23:59:59.999,795727257.4153
2022-05-11,11.34,11.639,7.888,9.068,102811577.3,2022-05-11 23:59:59.999,1006526160.7821
2022-05-12,9.067,9.51,7.243,8.692,91665751.1,2022-05-12 23:59:59.999,767301906.6111
2022-05-13,8.69,11.787,8.545,10.456,65430387.6,2022-05-13 23:59:59.999,687550315.436
2022-05-14,10.457,11.558,9.751,11.294,45806839.6,2022-05-14 23:59:59.999,485591634.1757
2022-05-15,11.292,11.848,10.556,11.797,34921473.3,2022-05-15 23:59:59.999,388667349.3879
2022-05-16,11.795,11.802,10.352,10.62,35700630.0,2022-05-16 23:59:59.999,387733956.8036
2022-05-17,10.621,11.332,10.406,11.024,27914685.2,2022-05-17 23:59:59.999,304940679.7766
2022-05-18,11.024,11.171,9.425,9.481,34308517.4,2022-05-18 23:59:59.999,349237136.2181
2022-05-19,9.482,10.399,9.207,10.022,34743177.1,2022-05-19 23:59:59.999,341148935.6151
2022-05-20,10.021,10.254,9.432,9.656,30124740.4,2022-05-20 23:59:59.999,296281021.4892
2022-05-21,9.657,10.096,9.457,9.982,17966724.7,2022-05-21 23:59:59.999,176131229.4451
2022-05-22,9.982,10.329,9.857,10.146,17842924.0,2022-05-22 23:59:59.999,180144526.3466
2022-05-23,10.145,10.728,9.793,9.884,33885480.3,2022-05-23 23:59:59.999,349487412.1287
2022-05-24,9.884,10.266,9.55,10.179,31514284.2,2022-05-24 23:59:59.999,312641168.6141
2022-05-25,10.178,10.327,9.76,9.864,25099242.8,2022-05-25 23:59:59.999,250883236.1748
2022-05-26,9.864,9.997,8.798,9.129,44392582.1,2022-05-26 23:59:59.999,414758167.6066
2022-05-27,9.128,10.0,8.557,9.116,70580135.4,2022-05-27 23:59:59.999,659288995.4774
2022-05-28,9.116,9.8,8.951,9.639,30920430.1,2022-05-28 23:59:59.999,289167829.5653
2022-05-29,9.639,10.04,9.322,9.971,31934381.7,2022-05-29 23:59:59.999,308335165.106
2022-05-30,9.972,10.794,9.897,10.459,34024125.6,2022-05-30 23:59:59.999,351194391.1415
2022-05-31,10.459,10.639,9.931,10.346,36904926.1,2022-05-31 23:59:59.999,380473730.1293
2022-06-01,10.347,10.743,9.25,9.45,46224441.6,2022-06-01 23:59:59.999,465549707.6465
2022-06-02,9.45,10.066,9.284,9.872,27042498.5,2022-06-02 23:59:59.999,259477498.3213
2022-06-03,9.872,9.912,9.184,9.363,26849000.9,2022-06-03 23:59:59.999,254196645.7918
2022-06-04,9.364,9.555,9.088,9.441,16561150.5,2022-06-04 23:59:59.999,154787077.3989
2022-06-05,9.439,9.546,9.236,9.342,15045399.8,2022-06-05 23:59:59.999,141159842.0186
2022-06-06,9.341,9.929,9.31,9.495,25605442.8,2022-06-06 23:59:59.999,247677117.3892
2022-06-07,9.495,9.503,8.825,9.216,33214665.2,2022-06-07 23:59:59.999,303363995.0049
2022-06-08,9.216,9.388,8.879,8.995,22225534.3,2022-06-08 23:59:59.999,202216705.0203
2022-06-09,8.995,9.462,8.9,9.227,24560754.6,2022-06-09 23:59:59.999,226506122.5125
2022-06-10,9.227,9.369,8.513,8.652,32312416.3,2022-06-10 23:59:59.999,288556511.3153
2022-06-11,8.653,8.844,7.893,8.032,31440977.9,2022-06-11 23:59:59.999,261674215.0578
2022-06-12,8.032,8.106,7.374,7.391,40457313.5,2022-06-12 23:59:59.999,312657742.4043
2022-06-13,7.391,7.474,6.332,7.031,110112746.3,2022-06-13 23:59:59.999,759681174.5697
2022-06-14,7.031,7.54,6.665,7.355,69398484.2,2022-06-14 23:59:59.999,499607368.9528
2022-06-15,7.355,8.78,6.832,8.493,85362205.7,2022-06-15 23:59:59.999,635602192.2426
2022-06-16,8.492,8.553,6.963,7.115,49839665.1,2022-06-16 23:59:59.999,381126000.8134
2022-06-17,7.115,7.452,7.026,7.27,33792426.6,2022-06-17 23:59:59.999,245702635.6519
2022-06-18,7.271,7.404,6.451,7.044,48563033.4,2022-06-18 23:59:59.999,333284273.2775
2022-06-19,7.044,7.648,6.761,7.511,36523211.5,2022-06-19 23:59:59.999,261593373.2761
2022-06-20,7.512,8.02,7.159,7.864,36149615.8,2022-06-20 23:59:59.999,276451817.8292
2022-06-21,7.864,8.278,7.661,7.756,30986429.0,2022-06-21 23:59:59.999,248442662.4111
2022-06-22,7.757,7.812,7.344,7.385,26780683.6,2022-06-22 23:59:59.999,202188820.5544
2022-06-23,7.385,7.816,7.351,7.769,27654620.0,2022-06-23 23:59:59.999,210554396.7377
2022-06-24,7.769,8.356,7.716,8.178,30584435.4,2022-06-24 23:59:59.999,245770777.0529
2022-06-25,8.178,8.366,7.779,8.127,21332226.2,2022-06-25 23:59:59.999,172366774.8964
2022-06-26,8.126,8.485,7.802,7.828,26137665.1,2022-06-26 23:59:59.999,212597308.549
2022-06-27,7.827,8.198,7.671,7.737,26428920.1,2022-06-27 23:59:59.999,209691804.5366
2022-06-28,7.736,7.993,7.25,7.308,30859205.5,2022-06-28 23:59:59.999,236074861.6757
2022-06-29,7.307,7.44,6.94,7.03,32915407.4,2022-06-29 23:59:59.999,236258977.492
2022-06-30,7.03,7.099,6.628,7.057,37857437.4,2022-06-30 23:59:59.999,258056260.2574
2022-07-01,7.058,7.249,6.54,6.749,39466112.0,2022-07-01 23:59:59.999,269227888.0897
2022-07-02,6.749,6.904,6.615,6.817,25018571.3,2022-07-02 23:59:59.999,169172058.3475
2022-07-03,6.818,6.98,6.602,6.846,23881230.7,2022-07-03 23:59:59.999,161521709.4613
2022-07-04,6.846,7.219,6.65,7.16,29054703.2,2022-07-04 23:59:59.999,200988350.5341
2022-07-05,7.159,7.22,6.572,6.832,45335355.7,2022-07-05 23:59:59.999,310959951.1809
2022-07-06,6.833,7.007,6.673,6.919,34536202.4,2022-07-06 23:59:59.999,237226171.0933
2022-07-07,6.918,7.348,6.875,7.298,31059919.2,2022-07-07 23:59:59.999,220295817.8737
2022-07-08,7.299,7.461,6.931,7.032,34247729.5,2022-07-08 23:59:59.999,244284757.175
2022-07-09,7.031,7.359,7.025,7.25,21882152.4,2022-07-09 23:59:59.999,158024641.6
2022-07-10,7.249,7.266,6.755,6.853,24172048.1,2022-07-10 23:59:59.999,168329550.4699
2022-07-11,6.853,6.907,6.481,6.521,33844010.9,2022-07-11 23:59:59.999,228377081.6532
2022-07-12,6.521,6.62,6.238,6.274,35288918.1,2022-07-12 23:59:59.999,228106757.0591
2022-07-13,6.272,6.558,5.94,6.458,41993867.1,2022-07-13 23:59:59.999,264465391.7652
2022-07-14,6.459,6.764,6.28,6.717,35323430.8,2022-07-14 23:59:59.999,229538248.7003
2022-07-15,6.716,6.99,6.651,6.792,32699305.5,2022-07-15 23:59:59.999,223264224.2965
2022-07-16,6.791,7.215,6.554,7.184,35438113.5,2022-07-16 23:59:59.999,243870462.9866
2022-07-17,7.184,7.322,6.867,6.914,28962804.4,2022-07-17 23:59:59.999,205420709.0157
2022-07-18,6.914,7.721,6.896,7.647,49994927.4,2022-07-18 23:59:59.999,370461160.0345
2022-07-19,7.648,8.039,7.48,7.784,60777224.9,2022-07-19 23:59:59.999,472977008.2829
2022-07-20,7.784,8.078,7.355,7.46,46603606.2,2022-07-20 23:59:59.999,362314830.7308
2022-07-21,7.461,7.588,7.168,7.523,36760666.5,2022-07-21 23:59:59.999,271108546.4553
2022-07-22,7.522,7.846,7.254,7.285,38393531.4,2022-07-22 23:59:59.999,291052388.065
2022-07-23,7.286,7.489,7.069,7.319,26928735.8,2022-07-23 23:59:59.999,196110236.4572
2022-07-24,7.32,7.579,7.3,7.392,30016692.7,2022-07-24 23:59:59.999,223109805.2861
2022-07-25,7.393,7.441,6.71,6.747,39615117.3,2022-07-25 23:59:59.999,279143485.4403
2022-07-26,6.747,6.786,6.511,6.768,32039660.2,2022-07-26 23:59:59.999,212987201.8693
2022-07-27,6.769,7.705,6.641,7.67,38836358.5,2022-07-27 23:59:59.999,271624890.6744
2022-07-28,7.67,8.074,7.45,7.85,52352051.4,2022-07-28 23:59:59.999,405841211.5819
2022-07-29,7.851,8.421,7.753,8.178,43608338.0,2022-07-29 23:59:59.999,352286036.4447
2022-07-30,8.179,8.847,8.15,8.208,46461634.1,2022-07-30 23:59:59.999,394822388.3335
2022-07-31,8.207,9.206,8.073,8.616,51129159.9,2022-07-31 23:59:59.999,443509714.409
2022-08-01,8.616,8.986,8.0,8.173,50289775.5,2022-08-01 23:59:59.999,427272365.2728
2022-08-02,8.173,8.269,7.664,7.92,50382705.3,2022-08-02 23:59:59.999,399057271.3423
2022-08-03,7.919,8.441,7.666,7.986,37310335.6,2022-08-03 23:59:59.999,302372048.5196
2022-08-04,7.986,8.27,7.876,8.087,33556489.7,2022-08-04 23:59:59.999,271013345.5633
2022-08-05,8.085,8.837,8.063,8.8,39850531.9,2022-08-05 23:59:59.999,336920695.8208
2022-08-06,8.8,8.879,8.478,8.512,25274821.9,2022-08-06 23:59:59.999,219255787.546
2022-08-07,8.513,8.937,8.326,8.646,25058444.3,2022-08-07 23:59:59.999,215661538.3209
2022-08-08,8.647,9.387,8.629,9.263,43405536.5,2022-08-08 23:59:59.999,397619352.044
2022-08-09,9.262,9.478,8.64,8.895,37175981.6,2022-08-09 23:59:59.999,333299805.5004
2022-08-10,8.894,9.648,8.537,9.52,50712051.7,2022-08-10 23:59:59.999,465713570.2489
2022-08-11,9.521,9.645,9.118,9.189,37719831.5,2022-08-11 23:59:59.999,354251895.3309
2022-08-12,9.19,9.494,9.022,9.471,28339779.7,2022-08-12 23:59:59.999,262742175.9696
2022-08-13,9.471,9.677,9.239,9.297,24441335.8,2022-08-13 23:59:59.999,231419096.6939
2022-08-14,9.297,9.556,8.815,8.949,29805504.1,2022-08-14 23:59:59.999,273827370.1558
2022-08-15,8.948,9.379,8.614,8.775,35527060.4,2022-08-15 23:59:59.999,317196363.1468
2022-08-16,8.775,8.959,8.624,8.829,27766702.0,2022-08-16 23:59:59.999,243936230.2381
2022-08-17,8.829,9.164,8.31,8.371,37041657.0,2022-08-17 23:59:59.999,321139481.2219
2022-08-18,8.371,8.596,7.915,8.074,29185584.7,2022-08-18 23:59:59.999,244306615.8127
2022-08-19,8.074,8.086,7.215,7.298,50356803.9,2022-08-19 23:59:59.999,380444398.0535
2022-08-20,7.298,7.513,7.023,7.218,33336678.2,2022-08-20 23:59:59.999,243805717.4679
2022-08-21,7.218,7.529,7.16,7.427,24608517.5,2022-08-21 23:59:59.999,181156555.6084
2022-08-22,7.428,7.437,6.983,7.398,31436369.1,2022-08-22 23:59:59.999,226896297.7667
2022-08-23,7.398,7.71,7.177,7.634,31722825.5,2022-08-23 23:59:59.999,238792946.9563
2022-08-24,7.634,7.769,7.407,7.559,24606061.2,2022-08-24 23:59:59.999,186611180.5972
2022-08-25,7.558,7.756,7.445,7.574,20765056.4,2022-08-25 23:59:59.999,158055574.6256
2022-08-26,7.575,7.677,6.853,6.917,37752028.9,2022-08-26 23:59:59.999,275750233.6658
2022-08-27,6.917,7.097,6.785,7.037,23950032.6,2022-08-27 23:59:59.999,167181102.8789
2022-08-28,7.036,7.147,6.803,6.854,22307625.2,2022-08-28 23:59:59.999,156822826.6951
2022-08-29,6.854,7.306,6.769,7.266,28593098.7,2022-08-29 23:59:59.999,201671375.9985
2022-08-30,7.266,7.376,6.872,7.003,25902084.1,2022-08-30 23:59:59.999,184622638.8154
2022-08-31,7.003,7.286,6.974,7.024,24609125.0,2022-08-31 23:59:59.999,175629596.7197
2022-09-01,7.025,7.199,6.851,7.177,22952718.3,2022-09-01 23:59:59.999,160972317.6042
2022-09-02,7.178,7.564,7.115,7.293,29535478.7,2022-09-02 23:59:59.999,216717127.4874
2022-09-03,7.294,7.304,7.161,7.282,15320618.3,2022-09-03 23:59:59.999,111066299.3239
2022-09-04,7.282,7.421,7.136,7.369,20963795.5,2022-09-04 23:59:59.999,152526356.7152
2022-09-05,7.369,7.635,7.249,7.365,37007105.8,2022-09-05 23:59:59.999,275901956.9303
2022-09-06,7.364,7.689,6.8,6.872,46131916.2,2022-09-06 23:59:59.999,338260382.0524
2022-09-07,6.872,7.294,6.736,7.195,30614772.8,2022-09-07 23:59:59.999,215510828.4961
2022-09-08,7.195,7.445,7.023,7.383,32005312.3,2022-09-08 23:59:59.999,231061545.3468
2022-09-09,7.383,7.944,7.352,7.751,32187833.0,2022-09-09 23:59:59.999,248216563.903
2022-09-10,7.751,7.873,7.576,7.766,22892975.5,2022-09-10 23:59:59.999,176716347.1185
2022-09-11,7.767,7.9,7.533,7.694,18798782.2,2022-09-11 23:59:59.999,145181288.0022
2022-09-12,7.695,8.046,7.558,7.654,33770668.9,2022-09-12 23:59:59.999,262807503.6254
2022-09-13,7.655,7.959,7.025,7.062,35863203.6,2022-09-13 23:59:59.999,267394527.2101
2022-09-14,7.062,7.303,7.009,7.203,24433276.9,2022-09-14 23:59:59.999,175081245.8041
2022-09-15,7.201,7.236,6.864,6.924,30645989.6,2022-09-15 23:59:59.999,215505521.9381
2022-09-16,6.925,6.968,6.681,6.897,25536695.8,2022-09-16 23:59:59.999,174647746.9058
2022-09-17,6.896,7.158,6.896,7.053,16381526.8,2022-09-17 23:59:59.999,115144445.2579
2022-09-18,7.054,7.06,6.272,6.442,29661727.3,2022-09-18 23:59:59.999,200198177.5772
2022-09-19,6.441,6.551,6.098,6.381,35150291.8,2022-09-19 23:59:59.999,221594079.6711
2022-09-20,6.38,6.412,6.161,6.282,31718909.6,2022-09-20 23:59:59.999,199486430.8308
2022-09-21,6.281,6.579,5.96,6.12,47102527.7,2022-09-21 23:59:59.999,295397973.7872
2022-09-22,6.119,6.519,6.075,6.441,31184846.6,2022-09-22 23:59:59.999,198024497.7186
2022-09-23,6.442,6.65,6.184,6.429,38822017.2,2022-09-23 23:59:59.999,248043620.2099
2022-09-24,6.427,6.506,6.228,6.266,20825560.9,2022-09-24 23:59:59.999,133327602.6872
2022-09-25,6.266,6.368,6.079,6.196,21562763.7,2022-09-25 23:59:59.999,134747691.4036
2022-09-26,6.197,6.577,6.15,6.553,46350978.1,2022-09-26 23:59:59.999,296155768.4474
2022-09-27,6.552,6.799,6.233,6.366,43437219.6,2022-09-27 23:59:59.999,285296824.6043
2022-09-28,6.366,6.468,6.165,6.386,32928235.1,2022-09-28 23:59:59.999,208482632.9025
2022-09-29,6.386,6.49,6.254,6.429,27374548.9,2022-09-29 23:59:59.999,174771879.0886
2022-09-30,6.429,6.565,6.212,6.315,32732734.5,2022-09-30 23:59:59.999,209544065.1848
2022-10-01,6.315,6.33,6.208,6.267,15553756.6,2022-10-01 23:59:59.999,97732597.5239
2022-10-02,6.267,6.324,6.118,6.153,21893328.5,2022-10-02 23:59:59.999,136656636.1477
2022-10-03,6.152,6.4,6.078,6.364,24646655.7,2022-10-03 23:59:59.999,154530392.0792
2022-10-04,6.364,6.53,6.34,6.489,19531280.2,2022-10-04 23:59:59.999,125771879.7002
2022-10-05,6.489,6.502,6.264,6.43,23916299.2,2022-10-05 23:59:59.999,152463909.0912
2022-10-06,6.431,6.519,6.308,6.339,23531427.3,2022-10-06 23:59:59.999,151129211.5509
2022-10-07,6.339,6.392,6.25,6.325,16693061.5,2022-10-07 23:59:59.999,105523080.2737
2022-10-08,6.325,6.393,6.263,6.307,12105045.7,2022-10-08 23:59:59.999,76734321.9692
2022-10-09,6.307,6.492,6.277,6.476,19517885.5,2022-10-09 23:59:59.999,125122768.3873
2022-10-10,6.475,6.544,6.23,6.249,27336408.4,2022-10-10 23:59:59.999,174161267.5304
2022-10-11,6.248,6.249,6.116,6.176,24856495.7,2022-10-11 23:59:59.999,153818643.8079
2022-10-12,6.175,6.243,6.117,6.168,17683483.5,2022-10-12 23:59:59.999,109357807.1327
2022-10-13,6.169,6.178,5.575,6.104,53918742.2,2022-10-13 23:59:59.999,320557624.7509
2022-10-14,6.104,6.269,6.009,6.037,25305811.6,2022-10-14 23:59:59.999,155856848.4143
2022-10-15,6.036,6.097,6.014,6.047,11920444.3,2022-10-15 23:59:59.999,72233187.727
2022-10-16,6.046,6.245,6.042,6.177,15373705.5,2022-10-16 23:59:59.999,94604341.325
2022-10-17,6.177,6.297,6.121,6.25,18650452.3,2022-10-17 23:59:59.999,115769338.598
2022-10-18,6.249,6.296,6.063,6.153,20837723.3,2022-10-18 23:59:59.999,128604530.9255
2022-10-19,6.152,6.251,6.057,6.096,22616659.1,2022-10-19 23:59:59.999,139098682.1489
2022-10-20,6.095,6.15,5.809,5.878,33217079.1,2022-10-20 23:59:59.999,199494871.0485
2022-10-21,5.878,5.896,5.717,5.832,42103984.3,2022-10-21 23:59:59.999,245251719.9734
2022-10-22,5.832,5.869,5.763,5.841,17213825.0,2022-10-22 23:59:59.999,100192477.8498
2022-10-23,5.842,5.974,5.743,5.959,21966807.1,2022-10-23 23:59:59.999,128715604.3326
2022-10-24,5.958,5.987,5.799,5.91,28418122.3,2022-10-24 23:59:59.999,166957114.7678
2022-10-25,5.911,6.624,5.891,6.432,63142927.7,2022-10-25 23:59:59.999,396719235.8389
2022-10-26,6.432,6.607,6.406,6.461,37614523.9,2022-10-26 23:59:59.999,244327219.787
2022-10-27,6.461,6.64,6.273,6.326,36322673.8,2022-10-27 23:59:59.999,234463371.7187
2022-10-28,6.326,6.581,6.259,6.512,27745805.5,2022-10-28 23:59:59.999,178141488.1119
2022-10-29,6.512,6.772,6.485,6.631,28910229.3,2022-10-29 23:59:59.999,191282654.2387
2022-10-30,6.631,6.739,6.512,6.648,19330802.8,2022-10-30 23:59:59.999,127696572.7428
2022-10-31,6.648,6.831,6.556,6.617,33886496.9,2022-10-31 23:59:59.999,226557639.1972
2022-11-01,6.618,6.712,6.443,6.45,20367511.9,2022-11-01 23:59:59.999,134020983.5332
2022-11-02,6.45,6.523,6.152,6.251,36804100.1,2022-11-02 23:59:59.999,233984069.6481
2022-11-03,6.251,6.529,6.222,6.416,27450757.6,2022-11-03 23:59:59.999,176463499.9301
2022-11-04,6.416,7.093,6.38,7.052,48664647.6,2022-11-04 23:59:59.999,329206485.6784
2022-11-05,7.052,7.246,6.934,7.022,28075336.4,2022-11-05 23:59:59.999,198832749.1264
2022-11-06,7.023,7.144,6.777,6.809,22452557.8,2022-11-06 23:59:59.999,157551338.9887
2022-11-07,6.808,7.413,6.65,7.119,48275782.6,2022-11-07 23:59:59.999,340546098.8389
2022-11-08,7.119,7.199,5.8,6.295,93470632.0,2022-11-08 23:59:59.999,610798005.6848
2022-11-09,6.293,6.37,5.33,5.412,82232976.5,2022-11-09 23:59:59.999,492451459.666
2022-11-10,5.411,6.171,5.31,5.967,61280796.8,2022-11-10 23:59:59.999,355085147.5168
2022-11-11,5.967,6.0,5.5,5.746,38105856.4,2022-11-11 23:59:59.999,218090023.7163
2022-11-12,5.747,5.874,5.548,5.776,23156708.1,2022-11-12 23:59:59.999,132907324.1233
2022-11-13,5.777,5.969,5.615,5.747,26664593.1,2022-11-13 23:59:59.999,154411628.4071
2022-11-14,5.747,5.896,5.435,5.864,29146442.3,2022-11-14 23:59:59.999,166435615.6543
2022-11-15,5.864,6.048,5.795,5.919,19000172.6,2022-11-15 23:59:59.999,112731406.4908
2022-11-16,5.919,5.99,5.607,5.701,19456687.8,2022-11-16 23:59:59.999,112502260.3694
2022-11-17,5.702,5.725,5.549,5.666,17581060.5,2022-11-17 23:59:59.999,99440392.2116
2022-11-18,5.667,5.773,5.602,5.638,13996985.5,2022-11-18 23:59:59.999,79677660.9268
2022-11-19,5.637,5.653,5.521,5.597,12446269.2,2022-11-19 23:59:59.999,69386250.5988
2022-11-20,5.597,5.662,5.246,5.288,21527377.0,2022-11-20 23:59:59.999,117469126.9487
2022-11-21,5.287,5.293,5.055,5.184,33475131.0,2022-11-21 23:59:59.999,174004568.1438
2022-11-22,5.185,5.314,4.957,5.279,34823528.7,2022-11-22 23:59:59.999,179705979.0333
2022-11-23,5.28,5.482,5.245,5.43,24016628.6,2022-11-23 23:59:59.999,129094137.2459
2022-11-24,5.431,5.514,5.322,5.382,22165468.1,2022-11-24 23:59:59.999,119937933.2912
2022-11-25,5.383,5.386,5.234,5.262,21128322.6,2022-11-25 23:59:59.999,111854076.1632
2022-11-26,5.263,5.455,5.232,5.296,22565487.3,2022-11-26 23:59:59.999,120707945.0407
2022-11-27,5.297,5.432,5.248,5.294,17111278.0,2022-11-27 23:59:59.999,91684310.5437
2022-11-28,5.294,5.312,5.046,5.125,35766917.9,2022-11-28 23:59:59.999,184278648.065
2022-11-29,5.124,5.352,5.082,5.304,26799582.1,2022-11-29 23:59:59.999,140768582.1043
2022-11-30,5.305,5.505,5.29,5.462,33495555.4,2022-11-30 23:59:59.999,180984847.4609
2022-12-01,5.462,5.475,5.311,5.406,21177413.0,2022-12-01 23:59:59.999,114071501.8134
2022-12-02,5.406,5.682,5.362,5.617,41526190.4,2022-12-02 23:59:59.999,230444336.5363
2022-12-03,5.618,5.705,5.474,5.491,20943228.5,2022-12-03 23:59:59.999,116819323.2475
2022-12-04,5.491,5.607,5.484,5.585,15515853.7,2022-12-04 23:59:59.999,86025021.3023
2022-12-05,5.585,5.726,5.431,5.481,23417951.9,2022-12-05 23:59:59.999,131092142.7703
2022-12-06,5.482,5.511,5.415,5.497,16104517.9,2022-12-06 23:59:59.999,88115180.4659
2022-12-07,5.497,5.518,5.23,5.29,26220788.0,2022-12-07 23:59:59.999,139678529.2655
2022-12-08,5.29,5.455,5.244,5.426,23055776.5,2022-12-08 23:59:59.999,122984451.7405
2022-12-09,5.426,5.436,5.255,5.295,19378497.6,2022-12-09 23:59:59.999,103643950.8582
2022-12-10,5.295,5.321,5.253,5.272,10134710.5,2022-12-10 23:59:59.999,53566060.5962
2022-12-11,5.273,5.319,5.11,5.158,17285094.5,2022-12-11 23:59:59.999,90410550.9982
2022-12-12,5.157,5.203,5.005,5.174,25867072.1,2022-12-12 23:59:59.999,132532768.4531
2022-12-13,5.173,5.345,4.983,5.284,31833785.1,2022-12-13 23:59:59.999,164845596.8978
2022-12-14,5.284,5.357,5.132,5.213,37262264.8,2022-12-14 23:59:59.999,196559468.9004
2022-12-15,5.213,5.254,5.112,5.227,23403227.7,2022-12-15 23:59:59.999,121504716.8467
2022-12-16,5.228,5.249,4.501,4.648,40579675.3,2022-12-16 23:59:59.999,201829445.4533
2022-12-17,4.648,4.719,4.579,4.705,18303440.7,2022-12-17 23:59:59.999,85412505.851
2022-12-18,4.705,4.712,4.613,4.653,12321167.9,2022-12-18 23:59:59.999,57469514.6472
2022-12-19,4.653,4.702,4.403,4.478,27823523.4,2022-12-19 23:59:59.999,127087137.2849
2022-12-20,4.478,4.652,4.456,4.602,20009063.2,2022-12-20 23:59:59.999,91669332.7217
2022-12-21,4.603,4.615,4.439,4.484,19699451.8,2022-12-21 23:59:59.999,88619911.4438
2022-12-22,4.483,4.535,4.365,4.53,23691441.4,2022-12-22 23:59:59.999,105255289.7743
2022-12-23,4.529,4.545,4.451,4.471,18650128.2,2022-12-23 23:59:59.999,83901119.9871
2022-12-24,4.472,4.489,4.427,4.448,9981106.9,2022-12-24 23:59:59.999,44483652.4653
2022-12-25,4.449,4.496,4.392,4.489,16919733.2,2022-12-25 23:59:59.999,75067537.9997
2022-12-26,4.489,4.576,4.463,4.57,16218142.0,2022-12-26 23:59:59.999,73047823.0436
2022-12-27,4.57,4.583,4.449,4.476,19253026.1,2022-12-27 23:59:59.999,86768828.3729
2022-12-28,4.476,4.482,4.233,4.284,32350652.6,2022-12-28 23:59:59.999,140524744.0832
2022-12-29,4.283,4.352,4.216,4.305,20305692.1,2022-12-29 23:59:59.999,87262348.898
2022-12-30,4.305,4.34,4.222,4.321,18181896.4,2022-12-30 23:59:59.999,77871277.083
2022-12-31,4.322,4.391,4.296,4.306,12200124.4,2022-12-31 23:59:59.999,52934336.7645
2023-01-01,4.307,4.384,4.273,4.367,11034451.3,2023-01-01 23:59:59.999,47735019.2226
2023-01-02,4.367,4.539,4.312,4.49,26848963.6,2023-01-02 23:59:59.999,119611106.3383
2023-01-03,4.49,4.544,4.46,4.522,18611908.7,2023-01-03 23:59:59.999,83892818.411
2023-01-04,4.522,4.687,4.521,4.627,28444421.3,2023-01-04 23:59:59.999,131693224.6529
2023-01-05,4.628,4.647,4.54,4.619,20315579.6,2023-01-05 23:59:59.999,93317472.8101
2023-01-06,4.62,4.706,4.548,4.683,30296860.6,2023-01-06 23:59:59.999,140185842.397
2023-01-07,4.683,4.705,4.632,4.663,14014887.0,2023-01-07 23:59:59.999,65365552.4217
2023-01-08,4.662,4.829,4.597,4.824,25051682.5,2023-01-08 23:59:59.999,117902285.0114
2023-01-09,4.825,5.083,4.797,4.888,54939855.3,2023-01-09 23:59:59.999,271775279.1987
2023-01-10,4.889,4.968,4.822,4.917,24859510.3,2023-01-10 23:59:59.999,121953151.556
2023-01-11,4.918,5.138,4.825,5.129,33157938.0,2023-01-11 23:59:59.999,163709298.7444
2023-01-12,5.129,5.259,5.006,5.229,47183860.6,2023-01-12 23:59:59.999,242173453.681
2023-01-13,5.23,5.421,5.158,5.396,36512519.3,2023-01-13 23:59:59.999,192135884.4315
2023-01-14,5.397,6.579,5.391,6.028,75430554.9,2023-01-14 23:59:59.999,449835416.2445
2023-01-15,6.027,6.071,5.768,5.933,39761409.2,2023-01-15 23:59:59.999,235482382.9085
2023-01-16,5.934,6.087,5.6,5.81,39334452.5,2023-01-16 23:59:59.999,229917934.3753
2023-01-17,5.81,6.215,5.675,5.954,46878926.6,2023-01-17 23:59:59.999,280745081.4322
2023-01-18,5.955,6.215,5.562,5.642,57268430.8,2023-01-18 23:59:59.999,336292198.7459
2023-01-19,5.642,5.839,5.638,5.796,21801627.3,2023-01-19 23:59:59.999,125312230.9927
2023-01-20,5.796,6.295,5.75,6.245,35015915.7,2023-01-20 23:59:59.999,208297519.9441
2023-01-21,6.244,6.465,5.991,6.239,42055648.3,2023-01-21 23:59:59.999,263209409.9468
2023-01-22,6.239,6.457,6.08,6.206,31026151.6,2023-01-22 23:59:59.999,194606754.7665
2023-01-23,6.206,6.814,6.197,6.561,56082981.4,2023-01-23 23:59:59.999,365363112.6458
2023-01-24,6.562,6.708,6.022,6.188,36820666.9,2023-01-24 23:59:59.999,238193944.3949
2023-01-25,6.188,6.559,6.003,6.395,42715842.8,2023-01-25 23:59:59.999,266923515.7631
2023-01-26,6.396,6.558,6.296,6.469,32204638.0,2023-01-26 23:59:59.999,207190704.7673
2023-01-27,6.47,6.619,6.258,6.581,25709851.9,2023-01-27 23:59:59.999,165676205.9498
2023-01-28,6.581,6.661,6.314,6.389,22245383.8,2023-01-28 23:59:59.999,143934357.49
2023-01-29,6.389,6.697,6.321,6.611,24053520.2,2023-01-29 23:59:59.999,157687850.552
2023-01-30,6.612,6.65,6.0,6.186,30034644.0,2023-01-30 23:59:59.999,189477303.6544
2023-01-31,6.185,6.319,6.139,6.257,20043027.2,2023-01-31 23:59:59.999,124919624.7698
2023-02-01,6.257,6.489,6.018,6.463,31632483.5,2023-02-01 23:59:59.999,196974558.597
2023-02-02,6.464,6.919,6.444,6.541,45285513.7,2023-02-02 23:59:59.999,300843451.9969
2023-02-03,6.541,7.125,6.501,7.005,47687047.3,2023-02-03 23:59:59.999,327505912.4386
2023-02-04,7.006,7.073,6.811,6.868,22205951.1,2023-02-04 23:59:59.999,153819353.2392
2023-02-05,6.868,6.893,6.506,6.631,25224068.1,2023-02-05 23:59:59.999,168993659.6285
2023-02-06,6.631,6.786,6.407,6.489,29290873.9,2023-02-06 23:59:59.999,195006446.3586
2023-02-07,6.489,6.95,6.466,6.937,28364484.1,2023-02-07 23:59:59.999,190409640.3388
2023-02-08,6.937,7.024,6.613,6.75,27862697.7,2023-02-08 23:59:59.999,189761268.0148
2023-02-09,6.75,6.976,6.067,6.23,57262615.4,2023-02-09 23:59:59.999,379557489.433
2023-02-10,6.231,6.304,6.113,6.178,28663816.6,2023-02-10 23:59:59.999,178396741.0873
2023-02-11,6.178,6.289,6.151,6.271,12722535.4,2023-02-11 23:59:59.999,79015232.394
2023-02-12,6.271,6.377,6.06,6.175,16584598.1,2023-02-12 23:59:59.999,103840237.0024
2023-02-13,6.175,6.241,5.872,6.142,38786496.3,2023-02-13 23:59:59.999,235129095.2265
2023-02-14,6.141,6.258,6.0,6.224,28653438.1,2023-02-14 23:59:59.999,175960344.7178
2023-02-15,6.225,6.615,6.153,6.61,30802155.6,2023-02-15 23:59:59.999,195424056.8307
2023-02-16,6.611,6.742,6.315,6.324,43765288.0,2023-02-16 23:59:59.999,287925414.6506
2023-02-17,6.324,7.42,6.285,7.29,83728085.0,2023-02-17 23:59:59.999,583796472.3569
2023-02-18,7.29,7.38,7.11,7.233,41168451.2,2023-02-18 23:59:59.999,298051936.8826
2023-02-19,7.234,7.896,7.186,7.446,66803855.8,2023-02-19 23:59:59.999,503558407.4089
2023-02-20,7.445,7.573,7.243,7.554,36404315.2,2023-02-20 23:59:59.999,272061946.0691
2023-02-21,7.553,7.576,7.111,7.252,31968361.3,2023-02-21 23:59:59.999,234489547.0337
2023-02-22,7.251,7.273,6.882,7.183,36324932.6,2023-02-22 23:59:59.999,256573922.3518
2023-02-23,7.184,7.382,7.016,7.096,29729098.2,2023-02-23 23:59:59.999,214652741.3913
2023-02-24,7.097,7.148,6.463,6.609,40629307.9,2023-02-24 23:59:59.999,276739869.9805
2023-02-25,6.608,6.646,6.333,6.537,23084082.2,2023-02-25 23:59:59.999,150640900.6596
2023-02-26,6.538,6.724,6.497,6.685,15472732.2,2023-02-26 23:59:59.999,102257292.4226
2023-02-27,6.686,6.78,6.483,6.577,24597559.1,2023-02-27 23:59:59.999,162837822.8404
2023-02-28,6.578,6.595,6.268,6.344,24967464.2,2023-02-28 23:59:59.999,160983711.0033
2023-03-01,6.343,6.6,6.309,6.533,22866372.9,2023-03-01 23:59:59.999,148278168.6788
2023-03-02,6.534,6.562,6.218,6.331,20975343.6,2023-03-02 23:59:59.999,133073167.2244
2023-03-03,6.331,6.335,5.752,6.034,32501594.5,2023-03-03 23:59:59.999,195573332.2271
2023-03-04,6.033,6.054,5.724,5.912,18494012.3,2023-03-04 23:59:59.999,109517550.951
2023-03-05,5.913,6.06,5.881,5.971,17996907.3,2023-03-05 23:59:59.999,107809523.7268
2023-03-06,5.971,6.04,5.854,5.916,21712826.1,2023-03-06 23:59:59.999,129052842.699
2023-03-07,5.916,6.017,5.73,5.843,26886124.8,2023-03-07 23:59:59.999,157411979.2641
2023-03-08,5.844,5.944,5.492,5.595,37067370.6,2023-03-08 23:59:59.999,210509205.167
2023-03-09,5.594,5.797,5.223,5.38,43230258.6,2023-03-09 23:59:59.999,240244859.205
2023-03-10,5.38,5.579,5.139,5.545,50201129.7,2023-03-10 23:59:59.999,270198063.1415
2023-03-11,5.544,5.675,5.217,5.46,35955620.8,2023-03-11 23:59:59.999,194970864.3774
2023-03-12,5.46,5.9,5.353,5.892,31592474.3,2023-03-12 23:59:59.999,176069175.9728
2023-03-13,5.892,6.14,5.699,6.096,43392778.4,2023-03-13 23:59:59.999,256936006.6273
2023-03-14,6.096,6.537,5.978,6.219,50086836.6,2023-03-14 23:59:59.999,313907247.8082
2023-03-15,6.219,6.37,5.771,5.871,46696951.2,2023-03-15 23:59:59.999,283809253.2857
2023-03-16,5.871,6.138,5.749,6.084,31460189.4,2023-03-16 23:59:59.999,188490432.4259
2023-03-17,6.084,6.632,6.021,6.618,40673714.9,2023-03-17 23:59:59.999,259123694.876
2023-03-18,6.617,6.7,6.279,6.311,32087054.3,2023-03-18 23:59:59.999,209446883.9893
2023-03-19,6.31,6.6,6.309,6.45,22240806.0,2023-03-19 23:59:59.999,143802164.3243
2023-03-20,6.451,6.481,6.046,6.089,34500021.9,2023-03-20 23:59:59.999,217157391.1919
2023-03-21,6.088,6.458,5.993,6.36,35445552.6,2023-03-21 23:59:59.999,220126631.3626
2023-03-22,6.36,6.383,5.907,6.048,38850583.1,2023-03-22 23:59:59.999,240978688.8683
2023-03-23,6.047,6.419,5.987,6.317,26650489.8,2023-03-23 23:59:59.999,165712138.0575
2023-03-24,6.318,6.338,5.94,6.016,29852570.2,2023-03-24 23:59:59.999,182513744.7003
2023-03-25,6.015,6.076,5.823,5.9,16178515.7,2023-03-25 23:59:59.999,96554802.3794
2023-03-26,5.9,6.102,5.872,6.04,13803627.7,2023-03-26 23:59:59.999,82997268.5588
2023-03-27,6.041,6.115,5.737,5.864,26699388.6,2023-03-27 23:59:59.999,158111518.4593
2023-03-28,5.863,6.108,5.78,6.054,23463257.7,2023-03-28 23:59:59.999,139358968.6738
2023-03-29,6.055,6.283,6.043,6.179,21166574.7,2023-03-29 23:59:59.999,131044158.5159
2023-03-30,6.179,6.293,6.02,6.117,24886504.0,2023-03-30 23:59:59.999,152688629.3577
2023-03-31,6.118,6.382,6.097,6.338,25721511.0,2023-03-31 23:59:59.999,160664245.0853
2023-04-01,6.338,6.391,6.183,6.342,14276487.4,2023-04-01 23:59:59.999,89700989.253
2023-04-02,6.343,6.445,6.167,6.261,21265502.0,2023-04-02 23:59:59.999,134649677.4604
2023-04-03,6.261,6.502,6.08,6.415,32225216.2,2023-04-03 23:59:59.999,203351550.5116
2023-04-04,6.415,6.532,6.364,6.436,20505990.2,2023-04-04 23:59:59.999,132152111.3857
2023-04-05,6.436,6.586,6.31,6.402,19577787.7,2023-04-05 23:59:59.999,126386581.4508
2023-04-06,6.403,6.415,6.25,6.276,16584644.7,2023-04-06 23:59:59.999,105104964.2774
2023-04-07,6.276,6.316,6.131,6.172,13406995.0,2023-04-07 23:59:59.999,83025153.1003
2023-04-08,6.172,6.232,6.078,6.124,10556659.9,2023-04-08 23:59:59.999,65050606.2605
2023-04-09,6.124,6.26,6.092,6.207,13890887.0,2023-04-09 23:59:59.999,85627819.7901
2023-04-10,6.207,6.311,6.108,6.285,16541820.9,2023-04-10 23:59:59.999,102545441.6695
2023-04-11,6.286,6.491,6.272,6.413,21777707.0,2023-04-11 23:59:59.999,139294609.0979
2023-04-12,6.413,6.465,6.202,6.401,26894448.4,2023-04-12 23:59:59.999,170596237.8504
2023-04-13,6.401,6.651,6.344,6.635,21368863.6,2023-04-13 23:59:59.999,138953590.7404
2023-04-14,6.634,6.849,6.537,6.732,32210178.9,2023-04-14 23:59:59.999,216301359.1355
2023-04-15,6.731,6.878,6.635,6.808,19168720.9,2023-04-15 23:59:59.999,129573445.4599
2023-04-16,6.807,6.884,6.674,6.828,18135344.3,2023-04-16 23:59:59.999,122984586.1075
2023-04-17,6.827,6.839,6.622,6.702,21896077.0,2023-04-17 23:59:59.999,146789958.1699
2023-04-18,6.703,6.986,6.555,6.918,24310643.2,2023-04-18 23:59:59.999,166588131.5626
2023-04-19,6.917,6.923,6.19,6.305,31372161.0,2023-04-19 23:59:59.999,204413941.791
2023-04-20,6.305,6.436,6.056,6.107,26579717.3,2023-04-20 23:59:59.999,166477913.432
2023-04-21,6.106,6.17,5.768,5.844,26063898.6,2023-04-21 23:59:59.999,155987332.0125
2023-04-22,5.843,5.974,5.816,5.942,11521020.4,2023-04-22 23:59:59.999,68098478.2731
2023-04-23,5.942,5.97,5.76,5.902,15081106.0,2023-04-23 23:59:59.999,88769027.7897
2023-04-24,5.902,6.018,5.788,5.88,19085072.4,2023-04-24 23:59:59.999,113012091.375
2023-04-25,5.88,6.01,5.772,5.996,16997334.6,2023-04-25 23:59:59.999,99824310.6834
2023-04-26,5.995,6.215,5.582,5.845,35123427.9,2023-04-26 23:59:59.999,209019149.6256
2023-04-27,5.845,6.049,5.826,5.966,24262306.4,2023-04-27 23:59:59.999,144082352.4386
2023-04-28,5.967,5.978,5.766,5.944,18903802.0,2023-04-28 23:59:59.999,111326188.5783
2023-04-29,5.943,6.054,5.907,6.038,13022274.6,2023-04-29 23:59:59.999,77922752.6209
2023-04-30,6.037,6.082,5.84,5.873,18540519.6,2023-04-30 23:59:59.999,110905112.3886
2023-05-01,5.873,5.906,5.591,5.661,20882616.8,2023-05-01 23:59:59.999,120029150.3024
2023-05-02,5.661,5.755,5.615,5.709,14870355.4,2023-05-02 23:59:59.999,84569499.6289
2023-05-03,5.709,5.81,5.548,5.776,20552591.2,2023-05-03 23:59:59.999,116443297.4343
2023-05-04,5.776,5.794,5.614,5.667,14060961.1,2023-05-04 23:59:59.999,80255984.8431
2023-05-05,5.667,5.901,5.647,5.843,23623861.7,2023-05-05 23:59:59.999,136810035.5297
2023-05-06,5.844,5.895,5.553,5.629,19105807.3,2023-05-06 23:59:59.999,109149526.1583
2023-05-07,5.629,5.699,5.596,5.627,11923977.6,2023-05-07 23:59:59.999,67398779.2505
2023-05-08,5.625,5.645,5.148,5.365,30390170.6,2023-05-08 23:59:59.999,163658335.9948
2023-05-09,5.366,5.409,5.284,5.318,16102228.3,2023-05-09 23:59:59.999,85931262.8527
2023-05-10,5.318,5.52,5.2,5.459,26762908.8,2023-05-10 23:59:59.999,144183914.2863
2023-05-11,5.459,5.467,5.175,5.273,24047422.6,2023-05-11 23:59:59.999,128048449.8665
2023-05-12,5.273,5.348,5.1,5.338,24064912.4,2023-05-12 23:59:59.999,125863441.4784
2023-05-13,5.338,5.394,5.305,5.345,13132057.5,2023-05-13 23:59:59.999,70277616.6812
2023-05-14,5.345,5.45,5.301,5.345,13444364.4,2023-05-14 23:59:59.999,72149260.6734
2023-05-15,5.346,5.428,5.261,5.311,19039641.4,2023-05-15 23:59:59.999,102113884.8621
2023-05-16,5.31,5.334,5.228,5.292,17589593.7,2023-05-16 23:59:59.999,92788279.9912
2023-05-17,5.292,5.438,5.216,5.418,27125413.7,2023-05-17 23:59:59.999,144360364.1523
2023-05-18,5.418,5.465,5.243,5.336,26196412.5,2023-05-18 23:59:59.999,140704795.9559
2023-05-19,5.336,5.393,5.308,5.371,16487373.0,2023-05-19 23:59:59.999,88246039.7509
2023-05-20,5.371,5.444,5.325,5.406,12740961.9,2023-05-20 23:59:59.999,68687492.2342
2023-05-21,5.406,5.431,5.23,5.271,14932054.9,2023-05-21 23:59:59.999,79518615.6666
2023-05-22,5.272,5.336,5.22,5.307,14653520.3,2023-05-22 23:59:59.999,77535996.0952
2023-05-23,5.308,5.449,5.285,5.398,16119799.7,2023-05-23 23:59:59.999,86764023.7845
2023-05-24,5.399,5.403,5.18,5.25,19935258.8,2023-05-24 23:59:59.999,105104685.1766
2023-05-25,5.249,5.296,5.133,5.243,15603022.8,2023-05-25 23:59:59.999,81766203.1527
2023-05-26,5.243,5.271,5.184,5.241,13047989.4,2023-05-26 23:59:59.999,68270880.4156
2023-05-27,5.241,5.375,5.228,5.333,14102170.2,2023-05-27 23:59:59.999,74786856.0001
2023-05-28,5.333,5.562,5.312,5.5,15730941.5,2023-05-28 23:59:59.999,85356551.8668
2023-05-29,5.501,5.539,5.41,5.457,14177028.6,2023-05-29 23:59:59.999,77536139.1308
2023-05-30,5.458,5.528,5.406,5.44,13689012.9,2023-05-30 23:59:59.999,74782439.7008
2023-05-31,5.44,5.461,5.264,5.314,17021617.6,2023-05-31 23:59:59.999,90748376.952
2023-06-01,5.313,5.334,5.182,5.203,16111100.3,2023-06-01 23:59:59.999,84277229.233
2023-06-02,5.203,5.301,5.153,5.274,17011686.6,2023-06-02 23:59:59.999,89236379.0943
2023-06-03,5.275,5.341,5.235,5.339,9949190.7,2023-06-03 23:59:59.999,52507625.1395
2023-06-04,5.34,5.385,5.304,5.31,13798346.2,2023-06-04 23:59:59.999,73717210.0903
2023-06-05,5.31,5.32,4.854,5.061,31189057.1,2023-06-05 23:59:59.999,160502839.1551
2023-06-06,5.062,5.267,4.981,5.199,18965102.7,2023-06-06 23:59:59.999,97009079.399
2023-06-07,5.199,5.211,4.969,5.021,18535425.6,2023-06-07 23:59:59.999,94233667.7042
2023-06-08,5.02,5.055,4.972,5.019,12136878.2,2023-06-08 23:59:59.999,60870945.7329
2023-06-09,5.02,5.069,4.925,4.978,15318471.7,2023-06-09 23:59:59.999,76598653.0798
2023-06-10,4.979,4.984,4.1,4.513,53563364.5,2023-06-10 23:59:59.999,238851003.8725
2023-06-11,4.513,4.546,4.422,4.519,15900657.2,2023-06-11 23:59:59.999,71231345.0285
2023-06-12,4.519,4.553,4.405,4.53,18569001.6,2023-06-12 23:59:59.999,83509252.5631
2023-06-13,4.531,4.718,4.491,4.624,20125259.7,2023-06-13 23:59:59.999,92671332.9662
2023-06-14,4.624,4.798,4.501,4.567,26599498.5,2023-06-14 23:59:59.999,123782603.79
2023-06-15,4.567,4.617,4.27,4.373,32891709.9,2023-06-15 23:59:59.999,144681961.041
2023-06-16,4.373,4.467,4.27,4.419,22589557.4,2023-06-16 23:59:59.999,98733890.92
2023-06-17,4.418,4.562,4.391,4.527,16340568.8,2023-06-17 23:59:59.999,73616236.7049
2023-06-18,4.528,4.664,4.475,4.535,23380499.5,2023-06-18 23:59:59.999,106925344.0197
2023-06-19,4.534,4.584,4.428,4.526,24160354.1,2023-06-19 23:59:59.999,108913399.665
2023-06-20,4.526,4.675,4.368,4.659,27923404.7,2023-06-20 23:59:59.999,126188839.6639
2023-06-21,4.659,4.859,4.631,4.818,33286477.9,2023-06-21 23:59:59.999,157783340.0033
2023-06-22,4.818,4.973,4.742,4.822,33052965.7,2023-06-22 23:59:59.999,160706656.6732
2023-06-23,4.821,5.135,4.817,5.096,36059223.0,2023-06-23 23:59:59.999,179916129.5522
2023-06-24,5.095,5.137,4.893,5.007,20708398.9,2023-06-24 23:59:59.999,104155183.2955
2023-06-25,5.006,5.243,4.997,5.189,27341285.3,2023-06-25 23:59:59.999,140796784.4448
2023-06-26,5.189,5.238,5.003,5.022,35596908.6,2023-06-26 23:59:59.999,183032054.9183
2023-06-27,5.022,5.152,4.993,5.091,18987952.6,2023-06-27 23:59:59.999,96555242.2371
2023-06-28,5.092,5.097,4.74,4.877,28454263.0,2023-06-28 23:59:59.999,141090264.6084
2023-06-29,4.877,5.233,4.864,4.982,34601367.8,2023-06-29 23:59:59.999,174054469.6497
2023-06-30,4.981,5.197,4.734,5.176,46655315.2,2023-06-30 23:59:59.999,235911635.9196
2023-07-01,5.176,5.367,5.107,5.348,28577825.9,2023-07-01 23:59:59.999,150320055.3835
2023-07-02,5.348,5.535,5.221,5.494,30444286.1,2023-07-02 23:59:59.999,163064025.0909
2023-07-03,5.494,5.635,5.372,5.426,31948427.0,2023-07-03 23:59:59.999,175254142.2121
2023-07-04,5.425,5.511,5.252,5.346,27771499.7,2023-07-04 23:59:59.999,150220116.4245
2023-07-05,5.346,5.378,5.111,5.204,25800481.6,2023-07-05 23:59:59.999,135248010.9244
2023-07-06,5.204,5.361,5.003,5.007,28660471.2,2023-07-06 23:59:59.999,148213552.197
2023-07-07,5.007,5.175,4.968,5.114,21039412.3,2023-07-07 23:59:59.999,107201912.4887
2023-07-08,5.114,5.193,5.051,5.125,12798795.2,2023-07-08 23:59:59.999,65722512.055
2023-07-09,5.124,5.158,5.055,5.077,11643790.6,2023-07-09 23:59:59.999,59395311.0018
2023-07-10,5.077,5.229,4.972,5.127,24584255.8,2023-07-10 23:59:59.999,125095860.1471
2023-07-11,5.127,5.213,5.084,5.211,14458532.2,2023-07-11 23:59:59.999,74331250.8865
2023-07-12,5.211,5.308,5.094,5.144,21698322.0,2023-07-12 23:59:59.999,113201436.8725
2023-07-13,5.144,5.553,5.09,5.545,42027347.7,2023-07-13 23:59:59.999,225543938.8358
2023-07-14,5.544,5.742,5.281,5.45,49977619.1,2023-07-14 23:59:59.999,277565063.8778
2023-07-15,5.45,5.563,5.381,5.429,13444002.4,2023-07-15 23:59:59.999,73451210.9519
2023-07-16,5.429,5.446,5.251,5.306,13883173.4,2023-07-16 23:59:59.999,74426741.3102
2023-07-17,5.305,5.415,5.16,5.299,23662242.7,2023-07-17 23:59:59.999,125008321.7987
2023-07-18,5.298,5.388,5.057,5.179,22469868.5,2023-07-18 23:59:59.999,117397425.0935
2023-07-19,5.18,5.255,5.126,5.189,17340589.1,2023-07-19 23:59:59.999,90132341.8169
2023-07-20,5.189,5.487,5.181,5.351,28256860.4,2023-07-20 23:59:59.999,150717947.1812
2023-07-21,5.351,5.702,5.331,5.484,49731908.4,2023-07-21 23:59:59.999,274614881.2179
2023-07-22,5.483,5.515,5.25,5.31,19173786.5,2023-07-22 23:59:59.999,102964511.1389
2023-07-23,5.31,5.486,5.269,5.387,18161639.9,2023-07-23 23:59:59.999,98204452.2708
2023-07-24,5.388,5.415,5.076,5.205,23459765.3,2023-07-24 23:59:59.999,122913243.9644
2023-07-25,5.206,5.252,5.121,5.171,15685198.8,2023-07-25 23:59:59.999,81200200.0351
2023-07-26,5.171,5.291,5.11,5.231,18296566.8,2023-07-26 23:59:59.999,95277654.2987
2023-07-27,5.232,5.334,5.175,5.235,16228788.5,2023-07-27 23:59:59.999,85236126.1691
2023-07-28,5.235,5.271,5.156,5.215,12513385.4,2023-07-28 23:59:59.999,65267417.0428
2023-07-29,5.215,5.257,5.199,5.245,7589520.7,2023-07-29 23:59:59.999,39738411.3915
2023-07-30,5.245,5.274,5.078,5.18,15035058.6,2023-07-30 23:59:59.999,78133453.5298
2023-07-31,5.181,5.259,5.033,5.105,18244322.3,2023-07-31 23:59:59.999,93953287.5593
2023-08-01,5.104,5.204,4.932,5.204,20733275.3,2023-08-01 23:59:59.999,105350677.7494
2023-08-02,5.204,5.218,5.005,5.056,17623881.5,2023-08-02 23:59:59.999,90109112.8617
2023-08-03,5.056,5.072,4.923,4.975,14838840.9,2023-08-03 23:59:59.999,74342633.2427
2023-08-04,4.974,5.042,4.933,4.99,12883886.2,2023-08-04 23:59:59.999,64322475.6931
2023-08-05,4.99,4.992,4.924,4.971,7517422.5,2023-08-05 23:59:59.999,37257326.3629
2023-08-06,4.97,5.044,4.954,5.002,12354863.5,2023-08-06 23:59:59.999,61708963.6979
2023-08-07,5.002,5.047,4.808,4.967,19103084.1,2023-08-07 23:59:59.999,94673230.4921
2023-08-08,4.967,5.098,4.929,5.056,14563210.5,2023-08-08 23:59:59.999,73063439.6982
2023-08-09,5.057,5.105,4.989,5.057,11818622.0,2023-08-09 23:59:59.999,59653878.5736
2023-08-10,5.058,5.066,4.97,5.004,10801771.8,2023-08-10 23:59:59.999,54174888.0165
2023-08-11,5.004,5.018,4.95,5.004,9526242.8,2023-08-11 23:59:59.999,47557491.3068
2023-08-12,5.004,5.041,4.992,5.037,5568177.0,2023-08-12 23:59:59.999,27946469.9965
2023-08-13,5.037,5.042,4.96,4.982,8213650.6,2023-08-13 23:59:59.999,41206378.8566
2023-08-14,4.982,5.054,4.945,4.986,12218750.9,2023-08-14 23:59:59.999,61076581.5805
2023-08-15,4.987,4.996,4.601,4.812,18180958.3,2023-08-15 23:59:59.999,88310413.4824
2023-08-16,4.812,4.838,4.509,4.668,21647269.0,2023-08-16 23:59:59.999,101925749.6918
2023-08-17,4.668,4.815,4.116,4.424,45912260.7,2023-08-17 23:59:59.999,210503848.0815
2023-08-18,4.424,4.557,4.36,4.509,23477367.0,2023-08-18 23:59:59.999,105003661.5621
2023-08-19,4.508,4.548,4.447,4.514,9075873.7,2023-08-19 23:59:59.999,40852590.5097
2023-08-20,4.514,4.528,4.459,4.515,7951536.7,2023-08-20 23:59:59.999,35744695.7683
2023-08-21,4.516,4.535,4.347,4.421,15597708.1,2023-08-21 23:59:59.999,69443391.0173
2023-08-22,4.422,4.447,4.21,4.421,18978746.6,2023-08-22 23:59:59.999,82904312.0312
2023-08-23,4.421,4.534,4.375,4.486,17266876.2,2023-08-23 23:59:59.999,76783218.0967
2023-08-24,4.486,4.514,4.36,4.421,14011763.4,2023-08-24 23:59:59.999,62236475.9126
2023-08-25,4.42,4.494,4.352,4.488,16737624.7,2023-08-25 23:59:59.999,74255495.0016
2023-08-26,4.487,4.51,4.472,4.502,8806353.6,2023-08-26 23:59:59.999,39585916.2711
2023-08-27,4.503,4.544,4.456,4.486,10383247.0,2023-08-27 23:59:59.999,46792724.9682
2023-08-28,4.486,4.619,4.411,4.607,21542730.4,2023-08-28 23:59:59.999,97246908.2437
2023-08-29,4.607,4.808,4.535,4.674,37847734.2,2023-08-29 23:59:59.999,176159097.3217
2023-08-30,4.673,4.676,4.5,4.53,16418574.0,2023-08-30 23:59:59.999,75160531.231
2023-08-31,4.531,4.531,4.214,4.268,29513631.2,2023-08-31 23:59:59.999,129187061.2854
2023-09-01,4.268,4.293,4.129,4.214,20928984.7,2023-09-01 23:59:59.999,88433209.9305
2023-09-02,4.214,4.27,4.196,4.258,9370304.9,2023-09-02 23:59:59.999,39675474.9994
2023-09-03,4.258,4.298,4.22,4.256,9063139.1,2023-09-03 23:59:59.999,38662952.5263
2023-09-04,4.256,4.318,4.186,4.258,14266180.4,2023-09-04 23:59:59.999,60620821.9759
2023-09-05,4.258,4.302,4.194,4.254,11689225.5,2023-09-05 23:59:59.999,49683662.3925
2023-09-06,4.254,4.286,4.164,4.269,14711440.5,2023-09-06 23:59:59.999,62299374.0203
2023-09-07,4.269,4.309,4.23,4.29,12670021.3,2023-09-07 23:59:59.999,54024463.7257
2023-09-08,4.291,4.33,4.197,4.249,13709104.9,2023-09-08 23:59:59.999,58335154.1075
2023-09-09,4.249,4.276,4.231,4.234,6522150.9,2023-09-09 23:59:59.999,27744949.4043
2023-09-10,4.235,4.235,4.085,4.145,19385916.2,2023-09-10 23:59:59.999,80582983.0125
2023-09-11,4.146,4.153,3.902,3.985,35730410.5,2023-09-11 23:59:59.999,143795116.9903
2023-09-12,3.985,4.095,3.948,3.984,24656311.7,2023-09-12 23:59:59.999,98901087.3694
2023-09-13,3.984,4.101,3.946,3.995,20371245.7,2023-09-13 23:59:59.999,81605634.4385
2023-09-14,3.996,4.085,3.968,4.055,18726213.9,2023-09-14 23:59:59.999,75491853.0147
2023-09-15,4.055,4.17,4.043,4.135,15935504.5,2023-09-15 23:59:59.999,65324809.6167
2023-09-16,4.135,4.223,4.128,4.181,12949753.7,2023-09-16 23:59:59.999,54055822.0375
2023-09-17,4.181,4.185,4.021,4.066,14638149.1,2023-09-17 23:59:59.999,60154077.0322
2023-09-18,4.067,4.216,3.999,4.103,19431369.3,2023-09-18 23:59:59.999,80220925.1883
2023-09-19,4.102,4.169,4.073,4.148,17500980.0,2023-09-19 23:59:59.999,72099680.5761
2023-09-20,4.148,4.165,4.056,4.136,16793948.7,2023-09-20 23:59:59.999,69069603.1694
2023-09-21,4.135,4.164,3.991,4.007,16558544.8,2023-09-21 23:59:59.999,67235229.6512
2023-09-22,4.007,4.034,3.971,4.015,10701025.3,2023-09-22 23:59:59.999,42924756.1091
2023-09-23,4.015,4.037,3.995,4.03,7923234.1,2023-09-23 23:59:59.999,31807579.2129
2023-09-24,4.029,4.058,3.956,3.987,11150909.8,2023-09-24 23:59:59.999,44838716.2612
2023-09-25,3.987,4.087,3.939,4.066,17358155.1,2023-09-25 23:59:59.999,70038884.0646
2023-09-26,4.065,4.088,3.968,4.01,13873467.1,2023-09-26 23:59:59.999,55827456.3147
2023-09-27,4.011,4.073,3.963,3.989,20523892.0,2023-09-27 23:59:59.999,82367448.6316
2023-09-28,3.99,4.099,3.979,4.07,19355081.4,2023-09-28 23:59:59.999,78300668.6432
2023-09-29,4.071,4.12,4.048,4.07,16148170.8,2023-09-29 23:59:59.999,65916026.5633
2023-09-30,4.071,4.116,4.067,4.101,9975712.1,2023-09-30 23:59:59.999,40821233.0773
2023-10-01,4.101,4.287,4.098,4.261,22517162.0,2023-10-01 23:59:59.999,94384245.5055
2023-10-02,4.261,4.297,4.013,4.117,38714922.8,2023-10-02 23:59:59.999,162762436.1899
2023-10-03,4.116,4.159,4.045,4.073,17169202.6,2023-10-03 23:59:59.999,70450742.8963
2023-10-04,4.073,4.073,3.947,4.038,22105988.7,2023-10-04 23:59:59.999,88892490.084
2023-10-05,4.038,4.081,3.994,4.02,15167256.7,2023-10-05 23:59:59.999,61198095.9837
2023-10-06,4.02,4.092,3.988,4.065,13064467.5,2023-10-06 23:59:59.999,52880697.8085
2023-10-07,4.065,4.111,4.04,4.048,8663931.0,2023-10-07 23:59:59.999,35302026.0856
2023-10-08,4.048,4.069,3.993,4.008,11239823.4,2023-10-08 23:59:59.999,45231557.0501
2023-10-09,4.008,4.027,3.736,3.875,37421344.0,2023-10-09 23:59:59.999,145037295.9835
2023-10-10,3.875,3.891,3.765,3.809,19706294.0,2023-10-10 23:59:59.999,75345656.1451
2023-10-11,3.809,3.821,3.692,3.737,23567996.5,2023-10-11 23:59:59.999,88277785.3297
2023-10-12,3.737,3.737,3.6,3.671,25697170.4,2023-10-12 23:59:59.999,94281391.1344
2023-10-13,3.672,3.787,3.664,3.718,16692674.6,2023-10-13 23:59:59.999,61888628.2788
2023-10-14,3.717,3.76,3.714,3.731,8565019.3,2023-10-14 23:59:59.999,31990103.5024
2023-10-15,3.731,3.774,3.703,3.751,13975122.8,2023-10-15 23:59:59.999,52311933.5021
2023-10-16,3.75,3.9,3.732,3.773,34606875.2,2023-10-16 23:59:59.999,131264619.6091
2023-10-17,3.773,3.777,3.621,3.669,21458014.0,2023-10-17 23:59:59.999,79512381.1561
2023-10-18,3.669,3.722,3.626,3.65,18340614.7,2023-10-18 23:59:59.999,67373109.9626
2023-10-19,3.65,3.659,3.551,3.646,22391305.0,2023-10-19 23:59:59.999,81090212.1988
2023-10-20,3.646,3.803,3.635,3.714,30703875.8,2023-10-20 23:59:59.999,114400448.8902
2023-10-21,3.714,3.978,3.704,3.906,37302683.9,2023-10-21 23:59:59.999,143822606.7992
2023-10-22,3.905,3.97,3.8,3.965,37689055.6,2023-10-22 23:59:59.999,146119882.6235
2023-10-23,3.964,4.368,3.914,4.357,93545836.4,2023-10-23 23:59:59.999,383699868.1803
2023-10-24,4.356,4.42,4.078,4.186,74169502.6,2023-10-24 23:59:59.999,316304044.1302
2023-10-25,4.185,4.352,4.131,4.289,39085622.9,2023-10-25 23:59:59.999,166186617.2134
2023-10-26,4.289,4.451,4.14,4.234,52608206.3,2023-10-26 23:59:59.999,225834808.2585
2023-10-27,4.233,4.237,4.017,4.134,41878043.5,2023-10-27 23:59:59.999,173300742.771
2023-10-28,4.134,4.223,4.129,4.179,20429227.5,2023-10-28 23:59:59.999,85394140.0875
2023-10-29,4.18,4.353,4.122,4.313,26221948.2,2023-10-29 23:59:59.999,111024162.1724
2023-10-30,4.312,4.53,4.23,4.521,48257845.5,2023-10-30 23:59:59.999,210572949.1603
2023-10-31,4.522,4.6,4.267,4.449,55598763.9,2023-10-31 23:59:59.999,247745201.098
2023-11-01,4.449,4.812,4.321,4.732,61790260.5,2023-11-01 23:59:59.999,279541497.7435
2023-11-02,4.732,4.804,4.516,4.633,54963897.4,2023-11-02 23:59:59.999,256826672.677
2023-11-03,4.633,4.648,4.455,4.614,25553052.1,2023-11-03 23:59:59.999,116389925.1137
2023-11-04,4.614,4.784,4.587,4.687,20314001.5,2023-11-04 23:59:59.999,94935600.9951
2023-11-05,4.687,4.912,4.654,4.762,39437682.6,2023-11-05 23:59:59.999,188495598.5605
2023-11-06,4.763,4.997,4.674,4.97,34746879.3,2023-11-06 23:59:59.999,168339860.9929
2023-11-07,4.97,5.009,4.72,4.929,40686718.8,2023-11-07 23:59:59.999,199411532.9631
2023-11-08,4.929,5.098,4.86,5.033,30935572.2,2023-11-08 23:59:59.999,154162463.5873
2023-11-09,5.034,5.269,4.371,5.093,61426120.2,2023-11-09 23:59:59.999,307319442.0906
2023-11-10,5.093,5.321,4.97,5.303,35114659.2,2023-11-10 23:59:59.999,180360405.5991
2023-11-11,5.302,5.684,5.086,5.56,47556163.8,2023-11-11 23:59:59.999,257090031.7027
2023-11-12,5.56,5.86,5.345,5.712,50138524.5,2023-11-12 23:59:59.999,284941581.2109
2023-11-13,5.712,5.895,5.328,5.352,45288979.5,2023-11-13 23:59:59.999,253472549.084
2023-11-14,5.353,5.526,4.96,5.2,28966797.1,2023-11-14 23:59:59.999,217692376.3891
2023-11-15,5.2,5.642,5.186,5.567,32089103.9,2023-11-15 23:59:59.999,173889246.8115
2023-11-16,5.567,5.8,5.267,5.355,47197422.6,2023-11-16 23:59:59.999,262092471.2228
2023-11-17,5.355,5.489,5.052,5.245,36472992.5,2023-11-17 23:59:59.999,193137285.5134
2023-11-18,5.244,5.294,4.988,5.292,24604872.8,2023-11-18 23:59:59.999,127016781.1554
2023-11-19,5.291,5.483,5.173,5.436,26407332.9,2023-11-19 23:59:59.999,140609152.2906
2023-11-20,5.436,5.572,5.251,5.302,33790082.4,2023-11-20 23:59:59.999,183272426.6258
2023-11-21,5.303,5.329,4.811,4.855,40553276.0,2023-11-21 23:59:59.999,205859041.268
2023-11-22,4.854,5.29,4.839,5.174,27814808.9,2023-11-22 23:59:59.999,142005014.1708
2023-11-23,5.174,5.22,5.081,5.138,15752701.8,2023-11-23 23:59:59.999,81186524.4179
2023-11-24,5.138,5.294,5.12,5.242,24604040.5,2023-11-24 23:59:59.999,128399652.4958
2023-11-25,5.241,5.39,5.211,5.331,17258850.2,2023-11-25 23:59:59.999,91680724.0525
2023-11-26,5.331,5.417,5.14,5.329,27699227.6,2023-11-26 23:59:59.999,146872648.2893
2023-11-27,5.33,5.378,5.034,5.155,30350552.9,2023-11-27 23:59:59.999,157784056.4068
2023-11-28,5.155,5.315,5.103,5.275,28637912.4,2023-11-28 23:59:59.999,148946791.1485
2023-11-29,5.276,5.404,5.152,5.16,27027008.9,2023-11-29 23:59:59.999,142531178.2367
2023-11-30,5.161,5.575,5.118,5.475,43897080.4,2023-11-30 23:59:59.999,236099813.229
2023-12-01,5.474,5.527,5.368,5.471,27420449.1,2023-12-01 23:59:59.999,149483214.7012
2023-12-02,5.47,5.607,5.452,5.564,20509731.3,2023-12-02 23:59:59.999,113118392.6448
2023-12-03,5.563,5.627,5.427,5.542,23795732.7,2023-12-03 23:59:59.999,131284651.0493
2023-12-04,5.542,5.725,5.374,5.638,42526786.0,2023-12-04 23:59:59.999,237687164.5668
2023-12-05,5.637,5.949,5.511,5.908,48063498.0,2023-12-05 23:59:59.999,272664598.6904
2023-12-06,5.909,6.203,5.766,6.05,61273883.0,2023-12-06 23:59:59.999,367629734.3218
2023-12-07,6.05,6.311,5.903,6.247,43144936.5,2023-12-07 23:59:59.999,263619391.0895
2023-12-08,6.247,6.922,6.172,6.846,50407264.4,2023-12-08 23:59:59.999,330155491.6794
2023-12-09,6.846,7.697,6.835,7.11,99685063.4,2023-12-09 23:59:59.999,733598133.2179
2023-12-10,7.109,7.36,6.962,7.351,38743535.3,2023-12-10 23:59:59.999,279152583.0252
2023-12-11,7.352,7.367,6.158,6.708,76137821.9,2023-12-11 23:59:59.999,511218451.7673
2023-12-12,6.707,7.344,6.697,7.135,75784318.2,2023-12-12 23:59:59.999,535560028.2188
2023-12-13,7.135,7.652,6.612,7.607,62511005.3,2023-12-13 23:59:59.999,439884105.315
2023-12-14,7.607,7.778,6.91,7.513,66577536.2,2023-12-14 23:59:59.999,493165576.969
2023-12-15,7.513,7.569,6.918,6.953,46306789.1,2023-12-15 23:59:59.999,334908164.1945
2023-12-16,6.953,7.358,6.863,7.09,36865494.4,2023-12-16 23:59:59.999,263119718.4845
2023-12-17,7.091,7.165,6.749,6.79,37485993.4,2023-12-17 23:59:59.999,261339606.0988
2023-12-18,6.79,6.886,6.375,6.883,38849048.9,2023-12-18 23:59:59.999,258431499.7036
2023-12-19,6.882,7.048,6.61,6.707,28972528.4,2023-12-19 23:59:59.999,197797975.7981
2023-12-20,6.707,7.143,6.618,6.959,33716891.4,2023-12-20 23:59:59.999,234374774.2572
2023-12-21,6.96,8.447,6.922,8.432,103845906.6,2023-12-21 23:59:59.999,804460877.2513
2023-12-22,8.432,8.583,7.851,7.958,62150957.9,2023-12-22 23:59:59.999,506845434.1957
2023-12-23,7.959,8.448,7.584,8.333,41667081.9,2023-12-23 23:59:59.999,329812899.4923
2023-12-24,8.332,9.25,8.319,8.619,93526716.0,2023-12-24 23:59:59.999,822920741.2025
2023-12-25,8.619,9.4,8.507,9.202,70914380.8,2023-12-25 23:59:59.999,645643561.1074
2023-12-26,9.203,9.595,8.299,8.825,62617229.2,2023-12-26 23:59:59.999,563524260.1654
2023-12-27,8.825,9.032,8.413,8.703,41125383.4,2023-12-27 23:59:59.999,360990573.7703
2023-12-28,8.704,8.923,8.272,8.435,38361018.9,2023-12-28 23:59:59.999,327888180.5435
2023-12-29,8.436,8.694,8.038,8.298,37467157.1,2023-12-29 23:59:59.999,314393411.2377
2023-12-30,8.297,8.496,8.101,8.355,21010776.2,2023-12-30 23:59:59.999,174939564.7857
2023-12-31,8.356,8.66,8.025,8.207,25468951.2,2023-12-31 23:59:59.999,214420393.9413
2024-01-01,8.208,8.676,8.068,8.607,18891378.5,2024-01-01 23:59:59.999,157802607.229
2024-01-02,8.608,8.819,8.321,8.418,28820161.3,2024-01-02 23:59:59.999,247367704.0737
2024-01-03,8.418,8.587,6.419,7.624,59130365.7,2024-01-03 23:59:59.999,454998910.4457
2024-01-04,7.624,7.997,7.461,7.874,26375273.0,2024-01-04 23:59:59.999,203984618.7677
2024-01-05,7.874,7.952,7.159,7.445,35728095.4,2024-01-05 23:59:59.999,268761305.7943
2024-01-06,7.446,7.447,6.94,7.134,23724799.2,2024-01-06 23:59:59.999,170068806.6154
2024-01-07,7.134,7.324,6.812,6.897,27199051.8,2024-01-07 23:59:59.999,194043467.9367
2024-01-08,6.897,7.502,6.504,7.481,39710390.9,2024-01-08 23:59:59.999,277597296.7261
2024-01-09,7.48,7.526,6.906,7.125,37368519.6,2024-01-09 23:59:59.999,269328666.4658
2024-01-10,7.126,8.089,6.791,7.988,39455653.8,2024-01-10 23:59:59.999,288863997.5615
2024-01-11,7.988,8.58,7.854,8.149,49874099.8,2024-01-11 23:59:59.999,410742136.2462
2024-01-12,8.149,8.219,7.291,7.566,40510552.0,2024-01-12 23:59:59.999,319144784.2822
2024-01-13,7.566,7.752,7.368,7.614,19033249.5,2024-01-13 23:59:59.999,145162050.1363
2024-01-14,7.614,7.7,7.314,7.321,20942719.9,2024-01-14 23:59:59.999,158183019.143
2024-01-15,7.321,7.695,7.308,7.507,22395779.9,2024-01-15 23:59:59.999,169251392.5127
2024-01-16,7.507,7.698,7.336,7.488,21337559.2,2024-01-16 23:59:59.999,160450483.0079
2024-01-17,7.489,7.597,7.253,7.351,20415761.0,2024-01-17 23:59:59.999,151129030.4951
2024-01-18,7.35,7.394,6.811,7.017,33320376.4,2024-01-18 23:59:59.999,237634899.7798
2024-01-19,7.017,7.052,6.566,6.89,30553133.7,2024-01-19 23:59:59.999,208824916.3348
2024-01-20,6.89,6.947,6.773,6.91,14306828.0,2024-01-20 23:59:59.999,98061867.0379
2024-01-21,6.91,6.975,6.798,6.813,12083952.0,2024-01-21 23:59:59.999,83280308.0668
2024-01-22,6.814,6.848,6.284,6.341,39258227.3,2024-01-22 23:59:59.999,257477849.0865
2024-01-23,6.342,6.454,5.962,6.355,40142566.7,2024-01-23 23:59:59.999,248378459.1685
2024-01-24,6.356,6.54,6.256,6.461,25701145.9,2024-01-24 23:59:59.999,164369813.9807
2024-01-25,6.461,6.57,6.346,6.44,19760057.3,2024-01-25 23:59:59.999,127523434.0941
2024-01-26,6.44,6.73,6.357,6.669,19250563.1,2024-01-26 23:59:59.999,126126503.6155
2024-01-27,6.668,6.754,6.526,6.668,14899278.1,2024-01-27 23:59:59.999,99094614.1857
2024-01-28,6.668,6.874,6.563,6.866,19626837.5,2024-01-28 23:59:59.999,131585899.2215
2024-01-29,6.867,7.295,6.7,7.032,37399355.0,2024-01-29 23:59:59.999,260214404.3645
2024-01-30,7.032,7.082,6.817,6.836,22475667.3,2024-01-30 23:59:59.999,157027888.0599
2024-01-31,6.836,6.885,6.581,6.651,26014331.3,2024-01-31 23:59:59.999,175637349.5848
2024-02-01,6.651,6.816,6.525,6.789,16850357.7,2024-02-01 23:59:59.999,112668679.6209
2024-02-02,6.789,7.025,6.762,6.945,16297558.0,2024-02-02 23:59:59.999,112236256.1256
2024-02-03,6.944,7.008,6.81,6.825,10259323.6,2024-02-03 23:59:59.999,70815211.7099
2024-02-04,6.825,6.825,6.633,6.665,11789321.0,2024-02-04 23:59:59.999,79695000.7237
2024-02-05,6.665,6.972,6.587,6.733,21463708.0,2024-02-05 23:59:59.999,146083825.4108
2024-02-06,6.733,6.831,6.635,6.808,15120347.8,2024-02-06 23:59:59.999,101837316.8167
2024-02-07,6.808,6.964,6.668,6.939,16034949.1,2024-02-07 23:59:59.999,109171378.8509
2024-02-08,6.94,7.107,6.867,7.011,20879463.7,2024-02-08 23:59:59.999,145820463.0747
2024-02-09,7.011,7.329,6.957,7.192,26640713.3,2024-02-09 23:59:59.999,190408850.0033
2024-02-10,7.192,7.29,7.055,7.2,15472697.2,2024-02-10 23:59:59.999,111064467.1023
2024-02-11,7.2,7.343,7.075,7.098,17707930.2,2024-02-11 23:59:59.999,127785118.8689
2024-02-12,7.099,7.38,6.976,7.342,24626129.0,2024-02-12 23:59:59.999,176699415.3034
2024-02-13,7.342,7.456,7.108,7.36,27067120.3,2024-02-13 23:59:59.999,197523570.974
2024-02-14,7.359,7.715,7.279,7.653,30857393.2,2024-02-14 23:59:59.999,233990296.5357
2024-02-15,7.652,7.958,7.529,7.784,37476248.7,2024-02-15 23:59:59.999,291230292.0354
2024-02-16,7.784,7.873,7.54,7.655,25501586.6,2024-02-16 23:59:59.999,196776266.5976
2024-02-17,7.655,7.718,7.341,7.712,22686512.8,2024-02-17 23:59:59.999,171359622.941
2024-02-18,7.713,7.927,7.682,7.866,20385696.1,2024-02-18 23:59:59.999,158818493.7645
2024-02-19,7.866,8.155,7.654,8.037,33881060.5,2024-02-19 23:59:59.999,265607430.2751
2024-02-20,8.037,8.126,7.35,7.735,45557129.0,2024-02-20 23:59:59.999,352751616.8968
2024-02-21,7.735,7.737,7.23,7.474,29012765.2,2024-02-21 23:59:59.999,215057304.2751
2024-02-22,7.473,7.695,7.279,7.486,24198945.5,2024-02-22 23:59:59.999,181966011.852
2024-02-23,7.487,7.652,7.271,7.571,29869485.2,2024-02-23 23:59:59.999,222079707.8381
2024-02-24,7.571,7.896,7.438,7.826,22082905.7,2024-02-24 23:59:59.999,170978672.7097
2024-02-25,7.825,7.95,7.683,7.931,16477941.9,2024-02-25 23:59:59.999,128505142.4719
2024-02-26,7.931,8.128,7.591,8.119,27517790.5,2024-02-26 23:59:59.999,216779904.0038
2024-02-27,8.119,8.456,8.0,8.376,32550934.1,2024-02-27 23:59:59.999,265687298.1814
2024-02-28,8.377,8.738,7.676,8.35,51682470.9,2024-02-28 23:59:59.999,430746077.2333
2024-02-29,8.35,8.918,8.033,8.27,46815625.0,2024-02-29 23:59:59.999,402149612.9671
2024-03-01,8.27,8.685,8.27,8.672,25719985.2,2024-03-01 23:59:59.999,216754481.2124
2024-03-02,8.672,9.48,8.59,9.476,42613821.2,2024-03-02 23:59:59.999,385013217.4807
2024-03-03,9.476,9.924,8.528,9.79,52072724.9,2024-03-03 23:59:59.999,489129539.539
2024-03-04,9.791,10.324,9.583,9.878,70045888.4,2024-03-04 23:59:59.999,695815920.9352
2024-03-05,9.878,10.789,8.05,9.32,103546868.6,2024-03-05 23:59:59.999,1020111699.446
2024-03-06,9.321,10.57,8.931,10.552,60463466.5,2024-03-06 23:59:59.999,600007793.1722
2024-03-07,10.552,11.009,10.243,10.415,42100631.6,2024-03-07 23:59:59.999,442807785.7036
2024-03-08,10.414,10.711,9.966,10.648,41937411.3,2024-03-08 23:59:59.999,436343380.5805
2024-03-09,10.648,10.97,10.423,10.504,30263971.4,2024-03-09 23:59:59.999,323407783.7056
2024-03-10,10.505,10.585,9.968,10.268,26685074.5,2024-03-10 23:59:59.999,275652774.6369
2024-03-11,10.269,11.262,9.76,11.062,52281525.7,2024-03-11 23:59:59.999,558728633.0472
2024-03-12,11.062,11.167,10.053,10.747,44382649.2,2024-03-12 23:59:59.999,473180333.0747
2024-03-13,10.748,11.402,10.648,11.385,34661127.9,2024-03-13 23:59:59.999,380445165.709
2024-03-14,11.385,11.91,10.678,11.567,69010810.1,2024-03-14 23:59:59.999,783590144.5466
2024-03-15,11.567,11.72,9.965,10.821,71009156.9,2024-03-15 23:59:59.999,757373259.9487
2024-03-16,10.822,10.911,9.502,9.689,50637862.3,2024-03-16 23:59:59.999,516358738.3041
2024-03-17,9.689,10.252,9.197,10.087,38607659.9,2024-03-17 23:59:59.999,378250655.891
2024-03-18,10.087,10.455,9.605,9.911,51143971.3,2024-03-18 23:59:59.999,511469911.4111
2024-03-19,9.911,10.003,8.606,8.769,72415325.3,2024-03-19 23:59:59.999,662240420.309
2024-03-20,8.769,9.575,8.49,9.489,55217826.3,2024-03-20 23:59:59.999,497678125.7146
2024-03-21,9.489,9.589,9.076,9.185,34626559.6,2024-03-21 23:59:59.999,323357556.8007
2024-03-22,9.186,9.373,8.7,8.943,32571253.6,2024-03-22 23:59:59.999,293430531.411
2024-03-23,8.942,9.23,8.858,8.976,18253822.8,2024-03-23 23:59:59.999,165580661.3355
2024-03-24,8.976,9.438,8.952,9.378,16522949.6,2024-03-24 23:59:59.999,151486329.4484
2024-03-25,9.378,9.84,9.293,9.746,22458401.9,2024-03-25 23:59:59.999,215154902.8075
2024-03-26,9.746,10.065,9.532,9.694,29820846.1,2024-03-26 23:59:59.999,292189059.6877
2024-03-27,9.695,9.823,9.316,9.457,27472525.6,2024-03-27 23:59:59.999,262328985.3045
2024-03-28,9.457,9.669,9.306,9.533,18742280.6,2024-03-28 23:59:59.999,178248748.0868
2024-03-29,9.534,9.822,9.35,9.611,23947594.6,2024-03-29 23:59:59.999,228568644.9466
2024-03-30,9.611,9.71,9.394,9.439,12180589.0,2024-03-30 23:59:59.999,116277353.1296
2024-03-31,9.44,9.658,9.424,9.658,9918862.6,2024-03-31 23:59:59.999,94765883.3011
2024-04-01,9.657,9.756,8.93,9.153,29518092.3,2024-04-01 23:59:59.999,273187347.3474
2024-04-02,9.153,9.153,8.379,8.588,31357805.5,2024-04-02 23:59:59.999,271323720.9219
2024-04-03,8.587,8.791,8.29,8.421,22763215.3,2024-04-03 23:59:59.999,195367393.902
2024-04-04,8.421,8.716,8.268,8.492,20888397.6,2024-04-04 23:59:59.999,177700736.4641
2024-04-05,8.492,8.516,8.081,8.386,20410851.6,2024-04-05 23:59:59.999,169522711.2275
2024-04-06,8.385,8.561,8.335,8.5,11521626.3,2024-04-06 23:59:59.999,97196493.2131
2024-04-07,8.501,8.748,8.462,8.712,12473868.3,2024-04-07 23:59:59.999,107683842.9657
2024-04-08,8.712,9.103,8.574,9.05,17709300.0,2024-04-08 23:59:59.999,157780982.407
2024-04-09,9.049,9.115,8.638,8.665,27632311.9,2024-04-09 23:59:59.999,245507995.4511
2024-04-10,8.665,8.708,8.123,8.415,29195119.0,2024-04-10 23:59:59.999,245271589.9809
2024-04-11,8.415,8.547,8.187,8.388,20628754.9,2024-04-11 23:59:59.999,172101199.5303
2024-04-12,8.387,8.497,6.446,7.234,65877045.9,2024-04-12 23:59:59.999,491691618.9186
2024-04-13,7.234,7.33,5.609,6.389,95138561.9,2024-04-13 23:59:59.999,622840581.1192
2024-04-14,6.389,6.923,6.189,6.849,63910390.6,2024-04-14 23:59:59.999,418990596.8533
2024-04-15,6.849,7.205,6.432,6.704,57391305.4,2024-04-15 23:59:59.999,391851924.1359
2024-04-16,6.704,6.817,6.362,6.696,41069600.6,2024-04-16 23:59:59.999,270705028.4288
2024-04-17,6.695,6.773,6.319,6.576,36696483.8,2024-04-17 23:59:59.999,240682207.8736
2024-04-18,6.577,6.826,6.442,6.779,29443456.4,2024-04-18 23:59:59.999,195852413.2817
2024-04-19,6.778,6.913,6.266,6.678,40158752.3,2024-04-19 23:59:59.999,266987607.4193
2024-04-20,6.677,7.279,6.604,7.236,20541438.6,2024-04-20 23:59:59.999,142218828.4255
2024-04-21,7.237,7.284,6.956,7.134,15686527.7,2024-04-21 23:59:59.999,111891852.7747
2024-04-22,7.133,7.585,7.076,7.46,24741148.8,2024-04-22 23:59:59.999,182829346.6717
2024-04-23,7.461,7.536,7.2,7.238,21306806.4,2024-04-23 23:59:59.999,157500804.8879
2024-04-24,7.239,7.497,6.851,6.928,30721017.3,2024-04-24 23:59:59.999,220377990.6137
2024-04-25,6.928,6.998,6.699,6.855,26376726.2,2024-04-25 23:59:59.999,181157987.4795
2024-04-26,6.855,6.948,6.709,6.762,21702465.0,2024-04-26 23:59:59.999,148282889.1275
2024-04-27,6.761,6.864,6.5,6.805,19742123.5,2024-04-27 23:59:59.999,132024264.7323
2024-04-28,6.805,6.947,6.68,6.723,12989037.7,2024-04-28 23:59:59.999,88941315.8251
2024-04-29,6.723,6.821,6.463,6.583,21753124.3,2024-04-29 23:59:59.999,143541929.3316
2024-04-30,6.584,6.665,6.03,6.418,36747407.9,2024-04-30 23:59:59.999,232196582.6142
2024-05-01,6.417,6.932,6.124,6.894,53356320.9,2024-05-01 23:59:59.999,349018081.1074
2024-05-02,6.894,7.407,6.688,7.27,35673617.7,2024-05-02 23:59:59.999,250486392.8981
2024-05-03,7.269,7.383,6.999,7.242,27219298.0,2024-05-03 23:59:59.999,195616146.5118
2024-05-04,7.241,7.248,7.101,7.117,15748317.7,2024-05-04 23:59:59.999,112946869.4445
2024-05-05,7.118,7.398,7.009,7.298,18369437.1,2024-05-05 23:59:59.999,131707847.9994
2024-05-06,7.299,7.471,7.054,7.116,23540405.4,2024-05-06 23:59:59.999,170611303.7524
2024-05-07,7.116,7.292,6.977,6.987,17987116.6,2024-05-07 23:59:59.999,128479967.9117
2024-05-08,6.988,7.187,6.88,6.979,22289964.4,2024-05-08 23:59:59.999,156781754.4964
2024-05-09,6.98,7.086,6.777,7.044,18203337.4,2024-05-09 23:59:59.999,126412142.667
2024-05-10,7.045,7.147,6.69,6.742,21084287.9,2024-05-10 23:59:59.999,145839940.6949
2024-05-11,6.742,6.806,6.63,6.657,12060075.9,2024-05-11 23:59:59.999,81037326.6072
2024-05-12,6.657,6.788,6.581,6.613,9371584.7,2024-05-12 23:59:59.999,62737193.459
2024-05-13,6.612,6.822,6.427,6.666,19813107.0,2024-05-13 23:59:59.999,131643209.4353
2024-05-14,6.666,6.694,6.465,6.482,16573526.9,2024-05-14 23:59:59.999,109391031.6096
2024-05-15,6.483,7.028,6.456,6.957,23073517.5,2024-05-15 23:59:59.999,155249798.4578
2024-05-16,6.957,7.064,6.811,7.022,18053877.7,2024-05-16 23:59:59.999,125120187.8388
2024-05-17,7.023,7.298,6.995,7.195,19941733.5,2024-05-17 23:59:59.999,142979727.0156
2024-05-18,7.195,7.227,7.06,7.155,9723241.0,2024-05-18 23:59:59.999,69540678.0966
2024-05-19,7.155,7.179,6.883,6.928,11991808.8,2024-05-19 23:59:59.999,84287541.1929
2024-05-20,6.928,7.587,6.845,7.574,24139845.3,2024-05-20 23:59:59.999,173652411.9884
2024-05-21,7.573,7.672,7.431,7.613,22443037.3,2024-05-21 23:59:59.999,169771851.5602
2024-05-22,7.613,7.7,7.383,7.47,21079665.4,2024-05-22 23:59:59.999,159203938.7327
2024-05-23,7.47,7.61,6.837,7.203,37072679.5,2024-05-23 23:59:59.999,269071854.1191
2024-05-24,7.203,7.387,7.02,7.248,18671056.2,2024-05-24 23:59:59.999,134647360.5014
2024-05-25,7.248,7.44,7.222,7.426,9119401.2,2024-05-25 23:59:59.999,66757708.2863
2024-05-26,7.425,7.642,7.368,7.561,18247710.6,2024-05-26 23:59:59.999,136882368.4216
2024-05-27,7.561,7.784,7.381,7.646,19725818.5,2024-05-27 23:59:59.999,149389637.463
2024-05-28,7.646,7.674,7.28,7.375,25720221.8,2024-05-28 23:59:59.999,191277961.7583
2024-05-29,7.375,7.569,7.143,7.181,21612082.2,2024-05-29 23:59:59.999,158615714.8984
2024-05-30,7.18,7.248,6.925,7.001,18913998.4,2024-05-30 23:59:59.999,133791278.9552
2024-05-31,7.001,7.063,6.804,6.988,17370811.8,2024-05-31 23:59:59.999,120932977.279
2024-06-01,6.989,7.14,6.962,7.067,8988884.4,2024-06-01 23:59:59.999,63470025.2374
2024-06-02,7.067,7.132,6.92,6.993,12391688.6,2024-06-02 23:59:59.999,87194526.1546
2024-06-03,6.994,7.194,6.936,7.012,17749034.3,2024-06-03 23:59:59.999,126115696.5803
2024-06-04,7.012,7.24,6.944,7.186,16016307.4,2024-06-04 23:59:59.999,113672320.2045
2024-06-05,7.186,7.305,7.153,7.257,12671887.4,2024-06-05 23:59:59.999,91616822.717
2024-06-06,7.257,7.295,7.058,7.15,12543420.4,2024-06-06 23:59:59.999,90266247.244
2024-06-07,7.151,7.299,5.976,6.654,37956493.7,2024-06-07 23:59:59.999,256130051.8091
2024-06-08,6.654,6.683,6.333,6.379,17374194.3,2024-06-08 23:59:59.999,112601398.8914
2024-06-09,6.379,6.536,6.37,6.523,11700879.7,2024-06-09 23:59:59.999,75538299.0209
2024-06-10,6.523,6.58,6.353,6.506,15754249.3,2024-06-10 23:59:59.999,102068413.0852
2024-06-11,6.506,6.526,6.205,6.375,26836990.5,2024-06-11 23:59:59.999,170760710.8106
2024-06-12,6.374,6.925,6.27,6.734,28230067.5,2024-06-12 23:59:59.999,187017823.0955
2024-06-13,6.735,6.741,6.334,6.357,19298090.3,2024-06-13 23:59:59.999,125279199.4589
2024-06-14,6.358,6.486,5.95,6.16,26973335.6,2024-06-14 23:59:59.999,168602265.0918
2024-06-15,6.16,6.256,6.104,6.219,10608792.0,2024-06-15 23:59:59.999,65719525.0985
2024-06-16,6.22,6.422,6.144,6.393,12819503.0,2024-06-16 23:59:59.999,80453257.2416
2024-06-17,6.393,6.415,5.976,6.065,24202883.8,2024-06-17 23:59:59.999,149972152.6343
2024-06-18,6.065,6.085,5.4,5.767,44292939.8,2024-06-18 23:59:59.999,254790325.5045
2024-06-19,5.768,5.99,5.726,5.793,22366595.9,2024-06-19 23:59:59.999,131290533.1166
2024-06-20,5.793,5.971,5.593,5.639,25145437.8,2024-06-20 23:59:59.999,145333477.7553
2024-06-21,5.638,5.734,5.545,5.608,22785311.8,2024-06-21 23:59:59.999,128640954.2148
2024-06-22,5.608,5.8,5.537,5.748,13487497.0,2024-06-22 23:59:59.999,76694451.4434
2024-06-23,5.749,5.814,5.562,5.649,13633941.6,2024-06-23 23:59:59.999,77934635.1252
2024-06-24,5.648,5.736,5.338,5.725,33163874.3,2024-06-24 23:59:59.999,185806418.1367
2024-06-25,5.725,5.97,5.702,5.839,16446296.8,2024-06-25 23:59:59.999,95922825.1865
2024-06-26,5.839,5.944,5.74,5.797,15298636.6,2024-06-26 23:59:59.999,89396915.9269
2024-06-27,5.796,6.376,5.702,6.285,28082793.3,2024-06-27 23:59:59.999,171372044.0908
2024-06-28,6.286,6.437,6.158,6.189,26024952.2,2024-06-28 23:59:59.999,164169480.7918
2024-06-29,6.189,6.305,6.062,6.08,11379913.7,2024-06-29 23:59:59.999,70069142.1354
2024-06-30,6.079,6.258,6.02,6.212,13517701.5,2024-06-30 23:59:59.999,82908210.8379
2024-07-01,6.213,6.446,6.19,6.327,21023105.2,2024-07-01 23:59:59.999,133246061.2507
2024-07-02,6.327,6.605,6.311,6.528,34398632.1,2024-07-02 23:59:59.999,221755349.3907
2024-07-03,6.528,6.543,5.99,6.075,33474983.7,2024-07-03 23:59:59.999,207605049.7334
2024-07-04,6.076,6.132,5.529,5.555,39068628.3,2024-07-04 23:59:59.999,227660464.8459
2024-07-05,5.556,5.914,4.888,5.683,81798330.9,2024-07-05 23:59:59.999,443610027.9702
2024-07-06,5.683,6.304,5.625,6.237,42839607.0,2024-07-06 23:59:59.999,253618689.1048
2024-07-07,6.238,6.311,5.88,5.907,28012799.8,2024-07-07 23:59:59.999,172432346.8978
2024-07-08,5.907,6.293,5.69,5.94,42322739.7,2024-07-08 23:59:59.999,253138745.6293
2024-07-09,5.94,6.183,5.838,6.116,23464481.0,2024-07-09 23:59:59.999,141779284.1445
2024-07-10,6.116,6.258,6.047,6.092,17164262.3,2024-07-10 23:59:59.999,105217199.1301
2024-07-11,6.092,6.246,5.891,5.9,16552834.2,2024-07-11 23:59:59.999,100477430.6597
2024-07-12,5.9,6.1,5.795,6.1,14712647.8,2024-07-12 23:59:59.999,87314550.9129
2024-07-13,6.1,6.303,6.072,6.231,12592198.4,2024-07-13 23:59:59.999,78308695.6094
2024-07-14,6.232,6.356,6.156,6.316,12726214.2,2024-07-14 23:59:59.999,79520990.7913
2024-07-15,6.316,6.536,6.289,6.483,21118547.6,2024-07-15 23:59:59.999,135200295.418
2024-07-16,6.483,6.51,6.12,6.334,26337859.6,2024-07-16 23:59:59.999,166700334.5713
2024-07-17,6.333,6.531,6.238,6.25,19721137.7,2024-07-17 23:59:59.999,126366415.3854
2024-07-18,6.25,6.402,6.013,6.088,20597699.2,2024-07-18 23:59:59.999,127656351.4164
2024-07-19,6.089,6.348,5.97,6.336,17763171.3,2024-07-19 23:59:59.999,109592986.3547
2024-07-20,6.335,6.395,6.219,6.329,10778207.3,2024-07-20 23:59:59.999,68098209.2293
2024-07-21,6.329,6.444,6.092,6.427,15855983.5,2024-07-21 23:59:59.999,99512433.0349
2024-07-22,6.428,6.473,6.075,6.092,17174396.2,2024-07-22 23:59:59.999,107400318.1018
2024-07-23,6.092,6.161,5.798,5.913,22380274.7,2024-07-23 23:59:59.999,133938694.4141
2024-07-24,5.912,5.993,5.645,5.742,15458392.8,2024-07-24 23:59:59.999,90612222.289
2024-07-25,5.742,5.775,5.534,5.751,24401742.9,2024-07-25 23:59:59.999,138445326.2977
2024-07-26,5.752,5.887,5.723,5.862,14137734.7,2024-07-26 23:59:59.999,82255762.5363
2024-07-27,5.863,5.94,5.709,5.821,15237608.3,2024-07-27 23:59:59.999,88909417.1488
2024-07-28,5.821,5.841,5.667,5.716,9795812.7,2024-07-28 23:59:59.999,56205056.0864
2024-07-29,5.716,5.873,5.616,5.647,18003236.1,2024-07-29 23:59:59.999,103647927.5064
2024-07-30,5.647,5.722,5.477,5.516,15210283.5,2024-07-30 23:59:59.999,85384962.8989
2024-07-31,5.517,5.556,5.33,5.386,18929782.0,2024-07-31 23:59:59.999,103522663.4549
2024-08-01,5.385,5.421,5.02,5.338,31545127.2,2024-08-01 23:59:59.999,165050386.9562
2024-08-02,5.338,5.367,4.993,5.12,26914130.6,2024-08-02 23:59:59.999,139094623.6755
2024-08-03,5.12,5.206,4.852,5.041,25324517.3,2024-08-03 23:59:59.999,127480021.3659
2024-08-04,5.041,5.095,4.527,4.687,31217068.0,2024-08-04 23:59:59.999,149788839.862
2024-08-05,4.688,4.725,3.584,4.195,128295289.5,2024-08-05 23:59:59.999,516794317.854
2024-08-06,4.196,4.599,4.188,4.505,33197377.0,2024-08-06 23:59:59.999,146327884.7504
2024-08-07,4.504,4.637,4.399,4.575,33942836.8,2024-08-07 23:59:59.999,154123984.3647
2024-08-08,4.574,4.903,4.475,4.876,27882613.9,2024-08-08 23:59:59.999,131409296.6198
2024-08-09,4.877,4.92,4.727,4.781,16138690.8,2024-08-09 23:59:59.999,77468360.038
2024-08-10,4.781,4.829,4.717,4.751,8992724.0,2024-08-10 23:59:59.999,42742093.9776
2024-08-11,4.751,4.825,4.463,4.493,13458930.7,2024-08-11 23:59:59.999,62423640.1409
2024-08-12,4.492,4.677,4.446,4.584,18913627.8,2024-08-12 23:59:59.999,86399200.1788
2024-08-13,4.585,4.612,4.393,4.543,15533087.3,2024-08-13 23:59:59.999,70144161.6576
2024-08-14,4.542,4.552,4.345,4.38,16116343.7,2024-08-14 23:59:59.999,71854656.7976
2024-08-15,4.38,4.478,4.224,4.274,17183158.7,2024-08-15 23:59:59.999,74838492.6472
2024-08-16,4.275,4.384,4.208,4.289,15781682.1,2024-08-16 23:59:59.999,67785968.9232
2024-08-17,4.289,4.382,4.271,4.366,6623262.5,2024-08-17 23:59:59.999,28646794.9421
2024-08-18,4.365,4.52,4.341,4.388,14276663.5,2024-08-18 23:59:59.999,63146633.9973
2024-08-19,4.389,4.501,4.341,4.479,16442950.0,2024-08-19 23:59:59.999,72714539.5452
2024-08-20,4.478,4.601,4.452,4.52,13645391.3,2024-08-20 23:59:59.999,61876271.6962
2024-08-21,4.521,4.745,4.487,4.661,16526468.9,2024-08-21 23:59:59.999,75946539.5601
2024-08-22,4.66,4.711,4.591,4.688,12502761.1,2024-08-22 23:59:59.999,58200235.9899
2024-08-23,4.688,4.951,4.679,4.89,18277377.9,2024-08-23 23:59:59.999,87511283.8644
2024-08-24,4.89,5.099,4.842,4.981,17730945.1,2024-08-24 23:59:59.999,88009518.6872
2024-08-25,4.981,4.992,4.742,4.816,15935994.7,2024-08-25 23:59:59.999,77244365.9554
2024-08-26,4.817,4.863,4.525,4.553,17898821.4,2024-08-26 23:59:59.999,83839834.886
2024-08-27,4.554,4.655,4.236,4.374,23736376.8,2024-08-27 23:59:59.999,106233955.4418
2024-08-28,4.375,4.451,4.162,4.251,25486986.3,2024-08-28 23:59:59.999,109994479.8121
2024-08-29,4.252,4.401,4.174,4.249,14042183.2,2024-08-29 23:59:59.999,60118133.1925
2024-08-30,4.248,4.331,4.096,4.276,17152031.5,2024-08-30 23:59:59.999,72479272.4468
2024-08-31,4.275,4.315,4.214,4.255,7099717.3,2024-08-31 23:59:59.999,30302318.6276
2024-09-01,4.256,4.256,4.028,4.065,15617285.5,2024-09-01 23:59:59.999,64882793.1978
2024-09-02,4.065,4.232,4.048,4.206,15417729.0,2024-09-02 23:59:59.999,63866376.8103
2024-09-03,4.205,4.283,4.051,4.059,15351641.1,2024-09-03 23:59:59.999,64233183.0914
2024-09-04,4.059,4.195,3.864,4.109,27469571.4,2024-09-04 23:59:59.999,111427409.3408
2024-09-05,4.11,4.126,3.969,4.019,18522266.8,2024-09-05 23:59:59.999,74757498.5656
2024-09-06,4.019,4.095,3.814,3.956,34166355.2,2024-09-06 23:59:59.999,135702181.3547
2024-09-07,3.957,4.132,3.931,4.079,14225597.7,2024-09-07 23:59:59.999,57682004.8671
2024-09-08,4.079,4.205,4.055,4.162,11952157.7,2024-09-08 23:59:59.999,49508307.1694
2024-09-09,4.161,4.338,4.108,4.285,16671695.7,2024-09-09 23:59:59.999,70272602.4377
2024-09-10,4.285,4.287,4.194,4.248,12873290.7,2024-09-10 23:59:59.999,54538406.9817
2024-09-11,4.248,4.255,4.057,4.19,19459917.4,2024-09-11 23:59:59.999,80687747.0402
2024-09-12,4.19,4.297,4.186,4.293,13114925.0,2024-09-12 23:59:59.999,55552040.2997
2024-09-13,4.293,4.469,4.269,4.418,17368446.7,2024-09-13 23:59:59.999,75794160.2194
2024-09-14,4.419,4.443,4.343,4.435,8941855.8,2024-09-14 23:59:59.999,39321741.4046
2024-09-15,4.435,4.555,4.348,4.392,16339129.1,2024-09-15 23:59:59.999,73223429.6588
2024-09-16,4.391,4.392,4.146,4.192,21923482.3,2024-09-16 23:59:59.999,93390751.4595
2024-09-17,4.192,4.285,4.125,4.154,19281983.2,2024-09-17 23:59:59.999,80783682.7165
2024-09-18,4.155,4.176,3.97,4.174,29032201.1,2024-09-18 23:59:59.999,118088754.8054
2024-09-19,4.175,4.348,4.175,4.252,25782719.6,2024-09-19 23:59:59.999,109614776.3728
2024-09-20,4.252,4.403,4.186,4.337,22299194.6,2024-09-20 23:59:59.999,96097140.3852
2024-09-21,4.337,4.476,4.281,4.46,13120272.4,2024-09-21 23:59:59.999,57428176.7007
2024-09-22,4.459,4.482,4.23,4.307,16184121.8,2024-09-22 23:59:59.999,70318360.3023
2024-09-23,4.308,4.46,4.228,4.455,20560265.6,2024-09-23 23:59:59.999,90013988.8679
2024-09-24,4.455,4.684,4.398,4.634,24679791.3,2024-09-24 23:59:59.999,111969055.9858
2024-09-25,4.633,4.772,4.589,4.635,20124086.5,2024-09-25 23:59:59.999,94238221.6348
2024-09-26,4.635,4.875,4.562,4.812,18934946.8,2024-09-26 23:59:59.999,90035313.8862
2024-09-27,4.812,4.963,4.807,4.884,14717751.1,2024-09-27 23:59:59.999,72039452.1283
2024-09-28,4.883,4.93,4.741,4.794,12286277.2,2024-09-28 23:59:59.999,59256775.8474
2024-09-29,4.795,4.859,4.68,4.765,12042499.9,2024-09-29 23:59:59.999,57385690.9222
2024-09-30,4.765,4.769,4.396,4.429,22226676.9,2024-09-30 23:59:59.999,102050227.8927
2024-10-01,4.43,4.56,4.05,4.15,49208813.3,2024-10-01 23:59:59.999,211290054.4994
2024-10-02,4.15,4.267,4.001,4.099,31493107.9,2024-10-02 23:59:59.999,130208340.3491
2024-10-03,4.098,4.171,3.986,4.128,28198234.4,2024-10-03 23:59:59.999,114726949.8251
2024-10-04,4.128,4.211,4.1,4.193,16639907.8,2024-10-04 23:59:59.999,69197717.6269
2024-10-05,4.192,4.231,4.073,4.135,12209098.6,2024-10-05 23:59:59.999,50817276.0928
2024-10-06,4.136,4.195,4.093,4.189,9249509.6,2024-10-06 23:59:59.999,38418848.304
2024-10-07,4.19,4.269,4.122,4.128,25735969.0,2024-10-07 23:59:59.999,108157439.1603
2024-10-08,4.129,4.182,4.041,4.102,21980353.1,2024-10-08 23:59:59.999,90457835.6019
2024-10-09,4.101,4.148,3.948,4.021,16526683.7,2024-10-09 23:59:59.999,67033169.3226
2024-10-10,4.022,4.076,3.96,4.071,16014896.6,2024-10-10 23:59:59.999,64517725.7833
2024-10-11,4.071,4.194,4.05,4.172,13298397.5,2024-10-11 23:59:59.999,55011280.2655
2024-10-12,4.171,4.262,4.151,4.204,11110291.6,2024-10-12 23:59:59.999,46802578.3664
2024-10-13,4.203,4.215,4.083,4.161,11979325.8,2024-10-13 23:59:59.999,49715912.4601
2024-10-14,4.162,4.4,4.131,4.377,20787015.2,2024-10-14 23:59:59.999,89113622.053
2024-10-15,4.377,4.535,4.291,4.407,32660262.7,2024-10-15 23:59:59.999,144110856.8963
2024-10-16,4.406,4.41,4.284,4.312,15620943.4,2024-10-16 23:59:59.999,67795576.1227
2024-10-17,4.312,4.35,4.143,4.19,18710893.6,2024-10-17 23:59:59.999,79057540.9695
2024-10-18,4.19,4.31,4.17,4.31,12488080.6,2024-10-18 23:59:59.999,53013710.8841
2024-10-19,4.31,4.482,4.308,4.429,15839510.7,2024-10-19 23:59:59.999,69672560.4986
2024-10-20,4.43,4.594,4.356,4.578,15004078.8,2024-10-20 23:59:59.999,67310962.6234
2024-10-21,4.577,4.617,4.333,4.376,17414835.4,2024-10-21 23:59:59.999,77618416.7262
2024-10-22,4.377,4.437,4.269,4.323,16266111.1,2024-10-22 23:59:59.999,70686393.8236
2024-10-23,4.323,4.332,4.101,4.208,20577304.9,2024-10-23 23:59:59.999,86660628.3706
2024-10-24,4.208,4.267,4.14,4.207,12441584.7,2024-10-24 23:59:59.999,52337593.4042
2024-10-25,4.206,4.219,3.836,3.993,27866892.3,2024-10-25 23:59:59.999,113459665.9926
2024-10-26,3.993,4.059,3.94,4.034,15349578.2,2024-10-26 23:59:59.999,61585263.9425
2024-10-27,4.034,4.132,4.004,4.126,12080588.4,2024-10-27 23:59:59.999,48987471.0265
2024-10-28,4.126,4.225,4.002,4.13,25687548.6,2024-10-28 23:59:59.999,105781172.5451
2024-10-29,4.131,4.252,4.119,4.195,24758491.4,2024-10-29 23:59:59.999,103354911.2521
2024-10-30,4.194,4.221,4.121,4.191,18422467.6,2024-10-30 23:59:59.999,76930229.3003
2024-10-31,4.192,4.217,3.9,3.957,28323113.0,2024-10-31 23:59:59.999,114089386.1747
2024-11-01,3.958,3.995,3.843,3.908,26451091.7,2024-11-01 23:59:59.999,103908106.0531
2024-11-02,3.908,3.944,3.82,3.906,15963038.7,2024-11-02 23:59:59.999,61938613.3192
2024-11-03,3.907,3.929,3.663,3.783,30455110.8,2024-11-03 23:59:59.999,114677038.8126
2024-11-04,3.783,3.836,3.675,3.749,19968188.2,2024-11-04 23:59:59.999,75219116.5913
2024-11-05,3.75,3.918,3.742,3.855,19599832.6,2024-11-05 23:59:59.999,75510842.5659
2024-11-06,3.855,4.13,3.855,4.114,39586819.9,2024-11-06 23:59:59.999,160271006.719
2024-11-07,4.113,4.201,4.047,4.166,34104461.4,2024-11-07 23:59:59.999,140658415.2139
2024-11-08,4.167,4.393,4.114,4.326,46984895.4,2024-11-08 23:59:59.999,201373792.5961
2024-11-09,4.326,4.644,4.263,4.635,31689303.9,2024-11-09 23:59:59.999,139504095.2694
2024-11-10,4.635,5.482,4.587,5.244,102813013.6,2024-11-10 23:59:59.999,525881112.6151
2024-11-11,5.243,5.792,4.976,5.714,65696469.6,2024-11-11 23:59:59.999,344301385.5446
2024-11-12,5.713,5.848,5.125,5.312,85958498.0,2024-11-12 23:59:59.999,466906787.2915
2024-11-13,5.312,5.434,4.913,5.078,70706549.4,2024-11-13 23:59:59.999,364610310.3592
2024-11-14,5.078,5.219,4.69,4.78,51233065.6,2024-11-14 23:59:59.999,253800187.8025
2024-11-15,4.779,5.175,4.706,5.164,38679603.7,2024-11-15 23:59:59.999,191322341.8631
2024-11-16,5.163,5.807,5.135,5.785,49285220.5,2024-11-16 23:59:59.999,270892487.1994
2024-11-17,5.785,6.147,5.313,5.425,57277156.6,2024-11-17 23:59:59.999,324110852.2881
2024-11-18,5.426,6.097,5.395,6.009,53969617.7,2024-11-18 23:59:59.999,313857819.6433
2024-11-19,6.01,6.049,5.662,5.807,32612278.7,2024-11-19 23:59:59.999,191042291.4343
2024-11-20,5.808,6.085,5.534,5.725,50830830.5,2024-11-20 23:59:59.999,297242269.2624
2024-11-21,5.724,5.973,5.476,5.939,46373445.5,2024-11-21 23:59:59.999,267079040.7183
2024-11-22,5.939,6.694,5.882,6.634,61095161.4,2024-11-22 23:59:59.999,380671367.3324
2024-11-23,6.635,9.448,6.586,8.523,200467951.7,2024-11-23 23:59:59.999,1636329735.4793
2024-11-24,8.524,10.512,8.03,8.829,188408886.3,2024-11-24 23:59:59.999,1706242491.1549
2024-11-25,8.831,9.369,8.12,8.242,78684200.4,2024-11-25 23:59:59.999,689701115.5026
2024-11-26,8.24,8.476,7.555,8.072,67624118.7,2024-11-26 23:59:59.999,541515525.0225
2024-11-27,8.072,8.576,7.843,8.462,47611081.3,2024-11-27 23:59:59.999,393888620.878
2024-11-28,8.461,8.759,8.008,8.622,42229774.3,2024-11-28 23:59:59.999,351579338.0387
2024-11-29,8.622,9.085,8.443,9.031,42394944.1,2024-11-29 23:59:59.999,368893540.3005
2024-11-30,9.032,9.237,8.607,8.953,54258938.0,2024-11-30 23:59:59.999,484342385.3257
2024-12-01,8.952,9.397,8.703,9.299,47515641.4,2024-12-01 23:59:59.999,430546943.1057
2024-12-02,9.299,10.21,8.461,10.022,97709025.0,2024-12-02 23:59:59.999,895362292.3516
2024-12-03,10.022,10.403,9.063,9.783,86441808.3,2024-12-03 23:59:59.999,848034101.9295
2024-12-04,9.786,11.666,9.669,10.526,105109970.3,2024-12-04 23:59:59.999,1128619799.7395
2024-12-05,10.526,11.247,9.901,10.381,80136872.6,2024-12-05 23:59:59.999,854479096.7891
2024-12-06,10.381,10.889,10.024,10.682,46835274.0,2024-12-06 23:59:59.999,490751021.8457
2024-12-07,10.683,10.945,10.314,10.604,34689521.4,2024-12-07 23:59:59.999,369021104.5248
2024-12-08,10.604,10.821,10.2,10.402,28459667.8,2024-12-08 23:59:59.999,296780079.849
2024-12-09,10.402,10.406,7.546,8.467,95465340.1,2024-12-09 23:59:59.999,867824270.3149
2024-12-10,8.468,8.717,7.586,8.389,80686878.3,2024-12-10 23:59:59.999,665157202.991
2024-12-11,8.389,9.264,8.027,8.992,45557214.3,2024-12-11 23:59:59.999,398735648.9798
2024-12-12,8.991,9.671,8.907,9.06,55155826.6,2024-12-12 23:59:59.999,508023666.5801
2024-12-13,9.061,9.233,8.772,9.088,37762209.8,2024-12-13 23:59:59.999,339801604.9534
2024-12-14,9.088,9.212,8.351,8.55,32090917.4,2024-12-14 23:59:59.999,279429713.9889
2024-12-15,8.55,9.26,8.362,9.027,42332535.8,2024-12-15 23:59:59.999,373332698.6464
2024-12-16,9.026,9.202,8.582,8.754,37815231.4,2024-12-16 23:59:59.999,336655558.6242
2024-12-17,8.754,8.971,8.376,8.485,37297213.7,2024-12-17 23:59:59.999,324416873.271
2024-12-18,8.485,8.546,7.511,7.676,54370067.2,2024-12-18 23:59:59.999,441056037.7482
2024-12-19,7.677,7.797,6.758,6.937,84648281.3,2024-12-19 23:59:59.999,620353187.1308
2024-12-20,6.938,7.356,6.039,7.288,80819484.7,2024-12-20 23:59:59.999,540336772.4276
2024-12-21,7.288,7.798,6.832,6.97,49169511.4,2024-12-21 23:59:59.999,355349973.2843
2024-12-22,6.97,7.262,6.681,6.839,38093529.2,2024-12-22 23:59:59.999,264692666.9224
2024-12-23,6.838,7.565,6.651,7.38,40611216.8,2024-12-23 23:59:59.999,285609723.6871
2024-12-24,7.379,7.636,7.15,7.547,27827789.3,2024-12-24 23:59:59.999,205949984.026
2024-12-25,7.548,7.677,7.349,7.498,20199514.9,2024-12-25 23:59:59.999,151094846.2111
2024-12-26,7.499,7.59,6.877,6.93,28028600.6,2024-12-26 23:59:59.999,198640199.7501
2024-12-27,6.93,7.307,6.811,6.907,25442391.5,2024-12-27 23:59:59.999,178672561.5506
2024-12-28,6.908,7.183,6.787,7.11,15427708.7,2024-12-28 23:59:59.999,107231965.2902
2024-12-29,7.111,7.151,6.803,6.862,15282312.0,2024-12-29 23:59:59.999,106839695.3362
2024-12-30,6.862,7.108,6.532,6.701,34092700.5,2024-12-30 23:59:59.999,231427047.1901
2024-12-31,6.701,6.927,6.56,6.637,22632659.7,2024-12-31 23:59:59.999,151924847.7828
2025-01-01,6.637,7.14,6.515,7.052,25994477.3,2025-01-01 23:59:59.999,177489648.4759
2025-01-02,7.052,7.358,7.05,7.175,25123774.1,2025-01-02 23:59:59.999,181211470.8794
2025-01-03,7.175,7.994,7.132,7.749,38825786.0,2025-01-03 23:59:59.999,295956570.1798
2025-01-04,7.75,7.88,7.603,7.676,21243065.0,2025-01-04 23:59:59.999,164118234.1369
2025-01-05,7.675,7.733,7.457,7.67,18110115.2,2025-01-05 23:59:59.999,137608090.6309
2025-01-06,7.671,7.989,7.536,7.768,30437078.7,2025-01-06 23:59:59.999,235924194.574
2025-01-07,7.768,7.888,7.002,7.008,49782986.6,2025-01-07 23:59:59.999,371004144.3008
2025-01-08,7.009,7.131,6.415,6.755,50077990.4,2025-01-08 23:59:59.999,340260113.1283
2025-01-09,6.754,6.841,6.448,6.553,34057214.5,2025-01-09 23:59:59.999,226284906.4061
2025-01-10,6.553,6.808,6.476,6.727,28351683.4,2025-01-10 23:59:59.999,188626393.2484
2025-01-11,6.728,6.877,6.582,6.738,12862998.6,2025-01-11 23:59:59.999,86101928.5421
2025-01-12,6.738,6.817,6.54,6.629,12609222.7,2025-01-12 23:59:59.999,84354147.7239
2025-01-13,6.629,6.808,5.97,6.392,46864383.6,2025-01-13 23:59:59.999,296127850.0791
2025-01-14,6.391,6.685,6.364,6.665,24839799.2,2025-01-14 23:59:59.999,161383667.1954
2025-01-15,6.665,7.194,6.554,7.161,37969657.6,2025-01-15 23:59:59.999,260321628.9326
2025-01-16,7.16,7.389,6.843,7.149,39783993.0,2025-01-16 23:59:59.999,283560991.725
2025-01-17,7.15,7.598,7.149,7.502,30026810.1,2025-01-17 23:59:59.999,222299009.8132
2025-01-18,7.502,7.587,6.831,7.039,36735857.6,2025-01-18 23:59:59.999,260494245.2449
2025-01-19,7.039,7.234,6.1,6.242,67737763.7,2025-01-19 23:59:59.999,448630016.0531
2025-01-20,6.242,7.152,6.05,6.377,80381584.2,2025-01-20 23:59:59.999,518331861.4453
2025-01-21,6.378,6.845,6.15,6.624,32486233.4,2025-01-21 23:59:59.999,210985454.2102
2025-01-22,6.624,6.698,6.41,6.447,18857381.5,2025-01-22 23:59:59.999,123769565.7685
2025-01-23,6.446,6.502,6.191,6.35,31453205.7,2025-01-23 23:59:59.999,199286194.0718
2025-01-24,6.349,6.545,6.196,6.317,21845233.9,2025-01-24 23:59:59.999,139741028.905
2025-01-25,6.318,6.407,6.241,6.321,14496865.7,2025-01-25 23:59:59.999,91704583.7534
2025-01-26,6.321,6.469,6.16,6.172,18302159.3,2025-01-26 23:59:59.999,115830041.0669
2025-01-27,6.172,6.209,5.477,5.949,52081222.2,2025-01-27 23:59:59.999,302612770.5346
2025-01-28,5.949,6.034,5.596,5.646,22107454.8,2025-01-28 23:59:59.999,129469336.2614
2025-01-29,5.645,5.878,5.539,5.762,26174330.9,2025-01-29 23:59:59.999,149930050.1199
2025-01-30,5.762,6.254,5.716,6.123,21822405.0,2025-01-30 23:59:59.999,132062126.3416
2025-01-31,6.123,6.498,6.026,6.318,39201685.7,2025-01-31 23:59:59.999,246403557.9979
2025-02-01,6.318,6.491,5.856,5.904,30502017.2,2025-02-01 23:59:59.999,190331334.1066
2025-02-02,5.904,6.044,4.843,5.15,63050331.5,2025-02-02 23:59:59.999,341769353.7521
2025-02-03,5.15,5.275,3.805,5.174,128483798.6,2025-02-03 23:59:59.999,589815058.2854
2025-02-04,5.175,5.225,4.579,4.738,62603464.7,2025-02-04 23:59:59.999,300352370.1501
2025-02-05,4.739,4.86,4.625,4.686,30664419.2,2025-02-05 23:59:59.999,145518301.3166
2025-02-06,4.685,4.835,4.431,4.487,30603966.8,2025-02-06 23:59:59.999,141629185.7034
2025-02-07,4.487,4.934,4.455,4.588,37567936.6,2025-02-07 23:59:59.999,175951094.5572
2025-02-08,4.588,4.763,4.494,4.741,21153794.9,2025-02-08 23:59:59.999,97226067.66
2025-02-09,4.741,4.873,4.508,4.759,27122979.6,2025-02-09 23:59:59.999,128582385.2328
2025-02-10,4.758,4.919,4.604,4.842,26858579.5,2025-02-10 23:59:59.999,129179785.6158
2025-02-11,4.842,5.208,4.745,4.806,34034801.6,2025-02-11 23:59:59.999,169075136.2109
2025-02-12,4.805,5.326,4.75,5.225,48975346.0,2025-02-12 23:59:59.999,245840444.7983
2025-02-13,5.226,5.275,5.064,5.128,23810280.5,2025-02-13 23:59:59.999,122652983.8994
2025-02-14,5.129,5.373,5.095,5.169,25414039.0,2025-02-14 23:59:59.999,132793937.3473
2025-02-15,5.168,5.217,4.975,5.018,19781751.1,2025-02-15 23:59:59.999,100530486.0105
2025-02-16,5.018,5.044,4.822,4.875,18369373.1,2025-02-16 23:59:59.999,90544485.405
2025-02-17,4.876,5.067,4.771,4.887,29026387.8,2025-02-17 23:59:59.999,142203077.9117
2025-02-18,4.887,4.915,4.557,4.766,34038222.3,2025-02-18 23:59:59.999,160954922.3108
2025-02-19,4.766,4.903,4.695,4.881,19746147.3,2025-02-19 23:59:59.999,95145449.4944
2025-02-20,4.882,5.066,4.876,5.044,23629129.7,2025-02-20 23:59:59.999,117638678.0216
2025-02-21,5.045,5.337,4.947,5.058,38947376.4,2025-02-21 23:59:59.999,200765825.1306
2025-02-22,5.058,5.212,5.022,5.041,23452061.0,2025-02-22 23:59:59.999,119646962.1356
2025-02-23,5.04,5.129,4.902,4.951,15677925.4,2025-02-23 23:59:59.999,78566482.1663
2025-02-24,4.951,4.978,4.328,4.412,39636561.0,2025-02-24 23:59:59.999,184816878.084
2025-02-25,4.412,4.755,4.133,4.638,69181950.8,2025-02-25 23:59:59.999,304693645.9998
2025-02-26,4.638,4.93,4.59,4.753,44658794.1,2025-02-26 23:59:59.999,212916731.7722
2025-02-27,4.753,5.183,4.712,4.932,44455410.0,2025-02-27 23:59:59.999,221674376.3158
2025-02-28,4.932,4.932,4.45,4.711,53073270.9,2025-02-28 23:59:59.999,246357604.5032
2025-03-01,4.711,4.817,4.521,4.661,26422209.2,2025-03-01 23:59:59.999,122854269.9109
2025-03-02,4.662,5.227,4.563,5.202,48825163.8,2025-03-02 23:59:59.999,239442620.2436
2025-03-03,5.202,5.248,4.43,4.469,53702108.4,2025-03-03 23:59:59.999,258870085.5083
2025-03-04,4.469,4.512,4.011,4.326,62057139.4,2025-03-04 23:59:59.999,263797138.3429
2025-03-05,4.325,4.547,4.273,4.521,31262067.5,2025-03-05 23:59:59.999,137371183.3473
2025-03-06,4.521,4.662,4.339,4.428,32930913.7,2025-03-06 23:59:59.999,147781481.9038
2025-03-07,4.428,4.678,4.208,4.41,49283731.8,2025-03-07 23:59:59.999,220949852.0871
2025-03-08,4.409,4.443,4.256,4.287,22699072.9,2025-03-08 23:59:59.999,98650144.565
2025-03-09,4.287,4.348,3.975,4.015,33933021.9,2025-03-09 23:59:59.999,141087067.445
2025-03-10,4.015,4.283,3.77,3.866,50627376.5,2025-03-10 23:59:59.999,204816810.8557
2025-03-11,3.867,4.121,3.65,4.041,48172881.7,2025-03-11 23:59:59.999,188164940.7456
2025-03-12,4.041,4.097,3.844,3.966,36160417.1,2025-03-12 23:59:59.999,143890599.4285
2025-03-13,3.965,4.11,3.822,3.977,36134734.4,2025-03-13 23:59:59.999,143297592.51
2025-03-14,3.978,4.225,3.965,4.184,30270222.4,2025-03-14 23:59:59.999,124784793.7054
2025-03-15,4.185,4.426,4.182,4.347,23788828.5,2025-03-15 23:59:59.999,102779790.3097
2025-03-16,4.347,4.361,4.181,4.296,28457833.6,2025-03-16 23:59:59.999,121837973.6069
2025-03-17,4.296,4.465,4.294,4.369,24280737.1,2025-03-17 23:59:59.999,106617828.6669
2025-03-18,4.37,4.485,4.228,4.448,27621056.9,2025-03-18 23:59:59.999,119328959.95
2025-03-19,4.448,4.595,4.434,4.535,33403325.7,2025-03-19 23:59:59.999,150934881.7921
2025-03-20,4.536,4.566,4.324,4.396,25665416.4,2025-03-20 23:59:59.999,113424527.1254
2025-03-21,4.396,4.584,4.376,4.497,26762176.6,2025-03-21 23:59:59.999,120043113.2159
2025-03-22,4.497,4.545,4.412,4.443,17041265.5,2025-03-22 23:59:59.999,76235600.3046
2025-03-23,4.443,4.515,4.395,4.5,15845071.8,2025-03-23 23:59:59.999,70570671.1925
2025-03-24,4.501,4.773,4.466,4.619,27344878.5,2025-03-24 23:59:59.999,127488284.1414
2025-03-25,4.619,4.719,4.581,4.635,18597737.8,2025-03-25 23:59:59.999,86446437.4172
2025-03-26,4.635,4.766,4.591,4.691,26095321.8,2025-03-26 23:59:59.999,122219172.1774
2025-03-27,4.692,4.757,4.492,4.621,26382466.1,2025-03-27 23:59:59.999,121825215.6114
2025-03-28,4.622,4.644,4.238,4.278,32895625.3,2025-03-28 23:59:59.999,143216847.0457
2025-03-29,4.279,4.301,3.992,4.047,26340519.2,2025-03-29 23:59:59.999,108378319.9266
2025-03-30,4.047,4.17,3.982,4.041,20811122.9,2025-03-30 23:59:59.999,84914144.2387
2025-03-31,4.041,4.09,3.945,4.019,22299698.0,2025-03-31 23:59:59.999,89764407.9167
2025-04-01,4.019,4.28,4.011,4.169,25621770.4,2025-04-01 23:59:59.999,106881713.9855
2025-04-02,4.168,4.236,3.907,3.963,35398021.1,2025-04-02 23:59:59.999,145222818.0886
2025-04-03,3.962,4.106,3.842,4.057,28597825.5,2025-04-03 23:59:59.999,113777004.0238
2025-04-04,4.058,4.129,3.943,4.031,33804131.9,2025-04-04 23:59:59.999,136729986.0387
2025-04-05,4.031,4.068,3.894,3.954,17217802.4,2025-04-05 23:59:59.999,68251585.605
2025-04-06,3.953,3.974,3.597,3.681,39871119.9,2025-04-06 23:59:59.999,151225428.531
2025-04-07,3.681,3.731,3.278,3.59,92664450.7,2025-04-07 23:59:59.999,325284209.8573
2025-04-08,3.589,3.702,3.339,3.375,41017600.4,2025-04-08 23:59:59.999,145306883.5553
2025-04-09,3.374,3.75,3.246,3.641,64370302.8,2025-04-09 23:59:59.999,225013120.9519
2025-04-10,3.641,3.648,3.389,3.461,47915638.8,2025-04-10 23:59:59.999,167720649.0407
2025-04-11,3.461,3.597,3.448,3.555,28369883.9,2025-04-11 23:59:59.999,99989427.5596
2025-04-12,3.555,3.755,3.523,3.711,24591721.0,2025-04-12 23:59:59.999,89839049.0847
2025-04-13,3.711,3.815,3.613,3.665,41633623.3,2025-04-13 23:59:59.999,154133233.7943
2025-04-14,3.664,3.797,3.628,3.673,30292735.5,2025-04-14 23:59:59.999,112512250.546
2025-04-15,3.673,3.733,3.514,3.517,28182161.1,2025-04-15 23:59:59.999,102381687.8351
2025-04-16,3.517,3.617,3.466,3.555,30176037.0,2025-04-16 23:59:59.999,106759907.1667
2025-04-17,3.555,3.697,3.537,3.633,25935198.3,2025-04-17 23:59:59.999,94243511.4936
2025-04-18,3.633,3.746,3.609,3.673,17786938.2,2025-04-18 23:59:59.999,65621520.5051
2025-04-19,3.672,3.89,3.642,3.878,20134535.8,2025-04-19 23:59:59.999,75468218.4366
2025-04-20,3.878,3.949,3.786,3.878,24911994.4,2025-04-20 23:59:59.999,96611816.5035
2025-04-21,3.878,3.983,3.767,3.776,27759346.0,2025-04-21 23:59:59.999,107859280.2202
2025-04-22,3.777,4.038,3.686,4.008,44348298.8,2025-04-22 23:59:59.999,169812209.7384
2025-04-23,4.008,4.198,3.997,4.093,37497095.1,2025-04-23 23:59:59.999,153468774.7164
2025-04-24,4.092,4.284,3.927,4.269,38941229.1,2025-04-24 23:59:59.999,159377194.6026
2025-04-25,4.269,4.372,4.213,4.251,30740851.6,2025-04-25 23:59:59.999,131855668.6297
2025-04-26,4.252,4.361,4.196,4.262,23527376.9,2025-04-26 23:59:59.999,100644001.9703
2025-04-27,4.262,4.289,4.053,4.086,30899691.2,2025-04-27 23:59:59.999,127565402.0802
2025-04-28,4.086,4.264,4.007,4.239,33135822.5,2025-04-28 23:59:59.999,138092717.9793
2025-04-29,4.24,4.328,4.097,4.143,22663940.0,2025-04-29 23:59:59.999,96181106.0522
2025-04-30,4.143,4.174,4.022,4.063,22009621.8,2025-04-30 23:59:59.999,90225096.2737
2025-05-01,4.063,4.222,4.061,4.174,20117522.5,2025-05-01 23:59:59.999,83497832.5185
2025-05-02,4.174,4.286,4.122,4.159,19108356.4,2025-05-02 23:59:59.999,80204679.1853
2025-05-03,4.159,4.17,4.008,4.024,17757427.9,2025-05-03 23:59:59.999,72633596.2619
2025-05-04,4.024,4.049,3.894,3.917,26995581.1,2025-05-04 23:59:59.999,107292410.1892
2025-05-05,3.918,4.02,3.879,3.915,25558125.8,2025-05-05 23:59:59.999,100675903.5148
2025-05-06,3.915,3.975,3.821,3.968,27266153.8,2025-05-06 23:59:59.999,106175793.6863
2025-05-07,3.969,4.006,3.876,3.967,20289457.1,2025-05-07 23:59:59.999,80035576.5216
2025-05-08,3.966,4.491,3.963,4.455,45591401.5,2025-05-08 23:59:59.999,194048514.3894
2025-05-09,4.455,4.862,4.432,4.8,50341004.7,2025-05-09 23:59:59.999,234200708.3698
2025-05-10,4.8,5.32,4.796,5.306,50331782.3,2025-05-10 23:59:59.999,254019363.0017
2025-05-11,5.306,5.361,4.952,5.095,39414147.9,2025-05-11 23:59:59.999,200971394.5504
2025-05-12,5.095,5.393,4.886,5.068,49951171.9,2025-05-12 23:59:59.999,257700446.2043
2025-05-13,5.068,5.271,4.82,5.19,36201577.9,2025-05-13 23:59:59.999,182116174.6132
2025-05-14,5.191,5.266,4.944,4.978,29546153.5,2025-05-14 23:59:59.999,150233430.3807
2025-05-15,4.979,5.025,4.674,4.776,43386769.5,2025-05-15 23:59:59.999,208665585.1833
2025-05-16,4.775,4.954,4.705,4.752,25773168.9,2025-05-16 23:59:59.999,124889440.3758
2025-05-17,4.751,4.767,4.553,4.61,28528063.3,2025-05-17 23:59:59.999,132903037.9706
2025-05-18,4.611,4.92,4.503,4.791,33425367.1,2025-05-18 23:59:59.999,157586960.2356
2025-05-19,4.791,4.819,4.41,4.593,31751498.6,2025-05-19 23:59:59.999,144516526.434
2025-05-20,4.594,4.725,4.515,4.674,26526072.8,2025-05-20 23:59:59.999,122200327.4217
2025-05-21,4.674,4.876,4.61,4.736,40733718.3,2025-05-21 23:59:59.999,192063779.8643
2025-05-22,4.737,4.976,4.728,4.946,29705505.1,2025-05-22 23:59:59.999,144812163.4035
2025-05-23,4.947,5.117,4.527,4.558,51086276.3,2025-05-23 23:59:59.999,245686941.9734
2025-05-24,4.557,4.63,4.51,4.542,20622322.8,2025-05-24 23:59:59.999,94550689.4726
2025-05-25,4.542,4.562,4.346,4.521,24689960.1,2025-05-25 23:59:59.999,110023933.563
2025-05-26,4.52,4.615,4.419,4.464,24755002.8,2025-05-26 23:59:59.999,111846751.4906
2025-05-27,4.465,4.613,4.368,4.532,27158129.6,2025-05-27 23:59:59.999,122919528.1682
2025-05-28,4.532,4.66,4.415,4.585,31850734.8,2025-05-28 23:59:59.999,144400039.6932
2025-05-29,4.586,4.68,4.328,4.331,35598963.7,2025-05-29 23:59:59.999,161011872.2638
2025-05-30,4.33,4.355,4.003,4.047,52990871.4,2025-05-30 23:59:59.999,220994326.8352
2025-05-31,4.046,4.118,3.893,4.074,31488403.4,2025-05-31 23:59:59.999,126196444.2925
2025-06-01,4.074,4.099,3.967,4.063,18378505.3,2025-06-01 23:59:59.999,74228124.8959
2025-06-02,4.064,4.17,3.948,4.146,24483443.8,2025-06-02 23:59:59.999,98823863.5668
2025-06-03,4.146,4.221,4.09,4.136,23988009.9,2025-06-03 23:59:59.999,99938418.9007
2025-06-04,4.135,4.212,3.981,4.005,25095219.5,2025-06-04 23:59:59.999,102884290.5742
2025-06-05,4.005,4.074,3.734,3.81,38757234.5,2025-06-05 23:59:59.999,151898528.6529
2025-06-06,3.811,3.99,3.799,3.883,20234656.3,2025-06-06 23:59:59.999,79046513.8323
2025-06-07,3.884,4.057,3.865,4.029,15820115.0,2025-06-07 23:59:59.999,63359652.2884
2025-06-08,4.028,4.11,3.972,4.022,18206799.0,2025-06-08 23:59:59.999,73652777.3395
2025-06-09,4.023,4.16,3.96,4.151,33169601.8,2025-06-09 23:59:59.999,134175837.0809
2025-06-10,4.151,4.317,4.094,4.293,40883867.6,2025-06-10 23:59:59.999,172302009.6301
2025-06-11,4.292,4.343,4.142,4.186,34065719.1,2025-06-11 23:59:59.999,145152325.9998
2025-06-12,4.187,4.202,3.904,3.917,45166472.2,2025-06-12 23:59:59.999,182552277.7334
2025-06-13,3.916,3.916,3.659,3.834,67440470.3,2025-06-13 23:59:59.999,255191600.0639
2025-06-14,3.834,3.844,3.714,3.779,20384079.6,2025-06-14 23:59:59.999,77076403.6615
2025-06-15,3.779,3.832,3.732,3.819,19057835.7,2025-06-15 23:59:59.999,72119258.9078
2025-06-16,3.819,3.99,3.784,3.846,32098595.7,2025-06-16 23:59:59.999,125431270.6832
2025-06-17,3.846,3.896,3.66,3.715,39570089.2,2025-06-17 23:59:59.999,149191387.5852
2025-06-18,3.716,3.784,3.571,3.621,40077026.7,2025-06-18 23:59:59.999,146485305.1506
2025-06-19,3.621,3.656,3.493,3.546,35249925.1,2025-06-19 23:59:59.999,125739971.129
2025-06-20,3.546,3.575,3.328,3.437,57677484.0,2025-06-20 23:59:59.999,199968785.3216
2025-06-21,3.436,3.506,3.2,3.322,39976872.5,2025-06-21 23:59:59.999,134776080.0363
2025-06-22,3.322,3.361,3.014,3.151,86035431.0,2025-06-22 23:59:59.999,273615664.7136
2025-06-23,3.152,3.42,3.11,3.414,67381140.0,2025-06-23 23:59:59.999,218558298.637
2025-06-24,3.413,3.521,3.383,3.438,40878943.7,2025-06-24 23:59:59.999,140525080.2028
2025-06-25,3.437,3.458,3.338,3.351,33379245.3,2025-06-25 23:59:59.999,113565116.2928
2025-06-26,3.351,3.432,3.268,3.297,36855052.7,2025-06-26 23:59:59.999,122829973.2996
2025-06-27,3.296,3.397,3.271,3.358,33085601.3,2025-06-27 23:59:59.999,110089982.9314
2025-06-28,3.358,3.424,3.328,3.405,16842414.3,2025-06-28 23:59:59.999,56755476.1841
2025-06-29,3.405,3.582,3.377,3.541,23247269.4,2025-06-29 23:59:59.999,80400007.5815
2025-06-30,3.541,3.559,3.35,3.395,37047091.2,2025-06-30 23:59:59.999,127142006.5178
2025-07-01,3.396,3.418,3.255,3.279,33263481.4,2025-07-01 23:59:59.999,110719818.1056
2025-07-02,3.278,3.625,3.24,3.545,50549121.5,2025-07-02 23:59:59.999,175064686.9609
2025-07-03,3.544,3.665,3.496,3.538,38768625.2,2025-07-03 23:59:59.999,138763508.0684
2025-07-04,3.538,3.561,3.31,3.355,48978978.6,2025-07-04 23:59:59.999,166459950.2156
2025-07-05,3.356,3.388,3.305,3.352,20706899.5,2025-07-05 23:59:59.999,69346023.0048
2025-07-06,3.352,3.446,3.326,3.393,30436052.1,2025-07-06 23:59:59.999,102939255.574
2025-07-07,3.393,3.437,3.321,3.367,27404572.1,2025-07-07 23:59:59.999,92747248.1859
2025-07-08,3.368,3.475,3.324,3.447,28892256.1,2025-07-08 23:59:59.999,97988401.2225
2025-07-09,3.446,3.658,3.415,3.619,41532672.8,2025-07-09 23:59:59.999,146889514.5748
2025-07-10,3.619,3.894,3.588,3.88,52028269.0,2025-07-10 23:59:59.999,193094641.215
2025-07-11,3.88,4.111,3.811,3.906,81627703.9,2025-07-11 23:59:59.999,324260472.1239
2025-07-12,3.906,4.066,3.793,3.89,52576513.5,2025-07-12 23:59:59.999,206817935.7821
2025-07-13,3.891,4.075,3.875,3.983,41911629.5,2025-07-13 23:59:59.999,166736248.96
2025-07-14,3.983,4.195,3.9,3.949,55467891.7,2025-07-14 23:59:59.999,225429718.3795
2025-07-15,3.949,4.099,3.8,4.082,53239925.6,2025-07-15 23:59:59.999,209573442.6062
2025-07-16,4.083,4.269,4.011,4.156,46835956.4,2025-07-16 23:59:59.999,193980195.3211
2025-07-17,4.156,4.305,4.065,4.26,59342973.3,2025-07-17 23:59:59.999,248383943.4134
2025-07-18,4.259,4.627,4.137,4.229,83364359.6,2025-07-18 23:59:59.999,365767744.2587
2025-07-19,4.228,4.453,4.132,4.408,39374223.4,2025-07-19 23:59:59.999,168681670.0482
2025-07-20,4.408,4.588,4.349,4.481,49216448.3,2025-07-20 23:59:59.999,220195005.3195
2025-07-21,4.482,4.677,4.394,4.5,60659432.3,2025-07-21 23:59:59.999,275438319.8698
2025-07-22,4.501,4.556,4.279,4.552,77935454.4,2025-07-22 23:59:59.999,343730622.0434
2025-07-23,4.553,4.554,3.992,4.113,85130398.3,2025-07-23 23:59:59.999,361426875.7968
2025-07-24,4.114,4.2,3.891,3.999,83725299.9,2025-07-24 23:59:59.999,337430092.6582
2025-07-25,3.999,4.1,3.86,4.086,58667530.4,2025-07-25 23:59:59.999,233214250.8839
2025-07-26,4.087,4.195,4.067,4.123,25683921.7,2025-07-26 23:59:59.999,105909187.543
2025-07-27,4.123,4.252,4.111,4.239,28797437.6,2025-07-27 23:59:59.999,120198618.6571
2025-07-28,4.239,4.31,3.927,3.963,53640523.7,2025-07-28 23:59:59.999,221227775.4396
2025-07-29,3.963,4.079,3.817,3.902,55051249.6,2025-07-29 23:59:59.999,216854135.505
2025-07-30,3.902,3.919,3.618,3.804,57267532.7,2025-07-30 23:59:59.999,217165992.4961
2025-07-31,3.803,3.918,3.663,3.679,41790482.2,2025-07-31 23:59:59.999,158811539.8884
2025-08-01,3.679,3.722,3.442,3.545,76121915.4,2025-08-01 23:59:59.999,274830965.8969
2025-08-02,3.545,3.628,3.425,3.506,42368509.8,2025-08-02 23:59:59.999,149259716.1762
2025-08-03,3.506,3.625,3.456,3.6,23869469.3,2025-08-03 23:59:59.999,85194044.9519
2025-08-04,3.6,3.755,3.595,3.718,29517408.3,2025-08-04 23:59:59.999,108364543.7044
2025-08-05,3.718,3.724,3.535,3.619,38353383.1,2025-08-05 23:59:59.999,139074924.0396
2025-08-06,3.619,3.696,3.55,3.673,27149432.5,2025-08-06 23:59:59.999,98338194.7102
2025-08-07,3.672,3.872,3.642,3.864,33495759.2,2025-08-07 23:59:59.999,125630401.756
2025-08-08,3.864,3.997,3.805,3.977,52332318.3,2025-08-08 23:59:59.999,204078923.5381
2025-08-09,3.978,4.164,3.968,4.134,36548498.3,2025-08-09 23:59:59.999,149156428.1241
2025-08-10,4.135,4.18,3.964,4.047,39304429.2,2025-08-10 23:59:59.999,159524602.5845
2025-08-11,4.046,4.158,3.815,3.852,52918078.7,2025-08-11 23:59:59.999,210540744.8505
2025-08-12,3.852,4.233,3.833,4.155,56021630.5,2025-08-12 23:59:59.999,226760332.0715
2025-08-13,4.156,4.318,4.097,4.278,58564394.4,2025-08-13 23:59:59.999,247451626.8584
2025-08-14,4.277,4.37,3.901,3.983,93565734.6,2025-08-14 23:59:59.999,383585334.6569
2025-08-15,3.983,4.1,3.816,3.892,59301317.7,2025-08-15 23:59:59.999,233920766.266
2025-08-16,3.892,3.995,3.886,3.963,25094100.5,2025-08-16 23:59:59.999,98749607.8417
2025-08-17,3.963,4.192,3.923,4.05,37709885.1,2025-08-17 23:59:59.999,153531009.584
2025-08-18,4.05,4.06,3.831,3.912,53510384.6,2025-08-18 23:59:59.999,209391484.054
2025-08-19,3.912,3.959,3.709,3.717,52630425.6,2025-08-19 23:59:59.999,200723807.9581
2025-08-20,3.717,3.904,3.693,3.883,44994169.1,2025-08-20 23:59:59.999,170775283.5783
2025-08-21,3.883,3.923,3.771,3.796,32251630.2,2025-08-21 23:59:59.999,123767729.4971
2025-08-22,3.795,4.204,3.685,4.181,81002938.3,2025-08-22 23:59:59.999,318695572.6707
2025-08-23,4.181,4.267,4.026,4.228,43816561.9,2025-08-23 23:59:59.999,182047979.3882
2025-08-24,4.227,4.284,4.013,4.11,66459232.7,2025-08-24 23:59:59.999,274082459.1277
2025-08-25,4.11,4.147,3.686,3.73,74326027.7,2025-08-25 23:59:59.999,289260179.2634
2025-08-26,3.731,3.922,3.704,3.886,48319038.1,2025-08-26 23:59:59.999,184131948.7531
2025-08-27,3.886,3.933,3.822,3.837,40608171.1,2025-08-27 23:59:59.999,157560492.4033
2025-08-28,3.836,4.021,3.806,3.979,42422804.3,2025-08-28 23:59:59.999,167046858.9322
2025-08-29,3.979,4.002,3.72,3.771,60248690.7,2025-08-29 23:59:59.999,230652038.3193
2025-08-30,3.772,3.823,3.709,3.808,24727528.1,2025-08-30 23:59:59.999,93378202.381
2025-08-31,3.807,3.875,3.732,3.74,33013984.2,2025-08-31 23:59:59.999,125760092.7758
2025-09-01,3.739,3.889,3.608,3.691,64929898.0,2025-09-01 23:59:59.999,242401256.5327
2025-09-02,3.691,3.825,3.674,3.818,42161542.5,2025-09-02 23:59:59.999,158578752.5787
2025-09-03,3.819,3.905,3.783,3.866,25562416.5,2025-09-03 23:59:59.999,98369924.0502
2025-09-04,3.866,3.876,3.722,3.762,28173173.3,2025-09-04 23:59:59.999,106466385.9972
2025-09-05,3.761,3.894,3.754,3.827,40845174.7,2025-09-05 23:59:59.999,156176703.899
2025-09-06,3.827,3.884,3.779,3.822,20103128.6,2025-09-06 23:59:59.999,76892054.8529
2025-09-07,3.822,4.087,3.819,3.993,45317710.9,2025-09-07 23:59:59.999,179670597.6284
2025-09-08,3.993,4.082,3.978,4.044,45639458.9,2025-09-08 23:59:59.999,183984936.1677
2025-09-09,4.045,4.183,4.001,4.137,54705705.8,2025-09-09 23:59:59.999,224293365.4341
2025-09-10,4.138,4.226,4.054,4.217,40354251.9,2025-09-10 23:59:59.999,167336747.0147
2025-09-11,4.216,4.258,4.126,4.242,34393960.5,2025-09-11 23:59:59.999,144501342.1282
2025-09-12,4.242,4.322,4.151,4.318,35918229.9,2025-09-12 23:59:59.999,152276973.281
2025-09-13,4.318,4.625,4.302,4.492,58051086.1,2025-09-13 23:59:59.999,260493170.1805
2025-09-14,4.491,4.498,4.275,4.314,37665517.5,2025-09-14 23:59:59.999,164941732.0764
2025-09-15,4.314,4.401,4.101,4.148,48905585.7,2025-09-15 23:59:59.999,206313689.5805
2025-09-16,4.147,4.294,4.106,4.251,41967265.4,2025-09-16 23:59:59.999,176432495.4452
2025-09-17,4.251,4.431,4.13,4.402,47172021.4,2025-09-17 23:59:59.999,199944917.1727
2025-09-18,4.402,4.594,4.371,4.532,54266749.2,2025-09-18 23:59:59.999,244903896.1954
2025-09-19,4.531,4.88,4.315,4.355,88690903.8,2025-09-19 23:59:59.999,405695124.0723
2025-09-20,4.355,4.459,4.287,4.353,33476174.1,2025-09-20 23:59:59.999,146133359.6107
2025-09-21,4.353,4.385,4.233,4.259,24601681.2,2025-09-21 23:59:59.999,105961475.7351
2025-09-22,4.259,4.277,3.787,4.035,72157734.7,2025-09-22 23:59:59.999,290209562.402
2025-09-23,4.034,4.057,3.924,3.964,36637121.7,2025-09-23 23:59:59.999,146757346.1335
2025-09-24,3.964,4.114,3.883,3.989,37294812.3,2025-09-24 23:59:59.999,149937542.2334
2025-09-25,3.989,4.003,3.768,3.801,64753327.8,2025-09-25 23:59:59.999,252052439.2545
2025-09-26,3.801,3.969,3.773,3.922,39677956.9,2025-09-26 23:59:59.999,153351346.5449
2025-09-27,3.923,3.925,3.848,3.887,18856772.0,2025-09-27 23:59:59.999,73251529.9325
2025-09-28,3.887,4.028,3.79,3.994,30886725.9,2025-09-28 23:59:59.999,119748154.9019
2025-09-29,3.995,4.022,3.855,3.977,42191850.2,2025-09-29 23:59:59.999,166946721.9528
2025-09-30,3.977,3.991,3.805,3.906,33024072.9,2025-09-30 23:59:59.999,128344480.3817
2025-10-01,3.906,4.123,3.882,4.122,38553919.2,2025-10-01 23:59:59.999,155675822.0442
2025-10-02,4.122,4.339,4.097,4.306,48005501.8,2025-10-02 23:59:59.999,203314078.8976
2025-10-03,4.306,4.382,4.177,4.319,44669922.0,2025-10-03 23:59:59.999,190759426.8298
2025-10-04,4.32,4.328,4.133,4.188,30173206.2,2025-10-04 23:59:59.999,127283536.6041
2025-10-05,4.187,4.376,4.074,4.131,46314757.9,2025-10-05 23:59:59.999,195616898.8104
2025-10-06,4.131,4.439,4.106,4.398,50824138.1,2025-10-06 23:59:59.999,218705366.0158
2025-10-07,4.398,4.436,4.107,4.136,60167428.4,2025-10-07 23:59:59.999,255779452.0032
2025-10-08,4.137,4.241,4.06,4.192,35259465.4,2025-10-08 23:59:59.999,146491512.0349
2025-10-09,4.193,4.197,3.961,4.072,42499312.7,2025-10-09 23:59:59.999,172038417.7141
2025-10-10,4.072,4.289,0.942,2.937,227100984.8,2025-10-10 23:59:59.999,718914717.7642
2025-10-11,2.937,3.314,2.849,2.994,132674538.8,2025-10-11 23:59:59.999,409319660.791
2025-10-12,2.995,3.306,2.906,3.238,78304988.4,2025-10-12 23:59:59.999,243219863.7804
2025-10-13,3.238,3.442,3.19,3.373,92845891.7,2025-10-13 23:59:59.999,307012076.8595
2025-10-14,3.373,3.396,3.063,3.246,95183429.1,2025-10-14 23:59:59.999,303510293.6392
2025-10-15,3.245,3.339,3.076,3.134,54933358.7,2025-10-15 23:59:59.999,175305874.2803
2025-10-16,3.135,3.204,2.958,3.014,67216076.2,2025-10-16 23:59:59.999,208134842.4519
2025-10-17,3.015,3.058,2.768,2.889,81769646.6,2025-10-17 23:59:59.999,236540540.4727
2025-10-18,2.888,2.968,2.886,2.929,25094391.4,2025-10-18 23:59:59.999,73372594.6919
2025-10-19,2.929,3.056,2.882,3.007,39598544.7,2025-10-19 23:59:59.999,117863971.9149
2025-10-20,3.006,3.129,2.945,3.083,41162462.1,2025-10-20 23:59:59.999,126175634.1526
2025-10-21,3.083,3.188,2.946,3.004,60293429.9,2025-10-21 23:59:59.999,185282778.3419
2025-10-22,3.003,3.027,2.826,2.916,57585708.2,2025-10-22 23:59:59.999,170403595.6273
2025-10-23,2.917,3.035,2.909,3.001,28791043.2,2025-10-23 23:59:59.999,85429696.8477
2025-10-24,3.001,3.134,2.989,3.076,30494511.1,2025-10-24 23:59:59.999,92942407.9137
2025-10-25,3.076,3.105,3.024,3.088,16162317.1,2025-10-25 23:59:59.999,49502165.9119
2025-10-26,3.089,3.238,3.055,3.193,28292077.8,2025-10-26 23:59:59.999,89023689.0138
2025-10-27,3.193,3.245,3.116,3.138,35476472.3,2025-10-27 23:59:59.999,112736478.8591
2025-10-28,3.137,3.193,2.985,3.047,41535845.9,2025-10-28 23:59:59.999,128978950.4647
2025-10-29,3.047,3.175,3.021,3.077,47134824.3,2025-10-29 23:59:59.999,145928792.0196
2025-10-30,3.077,3.117,2.778,2.869,80829115.1,2025-10-30 23:59:59.999,236591416.6205
2025-10-31,2.868,2.923,2.823,2.881,39750450.9,2025-10-31 23:59:59.999,114736841.6186
2025-11-01,2.88,2.972,2.862,2.97,28292746.1,2025-11-01 23:59:59.999,82664583.857
2025-11-02,2.969,3.013,2.861,2.984,34336109.3,2025-11-02 23:59:59.999,101158414.4879
2025-11-03,2.983,2.992,2.45,2.582,100682033.1,2025-11-03 23:59:59.999,269686843.152
2025-11-04,2.582,2.661,2.341,2.506,112835791.9,2025-11-04 23:59:59.999,283869270.0429
2025-11-05,2.507,2.675,2.382,2.667,55753360.1,2025-11-05 23:59:59.999,142962633.9276
2025-11-06,2.667,2.681,2.526,2.664,51584087.8,2025-11-06 23:59:59.999,134882360.5422
2025-11-07,2.664,3.339,2.661,3.251,120845762.8,2025-11-07 23:59:59.999,358712638.0028
2025-11-08,3.25,3.526,3.077,3.248,91160809.0,2025-11-08 23:59:59.999,298747493.8868
2025-11-09,3.248,3.305,3.029,3.229,57575857.7,2025-11-09 23:59:59.999,182779968.3411
2025-11-10,3.229,3.315,3.124,3.264,52505216.2,2025-11-10 23:59:59.999,169201477.6783
2025-11-11,3.265,3.384,3.039,3.053,53460352.0,2025-11-11 23:59:59.999,170717520.1148
2025-11-12,3.053,3.144,2.873,2.925,47773386.9,2025-11-12 23:59:59.999,144034887.4307
2025-11-13,2.925,3.046,2.76,2.851,53897153.0,2025-11-13 23:59:59.999,157444388.0701
2025-11-14,2.851,2.92,2.748,2.811,58402498.0,2025-11-14 23:59:59.999,166123477.4796
2025-11-15,2.812,2.949,2.81,2.83,27904070.8,2025-11-15 23:59:59.999,80243470.2166
2025-11-16,2.83,2.897,2.691,2.783,37075956.0,2025-11-16 23:59:59.999,103423492.7804
2025-11-17,2.783,2.866,2.624,2.663,44752804.5,2025-11-17 23:59:59.999,123364123.294
2025-11-18,2.664,2.802,2.613,2.754,45003601.1,2025-11-18 23:59:59.999,122672833.5251
2025-11-19,2.753,2.766,2.566,2.69,40296641.4,2025-11-19 23:59:59.999,107616890.3718
2025-11-20,2.691,2.82,2.503,2.541,57061955.4,2025-11-20 23:59:59.999,151205946.8011
2025-11-21,2.542,2.592,2.246,2.345,102336337.9,2025-11-21 23:59:59.999,245414351.7431
2025-11-22,2.345,2.355,2.255,2.308,40567985.7,2025-11-22 23:59:59.999,93305799.6231
2025-11-23,2.308,2.368,2.243,2.257,31843140.6,2025-11-23 23:59:59.999,73789079.2034
2025-11-24,2.257,2.395,2.24,2.338,48717917.4,2025-11-24 23:59:59.999,112206157.0637
2025-11-25,2.338,2.348,2.175,2.294,56030656.8,2025-11-25 23:59:59.999,126573082.6375
2025-11-26,2.294,2.37,2.238,2.343,41010782.9,2025-11-26 23:59:59.999,94388706.6849
2025-11-27,2.342,2.39,2.307,2.335,29751353.1,2025-11-27 23:59:59.999,69706634.839
2025-11-28,2.335,2.376,2.258,2.282,44957227.1,2025-11-28 23:59:59.999,104108700.403
2025-11-29,2.283,2.297,2.224,2.257,22637180.3,2025-11-29 23:59:59.999,51180775.0842
2025-11-30,2.257,2.292,2.201,2.206,22894423.0,2025-11-30 23:59:59.999,51722045.8085
2025-12-01,2.206,2.208,1.96,2.039,86356307.7,2025-12-01 23:59:59.999,177011969.4295
2025-12-02,2.039,2.286,2.03,2.248,62022142.1,2025-12-02 23:59:59.999,134389986.0665
2025-12-03,2.247,2.398,2.239,2.364,46838600.9,2025-12-03 23:59:59.999,108080859.4577
2025-12-04,2.364,2.373,2.243,2.27,33714208.4,2025-12-04 23:59:59.999,78102212.1053
2025-12-05,2.271,2.306,2.08,2.123,53239437.2,2025-12-05 23:59:59.999,116353336.8699
2025-12-06,2.124,2.163,2.085,2.126,25162052.5,2025-12-06 23:59:59.999,53389390.1789
2025-12-07,2.126,2.159,2.037,2.091,45490147.2,2025-12-07 23:59:59.999,95700179.2228
2025-12-08,2.092,2.178,2.08,2.129,45931989.0,2025-12-08 23:59:59.999,98031705.4918
2025-12-09,2.128,2.39,2.087,2.291,64409685.4,2025-12-09 23:59:59.999,144477480.3658
2025-12-10,2.292,2.316,2.18,2.189,52617416.0,2025-12-10 23:59:59.999,117524319.0958
2025-12-11,2.189,2.191,2.006,2.065,66712815.0,2025-12-11 23:59:59.999,137354533.266
2025-12-12,2.064,2.095,1.943,2.01,57527361.3,2025-12-12 23:59:59.999,115891969.4596
2025-12-13,2.01,2.056,2.007,2.037,21696589.9,2025-12-13 23:59:59.999,44146777.6251
2025-12-14,2.037,2.044,1.93,1.951,42490359.8,2025-12-14 23:59:59.999,84105463.8834
2025-12-15,1.951,2.008,1.827,1.899,70641484.4,2025-12-15 23:59:59.999,135669987.3664
2025-12-16,1.9,1.943,1.86,1.897,44635354.8,2025-12-16 23:59:59.999,84820369.1741
2025-12-17,1.897,1.953,1.789,1.814,68085865.6,2025-12-17 23:59:59.999,126571414.2175
2025-12-18,1.814,1.888,1.719,1.758,73008549.7,2025-12-18 23:59:59.999,131323488.5827
2025-12-19,1.759,1.88,1.737,1.849,57094087.8,2025-12-19 23:59:59.999,103454973.731
2025-12-20,1.849,1.868,1.825,1.83,22283217.0,2025-12-20 23:59:59.999,41004774.488
2025-12-21,1.83,1.851,1.748,1.801,33861005.8,2025-12-21 23:59:59.999,60761091.4226
2025-12-22,1.802,1.853,1.755,1.783,44614426.5,2025-12-22 23:59:59.999,80783278.6144
2025-12-23,1.783,1.801,1.722,1.764,39193807.3,2025-12-23 23:59:59.999,68929519.6576
2025-12-24,1.764,1.775,1.704,1.736,38183559.8,2025-12-24 23:59:59.999,66078212.7346
2025-12-25,1.737,1.751,1.676,1.682,49778945.1,2025-12-25 23:59:59.999,85696913.7121
2025-12-26,1.682,1.753,1.651,1.723,59359515.4,2025-12-26 23:59:59.999,101559747.9288
2025-12-27,1.722,1.927,1.721,1.909,57747632.9,2025-12-27 23:59:59.999,104781525.2179
2025-12-28,1.909,1.915,1.827,1.85,31339964.8,2025-12-28 23:59:59.999,58624220.4789
2025-12-29,1.85,1.904,1.815,1.823,45201104.4,2025-12-29 23:59:59.999,83959882.6059
2025-12-30,1.823,1.846,1.791,1.809,29914161.3,2025-12-30 23:59:59.999,54383124.2652
2025-12-31,1.809,1.844,1.759,1.789,33215699.6,2025-12-31 23:59:59.999,59896232.1582
2026-01-01,1.789,2.033,1.764,1.997,129360196.2,2026-01-01 23:59:59.999,242714862.8491
2026-01-02,1.998,2.169,1.967,2.164,77742933.5,2026-01-02 23:59:59.999,158348797.4127
2026-01-03,2.163,2.218,2.107,2.124,37645282.0,2026-01-03 23:59:59.999,80759426.3186
2026-01-04,2.124,2.179,2.114,2.141,36057609.6,2026-01-04 23:59:59.999,77313272.5612
2026-01-05,2.141,2.236,2.094,2.206,56544397.5,2026-01-05 23:59:59.999,122145446.8749
2026-01-06,2.207,2.261,2.113,2.234,59148667.8,2026-01-06 23:59:59.999,130208564.7058
2026-01-07,2.234,2.248,2.118,2.144,42785506.0,2026-01-07 23:59:59.999,93040831.9062
2026-01-08,2.143,2.158,2.081,2.11,41100375.9,2026-01-08 23:59:59.999,87051901.932
2026-01-09,2.11,2.143,2.047,2.083,48000139.4,2026-01-09 23:59:59.999,100223943.1107
2026-01-10,2.083,2.129,2.067,2.091,17054906.6,2026-01-10 23:59:59.999,35836163.8712
2026-01-11,2.091,2.125,2.032,2.07,22853081.0,2026-01-11 23:59:59.999,47696018.4856
2026-01-12,2.069,2.152,2.02,2.052,44847785.3,2026-01-12 23:59:59.999,93083550.3609
2026-01-13,2.053,2.343,2.05,2.282,85704161.7,2026-01-13 23:59:59.999,188502711.8375
2026-01-14,2.283,2.299,2.193,2.223,48780830.3,2026-01-14 23:59:59.999,110251063.6334
2026-01-15,2.223,2.237,2.095,2.116,49278474.7,2026-01-15 23:59:59.999,106861914.8254
2026-01-16,2.116,2.154,2.053,2.118,40243591.5,2026-01-16 23:59:59.999,84781138.5231
2026-01-17,2.119,2.235,2.112,2.177,34811371.8,2026-01-17 23:59:59.999,76130040.7336
2026-01-18,2.176,2.202,2.059,2.064,38170587.9,2026-01-18 23:59:59.999,81945486.0223
2026-01-19,2.063,2.064,1.83,2.028,67961874.9,2026-01-19 23:59:59.999,134099526.2863
2026-01-20,2.028,2.05,1.88,1.897,52386429.4,2026-01-20 23:59:59.999,103004647.9527
2026-01-21,1.897,1.999,1.871,1.953,52638179.3,2026-01-21 23:59:59.999,102043926.9814
2026-01-22,1.953,1.981,1.902,1.925,29548038.1,2026-01-22 23:59:59.999,57318924.2462
2026-01-23,1.925,1.983,1.895,1.924,39379141.1,2026-01-23 23:59:59.999,76288963.0561
2026-01-24,1.924,1.939,1.897,1.929,18044932.4,2026-01-24 23:59:59.999,34662318.9109
2026-01-25,1.929,1.943,1.779,1.822,41573784.6,2026-01-25 23:59:59.999,77007639.6108
2026-01-26,1.823,1.898,1.816,1.875,39531571.0,2026-01-26 23:59:59.999,73530597.7054
2026-01-27,1.874,1.899,1.826,1.875,32917769.0,2026-01-27 23:59:59.999,61229964.7436
2026-01-28,1.876,1.895,1.828,1.87,33577306.8,2026-01-28 23:59:59.999,62479162.8219
2026-01-29,1.87,1.875,1.695,1.735,61091011.3,2026-01-29 23:59:59.999,107507741.4744
2026-01-30,1.735,1.747,1.65,1.689,79829085.1,2026-01-30 23:59:59.999,135436882.2921
2026-01-31,1.688,1.69,1.395,1.546,130138638.4,2026-01-31 23:59:59.999,201126445.9222
2026-02-01,1.546,1.559,1.457,1.494,62624760.9,2026-02-01 23:59:59.999,95132857.4846
2026-02-02,1.495,1.575,1.449,1.541,76866178.9,2026-02-02 23:59:59.999,116433144.8941
2026-02-03,1.542,1.567,1.43,1.499,100553708.1,2026-02-03 23:59:59.999,151542975.721
2026-02-04,1.498,1.533,1.424,1.461,69651159.7,2026-02-04 23:59:59.999,102565977.1397
2026-02-05,1.461,1.478,1.231,1.245,151728809.5,2026-02-05 23:59:59.999,203553045.5167
2026-02-06,1.245,1.407,1.099,1.367,165349457.1,2026-02-06 23:59:59.999,208680701.2825
2026-02-07,1.366,1.401,1.316,1.371,77476990.3,2026-02-07 23:59:59.999,105618295.2485
2026-02-08,1.372,1.375,1.323,1.337,34666423.2,2026-02-08 23:59:59.999,46916536.1761
2026-02-09,1.337,1.35,1.275,1.319,42876911.9,2026-02-09 23:59:59.999,56383042.1577
2026-02-10,1.319,1.327,1.263,1.282,38160450.8,2026-02-10 23:59:59.999,48942412.9301
2026-02-11,1.283,1.296,1.223,1.255,52395329.3,2026-02-11 23:59:59.999,65667637.6121
2026-02-12,1.254,1.303,1.247,1.282,49153787.6,2026-02-12 23:59:59.999,62705565.8416
2026-02-13,1.282,1.341,1.25,1.329,41772989.2,2026-02-13 23:59:59.999,54180113.5034
2026-02-14,1.329,1.438,1.328,1.42,42743934.2,2026-02-14 23:59:59.999,58983378.3743
2026-02-15,1.42,1.437,1.329,1.356,52418146.6,2026-02-15 23:59:59.999,72367740.9434
2026-02-16,1.357,1.389,1.331,1.375,46647421.9,2026-02-16 23:59:59.999,63324895.4984
2026-02-17,1.376,1.38,1.338,1.347,40963471.4,2026-02-17 23:59:59.999,55763112.6441
2026-02-18,1.346,1.372,1.298,1.31,44060052.0,2026-02-18 23:59:59.999,58822989.6601
2026-02-19,1.31,1.321,1.258,1.285,49984552.8,2026-02-19 23:59:59.999,64414876.0212
2026-02-20,1.286,1.364,1.272,1.34,66356061.0,2026-02-20 23:59:59.999,87451560.0337
2026-02-21,1.34,1.397,1.327,1.357,49351456.3,2026-02-21 23:59:59.999,67434976.7815
2026-02-22,1.358,1.364,1.3,1.311,39812604.8,2026-02-22 23:59:59.999,52840683.9884
2026-02-23,1.31,1.312,1.235,1.264,83435260.4,2026-02-23 23:59:59.999,106008000.1341
2026-02-24,1.263,1.279,1.222,1.236,59569175.8,2026-02-24 23:59:59.999,74324997.3033
2026-02-25,1.237,1.752,1.233,1.662,281628584.6,2026-02-25 23:59:59.999,430183470.714
2026-02-26,1.663,1.694,1.521,1.608,262713234.6,2026-02-26 23:59:59.999,421738619.4537
2026-02-27,1.607,1.681,1.545,1.598,154821872.9,2026-02-27 23:59:59.999,247981357.7172
2026-02-28,1.599,1.674,1.454,1.66,166254089.4,2026-02-28 23:59:59.999,256816133.5862
2026-03-01,1.66,1.679,1.503,1.532,117153411.6,2026-03-01 23:59:59.999,184784599.3429
2026-03-02,1.533,1.603,1.496,1.507,105138182.7,2026-03-02 23:59:59.999,161979738.3484
2026-03-03,1.507,1.557,1.471,1.532,86798467.6,2026-03-03 23:59:59.999,130876057.4363
2026-03-04,1.532,1.573,1.506,1.538,87255161.5,2026-03-04 23:59:59.999,134055866.6057
2026-03-05,1.539,1.555,1.479,1.529,74242400.6,2026-03-05 23:59:59.999,113010694.0399
2026-03-06,1.528,1.547,1.452,1.488,60835528.0,2026-03-06 23:59:59.999,91193294.3547
2026-03-07,1.487,1.517,1.429,1.446,51121971.3,2026-03-07 23:59:59.999,75332547.9384
2026-03-08,1.446,1.484,1.423,1.451,54044577.8,2026-03-08 23:59:59.999,78437271.112
2026-03-09,1.451,1.532,1.449,1.492,77815525.5,2026-03-09 23:59:59.999,115977139.1496
2026-03-10,1.492,1.546,1.477,1.484,63148191.1,2026-03-10 23:59:59.999,95564141.892
2026-03-11,1.485,1.554,1.471,1.522,64887327.9,2026-03-11 23:59:59.999,98331400.6414
2026-03-12,1.522,1.526,1.483,1.515,51649101.8,2026-03-12 23:59:59.999,77699290.0477
2026-03-13,1.515,1.549,1.444,1.461,80376534.1,2026-03-13 23:59:59.999,121008589.5967
2026-03-14,1.461,1.461,1.402,1.411,49345891.2,2026-03-14 23:59:59.999,70529726.137
2026-03-15,1.411,1.444,1.388,1.438,60676771.4,2026-03-15 23:59:59.999,86152651.5579
2026-03-16,1.438,1.662,1.429,1.64,166210765.2,2026-03-16 23:59:59.999,261196943.5959
2026-03-17,1.64,1.643,1.581,1.62,78467248.1,2026-03-17 23:59:59.999,126125007.6916
2026-03-18,1.62,1.653,1.537,1.577,76356004.1,2026-03-18 23:59:59.999,121723401.9386
2026-03-19,1.577,1.577,1.493,1.52,67781962.3,2026-03-19 23:59:59.999,103686269.9106
2026-03-20,1.521,1.552,1.493,1.498,57100244.1,2026-03-20 23:59:59.999,87005833.6347
2026-03-21,1.498,1.515,1.454,1.465,45148833.7,2026-03-21 23:59:59.999,67474603.0495
2026-03-22,1.465,1.483,1.392,1.41,65665453.8,2026-03-22 23:59:59.999,94612561.087
2026-03-23,1.41,1.492,1.402,1.418,114714299.4,2026-03-23 23:59:59.999,165597620.2488
2026-03-24,1.418,1.428,1.357,1.4,102047943.1,2026-03-24 23:59:59.999,142589485.0689
2026-03-25,1.4,1.411,1.342,1.359,87747470.7,2026-03-25 23:59:59.999,120949132.514
2026-03-26,1.36,1.366,1.299,1.321,94128230.6,2026-03-26 23:59:59.999,124600077.9926
2026-03-27,1.321,1.339,1.269,1.289,82300757.0,2026-03-27 23:59:59.999,106626353.3838
2026-03-28,1.29,1.305,1.252,1.257,67227032.7,2026-03-28 23:59:59.999,86194181.7106
2026-03-29,1.258,1.275,1.218,1.26,64157036.4,2026-03-29 23:59:59.999,80674679.3754
2026-03-30,1.26,1.286,1.231,1.243,93662849.3,2026-03-30 23:59:59.999,118372232.8319
2026-03-31,1.242,1.277,1.225,1.251,91358357.9,2026-03-31 23:59:59.999,114359869.3452
2026-04-01,1.251,1.301,1.246,1.254,79411199.5,2026-04-01 23:59:59.999,100935674.5462
2026-04-02,1.255,1.269,1.202,1.236,81852153.6,2026-04-02 23:59:59.999,100177865.4948
2026-04-03,1.236,1.266,1.228,1.237,50694862.6,2026-04-03 23:59:59.999,63148408.9161
2026-04-04,1.237,1.265,1.232,1.253,32954421.7,2026-04-04 23:59:59.999,41157922.2382
2026-04-05,1.253,1.254,1.214,1.244,51430642.0,2026-04-05 23:59:59.999,63300789.4342
2026-04-06,1.243,1.316,1.23,1.24,77364574.3,2026-04-06 23:59:59.999,98477775.1785
2026-04-07,1.24,1.331,1.203,1.314,93021761.1,2026-04-07 23:59:59.999,116311391.8424
2026-04-08,1.314,1.335,1.263,1.267,66771778.4,2026-04-08 23:59:59.999,86966003.7841
2026-04-09,1.268,1.36,1.233,1.299,82568396.8,2026-04-09 23:59:59.999,105482517.0963
2026-04-10,1.299,1.326,1.281,1.305,55024024.7,2026-04-10 23:59:59.999,71580905.7703
2026-04-11,1.305,1.315,1.263,1.286,49168464.3,2026-04-11 23:59:59.999,63288103.2692
2026-04-12,1.285,1.287,1.212,1.223,67329924.1,2026-04-12 23:59:59.999,83012869.7197
2026-04-13,1.223,1.239,1.141,1.226,200845425.7,2026-04-13 23:59:59.999,237326191.5252
2026-04-14,1.226,1.227,1.139,1.161,105205428.2,2026-04-14 23:59:59.999,123864386.7312
2026-04-15,1.162,1.196,1.145,1.18,74336673.2,2026-04-15 23:59:59.999,86977046.178
2026-04-16,1.18,1.353,1.169,1.328,156450328.6,2026-04-16 23:59:59.999,199230557.6967
2026-04-17,1.328,1.355,1.284,1.332,97492741.8,2026-04-17 23:59:59.999,128909229.9199
2026-04-18,1.332,1.34,1.269,1.271,72900359.3,2026-04-18 23:59:59.999,94903616.6044
2026-04-19,1.271,1.291,1.233,1.239,71162541.1,2026-04-19 23:59:59.999,89873906.5827
2026-04-20,1.238,1.294,1.236,1.279,63981090.6,2026-04-20 23:59:59.999,80965675.5276
2026-04-21,1.28,1.291,1.255,1.278,50615129.9,2026-04-21 23:59:59.999,64464248.372
2026-04-22,1.277,1.326,1.267,1.27,54674416.1,2026-04-22 23:59:59.999,70858989.9205
2026-04-23,1.271,1.277,1.211,1.24,64113619.7,2026-04-23 23:59:59.999,79674091.5466
2026-04-24,1.24,1.269,1.224,1.253,52071516.1,2026-04-24 23:59:59.999,64928926.4783
2026-04-25,1.253,1.274,1.236,1.246,35034683.4,2026-04-25 23:59:59.999,44034424.6717
2026-04-26,1.245,1.274,1.235,1.259,34735981.9,2026-04-26 23:59:59.999,43724986.1841
2026-04-27,1.26,1.274,1.209,1.231,52010512.0,2026-04-27 23:59:59.999,64238183.2134
2026-04-28,1.231,1.24,1.215,1.228,31508827.6,2026-04-28 23:59:59.999,38674308.724
2026-04-29,1.228,1.26,1.176,1.211,63312701.3,2026-04-29 23:59:59.999,77244829.6244
2026-04-30,1.21,1.225,1.195,1.203,35789029.8,2026-04-30 23:59:59.999,43320900.8389
2026-05-01,1.204,1.228,1.191,1.204,52015975.2,2026-05-01 23:59:59.999,62923369.4859
2026-05-02,1.203,1.24,1.193,1.227,33807530.1,2026-05-02 23:59:59.999,40968862.7705
2026-05-03,1.227,1.228,1.202,1.209,31603815.1,2026-05-03 23:59:59.999,38322729.8838
2026-05-04,1.208,1.263,1.196,1.228,66577330.6,2026-05-04 23:59:59.999,81912132.6823
2026-05-05,1.228,1.296,1.224,1.278,49108962.7,2026-05-05 23:59:59.999,62161958.278
2026-05-06,1.277,1.333,1.268,1.317,54377177.0,2026-05-06 23:59:59.999,71100467.6841
2026-05-07,1.318,1.338,1.288,1.31,49539942.4,2026-05-07 23:59:59.999,64949904.4669
2026-05-08,1.31,1.39,1.292,1.374,50642663.8,2026-05-08 23:59:59.999,67807214.717
2026-05-09,1.374,1.392,1.337,1.345,29950811.4,2026-05-09 23:59:59.999,40789660.3463
2026-05-10,1.345,1.419,1.327,1.381,52074125.5,2026-05-10 23:59:59.999,71511804.4319
2026-05-11,1.382,1.385,1.333,1.362,41848125.9,2026-05-11 23:59:59.999,56949607.8107
2026-05-12,1.361,1.368,1.302,1.334,42173702.5,2026-05-12 23:59:59.999,56277475.5299
2026-05-13,1.334,1.438,1.314,1.328,73241925.7,2026-05-13 23:59:59.999,100163166.0658
2026-05-14,1.328,1.422,1.312,1.363,53726567.3,2026-05-14 23:59:59.999,73199969.5364
2026-05-15,1.364,1.375,1.287,1.314,48721041.4,2026-05-15 23:59:59.999,64629952.4098
2026-05-16,1.314,1.319,1.246,1.266,31084160.1,2026-05-16 23:59:59.999,39569694.8524
2026-05-17,1.267,1.292,1.212,1.25,35080612.6,2026-05-17 23:59:59.999,44267895.0414
2026-05-18,1.249,1.254,1.214,1.252,46677577.6,2026-05-18 23:59:59.999,57575990.9164
2026-05-19,1.252,1.26,1.217,1.224,26047463.7,2026-05-19 23:59:59.999,32212531.8829
2026-05-20,1.224,1.257,1.218,1.248,30791445.9,2026-05-20 23:59:59.999,38215157.6053
2026-05-21,1.247,1.309,1.243,1.292,56783177.6,2026-05-21 23:59:59.999,72225784.2662
2026-05-22,1.291,1.346,1.248,1.257,76891971.7,2026-05-22 23:59:59.999,100346877.1539
2026-05-23,1.257,1.337,1.197,1.294,82034207.7,2026-05-23 23:59:59.999,103200179.0925
2026-05-24,1.295,1.297,1.226,1.244,38434031.6,2026-05-24 23:59:59.999,48625681.1202
2026-05-25,1.244,1.295,1.238,1.26,38905712.3,2026-05-25 23:59:59.999,49286627.0412
2026-05-26,1.26,1.309,1.233,1.249,55910803.6,2026-05-26 23:59:59.999,70636861.8194
2026-05-27,1.249,1.278,1.222,1.228,56045485.9,2026-05-27 23:59:59.999,70276580.0904
2026-05-28,1.228,1.234,1.175,1.211,58312903.7,2026-05-28 23:59:59.999,70045198.7686
