open_time,open,high,low,close,volume,close_time,quote_asset_volume
2021-09-10,13.273,13.71,9.815,10.429,14485733.4,2021-09-10 23:59:59.999,161222123.2757
2021-09-11,10.429,12.786,10.302,10.947,14819012.8,2021-09-11 23:59:59.999,170072128.5877
2021-09-12,10.947,12.75,10.677,11.304,11149165.2,2021-09-12 23:59:59.999,129238918.3941
2021-09-13,11.3,11.491,9.0,10.415,16759760.1,2021-09-13 23:59:59.999,170862606.4994
2021-09-14,10.427,12.217,10.0,11.692,13166733.6,2021-09-14 23:59:59.999,147165665.7146
2021-09-15,11.711,12.503,11.013,11.613,10851374.7,2021-09-15 23:59:59.999,127931266.6054
2021-09-16,11.618,16.989,11.585,15.406,48291734.9,2021-09-16 23:59:59.999,720270703.4352
2021-09-17,15.408,18.339,14.922,16.514,55576772.6,2021-09-17 23:59:59.999,928039123.5123
2021-09-18,16.497,18.015,15.507,16.097,25132476.0,2021-09-18 23:59:59.999,419517590.2696
2021-09-19,16.097,16.358,13.85,14.267,21939223.3,2021-09-19 23:59:59.999,321677857.1529
2021-09-20,14.271,14.301,11.215,11.841,33291544.3,2021-09-20 23:59:59.999,422073863.8147
2021-09-21,11.841,13.7,10.82,12.569,32567648.2,2021-09-21 23:59:59.999,409703870.449
2021-09-22,12.568,14.987,12.248,14.64,29617077.3,2021-09-22 23:59:59.999,400661844.4662
2021-09-23,14.642,14.964,13.113,14.074,16201396.4,2021-09-23 23:59:59.999,226983794.7919
2021-09-24,14.075,14.144,11.1,12.112,19698608.2,2021-09-24 23:59:59.999,244198558.9341
2021-09-25,12.102,14.32,11.434,13.966,24698417.9,2021-09-25 23:59:59.999,327351614.1388
2021-09-26,13.97,19.655,12.811,19.285,85059899.8,2021-09-26 23:59:59.999,1433865865.2742
2021-09-27,19.287,22.899,18.698,20.927,89133499.5,2021-09-27 23:59:59.999,1852440273.5941
2021-09-28,20.925,23.594,19.267,22.562,81529195.8,2021-09-28 23:59:59.999,1718602695.9848
2021-09-29,22.561,26.878,21.8,26.693,87726845.2,2021-09-29 23:59:59.999,2173418295.29
2021-09-30,26.699,27.875,23.038,23.583,61579893.0,2021-09-30 23:59:59.999,1571236211.0857
2021-10-01,23.581,25.1,21.317,22.319,56061593.8,2021-10-01 23:59:59.999,1296974655.6558
2021-10-02,22.319,24.41,21.75,23.231,42962790.5,2021-10-02 23:59:59.999,1000068212.9719
2021-10-03,23.23,23.885,21.381,23.586,32220079.7,2021-10-03 23:59:59.999,722839385.4201
2021-10-04,23.588,26.455,22.6,23.45,57591298.7,2021-10-04 23:59:59.999,1428654242.6133
2021-10-05,23.456,24.5,22.064,22.649,26467837.6,2021-10-05 23:59:59.999,617357563.4484
2021-10-06,22.65,23.57,20.505,23.024,33471752.8,2021-10-06 23:59:59.999,737524674.128
2021-10-07,23.026,24.96,21.555,21.764,30949864.2,2021-10-07 23:59:59.999,717780980.0095
2021-10-08,21.765,22.8,21.05,21.993,18941368.8,2021-10-08 23:59:59.999,413828511.997
2021-10-09,21.982,23.062,21.35,21.84,16284914.0,2021-10-09 23:59:59.999,359661441.764
2021-10-10,21.845,24.939,21.126,22.584,49279109.6,2021-10-10 23:59:59.999,1154051861.5487
2021-10-11,22.584,26.099,22.1,23.642,64529366.5,2021-10-11 23:59:59.999,1587174631.0264
2021-10-12,23.649,23.654,21.277,22.315,36314412.2,2021-10-12 23:59:59.999,807332720.7987
2021-10-13,22.316,24.904,21.61,22.371,39499124.7,2021-10-13 23:59:59.999,907919704.1356
2021-10-14,22.372,24.0,22.28,23.627,19998036.8,2021-10-14 23:59:59.999,457921121.3237
2021-10-15,23.626,24.375,22.253,22.655,20244216.6,2021-10-15 23:59:59.999,467998029.9707
2021-10-16,22.654,23.386,22.04,22.365,12815071.8,2021-10-16 23:59:59.999,290985924.7505
2021-10-17,22.362,22.748,19.86,21.077,14767513.8,2021-10-17 23:59:59.999,318649501.9963
2021-10-18,21.077,21.55,19.6,20.157,18273898.7,2021-10-18 23:59:59.999,374070476.126
2021-10-19,20.158,20.723,18.582,19.192,15281890.0,2021-10-19 23:59:59.999,303140659.5658
2021-10-20,19.192,20.95,18.501,20.014,23157434.7,2021-10-20 23:59:59.999,456646029.5761
2021-10-21,20.009,20.888,18.866,19.383,21146091.5,2021-10-21 23:59:59.999,423407882.1434
2021-10-22,19.383,20.468,19.009,20.316,15409028.7,2021-10-22 23:59:59.999,303570777.1566
2021-10-23,20.308,20.817,19.316,19.424,10997132.6,2021-10-23 23:59:59.999,218960458.7143
2021-10-24,19.425,19.654,16.688,17.958,20700862.9,2021-10-24 23:59:59.999,382429459.7654
2021-10-25,17.953,19.436,17.661,18.876,19655997.6,2021-10-25 23:59:59.999,365578603.5017
2021-10-26,18.874,19.37,17.498,17.863,16943683.9,2021-10-26 23:59:59.999,313234086.015
2021-10-27,17.868,19.258,13.704,15.153,38614492.0,2021-10-27 23:59:59.999,631999187.4159
2021-10-28,15.155,16.381,14.645,15.805,19615842.4,2021-10-28 23:59:59.999,305231355.7623
2021-10-29,15.81,17.171,15.68,16.122,15501025.5,2021-10-29 23:59:59.999,252293359.2614
2021-10-30,16.12,16.269,15.161,15.591,12752149.4,2021-10-30 23:59:59.999,200961945.5943
2021-10-31,15.586,15.9,14.511,15.193,11608091.8,2021-10-31 23:59:59.999,175756281.4753
2021-11-01,15.193,18.1,14.87,17.288,35441042.4,2021-11-01 23:59:59.999,599592109.876
2021-11-02,17.288,17.521,15.8,16.404,14280864.6,2021-11-02 23:59:59.999,234495116.3167
2021-11-03,16.403,16.979,15.493,16.241,14345418.3,2021-11-03 23:59:59.999,232580404.1939
2021-11-04,16.242,16.259,15.0,15.672,12946976.1,2021-11-04 23:59:59.999,202007677.5928
2021-11-05,15.674,16.2,15.25,16.052,13883156.4,2021-11-05 23:59:59.999,218576032.4442
2021-11-06,16.059,16.5,15.1,15.82,12276820.4,2021-11-06 23:59:59.999,193622476.0851
2021-11-07,15.821,17.705,15.653,16.826,22285662.7,2021-11-07 23:59:59.999,377343792.0959
2021-11-08,16.827,18.588,16.555,17.349,24272659.8,2021-11-08 23:59:59.999,426671333.8875
2021-11-09,17.353,17.786,16.202,16.612,14020075.4,2021-11-09 23:59:59.999,239633324.5668
2021-11-10,16.615,17.185,12.39,14.78,24947567.1,2021-11-10 23:59:59.999,383389392.7447
2021-11-11,14.78,15.402,14.556,14.817,15690858.1,2021-11-11 23:59:59.999,235358346.3618
2021-11-12,14.816,16.039,13.85,14.458,18253302.4,2021-11-12 23:59:59.999,267646026.3556
2021-11-13,14.458,14.985,14.309,14.803,7989701.8,2021-11-13 23:59:59.999,116857840.2057
2021-11-14,14.804,15.494,14.31,14.811,10237811.2,2021-11-14 23:59:59.999,152527058.1063
2021-11-15,14.813,15.137,14.1,14.288,8484811.0,2021-11-15 23:59:59.999,124330275.4151
2021-11-16,14.287,14.291,11.268,12.584,27617968.5,2021-11-16 23:59:59.999,354388925.889
2021-11-17,12.584,13.718,11.9,13.446,24720231.7,2021-11-17 23:59:59.999,320223915.1355
2021-11-18,13.446,13.77,11.615,12.314,23081670.5,2021-11-18 23:59:59.999,293177144.0624
2021-11-19,12.318,14.299,12.117,14.081,22153492.1,2021-11-19 23:59:59.999,297406417.8713
2021-11-20,14.082,14.678,13.3,14.047,16458887.7,2021-11-20 23:59:59.999,230406432.1164
2021-11-21,14.047,14.386,13.0,13.151,13224236.4,2021-11-21 23:59:59.999,179940268.3525
2021-11-22,13.14,14.985,12.423,14.178,35317023.5,2021-11-22 23:59:59.999,496773375.7439
2021-11-23,14.179,16.398,13.75,15.693,42565603.5,2021-11-23 23:59:59.999,641156841.1628
2021-11-24,15.689,16.445,14.155,14.929,27359600.1,2021-11-24 23:59:59.999,413207872.3689
2021-11-25,14.925,15.429,14.268,15.0,16885798.6,2021-11-25 23:59:59.999,250605681.2099
2021-11-26,15.002,15.8,12.45,12.844,36948523.4,2021-11-26 23:59:59.999,506052185.3927
2021-11-27,12.844,13.5,12.55,12.978,12227082.2,2021-11-27 23:59:59.999,160298535.8508
2021-11-28,12.978,13.015,11.258,12.617,19493543.0,2021-11-28 23:59:59.999,236664271.1772
2021-11-29,12.616,12.908,12.161,12.57,12068894.8,2021-11-29 23:59:59.999,151713219.0487
2021-11-30,12.569,13.312,12.0,12.577,19029618.1,2021-11-30 23:59:59.999,239397728.6272
2021-12-01,12.579,13.7,12.446,12.95,19194728.3,2021-12-01 23:59:59.999,249004123.6917
2021-12-02,12.949,14.927,12.507,13.328,46933439.9,2021-12-02 23:59:59.999,654727916.7157
2021-12-03,13.328,13.793,11.568,12.327,24234637.0,2021-12-03 23:59:59.999,313450859.9276
2021-12-04,12.317,12.461,7.127,9.83,54847478.2,2021-12-04 23:59:59.999,525586621.6779
2021-12-05,9.832,10.149,8.227,8.693,28613992.0,2021-12-05 23:59:59.999,260317901.5272
2021-12-06,8.694,9.292,7.823,9.197,37144698.3,2021-12-06 23:59:59.999,308946384.6288
2021-12-07,9.195,9.536,8.7,8.932,19281411.6,2021-12-07 23:59:59.999,175790508.0272
2021-12-08,8.931,9.779,8.804,9.702,25633946.0,2021-12-08 23:59:59.999,240210009.3925
2021-12-09,9.702,9.777,8.409,8.561,19562209.8,2021-12-09 23:59:59.999,178847395.2365
2021-12-10,8.556,9.675,8.526,9.093,34686252.9,2021-12-10 23:59:59.999,320424457.9219
2021-12-11,9.093,9.424,8.735,9.232,17154269.8,2021-12-11 23:59:59.999,156202687.18
2021-12-12,9.234,9.26,8.721,8.989,12353964.9,2021-12-12 23:59:59.999,110854685.6772
2021-12-13,8.992,9.096,7.587,8.118,20624349.9,2021-12-13 23:59:59.999,170479477.4744
2021-12-14,8.115,8.512,7.805,8.253,16647232.9,2021-12-14 23:59:59.999,134768185.7543
2021-12-15,8.251,8.79,7.725,8.575,19842356.9,2021-12-15 23:59:59.999,165075444.1796
2021-12-16,8.577,8.822,8.0,8.027,13346412.0,2021-12-16 23:59:59.999,112886224.0723
2021-12-17,8.027,8.169,7.512,7.827,13674537.9,2021-12-17 23:59:59.999,107583554.428
2021-12-18,7.826,8.252,7.728,8.105,10980474.7,2021-12-18 23:59:59.999,88351371.9537
2021-12-19,8.105,8.367,7.812,7.832,9364272.5,2021-12-19 23:59:59.999,75555192.9099
2021-12-20,7.832,7.865,7.107,7.397,18497550.4,2021-12-20 23:59:59.999,136912674.929
2021-12-21,7.397,7.632,7.281,7.512,14487692.1,2021-12-21 23:59:59.999,108454139.8334
2021-12-22,7.51,8.58,7.49,8.233,21348132.4,2021-12-22 23:59:59.999,172436618.8592
2021-12-23,8.233,9.005,8.013,8.826,22194024.1,2021-12-23 23:59:59.999,190166095.8339
2021-12-24,8.827,9.479,8.524,8.697,19291745.8,2021-12-24 23:59:59.999,174394203.782
2021-12-25,8.699,9.184,8.615,8.989,12206216.0,2021-12-25 23:59:59.999,108670128.1068
2021-12-26,8.99,9.319,8.59,9.236,15104118.3,2021-12-26 23:59:59.999,135972469.3575
2021-12-27,9.237,10.659,9.081,10.005,30307751.1,2021-12-27 23:59:59.999,300540355.0593
2021-12-28,10.005,10.737,9.111,10.174,74192132.7,2021-12-28 23:59:59.999,742369411.1764
2021-12-29,10.171,10.717,8.42,8.745,40267269.6,2021-12-29 23:59:59.999,380111059.1967
2021-12-30,8.744,9.064,8.262,8.386,27076029.3,2021-12-30 23:59:59.999,235565234.8278
2021-12-31,8.385,8.714,7.86,8.091,22756610.1,2021-12-31 23:59:59.999,189821073.7572
2022-01-01,8.089,8.505,8.087,8.456,12001330.8,2022-01-01 23:59:59.999,99582341.7102
2022-01-02,8.456,8.87,8.287,8.695,16462240.9,2022-01-02 23:59:59.999,141974633.1939
2022-01-03,8.692,8.705,7.998,8.304,13825135.9,2022-01-03 23:59:59.999,115957661.1219
2022-01-04,8.303,8.626,8.057,8.239,13680398.2,2022-01-04 23:59:59.999,114575835.7379
2022-01-05,8.235,9.171,7.313,7.788,31829756.2,2022-01-05 23:59:59.999,271481827.8119
2022-01-06,7.794,7.87,7.244,7.615,20229007.7,2022-01-06 23:59:59.999,152269528.6209
2022-01-07,7.615,7.645,6.75,7.08,25523007.8,2022-01-07 23:59:59.999,181243891.4657
2022-01-08,7.079,7.3,6.39,6.727,21758952.8,2022-01-08 23:59:59.999,150323380.3294
2022-01-09,6.727,6.959,6.53,6.736,14778910.5,2022-01-09 23:59:59.999,99929427.4295
2022-01-10,6.733,6.858,5.891,6.365,22114055.8,2022-01-10 23:59:59.999,141248754.7697
2022-01-11,6.364,7.177,6.295,7.108,20647580.5,2022-01-11 23:59:59.999,138266895.3473
2022-01-12,7.108,7.877,7.076,7.758,26610822.7,2022-01-12 23:59:59.999,197745898.8339
2022-01-13,7.759,8.267,7.516,7.621,39928419.2,2022-01-13 23:59:59.999,315472867.9948
2022-01-14,7.62,8.14,7.405,7.67,24671101.7,2022-01-14 23:59:59.999,192285469.6758
2022-01-15,7.671,8.099,7.602,7.851,15066786.0,2022-01-15 23:59:59.999,118206296.9661
2022-01-16,7.854,7.913,7.483,7.616,11534888.4,2022-01-16 23:59:59.999,88996750.5348
2022-01-17,7.619,7.659,7.038,7.404,13084378.1,2022-01-17 23:59:59.999,95747737.9196
2022-01-18,7.402,7.478,6.751,6.997,14016522.3,2022-01-18 23:59:59.999,98868367.6564
2022-01-19,6.998,7.312,6.581,6.948,21606822.5,2022-01-19 23:59:59.999,151153081.6732
2022-01-20,6.948,8.375,6.902,7.459,78700947.8,2022-01-20 23:59:59.999,610054457.1101
2022-01-21,7.46,8.738,7.0,8.278,165211612.6,2022-01-21 23:59:59.999,1324330902.343
2022-01-22,8.278,8.446,5.328,6.451,162514729.0,2022-01-22 23:59:59.999,1059125170.4966
2022-01-23,6.453,6.67,5.658,6.036,53934554.8,2022-01-23 23:59:59.999,331098700.6476
2022-01-24,6.035,6.137,5.071,5.865,66996750.2,2022-01-24 23:59:59.999,369156846.7772
2022-01-25,5.865,6.264,5.722,5.862,42987323.1,2022-01-25 23:59:59.999,257044217.3635
2022-01-26,5.86,6.311,5.6,5.815,45029551.6,2022-01-26 23:59:59.999,271320806.0611
2022-01-27,5.814,5.959,5.45,5.711,28910609.6,2022-01-27 23:59:59.999,165130022.3199
2022-01-28,5.71,6.063,5.508,5.939,24572489.1,2022-01-28 23:59:59.999,142046424.5772
2022-01-29,5.94,6.16,5.871,6.119,16489591.2,2022-01-29 23:59:59.999,98846526.107
2022-01-30,6.117,6.234,5.699,5.769,16126158.5,2022-01-30 23:59:59.999,96558396.1227
2022-01-31,5.767,6.022,5.501,5.907,20849213.8,2022-01-31 23:59:59.999,119440588.6035
2022-02-01,5.907,6.1,5.856,5.942,14436481.5,2022-02-01 23:59:59.999,86107291.0941
2022-02-02,5.938,6.444,5.692,5.848,33351755.2,2022-02-02 23:59:59.999,204551913.9174
2022-02-03,5.848,6.089,5.62,6.083,18060063.5,2022-02-03 23:59:59.999,105287026.0121
2022-02-04,6.085,6.476,6.04,6.475,19085639.7,2022-02-04 23:59:59.999,119265685.625
2022-02-05,6.475,6.988,6.382,6.476,16866104.9,2022-02-05 23:59:59.999,112502215.2641
2022-02-06,6.477,7.333,6.468,7.279,31160575.4,2022-02-06 23:59:59.999,217480929.6787
2022-02-07,7.28,7.992,7.094,7.744,28374720.6,2022-02-07 23:59:59.999,211085569.663
2022-02-08,7.745,8.3,7.15,7.558,34581482.9,2022-02-08 23:59:59.999,265282379.074
2022-02-09,7.559,8.545,7.234,8.229,36237850.8,2022-02-09 23:59:59.999,292469257.0098
2022-02-10,8.232,8.545,7.561,7.672,32881459.2,2022-02-10 23:59:59.999,263317382.2865
2022-02-11,7.672,8.17,6.888,7.2,34867257.4,2022-02-11 23:59:59.999,267538228.5461
2022-02-12,7.199,7.406,6.8,6.988,18089637.1,2022-02-12 23:59:59.999,128101467.8005
2022-02-13,6.988,7.149,6.842,6.99,14191054.8,2022-02-13 23:59:59.999,99605039.4744
2022-02-14,6.99,7.48,6.609,7.43,29156283.1,2022-02-14 23:59:59.999,207342030.9083
2022-02-15,7.429,7.725,7.268,7.583,21193873.7,2022-02-15 23:59:59.999,159062161.5302
2022-02-16,7.58,7.675,7.04,7.406,20555549.5,2022-02-16 23:59:59.999,151042395.1106
2022-02-17,7.406,7.516,6.419,6.489,23021053.0,2022-02-17 23:59:59.999,160324914.569
2022-02-18,6.49,6.68,6.147,6.4,20773807.2,2022-02-18 23:59:59.999,133313767.6171
2022-02-19,6.399,6.508,6.055,6.304,12312085.3,2022-02-19 23:59:59.999,77395608.3575
2022-02-20,6.304,6.312,5.601,5.701,15515992.1,2022-02-20 23:59:59.999,90904627.485
2022-02-21,5.698,6.104,5.276,5.318,25709843.2,2022-02-21 23:59:59.999,148059950.5414
2022-02-22,5.319,5.686,5.161,5.606,20238795.9,2022-02-22 23:59:59.999,109701771.9171
2022-02-23,5.606,5.785,5.227,5.239,18733338.7,2022-02-23 23:59:59.999,104273288.1237
2022-02-24,5.239,5.32,4.425,5.009,40288184.0,2022-02-24 23:59:59.999,193058348.6472
2022-02-25,5.01,5.76,4.894,5.637,30695147.0,2022-02-25 23:59:59.999,163341343.6164
2022-02-26,5.637,5.89,5.306,5.383,18020437.7,2022-02-26 23:59:59.999,99459926.0387
2022-02-27,5.384,5.495,4.944,5.075,18238895.2,2022-02-27 23:59:59.999,95382840.4699
2022-02-28,5.075,5.963,4.982,5.878,20328944.2,2022-02-28 23:59:59.999,109774462.071
2022-03-01,5.876,5.954,5.587,5.753,18163514.9,2022-03-01 23:59:59.999,104318751.2847
2022-03-02,5.753,6.14,5.559,5.982,28270572.5,2022-03-02 23:59:59.999,165429307.9866
2022-03-03,5.982,6.192,5.45,5.565,25818833.6,2022-03-03 23:59:59.999,151046815.5233
2022-03-04,5.565,5.592,4.854,5.015,23418663.4,2022-03-04 23:59:59.999,123303374.1666
2022-03-05,5.015,5.189,4.895,5.135,11502030.9,2022-03-05 23:59:59.999,58328176.6959
2022-03-06,5.135,5.191,4.784,4.841,11727822.5,2022-03-06 23:59:59.999,58327736.5392
2022-03-07,4.842,5.077,4.566,4.775,17399970.0,2022-03-07 23:59:59.999,83953838.6752
2022-03-08,4.776,4.99,4.72,4.814,12931837.9,2022-03-08 23:59:59.999,62960124.4046
2022-03-09,4.815,5.195,4.795,5.059,15215901.7,2022-03-09 23:59:59.999,76978755.636
2022-03-10,5.059,5.068,4.588,4.748,12689389.8,2022-03-10 23:59:59.999,60323560.7417
2022-03-11,4.747,4.792,4.502,4.578,11884604.9,2022-03-11 23:59:59.999,55316451.6718
2022-03-12,4.578,4.884,4.567,4.609,11950859.7,2022-03-12 23:59:59.999,56382510.8991
2022-03-13,4.609,4.739,4.25,4.371,12899610.5,2022-03-13 23:59:59.999,58933677.8262
2022-03-14,4.369,4.538,4.31,4.528,14519378.7,2022-03-14 23:59:59.999,64252250.2015
2022-03-15,4.527,4.59,4.356,4.496,13365136.3,2022-03-15 23:59:59.999,59750422.6005
2022-03-16,4.495,4.76,4.389,4.727,19985527.8,2022-03-16 23:59:59.999,90939590.5616
2022-03-17,4.728,4.912,4.678,4.725,12801660.1,2022-03-17 23:59:59.999,61265237.0602
2022-03-18,4.724,4.958,4.559,4.902,14293234.9,2022-03-18 23:59:59.999,67614121.0091
2022-03-19,4.902,5.418,4.902,5.235,21280855.9,2022-03-19 23:59:59.999,110782145.8427
2022-03-20,5.232,5.4,4.799,4.895,16671353.1,2022-03-20 23:59:59.999,84886291.0737
2022-03-21,4.896,5.144,4.788,5.01,11264178.1,2022-03-21 23:59:59.999,56222913.3866
2022-03-22,5.01,5.241,4.962,5.079,15906261.7,2022-03-22 23:59:59.999,81712420.5841
2022-03-23,5.081,5.199,4.9,5.167,17013324.9,2022-03-23 23:59:59.999,85795390.664
2022-03-24,5.166,5.383,5.001,5.288,28184207.9,2022-03-24 23:59:59.999,146278189.7502
2022-03-25,5.289,5.597,5.051,5.206,39181140.4,2022-03-25 23:59:59.999,210011131.4775
2022-03-26,5.206,5.438,5.124,5.387,16210288.8,2022-03-26 23:59:59.999,86149848.7365
2022-03-27,5.387,5.732,5.23,5.706,19062546.6,2022-03-27 23:59:59.999,104118200.8777
2022-03-28,5.705,6.077,5.47,5.588,31014606.2,2022-03-28 23:59:59.999,180932514.0926
2022-03-29,5.587,6.207,5.56,5.77,37785438.2,2022-03-29 23:59:59.999,220451899.5842
2022-03-30,5.771,6.493,5.402,6.266,58708013.2,2022-03-30 23:59:59.999,357124504.469
2022-03-31,6.267,6.963,5.738,6.012,64572000.7,2022-03-31 23:59:59.999,416714046.2803
2022-04-01,6.012,6.635,5.708,6.5,33453995.0,2022-04-01 23:59:59.999,208438642.0981
2022-04-02,6.498,7.1,6.429,6.824,34850428.6,2022-04-02 23:59:59.999,236006403.4393
2022-04-03,6.823,7.113,6.614,6.916,22002839.4,2022-04-03 23:59:59.999,150996209.8413
2022-04-04,6.916,7.169,6.238,6.792,28632505.5,2022-04-04 23:59:59.999,193967605.0898
2022-04-05,6.793,6.914,6.096,6.168,17512128.3,2022-04-05 23:59:59.999,114706568.5004
2022-04-06,6.172,6.224,5.31,5.368,27303541.3,2022-04-06 23:59:59.999,158439061.5768
2022-04-07,5.367,5.721,5.234,5.631,22473029.4,2022-04-07 23:59:59.999,124338269.6772
2022-04-08,5.63,5.703,4.98,5.04,22646604.9,2022-04-08 23:59:59.999,122101731.5091
2022-04-09,5.038,5.252,4.955,5.23,15768343.5,2022-04-09 23:59:59.999,80639832.2636
2022-04-10,5.229,5.297,4.953,4.987,13981305.9,2022-04-10 23:59:59.999,72036703.4485
2022-04-11,4.986,5.073,4.47,4.558,24499294.1,2022-04-11 23:59:59.999,116988478.8336
2022-04-12,4.557,4.874,4.52,4.74,16069304.0,2022-04-12 23:59:59.999,75697002.769
2022-04-13,4.741,4.893,4.63,4.822,16775983.2,2022-04-13 23:59:59.999,80076029.056
2022-04-14,4.823,4.947,4.535,4.601,15169733.8,2022-04-14 23:59:59.999,71956497.7926
2022-04-15,4.602,4.746,4.51,4.671,11801994.7,2022-04-15 23:59:59.999,54769677.0604
2022-04-16,4.672,4.772,4.601,4.712,11416917.2,2022-04-16 23:59:59.999,53504723.4064
2022-04-17,4.714,4.854,4.48,4.507,14732226.2,2022-04-17 23:59:59.999,69018817.038
2022-04-18,4.51,4.583,4.06,4.573,22636677.6,2022-04-18 23:59:59.999,98476149.9072
2022-04-19,4.574,5.17,4.461,5.021,38935511.9,2022-04-19 23:59:59.999,189544271.1627
2022-04-20,5.021,5.199,4.78,4.852,41946081.0,2022-04-20 23:59:59.999,209611872.9701
2022-04-21,4.851,5.06,4.404,4.557,27954400.5,2022-04-21 23:59:59.999,135027885.8791
2022-04-22,4.558,4.79,4.503,4.677,29796406.6,2022-04-22 23:59:59.999,138306078.4477
2022-04-23,4.677,4.904,4.521,4.587,29742242.9,2022-04-23 23:59:59.999,141646147.8989
2022-04-24,4.585,4.668,4.461,4.509,15811594.2,2022-04-24 23:59:59.999,72286550.6337
2022-04-25,4.509,4.523,4.145,4.48,22947025.3,2022-04-25 23:59:59.999,99441144.6957
2022-04-26,4.481,4.543,3.97,4.079,24141704.3,2022-04-26 23:59:59.999,103352489.4898
2022-04-27,4.079,4.249,4.023,4.195,18141586.9,2022-04-27 23:59:59.999,75225063.0629
2022-04-28,4.195,4.573,4.115,4.407,42595760.9,2022-04-28 23:59:59.999,186614929.0496
2022-04-29,4.407,4.623,4.006,4.056,41263382.3,2022-04-29 23:59:59.999,179186221.0001
2022-04-30,4.055,4.224,3.072,3.463,38463853.9,2022-04-30 23:59:59.999,143857253.247
2022-05-01,3.463,3.672,3.373,3.604,25430023.9,2022-05-01 23:59:59.999,89502189.9931
2022-05-02,3.602,3.655,3.269,3.431,23591231.9,2022-05-02 23:59:59.999,81675642.0759
2022-05-03,3.431,3.63,3.327,3.404,27172688.6,2022-05-03 23:59:59.999,95006858.7809
2022-05-04,3.405,3.834,3.385,3.803,29069996.9,2022-05-04 23:59:59.999,104315370.7559
2022-05-05,3.804,3.909,3.165,3.301,35117587.5,2022-05-05 23:59:59.999,122624451.086
2022-05-06,3.301,3.607,3.213,3.469,45150726.6,2022-05-06 23:59:59.999,154151596.9986
2022-05-07,3.468,3.516,3.251,3.407,37775837.5,2022-05-07 23:59:59.999,126990426.3131
2022-05-08,3.41,4.039,3.287,3.906,141932048.0,2022-05-08 23:59:59.999,527559155.3343
2022-05-09,3.906,3.962,2.776,2.834,151583490.3,2022-05-09 23:59:59.999,521144697.9255
2022-05-10,2.835,3.266,2.553,2.725,118296859.2,2022-05-10 23:59:59.999,346739321.9576
2022-05-11,2.725,2.814,1.504,1.801,168698274.3,2022-05-11 23:59:59.999,361854651.2862
2022-05-12,1.801,1.934,1.403,1.727,141757800.0,2022-05-12 23:59:59.999,236416000.4737
2022-05-13,1.727,2.185,1.661,1.945,56714866.0,2022-05-13 23:59:59.999,112595534.9487
2022-05-14,1.944,2.076,1.713,1.989,43478530.3,2022-05-14 23:59:59.999,81857655.3494
2022-05-15,1.99,2.16,1.903,2.137,42078920.4,2022-05-15 23:59:59.999,85277566.6952
2022-05-16,2.138,2.139,1.818,1.863,41057923.7,2022-05-16 23:59:59.999,79397123.5995
2022-05-17,1.863,2.082,1.859,2.034,40695921.3,2022-05-17 23:59:59.999,80726034.7604
2022-05-18,2.033,2.238,1.814,2.085,111383894.5,2022-05-18 23:59:59.999,230945979.9843
2022-05-19,2.086,2.1,1.879,1.993,101103927.9,2022-05-19 23:59:59.999,198558528.1995
2022-05-20,1.993,2.104,1.876,1.963,48712283.7,2022-05-20 23:59:59.999,96680554.1128
2022-05-21,1.962,2.317,1.917,2.199,48392917.3,2022-05-21 23:59:59.999,101652888.4966
2022-05-22,2.198,2.31,2.074,2.157,46569615.8,2022-05-22 23:59:59.999,101914693.9192
2022-05-23,2.156,2.335,1.984,2.037,44420451.9,2022-05-23 23:59:59.999,97140560.1356
2022-05-24,2.037,2.11,1.91,2.052,34652859.8,2022-05-24 23:59:59.999,70215470.4549
2022-05-25,2.051,2.217,1.978,2.076,51963236.9,2022-05-25 23:59:59.999,108600637.8497
2022-05-26,2.076,2.126,1.671,1.727,61769539.6,2022-05-26 23:59:59.999,113842718.2993
2022-05-27,1.726,1.766,1.596,1.677,67740108.2,2022-05-27 23:59:59.999,113986518.3633
2022-05-28,1.677,1.743,1.626,1.717,38438850.5,2022-05-28 23:59:59.999,65222272.5089
2022-05-29,1.717,1.765,1.627,1.755,33127158.0,2022-05-29 23:59:59.999,56432885.6184
2022-05-30,1.754,2.04,1.723,1.986,47307786.1,2022-05-30 23:59:59.999,89272678.0021
2022-05-31,1.986,2.121,1.9,2.034,53974050.6,2022-05-31 23:59:59.999,108303340.7331
2022-06-01,2.033,2.117,1.783,1.822,47063820.4,2022-06-01 23:59:59.999,92276642.0226
2022-06-02,1.821,1.869,1.775,1.859,27095868.8,2022-06-02 23:59:59.999,49368982.1466
2022-06-03,1.86,1.863,1.678,1.706,25775555.6,2022-06-03 23:59:59.999,44947809.1632
2022-06-04,1.706,1.77,1.655,1.751,23041836.3,2022-06-04 23:59:59.999,39653214.4588
2022-06-05,1.75,1.784,1.692,1.728,18081587.4,2022-06-05 23:59:59.999,31368080.0824
2022-06-06,1.726,1.838,1.719,1.792,31479582.8,2022-06-06 23:59:59.999,56512888.8598
2022-06-07,1.792,1.795,1.627,1.671,44317834.6,2022-06-07 23:59:59.999,74411141.6694
2022-06-08,1.67,1.725,1.617,1.649,30877687.2,2022-06-08 23:59:59.999,51626655.1896
2022-06-09,1.649,1.766,1.628,1.712,34217931.8,2022-06-09 23:59:59.999,58222868.432
2022-06-10,1.712,1.83,1.549,1.601,100917147.2,2022-06-10 23:59:59.999,172822743.604
2022-06-11,1.601,1.666,1.405,1.424,65091923.2,2022-06-11 23:59:59.999,99786665.0262
2022-06-12,1.424,1.44,1.236,1.241,59120833.3,2022-06-12 23:59:59.999,78393690.2354
2022-06-13,1.241,1.28,1.03,1.156,127185878.5,2022-06-13 23:59:59.999,142051972.078
2022-06-14,1.155,1.248,1.038,1.174,77851472.8,2022-06-14 23:59:59.999,90490117.4185
2022-06-15,1.173,1.292,1.053,1.288,72720034.1,2022-06-15 23:59:59.999,83415576.8207
2022-06-16,1.287,1.323,1.099,1.127,48673955.4,2022-06-16 23:59:59.999,57799893.8354
2022-06-17,1.128,1.197,1.117,1.16,38356971.4,2022-06-17 23:59:59.999,44567055.3641
2022-06-18,1.16,1.187,0.998,1.06,53451105.4,2022-06-18 23:59:59.999,57216785.6507
2022-06-19,1.059,1.274,1.007,1.258,75293059.0,2022-06-19 23:59:59.999,86618152.8015
2022-06-20,1.258,1.345,1.201,1.287,61664076.9,2022-06-20 23:59:59.999,78792388.0548
2022-06-21,1.287,1.457,1.265,1.333,44590710.4,2022-06-21 23:59:59.999,61098274.7715
2022-06-22,1.333,1.536,1.301,1.408,90346364.0,2022-06-22 23:59:59.999,129175079.637
2022-06-23,1.409,1.523,1.373,1.448,64165668.2,2022-06-23 23:59:59.999,92413394.9341
2022-06-24,1.448,1.584,1.446,1.527,51376811.6,2022-06-24 23:59:59.999,77642969.3041
2022-06-25,1.527,1.581,1.426,1.522,39313766.2,2022-06-25 23:59:59.999,59495009.8842
2022-06-26,1.522,1.576,1.377,1.386,31093764.0,2022-06-26 23:59:59.999,46552607.2484
2022-06-27,1.385,1.466,1.356,1.419,31036399.1,2022-06-27 23:59:59.999,43838143.3416
2022-06-28,1.419,1.512,1.341,1.364,48348091.9,2022-06-28 23:59:59.999,68600150.3203
2022-06-29,1.365,1.486,1.338,1.449,58300874.7,2022-06-29 23:59:59.999,82856385.8582
2022-06-30,1.449,1.452,1.269,1.365,45474957.2,2022-06-30 23:59:59.999,60853555.7762
2022-07-01,1.366,1.41,1.294,1.351,33224670.5,2022-07-01 23:59:59.999,44578378.0254
2022-07-02,1.352,1.457,1.303,1.435,37098549.8,2022-07-02 23:59:59.999,51191494.0022
2022-07-03,1.436,1.58,1.404,1.556,110091459.7,2022-07-03 23:59:59.999,163837602.3605
2022-07-04,1.555,1.929,1.538,1.888,233832622.7,2022-07-04 23:59:59.999,393547434.4823
2022-07-05,1.888,2.018,1.761,1.854,413305554.2,2022-07-05 23:59:59.999,779653994.4032
2022-07-06,1.855,1.892,1.764,1.823,153721997.9,2022-07-06 23:59:59.999,279726950.8772
2022-07-07,1.823,2.028,1.808,1.954,169198073.9,2022-07-07 23:59:59.999,327165386.1593
2022-07-08,1.955,2.218,1.889,2.128,179067662.7,2022-07-08 23:59:59.999,366809568.6001
2022-07-09,2.128,2.187,2.072,2.128,94748855.4,2022-07-09 23:59:59.999,201559686.3141
2022-07-10,2.128,2.143,1.961,2.04,60077610.7,2022-07-10 23:59:59.999,122133102.0846
2022-07-11,2.04,2.042,1.699,1.719,95657106.7,2022-07-11 23:59:59.999,175339845.2067
2022-07-12,1.718,1.842,1.708,1.735,87927237.7,2022-07-12 23:59:59.999,155685613.4759
2022-07-13,1.735,1.874,1.663,1.802,127843650.2,2022-07-13 23:59:59.999,226316492.5026
2022-07-14,1.804,2.051,1.682,2.022,131666247.9,2022-07-14 23:59:59.999,244134789.0528
2022-07-15,2.022,2.178,2.008,2.036,163934362.7,2022-07-15 23:59:59.999,344348384.6372
2022-07-16,2.035,2.3,1.951,2.128,105063430.7,2022-07-16 23:59:59.999,221145590.5201
2022-07-17,2.128,2.251,2.008,2.019,85032736.8,2022-07-17 23:59:59.999,181109376.7545
2022-07-18,2.019,2.198,1.956,2.086,112310503.2,2022-07-18 23:59:59.999,234759519.0623
2022-07-19,2.085,2.166,1.956,2.118,113511770.7,2022-07-19 23:59:59.999,233436216.7544
2022-07-20,2.119,2.49,2.086,2.396,270538214.6,2022-07-20 23:59:59.999,633973908.1931
2022-07-21,2.396,2.54,2.181,2.421,229190817.4,2022-07-21 23:59:59.999,542175070.073
2022-07-22,2.42,2.499,2.21,2.237,100277534.1,2022-07-22 23:59:59.999,238340304.9078
2022-07-23,2.237,2.312,2.08,2.155,73922420.1,2022-07-23 23:59:59.999,161840526.1584
2022-07-24,2.154,2.229,2.125,2.133,54047534.9,2022-07-24 23:59:59.999,117341142.1739
2022-07-25,2.134,2.157,1.91,1.915,68896691.9,2022-07-25 23:59:59.999,140018341.1412
2022-07-26,1.914,2.084,1.843,2.082,93701726.3,2022-07-26 23:59:59.999,183911244.6744
2022-07-27,2.083,2.289,1.978,2.276,92470253.3,2022-07-27 23:59:59.999,193396360.011
2022-07-28,2.276,2.449,2.125,2.399,91317241.6,2022-07-28 23:59:59.999,208028066.196
2022-07-29,2.4,2.58,2.293,2.366,82205307.4,2022-07-29 23:59:59.999,200301137.2241
2022-07-30,2.367,2.571,2.304,2.35,68097495.1,2022-07-30 23:59:59.999,166965477.0782
2022-07-31,2.349,2.626,2.307,2.497,75952421.9,2022-07-31 23:59:59.999,186644916.5193
2022-08-01,2.498,2.72,2.355,2.417,116607465.7,2022-08-01 23:59:59.999,295989059.4301
2022-08-02,2.417,2.435,2.2,2.252,77797132.1,2022-08-02 23:59:59.999,177578442.8005
2022-08-03,2.252,2.404,2.17,2.261,59052351.9,2022-08-03 23:59:59.999,136775901.5496
2022-08-04,2.261,2.387,2.187,2.246,51917491.8,2022-08-04 23:59:59.999,118159212.9012
2022-08-05,2.247,2.374,2.238,2.339,48333150.7,2022-08-05 23:59:59.999,111287754.8424
2022-08-06,2.339,2.436,2.312,2.38,39905378.9,2022-08-06 23:59:59.999,94908480.2586
2022-08-07,2.379,2.488,2.323,2.376,52152964.7,2022-08-07 23:59:59.999,125542354.0077
2022-08-08,2.376,2.547,2.369,2.528,61224759.4,2022-08-08 23:59:59.999,151463490.8977
2022-08-09,2.527,2.579,2.22,2.335,65410164.1,2022-08-09 23:59:59.999,157610537.6004
2022-08-10,2.334,2.463,2.245,2.441,64401266.0,2022-08-10 23:59:59.999,151631228.4352
2022-08-11,2.441,2.493,2.308,2.327,42407756.5,2022-08-11 23:59:59.999,102812570.0719
2022-08-12,2.328,2.355,2.261,2.338,42237463.7,2022-08-12 23:59:59.999,97721537.3816
2022-08-13,2.338,2.386,2.29,2.329,33277287.4,2022-08-13 23:59:59.999,77806291.9978
2022-08-14,2.33,2.382,2.161,2.195,42497303.2,2022-08-14 23:59:59.999,97131021.3826
2022-08-15,2.194,2.261,2.064,2.107,55093183.6,2022-08-15 23:59:59.999,119259797.225
2022-08-16,2.107,2.133,1.994,2.009,57289170.4,2022-08-16 23:59:59.999,118151008.4904
2022-08-17,2.009,2.097,1.87,1.902,76309523.9,2022-08-17 23:59:59.999,150897772.3891
2022-08-18,1.902,1.937,1.639,1.756,61099149.5,2022-08-18 23:59:59.999,113454452.8122
2022-08-19,1.757,1.768,1.552,1.646,99584083.3,2022-08-19 23:59:59.999,164151779.0944
2022-08-20,1.645,1.679,1.541,1.597,52442277.6,2022-08-20 23:59:59.999,85043975.8535
2022-08-21,1.597,1.744,1.593,1.711,64710249.7,2022-08-21 23:59:59.999,108733584.281
2022-08-22,1.711,1.733,1.604,1.726,59225251.6,2022-08-22 23:59:59.999,98602971.6722
2022-08-23,1.726,1.84,1.69,1.82,76742027.0,2022-08-23 23:59:59.999,136524306.1656
2022-08-24,1.821,1.829,1.734,1.762,42045729.3,2022-08-24 23:59:59.999,75170170.8191
2022-08-25,1.762,1.853,1.746,1.813,37778238.4,2022-08-25 23:59:59.999,67878049.064
2022-08-26,1.812,1.813,1.614,1.645,54569182.4,2022-08-26 23:59:59.999,93649791.9845
2022-08-27,1.645,1.661,1.601,1.63,28610086.7,2022-08-27 23:59:59.999,46724510.8409
2022-08-28,1.629,1.645,1.482,1.506,35466459.3,2022-08-28 23:59:59.999,56356595.5659
2022-08-29,1.506,1.618,1.478,1.612,37197489.6,2022-08-29 23:59:59.999,57534054.219
2022-08-30,1.612,1.635,1.485,1.532,36083229.0,2022-08-30 23:59:59.999,56678349.4871
2022-08-31,1.533,1.591,1.511,1.52,31584999.8,2022-08-31 23:59:59.999,49305687.1698
2022-09-01,1.52,1.541,1.455,1.534,32852600.5,2022-09-01 23:59:59.999,49439590.7338
2022-09-02,1.534,1.594,1.505,1.538,45488071.1,2022-09-02 23:59:59.999,70266269.9105
2022-09-03,1.537,1.561,1.501,1.561,23143963.0,2022-09-03 23:59:59.999,35557357.7275
2022-09-04,1.561,1.607,1.54,1.587,26778003.8,2022-09-04 23:59:59.999,42176119.1415
2022-09-05,1.588,1.605,1.53,1.583,26840625.1,2022-09-05 23:59:59.999,41837775.439
2022-09-06,1.583,1.632,1.42,1.448,45533914.0,2022-09-06 23:59:59.999,70171673.5845
2022-09-07,1.447,1.482,1.382,1.448,51116081.9,2022-09-07 23:59:59.999,72827738.2259
2022-09-08,1.448,1.482,1.404,1.45,54082640.4,2022-09-08 23:59:59.999,78022987.0462
2022-09-09,1.45,1.586,1.447,1.571,51449377.4,2022-09-09 23:59:59.999,78586739.5947
2022-09-10,1.572,1.649,1.544,1.604,55051734.3,2022-09-10 23:59:59.999,87918716.7466
2022-09-11,1.604,1.683,1.556,1.637,43408669.6,2022-09-11 23:59:59.999,70553344.4889
2022-09-12,1.637,1.663,1.509,1.564,51605165.6,2022-09-12 23:59:59.999,82462349.9555
2022-09-13,1.564,1.621,1.397,1.403,52068694.1,2022-09-13 23:59:59.999,78881571.6631
2022-09-14,1.403,1.422,1.33,1.386,56950281.8,2022-09-14 23:59:59.999,78878964.2246
2022-09-15,1.385,1.389,1.297,1.316,60672912.5,2022-09-15 23:59:59.999,81305436.2083
2022-09-16,1.316,1.353,1.297,1.348,42504852.0,2022-09-16 23:59:59.999,56359257.8036
2022-09-17,1.348,1.407,1.344,1.401,24508852.8,2022-09-17 23:59:59.999,33716251.2931
2022-09-18,1.402,1.404,1.11,1.195,47281375.6,2022-09-18 23:59:59.999,61305596.1401
2022-09-19,1.196,1.267,1.162,1.259,50469950.9,2022-09-19 23:59:59.999,61662083.1733
2022-09-20,1.259,1.268,1.209,1.238,46910901.7,2022-09-20 23:59:59.999,58180821.3627
2022-09-21,1.238,1.299,1.142,1.178,68601377.6,2022-09-21 23:59:59.999,84082258.2316
2022-09-22,1.178,1.295,1.177,1.278,45279490.5,2022-09-22 23:59:59.999,56268264.8843
2022-09-23,1.279,1.304,1.21,1.276,45980879.9,2022-09-23 23:59:59.999,57826831.6292
2022-09-24,1.277,1.299,1.229,1.236,23547269.4,2022-09-24 23:59:59.999,30048652.385
2022-09-25,1.235,1.264,1.203,1.213,25893317.1,2022-09-25 23:59:59.999,32074661.4866
2022-09-26,1.213,1.374,1.201,1.341,104340698.5,2022-09-26 23:59:59.999,137259583.4272
2022-09-27,1.341,1.393,1.307,1.328,84295455.8,2022-09-27 23:59:59.999,113963240.92
2022-09-28,1.329,1.345,1.225,1.276,65815078.2,2022-09-28 23:59:59.999,83444326.8937
2022-09-29,1.276,1.288,1.225,1.27,55264682.6,2022-09-29 23:59:59.999,69427235.4365
2022-09-30,1.269,1.3,1.243,1.27,56739125.4,2022-09-30 23:59:59.999,71938625.9804
2022-10-01,1.271,1.296,1.236,1.242,25747623.3,2022-10-01 23:59:59.999,32573871.1266
2022-10-02,1.242,1.266,1.195,1.201,38076578.4,2022-10-02 23:59:59.999,46983115.6036
2022-10-03,1.201,1.274,1.173,1.263,61306138.8,2022-10-03 23:59:59.999,75744729.9311
2022-10-04,1.264,1.295,1.25,1.289,36239860.5,2022-10-04 23:59:59.999,46139569.9661
2022-10-05,1.288,1.305,1.226,1.258,39666421.8,2022-10-05 23:59:59.999,50038602.5148
2022-10-06,1.257,1.284,1.223,1.232,41223186.8,2022-10-06 23:59:59.999,51723228.9983
2022-10-07,1.231,1.275,1.21,1.261,37806774.8,2022-10-07 23:59:59.999,47013447.5938
2022-10-08,1.26,1.284,1.224,1.244,42265130.5,2022-10-08 23:59:59.999,53292564.1243
2022-10-09,1.244,1.29,1.243,1.285,28255452.9,2022-10-09 23:59:59.999,35934408.9769
2022-10-10,1.285,1.337,1.257,1.303,68071171.2,2022-10-10 23:59:59.999,89128063.3423
2022-10-11,1.303,1.486,1.247,1.425,212396458.5,2022-10-11 23:59:59.999,293945783.7516
2022-10-12,1.425,1.5,1.413,1.448,171627805.6,2022-10-12 23:59:59.999,248633202.184
2022-10-13,1.448,1.569,1.341,1.528,248441205.8,2022-10-13 23:59:59.999,360961610.9502
2022-10-14,1.528,1.574,1.457,1.538,149997867.3,2022-10-14 23:59:59.999,227926185.2613
2022-10-15,1.538,1.538,1.426,1.443,71610479.5,2022-10-15 23:59:59.999,105539689.2938
2022-10-16,1.442,1.491,1.41,1.441,61195245.2,2022-10-16 23:59:59.999,88767929.4536
2022-10-17,1.441,1.529,1.426,1.523,74043509.5,2022-10-17 23:59:59.999,110212299.7112
2022-10-18,1.523,1.604,1.482,1.571,126697140.1,2022-10-18 23:59:59.999,198271867.5088
2022-10-19,1.571,1.591,1.487,1.502,98620597.2,2022-10-19 23:59:59.999,153187433.6344
2022-10-20,1.503,1.531,1.434,1.454,72164349.6,2022-10-20 23:59:59.999,107461047.5961
2022-10-21,1.453,1.455,1.373,1.435,65764607.4,2022-10-21 23:59:59.999,93534859.0109
2022-10-22,1.435,1.477,1.402,1.458,31316305.5,2022-10-22 23:59:59.999,44975178.8969
2022-10-23,1.458,1.549,1.415,1.54,53240378.1,2022-10-23 23:59:59.999,78001141.0884
2022-10-24,1.54,1.579,1.488,1.498,62760120.0,2022-10-24 23:59:59.999,95801546.7277
2022-10-25,1.498,1.559,1.456,1.517,65520319.8,2022-10-25 23:59:59.999,98737732.3891
2022-10-26,1.517,1.656,1.504,1.625,81036788.9,2022-10-26 23:59:59.999,128699952.1657
2022-10-27,1.625,1.783,1.601,1.659,100447419.7,2022-10-27 23:59:59.999,168996468.5026
2022-10-28,1.659,1.799,1.63,1.742,84301138.7,2022-10-28 23:59:59.999,144481642.7247
2022-10-29,1.742,1.919,1.686,1.76,83564082.5,2022-10-29 23:59:59.999,147308155.8784
2022-10-30,1.761,1.827,1.656,1.685,48699601.9,2022-10-30 23:59:59.999,84793432.5346
2022-10-31,1.685,1.755,1.612,1.636,53396571.0,2022-10-31 23:59:59.999,89812328.9079
2022-11-01,1.636,1.677,1.602,1.612,33172486.9,2022-11-01 23:59:59.999,54492081.2347
2022-11-02,1.612,1.618,1.452,1.497,62787108.9,2022-11-02 23:59:59.999,96252976.5315
2022-11-03,1.497,1.651,1.492,1.594,59237138.9,2022-11-03 23:59:59.999,94883340.5802
2022-11-04,1.594,1.979,1.575,1.878,117629413.6,2022-11-04 23:59:59.999,214053831.7179
2022-11-05,1.878,2.002,1.837,1.896,68755473.8,2022-11-05 23:59:59.999,130618623.6374
2022-11-06,1.895,2.0,1.795,1.803,81128190.4,2022-11-06 23:59:59.999,154736850.0305
2022-11-07,1.802,2.059,1.695,1.754,147611333.8,2022-11-07 23:59:59.999,274373686.8957
2022-11-08,1.754,1.784,1.162,1.424,170704276.1,2022-11-08 23:59:59.999,267645326.5283
2022-11-09,1.424,1.547,1.191,1.329,208587591.3,2022-11-09 23:59:59.999,287581607.6255
2022-11-10,1.33,1.8,1.327,1.722,220420536.2,2022-11-10 23:59:59.999,346014189.1742
2022-11-11,1.722,2.196,1.72,1.946,337504134.0,2022-11-11 23:59:59.999,665122427.5943
2022-11-12,1.947,2.1,1.716,1.887,198863258.1,2022-11-12 23:59:59.999,378905902.6775
2022-11-13,1.886,2.57,1.865,2.396,474293893.7,2022-11-13 23:59:59.999,1118057200.0875
2022-11-14,2.397,2.697,2.143,2.534,351104967.1,2022-11-14 23:59:59.999,836131810.8103
2022-11-15,2.533,2.727,2.27,2.362,308253465.9,2022-11-15 23:59:59.999,771316913.7243
2022-11-16,2.361,2.487,2.232,2.317,238476230.1,2022-11-16 23:59:59.999,560265866.9356
2022-11-17,2.317,2.339,2.08,2.128,179592690.0,2022-11-17 23:59:59.999,395184242.7222
2022-11-18,2.127,2.234,2.031,2.046,137043216.4,2022-11-18 23:59:59.999,290782914.0317
2022-11-19,2.047,2.218,2.005,2.15,147992637.6,2022-11-19 23:59:59.999,315143050.319
2022-11-20,2.15,2.16,1.795,1.831,135630649.6,2022-11-20 23:59:59.999,266658598.8835
2022-11-21,1.831,1.897,1.702,1.846,195322454.6,2022-11-21 23:59:59.999,353803523.3487
2022-11-22,1.846,1.932,1.703,1.798,200099362.0,2022-11-22 23:59:59.999,360093687.4506
2022-11-23,1.799,2.039,1.764,2.026,182522872.5,2022-11-23 23:59:59.999,351284231.621
2022-11-24,2.026,2.071,1.88,1.94,119122258.5,2022-11-24 23:59:59.999,233941599.849
2022-11-25,1.939,1.963,1.763,1.833,95815812.2,2022-11-25 23:59:59.999,175758953.4465
2022-11-26,1.832,1.887,1.72,1.766,83293336.7,2022-11-26 23:59:59.999,150793873.8381
2022-11-27,1.766,1.848,1.736,1.758,64954178.5,2022-11-27 23:59:59.999,116372430.84
2022-11-28,1.758,1.772,1.577,1.659,113534946.6,2022-11-28 23:59:59.999,186289962.1841
2022-11-29,1.66,1.759,1.635,1.736,83863831.1,2022-11-29 23:59:59.999,143574693.4845
2022-11-30,1.736,1.827,1.632,1.763,99384116.1,2022-11-30 23:59:59.999,173469577.884
2022-12-01,1.764,1.873,1.697,1.83,126636421.0,2022-12-01 23:59:59.999,226433261.5508
2022-12-02,1.83,1.933,1.811,1.891,156281838.8,2022-12-02 23:59:59.999,294852425.8937
2022-12-03,1.891,1.93,1.778,1.783,64610562.3,2022-12-03 23:59:59.999,119664885.0909
2022-12-04,1.784,1.875,1.78,1.85,46633556.9,2022-12-04 23:59:59.999,85328903.8409
2022-12-05,1.85,1.885,1.729,1.776,59120064.7,2022-12-05 23:59:59.999,107068647.5621
2022-12-06,1.775,1.794,1.717,1.758,47155133.4,2022-12-06 23:59:59.999,82681220.1932
2022-12-07,1.757,1.766,1.6,1.617,74310665.5,2022-12-07 23:59:59.999,123074989.4345
2022-12-08,1.618,1.653,1.545,1.626,96008496.6,2022-12-08 23:59:59.999,153904611.7497
2022-12-09,1.626,1.645,1.565,1.593,71647027.4,2022-12-09 23:59:59.999,115158406.5217
2022-12-10,1.593,1.623,1.576,1.607,40782391.7,2022-12-10 23:59:59.999,65424593.5725
2022-12-11,1.607,1.639,1.501,1.556,48252578.2,2022-12-11 23:59:59.999,77251132.6982
2022-12-12,1.556,1.715,1.432,1.681,155734083.5,2022-12-12 23:59:59.999,249020736.7774
2022-12-13,1.681,1.79,1.602,1.661,283537525.4,2022-12-13 23:59:59.999,480999617.6345
2022-12-14,1.66,1.689,1.546,1.606,111406797.9,2022-12-14 23:59:59.999,182245706.0677
2022-12-15,1.607,1.695,1.568,1.626,110194948.0,2022-12-15 23:59:59.999,181650867.4741
2022-12-16,1.627,1.665,1.335,1.4,134769539.2,2022-12-16 23:59:59.999,207555225.6806
2022-12-17,1.4,1.443,1.369,1.422,76457912.8,2022-12-17 23:59:59.999,107473331.9588
2022-12-18,1.422,1.444,1.385,1.405,45751961.0,2022-12-18 23:59:59.999,64700803.9716
2022-12-19,1.405,1.438,1.291,1.331,83028426.6,2022-12-19 23:59:59.999,114941260.7713
2022-12-20,1.331,1.415,1.33,1.379,70870193.1,2022-12-20 23:59:59.999,98237012.5216
2022-12-21,1.379,1.393,1.153,1.197,269922025.0,2022-12-21 23:59:59.999,335030127.6572
2022-12-22,1.197,1.238,1.179,1.221,180998583.2,2022-12-22 23:59:59.999,218665904.4804
2022-12-23,1.222,1.245,1.185,1.203,100494758.8,2022-12-23 23:59:59.999,121457747.349
2022-12-24,1.204,1.215,1.192,1.21,41648533.8,2022-12-24 23:59:59.999,50099475.4811
2022-12-25,1.21,1.216,1.042,1.128,118783141.2,2022-12-25 23:59:59.999,135537784.8036
2022-12-26,1.127,1.159,1.123,1.146,87421199.7,2022-12-26 23:59:59.999,99703232.9387
2022-12-27,1.145,1.167,1.089,1.127,102471558.0,2022-12-27 23:59:59.999,116075213.2823
2022-12-28,1.127,1.128,1.02,1.04,131790472.3,2022-12-28 23:59:59.999,139983149.002
2022-12-29,1.04,1.073,1.012,1.046,117528054.4,2022-12-29 23:59:59.999,123221899.6943
2022-12-30,1.046,1.054,1.011,1.051,103265167.0,2022-12-30 23:59:59.999,106636173.6789
2022-12-31,1.051,1.12,1.034,1.102,151183601.3,2022-12-31 23:59:59.999,164746909.6974
2023-01-01,1.102,1.162,1.084,1.139,134482148.4,2023-01-01 23:59:59.999,150255741.8033
2023-01-02,1.139,1.212,1.121,1.182,154403320.8,2023-01-02 23:59:59.999,180977350.3707
2023-01-03,1.182,1.196,1.131,1.161,118439566.2,2023-01-03 23:59:59.999,137617647.7673
2023-01-04,1.162,1.202,1.154,1.178,143401452.4,2023-01-04 23:59:59.999,169214800.7036
2023-01-05,1.179,1.249,1.159,1.178,138426708.9,2023-01-05 23:59:59.999,166114705.4471
2023-01-06,1.178,1.237,1.137,1.213,127814192.7,2023-01-06 23:59:59.999,150994008.2437
2023-01-07,1.213,1.235,1.193,1.215,74056019.4,2023-01-07 23:59:59.999,89715579.666
2023-01-08,1.216,1.267,1.185,1.261,90251369.8,2023-01-08 23:59:59.999,110246955.0118
2023-01-09,1.262,1.376,1.252,1.321,145063012.2,2023-01-09 23:59:59.999,190194116.958
2023-01-10,1.322,1.422,1.281,1.38,123009888.0,2023-01-10 23:59:59.999,167540061.8346
2023-01-11,1.379,1.383,1.313,1.369,94577457.7,2023-01-11 23:59:59.999,126732012.0195
2023-01-12,1.369,1.449,1.321,1.43,130477394.5,2023-01-12 23:59:59.999,179855627.2842
2023-01-13,1.431,1.488,1.385,1.467,106640246.4,2023-01-13 23:59:59.999,152210455.3855
2023-01-14,1.468,1.593,1.401,1.541,143071351.5,2023-01-14 23:59:59.999,217212363.5553
2023-01-15,1.54,1.588,1.451,1.507,90309493.4,2023-01-15 23:59:59.999,136559568.4106
2023-01-16,1.507,1.589,1.426,1.481,85846507.5,2023-01-16 23:59:59.999,129251774.447
2023-01-17,1.481,1.511,1.402,1.411,73294053.3,2023-01-17 23:59:59.999,106862393.0704
2023-01-18,1.411,1.451,1.224,1.28,135789166.7,2023-01-18 23:59:59.999,184473208.6068
2023-01-19,1.281,1.342,1.278,1.315,64128871.6,2023-01-19 23:59:59.999,84111823.7299
2023-01-20,1.316,1.748,1.299,1.675,141882252.3,2023-01-20 23:59:59.999,209906379.6123
2023-01-21,1.674,1.812,1.596,1.618,163332615.6,2023-01-21 23:59:59.999,275302360.9324
2023-01-22,1.618,1.76,1.606,1.658,119225425.1,2023-01-22 23:59:59.999,200060414.9345
2023-01-23,1.659,1.869,1.658,1.741,148101552.4,2023-01-23 23:59:59.999,265408848.2587
2023-01-24,1.74,1.764,1.512,1.54,95811279.1,2023-01-24 23:59:59.999,160593011.0772
2023-01-25,1.541,2.143,1.516,1.928,375006664.9,2023-01-25 23:59:59.999,699904685.2974
2023-01-26,1.928,2.376,1.887,2.305,346770691.6,2023-01-26 23:59:59.999,756147535.3177
2023-01-27,2.304,2.528,2.1,2.416,213935220.4,2023-01-27 23:59:59.999,488777627.2796
2023-01-28,2.415,2.457,2.214,2.297,122045145.2,2023-01-28 23:59:59.999,283511910.8423
2023-01-29,2.297,2.403,2.173,2.344,124234748.0,2023-01-29 23:59:59.999,284476114.0527
2023-01-30,2.343,2.7,2.173,2.5,352382032.2,2023-01-30 23:59:59.999,868398643.5076
2023-01-31,2.499,3.58,2.333,3.225,513611703.4,2023-01-31 23:59:59.999,1450745293.8887
2023-02-01,3.225,3.535,2.926,3.291,513220984.2,2023-02-01 23:59:59.999,1620528726.3919
2023-02-02,3.291,3.68,3.152,3.198,251502327.2,2023-02-02 23:59:59.999,858643116.2573
2023-02-03,3.199,3.346,3.089,3.219,173444960.0,2023-02-03 23:59:59.999,555580872.8807
2023-02-04,3.22,3.293,3.079,3.121,114281038.3,2023-02-04 23:59:59.999,363081958.1833
2023-02-05,3.122,3.198,2.693,2.978,161763806.1,2023-02-05 23:59:59.999,476324864.5071
2023-02-06,2.977,3.138,2.811,2.901,181055079.3,2023-02-06 23:59:59.999,545912408.1024
2023-02-07,2.902,3.22,2.901,3.158,186359517.5,2023-02-07 23:59:59.999,575604590.7352
2023-02-08,3.159,3.272,2.837,2.922,131127088.7,2023-02-08 23:59:59.999,396889909.1183
2023-02-09,2.921,3.009,2.411,2.517,208908077.0,2023-02-09 23:59:59.999,582415600.488
2023-02-10,2.517,2.568,2.403,2.442,168519257.3,2023-02-10 23:59:59.999,418814403.4965
2023-02-11,2.442,2.683,2.369,2.624,131519637.9,2023-02-11 23:59:59.999,332272840.301
2023-02-12,2.624,2.745,2.45,2.504,127425233.4,2023-02-12 23:59:59.999,332808045.6759
2023-02-13,2.504,2.532,2.308,2.427,191334355.9,2023-02-13 23:59:59.999,463795777.6496
2023-02-14,2.428,2.693,2.386,2.635,189285358.6,2023-02-14 23:59:59.999,479604460.9368
2023-02-15,2.636,2.999,2.588,2.988,187602555.6,2023-02-15 23:59:59.999,524415408.9503
2023-02-16,2.989,3.245,2.833,2.868,219002222.4,2023-02-16 23:59:59.999,666233194.4882
2023-02-17,2.869,3.189,2.846,3.132,176876304.9,2023-02-17 23:59:59.999,539403107.402
2023-02-18,3.132,3.168,2.951,2.99,73653968.7,2023-02-18 23:59:59.999,225210383.8415
2023-02-19,2.99,3.089,2.77,2.83,103353570.6,2023-02-19 23:59:59.999,305412049.9667
2023-02-20,2.83,2.956,2.732,2.917,92891233.9,2023-02-20 23:59:59.999,266959898.9322
2023-02-21,2.916,2.982,2.651,2.727,108951505.7,2023-02-21 23:59:59.999,305815453.2082
2023-02-22,2.727,2.736,2.52,2.671,117619008.6,2023-02-22 23:59:59.999,306668296.8452
2023-02-23,2.671,2.805,2.543,2.663,125401549.8,2023-02-23 23:59:59.999,336525044.8878
2023-02-24,2.663,2.807,2.523,2.664,189295212.4,2023-02-24 23:59:59.999,506279631.2716
2023-02-25,2.663,2.848,2.502,2.839,172303072.1,2023-02-25 23:59:59.999,464335633.8412
2023-02-26,2.838,2.898,2.782,2.854,125450646.8,2023-02-26 23:59:59.999,356323580.2035
2023-02-27,2.855,3.046,2.742,2.969,166000731.4,2023-02-27 23:59:59.999,481419394.3704
2023-02-28,2.969,3.117,2.89,2.917,210720027.4,2023-02-28 23:59:59.999,635941971.4576
2023-03-01,2.917,3.289,2.913,3.239,163252840.7,2023-03-01 23:59:59.999,513974960.4682
2023-03-02,3.239,3.3,2.968,3.038,149243301.6,2023-03-02 23:59:59.999,461297295.4941
2023-03-03,3.039,3.04,2.452,2.615,178783774.9,2023-03-03 23:59:59.999,478111856.134
2023-03-04,2.615,2.639,2.287,2.387,126307571.8,2023-03-04 23:59:59.999,311130333.034
2023-03-05,2.388,2.498,2.353,2.413,119910893.0,2023-03-05 23:59:59.999,291896439.0714
2023-03-06,2.414,2.478,2.333,2.432,107536280.8,2023-03-06 23:59:59.999,258709814.8494
2023-03-07,2.433,2.497,2.182,2.251,160915393.8,2023-03-07 23:59:59.999,370499174.5495
2023-03-08,2.251,2.264,1.907,1.994,209072584.6,2023-03-08 23:59:59.999,445384564.4845
2023-03-09,1.994,2.156,1.929,2.055,296524169.9,2023-03-09 23:59:59.999,607682800.7992
2023-03-10,2.055,2.113,1.788,1.996,333683954.7,2023-03-10 23:59:59.999,652488353.5323
2023-03-11,1.997,2.07,1.751,1.876,208678354.9,2023-03-11 23:59:59.999,388958752.0355
2023-03-12,1.876,2.283,1.833,2.233,216782388.3,2023-03-12 23:59:59.999,433284511.3543
2023-03-13,2.232,2.47,2.108,2.388,225766253.6,2023-03-13 23:59:59.999,515398060.8656
2023-03-14,2.388,2.774,2.335,2.576,218892004.5,2023-03-14 23:59:59.999,553673270.1629
2023-03-15,2.576,2.724,2.225,2.271,247194437.3,2023-03-15 23:59:59.999,615089784.9078
2023-03-16,2.27,2.497,2.207,2.384,162616602.6,2023-03-16 23:59:59.999,384059763.7539
2023-03-17,2.383,2.707,2.342,2.7,158212863.9,2023-03-17 23:59:59.999,392570428.1511
2023-03-18,2.701,3.014,2.611,2.662,152207039.7,2023-03-18 23:59:59.999,427574869.5662
2023-03-19,2.662,2.915,2.625,2.734,116571110.5,2023-03-19 23:59:59.999,322797564.6613
2023-03-20,2.735,2.856,2.457,2.491,134644517.9,2023-03-20 23:59:59.999,354301182.0469
2023-03-21,2.491,2.729,2.399,2.596,128593758.6,2023-03-21 23:59:59.999,329720706.1424
2023-03-22,2.597,2.661,2.37,2.499,126880826.4,2023-03-22 23:59:59.999,321832907.8222
2023-03-23,2.498,2.672,2.419,2.622,87589833.2,2023-03-23 23:59:59.999,222481879.6554
2023-03-24,2.623,2.662,2.361,2.422,91533264.4,2023-03-24 23:59:59.999,228525956.6304
2023-03-25,2.422,2.434,2.238,2.285,48057587.3,2023-03-25 23:59:59.999,112125954.9481
2023-03-26,2.286,2.41,2.263,2.377,43536254.1,2023-03-26 23:59:59.999,102344893.8584
2023-03-27,2.378,2.435,2.139,2.395,130587819.8,2023-03-27 23:59:59.999,305219357.7663
2023-03-28,2.395,2.548,2.273,2.523,141893346.4,2023-03-28 23:59:59.999,340585317.7744
2023-03-29,2.524,2.609,2.482,2.516,83008372.8,2023-03-29 23:59:59.999,211257638.1752
2023-03-30,2.517,2.613,2.372,2.441,79562830.7,2023-03-30 23:59:59.999,196458309.6559
2023-03-31,2.441,2.533,2.388,2.509,68372206.0,2023-03-31 23:59:59.999,168650333.555
2023-04-01,2.509,2.536,2.425,2.461,32236320.8,2023-04-01 23:59:59.999,79533176.5906
2023-04-02,2.46,2.482,2.347,2.424,45009225.0,2023-04-02 23:59:59.999,108516801.1852
2023-04-03,2.424,2.53,2.289,2.458,92783949.8,2023-04-03 23:59:59.999,226058440.3017
2023-04-04,2.458,2.56,2.404,2.497,52116410.1,2023-04-04 23:59:59.999,129687707.7751
2023-04-05,2.498,2.67,2.489,2.631,66356198.3,2023-04-05 23:59:59.999,172900429.868
2023-04-06,2.631,2.717,2.533,2.564,63780662.1,2023-04-06 23:59:59.999,166341387.8173
2023-04-07,2.563,2.619,2.41,2.461,44790380.9,2023-04-07 23:59:59.999,111732740.345
2023-04-08,2.46,2.509,2.4,2.423,28611224.6,2023-04-08 23:59:59.999,70290526.2252
2023-04-09,2.424,2.483,2.407,2.455,32866810.3,2023-04-09 23:59:59.999,80340732.5217
2023-04-10,2.455,2.562,2.4,2.557,38188679.5,2023-04-10 23:59:59.999,94187433.5865
2023-04-11,2.558,2.587,2.504,2.546,38621727.8,2023-04-11 23:59:59.999,98376354.0529
2023-04-12,2.545,2.552,2.376,2.47,57974912.8,2023-04-12 23:59:59.999,141659534.2698
2023-04-13,2.47,2.658,2.44,2.629,52903845.6,2023-04-13 23:59:59.999,136348993.8961
2023-04-14,2.629,2.795,2.59,2.731,69888831.5,2023-04-14 23:59:59.999,188516611.826
2023-04-15,2.731,2.952,2.674,2.868,79038877.5,2023-04-15 23:59:59.999,223885662.348
2023-04-16,2.868,2.94,2.759,2.853,58697220.6,2023-04-16 23:59:59.999,167243681.8874
2023-04-17,2.852,3.096,2.751,2.959,116100843.0,2023-04-17 23:59:59.999,343849698.1163
2023-04-18,2.959,3.204,2.9,3.156,80293721.6,2023-04-18 23:59:59.999,247515417.4198
2023-04-19,3.157,3.183,2.711,2.783,81740250.4,2023-04-19 23:59:59.999,240015054.0278
2023-04-20,2.783,2.915,2.65,2.691,84700671.8,2023-04-20 23:59:59.999,235762922.5106
2023-04-21,2.692,2.744,2.43,2.474,72580785.1,2023-04-21 23:59:59.999,188753744.0527
2023-04-22,2.474,2.548,2.441,2.546,43265698.1,2023-04-22 23:59:59.999,107567687.0172
2023-04-23,2.545,2.545,2.337,2.405,53206161.3,2023-04-23 23:59:59.999,130309253.4026
2023-04-24,2.405,2.593,2.371,2.487,87226397.1,2023-04-24 23:59:59.999,217031012.1513
2023-04-25,2.486,2.607,2.375,2.587,66353585.0,2023-04-25 23:59:59.999,163009548.5753
2023-04-26,2.587,2.715,2.403,2.535,90017742.0,2023-04-26 23:59:59.999,233085539.4162
2023-04-27,2.536,2.688,2.522,2.649,71419473.5,2023-04-27 23:59:59.999,186588835.3242
2023-04-28,2.648,2.754,2.587,2.716,65078056.3,2023-04-28 23:59:59.999,174633638.1844
2023-04-29,2.716,2.778,2.631,2.665,39738839.4,2023-04-29 23:59:59.999,107581812.2018
2023-04-30,2.665,2.691,2.561,2.597,41070790.3,2023-04-30 23:59:59.999,107932243.4061
2023-05-01,2.597,2.612,2.404,2.447,41507758.8,2023-05-01 23:59:59.999,103547990.1835
2023-05-02,2.447,2.468,2.4,2.443,35883878.0,2023-05-02 23:59:59.999,87426266.4321
2023-05-03,2.444,2.615,2.381,2.57,75089544.1,2023-05-03 23:59:59.999,184996003.5846
2023-05-04,2.571,2.595,2.466,2.492,42047117.3,2023-05-04 23:59:59.999,106540912.7978
2023-05-05,2.492,2.597,2.44,2.563,44052225.1,2023-05-05 23:59:59.999,111368718.2093
2023-05-06,2.563,2.584,2.344,2.37,47287898.8,2023-05-06 23:59:59.999,115182900.0959
2023-05-07,2.37,2.421,2.341,2.352,30870694.6,2023-05-07 23:59:59.999,73575749.9711
2023-05-08,2.353,2.383,2.012,2.127,75348751.5,2023-05-08 23:59:59.999,164772489.1366
2023-05-09,2.128,2.167,2.082,2.128,37674022.9,2023-05-09 23:59:59.999,80121205.7665
2023-05-10,2.128,2.245,2.05,2.197,60200100.9,2023-05-10 23:59:59.999,130492476.4184
2023-05-11,2.198,2.199,1.906,1.992,71735667.1,2023-05-11 23:59:59.999,145715606.9012
2023-05-12,1.991,2.123,1.922,2.113,71428916.4,2023-05-12 23:59:59.999,145451568.7089
2023-05-13,2.112,2.169,2.067,2.117,38589267.7,2023-05-13 23:59:59.999,81664929.6014
2023-05-14,2.118,2.192,2.067,2.141,34202032.1,2023-05-14 23:59:59.999,73040934.5867
2023-05-15,2.142,2.246,2.09,2.207,46998027.2,2023-05-15 23:59:59.999,103097453.0119
2023-05-16,2.206,2.259,2.154,2.184,46937552.4,2023-05-16 23:59:59.999,102957862.9952
2023-05-17,2.184,2.238,2.093,2.218,66379169.7,2023-05-17 23:59:59.999,143810596.9141
2023-05-18,2.219,2.249,2.101,2.175,54736779.4,2023-05-18 23:59:59.999,119953531.7237
2023-05-19,2.175,2.179,2.11,2.161,40291448.8,2023-05-19 23:59:59.999,86523678.6343
2023-05-20,2.162,2.169,2.124,2.157,23806047.8,2023-05-20 23:59:59.999,51003089.2312
2023-05-21,2.157,2.164,2.051,2.073,26741888.6,2023-05-21 23:59:59.999,56367130.8307
2023-05-22,2.073,2.105,2.025,2.085,30270789.1,2023-05-22 23:59:59.999,62684761.2921
2023-05-23,2.086,2.187,2.066,2.143,41426369.3,2023-05-23 23:59:59.999,88995121.102
2023-05-24,2.143,2.145,1.949,2.018,52708785.8,2023-05-24 23:59:59.999,107781811.5829
2023-05-25,2.018,2.038,1.941,2.004,34644443.5,2023-05-25 23:59:59.999,69343684.1258
2023-05-26,2.003,2.037,1.975,2.007,31086979.0,2023-05-26 23:59:59.999,62409206.9152
2023-05-27,2.007,2.054,1.998,2.046,23132971.6,2023-05-27 23:59:59.999,46999071.3391
2023-05-28,2.046,2.115,2.035,2.096,26937383.9,2023-05-28 23:59:59.999,55784988.9839
2023-05-29,2.097,2.149,2.013,2.036,41830233.7,2023-05-29 23:59:59.999,86876144.4249
2023-05-30,2.037,2.154,2.007,2.127,54962431.1,2023-05-30 23:59:59.999,115089254.7651
2023-05-31,2.126,2.18,2.01,2.037,56430536.3,2023-05-31 23:59:59.999,116925375.2506
2023-06-01,2.037,2.052,1.97,2.008,33282644.7,2023-06-01 23:59:59.999,67172851.0005
2023-06-02,2.007,2.12,1.986,2.113,34778948.3,2023-06-02 23:59:59.999,71758912.7002
2023-06-03,2.114,2.129,2.049,2.075,22873814.3,2023-06-03 23:59:59.999,47828022.4367
2023-06-04,2.076,2.173,2.054,2.127,23946165.2,2023-06-04 23:59:59.999,50781332.5125
2023-06-05,2.127,2.269,1.961,2.004,235127071.6,2023-06-05 23:59:59.999,504643470.3977
2023-06-06,2.005,2.171,1.895,2.121,126620043.9,2023-06-06 23:59:59.999,253212318.1295
2023-06-07,2.121,2.123,1.93,1.962,77457129.7,2023-06-07 23:59:59.999,156119120.2481
2023-06-08,1.963,2.055,1.938,1.981,54638848.3,2023-06-08 23:59:59.999,108987439.5903
2023-06-09,1.981,2.012,1.927,1.957,42575945.6,2023-06-09 23:59:59.999,83729108.1024
2023-06-10,1.958,1.963,1.35,1.584,134080056.9,2023-06-10 23:59:59.999,216898956.4951
2023-06-11,1.585,1.596,1.525,1.556,42889760.9,2023-06-11 23:59:59.999,67059623.1903
2023-06-12,1.555,1.573,1.492,1.561,51181000.8,2023-06-12 23:59:59.999,78380550.1176
2023-06-13,1.561,1.649,1.553,1.596,62222682.6,2023-06-13 23:59:59.999,99469971.5901
2023-06-14,1.596,1.673,1.501,1.549,53808633.4,2023-06-14 23:59:59.999,85497077.3307
2023-06-15,1.549,1.647,1.504,1.613,51066794.9,2023-06-15 23:59:59.999,79803301.0996
2023-06-16,1.614,1.747,1.603,1.694,71535155.6,2023-06-16 23:59:59.999,119457309.4546
2023-06-17,1.695,1.745,1.674,1.696,34361135.1,2023-06-17 23:59:59.999,58774150.2802
2023-06-18,1.697,1.714,1.62,1.681,26623633.1,2023-06-18 23:59:59.999,44874570.1771
2023-06-19,1.68,1.731,1.651,1.698,34397189.9,2023-06-19 23:59:59.999,57914252.2167
2023-06-20,1.698,1.799,1.637,1.791,47247458.2,2023-06-20 23:59:59.999,81155534.7387
2023-06-21,1.792,1.882,1.765,1.868,50466881.2,2023-06-21 23:59:59.999,91703308.2391
2023-06-22,1.868,1.933,1.817,1.823,44874053.8,2023-06-22 23:59:59.999,84152433.3013
2023-06-23,1.824,1.957,1.822,1.898,39332428.5,2023-06-23 23:59:59.999,73948254.7712
2023-06-24,1.898,1.902,1.778,1.828,36607319.9,2023-06-24 23:59:59.999,67628497.2282
2023-06-25,1.829,2.05,1.821,1.967,66891257.4,2023-06-25 23:59:59.999,131915931.1549
2023-06-26,1.967,2.04,1.885,1.945,63283985.6,2023-06-26 23:59:59.999,123877035.7278
2023-06-27,1.945,2.05,1.937,1.982,44960768.7,2023-06-27 23:59:59.999,89481356.3941
2023-06-28,1.983,1.983,1.775,1.863,50405712.1,2023-06-28 23:59:59.999,96068576.1873
2023-06-29,1.863,2.009,1.859,1.984,45964116.8,2023-06-29 23:59:59.999,89739981.4028
2023-06-30,1.983,2.092,1.828,2.067,82696376.9,2023-06-30 23:59:59.999,165196451.5162
2023-07-01,2.066,2.148,2.008,2.109,46035249.7,2023-07-01 23:59:59.999,95794470.0869
2023-07-02,2.109,2.152,2.028,2.124,40971834.8,2023-07-02 23:59:59.999,86201999.9788
2023-07-03,2.124,2.162,1.965,1.984,52617762.5,2023-07-03 23:59:59.999,109405069.8026
2023-07-04,1.984,2.015,1.909,1.948,68798333.7,2023-07-04 23:59:59.999,135542630.0288
2023-07-05,1.948,1.979,1.829,1.896,54790164.8,2023-07-05 23:59:59.999,104570492.5092
2023-07-06,1.897,1.958,1.801,1.804,62209074.8,2023-07-06 23:59:59.999,116438243.0255
2023-07-07,1.804,1.879,1.767,1.877,35669420.2,2023-07-07 23:59:59.999,65366051.3747
2023-07-08,1.877,1.896,1.815,1.855,22662958.6,2023-07-08 23:59:59.999,42192567.6685
2023-07-09,1.855,1.878,1.815,1.83,17310181.2,2023-07-09 23:59:59.999,31967481.0652
2023-07-10,1.831,1.891,1.754,1.853,37104172.1,2023-07-10 23:59:59.999,67432076.9771
2023-07-11,1.854,1.911,1.842,1.87,33765895.7,2023-07-11 23:59:59.999,63269119.9126
2023-07-12,1.87,1.891,1.81,1.841,39478942.2,2023-07-12 23:59:59.999,73177332.3469
2023-07-13,1.842,2.037,1.825,2.024,69784019.5,2023-07-13 23:59:59.999,134495625.8958
2023-07-14,2.025,2.25,2.018,2.098,99844701.6,2023-07-14 23:59:59.999,210248121.9884
2023-07-15,2.098,2.132,2.045,2.072,40678243.7,2023-07-15 23:59:59.999,84655622.4412
2023-07-16,2.072,2.136,2.013,2.035,37932520.5,2023-07-16 23:59:59.999,78849773.3989
2023-07-17,2.035,2.265,2.021,2.141,118381915.4,2023-07-17 23:59:59.999,254348604.8231
2023-07-18,2.14,2.166,1.997,2.027,59909671.5,2023-07-18 23:59:59.999,124193845.1323
2023-07-19,2.027,2.157,2.011,2.101,60162695.7,2023-07-19 23:59:59.999,124881731.1008
2023-07-20,2.101,2.281,2.101,2.151,83812548.8,2023-07-20 23:59:59.999,182864817.802
2023-07-21,2.15,2.31,2.125,2.143,92100393.1,2023-07-21 23:59:59.999,202899071.4919
2023-07-22,2.144,2.174,2.077,2.123,43361105.8,2023-07-22 23:59:59.999,92616804.9594
2023-07-23,2.123,2.245,2.11,2.188,45499294.1,2023-07-23 23:59:59.999,98921423.4128
2023-07-24,2.188,2.209,2.048,2.075,54920608.2,2023-07-24 23:59:59.999,116532390.7806
2023-07-25,2.075,2.084,2.004,2.062,38500444.1,2023-07-25 23:59:59.999,78604921.1012
2023-07-26,2.062,2.099,2.02,2.068,46802204.5,2023-07-26 23:59:59.999,96608986.6445
2023-07-27,2.068,2.118,2.025,2.05,32486878.7,2023-07-27 23:59:59.999,67317741.4518
2023-07-28,2.051,2.065,2.013,2.061,25452264.6,2023-07-28 23:59:59.999,51953853.523
2023-07-29,2.061,2.102,2.054,2.078,18228225.8,2023-07-29 23:59:59.999,37852610.7453
2023-07-30,2.079,2.1,1.97,2.046,27281144.1,2023-07-30 23:59:59.999,56001691.3486
2023-07-31,2.047,2.163,2.009,2.121,73798555.5,2023-07-31 23:59:59.999,154960134.4678
2023-08-01,2.121,2.136,1.948,2.03,78203480.1,2023-08-01 23:59:59.999,158610420.4075
2023-08-02,2.03,2.045,1.944,1.97,43866024.8,2023-08-02 23:59:59.999,87191131.4297
2023-08-03,1.97,1.993,1.893,1.911,33645473.2,2023-08-03 23:59:59.999,65425619.2313
2023-08-04,1.911,1.982,1.902,1.969,36018427.4,2023-08-04 23:59:59.999,70361140.0183
2023-08-05,1.969,2.109,1.965,2.064,73636849.9,2023-08-05 23:59:59.999,150543785.5607
2023-08-06,2.063,2.086,2.029,2.04,26496555.9,2023-08-06 23:59:59.999,54449847.257
2023-08-07,2.041,2.079,1.98,2.056,29520342.8,2023-08-07 23:59:59.999,59965228.1707
2023-08-08,2.056,2.108,2.051,2.084,33829441.4,2023-08-08 23:59:59.999,70388754.9502
2023-08-09,2.083,2.133,2.074,2.133,28974632.6,2023-08-09 23:59:59.999,61094977.4489
2023-08-10,2.132,2.228,2.115,2.191,70606507.1,2023-08-10 23:59:59.999,153103532.6211
2023-08-11,2.192,2.214,2.131,2.166,32632999.3,2023-08-11 23:59:59.999,70783122.1179
2023-08-12,2.167,2.246,2.157,2.23,29886690.4,2023-08-12 23:59:59.999,65614127.79
2023-08-13,2.23,2.242,2.176,2.214,30796610.4,2023-08-13 23:59:59.999,67940647.6783
2023-08-14,2.214,2.272,2.172,2.188,31640164.8,2023-08-14 23:59:59.999,70199064.8526
2023-08-15,2.189,2.191,2.11,2.148,42686957.7,2023-08-15 23:59:59.999,91923683.7588
2023-08-16,2.148,2.182,1.947,1.997,61218168.2,2023-08-16 23:59:59.999,126905308.1369
2023-08-17,1.998,2.036,1.698,1.882,68149459.7,2023-08-17 23:59:59.999,132260006.448
2023-08-18,1.882,1.984,1.877,1.965,43686430.5,2023-08-18 23:59:59.999,84716074.5018
2023-08-19,1.965,1.993,1.937,1.971,15804301.5,2023-08-19 23:59:59.999,31041712.4483
2023-08-20,1.971,1.985,1.914,1.919,18039923.5,2023-08-20 23:59:59.999,35208168.3934
2023-08-21,1.919,1.947,1.859,1.935,29453740.9,2023-08-21 23:59:59.999,56528803.4415
2023-08-22,1.934,1.967,1.82,1.954,34478828.1,2023-08-22 23:59:59.999,65887275.229
2023-08-23,1.954,2.167,1.944,2.148,68155667.1,2023-08-23 23:59:59.999,139826931.6455
2023-08-24,2.149,2.24,2.084,2.18,125468958.1,2023-08-24 23:59:59.999,271634772.0185
2023-08-25,2.18,2.195,2.102,2.17,74281398.6,2023-08-25 23:59:59.999,160049561.6942
2023-08-26,2.17,2.22,2.067,2.083,51085288.8,2023-08-26 23:59:59.999,109134969.4977
2023-08-27,2.083,2.246,2.072,2.216,77660698.6,2023-08-27 23:59:59.999,168078990.2552
2023-08-28,2.215,2.245,2.11,2.146,89681179.6,2023-08-28 23:59:59.999,194451409.9354
2023-08-29,2.145,2.328,2.107,2.177,122503895.5,2023-08-29 23:59:59.999,266636056.5264
2023-08-30,2.176,2.181,2.057,2.129,44835664.2,2023-08-30 23:59:59.999,95253873.9342
2023-08-31,2.129,2.267,2.109,2.213,124511441.3,2023-08-31 23:59:59.999,274032134.893
2023-09-01,2.213,2.304,2.1,2.138,107078946.8,2023-09-01 23:59:59.999,233460302.0708
2023-09-02,2.138,2.149,1.995,2.024,53919078.7,2023-09-02 23:59:59.999,111164236.4869
2023-09-03,2.023,2.094,2.011,2.037,36615322.4,2023-09-03 23:59:59.999,75224476.5984
2023-09-04,2.037,2.128,2.026,2.077,56270049.7,2023-09-04 23:59:59.999,116887848.2165
2023-09-05,2.076,2.126,2.061,2.111,40360757.0,2023-09-05 23:59:59.999,84538257.5504
2023-09-06,2.111,2.136,2.015,2.049,39159626.4,2023-09-06 23:59:59.999,81188736.633
2023-09-07,2.05,2.121,2.039,2.068,35814907.2,2023-09-07 23:59:59.999,74364092.8776
2023-09-08,2.069,2.101,1.961,1.982,41801579.7,2023-09-08 23:59:59.999,83933126.2727
2023-09-09,1.981,1.991,1.926,1.99,23514538.4,2023-09-09 23:59:59.999,46096052.1745
2023-09-10,1.99,1.991,1.882,1.929,43969834.2,2023-09-10 23:59:59.999,85251607.8835
2023-09-11,1.929,1.946,1.82,1.863,56945424.6,2023-09-11 23:59:59.999,107097001.2558
2023-09-12,1.863,1.972,1.853,1.891,44779217.3,2023-09-12 23:59:59.999,85337748.7731
2023-09-13,1.89,1.958,1.878,1.931,31505802.6,2023-09-13 23:59:59.999,60466921.1666
2023-09-14,1.932,1.975,1.917,1.934,24560397.2,2023-09-14 23:59:59.999,47796863.9974
2023-09-15,1.935,1.985,1.923,1.967,26650704.1,2023-09-15 23:59:59.999,52123605.4128
2023-09-16,1.968,2.025,1.966,2.002,24154238.0,2023-09-16 23:59:59.999,48290562.5979
2023-09-17,2.002,2.002,1.897,1.92,27376932.3,2023-09-17 23:59:59.999,53206933.8497
2023-09-18,1.92,1.982,1.892,1.939,28452179.1,2023-09-18 23:59:59.999,55307880.7999
2023-09-19,1.938,2.004,1.933,1.98,21654317.0,2023-09-19 23:59:59.999,42818672.8716
2023-09-20,1.98,2.034,1.956,2.006,27826949.0,2023-09-20 23:59:59.999,55435682.4296
2023-09-21,2.006,2.069,1.957,1.96,36175377.8,2023-09-21 23:59:59.999,72540241.3706
2023-09-22,1.96,1.974,1.897,1.917,34241678.9,2023-09-22 23:59:59.999,66134238.129
2023-09-23,1.917,1.939,1.872,1.904,19494947.4,2023-09-23 23:59:59.999,37349785.8101
2023-09-24,1.904,1.918,1.852,1.871,21852225.1,2023-09-24 23:59:59.999,41411202.207
2023-09-25,1.871,1.927,1.856,1.913,19319062.7,2023-09-25 23:59:59.999,36738474.5847
2023-09-26,1.912,1.936,1.852,1.878,16827105.1,2023-09-26 23:59:59.999,31948053.6381
2023-09-27,1.878,1.921,1.857,1.871,24969602.8,2023-09-27 23:59:59.999,47117978.7999
2023-09-28,1.872,1.943,1.867,1.931,20905956.8,2023-09-28 23:59:59.999,39982807.1967
2023-09-29,1.931,1.969,1.916,1.947,19164145.3,2023-09-29 23:59:59.999,37206818.1409
2023-09-30,1.947,1.979,1.945,1.971,12407412.5,2023-09-30 23:59:59.999,24342034.6974
2023-10-01,1.971,2.037,1.951,2.007,29807384.3,2023-10-01 23:59:59.999,59285939.0069
2023-10-02,2.007,2.111,1.998,2.05,54633141.6,2023-10-02 23:59:59.999,112047255.0218
2023-10-03,2.051,2.096,2.011,2.023,48069450.8,2023-10-03 23:59:59.999,98868843.2425
2023-10-04,2.023,2.024,1.927,1.976,39848853.1,2023-10-04 23:59:59.999,78331965.1299
2023-10-05,1.976,2.025,1.917,1.922,28813113.1,2023-10-05 23:59:59.999,56780603.7553
2023-10-06,1.922,2.01,1.919,1.991,21033161.8,2023-10-06 23:59:59.999,41251421.9389
2023-10-07,1.992,2.075,1.981,2.057,31748875.8,2023-10-07 23:59:59.999,64704652.4911
2023-10-08,2.057,2.097,1.996,2.008,34786878.5,2023-10-08 23:59:59.999,70981456.2138
2023-10-09,2.008,2.092,1.975,2.026,84531387.3,2023-10-09 23:59:59.999,172045669.3417
2023-10-10,2.025,2.043,1.882,1.904,48550154.8,2023-10-10 23:59:59.999,94867415.8664
2023-10-11,1.904,1.913,1.833,1.86,36411129.0,2023-10-11 23:59:59.999,68324083.9968
2023-10-12,1.861,1.861,1.801,1.825,31173349.6,2023-10-12 23:59:59.999,57169294.841
2023-10-13,1.824,1.886,1.809,1.844,24895227.9,2023-10-13 23:59:59.999,45929660.4184
2023-10-14,1.844,1.858,1.816,1.828,11902274.7,2023-10-14 23:59:59.999,21931760.5272
2023-10-15,1.828,1.851,1.822,1.841,14949184.6,2023-10-15 23:59:59.999,27485263.9298
2023-10-16,1.842,1.93,1.839,1.877,39658106.4,2023-10-16 23:59:59.999,74528097.31
2023-10-17,1.877,1.885,1.757,1.819,28778143.1,2023-10-17 23:59:59.999,52591670.4387
2023-10-18,1.819,1.878,1.801,1.866,25549014.3,2023-10-18 23:59:59.999,46806689.3065
2023-10-19,1.866,1.882,1.818,1.86,26331416.7,2023-10-19 23:59:59.999,48632191.9412
2023-10-20,1.86,1.924,1.841,1.879,27300402.5,2023-10-20 23:59:59.999,51582892.6657
2023-10-21,1.879,1.975,1.87,1.945,23205078.0,2023-10-21 23:59:59.999,44824861.3443
2023-10-22,1.946,1.98,1.9,1.978,24450607.8,2023-10-22 23:59:59.999,47645102.7971
2023-10-23,1.978,2.15,1.962,2.096,79115112.7,2023-10-23 23:59:59.999,162754465.777
2023-10-24,2.096,2.495,2.081,2.269,143075837.3,2023-10-24 23:59:59.999,325742047.58
2023-10-25,2.268,2.39,2.229,2.365,89498516.2,2023-10-25 23:59:59.999,206736335.4218
2023-10-26,2.366,2.489,2.236,2.321,77689244.7,2023-10-26 23:59:59.999,183806128.2373
2023-10-27,2.322,2.553,2.262,2.338,102973746.7,2023-10-27 23:59:59.999,248121387.7911
2023-10-28,2.339,2.427,2.311,2.417,45519497.1,2023-10-28 23:59:59.999,107940797.3267
2023-10-29,2.418,2.516,2.341,2.483,43463268.6,2023-10-29 23:59:59.999,106441624.5994
2023-10-30,2.483,2.563,2.37,2.443,44675625.2,2023-10-30 23:59:59.999,109964560.1822
2023-10-31,2.443,2.501,2.224,2.309,57799146.8,2023-10-31 23:59:59.999,135510659.5456
2023-11-01,2.309,2.431,2.21,2.377,56399000.9,2023-11-01 23:59:59.999,130260336.9763
2023-11-02,2.377,2.446,2.186,2.221,56111788.2,2023-11-02 23:59:59.999,130380514.7582
2023-11-03,2.22,2.325,2.135,2.297,41915220.6,2023-11-03 23:59:59.999,92938381.2467
2023-11-04,2.297,2.386,2.275,2.358,30842107.2,2023-11-04 23:59:59.999,71705539.5705
2023-11-05,2.358,2.406,2.309,2.369,37392384.0,2023-11-05 23:59:59.999,88395466.6653
2023-11-06,2.37,2.489,2.312,2.485,41946291.9,2023-11-06 23:59:59.999,101073639.9539
2023-11-07,2.485,2.54,2.326,2.434,51546782.6,2023-11-07 23:59:59.999,125814677.5125
2023-11-08,2.434,2.628,2.382,2.513,47952822.6,2023-11-08 23:59:59.999,120164283.528
2023-11-09,2.514,2.635,2.122,2.541,82964622.4,2023-11-09 23:59:59.999,205365162.3392
2023-11-10,2.541,2.897,2.44,2.849,85223984.8,2023-11-10 23:59:59.999,227130953.3629
2023-11-11,2.85,3.22,2.71,2.965,100973920.7,2023-11-11 23:59:59.999,299056818.6368
2023-11-12,2.966,3.39,2.802,3.213,123019430.1,2023-11-12 23:59:59.999,392035617.732
2023-11-13,3.213,3.419,2.928,3.003,84504708.9,2023-11-13 23:59:59.999,264161458.9514
2023-11-14,3.003,3.964,2.9,3.942,207449847.3,2023-11-14 23:59:59.999,704728904.7307
2023-11-15,3.943,4.368,3.729,3.987,248757831.0,2023-11-15 23:59:59.999,995379964.9318
2023-11-16,3.986,4.238,3.536,3.629,124644658.9,2023-11-16 23:59:59.999,480252876.7306
2023-11-17,3.629,3.958,3.271,3.409,130659888.6,2023-11-17 23:59:59.999,461994683.9712
2023-11-18,3.408,3.418,3.052,3.234,94105556.9,2023-11-18 23:59:59.999,304455359.9221
2023-11-19,3.234,3.432,3.12,3.37,68116691.6,2023-11-19 23:59:59.999,224310245.9995
2023-11-20,3.37,3.546,3.001,3.032,100395851.1,2023-11-20 23:59:59.999,323114826.3763
2023-11-21,3.032,3.29,2.841,3.02,167718797.2,2023-11-21 23:59:59.999,513588382.1155
2023-11-22,3.021,3.549,3.019,3.446,159193230.7,2023-11-22 23:59:59.999,533553078.4661
2023-11-23,3.446,3.597,3.261,3.307,77290880.1,2023-11-23 23:59:59.999,262322881.7993
2023-11-24,3.307,3.719,3.24,3.594,86582859.5,2023-11-24 23:59:59.999,308333346.4998
2023-11-25,3.594,3.734,3.44,3.502,47476063.9,2023-11-25 23:59:59.999,169213503.2828
2023-11-26,3.501,3.596,3.28,3.442,44108451.3,2023-11-26 23:59:59.999,151872885.9602
2023-11-27,3.443,3.445,3.11,3.221,44951854.5,2023-11-27 23:59:59.999,145788963.7171
2023-11-28,3.221,3.283,3.049,3.209,55054483.7,2023-11-28 23:59:59.999,175594153.7889
2023-11-29,3.209,3.287,3.105,3.24,49115907.8,2023-11-29 23:59:59.999,156917053.8844
2023-11-30,3.24,3.346,3.159,3.251,24048704.1,2023-11-30 23:59:59.999,179934772.1989
2023-12-01,3.251,3.252,3.032,3.092,80985588.8,2023-12-01 23:59:59.999,252547339.3455
2023-12-02,3.091,3.44,3.088,3.416,79655781.6,2023-12-02 23:59:59.999,263258207.4606
2023-12-03,3.416,3.489,3.274,3.345,61443321.5,2023-12-03 23:59:59.999,207579063.0089
2023-12-04,3.345,3.522,2.906,3.158,100156813.4,2023-12-04 23:59:59.999,326867091.4703
2023-12-05,3.158,3.249,3.005,3.081,80377931.6,2023-12-05 23:59:59.999,248837680.1105
2023-12-06,3.082,3.132,2.85,2.896,95927731.6,2023-12-06 23:59:59.999,283943956.8009
2023-12-07,2.897,3.105,2.75,3.049,81070686.2,2023-12-07 23:59:59.999,239002423.3986
2023-12-08,3.048,3.117,2.97,3.062,61487058.0,2023-12-08 23:59:59.999,187217609.3908
2023-12-09,3.063,3.25,2.88,2.933,104855451.5,2023-12-09 23:59:59.999,321617356.6495
2023-12-10,2.933,3.093,2.873,3.034,61170470.5,2023-12-10 23:59:59.999,182532656.6675
2023-12-11,3.033,3.063,2.506,2.849,131813603.8,2023-12-11 23:59:59.999,368571642.4968
2023-12-12,2.85,2.948,2.785,2.89,93277251.6,2023-12-12 23:59:59.999,267428847.3745
2023-12-13,2.89,2.914,2.67,2.851,92145630.7,2023-12-13 23:59:59.999,255877370.5947
2023-12-14,2.852,3.02,2.75,2.947,75856518.7,2023-12-14 23:59:59.999,221393511.7112
2023-12-15,2.947,2.952,2.766,2.798,63540970.4,2023-12-15 23:59:59.999,181378756.8963
2023-12-16,2.799,3.211,2.763,3.146,109673274.4,2023-12-16 23:59:59.999,334997007.5105
2023-12-17,3.146,3.328,2.99,3.073,128066845.9,2023-12-17 23:59:59.999,403862504.1024
2023-12-18,3.072,3.12,2.752,2.916,112052996.6,2023-12-18 23:59:59.999,325946391.0667
2023-12-19,2.916,2.987,2.782,2.824,76816989.4,2023-12-19 23:59:59.999,222050970.5945
2023-12-20,2.825,2.956,2.77,2.886,70605047.4,2023-12-20 23:59:59.999,203735923.2435
2023-12-21,2.886,3.071,2.848,3.047,60203105.1,2023-12-21 23:59:59.999,177698979.0284
2023-12-22,3.047,3.283,2.95,3.211,93655648.3,2023-12-22 23:59:59.999,293211433.7676
2023-12-23,3.211,3.373,3.062,3.163,71068269.0,2023-12-23 23:59:59.999,225850880.4446
2023-12-24,3.162,3.221,2.85,2.991,74474572.0,2023-12-24 23:59:59.999,230417105.0052
2023-12-25,2.99,3.104,2.96,3.057,50439351.7,2023-12-25 23:59:59.999,153551417.9596
2023-12-26,3.057,3.358,2.846,3.334,130831787.5,2023-12-26 23:59:59.999,409069472.3184
2023-12-27,3.334,3.499,3.152,3.359,114434440.2,2023-12-27 23:59:59.999,383575026.0748
2023-12-28,3.359,3.462,3.111,3.179,77481504.8,2023-12-28 23:59:59.999,252521710.396
2023-12-29,3.18,3.328,3.008,3.124,69411412.6,2023-12-29 23:59:59.999,221089102.0831
2023-12-30,3.123,3.167,3.011,3.028,38578285.3,2023-12-30 23:59:59.999,118910791.7428
2023-12-31,3.028,3.107,2.866,2.953,43946048.1,2023-12-31 23:59:59.999,133180339.4827
2024-01-01,2.954,3.081,2.895,3.073,35246844.5,2024-01-01 23:59:59.999,105476127.9879
2024-01-02,3.073,3.18,2.962,3.021,55816055.3,2024-01-02 23:59:59.999,172133172.242
2024-01-03,3.021,3.131,2.055,2.667,127063900.7,2024-01-03 23:59:59.999,346257104.2862
2024-01-04,2.667,2.767,2.604,2.719,47119255.2,2024-01-04 23:59:59.999,127179593.4468
2024-01-05,2.719,2.76,2.48,2.641,65040727.8,2024-01-05 23:59:59.999,170066980.0089
2024-01-06,2.641,2.642,2.41,2.573,48642792.3,2024-01-06 23:59:59.999,123655628.016
2024-01-07,2.573,2.659,2.441,2.489,41679103.4,2024-01-07 23:59:59.999,107020925.2708
2024-01-08,2.49,2.628,2.275,2.624,68884322.9,2024-01-08 23:59:59.999,168637604.6195
2024-01-09,2.624,2.63,2.31,2.443,69958732.3,2024-01-09 23:59:59.999,171550469.2357
2024-01-10,2.442,2.69,2.404,2.627,62086646.7,2024-01-10 23:59:59.999,156053426.9668
2024-01-11,2.627,2.873,2.607,2.804,75385843.7,2024-01-11 23:59:59.999,207598586.5479
2024-01-12,2.803,2.949,2.61,2.76,88141809.1,2024-01-12 23:59:59.999,247417233.6395
2024-01-13,2.761,2.852,2.618,2.809,49383194.1,2024-01-13 23:59:59.999,135422915.5536
2024-01-14,2.809,3.05,2.761,2.856,71849860.4,2024-01-14 23:59:59.999,206759151.9573
2024-01-15,2.856,2.95,2.752,2.835,62376437.1,2024-01-15 23:59:59.999,177494784.5112
2024-01-16,2.835,2.957,2.762,2.912,59865320.5,2024-01-16 23:59:59.999,171741075.592
2024-01-17,2.913,3.159,2.84,3.146,74018254.5,2024-01-17 23:59:59.999,222207998.1483
2024-01-18,3.146,3.22,2.911,2.953,106966758.7,2024-01-18 23:59:59.999,328250226.7761
2024-01-19,2.953,2.982,2.671,2.931,97413406.7,2024-01-19 23:59:59.999,277975548.3315
2024-01-20,2.932,2.95,2.766,2.8,44809276.6,2024-01-20 23:59:59.999,127225846.7264
2024-01-21,2.8,2.835,2.743,2.756,29908881.4,2024-01-21 23:59:59.999,83528566.5111
2024-01-22,2.757,2.898,2.676,2.701,106971589.3,2024-01-22 23:59:59.999,296868712.5106
2024-01-23,2.701,2.847,2.473,2.588,88939778.0,2024-01-23 23:59:59.999,234144160.225
2024-01-24,2.587,2.667,2.543,2.651,44595938.9,2024-01-24 23:59:59.999,115658227.7773
2024-01-25,2.65,2.66,2.512,2.584,37675154.6,2024-01-25 23:59:59.999,97377579.8756
2024-01-26,2.584,2.701,2.552,2.68,29622077.1,2024-01-26 23:59:59.999,78367735.9079
2024-01-27,2.681,2.755,2.632,2.729,24067728.7,2024-01-27 23:59:59.999,64707878.6866
2024-01-28,2.729,2.84,2.651,2.671,39059768.8,2024-01-28 23:59:59.999,107392704.7276
2024-01-29,2.671,2.78,2.658,2.765,33169475.1,2024-01-29 23:59:59.999,90542699.0099
2024-01-30,2.765,2.904,2.738,2.786,57615399.5,2024-01-30 23:59:59.999,162805256.8306
2024-01-31,2.787,2.795,2.6,2.632,54415370.6,2024-01-31 23:59:59.999,146136772.3717
2024-02-01,2.632,2.68,2.538,2.662,37901867.4,2024-02-01 23:59:59.999,99318187.2961
2024-02-02,2.663,2.831,2.653,2.831,38935683.1,2024-02-02 23:59:59.999,106931271.5292
2024-02-03,2.831,2.842,2.671,2.678,28911471.4,2024-02-03 23:59:59.999,79462930.8116
2024-02-04,2.679,2.698,2.611,2.623,21954195.8,2024-02-04 23:59:59.999,58447439.6637
2024-02-05,2.623,2.75,2.571,2.741,35218005.0,2024-02-05 23:59:59.999,94342662.3385
2024-02-06,2.741,2.812,2.694,2.792,36181958.1,2024-02-06 23:59:59.999,100008577.8565
2024-02-07,2.793,2.901,2.745,2.864,37610957.3,2024-02-07 23:59:59.999,105937258.1162
2024-02-08,2.865,2.919,2.778,2.797,33697577.9,2024-02-08 23:59:59.999,95972362.0648
2024-02-09,2.796,3.054,2.792,2.999,49013445.3,2024-02-09 23:59:59.999,142347888.3434
2024-02-10,2.999,3.101,2.932,2.939,48554854.8,2024-02-10 23:59:59.999,145966527.5776
2024-02-11,2.94,3.039,2.852,2.88,37584577.3,2024-02-11 23:59:59.999,110787647.9289
2024-02-12,2.881,3.046,2.818,3.039,47936398.2,2024-02-12 23:59:59.999,140318548.5234
2024-02-13,3.04,3.149,2.96,3.122,53945185.1,2024-02-13 23:59:59.999,165181117.7871
2024-02-14,3.123,3.185,3.057,3.162,41613800.8,2024-02-14 23:59:59.999,130040518.6325
2024-02-15,3.161,3.223,3.071,3.185,48306682.7,2024-02-15 23:59:59.999,151740684.9049
2024-02-16,3.185,3.254,3.03,3.088,48611785.2,2024-02-16 23:59:59.999,153396621.2418
2024-02-17,3.089,3.123,2.95,3.113,29017040.1,2024-02-17 23:59:59.999,88183442.3284
2024-02-18,3.112,3.205,3.101,3.165,27045677.1,2024-02-18 23:59:59.999,85169020.4518
2024-02-19,3.165,3.216,3.106,3.144,32820398.4,2024-02-19 23:59:59.999,103821567.7156
2024-02-20,3.144,3.18,2.908,3.152,66274733.4,2024-02-20 23:59:59.999,202855889.5402
2024-02-21,3.152,3.2,2.859,3.002,65454769.7,2024-02-21 23:59:59.999,197133920.8336
2024-02-22,3.002,3.071,2.904,2.915,49160205.9,2024-02-22 23:59:59.999,146486712.8976
2024-02-23,2.916,3.47,2.846,3.243,133695704.4,2024-02-23 23:59:59.999,420487233.0384
2024-02-24,3.243,3.95,3.168,3.527,187863027.2,2024-02-24 23:59:59.999,677591608.8135
2024-02-25,3.527,3.574,3.371,3.44,63857117.2,2024-02-25 23:59:59.999,220053644.682
2024-02-26,3.44,3.515,3.308,3.426,69624264.8,2024-02-26 23:59:59.999,238398230.1211
2024-02-27,3.426,3.603,3.308,3.441,83409147.3,2024-02-27 23:59:59.999,287811079.5004
2024-02-28,3.441,3.651,2.867,3.404,119831465.7,2024-02-28 23:59:59.999,413894469.3977
2024-02-29,3.404,3.632,3.221,3.326,83769103.6,2024-02-29 23:59:59.999,291914551.0726
2024-03-01,3.326,3.609,3.305,3.578,53488115.5,2024-03-01 23:59:59.999,184314929.2049
2024-03-02,3.579,3.853,3.502,3.793,60159206.8,2024-03-02 23:59:59.999,220071594.7721
2024-03-03,3.792,3.888,3.301,3.671,56900311.0,2024-03-03 23:59:59.999,208229122.8348
2024-03-04,3.671,3.892,3.502,3.697,67665723.5,2024-03-04 23:59:59.999,249926849.7479
2024-03-05,3.698,4.1,3.08,3.684,121324185.1,2024-03-05 23:59:59.999,453655985.4348
2024-03-06,3.683,4.266,3.553,4.131,88704808.1,2024-03-06 23:59:59.999,353142201.57
2024-03-07,4.131,4.541,3.953,4.373,67155179.7,2024-03-07 23:59:59.999,281020847.8148
2024-03-08,4.374,4.4,4.054,4.202,48604024.3,2024-03-08 23:59:59.999,206953166.3347
2024-03-09,4.202,4.44,4.173,4.195,29454927.3,2024-03-09 23:59:59.999,126502837.7909
2024-03-10,4.195,4.24,3.922,4.04,34647842.2,2024-03-10 23:59:59.999,141511051.2192
2024-03-11,4.039,4.152,3.84,4.087,46132072.3,2024-03-11 23:59:59.999,185944682.1984
2024-03-12,4.086,4.114,3.732,4.061,53948628.8,2024-03-12 23:59:59.999,213451551.3099
2024-03-13,4.062,4.164,3.871,3.993,36743621.9,2024-03-13 23:59:59.999,146916904.322
2024-03-14,3.993,4.166,3.702,3.935,54053516.3,2024-03-14 23:59:59.999,212963791.8351
2024-03-15,3.935,3.988,3.431,3.726,67810150.3,2024-03-15 23:59:59.999,250002818.0659
2024-03-16,3.725,3.817,3.425,3.514,38682832.0,2024-03-16 23:59:59.999,140628913.8426
2024-03-17,3.514,3.631,3.327,3.588,29864233.4,2024-03-17 23:59:59.999,105133484.9378
2024-03-18,3.587,3.651,3.263,3.347,37460848.3,2024-03-18 23:59:59.999,128954436.8119
2024-03-19,3.346,3.413,2.972,3.11,64790486.4,2024-03-19 23:59:59.999,203944658.0094
2024-03-20,3.111,3.402,2.998,3.369,40795933.3,2024-03-20 23:59:59.999,130905555.7355
2024-03-21,3.369,3.453,3.282,3.404,24686915.5,2024-03-21 23:59:59.999,83464133.0566
2024-03-22,3.404,3.414,3.182,3.298,21284426.2,2024-03-22 23:59:59.999,70099622.8946
2024-03-23,3.298,3.366,3.224,3.281,13983063.5,2024-03-23 23:59:59.999,46319028.7139
2024-03-24,3.282,3.437,3.275,3.421,16576306.4,2024-03-24 23:59:59.999,55769919.9748
2024-03-25,3.421,3.576,3.356,3.533,24289469.3,2024-03-25 23:59:59.999,84037255.5983
2024-03-26,3.533,3.717,3.523,3.648,26706990.6,2024-03-26 23:59:59.999,97199009.3008
2024-03-27,3.648,3.697,3.407,3.445,28026879.3,2024-03-27 23:59:59.999,98802789.4634
2024-03-28,3.445,3.508,3.375,3.485,18643148.8,2024-03-28 23:59:59.999,64315134.5875
2024-03-29,3.485,3.568,3.395,3.445,24633554.5,2024-03-29 23:59:59.999,85895154.4689
2024-03-30,3.445,3.481,3.354,3.383,15428247.6,2024-03-30 23:59:59.999,52956511.8211
2024-03-31,3.383,3.457,3.371,3.434,11048622.7,2024-03-31 23:59:59.999,37797091.3757
2024-04-01,3.435,3.452,3.154,3.261,35106648.0,2024-04-01 23:59:59.999,114706244.7777
2024-04-02,3.26,3.285,3.007,3.076,34065317.2,2024-04-02 23:59:59.999,105559583.1705
2024-04-03,3.076,3.154,2.955,3.042,23549059.2,2024-04-03 23:59:59.999,72288759.5214
2024-04-04,3.043,3.12,2.935,2.981,24808414.6,2024-04-04 23:59:59.999,75080973.8467
2024-04-05,2.981,2.996,2.795,2.936,29114647.4,2024-04-05 23:59:59.999,83977981.3239
2024-04-06,2.936,2.982,2.915,2.958,11795642.1,2024-04-06 23:59:59.999,34802900.5466
2024-04-07,2.958,3.112,2.954,3.089,17166207.6,2024-04-07 23:59:59.999,52242753.0964
2024-04-08,3.088,3.247,3.034,3.203,24464289.8,2024-04-08 23:59:59.999,77022278.6712
2024-04-09,3.204,3.224,3.035,3.057,27028431.7,2024-04-09 23:59:59.999,84357376.1387
2024-04-10,3.057,3.077,2.906,3.043,24388398.7,2024-04-10 23:59:59.999,73620686.8233
2024-04-11,3.042,3.059,2.936,2.984,16327133.1,2024-04-11 23:59:59.999,48909667.216
2024-04-12,2.983,3.017,1.986,2.31,83600474.6,2024-04-12 23:59:59.999,203273134.4747
2024-04-13,2.31,2.387,1.585,1.972,118667049.6,2024-04-13 23:59:59.999,240411595.354
2024-04-14,1.972,2.195,1.885,2.166,62418560.0,2024-04-14 23:59:59.999,127108130.1509
2024-04-15,2.167,2.307,1.986,2.084,53239367.5,2024-04-15 23:59:59.999,114090002.2064
2024-04-16,2.084,2.158,1.989,2.125,42560924.6,2024-04-16 23:59:59.999,88731897.2616
2024-04-17,2.124,2.15,1.976,2.099,37278591.0,2024-04-17 23:59:59.999,77439613.6177
2024-04-18,2.099,2.233,2.046,2.217,38746254.3,2024-04-18 23:59:59.999,83597104.0621
2024-04-19,2.216,2.35,2.045,2.278,44393729.1,2024-04-19 23:59:59.999,99447710.9504
2024-04-20,2.278,2.421,2.238,2.402,18614404.5,2024-04-20 23:59:59.999,43203502.1617
2024-04-21,2.401,2.419,2.276,2.329,17165651.4,2024-04-21 23:59:59.999,40323569.9691
2024-04-22,2.329,2.418,2.315,2.395,18625355.0,2024-04-22 23:59:59.999,44216642.8661
2024-04-23,2.395,2.43,2.323,2.379,18674699.2,2024-04-23 23:59:59.999,44237278.8817
2024-04-24,2.378,2.437,2.189,2.212,28803571.6,2024-04-24 23:59:59.999,67089417.9034
2024-04-25,2.213,2.288,2.128,2.193,26802909.5,2024-04-25 23:59:59.999,58975125.0358
2024-04-26,2.193,2.216,2.106,2.13,29954590.2,2024-04-26 23:59:59.999,64903970.1715
2024-04-27,2.13,2.197,2.011,2.175,21199409.0,2024-04-27 23:59:59.999,44864309.5183
2024-04-28,2.176,2.211,2.112,2.122,13451619.3,2024-04-28 23:59:59.999,29202605.2824
2024-04-29,2.122,2.141,2.046,2.124,27456950.2,2024-04-29 23:59:59.999,57416398.9055
2024-04-30,2.124,2.162,1.92,2.013,35360196.5,2024-04-30 23:59:59.999,70926972.4846
2024-05-01,2.013,2.073,1.89,2.052,40637973.8,2024-05-01 23:59:59.999,80739435.1565
2024-05-02,2.052,2.138,1.994,2.099,21197597.6,2024-05-02 23:59:59.999,44180731.5912
2024-05-03,2.098,2.207,2.085,2.182,15949282.6,2024-05-03 23:59:59.999,34154286.8657
2024-05-04,2.182,2.193,2.151,2.16,13435999.9,2024-05-04 23:59:59.999,29178165.5118
2024-05-05,2.161,2.301,2.115,2.271,19493270.7,2024-05-05 23:59:59.999,43177537.551
2024-05-06,2.271,2.314,2.18,2.183,17907588.4,2024-05-06 23:59:59.999,40136201.7522
2024-05-07,2.183,2.202,2.091,2.094,15458127.8,2024-05-07 23:59:59.999,33331593.6228
2024-05-08,2.093,2.151,2.045,2.1,20843933.5,2024-05-08 23:59:59.999,43569083.9203
2024-05-09,2.1,2.171,2.057,2.16,15116973.6,2024-05-09 23:59:59.999,31946125.6268
2024-05-10,2.16,2.218,2.013,2.032,22907589.9,2024-05-10 23:59:59.999,48561503.3228
2024-05-11,2.031,2.068,2.001,2.012,17253554.5,2024-05-11 23:59:59.999,35069956.7327
2024-05-12,2.012,2.056,1.997,2.009,11957056.1,2024-05-12 23:59:59.999,24175233.8284
2024-05-13,2.009,2.049,1.923,1.978,22578012.8,2024-05-13 23:59:59.999,45003949.0006
2024-05-14,1.977,1.993,1.861,1.869,27013925.2,2024-05-14 23:59:59.999,51688557.1926
2024-05-15,1.868,2.066,1.848,2.035,27751420.5,2024-05-15 23:59:59.999,54014303.3202
2024-05-16,2.034,2.069,1.952,2.03,18149662.0,2024-05-16 23:59:59.999,36636740.3828
2024-05-17,2.029,2.08,1.978,2.058,20287707.0,2024-05-17 23:59:59.999,41331047.7573
2024-05-18,2.058,2.077,2.018,2.055,12838756.5,2024-05-18 23:59:59.999,26391415.4969
2024-05-19,2.054,2.062,1.909,1.928,15023777.7,2024-05-19 23:59:59.999,29752477.0594
2024-05-20,1.927,2.14,1.884,2.129,28661160.6,2024-05-20 23:59:59.999,57359023.2933
2024-05-21,2.129,2.202,2.096,2.141,27413189.5,2024-05-21 23:59:59.999,58845536.4791
2024-05-22,2.14,2.15,1.995,2.014,30001251.5,2024-05-22 23:59:59.999,61987755.1185
2024-05-23,2.015,2.062,1.782,1.962,55525103.1,2024-05-23 23:59:59.999,108690057.9175
2024-05-24,1.961,2.059,1.926,2.012,30158000.8,2024-05-24 23:59:59.999,60252928.6761
2024-05-25,2.011,2.137,2.007,2.09,28442062.9,2024-05-25 23:59:59.999,59431779.391
2024-05-26,2.089,2.116,2.012,2.032,19748372.8,2024-05-26 23:59:59.999,40839557.6819
2024-05-27,2.032,2.109,2.001,2.072,29172561.2,2024-05-27 23:59:59.999,59882734.7288
2024-05-28,2.073,2.139,1.993,2.085,40261759.0,2024-05-28 23:59:59.999,83136245.3035
2024-05-29,2.086,2.125,2.021,2.029,31758984.2,2024-05-29 23:59:59.999,65912388.0821
2024-05-30,2.029,2.067,1.962,1.999,29295417.8,2024-05-30 23:59:59.999,59106746.1101
2024-05-31,1.998,2.034,1.968,2.001,22340251.1,2024-05-31 23:59:59.999,44694959.9026
2024-06-01,2.0,2.053,1.991,2.042,13518190.5,2024-06-01 23:59:59.999,27325089.7534
2024-06-02,2.042,2.076,1.996,2.0,19323556.1,2024-06-02 23:59:59.999,39475429.6058
2024-06-03,2.001,2.06,1.977,1.986,21404831.9,2024-06-03 23:59:59.999,43281809.6126
2024-06-04,1.985,2.08,1.971,2.076,23231794.4,2024-06-04 23:59:59.999,46908414.888
2024-06-05,2.076,2.13,2.052,2.086,26841270.0,2024-06-05 23:59:59.999,55926996.0224
2024-06-06,2.086,2.21,2.077,2.173,48643353.9,2024-06-06 23:59:59.999,105051565.3521
2024-06-07,2.174,2.216,1.742,1.908,72294657.2,2024-06-07 23:59:59.999,145231549.4868
2024-06-08,1.908,1.947,1.823,1.849,34085505.0,2024-06-08 23:59:59.999,64194734.8441
2024-06-09,1.849,1.917,1.818,1.915,14905489.0,2024-06-09 23:59:59.999,27791480.5453
2024-06-10,1.915,1.918,1.831,1.841,22772456.7,2024-06-10 23:59:59.999,42612878.4517
2024-06-11,1.841,1.847,1.64,1.67,43045687.2,2024-06-11 23:59:59.999,74407201.1216
2024-06-12,1.669,1.817,1.626,1.751,32866180.3,2024-06-12 23:59:59.999,57255880.5422
2024-06-13,1.751,1.76,1.596,1.61,33128578.9,2024-06-13 23:59:59.999,55202143.8812
2024-06-14,1.61,1.653,1.48,1.526,50745216.2,2024-06-14 23:59:59.999,79477609.568
2024-06-15,1.526,1.586,1.51,1.536,23251901.0,2024-06-15 23:59:59.999,36128866.1703
2024-06-16,1.536,1.552,1.501,1.535,24016361.0,2024-06-16 23:59:59.999,36756989.5763
2024-06-17,1.535,1.553,1.358,1.424,49657877.5,2024-06-17 23:59:59.999,72092731.1112
2024-06-18,1.425,1.435,1.175,1.38,73418475.8,2024-06-18 23:59:59.999,96919894.0548
2024-06-19,1.379,1.482,1.36,1.452,29061016.3,2024-06-19 23:59:59.999,41553704.1313
2024-06-20,1.453,1.528,1.417,1.418,28722499.9,2024-06-20 23:59:59.999,42102526.1322
2024-06-21,1.419,1.46,1.393,1.421,27786486.6,2024-06-21 23:59:59.999,39606197.6537
2024-06-22,1.422,1.422,1.391,1.4,13321914.8,2024-06-22 23:59:59.999,18732344.5814
2024-06-23,1.4,1.444,1.359,1.387,17812596.9,2024-06-23 23:59:59.999,25133513.0443
2024-06-24,1.387,1.404,1.262,1.388,38341533.6,2024-06-24 23:59:59.999,51957738.5395
2024-06-25,1.387,1.425,1.373,1.393,22396572.7,2024-06-25 23:59:59.999,31501611.028
2024-06-26,1.393,1.418,1.333,1.378,26336801.4,2024-06-26 23:59:59.999,36021552.4145
2024-06-27,1.378,1.428,1.34,1.421,25100816.2,2024-06-27 23:59:59.999,34836949.0422
2024-06-28,1.421,1.442,1.338,1.348,29080721.4,2024-06-28 23:59:59.999,40689049.8818
2024-06-29,1.349,1.369,1.331,1.339,15964921.6,2024-06-29 23:59:59.999,21609846.0836
2024-06-30,1.34,1.401,1.319,1.393,18961864.6,2024-06-30 23:59:59.999,25812595.3589
2024-07-01,1.393,1.42,1.324,1.331,27114241.6,2024-07-01 23:59:59.999,36991377.2121
2024-07-02,1.332,1.36,1.323,1.356,20876896.7,2024-07-02 23:59:59.999,28063517.4883
2024-07-03,1.356,1.36,1.237,1.254,34399405.3,2024-07-03 23:59:59.999,44376374.57
2024-07-04,1.255,1.262,1.153,1.17,52195113.4,2024-07-04 23:59:59.999,62516717.7631
2024-07-05,1.17,1.244,1.0,1.212,129957837.7,2024-07-05 23:59:59.999,145572199.1809
2024-07-06,1.212,1.317,1.194,1.309,44203645.4,2024-07-06 23:59:59.999,55746321.81
2024-07-07,1.309,1.317,1.239,1.247,36304504.1,2024-07-07 23:59:59.999,46594094.5165
2024-07-08,1.248,1.355,1.206,1.262,56263696.5,2024-07-08 23:59:59.999,71802953.677
2024-07-09,1.262,1.308,1.251,1.299,23449996.3,2024-07-09 23:59:59.999,30095948.7294
2024-07-10,1.299,1.336,1.277,1.328,22408555.2,2024-07-10 23:59:59.999,29323309.0163
2024-07-11,1.327,1.362,1.288,1.292,23600786.6,2024-07-11 23:59:59.999,31348088.9755
2024-07-12,1.293,1.329,1.274,1.329,18335088.2,2024-07-12 23:59:59.999,23814175.115
2024-07-13,1.329,1.356,1.305,1.324,15354283.9,2024-07-13 23:59:59.999,20426968.6613
2024-07-14,1.324,1.395,1.321,1.388,14284853.8,2024-07-14 23:59:59.999,19264475.1566
2024-07-15,1.387,1.453,1.384,1.447,22252061.5,2024-07-15 23:59:59.999,31280128.206
2024-07-16,1.448,1.462,1.347,1.391,36957653.3,2024-07-16 23:59:59.999,51657762.4504
2024-07-17,1.391,1.444,1.373,1.377,24219280.4,2024-07-17 23:59:59.999,34106551.7369
2024-07-18,1.376,1.429,1.341,1.378,21781402.3,2024-07-18 23:59:59.999,30139705.0434
2024-07-19,1.379,1.444,1.34,1.432,25545095.5,2024-07-19 23:59:59.999,35498485.6858
2024-07-20,1.432,1.475,1.411,1.441,16447831.2,2024-07-20 23:59:59.999,23818030.1547
2024-07-21,1.44,1.463,1.374,1.446,20666690.9,2024-07-21 23:59:59.999,29447892.6198
2024-07-22,1.447,1.46,1.384,1.398,21427215.3,2024-07-22 23:59:59.999,30592096.6033
2024-07-23,1.398,1.453,1.275,1.294,94745659.0,2024-07-23 23:59:59.999,127359352.3951
2024-07-24,1.294,1.349,1.284,1.295,32046404.0,2024-07-24 23:59:59.999,42264342.188
2024-07-25,1.296,1.305,1.181,1.227,38781976.7,2024-07-25 23:59:59.999,48250855.474
2024-07-26,1.227,1.319,1.224,1.305,26145801.3,2024-07-26 23:59:59.999,33608076.884
2024-07-27,1.304,1.317,1.255,1.294,19644947.7,2024-07-27 23:59:59.999,25351228.5995
2024-07-28,1.294,1.296,1.258,1.277,12473232.3,2024-07-28 23:59:59.999,15936178.0348
2024-07-29,1.277,1.321,1.268,1.276,20360684.0,2024-07-29 23:59:59.999,26382291.5584
2024-07-30,1.276,1.306,1.224,1.251,19282900.9,2024-07-30 23:59:59.999,24580522.8144
2024-07-31,1.25,1.265,1.185,1.192,22602112.6,2024-07-31 23:59:59.999,27759854.9926
2024-08-01,1.192,1.21,1.091,1.172,44263681.8,2024-08-01 23:59:59.999,51182861.3963
2024-08-02,1.172,1.185,1.077,1.098,36585025.1,2024-08-02 23:59:59.999,41347598.8431
2024-08-03,1.098,1.131,1.041,1.071,37508211.3,2024-08-03 23:59:59.999,40754120.4357
2024-08-04,1.071,1.119,1.003,1.08,56529616.5,2024-08-04 23:59:59.999,59938378.0304
2024-08-05,1.081,1.09,0.844,0.933,200526928.7,2024-08-05 23:59:59.999,189021920.1281
2024-08-06,0.934,1.008,0.931,0.97,58531090.7,2024-08-06 23:59:59.999,57271073.12
2024-08-07,0.97,1.006,0.909,0.924,49446508.0,2024-08-07 23:59:59.999,47353983.8517
2024-08-08,0.924,1.029,0.908,1.023,42911707.2,2024-08-08 23:59:59.999,41956964.0791
2024-08-09,1.024,1.035,0.996,1.024,38511312.5,2024-08-09 23:59:59.999,39137912.6251
2024-08-10,1.024,1.054,1.012,1.042,23054313.7,2024-08-10 23:59:59.999,23865663.891
2024-08-11,1.041,1.076,0.973,0.981,32580075.3,2024-08-11 23:59:59.999,33366624.011
2024-08-12,0.981,1.082,0.98,1.063,45149078.1,2024-08-12 23:59:59.999,46924204.5932
2024-08-13,1.063,1.091,1.032,1.079,31058695.2,2024-08-13 23:59:59.999,32935819.7109
2024-08-14,1.078,1.089,1.042,1.065,30317189.6,2024-08-14 23:59:59.999,32361713.3362
2024-08-15,1.064,1.086,0.999,1.027,35194810.1,2024-08-15 23:59:59.999,36837966.999
2024-08-16,1.027,1.055,0.994,1.042,29706489.8,2024-08-16 23:59:59.999,30459272.5145
2024-08-17,1.042,1.095,1.03,1.08,29134099.8,2024-08-17 23:59:59.999,31255943.3375
2024-08-18,1.08,1.135,1.065,1.109,22750088.4,2024-08-18 23:59:59.999,25185864.962
2024-08-19,1.11,1.143,1.079,1.092,31627612.3,2024-08-19 23:59:59.999,35013582.9038
2024-08-20,1.092,1.113,1.039,1.069,44259743.0,2024-08-20 23:59:59.999,47471824.1287
2024-08-21,1.069,1.119,1.048,1.104,30745725.7,2024-08-21 23:59:59.999,33247190.2293
2024-08-22,1.104,1.13,1.091,1.107,25372735.2,2024-08-22 23:59:59.999,28196519.5636
2024-08-23,1.108,1.185,1.106,1.172,34361155.1,2024-08-23 23:59:59.999,39210405.8429
2024-08-24,1.172,1.235,1.16,1.205,34728941.1,2024-08-24 23:59:59.999,41719491.9348
2024-08-25,1.206,1.209,1.132,1.137,31133420.8,2024-08-25 23:59:59.999,36119389.0839
2024-08-26,1.137,1.143,1.052,1.067,52588300.3,2024-08-26 23:59:59.999,58103194.6984
2024-08-27,1.066,1.083,0.948,0.977,52526229.9,2024-08-27 23:59:59.999,53877135.8601
2024-08-28,0.977,1.022,0.927,0.963,67930812.7,2024-08-28 23:59:59.999,66378149.3266
2024-08-29,0.964,0.995,0.932,0.947,42314765.7,2024-08-29 23:59:59.999,40861140.8098
2024-08-30,0.946,0.957,0.885,0.931,68576876.2,2024-08-30 23:59:59.999,63344952.7588
2024-08-31,0.931,0.936,0.895,0.917,21760359.3,2024-08-31 23:59:59.999,19981919.9321
2024-09-01,0.916,0.917,0.846,0.854,46636258.6,2024-09-01 23:59:59.999,41378917.7255
2024-09-02,0.854,0.918,0.85,0.906,46392485.2,2024-09-02 23:59:59.999,40821754.9029
2024-09-03,0.906,0.924,0.865,0.869,37570644.5,2024-09-03 23:59:59.999,33493304.7224
2024-09-04,0.869,0.899,0.816,0.881,79682854.3,2024-09-04 23:59:59.999,68049842.9187
2024-09-05,0.881,0.899,0.857,0.872,53399175.4,2024-09-05 23:59:59.999,46825875.4332
2024-09-06,0.872,0.896,0.801,0.84,88540324.2,2024-09-06 23:59:59.999,76140914.2727
2024-09-07,0.839,0.876,0.821,0.86,35172699.2,2024-09-07 23:59:59.999,29980799.0834
2024-09-08,0.86,0.891,0.855,0.876,31598312.9,2024-09-08 23:59:59.999,27573242.4341
2024-09-09,0.875,0.93,0.872,0.918,46707820.8,2024-09-09 23:59:59.999,41980868.8564
2024-09-10,0.918,0.92,0.886,0.905,38346433.6,2024-09-10 23:59:59.999,34601827.791
2024-09-11,0.904,0.906,0.856,0.889,55982225.1,2024-09-11 23:59:59.999,49207597.9644
2024-09-12,0.888,0.92,0.882,0.909,40895425.4,2024-09-12 23:59:59.999,36836609.3195
2024-09-13,0.909,0.937,0.893,0.929,36932486.6,2024-09-13 23:59:59.999,33760166.6909
2024-09-14,0.93,0.934,0.906,0.917,19358920.0,2024-09-14 23:59:59.999,17806451.6767
2024-09-15,0.917,0.932,0.874,0.884,37298982.1,2024-09-15 23:59:59.999,33916620.8392
2024-09-16,0.884,0.895,0.854,0.864,53654784.9,2024-09-16 23:59:59.999,46760008.7228
2024-09-17,0.864,0.906,0.852,0.869,41325988.6,2024-09-17 23:59:59.999,36252081.73
2024-09-18,0.869,0.897,0.811,0.873,74033619.2,2024-09-18 23:59:59.999,62603095.0443
2024-09-19,0.874,0.968,0.873,0.947,83109807.8,2024-09-19 23:59:59.999,77084071.9158
2024-09-20,0.948,0.987,0.923,0.961,53963553.9,2024-09-20 23:59:59.999,51600567.8611
2024-09-21,0.961,0.976,0.938,0.972,30115645.6,2024-09-21 23:59:59.999,28800229.8889
2024-09-22,0.973,0.977,0.893,0.923,44485669.3,2024-09-22 23:59:59.999,41364341.3781
2024-09-23,0.922,0.969,0.902,0.951,61268044.8,2024-09-23 23:59:59.999,57932772.7163
2024-09-24,0.95,1.037,0.932,1.01,94717538.2,2024-09-24 23:59:59.999,93207564.8975
2024-09-25,1.01,1.047,0.996,1.002,65397516.0,2024-09-25 23:59:59.999,66802583.7297
2024-09-26,1.001,1.076,0.978,1.063,70055239.5,2024-09-26 23:59:59.999,72662685.265
2024-09-27,1.063,1.105,1.056,1.074,71051860.3,2024-09-27 23:59:59.999,76674634.8176
2024-09-28,1.074,1.112,1.034,1.054,62296074.2,2024-09-28 23:59:59.999,66255441.4867
2024-09-29,1.054,1.121,1.021,1.081,81650148.6,2024-09-29 23:59:59.999,86865781.3053
2024-09-30,1.081,1.111,0.987,0.993,116763585.4,2024-09-30 23:59:59.999,123476839.9573
2024-10-01,0.994,1.047,0.872,0.899,161021080.9,2024-10-01 23:59:59.999,154697191.5785
2024-10-02,0.899,0.924,0.834,0.854,141071447.8,2024-10-02 23:59:59.999,124547117.9221
2024-10-03,0.853,0.87,0.815,0.852,123758249.0,2024-10-03 23:59:59.999,104204268.1784
2024-10-04,0.853,0.889,0.846,0.88,69776408.3,2024-10-04 23:59:59.999,60791362.9588
2024-10-05,0.881,0.889,0.853,0.87,45314150.2,2024-10-05 23:59:59.999,39531684.5434
2024-10-06,0.871,0.892,0.859,0.89,46449727.6,2024-10-06 23:59:59.999,40687337.0099
2024-10-07,0.89,0.934,0.878,0.891,95993006.5,2024-10-07 23:59:59.999,87067078.8569
2024-10-08,0.89,0.924,0.869,0.883,68132753.8,2024-10-08 23:59:59.999,60981929.4794
2024-10-09,0.882,0.907,0.837,0.885,61335096.2,2024-10-09 23:59:59.999,53719422.3433
2024-10-10,0.886,0.927,0.879,0.903,98007922.4,2024-10-10 23:59:59.999,88550050.0112
2024-10-11,0.903,0.935,0.889,0.925,52753209.0,2024-10-11 23:59:59.999,48082609.7027
2024-10-12,0.924,0.938,0.909,0.924,40450810.1,2024-10-12 23:59:59.999,37346364.423
2024-10-13,0.925,0.934,0.892,0.933,43670546.5,2024-10-13 23:59:59.999,39970314.3062
2024-10-14,0.933,0.993,0.917,0.984,65446262.0,2024-10-14 23:59:59.999,62822281.7144
2024-10-15,0.985,1.03,0.962,0.998,95503355.0,2024-10-15 23:59:59.999,95510334.0437
2024-10-16,0.998,0.999,0.948,0.972,45554137.8,2024-10-16 23:59:59.999,44291688.5549
2024-10-17,0.971,0.984,0.921,0.954,53300818.7,2024-10-17 23:59:59.999,50423157.4828
2024-10-18,0.954,0.974,0.942,0.967,39790459.3,2024-10-18 23:59:59.999,38116956.7559
2024-10-19,0.967,0.994,0.946,0.989,29961820.8,2024-10-19 23:59:59.999,29002028.5722
2024-10-20,0.989,1.348,0.963,1.313,376314623.4,2024-10-20 23:59:59.999,458536431.7236
2024-10-21,1.313,1.321,1.18,1.236,256721985.4,2024-10-21 23:59:59.999,317953176.8277
2024-10-22,1.236,1.284,1.111,1.119,150365058.7,2024-10-22 23:59:59.999,177192953.5633
2024-10-23,1.119,1.121,1.04,1.086,121964579.1,2024-10-23 23:59:59.999,130531909.8552
2024-10-24,1.086,1.123,1.058,1.085,74518426.7,2024-10-24 23:59:59.999,80957164.7451
2024-10-25,1.085,1.131,0.904,0.968,134338584.1,2024-10-25 23:59:59.999,140989154.7202
2024-10-26,0.968,0.989,0.932,0.98,64442352.3,2024-10-26 23:59:59.999,62231558.9972
2024-10-27,0.98,1.054,0.961,1.032,58324191.6,2024-10-27 23:59:59.999,58603451.8267
2024-10-28,1.033,1.044,0.968,1.022,70845173.4,2024-10-28 23:59:59.999,71338265.3754
2024-10-29,1.023,1.068,1.008,1.048,68821313.7,2024-10-29 23:59:59.999,71748432.7658
2024-10-30,1.048,1.102,1.018,1.067,80374034.7,2024-10-30 23:59:59.999,85113484.2595
2024-10-31,1.068,1.074,0.992,1.026,59348985.9,2024-10-31 23:59:59.999,61102184.8346
2024-11-01,1.027,1.041,0.973,1.002,70249730.8,2024-11-01 23:59:59.999,70697794.8503
2024-11-02,1.003,1.016,0.936,0.944,44842756.4,2024-11-02 23:59:59.999,43281870.6187
2024-11-03,0.945,0.949,0.862,0.901,76127014.5,2024-11-03 23:59:59.999,68461588.0505
2024-11-04,0.901,0.92,0.865,0.89,64354571.5,2024-11-04 23:59:59.999,57659959.441
2024-11-05,0.889,0.934,0.888,0.922,59122221.7,2024-11-05 23:59:59.999,53896366.8332
2024-11-06,0.922,1.123,0.92,1.107,116043705.3,2024-11-06 23:59:59.999,118706655.5072
2024-11-07,1.107,1.152,1.087,1.118,68729440.7,2024-11-07 23:59:59.999,76791032.8615
2024-11-08,1.118,1.135,1.062,1.098,64370906.1,2024-11-08 23:59:59.999,70471503.1685
2024-11-09,1.098,1.203,1.08,1.191,65934635.3,2024-11-09 23:59:59.999,76304223.2902
2024-11-10,1.192,1.276,1.163,1.232,76171314.8,2024-11-10 23:59:59.999,92919200.6271
2024-11-11,1.233,1.328,1.214,1.319,83694399.3,2024-11-11 23:59:59.999,106142786.1362
2024-11-12,1.319,1.366,1.155,1.247,109485127.2,2024-11-12 23:59:59.999,137482876.7157
2024-11-13,1.247,1.297,1.121,1.216,94467255.7,2024-11-13 23:59:59.999,113412760.2719
2024-11-14,1.216,1.272,1.118,1.135,72746658.7,2024-11-14 23:59:59.999,86559895.7168
2024-11-15,1.135,1.278,1.113,1.24,90137934.4,2024-11-15 23:59:59.999,107834547.7702
2024-11-16,1.241,1.341,1.234,1.333,53140017.9,2024-11-16 23:59:59.999,68438972.7684
2024-11-17,1.333,1.344,1.223,1.247,53442436.2,2024-11-17 23:59:59.999,68682859.1973
2024-11-18,1.246,1.4,1.238,1.32,106674192.0,2024-11-18 23:59:59.999,140520746.519
2024-11-19,1.321,1.321,1.21,1.249,64929308.1,2024-11-19 23:59:59.999,81740687.1047
2024-11-20,1.249,1.264,1.172,1.207,47577911.6,2024-11-20 23:59:59.999,58080897.7575
2024-11-21,1.207,1.332,1.17,1.313,64158229.9,2024-11-21 23:59:59.999,80892394.2252
2024-11-22,1.313,1.336,1.243,1.33,53431460.7,2024-11-22 23:59:59.999,68405889.485
2024-11-23,1.329,1.577,1.311,1.526,122180389.5,2024-11-23 23:59:59.999,178039338.9268
2024-11-24,1.526,1.599,1.405,1.552,75741068.3,2024-11-24 23:59:59.999,114535431.048
2024-11-25,1.553,1.597,1.443,1.56,88923967.7,2024-11-25 23:59:59.999,135990313.1321
2024-11-26,1.559,1.633,1.407,1.456,86067295.9,2024-11-26 23:59:59.999,128859599.9412
2024-11-27,1.455,1.69,1.422,1.67,69436807.9,2024-11-27 23:59:59.999,108520328.5932
2024-11-28,1.67,1.67,1.531,1.589,42995270.9,2024-11-28 23:59:59.999,68688609.4948
2024-11-29,1.589,1.662,1.563,1.647,31881460.4,2024-11-29 23:59:59.999,51383524.3289
2024-11-30,1.647,1.752,1.615,1.722,53254561.6,2024-11-30 23:59:59.999,89143592.365
2024-12-01,1.721,1.734,1.651,1.708,45430138.2,2024-12-01 23:59:59.999,76872675.6543
2024-12-02,1.708,1.796,1.581,1.779,91140322.0,2024-12-02 23:59:59.999,154544347.4176
2024-12-03,1.778,1.837,1.653,1.8,76367589.8,2024-12-03 23:59:59.999,135062909.918
2024-12-04,1.8,1.97,1.788,1.846,77906846.0,2024-12-04 23:59:59.999,146765470.9441
2024-12-05,1.846,1.926,1.728,1.801,81267768.0,2024-12-05 23:59:59.999,148265056.9106
2024-12-06,1.802,2.486,1.789,2.323,326145963.4,2024-12-06 23:59:59.999,736502262.9636
2024-12-07,2.323,2.733,2.248,2.412,186123618.9,2024-12-07 23:59:59.999,459097830.601
2024-12-08,2.413,2.707,2.357,2.651,136357312.5,2024-12-08 23:59:59.999,344271881.009
2024-12-09,2.65,2.673,1.633,2.115,200846715.3,2024-12-09 23:59:59.999,449010707.6336
2024-12-10,2.116,2.23,1.782,1.942,153639365.2,2024-12-10 23:59:59.999,307562909.9042
2024-12-11,1.943,2.137,1.867,2.113,76007950.1,2024-12-11 23:59:59.999,153252909.7565
2024-12-12,2.113,2.391,2.069,2.219,113945654.5,2024-12-12 23:59:59.999,260372028.2561
2024-12-13,2.219,2.246,2.111,2.159,60825138.1,2024-12-13 23:59:59.999,132091481.355
2024-12-14,2.159,2.217,2.032,2.077,51429152.9,2024-12-14 23:59:59.999,108587683.4662
2024-12-15,2.077,2.2,1.993,2.187,55752783.7,2024-12-15 23:59:59.999,116839394.7381
2024-12-16,2.187,2.255,2.039,2.091,69665905.9,2024-12-16 23:59:59.999,148741523.9641
2024-12-17,2.092,2.113,1.909,1.941,60834795.6,2024-12-17 23:59:59.999,123579530.1348
2024-12-18,1.942,1.961,1.65,1.69,88009826.5,2024-12-18 23:59:59.999,160290624.2131
2024-12-19,1.689,1.71,1.432,1.472,102173934.2,2024-12-19 23:59:59.999,161491792.8101
2024-12-20,1.473,1.573,1.273,1.557,113851120.4,2024-12-20 23:59:59.999,162776710.4344
2024-12-21,1.557,1.651,1.397,1.421,67944596.4,2024-12-21 23:59:59.999,101989048.1568
2024-12-22,1.421,1.483,1.376,1.431,57614846.1,2024-12-22 23:59:59.999,82546155.4592
2024-12-23,1.43,1.581,1.385,1.539,65980099.2,2024-12-23 23:59:59.999,96614067.059
2024-12-24,1.54,1.615,1.488,1.585,45676866.4,2024-12-24 23:59:59.999,70629289.234
2024-12-25,1.584,1.604,1.519,1.585,39955975.3,2024-12-25 23:59:59.999,62417133.814
2024-12-26,1.585,1.604,1.428,1.456,45695800.1,2024-12-26 23:59:59.999,68541953.6616
2024-12-27,1.456,1.638,1.448,1.552,71262199.8,2024-12-27 23:59:59.999,110765653.9455
2024-12-28,1.553,1.585,1.489,1.564,36724352.2,2024-12-28 23:59:59.999,56240509.2694
2024-12-29,1.563,1.585,1.473,1.497,28669034.5,2024-12-29 23:59:59.999,43967630.4085
2024-12-30,1.496,1.569,1.443,1.5,47706448.5,2024-12-30 23:59:59.999,71820419.0765
2024-12-31,1.501,1.524,1.42,1.437,36661525.8,2024-12-31 23:59:59.999,54053543.3803
2025-01-01,1.436,1.489,1.416,1.471,28274396.8,2025-01-01 23:59:59.999,40924114.4247
2025-01-02,1.47,1.553,1.468,1.514,32189047.7,2025-01-02 23:59:59.999,48819592.5861
2025-01-03,1.515,1.645,1.467,1.629,40768229.1,2025-01-03 23:59:59.999,63285317.1281
2025-01-04,1.629,1.659,1.574,1.628,42445594.7,2025-01-04 23:59:59.999,68443281.141
2025-01-05,1.628,1.637,1.549,1.595,34780173.6,2025-01-05 23:59:59.999,55206258.5532
2025-01-06,1.595,1.713,1.565,1.637,52666389.7,2025-01-06 23:59:59.999,86153277.9115
2025-01-07,1.638,1.656,1.414,1.419,67273281.2,2025-01-07 23:59:59.999,103296601.6072
2025-01-08,1.42,1.446,1.257,1.344,71553556.2,2025-01-08 23:59:59.999,96314558.8309
2025-01-09,1.343,1.369,1.277,1.314,47032065.9,2025-01-09 23:59:59.999,62184886.9497
2025-01-10,1.314,1.371,1.292,1.333,37933106.3,2025-01-10 23:59:59.999,50440580.3436
2025-01-11,1.333,1.359,1.301,1.326,22261059.8,2025-01-11 23:59:59.999,29443058.2796
2025-01-12,1.327,1.333,1.271,1.298,22714253.7,2025-01-12 23:59:59.999,29750981.0481
2025-01-13,1.299,1.337,1.137,1.233,95173693.3,2025-01-13 23:59:59.999,115393320.329
2025-01-14,1.234,1.306,1.222,1.28,37280854.9,2025-01-14 23:59:59.999,46648248.932
2025-01-15,1.28,1.356,1.223,1.353,55047330.8,2025-01-15 23:59:59.999,70979632.7
2025-01-16,1.352,1.377,1.3,1.341,51090444.6,2025-01-16 23:59:59.999,68340010.6138
2025-01-17,1.341,1.472,1.34,1.451,48428314.7,2025-01-17 23:59:59.999,68601641.5596
2025-01-18,1.452,1.481,1.29,1.323,60671662.1,2025-01-18 23:59:59.999,81503561.6156
2025-01-19,1.322,1.374,1.13,1.161,104135924.1,2025-01-19 23:59:59.999,129347917.9781
2025-01-20,1.161,1.282,1.087,1.15,134215427.5,2025-01-20 23:59:59.999,157350322.9344
2025-01-21,1.15,1.251,1.098,1.218,74427023.1,2025-01-21 23:59:59.999,86158651.7358
2025-01-22,1.218,1.233,1.158,1.169,35414984.7,2025-01-22 23:59:59.999,42316172.9337
2025-01-23,1.169,1.187,1.122,1.17,52808326.3,2025-01-23 23:59:59.999,60799204.2474
2025-01-24,1.17,1.215,1.128,1.15,45738125.1,2025-01-24 23:59:59.999,53842834.9171
2025-01-25,1.15,1.162,1.126,1.144,26996030.6,2025-01-25 23:59:59.999,30841576.9905
2025-01-26,1.144,1.19,1.12,1.125,24381424.7,2025-01-26 23:59:59.999,28242065.8644
2025-01-27,1.125,1.13,0.988,1.087,78382232.7,2025-01-27 23:59:59.999,82583992.1953
2025-01-28,1.087,1.103,0.972,0.981,38516861.8,2025-01-28 23:59:59.999,40141445.4934
2025-01-29,0.981,1.061,0.975,1.017,66000491.7,2025-01-29 23:59:59.999,67052832.2868
2025-01-30,1.017,1.097,1.004,1.072,43690902.6,2025-01-30 23:59:59.999,46242567.0262
2025-01-31,1.073,1.149,1.054,1.092,60654066.8,2025-01-31 23:59:59.999,66748866.9513
2025-02-01,1.092,1.119,0.979,0.99,52149796.1,2025-02-01 23:59:59.999,55170607.2584
2025-02-02,0.99,1.017,0.778,0.843,129819637.2,2025-02-02 23:59:59.999,117766118.1546
2025-02-03,0.844,0.844,0.569,0.818,265637831.3,2025-02-03 23:59:59.999,191489873.5396
2025-02-04,0.818,0.826,0.725,0.764,119239474.6,2025-02-04 23:59:59.999,91641675.2731
2025-02-05,0.765,0.785,0.742,0.756,66102821.7,2025-02-05 23:59:59.999,50539701.0993
2025-02-06,0.756,0.776,0.694,0.703,80289839.9,2025-02-06 23:59:59.999,58939614.9664
2025-02-07,0.703,0.765,0.683,0.712,76324440.9,2025-02-07 23:59:59.999,55203942.8758
2025-02-08,0.711,0.749,0.704,0.744,41445833.0,2025-02-08 23:59:59.999,29856035.2376
2025-02-09,0.744,0.772,0.707,0.744,51182720.5,2025-02-09 23:59:59.999,38210761.2038
2025-02-10,0.745,0.767,0.715,0.76,60693711.3,2025-02-10 23:59:59.999,45392214.0134
2025-02-11,0.76,0.802,0.733,0.749,64465066.9,2025-02-11 23:59:59.999,49750897.3098
2025-02-12,0.749,0.818,0.716,0.804,80870696.8,2025-02-12 23:59:59.999,61131756.2626
2025-02-13,0.805,0.819,0.755,0.779,56311397.1,2025-02-13 23:59:59.999,43915985.6296
2025-02-14,0.78,0.834,0.774,0.807,54192513.3,2025-02-14 23:59:59.999,43162444.3654
2025-02-15,0.807,0.825,0.781,0.786,33207373.7,2025-02-15 23:59:59.999,26638710.2268
2025-02-16,0.786,0.803,0.767,0.777,42455250.1,2025-02-16 23:59:59.999,33255361.5114
2025-02-17,0.778,0.82,0.757,0.788,55263295.6,2025-02-17 23:59:59.999,43364822.9631
2025-02-18,0.788,0.792,0.723,0.756,70973248.4,2025-02-18 23:59:59.999,53468762.6395
2025-02-19,0.756,0.785,0.749,0.772,33246441.0,2025-02-19 23:59:59.999,25607446.4141
2025-02-20,0.771,0.814,0.769,0.8,38515601.7,2025-02-20 23:59:59.999,30394335.8577
2025-02-21,0.799,0.859,0.763,0.776,76278343.3,2025-02-21 23:59:59.999,61899566.5777
2025-02-22,0.776,0.813,0.77,0.804,38264787.8,2025-02-22 23:59:59.999,30370334.6502
2025-02-23,0.804,0.809,0.768,0.78,27542726.2,2025-02-23 23:59:59.999,21698895.0527
2025-02-24,0.78,0.787,0.642,0.667,89193593.6,2025-02-24 23:59:59.999,64690920.0002
2025-02-25,0.666,0.7,0.618,0.686,142518445.3,2025-02-25 23:59:59.999,94724671.2245
2025-02-26,0.686,0.717,0.666,0.711,74896302.7,2025-02-26 23:59:59.999,51548418.8262
2025-02-27,0.711,0.737,0.688,0.716,59070321.6,2025-02-27 23:59:59.999,42255638.3875
2025-02-28,0.716,0.722,0.65,0.706,85962672.1,2025-02-28 23:59:59.999,58644156.1841
2025-03-01,0.707,0.717,0.67,0.689,42423828.2,2025-03-01 23:59:59.999,29169173.4399
2025-03-02,0.688,0.773,0.679,0.769,63256731.5,2025-03-02 23:59:59.999,45770763.3032
2025-03-03,0.769,0.772,0.647,0.66,85645689.7,2025-03-03 23:59:59.999,60340597.6257
2025-03-04,0.661,0.667,0.564,0.623,152435290.7,2025-03-04 23:59:59.999,93607750.9366
2025-03-05,0.623,0.661,0.613,0.651,85706572.3,2025-03-05 23:59:59.999,54995376.8335
2025-03-06,0.651,0.679,0.64,0.656,56540411.9,2025-03-06 23:59:59.999,37274120.1662
2025-03-07,0.657,0.686,0.622,0.655,84110668.2,2025-03-07 23:59:59.999,55308872.7945
2025-03-08,0.656,0.662,0.633,0.642,29490114.7,2025-03-08 23:59:59.999,19071883.6695
2025-03-09,0.641,0.645,0.559,0.571,55555339.5,2025-03-09 23:59:59.999,33033446.6909
2025-03-10,0.572,0.616,0.522,0.546,107866704.0,2025-03-10 23:59:59.999,61670332.5268
2025-03-11,0.545,0.601,0.5,0.583,118158184.7,2025-03-11 23:59:59.999,65119644.9286
2025-03-12,0.583,0.622,0.573,0.607,87688109.7,2025-03-12 23:59:59.999,52327690.9684
2025-03-13,0.607,0.623,0.588,0.612,54836662.7,2025-03-13 23:59:59.999,33170920.9617
2025-03-14,0.612,0.633,0.606,0.614,43424447.8,2025-03-14 23:59:59.999,26793202.9384
2025-03-15,0.614,0.644,0.611,0.636,30720530.9,2025-03-15 23:59:59.999,19290054.5913
2025-03-16,0.636,0.646,0.603,0.61,47162037.3,2025-03-16 23:59:59.999,29349131.2576
2025-03-17,0.61,0.65,0.608,0.638,42216604.1,2025-03-17 23:59:59.999,26805006.6523
2025-03-18,0.638,0.644,0.607,0.641,41792862.7,2025-03-18 23:59:59.999,26178938.2269
2025-03-19,0.641,0.689,0.637,0.675,57034576.7,2025-03-19 23:59:59.999,37554705.8811
2025-03-20,0.675,0.687,0.653,0.664,37076709.9,2025-03-20 23:59:59.999,24843330.1674
2025-03-21,0.664,0.678,0.637,0.664,30378300.1,2025-03-21 23:59:59.999,19986457.1247
2025-03-22,0.664,0.685,0.655,0.675,21091096.7,2025-03-22 23:59:59.999,14232066.687
2025-03-23,0.674,0.68,0.651,0.671,22877038.8,2025-03-23 23:59:59.999,15257238.8374
2025-03-24,0.67,0.761,0.654,0.721,117388839.8,2025-03-24 23:59:59.999,84711992.4168
2025-03-25,0.721,0.749,0.708,0.737,49846436.4,2025-03-25 23:59:59.999,36368838.1612
2025-03-26,0.737,0.766,0.725,0.74,43466822.3,2025-03-26 23:59:59.999,32459234.4691
2025-03-27,0.74,0.773,0.726,0.735,41833474.5,2025-03-27 23:59:59.999,31234814.1421
2025-03-28,0.735,0.736,0.677,0.689,36736843.3,2025-03-28 23:59:59.999,25709486.0931
2025-03-29,0.689,0.699,0.63,0.642,36777780.3,2025-03-29 23:59:59.999,24194754.7274
2025-03-30,0.642,0.658,0.626,0.637,25924215.9,2025-03-30 23:59:59.999,16724256.6383
2025-03-31,0.638,0.646,0.607,0.629,42970285.8,2025-03-31 23:59:59.999,27054084.7861
2025-04-01,0.628,0.675,0.626,0.647,35416269.0,2025-04-01 23:59:59.999,23050758.1773
2025-04-02,0.647,0.65,0.582,0.595,69894979.9,2025-04-02 23:59:59.999,43749928.2831
2025-04-03,0.595,0.622,0.583,0.615,35981839.7,2025-04-03 23:59:59.999,21695677.9824
2025-04-04,0.615,0.634,0.593,0.625,41942662.0,2025-04-04 23:59:59.999,25861567.2586
2025-04-05,0.626,0.633,0.603,0.613,20607897.6,2025-04-05 23:59:59.999,12737918.6335
2025-04-06,0.613,0.614,0.52,0.54,61587108.2,2025-04-06 23:59:59.999,34549352.5523
2025-04-07,0.541,0.579,0.496,0.553,80286209.3,2025-04-07 23:59:59.999,43124940.1524
2025-04-08,0.553,0.572,0.504,0.513,54323821.1,2025-04-08 23:59:59.999,28992750.9433
2025-04-09,0.514,0.57,0.494,0.562,62864271.8,2025-04-09 23:59:59.999,33295457.2474
2025-04-10,0.562,0.564,0.526,0.549,42373864.7,2025-04-10 23:59:59.999,22993842.986
2025-04-11,0.549,0.567,0.546,0.56,27975604.4,2025-04-11 23:59:59.999,15567459.6468
2025-04-12,0.56,0.585,0.549,0.578,31111745.5,2025-04-12 23:59:59.999,17692065.4147
2025-04-13,0.578,0.58,0.537,0.549,35849368.6,2025-04-13 23:59:59.999,20148366.3164
2025-04-14,0.549,0.573,0.547,0.554,38053512.3,2025-04-14 23:59:59.999,21307989.709
2025-04-15,0.554,0.567,0.538,0.544,34040572.7,2025-04-15 23:59:59.999,18863040.4539
2025-04-16,0.544,0.557,0.534,0.545,36047125.9,2025-04-16 23:59:59.999,19756851.1151
2025-04-17,0.545,0.57,0.541,0.563,22212083.5,2025-04-17 23:59:59.999,12342103.7659
2025-04-18,0.563,0.577,0.556,0.575,16560181.9,2025-04-18 23:59:59.999,9429615.2189
2025-04-19,0.574,0.594,0.572,0.589,19186779.6,2025-04-19 23:59:59.999,11186899.679
2025-04-20,0.589,0.6,0.58,0.596,18843996.8,2025-04-20 23:59:59.999,11116730.2915
2025-04-21,0.596,0.613,0.586,0.59,26712679.5,2025-04-21 23:59:59.999,16082441.8153
2025-04-22,0.59,0.637,0.571,0.631,35619407.1,2025-04-22 23:59:59.999,21424919.3361
2025-04-23,0.631,0.654,0.625,0.645,37605173.0,2025-04-23 23:59:59.999,24120158.3054
2025-04-24,0.644,0.656,0.611,0.651,40311637.2,2025-04-24 23:59:59.999,25650975.4026
2025-04-25,0.651,0.67,0.639,0.66,31128535.2,2025-04-25 23:59:59.999,20451557.3121
2025-04-26,0.659,0.683,0.651,0.672,25743756.4,2025-04-26 23:59:59.999,17211642.9497
2025-04-27,0.672,0.678,0.631,0.637,17167432.4,2025-04-27 23:59:59.999,11164616.8187
2025-04-28,0.637,0.664,0.619,0.658,28846377.8,2025-04-28 23:59:59.999,18684037.6486
2025-04-29,0.658,0.674,0.636,0.641,22665131.4,2025-04-29 23:59:59.999,14934694.5777
2025-04-30,0.642,0.651,0.615,0.642,27716505.4,2025-04-30 23:59:59.999,17665379.8911
2025-05-01,0.641,0.666,0.64,0.662,24292175.5,2025-05-01 23:59:59.999,15899890.8226
2025-05-02,0.662,0.674,0.628,0.642,27796148.7,2025-05-02 23:59:59.999,18065590.2829
2025-05-03,0.642,0.647,0.606,0.612,27435356.3,2025-05-03 23:59:59.999,17270078.9824
2025-05-04,0.612,0.612,0.576,0.583,25272625.9,2025-05-04 23:59:59.999,14990209.257
2025-05-05,0.582,0.597,0.572,0.582,20198830.7,2025-05-05 23:59:59.999,11818818.1604
2025-05-06,0.581,0.588,0.532,0.557,39217489.2,2025-05-06 23:59:59.999,22015656.5474
2025-05-07,0.556,0.568,0.544,0.565,21764494.9,2025-05-07 23:59:59.999,12148447.4229
2025-05-08,0.565,0.64,0.563,0.638,36419127.5,2025-05-08 23:59:59.999,21894227.5638
2025-05-09,0.639,0.695,0.633,0.688,67747502.9,2025-05-09 23:59:59.999,45471000.0662
2025-05-10,0.688,0.756,0.679,0.754,67224417.4,2025-05-10 23:59:59.999,47481850.9087
2025-05-11,0.754,0.763,0.689,0.705,57426471.9,2025-05-11 23:59:59.999,41451541.7489
2025-05-12,0.705,0.749,0.673,0.71,57519639.8,2025-05-12 23:59:59.999,41152354.7496
2025-05-13,0.71,0.739,0.661,0.727,60056615.7,2025-05-13 23:59:59.999,41846321.4204
2025-05-14,0.728,0.745,0.683,0.691,53797990.7,2025-05-14 23:59:59.999,38154559.0196
2025-05-15,0.691,0.703,0.635,0.653,84338747.6,2025-05-15 23:59:59.999,56158192.4205
2025-05-16,0.653,0.689,0.64,0.646,60333522.1,2025-05-16 23:59:59.999,40120969.3159
2025-05-17,0.646,0.649,0.612,0.625,43982981.5,2025-05-17 23:59:59.999,27525575.1291
2025-05-18,0.624,0.679,0.605,0.671,58697093.6,2025-05-18 23:59:59.999,37899798.0586
2025-05-19,0.672,0.68,0.612,0.641,70292374.3,2025-05-19 23:59:59.999,44630522.7631
2025-05-20,0.641,0.67,0.624,0.654,59161147.9,2025-05-20 23:59:59.999,38226605.9755
2025-05-21,0.655,0.686,0.634,0.667,88873023.1,2025-05-21 23:59:59.999,58417256.6402
2025-05-22,0.668,0.717,0.665,0.713,72648333.5,2025-05-22 23:59:59.999,50457854.7907
2025-05-23,0.712,0.727,0.626,0.631,86534910.4,2025-05-23 23:59:59.999,58839608.8699
2025-05-24,0.631,0.646,0.625,0.631,44205633.1,2025-05-24 23:59:59.999,28183017.0648
2025-05-25,0.631,0.635,0.573,0.607,70355377.2,2025-05-25 23:59:59.999,42005061.2036
2025-05-26,0.607,0.62,0.575,0.587,61497928.2,2025-05-26 23:59:59.999,36789709.2422
2025-05-27,0.586,0.645,0.57,0.63,81763252.4,2025-05-27 23:59:59.999,50344307.287
2025-05-28,0.629,0.651,0.608,0.631,76716199.0,2025-05-28 23:59:59.999,48035794.8305
2025-05-29,0.632,0.657,0.609,0.613,69992160.6,2025-05-29 23:59:59.999,44258645.5147
2025-05-30,0.614,0.619,0.527,0.532,112923027.2,2025-05-30 23:59:59.999,64873460.7446
2025-05-31,0.532,0.554,0.507,0.548,81236061.9,2025-05-31 23:59:59.999,42960508.9225
2025-06-01,0.548,0.561,0.535,0.559,68508781.9,2025-06-01 23:59:59.999,37458130.7558
2025-06-02,0.559,0.584,0.54,0.584,69706552.8,2025-06-02 23:59:59.999,38546623.3067
2025-06-03,0.583,0.598,0.568,0.574,57514700.8,2025-06-03 23:59:59.999,33654507.6385
2025-06-04,0.573,0.584,0.543,0.547,58722005.5,2025-06-04 23:59:59.999,33226344.016
2025-06-05,0.548,0.566,0.505,0.513,96757791.5,2025-06-05 23:59:59.999,52268386.4818
2025-06-06,0.513,0.541,0.509,0.522,49024431.7,2025-06-06 23:59:59.999,25717874.4241
2025-06-07,0.522,0.544,0.52,0.537,33955849.8,2025-06-07 23:59:59.999,18205242.7955
2025-06-08,0.538,0.544,0.529,0.532,50202725.2,2025-06-08 23:59:59.999,26922416.7018
2025-06-09,0.532,0.564,0.518,0.562,65271365.2,2025-06-09 23:59:59.999,35103801.8191
2025-06-10,0.561,0.615,0.554,0.614,90483166.9,2025-06-10 23:59:59.999,52403430.16
2025-06-11,0.614,0.615,0.57,0.577,81894833.6,2025-06-11 23:59:59.999,48756962.9628
2025-06-12,0.576,0.577,0.524,0.527,95011176.8,2025-06-12 23:59:59.999,52098976.7528
2025-06-13,0.527,0.528,0.484,0.525,170097797.5,2025-06-13 23:59:59.999,86311808.1749
2025-06-14,0.525,0.527,0.503,0.515,53338587.0,2025-06-14 23:59:59.999,27542744.803
2025-06-15,0.515,0.526,0.505,0.519,60918209.4,2025-06-15 23:59:59.999,31431166.6441
2025-06-16,0.519,0.54,0.508,0.51,76063133.2,2025-06-16 23:59:59.999,40116003.1918
2025-06-17,0.51,0.526,0.488,0.508,120031521.4,2025-06-17 23:59:59.999,60815571.1827
2025-06-18,0.508,0.528,0.494,0.508,67049257.8,2025-06-18 23:59:59.999,34138938.539
2025-06-19,0.508,0.517,0.497,0.51,40353087.0,2025-06-19 23:59:59.999,20418464.9941
2025-06-20,0.51,0.517,0.469,0.483,74859238.9,2025-06-20 23:59:59.999,36999021.8901
2025-06-21,0.482,0.492,0.434,0.454,76126175.4,2025-06-21 23:59:59.999,35722826.317
2025-06-22,0.453,0.458,0.412,0.437,157629747.4,2025-06-22 23:59:59.999,68837531.4101
2025-06-23,0.436,0.49,0.435,0.487,104444233.4,2025-06-23 23:59:59.999,47521243.7879
2025-06-24,0.486,0.511,0.485,0.5,99583385.6,2025-06-24 23:59:59.999,49257124.7673
2025-06-25,0.5,0.503,0.473,0.477,71867520.0,2025-06-25 23:59:59.999,35111779.5263
2025-06-26,0.478,0.495,0.467,0.473,59778090.0,2025-06-26 23:59:59.999,28707871.007
2025-06-27,0.473,0.49,0.465,0.486,50815864.9,2025-06-27 23:59:59.999,24297216.0773
2025-06-28,0.486,0.507,0.48,0.502,46477994.1,2025-06-28 23:59:59.999,22897131.6535
2025-06-29,0.501,0.545,0.498,0.536,65508407.1,2025-06-29 23:59:59.999,33687704.0456
2025-06-30,0.537,0.548,0.514,0.518,98889052.2,2025-06-30 23:59:59.999,52464675.4703
2025-07-01,0.518,0.524,0.493,0.5,67213012.4,2025-07-01 23:59:59.999,34107185.0462
2025-07-02,0.5,0.556,0.497,0.543,72158909.5,2025-07-02 23:59:59.999,37801172.4051
2025-07-03,0.543,0.558,0.537,0.552,85585511.3,2025-07-03 23:59:59.999,47030585.8343
2025-07-04,0.552,0.561,0.518,0.525,46533233.7,2025-07-04 23:59:59.999,24977074.0279
2025-07-05,0.524,0.529,0.507,0.518,50068887.6,2025-07-05 23:59:59.999,25949820.2468
2025-07-06,0.518,0.534,0.507,0.524,41464702.8,2025-07-06 23:59:59.999,21553702.5405
2025-07-07,0.524,0.535,0.513,0.521,40369225.6,2025-07-07 23:59:59.999,21113977.5692
2025-07-08,0.52,0.54,0.509,0.534,51033122.5,2025-07-08 23:59:59.999,26692995.3534
2025-07-09,0.534,0.574,0.528,0.568,50465336.3,2025-07-09 23:59:59.999,27723186.9677
2025-07-10,0.568,0.617,0.561,0.613,58086590.6,2025-07-10 23:59:59.999,33707249.5357
2025-07-11,0.613,0.641,0.598,0.609,77576311.3,2025-07-11 23:59:59.999,48377536.2166
2025-07-12,0.61,0.62,0.579,0.598,62251426.0,2025-07-12 23:59:59.999,37368127.9363
2025-07-13,0.597,0.616,0.592,0.601,41398758.1,2025-07-13 23:59:59.999,25033571.235
2025-07-14,0.601,0.632,0.588,0.6,54843668.1,2025-07-14 23:59:59.999,33539237.3813
2025-07-15,0.6,0.646,0.581,0.641,63799041.0,2025-07-15 23:59:59.999,38869244.8795
2025-07-16,0.641,0.668,0.628,0.648,75355951.6,2025-07-16 23:59:59.999,48657282.2503
2025-07-17,0.649,0.675,0.632,0.665,106012997.7,2025-07-17 23:59:59.999,69633282.9779
2025-07-18,0.666,0.701,0.645,0.658,121954504.9,2025-07-18 23:59:59.999,82696322.7761
2025-07-19,0.657,0.681,0.638,0.672,43877412.8,2025-07-19 23:59:59.999,28887728.0471
2025-07-20,0.673,0.714,0.666,0.7,64479872.8,2025-07-20 23:59:59.999,44690821.0997
2025-07-21,0.699,0.72,0.683,0.707,62590938.6,2025-07-21 23:59:59.999,43912758.6035
2025-07-22,0.707,0.707,0.644,0.683,83496184.7,2025-07-22 23:59:59.999,56014668.761
2025-07-23,0.683,0.698,0.603,0.628,67317938.4,2025-07-23 23:59:59.999,43651379.644
2025-07-24,0.629,0.64,0.581,0.617,70738204.2,2025-07-24 23:59:59.999,43582705.5877
2025-07-25,0.617,0.64,0.595,0.635,73510427.4,2025-07-25 23:59:59.999,45081030.4556
2025-07-26,0.636,0.64,0.62,0.622,28134101.7,2025-07-26 23:59:59.999,17674797.7579
2025-07-27,0.621,0.653,0.62,0.65,38354383.0,2025-07-27 23:59:59.999,24403484.239
2025-07-28,0.649,0.662,0.596,0.602,53767777.4,2025-07-28 23:59:59.999,34099988.3605
2025-07-29,0.603,0.622,0.576,0.594,60850351.2,2025-07-29 23:59:59.999,36419353.531
2025-07-30,0.594,0.598,0.555,0.592,55927082.6,2025-07-30 23:59:59.999,32496356.4555
2025-07-31,0.593,0.606,0.559,0.563,61937357.8,2025-07-31 23:59:59.999,36268566.8075
2025-08-01,0.563,0.567,0.517,0.54,83466278.0,2025-08-01 23:59:59.999,45811495.8318
2025-08-02,0.54,0.546,0.519,0.534,52251473.3,2025-08-02 23:59:59.999,27908014.5947
2025-08-03,0.535,0.55,0.526,0.546,51654404.2,2025-08-03 23:59:59.999,28030389.0581
2025-08-04,0.546,0.579,0.544,0.576,56305835.6,2025-08-04 23:59:59.999,31393917.2118
2025-08-05,0.577,0.578,0.535,0.552,58339239.3,2025-08-05 23:59:59.999,32378094.0094
2025-08-06,0.552,0.595,0.537,0.592,87602862.0,2025-08-06 23:59:59.999,49265854.3055
2025-08-07,0.591,0.62,0.586,0.612,92430315.8,2025-08-07 23:59:59.999,55636393.1897
2025-08-08,0.612,0.641,0.605,0.637,64675214.9,2025-08-08 23:59:59.999,40110628.7995
2025-08-09,0.638,0.676,0.636,0.666,45664208.6,2025-08-09 23:59:59.999,29985565.0705
2025-08-10,0.667,0.683,0.637,0.658,51068546.3,2025-08-10 23:59:59.999,33567696.1921
2025-08-11,0.658,0.676,0.618,0.627,58240486.0,2025-08-11 23:59:59.999,37419824.3527
2025-08-12,0.626,0.681,0.621,0.672,58760475.6,2025-08-12 23:59:59.999,38297904.1936
2025-08-13,0.673,0.76,0.663,0.739,109400216.0,2025-08-13 23:59:59.999,78871216.4519
2025-08-14,0.739,0.752,0.646,0.664,88778583.7,2025-08-14 23:59:59.999,62373983.5107
2025-08-15,0.663,0.688,0.632,0.655,57752504.0,2025-08-15 23:59:59.999,38015069.9317
2025-08-16,0.656,0.671,0.646,0.664,22691434.1,2025-08-16 23:59:59.999,14958245.6484
2025-08-17,0.664,0.69,0.656,0.664,30132365.7,2025-08-17 23:59:59.999,20244396.4236
2025-08-18,0.664,0.666,0.628,0.642,52404985.8,2025-08-18 23:59:59.999,33670585.728
2025-08-19,0.641,0.658,0.62,0.625,60396150.9,2025-08-19 23:59:59.999,38678453.6078
2025-08-20,0.626,0.664,0.622,0.656,66529270.5,2025-08-20 23:59:59.999,43140283.7285
2025-08-21,0.655,0.662,0.63,0.635,44568061.4,2025-08-21 23:59:59.999,28670103.7386
2025-08-22,0.635,0.723,0.608,0.719,80780713.5,2025-08-22 23:59:59.999,53385739.4087
2025-08-23,0.719,0.72,0.684,0.699,51657490.7,2025-08-23 23:59:59.999,36060552.7115
2025-08-24,0.699,0.71,0.662,0.675,52056828.8,2025-08-24 23:59:59.999,35453082.2192
2025-08-25,0.675,0.686,0.592,0.603,56048779.0,2025-08-25 23:59:59.999,35510421.3556
2025-08-26,0.602,0.632,0.598,0.622,46023698.7,2025-08-26 23:59:59.999,28378917.8733
2025-08-27,0.622,0.63,0.61,0.612,39631377.6,2025-08-27 23:59:59.999,24525017.4626
2025-08-28,0.611,0.647,0.606,0.646,49357795.3,2025-08-28 23:59:59.999,30998979.9887
2025-08-29,0.646,0.649,0.597,0.609,59632973.1,2025-08-29 23:59:59.999,36564795.7743
2025-08-30,0.609,0.622,0.595,0.609,50628537.0,2025-08-30 23:59:59.999,31027988.6297
2025-08-31,0.61,0.62,0.598,0.6,32093621.7,2025-08-31 23:59:59.999,19574628.7101
2025-09-01,0.599,0.622,0.568,0.578,71822136.9,2025-09-01 23:59:59.999,42869532.5038
2025-09-02,0.577,0.601,0.568,0.599,58301551.9,2025-09-02 23:59:59.999,34137457.5278
2025-09-03,0.6,0.605,0.583,0.598,44220415.2,2025-09-03 23:59:59.999,26325094.1416
2025-09-04,0.598,0.602,0.564,0.567,45131534.4,2025-09-04 23:59:59.999,26235895.3859
2025-09-05,0.567,0.611,0.566,0.601,64804451.3,2025-09-05 23:59:59.999,38376425.5636
2025-09-06,0.601,0.607,0.587,0.595,37028349.8,2025-09-06 23:59:59.999,22065211.9233
2025-09-07,0.595,0.605,0.59,0.601,30585812.0,2025-09-07 23:59:59.999,18319173.2037
2025-09-08,0.6,0.621,0.595,0.617,49103774.0,2025-09-08 23:59:59.999,29965686.7062
2025-09-09,0.618,0.643,0.611,0.628,54312968.8,2025-09-09 23:59:59.999,34021137.1495
2025-09-10,0.628,0.647,0.623,0.638,49223203.6,2025-09-10 23:59:59.999,31220462.1677
2025-09-11,0.637,0.665,0.635,0.663,34917108.4,2025-09-11 23:59:59.999,22547084.2075
2025-09-12,0.662,0.673,0.649,0.669,34954707.2,2025-09-12 23:59:59.999,23176212.1002
2025-09-13,0.668,0.686,0.657,0.669,31692593.9,2025-09-13 23:59:59.999,21270366.1447
2025-09-14,0.669,0.672,0.632,0.64,32971353.1,2025-09-14 23:59:59.999,21445009.2961
2025-09-15,0.64,0.652,0.596,0.613,60149491.1,2025-09-15 23:59:59.999,37270471.4283
2025-09-16,0.613,0.635,0.603,0.629,37392499.3,2025-09-16 23:59:59.999,23176211.0807
2025-09-17,0.629,0.668,0.615,0.663,60031498.3,2025-09-17 23:59:59.999,37966111.5102
2025-09-18,0.664,0.693,0.658,0.688,67692496.2,2025-09-18 23:59:59.999,45732596.8207
2025-09-19,0.688,0.713,0.653,0.662,57117040.4,2025-09-19 23:59:59.999,38640115.9713
2025-09-20,0.663,0.718,0.659,0.699,78459562.7,2025-09-20 23:59:59.999,53923875.9044
2025-09-21,0.699,0.765,0.679,0.688,108404081.5,2025-09-21 23:59:59.999,77114830.6575
2025-09-22,0.688,0.695,0.591,0.611,90554084.1,2025-09-22 23:59:59.999,57100475.2714
2025-09-23,0.611,0.617,0.583,0.597,66504296.1,2025-09-23 23:59:59.999,40151685.3185
2025-09-24,0.597,0.665,0.587,0.622,150253300.2,2025-09-24 23:59:59.999,95526968.2221
2025-09-25,0.622,0.623,0.55,0.559,110805078.2,2025-09-25 23:59:59.999,64928915.3254
2025-09-26,0.56,0.59,0.557,0.584,59608619.3,2025-09-26 23:59:59.999,34082965.5967
2025-09-27,0.584,0.63,0.579,0.61,67038769.0,2025-09-27 23:59:59.999,40631574.5803
2025-09-28,0.609,0.614,0.589,0.611,36448772.1,2025-09-28 23:59:59.999,21938989.5786
2025-09-29,0.611,0.616,0.584,0.605,47215486.6,2025-09-29 23:59:59.999,28437420.6404
2025-09-30,0.605,0.606,0.568,0.588,61674663.9,2025-09-30 23:59:59.999,36098555.9788
2025-10-01,0.587,0.614,0.575,0.613,45957663.0,2025-10-01 23:59:59.999,27446650.4825
2025-10-02,0.614,0.641,0.609,0.633,48000705.2,2025-10-02 23:59:59.999,29939944.3791
2025-10-03,0.633,0.649,0.616,0.638,47879634.5,2025-10-03 23:59:59.999,30167795.9155
2025-10-04,0.638,0.641,0.606,0.614,33487262.7,2025-10-04 23:59:59.999,20771458.8141
2025-10-05,0.613,0.64,0.6,0.603,43437253.3,2025-10-05 23:59:59.999,26950870.6164
2025-10-06,0.602,0.638,0.597,0.629,40190433.1,2025-10-06 23:59:59.999,24924365.3072
2025-10-07,0.63,0.635,0.588,0.593,55022695.6,2025-10-07 23:59:59.999,33594205.4869
2025-10-08,0.593,0.611,0.584,0.601,40345040.4,2025-10-08 23:59:59.999,24020474.4416
2025-10-09,0.6,0.603,0.553,0.568,60020353.8,2025-10-09 23:59:59.999,34235854.0069
2025-10-10,0.567,0.583,0.064,0.336,304295444.7,2025-10-10 23:59:59.999,114899193.2794
2025-10-11,0.337,0.38,0.326,0.342,202138355.3,2025-10-11 23:59:59.999,71555157.6894
2025-10-12,0.342,0.383,0.333,0.374,150553863.4,2025-10-12 23:59:59.999,53601977.6657
2025-10-13,0.375,0.395,0.355,0.391,151138521.0,2025-10-13 23:59:59.999,56139592.2901
2025-10-14,0.391,0.402,0.345,0.374,178529656.9,2025-10-14 23:59:59.999,65836624.8223
2025-10-15,0.373,0.383,0.344,0.351,118295982.7,2025-10-15 23:59:59.999,42930969.8971
2025-10-16,0.352,0.364,0.328,0.334,153226710.2,2025-10-16 23:59:59.999,53165760.1269
2025-10-17,0.335,0.343,0.307,0.327,198340978.0,2025-10-17 23:59:59.999,64251500.2565
2025-10-18,0.326,0.336,0.324,0.328,82579826.1,2025-10-18 23:59:59.999,27214193.1178
2025-10-19,0.329,0.341,0.322,0.336,85631297.0,2025-10-19 23:59:59.999,28532376.7802
2025-10-20,0.337,0.354,0.329,0.339,98628335.6,2025-10-20 23:59:59.999,33897995.0936
2025-10-21,0.339,0.356,0.325,0.328,114147435.5,2025-10-21 23:59:59.999,38491854.8653
2025-10-22,0.329,0.335,0.297,0.312,106787730.6,2025-10-22 23:59:59.999,34391084.1897
2025-10-23,0.311,0.326,0.309,0.323,86568080.7,2025-10-23 23:59:59.999,27430625.0618
2025-10-24,0.323,0.338,0.318,0.334,81039209.8,2025-10-24 23:59:59.999,26594714.4876
2025-10-25,0.333,0.341,0.331,0.338,40616475.9,2025-10-25 23:59:59.999,13589316.0774
2025-10-26,0.339,0.361,0.333,0.354,53561519.4,2025-10-26 23:59:59.999,18630656.9792
2025-10-27,0.354,0.358,0.333,0.335,100591286.4,2025-10-27 23:59:59.999,34777472.0609
2025-10-28,0.335,0.35,0.319,0.326,117082652.5,2025-10-28 23:59:59.999,39483903.2498
2025-10-29,0.325,0.347,0.323,0.336,130207178.0,2025-10-29 23:59:59.999,43402411.2819
2025-10-30,0.337,0.358,0.293,0.302,251987860.1,2025-10-30 23:59:59.999,81439581.808
2025-10-31,0.303,0.314,0.291,0.296,160840305.3,2025-10-31 23:59:59.999,48640723.36
2025-11-01,0.295,0.316,0.289,0.312,80355151.7,2025-11-01 23:59:59.999,24399489.5043
2025-11-02,0.313,0.325,0.308,0.322,60110545.8,2025-11-02 23:59:59.999,19018081.6317
2025-11-03,0.321,0.323,0.253,0.27,175909427.7,2025-11-03 23:59:59.999,49603583.7617
2025-11-04,0.27,0.281,0.247,0.269,216935160.4,2025-11-04 23:59:59.999,58259669.9649
2025-11-05,0.27,0.291,0.253,0.288,113492588.1,2025-11-05 23:59:59.999,31171256.5696
2025-11-06,0.288,0.29,0.271,0.289,88357116.5,2025-11-06 23:59:59.999,24870178.0798
2025-11-07,0.29,0.343,0.284,0.332,163631236.5,2025-11-07 23:59:59.999,50575408.41
2025-11-08,0.332,0.341,0.323,0.33,106379574.2,2025-11-08 23:59:59.999,35130096.472
2025-11-09,0.331,0.336,0.312,0.328,92531990.7,2025-11-09 23:59:59.999,29962593.554
2025-11-10,0.327,0.368,0.324,0.354,164324563.9,2025-11-10 23:59:59.999,55395055.7904
2025-11-11,0.353,0.359,0.306,0.309,154163834.4,2025-11-11 23:59:59.999,50861742.5347
2025-11-12,0.31,0.342,0.296,0.304,160748959.5,2025-11-12 23:59:59.999,51584309.4626
2025-11-13,0.304,0.336,0.286,0.299,270306092.2,2025-11-13 23:59:59.999,84592731.9414
2025-11-14,0.299,0.349,0.287,0.291,276011106.3,2025-11-14 23:59:59.999,86516630.4716
2025-11-15,0.292,0.313,0.29,0.296,102987197.3,2025-11-15 23:59:59.999,31011176.147
2025-11-16,0.295,0.31,0.274,0.285,127118059.9,2025-11-16 23:59:59.999,36821036.0496
2025-11-17,0.286,0.292,0.269,0.276,163592298.9,2025-11-17 23:59:59.999,45961027.038
2025-11-18,0.276,0.292,0.271,0.288,118339901.5,2025-11-18 23:59:59.999,33588018.2075
2025-11-19,0.287,0.289,0.262,0.277,151014889.7,2025-11-19 23:59:59.999,41537271.8837
2025-11-20,0.278,0.293,0.257,0.264,199642732.6,2025-11-20 23:59:59.999,55161771.2295
2025-11-21,0.265,0.272,0.226,0.236,360111660.0,2025-11-21 23:59:59.999,88643983.7236
2025-11-22,0.237,0.242,0.227,0.238,162254522.6,2025-11-22 23:59:59.999,38063852.1096
2025-11-23,0.237,0.24,0.229,0.231,91748961.4,2025-11-23 23:59:59.999,21568383.2075
2025-11-24,0.231,0.256,0.227,0.251,155170104.3,2025-11-24 23:59:59.999,37217419.804
2025-11-25,0.251,0.262,0.239,0.26,156340774.9,2025-11-25 23:59:59.999,38731324.9783
2025-11-26,0.26,0.262,0.247,0.254,85343537.0,2025-11-26 23:59:59.999,21683259.3093
2025-11-27,0.254,0.26,0.251,0.256,74248766.0,2025-11-27 23:59:59.999,18943788.019
2025-11-28,0.255,0.261,0.246,0.25,103888273.0,2025-11-28 23:59:59.999,26292048.4386
2025-11-29,0.25,0.253,0.241,0.243,61705540.7,2025-11-29 23:59:59.999,15219941.0229
2025-11-30,0.244,0.246,0.234,0.234,65893102.2,2025-11-30 23:59:59.999,15908905.7414
2025-12-01,0.235,0.236,0.209,0.22,207124974.7,2025-12-01 23:59:59.999,45171527.7483
2025-12-02,0.22,0.237,0.214,0.229,139833580.6,2025-12-02 23:59:59.999,31298021.6629
2025-12-03,0.229,0.244,0.226,0.241,114117085.2,2025-12-03 23:59:59.999,26525519.8136
2025-12-04,0.24,0.242,0.229,0.233,96348363.5,2025-12-04 23:59:59.999,22774267.8489
2025-12-05,0.234,0.237,0.215,0.221,164760122.8,2025-12-05 23:59:59.999,37254695.7723
2025-12-06,0.222,0.225,0.215,0.221,79205000.1,2025-12-06 23:59:59.999,17343387.408
2025-12-07,0.22,0.226,0.199,0.205,183969402.5,2025-12-07 23:59:59.999,39312233.4541
2025-12-08,0.205,0.216,0.195,0.198,230297669.3,2025-12-08 23:59:59.999,47110681.6353
2025-12-09,0.198,0.206,0.183,0.198,333857070.6,2025-12-09 23:59:59.999,64857763.0254
2025-12-10,0.198,0.212,0.195,0.201,218070879.9,2025-12-10 23:59:59.999,43886996.9126
2025-12-11,0.2,0.203,0.187,0.198,205257228.0,2025-12-11 23:59:59.999,39752253.1881
2025-12-12,0.198,0.202,0.187,0.193,201956331.6,2025-12-12 23:59:59.999,39227810.1489
2025-12-13,0.194,0.197,0.191,0.196,73470547.9,2025-12-13 23:59:59.999,14295587.1484
2025-12-14,0.195,0.197,0.182,0.185,128132738.6,2025-12-14 23:59:59.999,24187620.6738
2025-12-15,0.185,0.196,0.174,0.182,247015785.8,2025-12-15 23:59:59.999,45748894.0269
2025-12-16,0.182,0.184,0.175,0.183,150298959.4,2025-12-16 23:59:59.999,27114129.9227
2025-12-17,0.183,0.187,0.167,0.169,211985282.6,2025-12-17 23:59:59.999,37356488.7943
2025-12-18,0.17,0.174,0.155,0.16,263912162.8,2025-12-18 23:59:59.999,43452026.8947
2025-12-19,0.16,0.173,0.158,0.17,196830405.9,2025-12-19 23:59:59.999,32887507.3433
2025-12-20,0.17,0.171,0.165,0.168,80213773.2,2025-12-20 23:59:59.999,13468236.1123
2025-12-21,0.168,0.169,0.158,0.161,112094590.2,2025-12-21 23:59:59.999,18277643.2131
2025-12-22,0.161,0.166,0.159,0.16,188777046.8,2025-12-22 23:59:59.999,30716938.5233
2025-12-23,0.161,0.164,0.153,0.162,141096327.3,2025-12-23 23:59:59.999,22410144.4006
2025-12-24,0.162,0.164,0.159,0.163,81699077.1,2025-12-24 23:59:59.999,13158102.7487
2025-12-25,0.163,0.174,0.162,0.166,134747793.8,2025-12-25 23:59:59.999,22709554.2515
2025-12-26,0.166,0.174,0.164,0.172,112120319.3,2025-12-26 23:59:59.999,19014036.0102
2025-12-27,0.171,0.176,0.168,0.174,53724399.8,2025-12-27 23:59:59.999,9208502.5129
2025-12-28,0.175,0.177,0.168,0.172,49668897.4,2025-12-28 23:59:59.999,8589325.3493
2025-12-29,0.172,0.175,0.165,0.167,153453225.8,2025-12-29 23:59:59.999,26057463.3654
2025-12-30,0.167,0.172,0.165,0.172,102334886.2,2025-12-30 23:59:59.999,17217803.9112
2025-12-31,0.172,0.173,0.165,0.167,52835109.3,2025-12-31 23:59:59.999,8957136.7163
2026-01-01,0.168,0.184,0.167,0.183,111883460.4,2026-01-01 23:59:59.999,19974041.9172
2026-01-02,0.183,0.195,0.18,0.193,171727364.2,2026-01-02 23:59:59.999,31696713.5275
2026-01-03,0.194,0.196,0.188,0.195,77896418.7,2026-01-03 23:59:59.999,14944110.367
2026-01-04,0.196,0.203,0.194,0.198,105692788.4,2026-01-04 23:59:59.999,20897016.2856
2026-01-05,0.197,0.206,0.192,0.203,143230997.1,2026-01-05 23:59:59.999,28339007.8008
2026-01-06,0.204,0.21,0.194,0.207,152817070.5,2026-01-06 23:59:59.999,30868172.8968
2026-01-07,0.208,0.208,0.192,0.195,171333691.8,2026-01-07 23:59:59.999,33906574.4292
2026-01-08,0.194,0.197,0.186,0.194,152794894.8,2026-01-08 23:59:59.999,29314612.7744
2026-01-09,0.193,0.207,0.191,0.197,132452647.1,2026-01-09 23:59:59.999,26089957.9325
2026-01-10,0.197,0.215,0.195,0.204,108998844.0,2026-01-10 23:59:59.999,22341698.1835
2026-01-11,0.203,0.206,0.198,0.2,59804879.9,2026-01-11 23:59:59.999,12125150.9229
2026-01-12,0.201,0.204,0.192,0.194,107784864.5,2026-01-12 23:59:59.999,21346627.7161
2026-01-13,0.193,0.22,0.193,0.214,109732388.4,2026-01-13 23:59:59.999,22492291.2852
2026-01-14,0.215,0.218,0.206,0.207,106845418.5,2026-01-14 23:59:59.999,22719985.1523
2026-01-15,0.208,0.209,0.192,0.197,99348364.5,2026-01-15 23:59:59.999,19935968.9877
2026-01-16,0.196,0.2,0.19,0.198,83253888.7,2026-01-16 23:59:59.999,16282348.3602
2026-01-17,0.199,0.204,0.194,0.195,57823211.0,2026-01-17 23:59:59.999,11485634.891
2026-01-18,0.195,0.197,0.183,0.185,83458906.6,2026-01-18 23:59:59.999,16098806.8355
2026-01-19,0.184,0.184,0.163,0.178,143999243.7,2026-01-19 23:59:59.999,25325446.6373
2026-01-20,0.177,0.179,0.165,0.169,148312415.8,2026-01-20 23:59:59.999,25441858.0025
2026-01-21,0.169,0.18,0.167,0.175,136074494.3,2026-01-21 23:59:59.999,23603005.0086
2026-01-22,0.176,0.182,0.172,0.173,97628919.1,2026-01-22 23:59:59.999,17199386.8956
2026-01-23,0.173,0.179,0.169,0.169,138224388.2,2026-01-23 23:59:59.999,24121134.5525
2026-01-24,0.169,0.172,0.166,0.167,68632992.8,2026-01-24 23:59:59.999,11617404.3843
2026-01-25,0.168,0.17,0.155,0.16,153622116.9,2026-01-25 23:59:59.999,24864613.5414
2026-01-26,0.159,0.168,0.158,0.166,116730043.8,2026-01-26 23:59:59.999,19160027.3495
2026-01-27,0.165,0.174,0.163,0.17,114712336.6,2026-01-27 23:59:59.999,19184633.2315
2026-01-28,0.17,0.179,0.167,0.17,147734629.1,2026-01-28 23:59:59.999,25244045.5397
2026-01-29,0.171,0.172,0.153,0.155,192199117.4,2026-01-29 23:59:59.999,30860554.4559
2026-01-30,0.155,0.156,0.146,0.147,335084227.7,2026-01-30 23:59:59.999,50579915.2459
2026-01-31,0.147,0.148,0.121,0.134,239391619.6,2026-01-31 23:59:59.999,32312838.6628
2026-02-01,0.134,0.137,0.127,0.13,179763858.3,2026-02-01 23:59:59.999,23883731.3003
2026-02-02,0.131,0.136,0.126,0.133,203841283.8,2026-02-02 23:59:59.999,26805901.8807
2026-02-03,0.133,0.136,0.124,0.131,176822889.0,2026-02-03 23:59:59.999,23258024.8568
2026-02-04,0.13,0.133,0.124,0.127,144008467.5,2026-02-04 23:59:59.999,18467299.5529
2026-02-05,0.128,0.129,0.103,0.105,336065095.1,2026-02-05 23:59:59.999,38681443.2719
2026-02-06,0.106,0.12,0.094,0.116,334096293.4,2026-02-06 23:59:59.999,36314077.7038
2026-02-07,0.116,0.117,0.108,0.112,132533752.4,2026-02-07 23:59:59.999,14865767.0243
2026-02-08,0.112,0.113,0.107,0.108,106539501.5,2026-02-08 23:59:59.999,11687638.4472
2026-02-09,0.108,0.11,0.103,0.106,106807150.8,2026-02-09 23:59:59.999,11355563.6011
2026-02-10,0.105,0.107,0.099,0.1,112397773.0,2026-02-10 23:59:59.999,11498119.1788
2026-02-11,0.1,0.103,0.094,0.1,153676598.8,2026-02-11 23:59:59.999,15184469.7308
2026-02-12,0.1,0.104,0.098,0.104,129270163.8,2026-02-12 23:59:59.999,13119491.8775
2026-02-13,0.104,0.108,0.1,0.106,95189415.9,2026-02-13 23:59:59.999,9908728.7781
2026-02-14,0.106,0.115,0.106,0.112,95459571.4,2026-02-14 23:59:59.999,10467827.2035
2026-02-15,0.113,0.115,0.105,0.107,141007528.3,2026-02-15 23:59:59.999,15488901.6734
2026-02-16,0.108,0.111,0.106,0.108,103563847.4,2026-02-16 23:59:59.999,11176850.0813
2026-02-17,0.109,0.11,0.104,0.107,115625237.1,2026-02-17 23:59:59.999,12335768.3659
2026-02-18,0.107,0.111,0.1,0.101,115445007.3,2026-02-18 23:59:59.999,12233296.9041
2026-02-19,0.102,0.104,0.094,0.098,142541420.6,2026-02-19 23:59:59.999,14116759.2398
2026-02-20,0.098,0.101,0.094,0.099,129914002.6,2026-02-20 23:59:59.999,12663421.8475
2026-02-21,0.1,0.104,0.098,0.1,64619651.1,2026-02-21 23:59:59.999,6509293.9623
2026-02-22,0.099,0.1,0.093,0.094,49156471.7,2026-02-22 23:59:59.999,4712241.9242
2026-02-23,0.094,0.095,0.087,0.088,110870786.2,2026-02-23 23:59:59.999,10020024.9707
2026-02-24,0.088,0.094,0.086,0.093,136550505.1,2026-02-24 23:59:59.999,12242059.2179
2026-02-25,0.093,0.107,0.091,0.101,152559612.6,2026-02-25 23:59:59.999,15106621.2591
2026-02-26,0.102,0.102,0.094,0.098,122344717.3,2026-02-26 23:59:59.999,12113561.8562
2026-02-27,0.097,0.102,0.093,0.095,101852147.0,2026-02-27 23:59:59.999,9955085.3744
2026-02-28,0.096,0.096,0.087,0.094,113935956.1,2026-02-28 23:59:59.999,10341072.6217
2026-03-01,0.094,0.098,0.088,0.09,96926314.5,2026-03-01 23:59:59.999,8966055.0112
2026-03-02,0.09,0.104,0.09,0.096,137316748.0,2026-03-02 23:59:59.999,13140219.6669
2026-03-03,0.097,0.097,0.089,0.095,98768030.9,2026-03-03 23:59:59.999,9198600.5377
2026-03-04,0.094,0.102,0.093,0.099,115450866.4,2026-03-04 23:59:59.999,11208520.8595
2026-03-05,0.098,0.099,0.09,0.092,130380025.1,2026-03-05 23:59:59.999,12335306.1431
2026-03-06,0.092,0.093,0.084,0.085,89130568.6,2026-03-06 23:59:59.999,7865610.5701
2026-03-07,0.085,0.086,0.079,0.08,82143497.6,2026-03-07 23:59:59.999,6790703.4047
2026-03-08,0.08,0.082,0.078,0.079,105246525.3,2026-03-08 23:59:59.999,8404532.8213
2026-03-09,0.08,0.086,0.079,0.081,149319359.8,2026-03-09 23:59:59.999,12204475.2469
2026-03-10,0.082,0.089,0.081,0.086,135331952.1,2026-03-10 23:59:59.999,11594807.2929
2026-03-11,0.085,0.091,0.084,0.087,113753159.7,2026-03-11 23:59:59.999,9913033.3722
2026-03-12,0.087,0.09,0.084,0.088,70904378.5,2026-03-12 23:59:59.999,6111348.4024
2026-03-13,0.088,0.092,0.088,0.088,80957083.3,2026-03-13 23:59:59.999,7265845.0599
2026-03-14,0.088,0.09,0.086,0.087,33915780.2,2026-03-14 23:59:59.999,2980142.5878
2026-03-15,0.087,0.093,0.087,0.092,70194376.5,2026-03-15 23:59:59.999,6288211.6681
2026-03-16,0.092,0.096,0.09,0.095,73991257.7,2026-03-16 23:59:59.999,6807813.5267
2026-03-17,0.095,0.096,0.091,0.094,73027398.6,2026-03-17 23:59:59.999,6775863.6351
2026-03-18,0.093,0.095,0.086,0.09,66614154.3,2026-03-18 23:59:59.999,5986585.6185
2026-03-19,0.089,0.09,0.084,0.086,49106737.4,2026-03-19 23:59:59.999,4264196.2949
2026-03-20,0.086,0.089,0.085,0.087,90024526.1,2026-03-20 23:59:59.999,7801148.6221
2026-03-21,0.086,0.088,0.08,0.082,52959153.1,2026-03-21 23:59:59.999,4527407.608
2026-03-22,0.081,0.083,0.078,0.081,91335750.6,2026-03-22 23:59:59.999,7385066.7483
2026-03-23,0.081,0.086,0.079,0.082,132564426.3,2026-03-23 23:59:59.999,10955998.2299
2026-03-24,0.082,0.086,0.08,0.085,104987208.2,2026-03-24 23:59:59.999,8734099.6213
2026-03-25,0.084,0.098,0.083,0.087,288352618.4,2026-03-25 23:59:59.999,25881610.1357
2026-03-26,0.087,0.093,0.083,0.091,128724695.5,2026-03-26 23:59:59.999,11338735.3012
2026-03-27,0.091,0.097,0.089,0.092,294608751.0,2026-03-27 23:59:59.999,27329639.7179
2026-03-28,0.093,0.098,0.089,0.094,142252786.8,2026-03-28 23:59:59.999,13395922.627
2026-03-29,0.095,0.095,0.09,0.094,91865354.3,2026-03-29 23:59:59.999,8488478.9879
2026-03-30,0.094,0.102,0.093,0.097,143293103.7,2026-03-30 23:59:59.999,13838082.6513
2026-03-31,0.096,0.103,0.096,0.102,195500246.7,2026-03-31 23:59:59.999,19563273.9092
2026-04-01,0.101,0.107,0.098,0.099,142106227.6,2026-04-01 23:59:59.999,14479398.3417
2026-04-02,0.099,0.101,0.094,0.095,102189376.7,2026-04-02 23:59:59.999,9872796.6728
2026-04-03,0.095,0.106,0.095,0.101,139044455.5,2026-04-03 23:59:59.999,14135689.0104
2026-04-04,0.101,0.105,0.1,0.103,85722958.7,2026-04-04 23:59:59.999,8762026.013
2026-04-05,0.103,0.104,0.096,0.102,96513666.1,2026-04-05 23:59:59.999,9619953.2066
2026-04-06,0.102,0.104,0.092,0.094,129280474.5,2026-04-06 23:59:59.999,12925606.2906
2026-04-07,0.093,0.103,0.09,0.102,118036739.1,2026-04-07 23:59:59.999,11177390.3744
2026-04-08,0.102,0.109,0.098,0.099,149058830.1,2026-04-08 23:59:59.999,15226506.8569
2026-04-09,0.099,0.1,0.096,0.096,74193126.7,2026-04-09 23:59:59.999,7294083.0032
2026-04-10,0.096,0.098,0.094,0.098,67273649.1,2026-04-10 23:59:59.999,6464019.6182
2026-04-11,0.098,0.1,0.093,0.096,66927872.7,2026-04-11 23:59:59.999,6441503.2059
2026-04-12,0.097,0.097,0.09,0.09,48953349.0,2026-04-12 23:59:59.999,4543456.7183
2026-04-13,0.091,0.099,0.09,0.099,56487476.4,2026-04-13 23:59:59.999,5267060.8039
2026-04-14,0.098,0.1,0.093,0.093,54625693.7,2026-04-14 23:59:59.999,5304626.7192
2026-04-15,0.094,0.109,0.093,0.102,110049176.2,2026-04-15 23:59:59.999,11123956.8118
2026-04-16,0.102,0.1369,0.101,0.1294,213014799.9,2026-04-16 23:59:59.999,24891874.5443163
2026-04-17,0.1294,0.1525,0.1263,0.1392,250725725.2,2026-04-17 23:59:59.999,33740984.4471052
2026-04-18,0.1392,0.1523,0.1345,0.14,205031841.4,2026-04-18 23:59:59.999,29401713.67221
2026-04-19,0.1401,0.1568,0.1325,0.1336,192979242.1,2026-04-19 23:59:59.999,28089210.0774806
2026-04-20,0.1337,0.1427,0.1313,0.1346,109355288.7,2026-04-20 23:59:59.999,14942013.03292
2026-04-21,0.1345,0.1414,0.128,0.1365,95367637.0,2026-04-21 23:59:59.999,12903369.33889
2026-04-22,0.1366,0.1456,0.1352,0.1353,71834910.9,2026-04-22 23:59:59.999,10038709.49266
2026-04-23,0.1353,0.149,0.1304,0.1482,76767919.4,2026-04-23 23:59:59.999,10532259.85063
2026-04-24,0.1482,0.1671,0.1463,0.163,201567971.9,2026-04-24 23:59:59.999,31490427.0025211
2026-04-25,0.1629,0.1786,0.158,0.162,191951564.3,2026-04-25 23:59:59.999,32446211.2257006
2026-04-26,0.162,0.1672,0.1576,0.1589,66196727.6,2026-04-26 23:59:59.999,10707663.9538322
2026-04-27,0.1589,0.1611,0.1494,0.1579,73801083.8,2026-04-27 23:59:59.999,11486484.7873062
2026-04-28,0.158,0.1647,0.1534,0.161,60944398.5,2026-04-28 23:59:59.999,9636627.57565
2026-04-29,0.1609,0.1697,0.1509,0.1556,98553263.5,2026-04-29 23:59:59.999,15881066.6411484
2026-04-30,0.1556,0.1636,0.1496,0.1514,56256345.6,2026-04-30 23:59:59.999,8829085.93218
2026-05-01,0.1514,0.1564,0.1439,0.1444,63049583.5,2026-05-01 23:59:59.999,9402949.286
2026-05-02,0.1445,0.1574,0.141,0.1515,62457985.8,2026-05-02 23:59:59.999,9293512.55308
2026-05-03,0.1514,0.1514,0.1425,0.1453,44020455.5,2026-05-03 23:59:59.999,6438780.52406
2026-05-04,0.1452,0.1518,0.1411,0.1478,62665720.4,2026-05-04 23:59:59.999,9181757.88579
2026-05-05,0.1479,0.155,0.1427,0.148,64705167.8,2026-05-05 23:59:59.999,9602200.4545756
2026-05-06,0.1479,0.157,0.1473,0.1505,73025436.5,2026-05-06 23:59:59.999,11154295.6781466
2026-05-07,0.1504,0.1998,0.145,0.1944,397353183.0,2026-05-07 23:59:59.999,70147016.1237831
2026-05-08,0.1944,0.208,0.1651,0.178,593123130.0,2026-05-08 23:59:59.999,108620686.6706401
2026-05-09,0.1781,0.1826,0.1692,0.1699,83078575.5,2026-05-09 23:59:59.999,14549357.6766226
2026-05-10,0.1699,0.1747,0.1655,0.1705,51979487.8,2026-05-10 23:59:59.999,8879850.2125025
2026-05-11,0.1704,0.1711,0.1633,0.1655,39272130.0,2026-05-11 23:59:59.999,6541714.04678
2026-05-12,0.1654,0.1664,0.1564,0.1573,40087859.1,2026-05-12 23:59:59.999,6473784.73389
2026-05-13,0.1573,0.1645,0.1483,0.1495,48072279.1,2026-05-13 23:59:59.999,7502862.96531
2026-05-14,0.1496,0.1602,0.1466,0.1565,41259800.2,2026-05-14 23:59:59.999,6332431.63199
2026-05-15,0.1565,0.1577,0.1419,0.1481,44413988.9,2026-05-15 23:59:59.999,6596189.24
2026-05-16,0.148,0.1498,0.1394,0.1405,28692556.6,2026-05-16 23:59:59.999,4103413.79035
2026-05-17,0.1405,0.1421,0.1309,0.1354,33604878.5,2026-05-17 23:59:59.999,4647828.34027
2026-05-18,0.1354,0.1423,0.1303,0.1423,41076375.0,2026-05-18 23:59:59.999,5521275.00176
2026-05-19,0.1423,0.1503,0.1389,0.143,119569479.1,2026-05-19 23:59:59.999,17259284.20252
2026-05-20,0.1429,0.155,0.1423,0.1513,71703359.0,2026-05-20 23:59:59.999,10812176.923287
2026-05-21,0.1512,0.1607,0.151,0.1554,55394307.9,2026-05-21 23:59:59.999,8617498.2189
2026-05-22,0.1554,0.1599,0.1447,0.1461,52095447.5,2026-05-22 23:59:59.999,7865233.58383
2026-05-23,0.1462,0.1584,0.1418,0.1511,66853368.5,2026-05-23 23:59:59.999,9973244.8248
2026-05-24,0.151,0.1513,0.1412,0.1459,39092356.3,2026-05-24 23:59:59.999,5731622.1818
2026-05-25,0.146,0.1622,0.1449,0.1547,57863797.0,2026-05-25 23:59:59.999,8945293.09567
2026-05-26,0.1546,0.1748,0.1505,0.1666,144582737.2,2026-05-26 23:59:59.999,23953985.05092
2026-05-27,0.1667,0.1717,0.1601,0.1631,98481432.6,2026-05-27 23:59:59.999,16361017.49701
2026-05-28,0.1631,0.1643,0.1444,0.1596,83177456.1,2026-05-28 23:59:59.999,12785621.4567116
