open_time,open,high,low,close,volume,close_time,quote_asset_volume
2020-09-14,13.294,15.213,12.7,13.978,372653.0,2020-09-14 23:59:59.999,5157159.4211
2020-09-15,13.997,15.039,12.837,13.066,590234.6,2020-09-15 23:59:59.999,8289246.396
2020-09-16,13.04,13.047,11.83,12.584,295253.6,2020-09-16 23:59:59.999,3677039.9834
2020-09-17,12.578,12.88,11.74,12.044,233613.2,2020-09-17 23:59:59.999,2841408.1793
2020-09-18,12.061,12.308,10.874,11.233,224249.0,2020-09-18 23:59:59.999,2630058.6086
2020-09-19,11.231,12.241,11.182,11.95,254928.5,2020-09-19 23:59:59.999,2977698.6778
2020-09-20,11.932,12.098,10.038,10.7,334757.6,2020-09-20 23:59:59.999,3682594.0894
2020-09-21,10.709,10.937,8.417,8.822,526027.3,2020-09-21 23:59:59.999,4923244.6545
2020-09-22,8.824,9.083,8.43,8.715,368538.0,2020-09-22 23:59:59.999,3210669.0848
2020-09-23,8.717,9.419,8.241,8.72,591995.8,2020-09-23 23:59:59.999,5206345.6069
2020-09-24,8.718,9.25,8.647,9.195,411925.0,2020-09-24 23:59:59.999,3722406.1455
2020-09-25,9.208,10.1,9.084,9.923,394922.1,2020-09-25 23:59:59.999,3807650.2684
2020-09-26,9.935,10.577,9.866,10.391,343473.4,2020-09-26 23:59:59.999,3496811.0397
2020-09-27,10.404,10.503,9.631,10.033,242198.4,2020-09-27 23:59:59.999,2425091.9531
2020-09-28,10.038,10.561,9.832,10.001,297396.2,2020-09-28 23:59:59.999,3052494.182
2020-09-29,9.985,10.358,9.925,10.285,248005.5,2020-09-29 23:59:59.999,2516299.9758
2020-09-30,10.287,10.629,10.064,10.369,376314.1,2020-09-30 23:59:59.999,3890465.4897
2020-10-01,10.365,10.966,9.987,10.3,504918.5,2020-10-01 23:59:59.999,5292281.7235
2020-10-02,10.298,10.322,8.93,9.405,377393.0,2020-10-02 23:59:59.999,3585504.3515
2020-10-03,9.414,9.568,9.008,9.08,200851.6,2020-10-03 23:59:59.999,1882585.7267
2020-10-04,9.075,9.303,8.86,9.034,231046.1,2020-10-04 23:59:59.999,2105077.1567
2020-10-05,9.037,9.119,8.07,8.446,472232.8,2020-10-05 23:59:59.999,3985140.8985
2020-10-06,8.452,8.487,6.844,6.916,642663.6,2020-10-06 23:59:59.999,4933400.9767
2020-10-07,6.923,7.731,6.453,7.724,564308.7,2020-10-07 23:59:59.999,3937475.1497
2020-10-08,7.729,7.74,6.97,7.487,555477.5,2020-10-08 23:59:59.999,4109618.9708
2020-10-09,7.476,8.15,7.304,7.903,663225.4,2020-10-09 23:59:59.999,5195051.6838
2020-10-10,7.901,8.14,7.701,7.774,343405.7,2020-10-10 23:59:59.999,2725586.063
2020-10-11,7.772,8.219,7.542,8.185,386731.2,2020-10-11 23:59:59.999,3041771.4124
2020-10-12,8.187,8.236,7.796,8.023,414411.9,2020-10-12 23:59:59.999,3327534.4612
2020-10-13,8.031,8.174,7.844,7.946,287922.4,2020-10-13 23:59:59.999,2310556.2889
2020-10-14,7.95,8.19,7.722,7.981,334847.1,2020-10-14 23:59:59.999,2661727.5904
2020-10-15,7.986,7.992,7.68,7.868,247158.0,2020-10-15 23:59:59.999,1934227.6377
2020-10-16,7.867,7.886,7.183,7.365,299553.9,2020-10-16 23:59:59.999,2262342.592
2020-10-17,7.356,7.643,7.328,7.617,256377.9,2020-10-17 23:59:59.999,1919284.8534
2020-10-18,7.615,7.705,7.479,7.59,158669.9,2020-10-18 23:59:59.999,1204273.1463
2020-10-19,7.579,7.595,7.24,7.301,201546.7,2020-10-19 23:59:59.999,1484127.1849
2020-10-20,7.301,7.334,6.483,7.017,561343.5,2020-10-20 23:59:59.999,3881957.9964
2020-10-21,7.014,7.446,7.013,7.43,493334.8,2020-10-21 23:59:59.999,3588901.1688
2020-10-22,7.428,7.827,7.303,7.702,247905.7,2020-10-22 23:59:59.999,1869820.0996
2020-10-23,7.704,8.82,7.64,8.791,1328635.6,2020-10-23 23:59:59.999,11093256.8512
2020-10-24,8.776,9.551,8.584,8.758,2114657.2,2020-10-24 23:59:59.999,19193228.172
2020-10-25,8.758,9.646,8.265,9.255,1199687.2,2020-10-25 23:59:59.999,10723899.8153
2020-10-26,9.251,9.531,8.42,8.626,881719.2,2020-10-26 23:59:59.999,7975847.7131
2020-10-27,8.622,8.796,8.352,8.592,626005.6,2020-10-27 23:59:59.999,5366080.9927
2020-10-28,8.598,8.711,7.719,7.858,752813.2,2020-10-28 23:59:59.999,6116123.7952
2020-10-29,7.853,8.044,7.07,7.385,626505.2,2020-10-29 23:59:59.999,4725776.6107
2020-10-30,7.395,7.719,7.191,7.635,597569.3,2020-10-30 23:59:59.999,4438225.6184
2020-10-31,7.625,7.682,7.187,7.339,369465.1,2020-10-31 23:59:59.999,2739959.4827
2020-11-01,7.333,7.836,7.262,7.687,378367.2,2020-11-01 23:59:59.999,2855926.6721
2020-11-02,7.687,7.779,7.254,7.312,432219.1,2020-11-02 23:59:59.999,3228394.6087
2020-11-03,7.311,7.442,7.157,7.267,407380.1,2020-11-03 23:59:59.999,2974928.971
2020-11-04,7.271,7.298,6.973,7.175,459074.2,2020-11-04 23:59:59.999,3283511.3899
2020-11-05,7.179,7.545,6.996,7.384,480045.2,2020-11-05 23:59:59.999,3503292.9535
2020-11-06,7.383,8.457,7.373,8.394,709359.5,2020-11-06 23:59:59.999,5636185.2246
2020-11-07,8.399,8.621,7.56,7.861,1228849.4,2020-11-07 23:59:59.999,10059161.0269
2020-11-08,7.859,8.436,7.759,8.347,608079.5,2020-11-08 23:59:59.999,4954271.0386
2020-11-09,8.35,8.439,7.928,8.136,508516.5,2020-11-09 23:59:59.999,4170888.347
2020-11-10,8.14,8.7,8.069,8.603,620843.5,2020-11-10 23:59:59.999,5183071.1106
2020-11-11,8.607,8.839,7.78,7.804,666478.8,2020-11-11 23:59:59.999,5476805.8565
2020-11-12,7.797,7.895,7.377,7.506,367901.9,2020-11-12 23:59:59.999,2812518.9437
2020-11-13,7.512,7.879,7.477,7.797,364806.0,2020-11-13 23:59:59.999,2818800.5648
2020-11-14,7.792,7.81,7.305,7.486,416160.7,2020-11-14 23:59:59.999,3126351.9423
2020-11-15,7.5,7.753,7.383,7.597,438803.6,2020-11-15 23:59:59.999,3326920.7925
2020-11-16,7.589,7.944,7.509,7.729,483996.9,2020-11-16 23:59:59.999,3759779.387
2020-11-17,7.722,8.025,7.689,7.887,641055.9,2020-11-17 23:59:59.999,5032480.5225
2020-11-18,7.888,7.967,7.103,7.494,718971.4,2020-11-18 23:59:59.999,5379040.5646
2020-11-19,7.5,7.706,7.245,7.618,475746.1,2020-11-19 23:59:59.999,3574353.6257
2020-11-20,7.618,8.057,7.502,7.647,518117.8,2020-11-20 23:59:59.999,4032489.216
2020-11-21,7.648,8.536,7.605,8.277,1139165.0,2020-11-21 23:59:59.999,9170286.1475
2020-11-22,8.279,8.412,7.607,8.052,1094833.7,2020-11-22 23:59:59.999,8780783.7473
2020-11-23,8.051,9.31,7.953,9.124,1575637.6,2020-11-23 23:59:59.999,13570521.8673
2020-11-24,9.121,9.413,8.5,9.081,1478335.0,2020-11-24 23:59:59.999,13258402.413
2020-11-25,9.08,10.374,8.733,9.692,2010472.3,2020-11-25 23:59:59.999,19491403.546
2020-11-26,9.694,10.05,8.214,9.134,2208200.8,2020-11-26 23:59:59.999,19803971.1474
2020-11-27,9.142,9.223,8.594,8.862,642144.7,2020-11-27 23:59:59.999,5719667.8436
2020-11-28,8.861,9.034,8.545,8.796,475250.8,2020-11-28 23:59:59.999,4185658.1321
2020-11-29,8.801,9.132,8.645,8.949,452443.8,2020-11-29 23:59:59.999,4064228.12
2020-11-30,8.952,9.346,8.755,9.206,550418.2,2020-11-30 23:59:59.999,4999074.5237
2020-12-01,9.212,9.583,8.707,9.302,1185387.8,2020-12-01 23:59:59.999,10934989.6841
2020-12-02,9.304,11.937,9.172,11.575,1983429.0,2020-12-02 23:59:59.999,21157930.1233
2020-12-03,11.582,13.321,11.575,13.086,3996913.2,2020-12-03 23:59:59.999,50602004.9205
2020-12-04,13.08,13.832,11.325,12.127,3152437.4,2020-12-04 23:59:59.999,39594871.0983
2020-12-05,12.108,14.5,11.852,13.939,3251641.4,2020-12-05 23:59:59.999,43990238.7883
2020-12-06,13.937,13.992,12.905,13.718,1434591.4,2020-12-06 23:59:59.999,19400698.8665
2020-12-07,13.727,13.9,12.83,13.147,876059.9,2020-12-07 23:59:59.999,11624814.8437
2020-12-08,13.141,13.186,12.241,12.532,852348.5,2020-12-08 23:59:59.999,10769328.1332
2020-12-09,12.539,14.59,12.398,13.993,1826449.5,2020-12-09 23:59:59.999,25250064.5894
2020-12-10,13.989,14.6,13.559,13.764,1286741.3,2020-12-10 23:59:59.999,18086151.641
2020-12-11,13.776,15.3,13.123,14.756,2244210.3,2020-12-11 23:59:59.999,32357457.7473
2020-12-12,14.754,16.74,14.737,16.686,2550138.4,2020-12-12 23:59:59.999,40269666.3039
2020-12-13,16.679,17.16,15.98,16.93,1917440.3,2020-12-13 23:59:59.999,31950381.6504
2020-12-14,16.93,19.6,16.53,19.181,6964576.3,2020-12-14 23:59:59.999,130406740.3008
2020-12-15,19.177,24.4,18.64,24.161,8277694.5,2020-12-15 23:59:59.999,176211426.8329
2020-12-16,24.151,25.45,20.624,21.673,7384841.2,2020-12-16 23:59:59.999,169057058.7442
2020-12-17,21.65,23.97,20.155,23.339,3476932.3,2020-12-17 23:59:59.999,77371938.9418
2020-12-18,23.354,27.848,22.797,25.366,4340064.2,2020-12-18 23:59:59.999,113554635.2989
2020-12-19,25.362,27.484,25.189,26.681,1776428.3,2020-12-19 23:59:59.999,46934848.9051
2020-12-20,26.682,26.698,24.323,25.592,1193354.4,2020-12-20 23:59:59.999,30483681.8124
2020-12-21,25.621,29.169,25.47,28.085,2329421.2,2020-12-21 23:59:59.999,62992874.8576
2020-12-22,28.085,29.855,26.7,28.007,2536814.1,2020-12-22 23:59:59.999,72322562.4628
2020-12-23,27.996,28.6,20.434,21.788,2807884.3,2020-12-23 23:59:59.999,68620772.205
2020-12-24,21.748,26.188,20.895,24.994,1990294.6,2020-12-24 23:59:59.999,47641172.0159
2020-12-25,25.019,25.157,22.214,22.93,1173926.6,2020-12-25 23:59:59.999,27807524.2578
2020-12-26,22.93,24.106,20.681,23.144,1586191.8,2020-12-26 23:59:59.999,35767186.9408
2020-12-27,23.174,24.325,20.851,21.884,1334190.3,2020-12-27 23:59:59.999,30242079.2286
2020-12-28,21.899,26.675,21.531,25.517,1901898.4,2020-12-28 23:59:59.999,46592371.4067
2020-12-29,25.514,25.976,23.65,23.844,967977.4,2020-12-29 23:59:59.999,23866432.2078
2020-12-30,23.837,25.395,23.516,24.134,727775.3,2020-12-30 23:59:59.999,17806220.7248
2020-12-31,24.139,24.753,23.56,24.733,471760.2,2020-12-31 23:59:59.999,11354173.1065
2021-01-01,24.749,27.345,24.494,26.105,1199619.5,2021-01-01 23:59:59.999,31453032.8833
2021-01-02,26.109,27.08,24.824,25.945,839314.1,2021-01-02 23:59:59.999,21727271.1544
2021-01-03,25.945,28.25,25.4,27.395,1208755.8,2021-01-03 23:59:59.999,32319924.5017
2021-01-04,27.399,31.336,25.983,30.758,2186922.3,2021-01-04 23:59:59.999,62994352.5672
2021-01-05,30.785,35.142,29.424,34.105,1858371.4,2021-01-05 23:59:59.999,61196639.1336
2021-01-06,34.075,39.98,33.596,38.676,1410543.8,2021-01-06 23:59:59.999,52233042.5133
2021-01-07,38.726,42.14,33.447,37.134,1469918.2,2021-01-07 23:59:59.999,57243648.3691
2021-01-08,37.161,41.069,33.8,37.521,1111980.1,2021-01-08 23:59:59.999,41864146.0368
2021-01-09,37.555,38.899,35.733,36.934,649641.9,2021-01-09 23:59:59.999,24187965.1251
2021-01-10,36.905,39.645,33.86,36.342,1236977.9,2021-01-10 23:59:59.999,45537004.1998
2021-01-11,36.339,36.494,26.748,32.722,1957411.0,2021-01-11 23:59:59.999,62535104.1442
2021-01-12,32.694,35.0,30.62,31.704,811871.1,2021-01-12 23:59:59.999,26541011.9719
2021-01-13,31.724,35.141,30.593,35.104,703568.5,2021-01-13 23:59:59.999,23031444.4405
2021-01-14,35.119,38.895,34.163,38.035,787901.6,2021-01-14 23:59:59.999,29217458.1989
2021-01-15,38.08,39.39,34.733,37.159,800327.9,2021-01-15 23:59:59.999,29847699.7674
2021-01-16,37.204,38.986,36.333,36.86,534331.2,2021-01-16 23:59:59.999,20236407.976
2021-01-17,36.859,38.77,35.7,37.549,490268.2,2021-01-17 23:59:59.999,18337623.6998
2021-01-18,37.571,41.055,37.161,39.684,598271.4,2021-01-18 23:59:59.999,23559256.6941
2021-01-19,39.685,40.496,37.334,37.61,507999.5,2021-01-19 23:59:59.999,19736637.3207
2021-01-20,37.615,40.183,36.002,38.747,896038.3,2021-01-20 23:59:59.999,34398202.2316
2021-01-21,38.736,39.784,36.388,37.334,629076.6,2021-01-21 23:59:59.999,23772472.0284
2021-01-22,37.325,38.533,35.0,37.202,560934.9,2021-01-22 23:59:59.999,20825319.4793
2021-01-23,37.182,38.333,36.609,37.081,377172.3,2021-01-23 23:59:59.999,14100073.4893
2021-01-24,37.084,41.882,36.775,41.249,596549.0,2021-01-24 23:59:59.999,23041660.201
2021-01-25,41.3,53.94,40.443,50.166,2642624.4,2021-01-25 23:59:59.999,126527888.5708
2021-01-26,50.213,50.957,46.41,48.364,798613.2,2021-01-26 23:59:59.999,38655218.3826
2021-01-27,48.4,54.8,45.696,53.381,1106234.3,2021-01-27 23:59:59.999,55260764.8125
2021-01-28,53.381,61.93,52.954,59.308,1035619.0,2021-01-28 23:59:59.999,60116091.0303
2021-01-29,59.308,63.417,56.191,62.047,651152.2,2021-01-29 23:59:59.999,38512775.2153
2021-01-30,62.102,74.396,59.124,65.029,1484928.7,2021-01-30 23:59:59.999,100638723.9044
2021-01-31,64.963,69.88,62.0,63.455,650301.6,2021-01-31 23:59:59.999,42658371.177
2021-02-01,63.522,70.0,58.3,66.244,717081.1,2021-02-01 23:59:59.999,45955652.9151
2021-02-02,66.265,67.795,63.004,64.315,423327.0,2021-02-02 23:59:59.999,27605839.0107
2021-02-03,64.311,69.471,63.449,68.182,480361.4,2021-02-03 23:59:59.999,32209630.1392
2021-02-04,68.235,79.32,64.3,74.221,987289.9,2021-02-04 23:59:59.999,71444501.7779
2021-02-05,74.202,89.91,74.117,88.217,723642.3,2021-02-05 23:59:59.999,60395076.9012
2021-02-06,88.199,99.68,83.252,95.983,959274.3,2021-02-06 23:59:59.999,90119654.5724
2021-02-07,96.065,143.541,92.152,140.0,2620207.9,2021-02-07 23:59:59.999,317234436.421
2021-02-08,139.969,197.799,130.0,164.735,3214053.6,2021-02-08 23:59:59.999,542224342.696
2021-02-09,164.896,220.0,160.594,196.368,1587124.0,2021-02-09 23:59:59.999,311776007.6041
2021-02-10,196.246,218.996,160.875,176.803,1368288.9,2021-02-10 23:59:59.999,254078608.5309
2021-02-11,176.753,188.519,147.677,158.55,1101784.8,2021-02-11 23:59:59.999,188550378.1081
2021-02-12,158.748,180.0,154.104,170.305,939752.0,2021-02-12 23:59:59.999,156625252.8918
2021-02-13,170.45,177.324,159.0,159.889,544727.4,2021-02-13 23:59:59.999,92017165.603
2021-02-14,159.917,170.0,150.0,154.485,670389.2,2021-02-14 23:59:59.999,106829120.7756
2021-02-15,154.485,170.0,94.99,140.227,2371204.5,2021-02-15 23:59:59.999,325666502.6729
2021-02-16,140.227,153.006,130.9,137.379,873296.0,2021-02-16 23:59:59.999,123325390.4111
2021-02-17,137.378,158.0,124.1,145.62,1126732.3,2021-02-17 23:59:59.999,160196396.1666
2021-02-18,145.648,168.0,143.574,151.689,1078759.5,2021-02-18 23:59:59.999,169225895.3114
2021-02-19,151.805,155.882,136.101,140.021,782957.4,2021-02-19 23:59:59.999,114837503.3375
2021-02-20,140.068,156.211,131.61,139.623,972801.4,2021-02-20 23:59:59.999,140990206.2494
2021-02-21,139.582,145.0,136.105,140.731,446880.5,2021-02-21 23:59:59.999,62940710.1688
2021-02-22,140.732,154.134,100.0,126.961,1191895.1,2021-02-22 23:59:59.999,156735018.7072
2021-02-23,126.961,127.407,88.246,110.127,1307348.9,2021-02-23 23:59:59.999,141467632.8599
2021-02-24,110.117,130.575,104.406,116.829,689645.0,2021-02-24 23:59:59.999,81876661.3241
2021-02-25,116.847,129.102,112.436,113.566,542204.7,2021-02-25 23:59:59.999,64420501.0429
2021-02-26,113.384,128.449,104.0,124.182,925925.4,2021-02-26 23:59:59.999,109874044.5615
2021-02-27,124.349,152.3,122.501,135.402,1088894.4,2021-02-27 23:59:59.999,150931777.5103
2021-02-28,135.224,136.5,120.606,130.845,525860.4,2021-02-28 23:59:59.999,67233134.4946
2021-03-01,130.874,143.991,129.277,138.545,424150.7,2021-03-01 23:59:59.999,58223507.3462
2021-03-02,138.491,145.488,127.189,134.242,429641.7,2021-03-02 23:59:59.999,59007327.5257
2021-03-03,134.234,144.257,132.0,141.568,366562.1,2021-03-03 23:59:59.999,50684094.465
2021-03-04,141.697,160.0,138.22,151.101,1037817.1,2021-03-04 23:59:59.999,154494884.2551
2021-03-05,151.079,151.227,138.0,141.458,491557.8,2021-03-05 23:59:59.999,71188070.0478
2021-03-06,141.554,145.504,132.218,137.197,343563.2,2021-03-06 23:59:59.999,47795766.1203
2021-03-07,137.309,151.999,137.284,146.144,376286.2,2021-03-07 23:59:59.999,54201063.0631
2021-03-08,146.285,150.298,141.04,147.485,314614.4,2021-03-08 23:59:59.999,45754356.5301
2021-03-09,147.485,164.717,145.031,158.862,510060.3,2021-03-09 23:59:59.999,77955060.5369
2021-03-10,158.975,166.102,147.269,151.065,592214.4,2021-03-10 23:59:59.999,93194921.8065
2021-03-11,151.095,156.598,145.409,151.49,346889.4,2021-03-11 23:59:59.999,52456177.8677
2021-03-12,151.49,152.635,137.228,140.678,328557.3,2021-03-12 23:59:59.999,47440444.9685
2021-03-13,140.593,147.334,135.968,140.763,317729.0,2021-03-13 23:59:59.999,45245674.7091
2021-03-14,140.728,142.581,126.891,131.713,392548.4,2021-03-14 23:59:59.999,53432232.6299
2021-03-15,131.75,138.665,124.567,130.726,479303.1,2021-03-15 23:59:59.999,63181133.0922
2021-03-16,130.69,133.949,126.219,130.672,323562.4,2021-03-16 23:59:59.999,42219318.4252
2021-03-17,130.72,137.778,127.5,136.006,316635.5,2021-03-17 23:59:59.999,41722825.2711
2021-03-18,136.099,138.708,130.39,133.176,273554.8,2021-03-18 23:59:59.999,36866543.71
2021-03-19,133.294,135.693,129.681,133.75,207303.0,2021-03-19 23:59:59.999,27695244.5404
2021-03-20,133.705,149.2,133.3,137.131,427153.9,2021-03-20 23:59:59.999,60246293.1788
2021-03-21,137.131,140.349,132.081,138.491,275558.1,2021-03-21 23:59:59.999,37678051.4788
2021-03-22,138.504,146.731,132.834,134.879,464803.4,2021-03-22 23:59:59.999,65511374.477
2021-03-23,134.888,136.987,128.71,130.955,352088.8,2021-03-23 23:59:59.999,46914300.8646
2021-03-24,130.955,135.736,116.2,120.373,360162.8,2021-03-24 23:59:59.999,46882017.6911
2021-03-25,120.373,125.304,115.72,121.753,413735.8,2021-03-25 23:59:59.999,50138147.6353
2021-03-26,121.754,144.875,121.624,141.173,598427.7,2021-03-26 23:59:59.999,81092879.1382
2021-03-27,141.173,153.666,139.013,146.523,600867.9,2021-03-27 23:59:59.999,89090329.399
2021-03-28,146.507,149.026,138.254,141.888,391266.7,2021-03-28 23:59:59.999,56125234.2904
2021-03-29,141.936,149.488,138.639,143.957,388675.4,2021-03-29 23:59:59.999,56017193.3282
2021-03-30,144.057,146.764,141.83,143.091,317215.4,2021-03-30 23:59:59.999,45751222.0877
2021-03-31,143.091,145.297,130.305,140.045,370380.8,2021-03-31 23:59:59.999,51731707.8767
2021-04-01,140.114,150.841,138.014,150.706,435262.2,2021-04-01 23:59:59.999,62854982.3478
2021-04-02,150.751,174.0,150.655,168.324,840184.3,2021-04-02 23:59:59.999,136577962.8339
2021-04-03,168.358,187.639,155.0,159.505,956144.8,2021-04-03 23:59:59.999,164213034.1882
2021-04-04,159.641,171.363,155.5,168.408,419313.6,2021-04-04 23:59:59.999,69443328.0558
2021-04-05,168.472,170.993,159.287,167.011,385003.4,2021-04-05 23:59:59.999,63830911.6844
2021-04-06,167.088,195.0,163.0,193.674,1116697.0,2021-04-06 23:59:59.999,201993048.9893
2021-04-07,193.55,196.0,166.692,173.437,827554.9,2021-04-07 23:59:59.999,147717028.2945
2021-04-08,173.54,184.747,172.664,180.478,367300.6,2021-04-08 23:59:59.999,66243145.6386
2021-04-09,180.49,198.018,180.018,194.339,493555.5,2021-04-09 23:59:59.999,93367704.5265
2021-04-10,194.39,214.5,188.889,208.721,623580.3,2021-04-10 23:59:59.999,126650366.3466
2021-04-11,208.769,243.5,205.666,237.214,1086008.3,2021-04-11 23:59:59.999,248789888.7091
2021-04-12,237.214,247.013,217.148,225.192,563143.3,2021-04-12 23:59:59.999,128863674.2684
2021-04-13,225.15,227.081,210.23,212.999,380994.1,2021-04-13 23:59:59.999,82789900.047
2021-04-14,212.998,239.0,211.058,226.01,621079.0,2021-04-14 23:59:59.999,141664634.1378
2021-04-15,226.191,233.771,218.373,226.249,343658.1,2021-04-15 23:59:59.999,78059309.2542
2021-04-16,226.525,228.325,204.214,210.969,381866.8,2021-04-16 23:59:59.999,82513875.0598
2021-04-17,210.969,220.616,209.535,213.171,333982.1,2021-04-17 23:59:59.999,71743016.2028
2021-04-18,213.347,214.745,112.033,190.052,3425843.6,2021-04-18 23:59:59.999,612539240.7937
2021-04-19,190.023,194.017,167.436,168.368,1001745.1,2021-04-19 23:59:59.999,182369790.5001
2021-04-20,168.368,178.058,153.782,174.859,688979.0,2021-04-20 23:59:59.999,113458874.6608
2021-04-21,174.779,195.791,169.598,181.501,525937.6,2021-04-21 23:59:59.999,96669298.6868
2021-04-22,181.462,186.468,155.0,164.146,479022.7,2021-04-22 23:59:59.999,84168540.9754
2021-04-23,164.179,167.33,136.557,161.418,587240.5,2021-04-23 23:59:59.999,91158770.5071
2021-04-24,161.408,161.823,144.5,148.604,361703.2,2021-04-24 23:59:59.999,55009216.576
2021-04-25,148.643,157.281,138.163,149.298,261173.6,2021-04-25 23:59:59.999,39033715.5429
2021-04-26,149.229,171.4,147.743,166.444,304431.4,2021-04-26 23:59:59.999,49742365.3948
2021-04-27,166.454,185.125,163.221,181.284,295937.2,2021-04-27 23:59:59.999,52473759.2991
2021-04-28,181.305,188.0,171.618,180.109,268400.4,2021-04-28 23:59:59.999,47919950.7219
2021-04-29,180.192,182.931,169.231,174.244,230098.7,2021-04-29 23:59:59.999,40728252.5363
2021-04-30,174.338,186.273,172.098,183.991,217918.4,2021-04-30 23:59:59.999,39283914.276
2021-05-01,184.049,185.77,177.343,181.814,179191.0,2021-05-01 23:59:59.999,32573407.2163
2021-05-02,181.902,182.682,173.491,180.888,185149.6,2021-05-02 23:59:59.999,32997931.2744
2021-05-03,180.922,197.21,180.545,193.756,332896.1,2021-05-03 23:59:59.999,63418750.8076
2021-05-04,193.837,194.465,174.939,175.334,406093.4,2021-05-04 23:59:59.999,75061789.9052
2021-05-05,175.334,200.535,174.6,192.941,303504.2,2021-05-05 23:59:59.999,57947785.6589
2021-05-06,193.079,205.973,188.786,194.538,345266.5,2021-05-06 23:59:59.999,67692017.8504
2021-05-07,194.599,198.618,187.0,190.474,245468.5,2021-05-07 23:59:59.999,47200263.1562
2021-05-08,190.547,194.327,184.512,185.913,157121.0,2021-05-08 23:59:59.999,29810723.698
2021-05-09,185.967,190.008,179.192,188.15,179631.0,2021-05-09 23:59:59.999,33354750.0423
2021-05-10,188.123,191.793,161.791,173.077,266321.2,2021-05-10 23:59:59.999,48197165.4058
2021-05-11,173.09,182.0,169.298,181.722,227354.0,2021-05-11 23:59:59.999,40101819.7964
2021-05-12,181.706,186.253,165.655,169.884,307656.0,2021-05-12 23:59:59.999,54367713.6117
2021-05-13,169.887,176.126,154.599,161.591,422294.5,2021-05-13 23:59:59.999,69738728.8241
2021-05-14,161.595,172.879,160.454,164.322,247308.6,2021-05-14 23:59:59.999,41120132.8249
2021-05-15,164.313,167.841,155.26,156.889,336395.5,2021-05-15 23:59:59.999,54569739.3595
2021-05-16,156.901,169.8,143.381,154.817,343242.3,2021-05-16 23:59:59.999,53819996.4949
2021-05-17,154.705,154.865,134.89,140.581,489737.7,2021-05-17 23:59:59.999,70563849.4212
2021-05-18,140.551,150.292,139.026,145.069,282709.7,2021-05-18 23:59:59.999,40892551.0298
2021-05-19,145.061,148.566,64.548,96.29,3126339.1,2021-05-19 23:59:59.999,336452879.7164
2021-05-20,96.401,123.187,89.732,112.603,1839880.5,2021-05-20 23:59:59.999,194366781.9555
2021-05-21,112.648,116.526,84.674,97.801,609331.9,2021-05-21 23:59:59.999,61206715.6453
2021-05-22,97.755,99.064,85.227,90.136,399865.3,2021-05-22 23:59:59.999,37071934.2925
2021-05-23,90.106,94.41,65.716,85.21,612453.7,2021-05-23 23:59:59.999,49000997.3874
2021-05-24,85.276,104.84,82.358,104.245,612682.9,2021-05-24 23:59:59.999,57557669.2303
2021-05-25,104.237,109.354,95.862,102.25,425500.8,2021-05-25 23:59:59.999,43536462.8603
2021-05-26,102.28,121.84,99.686,118.7,432786.2,2021-05-26 23:59:59.999,49605046.0151
2021-05-27,118.73,119.062,106.632,114.813,269178.6,2021-05-27 23:59:59.999,30426649.8199
2021-05-28,114.841,115.417,95.131,99.412,384241.8,2021-05-28 23:59:59.999,39197968.5298
2021-05-29,99.397,103.646,85.925,90.64,339199.5,2021-05-29 23:59:59.999,31895332.3586
2021-05-30,90.638,99.249,87.292,92.788,278716.3,2021-05-30 23:59:59.999,26206114.3147
2021-05-31,92.754,104.453,89.907,103.522,270583.6,2021-05-31 23:59:59.999,26616408.3249
2021-06-01,103.534,105.219,98.42,101.46,194707.3,2021-06-01 23:59:59.999,19866053.2864
2021-06-02,101.44,108.96,98.88,103.46,188904.2,2021-06-02 23:59:59.999,19742404.7917
2021-06-03,103.4,111.2,101.61,107.31,242837.6,2021-06-03 23:59:59.999,26040111.7596
2021-06-04,107.33,107.59,92.75,96.56,355517.2,2021-06-04 23:59:59.999,34915327.1508
2021-06-05,96.5,103.81,91.97,96.71,245121.1,2021-06-05 23:59:59.999,24142566.7518
2021-06-06,96.71,99.45,95.12,97.19,143394.9,2021-06-06 23:59:59.999,13991847.5625
2021-06-07,97.31,106.45,90.04,90.73,329933.5,2021-06-07 23:59:59.999,32666056.3919
2021-06-08,90.76,92.86,78.78,89.38,291942.6,2021-06-08 23:59:59.999,25173804.5613
2021-06-09,89.4,94.82,84.59,92.72,204408.5,2021-06-09 23:59:59.999,18520732.2565
2021-06-10,92.72,93.77,86.21,87.08,159658.0,2021-06-10 23:59:59.999,14380175.6514
2021-06-11,87.09,90.0,80.51,81.02,198299.8,2021-06-11 23:59:59.999,16887712.1233
2021-06-12,81.04,81.6,77.19,78.74,242806.1,2021-06-12 23:59:59.999,19317913.7188
2021-06-13,78.74,88.95,75.87,87.16,253290.0,2021-06-13 23:59:59.999,20551815.1426
2021-06-14,87.14,93.39,84.77,89.91,246308.3,2021-06-14 23:59:59.999,22019647.3361
2021-06-15,89.97,93.74,87.66,90.76,185557.0,2021-06-15 23:59:59.999,16849090.253
2021-06-16,90.75,91.92,85.05,86.5,200921.3,2021-06-16 23:59:59.999,17648124.75
2021-06-17,86.49,89.12,82.92,86.1,174468.0,2021-06-17 23:59:59.999,15017322.8185
2021-06-18,86.07,86.47,77.73,79.71,246699.4,2021-06-18 23:59:59.999,20178000.0706
2021-06-19,79.7,81.86,77.91,79.19,184026.6,2021-06-19 23:59:59.999,14739464.0999
2021-06-20,79.16,82.44,76.26,80.12,257408.3,2021-06-20 23:59:59.999,20474736.4318
2021-06-21,80.15,80.87,67.34,68.06,324871.2,2021-06-21 23:59:59.999,23813516.5822
2021-06-22,68.09,72.49,53.37,59.64,649204.3,2021-06-22 23:59:59.999,39759218.6146
2021-06-23,59.62,69.23,56.88,65.2,462795.5,2021-06-23 23:59:59.999,29971595.344
2021-06-24,65.21,69.28,61.07,67.37,320638.4,2021-06-24 23:59:59.999,20994199.401
2021-06-25,67.36,69.07,61.02,61.47,273210.4,2021-06-25 23:59:59.999,17698598.172
2021-06-26,61.45,64.54,59.04,63.69,258338.1,2021-06-26 23:59:59.999,15930666.412
2021-06-27,63.66,66.36,61.74,65.76,326373.7,2021-06-27 23:59:59.999,20914961.252
2021-06-28,65.74,74.55,64.44,73.72,391541.0,2021-06-28 23:59:59.999,27242430.454
2021-06-29,73.73,89.0,73.15,85.19,861859.2,2021-06-29 23:59:59.999,71461986.479
2021-06-30,85.13,88.49,78.09,85.11,584576.9,2021-06-30 23:59:59.999,48913658.272
2021-07-01,85.12,85.18,78.22,80.26,334457.8,2021-07-01 23:59:59.999,27020514.308
2021-07-02,80.17,82.37,77.31,81.13,325230.5,2021-07-02 23:59:59.999,26024875.702
2021-07-03,81.12,94.34,79.82,92.44,633313.4,2021-07-03 23:59:59.999,56620095.994
2021-07-04,92.45,96.5,89.85,93.47,467553.6,2021-07-04 23:59:59.999,43657335.754
2021-07-05,93.46,107.55,88.59,97.58,1218012.9,2021-07-05 23:59:59.999,120903986.801
2021-07-06,97.59,105.15,92.74,95.63,515210.0,2021-07-06 23:59:59.999,51013645.6065
2021-07-07,95.62,99.56,93.62,95.63,341295.7,2021-07-07 23:59:59.999,32956594.149
2021-07-08,95.64,96.05,85.62,88.54,362096.3,2021-07-08 23:59:59.999,32384529.928
2021-07-09,88.57,93.65,84.68,89.77,333466.6,2021-07-09 23:59:59.999,29929407.087
2021-07-10,89.77,92.48,86.96,88.19,244317.9,2021-07-10 23:59:59.999,21798534.396
2021-07-11,88.2,91.99,86.66,89.15,200974.3,2021-07-11 23:59:59.999,18008424.901
2021-07-12,89.18,90.9,85.72,88.09,164795.7,2021-07-12 23:59:59.999,14575627.841
2021-07-13,88.05,88.85,83.29,85.58,266872.6,2021-07-13 23:59:59.999,22895323.97
2021-07-14,85.62,85.88,80.06,84.15,267080.2,2021-07-14 23:59:59.999,22255581.281
2021-07-15,84.14,85.57,77.33,79.3,304236.0,2021-07-15 23:59:59.999,24318379.9
2021-07-16,79.27,80.28,74.08,74.42,357795.3,2021-07-16 23:59:59.999,27585553.005
2021-07-17,74.41,76.56,72.09,74.35,296138.7,2021-07-17 23:59:59.999,21863709.408
2021-07-18,74.36,80.19,74.16,74.4,730726.9,2021-07-18 23:59:59.999,56179134.557
2021-07-19,74.41,75.45,69.52,70.07,321633.8,2021-07-19 23:59:59.999,23385136.838
2021-07-20,70.07,71.28,65.03,67.66,418641.5,2021-07-20 23:59:59.999,28468921.957
2021-07-21,67.72,78.21,65.39,76.34,386390.2,2021-07-21 23:59:59.999,28493688.229
2021-07-22,76.4,82.42,75.22,78.71,445908.2,2021-07-22 23:59:59.999,35300712.652
2021-07-23,78.7,82.01,75.13,80.34,332852.2,2021-07-23 23:59:59.999,26111157.454
2021-07-24,80.28,88.3,79.01,82.55,488334.3,2021-07-24 23:59:59.999,41214926.609
2021-07-25,82.54,86.77,81.0,84.88,389743.6,2021-07-25 23:59:59.999,32682184.43
2021-07-26,84.84,93.31,84.25,86.02,894230.3,2021-07-26 23:59:59.999,79354144.664
2021-07-27,85.99,87.65,80.8,86.45,412110.1,2021-07-27 23:59:59.999,34819880.04
2021-07-28,86.44,87.63,82.58,85.2,327379.1,2021-07-28 23:59:59.999,27781293.365
2021-07-29,85.2,87.08,83.05,85.06,274762.5,2021-07-29 23:59:59.999,23387209.416
2021-07-30,85.05,87.72,81.53,86.85,332922.0,2021-07-30 23:59:59.999,28229217.936
2021-07-31,86.82,89.92,84.56,86.8,338261.5,2021-07-31 23:59:59.999,29303904.043
2021-08-01,86.77,91.81,85.88,87.14,500375.4,2021-08-01 23:59:59.999,44380300.028
2021-08-02,87.16,104.98,85.62,104.2,1341800.5,2021-08-02 23:59:59.999,130270597.938
2021-08-03,104.22,104.5,95.75,97.82,1028867.3,2021-08-03 23:59:59.999,102520078.837
2021-08-04,97.76,103.64,97.31,102.58,373538.4,2021-08-04 23:59:59.999,37687190.3875
2021-08-05,102.57,110.75,100.0,109.03,693643.1,2021-08-05 23:59:59.999,73767915.203
2021-08-06,109.04,121.04,107.18,115.66,830166.2,2021-08-06 23:59:59.999,96243069.271
2021-08-07,115.65,120.93,114.1,117.94,362420.8,2021-08-07 23:59:59.999,42642780.7635
2021-08-08,117.97,128.71,114.78,125.5,807000.5,2021-08-08 23:59:59.999,99353273.8905
2021-08-09,125.5,135.23,118.58,134.34,920196.5,2021-08-09 23:59:59.999,118576306.0698
2021-08-10,134.34,142.87,132.51,139.63,510073.6,2021-08-10 23:59:59.999,70713289.142
2021-08-11,139.63,143.85,133.44,135.36,364475.9,2021-08-11 23:59:59.999,51192898.899
2021-08-12,135.34,143.35,123.71,134.33,858343.6,2021-08-12 23:59:59.999,115261194.7575
2021-08-13,134.36,139.6,131.68,138.24,344253.0,2021-08-13 23:59:59.999,46695852.931
2021-08-14,138.28,141.67,134.53,137.44,311644.3,2021-08-14 23:59:59.999,43112155.773
2021-08-15,137.44,140.37,131.43,137.0,294958.1,2021-08-15 23:59:59.999,39976994.682
2021-08-16,137.0,142.8,132.0,136.21,492755.5,2021-08-16 23:59:59.999,68005388.5635
2021-08-17,136.23,159.7,130.1,140.13,1364685.7,2021-08-17 23:59:59.999,202890869.1284
2021-08-18,140.07,152.67,126.93,146.75,891708.0,2021-08-18 23:59:59.999,128436689.534
2021-08-19,146.59,153.44,137.46,146.32,649659.3,2021-08-19 23:59:59.999,93870879.7085
2021-08-20,146.4,160.0,143.12,156.06,703604.4,2021-08-20 23:59:59.999,107151883.5375
2021-08-21,156.13,156.3,146.66,149.26,371733.4,2021-08-21 23:59:59.999,56521604.534
2021-08-22,149.22,152.86,141.15,148.88,500730.8,2021-08-22 23:59:59.999,74035993.306
2021-08-23,148.91,155.11,145.75,149.29,328670.0,2021-08-23 23:59:59.999,49274295.94
2021-08-24,149.25,152.3,132.5,137.43,389213.6,2021-08-24 23:59:59.999,55533275.964
2021-08-25,137.33,140.85,131.48,139.02,260563.7,2021-08-25 23:59:59.999,35691367.4595
2021-08-26,139.01,144.55,132.89,134.58,376715.3,2021-08-26 23:59:59.999,51953327.212
2021-08-27,134.57,141.26,128.22,141.11,352941.4,2021-08-27 23:59:59.999,47913550.8005
2021-08-28,141.14,144.28,138.03,140.92,251888.1,2021-08-28 23:59:59.999,35589212.8695
2021-08-29,140.95,143.95,135.24,141.2,189152.7,2021-08-29 23:59:59.999,26451295.011
2021-08-30,141.2,169.88,139.43,158.12,1396871.8,2021-08-30 23:59:59.999,222244110.6748
2021-08-31,158.19,171.39,153.6,169.43,760853.7,2021-08-31 23:59:59.999,122451793.0695
2021-09-01,169.33,186.19,168.2,176.61,790361.9,2021-09-01 23:59:59.999,140789095.7166
2021-09-02,176.59,181.55,171.36,172.2,364477.3,2021-09-02 23:59:59.999,64342204.2725
2021-09-03,172.3,179.49,167.29,174.89,296699.9,2021-09-03 23:59:59.999,51815108.011
2021-09-04,174.95,180.14,170.91,172.02,282650.2,2021-09-04 23:59:59.999,49620070.682
2021-09-05,172.06,178.62,168.02,176.46,222940.4,2021-09-05 23:59:59.999,38547000.526
2021-09-06,176.45,187.51,172.0,180.31,429287.5,2021-09-06 23:59:59.999,77538117.5315
2021-09-07,180.25,182.54,121.33,158.71,722454.7,2021-09-07 23:59:59.999,115001403.2845
2021-09-08,158.86,175.99,137.65,172.4,724550.4,2021-09-08 23:59:59.999,114620816.196
2021-09-09,172.4,218.0,169.0,200.82,1604356.1,2021-09-09 23:59:59.999,322350598.0756
2021-09-10,200.84,240.47,195.22,236.43,1638112.7,2021-09-10 23:59:59.999,352283300.0013
2021-09-11,236.22,249.0,221.0,229.83,1381765.5,2021-09-11 23:59:59.999,322797668.2836
2021-09-12,229.94,295.78,224.75,266.54,1962424.7,2021-09-12 23:59:59.999,530745320.091
2021-09-13,266.63,289.31,250.6,261.14,1628405.1,2021-09-13 23:59:59.999,439097195.0665
2021-09-14,261.14,302.85,258.5,280.77,1312575.6,2021-09-14 23:59:59.999,370916397.5675
2021-09-15,280.64,285.21,255.0,259.11,735127.1,2021-09-15 23:59:59.999,197664004.297
2021-09-16,259.15,272.13,244.91,266.0,995034.7,2021-09-16 23:59:59.999,257415005.272
2021-09-17,266.0,278.1,237.3,242.44,702999.9,2021-09-17 23:59:59.999,178350618.92
2021-09-18,242.49,253.75,235.96,247.89,465680.2,2021-09-18 23:59:59.999,114289679.9955
2021-09-19,247.97,249.76,222.25,225.06,477856.9,2021-09-19 23:59:59.999,112066751.291
2021-09-20,225.17,226.17,181.1,185.62,1466926.9,2021-09-20 23:59:59.999,292853055.958
2021-09-21,185.54,227.6,171.5,199.93,2741000.8,2021-09-21 23:59:59.999,563776126.8265
2021-09-22,199.86,234.56,192.43,230.08,1987316.0,2021-09-22 23:59:59.999,428312283.2705
2021-09-23,230.0,258.68,222.22,245.44,1442657.9,2021-09-23 23:59:59.999,354954326.1735
2021-09-24,245.44,249.9,212.8,237.82,1467933.6,2021-09-24 23:59:59.999,343861040.253
2021-09-25,237.82,238.48,215.45,218.18,605296.3,2021-09-25 23:59:59.999,136792915.6205
2021-09-26,218.17,234.4,200.62,223.39,767454.1,2021-09-26 23:59:59.999,167951222.045
2021-09-27,223.3,232.51,210.42,212.22,478598.4,2021-09-27 23:59:59.999,106656803.422
2021-09-28,212.16,220.99,199.07,199.96,582359.9,2021-09-28 23:59:59.999,122307052.2725
2021-09-29,199.89,214.84,196.19,203.08,481705.7,2021-09-29 23:59:59.999,99184781.107
2021-09-30,203.12,212.91,200.49,209.93,435500.8,2021-09-30 23:59:59.999,89773760.222
2021-10-01,209.99,248.25,205.35,241.7,889851.2,2021-10-01 23:59:59.999,206424616.686
2021-10-02,241.75,259.0,233.15,245.23,723854.0,2021-10-02 23:59:59.999,180143415.624
2021-10-03,245.28,255.48,236.82,254.42,459562.8,2021-10-03 23:59:59.999,113617713.9405
2021-10-04,254.45,255.3,235.0,240.18,492491.0,2021-10-04 23:59:59.999,119585672.921
2021-10-05,240.2,253.85,236.58,244.95,378125.9,2021-10-05 23:59:59.999,92731898.1795
2021-10-06,244.97,247.24,221.5,230.76,538829.3,2021-10-06 23:59:59.999,126175419.741
2021-10-07,230.82,244.99,224.67,243.32,499529.2,2021-10-07 23:59:59.999,118940463.7225
2021-10-08,243.33,278.19,242.69,258.19,1132552.4,2021-10-08 23:59:59.999,298430923.851
2021-10-09,258.22,268.96,254.25,259.38,343223.6,2021-10-09 23:59:59.999,89746190.74
2021-10-10,259.33,259.82,237.51,240.07,378498.8,2021-10-10 23:59:59.999,94462396.3475
2021-10-11,239.86,252.51,235.24,248.35,481142.3,2021-10-11 23:59:59.999,117515357.2765
2021-10-12,248.32,248.33,220.0,236.15,560822.9,2021-10-12 23:59:59.999,130156922.212
2021-10-13,236.19,250.97,232.48,241.98,482481.3,2021-10-13 23:59:59.999,116306362.0255
2021-10-14,242.03,250.73,239.18,242.52,299009.9,2021-10-14 23:59:59.999,73174252.6675
2021-10-15,242.53,244.47,234.11,237.37,322028.4,2021-10-15 23:59:59.999,76876776.449
2021-10-16,237.35,250.48,236.72,241.5,267987.5,2021-10-16 23:59:59.999,65350648.569
2021-10-17,241.48,243.42,225.68,236.32,226801.4,2021-10-17 23:59:59.999,53589355.7595
2021-10-18,236.37,239.03,227.85,230.52,259051.1,2021-10-18 23:59:59.999,60379730.1105
2021-10-19,230.46,233.0,225.51,229.9,255703.7,2021-10-19 23:59:59.999,58559434.3575
2021-10-20,229.88,245.64,227.81,240.59,351007.2,2021-10-20 23:59:59.999,83447137.1445
2021-10-21,240.5,261.55,238.57,249.53,651870.7,2021-10-21 23:59:59.999,162938728.4765
2021-10-22,249.53,278.87,248.98,274.87,940866.0,2021-10-22 23:59:59.999,252071870.3815
2021-10-23,274.8,280.46,266.46,271.57,295767.0,2021-10-23 23:59:59.999,80888357.637
2021-10-24,271.58,295.21,270.16,283.77,551491.8,2021-10-24 23:59:59.999,156318549.6955
2021-10-25,283.77,298.84,282.71,295.41,355048.1,2021-10-25 23:59:59.999,103681094.823
2021-10-26,295.34,296.31,268.93,273.22,357218.2,2021-10-26 23:59:59.999,100674930.883
2021-10-27,273.27,277.86,206.0,245.66,561922.0,2021-10-27 23:59:59.999,142290727.8545
2021-10-28,245.75,267.7,243.65,257.14,324891.2,2021-10-28 23:59:59.999,83817068.6465
2021-10-29,257.18,274.65,254.81,269.7,224421.2,2021-10-29 23:59:59.999,59713540.5655
2021-10-30,269.73,270.37,256.33,260.32,151545.2,2021-10-30 23:59:59.999,39825522.8675
2021-10-31,260.28,275.31,251.39,271.32,206246.8,2021-10-31 23:59:59.999,54320067.72
2021-11-01,271.33,279.01,259.27,269.53,258587.1,2021-11-01 23:59:59.999,69901754.9965
2021-11-02,269.52,277.5,267.58,272.6,201484.6,2021-11-02 23:59:59.999,54900995.8245
2021-11-03,272.6,310.0,269.69,307.6,586944.4,2021-11-03 23:59:59.999,169780999.9905
2021-11-04,307.65,325.0,297.72,318.92,819697.7,2021-11-04 23:59:59.999,256040430.354
2021-11-05,318.82,329.85,304.69,316.15,449673.2,2021-11-05 23:59:59.999,143199120.0235
2021-11-06,316.15,319.88,303.47,316.55,236111.2,2021-11-06 23:59:59.999,73819309.8425
2021-11-07,316.64,329.03,313.53,316.39,265860.7,2021-11-07 23:59:59.999,85566870.7285
2021-11-08,316.36,316.61,308.11,309.52,217168.2,2021-11-08 23:59:59.999,67714169.581
2021-11-09,309.58,322.79,308.84,317.53,278856.7,2021-11-09 23:59:59.999,88306629.1935
2021-11-10,317.55,339.37,281.7,313.03,688627.1,2021-11-10 23:59:59.999,221472234.289
2021-11-11,313.06,334.96,303.46,317.43,370568.4,2021-11-11 23:59:59.999,119352750.1445
2021-11-12,317.34,326.42,304.25,326.19,235943.9,2021-11-12 23:59:59.999,74449043.7525
2021-11-13,326.18,331.26,319.38,322.19,192837.6,2021-11-13 23:59:59.999,62885950.369
2021-11-14,322.28,325.68,311.73,320.16,153902.3,2021-11-14 23:59:59.999,49103982.672
2021-11-15,320.16,326.38,310.0,315.02,230522.6,2021-11-15 23:59:59.999,73617673.34
2021-11-16,315.02,315.98,279.83,302.98,532313.5,2021-11-16 23:59:59.999,160903800.7465
2021-11-17,303.0,310.8,286.94,309.7,306973.1,2021-11-17 23:59:59.999,91649394.5635
2021-11-18,309.73,326.31,292.72,308.18,560028.5,2021-11-18 23:59:59.999,175198560.4065
2021-11-19,308.24,373.29,302.16,347.96,1030813.8,2021-11-19 23:59:59.999,356059749.2055
2021-11-20,347.86,392.94,333.16,392.34,804415.2,2021-11-20 23:59:59.999,286290448.794
2021-11-21,392.5,445.0,380.85,427.81,1431553.9,2021-11-21 23:59:59.999,584615384.7325
2021-11-22,427.84,495.0,410.89,490.63,2130185.2,2021-11-22 23:59:59.999,994616123.8485
2021-11-23,490.49,544.95,467.19,468.97,1783763.6,2021-11-23 23:59:59.999,901733594.013
2021-11-24,468.72,490.0,438.08,453.68,1009392.9,2021-11-24 23:59:59.999,465054888.947
2021-11-25,453.94,463.0,422.0,438.36,648180.9,2021-11-25 23:59:59.999,283212537.208
2021-11-26,438.65,440.81,386.29,396.98,653152.3,2021-11-26 23:59:59.999,265472378.2705
2021-11-27,396.81,439.13,393.25,429.39,520919.6,2021-11-27 23:59:59.999,219807809.24
2021-11-28,429.38,435.22,387.0,412.14,515779.0,2021-11-28 23:59:59.999,212947490.895
2021-11-29,412.16,414.76,392.24,394.69,377802.0,2021-11-29 23:59:59.999,152304327.3195
2021-11-30,394.56,402.0,375.0,375.9,478372.9,2021-11-30 23:59:59.999,185523356.1865
2021-12-01,375.97,425.0,368.25,408.16,768068.9,2021-12-01 23:59:59.999,302319730.5445
2021-12-02,408.12,418.27,351.24,356.89,1007306.7,2021-12-02 23:59:59.999,371375572.082
2021-12-03,356.82,357.5,319.28,345.0,745694.5,2021-12-03 23:59:59.999,253092394.834
2021-12-04,344.94,348.55,207.0,308.55,1674042.1,2021-12-04 23:59:59.999,488710832.612
2021-12-05,308.57,328.99,276.6,287.81,755632.3,2021-12-05 23:59:59.999,229790727.285
2021-12-06,287.71,292.3,260.56,286.91,715417.4,2021-12-06 23:59:59.999,197372302.323
2021-12-07,286.84,313.58,281.61,285.61,497855.2,2021-12-07 23:59:59.999,147268713.373
2021-12-08,285.56,303.6,270.59,297.65,448887.2,2021-12-08 23:59:59.999,129671605.605
2021-12-09,297.57,313.2,265.31,265.93,738873.5,2021-12-09 23:59:59.999,212876060.711
2021-12-10,265.93,280.91,255.31,256.47,573375.4,2021-12-10 23:59:59.999,154810567.187
2021-12-11,256.46,262.71,248.0,256.16,402481.1,2021-12-11 23:59:59.999,103346392.341
2021-12-12,256.13,268.86,248.68,262.66,380904.7,2021-12-12 23:59:59.999,98196466.57
2021-12-13,262.68,264.15,226.83,234.7,579468.0,2021-12-13 23:59:59.999,141788060.053
2021-12-14,234.73,260.35,229.22,253.83,459184.6,2021-12-14 23:59:59.999,111660086.978
2021-12-15,253.82,299.0,253.27,295.58,1847700.1,2021-12-15 23:59:59.999,512291303.124
2021-12-16,295.61,344.08,265.21,268.22,3070663.3,2021-12-16 23:59:59.999,936481983.433
2021-12-17,268.14,279.3,251.18,254.8,1421458.1,2021-12-17 23:59:59.999,375469199.826
2021-12-18,254.82,266.48,244.8,254.29,664284.6,2021-12-18 23:59:59.999,169122583.346
2021-12-19,254.22,259.34,241.2,246.48,474089.7,2021-12-19 23:59:59.999,118051642.778
2021-12-20,246.39,247.8,225.01,236.71,665671.4,2021-12-20 23:59:59.999,157382753.903
2021-12-21,236.72,248.3,231.67,240.01,482984.0,2021-12-21 23:59:59.999,116663625.067
2021-12-22,240.01,253.91,236.92,246.74,505884.7,2021-12-22 23:59:59.999,124863718.696
2021-12-23,246.86,268.86,240.36,261.27,654016.5,2021-12-23 23:59:59.999,167621023.602
2021-12-24,261.31,271.0,246.92,250.78,471825.9,2021-12-24 23:59:59.999,122787612.714
2021-12-25,250.79,260.92,248.66,255.54,233400.4,2021-12-25 23:59:59.999,59734117.761
2021-12-26,255.62,262.46,242.71,258.74,358180.8,2021-12-26 23:59:59.999,90885671.306
2021-12-27,258.79,283.99,258.35,266.37,744359.6,2021-12-27 23:59:59.999,203972352.962
2021-12-28,266.45,269.92,236.38,240.34,658034.6,2021-12-28 23:59:59.999,166802426.071
2021-12-29,240.37,246.08,231.74,238.41,460646.0,2021-12-29 23:59:59.999,110863956.004
2021-12-30,238.41,251.37,233.0,239.44,505711.6,2021-12-30 23:59:59.999,122757303.516
2021-12-31,239.36,248.7,233.0,238.54,311774.4,2021-12-31 23:59:59.999,75174718.589
2022-01-01,238.65,245.45,235.71,245.17,244449.4,2022-01-01 23:59:59.999,58924254.738
2022-01-02,245.19,245.38,236.68,239.65,286452.7,2022-01-02 23:59:59.999,69175304.431
2022-01-03,239.65,245.0,233.0,236.98,326686.9,2022-01-03 23:59:59.999,78107381.593
2022-01-04,236.9,243.15,230.13,235.92,429991.4,2022-01-04 23:59:59.999,102001353.316
2022-01-05,235.98,254.51,198.45,213.38,1068341.6,2022-01-05 23:59:59.999,249611853.471
2022-01-06,213.34,215.58,200.51,212.27,580253.5,2022-01-06 23:59:59.999,121024007.248
2022-01-07,212.28,213.44,191.65,195.79,734621.7,2022-01-07 23:59:59.999,146990626.837
2022-01-08,195.82,201.14,180.9,190.35,456060.2,2022-01-08 23:59:59.999,87530239.85
2022-01-09,190.3,202.89,188.14,198.08,378040.2,2022-01-09 23:59:59.999,73805305.754
2022-01-10,198.06,200.44,180.0,191.17,556755.0,2022-01-10 23:59:59.999,106022102.274
2022-01-11,191.19,208.2,188.5,204.9,858088.3,2022-01-11 23:59:59.999,172627742.287
2022-01-12,204.93,219.8,204.54,214.21,465011.3,2022-01-12 23:59:59.999,98578599.858
2022-01-13,214.22,215.2,194.09,195.45,511509.7,2022-01-13 23:59:59.999,105056115.825
2022-01-14,195.45,201.71,190.52,199.47,428879.8,2022-01-14 23:59:59.999,84519102.946
2022-01-15,199.49,207.1,197.27,200.32,286657.5,2022-01-15 23:59:59.999,58035457.292
2022-01-16,200.26,201.05,193.02,195.28,301168.6,2022-01-16 23:59:59.999,59325707.502
2022-01-17,195.38,196.17,182.64,186.84,385321.2,2022-01-17 23:59:59.999,72896354.457
2022-01-18,186.91,191.12,171.38,178.87,537199.9,2022-01-18 23:59:59.999,96696150.192
2022-01-19,178.93,180.33,168.64,173.27,387908.8,2022-01-19 23:59:59.999,67374435.437
2022-01-20,173.27,185.5,165.43,166.65,541151.0,2022-01-20 23:59:59.999,95905126.509
2022-01-21,166.64,168.97,135.13,138.17,966483.6,2022-01-21 23:59:59.999,148248157.949
2022-01-22,138.21,142.5,111.72,125.29,1273923.6,2022-01-22 23:59:59.999,159991122.929
2022-01-23,125.26,141.99,124.16,134.04,776423.3,2022-01-23 23:59:59.999,102615941.686
2022-01-24,134.02,134.15,115.46,131.01,1045573.4,2022-01-24 23:59:59.999,129676969.877
2022-01-25,131.02,144.0,128.26,140.61,804033.5,2022-01-25 23:59:59.999,108725335.491
2022-01-26,140.61,159.52,136.52,140.02,1046833.4,2022-01-26 23:59:59.999,152523906.46
2022-01-27,140.02,146.84,132.35,141.74,658129.6,2022-01-27 23:59:59.999,91725483.819
2022-01-28,141.7,146.56,136.05,143.77,455969.6,2022-01-28 23:59:59.999,64796703.852
2022-01-29,143.77,151.7,142.85,149.38,403069.4,2022-01-29 23:59:59.999,59007493.5
2022-01-30,149.39,151.64,139.6,140.95,415292.5,2022-01-30 23:59:59.999,60363480.174
2022-01-31,140.93,147.84,133.86,145.37,413299.3,2022-01-31 23:59:59.999,57827299.174
2022-02-01,145.41,156.3,144.77,150.88,591571.2,2022-02-01 23:59:59.999,89332950.593
2022-02-02,150.87,155.65,140.0,141.46,561021.6,2022-02-02 23:59:59.999,83510623.772
2022-02-03,141.48,143.17,134.64,140.02,475010.2,2022-02-03 23:59:59.999,66352225.04
2022-02-04,140.02,153.9,138.32,153.84,531681.1,2022-02-04 23:59:59.999,77609372.471
2022-02-05,153.84,166.03,152.03,160.34,484113.2,2022-02-05 23:59:59.999,77050764.433
2022-02-06,160.34,166.46,157.14,166.12,366638.6,2022-02-06 23:59:59.999,59092742.571
2022-02-07,166.13,183.35,160.64,176.31,667077.4,2022-02-07 23:59:59.999,117011337.255
2022-02-08,176.3,183.27,166.0,172.49,623778.0,2022-02-08 23:59:59.999,108461237.611
2022-02-09,172.56,180.93,169.84,177.85,362311.2,2022-02-09 23:59:59.999,64010489.254
2022-02-10,177.84,200.88,173.0,176.21,1030462.4,2022-02-10 23:59:59.999,189235511.681
2022-02-11,176.3,239.52,173.13,194.52,1879315.9,2022-02-11 23:59:59.999,374092652.713
2022-02-12,194.55,204.41,182.0,200.21,1555657.7,2022-02-12 23:59:59.999,302848032.559
2022-02-13,200.19,206.23,189.37,189.87,912229.1,2022-02-13 23:59:59.999,182446303.306
2022-02-14,189.87,195.19,182.24,187.08,856711.5,2022-02-14 23:59:59.999,161724270.243
2022-02-15,187.14,199.51,186.27,194.26,612427.2,2022-02-15 23:59:59.999,118851461.618
2022-02-16,194.25,196.41,182.49,190.54,553297.2,2022-02-16 23:59:59.999,105485462.389
2022-02-17,190.52,194.89,168.28,170.4,704883.6,2022-02-17 23:59:59.999,129054092.134
2022-02-18,170.4,181.17,163.18,163.8,633667.5,2022-02-18 23:59:59.999,108725722.094
2022-02-19,163.8,167.65,157.35,162.31,386008.2,2022-02-19 23:59:59.999,62792862.477
2022-02-20,162.25,162.44,152.5,155.44,384477.5,2022-02-20 23:59:59.999,60041179.663
2022-02-21,155.39,169.27,145.1,146.02,934801.6,2022-02-21 23:59:59.999,147456686.28
2022-02-22,145.98,154.09,145.36,151.66,602009.4,2022-02-22 23:59:59.999,90190653.226
2022-02-23,151.63,160.59,145.86,146.34,539070.7,2022-02-23 23:59:59.999,82892432.096
2022-02-24,146.29,148.06,120.83,134.38,1605399.5,2022-02-24 23:59:59.999,209683148.944
2022-02-25,134.37,150.15,132.47,148.78,756051.0,2022-02-25 23:59:59.999,105971205.287
2022-02-26,148.78,152.16,140.36,142.5,526786.7,2022-02-26 23:59:59.999,76474256.306
2022-02-27,142.48,144.66,134.24,135.87,595806.4,2022-02-27 23:59:59.999,82731557.455
2022-02-28,135.87,152.98,132.91,150.33,742133.3,2022-02-28 23:59:59.999,104442603.348
2022-03-01,150.33,159.49,148.4,152.16,786295.8,2022-03-01 23:59:59.999,120563065.997
2022-03-02,152.17,158.96,148.36,152.6,546558.4,2022-03-02 23:59:59.999,84219120.018
2022-03-03,152.66,154.56,143.84,146.53,381111.8,2022-03-03 23:59:59.999,56972744.209
2022-03-04,146.47,146.87,130.22,132.86,599129.0,2022-03-04 23:59:59.999,83121981.508
2022-03-05,132.88,139.42,128.66,137.7,439298.9,2022-03-05 23:59:59.999,59495227.985
2022-03-06,137.7,138.71,131.82,132.6,315115.3,2022-03-06 23:59:59.999,42541185.028
2022-03-07,132.66,137.96,125.7,130.67,521659.6,2022-03-07 23:59:59.999,68709074.402
2022-03-08,130.66,135.56,128.82,132.16,410102.1,2022-03-08 23:59:59.999,54278163.058
2022-03-09,132.16,146.42,132.05,141.53,626898.9,2022-03-09 23:59:59.999,88660063.455
2022-03-10,141.52,146.22,131.64,144.37,1077549.3,2022-03-10 23:59:59.999,152095892.631
2022-03-11,144.36,152.99,138.32,138.54,1152037.7,2022-03-11 23:59:59.999,168823456.259
2022-03-12,138.55,143.94,138.28,139.32,423064.1,2022-03-12 23:59:59.999,60009318.918
2022-03-13,139.34,142.65,134.15,134.68,341647.0,2022-03-13 23:59:59.999,47515505.531
2022-03-14,134.63,144.18,132.5,142.95,609247.5,2022-03-14 23:59:59.999,85538127.157
2022-03-15,142.9,159.37,141.4,156.65,1541549.9,2022-03-15 23:59:59.999,234253150.36
2022-03-16,156.65,168.7,153.91,163.77,1301918.6,2022-03-16 23:59:59.999,210827317.058
2022-03-17,163.79,165.46,156.12,156.99,537637.4,2022-03-17 23:59:59.999,85814023.081
2022-03-18,157.06,164.77,152.25,158.71,609942.1,2022-03-18 23:59:59.999,96477897.918
2022-03-19,158.7,164.77,157.59,160.05,414749.7,2022-03-19 23:59:59.999,66650283.958
2022-03-20,160.03,169.78,157.77,160.62,763644.2,2022-03-20 23:59:59.999,125057007.798
2022-03-21,160.64,176.08,159.71,172.93,930600.5,2022-03-21 23:59:59.999,157714982.115
2022-03-22,172.94,187.59,172.08,185.61,866414.9,2022-03-22 23:59:59.999,157727091.973
2022-03-23,185.64,193.44,180.67,185.72,703497.6,2022-03-23 23:59:59.999,131100647.055
2022-03-24,185.74,193.49,182.74,191.99,606550.6,2022-03-24 23:59:59.999,114520477.057
2022-03-25,191.96,194.97,178.22,181.51,539937.9,2022-03-25 23:59:59.999,101027269.496
2022-03-26,181.48,190.55,177.21,188.77,461112.1,2022-03-26 23:59:59.999,85852589.032
2022-03-27,188.77,199.52,185.11,198.8,384261.9,2022-03-27 23:59:59.999,73353105.643
2022-03-28,198.79,214.89,190.26,192.89,984116.0,2022-03-28 23:59:59.999,200683586.028
2022-03-29,192.9,204.73,192.33,196.85,516448.5,2022-03-29 23:59:59.999,102859148.372
2022-03-30,196.84,202.74,190.81,198.04,475799.5,2022-03-30 23:59:59.999,93964596.017
2022-03-31,198.12,205.19,184.08,187.01,614869.0,2022-03-31 23:59:59.999,120239435.465
2022-04-01,187.02,198.47,178.66,197.9,599426.1,2022-04-01 23:59:59.999,114441893.745
2022-04-02,197.93,201.96,190.79,191.91,448740.6,2022-04-02 23:59:59.999,88564420.428
2022-04-03,191.84,198.62,188.33,195.42,315070.2,2022-04-03 23:59:59.999,61171828.905
2022-04-04,195.37,197.89,183.4,191.13,411748.8,2022-04-04 23:59:59.999,78650508.428
2022-04-05,191.09,193.18,184.03,184.54,319624.8,2022-04-05 23:59:59.999,60388787.774
2022-04-06,184.59,184.61,161.94,164.32,754227.9,2022-04-06 23:59:59.999,129988424.629
2022-04-07,164.29,173.73,161.03,168.93,430986.0,2022-04-07 23:59:59.999,72487679.161
2022-04-08,168.88,172.74,159.45,160.59,330854.7,2022-04-08 23:59:59.999,55324697.276
2022-04-09,160.61,167.87,160.42,167.11,196686.8,2022-04-09 23:59:59.999,32419766.085
2022-04-10,167.1,171.42,160.55,161.0,253710.0,2022-04-10 23:59:59.999,42320527.983
2022-04-11,160.94,163.97,148.38,150.7,509423.7,2022-04-11 23:59:59.999,79333200.772
2022-04-12,150.7,159.84,149.78,156.13,413032.1,2022-04-12 23:59:59.999,64182440.549
2022-04-13,156.15,160.4,153.58,159.28,319071.7,2022-04-13 23:59:59.999,50376254.636
2022-04-14,159.23,163.61,151.95,155.14,422343.6,2022-04-14 23:59:59.999,66926678.411
2022-04-15,155.12,157.83,152.41,155.38,242553.5,2022-04-15 23:59:59.999,37591021.613
2022-04-16,155.37,156.28,152.01,155.1,175481.5,2022-04-16 23:59:59.999,27108411.567
2022-04-17,155.1,158.38,151.54,152.38,232490.1,2022-04-17 23:59:59.999,36070159.721
2022-04-18,152.31,155.44,145.15,154.75,378087.4,2022-04-18 23:59:59.999,56884226.887
2022-04-19,154.76,165.53,153.51,164.98,547868.1,2022-04-19 23:59:59.999,88065804.039
2022-04-20,165.0,169.46,160.0,163.23,523497.8,2022-04-20 23:59:59.999,86643425.8
2022-04-21,163.23,167.69,154.39,157.75,386859.6,2022-04-21 23:59:59.999,63176756.578
2022-04-22,157.79,163.77,152.78,154.54,293389.0,2022-04-22 23:59:59.999,46302417.838
2022-04-23,154.55,156.55,151.28,153.71,186220.6,2022-04-23 23:59:59.999,28734779.558
2022-04-24,153.73,156.4,150.73,151.22,206390.4,2022-04-24 23:59:59.999,31662192.674
2022-04-25,151.21,156.7,142.99,156.53,421009.4,2022-04-25 23:59:59.999,62989620.248
2022-04-26,156.54,159.25,143.51,144.93,388556.7,2022-04-26 23:59:59.999,59105568.706
2022-04-27,144.91,152.3,144.18,149.63,271256.3,2022-04-27 23:59:59.999,40339896.659
2022-04-28,149.62,152.25,145.24,147.04,284495.0,2022-04-28 23:59:59.999,42268097.627
2022-04-29,147.02,147.62,130.88,134.49,402891.6,2022-04-29 23:59:59.999,55885116.538
2022-04-30,134.48,135.58,121.08,127.35,402042.2,2022-04-30 23:59:59.999,52434972.767
2022-05-01,127.33,130.32,122.29,127.21,445194.2,2022-05-01 23:59:59.999,56660443.616
2022-05-02,127.2,130.06,122.23,125.38,383937.9,2022-05-02 23:59:59.999,48475909.631
2022-05-03,125.41,128.9,121.63,123.61,344055.1,2022-05-03 23:59:59.999,43224304.447
2022-05-04,123.61,138.17,123.3,137.2,751278.1,2022-05-04 23:59:59.999,98569727.324
2022-05-05,137.21,140.66,122.07,125.02,681171.2,2022-05-05 23:59:59.999,89053901.216
2022-05-06,124.99,126.3,117.9,121.74,549495.9,2022-05-06 23:59:59.999,67111400.263
2022-05-07,121.75,122.6,112.63,115.91,481364.2,2022-05-07 23:59:59.999,57269668.183
2022-05-08,115.93,117.76,111.83,113.17,545296.7,2022-05-08 23:59:59.999,62540284.314
2022-05-09,113.21,115.11,103.84,105.74,1173535.7,2022-05-09 23:59:59.999,126606005.949
2022-05-10,105.73,119.55,105.13,108.14,1730549.4,2022-05-10 23:59:59.999,192952757.846
2022-05-11,108.17,110.08,72.9,85.05,2545572.6,2022-05-11 23:59:59.999,245404101.055
2022-05-12,85.07,87.72,71.72,77.93,1900439.3,2022-05-12 23:59:59.999,153712212.735
2022-05-13,77.95,92.94,77.03,87.54,1116396.9,2022-05-13 23:59:59.999,96782518.123
2022-05-14,87.52,88.95,84.03,88.32,512605.0,2022-05-14 23:59:59.999,44462541.173
2022-05-15,88.31,96.09,85.42,95.7,496198.4,2022-05-15 23:59:59.999,45644387.463
2022-05-16,95.61,95.63,87.88,94.13,731824.2,2022-05-16 23:59:59.999,67203633.648
2022-05-17,94.15,103.39,93.52,100.16,781302.9,2022-05-17 23:59:59.999,77716306.13
2022-05-18,100.16,101.17,90.59,91.48,781408.2,2022-05-18 23:59:59.999,74718009.42
2022-05-19,91.53,94.85,87.24,91.83,804023.7,2022-05-19 23:59:59.999,73066412.84
2022-05-20,91.83,93.69,86.23,88.82,904226.8,2022-05-20 23:59:59.999,81453755.827
2022-05-21,88.83,92.7,87.59,91.69,397254.6,2022-05-21 23:59:59.999,35977536.876
2022-05-22,91.7,93.48,90.3,92.03,413826.6,2022-05-22 23:59:59.999,37998507.693
2022-05-23,92.0,94.64,90.03,90.92,594432.3,2022-05-23 23:59:59.999,54749062.957
2022-05-24,90.9,91.89,88.84,90.74,573302.8,2022-05-24 23:59:59.999,51895322.123
2022-05-25,90.73,90.97,86.66,87.4,498216.0,2022-05-25 23:59:59.999,43937605.284
2022-05-26,87.39,87.97,72.5,72.7,1200825.5,2022-05-26 23:59:59.999,93916516.81
2022-05-27,72.7,73.71,65.55,67.39,2004828.8,2022-05-27 23:59:59.999,137163082.688
2022-05-28,67.38,71.21,66.92,70.11,888004.6,2022-05-28 23:59:59.999,61276971.31
2022-05-29,70.11,83.08,68.85,82.7,1181769.2,2022-05-29 23:59:59.999,87601351.289
2022-05-30,82.68,88.0,80.7,86.65,1376206.4,2022-05-30 23:59:59.999,114917115.735
2022-05-31,86.64,86.9,80.04,81.38,851745.7,2022-05-31 23:59:59.999,70395413.22
2022-06-01,81.4,86.25,75.02,75.53,1207361.7,2022-06-01 23:59:59.999,96004951.352
2022-06-02,75.54,82.36,74.25,77.89,926945.0,2022-06-02 23:59:59.999,71910397.471
2022-06-03,77.9,79.09,75.23,77.27,551074.8,2022-06-03 23:59:59.999,42361548.383
2022-06-04,77.28,77.93,75.41,76.85,366220.7,2022-06-04 23:59:59.999,28001835.245
2022-06-05,76.84,77.52,72.56,73.2,545197.4,2022-06-05 23:59:59.999,41156742.861
2022-06-06,73.21,74.45,64.02,69.4,5901166.1,2022-06-06 23:59:59.999,405078667.681
2022-06-07,69.4,69.69,64.97,66.58,2161138.7,2022-06-07 23:59:59.999,145988757.181
2022-06-08,66.6,68.4,65.0,65.07,1129093.4,2022-06-08 23:59:59.999,75233770.22
2022-06-09,65.09,65.18,60.81,61.71,1313355.7,2022-06-09 23:59:59.999,82082894.728
2022-06-10,61.71,62.75,55.54,56.6,1632128.4,2022-06-10 23:59:59.999,95602443.743
2022-06-11,56.6,57.39,49.2,50.61,1914979.1,2022-06-11 23:59:59.999,101235684.698
2022-06-12,50.62,53.27,42.46,44.92,3454136.6,2022-06-12 23:59:59.999,162804832.789
2022-06-13,44.92,45.6,37.87,41.67,4617883.0,2022-06-13 23:59:59.999,189205207.343
2022-06-14,41.66,47.7,39.0,45.86,2706701.0,2022-06-14 23:59:59.999,120694635.029
2022-06-15,45.85,58.29,41.32,55.98,2972361.2,2022-06-15 23:59:59.999,140678111.153
2022-06-16,55.99,57.8,49.01,50.46,3475603.0,2022-06-16 23:59:59.999,182230215.732
2022-06-17,50.46,55.67,50.21,52.5,2046705.9,2022-06-17 23:59:59.999,107979420.603
2022-06-18,52.5,53.54,42.92,45.64,2201532.8,2022-06-18 23:59:59.999,103346403.31
2022-06-19,45.67,54.29,43.21,52.96,1891693.6,2022-06-19 23:59:59.999,91351295.973
2022-06-20,52.95,59.0,50.94,56.85,2391861.9,2022-06-20 23:59:59.999,132397186.487
2022-06-21,56.84,63.87,56.05,58.48,1940921.3,2022-06-21 23:59:59.999,117400216.428
2022-06-22,58.51,62.28,56.65,58.24,1758495.2,2022-06-22 23:59:59.999,104599021.737
2022-06-23,58.26,61.5,57.09,60.55,1114711.5,2022-06-23 23:59:59.999,66161778.32
2022-06-24,60.55,64.73,60.49,62.93,1122444.3,2022-06-24 23:59:59.999,70268844.554
2022-06-25,62.96,64.78,60.0,61.68,635407.8,2022-06-25 23:59:59.999,39679231.411
2022-06-26,61.68,62.95,54.73,55.08,951653.2,2022-06-26 23:59:59.999,56320278.7
2022-06-27,55.06,58.77,54.75,56.2,1022002.2,2022-06-27 23:59:59.999,57939266.613
2022-06-28,56.23,57.14,51.47,51.9,1033812.6,2022-06-28 23:59:59.999,56587180.418
2022-06-29,51.9,52.91,48.9,50.23,1054788.3,2022-06-29 23:59:59.999,53766406.256
2022-06-30,50.23,51.29,46.15,50.93,1466830.9,2022-06-30 23:59:59.999,70606735.53
2022-07-01,50.94,52.43,48.77,51.0,1302431.8,2022-07-01 23:59:59.999,66176871.323
2022-07-02,51.02,51.62,48.77,50.49,605694.1,2022-07-02 23:59:59.999,30327383.179
2022-07-03,50.5,52.23,49.08,51.01,651166.7,2022-07-03 23:59:59.999,32859641.772
2022-07-04,51.01,54.64,50.07,54.34,878091.4,2022-07-04 23:59:59.999,45956239.225
2022-07-05,54.33,56.08,52.05,54.0,965028.9,2022-07-05 23:59:59.999,52185176.876
2022-07-06,54.0,55.5,53.21,54.67,684119.9,2022-07-06 23:59:59.999,37223130.793
2022-07-07,54.67,57.27,53.57,56.08,730809.9,2022-07-07 23:59:59.999,40457554.474
2022-07-08,56.08,57.25,53.04,54.24,660869.5,2022-07-08 23:59:59.999,36115424.996
2022-07-09,54.22,57.08,54.22,56.31,469582.3,2022-07-09 23:59:59.999,26319108.793
2022-07-10,56.31,56.35,51.78,52.45,554213.6,2022-07-10 23:59:59.999,29764665.729
2022-07-11,52.44,52.49,49.78,50.3,827577.9,2022-07-11 23:59:59.999,42065355.131
2022-07-12,50.29,50.81,49.0,49.15,739447.8,2022-07-12 23:59:59.999,36950079.558
2022-07-13,49.14,52.6,47.42,52.43,1132923.7,2022-07-13 23:59:59.999,56831612.558
2022-07-14,52.43,60.0,51.92,58.07,1878148.0,2022-07-14 23:59:59.999,104944477.476
2022-07-15,58.06,60.95,57.26,59.56,1012710.5,2022-07-15 23:59:59.999,60107764.606
2022-07-16,59.55,60.5,56.84,59.86,709550.7,2022-07-16 23:59:59.999,41646922.641
2022-07-17,59.87,62.71,57.5,57.62,616464.2,2022-07-17 23:59:59.999,36782009.39
2022-07-18,57.62,63.5,57.2,60.08,1032484.5,2022-07-18 23:59:59.999,62310813.449
2022-07-19,60.08,62.9,57.45,60.85,1209431.4,2022-07-19 23:59:59.999,72696128.455
2022-07-20,60.86,62.33,54.26,55.1,1246085.5,2022-07-20 23:59:59.999,73116501.219
2022-07-21,55.1,56.75,52.9,56.16,876687.7,2022-07-21 23:59:59.999,48196819.413
2022-07-22,56.16,59.15,54.32,55.27,765617.8,2022-07-22 23:59:59.999,43540533.229
2022-07-23,55.25,56.85,52.98,54.53,523285.8,2022-07-23 23:59:59.999,28651412.808
2022-07-24,54.54,56.07,54.14,54.48,460360.2,2022-07-24 23:59:59.999,25415190.995
2022-07-25,54.48,54.68,50.01,50.13,656677.3,2022-07-25 23:59:59.999,34299213.0
2022-07-26,50.13,50.95,48.87,50.88,664586.4,2022-07-26 23:59:59.999,33020315.765
2022-07-27,50.89,54.98,50.0,54.95,744293.1,2022-07-27 23:59:59.999,38933898.419
2022-07-28,54.93,57.63,53.11,56.68,920881.2,2022-07-28 23:59:59.999,51210967.386
2022-07-29,56.68,58.47,54.5,55.62,839098.9,2022-07-29 23:59:59.999,47504394.777
2022-07-30,55.64,59.6,55.43,56.99,692856.4,2022-07-30 23:59:59.999,40102147.692
2022-07-31,57.01,60.15,56.01,57.11,743040.5,2022-07-31 23:59:59.999,43236850.942
2022-08-01,57.11,59.89,56.39,58.83,726456.1,2022-08-01 23:59:59.999,42247852.128
2022-08-02,58.84,59.61,54.12,55.75,841839.6,2022-08-02 23:59:59.999,47162428.838
2022-08-03,55.76,58.85,54.59,57.41,546634.1,2022-08-03 23:59:59.999,31353620.786
2022-08-04,57.4,59.25,56.9,58.51,601160.9,2022-08-04 23:59:59.999,34939584.487
2022-08-05,58.51,64.32,58.46,62.57,714537.8,2022-08-05 23:59:59.999,43523310.157
2022-08-06,62.57,66.5,61.54,64.65,1227811.2,2022-08-06 23:59:59.999,79374778.78
2022-08-07,64.66,68.32,63.82,67.18,973671.7,2022-08-07 23:59:59.999,64401509.872
2022-08-08,67.2,68.74,64.72,66.23,889689.1,2022-08-08 23:59:59.999,59199313.109
2022-08-09,66.24,67.39,60.98,61.92,797100.1,2022-08-09 23:59:59.999,50622745.774
2022-08-10,61.92,69.69,60.2,67.16,1328693.9,2022-08-10 23:59:59.999,87652718.021
2022-08-11,67.17,69.32,64.04,64.72,886483.9,2022-08-11 23:59:59.999,59778298.054
2022-08-12,64.71,66.48,63.2,66.34,555288.6,2022-08-12 23:59:59.999,36054733.288
2022-08-13,66.35,67.89,64.45,64.9,474803.3,2022-08-13 23:59:59.999,31459907.866
2022-08-14,64.89,66.91,62.02,62.83,522532.7,2022-08-14 23:59:59.999,33700112.931
2022-08-15,62.82,64.46,59.4,60.63,614282.2,2022-08-15 23:59:59.999,37937955.089
2022-08-16,60.62,61.94,59.51,60.37,602896.5,2022-08-16 23:59:59.999,36560864.97
2022-08-17,60.36,62.32,56.85,57.5,746715.8,2022-08-17 23:59:59.999,44305822.777
2022-08-18,57.52,58.87,54.6,54.76,508318.0,2022-08-18 23:59:59.999,29125443.753
2022-08-19,54.75,54.96,50.68,52.36,1049502.5,2022-08-19 23:59:59.999,55446573.4
2022-08-20,52.36,54.25,51.21,52.57,722382.8,2022-08-20 23:59:59.999,38300354.624
2022-08-21,52.57,55.16,52.14,54.66,568559.3,2022-08-21 23:59:59.999,30567424.393
2022-08-22,54.67,55.63,52.16,53.9,684278.8,2022-08-22 23:59:59.999,36638569.166
2022-08-23,53.91,54.57,52.25,53.99,500734.5,2022-08-23 23:59:59.999,26878611.247
2022-08-24,53.99,56.41,52.72,55.12,597266.2,2022-08-24 23:59:59.999,32685305.538
2022-08-25,55.12,57.94,55.09,57.27,666728.9,2022-08-25 23:59:59.999,37961893.956
2022-08-26,57.27,59.3,51.14,51.7,1461955.5,2022-08-26 23:59:59.999,81936371.565
2022-08-27,51.7,53.12,50.72,51.84,537149.2,2022-08-27 23:59:59.999,27932082.294
2022-08-28,51.84,52.76,49.22,49.63,437817.3,2022-08-28 23:59:59.999,22589510.287
2022-08-29,49.65,53.13,49.27,52.95,576731.9,2022-08-29 23:59:59.999,29574236.792
2022-08-30,52.94,55.32,52.12,54.19,893028.1,2022-08-30 23:59:59.999,48149137.505
2022-08-31,54.2,55.89,52.39,52.5,615155.2,2022-08-31 23:59:59.999,33243519.788
2022-09-01,52.5,52.99,51.04,52.77,474490.5,2022-09-01 23:59:59.999,24708214.806
2022-09-02,52.77,53.55,51.38,52.16,410351.2,2022-09-02 23:59:59.999,21550569.783
2022-09-03,52.17,52.58,50.79,50.93,264959.1,2022-09-03 23:59:59.999,13705329.962
2022-09-04,50.93,51.74,50.38,51.5,353466.0,2022-09-04 23:59:59.999,18037370.304
2022-09-05,51.51,52.0,50.56,51.18,337563.3,2022-09-05 23:59:59.999,17271164.109
2022-09-06,51.19,52.77,48.27,48.54,905524.3,2022-09-06 23:59:59.999,45888045.431
2022-09-07,48.55,51.5,48.0,51.01,507270.8,2022-09-07 23:59:59.999,25166623.778
2022-09-08,51.01,53.26,50.18,52.96,534332.6,2022-09-08 23:59:59.999,27513796.979
2022-09-09,52.96,54.64,52.81,53.71,561774.1,2022-09-09 23:59:59.999,30269363.973
2022-09-10,53.72,54.63,53.16,53.72,401467.4,2022-09-10 23:59:59.999,21623373.297
2022-09-11,53.72,54.49,52.21,52.8,357649.9,2022-09-11 23:59:59.999,19087268.352
2022-09-12,52.79,53.92,51.29,51.64,509094.4,2022-09-12 23:59:59.999,26840670.787
2022-09-13,51.64,52.56,48.66,48.94,787531.0,2022-09-13 23:59:59.999,39768177.091
2022-09-14,48.93,50.07,48.34,49.77,468995.7,2022-09-14 23:59:59.999,23111179.173
2022-09-15,49.77,50.04,47.91,48.63,544884.1,2022-09-15 23:59:59.999,26651921.965
2022-09-16,48.63,49.19,48.11,49.05,364222.9,2022-09-16 23:59:59.999,17745723.789
2022-09-17,49.03,51.29,48.98,51.13,387360.1,2022-09-17 23:59:59.999,19566915.037
2022-09-18,51.13,51.57,46.74,47.31,549338.2,2022-09-18 23:59:59.999,27158495.457
2022-09-19,47.31,48.25,46.36,47.8,643266.6,2022-09-19 23:59:59.999,30428276.475
2022-09-20,47.81,48.74,47.28,47.73,519750.0,2022-09-20 23:59:59.999,24929164.368
2022-09-21,47.74,48.86,45.11,45.89,788930.5,2022-09-21 23:59:59.999,37241840.744
2022-09-22,45.88,48.05,45.62,47.67,609662.7,2022-09-22 23:59:59.999,28764219.81
2022-09-23,47.67,48.55,46.46,47.79,511625.9,2022-09-23 23:59:59.999,24314645.17
2022-09-24,47.8,49.07,47.6,47.94,446675.6,2022-09-24 23:59:59.999,21625894.369
2022-09-25,47.93,48.64,45.91,46.18,472025.9,2022-09-25 23:59:59.999,22433952.895
2022-09-26,46.18,46.96,45.5,46.76,572079.9,2022-09-26 23:59:59.999,26467017.672
2022-09-27,46.75,48.19,45.93,46.47,575019.9,2022-09-27 23:59:59.999,27196575.612
2022-09-28,46.48,47.9,44.91,47.31,595770.1,2022-09-28 23:59:59.999,27622991.2
2022-09-29,47.32,48.0,46.59,47.75,497823.5,2022-09-29 23:59:59.999,23543270.523
2022-09-30,47.76,49.87,47.11,47.47,1118794.8,2022-09-30 23:59:59.999,54389172.558
2022-10-01,47.48,48.35,46.83,47.8,434833.7,2022-10-01 23:59:59.999,20754349.813
2022-10-02,47.8,48.86,47.0,48.06,489284.6,2022-10-02 23:59:59.999,23432177.684
2022-10-03,48.07,53.4,47.62,51.98,1846879.1,2022-10-03 23:59:59.999,93736535.084
2022-10-04,51.99,56.78,51.98,55.21,2704845.3,2022-10-04 23:59:59.999,147924617.259
2022-10-05,55.2,56.33,53.73,54.37,1594296.6,2022-10-05 23:59:59.999,87671025.544
2022-10-06,54.37,55.9,54.33,55.26,1014361.1,2022-10-06 23:59:59.999,55837748.326
2022-10-07,55.26,56.34,54.14,55.41,1144725.9,2022-10-07 23:59:59.999,63313892.902
2022-10-08,55.42,55.94,53.5,53.8,512014.9,2022-10-08 23:59:59.999,28121834.391
2022-10-09,53.81,57.25,53.7,56.72,958353.2,2022-10-09 23:59:59.999,53293624.497
2022-10-10,56.72,57.78,54.79,56.55,1823355.2,2022-10-10 23:59:59.999,103027324.919
2022-10-11,56.55,56.58,53.95,54.75,1298692.4,2022-10-11 23:59:59.999,71752939.688
2022-10-12,54.75,56.44,54.41,55.42,908129.8,2022-10-12 23:59:59.999,50330458.218
2022-10-13,55.42,56.22,50.0,53.16,2151512.8,2022-10-13 23:59:59.999,114272485.568
2022-10-14,53.14,54.63,52.55,53.25,888063.0,2022-10-14 23:59:59.999,47660149.72
2022-10-15,53.24,56.68,53.19,56.25,2011565.3,2022-10-15 23:59:59.999,111921968.543
2022-10-16,56.26,57.6,55.53,55.76,1005318.8,2022-10-16 23:59:59.999,56761310.42
2022-10-17,55.76,57.42,54.84,57.32,765624.2,2022-10-17 23:59:59.999,42974179.37
2022-10-18,57.31,58.02,56.08,56.22,995576.2,2022-10-18 23:59:59.999,56847966.828
2022-10-19,56.23,57.53,55.64,56.46,860399.2,2022-10-19 23:59:59.999,48670513.806
2022-10-20,56.47,59.22,55.91,57.92,1896000.2,2022-10-20 23:59:59.999,109831162.864
2022-10-21,57.92,58.35,55.07,55.7,1317590.6,2022-10-21 23:59:59.999,74493316.776
2022-10-22,55.69,55.76,53.8,54.91,863425.2,2022-10-22 23:59:59.999,47260982.367
2022-10-23,54.91,56.72,54.51,56.66,509743.1,2022-10-23 23:59:59.999,28273249.005
2022-10-24,56.66,59.0,56.27,57.84,1307895.3,2022-10-24 23:59:59.999,75598205.323
2022-10-25,57.84,58.86,56.47,56.61,1229615.2,2022-10-25 23:59:59.999,71159035.753
2022-10-26,56.62,58.27,55.85,57.07,1017780.7,2022-10-26 23:59:59.999,58174960.547
2022-10-27,57.07,58.48,54.78,55.18,880476.7,2022-10-27 23:59:59.999,49938777.613
2022-10-28,55.18,57.31,54.73,56.89,760276.3,2022-10-28 23:59:59.999,42556208.638
2022-10-29,56.9,58.0,56.09,56.59,658220.1,2022-10-29 23:59:59.999,37599339.397
2022-10-30,56.59,58.89,55.9,58.34,833494.1,2022-10-30 23:59:59.999,48065629.112
2022-10-31,58.35,60.39,57.37,58.2,1209761.5,2022-10-31 23:59:59.999,71159304.648
2022-11-01,58.2,60.25,58.16,59.66,967450.8,2022-11-01 23:59:59.999,57503683.473
2022-11-02,59.66,61.06,57.51,59.55,1355514.0,2022-11-02 23:59:59.999,80447121.955
2022-11-03,59.55,63.95,58.77,59.41,1554380.8,2022-11-03 23:59:59.999,95177708.438
2022-11-04,59.41,61.84,58.36,60.43,1068085.9,2022-11-04 23:59:59.999,64149223.482
2022-11-05,60.42,61.46,57.12,58.08,844801.6,2022-11-05 23:59:59.999,50435519.435
2022-11-06,58.07,58.68,54.52,54.69,748143.4,2022-11-06 23:59:59.999,42818632.158
2022-11-07,54.69,55.47,52.76,53.71,915830.3,2022-11-07 23:59:59.999,49774265.662
2022-11-08,53.71,54.28,41.98,49.24,2010201.0,2022-11-08 23:59:59.999,101433353.731
2022-11-09,49.24,49.39,40.5,42.12,1849050.7,2022-11-09 23:59:59.999,83254497.591
2022-11-10,42.13,48.34,41.45,47.65,1130682.3,2022-11-10 23:59:59.999,50986841.033
2022-11-11,47.65,48.3,44.14,45.77,645077.6,2022-11-11 23:59:59.999,29666852.364
2022-11-12,45.78,45.88,43.2,44.27,395456.9,2022-11-12 23:59:59.999,17560863.43
2022-11-13,44.27,45.07,42.69,43.12,520808.1,2022-11-13 23:59:59.999,22847020.181
2022-11-14,43.11,46.14,41.17,44.25,768784.7,2022-11-14 23:59:59.999,33598461.37
2022-11-15,44.25,44.71,43.07,43.34,466563.2,2022-11-15 23:59:59.999,20502792.169
2022-11-16,43.36,44.18,41.5,42.3,668837.7,2022-11-16 23:59:59.999,28440142.661
2022-11-17,42.3,43.58,41.3,43.19,851592.3,2022-11-17 23:59:59.999,36373428.14
2022-11-18,43.21,44.12,42.29,42.9,455641.7,2022-11-18 23:59:59.999,19708415.105
2022-11-19,42.9,43.2,42.0,43.01,265775.9,2022-11-19 23:59:59.999,11347249.107
2022-11-20,43.01,43.93,40.91,41.15,514764.0,2022-11-20 23:59:59.999,21844009.491
2022-11-21,41.14,41.96,40.21,40.53,890175.3,2022-11-21 23:59:59.999,36529134.044
2022-11-22,40.55,41.3,39.39,41.29,708536.1,2022-11-22 23:59:59.999,28567270.055
2022-11-23,41.3,42.46,41.13,42.37,596687.1,2022-11-23 23:59:59.999,24893207.33
2022-11-24,42.38,43.28,41.61,42.72,490345.1,2022-11-24 23:59:59.999,20868793.93
2022-11-25,42.7,42.81,41.33,42.24,423967.5,2022-11-25 23:59:59.999,17852320.971
2022-11-26,42.24,44.1,42.14,43.62,497341.1,2022-11-26 23:59:59.999,21614358.513
2022-11-27,43.63,44.36,42.57,42.7,327779.8,2022-11-27 23:59:59.999,14294353.94
2022-11-28,42.71,43.12,41.34,42.35,538875.9,2022-11-28 23:59:59.999,22731494.823
2022-11-29,42.35,43.04,41.87,42.31,373775.3,2022-11-29 23:59:59.999,15874402.946
2022-11-30,42.32,43.83,42.18,43.77,498060.3,2022-11-30 23:59:59.999,21400899.332
2022-12-01,43.78,43.99,43.08,43.43,414182.5,2022-12-01 23:59:59.999,18030956.599
2022-12-02,43.44,43.92,42.92,43.86,418439.7,2022-12-02 23:59:59.999,18169930.577
2022-12-03,43.86,44.2,43.04,43.45,410114.3,2022-12-03 23:59:59.999,17917249.258
2022-12-04,43.46,43.74,42.65,43.17,305771.0,2022-12-04 23:59:59.999,13210243.869
2022-12-05,43.18,43.95,42.87,43.22,516910.7,2022-12-05 23:59:59.999,22437659.972
2022-12-06,43.21,46.08,43.01,45.39,1484473.9,2022-12-06 23:59:59.999,66397616.713
2022-12-07,45.39,45.77,43.2,44.19,1704706.8,2022-12-07 23:59:59.999,76210980.971
2022-12-08,44.19,45.48,43.64,45.37,616069.4,2022-12-08 23:59:59.999,27463793.625
2022-12-09,45.37,46.61,44.87,45.27,835784.6,2022-12-09 23:59:59.999,38302858.302
2022-12-10,45.27,46.18,44.94,45.54,334828.7,2022-12-10 23:59:59.999,15242743.484
2022-12-11,45.54,46.09,44.59,44.81,362853.3,2022-12-11 23:59:59.999,16449624.002
2022-12-12,44.81,45.41,43.83,44.79,535515.0,2022-12-12 23:59:59.999,23784147.583
2022-12-13,44.79,45.05,43.59,43.9,530002.7,2022-12-13 23:59:59.999,23475893.786
2022-12-14,43.9,44.14,41.66,42.83,684154.5,2022-12-14 23:59:59.999,29711846.115
2022-12-15,42.84,42.97,41.24,41.99,492822.6,2022-12-15 23:59:59.999,20725936.039
2022-12-16,41.99,42.36,37.0,39.15,828542.8,2022-12-16 23:59:59.999,33155958.919
2022-12-17,39.12,39.35,37.05,39.16,692713.0,2022-12-17 23:59:59.999,26621891.182
2022-12-18,39.17,39.38,38.47,38.88,317726.7,2022-12-18 23:59:59.999,12378592.127
2022-12-19,38.87,39.26,33.98,35.32,944654.6,2022-12-19 23:59:59.999,35054459.952
2022-12-20,35.33,36.16,35.11,35.78,958341.2,2022-12-20 23:59:59.999,34178948.685
2022-12-21,35.78,35.91,33.98,34.47,643461.7,2022-12-21 23:59:59.999,22454023.741
2022-12-22,34.48,35.27,34.05,35.07,523754.6,2022-12-22 23:59:59.999,18140876.612
2022-12-23,35.08,35.35,34.56,34.84,369508.2,2022-12-23 23:59:59.999,12896846.748
2022-12-24,34.84,35.21,34.62,34.64,241209.2,2022-12-24 23:59:59.999,8426877.353
2022-12-25,34.64,34.82,32.73,33.55,872511.5,2022-12-25 23:59:59.999,29310221.266
2022-12-26,33.55,33.88,33.11,33.73,460063.7,2022-12-26 23:59:59.999,15422525.424
2022-12-27,33.74,34.25,33.42,33.94,510153.3,2022-12-27 23:59:59.999,17270401.881
2022-12-28,33.95,34.53,32.73,33.16,755982.1,2022-12-28 23:59:59.999,25354682.215
2022-12-29,33.17,33.54,32.83,33.15,412761.9,2022-12-29 23:59:59.999,13707230.791
2022-12-30,33.15,33.24,32.29,33.0,418849.7,2022-12-30 23:59:59.999,13770506.387
2022-12-31,33.0,33.3,32.6,32.79,322278.3,2022-12-31 23:59:59.999,10635121.661
2023-01-01,32.78,33.05,32.53,32.92,242235.0,2023-01-01 23:59:59.999,7944898.497
2023-01-02,32.92,33.86,32.14,33.38,701369.8,2023-01-02 23:59:59.999,23256791.219
2023-01-03,33.38,33.69,32.6,33.08,569196.5,2023-01-03 23:59:59.999,18875714.835
2023-01-04,33.09,34.55,32.76,34.41,922153.5,2023-01-04 23:59:59.999,30956834.793
2023-01-05,34.4,34.88,34.0,34.42,625371.3,2023-01-05 23:59:59.999,21496363.89
2023-01-06,34.41,34.86,33.6,34.32,691350.1,2023-01-06 23:59:59.999,23684086.89
2023-01-07,34.32,34.56,33.88,34.1,373843.5,2023-01-07 23:59:59.999,12778612.226
2023-01-08,34.09,35.13,33.68,34.98,676089.8,2023-01-08 23:59:59.999,23196865.278
2023-01-09,34.98,37.19,34.57,34.82,1520219.4,2023-01-09 23:59:59.999,54359224.772
2023-01-10,34.82,35.7,34.16,35.41,932835.4,2023-01-10 23:59:59.999,32787494.493
2023-01-11,35.42,36.54,34.52,36.35,686557.3,2023-01-11 23:59:59.999,24258065.24
2023-01-12,36.35,37.97,35.0,37.56,1130194.6,2023-01-12 23:59:59.999,41388624.762
2023-01-13,37.56,39.33,37.13,39.2,842817.9,2023-01-13 23:59:59.999,31995658.28
2023-01-14,39.2,42.84,38.53,40.54,1419420.1,2023-01-14 23:59:59.999,57619193.034
2023-01-15,40.55,41.43,38.8,40.95,733484.0,2023-01-15 23:59:59.999,29478303.428
2023-01-16,40.94,42.21,38.92,40.15,775642.6,2023-01-16 23:59:59.999,31480753.766
2023-01-17,40.16,41.85,39.61,40.87,692652.3,2023-01-17 23:59:59.999,28356402.556
2023-01-18,40.87,43.37,37.2,39.19,1922408.7,2023-01-18 23:59:59.999,78687780.166
2023-01-19,39.19,40.86,38.98,40.69,637073.0,2023-01-19 23:59:59.999,25456284.68
2023-01-20,40.68,42.89,40.19,42.68,824236.6,2023-01-20 23:59:59.999,34155356.624
2023-01-21,42.68,43.86,41.56,42.44,1044246.4,2023-01-21 23:59:59.999,44736470.39
2023-01-22,42.43,44.57,42.16,43.64,802884.6,2023-01-22 23:59:59.999,34864887.739
2023-01-23,43.63,44.78,43.24,43.99,730587.6,2023-01-23 23:59:59.999,32159558.719
2023-01-24,43.98,44.86,41.25,41.74,704431.2,2023-01-24 23:59:59.999,30775577.208
2023-01-25,41.73,43.87,40.5,43.28,743859.9,2023-01-25 23:59:59.999,31307294.644
2023-01-26,43.29,44.59,42.84,43.62,679201.7,2023-01-26 23:59:59.999,29772717.683
2023-01-27,43.65,45.28,42.43,44.74,682645.7,2023-01-27 23:59:59.999,30065302.618
2023-01-28,44.75,45.99,44.07,44.63,437870.2,2023-01-28 23:59:59.999,19643278.866
2023-01-29,44.62,45.51,44.11,45.23,392350.8,2023-01-29 23:59:59.999,17661584.324
2023-01-30,45.23,45.51,41.36,42.14,618389.7,2023-01-30 23:59:59.999,26763756.846
2023-01-31,42.15,43.46,41.87,42.87,408964.9,2023-01-31 23:59:59.999,17489314.251
2023-02-01,42.88,44.47,41.1,44.14,708721.7,2023-02-01 23:59:59.999,30184545.57
2023-02-02,44.15,47.0,43.88,45.05,1131413.4,2023-02-02 23:59:59.999,51404033.095
2023-02-03,45.06,46.3,44.2,45.9,730533.2,2023-02-03 23:59:59.999,33112904.681
2023-02-04,45.91,47.35,45.34,46.56,666223.0,2023-02-04 23:59:59.999,30947461.268
2023-02-05,46.56,47.17,44.32,45.28,705213.2,2023-02-05 23:59:59.999,32221461.391
2023-02-06,45.31,45.76,43.33,43.69,520843.3,2023-02-06 23:59:59.999,23296477.2
2023-02-07,43.7,47.24,43.51,46.91,842120.8,2023-02-07 23:59:59.999,38477593.124
2023-02-08,46.91,48.28,45.16,46.35,709926.9,2023-02-08 23:59:59.999,33241703.459
2023-02-09,46.35,46.54,40.83,42.35,993235.5,2023-02-09 23:59:59.999,43858623.464
2023-02-10,42.35,43.6,41.85,42.6,620958.3,2023-02-10 23:59:59.999,26552380.523
2023-02-11,42.61,44.55,42.32,44.32,377834.3,2023-02-11 23:59:59.999,16460248.081
2023-02-12,44.32,44.92,43.03,43.93,387712.1,2023-02-12 23:59:59.999,17159030.546
2023-02-13,43.94,44.18,40.5,41.66,919513.6,2023-02-13 23:59:59.999,38731115.569
2023-02-14,41.66,44.43,40.63,44.36,964869.0,2023-02-14 23:59:59.999,41061549.273
2023-02-15,44.36,46.55,43.75,46.47,801809.0,2023-02-15 23:59:59.999,36135813.521
2023-02-16,46.47,54.43,45.75,47.35,3509076.5,2023-02-16 23:59:59.999,176619344.492
2023-02-17,47.34,49.95,46.81,49.48,1440179.8,2023-02-17 23:59:59.999,69885786.915
2023-02-18,49.47,53.58,49.47,52.3,1429363.1,2023-02-18 23:59:59.999,74679883.45
2023-02-19,52.3,53.43,49.82,51.13,907950.7,2023-02-19 23:59:59.999,47221096.367
2023-02-20,51.12,53.98,50.17,52.96,1013028.3,2023-02-20 23:59:59.999,53473845.834
2023-02-21,52.95,54.25,50.51,51.72,841137.6,2023-02-21 23:59:59.999,44231465.589
2023-02-22,51.72,51.96,48.15,49.61,703373.3,2023-02-22 23:59:59.999,34768686.968
2023-02-23,49.61,50.84,48.99,50.15,556191.4,2023-02-23 23:59:59.999,27829693.99
2023-02-24,50.16,51.45,47.59,48.86,800260.1,2023-02-24 23:59:59.999,39680762.705
2023-02-25,48.87,49.05,46.4,48.2,584070.1,2023-02-25 23:59:59.999,28002531.172
2023-02-26,48.19,50.05,47.74,49.86,463378.5,2023-02-26 23:59:59.999,22650585.818
2023-02-27,49.86,50.0,47.68,48.7,545049.0,2023-02-27 23:59:59.999,26723039.032
2023-02-28,48.7,50.69,47.61,48.08,1095644.4,2023-02-28 23:59:59.999,53824776.076
2023-03-01,48.08,49.71,47.85,48.5,635933.7,2023-03-01 23:59:59.999,30911799.819
2023-03-02,48.51,48.68,45.5,46.2,679850.8,2023-03-02 23:59:59.999,31755586.986
2023-03-03,46.19,46.2,40.91,43.23,1219018.8,2023-03-03 23:59:59.999,52453986.869
2023-03-04,43.21,43.65,41.63,42.76,417436.3,2023-03-04 23:59:59.999,17887644.678
2023-03-05,42.76,43.88,42.39,43.0,437454.3,2023-03-05 23:59:59.999,18955043.638
2023-03-06,43.0,44.06,42.42,43.88,499045.0,2023-03-06 23:59:59.999,21629678.548
2023-03-07,43.89,44.24,41.26,42.05,634321.8,2023-03-07 23:59:59.999,27019449.606
2023-03-08,42.05,42.18,39.21,39.94,629536.7,2023-03-08 23:59:59.999,25789225.276
2023-03-09,39.94,40.35,36.85,37.86,1024277.5,2023-03-09 23:59:59.999,39661091.827
2023-03-10,37.86,38.67,35.86,38.36,1048588.9,2023-03-10 23:59:59.999,39283892.485
2023-03-11,38.37,39.1,36.31,38.35,811933.7,2023-03-11 23:59:59.999,30457286.132
2023-03-12,38.35,40.93,37.92,40.75,583911.1,2023-03-12 23:59:59.999,22706535.011
2023-03-13,40.75,43.43,40.26,42.75,1033744.6,2023-03-13 23:59:59.999,42982789.574
2023-03-14,42.74,45.09,41.58,43.66,931244.4,2023-03-14 23:59:59.999,40392660.278
2023-03-15,43.66,44.37,39.7,40.53,850959.9,2023-03-15 23:59:59.999,35754640.857
2023-03-16,40.53,41.56,39.83,40.71,659356.4,2023-03-16 23:59:59.999,26916509.767
2023-03-17,40.71,44.01,40.12,43.94,633211.6,2023-03-17 23:59:59.999,26729865.943
2023-03-18,43.93,46.13,42.8,43.14,997494.5,2023-03-18 23:59:59.999,44492048.321
2023-03-19,43.14,44.76,42.46,43.74,535667.0,2023-03-19 23:59:59.999,23421592.242
2023-03-20,43.75,49.37,42.19,48.96,2244710.1,2023-03-20 23:59:59.999,103736541.733
2023-03-21,48.97,49.9,40.45,44.15,3128947.1,2023-03-21 23:59:59.999,137516184.103
2023-03-22,44.15,44.82,40.4,41.88,1359376.8,2023-03-22 23:59:59.999,58261925.364
2023-03-23,41.88,44.14,41.56,43.55,675890.1,2023-03-23 23:59:59.999,28934497.433
2023-03-24,43.55,44.38,41.71,42.4,818706.7,2023-03-24 23:59:59.999,35221578.998
2023-03-25,42.41,42.77,41.45,42.1,343057.3,2023-03-25 23:59:59.999,14481747.268
2023-03-26,42.1,42.98,41.94,42.74,348810.5,2023-03-26 23:59:59.999,14830034.505
2023-03-27,42.75,42.86,40.38,41.14,602696.1,2023-03-27 23:59:59.999,25010495.436
2023-03-28,41.14,42.34,40.6,42.06,511117.9,2023-03-28 23:59:59.999,21107271.589
2023-03-29,42.08,44.52,42.02,43.99,652459.8,2023-03-29 23:59:59.999,28300455.125
2023-03-30,44.0,44.19,41.59,42.14,733676.6,2023-03-30 23:59:59.999,31584050.193
2023-03-31,42.15,42.92,41.44,42.4,349498.5,2023-03-31 23:59:59.999,14804299.26
2023-04-01,42.4,43.16,42.0,42.66,319963.2,2023-04-01 23:59:59.999,13612965.625
2023-04-02,42.65,42.85,40.2,40.88,508790.1,2023-04-02 23:59:59.999,21024992.344
2023-04-03,40.89,41.26,39.4,40.49,627525.2,2023-04-03 23:59:59.999,25364116.303
2023-04-04,40.49,41.56,40.17,41.39,382560.3,2023-04-04 23:59:59.999,15655482.053
2023-04-05,41.38,42.74,41.16,42.36,418584.1,2023-04-05 23:59:59.999,17591192.627
2023-04-06,42.37,42.45,41.0,41.29,403281.5,2023-04-06 23:59:59.999,16761408.11
2023-04-07,41.29,41.67,40.48,40.73,288718.9,2023-04-07 23:59:59.999,11819430.662
2023-04-08,40.74,41.17,40.25,40.29,217433.8,2023-04-08 23:59:59.999,8847106.704
2023-04-09,40.3,40.8,39.75,39.92,310054.5,2023-04-09 23:59:59.999,12463078.222
2023-04-10,39.92,41.78,39.5,40.8,697979.8,2023-04-10 23:59:59.999,28368897.293
2023-04-11,40.79,41.59,40.65,40.85,477187.2,2023-04-11 23:59:59.999,19627013.318
2023-04-12,40.85,41.02,39.55,40.63,515833.2,2023-04-12 23:59:59.999,20810531.787
2023-04-13,40.63,41.85,40.3,41.38,474250.4,2023-04-13 23:59:59.999,19522016.754
2023-04-14,41.38,43.63,41.33,43.03,834012.2,2023-04-14 23:59:59.999,35626174.079
2023-04-15,43.03,44.04,42.21,43.53,576794.3,2023-04-15 23:59:59.999,25020985.844
2023-04-16,43.53,43.79,42.77,43.24,440885.8,2023-04-16 23:59:59.999,19102835.331
2023-04-17,43.25,44.17,41.95,43.61,670655.2,2023-04-17 23:59:59.999,28817775.917
2023-04-18,43.63,44.69,42.0,43.61,1143640.1,2023-04-18 23:59:59.999,49393514.637
2023-04-19,43.61,44.02,38.3,39.9,1105327.0,2023-04-19 23:59:59.999,44996604.01
2023-04-20,39.9,40.29,38.43,39.37,643983.4,2023-04-20 23:59:59.999,25507571.739
2023-04-21,39.38,40.05,37.04,38.28,664564.4,2023-04-21 23:59:59.999,25929401.419
2023-04-22,38.28,39.05,38.08,38.98,252758.8,2023-04-22 23:59:59.999,9752084.545
2023-04-23,38.99,39.4,38.07,38.81,356169.1,2023-04-23 23:59:59.999,13821969.033
2023-04-24,38.81,39.81,38.25,38.62,371148.2,2023-04-24 23:59:59.999,14461606.511
2023-04-25,38.62,38.72,37.19,38.66,422342.3,2023-04-25 23:59:59.999,16013184.834
2023-04-26,38.65,42.93,38.35,41.53,1864407.6,2023-04-26 23:59:59.999,76856426.105
2023-04-27,41.53,48.82,41.45,43.97,13741175.0,2023-04-27 23:59:59.999,627494952.318
2023-04-28,43.97,46.15,43.01,43.23,3735181.4,2023-04-28 23:59:59.999,165022082.773
2023-04-29,43.23,43.29,41.41,41.81,1475926.2,2023-04-29 23:59:59.999,62268617.56
2023-04-30,41.82,42.75,40.78,41.49,1270049.8,2023-04-30 23:59:59.999,52961157.213
2023-05-01,41.49,43.79,41.0,41.67,3713357.7,2023-05-01 23:59:59.999,157598380.385
2023-05-02,41.67,41.68,39.75,40.62,1494207.5,2023-05-02 23:59:59.999,60370428.288
2023-05-03,40.62,41.17,39.0,40.0,1499761.5,2023-05-03 23:59:59.999,59685964.552
2023-05-04,40.01,40.07,39.08,39.2,775815.3,2023-05-04 23:59:59.999,30660972.228
2023-05-05,39.21,40.18,38.76,39.86,1083349.9,2023-05-05 23:59:59.999,42820636.351
2023-05-06,39.86,40.24,38.19,39.38,957266.2,2023-05-06 23:59:59.999,37592995.166
2023-05-07,39.39,39.69,39.09,39.3,561083.5,2023-05-07 23:59:59.999,22135595.093
2023-05-08,39.31,39.54,35.62,37.43,1658819.4,2023-05-08 23:59:59.999,62450129.288
2023-05-09,37.43,38.03,36.9,37.97,499674.6,2023-05-09 23:59:59.999,18733054.692
2023-05-10,37.98,38.54,36.57,37.97,987373.2,2023-05-10 23:59:59.999,37381233.719
2023-05-11,37.98,38.2,36.62,37.23,719771.3,2023-05-11 23:59:59.999,26999690.511
2023-05-12,37.24,37.55,36.0,37.51,754868.7,2023-05-12 23:59:59.999,27654434.999
2023-05-13,37.51,39.09,37.23,38.39,905424.6,2023-05-13 23:59:59.999,34697365.919
2023-05-14,38.38,38.63,37.6,38.36,536486.8,2023-05-14 23:59:59.999,20520621.076
2023-05-15,38.35,39.3,37.89,38.33,561207.2,2023-05-15 23:59:59.999,21706500.057
2023-05-16,38.34,38.47,37.1,37.46,561768.6,2023-05-16 23:59:59.999,21217152.235
2023-05-17,37.47,37.95,36.66,37.79,643110.0,2023-05-17 23:59:59.999,23994055.01
2023-05-18,37.8,37.85,36.4,36.88,532580.5,2023-05-18 23:59:59.999,19871976.404
2023-05-19,36.89,37.11,36.61,36.89,376771.7,2023-05-19 23:59:59.999,13893852.221
2023-05-20,36.89,37.6,36.62,37.18,502847.3,2023-05-20 23:59:59.999,18710035.195
2023-05-21,37.18,37.31,36.21,36.47,407188.3,2023-05-21 23:59:59.999,14951180.406
2023-05-22,36.46,36.82,35.66,36.66,411994.4,2023-05-22 23:59:59.999,14966816.309
2023-05-23,36.66,37.27,36.3,36.56,433533.4,2023-05-23 23:59:59.999,15938139.655
2023-05-24,36.57,36.66,35.25,35.9,575758.2,2023-05-24 23:59:59.999,20736477.862
2023-05-25,35.91,36.12,35.05,35.67,425672.0,2023-05-25 23:59:59.999,15228209.568
2023-05-26,35.66,36.13,35.2,36.01,366018.7,2023-05-26 23:59:59.999,13074840.287
2023-05-27,36.0,36.24,35.75,36.21,214876.1,2023-05-27 23:59:59.999,7735178.158
2023-05-28,36.2,37.38,35.98,36.79,332381.8,2023-05-28 23:59:59.999,12183936.28
2023-05-29,36.8,37.21,36.32,36.82,347402.4,2023-05-29 23:59:59.999,12801272.547
2023-05-30,36.81,37.35,36.56,36.93,343389.8,2023-05-30 23:59:59.999,12686421.064
2023-05-31,36.92,37.26,36.21,36.87,452987.6,2023-05-31 23:59:59.999,16589881.3
2023-06-01,36.87,37.26,36.56,37.0,378788.2,2023-06-01 23:59:59.999,13979486.938
2023-06-02,37.0,37.77,36.54,37.62,360061.5,2023-06-02 23:59:59.999,13458834.791
2023-06-03,37.62,38.35,37.28,38.25,289656.1,2023-06-03 23:59:59.999,10948064.754
2023-06-04,38.25,38.99,37.62,37.72,381918.0,2023-06-04 23:59:59.999,14673459.781
2023-06-05,37.72,38.32,33.47,36.2,922363.6,2023-06-05 23:59:59.999,33483811.327
2023-06-06,36.21,37.18,35.72,36.76,563114.8,2023-06-06 23:59:59.999,20486431.794
2023-06-07,36.77,36.91,34.81,35.27,618763.9,2023-06-07 23:59:59.999,22136523.491
2023-06-08,35.27,35.3,34.4,35.05,350617.4,2023-06-08 23:59:59.999,12250124.378
2023-06-09,35.05,35.23,34.42,34.77,334535.5,2023-06-09 23:59:59.999,11652463.41
2023-06-10,34.77,34.79,27.87,29.93,2337928.2,2023-06-10 23:59:59.999,70045292.128
2023-06-11,29.93,30.49,29.49,30.03,458513.6,2023-06-11 23:59:59.999,13751966.517
2023-06-12,30.03,30.26,29.23,30.11,493825.0,2023-06-12 23:59:59.999,14717957.798
2023-06-13,30.11,31.45,29.96,30.64,631440.1,2023-06-13 23:59:59.999,19411341.341
2023-06-14,30.64,31.08,28.8,29.56,661677.1,2023-06-14 23:59:59.999,19852816.19
2023-06-15,29.56,29.91,28.4,29.4,489830.1,2023-06-15 23:59:59.999,14349892.203
2023-06-16,29.4,31.56,29.22,30.31,1138244.2,2023-06-16 23:59:59.999,34849928.875
2023-06-17,30.3,31.16,30.0,30.92,473613.1,2023-06-17 23:59:59.999,14537246.547
2023-06-18,30.92,30.94,29.91,30.07,400900.8,2023-06-18 23:59:59.999,12213928.513
2023-06-19,30.08,30.9,29.63,30.4,503459.4,2023-06-19 23:59:59.999,15276932.467
2023-06-20,30.4,30.84,29.26,30.82,544261.5,2023-06-20 23:59:59.999,16400223.472
2023-06-21,30.82,32.85,30.72,32.51,773038.6,2023-06-21 23:59:59.999,24696704.107
2023-06-22,32.52,33.7,32.04,32.27,730693.5,2023-06-22 23:59:59.999,24058955.691
2023-06-23,32.28,33.72,32.13,33.4,518348.7,2023-06-23 23:59:59.999,17117811.453
2023-06-24,33.4,33.92,32.6,33.25,431078.9,2023-06-24 23:59:59.999,14373291.866
2023-06-25,33.25,36.73,33.14,34.91,1326490.7,2023-06-25 23:59:59.999,46820712.294
2023-06-26,34.92,35.02,33.15,33.75,666981.0,2023-06-26 23:59:59.999,22719780.081
2023-06-27,33.75,34.39,33.37,34.06,366486.4,2023-06-27 23:59:59.999,12400585.397
2023-06-28,34.06,34.07,31.75,32.54,459848.0,2023-06-28 23:59:59.999,15145587.948
2023-06-29,32.55,34.15,32.22,34.02,442388.6,2023-06-29 23:59:59.999,14768818.665
2023-06-30,34.03,35.32,32.06,34.89,800621.3,2023-06-30 23:59:59.999,27386452.913
2023-07-01,34.89,35.43,34.26,35.41,331596.9,2023-07-01 23:59:59.999,11575124.522
2023-07-02,35.4,35.45,34.1,35.17,303703.3,2023-07-02 23:59:59.999,10584553.968
2023-07-03,35.17,36.27,34.95,36.1,361527.4,2023-07-03 23:59:59.999,12954032.929
2023-07-04,36.1,36.23,35.26,35.81,360702.7,2023-07-04 23:59:59.999,12912266.842
2023-07-05,35.81,36.34,34.11,34.81,473678.1,2023-07-05 23:59:59.999,16660747.018
2023-07-06,34.83,35.49,33.33,33.42,415135.2,2023-07-06 23:59:59.999,14254279.451
2023-07-07,33.4,34.33,33.03,34.23,331202.0,2023-07-07 23:59:59.999,11212291.084
2023-07-08,34.24,34.4,33.17,34.22,226343.4,2023-07-08 23:59:59.999,7675269.544
2023-07-09,34.22,34.68,34.13,34.57,217535.2,2023-07-09 23:59:59.999,7489616.188
2023-07-10,34.57,35.67,33.66,35.12,632645.2,2023-07-10 23:59:59.999,21941246.719
2023-07-11,35.12,35.78,35.01,35.46,314130.9,2023-07-11 23:59:59.999,11122824.113
2023-07-12,35.46,35.89,34.73,35.22,347854.6,2023-07-12 23:59:59.999,12312091.868
2023-07-13,35.23,37.1,34.78,37.03,706692.6,2023-07-13 23:59:59.999,25426232.363
2023-07-14,37.02,38.09,35.05,36.4,830778.0,2023-07-14 23:59:59.999,30541052.104
2023-07-15,36.39,37.36,36.11,36.69,298640.6,2023-07-15 23:59:59.999,10960185.635
2023-07-16,36.69,37.71,35.94,36.96,459413.9,2023-07-16 23:59:59.999,17053755.073
2023-07-17,36.96,38.1,36.2,37.08,865443.6,2023-07-17 23:59:59.999,32238164.873
2023-07-18,37.09,37.24,35.5,36.07,404938.5,2023-07-18 23:59:59.999,14692814.373
2023-07-19,36.07,36.64,35.74,35.83,320468.6,2023-07-19 23:59:59.999,11594158.607
2023-07-20,35.83,36.13,33.55,34.06,1025033.5,2023-07-20 23:59:59.999,35549200.591
2023-07-21,34.05,34.05,33.05,33.39,785257.6,2023-07-21 23:59:59.999,26351331.794
2023-07-22,33.39,33.92,32.69,33.09,434033.3,2023-07-22 23:59:59.999,14553376.645
2023-07-23,33.1,34.34,32.95,33.75,388963.8,2023-07-23 23:59:59.999,13151938.939
2023-07-24,33.75,33.88,30.84,32.36,570494.9,2023-07-24 23:59:59.999,18592135.034
2023-07-25,32.37,32.64,32.02,32.35,305987.2,2023-07-25 23:59:59.999,9883177.123
2023-07-26,32.35,32.96,31.82,32.48,341639.0,2023-07-26 23:59:59.999,11075616.608
2023-07-27,32.47,33.17,32.16,32.48,260714.9,2023-07-27 23:59:59.999,8511537.673
2023-07-28,32.48,32.84,32.27,32.82,188603.0,2023-07-28 23:59:59.999,6142502.15
2023-07-29,32.82,32.99,32.54,32.68,149946.4,2023-07-29 23:59:59.999,4906952.721
2023-07-30,32.68,32.78,31.35,32.18,263609.9,2023-07-30 23:59:59.999,8500120.834
2023-07-31,32.19,32.55,31.58,32.0,235557.3,2023-07-31 23:59:59.999,7558001.977
2023-08-01,32.0,32.24,30.97,32.21,311609.4,2023-08-01 23:59:59.999,9875280.085
2023-08-02,32.21,32.45,31.15,31.32,263522.3,2023-08-02 23:59:59.999,8359606.193
2023-08-03,31.31,31.59,30.88,31.12,184310.9,2023-08-03 23:59:59.999,5762697.769
2023-08-04,31.12,31.49,30.48,31.1,203512.8,2023-08-04 23:59:59.999,6324769.194
2023-08-05,31.11,31.29,30.88,31.11,188201.4,2023-08-05 23:59:59.999,5847395.125
2023-08-06,31.1,31.6,30.87,30.95,180165.1,2023-08-06 23:59:59.999,5614353.767
2023-08-07,30.95,31.36,30.2,30.87,352780.6,2023-08-07 23:59:59.999,10884921.311
2023-08-08,30.88,33.15,30.7,31.56,1924200.7,2023-08-08 23:59:59.999,61861913.571
2023-08-09,31.55,31.85,30.82,31.03,466976.4,2023-08-09 23:59:59.999,14636516.07
2023-08-10,31.03,31.13,30.43,30.56,325678.8,2023-08-10 23:59:59.999,9986916.294
2023-08-11,30.56,30.82,30.23,30.45,264219.6,2023-08-11 23:59:59.999,8074822.239
2023-08-12,30.45,30.6,30.0,30.55,232666.5,2023-08-12 23:59:59.999,7061962.083
2023-08-13,30.56,31.21,30.33,31.03,327242.5,2023-08-13 23:59:59.999,10072656.945
2023-08-14,31.03,31.17,30.65,30.86,286879.9,2023-08-14 23:59:59.999,8875838.171
2023-08-15,30.86,30.98,27.31,29.45,609914.9,2023-08-15 23:59:59.999,18041115.4
2023-08-16,29.44,29.52,27.6,28.61,598824.2,2023-08-16 23:59:59.999,17244341.374
2023-08-17,28.61,29.13,23.87,26.75,912877.5,2023-08-17 23:59:59.999,24851134.087
2023-08-18,26.74,27.7,26.63,27.32,533636.3,2023-08-18 23:59:59.999,14487225.038
2023-08-19,27.31,28.0,27.2,27.83,264573.2,2023-08-19 23:59:59.999,7320805.156
2023-08-20,27.83,27.87,27.34,27.57,158632.4,2023-08-20 23:59:59.999,4381685.327
2023-08-21,27.57,27.59,26.09,26.71,302314.7,2023-08-21 23:59:59.999,8138163.762
2023-08-22,26.72,26.92,25.04,26.19,478818.9,2023-08-22 23:59:59.999,12469348.452
2023-08-23,26.19,26.78,25.69,26.45,520131.3,2023-08-23 23:59:59.999,13676209.933
2023-08-24,26.44,26.52,25.19,25.58,438486.9,2023-08-24 23:59:59.999,11357702.834
2023-08-25,25.59,25.61,24.73,25.34,503026.7,2023-08-25 23:59:59.999,12623968.063
2023-08-26,25.34,25.79,24.95,25.11,288681.0,2023-08-26 23:59:59.999,7289213.725
2023-08-27,25.11,25.44,25.04,25.16,218758.5,2023-08-27 23:59:59.999,5512877.4
2023-08-28,25.15,25.61,24.5,25.52,404011.2,2023-08-28 23:59:59.999,10135356.466
2023-08-29,25.52,26.44,24.8,26.25,725708.5,2023-08-29 23:59:59.999,18711470.592
2023-08-30,26.25,26.54,25.79,26.39,418284.9,2023-08-30 23:59:59.999,10946432.273
2023-08-31,26.38,26.82,25.28,26.14,675922.6,2023-08-31 23:59:59.999,17721464.369
2023-09-01,26.13,26.32,24.71,24.85,526161.0,2023-09-01 23:59:59.999,13418974.395
2023-09-02,24.86,24.95,24.21,24.8,379454.2,2023-09-02 23:59:59.999,9367238.445
2023-09-03,24.8,24.94,24.39,24.85,250592.5,2023-09-03 23:59:59.999,6196216.694
2023-09-04,24.85,25.01,24.51,24.92,364176.6,2023-09-04 23:59:59.999,9053521.399
2023-09-05,24.92,25.41,24.63,25.0,373169.6,2023-09-05 23:59:59.999,9336850.201
2023-09-06,24.99,25.08,23.93,24.57,538429.9,2023-09-06 23:59:59.999,13228742.857
2023-09-07,24.58,24.97,24.41,24.78,317421.3,2023-09-07 23:59:59.999,7822606.111
2023-09-08,24.78,24.98,24.28,24.53,309662.2,2023-09-08 23:59:59.999,7614437.559
2023-09-09,24.53,24.73,24.41,24.44,163862.9,2023-09-09 23:59:59.999,4025752.106
2023-09-10,24.43,24.44,23.03,23.56,593210.0,2023-09-10 23:59:59.999,14077103.509
2023-09-11,23.55,23.62,22.05,22.69,860390.6,2023-09-11 23:59:59.999,19587046.205
2023-09-12,22.69,23.83,22.61,22.87,593576.6,2023-09-12 23:59:59.999,13784490.856
2023-09-13,22.88,23.77,22.8,23.56,570794.6,2023-09-13 23:59:59.999,13300018.692
2023-09-14,23.57,24.71,23.38,24.44,543204.3,2023-09-14 23:59:59.999,13037750.897
2023-09-15,24.44,24.99,24.25,24.79,441192.5,2023-09-15 23:59:59.999,10872925.705
2023-09-16,24.8,26.62,24.76,26.61,1024490.8,2023-09-16 23:59:59.999,26455635.733
2023-09-17,26.6,26.7,24.96,25.36,1362499.8,2023-09-17 23:59:59.999,35245757.355
2023-09-18,25.37,26.33,25.18,25.67,668713.2,2023-09-18 23:59:59.999,17309118.674
2023-09-19,25.68,26.38,25.59,26.12,364460.5,2023-09-19 23:59:59.999,9489542.283
2023-09-20,26.11,26.19,25.14,25.73,417090.9,2023-09-20 23:59:59.999,10699248.95
2023-09-21,25.74,28.76,25.72,26.1,1979071.0,2023-09-21 23:59:59.999,53655419.434
2023-09-22,26.09,26.11,25.21,25.37,552741.1,2023-09-22 23:59:59.999,14107765.689
2023-09-23,25.38,25.51,24.61,25.08,440805.5,2023-09-23 23:59:59.999,11012537.718
2023-09-24,25.09,25.13,24.07,24.2,381270.4,2023-09-24 23:59:59.999,9426356.956
2023-09-25,24.2,24.89,23.85,24.75,394461.3,2023-09-25 23:59:59.999,9666220.67
2023-09-26,24.74,24.95,24.18,24.53,310604.0,2023-09-26 23:59:59.999,7647045.979
2023-09-27,24.53,24.58,23.5,23.65,592993.1,2023-09-27 23:59:59.999,14225832.134
2023-09-28,23.65,24.83,23.61,24.78,676273.7,2023-09-28 23:59:59.999,16465162.721
2023-09-29,24.77,25.21,24.59,25.12,493343.2,2023-09-29 23:59:59.999,12304999.737
2023-09-30,25.11,25.73,25.06,25.35,432219.0,2023-09-30 23:59:59.999,10999401.631
2023-10-01,25.34,26.2,25.15,25.91,588875.6,2023-10-01 23:59:59.999,15137601.701
2023-10-02,25.91,26.06,24.18,24.85,702046.6,2023-10-02 23:59:59.999,17816227.731
2023-10-03,24.85,25.04,24.28,24.43,391237.3,2023-10-03 23:59:59.999,9672477.724
2023-10-04,24.43,24.8,23.6,24.68,464800.7,2023-10-04 23:59:59.999,11286682.377
2023-10-05,24.68,24.76,23.98,24.02,395691.1,2023-10-05 23:59:59.999,9647955.088
2023-10-06,24.02,24.55,23.87,24.24,394052.8,2023-10-06 23:59:59.999,9520236.268
2023-10-07,24.25,24.47,23.95,24.17,194630.1,2023-10-07 23:59:59.999,4715543.957
2023-10-08,24.18,24.65,24.02,24.51,296286.9,2023-10-08 23:59:59.999,7209671.114
2023-10-09,24.5,24.56,22.58,22.82,786183.4,2023-10-09 23:59:59.999,18383901.647
2023-10-10,22.83,23.11,22.61,22.98,592229.0,2023-10-10 23:59:59.999,13542075.289
2023-10-11,22.98,23.04,22.28,22.82,574190.0,2023-10-11 23:59:59.999,13046101.288
2023-10-12,22.83,23.25,22.61,23.17,484458.3,2023-10-12 23:59:59.999,11153436.039
2023-10-13,23.16,23.88,23.1,23.44,363035.2,2023-10-13 23:59:59.999,8516083.799
2023-10-14,23.44,24.1,23.41,23.96,315758.7,2023-10-14 23:59:59.999,7554497.088
2023-10-15,23.95,24.87,23.76,24.49,745824.8,2023-10-15 23:59:59.999,18069524.637
2023-10-16,24.5,28.14,24.49,25.31,3569313.0,2023-10-16 23:59:59.999,92299645.28
2023-10-17,25.31,25.34,23.77,24.29,913084.1,2023-10-17 23:59:59.999,22353413.566
2023-10-18,24.29,24.49,23.67,24.48,584032.0,2023-10-18 23:59:59.999,14026101.211
2023-10-19,24.47,24.93,23.25,23.44,1258194.1,2023-10-19 23:59:59.999,30200412.496
2023-10-20,23.44,26.21,23.22,24.86,2733796.5,2023-10-20 23:59:59.999,68483970.356
2023-10-21,24.87,26.54,24.31,25.91,1826167.7,2023-10-21 23:59:59.999,46508977.596
2023-10-22,25.9,26.9,25.32,26.89,1118963.9,2023-10-22 23:59:59.999,29049751.756
2023-10-23,26.88,29.37,26.34,29.34,2114367.2,2023-10-23 23:59:59.999,58432066.567
2023-10-24,29.34,30.01,27.76,28.84,1964522.7,2023-10-24 23:59:59.999,57051639.122
2023-10-25,28.83,29.67,28.2,29.05,958782.8,2023-10-25 23:59:59.999,27750441.911
2023-10-26,29.05,30.32,27.84,29.12,1176151.8,2023-10-26 23:59:59.999,34273732.115
2023-10-27,29.11,29.45,28.17,28.68,588657.1,2023-10-27 23:59:59.999,16936982.763
2023-10-28,28.67,29.55,28.65,29.04,346904.4,2023-10-28 23:59:59.999,10136269.711
2023-10-29,29.05,30.29,28.51,30.15,438154.9,2023-10-29 23:59:59.999,12911830.764
2023-10-30,30.14,30.97,29.81,30.91,709072.5,2023-10-30 23:59:59.999,21572183.182
2023-10-31,30.91,31.43,28.82,30.05,770259.6,2023-10-31 23:59:59.999,23229143.386
2023-11-01,30.04,32.5,29.58,32.33,982854.6,2023-11-01 23:59:59.999,30317171.607
2023-11-02,32.34,34.34,31.62,33.02,1438506.0,2023-11-02 23:59:59.999,46845859.591
2023-11-03,33.03,33.08,31.6,32.85,877837.5,2023-11-03 23:59:59.999,28506582.036
2023-11-04,32.86,34.88,32.76,34.78,976560.0,2023-11-04 23:59:59.999,33139404.648
2023-11-05,34.78,52.66,34.76,48.03,22654471.1,2023-11-05 23:59:59.999,1048934366.343
2023-11-06,48.03,48.5,43.52,44.82,5348696.8,2023-11-06 23:59:59.999,241585173.508
2023-11-07,44.81,44.82,41.16,42.92,3165129.8,2023-11-07 23:59:59.999,134400799.224
2023-11-08,42.91,43.21,41.33,42.94,1423675.1,2023-11-08 23:59:59.999,59982349.055
2023-11-09,42.95,44.05,38.19,41.82,2741309.3,2023-11-09 23:59:59.999,114642989.027
2023-11-10,41.81,47.09,40.24,46.39,2521585.6,2023-11-10 23:59:59.999,127449723.869
2023-11-11,46.39,46.5,42.68,43.83,1523968.3,2023-11-11 23:59:59.999,66991732.524
2023-11-12,43.83,45.17,41.32,45.0,1345782.5,2023-11-12 23:59:59.999,58344985.822
2023-11-13,45.01,46.26,42.64,43.95,1791663.4,2023-11-13 23:59:59.999,80136999.853
2023-11-14,43.96,46.13,42.17,45.23,1859127.6,2023-11-14 23:59:59.999,83220359.625
2023-11-15,45.23,47.94,44.65,47.08,1418301.2,2023-11-15 23:59:59.999,66047823.673
2023-11-16,47.08,49.11,42.11,43.36,1656283.2,2023-11-16 23:59:59.999,75327253.951
2023-11-17,43.37,46.05,43.34,45.51,1734182.0,2023-11-17 23:59:59.999,77626921.12
2023-11-18,45.52,45.54,41.13,43.39,937105.7,2023-11-18 23:59:59.999,40274967.757
2023-11-19,43.39,46.46,42.22,46.38,1050279.1,2023-11-19 23:59:59.999,47030233.743
2023-11-20,46.37,46.62,43.79,44.48,884654.4,2023-11-20 23:59:59.999,40185859.52
2023-11-21,44.48,44.89,39.51,39.82,1087881.3,2023-11-21 23:59:59.999,46059059.268
2023-11-22,39.82,44.01,39.64,43.48,825228.5,2023-11-22 23:59:59.999,34996403.8
2023-11-23,43.47,44.53,43.17,44.03,542349.7,2023-11-23 23:59:59.999,23783655.918
2023-11-24,44.03,47.48,43.77,47.24,1468440.2,2023-11-24 23:59:59.999,67611357.154
2023-11-25,47.24,47.54,45.3,46.73,798539.4,2023-11-25 23:59:59.999,37059662.919
2023-11-26,46.72,46.74,44.05,45.24,592974.8,2023-11-26 23:59:59.999,26915289.892
2023-11-27,45.25,45.47,43.21,44.0,568938.4,2023-11-27 23:59:59.999,25067907.596
2023-11-28,44.01,44.2,42.29,43.93,507953.3,2023-11-28 23:59:59.999,22042163.13
2023-11-29,43.93,44.65,42.9,43.53,458611.6,2023-11-29 23:59:59.999,20036768.852
2023-11-30,43.53,43.92,42.71,43.49,311146.6,2023-11-30 23:59:59.999,13477026.05
2023-12-01,43.49,45.81,43.01,45.43,668908.2,2023-12-01 23:59:59.999,29808639.155
2023-12-02,45.43,46.59,45.16,46.48,539173.3,2023-12-02 23:59:59.999,24742586.582
2023-12-03,46.48,53.25,45.89,49.62,3168978.2,2023-12-03 23:59:59.999,156797306.393
2023-12-04,49.62,53.79,47.45,52.26,2979698.6,2023-12-04 23:59:59.999,152046186.73
2023-12-05,52.25,52.32,48.5,50.45,1442258.1,2023-12-05 23:59:59.999,72389765.826
2023-12-06,50.45,51.99,47.78,48.55,1211900.9,2023-12-06 23:59:59.999,59746510.111
2023-12-07,48.55,50.27,47.43,50.05,871852.4,2023-12-07 23:59:59.999,42594423.723
2023-12-08,50.06,52.69,49.2,52.37,875068.4,2023-12-08 23:59:59.999,44548289.449
2023-12-09,52.38,61.16,51.86,60.22,2258010.5,2023-12-09 23:59:59.999,125890870.844
2023-12-10,60.19,68.36,58.32,64.64,7237660.8,2023-12-10 23:59:59.999,466051577.754
2023-12-11,64.64,67.25,58.3,63.81,5323845.3,2023-12-11 23:59:59.999,341111489.974
2023-12-12,63.81,69.63,60.69,62.04,3120628.8,2023-12-12 23:59:59.999,202601964.174
2023-12-13,62.03,63.1,57.17,62.56,1987619.6,2023-12-13 23:59:59.999,118835592.916
2023-12-14,62.56,62.67,57.76,61.22,1133299.5,2023-12-14 23:59:59.999,68802808.013
2023-12-15,61.23,61.37,57.78,57.96,753572.9,2023-12-15 23:59:59.999,44873395.131
2023-12-16,57.98,63.24,56.99,61.03,1168256.0,2023-12-16 23:59:59.999,71280308.348
2023-12-17,61.03,65.36,60.68,61.21,1527407.1,2023-12-17 23:59:59.999,96502941.074
2023-12-18,61.21,61.8,54.25,59.74,1287079.8,2023-12-18 23:59:59.999,74144144.934
2023-12-19,59.74,60.24,56.67,57.99,731926.8,2023-12-19 23:59:59.999,42754349.09
2023-12-20,58.0,63.36,56.78,63.12,1020370.3,2023-12-20 23:59:59.999,61954051.081
2023-12-21,63.12,64.89,61.38,62.18,1025818.2,2023-12-21 23:59:59.999,64550065.718
2023-12-22,62.18,62.79,59.27,62.04,842389.8,2023-12-22 23:59:59.999,51388209.7
2023-12-23,62.04,66.51,60.52,65.63,1201782.0,2023-12-23 23:59:59.999,76264330.808
2023-12-24,65.63,75.21,64.83,72.74,3178799.4,2023-12-24 23:59:59.999,226821514.686
2023-12-25,72.74,78.11,71.88,72.86,2004834.0,2023-12-25 23:59:59.999,149264793.397
2023-12-26,72.86,73.69,65.9,71.35,1499313.5,2023-12-26 23:59:59.999,105673160.73
2023-12-27,71.34,74.52,69.7,70.8,1230937.0,2023-12-27 23:59:59.999,88444892.381
2023-12-28,70.8,71.52,66.76,69.58,992770.2,2023-12-28 23:59:59.999,68441972.009
2023-12-29,69.58,72.2,67.15,71.64,1186375.2,2023-12-29 23:59:59.999,83325431.383
2023-12-30,71.63,71.78,67.28,68.72,591630.7,2023-12-30 23:59:59.999,41018813.809
2023-12-31,68.72,70.85,66.83,68.01,661412.1,2023-12-31 23:59:59.999,45777158.665
2024-01-01,68.02,71.94,66.7,71.48,734399.5,2024-01-01 23:59:59.999,51353344.832
2024-01-02,71.49,73.07,68.48,69.08,785274.2,2024-01-02 23:59:59.999,55463195.833
2024-01-03,69.09,71.09,49.42,59.75,2056417.6,2024-01-03 23:59:59.999,125799227.854
2024-01-04,59.75,60.84,56.06,60.13,1126584.2,2024-01-04 23:59:59.999,65931524.169
2024-01-05,60.12,60.42,54.72,57.11,953601.9,2024-01-05 23:59:59.999,54450819.874
2024-01-06,57.12,57.21,51.87,54.56,713564.7,2024-01-06 23:59:59.999,38516268.256
2024-01-07,54.55,56.08,50.93,51.65,794290.4,2024-01-07 23:59:59.999,42760526.693
2024-01-08,51.66,55.98,46.61,55.53,1363967.4,2024-01-08 23:59:59.999,70507564.793
2024-01-09,55.52,55.75,51.1,52.98,1089461.6,2024-01-09 23:59:59.999,57684648.177
2024-01-10,52.99,58.58,50.14,56.71,1061504.3,2024-01-10 23:59:59.999,56527894.101
2024-01-11,56.71,59.97,55.57,57.65,1003282.0,2024-01-11 23:59:59.999,57970770.62
2024-01-12,57.65,58.59,51.78,53.86,811665.8,2024-01-12 23:59:59.999,45289797.559
2024-01-13,53.86,54.86,52.08,54.49,350381.6,2024-01-13 23:59:59.999,18901427.73
2024-01-14,54.48,55.7,52.17,52.38,376799.6,2024-01-14 23:59:59.999,20344049.703
2024-01-15,52.38,54.82,52.25,53.23,359331.5,2024-01-15 23:59:59.999,19283258.665
2024-01-16,53.22,56.83,53.22,55.44,1036301.2,2024-01-16 23:59:59.999,57232058.922
2024-01-17,55.42,57.65,53.65,54.79,908167.9,2024-01-17 23:59:59.999,50426635.702
2024-01-18,54.8,54.84,50.25,51.52,571127.3,2024-01-18 23:59:59.999,29929339.691
2024-01-19,51.53,52.27,47.76,50.85,561544.8,2024-01-19 23:59:59.999,28068296.221
2024-01-20,50.86,53.5,50.26,52.6,642051.4,2024-01-20 23:59:59.999,33351087.984
2024-01-21,52.6,53.05,51.38,51.51,293014.4,2024-01-21 23:59:59.999,15355989.941
2024-01-22,51.52,52.56,48.67,49.74,728182.9,2024-01-22 23:59:59.999,37024074.143
2024-01-23,49.75,51.21,46.17,48.79,673107.0,2024-01-23 23:59:59.999,32342661.908
2024-01-24,48.79,51.13,48.43,49.84,447818.0,2024-01-24 23:59:59.999,22275812.242
2024-01-25,49.85,49.9,47.59,49.05,326181.1,2024-01-25 23:59:59.999,15926889.408
2024-01-26,49.05,52.13,48.47,51.85,345265.3,2024-01-26 23:59:59.999,17461988.853
2024-01-27,51.85,53.91,51.1,53.62,330433.2,2024-01-27 23:59:59.999,17364233.683
2024-01-28,53.62,54.36,52.09,53.09,495019.4,2024-01-28 23:59:59.999,26354204.284
2024-01-29,53.09,56.1,52.56,55.84,508239.6,2024-01-29 23:59:59.999,27605650.066
2024-01-30,55.84,59.14,55.12,57.09,779908.8,2024-01-30 23:59:59.999,44694191.456
2024-01-31,57.1,57.37,52.25,53.18,857819.0,2024-01-31 23:59:59.999,47262337.057
2024-02-01,53.18,53.64,51.43,53.5,568237.0,2024-02-01 23:59:59.999,29750795.299
2024-02-02,53.49,57.13,53.2,55.39,719071.8,2024-02-02 23:59:59.999,40130351.731
2024-02-03,55.39,55.81,53.85,54.08,246607.1,2024-02-03 23:59:59.999,13498335.266
2024-02-04,54.08,54.4,52.74,53.49,288295.9,2024-02-04 23:59:59.999,15458359.513
2024-02-05,53.48,54.43,52.37,53.34,246109.5,2024-02-05 23:59:59.999,13130658.934
2024-02-06,53.33,53.88,48.06,52.53,386332.8,2024-02-06 23:59:59.999,20407173.71
2024-02-07,52.53,53.62,50.91,53.5,314058.7,2024-02-07 23:59:59.999,16320345.029
2024-02-08,53.49,55.92,52.76,53.93,681622.8,2024-02-08 23:59:59.999,36938837.847
2024-02-09,53.92,55.48,53.78,55.34,350822.8,2024-02-09 23:59:59.999,19170390.657
2024-02-10,55.34,57.93,54.97,56.91,534895.6,2024-02-10 23:59:59.999,30345764.731
2024-02-11,56.92,57.16,55.0,55.77,288651.4,2024-02-11 23:59:59.999,16182572.046
2024-02-12,55.78,59.05,55.08,57.92,676249.1,2024-02-12 23:59:59.999,38596506.932
2024-02-13,57.92,61.14,57.62,59.24,943896.4,2024-02-13 23:59:59.999,55958807.415
2024-02-14,59.26,61.0,58.06,60.86,451613.2,2024-02-14 23:59:59.999,26973528.096
2024-02-15,60.85,61.3,58.63,60.92,594603.2,2024-02-15 23:59:59.999,35820319.338
2024-02-16,60.92,62.84,57.94,59.36,620916.4,2024-02-16 23:59:59.999,37500897.114
2024-02-17,59.37,59.38,56.03,57.99,444015.3,2024-02-17 23:59:59.999,25546962.707
2024-02-18,57.99,60.08,57.29,59.57,329235.4,2024-02-18 23:59:59.999,19297662.504
2024-02-19,59.57,61.81,59.1,60.95,546843.7,2024-02-19 23:59:59.999,33189376.352
2024-02-20,60.95,61.99,57.26,60.15,823945.8,2024-02-20 23:59:59.999,49374086.898
2024-02-21,60.16,60.2,55.29,57.63,660255.8,2024-02-21 23:59:59.999,37805638.4
2024-02-22,57.63,59.08,56.25,57.47,403475.9,2024-02-22 23:59:59.999,23381357.858
2024-02-23,57.48,58.31,55.26,56.27,447297.5,2024-02-23 23:59:59.999,25338645.691
2024-02-24,56.27,58.74,55.07,58.4,300773.5,2024-02-24 23:59:59.999,17233918.589
2024-02-25,58.39,58.57,56.8,57.75,252163.9,2024-02-25 23:59:59.999,14503687.254
2024-02-26,57.75,60.8,57.0,60.56,543080.4,2024-02-26 23:59:59.999,31988682.487
2024-02-27,60.56,62.36,58.35,60.26,729228.7,2024-02-27 23:59:59.999,43988678.856
2024-02-28,60.26,62.93,54.95,59.86,1245160.4,2024-02-28 23:59:59.999,74702364.849
2024-02-29,59.86,63.84,58.54,60.23,1022621.8,2024-02-29 23:59:59.999,62909013.919
2024-03-01,60.23,63.57,60.14,63.26,547318.5,2024-03-01 23:59:59.999,33904434.803
2024-03-02,63.26,66.6,63.1,66.28,733908.3,2024-03-02 23:59:59.999,47431193.205
2024-03-03,66.29,73.45,62.5,71.64,1940901.8,2024-03-03 23:59:59.999,135799587.089
2024-03-04,71.63,71.77,66.21,68.52,1034046.6,2024-03-04 23:59:59.999,71172586.505
2024-03-05,68.52,68.7,51.51,61.13,1597464.6,2024-03-05 23:59:59.999,101548810.435
2024-03-06,61.13,64.71,58.78,64.59,765356.6,2024-03-06 23:59:59.999,47531935.311
2024-03-07,64.59,67.93,64.53,67.51,922293.1,2024-03-07 23:59:59.999,61134798.326
2024-03-08,67.52,68.24,63.23,67.52,846471.3,2024-03-08 23:59:59.999,56254211.011
2024-03-09,67.54,69.9,66.19,68.52,526058.8,2024-03-09 23:59:59.999,35911045.672
2024-03-10,68.52,69.96,65.22,67.25,569369.1,2024-03-10 23:59:59.999,38509797.51
2024-03-11,67.25,71.79,62.81,70.54,950707.3,2024-03-11 23:59:59.999,64977109.472
2024-03-12,70.55,72.82,65.62,72.63,1372095.6,2024-03-12 23:59:59.999,96210304.741
2024-03-13,72.63,78.06,71.25,73.66,1229966.2,2024-03-13 23:59:59.999,91106007.069
2024-03-14,73.67,75.42,67.34,75.4,1291167.2,2024-03-14 23:59:59.999,92991292.887
2024-03-15,75.4,76.65,64.5,69.36,2094600.9,2024-03-15 23:59:59.999,144745436.635
2024-03-16,69.36,70.75,60.91,62.52,1129822.4,2024-03-16 23:59:59.999,74432404.989
2024-03-17,62.52,65.15,58.57,64.76,713997.8,2024-03-17 23:59:59.999,44481055.333
2024-03-18,64.75,65.16,59.42,60.55,637647.0,2024-03-18 23:59:59.999,39604263.971
2024-03-19,60.55,61.15,53.87,55.06,1329752.3,2024-03-19 23:59:59.999,75292445.172
2024-03-20,55.05,61.42,53.84,61.09,870517.6,2024-03-20 23:59:59.999,49934904.15
2024-03-21,61.09,62.34,59.13,60.31,531632.5,2024-03-21 23:59:59.999,32364659.786
2024-03-22,60.31,61.53,56.92,58.95,535561.5,2024-03-22 23:59:59.999,31546199.487
2024-03-23,58.95,61.21,58.15,59.61,286137.1,2024-03-23 23:59:59.999,17181868.669
2024-03-24,59.6,62.44,59.01,62.11,295572.1,2024-03-24 23:59:59.999,17883867.804
2024-03-25,62.12,64.45,61.51,63.46,359575.9,2024-03-25 23:59:59.999,22667927.501
2024-03-26,63.47,64.91,61.94,63.58,501893.6,2024-03-26 23:59:59.999,31835231.733
2024-03-27,63.58,64.02,59.8,61.04,558446.7,2024-03-27 23:59:59.999,34412445.541
2024-03-28,61.05,61.83,59.41,61.28,326771.5,2024-03-28 23:59:59.999,19910985.919
2024-03-29,61.28,62.21,59.38,60.99,412883.1,2024-03-29 23:59:59.999,25050302.56
2024-03-30,60.98,61.39,58.67,59.06,235069.1,2024-03-30 23:59:59.999,14132570.465
2024-03-31,59.07,60.66,58.8,60.3,192728.4,2024-03-31 23:59:59.999,11563356.897
2024-04-01,60.29,60.58,55.73,57.66,582385.5,2024-04-01 23:59:59.999,33546611.43
2024-04-02,57.66,57.66,52.26,53.7,736194.5,2024-04-02 23:59:59.999,39766322.764
2024-04-03,53.7,55.78,51.88,53.64,490473.0,2024-04-03 23:59:59.999,26607980.574
2024-04-04,53.65,55.96,52.75,54.76,339614.1,2024-04-04 23:59:59.999,18544181.725
2024-04-05,54.77,54.86,51.72,53.65,383259.2,2024-04-05 23:59:59.999,20378826.737
2024-04-06,53.65,55.05,53.46,54.67,174868.1,2024-04-06 23:59:59.999,9500747.166
2024-04-07,54.67,55.23,53.48,54.23,214602.4,2024-04-07 23:59:59.999,11712849.667
2024-04-08,54.22,57.2,53.13,56.9,319451.4,2024-04-08 23:59:59.999,17756247.758
2024-04-09,56.9,57.21,53.52,53.77,399076.2,2024-04-09 23:59:59.999,22083192.581
2024-04-10,53.77,54.13,50.82,52.9,469161.7,2024-04-10 23:59:59.999,24685593.12
2024-04-11,52.9,53.8,51.03,51.9,295009.0,2024-04-11 23:59:59.999,15420977.714
2024-04-12,51.9,52.3,37.2,43.44,1274238.7,2024-04-12 23:59:59.999,57881181.543
2024-04-13,43.44,43.6,31.7,37.75,2170652.6,2024-04-13 23:59:59.999,83705258.981
2024-04-14,37.75,41.65,36.3,41.17,1299789.2,2024-04-14 23:59:59.999,50432101.983
2024-04-15,41.17,43.33,38.55,39.76,872700.2,2024-04-15 23:59:59.999,35855206.464
2024-04-16,39.76,40.88,38.07,40.3,771282.8,2024-04-16 23:59:59.999,30321627.657
2024-04-17,40.29,41.09,38.16,39.57,602624.9,2024-04-17 23:59:59.999,23966139.306
2024-04-18,39.57,41.18,38.62,40.73,625294.3,2024-04-18 23:59:59.999,25113600.395
2024-04-19,40.73,41.7,37.25,40.95,790938.3,2024-04-19 23:59:59.999,31814044.47
2024-04-20,40.95,45.37,40.33,44.41,476757.9,2024-04-20 23:59:59.999,20518511.458
2024-04-21,44.4,44.69,42.62,43.29,403303.5,2024-04-21 23:59:59.999,17588335.299
2024-04-22,43.29,45.33,43.21,44.98,375881.9,2024-04-22 23:59:59.999,16710165.459
2024-04-23,44.98,45.44,43.69,43.91,346553.5,2024-04-23 23:59:59.999,15427385.776
2024-04-24,43.91,45.38,41.06,41.58,625201.9,2024-04-24 23:59:59.999,27031824.766
2024-04-25,41.58,43.4,40.66,42.83,484727.4,2024-04-25 23:59:59.999,20247749.128
2024-04-26,42.83,43.29,41.68,41.98,371451.9,2024-04-26 23:59:59.999,15783915.743
2024-04-27,41.98,42.79,40.69,41.39,474470.9,2024-04-27 23:59:59.999,19747474.116
2024-04-28,41.39,42.18,40.26,40.47,266865.8,2024-04-28 23:59:59.999,11079007.683
2024-04-29,40.47,40.84,39.17,40.04,490585.1,2024-04-29 23:59:59.999,19579699.277
2024-04-30,40.04,40.51,36.55,38.36,713979.1,2024-04-30 23:59:59.999,27105477.922
2024-05-01,38.35,39.04,35.26,38.68,898141.3,2024-05-01 23:59:59.999,33544419.636
2024-05-02,38.69,40.1,37.41,39.67,391159.8,2024-05-02 23:59:59.999,15201861.062
2024-05-03,39.68,41.86,39.12,41.47,368339.6,2024-05-03 23:59:59.999,14947454.742
2024-05-04,41.47,41.95,40.68,41.38,238438.0,2024-05-04 23:59:59.999,9851323.128
2024-05-05,41.38,42.58,40.41,41.61,326785.8,2024-05-05 23:59:59.999,13523113.8
2024-05-06,41.61,43.5,39.74,39.85,845930.4,2024-05-06 23:59:59.999,35437073.402
2024-05-07,39.86,40.77,39.04,39.24,486165.7,2024-05-07 23:59:59.999,19408442.75
2024-05-08,39.24,41.21,38.85,40.05,653788.9,2024-05-08 23:59:59.999,26044891.711
2024-05-09,40.05,41.0,39.03,40.78,412845.7,2024-05-09 23:59:59.999,16503093.986
2024-05-10,40.78,41.79,39.23,39.63,545658.8,2024-05-10 23:59:59.999,22085907.744
2024-05-11,39.63,40.26,39.15,39.27,311568.5,2024-05-11 23:59:59.999,12396775.567
2024-05-12,39.27,39.91,38.21,38.54,275970.7,2024-05-12 23:59:59.999,10785744.437
2024-05-13,38.54,39.49,37.1,38.54,439622.6,2024-05-13 23:59:59.999,16870191.771
2024-05-14,38.54,38.79,37.04,37.55,398994.0,2024-05-14 23:59:59.999,15146488.496
2024-05-15,37.55,40.4,37.2,40.26,422587.3,2024-05-15 23:59:59.999,16413993.219
2024-05-16,40.27,41.12,39.49,39.98,318129.9,2024-05-16 23:59:59.999,12822090.414
2024-05-17,39.98,40.94,39.56,40.55,256424.7,2024-05-17 23:59:59.999,10346605.325
2024-05-18,40.56,40.91,40.09,40.37,222576.8,2024-05-18 23:59:59.999,9023934.262
2024-05-19,40.38,40.59,37.78,37.96,321149.6,2024-05-19 23:59:59.999,12543045.261
2024-05-20,37.96,41.22,37.19,41.12,654692.3,2024-05-20 23:59:59.999,25575147.752
2024-05-21,41.13,42.92,40.67,40.9,629274.3,2024-05-21 23:59:59.999,26286846.176
2024-05-22,40.91,41.01,38.87,39.17,515178.9,2024-05-22 23:59:59.999,20466273.001
2024-05-23,39.18,39.88,36.76,38.44,773975.8,2024-05-23 23:59:59.999,29796962.476
2024-05-24,38.45,38.89,37.33,38.86,432923.3,2024-05-24 23:59:59.999,16549311.091
2024-05-25,38.86,39.72,38.76,39.49,289484.8,2024-05-25 23:59:59.999,11371169.616
2024-05-26,39.5,40.52,38.59,39.02,580384.8,2024-05-26 23:59:59.999,22801465.001
2024-05-27,39.02,40.5,38.71,39.93,428588.7,2024-05-27 23:59:59.999,16979082.04
2024-05-28,39.93,40.2,38.68,39.93,510150.7,2024-05-28 23:59:59.999,20095089.804
2024-05-29,39.93,41.41,39.55,39.7,470272.3,2024-05-29 23:59:59.999,19046871.153
2024-05-30,39.71,40.48,38.32,39.02,406035.7,2024-05-30 23:59:59.999,15993662.145
2024-05-31,39.03,39.66,38.13,38.88,326165.7,2024-05-31 23:59:59.999,12675261.393
2024-06-01,38.89,39.03,38.47,38.69,149837.1,2024-06-01 23:59:59.999,5798710.128
2024-06-02,38.69,39.21,37.65,38.0,310431.4,2024-06-02 23:59:59.999,11947702.295
2024-06-03,37.99,39.47,37.78,38.68,349823.7,2024-06-03 23:59:59.999,13530945.765
2024-06-04,38.67,39.76,38.51,39.25,285467.2,2024-06-04 23:59:59.999,11163983.95
2024-06-05,39.26,40.46,39.13,40.22,317847.4,2024-06-05 23:59:59.999,12640848.271
2024-06-06,40.23,40.26,38.8,39.01,296196.1,2024-06-06 23:59:59.999,11721594.048
2024-06-07,39.01,40.12,33.2,36.0,914204.1,2024-06-07 23:59:59.999,33802752.931
2024-06-08,36.0,36.19,34.33,34.56,414852.8,2024-06-08 23:59:59.999,14585892.279
2024-06-09,34.57,35.83,34.16,35.56,259652.0,2024-06-09 23:59:59.999,9091801.786
2024-06-10,35.56,36.03,34.66,34.94,326044.8,2024-06-10 23:59:59.999,11531758.143
2024-06-11,34.93,35.19,32.15,33.36,478195.7,2024-06-11 23:59:59.999,16085034.992
2024-06-12,33.35,35.85,32.73,34.84,422791.8,2024-06-12 23:59:59.999,14662796.864
2024-06-13,34.83,34.94,32.71,33.13,314730.0,2024-06-13 23:59:59.999,10605666.997
2024-06-14,33.13,34.27,31.37,32.54,431427.6,2024-06-14 23:59:59.999,14195632.011
2024-06-15,32.55,33.39,32.46,33.23,181483.8,2024-06-15 23:59:59.999,5976446.056
2024-06-16,33.23,33.57,32.68,33.36,170670.1,2024-06-16 23:59:59.999,5661853.9
2024-06-17,33.35,33.66,30.02,31.07,525642.3,2024-06-17 23:59:59.999,16636385.142
2024-06-18,31.08,31.26,26.15,29.21,940167.2,2024-06-18 23:59:59.999,26913043.181
2024-06-19,29.21,30.52,28.88,29.45,299742.2,2024-06-19 23:59:59.999,8912934.916
2024-06-20,29.45,30.77,28.75,29.06,367193.2,2024-06-20 23:59:59.999,10887595.307
2024-06-21,29.07,29.65,28.138,28.691,466190.9,2024-06-21 23:59:59.999,13452150.7132
2024-06-22,28.692,28.905,28.079,28.623,189231.4,2024-06-22 23:59:59.999,5391402.9997
2024-06-23,28.623,29.304,27.661,28.244,234968.3,2024-06-23 23:59:59.999,6711552.3682
2024-06-24,28.244,29.219,26.31,29.119,483868.0,2024-06-24 23:59:59.999,13542645.9001
2024-06-25,29.12,30.72,28.87,29.733,453609.0,2024-06-25 23:59:59.999,13610296.3171
2024-06-26,29.732,30.28,28.951,29.461,223999.0,2024-06-26 23:59:59.999,6629247.7905
2024-06-27,29.462,30.249,28.932,29.999,231002.9,2024-06-27 23:59:59.999,6850834.0059
2024-06-28,29.995,30.211,29.017,29.058,196521.3,2024-06-28 23:59:59.999,5832481.3391
2024-06-29,29.059,29.589,28.365,28.415,152021.4,2024-06-29 23:59:59.999,4418015.1377
2024-06-30,28.415,29.915,27.821,29.645,273688.7,2024-06-30 23:59:59.999,7845999.4166
2024-07-01,29.652,31.967,29.524,30.774,1159613.2,2024-07-01 23:59:59.999,35968532.6341
2024-07-02,30.777,32.598,30.642,32.027,1184739.6,2024-07-02 23:59:59.999,37836956.2525
2024-07-03,32.029,32.251,30.448,31.012,671814.8,2024-07-03 23:59:59.999,21066977.19
2024-07-04,31.017,32.285,28.736,31.129,1064902.5,2024-07-04 23:59:59.999,32605014.6078
2024-07-05,31.129,33.543,27.213,33.15,2709376.0,2024-07-05 23:59:59.999,83357019.5249
2024-07-06,33.144,35.089,32.642,34.531,1229653.9,2024-07-06 23:59:59.999,41620799.9277
2024-07-07,34.525,34.898,32.352,32.835,811194.3,2024-07-07 23:59:59.999,27227893.719
2024-07-08,32.828,35.354,31.618,35.256,1235791.9,2024-07-08 23:59:59.999,41601101.2432
2024-07-09,35.255,37.697,35.012,36.836,1261627.2,2024-07-09 23:59:59.999,46172626.7616
2024-07-10,36.832,37.5,36.21,36.818,602098.2,2024-07-10 23:59:59.999,22175056.5982
2024-07-11,36.817,37.087,35.461,35.95,587467.0,2024-07-11 23:59:59.999,21278190.9275
2024-07-12,35.951,36.386,35.013,35.633,417170.4,2024-07-12 23:59:59.999,14870488.4815
2024-07-13,35.632,36.664,34.943,35.456,375103.3,2024-07-13 23:59:59.999,13343210.8913
2024-07-14,35.457,36.154,35.15,35.553,259318.7,2024-07-14 23:59:59.999,9223982.496
2024-07-15,35.541,37.11,35.205,36.946,476127.3,2024-07-15 23:59:59.999,17079172.2683
2024-07-16,36.947,37.464,34.204,36.443,839374.2,2024-07-16 23:59:59.999,30129173.1082
2024-07-17,36.445,37.87,36.141,36.818,472719.9,2024-07-17 23:59:59.999,17474620.9361
2024-07-18,36.822,38.444,36.08,36.235,418072.5,2024-07-18 23:59:59.999,15602333.4097
2024-07-19,36.235,36.628,34.783,36.544,448251.3,2024-07-19 23:59:59.999,16006634.2675
2024-07-20,36.549,36.749,35.477,36.202,229349.3,2024-07-20 23:59:59.999,8299289.07
2024-07-21,36.204,36.995,34.668,36.836,253038.0,2024-07-21 23:59:59.999,9072728.5857
2024-07-22,36.834,38.304,35.531,35.796,570593.4,2024-07-22 23:59:59.999,21128582.5335
2024-07-23,35.789,36.505,33.789,34.144,405575.9,2024-07-23 23:59:59.999,14160068.4429
2024-07-24,34.148,35.001,32.916,33.529,270662.6,2024-07-24 23:59:59.999,9215214.288
2024-07-25,33.519,33.577,31.26,32.544,353370.5,2024-07-25 23:59:59.999,11419348.4039
2024-07-26,32.535,33.648,32.38,33.537,158247.9,2024-07-26 23:59:59.999,5243996.9911
2024-07-27,33.533,33.854,32.239,33.1,182947.7,2024-07-27 23:59:59.999,6070534.982
2024-07-28,33.099,33.102,31.921,32.133,124348.4,2024-07-28 23:59:59.999,4039996.556
2024-07-29,32.136,33.355,31.82,32.087,259116.8,2024-07-29 23:59:59.999,8452147.8851
2024-07-30,32.088,32.459,30.872,31.287,194147.7,2024-07-30 23:59:59.999,6174784.4162
2024-07-31,31.291,31.999,30.82,30.965,251644.2,2024-07-31 23:59:59.999,7893623.6444
2024-08-01,30.966,31.997,28.9,30.947,648371.0,2024-08-01 23:59:59.999,19845010.4232
2024-08-02,30.942,31.063,28.367,28.474,322984.3,2024-08-02 23:59:59.999,9610970.2832
2024-08-03,28.469,29.188,27.146,28.15,432561.0,2024-08-03 23:59:59.999,12121457.3946
2024-08-04,28.15,28.482,25.525,26.767,409588.7,2024-08-04 23:59:59.999,11097907.7387
2024-08-05,26.771,27.118,21.684,25.768,1746351.9,2024-08-05 23:59:59.999,42638709.6981
2024-08-06,25.773,27.441,25.727,26.787,384242.7,2024-08-06 23:59:59.999,10291732.7879
2024-08-07,26.784,27.456,25.633,26.155,310400.1,2024-08-07 23:59:59.999,8270874.4135
2024-08-08,26.153,28.74,25.723,28.55,410822.6,2024-08-08 23:59:59.999,11316635.7547
2024-08-09,28.549,28.549,27.019,27.764,306684.0,2024-08-09 23:59:59.999,8511982.1377
2024-08-10,27.764,29.127,27.391,28.562,288111.4,2024-08-10 23:59:59.999,8150708.0953
2024-08-11,28.563,29.095,26.305,26.516,290257.8,2024-08-11 23:59:59.999,8075384.4693
2024-08-12,26.524,27.956,26.184,27.31,296873.3,2024-08-12 23:59:59.999,8059041.9053
2024-08-13,27.31,27.792,26.451,27.719,208687.9,2024-08-13 23:59:59.999,5682674.4222
2024-08-14,27.722,27.966,26.75,26.92,202147.3,2024-08-14 23:59:59.999,5524024.1703
2024-08-15,26.921,27.457,25.634,25.995,281420.7,2024-08-15 23:59:59.999,7466732.9239
2024-08-16,25.989,26.23,25.082,25.799,286560.3,2024-08-16 23:59:59.999,7386183.7147
2024-08-17,25.809,26.08,25.62,25.902,173368.9,2024-08-17 23:59:59.999,4480984.7786
2024-08-18,25.904,26.688,25.653,26.171,255702.9,2024-08-18 23:59:59.999,6703565.1947
2024-08-19,26.182,26.977,25.865,26.867,283443.1,2024-08-19 23:59:59.999,7519930.6714
2024-08-20,26.866,27.64,26.465,27.023,226023.1,2024-08-20 23:59:59.999,6120767.1474
2024-08-21,27.027,28.401,26.874,28.097,240837.1,2024-08-21 23:59:59.999,6653167.3807
2024-08-22,28.099,28.772,27.661,28.353,222197.8,2024-08-22 23:59:59.999,6297886.104
2024-08-23,28.358,30.807,28.05,30.366,360644.7,2024-08-23 23:59:59.999,10588823.1469
2024-08-24,30.368,33.435,30.361,32.34,725240.9,2024-08-24 23:59:59.999,23206282.8138
2024-08-25,32.341,32.671,30.662,31.81,282358.5,2024-08-25 23:59:59.999,8960734.4904
2024-08-26,31.809,32.237,30.254,30.263,316524.4,2024-08-26 23:59:59.999,9949473.177
2024-08-27,30.263,31.083,27.377,28.211,350715.8,2024-08-27 23:59:59.999,10259267.5016
2024-08-28,28.215,28.886,27.062,27.92,310396.1,2024-08-28 23:59:59.999,8696143.083
2024-08-29,27.914,29.63,27.827,29.109,249515.1,2024-08-29 23:59:59.999,7182837.8162
2024-08-30,29.114,29.875,28.061,29.863,495070.5,2024-08-30 23:59:59.999,14408025.9153
2024-08-31,29.859,30.826,28.53,28.817,285486.9,2024-08-31 23:59:59.999,8465822.8932
2024-09-01,28.817,29.003,27.188,27.428,286203.0,2024-09-01 23:59:59.999,8023947.4465
2024-09-02,27.425,28.328,26.914,28.218,264974.1,2024-09-02 23:59:59.999,7328461.9976
2024-09-03,28.219,28.405,26.35,26.429,242652.1,2024-09-03 23:59:59.999,6650518.9754
2024-09-04,26.427,27.549,24.772,26.854,402955.2,2024-09-04 23:59:59.999,10596242.6306
2024-09-05,26.854,27.092,24.926,25.023,407347.1,2024-09-05 23:59:59.999,10519128.1018
2024-09-06,25.015,25.177,23.121,23.859,749400.8,2024-09-06 23:59:59.999,18217596.2249
2024-09-07,23.862,25.064,23.77,24.59,305459.0,2024-09-07 23:59:59.999,7513389.5773
2024-09-08,24.583,25.459,24.317,25.149,244128.5,2024-09-08 23:59:59.999,6068705.6962
2024-09-09,25.151,26.963,25.129,26.484,390950.4,2024-09-09 23:59:59.999,10144915.2434
2024-09-10,26.483,27.015,26.123,26.68,207148.9,2024-09-10 23:59:59.999,5492975.9304
2024-09-11,26.681,26.703,25.332,25.926,214734.1,2024-09-11 23:59:59.999,5564340.486
2024-09-12,25.923,26.878,25.892,26.736,239392.4,2024-09-12 23:59:59.999,6352702.7344
2024-09-13,26.736,26.988,26.102,26.806,202649.4,2024-09-13 23:59:59.999,5398910.4347
2024-09-14,26.805,26.925,26.164,26.449,143798.6,2024-09-14 23:59:59.999,3806487.0013
2024-09-15,26.454,26.652,25.12,25.349,167637.3,2024-09-15 23:59:59.999,4367626.4618
2024-09-16,25.349,25.506,24.378,24.766,296525.3,2024-09-16 23:59:59.999,7366063.7657
2024-09-17,24.775,26.296,24.492,25.716,305616.7,2024-09-17 23:59:59.999,7796103.7471
2024-09-18,25.719,26.487,25.058,26.192,352119.9,2024-09-18 23:59:59.999,9094941.1357
2024-09-19,26.192,27.801,26.15,27.294,317171.9,2024-09-19 23:59:59.999,8589779.033
2024-09-20,27.296,28.387,27.121,27.891,339788.3,2024-09-20 23:59:59.999,9439106.0838
2024-09-21,27.893,28.982,27.582,28.889,204308.9,2024-09-21 23:59:59.999,5791679.25
2024-09-22,28.887,28.929,27.211,28.137,180179.3,2024-09-22 23:59:59.999,5049426.1709
2024-09-23,28.132,29.186,27.553,28.868,233125.1,2024-09-23 23:59:59.999,6656981.0408
2024-09-24,28.869,29.158,27.855,29.028,277440.2,2024-09-24 23:59:59.999,7899223.6092
2024-09-25,29.028,29.549,28.627,28.941,246805.8,2024-09-25 23:59:59.999,7185783.0405
2024-09-26,28.94,29.989,28.401,29.71,273842.9,2024-09-26 23:59:59.999,8061758.4536
2024-09-27,29.71,30.494,29.364,30.157,282263.9,2024-09-27 23:59:59.999,8475607.1626
2024-09-28,30.163,30.5,28.745,29.256,254524.5,2024-09-28 23:59:59.999,7519285.1636
2024-09-29,29.258,30.284,28.29,29.369,555602.7,2024-09-29 23:59:59.999,16214703.1314
2024-09-30,29.371,29.514,27.134,27.39,336048.0,2024-09-30 23:59:59.999,9530435.1035
2024-10-01,27.394,28.303,24.274,25.219,586330.9,2024-10-01 23:59:59.999,15373116.3766
2024-10-02,25.219,26.125,23.957,24.602,414713.6,2024-10-02 23:59:59.999,10402450.9274
2024-10-03,24.605,25.244,23.743,24.594,436281.2,2024-10-03 23:59:59.999,10664529.4806
2024-10-04,24.6,25.292,24.347,25.207,246400.5,2024-10-04 23:59:59.999,6129470.9577
2024-10-05,25.2,25.401,24.707,25.118,143300.2,2024-10-05 23:59:59.999,3599928.8613
2024-10-06,25.129,26.199,24.845,25.681,357356.9,2024-10-06 23:59:59.999,9180212.1829
2024-10-07,25.678,26.298,25.044,25.352,379423.9,2024-10-07 23:59:59.999,9785017.7161
2024-10-08,25.35,25.731,24.777,25.489,288360.0,2024-10-08 23:59:59.999,7291046.9887
2024-10-09,25.482,25.815,24.438,24.608,233363.3,2024-10-09 23:59:59.999,5862614.5997
2024-10-10,24.608,24.918,23.964,24.821,299010.1,2024-10-10 23:59:59.999,7336249.2298
2024-10-11,24.827,26.126,24.648,26.094,252990.4,2024-10-11 23:59:59.999,6461135.635
2024-10-12,26.097,27.875,26.023,27.397,437209.5,2024-10-12 23:59:59.999,11813556.0014
2024-10-13,27.397,27.694,26.071,26.786,363484.1,2024-10-13 23:59:59.999,9768962.5651
2024-10-14,26.787,28.044,26.412,27.932,386321.8,2024-10-14 23:59:59.999,10599828.9156
2024-10-15,27.94,28.375,26.328,27.001,481478.7,2024-10-15 23:59:59.999,13095583.2053
2024-10-16,26.994,27.054,26.2,26.272,254632.3,2024-10-16 23:59:59.999,6765679.6521
2024-10-17,26.269,26.341,25.154,25.594,301219.2,2024-10-17 23:59:59.999,7734258.2627
2024-10-18,25.594,26.767,25.487,26.739,197121.8,2024-10-18 23:59:59.999,5151483.2234
2024-10-19,26.74,27.36,26.478,26.766,164489.5,2024-10-19 23:59:59.999,4421818.7606
2024-10-20,26.766,27.993,26.395,27.808,285648.8,2024-10-20 23:59:59.999,7801587.3254
2024-10-21,27.808,28.023,26.441,26.721,372286.0,2024-10-21 23:59:59.999,10143475.2138
2024-10-22,26.721,27.185,25.877,26.204,288672.0,2024-10-22 23:59:59.999,7640854.6331
2024-10-23,26.201,26.228,24.916,26.077,315553.2,2024-10-23 23:59:59.999,8092969.9607
2024-10-24,26.079,26.758,25.352,26.018,271841.5,2024-10-24 23:59:59.999,7062885.6898
2024-10-25,26.022,26.06,22.187,23.488,699150.2,2024-10-25 23:59:59.999,17196001.3038
2024-10-26,23.488,24.14,23.034,23.758,408677.1,2024-10-26 23:59:59.999,9674195.5917
2024-10-27,23.755,24.31,23.569,24.16,197298.7,2024-10-27 23:59:59.999,4717934.8512
2024-10-28,24.163,24.474,23.195,24.172,369325.4,2024-10-28 23:59:59.999,8785878.4048
2024-10-29,24.173,25.806,24.114,25.378,527886.3,2024-10-29 23:59:59.999,13278701.0133
2024-10-30,25.379,25.395,24.215,24.421,363072.3,2024-10-30 23:59:59.999,8978517.5971
2024-10-31,24.422,24.495,23.145,23.427,467865.7,2024-10-31 23:59:59.999,11136087.4713
2024-11-01,23.428,23.876,22.8,23.284,426669.6,2024-11-01 23:59:59.999,9929048.6023
2024-11-02,23.288,23.555,22.677,23.015,215235.1,2024-11-02 23:59:59.999,4968451.3825
2024-11-03,23.017,23.061,21.444,22.466,551110.1,2024-11-03 23:59:59.999,12253908.13
2024-11-04,22.469,22.766,21.618,22.107,486743.6,2024-11-04 23:59:59.999,10829672.5088
2024-11-05,22.108,23.615,22.051,23.521,464244.1,2024-11-05 23:59:59.999,10682324.8933
2024-11-06,23.522,26.215,23.472,25.928,736337.3,2024-11-06 23:59:59.999,18253305.1227
2024-11-07,25.93,27.012,25.42,26.588,761828.1,2024-11-07 23:59:59.999,19975043.2145
2024-11-08,26.586,28.998,26.009,28.356,839002.0,2024-11-08 23:59:59.999,23113242.7664
2024-11-09,28.358,31.527,28.338,29.62,1768043.2,2024-11-09 23:59:59.999,52136288.8681
2024-11-10,29.612,31.888,29.164,30.442,1167740.4,2024-11-10 23:59:59.999,35718785.5772
2024-11-11,30.444,33.64,30.005,33.557,1053829.1,2024-11-11 23:59:59.999,33465378.1532
2024-11-12,33.557,34.593,29.911,31.489,1446347.4,2024-11-12 23:59:59.999,46226672.9924
2024-11-13,31.491,31.827,28.568,29.617,1104737.8,2024-11-13 23:59:59.999,32896000.77
2024-11-14,29.623,30.538,27.586,28.049,666830.6,2024-11-14 23:59:59.999,19249306.7109
2024-11-15,28.052,29.057,27.368,29.0,494804.7,2024-11-15 23:59:59.999,13997973.5258
2024-11-16,29.001,32.039,28.75,31.863,743923.8,2024-11-16 23:59:59.999,22445804.3838
2024-11-17,31.866,32.923,28.518,29.129,744590.8,2024-11-17 23:59:59.999,22824430.1
2024-11-18,29.133,31.727,28.89,31.455,765174.2,2024-11-18 23:59:59.999,23505415.8421
2024-11-19,31.458,32.631,30.435,31.37,849886.7,2024-11-19 23:59:59.999,26729443.2144
2024-11-20,31.364,31.37,28.237,28.818,930629.4,2024-11-20 23:59:59.999,27700806.5227
2024-11-21,28.812,30.999,27.887,30.185,937967.9,2024-11-21 23:59:59.999,27913025.8194
2024-11-22,30.18,34.197,29.201,34.158,1351011.6,2024-11-22 23:59:59.999,41799442.3269
2024-11-23,34.158,37.904,33.177,35.99,2174534.0,2024-11-23 23:59:59.999,76939024.38
2024-11-24,35.991,39.748,33.929,39.028,1886542.9,2024-11-24 23:59:59.999,70016000.4314
2024-11-25,39.03,40.432,35.565,36.649,1286046.8,2024-11-25 23:59:59.999,48800694.4682
2024-11-26,36.638,37.886,34.207,37.01,840265.0,2024-11-26 23:59:59.999,30213509.1162
2024-11-27,37.015,39.062,35.828,38.847,684136.1,2024-11-27 23:59:59.999,25400220.8627
2024-11-28,38.85,39.459,36.877,39.308,625556.8,2024-11-28 23:59:59.999,23752503.2454
2024-11-29,39.311,43.02,38.505,42.655,939593.7,2024-11-29 23:59:59.999,38697050.1304
2024-11-30,42.651,43.861,40.782,42.747,791296.8,2024-11-30 23:59:59.999,33273363.6823
2024-12-01,42.764,45.488,41.017,44.045,1011594.1,2024-12-01 23:59:59.999,44124989.8998
2024-12-02,44.035,48.653,41.761,48.194,1749777.2,2024-12-02 23:59:59.999,78304821.6851
2024-12-03,48.193,55.014,47.327,54.699,1868699.5,2024-12-03 23:59:59.999,93635665.7385
2024-12-04,54.693,57.9,52.251,54.83,1426658.0,2024-12-04 23:59:59.999,78701827.0084
2024-12-05,54.825,58.382,52.376,54.538,1268972.4,2024-12-05 23:59:59.999,70648572.1983
2024-12-06,54.551,56.191,51.5,55.2,824945.2,2024-12-06 23:59:59.999,44899164.5252
2024-12-07,55.183,56.736,53.246,53.979,466323.3,2024-12-07 23:59:59.999,25583449.2803
2024-12-08,53.983,55.971,52.654,55.795,489272.1,2024-12-08 23:59:59.999,26442932.1915
2024-12-09,55.792,56.16,38.625,44.844,1614606.5,2024-12-09 23:59:59.999,77235513.1516
2024-12-10,44.847,45.655,39.658,44.251,1346008.3,2024-12-10 23:59:59.999,58091116.3679
2024-12-11,44.249,47.57,42.04,46.807,635974.8,2024-12-11 23:59:59.999,28703472.9899
2024-12-12,46.807,50.141,46.54,47.871,648012.3,2024-12-12 23:59:59.999,31197073.2285
2024-12-13,47.865,49.513,46.244,48.408,629550.1,2024-12-13 23:59:59.999,30122736.238
2024-12-14,48.41,48.747,45.002,46.329,432977.9,2024-12-14 23:59:59.999,20197862.6941
2024-12-15,46.335,48.069,44.77,47.163,731522.2,2024-12-15 23:59:59.999,34070504.1733
2024-12-16,47.147,48.087,43.794,44.901,644784.5,2024-12-16 23:59:59.999,29369002.1168
2024-12-17,44.907,45.187,42.2,42.789,652447.4,2024-12-17 23:59:59.999,28676185.1873
2024-12-18,42.791,43.034,36.031,38.098,1019484.6,2024-12-18 23:59:59.999,41191458.0269
2024-12-19,38.099,39.061,33.121,34.58,1228619.4,2024-12-19 23:59:59.999,44680292.7142
2024-12-20,34.58,36.48,29.51,36.13,1334673.9,2024-12-20 23:59:59.999,43854129.0723
2024-12-21,36.13,38.306,33.363,33.937,709583.3,2024-12-21 23:59:59.999,25149989.2029
2024-12-22,33.94,34.923,32.312,33.582,600416.0,2024-12-22 23:59:59.999,20249746.9323
2024-12-23,33.59,36.374,32.595,35.923,604074.6,2024-12-23 23:59:59.999,20716907.5454
2024-12-24,35.928,37.445,34.719,37.075,406928.7,2024-12-24 23:59:59.999,14743148.8976
2024-12-25,37.077,37.08,35.231,35.659,351506.7,2024-12-25 23:59:59.999,12694877.174
2024-12-26,35.652,39.027,33.106,33.8,1525147.5,2024-12-26 23:59:59.999,54675636.3914
2024-12-27,33.796,35.404,33.287,34.076,627940.0,2024-12-27 23:59:59.999,21482145.4824
2024-12-28,34.077,35.578,33.499,35.552,393970.6,2024-12-28 23:59:59.999,13557792.3956
2024-12-29,35.56,35.77,33.802,34.193,315330.1,2024-12-29 23:59:59.999,11006944.5392
2024-12-30,34.192,35.7,33.04,34.3,575205.7,2024-12-30 23:59:59.999,19835714.4891
2024-12-31,34.301,35.179,33.026,33.437,415161.8,2024-12-31 23:59:59.999,14067386.8066
2025-01-01,33.441,35.373,32.846,34.96,338180.1,2025-01-01 23:59:59.999,11523912.209
2025-01-02,34.959,36.15,34.862,35.838,444737.6,2025-01-02 23:59:59.999,15795636.986
2025-01-03,35.839,38.326,35.252,38.048,418378.7,2025-01-03 23:59:59.999,15404881.476
2025-01-04,38.047,38.728,37.403,38.067,362703.4,2025-01-04 23:59:59.999,13827326.9061
2025-01-05,38.063,38.432,36.794,37.545,285268.1,2025-01-05 23:59:59.999,10723509.5802
2025-01-06,37.551,39.3,36.792,38.348,401849.2,2025-01-06 23:59:59.999,15349540.1372
2025-01-07,38.346,38.528,34.156,34.173,610325.6,2025-01-07 23:59:59.999,22042725.5932
2025-01-08,34.178,34.535,31.214,33.06,622500.4,2025-01-08 23:59:59.999,20479857.3029
2025-01-09,33.057,33.758,31.933,32.873,547646.1,2025-01-09 23:59:59.999,18057232.0126
2025-01-10,32.87,33.739,32.239,33.19,461797.9,2025-01-10 23:59:59.999,15251276.7593
2025-01-11,33.191,34.169,32.587,33.739,294851.8,2025-01-11 23:59:59.999,9801563.3883
2025-01-12,33.743,34.228,32.308,32.842,349251.7,2025-01-12 23:59:59.999,11639197.3772
2025-01-13,32.844,33.859,29.5,31.707,833357.4,2025-01-13 23:59:59.999,25831791.8507
2025-01-14,31.708,32.756,31.502,32.613,353066.8,2025-01-14 23:59:59.999,11348251.1722
2025-01-15,32.616,35.457,31.749,35.385,833505.5,2025-01-15 23:59:59.999,28076024.7026
2025-01-16,35.381,36.96,34.403,35.952,911071.5,2025-01-16 23:59:59.999,32577071.809
2025-01-17,35.955,37.801,35.955,37.388,571002.6,2025-01-17 23:59:59.999,21190887.9405
2025-01-18,37.39,37.834,34.632,35.559,656126.6,2025-01-18 23:59:59.999,23451582.4718
2025-01-19,35.565,36.314,31.228,32.054,1246434.2,2025-01-19 23:59:59.999,42067655.0998
2025-01-20,32.053,34.597,30.45,31.574,1473637.0,2025-01-20 23:59:59.999,47334244.4106
2025-01-21,31.572,33.13,30.165,32.24,739104.4,2025-01-21 23:59:59.999,23432369.91
2025-01-22,32.239,32.548,30.868,31.018,418877.1,2025-01-22 23:59:59.999,13365616.6965
2025-01-23,31.023,31.607,30.0,30.854,610850.2,2025-01-23 23:59:59.999,18709904.6897
2025-01-24,30.855,31.605,29.713,29.942,431796.0,2025-01-24 23:59:59.999,13260112.663
2025-01-25,29.949,30.595,29.579,30.134,286935.4,2025-01-25 23:59:59.999,8648913.2238
2025-01-26,30.137,30.99,29.363,29.409,283694.8,2025-01-26 23:59:59.999,8618670.6236
2025-01-27,29.408,29.49,26.339,28.796,909331.1,2025-01-27 23:59:59.999,25392665.4235
2025-01-28,28.8,29.025,26.803,27.181,331267.1,2025-01-28 23:59:59.999,9328947.7777
2025-01-29,27.184,28.844,26.976,28.06,392637.3,2025-01-29 23:59:59.999,10962920.8543
2025-01-30,28.063,30.463,27.907,30.278,547286.5,2025-01-30 23:59:59.999,16144539.8992
2025-01-31,30.279,31.148,29.497,29.696,379709.5,2025-01-31 23:59:59.999,11475602.8335
2025-02-01,29.695,30.286,26.952,27.098,415878.1,2025-02-01 23:59:59.999,11934209.366
2025-02-02,27.099,27.653,22.616,23.957,1188270.0,2025-02-02 23:59:59.999,29807358.4266
2025-02-03,23.962,24.704,17.329,24.576,2578016.8,2025-02-03 23:59:59.999,54192045.5225
2025-02-04,24.574,24.871,21.995,22.812,1078561.9,2025-02-04 23:59:59.999,24832672.8748
2025-02-05,22.813,23.07,21.507,21.849,542563.3,2025-02-05 23:59:59.999,12153898.88
2025-02-06,21.849,22.324,20.667,21.024,773421.1,2025-02-06 23:59:59.999,16605088.1581
2025-02-07,21.024,22.809,20.636,21.337,694918.0,2025-02-07 23:59:59.999,15084057.7527
2025-02-08,21.338,22.032,20.856,21.909,426505.8,2025-02-08 23:59:59.999,9091466.372
2025-02-09,21.91,23.051,20.965,22.288,585683.8,2025-02-09 23:59:59.999,13022150.2168
2025-02-10,22.289,22.97,21.359,22.505,554449.1,2025-02-10 23:59:59.999,12373365.5197
2025-02-11,22.504,23.836,22.338,22.8,500105.9,2025-02-11 23:59:59.999,11551954.4569
2025-02-12,22.796,24.107,21.828,23.802,676254.9,2025-02-12 23:59:59.999,15451151.8483
2025-02-13,23.807,24.09,22.7,23.048,311373.7,2025-02-13 23:59:59.999,7243226.4524
2025-02-14,23.048,24.074,22.85,23.262,382903.0,2025-02-14 23:59:59.999,8967627.0015
2025-02-15,23.261,23.512,22.151,22.475,340391.1,2025-02-15 23:59:59.999,7756490.0564
2025-02-16,22.474,22.848,22.181,22.403,279835.7,2025-02-16 23:59:59.999,6294653.4186
2025-02-17,22.396,23.313,21.913,22.514,412427.5,2025-02-17 23:59:59.999,9297684.5578
2025-02-18,22.509,22.646,20.79,21.544,455293.2,2025-02-18 23:59:59.999,9796969.8386
2025-02-19,21.543,22.162,21.186,21.954,259234.6,2025-02-19 23:59:59.999,5649614.4843
2025-02-20,21.952,23.255,21.871,23.163,366703.8,2025-02-20 23:59:59.999,8279998.9912
2025-02-21,23.165,24.369,22.011,22.376,632869.5,2025-02-21 23:59:59.999,14693828.8897
2025-02-22,22.377,23.533,22.252,23.436,336576.3,2025-02-22 23:59:59.999,7753107.3465
2025-02-23,23.431,24.605,22.765,23.231,392651.9,2025-02-23 23:59:59.999,9223615.7594
2025-02-24,23.232,23.372,20.023,20.363,621353.9,2025-02-24 23:59:59.999,13487610.1849
2025-02-25,20.361,21.558,19.108,21.044,1594305.5,2025-02-25 23:59:59.999,32717574.7722
2025-02-26,21.044,21.7,20.311,21.216,766180.5,2025-02-26 23:59:59.999,16137051.1781
2025-02-27,21.218,22.687,20.938,22.181,620484.4,2025-02-27 23:59:59.999,13575117.0325
2025-02-28,22.181,22.2,20.094,21.71,866363.1,2025-02-28 23:59:59.999,18242690.0984
2025-03-01,21.71,22.041,21.043,21.655,397824.2,2025-03-01 23:59:59.999,8565841.1568
2025-03-02,21.655,25.477,21.394,25.464,850851.0,2025-03-02 23:59:59.999,19841787.2314
2025-03-03,25.464,25.913,22.376,22.592,1246004.4,2025-03-03 23:59:59.999,29978466.7746
2025-03-04,22.593,22.703,20.067,21.285,1225021.0,2025-03-04 23:59:59.999,26164021.4154
2025-03-05,21.281,22.029,20.854,21.61,676537.1,2025-03-05 23:59:59.999,14523538.0515
2025-03-06,21.611,22.412,20.341,20.615,628445.3,2025-03-06 23:59:59.999,13376562.4926
2025-03-07,20.614,21.056,19.371,20.039,729056.2,2025-03-07 23:59:59.999,14807099.743
2025-03-08,20.037,20.316,19.693,20.006,373175.8,2025-03-08 23:59:59.999,7462209.8178
2025-03-09,20.008,20.124,17.935,18.496,638753.5,2025-03-09 23:59:59.999,12043526.7427
2025-03-10,18.497,19.324,17.262,17.486,929634.0,2025-03-10 23:59:59.999,17059960.7243
2025-03-11,17.487,18.536,16.168,18.187,951378.5,2025-03-11 23:59:59.999,16633366.0128
2025-03-12,18.188,18.894,17.561,18.451,556597.4,2025-03-12 23:59:59.999,10134413.9515
2025-03-13,18.45,18.48,17.149,17.545,594363.5,2025-03-13 23:59:59.999,10592406.8334
2025-03-14,17.544,18.291,17.49,18.001,329997.7,2025-03-14 23:59:59.999,5901362.4199
2025-03-15,18.002,18.523,17.866,18.406,279016.4,2025-03-15 23:59:59.999,5073381.9366
2025-03-16,18.406,18.438,17.559,17.728,317826.8,2025-03-16 23:59:59.999,5703276.9264
2025-03-17,17.729,18.501,17.707,18.336,322360.9,2025-03-17 23:59:59.999,5864198.4891
2025-03-18,18.337,18.416,17.375,18.001,427322.7,2025-03-18 23:59:59.999,7608821.1563
2025-03-19,18.006,18.74,17.947,18.7,403866.4,2025-03-19 23:59:59.999,7418442.2235
2025-03-20,18.703,18.838,17.702,18.1,337251.2,2025-03-20 23:59:59.999,6137079.4793
2025-03-21,18.098,18.31,17.629,17.91,336806.2,2025-03-21 23:59:59.999,6037444.5043
2025-03-22,17.91,18.47,17.846,18.119,315927.0,2025-03-22 23:59:59.999,5733224.8772
2025-03-23,18.114,19.085,18.037,18.449,577686.8,2025-03-23 23:59:59.999,10706409.6983
2025-03-24,18.448,19.422,18.201,19.281,597958.6,2025-03-24 23:59:59.999,11300518.1981
2025-03-25,19.277,19.968,19.156,19.913,469592.8,2025-03-25 23:59:59.999,9173204.8804
2025-03-26,19.915,19.922,18.825,19.017,468637.8,2025-03-26 23:59:59.999,9069188.3325
2025-03-27,19.018,19.444,18.548,18.741,338439.4,2025-03-27 23:59:59.999,6429217.1398
2025-03-28,18.74,18.756,16.664,17.06,675264.8,2025-03-28 23:59:59.999,11711421.6751
2025-03-29,17.058,17.201,15.8,16.165,561248.9,2025-03-29 23:59:59.999,9212020.3815
2025-03-30,16.166,16.757,15.92,16.335,353381.9,2025-03-30 23:59:59.999,5783940.556
2025-03-31,16.337,16.408,15.652,16.067,475980.0,2025-03-31 23:59:59.999,7623218.794
2025-04-01,16.065,16.746,15.904,16.471,400443.2,2025-04-01 23:59:59.999,6572688.2479
2025-04-02,16.472,16.758,15.034,15.304,773686.1,2025-04-02 23:59:59.999,12423039.8845
2025-04-03,15.302,15.857,14.681,15.252,914889.3,2025-04-03 23:59:59.999,13933399.8554
2025-04-04,15.255,15.43,14.5,14.649,874747.2,2025-04-04 23:59:59.999,12975857.3993
2025-04-05,14.649,14.76,13.673,14.066,1247352.5,2025-04-05 23:59:59.999,17616953.2798
2025-04-06,14.066,14.196,12.269,12.631,1125148.4,2025-04-06 23:59:59.999,14870839.0644
2025-04-07,12.632,13.872,11.747,13.025,1377846.0,2025-04-07 23:59:59.999,17615501.7952
2025-04-08,13.024,13.46,12.442,12.483,584023.7,2025-04-08 23:59:59.999,7555890.3797
2025-04-09,12.486,14.293,12.128,14.188,780447.5,2025-04-09 23:59:59.999,10295974.2975
2025-04-10,14.186,14.287,13.346,13.771,424028.5,2025-04-10 23:59:59.999,5870242.1749
2025-04-11,13.771,14.546,13.591,14.306,387435.5,2025-04-11 23:59:59.999,5470842.5658
2025-04-12,14.308,14.706,13.904,14.512,370311.5,2025-04-12 23:59:59.999,5306624.5322
2025-04-13,14.513,14.601,13.677,13.874,417875.9,2025-04-13 23:59:59.999,5929147.7977
2025-04-14,13.885,14.625,13.856,14.042,329326.0,2025-04-14 23:59:59.999,4666690.0926
2025-04-15,14.044,14.366,13.641,13.678,375393.9,2025-04-15 23:59:59.999,5246574.6314
2025-04-16,13.678,13.822,13.135,13.44,340474.9,2025-04-16 23:59:59.999,4604074.2445
2025-04-17,13.439,13.89,13.353,13.743,227585.3,2025-04-17 23:59:59.999,3110463.8821
2025-04-18,13.742,14.533,13.612,14.161,498416.7,2025-04-18 23:59:59.999,7077621.6739
2025-04-19,14.159,14.576,14.066,14.542,458050.5,2025-04-19 23:59:59.999,6514188.8524
2025-04-20,14.541,14.906,14.024,14.16,351904.7,2025-04-20 23:59:59.999,5067220.2555
2025-04-21,14.16,14.663,13.906,13.956,524039.9,2025-04-21 23:59:59.999,7481819.1299
2025-04-22,13.959,15.095,13.692,15.062,697729.7,2025-04-22 23:59:59.999,10113934.1966
2025-04-23,15.063,15.752,15.017,15.428,762143.2,2025-04-23 23:59:59.999,11761028.6848
2025-04-24,15.426,16.249,14.805,16.226,639524.7,2025-04-24 23:59:59.999,9989445.8741
2025-04-25,16.226,19.879,16.21,17.607,3827366.0,2025-04-25 23:59:59.999,70515036.2469
2025-04-26,17.607,17.995,17.074,17.662,1040353.7,2025-04-26 23:59:59.999,18225483.0047
2025-04-27,17.659,17.7,16.763,17.031,543220.8,2025-04-27 23:59:59.999,9359232.3939
2025-04-28,17.032,17.722,16.556,17.451,656903.6,2025-04-28 23:59:59.999,11347209.922
2025-04-29,17.449,17.516,16.567,16.775,403984.6,2025-04-29 23:59:59.999,6931460.5099
2025-04-30,16.772,17.581,16.362,17.208,525897.0,2025-04-30 23:59:59.999,8964660.6237
2025-05-01,17.208,18.146,17.082,17.881,587083.9,2025-05-01 23:59:59.999,10403749.206
2025-05-02,17.881,18.276,17.445,17.662,407309.8,2025-05-02 23:59:59.999,7244606.9216
2025-05-03,17.666,17.779,16.211,16.348,428587.7,2025-05-03 23:59:59.999,7224266.8058
2025-05-04,16.349,16.349,15.42,15.636,534237.0,2025-05-04 23:59:59.999,8428489.2404
2025-05-05,15.642,16.044,15.27,15.478,371766.0,2025-05-05 23:59:59.999,5813747.5432
2025-05-06,15.479,15.654,14.525,15.073,442138.6,2025-05-06 23:59:59.999,6686337.5863
2025-05-07,15.075,15.462,14.959,15.348,350951.2,2025-05-07 23:59:59.999,5338849.3527
2025-05-08,15.348,17.159,15.312,17.046,492342.9,2025-05-08 23:59:59.999,8025393.867
2025-05-09,17.044,20.95,17.029,18.97,3282114.8,2025-05-09 23:59:59.999,64106902.5202
2025-05-10,18.973,20.237,18.589,20.114,987965.7,2025-05-10 23:59:59.999,18941399.0431
2025-05-11,20.113,20.291,19.009,19.397,766173.5,2025-05-11 23:59:59.999,15016811.4347
2025-05-12,19.399,20.375,18.513,19.637,882522.6,2025-05-12 23:59:59.999,17323706.9115
2025-05-13,19.637,20.769,18.45,20.395,887928.4,2025-05-13 23:59:59.999,17387693.6665
2025-05-14,20.396,22.132,19.851,20.146,2175780.1,2025-05-14 23:59:59.999,45258714.4476
2025-05-15,20.144,20.369,18.791,19.37,1868430.5,2025-05-15 23:59:59.999,37016398.9934
2025-05-16,19.372,19.616,18.415,18.546,588943.3,2025-05-16 23:59:59.999,11286547.3458
2025-05-17,18.546,18.668,17.84,18.067,497607.5,2025-05-17 23:59:59.999,9065724.1831
2025-05-18,18.065,19.418,17.852,19.017,615889.8,2025-05-18 23:59:59.999,11469338.3876
2025-05-19,19.016,19.11,17.4,18.301,586408.3,2025-05-19 23:59:59.999,10570705.1014
2025-05-20,18.301,18.609,17.607,18.334,436299.9,2025-05-20 23:59:59.999,7910915.1953
2025-05-21,18.335,19.209,17.971,18.854,601520.2,2025-05-21 23:59:59.999,11128955.4848
2025-05-22,18.863,19.786,18.803,19.743,485277.8,2025-05-22 23:59:59.999,9407009.2855
2025-05-23,19.744,20.282,17.831,17.882,857114.1,2025-05-23 23:59:59.999,16301032.9012
2025-05-24,17.885,18.194,17.662,17.786,348420.3,2025-05-24 23:59:59.999,6248822.6145
2025-05-25,17.789,17.932,16.987,17.82,425516.3,2025-05-25 23:59:59.999,7435079.4247
2025-05-26,17.821,18.544,17.648,17.918,386545.0,2025-05-26 23:59:59.999,6983131.6179
2025-05-27,17.917,18.617,17.481,18.24,394348.7,2025-05-27 23:59:59.999,7163899.5968
2025-05-28,18.24,18.909,17.575,18.03,564125.1,2025-05-28 23:59:59.999,10283599.2876
2025-05-29,18.037,18.403,17.107,17.204,438456.7,2025-05-29 23:59:59.999,7771042.3539
2025-05-30,17.202,17.202,14.74,14.861,1077879.7,2025-05-30 23:59:59.999,17263038.5623
2025-05-31,14.863,15.542,14.589,15.475,869313.4,2025-05-31 23:59:59.999,13133010.7268
2025-06-01,15.474,15.687,15.047,15.608,447809.0,2025-06-01 23:59:59.999,6863446.8191
2025-06-02,15.607,15.908,15.164,15.88,471516.8,2025-06-02 23:59:59.999,7282741.2204
2025-06-03,15.879,16.189,15.749,15.913,362527.2,2025-06-03 23:59:59.999,5804861.7679
2025-06-04,15.91,16.201,15.412,15.527,338714.4,2025-06-04 23:59:59.999,5362824.3228
2025-06-05,15.53,15.843,14.262,14.409,679500.4,2025-06-05 23:59:59.999,10277785.2417
2025-06-06,14.41,15.321,14.339,14.947,447995.6,2025-06-06 23:59:59.999,6667458.084
2025-06-07,14.946,15.5,14.883,15.408,281178.9,2025-06-07 23:59:59.999,4305941.8465
2025-06-08,15.407,15.407,14.954,15.13,321853.6,2025-06-08 23:59:59.999,4889043.2665
2025-06-09,15.13,15.775,14.807,15.732,517000.3,2025-06-09 23:59:59.999,7893598.1278
2025-06-10,15.735,16.22,15.474,16.173,481930.3,2025-06-10 23:59:59.999,7646071.3158
2025-06-11,16.173,16.189,15.251,15.39,481543.9,2025-06-11 23:59:59.999,7624108.2049
2025-06-12,15.391,15.394,14.211,14.319,625217.8,2025-06-12 23:59:59.999,9289877.9851
2025-06-13,14.319,14.514,13.314,14.058,784568.5,2025-06-13 23:59:59.999,10816712.128
2025-06-14,14.059,14.077,13.649,13.922,260414.1,2025-06-14 23:59:59.999,3617049.3708
2025-06-15,13.923,14.048,13.583,13.936,241837.1,2025-06-15 23:59:59.999,3352218.5076
2025-06-16,13.935,14.724,13.768,14.168,459942.9,2025-06-16 23:59:59.999,6600792.3897
2025-06-17,14.172,14.299,13.193,13.529,725498.5,2025-06-17 23:59:59.999,9979175.1394
2025-06-18,13.529,13.847,13.192,13.786,572881.9,2025-06-18 23:59:59.999,7783282.3024
2025-06-19,13.785,13.918,13.441,13.625,306690.0,2025-06-19 23:59:59.999,4193880.1903
2025-06-20,13.627,14.03,12.921,13.242,561473.9,2025-06-20 23:59:59.999,7601734.2346
2025-06-21,13.241,13.543,12.254,12.616,478112.7,2025-06-21 23:59:59.999,6195777.9041
2025-06-22,12.617,12.726,11.376,12.024,805111.6,2025-06-22 23:59:59.999,9714323.425
2025-06-23,12.023,13.642,11.984,13.521,707039.7,2025-06-23 23:59:59.999,8951206.6412
2025-06-24,13.521,13.921,13.224,13.754,599971.5,2025-06-24 23:59:59.999,8167578.8886
2025-06-25,13.754,13.812,13.181,13.25,481317.1,2025-06-25 23:59:59.999,6489717.5501
2025-06-26,13.251,13.706,12.914,13.004,491779.9,2025-06-26 23:59:59.999,6494227.0326
2025-06-27,13.005,13.217,12.721,13.055,473417.2,2025-06-27 23:59:59.999,6138449.5056
2025-06-28,13.056,13.526,12.986,13.454,310735.6,2025-06-28 23:59:59.999,4100610.0165
2025-06-29,13.455,14.09,13.306,13.957,343339.1,2025-06-29 23:59:59.999,4659140.5656
2025-06-30,13.962,14.221,13.38,13.532,464353.1,2025-06-30 23:59:59.999,6362582.4988
2025-07-01,13.533,13.568,12.825,12.907,436311.1,2025-07-01 23:59:59.999,5733716.9807
2025-07-02,12.907,14.382,12.871,14.193,686992.9,2025-07-02 23:59:59.999,9381575.001
2025-07-03,14.192,14.272,13.815,14.097,543100.7,2025-07-03 23:59:59.999,7641264.2526
2025-07-04,14.094,14.12,13.134,13.329,458059.5,2025-07-04 23:59:59.999,6194776.5157
2025-07-05,13.329,13.435,13.02,13.259,264328.2,2025-07-05 23:59:59.999,3503275.7585
2025-07-06,13.26,13.615,13.11,13.38,239836.5,2025-07-06 23:59:59.999,3195579.3332
2025-07-07,13.38,13.511,13.105,13.309,300947.7,2025-07-07 23:59:59.999,4008031.3769
2025-07-08,13.308,13.711,13.088,13.628,283007.6,2025-07-08 23:59:59.999,3788015.7597
2025-07-09,13.63,14.395,13.482,14.223,442351.5,2025-07-09 23:59:59.999,6167782.2064
2025-07-10,14.224,15.228,14.097,15.149,516587.1,2025-07-10 23:59:59.999,7521090.7263
2025-07-11,15.15,15.858,14.907,15.176,766668.9,2025-07-11 23:59:59.999,11814185.4548
2025-07-12,15.175,15.499,14.681,15.245,490861.7,2025-07-12 23:59:59.999,7420745.5655
2025-07-13,15.246,15.941,15.148,15.615,519761.7,2025-07-13 23:59:59.999,8103841.4876
2025-07-14,15.616,16.253,15.109,15.351,738566.6,2025-07-14 23:59:59.999,11626634.2642
2025-07-15,15.349,15.824,14.738,15.793,796553.6,2025-07-15 23:59:59.999,12069411.2507
2025-07-16,15.789,16.917,15.544,16.4,1136748.4,2025-07-16 23:59:59.999,18530646.8765
2025-07-17,16.404,16.812,15.976,16.69,642861.2,2025-07-17 23:59:59.999,10529184.6593
2025-07-18,16.69,17.803,16.258,16.649,1000474.1,2025-07-18 23:59:59.999,17181299.9472
2025-07-19,16.655,17.196,16.229,17.045,473654.7,2025-07-19 23:59:59.999,7912520.0471
2025-07-20,17.046,17.963,16.918,17.542,953925.6,2025-07-20 23:59:59.999,16744635.6314
2025-07-21,17.542,18.476,17.281,17.832,822496.3,2025-07-21 23:59:59.999,14765280.661
2025-07-22,17.832,18.207,16.97,18.191,784478.1,2025-07-22 23:59:59.999,13748232.0077
2025-07-23,18.191,18.436,16.197,16.712,893793.2,2025-07-23 23:59:59.999,15477395.9689
2025-07-24,16.714,17.028,15.556,16.056,917435.9,2025-07-24 23:59:59.999,14952666.7882
2025-07-25,16.057,16.452,15.49,16.368,672892.2,2025-07-25 23:59:59.999,10694306.23
2025-07-26,16.369,16.661,16.23,16.384,256691.0,2025-07-26 23:59:59.999,4209299.3277
2025-07-27,16.382,17.039,16.325,16.956,553946.8,2025-07-27 23:59:59.999,9239509.3164
2025-07-28,16.957,17.269,15.58,15.753,687179.9,2025-07-28 23:59:59.999,11309056.7238
2025-07-29,15.753,16.187,15.116,15.316,641600.5,2025-07-29 23:59:59.999,10002953.9047
2025-07-30,15.313,15.316,14.282,15.112,765891.3,2025-07-30 23:59:59.999,11399155.4648
2025-07-31,15.113,15.447,14.162,14.23,479413.1,2025-07-31 23:59:59.999,7145221.9759
2025-08-01,14.232,14.397,13.5,13.917,784977.8,2025-08-01 23:59:59.999,11031883.8156
2025-08-02,13.918,14.112,13.414,13.769,381788.1,2025-08-02 23:59:59.999,5263826.4531
2025-08-03,13.776,14.341,13.57,14.27,297691.4,2025-08-03 23:59:59.999,4191563.6957
2025-08-04,14.265,14.963,14.24,14.883,488339.5,2025-08-04 23:59:59.999,7122653.3883
2025-08-05,14.884,14.918,14.0,14.299,493746.7,2025-08-05 23:59:59.999,7136859.7145
2025-08-06,14.296,14.697,13.881,14.524,442695.1,2025-08-06 23:59:59.999,6335057.0055
2025-08-07,14.524,15.345,14.416,15.272,490824.9,2025-08-07 23:59:59.999,7343909.1706
2025-08-08,15.272,15.688,15.05,15.536,990282.1,2025-08-08 23:59:59.999,15198282.9753
2025-08-09,15.537,16.344,15.507,16.135,500717.4,2025-08-09 23:59:59.999,8023505.5609
2025-08-10,16.136,16.481,15.598,16.063,516400.3,2025-08-10 23:59:59.999,8262555.8376
2025-08-11,16.063,16.435,14.963,15.093,628996.5,2025-08-11 23:59:59.999,9839954.2285
2025-08-12,15.092,16.229,14.842,16.056,702003.6,2025-08-12 23:59:59.999,10858449.2279
2025-08-13,16.055,16.842,16.0,16.745,1294832.0,2025-08-13 23:59:59.999,21299726.9611
2025-08-14,16.746,16.941,14.918,15.228,1070314.3,2025-08-14 23:59:59.999,16957093.0815
2025-08-15,15.23,15.586,14.469,14.931,873301.8,2025-08-15 23:59:59.999,13122746.6016
2025-08-16,14.929,15.429,14.839,15.367,461895.1,2025-08-16 23:59:59.999,6979601.0533
2025-08-17,15.369,16.028,15.237,15.56,517348.2,2025-08-17 23:59:59.999,8111881.0878
2025-08-18,15.556,15.655,14.669,14.86,854758.6,2025-08-18 23:59:59.999,12814639.1262
2025-08-19,14.861,15.066,14.287,14.352,808664.1,2025-08-19 23:59:59.999,11852091.0665
2025-08-20,14.352,15.31,14.242,15.222,706844.4,2025-08-20 23:59:59.999,10433893.142
2025-08-21,15.216,15.402,14.645,14.73,526257.6,2025-08-21 23:59:59.999,7883439.6381
2025-08-22,14.73,16.225,14.176,16.104,1105575.6,2025-08-22 23:59:59.999,16818129.3511
2025-08-23,16.104,16.25,15.68,15.971,527977.3,2025-08-23 23:59:59.999,8430014.0424
2025-08-24,15.97,16.41,15.338,15.673,1040605.2,2025-08-24 23:59:59.999,16410183.2119
2025-08-25,15.675,15.878,14.001,14.216,1263420.9,2025-08-25 23:59:59.999,18768989.6053
2025-08-26,14.215,15.108,13.989,15.02,728443.0,2025-08-26 23:59:59.999,10591453.01
2025-08-27,15.017,15.29,14.715,14.826,746448.7,2025-08-27 23:59:59.999,11204888.171
2025-08-28,14.826,15.291,14.728,15.291,559060.0,2025-08-28 23:59:59.999,8401808.2008
2025-08-29,15.291,15.624,14.053,14.408,915738.4,2025-08-29 23:59:59.999,13415348.6037
2025-08-30,14.41,14.637,14.129,14.373,385830.5,2025-08-30 23:59:59.999,5558944.4136
2025-08-31,14.375,14.873,14.149,14.167,459679.6,2025-08-31 23:59:59.999,6685635.0251
2025-09-01,14.169,14.81,13.6,13.901,893246.0,2025-09-01 23:59:59.999,12581014.437
2025-09-02,13.901,14.424,13.846,14.25,641919.5,2025-09-02 23:59:59.999,9094656.957
2025-09-03,14.25,14.367,13.988,14.045,415172.9,2025-09-03 23:59:59.999,5876221.7106
2025-09-04,14.045,14.099,13.595,13.73,456844.1,2025-09-04 23:59:59.999,6301089.9948
2025-09-05,13.729,14.244,13.667,13.927,545333.5,2025-09-05 23:59:59.999,7602557.2268
2025-09-06,13.927,13.998,13.501,13.605,366980.3,2025-09-06 23:59:59.999,5022194.3147
2025-09-07,13.605,13.861,13.585,13.717,363055.3,2025-09-07 23:59:59.999,4984771.0099
2025-09-08,13.715,14.104,13.633,14.007,574648.4,2025-09-08 23:59:59.999,7978779.1394
2025-09-09,14.006,14.566,13.803,14.016,799814.4,2025-09-09 23:59:59.999,11325842.5507
2025-09-10,14.018,14.297,13.919,14.183,556051.9,2025-09-10 23:59:59.999,7843901.6005
2025-09-11,14.183,14.325,13.75,14.158,606738.8,2025-09-11 23:59:59.999,8538745.1242
2025-09-12,14.159,14.498,13.882,14.493,644717.5,2025-09-12 23:59:59.999,9165096.9543
2025-09-13,14.494,14.836,14.303,14.698,654203.0,2025-09-13 23:59:59.999,9547094.7892
2025-09-14,14.695,15.427,14.261,14.74,1497596.8,2025-09-14 23:59:59.999,22165716.3418
2025-09-15,14.744,14.937,13.647,13.879,1110985.9,2025-09-15 23:59:59.999,15723485.7575
2025-09-16,13.879,14.102,13.609,13.969,715191.4,2025-09-16 23:59:59.999,9927497.2336
2025-09-17,13.971,14.465,13.61,14.389,934330.4,2025-09-17 23:59:59.999,12994931.6026
2025-09-18,14.39,14.666,14.158,14.471,715245.3,2025-09-18 23:59:59.999,10323980.2628
2025-09-19,14.472,14.759,13.935,14.068,911825.6,2025-09-19 23:59:59.999,13128705.1909
2025-09-20,14.068,14.347,13.873,14.252,445554.7,2025-09-20 23:59:59.999,6292733.8664
2025-09-21,14.251,14.689,14.184,14.378,614579.3,2025-09-21 23:59:59.999,8854253.5382
2025-09-22,14.377,14.481,12.65,13.088,1407614.2,2025-09-22 23:59:59.999,18712057.0597
2025-09-23,13.085,13.261,12.714,12.828,757747.2,2025-09-23 23:59:59.999,9861441.6719
2025-09-24,12.826,13.334,12.6,13.033,534142.7,2025-09-24 23:59:59.999,6972030.1172
2025-09-25,13.034,13.056,11.896,12.147,1235665.1,2025-09-25 23:59:59.999,15410802.4472
2025-09-26,12.148,13.191,12.084,13.051,1051104.6,2025-09-26 23:59:59.999,13177513.1756
2025-09-27,13.05,13.375,12.819,12.973,607485.0,2025-09-27 23:59:59.999,7946120.9309
2025-09-28,12.973,13.446,12.664,13.351,536126.7,2025-09-28 23:59:59.999,6972314.3977
2025-09-29,13.352,13.4,12.886,13.226,566861.6,2025-09-29 23:59:59.999,7469334.6382
2025-09-30,13.228,13.333,12.542,12.97,708151.6,2025-09-30 23:59:59.999,9117760.6797
2025-10-01,12.971,13.712,12.797,13.667,639273.6,2025-10-01 23:59:59.999,8522960.3412
2025-10-02,13.667,14.267,13.595,14.135,712821.9,2025-10-02 23:59:59.999,9928741.1206
2025-10-03,14.137,14.524,13.887,14.224,703679.0,2025-10-03 23:59:59.999,9968425.7753
2025-10-04,14.225,14.309,13.286,13.469,820338.3,2025-10-04 23:59:59.999,11193106.677
2025-10-05,13.465,14.301,13.19,13.579,1152846.3,2025-10-05 23:59:59.999,15846977.4886
2025-10-06,13.578,14.175,13.457,14.016,811197.2,2025-10-06 23:59:59.999,11311517.9785
2025-10-07,14.02,14.202,13.25,13.333,825526.1,2025-10-07 23:59:59.999,11300499.6559
2025-10-08,13.333,13.549,12.952,13.504,735235.4,2025-10-08 23:59:59.999,9731087.558
2025-10-09,13.505,13.547,12.71,13.245,814961.0,2025-10-09 23:59:59.999,10655568.0295
2025-10-10,13.247,13.684,3.718,8.868,3431794.1,2025-10-10 23:59:59.999,33526849.1833
2025-10-11,8.869,10.476,8.666,9.556,2770639.4,2025-10-11 23:59:59.999,26320211.361
2025-10-12,9.557,10.78,9.41,10.611,1272891.0,2025-10-12 23:59:59.999,12865195.1859
2025-10-13,10.609,11.713,10.391,11.312,1333268.2,2025-10-13 23:59:59.999,14454085.0678
2025-10-14,11.314,11.362,10.093,10.684,1324307.0,2025-10-14 23:59:59.999,13979402.434
2025-10-15,10.682,10.982,9.953,10.096,804499.4,2025-10-15 23:59:59.999,8387209.0915
2025-10-16,10.096,10.35,9.521,9.678,1111323.5,2025-10-16 23:59:59.999,11091344.0809
2025-10-17,9.678,9.812,8.92,9.511,1243356.4,2025-10-17 23:59:59.999,11607425.9616
2025-10-18,9.51,9.874,9.497,9.723,584028.2,2025-10-18 23:59:59.999,5648760.6684
2025-10-19,9.721,10.001,9.424,9.824,661395.8,2025-10-19 23:59:59.999,6466098.1935
2025-10-20,9.823,10.26,9.63,10.005,736623.5,2025-10-20 23:59:59.999,7352450.4021
2025-10-21,10.004,10.38,9.539,9.725,858786.6,2025-10-21 23:59:59.999,8539021.3204
2025-10-22,9.724,9.784,9.101,9.36,932593.3,2025-10-22 23:59:59.999,8877979.7137
2025-10-23,9.361,9.923,9.324,9.749,556492.7,2025-10-23 23:59:59.999,5359109.1132
2025-10-24,9.749,9.999,9.63,9.893,502066.0,2025-10-24 23:59:59.999,4914087.4686
2025-10-25,9.892,9.911,9.659,9.818,238818.4,2025-10-25 23:59:59.999,2336865.4482
2025-10-26,9.818,10.103,9.661,9.961,447543.6,2025-10-26 23:59:59.999,4429926.2558
2025-10-27,9.962,10.142,9.539,9.626,737057.0,2025-10-27 23:59:59.999,7261123.5313
2025-10-28,9.625,10.02,9.311,9.553,1122630.2,2025-10-28 23:59:59.999,10940605.1678
2025-10-29,9.552,9.93,9.459,9.648,715832.1,2025-10-29 23:59:59.999,6948756.0365
2025-10-30,9.648,9.958,8.705,9.11,1889664.8,2025-10-30 23:59:59.999,17705133.9594
2025-10-31,9.111,9.307,8.907,9.107,783749.7,2025-10-31 23:59:59.999,7154532.2661
2025-11-01,9.107,9.703,9.049,9.697,771582.2,2025-11-01 23:59:59.999,7273145.3659
2025-11-02,9.697,9.965,9.396,9.769,668653.1,2025-11-02 23:59:59.999,6468974.6551
2025-11-03,9.769,9.774,8.154,8.588,1602555.1,2025-11-03 23:59:59.999,14121519.6523
2025-11-04,8.589,8.75,7.762,8.264,2104067.8,2025-11-04 23:59:59.999,17456078.9129
2025-11-05,8.265,8.595,7.859,8.502,990076.6,2025-11-05 23:59:59.999,8263641.5061
2025-11-06,8.502,8.542,7.966,8.44,1071935.0,2025-11-06 23:59:59.999,8886428.1066
2025-11-07,8.44,10.468,8.425,10.115,3178050.8,2025-11-07 23:59:59.999,30013950.5646
2025-11-08,10.116,10.723,9.839,10.292,2324669.4,2025-11-08 23:59:59.999,23701976.8626
2025-11-09,10.291,10.789,9.564,10.067,2077211.3,2025-11-09 23:59:59.999,20895679.7632
2025-11-10,10.066,10.299,9.83,10.098,941754.4,2025-11-10 23:59:59.999,9482187.691
2025-11-11,10.099,10.233,9.375,9.419,986986.3,2025-11-11 23:59:59.999,9653778.3302
2025-11-12,9.42,9.882,9.06,9.216,929366.9,2025-11-12 23:59:59.999,8812032.6667
2025-11-13,9.215,9.594,8.677,8.964,1099512.2,2025-11-13 23:59:59.999,10125737.5333
2025-11-14,8.964,9.034,8.452,8.629,1131183.0,2025-11-14 23:59:59.999,9935402.0377
2025-11-15,8.629,9.0,8.608,8.724,515378.3,2025-11-15 23:59:59.999,4543770.8808
2025-11-16,8.724,8.887,8.214,8.406,756827.7,2025-11-16 23:59:59.999,6447774.0702
2025-11-17,8.405,8.617,7.981,8.153,1126902.8,2025-11-17 23:59:59.999,9378984.4979
2025-11-18,8.153,8.556,8.006,8.393,977030.6,2025-11-18 23:59:59.999,8061060.3254
2025-11-19,8.393,8.459,7.716,8.226,908872.2,2025-11-19 23:59:59.999,7364342.3865
2025-11-20,8.225,8.499,7.667,7.826,1287996.9,2025-11-20 23:59:59.999,10345350.7841
2025-11-21,7.826,7.99,6.954,7.428,1936307.9,2025-11-21 23:59:59.999,14411611.0195
2025-11-22,7.428,7.545,7.205,7.428,785758.3,2025-11-22 23:59:59.999,5770087.898
2025-11-23,7.428,7.567,7.375,7.447,436857.0,2025-11-23 23:59:59.999,3272482.1395
2025-11-24,7.447,8.042,7.38,7.883,747374.7,2025-11-24 23:59:59.999,5706846.8796
2025-11-25,7.884,7.977,7.586,7.939,588862.9,2025-11-25 23:59:59.999,4592260.2238
2025-11-26,7.938,8.058,7.64,7.945,510446.2,2025-11-26 23:59:59.999,4000841.1462
2025-11-27,7.943,8.181,7.806,7.844,1274443.1,2025-11-27 23:59:59.999,10153465.2359
2025-11-28,7.844,7.93,7.435,7.469,1025376.3,2025-11-28 23:59:59.999,7853864.1597
2025-11-29,7.469,7.486,7.035,7.119,909760.8,2025-11-29 23:59:59.999,6616453.3936
2025-11-30,7.119,7.268,6.905,7.091,878304.9,2025-11-30 23:59:59.999,6224950.2523
2025-12-01,7.09,7.106,6.571,6.796,1390700.1,2025-12-01 23:59:59.999,9378929.27
2025-12-02,6.796,7.553,6.741,7.441,1525351.1,2025-12-02 23:59:59.999,10940425.4401
2025-12-03,7.437,7.72,7.358,7.562,1121157.3,2025-12-03 23:59:59.999,8442770.5032
2025-12-04,7.563,7.634,7.085,7.158,824391.9,2025-12-04 23:59:59.999,6073358.6856
2025-12-05,7.158,8.607,7.158,8.47,10708396.6,2025-12-05 23:59:59.999,86226057.0563
2025-12-06,8.47,8.559,7.902,7.924,4136096.6,2025-12-06 23:59:59.999,33652806.7742
2025-12-07,7.924,8.072,7.557,7.897,2189759.4,2025-12-07 23:59:59.999,17090373.0256
2025-12-08,7.896,8.161,7.786,8.011,1211419.0,2025-12-08 23:59:59.999,9672707.1328
2025-12-09,8.01,8.478,7.891,8.169,1297762.5,2025-12-09 23:59:59.999,10580757.6614
2025-12-10,8.17,8.181,7.69,7.771,1156898.5,2025-12-10 23:59:59.999,9194120.6573
2025-12-11,7.772,7.772,7.489,7.544,967722.2,2025-12-11 23:59:59.999,7359502.0497
2025-12-12,7.545,7.671,7.186,7.39,799802.2,2025-12-12 23:59:59.999,5954643.6348
2025-12-13,7.39,7.646,7.39,7.473,874423.5,2025-12-13 23:59:59.999,6544792.671
2025-12-14,7.472,7.512,7.013,7.097,569616.6,2025-12-14 23:59:59.999,4132330.9728
2025-12-15,7.097,7.296,6.675,6.884,1070232.0,2025-12-15 23:59:59.999,7463695.7347
2025-12-16,6.884,7.012,6.727,6.929,844120.8,2025-12-16 23:59:59.999,5814783.951
2025-12-17,6.929,6.988,6.41,6.43,1356542.5,2025-12-17 23:59:59.999,9132086.0534
2025-12-18,6.431,6.627,6.149,6.326,1209554.4,2025-12-18 23:59:59.999,7729223.495
2025-12-19,6.326,6.742,6.245,6.621,793163.1,2025-12-19 23:59:59.999,5174662.5796
2025-12-20,6.621,6.683,6.58,6.663,341000.9,2025-12-20 23:59:59.999,2260105.635
2025-12-21,6.664,6.763,6.315,6.432,639909.2,2025-12-21 23:59:59.999,4155894.341
2025-12-22,6.433,6.543,6.242,6.329,628994.1,2025-12-22 23:59:59.999,4026239.7587
2025-12-23,6.329,6.382,6.171,6.318,625760.4,2025-12-23 23:59:59.999,3918377.5378
2025-12-24,6.321,6.342,6.12,6.29,776523.4,2025-12-24 23:59:59.999,4847265.1018
2025-12-25,6.289,6.395,6.088,6.129,642670.4,2025-12-25 23:59:59.999,4024104.3997
2025-12-26,6.128,6.275,6.026,6.139,542453.7,2025-12-26 23:59:59.999,3339287.734
2025-12-27,6.139,6.312,6.122,6.293,478446.3,2025-12-27 23:59:59.999,2974292.646
2025-12-28,6.293,6.436,6.046,6.114,658257.7,2025-12-28 23:59:59.999,4108820.7514
2025-12-29,6.114,6.242,5.723,5.831,1441519.6,2025-12-29 23:59:59.999,8605630.7462
2025-12-30,5.832,5.835,5.559,5.665,1032630.8,2025-12-30 23:59:59.999,5862977.1845
2025-12-31,5.665,5.831,5.395,5.536,992458.7,2025-12-31 23:59:59.999,5575238.592
2026-01-01,5.537,5.935,5.38,5.915,1428628.6,2026-01-01 23:59:59.999,8001792.329
2026-01-02,5.916,6.076,5.758,6.058,1114116.0,2026-01-02 23:59:59.999,6568793.0056
2026-01-03,6.057,6.238,6.022,6.199,762658.9,2026-01-03 23:59:59.999,4674575.5682
2026-01-04,6.199,6.315,6.154,6.209,636042.3,2026-01-04 23:59:59.999,3958127.1241
2026-01-05,6.209,6.573,6.073,6.52,1036547.6,2026-01-05 23:59:59.999,6511997.0285
2026-01-06,6.521,6.854,6.317,6.679,1548283.1,2026-01-06 23:59:59.999,10237794.3962
2026-01-07,6.678,6.679,6.173,6.227,945974.7,2026-01-07 23:59:59.999,6062904.2448
2026-01-08,6.228,6.306,5.872,5.941,1094755.6,2026-01-08 23:59:59.999,6623675.1964
2026-01-09,5.942,6.508,5.867,6.253,2716553.1,2026-01-09 23:59:59.999,16952145.0298
2026-01-10,6.253,6.907,6.253,6.449,4932363.5,2026-01-10 23:59:59.999,32284661.6826
2026-01-11,6.448,6.547,6.154,6.221,1604115.3,2026-01-11 23:59:59.999,10133312.535
2026-01-12,6.221,6.273,5.904,5.941,1208983.8,2026-01-12 23:59:59.999,7354714.6418
2026-01-13,5.939,6.398,5.927,6.345,1283854.0,2026-01-13 23:59:59.999,7919262.625
2026-01-14,6.345,6.438,6.163,6.223,1237522.1,2026-01-14 23:59:59.999,7830119.4121
2026-01-15,6.223,6.267,5.912,6.012,1041506.7,2026-01-15 23:59:59.999,6339459.025
2026-01-16,6.012,6.18,5.905,6.177,700485.7,2026-01-16 23:59:59.999,4231640.6413
2026-01-17,6.178,6.86,6.161,6.637,2085750.6,2026-01-17 23:59:59.999,13688025.4054
2026-01-18,6.636,7.46,6.394,6.427,5234485.8,2026-01-18 23:59:59.999,35863763.1481
2026-01-19,6.425,6.427,5.647,6.174,2106954.6,2026-01-19 23:59:59.999,12828525.0271
2026-01-20,6.174,6.301,5.806,5.88,2245244.2,2026-01-20 23:59:59.999,13610761.8374
2026-01-21,5.881,6.122,5.81,6.011,1340923.0,2026-01-21 23:59:59.999,8014648.7572
2026-01-22,6.011,6.141,5.826,5.962,701176.2,2026-01-22 23:59:59.999,4190404.2378
2026-01-23,5.963,6.096,5.884,5.933,767050.7,2026-01-23 23:59:59.999,4590972.7089
2026-01-24,5.933,5.991,5.839,5.913,376997.7,2026-01-24 23:59:59.999,2232319.7512
2026-01-25,5.914,5.922,5.468,5.603,714669.8,2026-01-25 23:59:59.999,4072645.4019
2026-01-26,5.602,5.834,5.548,5.766,591816.7,2026-01-26 23:59:59.999,3381622.3575
2026-01-27,5.766,5.866,5.608,5.819,547123.6,2026-01-27 23:59:59.999,3134913.1348
2026-01-28,5.82,5.836,5.631,5.765,561763.7,2026-01-28 23:59:59.999,3219488.57
2026-01-29,5.765,5.787,5.201,5.281,966228.5,2026-01-29 23:59:59.999,5228783.8797
2026-01-30,5.282,5.324,5.051,5.197,1056976.3,2026-01-30 23:59:59.999,5473944.5092
2026-01-31,5.196,5.205,4.262,4.732,1592189.0,2026-01-31 23:59:59.999,7586943.6047
2026-02-01,4.732,5.046,4.555,4.636,2161136.9,2026-02-01 23:59:59.999,10354915.5048
2026-02-02,4.637,4.87,4.505,4.803,1137737.3,2026-02-02 23:59:59.999,5323445.9151
2026-02-03,4.804,5.103,4.558,4.881,1469163.2,2026-02-03 23:59:59.999,7054775.8482
2026-02-04,4.882,5.073,4.596,4.712,1414096.1,2026-02-04 23:59:59.999,6793240.3714
2026-02-05,4.713,4.759,3.977,4.029,3366491.7,2026-02-05 23:59:59.999,14442887.3225
2026-02-06,4.027,4.642,3.641,4.528,2954076.4,2026-02-06 23:59:59.999,12227680.9207
2026-02-07,4.528,5.049,4.365,5.0,1640100.5,2026-02-07 23:59:59.999,7596288.2464
2026-02-08,5.0,5.026,4.556,4.619,1794119.6,2026-02-08 23:59:59.999,8550304.5318
2026-02-09,4.619,4.745,4.447,4.575,924804.2,2026-02-09 23:59:59.999,4242074.8775
2026-02-10,4.576,4.611,4.414,4.5,798701.8,2026-02-10 23:59:59.999,3580020.8389
2026-02-11,4.5,4.676,4.375,4.57,1393936.3,2026-02-11 23:59:59.999,6265081.2505
2026-02-12,4.572,4.79,4.53,4.661,838564.7,2026-02-12 23:59:59.999,3895055.2538
2026-02-13,4.661,5.204,4.566,5.177,2563745.0,2026-02-13 23:59:59.999,12316355.7002
2026-02-14,5.178,5.362,5.014,5.268,1728481.9,2026-02-14 23:59:59.999,8988089.3304
2026-02-15,5.266,5.369,4.842,4.889,1306354.7,2026-02-15 23:59:59.999,6637061.1577
2026-02-16,4.89,4.93,4.714,4.832,985309.3,2026-02-16 23:59:59.999,4741724.4032
2026-02-17,4.832,4.939,4.609,4.69,1314937.9,2026-02-17 23:59:59.999,6247424.716
2026-02-18,4.691,4.722,4.457,4.5,691368.3,2026-02-18 23:59:59.999,3184593.5
2026-02-19,4.5,4.548,4.336,4.531,665311.5,2026-02-19 23:59:59.999,2963680.4276
2026-02-20,4.531,4.645,4.422,4.615,712545.0,2026-02-20 23:59:59.999,3233937.5557
2026-02-21,4.612,4.703,4.548,4.557,451348.9,2026-02-21 23:59:59.999,2086914.0142
2026-02-22,4.556,4.559,4.362,4.462,500246.2,2026-02-22 23:59:59.999,2227732.1804
2026-02-23,4.463,4.463,4.224,4.316,837847.5,2026-02-23 23:59:59.999,3616654.0567
2026-02-24,4.314,4.351,4.143,4.27,839103.8,2026-02-24 23:59:59.999,3563863.5684
2026-02-25,4.271,4.811,4.248,4.614,1074069.4,2026-02-25 23:59:59.999,4893173.9647
2026-02-26,4.615,4.635,4.373,4.467,759408.5,2026-02-26 23:59:59.999,3431976.1631
2026-02-27,4.466,4.72,4.361,4.431,910800.0,2026-02-27 23:59:59.999,4133539.1954
2026-02-28,4.43,4.533,4.144,4.523,1282657.3,2026-02-28 23:59:59.999,5497354.2342
2026-03-01,4.522,4.662,4.248,4.327,828569.3,2026-03-01 23:59:59.999,3678745.2106
2026-03-02,4.328,4.582,4.288,4.394,1410740.1,2026-03-02 23:59:59.999,6224078.2558
2026-03-03,4.395,4.395,4.104,4.177,1774802.7,2026-03-03 23:59:59.999,7494565.7387
2026-03-04,4.178,4.445,4.101,4.271,2927907.5,2026-03-04 23:59:59.999,12508738.7915
2026-03-05,4.27,4.282,4.079,4.14,1410889.4,2026-03-05 23:59:59.999,5916983.3161
2026-03-06,4.141,4.25,4.014,4.114,1062640.0,2026-03-06 23:59:59.999,4372399.8048
2026-03-07,4.114,4.323,4.031,4.06,1355442.8,2026-03-07 23:59:59.999,5631733.9551
2026-03-08,4.06,4.214,3.991,4.06,1473035.6,2026-03-08 23:59:59.999,6036622.5499
2026-03-09,4.059,4.25,4.057,4.161,930002.9,2026-03-09 23:59:59.999,3879905.8256
2026-03-10,4.158,4.269,4.114,4.132,818621.8,2026-03-10 23:59:59.999,3433313.9987
2026-03-11,4.133,4.228,4.036,4.185,1147332.7,2026-03-11 23:59:59.999,4725996.5096
2026-03-12,4.185,4.189,4.036,4.142,785136.8,2026-03-12 23:59:59.999,3233232.6373
2026-03-13,4.142,4.297,4.11,4.128,821137.1,2026-03-13 23:59:59.999,3453889.1014
2026-03-14,4.127,4.13,4.044,4.112,692279.8,2026-03-14 23:59:59.999,2827562.3681
2026-03-15,4.113,4.365,4.097,4.301,1744595.4,2026-03-15 23:59:59.999,7434759.1234
2026-03-16,4.301,4.484,4.254,4.443,1047555.0,2026-03-16 23:59:59.999,4582549.6287
2026-03-17,4.443,4.499,4.311,4.339,955703.7,2026-03-17 23:59:59.999,4189022.001
2026-03-18,4.34,4.416,4.075,4.123,930703.0,2026-03-18 23:59:59.999,3948193.522
2026-03-19,4.124,4.124,3.973,4.071,680922.2,2026-03-19 23:59:59.999,2756784.3391
2026-03-20,4.07,4.283,4.069,4.137,1265151.8,2026-03-20 23:59:59.999,5266712.7213
2026-03-21,4.137,4.162,3.952,3.981,520015.3,2026-03-21 23:59:59.999,2126035.9924
2026-03-22,3.98,4.011,3.854,3.902,703507.6,2026-03-22 23:59:59.999,2774552.6394
2026-03-23,3.902,4.132,3.871,4.12,975572.4,2026-03-23 23:59:59.999,3917241.4196
2026-03-24,4.12,4.133,3.993,4.062,805429.2,2026-03-24 23:59:59.999,3262548.7904
2026-03-25,4.062,4.1,4.002,4.05,515061.4,2026-03-25 23:59:59.999,2083455.7494
2026-03-26,4.051,4.056,3.844,3.899,749255.1,2026-03-26 23:59:59.999,2936263.0653
2026-03-27,3.899,4.061,3.797,3.822,1410105.7,2026-03-27 23:59:59.999,5539009.64
2026-03-28,3.823,3.884,3.757,3.798,593478.6,2026-03-28 23:59:59.999,2272001.4938
2026-03-29,3.798,3.81,3.641,3.717,557341.9,2026-03-29 23:59:59.999,2086425.8374
2026-03-30,3.718,3.859,3.689,3.7,580889.8,2026-03-30 23:59:59.999,2194165.5421
2026-03-31,3.701,3.807,3.692,3.803,752235.8,2026-03-31 23:59:59.999,2824185.7834
2026-04-01,3.803,3.928,3.766,3.825,789444.9,2026-04-01 23:59:59.999,3031831.7858
2026-04-02,3.825,3.856,3.606,3.686,881212.8,2026-04-02 23:59:59.999,3251385.7995
2026-04-03,3.687,3.886,3.676,3.755,668593.0,2026-04-03 23:59:59.999,2534285.3021
2026-04-04,3.755,3.802,3.726,3.774,329868.8,2026-04-04 23:59:59.999,1239083.9773
2026-04-05,3.774,3.783,3.645,3.743,488993.6,2026-04-05 23:59:59.999,1806930.6863
2026-04-06,3.743,3.836,3.674,3.714,870165.0,2026-04-06 23:59:59.999,3269002.8094
2026-04-07,3.714,3.911,3.608,3.889,850614.4,2026-04-07 23:59:59.999,3155693.9429
2026-04-08,3.888,3.903,3.768,3.794,679845.0,2026-04-08 23:59:59.999,2615591.4753
2026-04-09,3.794,3.928,3.737,3.874,699689.2,2026-04-09 23:59:59.999,2677781.2876
2026-04-10,3.874,3.915,3.809,3.911,790401.6,2026-04-10 23:59:59.999,3055714.0508
2026-04-11,3.912,3.92,3.799,3.869,545337.0,2026-04-11 23:59:59.999,2107361.4707
2026-04-12,3.87,3.922,3.673,3.692,740375.2,2026-04-12 23:59:59.999,2791550.4573
2026-04-13,3.692,3.925,3.657,3.902,839557.9,2026-04-13 23:59:59.999,3134718.2405
2026-04-14,3.902,3.907,3.715,3.75,640319.3,2026-04-14 23:59:59.999,2431421.0748
2026-04-15,3.751,4.061,3.742,4.044,1172998.6,2026-04-15 23:59:59.999,4604759.7283
2026-04-16,4.044,4.326,4.03,4.285,2580686.9,2026-04-16 23:59:59.999,10725887.0732
2026-04-17,4.284,4.624,4.134,4.508,1951215.1,2026-04-17 23:59:59.999,8537446.071
2026-04-18,4.509,4.526,4.183,4.201,1020425.5,2026-04-18 23:59:59.999,4417978.3091
2026-04-19,4.201,4.209,4.005,4.023,1158954.6,2026-04-19 23:59:59.999,4766005.6879
2026-04-20,4.022,4.27,3.966,4.156,1439476.9,2026-04-20 23:59:59.999,5904624.9934
2026-04-21,4.157,4.323,4.064,4.152,1307020.4,2026-04-21 23:59:59.999,5459098.4078
2026-04-22,4.153,4.338,4.122,4.182,798339.0,2026-04-22 23:59:59.999,3391377.8588
2026-04-23,4.183,4.215,4.086,4.209,712196.1,2026-04-23 23:59:59.999,2950375.207
2026-04-24,4.209,4.319,4.148,4.273,623342.8,2026-04-24 23:59:59.999,2644110.4317
2026-04-25,4.272,4.496,4.252,4.349,1152311.3,2026-04-25 23:59:59.999,5043193.684
2026-04-26,4.349,4.526,4.304,4.43,806216.7,2026-04-26 23:59:59.999,3563067.335
2026-04-27,4.431,4.493,4.144,4.235,799094.9,2026-04-27 23:59:59.999,3420261.563
2026-04-28,4.233,4.255,4.159,4.213,799223.3,2026-04-28 23:59:59.999,3360666.6745
2026-04-29,4.213,4.309,4.022,4.122,970671.4,2026-04-29 23:59:59.999,4029726.2784
2026-04-30,4.123,4.126,4.023,4.069,985057.8,2026-04-30 23:59:59.999,4016328.4539
2026-05-01,4.069,4.159,4.05,4.095,564285.1,2026-05-01 23:59:59.999,2315169.358
2026-05-02,4.095,4.144,4.035,4.114,500522.2,2026-05-02 23:59:59.999,2041419.9768
2026-05-03,4.114,4.124,4.031,4.05,443656.6,2026-05-03 23:59:59.999,1803410.4882
2026-05-04,4.051,4.173,4.011,4.059,1233340.5,2026-05-04 23:59:59.999,5031281.0778
2026-05-05,4.061,4.207,4.048,4.168,1329898.6,2026-05-05 23:59:59.999,5476129.9412
2026-05-06,4.168,4.396,4.168,4.314,1654389.6,2026-05-06 23:59:59.999,7079688.2417
2026-05-07,4.312,4.386,4.199,4.321,887304.3,2026-05-07 23:59:59.999,3813539.4455
2026-05-08,4.321,4.688,4.282,4.618,1100289.1,2026-05-08 23:59:59.999,4919998.3191
2026-05-09,4.619,4.699,4.508,4.554,792852.6,2026-05-09 23:59:59.999,3638714.208
2026-05-10,4.553,4.874,4.512,4.75,2364851.5,2026-05-10 23:59:59.999,11159827.4194
2026-05-11,4.75,4.861,4.605,4.821,1417649.3,2026-05-11 23:59:59.999,6760539.1739
2026-05-12,4.822,4.825,4.558,4.639,732298.2,2026-05-12 23:59:59.999,3430677.02
2026-05-13,4.638,4.777,4.4,4.443,1055174.6,2026-05-13 23:59:59.999,4805263.8875
2026-05-14,4.442,4.511,4.332,4.434,1010481.6,2026-05-14 23:59:59.999,4469274.2492
2026-05-15,4.435,4.46,4.116,4.187,879677.4,2026-05-15 23:59:59.999,3747327.9815
2026-05-16,4.188,4.188,3.961,4.006,857775.7,2026-05-16 23:59:59.999,3481202.1492
2026-05-17,4.006,4.032,3.757,3.87,642064.7,2026-05-17 23:59:59.999,2533748.7727
2026-05-18,3.87,3.966,3.837,3.942,677786.4,2026-05-18 23:59:59.999,2641136.93
2026-05-19,3.942,3.965,3.837,3.853,450458.9,2026-05-19 23:59:59.999,1756349.7556
2026-05-20,3.853,3.989,3.838,3.964,461071.0,2026-05-20 23:59:59.999,1805185.1321
2026-05-21,3.964,4.044,3.919,4.021,662002.5,2026-05-21 23:59:59.999,2634480.304
2026-05-22,4.022,4.161,3.862,3.888,783090.9,2026-05-22 23:59:59.999,3153167.2421
2026-05-23,3.889,4.11,3.782,4.054,909295.6,2026-05-23 23:59:59.999,3555012.0383
2026-05-24,4.053,4.065,3.848,3.912,492281.6,2026-05-24 23:59:59.999,1948675.585
2026-05-25,3.913,4.015,3.899,3.94,389392.4,2026-05-25 23:59:59.999,1542368.3855
2026-05-26,3.941,3.965,3.76,3.762,774975.1,2026-05-26 23:59:59.999,3000160.1026
2026-05-27,3.763,3.882,3.67,3.697,977093.4,2026-05-27 23:59:59.999,3689705.3639
2026-05-28,3.696,3.704,3.479,3.598,1210515.2,2026-05-28 23:59:59.999,4323362.1911
