open_time,open,high,low,close,volume,close_time,quote_asset_volume
2020-09-29,0.1897,0.1897,0.15045,0.16021,32674284.0,2020-09-29 23:59:59.999,5407747.183
2020-09-30,0.16049,0.16468,0.1539,0.16094,15999488.0,2020-09-30 23:59:59.999,2560356.50425
2020-10-01,0.16125,0.1661,0.14961,0.15411,11751573.0,2020-10-01 23:59:59.999,1872404.14709
2020-10-02,0.15382,0.15474,0.14266,0.15016,8566272.0,2020-10-02 23:59:59.999,1274073.80871
2020-10-03,0.15041,0.15412,0.14823,0.14979,3373453.0,2020-10-03 23:59:59.999,508560.89601
2020-10-04,0.1498,0.15465,0.14591,0.15204,6028972.0,2020-10-04 23:59:59.999,907172.09512
2020-10-05,0.15183,0.15596,0.14692,0.15439,7561328.0,2020-10-05 23:59:59.999,1151873.97089
2020-10-06,0.15464,0.15502,0.142,0.14386,7057608.0,2020-10-06 23:59:59.999,1042831.7542
2020-10-07,0.14391,0.14926,0.1386,0.14881,7839902.0,2020-10-07 23:59:59.999,1121565.69828
2020-10-08,0.14898,0.15217,0.14055,0.15069,9475525.0,2020-10-08 23:59:59.999,1398664.19428
2020-10-09,0.15058,0.15691,0.14661,0.15436,8097493.0,2020-10-09 23:59:59.999,1235533.93422
2020-10-10,0.15432,0.16422,0.15374,0.1598,9429930.0,2020-10-10 23:59:59.999,1493258.82691
2020-10-11,0.15952,0.1665,0.15469,0.15882,12924040.0,2020-10-11 23:59:59.999,2082394.19987
2020-10-12,0.1586,0.17273,0.15749,0.16629,24050703.0,2020-10-12 23:59:59.999,4029711.21141
2020-10-13,0.16643,0.16725,0.15662,0.16197,9049165.0,2020-10-13 23:59:59.999,1474150.7915
2020-10-14,0.16193,0.16302,0.14972,0.15387,9295467.0,2020-10-14 23:59:59.999,1446397.32161
2020-10-15,0.15399,0.156,0.149,0.15278,5808846.0,2020-10-15 23:59:59.999,890366.33088
2020-10-16,0.15274,0.15362,0.1438,0.14554,5572189.0,2020-10-16 23:59:59.999,824480.52758
2020-10-17,0.14586,0.15199,0.14398,0.14833,4471270.0,2020-10-17 23:59:59.999,664459.34999
2020-10-18,0.14852,0.15124,0.14685,0.15079,3215298.0,2020-10-18 23:59:59.999,479508.70728
2020-10-19,0.15099,0.15176,0.14658,0.14929,4692834.0,2020-10-19 23:59:59.999,699726.75256
2020-10-20,0.14908,0.14951,0.13733,0.14017,7468573.0,2020-10-20 23:59:59.999,1066470.04684
2020-10-21,0.13987,0.14941,0.13977,0.14407,7336946.0,2020-10-21 23:59:59.999,1063633.53654
2020-10-22,0.14407,0.15422,0.1438,0.15163,7348893.0,2020-10-22 23:59:59.999,1103394.37509
2020-10-23,0.15172,0.15359,0.14518,0.14811,7924940.0,2020-10-23 23:59:59.999,1185506.33474
2020-10-24,0.14817,0.15057,0.14456,0.14686,4796747.0,2020-10-24 23:59:59.999,709979.63499
2020-10-25,0.14676,0.14875,0.14182,0.144,4720873.0,2020-10-25 23:59:59.999,684820.60087
2020-10-26,0.14393,0.14598,0.13254,0.13835,11552415.0,2020-10-26 23:59:59.999,1607337.76367
2020-10-27,0.13843,0.14207,0.13574,0.13952,7240815.0,2020-10-27 23:59:59.999,1007381.29788
2020-10-28,0.13971,0.14136,0.13089,0.1348,7054545.0,2020-10-28 23:59:59.999,955666.59852
2020-10-29,0.13499,0.138,0.12973,0.13253,8957969.0,2020-10-29 23:59:59.999,1200940.07694
2020-10-30,0.13232,0.13381,0.1248,0.12608,12084248.0,2020-10-30 23:59:59.999,1545080.38161
2020-10-31,0.12612,0.13153,0.12577,0.12763,7783969.0,2020-10-31 23:59:59.999,1001878.73563
2020-11-01,0.12759,0.1289,0.12409,0.1273,9371952.0,2020-11-01 23:59:59.999,1186744.66675
2020-11-02,0.12734,0.12994,0.1211,0.12121,12035127.0,2020-11-02 23:59:59.999,1504303.23008
2020-11-03,0.12119,0.12134,0.1155,0.11915,13686556.0,2020-11-03 23:59:59.999,1611196.92524
2020-11-04,0.11935,0.11991,0.11103,0.11832,11121698.0,2020-11-04 23:59:59.999,1286735.36818
2020-11-05,0.11832,0.12641,0.11795,0.12377,16229410.0,2020-11-05 23:59:59.999,1982641.86887
2020-11-06,0.12382,0.13871,0.12311,0.138,20067639.0,2020-11-06 23:59:59.999,2669062.01185
2020-11-07,0.13801,0.1441,0.12326,0.12808,33652231.0,2020-11-07 23:59:59.999,4527488.40521
2020-11-08,0.12795,0.13968,0.12541,0.13669,13643631.0,2020-11-08 23:59:59.999,1822452.93367
2020-11-09,0.13675,0.13811,0.12804,0.13379,8359943.0,2020-11-09 23:59:59.999,1107163.42364
2020-11-10,0.13384,0.1423,0.13236,0.13985,10222886.0,2020-11-10 23:59:59.999,1422948.41853
2020-11-11,0.13987,0.14512,0.137,0.13837,12342811.0,2020-11-11 23:59:59.999,1730145.08084
2020-11-12,0.13837,0.14212,0.13168,0.13472,10901521.0,2020-11-12 23:59:59.999,1495739.89747
2020-11-13,0.13475,0.14487,0.1331,0.14406,12307633.0,2020-11-13 23:59:59.999,1720066.84656
2020-11-14,0.14423,0.14473,0.13515,0.14142,7500762.0,2020-11-14 23:59:59.999,1052173.28425
2020-11-15,0.1417,0.15137,0.1384,0.14461,24090293.0,2020-11-15 23:59:59.999,3509637.5944
2020-11-16,0.1446,0.15045,0.14102,0.14587,17407152.0,2020-11-16 23:59:59.999,2554983.64518
2020-11-17,0.14596,0.14788,0.14341,0.14613,13212754.0,2020-11-17 23:59:59.999,1926150.761
2020-11-18,0.14616,0.1475,0.13304,0.13861,16889413.0,2020-11-18 23:59:59.999,2348023.87044
2020-11-19,0.13878,0.14104,0.134,0.13694,10167704.0,2020-11-19 23:59:59.999,1398437.2116
2020-11-20,0.13689,0.14163,0.13507,0.14069,19888383.0,2020-11-20 23:59:59.999,2758383.53337
2020-11-21,0.14069,0.1515,0.13715,0.15082,21856450.0,2020-11-21 23:59:59.999,3185453.29255
2020-11-22,0.15102,0.15424,0.1363,0.14592,24876345.0,2020-11-22 23:59:59.999,3623343.97438
2020-11-23,0.146,0.15722,0.14121,0.1555,28490787.0,2020-11-23 23:59:59.999,4311842.44424
2020-11-24,0.15545,0.1645,0.14731,0.15993,34433072.0,2020-11-24 23:59:59.999,5409444.58896
2020-11-25,0.15999,0.17864,0.15514,0.16234,37788357.0,2020-11-25 23:59:59.999,6266870.63291
2020-11-26,0.16192,0.1689,0.13248,0.14206,44466803.0,2020-11-26 23:59:59.999,6526605.04161
2020-11-27,0.14193,0.14513,0.13323,0.14145,14694280.0,2020-11-27 23:59:59.999,2040656.54811
2020-11-28,0.14173,0.15149,0.14014,0.14458,12742248.0,2020-11-28 23:59:59.999,1852118.8798
2020-11-29,0.14467,0.14549,0.14095,0.1439,8911022.0,2020-11-29 23:59:59.999,1277393.87368
2020-11-30,0.14384,0.14948,0.13869,0.14903,24164624.0,2020-11-30 23:59:59.999,3497394.29196
2020-12-01,0.14906,0.15417,0.13522,0.1464,39421692.0,2020-12-01 23:59:59.999,5769970.4703
2020-12-02,0.14628,0.16169,0.14407,0.16152,22936545.0,2020-12-02 23:59:59.999,3477632.92029
2020-12-03,0.16146,0.16393,0.15372,0.15733,19290410.0,2020-12-03 23:59:59.999,3057776.14925
2020-12-04,0.15752,0.16229,0.14411,0.14651,51471538.0,2020-12-04 23:59:59.999,7899503.84357
2020-12-05,0.14642,0.15644,0.14333,0.15305,29439534.0,2020-12-05 23:59:59.999,4461113.89635
2020-12-06,0.15308,0.15419,0.1476,0.15273,17667580.0,2020-12-06 23:59:59.999,2669124.99818
2020-12-07,0.15281,0.15677,0.14932,0.15177,15710932.0,2020-12-07 23:59:59.999,2406509.6077
2020-12-08,0.15176,0.15779,0.13895,0.14044,28068959.0,2020-12-08 23:59:59.999,4199034.36706
2020-12-09,0.14037,0.14176,0.13091,0.14096,18023067.0,2020-12-09 23:59:59.999,2493728.24525
2020-12-10,0.14082,0.14461,0.13662,0.14274,23208189.0,2020-12-10 23:59:59.999,3285235.71674
2020-12-11,0.14282,0.14337,0.13429,0.14009,14341493.0,2020-12-11 23:59:59.999,1987150.00694
2020-12-12,0.14014,0.14508,0.14002,0.14472,8060897.0,2020-12-12 23:59:59.999,1158492.85325
2020-12-13,0.14479,0.14616,0.14122,0.14375,10204594.0,2020-12-13 23:59:59.999,1469670.67136
2020-12-14,0.14376,0.15364,0.14104,0.15128,21207002.0,2020-12-14 23:59:59.999,3152333.33112
2020-12-15,0.15134,0.15947,0.147,0.15539,32109920.0,2020-12-15 23:59:59.999,4944108.60557
2020-12-16,0.15539,0.15745,0.15145,0.15517,19472784.0,2020-12-16 23:59:59.999,3005989.07536
2020-12-17,0.15506,0.16282,0.15051,0.15303,30042723.0,2020-12-17 23:59:59.999,4741212.46792
2020-12-18,0.15322,0.16404,0.15,0.16062,19695081.0,2020-12-18 23:59:59.999,3112217.76883
2020-12-19,0.16062,0.16711,0.15878,0.15926,18042580.0,2020-12-19 23:59:59.999,2937102.80655
2020-12-20,0.15907,0.15926,0.14996,0.15251,11481400.0,2020-12-20 23:59:59.999,1785911.4903
2020-12-21,0.15246,0.15605,0.14133,0.14531,18611810.0,2020-12-21 23:59:59.999,2754305.88501
2020-12-22,0.14526,0.14699,0.13845,0.1448,17143362.0,2020-12-22 23:59:59.999,2450329.31445
2020-12-23,0.14469,0.14559,0.11557,0.12211,30379023.0,2020-12-23 23:59:59.999,3996185.17635
2020-12-24,0.12211,0.14383,0.11924,0.14378,26590192.0,2020-12-24 23:59:59.999,3440444.04319
2020-12-25,0.14378,0.1455,0.13839,0.14093,14023030.0,2020-12-25 23:59:59.999,1987170.97137
2020-12-26,0.14096,0.14133,0.13423,0.14064,11788187.0,2020-12-26 23:59:59.999,1626865.99152
2020-12-27,0.14064,0.14701,0.13376,0.13684,26311962.0,2020-12-27 23:59:59.999,3713364.03653
2020-12-28,0.13676,0.1449,0.13544,0.13905,21441683.0,2020-12-28 23:59:59.999,3021915.86666
2020-12-29,0.13917,0.141,0.12919,0.1336,17167858.0,2020-12-29 23:59:59.999,2305117.91306
2020-12-30,0.1336,0.13704,0.1291,0.12971,19611644.0,2020-12-30 23:59:59.999,2583547.91543
2020-12-31,0.12977,0.13083,0.1245,0.12989,14804516.0,2020-12-31 23:59:59.999,1888053.57388
2021-01-01,0.13003,0.13911,0.12874,0.13575,21513428.0,2021-01-01 23:59:59.999,2915173.64477
2021-01-02,0.13576,0.13588,0.12733,0.13189,11965619.0,2021-01-02 23:59:59.999,1579296.86237
2021-01-03,0.13189,0.13748,0.1285,0.13549,27415169.0,2021-01-03 23:59:59.999,3660450.08459
2021-01-04,0.13556,0.14808,0.12891,0.14152,66139328.0,2021-01-04 23:59:59.999,9182270.19707
2021-01-05,0.14154,0.14882,0.13445,0.14711,41199932.0,2021-01-05 23:59:59.999,5844017.45936
2021-01-06,0.14694,0.1632,0.14277,0.1607,65446864.0,2021-01-06 23:59:59.999,9989950.80221
2021-01-07,0.16072,0.18971,0.15457,0.16432,100540701.0,2021-01-07 23:59:59.999,17168967.86709
2021-01-08,0.16428,0.272,0.16428,0.21566,491460120.0,2021-01-08 23:59:59.999,111061632.05535
2021-01-09,0.21566,0.21654,0.18887,0.20505,135985806.0,2021-01-09 23:59:59.999,27392928.92527
2021-01-10,0.20472,0.21461,0.16783,0.1856,106606380.0,2021-01-10 23:59:59.999,20514986.44052
2021-01-11,0.18564,0.18621,0.14018,0.16325,105495220.0,2021-01-11 23:59:59.999,16621865.78076
2021-01-12,0.16328,0.18086,0.15676,0.16711,81727168.0,2021-01-12 23:59:59.999,13849172.49959
2021-01-13,0.16716,0.18096,0.15723,0.17984,41183404.0,2021-01-13 23:59:59.999,6975414.76832
2021-01-14,0.17973,0.19038,0.17278,0.18394,35530802.0,2021-01-14 23:59:59.999,6492177.56929
2021-01-15,0.18396,0.1981,0.16878,0.18893,73310364.0,2021-01-15 23:59:59.999,13662286.98779
2021-01-16,0.18902,0.2095,0.18694,0.19523,61201326.0,2021-01-16 23:59:59.999,12146431.8184
2021-01-17,0.19523,0.295,0.19501,0.23233,302507450.0,2021-01-17 23:59:59.999,74960368.10063
2021-01-18,0.23229,0.27299,0.22605,0.24801,120109661.0,2021-01-18 23:59:59.999,29695068.9758
2021-01-19,0.2481,0.4196,0.23733,0.3595,593136073.0,2021-01-19 23:59:59.999,206591021.32973
2021-01-20,0.35886,0.453,0.34687,0.4203,537445512.0,2021-01-20 23:59:59.999,224119006.2669
2021-01-21,0.42029,0.43544,0.32427,0.33034,236766576.0,2021-01-21 23:59:59.999,88095164.41648
2021-01-22,0.32991,0.41472,0.29201,0.38155,193690153.0,2021-01-22 23:59:59.999,69700212.55332
2021-01-23,0.38127,0.44686,0.37447,0.4296,132494225.0,2021-01-23 23:59:59.999,55600311.05025
2021-01-24,0.42962,0.43037,0.39538,0.42054,51307424.0,2021-01-24 23:59:59.999,21145063.96689
2021-01-25,0.42093,0.496,0.40328,0.47277,100759229.0,2021-01-25 23:59:59.999,43850799.9645
2021-01-26,0.47267,0.49016,0.38317,0.4392,155237529.0,2021-01-26 23:59:59.999,68083234.6874
2021-01-27,0.43917,0.43992,0.35531,0.36437,56619470.0,2021-01-27 23:59:59.999,21909095.0064
2021-01-28,0.36421,0.39344,0.34254,0.37434,49872533.0,2021-01-28 23:59:59.999,18499165.04003
2021-01-29,0.37413,0.37553,0.34354,0.36132,37592780.0,2021-01-29 23:59:59.999,13548001.61853
2021-01-30,0.36131,0.3635,0.33171,0.33705,28988023.0,2021-01-30 23:59:59.999,9990334.95292
2021-01-31,0.33706,0.36733,0.331,0.34361,49808541.0,2021-01-31 23:59:59.999,17363318.18301
2021-02-01,0.34364,0.3603,0.31455,0.34321,52587119.0,2021-02-01 23:59:59.999,17711473.53075
2021-02-02,0.34352,0.386,0.3375,0.36612,64566245.0,2021-02-02 23:59:59.999,23460135.6345
2021-02-03,0.36621,0.37949,0.35782,0.37517,24767578.0,2021-02-03 23:59:59.999,9160248.31518
2021-02-04,0.37548,0.385,0.33017,0.36633,77109221.0,2021-02-04 23:59:59.999,28424938.28737
2021-02-05,0.36596,0.4192,0.36273,0.41372,87471045.0,2021-02-05 23:59:59.999,34629314.03995
2021-02-06,0.41368,0.41915,0.34901,0.39252,58201759.0,2021-02-06 23:59:59.999,22400858.5034
2021-02-07,0.39297,0.4098,0.35641,0.38147,47861532.0,2021-02-07 23:59:59.999,18475320.81851
2021-02-08,0.381,0.4075,0.37339,0.40011,44216736.0,2021-02-08 23:59:59.999,17543286.71831
2021-02-09,0.40076,0.4408,0.39249,0.42118,74350931.0,2021-02-09 23:59:59.999,30800667.69209
2021-02-10,0.42122,0.45875,0.379,0.42668,84050967.0,2021-02-10 23:59:59.999,35581771.01046
2021-02-11,0.42682,0.66939,0.42007,0.6039,271485508.0,2021-02-11 23:59:59.999,156077941.21062
2021-02-12,0.60407,0.65937,0.56,0.61277,107656122.0,2021-02-12 23:59:59.999,64883905.14716
2021-02-13,0.61313,0.63775,0.5324,0.5945,70603293.0,2021-02-13 23:59:59.999,41874884.85413
2021-02-14,0.59499,0.62823,0.53252,0.55225,51183270.0,2021-02-14 23:59:59.999,29403754.01711
2021-02-15,0.55225,0.56885,0.44074,0.52454,61715393.0,2021-02-15 23:59:59.999,31690214.61943
2021-02-16,0.52503,0.5901,0.5124,0.54527,49773482.0,2021-02-16 23:59:59.999,27572205.7112
2021-02-17,0.54522,0.57489,0.50008,0.55223,34353567.0,2021-02-17 23:59:59.999,18511988.43054
2021-02-18,0.55263,0.59423,0.53839,0.59064,57982827.0,2021-02-18 23:59:59.999,32990889.3361
2021-02-19,0.59087,0.62313,0.55039,0.60379,47792812.0,2021-02-19 23:59:59.999,27904899.17382
2021-02-20,0.60436,0.60907,0.511,0.55174,48588351.0,2021-02-20 23:59:59.999,27877895.05647
2021-02-21,0.55157,0.58801,0.54083,0.57447,25179779.0,2021-02-21 23:59:59.999,14312584.33366
2021-02-22,0.57435,0.67508,0.43848,0.54262,121270025.0,2021-02-22 23:59:59.999,68853628.90379
2021-02-23,0.54285,0.54757,0.34059,0.452,110335817.0,2021-02-23 23:59:59.999,48212766.46364
2021-02-24,0.45189,0.50984,0.41965,0.49055,46181770.0,2021-02-24 23:59:59.999,21626972.50716
2021-02-25,0.4902,0.669,0.48834,0.54083,181229511.0,2021-02-25 23:59:59.999,106323891.3286
2021-02-26,0.54011,0.62569,0.52354,0.57701,131538013.0,2021-02-26 23:59:59.999,75917219.77535
2021-02-27,0.5769,0.65644,0.55112,0.56771,67179389.0,2021-02-27 23:59:59.999,40554651.73772
2021-02-28,0.56802,0.59,0.47533,0.57651,59096958.0,2021-02-28 23:59:59.999,31155028.99284
2021-03-01,0.57588,0.72964,0.56348,0.69856,143153254.0,2021-03-01 23:59:59.999,93683730.08285
2021-03-02,0.69812,0.87309,0.66,0.7891,301264848.0,2021-03-02 23:59:59.999,239608157.59025
2021-03-03,0.78885,1.34401,0.77246,1.17915,592534908.0,2021-03-03 23:59:59.999,646493692.31064
2021-03-04,1.17902,1.519,1.09061,1.3009,497512890.0,2021-03-04 23:59:59.999,654904237.05034
2021-03-05,1.30007,1.3756,1.14111,1.19846,210431289.0,2021-03-05 23:59:59.999,260758355.01073
2021-03-06,1.2002,1.26412,1.08,1.15656,114019885.0,2021-03-06 23:59:59.999,131777001.0626
2021-03-07,1.15656,1.44388,1.12662,1.41595,173498001.0,2021-03-07 23:59:59.999,225877073.74313
2021-03-08,1.41708,1.87869,1.39431,1.74115,384341580.0,2021-03-08 23:59:59.999,634852760.61068
2021-03-09,1.74128,1.95,1.6526,1.70817,178840064.0,2021-03-09 23:59:59.999,320217815.78691
2021-03-10,1.70887,1.76129,1.52412,1.64777,105005288.0,2021-03-10 23:59:59.999,173653524.2092
2021-03-11,1.64785,1.95636,1.6122,1.79383,148416531.0,2021-03-11 23:59:59.999,264308100.86259
2021-03-12,1.79441,2.21892,1.79441,2.0711,183696710.0,2021-03-12 23:59:59.999,373854161.62996
2021-03-13,2.07013,2.20578,1.926,2.04709,125766901.0,2021-03-13 23:59:59.999,260189102.03867
2021-03-14,2.04648,2.65236,1.93569,2.3311,191730354.0,2021-03-14 23:59:59.999,439285272.68391
2021-03-15,2.3311,3.08416,2.32636,2.6768,324763733.0,2021-03-15 23:59:59.999,897321411.5607
2021-03-16,2.6775,2.92,2.35,2.55285,194234047.0,2021-03-16 23:59:59.999,507926191.45227
2021-03-17,2.5537,2.6999,2.25555,2.46107,133757750.0,2021-03-17 23:59:59.999,324094911.24044
2021-03-18,2.46202,2.798,2.44399,2.65307,125526703.0,2021-03-18 23:59:59.999,329962308.97001
2021-03-19,2.65427,2.65959,2.45333,2.48737,68738382.0,2021-03-19 23:59:59.999,176450052.28008
2021-03-20,2.48828,2.51,2.19,2.20476,71631081.0,2021-03-20 23:59:59.999,171602404.51449
2021-03-21,2.2048,2.5036,2.1417,2.43459,91836756.0,2021-03-21 23:59:59.999,211312414.86799
2021-03-22,2.43287,2.44093,2.03,2.15794,64532226.0,2021-03-22 23:59:59.999,145641161.71432
2021-03-23,2.15847,2.2125,1.9668,2.05192,61508153.0,2021-03-23 23:59:59.999,129006179.16445
2021-03-24,2.05287,2.55,2.00091,2.149,154599353.0,2021-03-24 23:59:59.999,359735882.08429
2021-03-25,2.14895,2.21671,2.0076,2.09688,85152978.0,2021-03-25 23:59:59.999,179964002.20264
2021-03-26,2.09607,2.33729,2.09215,2.3365,67028333.0,2021-03-26 23:59:59.999,151172085.73518
2021-03-27,2.33729,2.37449,2.20286,2.30287,49065737.0,2021-03-27 23:59:59.999,112921916.53942
2021-03-28,2.30275,2.63851,2.26384,2.51427,74352192.0,2021-03-28 23:59:59.999,183003472.84484
2021-03-29,2.51603,2.5699,2.38211,2.49708,41929006.0,2021-03-29 23:59:59.999,103674937.25813
2021-03-30,2.49732,2.50635,2.4163,2.49542,31747234.0,2021-03-30 23:59:59.999,77937783.54242
2021-03-31,2.49545,2.66101,2.30309,2.555,77386460.0,2021-03-31 23:59:59.999,194167817.86718
2021-04-01,2.55517,2.6451,2.42681,2.49045,36576706.0,2021-04-01 23:59:59.999,92464009.51489
2021-04-02,2.49108,2.575,2.41779,2.57146,29924111.0,2021-04-02 23:59:59.999,74290068.72814
2021-04-03,2.57201,2.58549,2.25726,2.31552,39229914.0,2021-04-03 23:59:59.999,95357950.48162
2021-04-04,2.31486,2.44901,2.26497,2.4116,29066417.0,2021-04-04 23:59:59.999,69089328.70797
2021-04-05,2.4116,2.63863,2.27,2.47238,70802649.0,2021-04-05 23:59:59.999,175864776.76391
2021-04-06,2.47307,2.48208,2.301,2.32244,52597435.0,2021-04-06 23:59:59.999,126017527.41864
2021-04-07,2.32335,2.87759,2.02787,2.84018,199174050.0,2021-04-07 23:59:59.999,499732029.32031
2021-04-08,2.84018,3.45662,2.58484,3.24725,316424757.0,2021-04-08 23:59:59.999,970837802.76221
2021-04-09,3.24807,3.98,3.12,3.42991,337951372.0,2021-04-09 23:59:59.999,1206317225.65225
2021-04-10,3.42941,3.57107,3.14449,3.22594,134152211.0,2021-04-10 23:59:59.999,445143738.08604
2021-04-11,3.2265,3.30448,3.0024,3.12553,73645349.0,2021-04-11 23:59:59.999,231520551.97822
2021-04-12,3.12653,3.16837,2.91139,3.00509,53393998.0,2021-04-12 23:59:59.999,162074404.72374
2021-04-13,3.00495,3.23,2.97,3.08076,63406077.0,2021-04-13 23:59:59.999,195824226.98798
2021-04-14,3.08225,3.10903,2.77479,2.9143,53585905.0,2021-04-14 23:59:59.999,157317608.94873
2021-04-15,2.91476,3.28384,2.87646,3.17957,63954394.0,2021-04-15 23:59:59.999,197601684.57333
2021-04-16,3.18025,3.20868,2.84493,3.01347,55186000.0,2021-04-16 23:59:59.999,166734702.29301
2021-04-17,3.01307,3.1649,2.92934,2.96247,45955645.0,2021-04-17 23:59:59.999,140044320.53397
2021-04-18,2.96371,2.99724,1.97374,2.69602,96148817.0,2021-04-18 23:59:59.999,247328045.46696
2021-04-19,2.69689,2.77611,2.37454,2.39944,48031753.0,2021-04-19 23:59:59.999,124185985.46147
2021-04-20,2.39944,2.62385,2.16416,2.56924,73903501.0,2021-04-20 23:59:59.999,177260221.56382
2021-04-21,2.56924,2.79924,2.46,2.47928,72403553.0,2021-04-21 23:59:59.999,192635955.37273
2021-04-22,2.4778,2.57665,2.17955,2.21222,63245574.0,2021-04-22 23:59:59.999,154114154.48259
2021-04-23,2.21401,2.26539,1.71388,2.24405,108811625.0,2021-04-23 23:59:59.999,217583570.15256
2021-04-24,2.24492,2.25804,1.99,2.01648,49835383.0,2021-04-24 23:59:59.999,104989543.86468
2021-04-25,2.01658,2.23465,1.92385,2.03354,38254933.0,2021-04-25 23:59:59.999,79851410.87881
2021-04-26,2.03421,2.55517,2.00574,2.54232,62494859.0,2021-04-26 23:59:59.999,147406670.58513
2021-04-27,2.54236,2.65111,2.4645,2.60008,41628187.0,2021-04-27 23:59:59.999,106649492.03131
2021-04-28,2.5994,2.78691,2.36334,2.73705,73227911.0,2021-04-28 23:59:59.999,191718046.41017
2021-04-29,2.73641,2.86676,2.51451,2.64252,65346849.0,2021-04-29 23:59:59.999,176298686.38753
2021-04-30,2.64358,2.80941,2.56534,2.77054,38270150.0,2021-04-30 23:59:59.999,103929939.98938
2021-05-01,2.77018,2.83574,2.65877,2.72445,30514923.0,2021-05-01 23:59:59.999,83703664.8818
2021-05-02,2.7245,2.7345,2.58178,2.629,27210726.0,2021-05-02 23:59:59.999,72066474.80062
2021-05-03,2.62923,2.748,2.58849,2.62131,33209697.0,2021-05-03 23:59:59.999,89009678.47368
2021-05-04,2.62315,2.63166,2.284,2.32393,51864443.0,2021-05-04 23:59:59.999,127251776.69764
2021-05-05,2.32443,2.63,2.30188,2.58671,40113206.0,2021-05-05 23:59:59.999,99946216.02431
2021-05-06,2.58671,2.59987,2.401,2.47804,43298541.0,2021-05-06 23:59:59.999,108779267.91467
2021-05-07,2.47886,2.72547,2.40393,2.49119,71335762.0,2021-05-07 23:59:59.999,182737470.04254
2021-05-08,2.49226,2.59752,2.4235,2.46927,34773417.0,2021-05-08 23:59:59.999,87293790.71517
2021-05-09,2.46993,2.4896,2.31911,2.43709,27205611.0,2021-05-09 23:59:59.999,65711827.40733
2021-05-10,2.43673,2.51,2.0,2.19836,41598662.0,2021-05-10 23:59:59.999,96244124.11585
2021-05-11,2.19759,2.3505,2.13946,2.3304,40760528.0,2021-05-11 23:59:59.999,91575747.85175
2021-05-12,2.3298,2.6125,1.9823,2.0247,78717393.0,2021-05-12 23:59:59.999,184455957.44078
2021-05-13,2.0248,2.1793,1.8579,2.0589,68833999.0,2021-05-13 23:59:59.999,140872621.61479
2021-05-14,2.0583,2.1828,2.0361,2.1252,33755361.0,2021-05-14 23:59:59.999,71147760.23252
2021-05-15,2.1246,2.1475,1.9341,1.9527,33470470.0,2021-05-15 23:59:59.999,68520363.72892
2021-05-16,1.9528,2.1629,1.8178,1.9726,44217457.0,2021-05-16 23:59:59.999,87868702.74202
2021-05-17,1.9707,2.0201,1.718,1.7999,56057583.0,2021-05-17 23:59:59.999,103306832.24769
2021-05-18,1.7995,2.0205,1.7711,1.8911,49537223.0,2021-05-18 23:59:59.999,95048659.48022
2021-05-19,1.8913,1.9379,0.8453,1.1899,106243679.0,2021-05-19 23:59:59.999,150820102.9599
2021-05-20,1.1916,1.564,1.0272,1.4826,104928770.0,2021-05-20 23:59:59.999,141326231.06856
2021-05-21,1.482,1.5899,1.0564,1.2737,68212996.0,2021-05-21 23:59:59.999,92540926.60338
2021-05-22,1.2737,1.2943,1.1105,1.1823,48235186.0,2021-05-22 23:59:59.999,57530020.87446
2021-05-23,1.1819,1.2188,0.7342,0.9417,78604444.0,2021-05-23 23:59:59.999,73332781.0405
2021-05-24,0.9409,1.3332,0.911,1.265,108730464.0,2021-05-24 23:59:59.999,124475955.0407
2021-05-25,1.2644,1.3118,1.0852,1.2378,47847048.0,2021-05-25 23:59:59.999,57107013.62154
2021-05-26,1.2382,2.0547,1.2004,1.9316,210633957.0,2021-05-26 23:59:59.999,355483730.88874
2021-05-27,1.932,2.0282,1.6542,1.7286,209500374.0,2021-05-27 23:59:59.999,379001768.68051
2021-05-28,1.7279,1.748,1.3277,1.427,92296824.0,2021-05-28 23:59:59.999,139234539.28749
2021-05-29,1.4281,1.4824,1.2291,1.3503,67949034.0,2021-05-29 23:59:59.999,91116385.06435
2021-05-30,1.3503,1.74,1.2335,1.5243,234448104.0,2021-05-30 23:59:59.999,370742504.24711
2021-05-31,1.5239,1.654,1.4264,1.6233,145489757.0,2021-05-31 23:59:59.999,226646553.49692
2021-06-01,1.6236,1.7161,1.5446,1.569,56868233.0,2021-06-01 23:59:59.999,91830176.00154
2021-06-02,1.5693,1.6463,1.5244,1.5794,32042095.0,2021-06-02 23:59:59.999,50807863.92899
2021-06-03,1.5798,1.732,1.5342,1.6501,49201687.0,2021-06-03 23:59:59.999,79769648.01328
2021-06-04,1.6502,1.7124,1.4116,1.4979,69210617.0,2021-06-04 23:59:59.999,105884241.75307
2021-06-05,1.4983,1.5962,1.3959,1.4539,46719448.0,2021-06-05 23:59:59.999,69802190.56691
2021-06-06,1.4538,1.518,1.4407,1.4796,24924703.0,2021-06-06 23:59:59.999,36703515.74882
2021-06-07,1.4796,1.5237,1.3181,1.3365,41579705.0,2021-06-07 23:59:59.999,60307366.90014
2021-06-08,1.3361,1.3692,1.1473,1.327,67848654.0,2021-06-08 23:59:59.999,86786893.77405
2021-06-09,1.3272,1.3725,1.2347,1.371,65844700.0,2021-06-09 23:59:59.999,86104403.39222
2021-06-10,1.3709,1.3809,1.2474,1.2924,46950176.0,2021-06-10 23:59:59.999,61753860.77757
2021-06-11,1.2923,1.5705,1.2436,1.3,171643233.0,2021-06-11 23:59:59.999,238796693.82791
2021-06-12,1.2995,1.3372,1.152,1.2353,111349361.0,2021-06-12 23:59:59.999,136067478.25384
2021-06-13,1.2353,1.3234,1.1952,1.3044,44769151.0,2021-06-13 23:59:59.999,55756253.30656
2021-06-14,1.3052,1.5,1.269,1.4262,71947470.0,2021-06-14 23:59:59.999,99580314.83227
2021-06-15,1.4258,1.4846,1.3701,1.401,51650767.0,2021-06-15 23:59:59.999,73168564.27384
2021-06-16,1.4013,1.5449,1.3519,1.3973,90558420.0,2021-06-16 23:59:59.999,130840109.02073
2021-06-17,1.3968,1.495,1.372,1.4003,41021897.0,2021-06-17 23:59:59.999,58805257.79017
2021-06-18,1.4005,1.4019,1.2209,1.2804,37658558.0,2021-06-18 23:59:59.999,49167958.95009
2021-06-19,1.2803,1.2978,1.2326,1.2358,30386686.0,2021-06-19 23:59:59.999,38471641.49725
2021-06-20,1.2363,1.2697,1.137,1.2486,36462216.0,2021-06-20 23:59:59.999,44242343.53437
2021-06-21,1.2487,1.2638,0.9304,0.936,80049432.0,2021-06-21 23:59:59.999,86436416.7517
2021-06-22,0.9357,1.0088,0.7645,0.9182,122167122.0,2021-06-22 23:59:59.999,110433613.46856
2021-06-23,0.9181,1.0842,0.8745,1.045,92802572.0,2021-06-23 23:59:59.999,93757083.00993
2021-06-24,1.0443,1.0802,0.9701,1.0739,64507552.0,2021-06-24 23:59:59.999,66704373.63802
2021-06-25,1.074,1.1125,0.9313,0.9404,68026173.0,2021-06-25 23:59:59.999,68506492.56778
2021-06-26,0.9404,0.9869,0.8893,0.9517,54466993.0,2021-06-26 23:59:59.999,50802942.77832
2021-06-27,0.9516,1.0036,0.9271,1.0036,41986278.0,2021-06-27 23:59:59.999,40176193.22562
2021-06-28,1.0035,1.0393,0.9758,1.0273,43307478.0,2021-06-28 23:59:59.999,43697241.80542
2021-06-29,1.0273,1.135,1.0241,1.093,52966059.0,2021-06-29 23:59:59.999,57074174.72799
2021-06-30,1.0927,1.1644,1.0358,1.1619,73814608.0,2021-06-30 23:59:59.999,80745769.53687
2021-07-01,1.1616,1.24,1.078,1.1371,99596501.0,2021-07-01 23:59:59.999,114485170.651
2021-07-02,1.1372,1.1572,1.056,1.122,40193071.0,2021-07-02 23:59:59.999,43661596.92512
2021-07-03,1.1212,1.1861,1.084,1.1488,32946806.0,2021-07-03 23:59:59.999,37321246.07729
2021-07-04,1.1487,1.212,1.117,1.17,39588358.0,2021-07-04 23:59:59.999,46817201.1381
2021-07-05,1.17,1.1713,1.0703,1.1042,33469751.0,2021-07-05 23:59:59.999,37457308.78705
2021-07-06,1.1042,1.2206,1.1033,1.1741,43058384.0,2021-07-06 23:59:59.999,50360088.9909
2021-07-07,1.174,1.428,1.1521,1.4024,142024853.0,2021-07-07 23:59:59.999,188246458.603
2021-07-08,1.4025,1.519,1.1693,1.2108,165545622.0,2021-07-08 23:59:59.999,224370896.89205
2021-07-09,1.2109,1.31,1.1215,1.2877,87742312.0,2021-07-09 23:59:59.999,105226288.0586
2021-07-10,1.2877,1.3759,1.2407,1.2854,116168264.0,2021-07-10 23:59:59.999,152687270.2334
2021-07-11,1.2848,1.4062,1.272,1.378,95568521.0,2021-07-11 23:59:59.999,129003283.5608
2021-07-12,1.378,1.3844,1.2591,1.3049,60036303.0,2021-07-12 23:59:59.999,79123083.78545
2021-07-13,1.3047,1.3282,1.1833,1.2184,57463362.0,2021-07-13 23:59:59.999,72527397.4598
2021-07-14,1.2184,1.3485,1.1163,1.32,104604900.0,2021-07-14 23:59:59.999,130421761.62035
2021-07-15,1.3199,1.4636,1.192,1.2531,159208313.0,2021-07-15 23:59:59.999,213915519.4007
2021-07-16,1.2523,1.3117,1.1714,1.1785,74532523.0,2021-07-16 23:59:59.999,92035191.0127
2021-07-17,1.1786,1.2222,1.1603,1.1899,52554533.0,2021-07-17 23:59:59.999,62311250.5829
2021-07-18,1.1899,1.249,1.1455,1.184,39081993.0,2021-07-18 23:59:59.999,46765437.1069
2021-07-19,1.1838,1.187,1.055,1.0741,42166323.0,2021-07-19 23:59:59.999,46664585.86345
2021-07-20,1.0742,1.0895,0.9222,0.994,73592433.0,2021-07-20 23:59:59.999,72581484.48135
2021-07-21,0.9941,1.1305,0.9566,1.097,77853087.0,2021-07-21 23:59:59.999,83607650.15745
2021-07-22,1.0972,1.1445,1.0647,1.1226,49992577.0,2021-07-22 23:59:59.999,55478709.29825
2021-07-23,1.1223,1.245,1.1024,1.2433,71037525.0,2021-07-23 23:59:59.999,82416994.5209
2021-07-24,1.2438,1.3778,1.2206,1.2988,113971027.0,2021-07-24 23:59:59.999,149114093.2011
2021-07-25,1.2992,1.378,1.2276,1.3652,108609964.0,2021-07-25 23:59:59.999,141448466.63065
2021-07-26,1.3652,1.446,1.263,1.287,117315471.0,2021-07-26 23:59:59.999,160235176.13755
2021-07-27,1.2865,1.394,1.2211,1.3483,107935531.0,2021-07-27 23:59:59.999,143721294.24265
2021-07-28,1.3483,1.3816,1.2905,1.3328,59340528.0,2021-07-28 23:59:59.999,79104243.70785
2021-07-29,1.3327,1.5074,1.3053,1.3972,120436832.0,2021-07-29 23:59:59.999,170137816.90435
2021-07-30,1.3967,1.4438,1.325,1.4422,58800623.0,2021-07-30 23:59:59.999,81564915.3445
2021-07-31,1.4418,1.4598,1.4011,1.4421,51209894.0,2021-07-31 23:59:59.999,73377186.91055
2021-08-01,1.442,1.4854,1.3522,1.3716,59331217.0,2021-08-01 23:59:59.999,85479060.33565
2021-08-02,1.3716,1.4241,1.34,1.3871,39256458.0,2021-08-02 23:59:59.999,54469671.23155
2021-08-03,1.3867,1.418,1.3224,1.3555,39002327.0,2021-08-03 23:59:59.999,53146152.37885
2021-08-04,1.3554,1.4116,1.335,1.4056,37394742.0,2021-08-04 23:59:59.999,51446452.63225
2021-08-05,1.4056,1.416,1.3398,1.4087,35987675.0,2021-08-05 23:59:59.999,49759503.63075
2021-08-06,1.4089,1.4633,1.3821,1.445,39367422.0,2021-08-06 23:59:59.999,55909732.20875
2021-08-07,1.4456,1.5497,1.4229,1.4987,61654210.0,2021-08-07 23:59:59.999,91639958.88715
2021-08-08,1.4985,1.5423,1.3835,1.4106,52737740.0,2021-08-08 23:59:59.999,77506764.66515
2021-08-09,1.4106,1.612,1.3566,1.5335,91498572.0,2021-08-09 23:59:59.999,139094071.37335
2021-08-10,1.533,1.645,1.5104,1.6233,83915609.0,2021-08-10 23:59:59.999,132883405.83315
2021-08-11,1.6233,1.7041,1.5895,1.6202,54592165.0,2021-08-11 23:59:59.999,89769479.1645
2021-08-12,1.6196,1.6722,1.4821,1.5665,51829493.0,2021-08-12 23:59:59.999,81146050.9135
2021-08-13,1.5665,1.6824,1.5473,1.6773,37663131.0,2021-08-13 23:59:59.999,61518287.16145
2021-08-14,1.6776,1.731,1.6144,1.6858,42545391.0,2021-08-14 23:59:59.999,70921622.44495
2021-08-15,1.686,1.6906,1.5849,1.6683,32750009.0,2021-08-15 23:59:59.999,53590175.76245
2021-08-16,1.6688,1.7602,1.6009,1.6211,52700011.0,2021-08-16 23:59:59.999,88781475.0763
2021-08-17,1.6211,1.7094,1.5196,1.5355,54172371.0,2021-08-17 23:59:59.999,87594809.2904
2021-08-18,1.5358,1.5699,1.4408,1.5196,43262079.0,2021-08-18 23:59:59.999,65654367.0372
2021-08-19,1.5198,1.585,1.4638,1.5834,40161479.0,2021-08-19 23:59:59.999,60747977.2178
2021-08-20,1.5838,1.6724,1.5651,1.6722,37208435.0,2021-08-20 23:59:59.999,60079659.00335
2021-08-21,1.6721,1.958,1.6584,1.8407,117682615.0,2021-08-21 23:59:59.999,211006757.2408
2021-08-22,1.8405,1.9549,1.7213,1.844,82752234.0,2021-08-22 23:59:59.999,151773901.1003
2021-08-23,1.8441,2.1979,1.8121,2.1787,138794255.0,2021-08-23 23:59:59.999,282947284.5048
2021-08-24,2.1826,2.188,1.85,1.8913,112905373.0,2021-08-24 23:59:59.999,228257679.46775
2021-08-25,1.8914,2.0812,1.7809,2.0735,85442803.0,2021-08-25 23:59:59.999,166775531.80755
2021-08-26,2.0737,2.0803,1.82,1.8499,71614743.0,2021-08-26 23:59:59.999,137489610.3122
2021-08-27,1.8503,2.043,1.8,2.0043,62244579.0,2021-08-27 23:59:59.999,119493110.3267
2021-08-28,2.0047,2.08,1.9466,2.0567,53185973.0,2021-08-28 23:59:59.999,106979503.12415
2021-08-29,2.0578,2.2259,1.942,2.1869,81159321.0,2021-08-29 23:59:59.999,170244410.17305
2021-08-30,2.1869,2.32,2.0541,2.0862,124785811.0,2021-08-30 23:59:59.999,273755611.1878
2021-08-31,2.0862,2.1488,1.98,2.02,56348847.0,2021-08-31 23:59:59.999,117055951.594
2021-09-01,2.0201,2.0943,1.9527,2.0804,42212959.0,2021-09-01 23:59:59.999,85981824.5587
2021-09-02,2.0803,2.1281,2.0323,2.0477,34284571.0,2021-09-02 23:59:59.999,71364233.3397
2021-09-03,2.0482,2.1035,1.9567,2.0734,41244922.0,2021-09-03 23:59:59.999,85163852.1659
2021-09-04,2.073,2.1409,2.0348,2.0983,39485904.0,2021-09-04 23:59:59.999,82558042.23385
2021-09-05,2.0985,2.2015,2.0653,2.1931,42426555.0,2021-09-05 23:59:59.999,90425618.1184
2021-09-06,2.1931,2.2667,2.0983,2.1814,42588059.0,2021-09-06 23:59:59.999,93244231.62885
2021-09-07,2.1818,2.1904,1.28,1.7567,106750236.0,2021-09-07 23:59:59.999,195268431.4217
2021-09-08,1.757,1.7969,1.5269,1.7274,52400010.0,2021-09-08 23:59:59.999,88751127.7265
2021-09-09,1.7287,1.8469,1.6842,1.7908,42746298.0,2021-09-09 23:59:59.999,75573770.20785
2021-09-10,1.7903,1.8676,1.6051,1.6477,34377512.0,2021-09-10 23:59:59.999,59160880.7096
2021-09-11,1.6477,1.7414,1.6312,1.6804,23016857.0,2021-09-11 23:59:59.999,38837147.27245
2021-09-12,1.6804,1.7599,1.6345,1.7104,25712352.0,2021-09-12 23:59:59.999,43782560.9371
2021-09-13,1.7103,1.7209,1.5075,1.6273,28989835.0,2021-09-13 23:59:59.999,46513799.4819
2021-09-14,1.6274,1.6859,1.6014,1.6831,20121049.0,2021-09-14 23:59:59.999,33140148.87205
2021-09-15,1.6826,1.7742,1.6618,1.7677,22919766.0,2021-09-15 23:59:59.999,39413951.2189
2021-09-16,1.7677,1.7765,1.6406,1.6805,21345533.0,2021-09-16 23:59:59.999,36464745.81545
2021-09-17,1.6805,1.6998,1.6014,1.635,21542344.0,2021-09-17 23:59:59.999,35409905.2312
2021-09-18,1.6355,1.6964,1.6041,1.6476,25610583.0,2021-09-18 23:59:59.999,42528209.25165
2021-09-19,1.6483,1.6516,1.55,1.5711,18806453.0,2021-09-19 23:59:59.999,30223350.79045
2021-09-20,1.571,1.5754,1.2924,1.3379,48011917.0,2021-09-20 23:59:59.999,68405511.89625
2021-09-21,1.3383,1.3984,1.186,1.2255,43182716.0,2021-09-21 23:59:59.999,56320740.35375
2021-09-22,1.2259,1.4219,1.1956,1.4109,28112689.0,2021-09-22 23:59:59.999,37054578.93645
2021-09-23,1.4105,1.4869,1.376,1.4766,29314884.0,2021-09-23 23:59:59.999,42005734.5924
2021-09-24,1.4766,1.4873,1.2518,1.3427,35908140.0,2021-09-24 23:59:59.999,48566861.6739
2021-09-25,1.3428,1.375,1.2832,1.3326,30738169.0,2021-09-25 23:59:59.999,41220750.8909
2021-09-26,1.3323,1.4076,1.252,1.3256,46416211.0,2021-09-26 23:59:59.999,61565149.08295
2021-09-27,1.3259,1.3751,1.2563,1.2612,27711738.0,2021-09-27 23:59:59.999,36670558.8191
2021-09-28,1.2612,1.2844,1.1952,1.2019,31647792.0,2021-09-28 23:59:59.999,39546067.10505
2021-09-29,1.202,1.2744,1.1922,1.2218,29537705.0,2021-09-29 23:59:59.999,36500398.501
2021-09-30,1.222,1.3358,1.2162,1.3082,32679839.0,2021-09-30 23:59:59.999,41984443.17135
2021-10-01,1.3082,1.5392,1.2902,1.5244,42378629.0,2021-10-01 23:59:59.999,59948365.7358
2021-10-02,1.5244,1.5751,1.489,1.504,39836743.0,2021-10-02 23:59:59.999,60905940.5784
2021-10-03,1.5038,1.5562,1.4659,1.5533,30844483.0,2021-10-03 23:59:59.999,47071867.7558
2021-10-04,1.5533,1.6996,1.5241,1.569,88142654.0,2021-10-04 23:59:59.999,142699262.11875
2021-10-05,1.5697,1.7242,1.55,1.6947,54378694.0,2021-10-05 23:59:59.999,88560904.8317
2021-10-06,1.6953,1.754,1.5431,1.6476,58647466.0,2021-10-06 23:59:59.999,96471036.0626
2021-10-07,1.6473,1.6812,1.5908,1.68,33513880.0,2021-10-07 23:59:59.999,54723163.8724
2021-10-08,1.6793,1.7325,1.635,1.7006,34244124.0,2021-10-08 23:59:59.999,57894597.21415
2021-10-09,1.7025,1.7215,1.6535,1.7211,25654332.0,2021-10-09 23:59:59.999,43306925.2128
2021-10-10,1.7208,1.7233,1.5718,1.58,26455630.0,2021-10-10 23:59:59.999,43974606.84
2021-10-11,1.5802,1.6515,1.51,1.561,27854695.0,2021-10-11 23:59:59.999,44259454.35255
2021-10-12,1.5612,1.5614,1.4474,1.5371,31874366.0,2021-10-12 23:59:59.999,47960587.85
2021-10-13,1.5369,1.5904,1.4881,1.5871,31152133.0,2021-10-13 23:59:59.999,47833833.5109
2021-10-14,1.5868,1.6509,1.5615,1.6215,25306519.0,2021-10-14 23:59:59.999,40705745.82365
2021-10-15,1.6219,1.6318,1.5175,1.6111,37555895.0,2021-10-15 23:59:59.999,59464906.728
2021-10-16,1.6108,1.7683,1.6043,1.7232,57076700.0,2021-10-16 23:59:59.999,97264723.01325
2021-10-17,1.7226,1.7239,1.5495,1.6356,30896699.0,2021-10-17 23:59:59.999,50956409.4093
2021-10-18,1.6364,1.651,1.5677,1.634,18307526.0,2021-10-18 23:59:59.999,29516231.4782
2021-10-19,1.6342,1.6507,1.5812,1.6057,18498432.0,2021-10-19 23:59:59.999,29914996.70155
2021-10-20,1.6055,1.985,1.5766,1.8521,154290873.0,2021-10-20 23:59:59.999,287374698.4241
2021-10-21,1.8509,1.8664,1.7374,1.8016,100399999.0,2021-10-21 23:59:59.999,182507935.55515
2021-10-22,1.8019,1.9086,1.7766,1.8384,45195903.0,2021-10-22 23:59:59.999,83207776.64905
2021-10-23,1.8387,1.876,1.7801,1.8414,19310530.0,2021-10-23 23:59:59.999,35305070.341
2021-10-24,1.841,1.8968,1.731,1.7739,28535768.0,2021-10-24 23:59:59.999,51663519.41165
2021-10-25,1.774,1.9284,1.7635,1.909,32227318.0,2021-10-25 23:59:59.999,59986940.512
2021-10-26,1.9093,2.156,1.8952,2.0138,90397068.0,2021-10-26 23:59:59.999,185970387.15525
2021-10-27,2.0147,2.3177,1.7304,2.0944,210050188.0,2021-10-27 23:59:59.999,444216375.39585
2021-10-28,2.0944,2.3967,2.0668,2.3219,139973084.0,2021-10-28 23:59:59.999,313711825.65005
2021-10-29,2.3221,2.6027,2.316,2.464,119214222.0,2021-10-29 23:59:59.999,292848964.3353
2021-10-30,2.4625,3.3157,2.2896,3.0517,248736350.0,2021-10-30 23:59:59.999,697092003.6161
2021-10-31,3.0493,3.5058,2.4217,2.5814,182996929.0,2021-10-31 23:59:59.999,520954545.44431
2021-11-01,2.5807,2.7796,2.3736,2.6023,104705117.0,2021-11-01 23:59:59.999,271191490.3822
2021-11-02,2.6015,3.2779,2.5729,3.1251,183571862.0,2021-11-02 23:59:59.999,548442656.5458
2021-11-03,3.1249,3.2206,2.7234,2.8635,84042746.0,2021-11-03 23:59:59.999,243005880.27635
2021-11-04,2.8638,3.39,2.7332,3.0014,200900241.0,2021-11-04 23:59:59.999,618061231.0881
2021-11-05,3.0014,3.2712,2.8579,2.9609,102900738.0,2021-11-05 23:59:59.999,313514120.63115
2021-11-06,2.9604,3.561,2.9418,3.5133,234339486.0,2021-11-06 23:59:59.999,779607251.623
2021-11-07,3.5133,3.6275,3.2765,3.3172,97920379.0,2021-11-07 23:59:59.999,334700953.58545
2021-11-08,3.3172,3.3231,3.1255,3.1763,49141306.0,2021-11-08 23:59:59.999,157132923.79515
2021-11-09,3.1757,3.2805,2.95,2.9825,55704375.0,2021-11-09 23:59:59.999,171839537.9368
2021-11-10,2.9825,3.2005,2.5464,2.8296,79302205.0,2021-11-10 23:59:59.999,235883784.1483
2021-11-11,2.83,3.08,2.7808,2.9696,43905568.0,2021-11-11 23:59:59.999,129701045.1872
2021-11-12,2.9692,3.1537,2.9114,3.084,68991014.0,2021-11-12 23:59:59.999,209846112.5513
2021-11-13,3.0843,3.278,3.0212,3.0447,55879336.0,2021-11-13 23:59:59.999,176280488.3329
2021-11-14,3.0447,3.0906,2.9413,3.0852,27592057.0,2021-11-14 23:59:59.999,83453741.2735
2021-11-15,3.0859,3.2465,3.0036,3.0351,45179497.0,2021-11-15 23:59:59.999,141790672.2171
2021-11-16,3.0346,3.0352,2.5091,2.8469,84880432.0,2021-11-16 23:59:59.999,240211647.6553
2021-11-17,2.8472,3.0861,2.8048,3.0191,65133466.0,2021-11-17 23:59:59.999,191046560.5568
2021-11-18,3.0191,3.2665,2.7361,3.0358,124027846.0,2021-11-18 23:59:59.999,375028314.4828
2021-11-19,3.0373,3.7626,2.9837,3.618,207403728.0,2021-11-19 23:59:59.999,712488047.0532
2021-11-20,3.6181,3.9081,3.4426,3.6475,157009712.0,2021-11-20 23:59:59.999,582990970.274
2021-11-21,3.6479,3.6489,3.2886,3.3003,69137915.0,2021-11-21 23:59:59.999,240384671.5629
2021-11-22,3.3003,3.62,3.1445,3.6002,95824209.0,2021-11-22 23:59:59.999,323903531.8728
2021-11-23,3.6007,4.1606,3.4663,3.851,144999599.0,2021-11-23 23:59:59.999,553552253.5794
2021-11-24,3.8516,4.7037,3.7515,4.484,191170644.0,2021-11-24 23:59:59.999,822976388.4424
2021-11-25,4.4851,4.8547,4.0288,4.2245,140063065.0,2021-11-25 23:59:59.999,612811751.0479
2021-11-26,4.2249,4.439,3.523,3.8587,122496294.0,2021-11-26 23:59:59.999,481816282.1114
2021-11-27,3.8588,3.9731,3.5935,3.7063,51209781.0,2021-11-27 23:59:59.999,192533459.9744
2021-11-28,3.7057,3.8461,3.277,3.8385,100291785.0,2021-11-28 23:59:59.999,353266180.8835
2021-11-29,3.8394,3.9355,3.6353,3.6515,72213747.0,2021-11-29 23:59:59.999,273318536.9276
2021-11-30,3.6514,3.7767,3.4717,3.5079,54465258.0,2021-11-30 23:59:59.999,195407465.5317
2021-12-01,3.5085,3.69,3.4709,3.5314,49609271.0,2021-12-01 23:59:59.999,177833763.9159
2021-12-02,3.5313,3.5318,3.2734,3.405,44476556.0,2021-12-02 23:59:59.999,150865806.6175
2021-12-03,3.405,3.4411,2.9,3.098,57272682.0,2021-12-03 23:59:59.999,184434913.6431
2021-12-04,3.0978,3.1107,2.0501,3.0125,135720597.0,2021-12-04 23:59:59.999,362976550.7379
2021-12-05,3.0121,3.133,2.6196,2.7276,83872518.0,2021-12-05 23:59:59.999,240605853.1405
2021-12-06,2.7277,2.9138,2.364,2.8813,77618646.0,2021-12-06 23:59:59.999,201580225.8844
2021-12-07,2.8803,3.0071,2.7367,2.7991,57656655.0,2021-12-07 23:59:59.999,165378151.2243
2021-12-08,2.7984,2.9266,2.6275,2.8998,41142592.0,2021-12-08 23:59:59.999,114570040.744
2021-12-09,2.9001,2.9245,2.5444,2.5641,54618029.0,2021-12-09 23:59:59.999,149831300.4658
2021-12-10,2.5649,2.6719,2.4124,2.4251,48396804.0,2021-12-10 23:59:59.999,124067330.763
2021-12-11,2.4256,2.5642,2.3619,2.5483,32940923.0,2021-12-11 23:59:59.999,81644618.9716
2021-12-12,2.5483,2.7367,2.5273,2.6878,45390528.0,2021-12-12 23:59:59.999,119234565.8554
2021-12-13,2.6868,2.753,2.2515,2.3226,48476897.0,2021-12-13 23:59:59.999,119170868.3675
2021-12-14,2.3222,2.3697,2.2323,2.3464,42239535.0,2021-12-14 23:59:59.999,97330087.6702
2021-12-15,2.3458,2.5196,2.1856,2.4846,52152615.0,2021-12-15 23:59:59.999,123628648.4231
2021-12-16,2.4843,2.5662,2.3611,2.3745,36940299.0,2021-12-16 23:59:59.999,91803786.8336
2021-12-17,2.3756,2.4238,2.2108,2.2973,39254075.0,2021-12-17 23:59:59.999,91219397.7731
2021-12-18,2.2971,2.4452,2.2546,2.4028,32963891.0,2021-12-18 23:59:59.999,78379692.4866
2021-12-19,2.4038,2.4878,2.326,2.3333,33337858.0,2021-12-19 23:59:59.999,80363795.1484
2021-12-20,2.3331,2.3678,2.1596,2.3077,29769579.0,2021-12-20 23:59:59.999,67443442.5379
2021-12-21,2.3079,2.468,2.2604,2.4345,38727015.0,2021-12-21 23:59:59.999,92487651.0349
2021-12-22,2.4348,2.7216,2.4266,2.5858,51436953.0,2021-12-22 23:59:59.999,133968523.9157
2021-12-23,2.5857,2.9783,2.5392,2.9767,53711684.0,2021-12-23 23:59:59.999,148468756.2527
2021-12-24,2.9771,2.9778,2.746,2.798,41738275.0,2021-12-24 23:59:59.999,120121767.0646
2021-12-25,2.7983,3.275,2.7689,3.1267,104291477.0,2021-12-25 23:59:59.999,324842219.8543
2021-12-26,3.1263,3.3405,3.0,3.1899,75909587.0,2021-12-26 23:59:59.999,238701239.1244
2021-12-27,3.1899,3.25,3.0568,3.0838,59907538.0,2021-12-27 23:59:59.999,190870225.5193
2021-12-28,3.0837,3.0845,2.7092,2.7563,66308478.0,2021-12-28 23:59:59.999,192181773.2667
2021-12-29,2.7557,2.863,2.5953,2.6464,47400050.0,2021-12-29 23:59:59.999,129170697.2096
2021-12-30,2.6464,2.747,2.55,2.6444,38983772.0,2021-12-30 23:59:59.999,103308853.4952
2021-12-31,2.6444,2.7388,2.5151,2.5755,44220918.0,2021-12-31 23:59:59.999,116661132.5057
2022-01-01,2.5768,2.7016,2.5619,2.6825,21791871.0,2022-01-01 23:59:59.999,57039318.2672
2022-01-02,2.6825,2.925,2.6594,2.8545,61329410.0,2022-01-02 23:59:59.999,171278381.1322
2022-01-03,2.8548,2.948,2.7073,2.7928,61178344.0,2022-01-03 23:59:59.999,173762518.1121
2022-01-04,2.793,2.8612,2.6594,2.6875,43203166.0,2022-01-04 23:59:59.999,119382110.5663
2022-01-05,2.6876,2.7921,2.2237,2.438,59263537.0,2022-01-05 23:59:59.999,153260590.0917
2022-01-06,2.4393,2.6398,2.3123,2.5636,76875787.0,2022-01-06 23:59:59.999,189801332.466
2022-01-07,2.5647,2.5864,2.3088,2.353,60436493.0,2022-01-07 23:59:59.999,145755461.5226
2022-01-08,2.3535,2.4369,2.17,2.2564,41016888.0,2022-01-08 23:59:59.999,94734532.2232
2022-01-09,2.2559,2.3673,2.2315,2.2973,34987940.0,2022-01-09 23:59:59.999,80301771.7555
2022-01-10,2.297,2.345,2.078,2.1657,48177224.0,2022-01-10 23:59:59.999,105907698.8047
2022-01-11,2.1654,2.329,2.1409,2.3123,41555828.0,2022-01-11 23:59:59.999,93335485.2365
2022-01-12,2.3121,2.6145,2.3093,2.5202,53817992.0,2022-01-12 23:59:59.999,131900543.6373
2022-01-13,2.5203,2.595,2.3631,2.3778,54236806.0,2022-01-13 23:59:59.999,135249211.899
2022-01-14,2.3776,2.4586,2.3109,2.4092,32650141.0,2022-01-14 23:59:59.999,78160367.5794
2022-01-15,2.4091,2.544,2.3621,2.4506,33891622.0,2022-01-15 23:59:59.999,83401887.6673
2022-01-16,2.4508,2.543,2.4338,2.5067,35737755.0,2022-01-16 23:59:59.999,88798660.4664
2022-01-17,2.5076,2.5417,2.2809,2.3222,32473160.0,2022-01-17 23:59:59.999,77766966.4661
2022-01-18,2.323,2.3495,2.1847,2.2729,27573953.0,2022-01-18 23:59:59.999,62325178.0878
2022-01-19,2.2731,2.3495,2.2033,2.2183,53820213.0,2022-01-19 23:59:59.999,123063066.5336
2022-01-20,2.2179,2.3552,2.0906,2.1054,46971534.0,2022-01-20 23:59:59.999,105656503.5182
2022-01-21,2.1051,2.1216,1.6767,1.73,82479249.0,2022-01-21 23:59:59.999,158366665.3921
2022-01-22,1.7302,1.7636,1.3391,1.5051,110149686.0,2022-01-22 23:59:59.999,169022651.2572
2022-01-23,1.5051,1.6883,1.491,1.609,74336417.0,2022-01-23 23:59:59.999,117838678.0984
2022-01-24,1.6082,1.6085,1.3237,1.4992,94894842.0,2022-01-24 23:59:59.999,136690581.9007
2022-01-25,1.4989,1.5437,1.4274,1.5282,50138740.0,2022-01-25 23:59:59.999,74575482.2033
2022-01-26,1.5294,1.7417,1.4993,1.5512,92293931.0,2022-01-26 23:59:59.999,149881886.567
2022-01-27,1.5516,1.6514,1.4531,1.5776,73663140.0,2022-01-27 23:59:59.999,114889539.4258
2022-01-28,1.5771,1.6844,1.5595,1.6363,67200724.0,2022-01-28 23:59:59.999,108718337.2353
2022-01-29,1.6363,1.7597,1.6277,1.7583,47846441.0,2022-01-29 23:59:59.999,81360461.7483
2022-01-30,1.7582,1.8767,1.7293,1.782,78858010.0,2022-01-30 23:59:59.999,142205319.1523
2022-01-31,1.7822,1.9152,1.6789,1.8821,80694670.0,2022-01-31 23:59:59.999,146119160.4053
2022-02-01,1.8828,1.9062,1.8155,1.8358,44947343.0,2022-02-01 23:59:59.999,83116693.4229
2022-02-02,1.8354,1.859,1.6621,1.6916,48184477.0,2022-02-02 23:59:59.999,85692444.2736
2022-02-03,1.6921,1.7075,1.615,1.699,47938494.0,2022-02-03 23:59:59.999,79614866.11
2022-02-04,1.6978,1.8334,1.6608,1.8208,57062533.0,2022-02-04 23:59:59.999,99394640.9525
2022-02-05,1.8208,1.9934,1.8051,1.9142,58811708.0,2022-02-05 23:59:59.999,112858276.3848
2022-02-06,1.9141,2.0776,1.8952,2.0577,72901522.0,2022-02-06 23:59:59.999,145824047.0017
2022-02-07,2.058,2.1675,2.0207,2.0901,52003252.0,2022-02-07 23:59:59.999,108957297.6738
2022-02-08,2.0889,2.1679,1.9135,2.1144,65557920.0,2022-02-08 23:59:59.999,132956440.328
2022-02-09,2.115,2.1907,2.0054,2.1572,60093399.0,2022-02-09 23:59:59.999,127116971.5692
2022-02-10,2.1571,2.1603,1.97,1.9841,61264418.0,2022-02-10 23:59:59.999,126988089.9685
2022-02-11,1.9845,2.0539,1.7873,1.8284,51370288.0,2022-02-11 23:59:59.999,100308856.9461
2022-02-12,1.8285,1.8712,1.7505,1.8121,37657136.0,2022-02-12 23:59:59.999,68350555.2323
2022-02-13,1.8121,1.8385,1.6974,1.7322,26489335.0,2022-02-13 23:59:59.999,47031294.731
2022-02-14,1.7324,1.78,1.6745,1.7492,37254848.0,2022-02-14 23:59:59.999,64136488.7087
2022-02-15,1.7492,1.9778,1.7395,1.9739,45540002.0,2022-02-15 23:59:59.999,85327474.3421
2022-02-16,1.9736,2.0119,1.8815,1.9481,50075884.0,2022-02-16 23:59:59.999,97774305.1152
2022-02-17,1.9476,1.9957,1.7038,1.7363,50965923.0,2022-02-17 23:59:59.999,94076911.3477
2022-02-18,1.7365,1.7972,1.6436,1.6719,42590963.0,2022-02-18 23:59:59.999,73265008.7749
2022-02-19,1.6719,1.708,1.5987,1.6585,29578826.0,2022-02-19 23:59:59.999,49076532.4644
2022-02-20,1.6589,1.6619,1.483,1.531,37081471.0,2022-02-20 23:59:59.999,57309675.993
2022-02-21,1.5308,1.6345,1.3759,1.3855,67527898.0,2022-02-21 23:59:59.999,102927606.4327
2022-02-22,1.3846,1.4732,1.3335,1.4685,56669404.0,2022-02-22 23:59:59.999,80113594.5736
2022-02-23,1.4687,1.5364,1.3746,1.384,45775376.0,2022-02-23 23:59:59.999,67086140.4506
2022-02-24,1.3835,1.423,1.1576,1.3575,115051231.0,2022-02-24 23:59:59.999,146028637.8474
2022-02-25,1.3575,1.4611,1.3156,1.4486,54324352.0,2022-02-25 23:59:59.999,75206480.9574
2022-02-26,1.4487,1.5147,1.4224,1.4412,38639854.0,2022-02-26 23:59:59.999,56364529.2879
2022-02-27,1.4412,1.4917,1.3441,1.3745,45945576.0,2022-02-27 23:59:59.999,65185803.3496
2022-02-28,1.3745,1.7011,1.3344,1.5646,49077974.0,2022-02-28 23:59:59.999,70868791.6046
2022-03-01,1.5646,1.6419,1.5059,1.5983,48222729.0,2022-03-01 23:59:59.999,75625382.6266
2022-03-02,1.5989,1.6169,1.5148,1.5461,37173156.0,2022-03-02 23:59:59.999,58148177.7113
2022-03-03,1.546,1.5611,1.4448,1.4797,30156204.0,2022-03-03 23:59:59.999,45297565.6781
2022-03-04,1.4787,1.485,1.335,1.3597,37374644.0,2022-03-04 23:59:59.999,52832822.5965
2022-03-05,1.3598,1.438,1.3198,1.4179,42162360.0,2022-03-05 23:59:59.999,58961952.2349
2022-03-06,1.4172,1.4726,1.3322,1.3408,53687802.0,2022-03-06 23:59:59.999,75163616.1853
2022-03-07,1.3407,1.3959,1.2746,1.3044,50641680.0,2022-03-07 23:59:59.999,67486419.5038
2022-03-08,1.3047,1.3776,1.2944,1.3385,44870843.0,2022-03-08 23:59:59.999,59902205.1249
2022-03-09,1.3389,1.4461,1.3334,1.3921,52736067.0,2022-03-09 23:59:59.999,73481349.5888
2022-03-10,1.392,1.4016,1.2958,1.3306,37577176.0,2022-03-10 23:59:59.999,49999004.8553
2022-03-11,1.3306,1.3595,1.2852,1.3071,30642032.0,2022-03-11 23:59:59.999,40352991.208
2022-03-12,1.307,1.351,1.3031,1.3161,22357764.0,2022-03-12 23:59:59.999,29771003.8853
2022-03-13,1.3163,1.3839,1.2784,1.2953,46529082.0,2022-03-13 23:59:59.999,62474730.8065
2022-03-14,1.2951,1.3378,1.2791,1.3271,33540276.0,2022-03-14 23:59:59.999,43811025.4105
2022-03-15,1.3272,1.343,1.2761,1.3229,34249581.0,2022-03-15 23:59:59.999,44886339.1059
2022-03-16,1.323,1.4276,1.3001,1.4225,45788916.0,2022-03-16 23:59:59.999,62303082.706
2022-03-17,1.4226,1.4425,1.3854,1.4039,33106692.0,2022-03-17 23:59:59.999,46836038.7944
2022-03-18,1.404,1.4607,1.3638,1.4501,27910651.0,2022-03-18 23:59:59.999,39221730.6584
2022-03-19,1.4503,1.551,1.4371,1.5107,31240603.0,2022-03-19 23:59:59.999,46559967.0917
2022-03-20,1.5107,1.5162,1.416,1.4415,25084007.0,2022-03-20 23:59:59.999,36554976.5786
2022-03-21,1.4417,1.481,1.401,1.4346,24917314.0,2022-03-21 23:59:59.999,36053238.8174
2022-03-22,1.4345,1.4979,1.4255,1.4571,29309904.0,2022-03-22 23:59:59.999,43188029.5643
2022-03-23,1.4571,1.5666,1.4351,1.5305,46142557.0,2022-03-23 23:59:59.999,69587672.8927
2022-03-24,1.5305,1.7036,1.5292,1.6861,129572618.0,2022-03-24 23:59:59.999,212734222.9917
2022-03-25,1.6862,1.6898,1.5679,1.6157,51212956.0,2022-03-25 23:59:59.999,84181300.8354
2022-03-26,1.6153,1.661,1.5846,1.6578,23463428.0,2022-03-26 23:59:59.999,38229050.2148
2022-03-27,1.6586,1.8013,1.6444,1.7927,51275155.0,2022-03-27 23:59:59.999,88134573.7387
2022-03-28,1.7922,1.8511,1.6729,1.7117,55744364.0,2022-03-28 23:59:59.999,100505596.6931
2022-03-29,1.7109,1.8242,1.6989,1.7524,42563070.0,2022-03-29 23:59:59.999,75094762.5046
2022-03-30,1.7523,1.8422,1.6657,1.7985,49475273.0,2022-03-30 23:59:59.999,87311773.3961
2022-03-31,1.7986,1.9786,1.7314,1.7969,125521010.0,2022-03-31 23:59:59.999,235468859.8748
2022-04-01,1.7969,1.9049,1.7303,1.8623,65941099.0,2022-04-01 23:59:59.999,120973841.7707
2022-04-02,1.8629,1.9311,1.8142,1.8571,40989470.0,2022-04-02 23:59:59.999,77338027.7798
2022-04-03,1.8567,1.9164,1.7941,1.8795,32319092.0,2022-04-03 23:59:59.999,60201333.5707
2022-04-04,1.8794,1.8813,1.6869,1.7746,48391925.0,2022-04-04 23:59:59.999,86582743.8705
2022-04-05,1.7748,1.8129,1.6901,1.7002,33195124.0,2022-04-05 23:59:59.999,58572955.012
2022-04-06,1.7001,1.7014,1.5144,1.5202,61252629.0,2022-04-06 23:59:59.999,98153943.0476
2022-04-07,1.5199,1.738,1.4734,1.6715,147820274.0,2022-04-07 23:59:59.999,244339138.1593
2022-04-08,1.6713,1.783,1.6325,1.6509,111323905.0,2022-04-08 23:59:59.999,189654843.6748
2022-04-09,1.6508,1.8285,1.6452,1.8019,175165214.0,2022-04-09 23:59:59.999,309329460.1067
2022-04-10,1.802,1.8111,1.6553,1.6653,79129279.0,2022-04-10 23:59:59.999,137700029.4764
2022-04-11,1.6654,1.6712,1.4646,1.501,74958173.0,2022-04-11 23:59:59.999,116973007.3357
2022-04-12,1.501,1.6178,1.492,1.5565,64379045.0,2022-04-12 23:59:59.999,100240626.7105
2022-04-13,1.5569,1.6114,1.5232,1.5906,38037162.0,2022-04-13 23:59:59.999,59549623.4989
2022-04-14,1.5906,1.6137,1.4872,1.5248,33271626.0,2022-04-14 23:59:59.999,51517947.4319
2022-04-15,1.5247,1.5378,1.4787,1.5255,29102590.0,2022-04-15 23:59:59.999,43946132.1616
2022-04-16,1.5258,1.5387,1.47,1.5048,25951016.0,2022-04-16 23:59:59.999,39075691.9003
2022-04-17,1.5048,1.52,1.4129,1.4195,26798935.0,2022-04-17 23:59:59.999,39712012.8884
2022-04-18,1.4199,1.4519,1.3323,1.4493,41160986.0,2022-04-18 23:59:59.999,57587193.3631
2022-04-19,1.4492,1.5268,1.4302,1.5172,38185802.0,2022-04-19 23:59:59.999,56733135.8496
2022-04-20,1.5171,1.5829,1.4732,1.5162,72229945.0,2022-04-20 23:59:59.999,110772589.5274
2022-04-21,1.516,1.5573,1.4045,1.4373,44233786.0,2022-04-21 23:59:59.999,66813563.785
2022-04-22,1.4373,1.4914,1.4187,1.4405,26119534.0,2022-04-22 23:59:59.999,37874029.3302
2022-04-23,1.4406,1.4501,1.39,1.4046,19759060.0,2022-04-23 23:59:59.999,28151401.7115
2022-04-24,1.4043,1.4205,1.36,1.3891,22791885.0,2022-04-24 23:59:59.999,31762761.996
2022-04-25,1.3889,1.3918,1.2766,1.3769,38509768.0,2022-04-25 23:59:59.999,51132240.4606
2022-04-26,1.3777,1.4207,1.255,1.2761,44518929.0,2022-04-26 23:59:59.999,59694948.1557
2022-04-27,1.2762,1.3248,1.255,1.3052,30321762.0,2022-04-27 23:59:59.999,39294225.9525
2022-04-28,1.3055,1.3274,1.2658,1.2966,27883587.0,2022-04-28 23:59:59.999,36183927.0025
2022-04-29,1.2971,1.3016,1.175,1.2081,32391690.0,2022-04-29 23:59:59.999,40152285.2801
2022-04-30,1.2082,1.2242,1.0006,1.0562,46283348.0,2022-04-30 23:59:59.999,52436537.4958
2022-05-01,1.0562,1.1264,1.0197,1.0946,50874969.0,2022-05-01 23:59:59.999,54684393.9001
2022-05-02,1.0946,1.1173,1.0156,1.0707,46953145.0,2022-05-02 23:59:59.999,49949787.8344
2022-05-03,1.0706,1.1274,1.0404,1.0647,50738059.0,2022-05-03 23:59:59.999,55195612.2045
2022-05-04,1.0651,1.1899,1.0587,1.1798,46631392.0,2022-05-04 23:59:59.999,52129618.9758
2022-05-05,1.1802,1.2047,1.0291,1.0675,61621361.0,2022-05-05 23:59:59.999,68298948.9106
2022-05-06,1.0674,1.0759,1.01,1.0476,51212252.0,2022-05-06 23:59:59.999,53503868.3492
2022-05-07,1.0476,1.054,0.9663,0.9948,36687029.0,2022-05-07 23:59:59.999,37545564.2614
2022-05-08,0.9949,1.0013,0.938,0.9569,46198459.0,2022-05-08 23:59:59.999,44871580.3047
2022-05-09,0.957,0.9809,0.7501,0.7638,111864206.0,2022-05-09 23:59:59.999,94966239.8599
2022-05-10,0.7633,0.9045,0.7336,0.8149,132083454.0,2022-05-10 23:59:59.999,109868015.9018
2022-05-11,0.8147,0.8517,0.5631,0.6228,218373564.0,2022-05-11 23:59:59.999,152522696.8192
2022-05-12,0.6227,0.6714,0.4841,0.5794,176801288.0,2022-05-12 23:59:59.999,99668418.0635
2022-05-13,0.5795,0.766,0.5743,0.6735,104858683.0,2022-05-13 23:59:59.999,73831053.0815
2022-05-14,0.6732,0.777,0.6431,0.7423,99736117.0,2022-05-14 23:59:59.999,70550809.1788
2022-05-15,0.743,0.7757,0.6979,0.774,63577253.0,2022-05-15 23:59:59.999,46108797.9404
2022-05-16,0.7738,0.7743,0.6787,0.704,57101799.0,2022-05-16 23:59:59.999,40737298.5626
2022-05-17,0.7039,0.7534,0.6932,0.7389,50813564.0,2022-05-17 23:59:59.999,36962043.4604
2022-05-18,0.739,0.7514,0.6405,0.6461,62915812.0,2022-05-18 23:59:59.999,43707634.9513
2022-05-19,0.6461,0.7141,0.6233,0.6982,68826669.0,2022-05-19 23:59:59.999,45908660.8526
2022-05-20,0.6984,0.7137,0.6446,0.664,50750520.0,2022-05-20 23:59:59.999,34545608.8791
2022-05-21,0.6641,0.6975,0.6522,0.688,43065784.0,2022-05-21 23:59:59.999,29072624.2735
2022-05-22,0.688,0.7322,0.6782,0.7161,51165566.0,2022-05-22 23:59:59.999,36272908.7795
2022-05-23,0.716,0.7466,0.6636,0.6756,61915395.0,2022-05-23 23:59:59.999,44419239.3073
2022-05-24,0.6756,0.694,0.6382,0.6844,54129040.0,2022-05-24 23:59:59.999,36412382.6049
2022-05-25,0.684,0.6942,0.655,0.6816,52198810.0,2022-05-25 23:59:59.999,35142430.002
2022-05-26,0.6815,0.7116,0.5957,0.6263,113509776.0,2022-05-26 23:59:59.999,74222298.6454
2022-05-27,0.6261,0.6383,0.5766,0.591,93550890.0,2022-05-27 23:59:59.999,56861460.0022
2022-05-28,0.5911,0.6093,0.579,0.5984,57432392.0,2022-05-28 23:59:59.999,34297558.7743
2022-05-29,0.5983,0.6137,0.5787,0.6123,51787792.0,2022-05-29 23:59:59.999,31005992.0556
2022-05-30,0.6123,0.6783,0.6041,0.6711,64386499.0,2022-05-30 23:59:59.999,41392981.1444
2022-05-31,0.6712,0.7171,0.6687,0.6976,98639758.0,2022-05-31 23:59:59.999,68611253.6811
2022-06-01,0.6977,0.7089,0.6206,0.6346,66566372.0,2022-06-01 23:59:59.999,44343418.0535
2022-06-02,0.6347,0.6527,0.6202,0.6495,51493465.0,2022-06-02 23:59:59.999,32707699.2626
2022-06-03,0.6494,0.6512,0.5998,0.6108,40564962.0,2022-06-03 23:59:59.999,25199115.9231
2022-06-04,0.6108,0.6255,0.5953,0.6208,29361728.0,2022-06-04 23:59:59.999,18032853.1537
2022-06-05,0.6208,0.6415,0.6075,0.6306,37413332.0,2022-06-05 23:59:59.999,23419975.7719
2022-06-06,0.6306,0.6695,0.6282,0.6521,51712061.0,2022-06-06 23:59:59.999,33710357.6543
2022-06-07,0.6521,0.653,0.6055,0.6252,59384529.0,2022-06-07 23:59:59.999,37008142.3543
2022-06-08,0.6254,0.6385,0.6089,0.6197,43958269.0,2022-06-08 23:59:59.999,27400834.7171
2022-06-09,0.6197,0.647,0.6058,0.622,49350950.0,2022-06-09 23:59:59.999,30839456.359
2022-06-10,0.6218,0.6312,0.5708,0.5809,54772635.0,2022-06-10 23:59:59.999,32765019.6668
2022-06-11,0.5809,0.5987,0.5237,0.5389,58092955.0,2022-06-11 23:59:59.999,32403591.0521
2022-06-12,0.539,0.5422,0.4863,0.4874,86344195.0,2022-06-12 23:59:59.999,44271037.12
2022-06-13,0.4876,0.4941,0.4084,0.45,151615338.0,2022-06-13 23:59:59.999,67138920.441
2022-06-14,0.4499,0.4942,0.4081,0.4525,177178626.0,2022-06-14 23:59:59.999,81597103.6338
2022-06-15,0.4527,0.485,0.4033,0.4843,136387980.0,2022-06-15 23:59:59.999,59476433.7284
2022-06-16,0.4841,0.4918,0.4167,0.4268,80737871.0,2022-06-16 23:59:59.999,36088512.3528
2022-06-17,0.4268,0.4581,0.4219,0.4396,62403615.0,2022-06-17 23:59:59.999,27452228.5991
2022-06-18,0.4398,0.4467,0.3783,0.4121,93844063.0,2022-06-18 23:59:59.999,38394533.8559
2022-06-19,0.4121,0.4511,0.3937,0.4413,89907983.0,2022-06-19 23:59:59.999,37695811.1839
2022-06-20,0.4413,0.4662,0.4235,0.4596,82419657.0,2022-06-20 23:59:59.999,36948491.5881
2022-06-21,0.4596,0.5017,0.448,0.4686,71791883.0,2022-06-21 23:59:59.999,34253471.3822
2022-06-22,0.4687,0.486,0.4456,0.4637,69473384.0,2022-06-22 23:59:59.999,32158404.6817
2022-06-23,0.4639,0.5399,0.4615,0.5221,191732459.0,2022-06-23 23:59:59.999,98402810.0515
2022-06-24,0.5221,0.5556,0.5134,0.5431,83327302.0,2022-06-24 23:59:59.999,44264802.9265
2022-06-25,0.5431,0.6222,0.5317,0.5849,193602670.0,2022-06-25 23:59:59.999,112541164.4916
2022-06-26,0.5844,0.6035,0.546,0.5488,112387155.0,2022-06-26 23:59:59.999,65425734.1165
2022-06-27,0.5487,0.6135,0.5447,0.572,174101158.0,2022-06-27 23:59:59.999,102051969.6463
2022-06-28,0.572,0.5949,0.523,0.5315,120765300.0,2022-06-28 23:59:59.999,68773635.3689
2022-06-29,0.5314,0.5416,0.5099,0.5227,85340788.0,2022-06-29 23:59:59.999,44725859.0819
2022-06-30,0.5227,0.526,0.4623,0.5078,95882018.0,2022-06-30 23:59:59.999,46686247.8595
2022-07-01,0.5079,0.5215,0.4722,0.479,76064441.0,2022-07-01 23:59:59.999,37417043.0248
2022-07-02,0.479,0.4902,0.4572,0.4771,60933611.0,2022-07-02 23:59:59.999,28813235.943
2022-07-03,0.4771,0.4855,0.4607,0.4788,45501940.0,2022-07-03 23:59:59.999,21525404.2529
2022-07-04,0.4788,0.5229,0.467,0.5191,83212853.0,2022-07-04 23:59:59.999,41294590.9081
2022-07-05,0.5188,0.57,0.5166,0.5374,237831674.0,2022-07-05 23:59:59.999,128983153.2884
2022-07-06,0.5373,0.5472,0.519,0.5397,81991557.0,2022-07-06 23:59:59.999,43916657.2726
2022-07-07,0.5399,0.5684,0.536,0.5537,76996244.0,2022-07-07 23:59:59.999,42270030.5722
2022-07-08,0.5541,0.5651,0.5253,0.5333,63645353.0,2022-07-08 23:59:59.999,34481313.9378
2022-07-09,0.5331,0.566,0.5328,0.5562,46925524.0,2022-07-09 23:59:59.999,25914491.1044
2022-07-10,0.5563,0.5565,0.5196,0.5255,40422504.0,2022-07-10 23:59:59.999,21656357.7081
2022-07-11,0.5256,0.5297,0.47,0.4784,79307112.0,2022-07-11 23:59:59.999,39838343.2698
2022-07-12,0.4784,0.491,0.4611,0.463,59993687.0,2022-07-12 23:59:59.999,28805911.6934
2022-07-13,0.463,0.4856,0.4392,0.4836,52594541.0,2022-07-13 23:59:59.999,24548216.7435
2022-07-14,0.4835,0.5052,0.4625,0.5011,47364801.0,2022-07-14 23:59:59.999,22847991.2652
2022-07-15,0.5008,0.5153,0.4955,0.5017,48612568.0,2022-07-15 23:59:59.999,24572880.3861
2022-07-16,0.5015,0.518,0.4865,0.5146,39563616.0,2022-07-16 23:59:59.999,19906429.6045
2022-07-17,0.5147,0.525,0.4961,0.4973,44259545.0,2022-07-17 23:59:59.999,22559493.0194
2022-07-18,0.4974,0.5755,0.4967,0.5706,119036411.0,2022-07-18 23:59:59.999,65727775.9206
2022-07-19,0.5706,0.6351,0.5472,0.6241,139746417.0,2022-07-19 23:59:59.999,81977737.9445
2022-07-20,0.6239,0.68,0.5836,0.5941,182756570.0,2022-07-20 23:59:59.999,115404739.4634
2022-07-21,0.5943,0.6255,0.5706,0.6147,126975340.0,2022-07-21 23:59:59.999,76558676.8116
2022-07-22,0.6147,0.6358,0.5828,0.5913,76366166.0,2022-07-22 23:59:59.999,46859564.8739
2022-07-23,0.5914,0.6149,0.5717,0.5927,60070631.0,2022-07-23 23:59:59.999,35693557.8628
2022-07-24,0.5927,0.6056,0.5816,0.5837,44638718.0,2022-07-24 23:59:59.999,26488812.5935
2022-07-25,0.5836,0.588,0.5274,0.5291,69301208.0,2022-07-25 23:59:59.999,38467682.7787
2022-07-26,0.5292,0.5549,0.5173,0.5534,66654269.0,2022-07-26 23:59:59.999,35617871.0772
2022-07-27,0.5533,0.5975,0.5326,0.5966,66986109.0,2022-07-27 23:59:59.999,37286737.1023
2022-07-28,0.5966,0.6341,0.5713,0.6118,67628521.0,2022-07-28 23:59:59.999,40603300.8226
2022-07-29,0.612,0.6339,0.5892,0.6032,61332800.0,2022-07-29 23:59:59.999,37613521.7953
2022-07-30,0.6032,0.7075,0.6004,0.6288,115985824.0,2022-07-30 23:59:59.999,74990823.0312
2022-07-31,0.6289,0.6575,0.6068,0.6119,71708467.0,2022-07-31 23:59:59.999,45556964.1347
2022-08-01,0.6119,0.7204,0.6093,0.6439,158677079.0,2022-08-01 23:59:59.999,104909115.1597
2022-08-02,0.6438,0.6531,0.5965,0.6067,75128676.0,2022-08-02 23:59:59.999,46260922.8733
2022-08-03,0.6069,0.6591,0.5937,0.6297,82372352.0,2022-08-03 23:59:59.999,51926222.766
2022-08-04,0.6295,0.7309,0.6286,0.6834,316910001.0,2022-08-04 23:59:59.999,213982311.3129
2022-08-05,0.6835,0.7093,0.6685,0.7075,102978432.0,2022-08-05 23:59:59.999,70885169.5227
2022-08-06,0.7076,0.7085,0.6741,0.6771,50809028.0,2022-08-06 23:59:59.999,35097982.5772
2022-08-07,0.6771,0.6923,0.6621,0.6818,42413509.0,2022-08-07 23:59:59.999,28783257.6765
2022-08-08,0.6817,0.7372,0.6759,0.6989,106894848.0,2022-08-08 23:59:59.999,75813060.6583
2022-08-09,0.6988,0.7091,0.6493,0.6695,71700434.0,2022-08-09 23:59:59.999,48733367.192
2022-08-10,0.6694,0.7009,0.6521,0.7001,68146328.0,2022-08-10 23:59:59.999,46280381.1071
2022-08-11,0.7002,0.7097,0.6859,0.6915,53756649.0,2022-08-11 23:59:59.999,37572737.1056
2022-08-12,0.6916,0.7057,0.6766,0.7033,48387438.0,2022-08-12 23:59:59.999,33419945.0804
2022-08-13,0.7034,0.718,0.6951,0.7025,38832217.0,2022-08-13 23:59:59.999,27440845.6986
2022-08-14,0.7028,0.7513,0.679,0.6984,109462511.0,2022-08-14 23:59:59.999,78987150.3081
2022-08-15,0.6986,0.7238,0.6679,0.6797,59263435.0,2022-08-15 23:59:59.999,40985550.5267
2022-08-16,0.6796,0.6902,0.6648,0.672,49299598.0,2022-08-16 23:59:59.999,33382000.0938
2022-08-17,0.6719,0.692,0.636,0.6432,59287026.0,2022-08-17 23:59:59.999,39332493.8975
2022-08-18,0.6434,0.6563,0.6007,0.616,47723997.0,2022-08-18 23:59:59.999,30683591.7166
2022-08-19,0.6158,0.619,0.5502,0.5613,92910281.0,2022-08-19 23:59:59.999,53232771.5511
2022-08-20,0.5612,0.5763,0.5399,0.5569,55343084.0,2022-08-20 23:59:59.999,31160150.9124
2022-08-21,0.5569,0.5797,0.5506,0.5701,43081518.0,2022-08-21 23:59:59.999,24359700.4237
2022-08-22,0.5701,0.5702,0.5287,0.5519,55039246.0,2022-08-22 23:59:59.999,29982442.1754
2022-08-23,0.552,0.5722,0.5335,0.5667,50353262.0,2022-08-23 23:59:59.999,28048588.1566
2022-08-24,0.567,0.579,0.552,0.5609,49983525.0,2022-08-24 23:59:59.999,28222656.6289
2022-08-25,0.561,0.5829,0.558,0.5698,44413950.0,2022-08-25 23:59:59.999,25272444.6884
2022-08-26,0.5697,0.5761,0.501,0.5085,80602664.0,2022-08-26 23:59:59.999,43876574.4184
2022-08-27,0.5083,0.5158,0.4975,0.5081,44329980.0,2022-08-27 23:59:59.999,22510364.0049
2022-08-28,0.5081,0.5193,0.4861,0.4887,40319314.0,2022-08-28 23:59:59.999,20458242.2183
2022-08-29,0.4889,0.5291,0.484,0.5266,44966768.0,2022-08-29 23:59:59.999,22790465.3592
2022-08-30,0.5266,0.5369,0.5004,0.5143,44773922.0,2022-08-30 23:59:59.999,23262430.1183
2022-08-31,0.5145,0.5329,0.5129,0.5161,44491806.0,2022-08-31 23:59:59.999,23323296.2269
2022-09-01,0.5161,0.5218,0.493,0.5167,48041921.0,2022-09-01 23:59:59.999,24366733.1058
2022-09-02,0.5168,0.5317,0.5003,0.5076,41762584.0,2022-09-02 23:59:59.999,21615238.0163
2022-09-03,0.5076,0.5235,0.5007,0.5201,34451008.0,2022-09-03 23:59:59.999,17660527.6475
2022-09-04,0.52,0.5386,0.5177,0.5349,69969746.0,2022-09-04 23:59:59.999,36947071.4307
2022-09-05,0.5347,0.5425,0.5161,0.5321,46801764.0,2022-09-05 23:59:59.999,24665288.2457
2022-09-06,0.532,0.5501,0.4805,0.4823,74197485.0,2022-09-06 23:59:59.999,38540134.2782
2022-09-07,0.482,0.5256,0.4726,0.5213,59720213.0,2022-09-07 23:59:59.999,29584758.749
2022-09-08,0.5213,0.534,0.504,0.5238,63452498.0,2022-09-08 23:59:59.999,32873794.6311
2022-09-09,0.5238,0.5544,0.5237,0.5463,67571984.0,2022-09-09 23:59:59.999,36634906.2361
2022-09-10,0.5462,0.5546,0.535,0.5462,50516201.0,2022-09-10 23:59:59.999,27509231.334
2022-09-11,0.5464,0.5596,0.5288,0.5426,42889561.0,2022-09-11 23:59:59.999,23370857.3911
2022-09-12,0.5425,0.5673,0.5306,0.5422,71871550.0,2022-09-12 23:59:59.999,39514283.1965
2022-09-13,0.5423,0.5477,0.4865,0.4926,71962756.0,2022-09-13 23:59:59.999,37251972.3282
2022-09-14,0.4925,0.5111,0.4877,0.5058,38192664.0,2022-09-14 23:59:59.999,19107000.3358
2022-09-15,0.5058,0.5085,0.482,0.49,53028370.0,2022-09-15 23:59:59.999,26216992.0313
2022-09-16,0.49,0.5008,0.4823,0.4969,41569896.0,2022-09-16 23:59:59.999,20474804.8098
2022-09-17,0.4969,0.5154,0.4959,0.5143,29923976.0,2022-09-17 23:59:59.999,15103846.4094
2022-09-18,0.5142,0.5187,0.4559,0.4684,54522296.0,2022-09-18 23:59:59.999,26928834.4938
2022-09-19,0.4685,0.4869,0.4554,0.4838,56189809.0,2022-09-19 23:59:59.999,26655573.8061
2022-09-20,0.4837,0.4895,0.4706,0.4755,48106785.0,2022-09-20 23:59:59.999,23110549.6606
2022-09-21,0.4756,0.4952,0.4477,0.4534,66262646.0,2022-09-21 23:59:59.999,31241365.2107
2022-09-22,0.4535,0.4857,0.4525,0.4808,36932741.0,2022-09-22 23:59:59.999,17426151.4216
2022-09-23,0.4808,0.4945,0.4602,0.4814,57114092.0,2022-09-23 23:59:59.999,27248665.4292
2022-09-24,0.4815,0.4865,0.4636,0.4679,35880660.0,2022-09-24 23:59:59.999,17203543.7923
2022-09-25,0.468,0.4758,0.4526,0.4577,34100601.0,2022-09-25 23:59:59.999,15892442.9488
2022-09-26,0.4576,0.4676,0.4462,0.4657,49667148.0,2022-09-26 23:59:59.999,22781756.5255
2022-09-27,0.4656,0.4843,0.454,0.4605,58210628.0,2022-09-27 23:59:59.999,27524845.3807
2022-09-28,0.4605,0.4666,0.4412,0.4611,40962086.0,2022-09-28 23:59:59.999,18616997.7434
2022-09-29,0.4611,0.4648,0.45,0.4619,39818918.0,2022-09-29 23:59:59.999,18212887.2964
2022-09-30,0.4621,0.4672,0.4481,0.4525,55814403.0,2022-09-30 23:59:59.999,25596056.8038
2022-10-01,0.4525,0.456,0.4468,0.4499,23778629.0,2022-10-01 23:59:59.999,10754950.2699
2022-10-02,0.4498,0.4535,0.4338,0.4356,33189153.0,2022-10-02 23:59:59.999,14731976.6676
2022-10-03,0.4357,0.4525,0.429,0.4505,39200231.0,2022-10-03 23:59:59.999,17378614.0719
2022-10-04,0.4505,0.4617,0.4488,0.4581,39196087.0,2022-10-04 23:59:59.999,17844685.8407
2022-10-05,0.458,0.4592,0.4425,0.4537,43792292.0,2022-10-05 23:59:59.999,19767259.5145
2022-10-06,0.4538,0.4612,0.4432,0.4461,41522514.0,2022-10-06 23:59:59.999,18820930.2182
2022-10-07,0.446,0.4525,0.4405,0.4481,32984078.0,2022-10-07 23:59:59.999,14752181.598
2022-10-08,0.4481,0.459,0.4416,0.4461,36201643.0,2022-10-08 23:59:59.999,16369621.5504
2022-10-09,0.4462,0.4553,0.4456,0.4517,22136918.0,2022-10-09 23:59:59.999,9982460.3638
2022-10-10,0.4517,0.4566,0.4332,0.434,49971294.0,2022-10-10 23:59:59.999,22209219.1021
2022-10-11,0.434,0.434,0.4197,0.4268,42615384.0,2022-10-11 23:59:59.999,18214645.7691
2022-10-12,0.4267,0.4332,0.4237,0.4278,29006229.0,2022-10-12 23:59:59.999,12426713.2359
2022-10-13,0.4277,0.4288,0.3849,0.4251,83995172.0,2022-10-13 23:59:59.999,34334950.5627
2022-10-14,0.4251,0.4393,0.4132,0.4195,44249701.0,2022-10-14 23:59:59.999,18941698.965
2022-10-15,0.4194,0.4274,0.4168,0.4255,33320341.0,2022-10-15 23:59:59.999,14083847.831
2022-10-16,0.4256,0.4351,0.4219,0.4277,34675181.0,2022-10-16 23:59:59.999,14794876.1787
2022-10-17,0.4276,0.4378,0.4241,0.4359,28965661.0,2022-10-17 23:59:59.999,12512992.2818
2022-10-18,0.4359,0.4433,0.425,0.4343,49900192.0,2022-10-18 23:59:59.999,21667335.0895
2022-10-19,0.4343,0.439,0.4148,0.4186,44748873.0,2022-10-19 23:59:59.999,19208197.3034
2022-10-20,0.4187,0.4288,0.4105,0.4144,34299236.0,2022-10-20 23:59:59.999,14424459.6219
2022-10-21,0.4143,0.4155,0.3944,0.4145,45830952.0,2022-10-21 23:59:59.999,18649005.4154
2022-10-22,0.4145,0.4164,0.409,0.4147,22383662.0,2022-10-22 23:59:59.999,9242827.2976
2022-10-23,0.4149,0.4243,0.4059,0.4229,32552953.0,2022-10-23 23:59:59.999,13496609.2482
2022-10-24,0.4229,0.4243,0.407,0.4152,38093367.0,2022-10-24 23:59:59.999,15774545.8991
2022-10-25,0.4153,0.4458,0.415,0.4337,100795421.0,2022-10-25 23:59:59.999,43317238.9023
2022-10-26,0.4337,0.4504,0.4329,0.4425,57337174.0,2022-10-26 23:59:59.999,25371512.9962
2022-10-27,0.4425,0.4631,0.4324,0.4359,84187436.0,2022-10-27 23:59:59.999,37724224.2451
2022-10-28,0.4359,0.452,0.4279,0.4489,56901336.0,2022-10-28 23:59:59.999,24970662.6306
2022-10-29,0.4489,0.4649,0.4471,0.4553,67562929.0,2022-10-29 23:59:59.999,30690814.4217
2022-10-30,0.4552,0.485,0.4496,0.4586,101955808.0,2022-10-30 23:59:59.999,47564392.6607
2022-10-31,0.4588,0.4637,0.4464,0.4528,51947958.0,2022-10-31 23:59:59.999,23649460.219
2022-11-01,0.4528,0.4613,0.4428,0.4437,38179426.0,2022-11-01 23:59:59.999,17277991.1213
2022-11-02,0.4436,0.4456,0.416,0.4252,56664999.0,2022-11-02 23:59:59.999,24522413.7773
2022-11-03,0.4252,0.4481,0.4238,0.4337,52100366.0,2022-11-03 23:59:59.999,22780258.103
2022-11-04,0.4337,0.4765,0.4303,0.4751,59990116.0,2022-11-04 23:59:59.999,27395267.4926
2022-11-05,0.475,0.5006,0.4662,0.4795,78208800.0,2022-11-05 23:59:59.999,37986198.6836
2022-11-06,0.4795,0.4832,0.4454,0.4468,47833177.0,2022-11-06 23:59:59.999,22541562.8435
2022-11-07,0.4467,0.4712,0.4372,0.4638,53941622.0,2022-11-07 23:59:59.999,24569236.8391
2022-11-08,0.4639,0.4741,0.3422,0.4044,185676601.0,2022-11-08 23:59:59.999,78801701.1596
2022-11-09,0.4044,0.4063,0.3106,0.3233,178164861.0,2022-11-09 23:59:59.999,64067596.3496
2022-11-10,0.3231,0.3844,0.3171,0.3724,135684006.0,2022-11-10 23:59:59.999,47867558.7114
2022-11-11,0.3725,0.3768,0.3313,0.35,92195732.0,2022-11-11 23:59:59.999,32315456.7509
2022-11-12,0.3501,0.3503,0.3209,0.3249,54090354.0,2022-11-12 23:59:59.999,17972083.4379
2022-11-13,0.3249,0.3314,0.3051,0.31,94993325.0,2022-11-13 23:59:59.999,30227556.8727
2022-11-14,0.31,0.3193,0.2918,0.3126,75679307.0,2022-11-14 23:59:59.999,23185280.6051
2022-11-15,0.3126,0.3297,0.3068,0.3211,49114443.0,2022-11-15 23:59:59.999,15675611.6116
2022-11-16,0.3212,0.3282,0.3062,0.3104,48684629.0,2022-11-16 23:59:59.999,15404251.729
2022-11-17,0.3104,0.3129,0.3001,0.3048,41235706.0,2022-11-17 23:59:59.999,12640348.2358
2022-11-18,0.3049,0.3123,0.3016,0.308,38376632.0,2022-11-18 23:59:59.999,11827726.6111
2022-11-19,0.308,0.3175,0.301,0.3152,35005820.0,2022-11-19 23:59:59.999,10874261.6542
2022-11-20,0.3151,0.3188,0.2896,0.2919,44947027.0,2022-11-20 23:59:59.999,13824865.7512
2022-11-21,0.2919,0.2999,0.276,0.2824,62066660.0,2022-11-21 23:59:59.999,17823784.3519
2022-11-22,0.2825,0.2954,0.2748,0.2951,58509592.0,2022-11-22 23:59:59.999,16762298.5183
2022-11-23,0.2952,0.3045,0.2927,0.3032,44066446.0,2022-11-23 23:59:59.999,13190265.0936
2022-11-24,0.3032,0.3157,0.2973,0.3055,59520523.0,2022-11-24 23:59:59.999,18139874.4886
2022-11-25,0.3053,0.3055,0.294,0.3033,35541570.0,2022-11-25 23:59:59.999,10672044.9606
2022-11-26,0.3033,0.3108,0.2996,0.3034,50602765.0,2022-11-26 23:59:59.999,15449915.2493
2022-11-27,0.3034,0.315,0.3016,0.3035,40735237.0,2022-11-27 23:59:59.999,12547523.7642
2022-11-28,0.3035,0.3064,0.2883,0.2955,42366201.0,2022-11-28 23:59:59.999,12495308.2218
2022-11-29,0.2955,0.3036,0.2916,0.2988,42091169.0,2022-11-29 23:59:59.999,12524370.4966
2022-11-30,0.2988,0.3137,0.2987,0.3124,49474032.0,2022-11-30 23:59:59.999,15216336.3361
2022-12-01,0.3124,0.3127,0.3026,0.3052,41345757.0,2022-12-01 23:59:59.999,12731195.6239
2022-12-02,0.3052,0.3163,0.3002,0.3131,53745049.0,2022-12-02 23:59:59.999,16565549.2126
2022-12-03,0.3131,0.3199,0.3016,0.3025,65543840.0,2022-12-03 23:59:59.999,20394078.8178
2022-12-04,0.3025,0.3139,0.3023,0.3116,48459708.0,2022-12-04 23:59:59.999,14976474.1775
2022-12-05,0.3116,0.3249,0.3108,0.3187,80040203.0,2022-12-05 23:59:59.999,25526273.9055
2022-12-06,0.3187,0.3188,0.3104,0.3131,48194597.0,2022-12-06 23:59:59.999,15137135.2932
2022-12-07,0.3129,0.3176,0.2931,0.2985,99596688.0,2022-12-07 23:59:59.999,29979147.7929
2022-12-08,0.2985,0.3071,0.2932,0.3055,62309181.0,2022-12-08 23:59:59.999,18710573.7785
2022-12-09,0.3056,0.3082,0.3016,0.3053,45972858.0,2022-12-09 23:59:59.999,13996638.9255
2022-12-10,0.3052,0.31,0.3035,0.3076,37737341.0,2022-12-10 23:59:59.999,11574619.5963
2022-12-11,0.3076,0.3139,0.302,0.3028,49175781.0,2022-12-11 23:59:59.999,15218702.6837
2022-12-12,0.3028,0.3031,0.2908,0.3004,39442340.0,2022-12-12 23:59:59.999,11696615.3596
2022-12-13,0.3004,0.3054,0.2841,0.3047,73395164.0,2022-12-13 23:59:59.999,21744547.9254
2022-12-14,0.3046,0.3093,0.297,0.2996,47154564.0,2022-12-14 23:59:59.999,14374134.0369
2022-12-15,0.2997,0.3008,0.2905,0.2917,34231753.0,2022-12-15 23:59:59.999,10100496.934
2022-12-16,0.2917,0.2937,0.2504,0.2601,61557998.0,2022-12-16 23:59:59.999,16885516.585
2022-12-17,0.26,0.2645,0.2515,0.2626,40699732.0,2022-12-17 23:59:59.999,10556013.135
2022-12-18,0.2625,0.2638,0.2572,0.2613,21352336.0,2022-12-18 23:59:59.999,5563970.7685
2022-12-19,0.2613,0.2677,0.2423,0.2483,56792543.0,2022-12-19 23:59:59.999,14713459.6323
2022-12-20,0.2484,0.266,0.2473,0.2638,34557661.0,2022-12-20 23:59:59.999,8994526.0062
2022-12-21,0.2637,0.2647,0.2568,0.2596,30506580.0,2022-12-21 23:59:59.999,7959942.9037
2022-12-22,0.2596,0.2629,0.2521,0.2622,42870710.0,2022-12-22 23:59:59.999,11071685.0011
2022-12-23,0.2622,0.2678,0.2608,0.2668,35656068.0,2022-12-23 23:59:59.999,9409698.785
2022-12-24,0.2668,0.2676,0.262,0.2637,23828491.0,2022-12-24 23:59:59.999,6311259.3773
2022-12-25,0.2638,0.265,0.2572,0.2612,23239042.0,2022-12-25 23:59:59.999,6070018.1726
2022-12-26,0.2612,0.2649,0.2595,0.2649,20651522.0,2022-12-26 23:59:59.999,5410049.8003
2022-12-27,0.265,0.2664,0.2542,0.2572,35525296.0,2022-12-27 23:59:59.999,9262527.783
2022-12-28,0.2572,0.2579,0.2412,0.2425,38624977.0,2022-12-28 23:59:59.999,9576909.9886
2022-12-29,0.2426,0.2456,0.2336,0.2396,32869011.0,2022-12-29 23:59:59.999,7923060.9089
2022-12-30,0.2395,0.2406,0.2298,0.2371,39011901.0,2022-12-30 23:59:59.999,9140624.2535
2022-12-31,0.2372,0.2437,0.237,0.2405,29104924.0,2022-12-31 23:59:59.999,7016030.8292
2023-01-01,0.2405,0.2443,0.2384,0.2429,18882474.0,2023-01-01 23:59:59.999,4563542.9077
2023-01-02,0.243,0.2514,0.2367,0.249,44786217.0,2023-01-02 23:59:59.999,10946445.5169
2023-01-03,0.2491,0.2503,0.2399,0.2439,43756656.0,2023-01-03 23:59:59.999,10710329.5534
2023-01-04,0.244,0.2528,0.2427,0.2498,55096549.0,2023-01-04 23:59:59.999,13727288.7316
2023-01-05,0.2499,0.2563,0.2475,0.25,52098896.0,2023-01-05 23:59:59.999,13118026.3598
2023-01-06,0.2501,0.2575,0.2459,0.2552,49024686.0,2023-01-06 23:59:59.999,12293472.8158
2023-01-07,0.2553,0.2697,0.2551,0.2613,87530157.0,2023-01-07 23:59:59.999,23088702.4992
2023-01-08,0.2614,0.2788,0.2558,0.2771,110155589.0,2023-01-08 23:59:59.999,29277165.678
2023-01-09,0.277,0.3107,0.2753,0.29,168510722.0,2023-01-09 23:59:59.999,48899244.0144
2023-01-10,0.2901,0.2986,0.2829,0.2907,71102285.0,2023-01-10 23:59:59.999,20598253.1346
2023-01-11,0.2908,0.3024,0.2811,0.301,60744894.0,2023-01-11 23:59:59.999,17526057.388
2023-01-12,0.3011,0.3066,0.2891,0.304,81502065.0,2023-01-12 23:59:59.999,24433819.3563
2023-01-13,0.3041,0.3421,0.3001,0.3344,170059690.0,2023-01-13 23:59:59.999,54536595.645
2023-01-14,0.3344,0.3653,0.3182,0.3506,198618912.0,2023-01-14 23:59:59.999,68533556.817
2023-01-15,0.3507,0.366,0.3325,0.3615,140179603.0,2023-01-15 23:59:59.999,48914728.199
2023-01-16,0.3614,0.3831,0.3442,0.3605,149819922.0,2023-01-16 23:59:59.999,54645635.0456
2023-01-17,0.3605,0.3748,0.3503,0.3599,94796178.0,2023-01-17 23:59:59.999,34543237.741
2023-01-18,0.3601,0.4275,0.3597,0.3624,645666746.0,2023-01-18 23:59:59.999,256477701.9755
2023-01-19,0.3625,0.4351,0.3531,0.4121,1401021423.0,2023-01-19 23:59:59.999,580365272.2656
2023-01-20,0.4121,0.4446,0.4054,0.4358,709228750.0,2023-01-20 23:59:59.999,298934577.3354
2023-01-21,0.4358,0.4551,0.4141,0.4362,316823879.0,2023-01-21 23:59:59.999,138511631.2066
2023-01-22,0.4362,0.4552,0.4164,0.4324,206578117.0,2023-01-22 23:59:59.999,90125536.4222
2023-01-23,0.4324,0.4481,0.423,0.4317,142343604.0,2023-01-23 23:59:59.999,61923495.47
2023-01-24,0.4317,0.4467,0.3912,0.4025,158422447.0,2023-01-24 23:59:59.999,68095575.4373
2023-01-25,0.4026,0.4324,0.3928,0.4262,154709549.0,2023-01-25 23:59:59.999,63128099.7774
2023-01-26,0.4263,0.4326,0.4083,0.4166,90126082.0,2023-01-26 23:59:59.999,37840990.292
2023-01-27,0.4165,0.4269,0.4,0.4255,85852467.0,2023-01-27 23:59:59.999,35514766.7112
2023-01-28,0.4255,0.4999,0.4253,0.4612,397791114.0,2023-01-28 23:59:59.999,183899243.578
2023-01-29,0.4612,0.4789,0.4468,0.4729,153802152.0,2023-01-29 23:59:59.999,71157437.0309
2023-01-30,0.4731,0.4772,0.4175,0.4374,133025487.0,2023-01-30 23:59:59.999,59057910.6749
2023-01-31,0.4371,0.4581,0.4276,0.458,92396776.0,2023-01-31 23:59:59.999,40730819.8284
2023-02-01,0.4579,0.4759,0.428,0.472,185283466.0,2023-02-01 23:59:59.999,84270522.5773
2023-02-02,0.4721,0.4879,0.4455,0.4598,101823793.0,2023-02-02 23:59:59.999,48277002.4812
2023-02-03,0.4598,0.4735,0.4518,0.4715,67470691.0,2023-02-03 23:59:59.999,31314025.7383
2023-02-04,0.4715,0.4904,0.4637,0.4761,65249552.0,2023-02-04 23:59:59.999,31209761.284
2023-02-05,0.4762,0.4938,0.4434,0.455,121239763.0,2023-02-05 23:59:59.999,57188630.6243
2023-02-06,0.455,0.4868,0.4481,0.4628,115434128.0,2023-02-06 23:59:59.999,54212925.7804
2023-02-07,0.4627,0.5284,0.4539,0.5142,179573854.0,2023-02-07 23:59:59.999,88243793.4505
2023-02-08,0.5142,0.5306,0.4776,0.5033,108529960.0,2023-02-08 23:59:59.999,55094448.7144
2023-02-09,0.5033,0.519,0.4296,0.4431,173815159.0,2023-02-09 23:59:59.999,84354392.0168
2023-02-10,0.4432,0.4488,0.4292,0.4389,87602600.0,2023-02-10 23:59:59.999,38580988.45
2023-02-11,0.4389,0.4622,0.4348,0.4622,44602511.0,2023-02-11 23:59:59.999,19940292.6518
2023-02-12,0.4621,0.4662,0.4401,0.4468,52815909.0,2023-02-12 23:59:59.999,24100570.9246
2023-02-13,0.4469,0.4516,0.4115,0.4277,68404878.0,2023-02-13 23:59:59.999,29204959.4057
2023-02-14,0.4277,0.4439,0.4142,0.4432,66637648.0,2023-02-14 23:59:59.999,28597108.1105
2023-02-15,0.4432,0.4849,0.438,0.4847,62638315.0,2023-02-15 23:59:59.999,28606332.0218
2023-02-16,0.4847,0.4962,0.4516,0.4538,77575358.0,2023-02-16 23:59:59.999,37388795.8214
2023-02-17,0.4538,0.4923,0.4529,0.4857,73236064.0,2023-02-17 23:59:59.999,35084194.0588
2023-02-18,0.4857,0.4971,0.4776,0.4892,46781944.0,2023-02-18 23:59:59.999,22911345.4446
2023-02-19,0.4893,0.509,0.4724,0.4838,62652714.0,2023-02-19 23:59:59.999,30779115.7982
2023-02-20,0.4837,0.5402,0.4757,0.5214,120372625.0,2023-02-20 23:59:59.999,62081313.9147
2023-02-21,0.5214,0.5284,0.4862,0.5025,75840401.0,2023-02-21 23:59:59.999,38507528.1376
2023-02-22,0.5026,0.5069,0.4693,0.4872,67664901.0,2023-02-22 23:59:59.999,32667203.1286
2023-02-23,0.4873,0.5665,0.4873,0.5457,450760441.0,2023-02-23 23:59:59.999,245650733.7486
2023-02-24,0.5458,0.5509,0.4904,0.4992,140186716.0,2023-02-24 23:59:59.999,72827758.3658
2023-02-25,0.4992,0.5007,0.4542,0.4712,69874378.0,2023-02-25 23:59:59.999,33281854.2343
2023-02-26,0.4711,0.4951,0.4619,0.4904,56772489.0,2023-02-26 23:59:59.999,27094249.6961
2023-02-27,0.4905,0.4921,0.4689,0.4829,61657742.0,2023-02-27 23:59:59.999,29605086.3411
2023-02-28,0.483,0.484,0.4545,0.462,53389778.0,2023-02-28 23:59:59.999,25123994.5751
2023-03-01,0.4621,0.4875,0.4566,0.4787,46921133.0,2023-03-01 23:59:59.999,22312977.2164
2023-03-02,0.4788,0.4803,0.455,0.4647,33433976.0,2023-03-02 23:59:59.999,15510775.1529
2023-03-03,0.4647,0.4649,0.4167,0.4354,74166650.0,2023-03-03 23:59:59.999,32071139.8484
2023-03-04,0.4355,0.4395,0.4125,0.4233,39415510.0,2023-03-04 23:59:59.999,16873640.1849
2023-03-05,0.4234,0.4368,0.4139,0.416,41170928.0,2023-03-05 23:59:59.999,17568885.5739
2023-03-06,0.416,0.4273,0.4054,0.4249,66009860.0,2023-03-06 23:59:59.999,27508973.0648
2023-03-07,0.4251,0.4484,0.4178,0.4288,213102216.0,2023-03-07 23:59:59.999,92489484.6313
2023-03-08,0.4288,0.4294,0.385,0.3912,118011064.0,2023-03-08 23:59:59.999,47652710.0151
2023-03-09,0.3912,0.3969,0.3503,0.358,147652867.0,2023-03-09 23:59:59.999,55636738.3989
2023-03-10,0.3579,0.3594,0.3303,0.3565,146106693.0,2023-03-10 23:59:59.999,50941084.9226
2023-03-11,0.3564,0.3636,0.3315,0.3516,90629678.0,2023-03-11 23:59:59.999,31552259.3099
2023-03-12,0.3517,0.3847,0.3463,0.3838,76646726.0,2023-03-12 23:59:59.999,27544615.1045
2023-03-13,0.3838,0.4105,0.3742,0.4063,107132643.0,2023-03-13 23:59:59.999,42004738.613
2023-03-14,0.4062,0.442,0.396,0.4291,126882888.0,2023-03-14 23:59:59.999,53304801.3249
2023-03-15,0.4291,0.4426,0.3806,0.385,121126435.0,2023-03-15 23:59:59.999,49830271.5004
2023-03-16,0.3851,0.3947,0.3776,0.3898,78269264.0,2023-03-16 23:59:59.999,30216077.8056
2023-03-17,0.3898,0.4262,0.3848,0.4211,100233767.0,2023-03-17 23:59:59.999,40330559.5031
2023-03-18,0.421,0.4398,0.4062,0.4094,114619891.0,2023-03-18 23:59:59.999,48606474.7053
2023-03-19,0.4094,0.4345,0.4093,0.4216,80027810.0,2023-03-19 23:59:59.999,33911403.5434
2023-03-20,0.4216,0.4367,0.3936,0.4,121835535.0,2023-03-20 23:59:59.999,50874121.7734
2023-03-21,0.3999,0.4137,0.3818,0.4084,84886079.0,2023-03-21 23:59:59.999,34037752.1757
2023-03-22,0.4085,0.4096,0.3723,0.3836,95988582.0,2023-03-22 23:59:59.999,37878476.9747
2023-03-23,0.3836,0.4054,0.3772,0.4013,54990208.0,2023-03-23 23:59:59.999,21666809.9988
2023-03-24,0.4013,0.4021,0.3772,0.3855,54558305.0,2023-03-24 23:59:59.999,21232721.2677
2023-03-25,0.3855,0.3931,0.3747,0.3811,39720796.0,2023-03-25 23:59:59.999,15262984.0036
2023-03-26,0.3812,0.3924,0.3779,0.3896,33694168.0,2023-03-26 23:59:59.999,13038427.8896
2023-03-27,0.3895,0.3932,0.3615,0.3682,55823929.0,2023-03-27 23:59:59.999,20933488.6338
2023-03-28,0.3682,0.3775,0.3595,0.376,45048292.0,2023-03-28 23:59:59.999,16556397.002
2023-03-29,0.3761,0.4008,0.3759,0.399,50717865.0,2023-03-29 23:59:59.999,19829260.621
2023-03-30,0.3989,0.4076,0.3821,0.3912,58289529.0,2023-03-30 23:59:59.999,22988442.0988
2023-03-31,0.3911,0.4136,0.3805,0.4063,51524522.0,2023-03-31 23:59:59.999,20553365.0302
2023-04-01,0.4064,0.4171,0.4019,0.4138,48159121.0,2023-04-01 23:59:59.999,19720687.9867
2023-04-02,0.4138,0.4178,0.3868,0.3947,46531294.0,2023-04-02 23:59:59.999,18750510.5888
2023-04-03,0.3947,0.4089,0.3816,0.3998,64269052.0,2023-04-03 23:59:59.999,25432567.7242
2023-04-04,0.3997,0.4109,0.392,0.4081,35666496.0,2023-04-04 23:59:59.999,14387103.1786
2023-04-05,0.4079,0.4327,0.4046,0.4273,78097833.0,2023-04-05 23:59:59.999,32787132.2978
2023-04-06,0.4272,0.4296,0.4105,0.4191,59279177.0,2023-04-06 23:59:59.999,24822451.4014
2023-04-07,0.419,0.4992,0.418,0.4715,1636962811.0,2023-04-07 23:59:59.999,778912471.5419
2023-04-08,0.4715,0.4771,0.4382,0.4405,581754403.0,2023-04-08 23:59:59.999,268908241.3842
2023-04-09,0.4404,0.448,0.4265,0.4431,230979163.0,2023-04-09 23:59:59.999,100718814.5393
2023-04-10,0.4431,0.4457,0.4201,0.437,151148402.0,2023-04-10 23:59:59.999,65012881.7211
2023-04-11,0.4369,0.438,0.4273,0.4312,112577457.0,2023-04-11 23:59:59.999,48710536.9248
2023-04-12,0.4313,0.4325,0.4049,0.4206,140245833.0,2023-04-12 23:59:59.999,58568780.9823
2023-04-13,0.4207,0.4345,0.4151,0.4343,67566005.0,2023-04-13 23:59:59.999,28639626.355
2023-04-14,0.4345,0.4512,0.4265,0.4483,129514266.0,2023-04-14 23:59:59.999,56872935.8298
2023-04-15,0.4483,0.4537,0.4367,0.4456,70140953.0,2023-04-15 23:59:59.999,31132082.2528
2023-04-16,0.4456,0.4554,0.4341,0.451,68040723.0,2023-04-16 23:59:59.999,30326578.2309
2023-04-17,0.4511,0.4558,0.4357,0.4519,94599073.0,2023-04-17 23:59:59.999,42026337.3888
2023-04-18,0.4519,0.4605,0.443,0.4563,76816955.0,2023-04-18 23:59:59.999,34772982.0615
2023-04-19,0.4563,0.4564,0.397,0.4091,110176974.0,2023-04-19 23:59:59.999,46478694.5616
2023-04-20,0.4092,0.4192,0.3904,0.3999,84653997.0,2023-04-20 23:59:59.999,34324938.7689
2023-04-21,0.4,0.4068,0.3741,0.3829,83237787.0,2023-04-21 23:59:59.999,32829104.2506
2023-04-22,0.383,0.3978,0.3792,0.3976,35925393.0,2023-04-22 23:59:59.999,13983468.4362
2023-04-23,0.3977,0.3977,0.378,0.3906,40822129.0,2023-04-23 23:59:59.999,15934310.1927
2023-04-24,0.3907,0.3963,0.3823,0.3904,39717767.0,2023-04-24 23:59:59.999,15496040.6164
2023-04-25,0.3905,0.4,0.3787,0.3974,44253469.0,2023-04-25 23:59:59.999,17107213.6201
2023-04-26,0.3975,0.4122,0.3662,0.3908,79931973.0,2023-04-26 23:59:59.999,31486320.34
2023-04-27,0.3909,0.4031,0.3862,0.3984,62054504.0,2023-04-27 23:59:59.999,24522720.2539
2023-04-28,0.3985,0.4027,0.3872,0.3936,33548834.0,2023-04-28 23:59:59.999,13245100.1579
2023-04-29,0.3936,0.3999,0.3907,0.3972,22909245.0,2023-04-29 23:59:59.999,9078096.2872
2023-04-30,0.3972,0.3974,0.382,0.3853,25439727.0,2023-04-30 23:59:59.999,9944269.9863
2023-05-01,0.3854,0.388,0.3684,0.3748,28600661.0,2023-05-01 23:59:59.999,10796155.3793
2023-05-02,0.3748,0.3789,0.3703,0.3771,23815990.0,2023-05-02 23:59:59.999,8927919.568
2023-05-03,0.3772,0.3868,0.3671,0.386,33338213.0,2023-05-03 23:59:59.999,12495546.496
2023-05-04,0.386,0.388,0.3777,0.3798,19365613.0,2023-05-04 23:59:59.999,7408727.4637
2023-05-05,0.3799,0.3876,0.3742,0.385,24475732.0,2023-05-05 23:59:59.999,9367485.1151
2023-05-06,0.385,0.3877,0.3625,0.3686,30957675.0,2023-05-06 23:59:59.999,11561237.5043
2023-05-07,0.3686,0.3703,0.3625,0.3642,23034395.0,2023-05-07 23:59:59.999,8457488.3347
2023-05-08,0.3642,0.3664,0.3264,0.3427,67863537.0,2023-05-08 23:59:59.999,23415414.2459
2023-05-09,0.3427,0.348,0.3396,0.3429,27300392.0,2023-05-09 23:59:59.999,9375298.9317
2023-05-10,0.343,0.3552,0.3308,0.3508,57686802.0,2023-05-10 23:59:59.999,19965955.2928
2023-05-11,0.3508,0.3508,0.3241,0.3323,56005372.0,2023-05-11 23:59:59.999,18844153.6611
2023-05-12,0.3323,0.3368,0.3193,0.3367,52696531.0,2023-05-12 23:59:59.999,17266263.6713
2023-05-13,0.3368,0.3373,0.328,0.3322,26093143.0,2023-05-13 23:59:59.999,8684278.1249
2023-05-14,0.3323,0.3382,0.3277,0.336,21306717.0,2023-05-14 23:59:59.999,7098416.4119
2023-05-15,0.336,0.3449,0.3311,0.338,36304067.0,2023-05-15 23:59:59.999,12313436.307
2023-05-16,0.3379,0.3469,0.3321,0.3461,39601740.0,2023-05-16 23:59:59.999,13442421.1099
2023-05-17,0.3461,0.3642,0.3445,0.3552,122734146.0,2023-05-17 23:59:59.999,43449845.0961
2023-05-18,0.3553,0.3562,0.335,0.345,56471605.0,2023-05-18 23:59:59.999,19623815.5511
2023-05-19,0.345,0.3506,0.3419,0.3455,32384951.0,2023-05-19 23:59:59.999,11210547.3591
2023-05-20,0.3455,0.3483,0.3402,0.3455,24992590.0,2023-05-20 23:59:59.999,8614440.4775
2023-05-21,0.3455,0.3465,0.3354,0.3401,24086568.0,2023-05-21 23:59:59.999,8207468.9838
2023-05-22,0.3401,0.3418,0.333,0.3381,26120923.0,2023-05-22 23:59:59.999,8815471.0196
2023-05-23,0.3381,0.3458,0.3354,0.3398,25587994.0,2023-05-23 23:59:59.999,8708125.964
2023-05-24,0.3399,0.34,0.3205,0.3247,38776586.0,2023-05-24 23:59:59.999,12735502.2217
2023-05-25,0.3247,0.337,0.3138,0.3327,51699664.0,2023-05-25 23:59:59.999,16948924.8699
2023-05-26,0.3328,0.3347,0.326,0.33,43981969.0,2023-05-26 23:59:59.999,14537003.8598
2023-05-27,0.33,0.3373,0.3275,0.3363,26005714.0,2023-05-27 23:59:59.999,8629171.7046
2023-05-28,0.3363,0.3464,0.3344,0.3425,41126567.0,2023-05-28 23:59:59.999,13973922.5202
2023-05-29,0.3424,0.3446,0.3318,0.3332,31187775.0,2023-05-29 23:59:59.999,10533145.5329
2023-05-30,0.3332,0.3387,0.3302,0.336,32971418.0,2023-05-30 23:59:59.999,11024468.9646
2023-05-31,0.3359,0.3392,0.3208,0.3242,37806342.0,2023-05-31 23:59:59.999,12396163.2637
2023-06-01,0.3242,0.3319,0.3181,0.3294,33012653.0,2023-06-01 23:59:59.999,10785240.4589
2023-06-02,0.3293,0.3339,0.3256,0.3329,31774137.0,2023-06-02 23:59:59.999,10521375.4429
2023-06-03,0.3329,0.3334,0.3259,0.3294,19931154.0,2023-06-03 23:59:59.999,6565995.9753
2023-06-04,0.3295,0.3403,0.3279,0.3353,40766040.0,2023-06-04 23:59:59.999,13660630.894
2023-06-05,0.3354,0.3475,0.297,0.3084,137323890.0,2023-06-05 23:59:59.999,44767018.1672
2023-06-06,0.3085,0.3266,0.3064,0.3229,76105289.0,2023-06-06 23:59:59.999,24097138.6822
2023-06-07,0.323,0.3231,0.2961,0.2997,57824210.0,2023-06-07 23:59:59.999,17811004.9234
2023-06-08,0.2998,0.3087,0.2916,0.2995,76262685.0,2023-06-08 23:59:59.999,22929514.0723
2023-06-09,0.2996,0.2999,0.2869,0.291,51429762.0,2023-06-09 23:59:59.999,15141107.4666
2023-06-10,0.291,0.2911,0.2269,0.2506,185037681.0,2023-06-10 23:59:59.999,46408486.268
2023-06-11,0.2506,0.2552,0.2462,0.2508,48546819.0,2023-06-11 23:59:59.999,12158665.0656
2023-06-12,0.2509,0.2543,0.2425,0.2539,49794731.0,2023-06-12 23:59:59.999,12430427.1117
2023-06-13,0.2539,0.2638,0.2517,0.2569,56288268.0,2023-06-13 23:59:59.999,14477578.4588
2023-06-14,0.2569,0.2627,0.2411,0.2478,62531191.0,2023-06-14 23:59:59.999,15782795.6141
2023-06-15,0.2479,0.2562,0.2417,0.2537,44503113.0,2023-06-15 23:59:59.999,11059544.72
2023-06-16,0.2536,0.2612,0.248,0.2584,40267876.0,2023-06-16 23:59:59.999,10242558.1887
2023-06-17,0.2585,0.2671,0.2571,0.2599,31299868.0,2023-06-17 23:59:59.999,8185128.4036
2023-06-18,0.26,0.263,0.2517,0.2557,31939050.0,2023-06-18 23:59:59.999,8259259.8533
2023-06-19,0.2557,0.2609,0.2531,0.258,45449271.0,2023-06-19 23:59:59.999,11721085.411
2023-06-20,0.258,0.2682,0.2526,0.2676,38465795.0,2023-06-20 23:59:59.999,10019359.6645
2023-06-21,0.2676,0.2846,0.2663,0.2809,64992600.0,2023-06-21 23:59:59.999,18014962.5218
2023-06-22,0.281,0.2904,0.2759,0.2783,57927249.0,2023-06-22 23:59:59.999,16391851.0225
2023-06-23,0.2783,0.2952,0.278,0.291,56519229.0,2023-06-23 23:59:59.999,16201064.635
2023-06-24,0.291,0.299,0.2884,0.2966,69509269.0,2023-06-24 23:59:59.999,20479407.6357
2023-06-25,0.2966,0.3305,0.2965,0.3039,113514168.0,2023-06-25 23:59:59.999,35489761.8086
2023-06-26,0.3038,0.3044,0.2893,0.2924,55418824.0,2023-06-26 23:59:59.999,16411949.1149
2023-06-27,0.2924,0.2968,0.286,0.2966,39361239.0,2023-06-27 23:59:59.999,11506342.4951
2023-06-28,0.2966,0.2968,0.2673,0.2768,72386620.0,2023-06-28 23:59:59.999,20403845.9815
2023-06-29,0.2767,0.2966,0.2759,0.2825,98444184.0,2023-06-29 23:59:59.999,28281306.4804
2023-06-30,0.2826,0.3002,0.271,0.2968,103242513.0,2023-06-30 23:59:59.999,29846377.2145
2023-07-01,0.2969,0.3163,0.2934,0.316,63440424.0,2023-07-01 23:59:59.999,19304046.2903
2023-07-02,0.3159,0.318,0.3013,0.3114,45886573.0,2023-07-02 23:59:59.999,14135603.5644
2023-07-03,0.3115,0.3205,0.3087,0.3178,33874048.0,2023-07-03 23:59:59.999,10675048.0918
2023-07-04,0.3179,0.3278,0.3083,0.3134,63027236.0,2023-07-04 23:59:59.999,20006537.0682
2023-07-05,0.3135,0.344,0.3064,0.3094,196918035.0,2023-07-05 23:59:59.999,63668664.6571
2023-07-06,0.3095,0.3164,0.292,0.2925,71897065.0,2023-07-06 23:59:59.999,21899989.1518
2023-07-07,0.2925,0.2961,0.2887,0.2936,39023916.0,2023-07-07 23:59:59.999,11437008.5979
2023-07-08,0.2936,0.2973,0.2901,0.295,28323307.0,2023-07-08 23:59:59.999,8315530.3195
2023-07-09,0.2951,0.2982,0.289,0.2903,28028333.0,2023-07-09 23:59:59.999,8238361.2463
2023-07-10,0.2903,0.2962,0.279,0.2901,58013414.0,2023-07-10 23:59:59.999,16599707.3581
2023-07-11,0.2902,0.2995,0.2877,0.2992,42622914.0,2023-07-11 23:59:59.999,12499782.3091
2023-07-12,0.2991,0.309,0.2939,0.297,66713873.0,2023-07-12 23:59:59.999,20086263.0885
2023-07-13,0.2971,0.3252,0.2902,0.3231,84739899.0,2023-07-13 23:59:59.999,26127174.0533
2023-07-14,0.3232,0.328,0.2972,0.3103,83931761.0,2023-07-14 23:59:59.999,26367986.139
2023-07-15,0.3104,0.3188,0.3069,0.3171,30971937.0,2023-07-15 23:59:59.999,9699699.127
2023-07-16,0.317,0.3186,0.3056,0.3075,30820287.0,2023-07-16 23:59:59.999,9618057.8563
2023-07-17,0.3075,0.3312,0.3057,0.3198,120279274.0,2023-07-17 23:59:59.999,38364252.8634
2023-07-18,0.3198,0.3231,0.302,0.3094,61466307.0,2023-07-18 23:59:59.999,19228504.2238
2023-07-19,0.3094,0.3152,0.3061,0.308,40236951.0,2023-07-19 23:59:59.999,12507745.9421
2023-07-20,0.3081,0.3162,0.2998,0.3049,52148880.0,2023-07-20 23:59:59.999,16119528.6908
2023-07-21,0.305,0.3114,0.3028,0.3083,39370343.0,2023-07-21 23:59:59.999,12120112.5992
2023-07-22,0.3084,0.313,0.3025,0.3063,39174800.0,2023-07-22 23:59:59.999,12111238.2747
2023-07-23,0.3063,0.3221,0.3041,0.3211,83032716.0,2023-07-23 23:59:59.999,26341063.3811
2023-07-24,0.3211,0.3249,0.2935,0.3023,81081743.0,2023-07-24 23:59:59.999,25093442.5723
2023-07-25,0.3022,0.3101,0.3009,0.3041,55383540.0,2023-07-25 23:59:59.999,16911886.2301
2023-07-26,0.3042,0.3062,0.2953,0.302,77715482.0,2023-07-26 23:59:59.999,23363787.983
2023-07-27,0.3021,0.3058,0.2955,0.2979,38209851.0,2023-07-27 23:59:59.999,11510480.8255
2023-07-28,0.2979,0.3037,0.2952,0.3013,27942191.0,2023-07-28 23:59:59.999,8372609.1721
2023-07-29,0.3014,0.3065,0.301,0.3062,20844523.0,2023-07-29 23:59:59.999,6334256.1761
2023-07-30,0.3063,0.3091,0.2894,0.3027,47074059.0,2023-07-30 23:59:59.999,14213884.4239
2023-07-31,0.3026,0.3049,0.2922,0.2972,32414722.0,2023-07-31 23:59:59.999,9713038.155
2023-08-01,0.2972,0.3002,0.2865,0.2986,43966571.0,2023-08-01 23:59:59.999,12893646.9784
2023-08-02,0.2987,0.2992,0.287,0.2906,33282835.0,2023-08-02 23:59:59.999,9765364.1691
2023-08-03,0.2905,0.2925,0.287,0.2889,28556806.0,2023-08-03 23:59:59.999,8282004.2236
2023-08-04,0.289,0.2915,0.2842,0.2873,37830229.0,2023-08-04 23:59:59.999,10873185.917
2023-08-05,0.2874,0.2895,0.2822,0.2882,36878819.0,2023-08-05 23:59:59.999,10535016.2166
2023-08-06,0.2882,0.293,0.285,0.2872,37991423.0,2023-08-06 23:59:59.999,10957174.6521
2023-08-07,0.2873,0.2934,0.2788,0.2871,47499404.0,2023-08-07 23:59:59.999,13631121.9556
2023-08-08,0.2872,0.2928,0.2843,0.2912,35691410.0,2023-08-08 23:59:59.999,10290989.3843
2023-08-09,0.2912,0.2918,0.2854,0.2878,24025601.0,2023-08-09 23:59:59.999,6947204.8981
2023-08-10,0.2879,0.2927,0.2873,0.2899,20788591.0,2023-08-10 23:59:59.999,6026616.2365
2023-08-11,0.2899,0.2928,0.2849,0.2881,31460497.0,2023-08-11 23:59:59.999,9082214.9418
2023-08-12,0.2881,0.293,0.2867,0.2903,29367465.0,2023-08-12 23:59:59.999,8524076.6077
2023-08-13,0.2903,0.2971,0.2887,0.2912,30834017.0,2023-08-13 23:59:59.999,9021357.4356
2023-08-14,0.2911,0.2958,0.2863,0.2903,28157974.0,2023-08-14 23:59:59.999,8202038.7087
2023-08-15,0.2902,0.291,0.2621,0.2754,52017944.0,2023-08-15 23:59:59.999,14581035.844
2023-08-16,0.2754,0.2789,0.2539,0.263,53677170.0,2023-08-16 23:59:59.999,14341508.824
2023-08-17,0.263,0.2653,0.2129,0.237,89252949.0,2023-08-17 23:59:59.999,21842144.2481
2023-08-18,0.237,0.2453,0.236,0.2418,56436667.0,2023-08-18 23:59:59.999,13612855.4787
2023-08-19,0.2418,0.2467,0.2403,0.2449,25008134.0,2023-08-19 23:59:59.999,6067180.8405
2023-08-20,0.2448,0.2472,0.242,0.2443,22260776.0,2023-08-20 23:59:59.999,5449397.4574
2023-08-21,0.2443,0.2454,0.2322,0.2395,36911530.0,2023-08-21 23:59:59.999,8820117.4985
2023-08-22,0.2396,0.2438,0.2291,0.2406,47200426.0,2023-08-22 23:59:59.999,11170644.5082
2023-08-23,0.2406,0.2474,0.2381,0.2451,36483526.0,2023-08-23 23:59:59.999,8847073.8169
2023-08-24,0.245,0.2473,0.2377,0.2418,43847617.0,2023-08-24 23:59:59.999,10679792.3784
2023-08-25,0.2418,0.2423,0.2364,0.2402,31986161.0,2023-08-25 23:59:59.999,7651862.0598
2023-08-26,0.2401,0.2456,0.2394,0.2421,19095613.0,2023-08-26 23:59:59.999,4636037.9439
2023-08-27,0.242,0.2429,0.2399,0.242,13086381.0,2023-08-27 23:59:59.999,3160741.9304
2023-08-28,0.242,0.2449,0.236,0.2414,31776681.0,2023-08-28 23:59:59.999,7665242.4504
2023-08-29,0.2413,0.2544,0.235,0.2522,70750445.0,2023-08-29 23:59:59.999,17343921.6137
2023-08-30,0.2521,0.2527,0.2441,0.2448,25423797.0,2023-08-30 23:59:59.999,6310083.284
2023-08-31,0.2447,0.2469,0.2317,0.2339,42563616.0,2023-08-31 23:59:59.999,10163985.9836
2023-09-01,0.2338,0.2348,0.2247,0.2279,34242248.0,2023-09-01 23:59:59.999,7890130.243
2023-09-02,0.2279,0.232,0.2254,0.2316,23034978.0,2023-09-02 23:59:59.999,5261954.7255
2023-09-03,0.2316,0.2337,0.2277,0.2315,19446250.0,2023-09-03 23:59:59.999,4496688.148
2023-09-04,0.2315,0.2373,0.2272,0.2311,31469712.0,2023-09-04 23:59:59.999,7298027.4349
2023-09-05,0.231,0.2345,0.2273,0.2331,23629950.0,2023-09-05 23:59:59.999,5461618.9718
2023-09-06,0.2331,0.2771,0.2319,0.2682,1189310910.0,2023-09-06 23:59:59.999,314794401.8939
2023-09-07,0.2681,0.281,0.2551,0.2591,469447571.0,2023-09-07 23:59:59.999,124664489.5801
2023-09-08,0.2591,0.2644,0.2462,0.2534,210557009.0,2023-09-08 23:59:59.999,53186496.4581
2023-09-09,0.2534,0.256,0.2472,0.2495,89679567.0,2023-09-09 23:59:59.999,22501450.1777
2023-09-10,0.2495,0.2513,0.2326,0.2367,116322936.0,2023-09-10 23:59:59.999,27830950.128
2023-09-11,0.2367,0.259,0.233,0.2402,674091227.0,2023-09-11 23:59:59.999,166757329.0329
2023-09-12,0.2403,0.2438,0.2246,0.2259,377220023.0,2023-09-12 23:59:59.999,88650899.1291
2023-09-13,0.2259,0.2265,0.2153,0.2232,327086246.0,2023-09-13 23:59:59.999,72501699.2052
2023-09-14,0.2232,0.2269,0.219,0.2243,147199990.0,2023-09-14 23:59:59.999,32749193.6684
2023-09-15,0.2244,0.2322,0.2216,0.2315,117641761.0,2023-09-15 23:59:59.999,26506910.974
2023-09-16,0.2315,0.2362,0.2283,0.2327,91483120.0,2023-09-16 23:59:59.999,21237558.3637
2023-09-17,0.2328,0.2329,0.2185,0.2213,83111632.0,2023-09-17 23:59:59.999,18811482.4268
2023-09-18,0.2213,0.2383,0.2186,0.2312,182754439.0,2023-09-18 23:59:59.999,42089055.5283
2023-09-19,0.2311,0.2367,0.2292,0.2336,127108452.0,2023-09-19 23:59:59.999,29538668.6112
2023-09-20,0.2337,0.235,0.2246,0.2281,85726939.0,2023-09-20 23:59:59.999,19703186.4305
2023-09-21,0.2282,0.2298,0.221,0.2269,81207307.0,2023-09-21 23:59:59.999,18388428.0174
2023-09-22,0.2269,0.23,0.2246,0.2288,46631076.0,2023-09-22 23:59:59.999,10631956.5071
2023-09-23,0.2289,0.2304,0.2262,0.2286,51384399.0,2023-09-23 23:59:59.999,11725713.8807
2023-09-24,0.2285,0.2313,0.2225,0.2238,135921071.0,2023-09-24 23:59:59.999,30981176.0284
2023-09-25,0.2237,0.2384,0.223,0.2273,212280644.0,2023-09-25 23:59:59.999,48905944.2
2023-09-26,0.2273,0.2312,0.2123,0.2208,484578613.0,2023-09-26 23:59:59.999,106668460.4496
2023-09-27,0.2207,0.2239,0.2187,0.2212,162627487.0,2023-09-27 23:59:59.999,35996753.8932
2023-09-28,0.2211,0.225,0.2189,0.2221,98586601.0,2023-09-28 23:59:59.999,21820222.0425
2023-09-29,0.2222,0.2245,0.2202,0.2226,80416631.0,2023-09-29 23:59:59.999,17911854.8389
2023-09-30,0.2227,0.2253,0.2211,0.224,62139015.0,2023-09-30 23:59:59.999,13874144.7747
2023-10-01,0.2241,0.234,0.2236,0.2322,84803844.0,2023-10-01 23:59:59.999,19412898.6387
2023-10-02,0.2323,0.2332,0.2171,0.223,99988439.0,2023-10-02 23:59:59.999,22750083.7347
2023-10-03,0.2229,0.2262,0.2193,0.2209,105727639.0,2023-10-03 23:59:59.999,23479421.4643
2023-10-04,0.2208,0.2276,0.2167,0.2256,222151715.0,2023-10-04 23:59:59.999,49568058.7997
2023-10-05,0.2255,0.2264,0.2202,0.2219,98894530.0,2023-10-05 23:59:59.999,22042019.2524
2023-10-06,0.2219,0.2267,0.22,0.226,74666284.0,2023-10-06 23:59:59.999,16604465.0236
2023-10-07,0.2259,0.2265,0.2211,0.2225,37773632.0,2023-10-07 23:59:59.999,8444827.1726
2023-10-08,0.2225,0.2278,0.2192,0.2262,112923532.0,2023-10-08 23:59:59.999,25274414.7629
2023-10-09,0.2263,0.2397,0.2143,0.2183,522924548.0,2023-10-09 23:59:59.999,119366763.3546
2023-10-10,0.2183,0.2241,0.2132,0.2141,318616677.0,2023-10-10 23:59:59.999,69330344.6311
2023-10-11,0.2141,0.2221,0.2115,0.2155,179066406.0,2023-10-11 23:59:59.999,38683721.422
2023-10-12,0.2155,0.2156,0.2063,0.2105,114762415.0,2023-10-12 23:59:59.999,24189643.2809
2023-10-13,0.2105,0.2126,0.2088,0.2095,51797036.0,2023-10-13 23:59:59.999,10894360.1326
2023-10-14,0.2094,0.2116,0.2088,0.2102,35195187.0,2023-10-14 23:59:59.999,7408500.4743
2023-10-15,0.2102,0.2142,0.2087,0.2125,62835047.0,2023-10-15 23:59:59.999,13294911.0204
2023-10-16,0.2125,0.2222,0.2117,0.2168,97470926.0,2023-10-16 23:59:59.999,21065733.2068
2023-10-17,0.2168,0.2194,0.2094,0.2149,80185020.0,2023-10-17 23:59:59.999,17350669.452
2023-10-18,0.2149,0.2165,0.2082,0.2095,68674013.0,2023-10-18 23:59:59.999,14591582.026
2023-10-19,0.2095,0.2105,0.2038,0.2062,69021357.0,2023-10-19 23:59:59.999,14282069.6076
2023-10-20,0.2061,0.2117,0.2054,0.2078,64661558.0,2023-10-20 23:59:59.999,13487011.1322
2023-10-21,0.2078,0.2159,0.2068,0.2148,48664053.0,2023-10-21 23:59:59.999,10321862.5669
2023-10-22,0.2148,0.2205,0.2086,0.2203,62997875.0,2023-10-22 23:59:59.999,13483423.3789
2023-10-23,0.2202,0.2315,0.2169,0.2298,128759205.0,2023-10-23 23:59:59.999,28708601.5343
2023-10-24,0.2299,0.2431,0.2254,0.2375,189731241.0,2023-10-24 23:59:59.999,44360757.4467
2023-10-25,0.2375,0.2607,0.2326,0.2529,165715082.0,2023-10-25 23:59:59.999,40620514.1539
2023-10-26,0.2528,0.2857,0.2462,0.2632,416164003.0,2023-10-26 23:59:59.999,110585389.8188
2023-10-27,0.2632,0.2656,0.2489,0.2528,142455384.0,2023-10-27 23:59:59.999,36672929.7605
2023-10-28,0.2529,0.2804,0.2513,0.2712,138615307.0,2023-10-28 23:59:59.999,37295157.8517
2023-10-29,0.2711,0.2812,0.2646,0.2744,99887568.0,2023-10-29 23:59:59.999,27330483.4437
2023-10-30,0.2744,0.2958,0.2598,0.2669,284815368.0,2023-10-30 23:59:59.999,77609339.7273
2023-10-31,0.2669,0.2727,0.2402,0.2508,164374153.0,2023-10-31 23:59:59.999,42151846.4773
2023-11-01,0.2508,0.2667,0.2439,0.2653,131163932.0,2023-11-01 23:59:59.999,33257062.123
2023-11-02,0.2652,0.2795,0.2636,0.2733,147390142.0,2023-11-02 23:59:59.999,39995727.912
2023-11-03,0.2733,0.2846,0.2605,0.2807,115801684.0,2023-11-03 23:59:59.999,31720777.1429
2023-11-04,0.2807,0.2901,0.2755,0.2888,55554438.0,2023-11-04 23:59:59.999,15661965.4267
2023-11-05,0.2888,0.3013,0.2859,0.2938,89201679.0,2023-11-05 23:59:59.999,26093364.5015
2023-11-06,0.2939,0.3108,0.2871,0.3076,71397989.0,2023-11-06 23:59:59.999,21497448.7483
2023-11-07,0.3076,0.329,0.3012,0.3205,189423003.0,2023-11-07 23:59:59.999,59984391.2504
2023-11-08,0.3206,0.3239,0.2978,0.3065,161982429.0,2023-11-08 23:59:59.999,49387048.1362
2023-11-09,0.3065,0.3208,0.2537,0.2924,206957325.0,2023-11-09 23:59:59.999,61118111.7859
2023-11-10,0.2925,0.2989,0.2782,0.2975,107327925.0,2023-11-10 23:59:59.999,31210534.1214
2023-11-11,0.2976,0.3132,0.2837,0.3066,95605979.0,2023-11-11 23:59:59.999,28659984.222
2023-11-12,0.3066,0.3162,0.2931,0.3072,115581191.0,2023-11-12 23:59:59.999,35200446.5101
2023-11-13,0.3071,0.3194,0.2782,0.2784,96852943.0,2023-11-13 23:59:59.999,28719797.5242
2023-11-14,0.2784,0.2826,0.2519,0.2705,117459322.0,2023-11-14 23:59:59.999,31900006.6992
2023-11-15,0.2706,0.2858,0.2691,0.2849,119403715.0,2023-11-15 23:59:59.999,33136152.0929
2023-11-16,0.2849,0.2982,0.2731,0.2797,128200379.0,2023-11-16 23:59:59.999,36808324.3183
2023-11-17,0.2797,0.2913,0.2626,0.2743,105392234.0,2023-11-17 23:59:59.999,29339872.6042
2023-11-18,0.2743,0.2743,0.254,0.2727,59077051.0,2023-11-18 23:59:59.999,15669296.4854
2023-11-19,0.2727,0.2814,0.2657,0.2805,51843206.0,2023-11-19 23:59:59.999,14158163.7597
2023-11-20,0.2806,0.288,0.2746,0.2805,63900996.0,2023-11-20 23:59:59.999,17978909.8116
2023-11-21,0.2805,0.2864,0.2469,0.2502,109354362.0,2023-11-21 23:59:59.999,29106697.3686
2023-11-22,0.2501,0.2715,0.249,0.2684,70048988.0,2023-11-22 23:59:59.999,18335204.8364
2023-11-23,0.2685,0.2716,0.263,0.2678,44119218.0,2023-11-23 23:59:59.999,11818164.2763
2023-11-24,0.2679,0.2787,0.266,0.2732,64822104.0,2023-11-24 23:59:59.999,17640561.2688
2023-11-25,0.2732,0.2906,0.2711,0.2899,79450961.0,2023-11-25 23:59:59.999,22532436.5509
2023-11-26,0.29,0.3104,0.2852,0.3043,196466448.0,2023-11-26 23:59:59.999,59146759.1766
2023-11-27,0.3044,0.31,0.2812,0.2923,116450687.0,2023-11-27 23:59:59.999,34078217.8061
2023-11-28,0.2924,0.2958,0.2772,0.2943,83445326.0,2023-11-28 23:59:59.999,24008615.3376
2023-11-29,0.2943,0.2957,0.2803,0.2843,57059349.0,2023-11-29 23:59:59.999,16352121.9637
2023-11-30,0.2843,0.2865,0.2756,0.2787,50932877.0,2023-11-30 23:59:59.999,14273084.8229
2023-12-01,0.2787,0.2953,0.2755,0.294,62469439.0,2023-12-01 23:59:59.999,17983095.5177
2023-12-02,0.2941,0.3015,0.292,0.296,64299900.0,2023-12-02 23:59:59.999,19104124.3732
2023-12-03,0.2961,0.3013,0.2888,0.2926,55526582.0,2023-12-03 23:59:59.999,16349005.6447
2023-12-04,0.2926,0.3147,0.2925,0.3088,111034672.0,2023-12-04 23:59:59.999,33639881.4179
2023-12-05,0.3088,0.3335,0.3045,0.3295,136756706.0,2023-12-05 23:59:59.999,43308643.5167
2023-12-06,0.3296,0.3387,0.3121,0.3267,125673227.0,2023-12-06 23:59:59.999,41002411.62
2023-12-07,0.3266,0.3419,0.3151,0.3371,94778354.0,2023-12-07 23:59:59.999,31375073.2552
2023-12-08,0.337,0.3529,0.33,0.3514,74315695.0,2023-12-08 23:59:59.999,25370488.2267
2023-12-09,0.3515,0.3696,0.3492,0.3529,90685549.0,2023-12-09 23:59:59.999,32583550.499
2023-12-10,0.3529,0.3737,0.3458,0.3533,80357288.0,2023-12-10 23:59:59.999,28804355.8145
2023-12-11,0.3532,0.3555,0.3003,0.318,155575433.0,2023-12-11 23:59:59.999,50331841.0842
2023-12-12,0.3179,0.3318,0.3164,0.3313,74343892.0,2023-12-12 23:59:59.999,24094954.932
2023-12-13,0.3312,0.3407,0.3119,0.3372,118028870.0,2023-12-13 23:59:59.999,38282954.8352
2023-12-14,0.3374,0.3553,0.3338,0.3545,78400930.0,2023-12-14 23:59:59.999,27159214.0334
2023-12-15,0.3545,0.355,0.334,0.3361,60305842.0,2023-12-15 23:59:59.999,20865777.1126
2023-12-16,0.3362,0.3481,0.3315,0.3417,39518663.0,2023-12-16 23:59:59.999,13526279.091
2023-12-17,0.3418,0.3428,0.3251,0.3262,52658622.0,2023-12-17 23:59:59.999,17492140.9799
2023-12-18,0.3261,0.3308,0.2991,0.3278,105163874.0,2023-12-18 23:59:59.999,33113249.8616
2023-12-19,0.3277,0.336,0.319,0.3222,55745098.0,2023-12-19 23:59:59.999,18296141.5943
2023-12-20,0.3221,0.3509,0.3175,0.3481,56060738.0,2023-12-20 23:59:59.999,18991805.3329
2023-12-21,0.3481,0.3637,0.3405,0.3593,49968483.0,2023-12-21 23:59:59.999,17574300.3557
2023-12-22,0.3594,0.3696,0.3515,0.3677,53247845.0,2023-12-22 23:59:59.999,19172330.4312
2023-12-23,0.3677,0.3849,0.3544,0.38,46987653.0,2023-12-23 23:59:59.999,17220229.0428
2023-12-24,0.38,0.3942,0.3678,0.3824,69165274.0,2023-12-24 23:59:59.999,26333945.9983
2023-12-25,0.3825,0.4056,0.3781,0.3945,67485195.0,2023-12-25 23:59:59.999,26652679.7799
2023-12-26,0.3946,0.4254,0.3745,0.4072,106773172.0,2023-12-26 23:59:59.999,43172288.3815
2023-12-27,0.4073,0.431,0.38,0.4093,75889550.0,2023-12-27 23:59:59.999,30960552.1116
2023-12-28,0.4094,0.4176,0.3819,0.3865,59439895.0,2023-12-28 23:59:59.999,23526703.4127
2023-12-29,0.3865,0.3986,0.3632,0.3723,56533039.0,2023-12-29 23:59:59.999,21610893.9491
2023-12-30,0.3723,0.3756,0.3595,0.3673,28455173.0,2023-12-30 23:59:59.999,10499646.9681
2023-12-31,0.3674,0.3908,0.36,0.3794,52874132.0,2023-12-31 23:59:59.999,20128282.0579
2024-01-01,0.3795,0.389,0.3657,0.3863,36485471.0,2024-01-01 23:59:59.999,13772462.3937
2024-01-02,0.3864,0.3962,0.3702,0.3791,44313214.0,2024-01-02 23:59:59.999,17059010.2312
2024-01-03,0.3792,0.398,0.2883,0.3322,110334875.0,2024-01-03 23:59:59.999,38255491.9415
2024-01-04,0.3321,0.3452,0.3261,0.3399,49395183.0,2024-01-04 23:59:59.999,16721164.9099
2024-01-05,0.34,0.3425,0.3076,0.321,65088457.0,2024-01-05 23:59:59.999,20981300.3962
2024-01-06,0.3211,0.3212,0.2957,0.3051,44665682.0,2024-01-06 23:59:59.999,13687182.3492
2024-01-07,0.305,0.3169,0.2857,0.2898,55296744.0,2024-01-07 23:59:59.999,16730438.9667
2024-01-08,0.2898,0.3191,0.2649,0.3174,86804332.0,2024-01-08 23:59:59.999,25043720.6032
2024-01-09,0.3173,0.3184,0.283,0.2948,87738943.0,2024-01-09 23:59:59.999,26194025.6773
2024-01-10,0.2948,0.3241,0.288,0.3171,59798733.0,2024-01-10 23:59:59.999,18104936.3871
2024-01-11,0.3172,0.337,0.3144,0.3311,67847542.0,2024-01-11 23:59:59.999,22241332.4606
2024-01-12,0.3312,0.3376,0.2992,0.314,84973436.0,2024-01-12 23:59:59.999,27368199.4526
2024-01-13,0.3141,0.3229,0.3027,0.3186,34836675.0,2024-01-13 23:59:59.999,11009981.6024
2024-01-14,0.3187,0.3194,0.3008,0.3014,30905091.0,2024-01-14 23:59:59.999,9627125.9936
2024-01-15,0.3014,0.3123,0.3003,0.3038,27643913.0,2024-01-15 23:59:59.999,8492686.1756
2024-01-16,0.3038,0.3149,0.3021,0.3117,33033505.0,2024-01-16 23:59:59.999,10218799.0227
2024-01-17,0.3118,0.3138,0.3027,0.307,27455617.0,2024-01-17 23:59:59.999,8454973.3433
2024-01-18,0.307,0.3112,0.2845,0.2907,36485508.0,2024-01-18 23:59:59.999,10885818.8848
2024-01-19,0.2907,0.2928,0.2701,0.2899,46520731.0,2024-01-19 23:59:59.999,13195211.2452
2024-01-20,0.29,0.3003,0.2869,0.3002,21125473.0,2024-01-20 23:59:59.999,6192882.4088
2024-01-21,0.3001,0.3032,0.2902,0.2911,23624028.0,2024-01-21 23:59:59.999,6996792.1459
2024-01-22,0.2911,0.2929,0.27,0.2721,42155401.0,2024-01-22 23:59:59.999,11845495.9905
2024-01-23,0.2721,0.2775,0.2529,0.2672,51094884.0,2024-01-23 23:59:59.999,13518498.2435
2024-01-24,0.2672,0.2764,0.2641,0.273,37188601.0,2024-01-24 23:59:59.999,10068201.6139
2024-01-25,0.273,0.2744,0.2668,0.2718,27272468.0,2024-01-25 23:59:59.999,7391129.2845
2024-01-26,0.2718,0.2862,0.2695,0.2859,30146680.0,2024-01-26 23:59:59.999,8407843.8323
2024-01-27,0.2859,0.2948,0.2835,0.2927,26233251.0,2024-01-27 23:59:59.999,7578843.6261
2024-01-28,0.2927,0.2961,0.2823,0.286,25911411.0,2024-01-28 23:59:59.999,7501653.6669
2024-01-29,0.2861,0.2957,0.2841,0.2938,27060042.0,2024-01-29 23:59:59.999,7874490.5236
2024-01-30,0.2939,0.2985,0.284,0.2865,27722622.0,2024-01-30 23:59:59.999,8110278.0479
2024-01-31,0.2865,0.2918,0.2761,0.2787,48956356.0,2024-01-31 23:59:59.999,13891220.9876
2024-02-01,0.2787,0.2853,0.273,0.284,31772792.0,2024-02-01 23:59:59.999,8879104.7251
2024-02-02,0.284,0.2885,0.2803,0.2862,27316018.0,2024-02-02 23:59:59.999,7777989.8652
2024-02-03,0.2863,0.2878,0.2807,0.2823,22299273.0,2024-02-03 23:59:59.999,6349471.1269
2024-02-04,0.2823,0.2824,0.2741,0.2754,25873532.0,2024-02-04 23:59:59.999,7205809.0321
2024-02-05,0.2755,0.281,0.2706,0.277,26514577.0,2024-02-05 23:59:59.999,7316329.8279
2024-02-06,0.2771,0.2809,0.273,0.2792,19578261.0,2024-02-06 23:59:59.999,5415008.981
2024-02-07,0.2792,0.2868,0.2774,0.2854,24209443.0,2024-02-07 23:59:59.999,6821516.439
2024-02-08,0.2853,0.2909,0.2838,0.2873,31262049.0,2024-02-08 23:59:59.999,9006823.1947
2024-02-09,0.2874,0.2974,0.287,0.2957,27714696.0,2024-02-09 23:59:59.999,8152919.0836
2024-02-10,0.2957,0.2998,0.2912,0.2978,22807257.0,2024-02-10 23:59:59.999,6765787.9919
2024-02-11,0.2978,0.3048,0.2943,0.2962,25748493.0,2024-02-11 23:59:59.999,7732064.8736
2024-02-12,0.2962,0.3163,0.2929,0.3123,54037484.0,2024-02-12 23:59:59.999,16507245.0079
2024-02-13,0.3124,0.3155,0.3001,0.3101,48583398.0,2024-02-13 23:59:59.999,15001064.9841
2024-02-14,0.31,0.3306,0.3083,0.3271,46242763.0,2024-02-14 23:59:59.999,14795151.7584
2024-02-15,0.3271,0.3316,0.3227,0.3277,42148519.0,2024-02-15 23:59:59.999,13786589.8472
2024-02-16,0.3277,0.3386,0.3211,0.3315,48045501.0,2024-02-16 23:59:59.999,15819759.2623
2024-02-17,0.3317,0.3337,0.3117,0.3254,32082686.0,2024-02-17 23:59:59.999,10349615.2882
2024-02-18,0.3255,0.334,0.3212,0.3307,30635592.0,2024-02-18 23:59:59.999,10095940.3458
2024-02-19,0.3307,0.3656,0.3296,0.3608,95328098.0,2024-02-19 23:59:59.999,33182754.9074
2024-02-20,0.3608,0.362,0.3299,0.344,96614041.0,2024-02-20 23:59:59.999,33604700.9532
2024-02-21,0.344,0.3452,0.3138,0.3292,63613206.0,2024-02-21 23:59:59.999,20896843.4364
2024-02-22,0.3293,0.3379,0.3186,0.3298,45297641.0,2024-02-22 23:59:59.999,14992927.5274
2024-02-23,0.3298,0.341,0.3236,0.3385,53789082.0,2024-02-23 23:59:59.999,17913727.2785
2024-02-24,0.3385,0.364,0.3322,0.351,61307303.0,2024-02-24 23:59:59.999,21558062.3115
2024-02-25,0.3511,0.3596,0.3446,0.3583,30755895.0,2024-02-25 23:59:59.999,10817316.8167
2024-02-26,0.3584,0.3765,0.3537,0.3665,75176232.0,2024-02-26 23:59:59.999,27435145.1513
2024-02-27,0.3666,0.431,0.3629,0.4232,241497078.0,2024-02-27 23:59:59.999,97759153.2046
2024-02-28,0.4231,0.4344,0.3677,0.4098,222613836.0,2024-02-28 23:59:59.999,91914780.6937
2024-02-29,0.4099,0.4683,0.4054,0.4261,163548697.0,2024-02-29 23:59:59.999,71784112.8121
2024-03-01,0.4263,0.4767,0.425,0.465,125470219.0,2024-03-01 23:59:59.999,57050154.5827
2024-03-02,0.465,0.5311,0.454,0.5256,141725714.0,2024-03-02 23:59:59.999,69616111.3742
2024-03-03,0.5257,0.5565,0.4397,0.5177,181940728.0,2024-03-03 23:59:59.999,94722037.651
2024-03-04,0.5178,0.6011,0.5005,0.5706,204360354.0,2024-03-04 23:59:59.999,114735786.0784
2024-03-05,0.5707,0.5754,0.434,0.505,247304595.0,2024-03-05 23:59:59.999,131924531.0564
2024-03-06,0.5049,0.5503,0.4783,0.5398,138089631.0,2024-03-06 23:59:59.999,72746405.5646
2024-03-07,0.5399,0.597,0.5142,0.5669,132765166.0,2024-03-07 23:59:59.999,73672088.0941
2024-03-08,0.567,0.6185,0.5136,0.5866,159205547.0,2024-03-08 23:59:59.999,90053565.781
2024-03-09,0.5865,0.6466,0.5824,0.6315,130565901.0,2024-03-09 23:59:59.999,80472411.1186
2024-03-10,0.6314,0.6873,0.6203,0.6443,147477927.0,2024-03-10 23:59:59.999,96456153.722
2024-03-11,0.6444,0.6792,0.5802,0.6619,117309001.0,2024-03-11 23:59:59.999,75998728.5313
2024-03-12,0.662,0.67,0.5921,0.6499,98708571.0,2024-03-12 23:59:59.999,63574710.5601
2024-03-13,0.65,0.683,0.6277,0.6376,59511040.0,2024-03-13 23:59:59.999,38695719.6974
2024-03-14,0.6375,0.6483,0.5737,0.6106,103316858.0,2024-03-14 23:59:59.999,63255954.7657
2024-03-15,0.6105,0.6191,0.52,0.5698,138717671.0,2024-03-15 23:59:59.999,78271427.5052
2024-03-16,0.5698,0.5842,0.5021,0.5146,84353414.0,2024-03-16 23:59:59.999,45829360.7386
2024-03-17,0.5148,0.5492,0.4949,0.5406,59159392.0,2024-03-17 23:59:59.999,31207066.3279
2024-03-18,0.5406,0.5464,0.4866,0.5021,62665701.0,2024-03-18 23:59:59.999,32170126.3947
2024-03-19,0.502,0.5087,0.4388,0.459,115854074.0,2024-03-19 23:59:59.999,54295013.9455
2024-03-20,0.459,0.5204,0.4374,0.5152,102044807.0,2024-03-20 23:59:59.999,48569094.8002
2024-03-21,0.5151,0.5204,0.4902,0.506,69617845.0,2024-03-21 23:59:59.999,35174496.039
2024-03-22,0.506,0.5282,0.4684,0.485,78564527.0,2024-03-22 23:59:59.999,39083845.7318
2024-03-23,0.485,0.5067,0.4796,0.4855,48364888.0,2024-03-23 23:59:59.999,23973140.6362
2024-03-24,0.4854,0.5055,0.4783,0.5038,40842849.0,2024-03-24 23:59:59.999,20086915.3105
2024-03-25,0.5038,0.5248,0.4956,0.5189,55713449.0,2024-03-25 23:59:59.999,28523645.6804
2024-03-26,0.5189,0.543,0.5109,0.5231,66316121.0,2024-03-26 23:59:59.999,34987949.5699
2024-03-27,0.5231,0.5318,0.485,0.4948,68819609.0,2024-03-27 23:59:59.999,34815771.3475
2024-03-28,0.4948,0.5134,0.4879,0.5004,43121127.0,2024-03-28 23:59:59.999,21631725.1966
2024-03-29,0.5004,0.505,0.4852,0.4956,42841677.0,2024-03-29 23:59:59.999,21229894.0574
2024-03-30,0.4957,0.5044,0.4881,0.4923,33824832.0,2024-03-30 23:59:59.999,16835963.7197
2024-03-31,0.4922,0.5067,0.4892,0.5052,26130848.0,2024-03-31 23:59:59.999,13068390.4744
2024-04-01,0.5052,0.5069,0.4539,0.4719,74889521.0,2024-04-01 23:59:59.999,35443105.3142
2024-04-02,0.4719,0.472,0.4238,0.4341,75947687.0,2024-04-02 23:59:59.999,33536226.697
2024-04-03,0.4342,0.4527,0.4178,0.4359,56843257.0,2024-04-03 23:59:59.999,24959088.7664
2024-04-04,0.4359,0.4519,0.4241,0.4409,48660067.0,2024-04-04 23:59:59.999,21437088.7218
2024-04-05,0.4409,0.4419,0.4113,0.4299,41755510.0,2024-04-05 23:59:59.999,17819712.3298
2024-04-06,0.43,0.4471,0.4284,0.4431,21635844.0,2024-04-06 23:59:59.999,9492508.6929
2024-04-07,0.4431,0.4517,0.4412,0.4475,27941628.0,2024-04-07 23:59:59.999,12501710.9236
2024-04-08,0.4474,0.479,0.437,0.4765,42156558.0,2024-04-08 23:59:59.999,19573994.7506
2024-04-09,0.4765,0.4798,0.4493,0.4531,76701750.0,2024-04-09 23:59:59.999,35581492.9569
2024-04-10,0.4532,0.4595,0.4195,0.4447,59242904.0,2024-04-10 23:59:59.999,26105239.9423
2024-04-11,0.4446,0.4657,0.4394,0.4459,37928353.0,2024-04-11 23:59:59.999,17056494.4254
2024-04-12,0.4458,0.4545,0.316,0.3608,132395728.0,2024-04-12 23:59:59.999,50990288.437
2024-04-13,0.3607,0.361,0.2607,0.308,178166151.0,2024-04-13 23:59:59.999,57008156.0882
2024-04-14,0.308,0.3407,0.2936,0.336,116713747.0,2024-04-14 23:59:59.999,36841323.9659
2024-04-15,0.3359,0.3515,0.3055,0.3167,84506395.0,2024-04-15 23:59:59.999,27906519.4674
2024-04-16,0.3167,0.3267,0.3027,0.322,67352321.0,2024-04-16 23:59:59.999,21252101.1593
2024-04-17,0.3219,0.3263,0.2997,0.3166,60550802.0,2024-04-17 23:59:59.999,19045588.2168
2024-04-18,0.3166,0.3289,0.3096,0.3264,43966381.0,2024-04-18 23:59:59.999,14089746.2821
2024-04-19,0.3264,0.3392,0.2984,0.3318,57450288.0,2024-04-19 23:59:59.999,18754152.898
2024-04-20,0.3318,0.3546,0.3278,0.353,36482059.0,2024-04-20 23:59:59.999,12429520.6797
2024-04-21,0.3531,0.355,0.3313,0.3408,37675434.0,2024-04-21 23:59:59.999,12925983.4561
2024-04-22,0.3408,0.357,0.3386,0.349,41698149.0,2024-04-22 23:59:59.999,14567770.525
2024-04-23,0.349,0.3542,0.3401,0.3476,40809140.0,2024-04-23 23:59:59.999,14203361.4236
2024-04-24,0.3475,0.3596,0.3271,0.3311,54019962.0,2024-04-24 23:59:59.999,18602759.6689
2024-04-25,0.3312,0.3427,0.3218,0.3375,42791205.0,2024-04-25 23:59:59.999,14192210.4262
2024-04-26,0.3374,0.34,0.324,0.3293,38754087.0,2024-04-26 23:59:59.999,12858753.0297
2024-04-27,0.3293,0.3308,0.3104,0.3168,51429966.0,2024-04-27 23:59:59.999,16480199.2319
2024-04-28,0.3169,0.326,0.3001,0.3021,60980263.0,2024-04-28 23:59:59.999,19089087.072
2024-04-29,0.3022,0.309,0.2925,0.3011,63303238.0,2024-04-29 23:59:59.999,18928101.4236
2024-04-30,0.3012,0.3047,0.2735,0.2841,84559902.0,2024-04-30 23:59:59.999,23998694.1339
2024-05-01,0.284,0.297,0.2688,0.2937,77943418.0,2024-05-01 23:59:59.999,22100959.1769
2024-05-02,0.2937,0.3056,0.2863,0.3019,40206468.0,2024-05-02 23:59:59.999,11901493.9534
2024-05-03,0.3018,0.312,0.2943,0.3088,33598458.0,2024-05-03 23:59:59.999,10222221.662
2024-05-04,0.3087,0.3121,0.3052,0.3068,29172988.0,2024-05-04 23:59:59.999,8989840.7933
2024-05-05,0.3068,0.3114,0.2981,0.3077,35056597.0,2024-05-05 23:59:59.999,10684841.0627
2024-05-06,0.3077,0.3178,0.2992,0.3,48672545.0,2024-05-06 23:59:59.999,14938583.6079
2024-05-07,0.2999,0.3068,0.2891,0.2895,44930398.0,2024-05-07 23:59:59.999,13484959.0201
2024-05-08,0.2895,0.2906,0.279,0.282,53902917.0,2024-05-08 23:59:59.999,15352813.3693
2024-05-09,0.282,0.2983,0.2746,0.2959,35012273.0,2024-05-09 23:59:59.999,9977731.468
2024-05-10,0.296,0.3006,0.2795,0.2833,43449588.0,2024-05-10 23:59:59.999,12584178.1002
2024-05-11,0.2832,0.2892,0.2805,0.283,21719918.0,2024-05-11 23:59:59.999,6179961.2825
2024-05-12,0.2829,0.2874,0.2788,0.2803,19262322.0,2024-05-12 23:59:59.999,5454624.8787
2024-05-13,0.2802,0.2873,0.2672,0.2793,45447489.0,2024-05-13 23:59:59.999,12678452.777
2024-05-14,0.2794,0.2866,0.2692,0.2833,78814444.0,2024-05-14 23:59:59.999,22046320.181
2024-05-15,0.2833,0.3004,0.2787,0.2992,129475710.0,2024-05-15 23:59:59.999,37488292.6978
2024-05-16,0.2992,0.3027,0.2875,0.2993,45844439.0,2024-05-16 23:59:59.999,13608082.0437
2024-05-17,0.2993,0.3268,0.297,0.319,58145226.0,2024-05-17 23:59:59.999,18260927.1094
2024-05-18,0.3191,0.3242,0.3141,0.3227,31565789.0,2024-05-18 23:59:59.999,10106005.1296
2024-05-19,0.3227,0.33,0.3056,0.3077,39923043.0,2024-05-19 23:59:59.999,12670701.1093
2024-05-20,0.3077,0.3342,0.3027,0.3336,56764601.0,2024-05-20 23:59:59.999,18240670.9994
2024-05-21,0.3337,0.3639,0.3296,0.3566,113823295.0,2024-05-21 23:59:59.999,39661447.1688
2024-05-22,0.3565,0.3749,0.3505,0.3579,142738128.0,2024-05-22 23:59:59.999,51850713.9743
2024-05-23,0.3579,0.3675,0.318,0.3486,112313768.0,2024-05-23 23:59:59.999,38751594.8607
2024-05-24,0.3485,0.3648,0.3407,0.3503,57921403.0,2024-05-24 23:59:59.999,20370875.8843
2024-05-25,0.3502,0.3569,0.345,0.3522,35356218.0,2024-05-25 23:59:59.999,12380889.7766
2024-05-26,0.3521,0.3552,0.337,0.3407,40062111.0,2024-05-26 23:59:59.999,13881025.5863
2024-05-27,0.3406,0.3893,0.3386,0.3848,117922877.0,2024-05-27 23:59:59.999,43413876.5681
2024-05-28,0.3848,0.3982,0.3591,0.3651,117527666.0,2024-05-28 23:59:59.999,44171112.2357
2024-05-29,0.3652,0.3725,0.3551,0.3574,60060398.0,2024-05-29 23:59:59.999,21854097.1545
2024-05-30,0.3575,0.3716,0.351,0.3545,56084643.0,2024-05-30 23:59:59.999,20232070.4004
2024-05-31,0.3545,0.3566,0.308,0.3169,256938930.0,2024-05-31 23:59:59.999,83881828.6169
2024-06-01,0.3169,0.3194,0.3082,0.3128,166634646.0,2024-06-01 23:59:59.999,52333073.1033
2024-06-02,0.3127,0.3163,0.2922,0.2987,121094467.0,2024-06-02 23:59:59.999,36960719.1575
2024-06-03,0.2988,0.3131,0.2963,0.2989,98656280.0,2024-06-03 23:59:59.999,30241694.5324
2024-06-04,0.2989,0.3041,0.2926,0.2953,76275391.0,2024-06-04 23:59:59.999,22764987.4608
2024-06-05,0.2953,0.3067,0.2952,0.3034,100164522.0,2024-06-05 23:59:59.999,30255150.172
2024-06-06,0.3035,0.3058,0.2933,0.2994,73751508.0,2024-06-06 23:59:59.999,22103187.139
2024-06-07,0.2994,0.3012,0.2283,0.2663,180674081.0,2024-06-07 23:59:59.999,48867571.3203
2024-06-08,0.2664,0.2707,0.2493,0.2521,67399211.0,2024-06-08 23:59:59.999,17371195.3741
2024-06-09,0.2521,0.2605,0.2502,0.2581,40921838.0,2024-06-09 23:59:59.999,10469634.0658
2024-06-10,0.258,0.2581,0.246,0.2502,53393693.0,2024-06-10 23:59:59.999,13497369.3106
2024-06-11,0.2503,0.253,0.229,0.2347,98373536.0,2024-06-11 23:59:59.999,23533863.7881
2024-06-12,0.2347,0.2465,0.2299,0.2401,73633745.0,2024-06-12 23:59:59.999,17572077.5992
2024-06-13,0.24,0.24,0.223,0.2255,60615957.0,2024-06-13 23:59:59.999,13903957.8175
2024-06-14,0.2257,0.23,0.2045,0.2133,98318751.0,2024-06-14 23:59:59.999,21252841.3922
2024-06-15,0.2133,0.2204,0.2122,0.2145,38633191.0,2024-06-15 23:59:59.999,8381869.8279
2024-06-16,0.2146,0.2216,0.2113,0.2197,34758974.0,2024-06-16 23:59:59.999,7528962.3807
2024-06-17,0.2196,0.2208,0.1952,0.204,94866950.0,2024-06-17 23:59:59.999,19682063.0608
2024-06-18,0.2041,0.2052,0.1722,0.1878,148770883.0,2024-06-18 23:59:59.999,27717352.4363
2024-06-19,0.1878,0.1964,0.1859,0.1904,43698548.0,2024-06-19 23:59:59.999,8369574.2076
2024-06-20,0.1905,0.2014,0.1892,0.1918,40186641.0,2024-06-20 23:59:59.999,7810874.6889
2024-06-21,0.1918,0.20039,0.18899,0.19307,59458437.0,2024-06-21 23:59:59.999,11561598.90902
2024-06-22,0.19309,0.1948,0.18972,0.1913,41505575.0,2024-06-22 23:59:59.999,7988199.1224
2024-06-23,0.19125,0.19627,0.1816,0.18858,51966909.0,2024-06-23 23:59:59.999,9867353.88269
2024-06-24,0.18858,0.201,0.17822,0.20069,109321539.0,2024-06-24 23:59:59.999,21121524.2719
2024-06-25,0.20067,0.20767,0.19854,0.20392,48582597.0,2024-06-25 23:59:59.999,9872189.16044
2024-06-26,0.2039,0.20732,0.19816,0.19959,31420872.0,2024-06-26 23:59:59.999,6365633.02764
2024-06-27,0.19958,0.20415,0.1944,0.1961,39290666.0,2024-06-27 23:59:59.999,7832642.27023
2024-06-28,0.19609,0.19847,0.19001,0.19092,51757628.0,2024-06-28 23:59:59.999,10000913.57753
2024-06-29,0.19091,0.1959,0.1856,0.18701,35154201.0,2024-06-29 23:59:59.999,6719931.33488
2024-06-30,0.18701,0.1946,0.1857,0.19425,35570566.0,2024-06-30 23:59:59.999,6738929.90786
2024-07-01,0.19434,0.19835,0.19286,0.1945,35721375.0,2024-07-01 23:59:59.999,6982496.65895
2024-07-02,0.19451,0.2,0.19111,0.19175,33428019.0,2024-07-02 23:59:59.999,6504378.41296
2024-07-03,0.19176,0.19312,0.18208,0.18566,42707532.0,2024-07-03 23:59:59.999,8006193.516
2024-07-04,0.18566,0.1861,0.1577,0.15904,63973029.0,2024-07-04 23:59:59.999,10939112.41449
2024-07-05,0.15904,0.16544,0.1345,0.16405,178409346.0,2024-07-05 23:59:59.999,26664449.82385
2024-07-06,0.16405,0.17282,0.15942,0.17127,56746804.0,2024-07-06 23:59:59.999,9353929.89329
2024-07-07,0.17128,0.1713,0.15825,0.15912,36955817.0,2024-07-07 23:59:59.999,6101901.88157
2024-07-08,0.15916,0.16889,0.15096,0.16296,53136945.0,2024-07-08 23:59:59.999,8557159.7745
2024-07-09,0.16291,0.16968,0.16115,0.166,30691721.0,2024-07-09 23:59:59.999,5088445.57839
2024-07-10,0.166,0.1706,0.16376,0.16564,28841650.0,2024-07-10 23:59:59.999,4819951.09345
2024-07-11,0.16567,0.17235,0.1611,0.16232,35763475.0,2024-07-11 23:59:59.999,5941624.37368
2024-07-12,0.16235,0.16545,0.158,0.16456,31079034.0,2024-07-12 23:59:59.999,5028263.81435
2024-07-13,0.16458,0.16985,0.1624,0.1677,26801985.0,2024-07-13 23:59:59.999,4467604.80907
2024-07-14,0.16767,0.17864,0.1676,0.17673,28506903.0,2024-07-14 23:59:59.999,4915108.59603
2024-07-15,0.17671,0.18711,0.17622,0.1864,34032974.0,2024-07-15 23:59:59.999,6147090.31289
2024-07-16,0.18644,0.19229,0.17914,0.19012,52563960.0,2024-07-16 23:59:59.999,9836697.93938
2024-07-17,0.19011,0.20305,0.18994,0.19822,57875808.0,2024-07-17 23:59:59.999,11399624.90759
2024-07-18,0.19823,0.2029,0.18743,0.19297,39573971.0,2024-07-18 23:59:59.999,7724649.62477
2024-07-19,0.19305,0.20528,0.18837,0.20334,44395836.0,2024-07-19 23:59:59.999,8777298.21767
2024-07-20,0.20337,0.20578,0.20021,0.20185,28434208.0,2024-07-20 23:59:59.999,5784549.98758
2024-07-21,0.20187,0.20484,0.19002,0.20475,31192834.0,2024-07-21 23:59:59.999,6206171.63358
2024-07-22,0.20478,0.20522,0.19293,0.19387,32249847.0,2024-07-22 23:59:59.999,6436313.15763
2024-07-23,0.19388,0.19873,0.18055,0.1823,45223316.0,2024-07-23 23:59:59.999,8513388.38629
2024-07-24,0.18228,0.19292,0.18051,0.18163,34960552.0,2024-07-24 23:59:59.999,6506970.77103
2024-07-25,0.18164,0.18227,0.1709,0.18052,41028781.0,2024-07-25 23:59:59.999,7225312.01542
2024-07-26,0.18053,0.19025,0.17958,0.18911,24237531.0,2024-07-26 23:59:59.999,4511522.17676
2024-07-27,0.18912,0.19202,0.18306,0.18793,22264943.0,2024-07-27 23:59:59.999,4196270.2839
2024-07-28,0.18792,0.18903,0.18226,0.18458,19879595.0,2024-07-28 23:59:59.999,3683076.25193
2024-07-29,0.18458,0.19484,0.18378,0.18443,37040169.0,2024-07-29 23:59:59.999,7016679.05199
2024-07-30,0.18447,0.18919,0.1779,0.18092,30738963.0,2024-07-30 23:59:59.999,5688001.85846
2024-07-31,0.1809,0.18387,0.17254,0.17418,31378394.0,2024-07-31 23:59:59.999,5600247.25043
2024-08-01,0.1742,0.17601,0.16116,0.17307,55394627.0,2024-08-01 23:59:59.999,9385582.43583
2024-08-02,0.17302,0.17455,0.15844,0.1611,43883385.0,2024-08-02 23:59:59.999,7318918.96297
2024-08-03,0.1611,0.16505,0.15099,0.1524,45930514.0,2024-08-03 23:59:59.999,7212743.54442
2024-08-04,0.15239,0.15611,0.13864,0.14498,52900514.0,2024-08-04 23:59:59.999,7807869.67461
2024-08-05,0.145,0.14669,0.117,0.13606,221017684.0,2024-08-05 23:59:59.999,28994310.87583
2024-08-06,0.13608,0.14294,0.13298,0.13527,113820318.0,2024-08-06 23:59:59.999,15734053.50216
2024-08-07,0.13524,0.13891,0.12261,0.12553,136998309.0,2024-08-07 23:59:59.999,17999468.15738
2024-08-08,0.12555,0.14273,0.1237,0.14195,92421426.0,2024-08-08 23:59:59.999,12389658.47359
2024-08-09,0.14199,0.14244,0.136,0.13953,50471018.0,2024-08-09 23:59:59.999,7001350.93082
2024-08-10,0.13952,0.1423,0.13756,0.14103,32288571.0,2024-08-10 23:59:59.999,4529526.01204
2024-08-11,0.14104,0.14279,0.13035,0.13199,51903324.0,2024-08-11 23:59:59.999,7119007.3073
2024-08-12,0.13199,0.14059,0.13045,0.13844,69873143.0,2024-08-12 23:59:59.999,9542625.036
2024-08-13,0.13845,0.14311,0.13586,0.14123,44659107.0,2024-08-13 23:59:59.999,6222664.17207
2024-08-14,0.14121,0.14421,0.13457,0.13592,49975090.0,2024-08-14 23:59:59.999,6971187.43252
2024-08-15,0.13591,0.13793,0.12806,0.13071,51391703.0,2024-08-15 23:59:59.999,6864240.74343
2024-08-16,0.13068,0.13445,0.12792,0.13217,50595551.0,2024-08-16 23:59:59.999,6640027.166
2024-08-17,0.13215,0.13402,0.12912,0.13385,31927439.0,2024-08-17 23:59:59.999,4179633.58172
2024-08-18,0.13382,0.14339,0.13195,0.13825,57848473.0,2024-08-18 23:59:59.999,8022611.71725
2024-08-19,0.13825,0.14108,0.13527,0.13873,48614973.0,2024-08-19 23:59:59.999,6697980.30523
2024-08-20,0.13873,0.145,0.13833,0.14129,44331803.0,2024-08-20 23:59:59.999,6306233.48621
2024-08-21,0.14129,0.14761,0.13669,0.14592,50454364.0,2024-08-21 23:59:59.999,7130023.39852
2024-08-22,0.14592,0.15185,0.14417,0.14878,33422230.0,2024-08-22 23:59:59.999,4959521.81123
2024-08-23,0.14883,0.16251,0.14874,0.16086,40843808.0,2024-08-23 23:59:59.999,6386816.24369
2024-08-24,0.16087,0.16848,0.15817,0.16479,41569801.0,2024-08-24 23:59:59.999,6802425.32412
2024-08-25,0.16477,0.16494,0.15681,0.16091,32320056.0,2024-08-25 23:59:59.999,5208026.55528
2024-08-26,0.16091,0.16309,0.15201,0.15297,31540019.0,2024-08-26 23:59:59.999,4958346.672
2024-08-27,0.1529,0.15684,0.13867,0.14264,39889839.0,2024-08-27 23:59:59.999,5921420.62974
2024-08-28,0.14268,0.14864,0.13712,0.14104,44802372.0,2024-08-28 23:59:59.999,6392737.5723
2024-08-29,0.14102,0.14878,0.13993,0.1439,31344764.0,2024-08-29 23:59:59.999,4509505.42084
2024-08-30,0.14388,0.14568,0.1352,0.14387,41048052.0,2024-08-30 23:59:59.999,5802141.91305
2024-08-31,0.14384,0.14497,0.13758,0.13834,24145116.0,2024-08-31 23:59:59.999,3403178.32596
2024-09-01,0.13838,0.13942,0.13044,0.13186,30555425.0,2024-09-01 23:59:59.999,4148493.45769
2024-09-02,0.13174,0.1386,0.13147,0.13784,28516659.0,2024-09-02 23:59:59.999,3863017.75289
2024-09-03,0.13783,0.14238,0.1331,0.13344,80810133.0,2024-09-03 23:59:59.999,11223236.66914
2024-09-04,0.13344,0.14062,0.12727,0.13904,71824301.0,2024-09-04 23:59:59.999,9651212.25217
2024-09-05,0.13903,0.13983,0.13233,0.134,42943070.0,2024-09-05 23:59:59.999,5840197.34144
2024-09-06,0.13399,0.13905,0.12682,0.13159,76633106.0,2024-09-06 23:59:59.999,10224269.19385
2024-09-07,0.13159,0.13399,0.12977,0.13266,31534233.0,2024-09-07 23:59:59.999,4164820.74019
2024-09-08,0.13267,0.1395,0.13204,0.13773,37511968.0,2024-09-08 23:59:59.999,5082384.98725
2024-09-09,0.13776,0.14947,0.13671,0.14785,66437383.0,2024-09-09 23:59:59.999,9528879.19786
2024-09-10,0.14786,0.14957,0.14456,0.14735,37346469.0,2024-09-10 23:59:59.999,5487441.85613
2024-09-11,0.14739,0.14749,0.13634,0.14209,48044070.0,2024-09-11 23:59:59.999,6783019.18488
2024-09-12,0.14212,0.14566,0.14091,0.14451,29545421.0,2024-09-12 23:59:59.999,4244229.28168
2024-09-13,0.1445,0.1516,0.14161,0.14948,45105224.0,2024-09-13 23:59:59.999,6604758.15453
2024-09-14,0.1495,0.1504,0.14487,0.14686,23544824.0,2024-09-14 23:59:59.999,3476891.23605
2024-09-15,0.14689,0.14866,0.13537,0.13699,33107542.0,2024-09-15 23:59:59.999,4727724.55703
2024-09-16,0.13698,0.13916,0.13266,0.13433,36019342.0,2024-09-16 23:59:59.999,4877636.79303
2024-09-17,0.13436,0.14087,0.13289,0.13888,33351170.0,2024-09-17 23:59:59.999,4590727.16288
2024-09-18,0.13893,0.14531,0.13319,0.1452,49156308.0,2024-09-18 23:59:59.999,6787876.21308
2024-09-19,0.14524,0.15137,0.14524,0.1484,41147058.0,2024-09-19 23:59:59.999,6125453.77313
2024-09-20,0.14842,0.15656,0.1469,0.15226,45118090.0,2024-09-20 23:59:59.999,6832334.46533
2024-09-21,0.15222,0.15632,0.14808,0.15567,31190278.0,2024-09-21 23:59:59.999,4751992.15705
2024-09-22,0.15568,0.15618,0.14521,0.15047,40222830.0,2024-09-22 23:59:59.999,6050666.25794
2024-09-23,0.15045,0.15598,0.14694,0.15497,38941539.0,2024-09-23 23:59:59.999,5957285.16677
2024-09-24,0.15499,0.16127,0.15147,0.16061,42838610.0,2024-09-24 23:59:59.999,6679201.33802
2024-09-25,0.16057,0.16511,0.15678,0.15805,33999123.0,2024-09-25 23:59:59.999,5466685.4511
2024-09-26,0.15814,0.16611,0.15476,0.16524,52320031.0,2024-09-26 23:59:59.999,8503087.91577
2024-09-27,0.16517,0.17561,0.16501,0.17489,64682743.0,2024-09-27 23:59:59.999,11120968.45677
2024-09-28,0.17491,0.17841,0.16632,0.16943,46107472.0,2024-09-28 23:59:59.999,7938382.90296
2024-09-29,0.16943,0.18197,0.16523,0.1783,54321628.0,2024-09-29 23:59:59.999,9439623.87436
2024-09-30,0.17831,0.18322,0.16424,0.1657,86110967.0,2024-09-30 23:59:59.999,15040171.83089
2024-10-01,0.1657,0.1745,0.14335,0.14693,103177800.0,2024-10-01 23:59:59.999,16215736.23437
2024-10-02,0.14696,0.15547,0.13858,0.14277,82386823.0,2024-10-02 23:59:59.999,12119467.99562
2024-10-03,0.14276,0.14611,0.13541,0.14106,63525957.0,2024-10-03 23:59:59.999,8899360.56672
2024-10-04,0.14106,0.15078,0.14015,0.14854,31356036.0,2024-10-04 23:59:59.999,4569207.91189
2024-10-05,0.14855,0.1505,0.14566,0.14815,25615497.0,2024-10-05 23:59:59.999,3794309.16403
2024-10-06,0.14816,0.15063,0.14531,0.14952,23077242.0,2024-10-06 23:59:59.999,3416901.43611
2024-10-07,0.14951,0.1541,0.14735,0.15024,36693677.0,2024-10-07 23:59:59.999,5569935.49436
2024-10-08,0.15025,0.15334,0.14606,0.14844,31192383.0,2024-10-08 23:59:59.999,4668314.15084
2024-10-09,0.14845,0.15052,0.1399,0.14201,33396440.0,2024-10-09 23:59:59.999,4855777.63333
2024-10-10,0.14202,0.14551,0.13751,0.14404,35728841.0,2024-10-10 23:59:59.999,5065437.59353
2024-10-11,0.14406,0.15207,0.14394,0.15156,26995472.0,2024-10-11 23:59:59.999,4011495.00258
2024-10-12,0.15156,0.15437,0.15077,0.1514,26952445.0,2024-10-12 23:59:59.999,4116768.82492
2024-10-13,0.15136,0.1534,0.14615,0.15102,27404614.0,2024-10-13 23:59:59.999,4105053.21119
2024-10-14,0.15107,0.16039,0.1486,0.15922,34544004.0,2024-10-14 23:59:59.999,5356853.61588
2024-10-15,0.15927,0.1608,0.1504,0.1566,47848332.0,2024-10-15 23:59:59.999,7478542.42647
2024-10-16,0.15663,0.15699,0.14939,0.15165,32185799.0,2024-10-16 23:59:59.999,4907709.3595
2024-10-17,0.15165,0.15319,0.14411,0.14782,36327974.0,2024-10-17 23:59:59.999,5370280.25756
2024-10-18,0.14787,0.15457,0.14572,0.15403,30931922.0,2024-10-18 23:59:59.999,4631135.78402
2024-10-19,0.15411,0.16055,0.15232,0.15661,42783315.0,2024-10-19 23:59:59.999,6690346.70231
2024-10-20,0.15663,0.16862,0.15464,0.16862,61260940.0,2024-10-20 23:59:59.999,10002012.53134
2024-10-21,0.16856,0.17164,0.16047,0.16116,50304196.0,2024-10-21 23:59:59.999,8328297.95887
2024-10-22,0.1612,0.16698,0.15751,0.16316,40280863.0,2024-10-22 23:59:59.999,6491708.40246
2024-10-23,0.16319,0.16381,0.14856,0.15372,36028700.0,2024-10-23 23:59:59.999,5594048.78506
2024-10-24,0.15371,0.16336,0.15108,0.15897,48571521.0,2024-10-24 23:59:59.999,7637151.74549
2024-10-25,0.15896,0.16049,0.13552,0.14235,65889197.0,2024-10-25 23:59:59.999,9952259.85887
2024-10-26,0.14235,0.14818,0.13874,0.1441,42807923.0,2024-10-26 23:59:59.999,6134163.38423
2024-10-27,0.14407,0.14843,0.14103,0.14629,28450581.0,2024-10-27 23:59:59.999,4104122.75118
2024-10-28,0.14632,0.14878,0.13991,0.14729,40807954.0,2024-10-28 23:59:59.999,5891766.6847
2024-10-29,0.14733,0.15276,0.14684,0.151,43487459.0,2024-10-29 23:59:59.999,6493939.00938
2024-10-30,0.15103,0.15149,0.14561,0.14832,32256418.0,2024-10-30 23:59:59.999,4798307.35317
2024-10-31,0.14832,0.14903,0.13758,0.14034,43442689.0,2024-10-31 23:59:59.999,6175534.33299
2024-11-01,0.14035,0.14393,0.1361,0.1385,48376325.0,2024-11-01 23:59:59.999,6756044.10632
2024-11-02,0.13852,0.14068,0.13445,0.13579,28360529.0,2024-11-02 23:59:59.999,3897783.99186
2024-11-03,0.13582,0.13645,0.12485,0.12991,57278420.0,2024-11-03 23:59:59.999,7447509.3102
2024-11-04,0.12994,0.13224,0.12381,0.12614,40659276.0,2024-11-04 23:59:59.999,5217220.17297
2024-11-05,0.12612,0.1353,0.12604,0.13319,39623072.0,2024-11-05 23:59:59.999,5195371.39008
2024-11-06,0.1332,0.14909,0.13313,0.14805,64319753.0,2024-11-06 23:59:59.999,9157099.47737
2024-11-07,0.14807,0.1522,0.14524,0.14938,37187795.0,2024-11-07 23:59:59.999,5539333.67491
2024-11-08,0.14948,0.15361,0.1462,0.15172,51955693.0,2024-11-08 23:59:59.999,7799152.0744
2024-11-09,0.15174,0.15779,0.14903,0.15759,40051435.0,2024-11-09 23:59:59.999,6139789.65448
2024-11-10,0.15758,0.17509,0.15529,0.16523,87813535.0,2024-11-10 23:59:59.999,14496446.2503
2024-11-11,0.16531,0.17527,0.16126,0.1747,83555613.0,2024-11-11 23:59:59.999,14071409.38906
2024-11-12,0.17467,0.18684,0.15685,0.16781,111580729.0,2024-11-12 23:59:59.999,18723826.77981
2024-11-13,0.16788,0.17041,0.15052,0.15914,101335498.0,2024-11-13 23:59:59.999,16069698.68736
2024-11-14,0.15913,0.16607,0.15112,0.15372,62663506.0,2024-11-14 23:59:59.999,9880466.93488
2024-11-15,0.15373,0.1621,0.14765,0.16184,47869086.0,2024-11-15 23:59:59.999,7384851.05749
2024-11-16,0.16187,0.19,0.1605,0.18572,135490217.0,2024-11-16 23:59:59.999,23818663.71033
2024-11-17,0.18573,0.18575,0.16951,0.17362,71897289.0,2024-11-17 23:59:59.999,12805611.7546
2024-11-18,0.17365,0.2225,0.17225,0.21014,506104924.0,2024-11-18 23:59:59.999,104876769.06608
2024-11-19,0.21015,0.2172,0.19354,0.19978,133853868.0,2024-11-19 23:59:59.999,27507952.6443
2024-11-20,0.19977,0.20239,0.18495,0.19052,91850904.0,2024-11-20 23:59:59.999,17821923.82734
2024-11-21,0.19058,0.20383,0.1838,0.20074,87324265.0,2024-11-21 23:59:59.999,17016495.70932
2024-11-22,0.20071,0.21051,0.19207,0.21019,78050231.0,2024-11-22 23:59:59.999,15631952.54759
2024-11-23,0.21021,0.24274,0.20717,0.24,158113139.0,2024-11-23 23:59:59.999,36026793.51273
2024-11-24,0.23999,0.31386,0.23741,0.30278,664994399.0,2024-11-24 23:59:59.999,186735887.39265
2024-11-25,0.30289,0.30558,0.2681,0.27503,240618826.0,2024-11-25 23:59:59.999,67935854.68677
2024-11-26,0.27502,0.29011,0.2555,0.269,142271113.0,2024-11-26 23:59:59.999,38905913.83138
2024-11-27,0.26904,0.29104,0.26085,0.28626,100247008.0,2024-11-27 23:59:59.999,27556883.61338
2024-11-28,0.28625,0.30462,0.27391,0.29557,100073732.0,2024-11-28 23:59:59.999,28778190.51293
2024-11-29,0.29552,0.30626,0.28015,0.30346,88344597.0,2024-11-29 23:59:59.999,25826796.17265
2024-11-30,0.30342,0.35773,0.29554,0.32989,170092250.0,2024-11-30 23:59:59.999,55732113.90599
2024-12-01,0.32992,0.33541,0.30713,0.3264,128175627.0,2024-12-01 23:59:59.999,41300265.60727
2024-12-02,0.32635,0.33671,0.3,0.33355,152229128.0,2024-12-02 23:59:59.999,48097496.79882
2024-12-03,0.33354,0.35444,0.31261,0.35177,144037322.0,2024-12-03 23:59:59.999,48498478.70778
2024-12-04,0.35181,0.38951,0.34329,0.37632,149616227.0,2024-12-04 23:59:59.999,55147381.77391
2024-12-05,0.37623,0.39552,0.35507,0.3761,132101783.0,2024-12-05 23:59:59.999,49636709.21259
2024-12-06,0.37615,0.38693,0.35387,0.3784,81686396.0,2024-12-06 23:59:59.999,30504656.0149
2024-12-07,0.37839,0.38258,0.36052,0.36511,44814419.0,2024-12-07 23:59:59.999,16568951.22344
2024-12-08,0.36512,0.36945,0.35551,0.36531,48376062.0,2024-12-08 23:59:59.999,17514850.19602
2024-12-09,0.36525,0.36541,0.24283,0.2868,174483236.0,2024-12-09 23:59:59.999,53368712.89716
2024-12-10,0.28674,0.29421,0.24654,0.27581,145347710.0,2024-12-10 23:59:59.999,39529567.02726
2024-12-11,0.27582,0.30925,0.26286,0.30161,72710152.0,2024-12-11 23:59:59.999,21028067.83587
2024-12-12,0.30159,0.35473,0.29738,0.32644,172263361.0,2024-12-12 23:59:59.999,56874783.44748
2024-12-13,0.32645,0.33348,0.31044,0.32501,113840876.0,2024-12-13 23:59:59.999,36822863.32678
2024-12-14,0.32499,0.32768,0.29289,0.3014,70102091.0,2024-12-14 23:59:59.999,21569955.35667
2024-12-15,0.30137,0.30941,0.28712,0.30428,72137992.0,2024-12-15 23:59:59.999,21494830.10467
2024-12-16,0.30428,0.31183,0.28253,0.29249,76276737.0,2024-12-16 23:59:59.999,22528022.55075
2024-12-17,0.29253,0.29564,0.27011,0.27508,84925617.0,2024-12-17 23:59:59.999,24159544.28009
2024-12-18,0.27508,0.27768,0.24049,0.24584,109824134.0,2024-12-18 23:59:59.999,28775959.3361
2024-12-19,0.24585,0.25081,0.21183,0.22085,140169574.0,2024-12-19 23:59:59.999,32483851.97478
2024-12-20,0.22086,0.23142,0.1863,0.2297,135721602.0,2024-12-20 23:59:59.999,28400273.10909
2024-12-21,0.22968,0.24663,0.21432,0.21888,77708640.0,2024-12-21 23:59:59.999,17701593.02661
2024-12-22,0.21886,0.22469,0.20811,0.21451,53664728.0,2024-12-22 23:59:59.999,11674675.82101
2024-12-23,0.21452,0.24286,0.2086,0.23695,80476177.0,2024-12-23 23:59:59.999,18047565.44579
2024-12-24,0.23692,0.25018,0.2276,0.2466,47705844.0,2024-12-24 23:59:59.999,11403497.72618
2024-12-25,0.24661,0.248,0.2348,0.23767,39407710.0,2024-12-25 23:59:59.999,9517028.39991
2024-12-26,0.2377,0.24094,0.21547,0.21769,49679992.0,2024-12-26 23:59:59.999,11156622.30515
2024-12-27,0.2177,0.23391,0.21544,0.22078,48850379.0,2024-12-27 23:59:59.999,10910427.56033
2024-12-28,0.2208,0.23307,0.21844,0.231,35777692.0,2024-12-28 23:59:59.999,8041494.94359
2024-12-29,0.23098,0.23509,0.21653,0.21876,44495139.0,2024-12-29 23:59:59.999,10057870.13563
2024-12-30,0.21875,0.22721,0.20748,0.21689,50766452.0,2024-12-30 23:59:59.999,11116675.44833
2024-12-31,0.21688,0.22064,0.20803,0.20903,44595988.0,2024-12-31 23:59:59.999,9500913.45793
2025-01-01,0.20905,0.21929,0.20422,0.21828,37679071.0,2025-01-01 23:59:59.999,7981384.02984
2025-01-02,0.21829,0.23177,0.21758,0.22608,47769113.0,2025-01-02 23:59:59.999,10740588.68635
2025-01-03,0.22609,0.24658,0.22228,0.2452,56283058.0,2025-01-03 23:59:59.999,13209643.58222
2025-01-04,0.24515,0.25005,0.23967,0.24288,47726986.0,2025-01-04 23:59:59.999,11658865.32891
2025-01-05,0.24288,0.24806,0.23606,0.24503,32789748.0,2025-01-05 23:59:59.999,7919309.25562
2025-01-06,0.24504,0.25521,0.23901,0.25,55733456.0,2025-01-06 23:59:59.999,13758624.68065
2025-01-07,0.25003,0.25119,0.21943,0.21979,68275296.0,2025-01-07 23:59:59.999,15998635.03854
2025-01-08,0.21981,0.22312,0.19567,0.20946,77689238.0,2025-01-08 23:59:59.999,16327815.0602
2025-01-09,0.20941,0.21312,0.19526,0.20049,52799442.0,2025-01-09 23:59:59.999,10776495.01953
2025-01-10,0.20051,0.20896,0.19646,0.20316,60561252.0,2025-01-10 23:59:59.999,12302634.36387
2025-01-11,0.20315,0.20965,0.1984,0.20427,30330353.0,2025-01-11 23:59:59.999,6151337.01735
2025-01-12,0.20429,0.20529,0.19652,0.19897,31754238.0,2025-01-12 23:59:59.999,6389385.75593
2025-01-13,0.199,0.20576,0.176,0.19048,80225326.0,2025-01-13 23:59:59.999,14971956.10585
2025-01-14,0.19048,0.20278,0.18928,0.19992,37900085.0,2025-01-14 23:59:59.999,7384846.85758
2025-01-15,0.19993,0.2139,0.19346,0.21347,57354013.0,2025-01-15 23:59:59.999,11632036.83008
2025-01-16,0.21344,0.21402,0.20128,0.20322,55007067.0,2025-01-16 23:59:59.999,11434979.25699
2025-01-17,0.20323,0.21889,0.20308,0.21708,73286883.0,2025-01-17 23:59:59.999,15514247.57274
2025-01-18,0.21711,0.21957,0.19183,0.19594,75272365.0,2025-01-18 23:59:59.999,15105289.39418
2025-01-19,0.19595,0.20162,0.16828,0.17213,114721349.0,2025-01-19 23:59:59.999,21146171.71768
2025-01-20,0.17209,0.1862,0.16175,0.16829,127419125.0,2025-01-20 23:59:59.999,21957403.62575
2025-01-21,0.16825,0.17619,0.15954,0.1728,63595061.0,2025-01-21 23:59:59.999,10709118.94265
2025-01-22,0.17278,0.1765,0.1668,0.16778,42975918.0,2025-01-22 23:59:59.999,7420560.01054
2025-01-23,0.16778,0.17154,0.1617,0.16855,66972995.0,2025-01-23 23:59:59.999,11108215.71825
2025-01-24,0.16855,0.17151,0.16147,0.1626,48913290.0,2025-01-24 23:59:59.999,8165896.82298
2025-01-25,0.16257,0.1659,0.15954,0.16313,37394911.0,2025-01-25 23:59:59.999,6096365.31631
2025-01-26,0.16318,0.16815,0.157,0.15726,39516815.0,2025-01-26 23:59:59.999,6480738.80051
2025-01-27,0.15725,0.15728,0.14029,0.15387,83758328.0,2025-01-27 23:59:59.999,12408285.1347
2025-01-28,0.15388,0.15605,0.138,0.13911,48326235.0,2025-01-28 23:59:59.999,7125165.86007
2025-01-29,0.1391,0.15008,0.13823,0.14468,55163166.0,2025-01-29 23:59:59.999,7903235.3239
2025-01-30,0.14472,0.15862,0.14329,0.15224,55802523.0,2025-01-30 23:59:59.999,8547299.78595
2025-01-31,0.15228,0.16085,0.14897,0.15449,45533752.0,2025-01-31 23:59:59.999,7035670.35463
2025-02-01,0.15449,0.15671,0.14132,0.14229,40095424.0,2025-02-01 23:59:59.999,6033432.9625
2025-02-02,0.1423,0.14647,0.11382,0.1218,121403625.0,2025-02-02 23:59:59.999,15828839.44813
2025-02-03,0.12184,0.1272,0.08775,0.12582,212831172.0,2025-02-03 23:59:59.999,23170013.56373
2025-02-04,0.12582,0.1272,0.11149,0.1176,100077802.0,2025-02-04 23:59:59.999,11759691.06614
2025-02-05,0.11763,0.13155,0.11555,0.12096,274363460.0,2025-02-05 23:59:59.999,33875974.08958
2025-02-06,0.12093,0.12341,0.11151,0.11287,131323637.0,2025-02-06 23:59:59.999,15486003.39762
2025-02-07,0.11291,0.12407,0.112,0.11567,92175462.0,2025-02-07 23:59:59.999,10852189.76796
2025-02-08,0.11567,0.12021,0.11028,0.11933,114349865.0,2025-02-08 23:59:59.999,13186302.81527
2025-02-09,0.11932,0.12256,0.11149,0.11719,63919718.0,2025-02-09 23:59:59.999,7599057.24853
2025-02-10,0.11718,0.12231,0.11193,0.1215,70777339.0,2025-02-10 23:59:59.999,8347055.69117
2025-02-11,0.12152,0.13193,0.11962,0.12087,69150864.0,2025-02-11 23:59:59.999,8691888.69662
2025-02-12,0.12086,0.13233,0.11699,0.13148,70556157.0,2025-02-12 23:59:59.999,8677618.8729
2025-02-13,0.13148,0.13211,0.12212,0.12462,51739716.0,2025-02-13 23:59:59.999,6504564.53875
2025-02-14,0.12462,0.13149,0.12367,0.12781,44097134.0,2025-02-14 23:59:59.999,5623761.49005
2025-02-15,0.1278,0.12857,0.12274,0.12475,30161657.0,2025-02-15 23:59:59.999,3794579.02987
2025-02-16,0.12476,0.12728,0.12084,0.1215,32154324.0,2025-02-16 23:59:59.999,3986957.97951
2025-02-17,0.1215,0.12541,0.11773,0.12137,49300160.0,2025-02-17 23:59:59.999,5982231.01203
2025-02-18,0.12136,0.12163,0.11025,0.11556,51103911.0,2025-02-18 23:59:59.999,5900194.86017
2025-02-19,0.11554,0.12099,0.11471,0.12057,39923196.0,2025-02-19 23:59:59.999,4706951.46573
2025-02-20,0.12057,0.1267,0.11981,0.12427,51734077.0,2025-02-20 23:59:59.999,6390904.62466
2025-02-21,0.12425,0.13013,0.11724,0.1189,63610292.0,2025-02-21 23:59:59.999,7909203.33164
2025-02-22,0.11891,0.12479,0.11777,0.12426,34146946.0,2025-02-22 23:59:59.999,4139382.47452
2025-02-23,0.12427,0.1251,0.11893,0.12082,30965717.0,2025-02-23 23:59:59.999,3775562.01669
2025-02-24,0.12083,0.12128,0.10089,0.10479,76892129.0,2025-02-24 23:59:59.999,8608522.41275
2025-02-25,0.10479,0.11218,0.1003,0.11041,133432478.0,2025-02-25 23:59:59.999,14284064.91031
2025-02-26,0.11047,0.11501,0.10732,0.11189,64181237.0,2025-02-26 23:59:59.999,7142376.54083
2025-02-27,0.1119,0.11728,0.11014,0.1139,47616133.0,2025-02-27 23:59:59.999,5430325.23657
2025-02-28,0.1139,0.11467,0.10347,0.11373,84216149.0,2025-02-28 23:59:59.999,9188126.98486
2025-03-01,0.11375,0.11426,0.10714,0.11045,38260352.0,2025-03-01 23:59:59.999,4226205.94463
2025-03-02,0.11046,0.12158,0.10861,0.12102,63383036.0,2025-03-02 23:59:59.999,7305762.09704
2025-03-03,0.12101,0.12212,0.10076,0.10247,98613778.0,2025-03-03 23:59:59.999,10843305.67377
2025-03-04,0.10244,0.10303,0.09276,0.10109,102327798.0,2025-03-04 23:59:59.999,10009725.28877
2025-03-05,0.10109,0.10532,0.09949,0.1047,50040921.0,2025-03-05 23:59:59.999,5129854.19484
2025-03-06,0.10469,0.10701,0.0998,0.10112,60737022.0,2025-03-06 23:59:59.999,6300333.36672
2025-03-07,0.10109,0.10716,0.09611,0.10148,112173836.0,2025-03-07 23:59:59.999,11503301.93616
2025-03-08,0.1015,0.10189,0.09862,0.09956,35936870.0,2025-03-08 23:59:59.999,3603000.60163
2025-03-09,0.09955,0.10045,0.08689,0.08873,73071206.0,2025-03-09 23:59:59.999,6762355.72957
2025-03-10,0.08874,0.09506,0.08259,0.08496,100928901.0,2025-03-10 23:59:59.999,8957147.65559
2025-03-11,0.08496,0.09193,0.07825,0.09043,107274393.0,2025-03-11 23:59:59.999,9236426.10871
2025-03-12,0.09043,0.09369,0.08657,0.09175,53238458.0,2025-03-12 23:59:59.999,4807418.23357
2025-03-13,0.09173,0.09269,0.08675,0.08906,60724188.0,2025-03-13 23:59:59.999,5455047.16286
2025-03-14,0.08903,0.09313,0.08876,0.09093,38379409.0,2025-03-14 23:59:59.999,3494828.49119
2025-03-15,0.09093,0.09321,0.08993,0.09228,55033280.0,2025-03-15 23:59:59.999,5035946.29067
2025-03-16,0.09229,0.0924,0.08571,0.08696,68115069.0,2025-03-16 23:59:59.999,6122369.30314
2025-03-17,0.08696,0.09318,0.08668,0.09186,88949598.0,2025-03-17 23:59:59.999,8040126.82275
2025-03-18,0.09186,0.09244,0.08757,0.09205,51057055.0,2025-03-18 23:59:59.999,4577774.7737
2025-03-19,0.09205,0.09572,0.09094,0.09509,152942531.0,2025-03-19 23:59:59.999,14269845.7389
2025-03-20,0.09508,0.09566,0.08926,0.08994,84020381.0,2025-03-20 23:59:59.999,7731028.0144
2025-03-21,0.08995,0.09121,0.08782,0.08923,82532676.0,2025-03-21 23:59:59.999,7401591.30347
2025-03-22,0.08922,0.09311,0.08907,0.09106,84277251.0,2025-03-22 23:59:59.999,7703623.94453
2025-03-23,0.09105,0.09318,0.08968,0.09144,43143917.0,2025-03-23 23:59:59.999,3933803.35677
2025-03-24,0.09142,0.09809,0.09007,0.09674,140750426.0,2025-03-24 23:59:59.999,13437985.15762
2025-03-25,0.09673,0.09999,0.09542,0.0999,77903249.0,2025-03-25 23:59:59.999,7650558.02926
2025-03-26,0.0999,0.10181,0.09548,0.0965,107529916.0,2025-03-26 23:59:59.999,10598622.82947
2025-03-27,0.09656,0.09911,0.09337,0.09563,111104669.0,2025-03-27 23:59:59.999,10721950.30854
2025-03-28,0.09565,0.09616,0.08588,0.08805,93560007.0,2025-03-28 23:59:59.999,8378684.76897
2025-03-29,0.08804,0.08839,0.08074,0.0824,107087777.0,2025-03-29 23:59:59.999,8961983.38982
2025-03-30,0.08242,0.08515,0.08149,0.08282,44523398.0,2025-03-30 23:59:59.999,3720187.09362
2025-03-31,0.08282,0.0834,0.0789,0.08051,83335336.0,2025-03-31 23:59:59.999,6764452.14459
2025-04-01,0.0805,0.08322,0.08014,0.08137,78336797.0,2025-04-01 23:59:59.999,6400026.35588
2025-04-02,0.08135,0.08135,0.07223,0.07367,95487383.0,2025-04-02 23:59:59.999,7430431.16941
2025-04-03,0.07367,0.07613,0.07091,0.07442,68902060.0,2025-04-03 23:59:59.999,5076425.92806
2025-04-04,0.07443,0.0749,0.07044,0.07333,124540440.0,2025-04-04 23:59:59.999,9107719.40871
2025-04-05,0.07333,0.07435,0.07137,0.07243,34304007.0,2025-04-05 23:59:59.999,2496127.19885
2025-04-06,0.07245,0.07272,0.06292,0.06484,88650252.0,2025-04-06 23:59:59.999,5974709.84991
2025-04-07,0.06485,0.0692,0.05912,0.06667,196888301.0,2025-04-07 23:59:59.999,12738812.7401
2025-04-08,0.06668,0.06851,0.06218,0.06284,83446219.0,2025-04-08 23:59:59.999,5416668.492
2025-04-09,0.06283,0.06931,0.06045,0.0687,110592469.0,2025-04-09 23:59:59.999,7276727.25117
2025-04-10,0.06869,0.0687,0.06325,0.06465,158377590.0,2025-04-10 23:59:59.999,10384241.24505
2025-04-11,0.06464,0.0672,0.06434,0.0657,122725102.0,2025-04-11 23:59:59.999,8095667.60625
2025-04-12,0.0657,0.0695,0.06513,0.06891,59180465.0,2025-04-12 23:59:59.999,4006354.53641
2025-04-13,0.0689,0.06924,0.06254,0.06362,85109116.0,2025-04-13 23:59:59.999,5593514.44334
2025-04-14,0.06363,0.06616,0.06284,0.06321,80630420.0,2025-04-14 23:59:59.999,5181605.75558
2025-04-15,0.06323,0.06392,0.06061,0.06105,71271459.0,2025-04-15 23:59:59.999,4442500.96847
2025-04-16,0.06105,0.06178,0.05893,0.0598,58102449.0,2025-04-16 23:59:59.999,3510349.54574
2025-04-17,0.05981,0.06178,0.05921,0.06087,46972693.0,2025-04-17 23:59:59.999,2847763.51112
2025-04-18,0.06087,0.06317,0.06019,0.06265,44390774.0,2025-04-18 23:59:59.999,2759420.56763
2025-04-19,0.06265,0.06728,0.0626,0.06655,61467937.0,2025-04-19 23:59:59.999,4021102.4709
2025-04-20,0.06655,0.09925,0.06447,0.08857,1593145876.0,2025-04-20 23:59:59.999,140459620.06965
2025-04-21,0.08855,0.11648,0.08524,0.09104,7198961507.0,2025-04-21 23:59:59.999,731404730.97348
2025-04-22,0.091,0.09686,0.08417,0.08882,2126151639.0,2025-04-22 23:59:59.999,188373074.05034
2025-04-23,0.08884,0.09265,0.08601,0.08745,724881696.0,2025-04-23 23:59:59.999,64380676.82346
2025-04-24,0.08744,0.09274,0.0847,0.09154,523089292.0,2025-04-24 23:59:59.999,46964799.81147
2025-04-25,0.09155,0.09289,0.08813,0.08988,285357260.0,2025-04-25 23:59:59.999,25834281.0797
2025-04-26,0.0899,0.09479,0.08876,0.09031,328621183.0,2025-04-26 23:59:59.999,30061450.97642
2025-04-27,0.09031,0.09107,0.08252,0.08423,252112184.0,2025-04-27 23:59:59.999,21614117.32244
2025-04-28,0.08424,0.08711,0.08137,0.08674,194870029.0,2025-04-28 23:59:59.999,16564460.18174
2025-04-29,0.08674,0.08815,0.08074,0.08243,129901769.0,2025-04-29 23:59:59.999,11158382.85338
2025-04-30,0.08241,0.08585,0.081,0.08482,126705140.0,2025-04-30 23:59:59.999,10626188.54904
2025-05-01,0.08481,0.0876,0.08388,0.08465,85333136.0,2025-05-01 23:59:59.999,7304287.10012
2025-05-02,0.08465,0.08618,0.08227,0.08393,98334532.0,2025-05-02 23:59:59.999,8248707.60192
2025-05-03,0.08394,0.0843,0.076,0.07607,139263766.0,2025-05-03 23:59:59.999,11167573.38844
2025-05-04,0.07609,0.07617,0.07284,0.075,164500326.0,2025-05-04 23:59:59.999,12232792.13223
2025-05-05,0.075,0.07685,0.07203,0.07351,151001901.0,2025-05-05 23:59:59.999,11250146.12645
2025-05-06,0.07352,0.07573,0.06985,0.07394,150840468.0,2025-05-06 23:59:59.999,11038582.43433
2025-05-07,0.07395,0.07618,0.07096,0.0731,143721820.0,2025-05-07 23:59:59.999,10585362.26035
2025-05-08,0.0731,0.08404,0.07262,0.0833,194341173.0,2025-05-08 23:59:59.999,15184678.82054
2025-05-09,0.08329,0.0922,0.08321,0.09168,188812950.0,2025-05-09 23:59:59.999,16712703.31145
2025-05-10,0.0917,0.10218,0.09124,0.10052,306420264.0,2025-05-10 23:59:59.999,29319225.46322
2025-05-11,0.10049,0.10191,0.09352,0.09551,218656000.0,2025-05-11 23:59:59.999,21178439.67277
2025-05-12,0.09552,0.1003,0.09061,0.09665,210830505.0,2025-05-12 23:59:59.999,20375486.9266
2025-05-13,0.09664,0.10122,0.08912,0.0995,227814916.0,2025-05-13 23:59:59.999,21685509.57434
2025-05-14,0.09951,0.10345,0.09371,0.09427,189159438.0,2025-05-14 23:59:59.999,18692645.85108
2025-05-15,0.09428,0.09597,0.08611,0.08849,233800196.0,2025-05-15 23:59:59.999,21155344.19371
2025-05-16,0.08848,0.09541,0.08779,0.08863,206832850.0,2025-05-16 23:59:59.999,19009884.89387
2025-05-17,0.08865,0.08896,0.08368,0.0859,104596107.0,2025-05-17 23:59:59.999,8955333.99328
2025-05-18,0.08591,0.09407,0.08447,0.09134,115903222.0,2025-05-18 23:59:59.999,10342070.43827
2025-05-19,0.09142,0.09208,0.08328,0.08784,107859720.0,2025-05-19 23:59:59.999,9356082.69063
2025-05-20,0.08784,0.09024,0.08439,0.0884,110231274.0,2025-05-20 23:59:59.999,9574135.83477
2025-05-21,0.08838,0.09219,0.08583,0.08987,101149425.0,2025-05-21 23:59:59.999,8955406.09271
2025-05-22,0.08988,0.09575,0.08967,0.09554,90924637.0,2025-05-22 23:59:59.999,8494552.87943
2025-05-23,0.09555,0.09798,0.08515,0.08543,154625360.0,2025-05-23 23:59:59.999,14139781.38003
2025-05-24,0.08544,0.08757,0.08456,0.08516,62191771.0,2025-05-24 23:59:59.999,5359282.09798
2025-05-25,0.08518,0.08598,0.08041,0.08568,81924400.0,2025-05-25 23:59:59.999,6797629.47688
2025-05-26,0.0857,0.09078,0.08499,0.08736,135557018.0,2025-05-26 23:59:59.999,11979295.47232
2025-05-27,0.08736,0.09307,0.08442,0.08997,148135616.0,2025-05-27 23:59:59.999,13300394.47115
2025-05-28,0.08996,0.0944,0.08528,0.08855,179237115.0,2025-05-28 23:59:59.999,16154111.4775
2025-05-29,0.08857,0.09164,0.08257,0.08302,117569321.0,2025-05-29 23:59:59.999,10261446.15124
2025-05-30,0.08302,0.08348,0.07044,0.07125,183032916.0,2025-05-30 23:59:59.999,14119697.71564
2025-05-31,0.07126,0.0746,0.06854,0.07333,115612620.0,2025-05-31 23:59:59.999,8320472.82047
2025-06-01,0.0733,0.07517,0.07148,0.07465,76695206.0,2025-06-01 23:59:59.999,5602746.263
2025-06-02,0.07466,0.07646,0.07202,0.07601,120122836.0,2025-06-02 23:59:59.999,8850047.96007
2025-06-03,0.07602,0.07833,0.07467,0.07581,99759780.0,2025-06-03 23:59:59.999,7604241.69186
2025-06-04,0.07584,0.07767,0.0724,0.0734,99576056.0,2025-06-04 23:59:59.999,7566710.31121
2025-06-05,0.07341,0.0771,0.06872,0.07045,168841731.0,2025-06-05 23:59:59.999,12330070.17069
2025-06-06,0.07046,0.07469,0.06959,0.07217,73756847.0,2025-06-06 23:59:59.999,5320815.34427
2025-06-07,0.07216,0.07612,0.07174,0.07562,40708796.0,2025-06-07 23:59:59.999,3040868.7889
2025-06-08,0.0756,0.07646,0.07361,0.0751,40541307.0,2025-06-08 23:59:59.999,3047920.66538
2025-06-09,0.0751,0.07862,0.07252,0.07835,64597735.0,2025-06-09 23:59:59.999,4881164.74032
2025-06-10,0.07834,0.08172,0.07738,0.08171,71515755.0,2025-06-10 23:59:59.999,5690380.03728
2025-06-11,0.08169,0.08169,0.07532,0.07599,73604761.0,2025-06-11 23:59:59.999,5790082.72146
2025-06-12,0.076,0.0762,0.07085,0.07135,92628930.0,2025-06-12 23:59:59.999,6808027.27058
2025-06-13,0.07137,0.07138,0.06403,0.06848,147016823.0,2025-06-13 23:59:59.999,9794711.66318
2025-06-14,0.0685,0.06864,0.0656,0.06752,45204039.0,2025-06-14 23:59:59.999,3039358.35817
2025-06-15,0.06753,0.06921,0.06677,0.06851,47187854.0,2025-06-15 23:59:59.999,3213252.30035
2025-06-16,0.06849,0.07187,0.06744,0.06811,68407374.0,2025-06-16 23:59:59.999,4802388.89697
2025-06-17,0.06809,0.06952,0.06475,0.06589,74639596.0,2025-06-17 23:59:59.999,4998521.44648
2025-06-18,0.06589,0.06717,0.06282,0.06581,74838602.0,2025-06-18 23:59:59.999,4859189.43869
2025-06-19,0.06582,0.06652,0.06331,0.06525,48666026.0,2025-06-19 23:59:59.999,3155239.52859
2025-06-20,0.06524,0.06714,0.06207,0.0635,87742123.0,2025-06-20 23:59:59.999,5699986.30201
2025-06-21,0.0635,0.06473,0.05873,0.06002,60055451.0,2025-06-21 23:59:59.999,3716535.49688
2025-06-22,0.06005,0.06082,0.05486,0.05842,104989732.0,2025-06-22 23:59:59.999,6097165.18848
2025-06-23,0.05842,0.06563,0.05808,0.06536,92154931.0,2025-06-23 23:59:59.999,5624123.80521
2025-06-24,0.06536,0.06708,0.06457,0.06569,63685851.0,2025-06-24 23:59:59.999,4182998.62945
2025-06-25,0.06569,0.06613,0.06331,0.06393,44389866.0,2025-06-25 23:59:59.999,2878679.98938
2025-06-26,0.06394,0.06581,0.06218,0.06291,51348763.0,2025-06-26 23:59:59.999,3279204.68466
2025-06-27,0.06292,0.06473,0.06166,0.06352,42419743.0,2025-06-27 23:59:59.999,2678678.91936
2025-06-28,0.06352,0.06534,0.06262,0.06498,30175738.0,2025-06-28 23:59:59.999,1929877.89582
2025-06-29,0.06498,0.06896,0.06426,0.06828,59754223.0,2025-06-29 23:59:59.999,3953593.63372
2025-06-30,0.06829,0.06849,0.06443,0.06578,54810284.0,2025-06-30 23:59:59.999,3635799.40178
2025-07-01,0.06578,0.06609,0.06254,0.06324,50246366.0,2025-07-01 23:59:59.999,3203471.66651
2025-07-02,0.06325,0.07108,0.06235,0.06848,73169875.0,2025-07-02 23:59:59.999,4907880.36359
2025-07-03,0.06849,0.07009,0.06708,0.06888,54831536.0,2025-07-03 23:59:59.999,3773778.48191
2025-07-04,0.06887,0.06932,0.06347,0.0641,53502259.0,2025-07-04 23:59:59.999,3506837.24383
2025-07-05,0.0641,0.0653,0.06309,0.06446,34209367.0,2025-07-05 23:59:59.999,2201031.01254
2025-07-06,0.06446,0.06686,0.06376,0.06552,38800544.0,2025-07-06 23:59:59.999,2531488.33907
2025-07-07,0.06553,0.06648,0.06413,0.06502,39893921.0,2025-07-07 23:59:59.999,2610028.09409
2025-07-08,0.06501,0.06692,0.06372,0.06639,58750320.0,2025-07-08 23:59:59.999,3832608.01716
2025-07-09,0.06637,0.07047,0.06536,0.07012,76025334.0,2025-07-09 23:59:59.999,5156910.15007
2025-07-10,0.0701,0.07556,0.06946,0.07503,90259084.0,2025-07-10 23:59:59.999,6458693.24736
2025-07-11,0.07503,0.07935,0.07388,0.07569,98648749.0,2025-07-11 23:59:59.999,7614394.57545
2025-07-12,0.07568,0.07777,0.07312,0.07561,79698293.0,2025-07-12 23:59:59.999,6041233.08287
2025-07-13,0.07561,0.0802,0.07503,0.07826,72610222.0,2025-07-13 23:59:59.999,5666467.51639
2025-07-14,0.07826,0.0822,0.07628,0.0776,90150216.0,2025-07-14 23:59:59.999,7155245.50425
2025-07-15,0.07762,0.08045,0.07435,0.08021,82513830.0,2025-07-15 23:59:59.999,6328222.62371
2025-07-16,0.0802,0.0836,0.07837,0.08114,66943167.0,2025-07-16 23:59:59.999,5415279.5859
2025-07-17,0.08113,0.08251,0.07799,0.08009,85560914.0,2025-07-17 23:59:59.999,6889177.78936
2025-07-18,0.0801,0.08669,0.07973,0.08108,111249522.0,2025-07-18 23:59:59.999,9255638.12753
2025-07-19,0.08111,0.08385,0.0791,0.08372,64878951.0,2025-07-19 23:59:59.999,5296668.2524
2025-07-20,0.08372,0.09221,0.08291,0.09069,144064030.0,2025-07-20 23:59:59.999,12757773.33991
2025-07-21,0.09073,0.09419,0.08854,0.09181,146677257.0,2025-07-21 23:59:59.999,13454642.99882
2025-07-22,0.09182,0.09219,0.0865,0.09168,109744583.0,2025-07-22 23:59:59.999,9814852.99638
2025-07-23,0.09166,0.09168,0.07878,0.08146,123385647.0,2025-07-23 23:59:59.999,10473370.85648
2025-07-24,0.08146,0.08252,0.07475,0.07806,131715616.0,2025-07-24 23:59:59.999,10363904.53003
2025-07-25,0.07807,0.08011,0.075,0.08,84152220.0,2025-07-25 23:59:59.999,6525117.68743
2025-07-26,0.08,0.08081,0.07902,0.0793,45035993.0,2025-07-26 23:59:59.999,3603485.29154
2025-07-27,0.07929,0.08289,0.07901,0.08252,51067314.0,2025-07-27 23:59:59.999,4123191.8154
2025-07-28,0.08252,0.08406,0.07534,0.07621,86816473.0,2025-07-28 23:59:59.999,6977145.35671
2025-07-29,0.07621,0.07873,0.07275,0.07482,79708273.0,2025-07-29 23:59:59.999,6032322.06924
2025-07-30,0.0748,0.0751,0.0692,0.07306,83754050.0,2025-07-30 23:59:59.999,6086802.93607
2025-07-31,0.0731,0.07535,0.06809,0.06883,86931088.0,2025-07-31 23:59:59.999,6262482.94864
2025-08-01,0.06882,0.06974,0.06515,0.06706,101824436.0,2025-08-01 23:59:59.999,6909737.33909
2025-08-02,0.06706,0.06878,0.0646,0.06662,80466008.0,2025-08-02 23:59:59.999,5389972.06594
2025-08-03,0.06664,0.06933,0.0655,0.06895,38715708.0,2025-08-03 23:59:59.999,2637688.31158
2025-08-04,0.06895,0.07201,0.06862,0.07177,63543081.0,2025-08-04 23:59:59.999,4468360.96123
2025-08-05,0.07176,0.07221,0.06731,0.06922,77988673.0,2025-08-05 23:59:59.999,5457389.14511
2025-08-06,0.06924,0.07089,0.06738,0.07009,60060935.0,2025-08-06 23:59:59.999,4163893.32457
2025-08-07,0.0701,0.07233,0.069,0.07209,112512499.0,2025-08-07 23:59:59.999,7924811.74607
2025-08-08,0.07209,0.074,0.07108,0.07338,107177202.0,2025-08-08 23:59:59.999,7768418.02361
2025-08-09,0.07339,0.0765,0.07313,0.07532,69215817.0,2025-08-09 23:59:59.999,5196885.38396
2025-08-10,0.07533,0.07699,0.07216,0.07412,74336495.0,2025-08-10 23:59:59.999,5524787.23038
2025-08-11,0.07412,0.07615,0.06921,0.06986,107212609.0,2025-08-11 23:59:59.999,7800553.90806
2025-08-12,0.06986,0.07533,0.06842,0.0745,88079052.0,2025-08-12 23:59:59.999,6314225.80581
2025-08-13,0.07449,0.07936,0.07391,0.07869,109443974.0,2025-08-13 23:59:59.999,8412935.08393
2025-08-14,0.07871,0.0798,0.06958,0.07097,156739409.0,2025-08-14 23:59:59.999,11660794.62999
2025-08-15,0.07096,0.07266,0.06611,0.06776,125898551.0,2025-08-15 23:59:59.999,8701567.81571
2025-08-16,0.06776,0.07064,0.06759,0.07006,77841803.0,2025-08-16 23:59:59.999,5358272.4504
2025-08-17,0.07006,0.07367,0.06952,0.07128,69869987.0,2025-08-17 23:59:59.999,5012978.47977
2025-08-18,0.07128,0.07142,0.06705,0.06844,77249281.0,2025-08-18 23:59:59.999,5298360.5823
2025-08-19,0.06845,0.0697,0.06547,0.06567,93596261.0,2025-08-19 23:59:59.999,6303156.34759
2025-08-20,0.06567,0.07042,0.06541,0.07002,86032322.0,2025-08-20 23:59:59.999,5849944.06346
2025-08-21,0.07005,0.0708,0.06764,0.06847,72678730.0,2025-08-21 23:59:59.999,5010269.61093
2025-08-22,0.06849,0.07582,0.06605,0.07554,111902598.0,2025-08-22 23:59:59.999,7931098.2881
2025-08-23,0.07555,0.07598,0.07294,0.07503,64074571.0,2025-08-23 23:59:59.999,4787985.09737
2025-08-24,0.07503,0.07547,0.07043,0.07177,98183880.0,2025-08-24 23:59:59.999,7130403.55279
2025-08-25,0.07177,0.07312,0.06431,0.06534,116544801.0,2025-08-25 23:59:59.999,7945748.60294
2025-08-26,0.06533,0.06871,0.06448,0.06806,71911017.0,2025-08-26 23:59:59.999,4781733.67847
2025-08-27,0.06805,0.06869,0.06659,0.06725,63338441.0,2025-08-27 23:59:59.999,4287961.48896
2025-08-28,0.06725,0.07029,0.0667,0.07027,66097076.0,2025-08-28 23:59:59.999,4539113.06113
2025-08-29,0.07028,0.07059,0.0647,0.06615,88228767.0,2025-08-29 23:59:59.999,5920348.72984
2025-08-30,0.06616,0.06862,0.06497,0.06786,55201656.0,2025-08-30 23:59:59.999,3717341.01495
2025-08-31,0.06787,0.0705,0.06726,0.0673,74823686.0,2025-08-31 23:59:59.999,5160193.11199
2025-09-01,0.0673,0.06909,0.06369,0.06546,91953874.0,2025-09-01 23:59:59.999,6092443.11612
2025-09-02,0.06546,0.06784,0.06514,0.0678,56777014.0,2025-09-02 23:59:59.999,3786318.67782
2025-09-03,0.0678,0.06855,0.06661,0.06776,53123994.0,2025-09-03 23:59:59.999,3596724.04439
2025-09-04,0.06776,0.06825,0.06485,0.06553,56041940.0,2025-09-04 23:59:59.999,3711384.73442
2025-09-05,0.06552,0.06824,0.06523,0.06657,72938801.0,2025-09-05 23:59:59.999,4861863.39874
2025-09-06,0.06657,0.06694,0.06486,0.06563,40200193.0,2025-09-06 23:59:59.999,2641798.48051
2025-09-07,0.06562,0.06685,0.0656,0.06636,41013920.0,2025-09-07 23:59:59.999,2719451.24912
2025-09-08,0.06637,0.06867,0.06591,0.06822,65088825.0,2025-09-08 23:59:59.999,4396509.27269
2025-09-09,0.06823,0.07111,0.06736,0.06938,84775509.0,2025-09-09 23:59:59.999,5882641.09385
2025-09-10,0.06939,0.07139,0.06872,0.07048,54155812.0,2025-09-10 23:59:59.999,3802707.729
2025-09-11,0.07049,0.0725,0.06909,0.0705,61588773.0,2025-09-11 23:59:59.999,4341094.06754
2025-09-12,0.07052,0.0726,0.06935,0.07245,53449997.0,2025-09-12 23:59:59.999,3790285.41977
2025-09-13,0.07245,0.07469,0.07171,0.0736,53879620.0,2025-09-13 23:59:59.999,3945035.41851
2025-09-14,0.0736,0.07375,0.06882,0.06951,55113162.0,2025-09-14 23:59:59.999,3899804.4159
2025-09-15,0.0695,0.0707,0.06624,0.06787,76448390.0,2025-09-15 23:59:59.999,5191653.55706
2025-09-16,0.06786,0.07002,0.06647,0.06948,57328216.0,2025-09-16 23:59:59.999,3935141.17362
2025-09-17,0.06948,0.07177,0.06763,0.07123,58899417.0,2025-09-17 23:59:59.999,4078960.86716
2025-09-18,0.07126,0.07285,0.07043,0.07225,43380541.0,2025-09-18 23:59:59.999,3112495.1369
2025-09-19,0.07226,0.07343,0.0679,0.06852,58565673.0,2025-09-19 23:59:59.999,4112876.61972
2025-09-20,0.06852,0.06996,0.0679,0.06877,29706215.0,2025-09-20 23:59:59.999,2046688.63262
2025-09-21,0.06877,0.06995,0.0671,0.06735,42773575.0,2025-09-21 23:59:59.999,2921043.74797
2025-09-22,0.06735,0.06769,0.0575,0.06269,106224475.0,2025-09-22 23:59:59.999,6675194.9297
2025-09-23,0.06269,0.06368,0.06087,0.06229,52456934.0,2025-09-23 23:59:59.999,3284934.7841
2025-09-24,0.06229,0.06415,0.06113,0.06225,45258660.0,2025-09-24 23:59:59.999,2849844.10651
2025-09-25,0.06227,0.06234,0.05749,0.05853,85890603.0,2025-09-25 23:59:59.999,5149954.93054
2025-09-26,0.05853,0.06127,0.05813,0.06084,58491458.0,2025-09-26 23:59:59.999,3483940.8826
2025-09-27,0.06085,0.06132,0.05995,0.06052,28577653.0,2025-09-27 23:59:59.999,1734513.7747
2025-09-28,0.06053,0.06188,0.05891,0.0617,36423554.0,2025-09-28 23:59:59.999,2186345.20156
2025-09-29,0.06171,0.06245,0.05986,0.0618,45247005.0,2025-09-29 23:59:59.999,2773425.70695
2025-09-30,0.0618,0.06222,0.05969,0.06161,58595192.0,2025-09-30 23:59:59.999,3575489.22833
2025-10-01,0.06161,0.06449,0.06061,0.06446,55031729.0,2025-10-01 23:59:59.999,3458214.81756
2025-10-02,0.06448,0.06604,0.06376,0.06533,53439137.0,2025-10-02 23:59:59.999,3484102.93548
2025-10-03,0.06535,0.06629,0.0635,0.06449,65491181.0,2025-10-03 23:59:59.999,4243692.55083
2025-10-04,0.0645,0.06483,0.06154,0.06254,56338081.0,2025-10-04 23:59:59.999,3543828.41477
2025-10-05,0.06254,0.06522,0.0615,0.06177,68358411.0,2025-10-05 23:59:59.999,4327341.24525
2025-10-06,0.06177,0.06418,0.061,0.06333,63668806.0,2025-10-06 23:59:59.999,3987534.86887
2025-10-07,0.06334,0.06383,0.05963,0.06013,71855730.0,2025-10-07 23:59:59.999,4422243.13038
2025-10-08,0.06012,0.0629,0.05948,0.06209,57905252.0,2025-10-08 23:59:59.999,3545383.95092
2025-10-09,0.06209,0.06213,0.05868,0.06112,76451464.0,2025-10-09 23:59:59.999,4609079.5789
2025-10-10,0.06113,0.06348,0.0225,0.04089,420574574.0,2025-10-10 23:59:59.999,18777226.29405
2025-10-11,0.0409,0.04669,0.0397,0.04393,240283223.0,2025-10-11 23:59:59.999,10385249.17427
2025-10-12,0.04395,0.05097,0.04281,0.05061,148996576.0,2025-10-12 23:59:59.999,6966801.4264
2025-10-13,0.05059,0.05464,0.05002,0.05317,158401359.0,2025-10-13 23:59:59.999,8257792.72635
2025-10-14,0.05318,0.0535,0.04743,0.05084,134360935.0,2025-10-14 23:59:59.999,6696085.83975
2025-10-15,0.05083,0.05185,0.04736,0.04816,89368195.0,2025-10-15 23:59:59.999,4417039.4046
2025-10-16,0.04816,0.04964,0.04463,0.04541,125513897.0,2025-10-16 23:59:59.999,5923316.26621
2025-10-17,0.04541,0.04605,0.0414,0.04479,93419974.0,2025-10-17 23:59:59.999,4084229.84995
2025-10-18,0.04479,0.04615,0.04429,0.04508,48792598.0,2025-10-18 23:59:59.999,2210293.32947
2025-10-19,0.04509,0.04706,0.04422,0.04617,58661374.0,2025-10-19 23:59:59.999,2688501.92945
2025-10-20,0.04617,0.04776,0.04523,0.04609,93029698.0,2025-10-20 23:59:59.999,4331346.6125
2025-10-21,0.0461,0.04766,0.04396,0.04413,89292505.0,2025-10-21 23:59:59.999,4069964.8869
2025-10-22,0.04412,0.04474,0.04123,0.04288,97044506.0,2025-10-22 23:59:59.999,4222405.3985
2025-10-23,0.04286,0.04472,0.04274,0.04408,46084951.0,2025-10-23 23:59:59.999,2018785.4682
2025-10-24,0.04408,0.04485,0.04319,0.04461,56265817.0,2025-10-24 23:59:59.999,2478759.2867
2025-10-25,0.04462,0.04501,0.04397,0.04458,26772461.0,2025-10-25 23:59:59.999,1189613.77742
2025-10-26,0.04459,0.04571,0.04404,0.04521,48125447.0,2025-10-26 23:59:59.999,2167008.1797
2025-10-27,0.04521,0.04611,0.04326,0.04344,67158581.0,2025-10-27 23:59:59.999,3009662.27904
2025-10-28,0.04344,0.04485,0.04176,0.04306,84381430.0,2025-10-28 23:59:59.999,3673608.13872
2025-10-29,0.04305,0.04449,0.04184,0.04326,68800287.0,2025-10-29 23:59:59.999,2977271.60874
2025-10-30,0.04326,0.0439,0.03928,0.04075,123266623.0,2025-10-30 23:59:59.999,5109086.25729
2025-10-31,0.04076,0.04226,0.04056,0.04177,62572064.0,2025-10-31 23:59:59.999,2597285.78574
2025-11-01,0.04177,0.04361,0.04134,0.04343,62725150.0,2025-11-01 23:59:59.999,2671414.20935
2025-11-02,0.04343,0.04707,0.04276,0.04664,107138850.0,2025-11-02 23:59:59.999,4775792.54577
2025-11-03,0.04664,0.04719,0.0355,0.03851,232456126.0,2025-11-03 23:59:59.999,9527671.30693
2025-11-04,0.03851,0.04038,0.03534,0.03807,179433379.0,2025-11-04 23:59:59.999,6803288.51007
2025-11-05,0.03807,0.03983,0.03579,0.03933,77915461.0,2025-11-05 23:59:59.999,2969815.33299
2025-11-06,0.03934,0.04042,0.03695,0.04009,105582135.0,2025-11-06 23:59:59.999,4102499.26686
2025-11-07,0.04009,0.04908,0.03927,0.047,231430024.0,2025-11-07 23:59:59.999,9905445.74483
2025-11-08,0.047,0.04861,0.04505,0.04608,166378721.0,2025-11-08 23:59:59.999,7769543.90134
2025-11-09,0.04608,0.04644,0.04311,0.04582,78586117.0,2025-11-09 23:59:59.999,3524101.1301
2025-11-10,0.04584,0.04682,0.04428,0.0451,73180535.0,2025-11-10 23:59:59.999,3339029.79092
2025-11-11,0.04511,0.0461,0.04179,0.04201,81609542.0,2025-11-11 23:59:59.999,3583121.24582
2025-11-12,0.04202,0.0444,0.04023,0.04109,89512972.0,2025-11-12 23:59:59.999,3777118.82422
2025-11-13,0.0411,0.04231,0.03821,0.03944,99701748.0,2025-11-13 23:59:59.999,4051869.78287
2025-11-14,0.03943,0.04005,0.03741,0.03806,108164765.0,2025-11-14 23:59:59.999,4218145.30642
2025-11-15,0.03806,0.03972,0.03798,0.03839,60264780.0,2025-11-15 23:59:59.999,2332812.3476
2025-11-16,0.0384,0.0389,0.0357,0.03707,81602379.0,2025-11-16 23:59:59.999,3046315.37298
2025-11-17,0.03707,0.03818,0.03572,0.03642,84388974.0,2025-11-17 23:59:59.999,3120409.93942
2025-11-18,0.03642,0.03726,0.03551,0.03666,79613970.0,2025-11-18 23:59:59.999,2900755.51479
2025-11-19,0.03667,0.03693,0.03379,0.03586,72671351.0,2025-11-19 23:59:59.999,2578097.64936
2025-11-20,0.03587,0.03778,0.03319,0.03427,113672702.0,2025-11-20 23:59:59.999,4030470.64901
2025-11-21,0.03427,0.03528,0.031,0.03297,153184822.0,2025-11-21 23:59:59.999,5057111.7498
2025-11-22,0.03296,0.03348,0.03188,0.03294,69857269.0,2025-11-22 23:59:59.999,2277471.84316
2025-11-23,0.03293,0.03355,0.03275,0.03302,44160572.0,2025-11-23 23:59:59.999,1464988.26913
2025-11-24,0.03303,0.0345,0.03218,0.03393,72262112.0,2025-11-24 23:59:59.999,2404295.07365
2025-11-25,0.03393,0.03416,0.03281,0.0338,43766728.0,2025-11-25 23:59:59.999,1471541.5899
2025-11-26,0.03383,0.03395,0.03266,0.03351,59774187.0,2025-11-26 23:59:59.999,1991760.39783
2025-11-27,0.03351,0.03453,0.03323,0.0339,47646446.0,2025-11-27 23:59:59.999,1609091.198
2025-11-28,0.03389,0.03392,0.03252,0.03278,47768599.0,2025-11-28 23:59:59.999,1587243.84488
2025-11-29,0.03278,0.03317,0.03172,0.03206,39810954.0,2025-11-29 23:59:59.999,1291316.15904
2025-11-30,0.03206,0.03234,0.03137,0.03141,37647508.0,2025-11-30 23:59:59.999,1204652.84957
2025-12-01,0.03141,0.03149,0.02859,0.02961,100445258.0,2025-12-01 23:59:59.999,2966073.14745
2025-12-02,0.0296,0.03201,0.02924,0.03154,79130977.0,2025-12-02 23:59:59.999,2419201.68093
2025-12-03,0.03155,0.03279,0.03107,0.03241,67991381.0,2025-12-03 23:59:59.999,2168988.70139
2025-12-04,0.03241,0.03275,0.03107,0.03157,47042723.0,2025-12-04 23:59:59.999,1508480.10024
2025-12-05,0.03157,0.03247,0.03037,0.03132,94076170.0,2025-12-05 23:59:59.999,2957822.56248
2025-12-06,0.03131,0.03297,0.03125,0.03249,66028969.0,2025-12-06 23:59:59.999,2122132.57351
2025-12-07,0.03249,0.03289,0.03096,0.03166,67399092.0,2025-12-07 23:59:59.999,2151011.94497
2025-12-08,0.03166,0.03311,0.03144,0.03289,66904243.0,2025-12-08 23:59:59.999,2176490.08323
2025-12-09,0.03289,0.03808,0.0325,0.03548,1020228604.0,2025-12-09 23:59:59.999,36552604.64566
2025-12-10,0.03547,0.03564,0.03315,0.03319,229400356.0,2025-12-10 23:59:59.999,7879334.35414
2025-12-11,0.03319,0.03327,0.03133,0.03192,124896019.0,2025-12-11 23:59:59.999,4001007.52449
2025-12-12,0.03191,0.03218,0.03041,0.03132,89348982.0,2025-12-12 23:59:59.999,2803489.28158
2025-12-13,0.03133,0.03171,0.03121,0.03151,42678560.0,2025-12-13 23:59:59.999,1341156.78181
2025-12-14,0.0315,0.03158,0.02966,0.03,62445670.0,2025-12-14 23:59:59.999,1918399.37056
2025-12-15,0.03,0.03045,0.02762,0.02877,134793823.0,2025-12-15 23:59:59.999,3907634.65304
2025-12-16,0.02876,0.02888,0.02786,0.02822,88848909.0,2025-12-16 23:59:59.999,2513995.89288
2025-12-17,0.02822,0.02874,0.02662,0.02679,108653552.0,2025-12-17 23:59:59.999,3007288.15122
2025-12-18,0.02679,0.02771,0.02508,0.02575,118340118.0,2025-12-18 23:59:59.999,3118705.96331
2025-12-19,0.02576,0.02789,0.02541,0.02765,104795547.0,2025-12-19 23:59:59.999,2815684.31664
2025-12-20,0.02765,0.02847,0.02752,0.02805,47630325.0,2025-12-20 23:59:59.999,1330039.9
2025-12-21,0.02806,0.02807,0.02642,0.02664,71813241.0,2025-12-21 23:59:59.999,1953692.48184
2025-12-22,0.02664,0.02767,0.02631,0.02719,63694379.0,2025-12-22 23:59:59.999,1722548.29183
2025-12-23,0.02718,0.02774,0.0261,0.02767,84216517.0,2025-12-23 23:59:59.999,2263020.01087
2025-12-24,0.02768,0.02773,0.02626,0.02728,61115524.0,2025-12-24 23:59:59.999,1641273.06725
2025-12-25,0.02729,0.02794,0.02639,0.02644,74310377.0,2025-12-25 23:59:59.999,2032446.63959
2025-12-26,0.02644,0.02749,0.02626,0.02712,68604022.0,2025-12-26 23:59:59.999,1849354.82726
2025-12-27,0.02712,0.02842,0.02712,0.02823,74940848.0,2025-12-27 23:59:59.999,2079811.77591
2025-12-28,0.02823,0.02871,0.02764,0.02798,53585800.0,2025-12-28 23:59:59.999,1513980.92534
2025-12-29,0.02799,0.02866,0.02719,0.02766,75508359.0,2025-12-29 23:59:59.999,2102933.86335
2025-12-30,0.02766,0.02777,0.02704,0.02762,57288494.0,2025-12-30 23:59:59.999,1573397.79184
2025-12-31,0.02762,0.02842,0.02663,0.02765,98722469.0,2025-12-31 23:59:59.999,2713556.28515
2026-01-01,0.02765,0.03031,0.0274,0.02939,162861906.0,2026-01-01 23:59:59.999,4760043.88922
2026-01-02,0.0294,0.03034,0.02884,0.03029,97191307.0,2026-01-02 23:59:59.999,2853005.31316
2026-01-03,0.03028,0.03077,0.02946,0.03025,67653806.0,2026-01-03 23:59:59.999,2033527.35127
2026-01-04,0.03025,0.03161,0.0302,0.03107,67886408.0,2026-01-04 23:59:59.999,2094005.68613
2026-01-05,0.03107,0.03257,0.02991,0.03231,98464252.0,2026-01-05 23:59:59.999,3067572.45047
2026-01-06,0.03232,0.0333,0.03114,0.03296,93923725.0,2026-01-06 23:59:59.999,3043521.00358
2026-01-07,0.03296,0.03297,0.03103,0.03134,61677447.0,2026-01-07 23:59:59.999,1965243.92631
2026-01-08,0.03135,0.03189,0.02994,0.03088,62023694.0,2026-01-08 23:59:59.999,1913037.58825
2026-01-09,0.03088,0.03115,0.02989,0.03052,68320662.0,2026-01-09 23:59:59.999,2083166.77578
2026-01-10,0.03051,0.03166,0.02985,0.0307,47324174.0,2026-01-10 23:59:59.999,1455421.37619
2026-01-11,0.03071,0.03085,0.02908,0.02954,48718417.0,2026-01-11 23:59:59.999,1468227.2505
2026-01-12,0.02955,0.03028,0.02892,0.02915,65446499.0,2026-01-12 23:59:59.999,1932018.97521
2026-01-13,0.02914,0.03246,0.02913,0.03192,121758859.0,2026-01-13 23:59:59.999,3757563.05042
2026-01-14,0.03192,0.0325,0.0311,0.03142,77165126.0,2026-01-14 23:59:59.999,2462185.59977
2026-01-15,0.03142,0.03181,0.02942,0.02976,72669476.0,2026-01-15 23:59:59.999,2226220.14161
2026-01-16,0.02976,0.03279,0.02924,0.03244,99862677.0,2026-01-16 23:59:59.999,3066613.32721
2026-01-17,0.03245,0.037,0.032,0.03418,703680835.0,2026-01-17 23:59:59.999,24286360.829
2026-01-18,0.03418,0.03481,0.03178,0.03181,199415504.0,2026-01-18 23:59:59.999,6670775.16547
2026-01-19,0.03181,0.03182,0.02836,0.03057,151270095.0,2026-01-19 23:59:59.999,4626803.71869
2026-01-20,0.03056,0.03319,0.0293,0.02955,261051203.0,2026-01-20 23:59:59.999,8156108.06707
2026-01-21,0.02956,0.03122,0.02879,0.0301,147335416.0,2026-01-21 23:59:59.999,4435844.78687
2026-01-22,0.03011,0.03209,0.02983,0.03099,162960697.0,2026-01-22 23:59:59.999,5061078.49285
2026-01-23,0.03099,0.03271,0.03029,0.03061,122781824.0,2026-01-23 23:59:59.999,3853696.23685
2026-01-24,0.03061,0.03073,0.02964,0.02987,52447964.0,2026-01-24 23:59:59.999,1586629.9312
2026-01-25,0.02987,0.02989,0.0271,0.02733,131761540.0,2026-01-25 23:59:59.999,3757053.25646
2026-01-26,0.02734,0.02822,0.02703,0.02787,88751118.0,2026-01-26 23:59:59.999,2442688.57444
2026-01-27,0.02787,0.02806,0.02703,0.02778,49210494.0,2026-01-27 23:59:59.999,1353557.68289
2026-01-28,0.02779,0.02782,0.02679,0.02703,54036871.0,2026-01-28 23:59:59.999,1472445.52822
2026-01-29,0.02704,0.03092,0.02613,0.02695,960511423.0,2026-01-29 23:59:59.999,27419387.77997
2026-01-30,0.02695,0.02832,0.0254,0.02694,319581454.0,2026-01-30 23:59:59.999,8556979.82863
2026-01-31,0.02695,0.0272,0.02212,0.02451,174469514.0,2026-01-31 23:59:59.999,4316044.51824
2026-02-01,0.02451,0.02488,0.02327,0.02369,96275500.0,2026-02-01 23:59:59.999,2337172.70549
2026-02-02,0.0237,0.02432,0.02292,0.02401,113253378.0,2026-02-02 23:59:59.999,2696564.0111
2026-02-03,0.02402,0.02523,0.02261,0.02419,120732889.0,2026-02-03 23:59:59.999,2891132.60956
2026-02-04,0.02418,0.02492,0.02291,0.02344,103764484.0,2026-02-04 23:59:59.999,2474276.09916
2026-02-05,0.02345,0.02358,0.0198,0.02015,220230403.0,2026-02-05 23:59:59.999,4780289.6351
2026-02-06,0.02015,0.02337,0.01815,0.02282,231848046.0,2026-02-06 23:59:59.999,4840546.08043
2026-02-07,0.02282,0.02357,0.02205,0.02347,104342246.0,2026-02-07 23:59:59.999,2376982.72457
2026-02-08,0.02348,0.0235,0.02238,0.02265,61075794.0,2026-02-08 23:59:59.999,1401805.30297
2026-02-09,0.02265,0.0236,0.02246,0.02279,89019921.0,2026-02-09 23:59:59.999,2049067.64996
2026-02-10,0.02279,0.02282,0.02175,0.02216,68249489.0,2026-02-10 23:59:59.999,1518571.67663
2026-02-11,0.02216,0.02359,0.02121,0.02292,122625488.0,2026-02-11 23:59:59.999,2721406.84958
2026-02-12,0.02294,0.02311,0.02114,0.02179,150952031.0,2026-02-12 23:59:59.999,3298217.09896
2026-02-13,0.02179,0.02225,0.02017,0.02205,99218173.0,2026-02-13 23:59:59.999,2104761.46399
2026-02-14,0.02207,0.02282,0.02176,0.02265,69999529.0,2026-02-14 23:59:59.999,1555072.5519
2026-02-15,0.02264,0.02284,0.02084,0.02158,100398939.0,2026-02-15 23:59:59.999,2202542.78636
2026-02-16,0.02158,0.02186,0.02073,0.02156,102653959.0,2026-02-16 23:59:59.999,2175777.47322
2026-02-17,0.02156,0.02165,0.02091,0.0214,57503009.0,2026-02-17 23:59:59.999,1225063.78058
2026-02-18,0.0214,0.02168,0.0202,0.02032,86366051.0,2026-02-18 23:59:59.999,1796159.48185
2026-02-19,0.02033,0.02055,0.01963,0.01979,66811022.0,2026-02-19 23:59:59.999,1338194.10674
2026-02-20,0.01979,0.02046,0.01915,0.02021,84644214.0,2026-02-20 23:59:59.999,1678889.42375
2026-02-21,0.02022,0.02111,0.02001,0.02008,84732178.0,2026-02-21 23:59:59.999,1747955.17936
2026-02-22,0.02008,0.02017,0.01934,0.01954,38335251.0,2026-02-22 23:59:59.999,756563.23721
2026-02-23,0.01953,0.01962,0.01838,0.01865,89327165.0,2026-02-23 23:59:59.999,1694698.97977
2026-02-24,0.01865,0.01977,0.01807,0.01919,97494723.0,2026-02-24 23:59:59.999,1844586.82309
2026-02-25,0.0192,0.02078,0.01916,0.02017,199028296.0,2026-02-25 23:59:59.999,4018061.83992
2026-02-26,0.02017,0.02029,0.01921,0.01987,79948807.0,2026-02-26 23:59:59.999,1585917.79549
2026-02-27,0.01987,0.02032,0.01948,0.01988,71954551.0,2026-02-27 23:59:59.999,1430960.07314
2026-02-28,0.01987,0.01989,0.01833,0.01973,69341663.0,2026-02-28 23:59:59.999,1318320.1956
2026-03-01,0.01974,0.02026,0.01862,0.01898,60903063.0,2026-03-01 23:59:59.999,1185409.66532
2026-03-02,0.01899,0.01965,0.01848,0.0196,75956411.0,2026-03-02 23:59:59.999,1447880.1747
2026-03-03,0.0196,0.01979,0.0188,0.01896,117044365.0,2026-03-03 23:59:59.999,2242009.54122
2026-03-04,0.01895,0.01983,0.01847,0.0193,87442873.0,2026-03-04 23:59:59.999,1667862.09601
2026-03-05,0.0193,0.01936,0.01867,0.01886,57182478.0,2026-03-05 23:59:59.999,1089279.99033
2026-03-06,0.01886,0.01911,0.01803,0.01833,59625435.0,2026-03-06 23:59:59.999,1110142.71894
2026-03-07,0.01833,0.01838,0.01748,0.01764,48876068.0,2026-03-07 23:59:59.999,876792.29233
2026-03-08,0.01765,0.01804,0.01724,0.01774,64227152.0,2026-03-08 23:59:59.999,1126766.33844
2026-03-09,0.01774,0.01862,0.01773,0.01783,68450006.0,2026-03-09 23:59:59.999,1239599.25119
2026-03-10,0.01784,0.01845,0.01765,0.01795,72612859.0,2026-03-10 23:59:59.999,1309577.06302
2026-03-11,0.01794,0.01914,0.01761,0.0185,154538903.0,2026-03-11 23:59:59.999,2858124.32445
2026-03-12,0.01851,0.01864,0.0181,0.01836,61621222.0,2026-03-12 23:59:59.999,1130788.98226
2026-03-13,0.01837,0.01892,0.01823,0.01831,88921074.0,2026-03-13 23:59:59.999,1651132.1484
2026-03-14,0.0183,0.01855,0.01806,0.01831,47693013.0,2026-03-14 23:59:59.999,870968.56513
2026-03-15,0.01831,0.01858,0.01815,0.01849,43480668.0,2026-03-15 23:59:59.999,798409.94298
2026-03-16,0.01848,0.01928,0.0184,0.01923,84828313.0,2026-03-16 23:59:59.999,1602328.51182
2026-03-17,0.01924,0.022,0.01882,0.02045,806189111.0,2026-03-17 23:59:59.999,16549007.13397
2026-03-18,0.02044,0.02964,0.02011,0.02386,14181698116.0,2026-03-18 23:59:59.999,359791344.46163
2026-03-19,0.02385,0.02725,0.02259,0.02483,6976628384.0,2026-03-19 23:59:59.999,171755313.3589
2026-03-20,0.02483,0.02637,0.02385,0.02393,2449755837.0,2026-03-20 23:59:59.999,61330098.48953
2026-03-21,0.02393,0.02513,0.02263,0.02277,1131630406.0,2026-03-21 23:59:59.999,27032022.53924
2026-03-22,0.02277,0.02313,0.02077,0.0208,644150376.0,2026-03-22 23:59:59.999,14254732.56336
2026-03-23,0.0208,0.02249,0.02075,0.0216,628153027.0,2026-03-23 23:59:59.999,13522227.83348
2026-03-24,0.02161,0.02186,0.02038,0.02089,437416053.0,2026-03-24 23:59:59.999,9167090.48805
2026-03-25,0.02089,0.0218,0.02068,0.02088,401065146.0,2026-03-25 23:59:59.999,8456557.01895
2026-03-26,0.02089,0.02317,0.02014,0.02208,1573827867.0,2026-03-26 23:59:59.999,34659235.60269
2026-03-27,0.02208,0.02258,0.02012,0.0203,591237947.0,2026-03-27 23:59:59.999,12611163.8545
2026-03-28,0.0203,0.02056,0.01947,0.01983,443966092.0,2026-03-28 23:59:59.999,8848986.09159
2026-03-29,0.01982,0.0218,0.01958,0.0206,1863251377.0,2026-03-29 23:59:59.999,38606701.32807
2026-03-30,0.0206,0.02134,0.02029,0.02047,696672782.0,2026-03-30 23:59:59.999,14540161.26568
2026-03-31,0.02048,0.02061,0.01989,0.02011,295056215.0,2026-03-31 23:59:59.999,5971627.91964
2026-04-01,0.02012,0.0211,0.01991,0.02087,269217057.0,2026-04-01 23:59:59.999,5551203.96966
2026-04-02,0.02087,0.02168,0.0198,0.02021,502131072.0,2026-04-02 23:59:59.999,10444747.0574
2026-04-03,0.0202,0.02075,0.01979,0.01985,245384358.0,2026-04-03 23:59:59.999,4980106.98147
2026-04-04,0.01986,0.02044,0.01966,0.01994,202839780.0,2026-04-04 23:59:59.999,4056004.83843
2026-04-05,0.01993,0.02019,0.01931,0.01981,191426408.0,2026-04-05 23:59:59.999,3778129.19189
2026-04-06,0.01981,0.02,0.01943,0.01965,218151002.0,2026-04-06 23:59:59.999,4308120.54706
2026-04-07,0.01964,0.02007,0.01893,0.01996,185671232.0,2026-04-07 23:59:59.999,3600851.91821
2026-04-08,0.01995,0.0293,0.01981,0.0269,10341042601.0,2026-04-08 23:59:59.999,274387378.59917
2026-04-09,0.02691,0.03956,0.02516,0.02935,20622958831.0,2026-04-09 23:59:59.999,648255597.57321
2026-04-10,0.02934,0.03127,0.02805,0.02827,2041939355.0,2026-04-10 23:59:59.999,60254594.84469
2026-04-11,0.02827,0.03345,0.02722,0.03122,1860349183.0,2026-04-11 23:59:59.999,55496036.23613
2026-04-12,0.03121,0.05168,0.03063,0.03794,8323600975.0,2026-04-12 23:59:59.999,336936241.47982
2026-04-13,0.03794,0.05106,0.03471,0.04363,5871822603.0,2026-04-13 23:59:59.999,245817957.28635
2026-04-14,0.04363,0.07317,0.0416,0.05851,6778052443.0,2026-04-14 23:59:59.999,357019688.5744
2026-04-15,0.05852,0.09899,0.05712,0.08946,10677642505.0,2026-04-15 23:59:59.999,821451715.44471
2026-04-16,0.08947,0.10339,0.071,0.07534,5494890224.0,2026-04-16 23:59:59.999,455478257.54949
2026-04-17,0.07535,0.08469,0.06044,0.06102,1825064983.0,2026-04-17 23:59:59.999,129906770.5716
2026-04-18,0.06102,0.06266,0.05271,0.0578,1411055122.0,2026-04-18 23:59:59.999,80860220.45111
2026-04-19,0.05781,0.07166,0.05526,0.05854,3666343303.0,2026-04-19 23:59:59.999,235112848.75881
2026-04-20,0.05853,0.06455,0.05723,0.06132,1008486652.0,2026-04-20 23:59:59.999,60935769.74871
2026-04-21,0.06133,0.06324,0.05781,0.06017,564986656.0,2026-04-21 23:59:59.999,34056802.58665
2026-04-22,0.06015,0.063,0.0567,0.05748,436843937.0,2026-04-22 23:59:59.999,25917990.85564
2026-04-23,0.05749,0.06295,0.0567,0.06074,624180035.0,2026-04-23 23:59:59.999,37270756.08587
2026-04-24,0.06074,0.08222,0.06031,0.06224,3005589946.0,2026-04-24 23:59:59.999,206268223.41493
2026-04-25,0.06224,0.06559,0.05889,0.06353,684019328.0,2026-04-25 23:59:59.999,42124124.20752
2026-04-26,0.06354,0.06616,0.05945,0.06006,459701061.0,2026-04-26 23:59:59.999,28682343.66536
2026-04-27,0.06007,0.06296,0.05868,0.05983,399105233.0,2026-04-27 23:59:59.999,24233843.53562
2026-04-28,0.05982,0.06015,0.05713,0.05833,262123208.0,2026-04-28 23:59:59.999,15303113.97389
2026-04-29,0.05833,0.05934,0.05575,0.05614,281062381.0,2026-04-29 23:59:59.999,16164456.19198
2026-04-30,0.05614,0.05704,0.053,0.0564,263174634.0,2026-04-30 23:59:59.999,14540297.4419
2026-05-01,0.05639,0.05793,0.05415,0.05453,218738259.0,2026-05-01 23:59:59.999,12190386.91506
2026-05-02,0.05453,0.05645,0.05361,0.05452,192796364.0,2026-05-02 23:59:59.999,10600169.97736
2026-05-03,0.05452,0.05455,0.05105,0.0535,253473467.0,2026-05-03 23:59:59.999,13307083.2356
2026-05-04,0.05349,0.05431,0.05065,0.05154,192394345.0,2026-05-04 23:59:59.999,10052518.83285
2026-05-05,0.05153,0.05232,0.04854,0.04899,231408252.0,2026-05-05 23:59:59.999,11630812.56424
2026-05-06,0.04898,0.05338,0.0489,0.05077,367409874.0,2026-05-06 23:59:59.999,18619361.71573
2026-05-07,0.05077,0.05229,0.04901,0.0498,307418926.0,2026-05-07 23:59:59.999,15511604.76076
2026-05-08,0.0498,0.05132,0.04937,0.05027,167965032.0,2026-05-08 23:59:59.999,8453414.3046
2026-05-09,0.05026,0.05183,0.04966,0.05006,162001365.0,2026-05-09 23:59:59.999,8196724.16787
2026-05-10,0.05006,0.05039,0.04734,0.04869,180251444.0,2026-05-10 23:59:59.999,8870561.10698
2026-05-11,0.04869,0.04889,0.04667,0.04693,167053643.0,2026-05-11 23:59:59.999,7959983.32029
2026-05-12,0.04695,0.05145,0.04674,0.048,434177685.0,2026-05-12 23:59:59.999,21238414.42355
2026-05-13,0.04801,0.04948,0.04576,0.04647,212737028.0,2026-05-13 23:59:59.999,10082485.82367
2026-05-14,0.04647,0.04892,0.04546,0.04674,154485994.0,2026-05-14 23:59:59.999,7261108.9583
2026-05-15,0.04673,0.04706,0.04307,0.04387,146051875.0,2026-05-15 23:59:59.999,6564750.98163
2026-05-16,0.04385,0.04426,0.04192,0.0425,128572685.0,2026-05-16 23:59:59.999,5514241.7396
2026-05-17,0.0425,0.04268,0.03992,0.04115,129526767.0,2026-05-17 23:59:59.999,5425358.10379
2026-05-18,0.04114,0.04322,0.04044,0.04295,230379295.0,2026-05-18 23:59:59.999,9600761.4491
2026-05-19,0.04294,0.05005,0.04247,0.04611,1909548415.0,2026-05-19 23:59:59.999,89616398.85611
2026-05-20,0.04611,0.04656,0.04385,0.04449,430529325.0,2026-05-20 23:59:59.999,19454398.58401
2026-05-21,0.04449,0.04537,0.04327,0.04384,227008699.0,2026-05-21 23:59:59.999,10011000.82003
2026-05-22,0.04383,0.04432,0.04185,0.04221,174032045.0,2026-05-22 23:59:59.999,7521885.89842
2026-05-23,0.04222,0.0427,0.04074,0.0421,142960184.0,2026-05-23 23:59:59.999,5968407.96939
2026-05-24,0.0421,0.04219,0.03973,0.04003,144792763.0,2026-05-24 23:59:59.999,5935890.99001
2026-05-25,0.04004,0.04218,0.03986,0.04068,142699983.0,2026-05-25 23:59:59.999,5835526.68835
2026-05-26,0.04069,0.04074,0.03877,0.03911,162916017.0,2026-05-26 23:59:59.999,6465832.99543
2026-05-27,0.03912,0.03985,0.03793,0.03829,125249844.0,2026-05-27 23:59:59.999,4889659.50379
2026-05-28,0.03829,0.03873,0.03709,0.03833,127496392.0,2026-05-28 23:59:59.999,4839008.65005
