open_time,open,high,low,close,volume,close_time,quote_asset_volume
2020-01-16,7.69,8.624,7.45,8.4,5587697.58,2020-01-16 23:59:59.999,45121485.81656
2020-01-17,8.394,12.197,8.149,9.16,17038610.51,2020-01-17 23:59:59.999,173973137.79777
2020-01-18,9.16,9.738,8.022,8.303,11694212.59,2020-01-18 23:59:59.999,104552245.68718
2020-01-19,8.299,9.456,7.778,8.528,13327184.18,2020-01-19 23:59:59.999,113733305.17918
2020-01-20,8.526,9.094,8.051,8.626,9429386.38,2020-01-20 23:59:59.999,81071624.01766
2020-01-21,8.63,9.143,8.51,8.943,6974909.92,2020-01-21 23:59:59.999,61914504.40974
2020-01-22,8.942,9.544,8.925,9.348,6355301.58,2020-01-22 23:59:59.999,58756200.68328
2020-01-23,9.349,9.396,8.172,8.434,7817168.0,2020-01-23 23:59:59.999,68047598.0854
2020-01-24,8.448,8.845,7.832,8.608,10186046.93,2020-01-24 23:59:59.999,85408437.12682
2020-01-25,8.608,8.68,8.076,8.393,6175285.99,2020-01-25 23:59:59.999,51826449.26061
2020-01-26,8.388,9.367,8.227,9.167,8158709.02,2020-01-26 23:59:59.999,71796089.40292
2020-01-27,9.166,11.152,9.151,10.411,16843143.66,2020-01-27 23:59:59.999,171659318.81663
2020-01-28,10.415,11.768,10.333,11.37,18736741.19,2020-01-28 23:59:59.999,205517914.46674
2020-01-29,11.376,12.88,11.334,12.238,19452378.33,2020-01-29 23:59:59.999,237502207.24878
2020-01-30,12.222,12.71,11.653,12.299,14120701.13,2020-01-30 23:59:59.999,172073658.40829
2020-01-31,12.3,12.318,10.711,11.344,14565411.89,2020-01-31 23:59:59.999,166178056.04204
2020-02-01,11.34,11.801,11.085,11.548,9632345.73,2020-02-01 23:59:59.999,110702688.9225
2020-02-02,11.547,11.759,11.11,11.386,9813015.08,2020-02-02 23:59:59.999,112798977.90188
2020-02-03,11.383,12.247,11.312,11.777,11135329.25,2020-02-03 23:59:59.999,132047498.51497
2020-02-04,11.777,11.915,11.052,11.422,8197541.17,2020-02-04 23:59:59.999,94158053.81537
2020-02-05,11.422,12.667,11.331,12.382,9547296.27,2020-02-05 23:59:59.999,115403065.39228
2020-02-06,12.382,13.251,10.865,12.128,15225195.42,2020-02-06 23:59:59.999,185913615.42607
2020-02-07,12.126,12.288,11.275,11.707,7308810.38,2020-02-07 23:59:59.999,86004135.66723
2020-02-08,11.707,11.963,11.114,11.72,5661356.76,2020-02-08 23:59:59.999,66075607.46959
2020-02-09,11.72,12.186,11.293,11.719,6429119.9,2020-02-09 23:59:59.999,75644325.84397
2020-02-10,11.719,12.083,11.37,11.849,7513381.36,2020-02-10 23:59:59.999,88190174.58766
2020-02-11,11.848,12.15,11.611,11.98,7874721.88,2020-02-11 23:59:59.999,93554288.5046
2020-02-12,11.988,12.591,11.97,12.217,7318554.67,2020-02-12 23:59:59.999,89674843.59135
2020-02-13,12.221,13.076,11.26,12.057,9347726.29,2020-02-13 23:59:59.999,113250842.91767
2020-02-14,12.061,12.09,11.689,12.029,4776858.55,2020-02-14 23:59:59.999,56918059.88238
2020-02-15,12.032,12.108,9.656,10.4,9943515.61,2020-02-15 23:59:59.999,108781558.30573
2020-02-16,10.397,10.678,8.832,9.553,11143052.45,2020-02-16 23:59:59.999,109538758.79123
2020-02-17,9.548,9.918,8.663,9.676,10581035.75,2020-02-17 23:59:59.999,97767636.58824
2020-02-18,9.682,10.012,9.15,9.871,6469800.4,2020-02-18 23:59:59.999,62057261.25815
2020-02-19,9.872,9.877,8.61,8.812,6082487.1,2020-02-19 23:59:59.999,57328466.68045
2020-02-20,8.812,9.06,8.32,8.872,6506558.56,2020-02-20 23:59:59.999,56970338.79334
2020-02-21,8.874,9.88,8.776,9.428,8050932.0,2020-02-21 23:59:59.999,75894037.28811
2020-02-22,9.429,9.739,9.284,9.497,5718897.82,2020-02-22 23:59:59.999,54378865.27915
2020-02-23,9.5,9.99,9.457,9.751,6538119.35,2020-02-23 23:59:59.999,63543241.73992
2020-02-24,9.751,9.792,9.001,9.36,7832055.43,2020-02-24 23:59:59.999,73231946.20321
2020-02-25,9.36,9.474,8.924,9.183,7409334.87,2020-02-25 23:59:59.999,68016207.25784
2020-02-26,9.178,9.369,7.23,7.683,13063466.61,2020-02-26 23:59:59.999,106443656.77646
2020-02-27,7.686,8.08,7.315,7.72,7759806.4,2020-02-27 23:59:59.999,60069402.04031
2020-02-28,7.726,7.848,7.185,7.463,7742804.58,2020-02-28 23:59:59.999,57973840.3683
2020-02-29,7.463,7.673,7.325,7.357,5244262.88,2020-02-29 23:59:59.999,39199528.56438
2020-03-01,7.356,7.933,7.354,7.741,7964946.3,2020-03-01 23:59:59.999,61224450.25329
2020-03-02,7.74,8.644,7.698,8.454,8471419.74,2020-03-02 23:59:59.999,69634026.47286
2020-03-03,8.455,8.63,8.15,8.48,7880786.59,2020-03-03 23:59:59.999,65662536.79386
2020-03-04,8.48,8.528,7.583,7.938,8000022.31,2020-03-04 23:59:59.999,64480143.88704
2020-03-05,7.942,8.461,7.941,8.186,7923438.54,2020-03-05 23:59:59.999,64769821.82347
2020-03-06,8.188,8.319,7.85,8.225,6321627.48,2020-03-06 23:59:59.999,51603583.83629
2020-03-07,8.224,8.232,7.728,7.804,6277619.31,2020-03-07 23:59:59.999,50217687.44632
2020-03-08,7.807,7.808,6.177,6.433,14720765.47,2020-03-08 23:59:59.999,101818615.50895
2020-03-09,6.43,7.03,6.352,6.918,16872559.75,2020-03-09 23:59:59.999,112969484.04159
2020-03-10,6.918,6.956,6.605,6.82,6517183.71,2020-03-10 23:59:59.999,44292784.48415
2020-03-11,6.819,6.879,6.087,6.595,7097264.34,2020-03-11 23:59:59.999,46405565.55171
2020-03-12,6.595,6.613,3.554,3.68,15468977.24,2020-03-12 23:59:59.999,78568231.98793
2020-03-13,3.7,5.224,3.066,4.838,31568187.95,2020-03-13 23:59:59.999,136540821.03748
2020-03-14,4.839,4.901,4.482,4.584,13048184.99,2020-03-14 23:59:59.999,61298691.82039
2020-03-15,4.583,5.3,4.533,5.044,8502635.14,2020-03-15 23:59:59.999,41778579.27208
2020-03-16,5.04,5.065,4.011,4.5,12069809.58,2020-03-16 23:59:59.999,53365441.35922
2020-03-17,4.499,5.005,4.36,4.591,10166777.95,2020-03-17 23:59:59.999,47258273.64156
2020-03-18,4.592,4.664,4.303,4.603,5960584.51,2020-03-18 23:59:59.999,26914056.65416
2020-03-19,4.604,5.29,4.47,5.042,7480680.91,2020-03-19 23:59:59.999,36535618.10665
2020-03-20,5.044,5.569,4.525,4.889,9032640.92,2020-03-20 23:59:59.999,46050251.14541
2020-03-21,4.89,5.149,4.668,5.012,4849289.29,2020-03-21 23:59:59.999,23847840.93785
2020-03-22,5.01,5.24,4.536,4.591,6399203.96,2020-03-22 23:59:59.999,31001863.18631
2020-03-23,4.593,5.083,4.505,4.97,5423970.58,2020-03-23 23:59:59.999,26195779.73803
2020-03-24,4.973,5.213,4.854,5.062,5532452.04,2020-03-24 23:59:59.999,27780410.39023
2020-03-25,5.06,5.28,4.889,5.017,5674020.28,2020-03-25 23:59:59.999,28742591.80565
2020-03-26,5.017,5.115,4.905,5.092,3875095.52,2020-03-26 23:59:59.999,19387481.25028
2020-03-27,5.096,5.206,4.801,4.914,3441044.13,2020-03-27 23:59:59.999,17500150.34046
2020-03-28,4.915,4.917,4.614,4.812,4082458.55,2020-03-28 23:59:59.999,19472893.49067
2020-03-29,4.81,5.06,4.773,4.811,4515932.48,2020-03-29 23:59:59.999,22178655.34952
2020-03-30,4.811,5.061,4.8,4.959,3412694.39,2020-03-30 23:59:59.999,16847955.33796
2020-03-31,4.959,5.02,4.853,4.938,2556826.65,2020-03-31 23:59:59.999,12601003.41003
2020-04-01,4.939,5.05,4.779,5.024,4473022.9,2020-04-01 23:59:59.999,22015291.1144
2020-04-02,5.027,5.361,4.963,5.093,4074882.96,2020-04-02 23:59:59.999,20783081.79278
2020-04-03,5.095,5.239,4.982,5.115,2671893.83,2020-04-03 23:59:59.999,13691232.70439
2020-04-04,5.115,5.243,5.04,5.149,2280208.89,2020-04-04 23:59:59.999,11697010.33423
2020-04-05,5.15,5.18,4.915,5.026,1962558.47,2020-04-05 23:59:59.999,9930380.38258
2020-04-06,5.026,5.628,5.022,5.621,3808626.86,2020-04-06 23:59:59.999,20386883.88589
2020-04-07,5.619,5.841,5.375,5.475,4031457.43,2020-04-07 23:59:59.999,22661960.9291
2020-04-08,5.474,5.912,5.398,5.826,5347407.74,2020-04-08 23:59:59.999,30554504.73598
2020-04-09,5.826,5.972,5.54,5.887,4768518.29,2020-04-09 23:59:59.999,27559097.91427
2020-04-10,5.887,5.918,5.06,5.25,5972932.22,2020-04-10 23:59:59.999,32097307.8301
2020-04-11,5.249,5.408,5.127,5.28,3578770.15,2020-04-11 23:59:59.999,18834374.76461
2020-04-12,5.28,5.49,5.17,5.318,2771016.02,2020-04-12 23:59:59.999,14805571.57423
2020-04-13,5.316,5.318,5.022,5.18,3482356.9,2020-04-13 23:59:59.999,17820969.87593
2020-04-14,5.179,5.35,5.094,5.245,2852248.9,2020-04-14 23:59:59.999,14924502.97376
2020-04-15,5.246,5.364,5.075,5.097,2936555.68,2020-04-15 23:59:59.999,15393621.07399
2020-04-16,5.1,5.565,4.856,5.478,4446206.92,2020-04-16 23:59:59.999,23385724.653
2020-04-17,5.48,5.499,5.322,5.369,2092837.01,2020-04-17 23:59:59.999,11300380.69734
2020-04-18,5.368,5.682,5.365,5.657,2809384.24,2020-04-18 23:59:59.999,15549511.5072
2020-04-19,5.657,5.712,5.402,5.476,3018876.46,2020-04-19 23:59:59.999,16753947.14922
2020-04-20,5.477,5.604,5.13,5.22,3834912.97,2020-04-20 23:59:59.999,20733083.97363
2020-04-21,5.22,5.302,5.108,5.195,2810711.7,2020-04-21 23:59:59.999,14639120.67706
2020-04-22,5.196,5.459,5.151,5.388,1883079.49,2020-04-22 23:59:59.999,10001098.14579
2020-04-23,5.387,5.79,5.285,5.604,3175070.61,2020-04-23 23:59:59.999,17560366.01766
2020-04-24,5.606,5.698,5.514,5.587,3186341.27,2020-04-24 23:59:59.999,17881035.20177
2020-04-25,5.592,5.866,5.53,5.753,3604937.84,2020-04-25 23:59:59.999,20563698.95162
2020-04-26,5.75,6.261,5.724,6.213,8388876.4,2020-04-26 23:59:59.999,50488068.76006
2020-04-27,6.213,6.278,5.929,6.104,6830681.08,2020-04-27 23:59:59.999,41609805.57429
2020-04-28,6.102,6.174,5.953,6.15,3318251.95,2020-04-28 23:59:59.999,20151249.46333
2020-04-29,6.148,6.949,6.133,6.751,7179381.77,2020-04-29 23:59:59.999,46856519.19454
2020-04-30,6.75,7.006,6.269,6.448,6714776.68,2020-04-30 23:59:59.999,44633207.47185
2020-05-01,6.448,6.703,6.439,6.651,4405368.69,2020-05-01 23:59:59.999,29048189.994
2020-05-02,6.652,7.635,6.563,7.475,13873887.92,2020-05-02 23:59:59.999,99845000.53844
2020-05-03,7.481,7.63,7.01,7.212,14808453.21,2020-05-03 23:59:59.999,108408302.86
2020-05-04,7.213,7.364,6.623,7.217,11443362.66,2020-05-04 23:59:59.999,80624837.11967
2020-05-05,7.216,7.49,7.011,7.196,8877850.04,2020-05-05 23:59:59.999,64470346.87249
2020-05-06,7.195,7.338,6.767,6.838,5557036.82,2020-05-06 23:59:59.999,39822915.04152
2020-05-07,6.842,7.243,6.773,7.098,6396333.59,2020-05-07 23:59:59.999,44922159.06754
2020-05-08,7.099,7.328,6.935,7.151,4367561.35,2020-05-08 23:59:59.999,31224002.10897
2020-05-09,7.152,7.271,7.0,7.063,4381174.04,2020-05-09 23:59:59.999,31372480.05854
2020-05-10,7.062,7.071,5.465,6.19,11081358.47,2020-05-10 23:59:59.999,68244407.10184
2020-05-11,6.189,6.331,5.609,6.018,6509712.47,2020-05-11 23:59:59.999,39122611.11555
2020-05-12,6.018,6.227,5.857,6.087,3659645.07,2020-05-12 23:59:59.999,22281693.34821
2020-05-13,6.087,6.298,5.988,6.208,3211277.84,2020-05-13 23:59:59.999,19762205.20699
2020-05-14,6.211,6.366,6.069,6.268,3512940.92,2020-05-14 23:59:59.999,21936255.71664
2020-05-15,6.271,6.702,6.087,6.5,7594729.92,2020-05-15 23:59:59.999,49092987.61833
2020-05-16,6.5,6.853,6.417,6.693,8938977.71,2020-05-16 23:59:59.999,59951352.68717
2020-05-17,6.691,6.785,6.498,6.655,3022386.87,2020-05-17 23:59:59.999,20189157.98218
2020-05-18,6.657,6.919,6.58,6.71,3574248.96,2020-05-18 23:59:59.999,24133360.08027
2020-05-19,6.712,6.73,6.552,6.677,2184320.01,2020-05-19 23:59:59.999,14507460.42793
2020-05-20,6.673,6.69,6.237,6.452,3149544.2,2020-05-20 23:59:59.999,20538403.8045
2020-05-21,6.454,6.529,5.922,6.126,3564243.11,2020-05-21 23:59:59.999,22208921.51487
2020-05-22,6.127,6.612,6.078,6.463,3590842.03,2020-05-22 23:59:59.999,22893539.15239
2020-05-23,6.461,6.634,6.383,6.553,2484893.59,2020-05-23 23:59:59.999,16148691.17229
2020-05-24,6.555,6.788,6.481,6.572,5715330.39,2020-05-24 23:59:59.999,38059444.03123
2020-05-25,6.573,6.918,6.483,6.802,5276268.53,2020-05-25 23:59:59.999,35674817.04555
2020-05-26,6.804,6.832,6.525,6.703,3228765.27,2020-05-26 23:59:59.999,21608339.31917
2020-05-27,6.704,6.852,6.664,6.771,2322809.29,2020-05-27 23:59:59.999,15661696.73981
2020-05-28,6.771,6.883,6.67,6.857,2440388.97,2020-05-28 23:59:59.999,16517867.03818
2020-05-29,6.861,7.315,6.858,7.223,5587393.48,2020-05-29 23:59:59.999,39884135.70534
2020-05-30,7.223,7.583,7.096,7.49,5015625.81,2020-05-30 23:59:59.999,36746096.4624
2020-05-31,7.49,7.494,6.569,6.935,5227373.42,2020-05-31 23:59:59.999,37368050.37994
2020-06-01,6.932,7.262,6.851,7.21,4267300.31,2020-06-01 23:59:59.999,30027398.1934
2020-06-02,7.21,7.326,6.6,6.976,4299067.45,2020-06-02 23:59:59.999,30419562.46121
2020-06-03,6.979,7.016,6.801,6.939,2594140.5,2020-06-03 23:59:59.999,17932154.53036
2020-06-04,6.941,7.044,6.758,6.912,3595664.57,2020-06-04 23:59:59.999,24900974.39968
2020-06-05,6.912,6.967,6.767,6.837,2554509.94,2020-06-05 23:59:59.999,17579344.53775
2020-06-06,6.835,6.917,6.775,6.863,1526186.18,2020-06-06 23:59:59.999,10468899.63821
2020-06-07,6.864,6.888,6.612,6.829,2104388.68,2020-06-07 23:59:59.999,14273340.05739
2020-06-08,6.83,6.947,6.73,6.901,2454023.56,2020-06-08 23:59:59.999,16731195.85845
2020-06-09,6.901,6.935,6.708,6.783,1601913.71,2020-06-09 23:59:59.999,10898937.58126
2020-06-10,6.78,6.848,6.689,6.81,1865075.21,2020-06-10 23:59:59.999,12632501.21083
2020-06-11,6.809,6.836,6.027,6.26,3289699.07,2020-06-11 23:59:59.999,21408491.95011
2020-06-12,6.26,6.495,6.204,6.4,1551438.63,2020-06-12 23:59:59.999,9915023.73777
2020-06-13,6.402,6.514,6.329,6.491,1215441.51,2020-06-13 23:59:59.999,7801768.08348
2020-06-14,6.493,6.493,6.251,6.316,1350528.49,2020-06-14 23:59:59.999,8629091.42263
2020-06-15,6.317,6.321,5.98,6.242,1872678.44,2020-06-15 23:59:59.999,11516130.99592
2020-06-16,6.242,6.312,6.167,6.247,1620134.1,2020-06-16 23:59:59.999,10102001.82714
2020-06-17,6.249,6.375,6.138,6.278,2138230.44,2020-06-17 23:59:59.999,13371270.25513
2020-06-18,6.282,6.291,6.096,6.207,1129694.33,2020-06-18 23:59:59.999,6997143.90643
2020-06-19,6.208,6.43,6.145,6.341,3719447.45,2020-06-19 23:59:59.999,23485551.68658
2020-06-20,6.341,6.367,6.158,6.262,1998340.42,2020-06-20 23:59:59.999,12508672.85083
2020-06-21,6.262,6.281,6.172,6.211,1576545.56,2020-06-21 23:59:59.999,9816468.05258
2020-06-22,6.213,6.4,6.195,6.375,1864040.32,2020-06-22 23:59:59.999,11798956.49645
2020-06-23,6.372,6.449,6.281,6.374,1919570.37,2020-06-23 23:59:59.999,12208049.19932
2020-06-24,6.375,6.527,6.128,6.219,2631496.38,2020-06-24 23:59:59.999,16688181.22037
2020-06-25,6.217,6.253,6.04,6.155,835848.63,2020-06-25 23:59:59.999,5142752.30684
2020-06-26,6.156,6.17,6.0,6.045,1657239.3,2020-06-26 23:59:59.999,10064032.02389
2020-06-27,6.045,6.057,5.269,5.58,4529056.98,2020-06-27 23:59:59.999,25865866.11499
2020-06-28,5.58,5.835,5.53,5.748,1780696.32,2020-06-28 23:59:59.999,10133512.25265
2020-06-29,5.748,5.898,5.718,5.825,2527160.92,2020-06-29 23:59:59.999,14647896.71735
2020-06-30,5.825,5.85,5.661,5.73,1421468.75,2020-06-30 23:59:59.999,8160813.45326
2020-07-01,5.727,5.781,5.611,5.708,1624992.08,2020-07-01 23:59:59.999,9280414.00073
2020-07-02,5.705,5.782,5.536,5.633,1901662.46,2020-07-02 23:59:59.999,10769392.52124
2020-07-03,5.636,5.73,5.594,5.645,921959.57,2020-07-03 23:59:59.999,5226885.66341
2020-07-04,5.642,5.751,5.625,5.699,977303.7,2020-07-04 23:59:59.999,5557178.23859
2020-07-05,5.698,5.718,5.496,5.649,1396089.97,2020-07-05 23:59:59.999,7849668.96027
2020-07-06,5.649,6.192,5.643,6.105,2789712.86,2020-07-06 23:59:59.999,16475085.14915
2020-07-07,6.102,6.317,5.97,6.22,3286463.88,2020-07-07 23:59:59.999,20177077.95274
2020-07-08,6.22,6.653,6.122,6.643,4842193.55,2020-07-08 23:59:59.999,31091466.85574
2020-07-09,6.639,6.809,6.4,6.651,7196063.02,2020-07-09 23:59:59.999,47557774.57801
2020-07-10,6.653,6.653,6.245,6.384,3320655.01,2020-07-10 23:59:59.999,21282385.04102
2020-07-11,6.385,6.588,6.376,6.511,2457588.31,2020-07-11 23:59:59.999,15944317.42074
2020-07-12,6.51,6.576,6.343,6.459,2161909.57,2020-07-12 23:59:59.999,13963379.51076
2020-07-13,6.463,6.572,6.127,6.307,3490928.63,2020-07-13 23:59:59.999,22402376.54979
2020-07-14,6.307,6.335,6.168,6.332,2164117.27,2020-07-14 23:59:59.999,13542797.45508
2020-07-15,6.333,6.368,6.182,6.225,1557437.86,2020-07-15 23:59:59.999,9748323.39216
2020-07-16,6.227,6.276,5.904,6.036,3914981.32,2020-07-16 23:59:59.999,23793785.4008
2020-07-17,6.035,6.122,5.967,6.037,1752096.27,2020-07-17 23:59:59.999,10589640.1087
2020-07-18,6.036,6.125,5.938,6.056,1305595.62,2020-07-18 23:59:59.999,7887813.95711
2020-07-19,6.056,6.128,5.953,6.103,1545224.13,2020-07-19 23:59:59.999,9335401.43128
2020-07-20,6.104,6.202,5.987,6.039,2491842.05,2020-07-20 23:59:59.999,15222336.54878
2020-07-21,6.036,6.199,6.02,6.192,1867574.33,2020-07-21 23:59:59.999,11448778.67256
2020-07-22,6.193,6.398,6.094,6.363,2501914.06,2020-07-22 23:59:59.999,15568888.00456
2020-07-23,6.364,6.495,6.302,6.446,2640755.08,2020-07-23 23:59:59.999,16884052.89828
2020-07-24,6.449,6.452,6.212,6.26,2541236.81,2020-07-24 23:59:59.999,16030774.11006
2020-07-25,6.26,6.736,6.242,6.713,4645620.12,2020-07-25 23:59:59.999,30241420.28347
2020-07-26,6.714,6.9,6.47,6.641,5468735.21,2020-07-26 23:59:59.999,36603005.44801
2020-07-27,6.641,7.364,6.638,7.13,14236007.61,2020-07-27 23:59:59.999,100688335.17951
2020-07-28,7.13,7.432,6.822,7.226,9517781.15,2020-07-28 23:59:59.999,68435762.8719
2020-07-29,7.223,7.564,7.152,7.268,7235526.97,2020-07-29 23:59:59.999,53285753.49987
2020-07-30,7.268,7.495,7.006,7.347,5749120.55,2020-07-30 23:59:59.999,41408200.02252
2020-07-31,7.352,7.593,7.253,7.404,4765471.74,2020-07-31 23:59:59.999,35268904.11353
2020-08-01,7.404,7.985,7.323,7.837,10638714.33,2020-08-01 23:59:59.999,81660541.20253
2020-08-02,7.839,8.347,6.335,7.206,12198761.11,2020-08-02 23:59:59.999,90041722.04435
2020-08-03,7.207,7.387,7.023,7.174,5980126.74,2020-08-03 23:59:59.999,43382650.38033
2020-08-04,7.176,7.29,6.994,7.147,4843986.44,2020-08-04 23:59:59.999,34726688.04708
2020-08-05,7.15,7.38,7.064,7.237,5444253.58,2020-08-05 23:59:59.999,39398448.90029
2020-08-06,7.239,7.272,7.011,7.114,5754843.43,2020-08-06 23:59:59.999,41092247.11101
2020-08-07,7.114,7.304,6.55,6.89,6787433.73,2020-08-07 23:59:59.999,47819789.75061
2020-08-08,6.889,7.002,6.778,6.949,2918862.27,2020-08-08 23:59:59.999,20095442.06494
2020-08-09,6.953,7.215,4.915,6.887,6199601.24,2020-08-09 23:59:59.999,42542061.0285
2020-08-10,6.886,7.133,6.702,7.074,3879780.71,2020-08-10 23:59:59.999,26999080.97035
2020-08-11,7.075,7.192,6.438,6.753,4853234.37,2020-08-11 23:59:59.999,33324468.88543
2020-08-12,6.75,6.806,6.488,6.766,2853847.32,2020-08-12 23:59:59.999,19104455.52959
2020-08-13,6.763,6.967,6.564,6.932,4297146.1,2020-08-13 23:59:59.999,29125957.61069
2020-08-14,6.933,6.982,6.794,6.891,3947871.08,2020-08-14 23:59:59.999,27178053.33835
2020-08-15,6.894,7.313,6.86,7.179,6989254.89,2020-08-15 23:59:59.999,49584601.70956
2020-08-16,7.179,7.323,6.899,7.262,4927660.2,2020-08-16 23:59:59.999,35249657.87316
2020-08-17,7.262,7.572,7.091,7.4,8322889.65,2020-08-17 23:59:59.999,61595161.98132
2020-08-18,7.402,7.8,7.088,7.279,10379283.59,2020-08-18 23:59:59.999,78109162.17658
2020-08-19,7.28,7.424,6.6,6.804,7769155.68,2020-08-19 23:59:59.999,54568335.8948
2020-08-20,6.804,7.053,6.741,6.979,3914369.36,2020-08-20 23:59:59.999,27036500.59336
2020-08-21,6.978,7.114,6.578,6.638,5980252.48,2020-08-21 23:59:59.999,41027578.82582
2020-08-22,6.639,6.806,6.522,6.768,4260767.38,2020-08-22 23:59:59.999,28407179.04858
2020-08-23,6.769,6.836,6.611,6.762,3450112.78,2020-08-23 23:59:59.999,23220698.25193
2020-08-24,6.764,6.908,6.711,6.859,3203036.6,2020-08-24 23:59:59.999,21878907.12021
2020-08-25,6.859,6.876,6.365,6.47,4614377.65,2020-08-25 23:59:59.999,30507071.30449
2020-08-26,6.471,6.558,6.405,6.464,3643154.64,2020-08-26 23:59:59.999,23636040.27284
2020-08-27,6.465,6.763,6.194,6.359,8076447.41,2020-08-27 23:59:59.999,52618991.44136
2020-08-28,6.359,6.627,6.274,6.529,3884068.74,2020-08-28 23:59:59.999,25182796.57873
2020-08-29,6.528,6.652,6.477,6.494,2375821.79,2020-08-29 23:59:59.999,15608824.0835
2020-08-30,6.492,6.706,6.436,6.69,4063323.79,2020-08-30 23:59:59.999,26586630.45464
2020-08-31,6.689,6.768,6.547,6.584,3449173.42,2020-08-31 23:59:59.999,22959524.76134
2020-09-01,6.584,6.808,6.491,6.738,5272045.9,2020-09-01 23:59:59.999,35289637.31136
2020-09-02,6.735,6.809,6.021,6.294,5692248.43,2020-09-02 23:59:59.999,36609706.82554
2020-09-03,6.295,6.446,4.481,5.477,9834231.6,2020-09-03 23:59:59.999,56481637.38244
2020-09-04,5.477,5.576,4.81,5.307,11225145.01,2020-09-04 23:59:59.999,57911088.21681
2020-09-05,5.304,5.418,4.824,5.024,6239115.16,2020-09-05 23:59:59.999,31916938.44591
2020-09-06,5.025,5.246,4.888,5.147,3628282.23,2020-09-06 23:59:59.999,18476386.46399
2020-09-07,5.15,5.184,4.842,5.1,4248806.26,2020-09-07 23:59:59.999,21337110.08321
2020-09-08,5.1,5.202,4.931,5.084,4171454.94,2020-09-08 23:59:59.999,21101180.19698
2020-09-09,5.085,5.143,4.962,5.042,2221390.91,2020-09-09 23:59:59.999,11243146.90881
2020-09-10,5.043,5.235,5.039,5.182,3143388.99,2020-09-10 23:59:59.999,16152686.42713
2020-09-11,5.18,5.236,5.077,5.217,2539112.15,2020-09-11 23:59:59.999,13094573.62176
2020-09-12,5.217,5.253,5.13,5.226,2733720.86,2020-09-12 23:59:59.999,14182961.17026
2020-09-13,5.229,5.35,4.91,5.051,3489439.22,2020-09-13 23:59:59.999,17911314.77547
2020-09-14,5.05,5.209,4.961,5.152,2452335.41,2020-09-14 23:59:59.999,12504626.42135
2020-09-15,5.152,5.317,5.097,5.16,2914660.71,2020-09-15 23:59:59.999,15153540.80611
2020-09-16,5.158,5.17,5.0,5.116,2142563.16,2020-09-16 23:59:59.999,10905114.65854
2020-09-17,5.114,5.222,5.071,5.208,2128915.21,2020-09-17 23:59:59.999,10945139.71968
2020-09-18,5.208,5.22,5.048,5.188,1983548.65,2020-09-18 23:59:59.999,10215044.58742
2020-09-19,5.191,5.243,5.146,5.216,1411116.55,2020-09-19 23:59:59.999,7329456.12776
2020-09-20,5.217,5.221,4.997,5.083,1624238.79,2020-09-20 23:59:59.999,8300670.4877
2020-09-21,5.085,5.119,4.574,4.808,3367571.17,2020-09-21 23:59:59.999,16332958.55437
2020-09-22,4.809,4.968,4.744,4.935,1936895.37,2020-09-22 23:59:59.999,9425975.75561
2020-09-23,4.936,4.992,4.767,4.83,1823224.03,2020-09-23 23:59:59.999,8927293.70594
2020-09-24,4.83,4.989,4.795,4.968,1549957.31,2020-09-24 23:59:59.999,7604081.70677
2020-09-25,4.965,4.996,4.864,4.972,2171710.13,2020-09-25 23:59:59.999,10759352.33305
2020-09-26,4.974,5.45,4.97,5.352,5849506.01,2020-09-26 23:59:59.999,30487519.61678
2020-09-27,5.355,5.768,5.33,5.433,6240244.67,2020-09-27 23:59:59.999,34444750.91584
2020-09-28,5.433,5.594,5.355,5.404,2923691.94,2020-09-28 23:59:59.999,16005680.36417
2020-09-29,5.404,5.458,5.289,5.407,1681593.77,2020-09-29 23:59:59.999,9075406.76651
2020-09-30,5.407,5.429,5.25,5.387,2073530.12,2020-09-30 23:59:59.999,11091072.83908
2020-10-01,5.39,5.487,5.171,5.316,2403773.62,2020-10-01 23:59:59.999,12846259.06971
2020-10-02,5.316,5.351,5.0,5.173,2278364.19,2020-10-02 23:59:59.999,11805896.76331
2020-10-03,5.174,5.196,5.069,5.116,1057466.3,2020-10-03 23:59:59.999,5424125.09738
2020-10-04,5.116,5.18,5.058,5.143,1371863.77,2020-10-04 23:59:59.999,7034547.76317
2020-10-05,5.143,5.185,5.054,5.09,1781437.46,2020-10-05 23:59:59.999,9102597.5773
2020-10-06,5.091,5.344,5.04,5.231,4141224.46,2020-10-06 23:59:59.999,21496815.78548
2020-10-07,5.23,5.245,5.134,5.162,2485338.06,2020-10-07 23:59:59.999,12889458.1353
2020-10-08,5.163,5.239,5.068,5.161,3137224.59,2020-10-08 23:59:59.999,16212039.5469
2020-10-09,5.161,5.313,5.105,5.249,2398261.5,2020-10-09 23:59:59.999,12518138.32638
2020-10-10,5.249,5.43,5.241,5.277,2425052.77,2020-10-10 23:59:59.999,12926057.98669
2020-10-11,5.276,5.438,5.255,5.425,2098278.01,2020-10-11 23:59:59.999,11236618.23986
2020-10-12,5.423,5.549,5.366,5.45,3290634.13,2020-10-12 23:59:59.999,17985720.12383
2020-10-13,5.45,5.511,5.301,5.346,2517096.33,2020-10-13 23:59:59.999,13578409.30454
2020-10-14,5.352,5.448,5.307,5.375,2597706.45,2020-10-14 23:59:59.999,13964697.38505
2020-10-15,5.374,5.428,5.293,5.331,2261121.44,2020-10-15 23:59:59.999,12093797.55634
2020-10-16,5.333,5.367,5.129,5.179,2970174.77,2020-10-16 23:59:59.999,15513080.62235
2020-10-17,5.18,5.277,5.147,5.194,1757660.84,2020-10-17 23:59:59.999,9169101.90832
2020-10-18,5.193,5.268,5.181,5.234,1103931.09,2020-10-18 23:59:59.999,5779737.62088
2020-10-19,5.234,5.296,5.163,5.217,2036717.0,2020-10-19 23:59:59.999,10649775.52091
2020-10-20,5.217,5.259,5.055,5.081,2169523.78,2020-10-20 23:59:59.999,11196780.13016
2020-10-21,5.081,5.42,5.058,5.355,3642948.92,2020-10-21 23:59:59.999,19234229.8619
2020-10-22,5.355,5.742,5.354,5.62,4042457.06,2020-10-22 23:59:59.999,22426470.134
2020-10-23,5.617,5.659,5.401,5.492,2528151.88,2020-10-23 23:59:59.999,14026684.6801
2020-10-24,5.492,5.572,5.455,5.536,1502585.25,2020-10-24 23:59:59.999,8269405.21667
2020-10-25,5.536,5.65,5.436,5.559,2016556.19,2020-10-25 23:59:59.999,11155028.52172
2020-10-26,5.559,5.616,5.385,5.437,2629886.2,2020-10-26 23:59:59.999,14442519.20082
2020-10-27,5.436,5.55,5.408,5.472,2998232.31,2020-10-27 23:59:59.999,16451563.75355
2020-10-28,5.471,5.606,5.232,5.281,3876384.72,2020-10-28 23:59:59.999,20971387.23655
2020-10-29,5.282,5.494,5.215,5.406,3752489.09,2020-10-29 23:59:59.999,20142927.01292
2020-10-30,5.406,5.473,5.154,5.262,3331859.3,2020-10-30 23:59:59.999,17640524.40332
2020-10-31,5.263,5.332,5.206,5.274,1330178.27,2020-10-31 23:59:59.999,7010698.51013
2020-11-01,5.272,5.298,5.157,5.238,1336904.9,2020-11-01 23:59:59.999,6973384.57254
2020-11-02,5.242,5.285,4.921,4.987,3441264.15,2020-11-02 23:59:59.999,17431428.05903
2020-11-03,4.985,4.988,4.666,4.887,3688229.82,2020-11-03 23:59:59.999,17790637.04518
2020-11-04,4.888,4.955,4.686,4.88,2575304.88,2020-11-04 23:59:59.999,12429857.3958
2020-11-05,4.881,5.111,4.802,5.097,3810961.89,2020-11-05 23:59:59.999,18858706.01602
2020-11-06,5.097,5.476,5.073,5.356,5543101.33,2020-11-06 23:59:59.999,29334119.24106
2020-11-07,5.359,5.59,4.919,5.074,6112466.36,2020-11-07 23:59:59.999,32219822.68207
2020-11-08,5.077,5.27,5.038,5.181,2701477.9,2020-11-08 23:59:59.999,13957705.26319
2020-11-09,5.18,5.232,4.883,5.025,5057626.18,2020-11-09 23:59:59.999,25642793.80601
2020-11-10,5.027,5.2,4.996,5.134,3935564.92,2020-11-10 23:59:59.999,20131357.31843
2020-11-11,5.133,5.212,5.063,5.088,2850016.91,2020-11-11 23:59:59.999,14622413.64607
2020-11-12,5.089,5.126,4.975,5.048,2842036.35,2020-11-12 23:59:59.999,14326304.50172
2020-11-13,5.047,5.156,4.979,5.139,3287807.26,2020-11-13 23:59:59.999,16657592.10969
2020-11-14,5.139,5.18,4.978,5.037,2150130.8,2020-11-14 23:59:59.999,10882060.00696
2020-11-15,5.038,5.069,4.934,5.025,2569347.46,2020-11-15 23:59:59.999,12839390.03344
2020-11-16,5.024,5.483,4.981,5.396,6104699.76,2020-11-16 23:59:59.999,32075306.65977
2020-11-17,5.398,5.987,5.377,5.778,10851924.83,2020-11-17 23:59:59.999,61441815.93372
2020-11-18,5.778,6.366,5.06,6.04,24704063.16,2020-11-18 23:59:59.999,145634749.17301
2020-11-19,6.041,6.143,5.723,5.92,10819105.08,2020-11-19 23:59:59.999,64375439.79273
2020-11-20,5.918,6.094,5.777,6.074,10808711.66,2020-11-20 23:59:59.999,64140278.81501
2020-11-21,6.071,6.628,5.75,6.605,16051372.12,2020-11-21 23:59:59.999,99924853.31601
2020-11-22,6.603,6.74,5.654,6.036,13148753.35,2020-11-22 23:59:59.999,81332520.07104
2020-11-23,6.039,6.633,5.952,6.587,13677190.63,2020-11-23 23:59:59.999,86364588.90079
2020-11-24,6.584,7.448,6.45,7.28,23919234.51,2020-11-24 23:59:59.999,169647437.25624
2020-11-25,7.283,8.002,6.6,6.956,25308991.05,2020-11-25 23:59:59.999,189119314.14231
2020-11-26,6.956,7.179,5.578,6.138,27374862.4,2020-11-26 23:59:59.999,171513880.28823
2020-11-27,6.138,6.467,5.9,6.207,8895293.98,2020-11-27 23:59:59.999,54819653.29113
2020-11-28,6.209,6.48,6.07,6.323,6499531.18,2020-11-28 23:59:59.999,40879455.76196
2020-11-29,6.323,6.485,6.149,6.4,5022408.3,2020-11-29 23:59:59.999,31748666.4899
2020-11-30,6.402,6.826,6.317,6.749,10347560.5,2020-11-30 23:59:59.999,68081621.43528
2020-12-01,6.75,7.014,5.969,6.159,12301307.17,2020-12-01 23:59:59.999,80232382.03506
2020-12-02,6.154,6.385,6.016,6.24,5100467.38,2020-12-02 23:59:59.999,31807413.6218
2020-12-03,6.241,6.609,6.18,6.59,6982880.73,2020-12-03 23:59:59.999,44683080.5816
2020-12-04,6.587,6.589,5.86,5.951,7730981.34,2020-12-04 23:59:59.999,48678623.19524
2020-12-05,5.95,6.205,5.883,6.196,3360941.42,2020-12-05 23:59:59.999,20471502.30259
2020-12-06,6.198,6.259,6.017,6.175,3032128.04,2020-12-06 23:59:59.999,18641663.0919
2020-12-07,6.172,6.22,6.077,6.161,2619363.18,2020-12-07 23:59:59.999,16108564.19864
2020-12-08,6.158,6.17,5.671,5.775,4294882.73,2020-12-08 23:59:59.999,25391410.76355
2020-12-09,5.772,6.21,5.603,6.071,8132316.97,2020-12-09 23:59:59.999,48451935.612
2020-12-10,6.071,6.119,5.799,5.898,3724117.5,2020-12-10 23:59:59.999,22217000.09804
2020-12-11,5.899,5.978,5.701,5.798,4885601.49,2020-12-11 23:59:59.999,28503894.34699
2020-12-12,5.801,6.05,5.789,5.975,2685566.85,2020-12-12 23:59:59.999,15989473.66488
2020-12-13,5.975,6.279,5.915,6.129,3938398.6,2020-12-13 23:59:59.999,24076741.92938
2020-12-14,6.128,6.145,5.94,6.044,3338403.94,2020-12-14 23:59:59.999,20105038.64885
2020-12-15,6.045,6.131,5.947,6.06,3175933.11,2020-12-15 23:59:59.999,19243208.70444
2020-12-16,6.062,6.482,5.945,6.475,6368716.35,2020-12-16 23:59:59.999,39717404.65806
2020-12-17,6.475,6.866,6.316,6.491,12451022.28,2020-12-17 23:59:59.999,82072374.34184
2020-12-18,6.487,6.644,6.286,6.398,6405556.9,2020-12-18 23:59:59.999,41393721.51526
2020-12-19,6.399,6.565,6.366,6.425,4240217.05,2020-12-19 23:59:59.999,27461047.45673
2020-12-20,6.424,6.866,6.247,6.505,11018389.49,2020-12-20 23:59:59.999,72871320.22399
2020-12-21,6.499,7.0,6.046,6.118,12762874.64,2020-12-21 23:59:59.999,82273951.63277
2020-12-22,6.115,6.207,5.76,6.129,7165807.92,2020-12-22 23:59:59.999,43132279.16168
2020-12-23,6.128,6.178,4.654,5.1,16343742.54,2020-12-23 23:59:59.999,87928001.63936
2020-12-24,5.097,5.642,5.004,5.604,10260653.13,2020-12-24 23:59:59.999,54843010.18792
2020-12-25,5.605,5.876,5.479,5.758,7439592.68,2020-12-25 23:59:59.999,42168285.91168
2020-12-26,5.76,5.896,5.555,5.843,4802272.83,2020-12-26 23:59:59.999,27601169.98336
2020-12-27,5.843,6.134,5.491,5.815,10178148.47,2020-12-27 23:59:59.999,59671005.0167
2020-12-28,5.816,6.19,5.762,5.926,6764663.16,2020-12-28 23:59:59.999,40579217.24108
2020-12-29,5.923,6.032,5.456,5.723,6297361.19,2020-12-29 23:59:59.999,35929776.78258
2020-12-30,5.725,5.819,5.597,5.682,5022438.71,2020-12-30 23:59:59.999,28564938.98097
2020-12-31,5.682,5.81,5.551,5.66,4064269.93,2020-12-31 23:59:59.999,23012826.84808
2021-01-01,5.658,5.867,5.593,5.697,3730875.59,2021-01-01 23:59:59.999,21376777.98413
2021-01-02,5.697,5.966,5.572,5.782,4741375.1,2021-01-02 23:59:59.999,27387186.63953
2021-01-03,5.782,6.71,5.764,6.593,14657862.97,2021-01-03 23:59:59.999,92724491.08155
2021-01-04,6.593,7.645,6.193,7.044,23227644.16,2021-01-04 23:59:59.999,161203527.42674
2021-01-05,7.046,7.435,6.686,7.283,11888329.66,2021-01-05 23:59:59.999,83718730.22555
2021-01-06,7.282,7.8,6.987,7.583,12467021.55,2021-01-06 23:59:59.999,92622831.11021
2021-01-07,7.589,7.805,6.977,7.228,11108719.03,2021-01-07 23:59:59.999,82369910.42747
2021-01-08,7.23,7.335,6.633,6.967,8223423.94,2021-01-08 23:59:59.999,56951397.08288
2021-01-09,6.966,8.144,6.726,7.789,15392960.75,2021-01-09 23:59:59.999,114957801.87282
2021-01-10,7.786,9.526,7.785,8.845,28844913.91,2021-01-10 23:59:59.999,251231745.77532
2021-01-11,8.85,8.898,6.241,7.226,24791291.99,2021-01-11 23:59:59.999,183969144.06671
2021-01-12,7.226,7.691,6.817,7.06,10033524.95,2021-01-12 23:59:59.999,72430061.07575
2021-01-13,7.056,7.672,6.863,7.597,7176337.78,2021-01-13 23:59:59.999,52220942.67498
2021-01-14,7.602,8.145,7.354,7.804,7530360.65,2021-01-14 23:59:59.999,57803101.07142
2021-01-15,7.804,8.048,7.115,7.584,8768356.36,2021-01-15 23:59:59.999,66862617.89298
2021-01-16,7.582,8.2,7.397,7.789,9117973.12,2021-01-16 23:59:59.999,71254082.75112
2021-01-17,7.795,7.977,7.337,7.702,6267279.24,2021-01-17 23:59:59.999,47824057.35188
2021-01-18,7.703,7.903,7.429,7.727,5861260.19,2021-01-18 23:59:59.999,45042900.10772
2021-01-19,7.727,8.544,7.68,7.814,12965898.59,2021-01-19 23:59:59.999,105408922.78694
2021-01-20,7.815,8.058,7.386,7.911,7494231.89,2021-01-20 23:59:59.999,57960453.47541
2021-01-21,7.909,8.212,7.011,7.132,9520018.46,2021-01-21 23:59:59.999,72516649.48503
2021-01-22,7.131,7.519,6.643,7.434,8137898.94,2021-01-22 23:59:59.999,58580733.65418
2021-01-23,7.437,7.606,7.23,7.463,6699331.16,2021-01-23 23:59:59.999,49946869.39009
2021-01-24,7.461,7.833,7.38,7.634,6866101.18,2021-01-24 23:59:59.999,52235872.55453
2021-01-25,7.634,7.992,7.377,7.505,7836850.19,2021-01-25 23:59:59.999,60616015.59262
2021-01-26,7.502,7.615,7.086,7.442,5323820.51,2021-01-26 23:59:59.999,39109771.59928
2021-01-27,7.44,7.449,6.636,6.875,5734404.97,2021-01-27 23:59:59.999,40158682.9389
2021-01-28,6.876,8.585,6.767,7.662,18570501.61,2021-01-28 23:59:59.999,142263467.53746
2021-01-29,7.666,8.079,7.383,7.629,11779116.83,2021-01-29 23:59:59.999,91085031.16882
2021-01-30,7.63,7.847,7.325,7.596,6686938.38,2021-01-30 23:59:59.999,50527531.78101
2021-01-31,7.596,7.729,7.183,7.426,6949646.11,2021-01-31 23:59:59.999,51863215.85422
2021-02-01,7.427,7.681,7.259,7.535,6685647.66,2021-02-01 23:59:59.999,50210823.41559
2021-02-02,7.537,7.946,7.468,7.802,6825125.47,2021-02-02 23:59:59.999,52304525.18436
2021-02-03,7.802,8.039,7.652,7.947,6309923.34,2021-02-03 23:59:59.999,49540851.6936
2021-02-04,7.946,8.125,7.566,7.673,7130000.43,2021-02-04 23:59:59.999,55669114.58891
2021-02-05,7.671,8.94,7.632,8.533,13072759.82,2021-02-05 23:59:59.999,106982047.10129
2021-02-06,8.533,9.155,8.223,8.798,12375775.02,2021-02-06 23:59:59.999,107341536.38435
2021-02-07,8.802,8.9,7.811,8.293,10909102.71,2021-02-07 23:59:59.999,90512354.08296
2021-02-08,8.294,8.794,8.13,8.708,8766260.96,2021-02-08 23:59:59.999,74300768.34167
2021-02-09,8.713,10.065,8.657,9.608,13912432.49,2021-02-09 23:59:59.999,129188477.82373
2021-02-10,9.618,11.546,9.616,10.398,23945747.27,2021-02-10 23:59:59.999,253142628.16234
2021-02-11,10.395,11.84,10.324,11.761,13564146.78,2021-02-11 23:59:59.999,151537017.42664
2021-02-12,11.761,12.388,11.11,11.975,10816075.54,2021-02-12 23:59:59.999,126841698.28008
2021-02-13,11.981,18.142,11.7,16.704,37017036.27,2021-02-13 23:59:59.999,541199443.69056
2021-02-14,16.703,17.798,15.524,16.117,28722943.93,2021-02-14 23:59:59.999,476569540.78807
2021-02-15,16.115,16.663,12.929,14.725,20161031.41,2021-02-15 23:59:59.999,300937888.06555
2021-02-16,14.726,15.6,13.714,14.42,11078539.18,2021-02-16 23:59:59.999,162467490.50072
2021-02-17,14.417,15.85,13.666,15.341,10796159.16,2021-02-17 23:59:59.999,161044665.86229
2021-02-18,15.344,15.851,14.604,14.984,9608395.42,2021-02-18 23:59:59.999,145690408.32222
2021-02-19,14.987,15.976,14.277,15.424,10685162.37,2021-02-19 23:59:59.999,162496440.78066
2021-02-20,15.424,17.521,14.3,15.11,18912085.75,2021-02-20 23:59:59.999,304063805.93192
2021-02-21,15.107,16.424,14.826,15.691,9110869.11,2021-02-21 23:59:59.999,142483538.4654
2021-02-22,15.695,15.75,10.569,13.942,17429243.23,2021-02-22 23:59:59.999,243521458.93154
2021-02-23,13.939,14.014,9.125,11.37,26206425.15,2021-02-23 23:59:59.999,295390416.16685
2021-02-24,11.367,12.524,10.847,11.885,16481851.09,2021-02-24 23:59:59.999,196001238.08933
2021-02-25,11.883,12.195,10.919,11.036,17576467.44,2021-02-25 23:59:59.999,205983632.99496
2021-02-26,11.032,11.303,10.067,10.72,30220633.58,2021-02-26 23:59:59.999,324808855.88133
2021-02-27,10.724,11.528,10.706,11.112,36390008.53,2021-02-27 23:59:59.999,406646263.49962
2021-02-28,11.11,11.145,9.701,10.367,32181313.65,2021-02-28 23:59:59.999,332384378.74331
2021-03-01,10.368,11.194,10.183,11.087,31707943.16,2021-03-01 23:59:59.999,338319923.67558
2021-03-02,11.088,11.532,10.563,10.912,36097801.21,2021-03-02 23:59:59.999,397687495.73382
2021-03-03,10.914,11.758,10.818,11.256,44005955.8,2021-03-03 23:59:59.999,500039948.61038
2021-03-04,11.256,11.73,10.682,11.006,10024485.92,2021-03-04 23:59:59.999,113079362.52619
2021-03-05,11.007,11.093,10.324,10.934,5534715.62,2021-03-05 23:59:59.999,59404034.16504
2021-03-06,10.933,11.257,10.633,11.12,4717471.11,2021-03-06 23:59:59.999,51816969.7722
2021-03-07,11.121,11.81,11.121,11.553,6611048.33,2021-03-07 23:59:59.999,75992402.14075
2021-03-08,11.55,11.986,11.038,11.713,7449109.59,2021-03-08 23:59:59.999,85505470.28073
2021-03-09,11.711,12.7,11.53,12.422,10375545.46,2021-03-09 23:59:59.999,126266390.66176
2021-03-10,12.422,12.772,11.625,11.973,9177948.5,2021-03-10 23:59:59.999,111193725.06188
2021-03-11,11.969,12.633,11.7,12.272,11127409.52,2021-03-11 23:59:59.999,135846255.52679
2021-03-12,12.271,12.568,11.419,11.948,9912755.96,2021-03-12 23:59:59.999,119291587.7264
2021-03-13,11.949,14.342,11.555,13.809,13532257.96,2021-03-13 23:59:59.999,177629919.57766
2021-03-14,13.809,14.183,12.7,12.729,9317098.38,2021-03-14 23:59:59.999,124654760.36854
2021-03-15,12.729,13.136,11.742,12.167,12579612.5,2021-03-15 23:59:59.999,155292778.07121
2021-03-16,12.16,12.579,11.51,12.434,7381641.26,2021-03-16 23:59:59.999,89843388.69088
2021-03-17,12.435,12.598,11.767,12.591,6190252.13,2021-03-17 23:59:59.999,75188324.10712
2021-03-18,12.588,12.698,12.105,12.183,4365778.61,2021-03-18 23:59:59.999,54308225.69837
2021-03-19,12.187,12.449,11.918,12.274,3710821.59,2021-03-19 23:59:59.999,45587654.64354
2021-03-20,12.265,12.93,12.228,12.326,5757621.14,2021-03-20 23:59:59.999,72497091.47446
2021-03-21,12.324,12.475,11.934,11.997,4770283.78,2021-03-21 23:59:59.999,58041635.8692
2021-03-22,11.994,12.42,11.569,11.665,7645877.6,2021-03-22 23:59:59.999,91954811.04615
2021-03-23,11.666,12.685,11.616,12.243,10131036.25,2021-03-23 23:59:59.999,123647469.18491
2021-03-24,12.244,12.649,10.961,11.291,8195855.82,2021-03-24 23:59:59.999,98953015.67508
2021-03-25,11.295,11.47,10.741,11.081,7304693.46,2021-03-25 23:59:59.999,81241158.74149
2021-03-26,11.08,11.773,11.072,11.769,5638940.59,2021-03-26 23:59:59.999,64844152.93133
2021-03-27,11.767,11.999,11.437,11.806,4417518.8,2021-03-27 23:59:59.999,51979085.56115
2021-03-28,11.802,12.074,11.714,11.884,3867559.77,2021-03-28 23:59:59.999,46093631.13632
2021-03-29,11.885,12.789,11.743,12.658,4912244.93,2021-03-29 23:59:59.999,60357510.53287
2021-03-30,12.66,13.095,12.368,13.041,6342768.17,2021-03-30 23:59:59.999,81189874.55659
2021-03-31,13.04,14.408,12.586,14.159,11313300.06,2021-03-31 23:59:59.999,151362143.92654
2021-04-01,14.156,14.541,13.568,14.343,8153748.46,2021-04-01 23:59:59.999,115088024.53418
2021-04-02,14.346,15.687,14.108,15.285,10093662.28,2021-04-02 23:59:59.999,150827775.09861
2021-04-03,15.286,15.39,13.508,13.572,9169530.4,2021-04-03 23:59:59.999,133992328.1335
2021-04-04,13.575,14.599,13.353,14.559,6098959.67,2021-04-04 23:59:59.999,85801109.78249
2021-04-05,14.561,16.155,14.282,16.12,11571119.08,2021-04-05 23:59:59.999,174505058.68967
2021-04-06,16.12,18.673,16.006,17.81,19693894.84,2021-04-06 23:59:59.999,340691130.20792
2021-04-07,17.813,20.727,17.0,19.143,41525869.2,2021-04-07 23:59:59.999,794071781.00568
2021-04-08,19.15,19.861,18.014,19.636,14002432.02,2021-04-08 23:59:59.999,264031233.37738
2021-04-09,19.636,20.146,18.538,18.798,7896707.94,2021-04-09 23:59:59.999,152072074.98216
2021-04-10,18.801,21.282,18.343,20.479,11454090.78,2021-04-10 23:59:59.999,227445682.12125
2021-04-11,20.486,21.609,19.818,20.391,8551616.81,2021-04-11 23:59:59.999,176762747.17481
2021-04-12,20.394,20.642,19.011,19.561,6918832.86,2021-04-12 23:59:59.999,136828718.29725
2021-04-13,19.55,22.17,19.457,21.243,10532675.39,2021-04-13 23:59:59.999,218381152.50482
2021-04-14,21.239,22.798,20.11,21.945,13017137.51,2021-04-14 23:59:59.999,280611903.64118
2021-04-15,21.949,29.839,21.474,28.669,30331477.01,2021-04-15 23:59:59.999,777686435.24673
2021-04-16,28.683,45.892,28.673,38.335,67205758.06,2021-04-16 23:59:59.999,2357864589.76622
2021-04-17,38.335,50.315,37.249,37.778,44769118.91,2021-04-17 23:59:59.999,1931197383.58395
2021-04-18,37.78,39.191,30.598,37.067,35435360.97,2021-04-18 23:59:59.999,1249224580.11482
2021-04-19,37.09,38.349,32.001,33.48,14956108.93,2021-04-19 23:59:59.999,526506380.83803
2021-04-20,33.485,35.298,29.918,33.733,14475132.49,2021-04-20 23:59:59.999,475709525.20974
2021-04-21,33.73,35.544,31.5,31.931,10611084.25,2021-04-21 23:59:59.999,354368830.7048
2021-04-22,31.929,39.5,31.4,33.486,26191152.61,2021-04-22 23:59:59.999,931136152.39284
2021-04-23,33.497,34.487,25.008,32.6,24227749.77,2021-04-23 23:59:59.999,730881501.11395
2021-04-24,32.597,32.862,29.24,29.629,8768022.19,2021-04-24 23:59:59.999,269335023.34262
2021-04-25,29.629,32.057,27.721,29.281,9719202.99,2021-04-25 23:59:59.999,291596991.22469
2021-04-26,29.27,32.936,28.893,32.855,9928112.82,2021-04-26 23:59:59.999,314072314.87621
2021-04-27,32.855,34.392,31.139,33.81,9794119.47,2021-04-27 23:59:59.999,325594710.06031
2021-04-28,33.812,36.418,32.235,35.081,12857284.15,2021-04-28 23:59:59.999,440469023.21454
2021-04-29,35.077,35.364,33.598,34.515,7457383.04,2021-04-29 23:59:59.999,256924877.2072
2021-04-30,34.521,36.801,33.774,36.357,7989991.99,2021-04-30 23:59:59.999,282980823.64652
2021-05-01,36.354,46.784,36.245,44.85,24253430.59,2021-05-01 23:59:59.999,1008714049.17195
2021-05-02,44.839,46.888,42.009,44.897,29993031.04,2021-05-02 23:59:59.999,1343249726.15041
2021-05-03,44.897,52.5,44.282,52.114,29811497.35,2021-05-03 23:59:59.999,1457183226.73004
2021-05-04,52.106,72.477,49.08,69.343,65822746.11,2021-05-04 23:59:59.999,3895705754.51823
2021-05-05,69.343,99.8,67.747,94.289,75185551.07,2021-05-05 23:59:59.999,6229009559.63771
2021-05-06,94.312,179.0,87.473,133.969,119296694.7,2021-05-06 23:59:59.999,15186819561.73088
2021-05-07,133.969,145.64,108.8,120.0,72458194.23,2021-05-07 23:59:59.999,9281159871.5017
2021-05-08,119.992,135.63,110.392,127.687,43359842.46,2021-05-08 23:59:59.999,5276924549.60206
2021-05-09,127.687,130.464,112.3,118.216,23557195.92,2021-05-09 23:59:59.999,2827929723.11312
2021-05-10,118.213,129.887,90.0,105.106,36865280.67,2021-05-10 23:59:59.999,4247061017.92243
2021-05-11,105.139,117.639,102.131,111.32,20865464.76,2021-05-11 23:59:59.999,2252515703.22757
2021-05-12,111.314,114.684,81.076,85.062,25139474.98,2021-05-12 23:59:59.999,2570743923.00176
2021-05-13,84.924,94.78,75.0,88.396,31447933.24,2021-05-13 23:59:59.999,2732372336.6101
2021-05-14,88.368,109.938,86.5,103.345,29819960.41,2021-05-14 23:59:59.999,2992712212.91432
2021-05-15,103.324,114.597,94.685,95.149,25719360.68,2021-05-15 23:59:59.999,2658669245.23082
2021-05-16,95.132,103.365,86.85,93.749,18444609.17,2021-05-16 23:59:59.999,1771720367.37099
2021-05-17,93.757,94.39,80.383,89.705,19949463.73,2021-05-17 23:59:59.999,1761062058.09741
2021-05-18,89.705,95.74,85.884,88.5,14638315.89,2021-05-18 23:59:59.999,1324946970.41889
2021-05-19,88.504,90.233,34.0,59.36,33315964.21,2021-05-19 23:59:59.999,2266700723.20704
2021-05-20,59.359,79.2,54.236,73.675,27246447.33,2021-05-20 23:59:59.999,1860140716.49134
2021-05-21,73.659,78.096,54.191,64.125,22067838.12,2021-05-21 23:59:59.999,1496795176.0293
2021-05-22,64.122,64.727,53.818,58.46,14398717.28,2021-05-22 23:59:59.999,857647931.47126
2021-05-23,58.45,62.724,39.689,51.499,23850438.25,2021-05-23 23:59:59.999,1196897242.9577
2021-05-24,51.494,74.91,48.734,73.695,26899831.35,2021-05-24 23:59:59.999,1626301037.53389
2021-05-25,73.696,89.0,70.0,78.296,37735854.76,2021-05-25 23:59:59.999,2887550688.02493
2021-05-26,78.298,83.51,73.031,79.724,18471765.33,2021-05-26 23:59:59.999,1446581288.01719
2021-05-27,79.73,79.754,71.002,74.553,13687335.95,2021-05-27 23:59:59.999,1027405036.30466
2021-05-28,74.554,78.965,63.308,68.122,22738169.7,2021-05-28 23:59:59.999,1601657746.15407
2021-05-29,68.134,70.85,60.831,64.282,14237377.96,2021-05-29 23:59:59.999,931251501.50556
2021-05-30,64.288,68.129,59.762,66.127,12489654.31,2021-05-30 23:59:59.999,811436979.91737
2021-05-31,66.128,70.63,61.76,69.963,12915308.66,2021-05-31 23:59:59.999,854466358.4589
2021-06-01,69.987,71.827,65.471,67.724,9411711.03,2021-06-01 23:59:59.999,637789109.67849
2021-06-02,67.726,70.38,65.65,68.337,7395566.97,2021-06-02 23:59:59.999,504223246.98794
2021-06-03,68.331,72.703,67.07,69.815,8229637.55,2021-06-03 23:59:59.999,571150325.39546
2021-06-04,69.827,69.861,61.256,64.671,10879106.3,2021-06-04 23:59:59.999,702170150.58056
2021-06-05,64.686,67.328,61.5,63.023,7465903.94,2021-06-05 23:59:59.999,481339255.37619
2021-06-06,63.023,65.575,62.653,64.062,5093645.18,2021-06-06 23:59:59.999,325257854.77398
2021-06-07,64.062,65.1,57.105,57.982,7403933.17,2021-06-07 23:59:59.999,462279715.26982
2021-06-08,57.975,59.107,49.374,56.668,14859443.34,2021-06-08 23:59:59.999,815686870.67895
2021-06-09,56.654,62.852,53.473,62.268,15101038.42,2021-06-09 23:59:59.999,880224774.53935
2021-06-10,62.271,63.45,56.906,57.849,9494480.13,2021-06-10 23:59:59.999,567961974.17533
2021-06-11,57.849,60.798,56.0,56.831,8034948.72,2021-06-11 23:59:59.999,467639952.85059
2021-06-12,56.837,56.962,52.954,55.193,6928967.01,2021-06-12 23:59:59.999,380064734.57069
2021-06-13,55.18,60.714,53.618,58.983,6960197.45,2021-06-13 23:59:59.999,390680562.97023
2021-06-14,58.985,61.254,55.927,59.249,7321934.76,2021-06-14 23:59:59.999,427962240.5312
2021-06-15,59.243,60.393,57.154,58.147,5507778.64,2021-06-15 23:59:59.999,323902334.00889
2021-06-16,58.139,58.35,54.814,55.335,5290597.05,2021-06-16 23:59:59.999,298822725.23651
2021-06-17,55.32,57.228,54.214,55.514,3840095.71,2021-06-17 23:59:59.999,214605885.89884
2021-06-18,55.511,55.541,50.389,52.533,5396422.25,2021-06-18 23:59:59.999,286474177.07515
2021-06-19,52.536,53.298,50.8,50.844,4171942.48,2021-06-19 23:59:59.999,217409764.35101
2021-06-20,50.853,51.463,46.88,50.941,6993100.45,2021-06-20 23:59:59.999,344754326.42667
2021-06-21,50.928,51.397,38.504,39.462,17512453.22,2021-06-21 23:59:59.999,774301613.72965
2021-06-22,39.45,42.793,32.16,36.52,23421789.23,2021-06-22 23:59:59.999,869579077.63013
2021-06-23,36.516,42.886,34.497,40.728,14369528.56,2021-06-23 23:59:59.999,566651244.80319
2021-06-24,40.728,43.524,38.661,43.125,9234992.85,2021-06-24 23:59:59.999,381104331.34361
2021-06-25,43.125,45.462,38.908,39.303,12990343.49,2021-06-25 23:59:59.999,544593182.47261
2021-06-26,39.302,40.958,37.503,40.473,8742934.44,2021-06-26 23:59:59.999,342459997.31702
2021-06-27,40.461,42.439,39.322,42.267,6308761.74,2021-06-27 23:59:59.999,255394164.52767
2021-06-28,42.262,44.533,41.015,43.33,7139546.3,2021-06-28 23:59:59.999,302830331.6841
2021-06-29,43.33,58.88,43.062,56.767,43210668.47,2021-06-29 23:59:59.999,2320588597.51213
2021-06-30,56.759,62.57,51.7,57.5,58275159.26,2021-06-30 23:59:59.999,3354852069.37676
2021-07-01,57.497,58.3,52.3,53.031,30400724.09,2021-07-01 23:59:59.999,1658483578.7052
2021-07-02,53.026,55.2,50.516,53.674,19921098.34,2021-07-02 23:59:59.999,1043574307.27045
2021-07-03,53.669,58.486,52.327,56.823,20120329.16,2021-07-03 23:59:59.999,1130739086.37328
2021-07-04,56.822,58.888,55.756,56.241,14265910.78,2021-07-04 23:59:59.999,819786430.0526
2021-07-05,56.24,56.957,52.7,53.66,14738775.19,2021-07-05 23:59:59.999,808103758.61541
2021-07-06,53.659,56.788,53.43,54.624,10745650.05,2021-07-06 23:59:59.999,589785032.48051
2021-07-07,54.623,55.45,52.504,52.755,8610642.82,2021-07-07 23:59:59.999,467985369.71808
2021-07-08,52.773,52.95,48.36,49.469,12329316.33,2021-07-08 23:59:59.999,620176439.4653
2021-07-09,49.468,51.319,46.458,50.051,13326982.02,2021-07-09 23:59:59.999,658291169.20992
2021-07-10,50.06,51.377,48.103,49.11,6980535.92,2021-07-10 23:59:59.999,344810300.42942
2021-07-11,49.113,50.473,48.201,49.676,5247682.61,2021-07-11 23:59:59.999,258162538.75469
2021-07-12,49.677,50.692,46.665,47.671,7669729.38,2021-07-12 23:59:59.999,373812077.44909
2021-07-13,47.669,48.179,45.0,45.523,6865283.53,2021-07-13 23:59:59.999,320123656.90286
2021-07-14,45.528,47.753,42.47,45.581,12281497.7,2021-07-14 23:59:59.999,551719156.12815
2021-07-15,45.579,47.17,42.204,43.217,7951750.52,2021-07-15 23:59:59.999,350728390.92375
2021-07-16,43.218,43.858,40.559,41.109,9105174.32,2021-07-16 23:59:59.999,383641274.51864
2021-07-17,41.11,43.3,40.212,41.432,8013268.29,2021-07-17 23:59:59.999,330254939.52157
2021-07-18,41.438,43.257,40.863,41.857,6194912.5,2021-07-18 23:59:59.999,261287328.87236
2021-07-19,41.866,43.883,40.55,41.57,14324328.22,2021-07-19 23:59:59.999,603785969.48064
2021-07-20,41.567,42.058,37.662,39.257,13413946.03,2021-07-20 23:59:59.999,523921954.2828
2021-07-21,39.257,43.725,38.53,42.883,12248822.64,2021-07-21 23:59:59.999,510343996.383
2021-07-22,42.889,44.196,41.839,43.383,9388139.14,2021-07-22 23:59:59.999,404232150.0587
2021-07-23,43.386,46.772,43.037,45.77,13137797.94,2021-07-23 23:59:59.999,588815988.2563
2021-07-24,45.775,51.559,44.913,49.399,14783085.46,2021-07-24 23:59:59.999,708048942.19666
2021-07-25,49.395,49.8,45.854,48.376,10718404.29,2021-07-25 23:59:59.999,511080030.15415
2021-07-26,48.376,55.986,47.47,48.344,22501475.12,2021-07-26 23:59:59.999,1171672739.39672
2021-07-27,48.345,50.356,46.126,49.494,13923473.66,2021-07-27 23:59:59.999,670976836.83853
2021-07-28,49.494,51.142,47.9,49.317,10935374.66,2021-07-28 23:59:59.999,540228701.61386
2021-07-29,49.316,50.071,48.303,49.394,5566073.34,2021-07-29 23:59:59.999,272325509.92735
2021-07-30,49.392,51.581,47.29,50.956,10209377.56,2021-07-30 23:59:59.999,505601650.22168
2021-07-31,50.952,52.415,49.489,51.359,7400668.4,2021-07-31 23:59:59.999,377048791.21331
2021-08-01,51.362,54.107,49.0,50.227,11338210.9,2021-08-01 23:59:59.999,592179775.58561
2021-08-02,50.234,52.3,49.301,51.352,7570799.91,2021-08-02 23:59:59.999,387911165.50585
2021-08-03,51.356,52.255,48.367,49.456,7709893.0,2021-08-03 23:59:59.999,383228660.43189
2021-08-04,49.456,52.275,48.521,51.625,7204056.95,2021-08-04 23:59:59.999,363395717.43993
2021-08-05,51.622,53.617,48.771,52.465,12513635.03,2021-08-05 23:59:59.999,644590655.35353
2021-08-06,52.472,53.751,51.253,53.138,8117551.96,2021-08-06 23:59:59.999,425803110.96426
2021-08-07,53.141,61.419,52.68,60.694,24025333.33,2021-08-07 23:59:59.999,1389436552.39006
2021-08-08,60.694,63.384,55.885,57.122,20197742.7,2021-08-08 23:59:59.999,1215123718.59009
2021-08-09,57.129,60.427,55.011,59.071,14209763.28,2021-08-09 23:59:59.999,829008757.49977
2021-08-10,59.061,60.456,57.0,58.921,10902071.39,2021-08-10 23:59:59.999,639969481.95737
2021-08-11,58.916,64.087,58.66,60.809,16125732.07,2021-08-11 23:59:59.999,988021487.93836
2021-08-12,60.807,66.037,57.5,60.05,18893742.42,2021-08-12 23:59:59.999,1156747769.78314
2021-08-13,60.063,64.515,59.361,64.309,11619825.31,2021-08-13 23:59:59.999,721989533.07547
2021-08-14,64.32,67.758,61.75,67.414,18936252.92,2021-08-14 23:59:59.999,1230229090.03865
2021-08-15,67.414,77.28,67.1,75.048,33022795.11,2021-08-15 23:59:59.999,2391089636.58893
2021-08-16,75.048,75.9,64.553,69.062,17156905.72,2021-08-16 23:59:59.999,1237925894.11485
2021-08-17,69.058,71.8,60.757,62.92,16324357.34,2021-08-17 23:59:59.999,1107627468.86157
2021-08-18,62.929,66.236,59.284,63.966,13621028.03,2021-08-18 23:59:59.999,863352859.55407
2021-08-19,63.966,67.177,60.58,67.137,10689004.32,2021-08-19 23:59:59.999,680150295.02675
2021-08-20,67.137,70.64,66.168,70.311,10453662.37,2021-08-20 23:59:59.999,713674434.74921
2021-08-21,70.309,70.481,66.681,67.587,8526057.13,2021-08-21 23:59:59.999,585956302.8609
2021-08-22,67.584,68.762,64.703,67.439,6493450.62,2021-08-22 23:59:59.999,436471321.25614
2021-08-23,67.439,69.7,66.826,68.339,8125724.16,2021-08-23 23:59:59.999,555548839.79503
2021-08-24,68.338,68.759,60.786,62.836,9373841.46,2021-08-24 23:59:59.999,609687308.09802
2021-08-25,62.845,64.834,60.801,63.798,7170269.55,2021-08-25 23:59:59.999,452106709.79031
2021-08-26,63.786,64.465,58.534,59.772,8142782.09,2021-08-26 23:59:59.999,497429474.05887
2021-08-27,59.773,64.24,58.68,64.116,7126636.37,2021-08-27 23:59:59.999,435930702.57897
2021-08-28,64.123,66.682,62.851,64.224,7837787.25,2021-08-28 23:59:59.999,509632793.79723
2021-08-29,64.224,65.818,62.82,63.273,6141710.71,2021-08-29 23:59:59.999,393561951.79573
2021-08-30,63.29,64.978,61.024,61.857,6543280.2,2021-08-30 23:59:59.999,410855379.62819
2021-08-31,61.857,65.064,60.498,63.894,8961749.99,2021-08-31 23:59:59.999,568237532.08131
2021-09-01,63.894,69.1,62.2,68.798,10819176.37,2021-09-01 23:59:59.999,710496732.78264
2021-09-02,68.786,70.378,66.5,67.672,8685992.66,2021-09-02 23:59:59.999,592713354.4664
2021-09-03,67.685,72.505,66.111,70.094,11504572.39,2021-09-03 23:59:59.999,802752807.81372
2021-09-04,70.081,71.382,68.023,68.89,7663747.06,2021-09-04 23:59:59.999,533625665.53343
2021-09-05,68.892,74.095,68.162,73.611,9720651.53,2021-09-05 23:59:59.999,691845148.83664
2021-09-06,73.604,77.554,71.0,73.559,14316212.72,2021-09-06 23:59:59.999,1060848428.34774
2021-09-07,73.559,73.936,44.0,59.339,26519492.25,2021-09-07 23:59:59.999,1653005079.33475
2021-09-08,59.341,61.402,53.243,58.704,13565501.02,2021-09-08 23:59:59.999,783112574.46517
2021-09-09,58.707,60.425,57.309,58.927,7115611.37,2021-09-09 23:59:59.999,419668228.4286
2021-09-10,58.927,60.445,54.797,56.276,6554000.75,2021-09-10 23:59:59.999,377133043.10348
2021-09-11,56.276,58.354,55.537,57.038,4060944.27,2021-09-11 23:59:59.999,231853885.71685
2021-09-12,57.056,58.98,56.031,58.059,4044590.59,2021-09-12 23:59:59.999,233696400.5844
2021-09-13,58.067,58.398,53.367,55.687,6284374.42,2021-09-13 23:59:59.999,348839227.63452
2021-09-14,55.694,57.299,55.089,57.141,3415942.09,2021-09-14 23:59:59.999,192103348.68499
2021-09-15,57.141,59.369,56.269,59.168,4550947.49,2021-09-15 23:59:59.999,263766485.32624
2021-09-16,59.172,60.115,56.79,58.008,5309330.43,2021-09-16 23:59:59.999,310754904.44811
2021-09-17,58.012,59.146,56.05,56.741,4218635.68,2021-09-17 23:59:59.999,242172157.0319
2021-09-18,56.741,58.448,55.755,57.217,3136462.82,2021-09-18 23:59:59.999,179904973.82204
2021-09-19,57.215,57.284,54.755,55.357,2810895.47,2021-09-19 23:59:59.999,157688876.10031
2021-09-20,55.354,55.438,47.152,49.083,8099023.93,2021-09-20 23:59:59.999,411703742.2219
2021-09-21,49.097,50.399,44.635,45.761,6838907.55,2021-09-21 23:59:59.999,328070333.06788
2021-09-22,45.755,51.288,44.849,51.208,4678517.79,2021-09-22 23:59:59.999,225732063.30783
2021-09-23,51.2,51.537,49.407,51.277,3440844.57,2021-09-23 23:59:59.999,174453561.41904
2021-09-24,51.276,51.872,44.04,47.619,7444470.46,2021-09-24 23:59:59.999,351401777.80557
2021-09-25,47.623,49.607,46.125,47.298,4757232.61,2021-09-25 23:59:59.999,226256360.84309
2021-09-26,47.297,48.262,43.964,47.161,5185845.77,2021-09-26 23:59:59.999,240509300.3425
2021-09-27,47.15,48.385,45.2,45.307,3521071.29,2021-09-27 23:59:59.999,165128896.17029
2021-09-28,45.306,48.727,44.731,44.924,6142245.5,2021-09-28 23:59:59.999,284023238.08249
2021-09-29,44.931,46.811,44.533,45.504,3878264.72,2021-09-29 23:59:59.999,177405023.58394
2021-09-30,45.504,47.245,45.253,47.002,3491835.64,2021-09-30 23:59:59.999,162379388.2653
2021-10-01,47.009,52.496,46.559,51.883,6446700.45,2021-10-01 23:59:59.999,323191847.90066
2021-10-02,51.884,55.2,51.091,53.133,6270372.36,2021-10-02 23:59:59.999,336796034.45975
2021-10-03,53.14,55.025,51.74,53.686,5441119.57,2021-10-03 23:59:59.999,292316294.13188
2021-10-04,53.686,53.809,50.327,52.59,4736206.12,2021-10-04 23:59:59.999,246654792.90556
2021-10-05,52.584,54.884,52.261,54.393,4604349.99,2021-10-05 23:59:59.999,247245858.33869
2021-10-06,54.403,56.098,50.985,54.855,7411068.46,2021-10-06 23:59:59.999,401256321.91444
2021-10-07,54.861,55.85,53.156,54.395,6044455.38,2021-10-07 23:59:59.999,329389866.38916
2021-10-08,54.4,55.174,53.123,53.737,4481412.77,2021-10-08 23:59:59.999,242852654.10615
2021-10-09,53.741,57.5,53.234,55.685,5717932.29,2021-10-09 23:59:59.999,319325421.92136
2021-10-10,55.683,56.418,52.554,52.841,4746332.48,2021-10-10 23:59:59.999,260074239.79862
2021-10-11,52.84,55.388,52.015,53.93,4138922.06,2021-10-11 23:59:59.999,223852638.73295
2021-10-12,53.927,53.928,50.755,52.738,4153674.47,2021-10-12 23:59:59.999,217045157.5798
2021-10-13,52.735,53.615,51.35,53.442,3350543.1,2021-10-13 23:59:59.999,175456982.0394
2021-10-14,53.445,55.057,53.01,54.562,4108971.79,2021-10-14 23:59:59.999,222593318.25252
2021-10-15,54.547,57.061,52.501,54.386,7824126.82,2021-10-15 23:59:59.999,426952400.21525
2021-10-16,54.385,55.47,53.555,54.193,4309528.7,2021-10-16 23:59:59.999,235024373.01331
2021-10-17,54.194,54.779,50.214,53.149,3888933.18,2021-10-17 23:59:59.999,206774554.73392
2021-10-18,53.153,53.826,51.811,52.489,3655221.07,2021-10-18 23:59:59.999,193133379.55081
2021-10-19,52.488,53.554,51.819,52.913,2755334.26,2021-10-19 23:59:59.999,145387039.42286
2021-10-20,52.917,55.851,52.273,55.632,4401027.0,2021-10-20 23:59:59.999,238738085.79845
2021-10-21,55.637,60.08,55.316,55.438,11266748.93,2021-10-21 23:59:59.999,643968888.43431
2021-10-22,55.439,57.076,53.603,54.569,6072673.57,2021-10-22 23:59:59.999,337462415.86392
2021-10-23,54.567,56.147,53.89,55.918,3449800.63,2021-10-23 23:59:59.999,190082516.0407
2021-10-24,55.919,56.105,53.59,55.005,3388256.37,2021-10-24 23:59:59.999,185474717.59704
2021-10-25,55.005,56.4,54.709,55.472,3533019.51,2021-10-25 23:59:59.999,196538628.8801
2021-10-26,55.479,56.299,53.626,54.227,4671949.55,2021-10-26 23:59:59.999,257873828.1239
2021-10-27,54.238,55.394,41.438,48.716,11559266.92,2021-10-27 23:59:59.999,572286755.82313
2021-10-28,48.714,52.655,48.277,52.188,7117589.08,2021-10-28 23:59:59.999,363806497.61164
2021-10-29,52.181,54.08,51.731,53.921,4453232.8,2021-10-29 23:59:59.999,235649089.19125
2021-10-30,53.921,54.014,51.578,52.985,2641581.16,2021-10-30 23:59:59.999,139455367.01189
2021-10-31,52.985,58.895,52.119,54.402,10468756.45,2021-10-31 23:59:59.999,576695383.68135
2021-11-01,54.408,55.196,52.28,53.908,3949921.39,2021-11-01 23:59:59.999,212588006.1113
2021-11-02,53.916,55.89,53.3,55.308,3416703.39,2021-11-02 23:59:59.999,186028395.6741
2021-11-03,55.306,57.186,53.217,55.545,5929638.11,2021-11-03 23:59:59.999,327622940.96824
2021-11-04,55.557,56.297,52.392,53.721,3555236.9,2021-11-04 23:59:59.999,192800427.78978
2021-11-05,53.721,54.143,52.514,53.168,3147877.56,2021-11-05 23:59:59.999,167922184.89261
2021-11-06,53.168,53.575,50.5,52.88,2601546.44,2021-11-06 23:59:59.999,136116443.61707
2021-11-07,52.88,54.57,52.534,54.123,2478318.24,2021-11-07 23:59:59.999,132510168.77965
2021-11-08,54.126,56.9,53.807,56.693,4637887.67,2021-11-08 23:59:59.999,255741110.16117
2021-11-09,56.693,65.322,55.869,60.952,23383032.02,2021-11-09 23:59:59.999,1438020680.53622
2021-11-10,60.955,64.57,50.842,56.627,19024818.39,2021-11-10 23:59:59.999,1145941042.49317
2021-11-11,56.625,58.071,55.347,56.781,5449827.86,2021-11-11 23:59:59.999,309647300.50747
2021-11-12,56.78,57.859,53.7,55.495,5521585.74,2021-11-12 23:59:59.999,307130174.9357
2021-11-13,55.492,56.669,54.828,56.314,3506199.41,2021-11-13 23:59:59.999,195623074.27561
2021-11-14,56.314,56.933,54.8,56.215,2693068.3,2021-11-14 23:59:59.999,150031640.44047
2021-11-15,56.212,56.8,54.205,54.849,3506760.3,2021-11-15 23:59:59.999,195388403.42123
2021-11-16,54.843,54.848,46.8,50.784,8243604.6,2021-11-16 23:59:59.999,422051993.34614
2021-11-17,50.789,51.489,49.067,51.211,3368941.21,2021-11-17 23:59:59.999,170016774.23489
2021-11-18,51.224,51.771,46.755,48.426,4990103.34,2021-11-18 23:59:59.999,245633469.93627
2021-11-19,48.432,50.844,47.774,50.646,3291002.23,2021-11-19 23:59:59.999,163311351.44547
2021-11-20,50.651,51.335,49.085,51.084,2646347.72,2021-11-20 23:59:59.999,133409225.24433
2021-11-21,51.09,51.83,49.925,50.461,2531776.37,2021-11-21 23:59:59.999,128523197.40396
2021-11-22,50.461,50.557,47.726,48.615,3484851.37,2021-11-22 23:59:59.999,171059626.59412
2021-11-23,48.614,49.91,47.853,49.582,2703060.37,2021-11-23 23:59:59.999,132723459.75934
2021-11-24,49.589,49.8,47.139,48.302,2579954.18,2021-11-24 23:59:59.999,124532005.42836
2021-11-25,48.3,53.554,47.932,50.605,6854560.97,2021-11-25 23:59:59.999,351212359.83499
2021-11-26,50.605,50.735,44.289,46.656,6954066.8,2021-11-26 23:59:59.999,326597830.15847
2021-11-27,46.642,47.709,46.347,46.771,2052738.17,2021-11-27 23:59:59.999,96542952.71297
2021-11-28,46.771,47.55,44.41,47.507,2631362.34,2021-11-28 23:59:59.999,121043018.15403
2021-11-29,47.508,48.972,47.029,48.228,2513979.03,2021-11-29 23:59:59.999,120220626.66869
2021-11-30,48.235,50.094,46.818,48.324,3923700.89,2021-11-30 23:59:59.999,190230931.50326
2021-12-01,48.329,49.593,47.039,47.842,2925451.27,2021-12-01 23:59:59.999,142202249.15222
2021-12-02,47.846,47.889,46.312,47.065,2067491.62,2021-12-02 23:59:59.999,97579139.96658
2021-12-03,47.06,47.824,42.649,44.831,3689395.41,2021-12-03 23:59:59.999,169411199.64624
2021-12-04,44.829,45.01,27.756,39.245,15145376.21,2021-12-04 23:59:59.999,552776888.23128
2021-12-05,39.249,40.7,36.602,38.791,7176683.3,2021-12-05 23:59:59.999,277976600.61044
2021-12-06,38.798,39.86,35.058,39.297,7183769.79,2021-12-06 23:59:59.999,268145589.04861
2021-12-07,39.296,40.449,38.629,39.589,3944266.94,2021-12-07 23:59:59.999,155675469.259
2021-12-08,39.589,41.833,38.722,40.937,5418377.15,2021-12-08 23:59:59.999,219452702.40914
2021-12-09,40.935,41.326,37.342,37.492,3442131.31,2021-12-09 23:59:59.999,134819297.46521
2021-12-10,37.487,38.9,36.158,36.326,3926976.07,2021-12-10 23:59:59.999,147422822.69972
2021-12-11,36.338,38.289,35.566,37.978,3436622.01,2021-12-11 23:59:59.999,128441291.54856
2021-12-12,37.973,38.356,36.705,37.87,1930041.83,2021-12-12 23:59:59.999,72663403.46222
2021-12-13,37.865,38.086,33.527,34.187,3721510.92,2021-12-13 23:59:59.999,132655557.7472
2021-12-14,34.187,36.467,33.672,35.376,4315570.82,2021-12-14 23:59:59.999,150596893.81045
2021-12-15,35.377,36.615,33.202,36.099,4489277.08,2021-12-15 23:59:59.999,157410565.86549
2021-12-16,36.1,36.775,35.01,35.139,2638192.34,2021-12-16 23:59:59.999,95140754.1947
2021-12-17,35.133,35.472,33.242,34.257,2821788.81,2021-12-17 23:59:59.999,97305662.17706
2021-12-18,34.273,35.505,33.751,35.008,1945998.58,2021-12-18 23:59:59.999,67844714.82849
2021-12-19,35.017,36.3,34.715,34.828,2257480.29,2021-12-19 23:59:59.999,79589435.0005
2021-12-20,34.829,35.417,33.466,34.527,3048604.44,2021-12-20 23:59:59.999,104648939.6378
2021-12-21,34.524,35.518,34.307,35.309,1976306.58,2021-12-21 23:59:59.999,69233227.65503
2021-12-22,35.304,36.489,35.105,35.668,2273778.58,2021-12-22 23:59:59.999,81569501.01001
2021-12-23,35.664,37.688,35.13,37.514,2756866.98,2021-12-23 23:59:59.999,100379585.90713
2021-12-24,37.517,38.403,36.952,37.387,3042696.95,2021-12-24 23:59:59.999,114916197.61747
2021-12-25,37.398,38.758,37.127,38.05,2307257.01,2021-12-25 23:59:59.999,87794323.76254
2021-12-26,38.049,38.326,36.895,37.908,2217511.03,2021-12-26 23:59:59.999,83296505.77125
2021-12-27,37.912,38.694,37.5,37.598,2086772.1,2021-12-27 23:59:59.999,79643728.73943
2021-12-28,37.592,37.596,34.504,34.9,3443293.05,2021-12-28 23:59:59.999,123548408.68381
2021-12-29,34.898,35.453,33.705,34.115,2718923.81,2021-12-29 23:59:59.999,94415518.38139
2021-12-30,34.113,35.06,33.451,34.552,2341694.84,2021-12-30 23:59:59.999,80449757.72898
2021-12-31,34.556,35.625,33.388,34.051,2551926.46,2021-12-31 23:59:59.999,88260048.39073
2022-01-01,34.057,34.901,34.04,34.862,1487997.03,2022-01-01 23:59:59.999,51266030.55434
2022-01-02,34.861,35.873,34.274,35.369,1730020.82,2022-01-02 23:59:59.999,60584195.70141
2022-01-03,35.37,35.373,34.13,34.702,1801008.97,2022-01-03 23:59:59.999,62774308.93283
2022-01-04,34.709,35.012,33.794,34.119,2017414.61,2022-01-04 23:59:59.999,69584873.45368
2022-01-05,34.12,34.81,30.354,31.912,3614754.59,2022-01-05 23:59:59.999,119912159.12913
2022-01-06,31.921,32.106,30.622,31.592,3034884.28,2022-01-06 23:59:59.999,95208412.96262
2022-01-07,31.597,31.726,29.131,30.449,4280039.3,2022-01-07 23:59:59.999,129995701.84362
2022-01-08,30.449,31.029,28.311,29.321,3372128.36,2022-01-08 23:59:59.999,100252550.09425
2022-01-09,29.328,30.25,29.089,29.734,2286648.95,2022-01-09 23:59:59.999,67933306.49483
2022-01-10,29.732,30.042,27.2,28.462,4273605.51,2022-01-10 23:59:59.999,121977741.35881
2022-01-11,28.46,30.027,28.345,29.641,3227509.98,2022-01-11 23:59:59.999,94315912.8213
2022-01-12,29.646,31.221,29.5,31.136,2194350.53,2022-01-12 23:59:59.999,66705190.37447
2022-01-13,31.143,31.9,30.063,30.249,2735950.87,2022-01-13 23:59:59.999,84801471.04799
2022-01-14,30.242,33.456,30.036,31.947,6485559.63,2022-01-14 23:59:59.999,208067112.743
2022-01-15,31.945,33.373,31.776,32.811,3591266.25,2022-01-15 23:59:59.999,117350414.74492
2022-01-16,32.81,32.833,31.902,32.256,1947494.56,2022-01-16 23:59:59.999,62962224.61785
2022-01-17,32.264,32.368,30.46,30.957,2371437.69,2022-01-17 23:59:59.999,73990909.41521
2022-01-18,30.96,34.168,30.652,32.634,12670247.19,2022-01-18 23:59:59.999,411699856.51314
2022-01-19,32.637,34.7,31.246,31.276,13461800.55,2022-01-19 23:59:59.999,441116031.53831
2022-01-20,31.276,31.99,29.026,29.329,5538449.67,2022-01-20 23:59:59.999,170514735.06968
2022-01-21,29.328,29.674,25.148,25.904,8517818.83,2022-01-21 23:59:59.999,236343437.08209
2022-01-22,25.892,26.442,21.17,24.156,10874810.7,2022-01-22 23:59:59.999,258898211.47137
2022-01-23,24.17,25.259,23.488,25.099,5333428.64,2022-01-23 23:59:59.999,129827556.05969
2022-01-24,25.098,25.109,21.601,24.082,7968453.85,2022-01-24 23:59:59.999,183812953.61855
2022-01-25,24.072,24.276,23.211,24.009,3823146.49,2022-01-25 23:59:59.999,90821176.85334
2022-01-26,24.012,26.412,23.562,24.3,4734904.28,2022-01-26 23:59:59.999,117121346.77465
2022-01-27,24.302,24.741,23.297,24.271,3774210.15,2022-01-27 23:59:59.999,90647901.91351
2022-01-28,24.28,25.23,23.861,25.134,3662528.42,2022-01-28 23:59:59.999,89637615.81549
2022-01-29,25.133,25.696,24.724,25.318,2416292.37,2022-01-29 23:59:59.999,60984020.91712
2022-01-30,25.322,25.857,24.52,24.898,2710170.39,2022-01-30 23:59:59.999,68408148.63838
2022-01-31,24.898,25.714,23.954,25.64,2919287.8,2022-01-31 23:59:59.999,72433777.01564
2022-02-01,25.646,26.897,25.381,26.767,3077767.76,2022-02-01 23:59:59.999,80307271.57141
2022-02-02,26.76,28.472,26.152,26.258,9022137.5,2022-02-02 23:59:59.999,249153325.28663
2022-02-03,26.264,28.12,25.626,27.889,6184297.07,2022-02-03 23:59:59.999,164941162.57636
2022-02-04,27.884,29.822,27.381,29.663,5849268.59,2022-02-04 23:59:59.999,166136064.02347
2022-02-05,29.684,29.94,28.671,29.368,4379632.27,2022-02-05 23:59:59.999,128562274.08303
2022-02-06,29.362,30.202,28.8,29.872,3240616.04,2022-02-06 23:59:59.999,95716197.50188
2022-02-07,29.869,33.17,29.288,32.645,6794415.97,2022-02-07 23:59:59.999,216462822.75679
2022-02-08,32.634,33.238,30.317,32.05,5945098.35,2022-02-08 23:59:59.999,188274769.61456
2022-02-09,32.047,34.87,31.246,33.775,9701868.0,2022-02-09 23:59:59.999,325946994.30071
2022-02-10,33.778,37.035,33.46,34.353,15114884.42,2022-02-10 23:59:59.999,535651572.25946
2022-02-11,34.351,37.5,31.824,32.669,16767126.22,2022-02-11 23:59:59.999,596983863.42054
2022-02-12,32.668,33.384,31.033,31.673,8824371.96,2022-02-12 23:59:59.999,282627399.54323
2022-02-13,31.666,34.093,31.447,32.465,10184134.19,2022-02-13 23:59:59.999,335493853.53142
2022-02-14,32.466,33.287,30.352,31.372,8444075.37,2022-02-14 23:59:59.999,269010890.49586
2022-02-15,31.373,33.657,31.102,33.452,6193626.22,2022-02-15 23:59:59.999,202522572.31363
2022-02-16,33.45,33.463,31.409,32.209,4381263.56,2022-02-16 23:59:59.999,141917725.75052
2022-02-17,32.209,32.621,28.877,29.425,5258450.62,2022-02-17 23:59:59.999,162285784.27423
2022-02-18,29.425,30.4,28.189,28.914,5274630.14,2022-02-18 23:59:59.999,154680934.09251
2022-02-19,28.916,29.212,27.611,28.689,4166097.61,2022-02-19 23:59:59.999,118667577.61564
2022-02-20,28.69,28.733,26.786,27.235,5072272.34,2022-02-20 23:59:59.999,139697911.16075
2022-02-21,27.236,28.392,24.737,24.969,7598834.24,2022-02-21 23:59:59.999,203896747.43707
2022-02-22,24.96,26.858,24.4,26.65,6003960.37,2022-02-22 23:59:59.999,154924079.37092
2022-02-23,26.647,28.147,26.196,26.517,5433547.92,2022-02-23 23:59:59.999,147852535.91633
2022-02-24,26.514,27.282,23.27,26.484,10787178.7,2022-02-24 23:59:59.999,269898691.2985
2022-02-25,26.487,28.429,25.89,27.969,4599262.04,2022-02-25 23:59:59.999,123696299.63584
2022-02-26,27.974,31.076,27.83,28.878,5437922.67,2022-02-26 23:59:59.999,157583730.6698
2022-02-27,28.875,29.248,26.85,27.343,4541514.18,2022-02-27 23:59:59.999,127581689.68251
2022-02-28,27.335,30.751,26.853,30.483,4575593.05,2022-02-28 23:59:59.999,129255741.95768
2022-03-01,30.481,31.431,29.4,30.321,4870428.18,2022-03-01 23:59:59.999,147486447.20236
2022-03-02,30.322,30.584,29.063,29.505,3797594.44,2022-03-02 23:59:59.999,113339314.27871
2022-03-03,29.506,31.555,28.917,30.203,7660205.2,2022-03-03 23:59:59.999,231555034.15648
2022-03-04,30.203,30.954,26.928,27.585,5589738.0,2022-03-04 23:59:59.999,161396104.7409
2022-03-05,27.585,28.077,26.618,27.816,3080904.32,2022-03-05 23:59:59.999,84497304.8637
2022-03-06,27.816,28.07,26.442,26.533,2943800.69,2022-03-06 23:59:59.999,79982280.37995
2022-03-07,26.537,27.456,25.216,26.095,4101208.48,2022-03-07 23:59:59.999,108291884.27083
2022-03-08,26.095,26.955,25.926,26.718,3985595.31,2022-03-08 23:59:59.999,105302875.16354
2022-03-09,26.721,28.734,26.489,28.055,4209016.85,2022-03-09 23:59:59.999,117058278.67637
2022-03-10,28.05,28.655,26.09,26.659,4109659.29,2022-03-10 23:59:59.999,110369673.73263
2022-03-11,26.66,26.982,25.94,26.462,3503804.68,2022-03-11 23:59:59.999,92619322.07652
2022-03-12,26.461,27.021,26.215,26.269,2643997.54,2022-03-12 23:59:59.999,70296779.94737
2022-03-13,26.273,26.666,25.096,25.341,2485108.02,2022-03-13 23:59:59.999,64679658.80762
2022-03-14,25.335,26.118,24.985,25.911,2942848.39,2022-03-14 23:59:59.999,75475180.77173
2022-03-15,25.911,26.261,25.101,25.839,2385608.24,2022-03-15 23:59:59.999,61231998.38151
2022-03-16,25.839,27.576,25.674,27.357,4225178.94,2022-03-16 23:59:59.999,111568658.65052
2022-03-17,27.357,27.53,26.724,27.14,2379613.12,2022-03-17 23:59:59.999,64568151.27718
2022-03-18,27.141,28.299,26.501,28.046,2835158.59,2022-03-18 23:59:59.999,77302991.3967
2022-03-19,28.048,34.398,28.024,34.01,16004984.58,2022-03-19 23:59:59.999,504229645.7054
2022-03-20,34.002,42.0,32.806,38.202,67939716.61,2022-03-20 23:59:59.999,2525759998.17876
2022-03-21,38.202,39.978,36.099,38.382,40660440.1,2022-03-21 23:59:59.999,1564482962.04873
2022-03-22,38.386,46.85,38.126,45.852,48602678.66,2022-03-22 23:59:59.999,2098483741.55636
2022-03-23,45.847,49.212,43.31,45.125,53496865.95,2022-03-23 23:59:59.999,2481541398.86204
2022-03-24,45.126,50.6,42.6,48.517,47660119.85,2022-03-24 23:59:59.999,2201696501.10325
2022-03-25,48.524,49.976,45.199,48.139,38973967.99,2022-03-25 23:59:59.999,1859630683.45128
2022-03-26,48.138,48.749,46.568,47.143,17789077.83,2022-03-26 23:59:59.999,849621915.93798
2022-03-27,47.145,48.572,44.655,47.987,17141644.79,2022-03-27 23:59:59.999,796212734.92221
2022-03-28,47.986,51.409,46.231,47.089,23208725.45,2022-03-28 23:59:59.999,1121420175.36281
2022-03-29,47.095,52.7,47.0,49.281,35813982.93,2022-03-29 23:59:59.999,1779917875.87023
2022-03-30,49.28,51.656,48.3,49.671,20858433.5,2022-03-30 23:59:59.999,1044330922.87135
2022-03-31,49.675,51.026,45.35,47.444,19114961.87,2022-03-31 23:59:59.999,924741506.92371
2022-04-01,47.445,48.155,42.609,47.162,15530991.07,2022-04-01 23:59:59.999,711405087.00453
2022-04-02,47.157,48.358,45.08,45.48,9068860.81,2022-04-02 23:59:59.999,422943442.3034
2022-04-03,45.471,47.955,44.388,46.719,10520150.84,2022-04-03 23:59:59.999,490237748.08613
2022-04-04,46.721,48.642,44.482,46.725,14150881.12,2022-04-04 23:59:59.999,661934345.09552
2022-04-05,46.732,46.989,44.1,44.353,7887332.49,2022-04-05 23:59:59.999,362008459.99446
2022-04-06,44.369,44.55,38.167,38.413,16550680.9,2022-04-06 23:59:59.999,678245815.08646
2022-04-07,38.409,44.669,38.039,43.433,24717503.04,2022-04-07 23:59:59.999,1035341916.81589
2022-04-08,43.431,44.052,39.764,40.441,14969903.11,2022-04-08 23:59:59.999,628949803.00757
2022-04-09,40.441,43.03,40.327,41.935,12444147.19,2022-04-09 23:59:59.999,520521795.36918
2022-04-10,41.938,42.613,40.09,40.293,10032088.13,2022-04-10 23:59:59.999,418013118.03369
2022-04-11,40.293,40.515,35.686,36.98,15619551.99,2022-04-11 23:59:59.999,598499427.70712
2022-04-12,36.979,39.042,36.425,38.101,13307326.21,2022-04-12 23:59:59.999,500932891.15012
2022-04-13,38.1,38.822,36.698,38.546,10152069.68,2022-04-13 23:59:59.999,384636472.36181
2022-04-14,38.553,39.159,36.36,37.033,8070781.66,2022-04-14 23:59:59.999,304741606.99665
2022-04-15,37.033,37.587,36.583,37.333,6119824.54,2022-04-15 23:59:59.999,227235600.0639
2022-04-16,37.335,38.734,36.954,38.138,11480857.51,2022-04-16 23:59:59.999,437549618.12346
2022-04-17,38.139,38.449,36.401,36.561,8177889.34,2022-04-17 23:59:59.999,307541719.31428
2022-04-18,36.558,37.027,34.391,36.862,8589894.84,2022-04-18 23:59:59.999,306133599.09747
2022-04-19,36.861,37.944,36.163,37.792,6444772.98,2022-04-19 23:59:59.999,238833846.17988
2022-04-20,37.792,38.136,35.905,36.524,6872147.69,2022-04-20 23:59:59.999,254788333.53817
2022-04-21,36.523,37.791,34.052,34.867,7936352.07,2022-04-21 23:59:59.999,289171478.81304
2022-04-22,34.866,35.865,34.52,35.493,6730825.2,2022-04-22 23:59:59.999,237133664.30187
2022-04-23,35.493,35.699,34.358,34.533,3421718.33,2022-04-23 23:59:59.999,119769649.05347
2022-04-24,34.531,34.87,33.339,33.614,7111032.93,2022-04-24 23:59:59.999,243330024.12991
2022-04-25,33.613,34.092,31.31,33.638,11294472.66,2022-04-25 23:59:59.999,367458555.00311
2022-04-26,33.639,33.887,29.84,30.644,7400317.51,2022-04-26 23:59:59.999,236624055.18892
2022-04-27,30.642,31.655,30.204,31.26,5827976.35,2022-04-27 23:59:59.999,180816633.97163
2022-04-28,31.261,31.81,30.401,31.103,6028182.46,2022-04-28 23:59:59.999,187853926.75785
2022-04-29,31.104,31.43,28.597,29.171,6126561.65,2022-04-29 23:59:59.999,183571009.73537
2022-04-30,29.171,29.593,24.047,25.84,7751778.26,2022-04-30 23:59:59.999,212890176.42566
2022-05-01,25.845,28.031,25.756,27.609,8135112.26,2022-05-01 23:59:59.999,218746460.14768
2022-05-02,27.609,28.315,26.555,27.399,6370481.8,2022-05-02 23:59:59.999,174336539.38777
2022-05-03,27.399,28.013,26.451,26.823,4025677.06,2022-05-03 23:59:59.999,109730444.40393
2022-05-04,26.822,30.762,26.773,30.623,8420401.07,2022-05-04 23:59:59.999,240235179.35832
2022-05-05,30.619,32.987,27.277,28.292,19390422.91,2022-05-05 23:59:59.999,581135638.89954
2022-05-06,28.291,28.618,26.948,27.936,9064437.1,2022-05-06 23:59:59.999,252057953.89685
2022-05-07,27.937,27.997,26.203,26.825,5564827.21,2022-05-07 23:59:59.999,152155032.94989
2022-05-08,26.825,27.212,26.092,26.504,5925751.89,2022-05-08 23:59:59.999,157663203.1796
2022-05-09,26.509,27.205,22.327,22.675,14141000.07,2022-05-09 23:59:59.999,348011562.27347
2022-05-10,22.675,25.517,21.942,23.868,15481636.81,2022-05-10 23:59:59.999,370732825.41574
2022-05-11,23.867,24.4,18.578,19.94,22839059.6,2022-05-11 23:59:59.999,499051321.27891
2022-05-12,19.942,20.784,15.951,18.884,21227172.42,2022-05-12 23:59:59.999,388968678.52495
2022-05-13,18.886,21.834,18.645,20.479,8683564.03,2022-05-13 23:59:59.999,180491863.79701
2022-05-14,20.481,21.367,19.511,21.065,5871607.85,2022-05-14 23:59:59.999,120366356.44572
2022-05-15,21.064,22.155,20.388,22.13,3689929.35,2022-05-15 23:59:59.999,77974815.28014
2022-05-16,22.126,22.807,20.304,20.881,7160118.34,2022-05-16 23:59:59.999,151609090.05601
2022-05-17,20.884,21.881,20.618,21.758,4543734.2,2022-05-17 23:59:59.999,96783793.06579
2022-05-18,21.753,21.956,19.711,19.783,4796882.84,2022-05-18 23:59:59.999,98985038.3647
2022-05-19,19.779,21.024,19.382,20.889,5597441.34,2022-05-19 23:59:59.999,113525995.78247
2022-05-20,20.889,21.215,19.705,20.136,5277331.85,2022-05-20 23:59:59.999,108339237.7535
2022-05-21,20.135,20.54,19.84,20.344,2592156.22,2022-05-21 23:59:59.999,52470733.18447
2022-05-22,20.34,21.241,20.134,21.067,3443752.29,2022-05-22 23:59:59.999,71379311.2173
2022-05-23,21.062,24.208,20.643,21.851,17516407.29,2022-05-23 23:59:59.999,397377604.4699
2022-05-24,21.852,24.442,21.009,24.194,19995767.17,2022-05-24 23:59:59.999,455681509.56445
2022-05-25,24.194,25.638,23.456,23.719,27696216.7,2022-05-25 23:59:59.999,672266079.60925
2022-05-26,23.717,23.918,20.529,21.884,16843847.79,2022-05-26 23:59:59.999,375423311.20119
2022-05-27,21.885,23.397,21.414,22.501,25336131.97,2022-05-27 23:59:59.999,571707929.25239
2022-05-28,22.5,23.073,22.322,22.732,6939932.33,2022-05-28 23:59:59.999,157601854.9005
2022-05-29,22.732,23.801,22.175,23.654,7595857.49,2022-05-29 23:59:59.999,173704613.18287
2022-05-30,23.662,24.974,23.409,24.819,9623839.76,2022-05-30 23:59:59.999,232933318.78004
2022-05-31,24.821,25.158,22.936,23.768,9550924.36,2022-05-31 23:59:59.999,228877871.3191
2022-06-01,23.765,24.209,21.391,22.004,8860766.08,2022-06-01 23:59:59.999,204353981.50133
2022-06-02,22.002,22.503,21.58,22.396,5457721.21,2022-06-02 23:59:59.999,120174066.57133
2022-06-03,22.397,22.618,21.24,21.833,5334866.78,2022-06-03 23:59:59.999,116446379.60644
2022-06-04,21.833,22.044,21.514,21.956,3387690.93,2022-06-04 23:59:59.999,73891064.11318
2022-06-05,21.959,22.18,21.641,21.803,2565818.82,2022-06-05 23:59:59.999,56139540.67479
2022-06-06,21.801,23.4,21.744,22.509,5612892.75,2022-06-06 23:59:59.999,127190562.02211
2022-06-07,22.509,22.513,20.784,21.517,6355628.44,2022-06-07 23:59:59.999,136326125.97894
2022-06-08,21.517,21.799,21.004,21.267,3869900.63,2022-06-08 23:59:59.999,82736960.12597
2022-06-09,21.267,21.643,20.927,21.159,2726859.98,2022-06-09 23:59:59.999,58092497.24417
2022-06-10,21.159,21.364,19.711,19.974,5125853.29,2022-06-10 23:59:59.999,105387493.60249
2022-06-11,19.976,20.382,17.85,18.202,6528211.25,2022-06-11 23:59:59.999,122773840.30837
2022-06-12,18.202,18.382,16.53,16.536,8854693.12,2022-06-12 23:59:59.999,153644434.23577
2022-06-13,16.538,16.863,13.935,14.448,22195438.16,2022-06-13 23:59:59.999,331038598.47378
2022-06-14,14.445,15.109,13.09,14.56,15568401.72,2022-06-14 23:59:59.999,222797894.55698
2022-06-15,14.562,16.188,12.889,15.863,16993997.64,2022-06-15 23:59:59.999,239095057.83634
2022-06-16,15.862,16.063,13.562,13.808,9463837.05,2022-06-16 23:59:59.999,138354281.23181
2022-06-17,13.81,14.581,13.691,14.33,6968816.74,2022-06-17 23:59:59.999,99047950.79353
2022-06-18,14.331,14.576,12.434,13.654,11024670.24,2022-06-18 23:59:59.999,148074886.94529
2022-06-19,13.654,15.577,13.248,15.35,9508264.85,2022-06-19 23:59:59.999,136846095.79202
2022-06-20,15.351,16.553,14.536,16.221,9867348.6,2022-06-20 23:59:59.999,154759788.43502
2022-06-21,16.221,16.969,15.8,16.13,8383878.04,2022-06-21 23:59:59.999,137623880.95388
2022-06-22,16.131,16.164,15.035,15.201,6898684.04,2022-06-22 23:59:59.999,106753411.19864
2022-06-23,15.2,16.051,15.115,15.92,5553920.96,2022-06-23 23:59:59.999,86673070.22248
2022-06-24,15.919,16.82,15.851,16.405,5752210.11,2022-06-24 23:59:59.999,93949037.12068
2022-06-25,16.404,16.682,15.767,16.543,4016082.57,2022-06-25 23:59:59.999,65490193.94449
2022-06-26,16.542,17.972,16.031,16.671,9027348.27,2022-06-26 23:59:59.999,152208424.59013
2022-06-27,16.673,17.523,16.15,16.55,14368390.0,2022-06-27 23:59:59.999,242757373.71873
2022-06-28,16.555,16.818,15.305,15.42,9657359.86,2022-06-28 23:59:59.999,156346500.47434
2022-06-29,15.419,15.706,14.903,15.217,7521248.54,2022-06-29 23:59:59.999,114735906.75032
2022-06-30,15.218,15.286,14.129,14.999,7777276.24,2022-06-30 23:59:59.999,113483009.55203
2022-07-01,15.0,15.399,14.267,14.635,7026147.54,2022-07-01 23:59:59.999,103613165.43162
2022-07-02,14.637,14.955,14.28,14.762,3944978.55,2022-07-02 23:59:59.999,57708314.32989
2022-07-03,14.762,14.999,14.337,14.806,3530370.08,2022-07-03 23:59:59.999,51692813.26848
2022-07-04,14.802,15.457,14.392,15.393,4887952.29,2022-07-04 23:59:59.999,72856124.12508
2022-07-05,15.396,15.5,14.393,14.911,5424345.51,2022-07-05 23:59:59.999,81163001.55313
2022-07-06,14.912,15.361,14.711,15.204,4475103.86,2022-07-06 23:59:59.999,67109312.63337
2022-07-07,15.203,16.013,15.072,15.872,3949054.52,2022-07-07 23:59:59.999,61289074.15155
2022-07-08,15.879,16.355,15.387,15.559,4829038.69,2022-07-08 23:59:59.999,76279520.26775
2022-07-09,15.556,16.013,15.547,15.843,3156249.96,2022-07-09 23:59:59.999,49972818.53119
2022-07-10,15.844,15.855,14.95,15.12,3610350.86,2022-07-10 23:59:59.999,55445325.1123
2022-07-11,15.121,15.126,14.101,14.182,4037580.15,2022-07-11 23:59:59.999,59384323.66182
2022-07-12,14.182,14.362,13.78,13.82,4050959.57,2022-07-12 23:59:59.999,57254259.72518
2022-07-13,13.818,14.417,13.304,14.39,6636145.29,2022-07-13 23:59:59.999,92230661.60585
2022-07-14,14.39,14.8,13.913,14.722,5389507.94,2022-07-14 23:59:59.999,77170512.82289
2022-07-15,14.722,15.335,14.532,15.042,4876389.38,2022-07-15 23:59:59.999,72698392.38532
2022-07-16,15.042,17.48,14.634,17.281,16000602.62,2022-07-16 23:59:59.999,263662912.54164
2022-07-17,17.283,20.62,16.803,19.25,114743685.36,2022-07-17 23:59:59.999,2201220469.72704
2022-07-18,19.25,25.68,19.194,25.228,101794096.04,2022-07-18 23:59:59.999,2270771333.3956
2022-07-19,25.227,28.02,24.161,25.213,101671058.95,2022-07-19 23:59:59.999,2605567128.40433
2022-07-20,25.215,25.88,23.098,23.346,61893247.82,2022-07-20 23:59:59.999,1523789648.64702
2022-07-21,23.346,26.404,22.161,26.263,51010939.49,2022-07-21 23:59:59.999,1219906926.10859
2022-07-22,26.268,27.044,24.087,24.876,47757551.63,2022-07-22 23:59:59.999,1230682988.64169
2022-07-23,24.882,28.191,24.582,25.53,62028778.55,2022-07-23 23:59:59.999,1641660970.50132
2022-07-24,25.53,26.726,25.26,25.513,35657517.89,2022-07-24 23:59:59.999,923646930.09758
2022-07-25,25.512,25.774,23.103,23.25,39816706.02,2022-07-25 23:59:59.999,978081975.61367
2022-07-26,23.253,25.225,22.818,25.14,40221862.81,2022-07-26 23:59:59.999,956991240.79622
2022-07-27,25.139,33.45,24.92,32.887,116904536.98,2022-07-27 23:59:59.999,3329574510.65788
2022-07-28,32.882,42.52,31.905,40.84,144048499.93,2022-07-28 23:59:59.999,5240163981.60275
2022-07-29,40.837,45.449,37.6,40.458,134687826.37,2022-07-29 23:59:59.999,5519787100.82528
2022-07-30,40.458,41.9,38.101,39.433,58049113.1,2022-07-30 23:59:59.999,2315316649.93153
2022-07-31,39.432,41.481,35.8,36.369,43407764.7,2022-07-31 23:59:59.999,1707757088.44489
2022-08-01,36.375,37.679,33.667,34.952,46735659.35,2022-08-01 23:59:59.999,1675576551.01738
2022-08-02,34.953,38.8,32.135,36.49,90669801.66,2022-08-02 23:59:59.999,3242121537.66549
2022-08-03,36.494,38.5,35.205,35.927,53984607.33,2022-08-03 23:59:59.999,1994862435.62941
2022-08-04,35.931,37.089,34.1,34.78,41578160.39,2022-08-04 23:59:59.999,1477995548.23784
2022-08-05,34.781,38.585,34.665,38.296,47068237.38,2022-08-05 23:59:59.999,1736563495.69906
2022-08-06,38.296,39.48,37.155,37.819,33282871.33,2022-08-06 23:59:59.999,1272835447.79969
2022-08-07,37.818,38.56,36.609,37.706,21199048.89,2022-08-07 23:59:59.999,800250724.29715
2022-08-08,37.705,39.755,36.741,38.026,34085555.76,2022-08-08 23:59:59.999,1302339333.19425
2022-08-09,38.02,38.29,35.464,36.388,29760229.71,2022-08-09 23:59:59.999,1095195651.4141
2022-08-10,36.387,39.5,36.104,38.805,46033919.83,2022-08-10 23:59:59.999,1742607031.4395
2022-08-11,38.805,44.736,38.2,42.097,66015990.71,2022-08-11 23:59:59.999,2777668758.97665
2022-08-12,42.098,43.83,41.056,43.37,45444866.52,2022-08-12 23:59:59.999,1915851304.23329
2022-08-13,43.374,45.717,42.83,43.537,36563470.14,2022-08-13 23:59:59.999,1616754900.37174
2022-08-14,43.537,44.265,40.513,41.53,28122982.69,2022-08-14 23:59:59.999,1197154404.19757
2022-08-15,41.531,43.546,40.0,41.907,32336100.95,2022-08-15 23:59:59.999,1345749620.29487
2022-08-16,41.903,42.281,39.339,39.87,21762126.49,2022-08-16 23:59:59.999,887641114.85366
2022-08-17,39.87,42.545,38.711,40.29,34525704.8,2022-08-17 23:59:59.999,1396919849.43746
2022-08-18,40.29,41.828,39.0,39.541,33743941.07,2022-08-18 23:59:59.999,1376957503.5394
2022-08-19,39.536,39.65,32.154,32.884,62431007.41,2022-08-19 23:59:59.999,2204257386.15401
2022-08-20,32.885,34.556,31.171,32.722,41630318.59,2022-08-20 23:59:59.999,1384777919.01814
2022-08-21,32.719,34.2,32.096,33.628,31116854.68,2022-08-21 23:59:59.999,1036085563.14286
2022-08-22,33.629,34.1,31.21,34.027,33277055.78,2022-08-22 23:59:59.999,1080449752.2976
2022-08-23,34.031,34.692,32.236,34.318,32557722.55,2022-08-23 23:59:59.999,1096809052.82803
2022-08-24,34.318,36.787,32.86,35.288,39301593.47,2022-08-24 23:59:59.999,1367890802.07771
2022-08-25,35.288,38.077,35.194,37.06,41373100.65,2022-08-25 23:59:59.999,1524167977.17766
2022-08-26,37.061,38.43,33.42,33.886,55523046.19,2022-08-26 23:59:59.999,2002521855.53957
2022-08-27,33.889,34.397,31.899,32.991,31890801.8,2022-08-27 23:59:59.999,1060491362.37301
2022-08-28,32.992,33.384,30.449,30.887,25454121.12,2022-08-28 23:59:59.999,824074865.77122
2022-08-29,30.885,33.76,30.305,33.492,35948140.24,2022-08-29 23:59:59.999,1149805499.86401
2022-08-30,33.49,34.319,31.3,32.311,39130575.81,2022-08-30 23:59:59.999,1290084231.92898
2022-08-31,32.311,33.711,31.818,32.388,29714642.27,2022-08-31 23:59:59.999,975355270.11055
2022-09-01,32.389,32.967,31.0,32.909,25514281.07,2022-09-01 23:59:59.999,817371938.07849
2022-09-02,32.908,33.888,31.847,32.405,25558460.66,2022-09-02 23:59:59.999,839766497.72234
2022-09-03,32.405,32.689,31.9,32.208,10906730.91,2022-09-03 23:59:59.999,352396238.76186
2022-09-04,32.207,32.5,31.528,32.422,13018938.55,2022-09-04 23:59:59.999,417987157.23818
2022-09-05,32.42,40.152,31.55,39.622,73216925.56,2022-09-05 23:59:59.999,2614865403.31643
2022-09-06,39.623,42.4,34.036,34.395,122308112.95,2022-09-06 23:59:59.999,4807535984.43251
2022-09-07,34.394,37.871,33.048,37.257,81595014.16,2022-09-07 23:59:59.999,2870369300.01251
2022-09-08,37.258,37.755,35.424,37.075,50117044.43,2022-09-08 23:59:59.999,1840667163.98924
2022-09-09,37.075,40.099,36.561,39.115,43188236.87,2022-09-09 23:59:59.999,1671672941.69901
2022-09-10,39.116,40.381,37.93,39.248,23504617.74,2022-09-10 23:59:59.999,919325619.17262
2022-09-11,39.249,39.43,37.36,38.498,17758091.23,2022-09-11 23:59:59.999,686521965.04557
2022-09-12,38.5,40.552,37.115,38.409,36103263.59,2022-09-12 23:59:59.999,1392532812.44706
2022-09-13,38.409,39.0,34.571,35.272,32396241.97,2022-09-13 23:59:59.999,1182978061.62172
2022-09-14,35.275,39.785,35.05,39.199,43502584.85,2022-09-14 23:59:59.999,1618389632.67281
2022-09-15,39.198,39.774,34.824,35.644,84477908.09,2022-09-15 23:59:59.999,3159632481.90028
2022-09-16,35.645,35.758,32.615,34.053,48808520.22,2022-09-16 23:59:59.999,1656129355.3366
2022-09-17,34.053,34.884,33.46,34.414,19618257.6,2022-09-17 23:59:59.999,670102962.38259
2022-09-18,34.414,34.435,28.7,29.49,29743054.71,2022-09-18 23:59:59.999,952364009.70996
2022-09-19,29.487,30.745,27.245,30.295,50303166.5,2022-09-19 23:59:59.999,1464548536.53733
2022-09-20,30.289,30.448,28.614,29.09,32624769.53,2022-09-20 23:59:59.999,957244296.10384
2022-09-21,29.09,30.63,26.81,27.614,40999100.47,2022-09-21 23:59:59.999,1181507860.64424
2022-09-22,27.615,28.889,27.515,28.593,27583757.33,2022-09-22 23:59:59.999,778716437.94065
2022-09-23,28.592,29.452,27.168,28.87,28699792.44,2022-09-23 23:59:59.999,812464822.75886
2022-09-24,28.869,29.649,28.315,28.642,20363422.13,2022-09-24 23:59:59.999,588725926.77047
2022-09-25,28.643,29.465,27.9,28.344,17755130.85,2022-09-25 23:59:59.999,510539381.57974
2022-09-26,28.344,28.54,27.454,28.445,18832933.0,2022-09-26 23:59:59.999,529254701.61417
2022-09-27,28.444,30.239,27.555,28.085,26538559.74,2022-09-27 23:59:59.999,765567460.4768
2022-09-28,28.084,28.25,26.593,27.593,22824840.48,2022-09-28 23:59:59.999,623678411.21018
2022-09-29,27.594,28.254,27.046,27.772,17517396.98,2022-09-29 23:59:59.999,482317036.48198
2022-09-30,27.773,28.3,27.209,27.728,15084031.61,2022-09-30 23:59:59.999,418682758.34016
2022-10-01,27.729,27.871,27.25,27.534,6147113.98,2022-10-01 23:59:59.999,169712630.7004
2022-10-02,27.534,27.749,26.684,26.924,9069159.09,2022-10-02 23:59:59.999,246798960.61098
2022-10-03,26.925,27.65,26.501,27.412,10892587.06,2022-10-03 23:59:59.999,296168561.69818
2022-10-04,27.412,28.084,27.277,27.882,9063486.19,2022-10-04 23:59:59.999,251078424.27307
2022-10-05,27.882,27.996,27.085,27.612,8896880.23,2022-10-05 23:59:59.999,245042546.66199
2022-10-06,27.612,28.938,27.592,27.827,17973051.03,2022-10-06 23:59:59.999,507139788.57735
2022-10-07,27.826,27.859,27.1,27.489,8596669.12,2022-10-07 23:59:59.999,236612504.12037
2022-10-08,27.489,27.631,26.625,26.965,5559424.38,2022-10-08 23:59:59.999,151399437.25502
2022-10-09,26.966,27.167,26.743,26.946,6131147.54,2022-10-09 23:59:59.999,165339190.5445
2022-10-10,26.946,27.14,22.837,24.205,23715277.06,2022-10-10 23:59:59.999,602331134.76622
2022-10-11,24.21,24.267,23.51,23.732,22563402.63,2022-10-11 23:59:59.999,540231490.81556
2022-10-12,23.734,24.491,23.409,23.778,14312547.54,2022-10-12 23:59:59.999,342756471.09143
2022-10-13,23.777,23.907,20.539,22.95,44823266.3,2022-10-13 23:59:59.999,996677776.72775
2022-10-14,22.95,24.607,22.8,23.116,29134911.5,2022-10-14 23:59:59.999,694022504.15258
2022-10-15,23.116,23.267,22.514,22.768,11920732.87,2022-10-15 23:59:59.999,273259174.16241
2022-10-16,22.768,23.398,22.731,23.104,10053865.44,2022-10-16 23:59:59.999,231649693.51591
2022-10-17,23.104,23.973,22.875,23.826,12402861.47,2022-10-17 23:59:59.999,290725452.37024
2022-10-18,23.826,24.173,22.84,23.392,16845557.5,2022-10-18 23:59:59.999,398274483.34658
2022-10-19,23.392,23.458,22.116,22.333,11891555.12,2022-10-19 23:59:59.999,272442324.40946
2022-10-20,22.332,22.86,21.302,21.651,14623664.21,2022-10-20 23:59:59.999,324093867.03307
2022-10-21,21.651,22.118,20.78,22.015,17926519.97,2022-10-21 23:59:59.999,384457149.47405
2022-10-22,22.015,23.48,21.669,23.215,21684749.31,2022-10-22 23:59:59.999,491498184.05076
2022-10-23,23.216,23.674,22.614,23.429,17511585.86,2022-10-23 23:59:59.999,404992799.60947
2022-10-24,23.422,23.538,22.292,22.634,14415105.41,2022-10-24 23:59:59.999,327736806.31039
2022-10-25,22.635,25.89,22.315,24.655,27513480.33,2022-10-25 23:59:59.999,662356155.54798
2022-10-26,24.655,26.219,24.441,25.473,26683134.59,2022-10-26 23:59:59.999,676623402.05911
2022-10-27,25.473,25.831,24.641,24.732,18821570.18,2022-10-27 23:59:59.999,474490841.89021
2022-10-28,24.732,25.705,24.12,25.468,14929213.2,2022-10-28 23:59:59.999,371152193.89875
2022-10-29,25.466,26.849,25.288,25.864,17812119.71,2022-10-29 23:59:59.999,465357137.73978
2022-10-30,25.867,25.92,24.2,24.494,10901017.27,2022-10-30 23:59:59.999,273480020.02976
2022-10-31,24.494,24.983,23.76,24.224,13282408.04,2022-10-31 23:59:59.999,322335929.53639
2022-11-01,24.225,24.741,23.826,24.01,8302987.66,2022-11-01 23:59:59.999,201427244.29716
2022-11-02,24.011,24.585,22.229,22.927,18467960.44,2022-11-02 23:59:59.999,434707307.72133
2022-11-03,22.927,24.88,22.841,23.995,13405348.53,2022-11-03 23:59:59.999,321718876.37635
2022-11-04,23.998,26.035,23.89,25.772,17812950.53,2022-11-04 23:59:59.999,449034270.88898
2022-11-05,25.772,27.0,25.576,26.502,13487632.25,2022-11-05 23:59:59.999,353621146.1027
2022-11-06,26.501,27.231,24.665,24.8,11768164.72,2022-11-06 23:59:59.999,306667673.45172
2022-11-07,24.799,25.689,24.37,25.025,11768253.54,2022-11-07 23:59:59.999,295400190.6428
2022-11-08,25.025,25.279,19.567,21.85,30303304.58,2022-11-08 23:59:59.999,696152730.85088
2022-11-09,21.846,22.105,17.7,18.347,30467263.67,2022-11-09 23:59:59.999,624468985.96563
2022-11-10,18.344,22.973,18.031,21.99,24575684.71,2022-11-10 23:59:59.999,517163551.63555
2022-11-11,21.994,22.253,20.38,21.533,12537760.91,2022-11-11 23:59:59.999,268142045.74134
2022-11-12,21.535,21.561,20.169,20.48,6736670.99,2022-11-12 23:59:59.999,139211305.11506
2022-11-13,20.482,20.911,19.454,19.905,8727583.8,2022-11-13 23:59:59.999,175427830.46261
2022-11-14,19.903,20.772,18.801,20.475,14721567.14,2022-11-14 23:59:59.999,292355045.22006
2022-11-15,20.475,20.991,20.114,20.554,8105677.23,2022-11-15 23:59:59.999,166288716.7144
2022-11-16,20.554,20.671,19.51,19.906,8798928.5,2022-11-16 23:59:59.999,176932854.03959
2022-11-17,19.909,20.06,19.15,19.643,9374219.44,2022-11-17 23:59:59.999,183607619.20084
2022-11-18,19.642,20.051,19.261,19.537,7348929.17,2022-11-18 23:59:59.999,144501631.14964
2022-11-19,19.537,19.725,18.905,19.499,7589699.35,2022-11-19 23:59:59.999,146794748.19818
2022-11-20,19.498,19.719,18.011,18.141,8892280.64,2022-11-20 23:59:59.999,168290592.31162
2022-11-21,18.141,18.448,17.115,18.014,15585693.88,2022-11-21 23:59:59.999,277222109.01901
2022-11-22,18.014,18.655,17.404,18.473,11721832.83,2022-11-22 23:59:59.999,211954256.30649
2022-11-23,18.475,20.428,18.222,20.323,20410407.08,2022-11-23 23:59:59.999,397158684.0386
2022-11-24,20.322,20.851,19.818,20.196,18909191.07,2022-11-24 23:59:59.999,384098505.28097
2022-11-25,20.196,20.6,19.624,20.097,10324494.16,2022-11-25 23:59:59.999,206661624.30217
2022-11-26,20.096,20.975,19.698,19.889,9036701.55,2022-11-26 23:59:59.999,183435238.63968
2022-11-27,19.887,20.38,19.695,19.816,7870783.0,2022-11-27 23:59:59.999,157653094.64848
2022-11-28,19.816,19.9,18.315,19.313,12700929.65,2022-11-28 23:59:59.999,241715468.62922
2022-11-29,19.311,19.829,19.074,19.506,6757797.98,2022-11-29 23:59:59.999,131916881.94583
2022-11-30,19.504,20.495,19.449,20.27,10056075.77,2022-11-30 23:59:59.999,201200111.91723
2022-12-01,20.269,20.301,19.619,19.742,6814818.85,2022-12-01 23:59:59.999,135785472.07931
2022-12-02,19.74,19.898,19.256,19.851,6354058.61,2022-12-02 23:59:59.999,124354189.68577
2022-12-03,19.85,19.92,19.089,19.211,4053530.81,2022-12-03 23:59:59.999,79181775.19747
2022-12-04,19.211,19.614,19.177,19.467,4011724.8,2022-12-04 23:59:59.999,77826690.26411
2022-12-05,19.464,20.247,19.134,19.427,8845981.95,2022-12-05 23:59:59.999,174412045.55727
2022-12-06,19.428,19.563,19.191,19.534,4273792.63,2022-12-06 23:59:59.999,82824824.54925
2022-12-07,19.536,19.639,18.4,18.706,6114237.66,2022-12-07 23:59:59.999,115873281.07321
2022-12-08,18.705,19.245,18.516,19.161,5584562.13,2022-12-08 23:59:59.999,105288469.10744
2022-12-09,19.163,19.496,18.95,19.166,5456585.18,2022-12-09 23:59:59.999,104761027.58698
2022-12-10,19.166,19.345,18.985,19.132,3295952.51,2022-12-10 23:59:59.999,63240383.73898
2022-12-11,19.133,19.433,18.713,18.875,4362188.34,2022-12-11 23:59:59.999,83554397.3314
2022-12-12,18.875,18.918,17.89,18.541,7126412.73,2022-12-12 23:59:59.999,130681129.14981
2022-12-13,18.542,19.78,17.863,19.255,12143553.06,2022-12-13 23:59:59.999,228588366.18407
2022-12-14,19.256,19.471,18.703,18.749,7350656.95,2022-12-14 23:59:59.999,140845891.74161
2022-12-15,18.749,18.857,17.94,18.17,7226925.78,2022-12-15 23:59:59.999,132720874.51847
2022-12-16,18.168,18.339,15.499,15.916,14182608.13,2022-12-16 23:59:59.999,243634196.54846
2022-12-17,15.916,16.275,15.72,16.175,11421238.0,2022-12-17 23:59:59.999,183233876.50227
2022-12-18,16.175,16.234,15.75,15.934,5902387.09,2022-12-18 23:59:59.999,94341610.66469
2022-12-19,15.935,16.161,14.663,15.187,13104533.49,2022-12-19 23:59:59.999,204237917.7232
2022-12-20,15.186,16.098,15.074,15.914,8804643.15,2022-12-20 23:59:59.999,138352463.99207
2022-12-21,15.915,16.75,15.485,16.618,22955194.4,2022-12-21 23:59:59.999,375458177.37519
2022-12-22,16.618,16.74,15.824,16.481,14495403.18,2022-12-22 23:59:59.999,236181531.29725
2022-12-23,16.482,16.529,16.17,16.381,7804747.3,2022-12-23 23:59:59.999,127990948.62298
2022-12-24,16.381,16.489,16.317,16.444,3517943.23,2022-12-24 23:59:59.999,57681422.00367
2022-12-25,16.443,16.481,15.822,16.183,6746452.09,2022-12-25 23:59:59.999,108775629.24994
2022-12-26,16.182,16.304,16.0,16.245,5248726.74,2022-12-26 23:59:59.999,84715810.63897
2022-12-27,16.246,16.33,15.547,15.845,7925267.37,2022-12-27 23:59:59.999,126153519.0991
2022-12-28,15.845,15.879,14.92,15.108,12097478.88,2022-12-28 23:59:59.999,185799046.25185
2022-12-29,15.107,16.102,14.818,15.688,18515918.86,2022-12-29 23:59:59.999,288403023.87079
2022-12-30,15.689,15.879,15.262,15.542,11250843.86,2022-12-30 23:59:59.999,174615715.67028
2022-12-31,15.542,15.948,15.487,15.688,6641382.08,2022-12-31 23:59:59.999,104371188.26797
2023-01-01,15.688,15.843,15.582,15.781,4132404.15,2023-01-01 23:59:59.999,64831144.51421
2023-01-02,15.782,16.259,15.456,16.111,9265429.9,2023-01-02 23:59:59.999,147873815.37489
2023-01-03,16.112,16.186,15.634,15.882,8710702.66,2023-01-03 23:59:59.999,138725915.05484
2023-01-04,15.883,19.8,15.829,19.181,86184179.18,2023-01-04 23:59:59.999,1582336947.30476
2023-01-05,19.18,19.555,18.037,18.223,65235625.3,2023-01-05 23:59:59.999,1224538674.9864
2023-01-06,18.223,20.783,17.703,20.415,68143711.23,2023-01-06 23:59:59.999,1293005102.55719
2023-01-07,20.415,20.573,19.739,20.014,39463921.9,2023-01-07 23:59:59.999,795738102.11771
2023-01-08,20.013,20.587,19.443,20.395,40232857.07,2023-01-08 23:59:59.999,803605931.21516
2023-01-09,20.394,22.0,19.86,20.1,51564609.78,2023-01-09 23:59:59.999,1079063172.35998
2023-01-10,20.1,20.458,19.64,20.222,26743786.73,2023-01-10 23:59:59.999,537984393.90963
2023-01-11,20.223,20.632,19.375,20.507,26091638.15,2023-01-11 23:59:59.999,519062698.65627
2023-01-12,20.507,21.391,19.423,20.859,35979580.91,2023-01-12 23:59:59.999,738141677.67426
2023-01-13,20.859,22.046,20.568,21.618,28872130.42,2023-01-13 23:59:59.999,611130680.70626
2023-01-14,21.617,23.965,21.0,22.496,36864202.32,2023-01-14 23:59:59.999,837031312.74136
2023-01-15,22.494,22.922,21.471,22.411,18195275.19,2023-01-15 23:59:59.999,401926019.07821
2023-01-16,22.412,22.899,21.127,21.858,17538927.01,2023-01-16 23:59:59.999,386117988.76505
2023-01-17,21.861,22.592,21.565,21.833,17011569.07,2023-01-17 23:59:59.999,377443547.72698
2023-01-18,21.833,22.54,19.75,20.343,24609071.76,2023-01-18 23:59:59.999,524108817.64158
2023-01-19,20.344,20.809,20.28,20.728,10952785.44,2023-01-19 23:59:59.999,225421177.47623
2023-01-20,20.727,22.69,20.517,22.461,15505913.68,2023-01-20 23:59:59.999,330889119.83969
2023-01-21,22.46,22.937,21.144,21.809,17295162.06,2023-01-21 23:59:59.999,385680501.50194
2023-01-22,21.809,23.668,21.596,22.54,20914256.02,2023-01-22 23:59:59.999,473302249.3393
2023-01-23,22.541,23.878,22.1,22.784,20468443.63,2023-01-23 23:59:59.999,469573580.39085
2023-01-24,22.785,23.003,20.57,21.17,13379297.79,2023-01-24 23:59:59.999,297305570.59906
2023-01-25,21.171,22.412,20.546,21.851,15233719.88,2023-01-25 23:59:59.999,324580368.22321
2023-01-26,21.855,22.365,21.413,21.987,15027256.66,2023-01-26 23:59:59.999,330021835.08977
2023-01-27,21.987,22.275,21.193,22.014,8941236.89,2023-01-27 23:59:59.999,194384645.44856
2023-01-28,22.014,22.235,21.47,21.715,8220986.36,2023-01-28 23:59:59.999,179517344.75313
2023-01-29,21.715,22.858,21.555,22.742,15009384.61,2023-01-29 23:59:59.999,336037282.22609
2023-01-30,22.742,23.572,20.623,21.334,21291225.95,2023-01-30 23:59:59.999,473408964.00814
2023-01-31,21.335,21.98,21.204,21.689,9412478.69,2023-01-31 23:59:59.999,202974078.00978
2023-02-01,21.688,22.52,20.96,22.372,13003349.17,2023-02-01 23:59:59.999,280868199.7119
2023-02-02,22.373,24.209,21.755,22.427,23471803.45,2023-02-02 23:59:59.999,539078592.1428
2023-02-03,22.428,23.9,22.274,23.189,28868782.91,2023-02-03 23:59:59.999,672038551.36416
2023-02-04,23.19,24.971,23.06,23.827,26829045.59,2023-02-04 23:59:59.999,641785171.76548
2023-02-05,23.827,24.101,22.323,22.865,17857951.79,2023-02-05 23:59:59.999,414107470.29088
2023-02-06,22.862,23.078,21.89,22.124,12527414.19,2023-02-06 23:59:59.999,283063513.43095
2023-02-07,22.124,23.309,22.027,23.208,12500613.25,2023-02-07 23:59:59.999,282138050.56945
2023-02-08,23.209,23.391,22.1,22.638,12935888.93,2023-02-08 23:59:59.999,295125694.40757
2023-02-09,22.636,22.915,20.294,20.889,21935598.34,2023-02-09 23:59:59.999,479821813.76261
2023-02-10,20.891,21.391,20.701,20.963,11377815.87,2023-02-10 23:59:59.999,239405382.09472
2023-02-11,20.962,21.497,20.937,21.48,6524950.51,2023-02-11 23:59:59.999,138804443.29984
2023-02-12,21.479,21.637,20.7,21.045,7522843.4,2023-02-12 23:59:59.999,160227298.55506
2023-02-13,21.045,21.182,19.936,20.633,14404292.88,2023-02-13 23:59:59.999,295840382.08379
2023-02-14,20.633,21.253,20.14,21.222,11776375.89,2023-02-14 23:59:59.999,244206793.41911
2023-02-15,21.221,22.481,20.882,22.458,11522755.93,2023-02-15 23:59:59.999,248068440.69431
2023-02-16,22.458,22.866,21.29,21.343,14675459.48,2023-02-16 23:59:59.999,327014574.21463
2023-02-17,21.344,22.622,21.205,22.419,12427371.72,2023-02-17 23:59:59.999,272752504.09368
2023-02-18,22.419,23.205,22.08,22.633,12179918.05,2023-02-18 23:59:59.999,275410039.00365
2023-02-19,22.633,23.346,22.2,22.514,13643180.52,2023-02-19 23:59:59.999,311045358.74068
2023-02-20,22.51,23.724,21.722,23.188,13540582.31,2023-02-20 23:59:59.999,311298522.84896
2023-02-21,23.189,24.265,22.363,22.844,26790896.86,2023-02-21 23:59:59.999,626330058.69687
2023-02-22,22.845,22.929,21.714,22.483,13521781.24,2023-02-22 23:59:59.999,301265017.78611
2023-02-23,22.483,22.722,21.83,22.109,9574683.02,2023-02-23 23:59:59.999,213039021.35958
2023-02-24,22.108,22.278,20.699,21.098,11166149.75,2023-02-24 23:59:59.999,240000289.70629
2023-02-25,21.098,21.236,20.273,20.975,7389165.63,2023-02-25 23:59:59.999,154318901.82978
2023-02-26,20.974,21.55,20.809,21.398,5072313.23,2023-02-26 23:59:59.999,107559020.70616
2023-02-27,21.399,21.599,20.8,21.297,7803904.68,2023-02-27 23:59:59.999,165608769.58467
2023-02-28,21.297,21.473,20.543,20.76,6893633.37,2023-02-28 23:59:59.999,145453029.91812
2023-03-01,20.76,21.46,20.642,21.278,6640658.91,2023-03-01 23:59:59.999,140595835.06966
2023-03-02,21.279,21.38,20.522,21.1,6464997.72,2023-03-02 23:59:59.999,135037161.60859
2023-03-03,21.099,21.106,18.836,20.355,10466149.14,2023-03-03 23:59:59.999,207802140.2135
2023-03-04,20.355,20.442,19.43,19.936,6343184.46,2023-03-04 23:59:59.999,126951703.64462
2023-03-05,19.935,20.443,19.58,19.745,5901825.52,2023-03-05 23:59:59.999,118149638.13978
2023-03-06,19.744,19.805,19.088,19.638,8108210.76,2023-03-06 23:59:59.999,157969067.99718
2023-03-07,19.638,19.837,18.771,19.21,8572964.76,2023-03-07 23:59:59.999,165599802.26472
2023-03-08,19.209,19.282,17.888,18.231,11352105.84,2023-03-08 23:59:59.999,211496436.81065
2023-03-09,18.23,18.576,16.51,17.049,15049104.37,2023-03-09 23:59:59.999,267421626.72537
2023-03-10,17.048,17.526,16.089,17.407,17820011.44,2023-03-10 23:59:59.999,299937655.30484
2023-03-11,17.408,17.848,16.424,17.146,13205357.65,2023-03-11 23:59:59.999,225082956.36063
2023-03-12,17.145,18.8,16.808,18.729,11252451.47,2023-03-12 23:59:59.999,197440591.28749
2023-03-13,18.73,20.218,18.587,19.558,23705700.75,2023-03-13 23:59:59.999,459871528.18684
2023-03-14,19.559,21.013,19.028,20.216,18001214.27,2023-03-14 23:59:59.999,360863787.67323
2023-03-15,20.215,20.607,17.991,18.384,17970681.25,2023-03-15 23:59:59.999,345487258.30287
2023-03-16,18.385,18.971,18.082,18.709,10388695.31,2023-03-16 23:59:59.999,192406148.12045
2023-03-17,18.708,20.319,18.48,20.272,12378287.18,2023-03-17 23:59:59.999,240287301.336
2023-03-18,20.271,22.583,20.13,20.768,28404806.46,2023-03-18 23:59:59.999,616749444.90391
2023-03-19,20.771,21.755,20.692,21.067,15123877.69,2023-03-19 23:59:59.999,320980157.88823
2023-03-20,21.07,21.298,19.324,19.556,16616418.34,2023-03-20 23:59:59.999,337844246.33679
2023-03-21,19.555,21.155,19.148,20.901,16404930.72,2023-03-21 23:59:59.999,333071958.4182
2023-03-22,20.9,21.056,19.278,20.029,16349136.33,2023-03-22 23:59:59.999,332285604.41156
2023-03-23,20.027,21.336,19.937,20.764,12303884.36,2023-03-23 23:59:59.999,253725543.44278
2023-03-24,20.767,20.885,19.661,20.193,9978589.45,2023-03-24 23:59:59.999,202093613.19534
2023-03-25,20.192,20.624,19.506,19.997,7277772.43,2023-03-25 23:59:59.999,146933237.35056
2023-03-26,19.996,20.473,19.917,20.326,5514739.5,2023-03-26 23:59:59.999,111468835.68739
2023-03-27,20.327,20.366,18.897,19.654,10340834.62,2023-03-27 23:59:59.999,203194455.42045
2023-03-28,19.654,20.261,19.52,20.155,10356248.79,2023-03-28 23:59:59.999,206310554.24711
2023-03-29,20.156,21.049,20.052,20.653,9253024.83,2023-03-29 23:59:59.999,190577742.72524
2023-03-30,20.653,20.957,19.961,20.267,9252786.03,2023-03-30 23:59:59.999,188500309.06114
2023-03-31,20.267,20.853,19.946,20.736,6967470.53,2023-03-31 23:59:59.999,142166197.59654
2023-04-01,20.737,21.648,20.442,21.231,9670236.12,2023-04-01 23:59:59.999,203029833.57633
2023-04-02,21.232,21.28,20.054,20.412,8551795.98,2023-04-02 23:59:59.999,177298733.60367
2023-04-03,20.412,20.9,19.804,20.683,11341588.45,2023-04-03 23:59:59.999,231121200.56481
2023-04-04,20.683,21.502,20.365,21.115,10382367.8,2023-04-04 23:59:59.999,218021991.65899
2023-04-05,21.116,21.567,20.54,21.115,8616888.63,2023-04-05 23:59:59.999,181893749.19504
2023-04-06,21.113,21.14,20.43,20.683,6096470.15,2023-04-06 23:59:59.999,126336511.71922
2023-04-07,20.682,20.786,20.134,20.467,4999349.85,2023-04-07 23:59:59.999,101993921.03646
2023-04-08,20.468,20.611,20.203,20.34,2902974.29,2023-04-08 23:59:59.999,59310015.20459
2023-04-09,20.34,20.7,20.137,20.553,4200473.56,2023-04-09 23:59:59.999,85580063.879
2023-04-10,20.554,21.044,20.256,20.999,5051595.58,2023-04-10 23:59:59.999,104169633.4795
2023-04-11,20.999,22.198,20.82,21.481,15045600.47,2023-04-11 23:59:59.999,323045412.95546
2023-04-12,21.482,22.641,20.587,22.041,31186635.43,2023-04-12 23:59:59.999,677758833.02129
2023-04-13,22.042,22.748,21.55,22.4,18577898.32,2023-04-13 23:59:59.999,413488429.12802
2023-04-14,22.401,23.138,21.792,22.406,18343837.85,2023-04-14 23:59:59.999,413853277.27113
2023-04-15,22.406,22.52,21.903,22.091,7163545.29,2023-04-15 23:59:59.999,159061762.81096
2023-04-16,22.09,22.5,21.811,22.267,7758678.17,2023-04-16 23:59:59.999,172004608.14147
2023-04-17,22.267,22.306,21.447,21.731,9797202.16,2023-04-17 23:59:59.999,213514772.50795
2023-04-18,21.731,22.253,21.325,21.882,9227810.14,2023-04-18 23:59:59.999,201412269.15933
2023-04-19,21.882,21.883,19.651,20.279,12018942.65,2023-04-19 23:59:59.999,248217686.9758
2023-04-20,20.278,20.672,19.647,20.066,9538415.59,2023-04-20 23:59:59.999,193147729.81149
2023-04-21,20.066,20.214,19.034,19.311,9724964.52,2023-04-21 23:59:59.999,191932462.51322
2023-04-22,19.31,20.48,19.293,20.189,11293713.88,2023-04-22 23:59:59.999,226281724.24296
2023-04-23,20.189,20.277,19.29,19.697,8024595.77,2023-04-23 23:59:59.999,159179193.40187
2023-04-24,19.696,20.03,19.024,19.398,8702711.5,2023-04-24 23:59:59.999,169767401.63523
2023-04-25,19.398,20.039,19.065,19.786,8203504.28,2023-04-25 23:59:59.999,159187429.0209
2023-04-26,19.787,20.364,18.442,19.326,11558871.56,2023-04-26 23:59:59.999,226079575.62643
2023-04-27,19.329,20.042,19.235,19.796,8595728.53,2023-04-27 23:59:59.999,169186411.63031
2023-04-28,19.796,19.869,19.334,19.749,4820747.99,2023-04-28 23:59:59.999,94798674.01432
2023-04-29,19.749,19.988,19.615,19.802,3676933.78,2023-04-29 23:59:59.999,73025103.04313
2023-04-30,19.801,19.999,19.279,19.386,5074909.61,2023-04-30 23:59:59.999,99784145.32924
2023-05-01,19.388,19.537,18.826,19.198,5960663.9,2023-05-01 23:59:59.999,114556532.61961
2023-05-02,19.197,19.363,18.9,19.234,4950885.91,2023-05-02 23:59:59.999,94761099.70862
2023-05-03,19.235,19.786,18.8,19.555,7309496.38,2023-05-03 23:59:59.999,140368193.95786
2023-05-04,19.555,19.575,19.123,19.293,4337334.03,2023-05-04 23:59:59.999,83843445.91632
2023-05-05,19.294,19.73,18.986,19.594,5432187.05,2023-05-05 23:59:59.999,105560184.15972
2023-05-06,19.593,19.748,18.6,18.939,6283561.08,2023-05-06 23:59:59.999,120298424.83743
2023-05-07,18.939,19.097,18.639,18.722,3763420.83,2023-05-07 23:59:59.999,71135860.20581
2023-05-08,18.724,18.803,17.331,18.252,9914365.68,2023-05-08 23:59:59.999,180439562.59789
2023-05-09,18.254,19.239,18.049,18.735,10727191.32,2023-05-09 23:59:59.999,201016947.04911
2023-05-10,18.735,19.35,17.782,18.805,12762271.64,2023-05-10 23:59:59.999,237466731.64986
2023-05-11,18.805,18.964,17.667,18.083,10976545.18,2023-05-11 23:59:59.999,201420862.76274
2023-05-12,18.082,18.268,17.557,18.2,7828411.55,2023-05-12 23:59:59.999,140888077.58029
2023-05-13,18.201,18.275,17.955,18.089,3436657.01,2023-05-13 23:59:59.999,62332592.57666
2023-05-14,18.092,18.378,17.906,18.109,3644432.38,2023-05-14 23:59:59.999,66122665.07376
2023-05-15,18.107,18.48,17.861,18.268,5748067.99,2023-05-15 23:59:59.999,105122010.44338
2023-05-16,18.266,18.347,18.013,18.278,4264043.74,2023-05-16 23:59:59.999,77607802.58484
2023-05-17,18.278,18.687,18.164,18.545,7301727.73,2023-05-17 23:59:59.999,134604580.84664
2023-05-18,18.546,18.735,17.857,18.331,6906723.54,2023-05-18 23:59:59.999,126850186.0373
2023-05-19,18.331,18.49,18.206,18.293,3380594.81,2023-05-19 23:59:59.999,61940318.45938
2023-05-20,18.292,18.424,18.152,18.315,2269887.15,2023-05-20 23:59:59.999,41492320.19134
2023-05-21,18.314,18.389,17.824,17.919,3803136.48,2023-05-21 23:59:59.999,68788447.63257
2023-05-22,17.918,18.487,17.715,18.224,5646720.52,2023-05-22 23:59:59.999,102461543.82888
2023-05-23,18.225,18.546,18.148,18.368,3780561.57,2023-05-23 23:59:59.999,69390997.93832
2023-05-24,18.368,18.383,17.541,17.775,6707267.9,2023-05-24 23:59:59.999,119911846.2827
2023-05-25,17.775,17.85,17.319,17.706,4446319.46,2023-05-25 23:59:59.999,78577066.2088
2023-05-26,17.706,18.284,17.616,18.021,5187235.27,2023-05-26 23:59:59.999,92994203.95068
2023-05-27,18.022,18.21,17.838,18.154,2558091.23,2023-05-27 23:59:59.999,46087116.41842
2023-05-28,18.155,18.665,18.13,18.536,3871399.78,2023-05-28 23:59:59.999,71086636.49133
2023-05-29,18.536,18.611,18.22,18.367,3332184.03,2023-05-29 23:59:59.999,61317017.07302
2023-05-30,18.366,18.466,18.165,18.263,3117905.2,2023-05-30 23:59:59.999,57104979.48795
2023-05-31,18.263,18.327,17.8,18.006,3673281.06,2023-05-31 23:59:59.999,66096242.63175
2023-06-01,18.005,18.066,17.626,17.82,3520361.64,2023-06-01 23:59:59.999,62764583.22267
2023-06-02,17.819,18.187,17.662,18.145,3558308.23,2023-06-02 23:59:59.999,64076677.51379
2023-06-03,18.145,18.335,18.008,18.131,2836571.86,2023-06-03 23:59:59.999,51536660.51568
2023-06-04,18.132,18.4,18.086,18.222,2753996.92,2023-06-04 23:59:59.999,50244539.0057
2023-06-05,18.223,18.241,16.5,16.993,8645487.7,2023-06-05 23:59:59.999,150179488.4154
2023-06-06,16.992,17.683,16.875,17.577,5518376.63,2023-06-06 23:59:59.999,95137367.69378
2023-06-07,17.577,17.626,16.737,16.894,5515711.48,2023-06-07 23:59:59.999,94373698.88735
2023-06-08,16.894,17.093,16.765,16.977,3372469.12,2023-06-08 23:59:59.999,57200370.36138
2023-06-09,16.976,17.169,16.735,16.943,3351068.44,2023-06-09 23:59:59.999,56790859.81319
2023-06-10,16.942,16.961,12.568,15.058,17023649.56,2023-06-10 23:59:59.999,250957459.80458
2023-06-11,15.059,15.394,14.829,15.078,5487826.5,2023-06-11 23:59:59.999,82720522.04771
2023-06-12,15.081,15.288,14.678,15.143,5016971.84,2023-06-12 23:59:59.999,75246913.79483
2023-06-13,15.145,15.568,15.002,15.249,4976181.6,2023-06-13 23:59:59.999,75884370.4021
2023-06-14,15.25,15.359,14.348,14.732,5082731.93,2023-06-14 23:59:59.999,76037645.49266
2023-06-15,14.732,15.186,14.655,15.064,5342635.46,2023-06-15 23:59:59.999,79560114.03073
2023-06-16,15.063,15.301,14.698,15.234,4762547.28,2023-06-16 23:59:59.999,71484565.68823
2023-06-17,15.235,15.56,15.104,15.33,3832336.15,2023-06-17 23:59:59.999,58837332.9045
2023-06-18,15.329,15.56,14.91,15.222,4353464.0,2023-06-18 23:59:59.999,66717329.11609
2023-06-19,15.222,15.449,15.011,15.378,3549565.25,2023-06-19 23:59:59.999,54119117.8258
2023-06-20,15.377,15.824,14.976,15.787,5540348.7,2023-06-20 23:59:59.999,85337128.75966
2023-06-21,15.787,16.98,15.733,16.77,11876255.91,2023-06-21 23:59:59.999,195574806.41282
2023-06-22,16.771,17.531,16.311,16.613,8455468.31,2023-06-22 23:59:59.999,143239876.40322
2023-06-23,16.614,19.189,16.611,18.878,18917638.28,2023-06-23 23:59:59.999,342116756.59756
2023-06-24,18.878,19.734,17.93,19.22,26320831.94,2023-06-24 23:59:59.999,497232732.52162
2023-06-25,19.221,19.575,18.066,18.341,12189775.5,2023-06-25 23:59:59.999,228378392.70326
2023-06-26,18.34,19.483,17.689,18.599,20342973.5,2023-06-26 23:59:59.999,376304647.04512
2023-06-27,18.6,18.903,18.239,18.683,12393966.94,2023-06-27 23:59:59.999,230321232.61367
2023-06-28,18.683,18.699,16.865,17.473,10858174.37,2023-06-28 23:59:59.999,193794800.01874
2023-06-29,17.473,18.575,17.435,18.01,8222400.33,2023-06-29 23:59:59.999,147923221.53673
2023-06-30,18.011,21.184,17.903,20.925,48519373.06,2023-06-30 23:59:59.999,961237083.40425
2023-07-01,20.921,23.32,20.54,20.87,38267453.57,2023-07-01 23:59:59.999,824066312.64896
2023-07-02,20.871,20.895,19.647,20.375,18430636.98,2023-07-02 23:59:59.999,373649160.62059
2023-07-03,20.375,20.748,19.81,20.073,13146888.09,2023-07-03 23:59:59.999,264913123.77374
2023-07-04,20.075,20.464,19.08,19.501,12055591.96,2023-07-04 23:59:59.999,239977305.37421
2023-07-05,19.502,19.766,18.488,19.369,11037885.6,2023-07-05 23:59:59.999,211148730.13815
2023-07-06,19.368,20.11,18.592,18.687,16331838.09,2023-07-06 23:59:59.999,315917606.44941
2023-07-07,18.686,19.282,18.454,19.206,9739295.95,2023-07-07 23:59:59.999,184747050.23186
2023-07-08,19.207,19.338,18.619,18.989,5737859.91,2023-07-08 23:59:59.999,108706291.04006
2023-07-09,18.989,19.137,18.512,18.615,4484812.27,2023-07-09 23:59:59.999,84500280.29184
2023-07-10,18.616,19.353,17.966,18.943,9582073.53,2023-07-10 23:59:59.999,179246225.30327
2023-07-11,18.943,19.052,18.576,18.874,5382402.16,2023-07-11 23:59:59.999,101237258.65618
2023-07-12,18.874,19.293,18.401,18.762,6971268.16,2023-07-12 23:59:59.999,131529186.48601
2023-07-13,18.763,20.239,18.579,20.177,16926945.54,2023-07-13 23:59:59.999,328831758.45427
2023-07-14,20.178,20.372,18.193,19.059,18214443.0,2023-07-14 23:59:59.999,357167603.76728
2023-07-15,19.057,19.77,18.92,19.262,7544162.08,2023-07-15 23:59:59.999,145429370.51165
2023-07-16,19.263,19.439,18.63,18.78,6669838.4,2023-07-16 23:59:59.999,127112741.31523
2023-07-17,18.779,19.193,18.424,19.063,8592203.22,2023-07-17 23:59:59.999,162565285.46896
2023-07-18,19.063,19.165,18.432,18.736,6837082.73,2023-07-18 23:59:59.999,128116232.54241
2023-07-19,18.736,19.084,18.67,18.762,6190839.59,2023-07-19 23:59:59.999,116942792.43874
2023-07-20,18.76,19.189,18.466,18.689,7486525.19,2023-07-20 23:59:59.999,140919336.04067
2023-07-21,18.689,18.899,18.566,18.748,5486238.55,2023-07-21 23:59:59.999,102773982.20303
2023-07-22,18.749,18.874,18.275,18.487,4509986.01,2023-07-22 23:59:59.999,84235255.53627
2023-07-23,18.486,18.911,18.366,18.685,5573651.06,2023-07-23 23:59:59.999,103977282.99806
2023-07-24,18.686,18.759,17.585,18.101,7437018.18,2023-07-24 23:59:59.999,135325648.79387
2023-07-25,18.101,18.187,17.924,18.066,4802354.94,2023-07-25 23:59:59.999,86650490.22618
2023-07-26,18.067,18.475,17.893,18.288,6332318.26,2023-07-26 23:59:59.999,114709579.09392
2023-07-27,18.288,18.415,18.008,18.382,4489421.18,2023-07-27 23:59:59.999,81945681.96705
2023-07-28,18.382,18.838,18.364,18.454,7446813.46,2023-07-28 23:59:59.999,138291061.81588
2023-07-29,18.454,18.622,18.401,18.61,2499325.7,2023-07-29 23:59:59.999,46231719.41189
2023-07-30,18.609,19.12,18.165,18.862,9391372.94,2023-07-30 23:59:59.999,175819200.63837
2023-07-31,18.862,19.068,18.334,18.481,6778394.73,2023-07-31 23:59:59.999,126759795.23809
2023-08-01,18.482,18.548,17.616,18.527,6173003.78,2023-08-01 23:59:59.999,112382410.41913
2023-08-02,18.529,18.588,17.8,18.063,5101281.19,2023-08-02 23:59:59.999,92801604.12528
2023-08-03,18.063,18.172,17.813,17.928,4218588.05,2023-08-03 23:59:59.999,75924019.36342
2023-08-04,17.927,18.13,17.689,17.913,4442302.13,2023-08-04 23:59:59.999,79741588.58729
2023-08-05,17.913,17.958,17.7,17.921,2398994.66,2023-08-05 23:59:59.999,42820624.32041
2023-08-06,17.921,18.009,17.782,17.832,2412364.2,2023-08-06 23:59:59.999,43214592.93046
2023-08-07,17.831,18.008,17.131,17.701,6847563.03,2023-08-07 23:59:59.999,121147813.66097
2023-08-08,17.702,18.144,17.583,17.932,5488798.98,2023-08-08 23:59:59.999,97773804.09826
2023-08-09,17.932,18.071,17.656,17.848,3575836.68,2023-08-09 23:59:59.999,63916087.18558
2023-08-10,17.848,17.878,17.615,17.718,2671659.12,2023-08-10 23:59:59.999,47395071.61584
2023-08-11,17.719,17.753,17.516,17.634,2177773.65,2023-08-11 23:59:59.999,38451368.36839
2023-08-12,17.634,17.746,17.593,17.732,1280700.4,2023-08-12 23:59:59.999,22627476.12863
2023-08-13,17.731,17.862,17.416,17.517,2275987.18,2023-08-13 23:59:59.999,40183845.09344
2023-08-14,17.516,17.633,17.351,17.5,2604541.81,2023-08-14 23:59:59.999,45586619.81261
2023-08-15,17.499,17.511,15.756,16.702,5884824.7,2023-08-15 23:59:59.999,99305644.17173
2023-08-16,16.701,16.748,15.698,16.233,6761916.48,2023-08-16 23:59:59.999,110178525.11094
2023-08-17,16.233,16.375,13.251,14.925,11928184.09,2023-08-17 23:59:59.999,184426924.5897
2023-08-18,14.923,15.86,14.875,15.426,10087643.08,2023-08-18 23:59:59.999,155741940.08629
2023-08-19,15.426,15.732,15.23,15.549,3389695.23,2023-08-19 23:59:59.999,52418667.12275
2023-08-20,15.548,15.645,15.307,15.555,2448781.09,2023-08-20 23:59:59.999,37940068.73314
2023-08-21,15.555,15.934,15.261,15.778,8474444.3,2023-08-21 23:59:59.999,132867963.93758
2023-08-22,15.777,15.835,14.801,15.504,6764484.03,2023-08-22 23:59:59.999,104215273.52897
2023-08-23,15.504,16.237,15.462,16.185,6530208.5,2023-08-23 23:59:59.999,103451139.68944
2023-08-24,16.186,16.23,15.781,16.031,4073129.72,2023-08-24 23:59:59.999,65190972.02241
2023-08-25,16.031,16.109,15.683,15.994,5212693.55,2023-08-25 23:59:59.999,82937207.98481
2023-08-26,15.993,16.091,15.74,15.856,2200952.61,2023-08-26 23:59:59.999,34951539.49316
2023-08-27,15.856,16.052,15.742,16.006,2618814.27,2023-08-27 23:59:59.999,41645304.35107
2023-08-28,16.006,16.02,15.545,15.892,4398153.71,2023-08-28 23:59:59.999,69413346.75151
2023-08-29,15.892,17.482,15.568,16.877,11783396.07,2023-08-29 23:59:59.999,194983734.75022
2023-08-30,16.876,16.901,15.869,16.005,5903986.39,2023-08-30 23:59:59.999,96225819.78778
2023-08-31,16.004,16.2,15.061,15.517,8323617.88,2023-08-31 23:59:59.999,130848963.6993
2023-09-01,15.517,15.639,15.191,15.381,5021587.35,2023-09-01 23:59:59.999,77600501.11083
2023-09-02,15.381,15.543,15.265,15.447,2818957.59,2023-09-02 23:59:59.999,43455452.35581
2023-09-03,15.446,15.524,15.202,15.371,2426051.03,2023-09-03 23:59:59.999,37325015.86723
2023-09-04,15.371,15.557,15.126,15.364,3088283.44,2023-09-04 23:59:59.999,47373591.79381
2023-09-05,15.363,15.433,15.087,15.381,3129581.42,2023-09-05 23:59:59.999,47840183.16327
2023-09-06,15.38,15.68,15.1,15.481,4465644.39,2023-09-06 23:59:59.999,68862560.64273
2023-09-07,15.481,15.683,15.33,15.576,2674700.12,2023-09-07 23:59:59.999,41418732.85483
2023-09-08,15.576,15.668,15.169,15.411,3080626.08,2023-09-08 23:59:59.999,47474016.526
2023-09-09,15.411,15.508,15.341,15.39,1748445.93,2023-09-09 23:59:59.999,26963081.40969
2023-09-10,15.391,15.395,14.491,15.073,5770977.96,2023-09-10 23:59:59.999,86692066.90917
2023-09-11,15.073,15.176,14.399,14.705,6834659.79,2023-09-11 23:59:59.999,101029144.94252
2023-09-12,14.707,15.304,14.668,14.961,5953511.62,2023-09-12 23:59:59.999,89436878.36507
2023-09-13,14.961,15.228,14.838,15.15,4384047.87,2023-09-13 23:59:59.999,65986098.33419
2023-09-14,15.15,15.371,15.007,15.245,3745197.27,2023-09-14 23:59:59.999,56963408.71866
2023-09-15,15.246,15.817,15.196,15.676,4730098.47,2023-09-15 23:59:59.999,73071961.83767
2023-09-16,15.675,15.959,15.469,15.644,3584162.51,2023-09-16 23:59:59.999,56266125.75874
2023-09-17,15.643,15.652,15.148,15.405,3336711.74,2023-09-17 23:59:59.999,51456924.30536
2023-09-18,15.406,16.022,15.222,15.677,6431123.47,2023-09-18 23:59:59.999,101245421.0675
2023-09-19,15.676,15.974,15.591,15.74,4497560.3,2023-09-19 23:59:59.999,70787312.19808
2023-09-20,15.741,15.79,15.319,15.574,4021136.38,2023-09-20 23:59:59.999,62526679.14077
2023-09-21,15.572,15.638,15.038,15.215,3962631.6,2023-09-21 23:59:59.999,60628949.09573
2023-09-22,15.213,15.321,15.042,15.184,2437167.77,2023-09-22 23:59:59.999,37066339.24293
2023-09-23,15.185,15.276,15.121,15.254,1726656.98,2023-09-23 23:59:59.999,26267803.98863
2023-09-24,15.255,15.39,14.914,15.079,2811736.57,2023-09-24 23:59:59.999,42783175.56695
2023-09-25,15.079,15.336,14.881,15.218,2945641.11,2023-09-25 23:59:59.999,44691554.66151
2023-09-26,15.217,15.269,14.804,15.099,2569658.38,2023-09-26 23:59:59.999,38829022.10106
2023-09-27,15.1,15.843,15.051,15.342,5737420.91,2023-09-27 23:59:59.999,88382923.59416
2023-09-28,15.342,15.973,15.306,15.802,5730403.44,2023-09-28 23:59:59.999,89634495.00197
2023-09-29,15.802,16.062,15.653,15.865,4625037.54,2023-09-29 23:59:59.999,73332153.60088
2023-09-30,15.865,16.857,15.8,16.335,9778377.23,2023-09-30 23:59:59.999,160131723.51219
2023-10-01,16.334,16.819,16.201,16.694,7790420.43,2023-10-01 23:59:59.999,127956052.59208
2023-10-02,16.693,16.884,15.65,16.139,8598978.88,2023-10-02 23:59:59.999,141941164.81159
2023-10-03,16.139,16.643,15.623,15.687,7911192.71,2023-10-03 23:59:59.999,128322069.84515
2023-10-04,15.687,15.703,15.075,15.623,4969687.68,2023-10-04 23:59:59.999,77126237.05273
2023-10-05,15.623,15.798,15.351,15.436,4127448.2,2023-10-05 23:59:59.999,64327887.06463
2023-10-06,15.435,15.833,15.377,15.703,3038515.23,2023-10-06 23:59:59.999,47373687.80313
2023-10-07,15.703,15.774,15.532,15.651,1930517.49,2023-10-07 23:59:59.999,30232868.35946
2023-10-08,15.649,15.697,15.35,15.486,2179663.32,2023-10-08 23:59:59.999,33821349.52034
2023-10-09,15.485,15.498,14.5,15.034,5705127.91,2023-10-09 23:59:59.999,85800658.76986
2023-10-10,15.034,15.138,14.796,14.929,3137432.73,2023-10-10 23:59:59.999,47031122.80385
2023-10-11,14.929,14.968,14.57,14.928,3496913.17,2023-10-11 23:59:59.999,51811889.83361
2023-10-12,14.927,15.063,14.608,14.77,4331575.62,2023-10-12 23:59:59.999,64239972.34977
2023-10-13,14.771,14.988,14.692,14.84,2715002.68,2023-10-13 23:59:59.999,40195950.41089
2023-10-14,14.841,15.021,14.813,14.987,1607789.14,2023-10-14 23:59:59.999,23979298.66371
2023-10-15,14.987,15.063,14.855,14.933,1982244.2,2023-10-15 23:59:59.999,29632450.25098
2023-10-16,14.932,15.868,14.912,15.233,7092639.11,2023-10-16 23:59:59.999,108628039.65363
2023-10-17,15.233,15.254,14.715,14.945,3802412.65,2023-10-17 23:59:59.999,57188146.20674
2023-10-18,14.945,15.089,14.763,14.8,3098506.34,2023-10-18 23:59:59.999,46244319.75481
2023-10-19,14.8,14.872,14.596,14.799,3357158.09,2023-10-19 23:59:59.999,49460260.44779
2023-10-20,14.798,15.52,14.731,15.293,5169631.72,2023-10-20 23:59:59.999,78712600.47691
2023-10-21,15.293,15.833,15.231,15.736,5224365.56,2023-10-21 23:59:59.999,81144305.68672
2023-10-22,15.736,15.893,15.324,15.864,4887309.87,2023-10-22 23:59:59.999,76253762.64495
2023-10-23,15.864,16.784,15.668,16.646,9868833.14,2023-10-23 23:59:59.999,158375876.83507
2023-10-24,16.644,17.386,16.026,16.466,14154483.1,2023-10-24 23:59:59.999,236263059.54723
2023-10-25,16.465,16.784,16.12,16.395,8410485.93,2023-10-25 23:59:59.999,138393723.09068
2023-10-26,16.395,17.166,15.732,16.572,14011401.45,2023-10-26 23:59:59.999,232736525.81901
2023-10-27,16.572,16.6,15.75,16.061,6460867.12,2023-10-27 23:59:59.999,104850129.85134
2023-10-28,16.059,16.416,16.034,16.234,3942722.17,2023-10-28 23:59:59.999,64073038.89031
2023-10-29,16.235,16.736,15.99,16.656,4092670.17,2023-10-29 23:59:59.999,67138470.92183
2023-10-30,16.655,16.933,16.284,16.793,8011591.84,2023-10-30 23:59:59.999,133473078.54267
2023-10-31,16.792,17.784,16.439,17.482,18804809.25,2023-10-31 23:59:59.999,322862370.46528
2023-11-01,17.482,18.024,17.015,17.781,15076222.99,2023-11-01 23:59:59.999,264891492.87356
2023-11-02,17.781,17.982,16.81,17.317,8921977.17,2023-11-02 23:59:59.999,155825142.93378
2023-11-03,17.318,17.32,16.716,17.268,5895630.32,2023-11-03 23:59:59.999,100236579.63043
2023-11-04,17.268,17.61,17.124,17.503,3806314.48,2023-11-04 23:59:59.999,65994739.1417
2023-11-05,17.502,18.31,17.38,17.992,10520495.52,2023-11-05 23:59:59.999,188167996.22036
2023-11-06,17.993,18.886,17.658,18.542,11485670.42,2023-11-06 23:59:59.999,210829341.10784
2023-11-07,18.543,18.555,17.5,18.131,7792971.15,2023-11-07 23:59:59.999,140899960.88569
2023-11-08,18.131,18.468,18.016,18.339,4901337.06,2023-11-08 23:59:59.999,89302385.00251
2023-11-09,18.339,20.74,17.0,20.709,27452339.42,2023-11-09 23:59:59.999,530845434.23785
2023-11-10,20.709,21.859,20.185,20.758,24659281.81,2023-11-10 23:59:59.999,518049514.8092
2023-11-11,20.758,20.895,19.43,20.055,12442960.52,2023-11-11 23:59:59.999,250439702.53128
2023-11-12,20.056,20.435,19.043,20.072,9483354.8,2023-11-12 23:59:59.999,188683410.75942
2023-11-13,20.072,21.18,19.525,19.992,18107049.93,2023-11-13 23:59:59.999,368288649.75154
2023-11-14,19.993,20.189,18.148,19.085,12686513.02,2023-11-14 23:59:59.999,247259359.76808
2023-11-15,19.084,19.904,18.79,19.896,7575755.83,2023-11-15 23:59:59.999,146435822.82765
2023-11-16,19.896,20.651,18.823,19.282,15744916.05,2023-11-16 23:59:59.999,312199356.95985
2023-11-17,19.283,19.794,18.408,19.387,10975166.71,2023-11-17 23:59:59.999,210976933.80463
2023-11-18,19.387,19.389,18.399,19.205,6352851.62,2023-11-18 23:59:59.999,120347724.98201
2023-11-19,19.205,19.648,18.854,19.609,4584679.76,2023-11-19 23:59:59.999,88027327.12859
2023-11-20,19.608,20.019,19.236,19.461,8490760.93,2023-11-20 23:59:59.999,166490385.99297
2023-11-21,19.462,19.634,17.579,18.068,11066986.68,2023-11-21 23:59:59.999,208443259.45128
2023-11-22,18.067,19.35,18.011,19.0,8314973.79,2023-11-22 23:59:59.999,155887701.0425
2023-11-23,19.0,19.214,18.682,18.924,4798296.87,2023-11-23 23:59:59.999,90966644.6588
2023-11-24,18.924,19.587,18.861,19.209,6245792.91,2023-11-24 23:59:59.999,120258980.69978
2023-11-25,19.21,19.544,19.14,19.439,3290202.71,2023-11-25 23:59:59.999,63643736.46568
2023-11-26,19.439,19.629,18.36,19.122,7148137.29,2023-11-26 23:59:59.999,137020688.21088
2023-11-27,19.124,19.211,18.12,18.547,6084860.17,2023-11-27 23:59:59.999,113130877.68175
2023-11-28,18.548,19.01,18.169,18.858,6133866.93,2023-11-28 23:59:59.999,114303454.95277
2023-11-29,18.857,19.064,18.55,18.744,4093023.83,2023-11-29 23:59:59.999,76961741.01684
2023-11-30,18.744,18.832,18.5,18.656,3264544.11,2023-11-30 23:59:59.999,60841481.76936
2023-12-01,18.655,19.176,18.541,18.991,5563900.57,2023-12-01 23:59:59.999,105386126.62599
2023-12-02,18.992,19.764,18.972,19.619,5442011.61,2023-12-02 23:59:59.999,105457892.68514
2023-12-03,19.619,20.134,19.26,19.861,7916568.22,2023-12-03 23:59:59.999,155970991.14619
2023-12-04,19.862,20.436,19.381,20.009,11511896.11,2023-12-04 23:59:59.999,229792822.67266
2023-12-05,20.009,20.495,19.374,20.279,11232142.34,2023-12-05 23:59:59.999,223857970.36222
2023-12-06,20.28,20.918,19.815,20.284,14629735.65,2023-12-06 23:59:59.999,298068019.35661
2023-12-07,20.285,22.344,20.25,21.997,25390951.63,2023-12-07 23:59:59.999,546310505.10235
2023-12-08,21.997,22.674,21.737,22.283,13600411.44,2023-12-08 23:59:59.999,300862150.06474
2023-12-09,22.284,23.481,21.679,22.065,16500371.1,2023-12-09 23:59:59.999,372545011.83325
2023-12-10,22.065,22.523,21.327,21.989,9018750.23,2023-12-10 23:59:59.999,198186275.86212
2023-12-11,21.989,22.05,17.058,20.168,16047275.65,2023-12-11 23:59:59.999,323163298.95288
2023-12-12,20.168,20.564,19.866,20.326,7551421.67,2023-12-12 23:59:59.999,153131196.90755
2023-12-13,20.325,20.935,19.35,20.75,8513623.92,2023-12-13 23:59:59.999,170597643.19426
2023-12-14,20.752,21.018,19.81,20.894,8042521.39,2023-12-14 23:59:59.999,165673880.5921
2023-12-15,20.894,20.91,19.75,19.967,5288385.62,2023-12-15 23:59:59.999,107692681.37417
2023-12-16,19.967,20.838,19.736,20.738,5531359.95,2023-12-16 23:59:59.999,112909681.4385
2023-12-17,20.737,20.765,19.859,19.98,5454055.52,2023-12-17 23:59:59.999,110468829.17276
2023-12-18,19.98,20.09,18.702,19.916,8121943.81,2023-12-18 23:59:59.999,157794312.92648
2023-12-19,19.916,20.197,19.422,19.661,4611088.13,2023-12-19 23:59:59.999,91499032.24187
2023-12-20,19.662,20.574,19.611,20.211,6266767.24,2023-12-20 23:59:59.999,126160845.5809
2023-12-21,20.211,20.966,20.005,20.671,5567250.08,2023-12-21 23:59:59.999,113903916.93068
2023-12-22,20.673,22.198,20.591,21.915,16842507.28,2023-12-22 23:59:59.999,364227975.21191
2023-12-23,21.916,22.27,21.051,21.483,6297795.29,2023-12-23 23:59:59.999,134993030.64976
2023-12-24,21.481,21.766,20.448,20.859,7465479.49,2023-12-24 23:59:59.999,158032233.15176
2023-12-25,20.859,21.678,20.644,21.46,6188476.37,2023-12-25 23:59:59.999,131834267.03511
2023-12-26,21.461,21.491,19.245,20.853,9201552.57,2023-12-26 23:59:59.999,191240211.4307
2023-12-27,20.853,22.766,20.303,22.744,14387548.73,2023-12-27 23:59:59.999,314130237.5524
2023-12-28,22.744,24.389,22.1,22.465,25638012.01,2023-12-28 23:59:59.999,593592866.21682
2023-12-29,22.464,23.517,21.788,22.511,16495577.26,2023-12-29 23:59:59.999,375266702.13518
2023-12-30,22.511,23.296,22.148,22.292,8017268.5,2023-12-30 23:59:59.999,181310015.18442
2023-12-31,22.291,22.487,21.2,21.95,5226897.41,2023-12-31 23:59:59.999,115681447.74825
2024-01-01,21.95,22.527,21.52,22.512,4604686.86,2024-01-01 23:59:59.999,101559351.72994
2024-01-02,22.512,23.062,21.899,21.991,7525772.09,2024-01-02 23:59:59.999,169591946.96145
2024-01-03,21.991,22.534,18.065,20.017,15523738.73,2024-01-03 23:59:59.999,320288660.1166
2024-01-04,20.018,20.752,19.744,20.464,6449769.2,2024-01-04 23:59:59.999,130379702.79015
2024-01-05,20.464,20.627,19.276,20.124,7533037.1,2024-01-05 23:59:59.999,149921452.84263
2024-01-06,20.124,20.276,19.241,19.879,5866701.9,2024-01-06 23:59:59.999,116206453.78292
2024-01-07,19.879,20.062,18.984,19.244,5339171.29,2024-01-07 23:59:59.999,104729441.7339
2024-01-08,19.247,20.446,18.302,20.318,10244490.36,2024-01-08 23:59:59.999,197887604.81338
2024-01-09,20.317,21.226,19.4,21.22,13501307.7,2024-01-09 23:59:59.999,272975884.73252
2024-01-10,21.219,26.67,20.358,26.416,27271243.07,2024-01-10 23:59:59.999,614445400.24819
2024-01-11,26.413,32.27,25.703,29.617,81281435.01,2024-01-11 23:59:59.999,2379048879.0402
2024-01-12,29.616,32.5,27.48,29.026,50281142.84,2024-01-12 23:59:59.999,1508888980.45831
2024-01-13,29.026,30.093,27.751,28.593,20892659.78,2024-01-13 23:59:59.999,608453092.78354
2024-01-14,28.593,28.799,26.225,26.496,17616858.14,2024-01-14 23:59:59.999,485216474.05235
2024-01-15,26.496,27.823,26.101,26.741,16046352.49,2024-01-15 23:59:59.999,433575675.53133
2024-01-16,26.741,27.912,26.088,27.292,15865601.9,2024-01-16 23:59:59.999,425551273.48598
2024-01-17,27.292,27.483,25.674,26.193,11247949.41,2024-01-17 23:59:59.999,298003481.40573
2024-01-18,26.193,26.201,24.056,24.477,14212340.52,2024-01-18 23:59:59.999,357018631.51504
2024-01-19,24.48,25.487,22.931,25.324,17019602.25,2024-01-19 23:59:59.999,409452235.75995
2024-01-20,25.328,25.363,24.128,24.733,9478369.14,2024-01-20 23:59:59.999,234252827.51018
2024-01-21,24.732,25.491,24.415,24.525,7388595.22,2024-01-21 23:59:59.999,183978831.02608
2024-01-22,24.526,24.653,22.784,22.958,15034044.35,2024-01-22 23:59:59.999,357235330.79754
2024-01-23,22.957,23.863,21.723,23.127,15612924.84,2024-01-23 23:59:59.999,352458513.3749
2024-01-24,23.127,23.45,22.531,23.0,8528884.79,2024-01-24 23:59:59.999,195403028.28246
2024-01-25,23.003,23.549,22.225,23.252,11356778.83,2024-01-25 23:59:59.999,259730834.38154
2024-01-26,23.252,24.118,22.87,23.891,9901891.18,2024-01-26 23:59:59.999,233835513.71513
2024-01-27,23.89,24.64,23.748,24.018,6560962.42,2024-01-27 23:59:59.999,158226753.25837
2024-01-28,24.017,24.444,23.337,23.498,6204829.62,2024-01-28 23:59:59.999,148195371.2163
2024-01-29,23.497,24.899,23.028,24.721,8816681.56,2024-01-29 23:59:59.999,210961361.54857
2024-01-30,24.721,26.245,24.496,25.329,15542294.0,2024-01-30 23:59:59.999,393057455.82848
2024-01-31,25.329,25.838,24.153,24.336,15312036.15,2024-01-31 23:59:59.999,383845103.09225
2024-02-01,24.333,24.935,23.485,24.418,10219931.75,2024-02-01 23:59:59.999,246181566.42856
2024-02-02,24.419,25.458,24.311,25.118,7580815.06,2024-02-02 23:59:59.999,188123843.65113
2024-02-03,25.116,25.724,24.516,24.864,8006219.64,2024-02-03 23:59:59.999,201359482.43998
2024-02-04,24.862,25.642,24.644,24.989,8340082.26,2024-02-04 23:59:59.999,210285685.29246
2024-02-05,24.988,25.205,24.021,24.298,8601996.4,2024-02-05 23:59:59.999,212391352.257
2024-02-06,24.298,25.0,24.16,24.723,7114402.74,2024-02-06 23:59:59.999,174801896.47654
2024-02-07,24.724,25.403,24.304,25.17,6889788.19,2024-02-07 23:59:59.999,170713446.0638
2024-02-08,25.17,25.88,25.011,25.616,6543178.45,2024-02-08 23:59:59.999,166061233.54709
2024-02-09,25.616,26.73,25.548,26.157,8822792.32,2024-02-09 23:59:59.999,230643398.41745
2024-02-10,26.157,26.435,25.368,25.892,4511023.55,2024-02-10 23:59:59.999,116715705.04445
2024-02-11,25.892,26.358,25.512,25.878,5727527.77,2024-02-11 23:59:59.999,148776686.46998
2024-02-12,25.877,27.22,25.42,26.949,8120795.43,2024-02-12 23:59:59.999,212677360.0167
2024-02-13,26.95,27.326,25.787,26.24,8868149.31,2024-02-13 23:59:59.999,235534345.34871
2024-02-14,26.239,27.28,25.696,26.904,7706959.72,2024-02-14 23:59:59.999,205483773.2653
2024-02-15,26.905,27.52,26.348,26.815,11883172.37,2024-02-15 23:59:59.999,319116429.10076
2024-02-16,26.815,27.504,26.102,26.797,8840939.12,2024-02-16 23:59:59.999,237387009.91683
2024-02-17,26.797,26.827,25.446,26.06,5105399.66,2024-02-17 23:59:59.999,133369194.43774
2024-02-18,26.059,26.788,25.752,26.571,4543209.8,2024-02-18 23:59:59.999,119042125.29409
2024-02-19,26.572,27.947,26.237,27.438,8433639.47,2024-02-19 23:59:59.999,227317847.35884
2024-02-20,27.439,27.791,25.683,27.089,12299424.35,2024-02-20 23:59:59.999,330829770.16673
2024-02-21,27.09,27.339,25.209,26.098,8997608.07,2024-02-21 23:59:59.999,234340116.94998
2024-02-22,26.097,26.469,25.466,25.828,6449214.29,2024-02-22 23:59:59.999,167604455.33516
2024-02-23,25.827,25.973,25.048,25.45,6179372.65,2024-02-23 23:59:59.999,157964653.03896
2024-02-24,25.451,26.222,25.089,26.126,3720140.26,2024-02-24 23:59:59.999,95964349.68592
2024-02-25,26.126,27.479,25.983,27.23,7877911.45,2024-02-25 23:59:59.999,211405688.84199
2024-02-26,27.23,28.04,26.43,27.801,12290097.33,2024-02-26 23:59:59.999,335541718.96919
2024-02-27,27.801,28.741,27.504,28.155,11461173.62,2024-02-27 23:59:59.999,322766304.92213
2024-02-28,28.163,31.347,26.122,29.597,20484424.35,2024-02-28 23:59:59.999,590761033.51212
2024-02-29,29.597,31.581,28.16,28.902,20365088.6,2024-02-29 23:59:59.999,618986390.27047
2024-03-01,28.903,30.424,28.816,30.339,7843932.38,2024-03-01 23:59:59.999,232373273.55734
2024-03-02,30.339,34.882,30.256,34.36,22612670.55,2024-03-02 23:59:59.999,746906896.59301
2024-03-03,34.36,36.026,30.354,33.635,18818275.43,2024-03-03 23:59:59.999,636797244.18919
2024-03-04,33.635,36.81,32.659,36.002,17951375.75,2024-03-04 23:59:59.999,618596933.45433
2024-03-05,35.999,39.787,28.992,34.172,37044176.49,2024-03-05 23:59:59.999,1345772612.43021
2024-03-06,34.171,38.548,32.88,37.338,16909564.16,2024-03-06 23:59:59.999,612395040.55412
2024-03-07,37.333,38.45,35.96,37.937,9712970.5,2024-03-07 23:59:59.999,361498355.01075
2024-03-08,37.938,39.47,36.25,38.11,11253863.22,2024-03-08 23:59:59.999,432492516.48682
2024-03-09,38.11,39.7,37.043,37.287,6526696.72,2024-03-09 23:59:59.999,250029717.53796
2024-03-10,37.288,37.782,35.246,36.173,7084326.07,2024-03-10 23:59:59.999,259248448.67596
2024-03-11,36.176,39.685,33.881,38.047,14476872.56,2024-03-11 23:59:59.999,536208009.65604
2024-03-12,38.048,38.344,34.588,36.916,9971888.55,2024-03-12 23:59:59.999,365006866.84605
2024-03-13,36.917,37.679,35.796,36.556,6536455.16,2024-03-13 23:59:59.999,240397341.2523
2024-03-14,36.556,36.957,33.438,35.121,10050386.5,2024-03-14 23:59:59.999,355339860.52271
2024-03-15,35.121,35.63,30.715,33.323,15052848.86,2024-03-15 23:59:59.999,495427215.08321
2024-03-16,33.329,33.7,30.06,30.726,9619494.78,2024-03-16 23:59:59.999,307819143.53267
2024-03-17,30.724,32.413,29.451,31.972,8783334.73,2024-03-17 23:59:59.999,272083837.39217
2024-03-18,31.972,32.134,30.274,31.454,7837914.74,2024-03-18 23:59:59.999,244949225.33013
2024-03-19,31.454,31.645,27.222,27.724,16601311.8,2024-03-19 23:59:59.999,478028762.45284
2024-03-20,27.724,30.753,26.775,30.62,13983026.22,2024-03-20 23:59:59.999,399089767.41341
2024-03-21,30.621,30.902,29.46,30.327,7904353.68,2024-03-21 23:59:59.999,239489626.79727
2024-03-22,30.327,30.771,28.442,29.365,7636732.77,2024-03-22 23:59:59.999,225068560.50024
2024-03-23,29.361,31.42,29.0,30.277,6047056.53,2024-03-23 23:59:59.999,182881137.7548
2024-03-24,30.277,31.753,30.25,31.59,7010439.52,2024-03-24 23:59:59.999,218222816.27337
2024-03-25,31.59,32.809,30.98,32.472,5980535.16,2024-03-25 23:59:59.999,190013027.47907
2024-03-26,32.472,33.262,31.766,32.165,5338837.86,2024-03-26 23:59:59.999,173904929.33935
2024-03-27,32.166,32.586,30.834,31.818,6475501.27,2024-03-27 23:59:59.999,205619889.60146
2024-03-28,31.818,32.903,31.351,32.56,4828120.48,2024-03-28 23:59:59.999,155687411.60171
2024-03-29,32.558,34.996,31.753,34.215,10228949.82,2024-03-29 23:59:59.999,344662342.45814
2024-03-30,34.216,34.604,32.824,32.927,5364390.39,2024-03-30 23:59:59.999,181199266.48644
2024-03-31,32.927,34.512,32.862,34.314,4692800.4,2024-03-31 23:59:59.999,158997916.49005
2024-04-01,34.313,34.855,31.8,32.714,8981707.66,2024-04-01 23:59:59.999,298830662.70314
2024-04-02,32.714,32.715,29.839,30.009,9362684.9,2024-04-02 23:59:59.999,287082274.39891
2024-04-03,30.008,30.995,28.962,30.657,6220624.98,2024-04-03 23:59:59.999,188375569.89817
2024-04-04,30.657,33.337,30.037,32.875,10533544.77,2024-04-04 23:59:59.999,338048916.53479
2024-04-05,32.875,34.1,31.652,33.128,14730652.98,2024-04-05 23:59:59.999,486253919.82744
2024-04-06,33.13,33.65,32.736,33.505,4799421.57,2024-04-06 23:59:59.999,159012474.84633
2024-04-07,33.505,34.832,33.213,33.895,5419950.25,2024-04-07 23:59:59.999,184351995.65784
2024-04-08,33.894,35.946,33.138,35.679,7465026.36,2024-04-08 23:59:59.999,261041060.58034
2024-04-09,35.68,35.869,32.589,32.792,9352169.9,2024-04-09 23:59:59.999,319064522.75763
2024-04-10,32.789,33.604,31.444,33.532,7881770.13,2024-04-10 23:59:59.999,257641456.91476
2024-04-11,33.533,34.649,33.229,33.78,6812418.01,2024-04-11 23:59:59.999,231225579.55266
2024-04-12,33.78,34.095,26.299,29.466,12310363.98,2024-04-12 23:59:59.999,377953576.54979
2024-04-13,29.467,29.904,22.254,25.461,21197396.23,2024-04-13 23:59:59.999,559650338.44628
2024-04-14,25.461,27.149,24.432,26.968,14212139.92,2024-04-14 23:59:59.999,365765023.51478
2024-04-15,26.968,28.219,25.421,26.431,12300574.21,2024-04-15 23:59:59.999,329527730.60274
2024-04-16,26.431,26.879,25.023,26.16,10994312.93,2024-04-16 23:59:59.999,285715945.37741
2024-04-17,26.16,26.621,24.624,25.387,7966849.5,2024-04-17 23:59:59.999,204272219.60803
2024-04-18,25.386,26.372,24.855,26.12,6487437.07,2024-04-18 23:59:59.999,166741198.40157
2024-04-19,26.12,26.635,24.002,26.04,10525784.17,2024-04-19 23:59:59.999,270413846.52206
2024-04-20,26.037,28.17,25.769,27.875,5450915.79,2024-04-20 23:59:59.999,146811167.68051
2024-04-21,27.875,28.289,27.026,27.449,4871867.71,2024-04-21 23:59:59.999,134983076.48108
2024-04-22,27.449,28.561,27.339,28.315,5680772.99,2024-04-22 23:59:59.999,159543675.78771
2024-04-23,28.314,28.506,27.668,28.108,3661263.8,2024-04-23 23:59:59.999,102836635.26029
2024-04-24,28.109,28.47,25.958,26.365,7695615.66,2024-04-24 23:59:59.999,210630489.43724
2024-04-25,26.366,26.922,25.727,26.43,5941731.75,2024-04-25 23:59:59.999,155741016.07084
2024-04-26,26.43,28.0,25.883,27.099,8034536.39,2024-04-26 23:59:59.999,216629772.64357
2024-04-27,27.099,28.246,26.103,27.837,9023554.54,2024-04-27 23:59:59.999,244453284.14923
2024-04-28,27.837,30.054,27.677,27.984,11973300.74,2024-04-28 23:59:59.999,345591422.34207
2024-04-29,27.984,28.515,26.739,27.574,9443120.97,2024-04-29 23:59:59.999,259154183.42412
2024-04-30,27.575,28.013,24.678,25.418,10344352.9,2024-04-30 23:59:59.999,268815415.97863
2024-05-01,25.418,25.662,23.933,25.532,12129169.58,2024-05-01 23:59:59.999,301149757.31738
2024-05-02,25.532,25.928,24.797,25.641,6694734.89,2024-05-02 23:59:59.999,170752831.68994
2024-05-03,25.642,27.5,25.45,26.888,6204662.15,2024-05-03 23:59:59.999,163317384.46772
2024-05-04,26.889,27.522,26.769,26.939,4845891.67,2024-05-04 23:59:59.999,131101094.58428
2024-05-05,26.94,27.852,26.427,27.655,5185399.59,2024-05-05 23:59:59.999,140794539.08997
2024-05-06,27.654,28.98,26.944,26.973,8767397.59,2024-05-06 23:59:59.999,243813053.20728
2024-05-07,26.973,27.888,26.712,27.061,6802765.59,2024-05-07 23:59:59.999,185676848.95169
2024-05-08,27.062,29.376,26.524,27.172,14725794.58,2024-05-08 23:59:59.999,408762177.92645
2024-05-09,27.172,27.81,26.819,27.639,6563328.01,2024-05-09 23:59:59.999,179176501.14078
2024-05-10,27.639,27.816,26.119,26.375,7436307.72,2024-05-10 23:59:59.999,201221660.12636
2024-05-11,26.374,26.984,26.168,26.467,3573902.82,2024-05-11 23:59:59.999,94828835.60362
2024-05-12,26.467,26.917,26.333,26.686,3109517.28,2024-05-12 23:59:59.999,82872643.74364
2024-05-13,26.686,26.985,25.245,26.291,7756949.64,2024-05-13 23:59:59.999,203517303.38103
2024-05-14,26.291,26.436,25.215,25.339,6145671.21,2024-05-14 23:59:59.999,158183467.39517
2024-05-15,25.339,27.171,25.33,27.089,6226246.79,2024-05-15 23:59:59.999,163469833.49597
2024-05-16,27.088,27.522,26.613,27.233,5828629.38,2024-05-16 23:59:59.999,158059549.9487
2024-05-17,27.233,28.777,26.921,28.297,6361702.51,2024-05-17 23:59:59.999,178324807.08334
2024-05-18,28.296,29.133,28.093,28.608,5601565.16,2024-05-18 23:59:59.999,160913525.80578
2024-05-19,28.607,28.896,27.315,27.573,5578300.23,2024-05-19 23:59:59.999,156410841.72139
2024-05-20,27.572,32.999,27.421,32.387,13197510.28,2024-05-20 23:59:59.999,394508986.2199
2024-05-21,32.386,32.983,30.852,31.743,13225170.42,2024-05-21 23:59:59.999,422572115.1551
2024-05-22,31.748,32.0,29.58,30.399,10246655.36,2024-05-22 23:59:59.999,315337943.64734
2024-05-23,30.399,34.378,30.18,32.428,26339752.59,2024-05-23 23:59:59.999,855015506.4026
2024-05-24,32.427,33.934,30.983,31.592,11645424.55,2024-05-24 23:59:59.999,374319140.81164
2024-05-25,31.592,32.347,31.273,31.68,5753839.51,2024-05-25 23:59:59.999,182792496.10977
2024-05-26,31.681,32.796,31.451,31.714,8048089.4,2024-05-26 23:59:59.999,257429346.18327
2024-05-27,31.712,32.74,31.567,31.918,7397731.14,2024-05-27 23:59:59.999,237614426.03996
2024-05-28,31.921,31.937,30.616,31.444,7820286.1,2024-05-28 23:59:59.999,244607971.80444
2024-05-29,31.444,31.689,30.15,30.453,5721997.17,2024-05-29 23:59:59.999,176336166.37581
2024-05-30,30.454,30.773,29.229,29.828,5551581.6,2024-05-30 23:59:59.999,166645336.61157
2024-05-31,29.828,30.587,29.134,29.618,5003960.2,2024-05-31 23:59:59.999,149347403.95345
2024-06-01,29.619,29.844,29.424,29.578,2535196.05,2024-06-01 23:59:59.999,75150952.22013
2024-06-02,29.578,29.841,28.553,28.949,4077967.1,2024-06-02 23:59:59.999,119003506.92299
2024-06-03,28.948,29.498,28.566,28.651,4623153.41,2024-06-03 23:59:59.999,134205229.2934
2024-06-04,28.65,30.021,28.161,29.747,5554882.71,2024-06-04 23:59:59.999,160874485.11918
2024-06-05,29.748,30.056,29.222,29.825,3716234.16,2024-06-05 23:59:59.999,110220016.07403
2024-06-06,29.823,29.837,28.758,29.081,3350575.32,2024-06-06 23:59:59.999,98496868.27831
2024-06-07,29.081,29.443,24.53,27.034,8554016.42,2024-06-07 23:59:59.999,236162189.02758
2024-06-08,27.034,27.192,26.346,26.826,4002726.28,2024-06-08 23:59:59.999,107469793.59054
2024-06-09,26.827,27.063,26.719,26.952,2062934.37,2024-06-09 23:59:59.999,55522717.11171
2024-06-10,26.953,27.104,26.322,26.623,3529733.48,2024-06-10 23:59:59.999,94342263.04071
2024-06-11,26.622,26.623,24.992,25.653,5826385.21,2024-06-11 23:59:59.999,150192939.95749
2024-06-12,25.652,26.744,25.256,26.1,5452099.74,2024-06-12 23:59:59.999,142059112.72168
2024-06-13,26.1,26.154,25.052,25.286,3440010.15,2024-06-13 23:59:59.999,87879961.44437
2024-06-14,25.286,25.665,24.06,25.119,5154088.24,2024-06-14 23:59:59.999,128640747.89889
2024-06-15,25.118,25.696,24.948,25.615,2440791.05,2024-06-15 23:59:59.999,61846248.66634
2024-06-16,25.615,25.667,25.224,25.444,2057568.32,2024-06-16 23:59:59.999,52373354.44831
2024-06-17,25.444,25.535,23.4,24.059,6061891.75,2024-06-17 23:59:59.999,147630485.27587
2024-06-18,24.059,24.115,21.1,23.036,10481819.01,2024-06-18 23:59:59.999,238469277.43113
2024-06-19,23.035,24.18,22.884,23.977,4639018.53,2024-06-19 23:59:59.999,110280048.2064
2024-06-20,23.976,24.794,23.75,24.053,4845624.53,2024-06-20 23:59:59.999,117468810.81566
2024-06-21,24.053,24.1,23.161,23.54,4562421.58,2024-06-21 23:59:59.999,108135120.65596
2024-06-22,23.541,23.633,23.265,23.358,1677240.46,2024-06-22 23:59:59.999,39369226.19113
2024-06-23,23.359,23.528,22.479,22.644,2427275.85,2024-06-23 23:59:59.999,55953179.9197
2024-06-24,22.643,23.037,21.5,22.972,5967809.72,2024-06-24 23:59:59.999,134387621.45135
2024-06-25,22.975,23.72,22.87,23.478,3079378.47,2024-06-25 23:59:59.999,72015660.72096
2024-06-26,23.477,23.966,23.247,23.682,2537919.62,2024-06-26 23:59:59.999,59772894.51977
2024-06-27,23.681,24.389,23.117,24.052,3237880.64,2024-06-27 23:59:59.999,76863163.68835
2024-06-28,24.053,24.43,23.374,23.403,3227838.91,2024-06-28 23:59:59.999,77185664.16801
2024-06-29,23.404,23.743,23.077,23.139,1763009.64,2024-06-29 23:59:59.999,41295720.91331
2024-06-30,23.14,23.878,22.667,23.673,2304750.51,2024-06-30 23:59:59.999,53599197.42037
2024-07-01,23.673,24.074,23.146,23.222,2799763.83,2024-07-01 23:59:59.999,66228334.56412
2024-07-02,23.222,23.45,22.937,23.287,2379695.47,2024-07-02 23:59:59.999,55191770.92889
2024-07-03,23.288,23.332,22.236,22.531,3727187.56,2024-07-03 23:59:59.999,84422844.15245
2024-07-04,22.531,22.628,20.562,20.756,6531128.75,2024-07-04 23:59:59.999,140968121.18818
2024-07-05,20.758,20.82,18.15,20.213,16832303.59,2024-07-05 23:59:59.999,326979878.78628
2024-07-06,20.213,21.288,20.028,21.171,5172006.97,2024-07-06 23:59:59.999,106762284.6999
2024-07-07,21.17,21.237,19.622,19.743,4989715.33,2024-07-07 23:59:59.999,101896917.8626
2024-07-08,19.743,21.124,18.92,20.388,8018006.07,2024-07-08 23:59:59.999,160852488.41016
2024-07-09,20.389,21.058,20.261,20.622,3475595.22,2024-07-09 23:59:59.999,71966776.9771
2024-07-10,20.623,21.207,20.411,20.981,3314585.29,2024-07-10 23:59:59.999,69291400.42997
2024-07-11,20.981,21.807,20.528,20.638,3672664.46,2024-07-11 23:59:59.999,77582614.92253
2024-07-12,20.638,21.765,20.482,21.464,3265062.92,2024-07-12 23:59:59.999,68713259.42593
2024-07-13,21.464,22.542,21.422,22.377,4807409.09,2024-07-13 23:59:59.999,105846996.12044
2024-07-14,22.377,22.722,22.136,22.565,2963089.56,2024-07-14 23:59:59.999,66318163.73355
2024-07-15,22.564,23.966,22.504,23.882,3534995.05,2024-07-15 23:59:59.999,81671377.88585
2024-07-16,23.881,23.996,22.712,23.582,4967758.1,2024-07-16 23:59:59.999,116363793.47547
2024-07-17,23.582,23.888,22.855,22.951,3398440.11,2024-07-17 23:59:59.999,79585846.83941
2024-07-18,22.95,23.481,22.476,22.998,3266940.56,2024-07-18 23:59:59.999,75223634.55331
2024-07-19,22.997,23.676,22.485,23.593,3055102.02,2024-07-19 23:59:59.999,70544613.83082
2024-07-20,23.595,24.219,23.351,23.908,2433526.3,2024-07-20 23:59:59.999,57867920.84396
2024-07-21,23.909,24.339,22.745,24.152,3724931.36,2024-07-21 23:59:59.999,87995837.10741
2024-07-22,24.153,24.31,23.071,23.416,3515604.83,2024-07-22 23:59:59.999,82798017.88944
2024-07-23,23.418,25.127,23.379,24.036,11428347.37,2024-07-23 23:59:59.999,276998750.77937
2024-07-24,24.034,24.129,22.55,22.839,4941160.59,2024-07-24 23:59:59.999,115592508.60222
2024-07-25,22.837,22.935,21.26,22.069,5321889.02,2024-07-25 23:59:59.999,117044479.22398
2024-07-26,22.07,22.972,22.049,22.896,2617498.17,2024-07-26 23:59:59.999,58974496.19213
2024-07-27,22.896,23.267,22.525,22.814,2661173.49,2024-07-27 23:59:59.999,61057054.571
2024-07-28,22.815,22.931,22.364,22.623,1643686.59,2024-07-28 23:59:59.999,37218950.80154
2024-07-29,22.626,23.543,22.517,22.822,3361416.63,2024-07-29 23:59:59.999,77482170.11972
2024-07-30,22.823,23.057,21.93,22.223,2449441.19,2024-07-30 23:59:59.999,55340846.49533
2024-07-31,22.222,22.55,21.631,21.758,2402569.94,2024-07-31 23:59:59.999,53299709.56126
2024-08-01,21.757,22.171,20.395,21.531,4539123.17,2024-08-01 23:59:59.999,96785526.03265
2024-08-02,21.531,21.644,20.017,20.213,4125581.84,2024-08-02 23:59:59.999,85590635.11141
2024-08-03,20.213,20.58,19.114,19.646,4268138.52,2024-08-03 23:59:59.999,85114237.24135
2024-08-04,19.645,19.861,18.256,18.918,4321996.86,2024-08-04 23:59:59.999,82678327.27266
2024-08-05,18.917,19.005,15.604,17.65,18656785.48,2024-08-05 23:59:59.999,316360079.6642
2024-08-06,17.652,18.608,17.605,18.122,4942337.62,2024-08-06 23:59:59.999,89650117.97459
2024-08-07,18.122,18.547,17.663,18.144,5643709.83,2024-08-07 23:59:59.999,102091211.30739
2024-08-08,18.144,20.052,17.871,19.85,5927849.49,2024-08-08 23:59:59.999,111922844.55868
2024-08-09,19.847,19.893,18.906,19.406,3413947.78,2024-08-09 23:59:59.999,66142649.11283
2024-08-10,19.406,19.604,19.247,19.38,1680889.93,2024-08-10 23:59:59.999,32584763.03643
2024-08-11,19.38,19.734,18.338,18.405,2627275.59,2024-08-11 23:59:59.999,50075126.43409
2024-08-12,18.405,19.241,18.213,19.162,3344677.8,2024-08-12 23:59:59.999,62949005.52001
2024-08-13,19.163,19.273,18.679,19.144,2598797.13,2024-08-13 23:59:59.999,49375488.77981
2024-08-14,19.144,19.273,18.498,18.82,3205947.33,2024-08-14 23:59:59.999,60775903.31562
2024-08-15,18.82,19.144,18.264,18.532,3461500.02,2024-08-15 23:59:59.999,64681681.51484
2024-08-16,18.532,18.88,18.282,18.729,2599312.54,2024-08-16 23:59:59.999,48465687.22483
2024-08-17,18.73,18.929,18.553,18.767,1298149.04,2024-08-17 23:59:59.999,24277456.17179
2024-08-18,18.767,19.181,18.547,18.559,1943690.55,2024-08-18 23:59:59.999,36658484.33383
2024-08-19,18.56,19.029,18.494,18.929,2505243.49,2024-08-19 23:59:59.999,47093407.48851
2024-08-20,18.93,19.397,18.646,18.877,2386957.91,2024-08-20 23:59:59.999,45461215.54387
2024-08-21,18.877,19.591,18.717,19.478,3065818.16,2024-08-21 23:59:59.999,58878493.59646
2024-08-22,19.478,19.58,19.2,19.484,1644608.07,2024-08-22 23:59:59.999,31999024.66972
2024-08-23,19.486,20.827,19.471,20.576,3232967.66,2024-08-23 23:59:59.999,64878384.7013
2024-08-24,20.575,20.976,20.353,20.608,2331032.65,2024-08-24 23:59:59.999,48079282.47724
2024-08-25,20.608,20.67,19.835,20.102,2083093.11,2024-08-25 23:59:59.999,42063262.60409
2024-08-26,20.101,20.246,19.354,19.432,2434616.0,2024-08-26 23:59:59.999,48226701.15602
2024-08-27,19.429,19.592,17.789,18.277,3369455.36,2024-08-27 23:59:59.999,63561927.67519
2024-08-28,18.277,19.07,18.095,18.566,3826783.95,2024-08-28 23:59:59.999,70827585.90857
2024-08-29,18.569,18.931,18.252,18.459,1894979.18,2024-08-29 23:59:59.999,35289041.80552
2024-08-30,18.458,18.61,17.877,18.557,2363757.45,2024-08-30 23:59:59.999,43316237.3936
2024-08-31,18.555,18.624,18.187,18.396,991042.52,2024-08-31 23:59:59.999,18221748.81545
2024-09-01,18.397,18.4,17.435,17.604,2580291.59,2024-09-01 23:59:59.999,46346463.70291
2024-09-02,17.602,18.419,17.505,18.258,2161055.98,2024-09-02 23:59:59.999,38745907.05412
2024-09-03,18.258,18.403,17.588,17.641,1792798.81,2024-09-03 23:59:59.999,32157474.65397
2024-09-04,17.637,18.291,16.803,18.072,3202936.05,2024-09-04 23:59:59.999,56586284.54833
2024-09-05,18.066,18.147,17.433,17.593,2409834.74,2024-09-05 23:59:59.999,42681853.86941
2024-09-06,17.593,17.849,16.702,17.286,3965278.6,2024-09-06 23:59:59.999,69076335.8517
2024-09-07,17.285,17.736,17.23,17.622,1746363.91,2024-09-07 23:59:59.999,30597862.60387
2024-09-08,17.623,18.003,17.544,17.944,2030717.85,2024-09-08 23:59:59.999,36066873.31705
2024-09-09,17.943,18.635,17.77,18.339,2456213.2,2024-09-09 23:59:59.999,44555227.14358
2024-09-10,18.34,18.718,18.125,18.547,2051093.13,2024-09-10 23:59:59.999,37701044.86171
2024-09-11,18.549,18.595,17.92,18.446,2795620.74,2024-09-11 23:59:59.999,51194389.93872
2024-09-12,18.445,18.628,18.304,18.547,1998762.77,2024-09-12 23:59:59.999,36918866.32309
2024-09-13,18.547,18.911,18.241,18.84,2672981.62,2024-09-13 23:59:59.999,49475049.17176
2024-09-14,18.841,18.861,18.436,18.592,1296354.07,2024-09-14 23:59:59.999,24169438.43658
2024-09-15,18.593,18.636,17.652,17.773,2464043.26,2024-09-15 23:59:59.999,44857831.63528
2024-09-16,17.773,17.878,17.475,17.728,2322627.57,2024-09-16 23:59:59.999,41090884.98521
2024-09-17,17.729,18.212,17.611,17.973,2358560.11,2024-09-17 23:59:59.999,42333268.1113
2024-09-18,17.975,18.327,17.469,18.315,3296037.27,2024-09-18 23:59:59.999,58719538.80613
2024-09-19,18.316,19.159,18.316,18.787,3105788.86,2024-09-19 23:59:59.999,58105387.43739
2024-09-20,18.788,19.281,18.548,18.989,3614827.14,2024-09-20 23:59:59.999,68495991.86655
2024-09-21,18.99,19.455,18.836,19.354,1991429.61,2024-09-21 23:59:59.999,38132668.98011
2024-09-22,19.355,19.508,18.421,18.888,2544300.78,2024-09-22 23:59:59.999,48169909.27207
2024-09-23,18.888,19.42,18.51,19.095,2633442.11,2024-09-23 23:59:59.999,50274332.4526
2024-09-24,19.095,19.537,18.801,19.409,2850023.38,2024-09-24 23:59:59.999,54402580.66877
2024-09-25,19.409,19.811,19.234,19.292,3097429.26,2024-09-25 23:59:59.999,60386994.59005
2024-09-26,19.293,20.359,19.025,20.309,3848650.2,2024-09-26 23:59:59.999,76643509.34222
2024-09-27,20.308,21.056,20.225,20.834,3517733.99,2024-09-27 23:59:59.999,72710902.17912
2024-09-28,20.834,20.967,20.148,20.547,2896516.36,2024-09-28 23:59:59.999,59492814.05066
2024-09-29,20.548,20.72,20.133,20.413,2695505.94,2024-09-29 23:59:59.999,55162760.28107
2024-09-30,20.414,20.48,19.287,19.455,3733314.08,2024-09-30 23:59:59.999,74221109.39611
2024-10-01,19.455,19.824,17.984,18.395,4978801.74,2024-10-01 23:59:59.999,94145671.8154
2024-10-02,18.396,18.723,17.722,17.929,3989471.96,2024-10-02 23:59:59.999,72739405.31303
2024-10-03,17.929,18.634,17.757,18.512,5363015.46,2024-10-03 23:59:59.999,97934040.46638
2024-10-04,18.511,18.906,18.318,18.754,3251189.99,2024-10-04 23:59:59.999,60423152.56921
2024-10-05,18.754,18.854,18.332,18.537,1604442.08,2024-10-05 23:59:59.999,29832110.07222
2024-10-06,18.537,18.883,18.427,18.743,1862040.64,2024-10-06 23:59:59.999,34766807.76737
2024-10-07,18.743,19.135,18.511,18.549,3234919.82,2024-10-07 23:59:59.999,60902292.64947
2024-10-08,18.548,18.843,18.164,18.33,2668370.04,2024-10-08 23:59:59.999,49322283.33535
2024-10-09,18.329,18.522,17.908,18.104,2147423.3,2024-10-09 23:59:59.999,39251779.30643
2024-10-10,18.104,18.357,17.867,18.191,2194735.95,2024-10-10 23:59:59.999,39824115.04504
2024-10-11,18.191,18.732,18.149,18.577,2197330.22,2024-10-11 23:59:59.999,40565782.33599
2024-10-12,18.577,18.92,18.463,18.768,1538047.18,2024-10-12 23:59:59.999,28797320.05963
2024-10-13,18.768,18.835,18.251,18.544,1653185.5,2024-10-13 23:59:59.999,30656030.62614
2024-10-14,18.544,19.631,18.369,19.487,3145636.88,2024-10-14 23:59:59.999,60021481.07117
2024-10-15,19.487,19.772,18.676,19.346,4115639.33,2024-10-15 23:59:59.999,79138980.10816
2024-10-16,19.346,19.804,19.16,19.363,3203313.18,2024-10-16 23:59:59.999,62349229.09171
2024-10-17,19.363,19.607,18.729,19.039,2650670.66,2024-10-17 23:59:59.999,50518422.98877
2024-10-18,19.038,19.41,18.976,19.352,1873078.63,2024-10-18 23:59:59.999,35934993.49092
2024-10-19,19.351,19.906,19.203,19.882,2158975.41,2024-10-19 23:59:59.999,42220164.04368
2024-10-20,19.884,20.348,19.534,20.19,3284803.43,2024-10-20 23:59:59.999,65318364.97405
2024-10-21,20.194,20.296,19.33,19.407,2843658.81,2024-10-21 23:59:59.999,56224543.17376
2024-10-22,19.405,19.527,18.858,19.06,2631686.52,2024-10-22 23:59:59.999,50391894.22448
2024-10-23,19.06,19.08,18.163,18.634,2622667.75,2024-10-23 23:59:59.999,48890338.61409
2024-10-24,18.635,19.008,18.413,18.873,1834309.0,2024-10-24 23:59:59.999,34358545.15426
2024-10-25,18.872,19.495,17.53,18.235,5481512.4,2024-10-25 23:59:59.999,103088416.09042
2024-10-26,18.235,18.502,17.945,18.212,2225062.48,2024-10-26 23:59:59.999,40637200.8152
2024-10-27,18.211,18.547,18.052,18.409,1592373.13,2024-10-27 23:59:59.999,29117644.50665
2024-10-28,18.408,19.123,18.115,18.988,2673482.81,2024-10-28 23:59:59.999,49589298.34544
2024-10-29,18.988,19.532,18.957,19.434,2420225.25,2024-10-29 23:59:59.999,46597503.9646
2024-10-30,19.435,19.83,19.113,19.454,3333282.69,2024-10-30 23:59:59.999,65054555.3205
2024-10-31,19.453,19.53,18.383,18.594,3190830.31,2024-10-31 23:59:59.999,60569945.0122
2024-11-01,18.595,19.038,18.171,18.453,3804170.09,2024-11-01 23:59:59.999,70676291.56478
2024-11-02,18.453,18.622,17.956,18.118,1659734.99,2024-11-02 23:59:59.999,30211978.15798
2024-11-03,18.117,18.167,17.359,17.782,3118145.87,2024-11-03 23:59:59.999,55363529.12281
2024-11-04,17.783,17.994,17.256,17.593,2175247.0,2024-11-04 23:59:59.999,38515717.82668
2024-11-05,17.593,18.32,17.516,18.217,2209741.78,2024-11-05 23:59:59.999,39817329.40626
2024-11-06,18.217,19.77,18.216,19.683,4848374.94,2024-11-06 23:59:59.999,92637462.84747
2024-11-07,19.683,20.708,19.505,20.264,5533130.5,2024-11-07 23:59:59.999,111451050.64551
2024-11-08,20.266,20.559,19.784,20.454,3729487.43,2024-11-08 23:59:59.999,75314593.19628
2024-11-09,20.454,22.214,20.124,21.792,5268857.67,2024-11-09 23:59:59.999,110475813.78316
2024-11-10,21.792,24.194,21.263,23.039,9901213.43,2024-11-10 23:59:59.999,225838672.16297
2024-11-11,23.04,24.488,22.244,24.403,7708489.44,2024-11-11 23:59:59.999,178352838.73673
2024-11-12,24.404,24.631,21.855,22.764,11475694.1,2024-11-12 23:59:59.999,264692907.6952
2024-11-13,22.765,23.175,21.168,22.092,9171404.65,2024-11-13 23:59:59.999,202978833.87558
2024-11-14,22.091,22.775,21.355,21.815,6132481.19,2024-11-14 23:59:59.999,136066729.97723
2024-11-15,21.815,23.546,21.55,23.009,7039886.52,2024-11-15 23:59:59.999,158362956.70346
2024-11-16,23.01,28.707,22.84,26.756,22027417.75,2024-11-16 23:59:59.999,577369273.1034
2024-11-17,26.755,30.162,25.112,25.826,21563126.32,2024-11-17 23:59:59.999,593045472.48276
2024-11-18,25.829,27.42,25.55,27.053,11679629.2,2024-11-18 23:59:59.999,309904155.16952
2024-11-19,27.053,27.665,25.524,26.186,6142122.73,2024-11-19 23:59:59.999,162167754.36171
2024-11-20,26.187,26.718,24.701,25.38,6760185.44,2024-11-20 23:59:59.999,173470383.81922
2024-11-21,25.382,28.841,24.622,27.369,15105477.37,2024-11-21 23:59:59.999,408396891.06431
2024-11-22,27.371,28.742,26.822,28.539,9888537.25,2024-11-22 23:59:59.999,275282811.60188
2024-11-23,28.545,31.4,28.366,29.661,15519637.76,2024-11-23 23:59:59.999,463680131.42177
2024-11-24,29.659,30.676,27.165,28.867,11305867.41,2024-11-24 23:59:59.999,325188022.53664
2024-11-25,28.866,31.997,27.685,29.805,18049158.39,2024-11-25 23:59:59.999,550912608.62821
2024-11-26,29.802,30.45,27.383,28.352,10964184.02,2024-11-26 23:59:59.999,314331986.7392
2024-11-27,28.353,33.333,27.823,32.935,14012167.46,2024-11-27 23:59:59.999,424558233.90928
2024-11-28,32.929,33.553,31.344,31.934,14726626.51,2024-11-28 23:59:59.999,474344581.09168
2024-11-29,31.929,32.412,31.051,31.969,6022520.6,2024-11-29 23:59:59.999,191044543.39678
2024-11-30,31.969,34.052,31.677,32.724,10374867.7,2024-11-30 23:59:59.999,341835509.14772
2024-12-01,32.724,33.721,31.65,33.359,7635960.99,2024-12-01 23:59:59.999,249145459.05704
2024-12-02,33.359,34.64,31.13,33.902,17292752.31,2024-12-02 23:59:59.999,570867935.50514
2024-12-03,33.898,35.413,30.904,34.778,18043891.74,2024-12-03 23:59:59.999,598485589.14315
2024-12-04,34.779,38.966,34.56,37.743,21237202.78,2024-12-04 23:59:59.999,783052461.16063
2024-12-05,37.74,38.095,34.476,35.641,14012818.48,2024-12-05 23:59:59.999,512714593.28935
2024-12-06,35.642,40.04,34.241,38.33,16330902.34,2024-12-06 23:59:59.999,608228551.53485
2024-12-07,38.33,38.745,36.809,37.25,7636967.64,2024-12-07 23:59:59.999,286679087.95515
2024-12-08,37.251,37.644,35.806,37.106,5206551.24,2024-12-08 23:59:59.999,191426268.66415
2024-12-09,37.109,37.128,27.689,31.35,15894634.09,2024-12-09 23:59:59.999,528175263.88402
2024-12-10,31.348,32.274,27.937,30.171,16235357.9,2024-12-10 23:59:59.999,490890642.90151
2024-12-11,30.173,34.087,28.841,33.502,12104031.09,2024-12-11 23:59:59.999,386460893.51996
2024-12-12,33.502,35.247,33.267,33.827,11831916.15,2024-12-12 23:59:59.999,406583291.69504
2024-12-13,33.828,34.835,33.1,34.015,7991309.9,2024-12-13 23:59:59.999,271883803.72485
2024-12-14,34.016,34.29,31.814,32.548,5706182.25,2024-12-14 23:59:59.999,187951267.29008
2024-12-15,32.549,33.927,32.153,33.776,5379846.8,2024-12-15 23:59:59.999,177099884.44941
2024-12-16,33.777,35.154,32.075,33.204,9441109.22,2024-12-16 23:59:59.999,316806345.64816
2024-12-17,33.205,34.02,32.01,32.488,7372920.16,2024-12-17 23:59:59.999,243972351.28713
2024-12-18,32.49,32.648,29.0,29.384,8974111.47,2024-12-18 23:59:59.999,278625206.40179
2024-12-19,29.383,29.935,25.918,26.711,12925455.53,2024-12-19 23:59:59.999,363576940.85717
2024-12-20,26.711,27.594,23.475,27.432,14080872.21,2024-12-20 23:59:59.999,361204718.1862
2024-12-21,27.43,28.545,25.656,26.028,6831415.46,2024-12-21 23:59:59.999,183253484.98652
2024-12-22,26.029,26.718,25.248,25.967,5702367.55,2024-12-22 23:59:59.999,148435319.20945
2024-12-23,25.969,27.955,25.393,27.548,6503129.43,2024-12-23 23:59:59.999,172264887.86315
2024-12-24,27.548,28.43,26.714,27.934,4441979.33,2024-12-24 23:59:59.999,122631712.37962
2024-12-25,27.931,28.27,26.896,27.302,3396065.08,2024-12-25 23:59:59.999,93341248.8013
2024-12-26,27.302,27.492,25.487,25.852,4116015.97,2024-12-26 23:59:59.999,107988125.06644
2024-12-27,25.853,27.194,25.732,25.984,4323314.73,2024-12-27 23:59:59.999,113831556.75633
2024-12-28,25.984,26.75,25.73,26.555,1996446.96,2024-12-28 23:59:59.999,52313456.49663
2024-12-29,26.554,26.711,25.251,25.524,2132035.37,2024-12-29 23:59:59.999,55549794.39824
2024-12-30,25.523,26.332,24.791,25.42,4059895.4,2024-12-30 23:59:59.999,103657182.43572
2024-12-31,25.42,26.024,24.767,25.037,3063703.82,2024-12-31 23:59:59.999,77630457.35459
2025-01-01,25.036,25.986,24.617,25.802,3636726.7,2025-01-01 23:59:59.999,91956758.70744
2025-01-02,25.803,27.08,25.801,26.905,3621188.77,2025-01-02 23:59:59.999,96256085.05411
2025-01-03,26.905,28.497,26.6,28.447,3582868.73,2025-01-03 23:59:59.999,98991288.11136
2025-01-04,28.447,28.834,27.835,28.354,3087567.95,2025-01-04 23:59:59.999,87434698.8797
2025-01-05,28.356,28.6,27.401,28.13,2205298.3,2025-01-05 23:59:59.999,61635575.61191
2025-01-06,28.131,29.244,27.705,28.669,3387750.31,2025-01-06 23:59:59.999,96334270.98496
2025-01-07,28.669,28.809,25.73,25.887,5838485.7,2025-01-07 23:59:59.999,158976165.49175
2025-01-08,25.887,26.287,24.228,25.247,5469451.3,2025-01-08 23:59:59.999,138437901.88538
2025-01-09,25.246,25.584,24.287,24.857,4415353.2,2025-01-09 23:59:59.999,110353868.30815
2025-01-10,24.857,25.908,24.797,25.663,4188198.23,2025-01-10 23:59:59.999,106363002.43959
2025-01-11,25.664,25.934,25.139,25.541,1879679.6,2025-01-11 23:59:59.999,47819866.74833
2025-01-12,25.542,25.766,24.96,25.246,1737719.86,2025-01-12 23:59:59.999,44150941.3646
2025-01-13,25.246,25.826,22.815,24.564,7642714.65,2025-01-13 23:59:59.999,184100847.73425
2025-01-14,24.565,25.497,24.431,25.389,2959935.42,2025-01-14 23:59:59.999,74124955.29718
2025-01-15,25.388,27.163,24.881,27.117,4389075.95,2025-01-15 23:59:59.999,113530050.03137
2025-01-16,27.115,27.362,26.041,26.693,4923328.66,2025-01-16 23:59:59.999,131589931.38702
2025-01-17,26.694,28.658,26.69,28.256,4322047.85,2025-01-17 23:59:59.999,120346810.53742
2025-01-18,28.256,28.481,26.352,26.917,5064323.91,2025-01-18 23:59:59.999,136783663.91125
2025-01-19,26.917,28.098,24.936,25.41,10121992.35,2025-01-19 23:59:59.999,266923086.19964
2025-01-20,25.411,28.206,24.713,25.779,10984650.77,2025-01-20 23:59:59.999,288237607.51923
2025-01-21,25.78,27.868,24.937,27.124,5803572.75,2025-01-21 23:59:59.999,152495549.39424
2025-01-22,27.123,27.721,26.415,26.822,3640400.05,2025-01-22 23:59:59.999,97967571.51957
2025-01-23,26.822,29.216,26.622,29.018,12602521.7,2025-01-23 23:59:59.999,352316725.32657
2025-01-24,29.018,29.249,27.278,27.367,7767725.11,2025-01-24 23:59:59.999,219301288.78174
2025-01-25,27.366,27.531,26.609,27.039,3865453.15,2025-01-25 23:59:59.999,104520026.77206
2025-01-26,27.037,27.14,26.042,26.162,2683666.76,2025-01-26 23:59:59.999,71704738.31807
2025-01-27,26.162,26.656,24.6,25.986,8519742.13,2025-01-27 23:59:59.999,217843287.02683
2025-01-28,25.988,26.259,24.605,24.957,3231095.34,2025-01-28 23:59:59.999,82672639.25978
2025-01-29,24.956,26.016,24.795,25.518,4052388.71,2025-01-29 23:59:59.999,102957099.25249
2025-01-30,25.519,26.665,25.329,26.272,2505292.68,2025-01-30 23:59:59.999,65757736.85788
2025-01-31,26.272,27.745,25.929,26.833,4473483.82,2025-01-31 23:59:59.999,120204930.10991
2025-02-01,26.833,27.356,24.777,24.945,3808664.56,2025-02-01 23:59:59.999,99356921.61589
2025-02-02,24.946,25.34,21.411,22.495,10024163.72,2025-02-02 23:59:59.999,236016146.70854
2025-02-03,22.494,22.502,16.914,22.027,20788048.29,2025-02-03 23:59:59.999,410805288.05948
2025-02-04,22.027,22.263,20.051,20.645,8587065.7,2025-02-04 23:59:59.999,179186248.39236
2025-02-05,20.646,21.457,20.363,20.679,4485307.78,2025-02-05 23:59:59.999,93588866.75985
2025-02-06,20.678,21.258,19.525,19.671,4922591.16,2025-02-06 23:59:59.999,99921902.00308
2025-02-07,19.671,20.852,19.254,19.79,4679408.07,2025-02-07 23:59:59.999,93893518.99731
2025-02-08,19.789,20.239,19.54,20.101,2760623.39,2025-02-08 23:59:59.999,54865292.85381
2025-02-09,20.099,20.523,19.328,20.136,3262193.07,2025-02-09 23:59:59.999,65535476.42204
2025-02-10,20.136,20.836,19.624,20.678,3497517.51,2025-02-10 23:59:59.999,71207663.1113
2025-02-11,20.678,21.35,19.838,20.206,3953853.75,2025-02-11 23:59:59.999,81642561.59665
2025-02-12,20.206,21.707,19.8,21.371,4478903.19,2025-02-12 23:59:59.999,91857705.17599
2025-02-13,21.372,21.571,20.778,21.129,3015909.15,2025-02-13 23:59:59.999,63687099.6934
2025-02-14,21.129,21.93,21.0,21.379,2721128.9,2025-02-14 23:59:59.999,58246662.45986
2025-02-15,21.378,21.499,20.618,20.788,1722810.01,2025-02-15 23:59:59.999,36274282.23808
2025-02-16,20.788,20.892,20.249,20.425,1679218.25,2025-02-16 23:59:59.999,34529632.72717
2025-02-17,20.426,21.594,20.079,20.896,4037806.75,2025-02-17 23:59:59.999,84381371.96797
2025-02-18,20.893,20.945,19.535,20.16,3849336.25,2025-02-18 23:59:59.999,77274303.32506
2025-02-19,20.159,21.298,19.954,21.163,3029081.15,2025-02-19 23:59:59.999,62826887.94982
2025-02-20,21.162,21.613,20.662,20.918,3638035.59,2025-02-20 23:59:59.999,76542464.38071
2025-02-21,20.918,21.612,19.858,20.197,5271215.6,2025-02-21 23:59:59.999,109479117.26104
2025-02-22,20.197,20.769,20.04,20.451,2810539.19,2025-02-22 23:59:59.999,57314535.81459
2025-02-23,20.451,21.044,20.424,20.738,2264977.8,2025-02-23 23:59:59.999,46840977.33657
2025-02-24,20.738,20.873,18.238,18.616,5917353.21,2025-02-24 23:59:59.999,115393634.95936
2025-02-25,18.615,19.101,17.327,18.879,9159776.46,2025-02-25 23:59:59.999,167076792.08624
2025-02-26,18.879,19.185,18.064,18.751,5162649.24,2025-02-26 23:59:59.999,96544199.10356
2025-02-27,18.752,19.166,18.235,18.709,3757423.59,2025-02-27 23:59:59.999,70736340.96971
2025-02-28,18.71,19.626,17.598,19.553,7526803.21,2025-02-28 23:59:59.999,138524429.09315
2025-03-01,19.553,19.782,18.801,19.04,3556425.51,2025-03-01 23:59:59.999,68529061.44403
2025-03-02,19.04,21.286,18.849,20.994,6374541.08,2025-03-02 23:59:59.999,127834356.80276
2025-03-03,20.994,21.031,18.423,18.695,6863455.4,2025-03-03 23:59:59.999,135695946.31361
2025-03-04,18.696,19.198,17.654,18.939,6511365.05,2025-03-04 23:59:59.999,119519347.97737
2025-03-05,18.94,20.872,18.811,20.483,5309973.16,2025-03-05 23:59:59.999,105692559.86748
2025-03-06,20.484,21.394,19.827,19.949,5414492.88,2025-03-06 23:59:59.999,111433322.2936
2025-03-07,19.949,21.231,19.156,20.391,7667826.58,2025-03-07 23:59:59.999,157121255.68451
2025-03-08,20.39,20.608,19.468,20.219,4076555.49,2025-03-08 23:59:59.999,81406194.77429
2025-03-09,20.22,20.487,17.629,17.921,6115795.17,2025-03-09 23:59:59.999,114208902.94963
2025-03-10,17.922,18.77,16.694,16.861,7843754.99,2025-03-10 23:59:59.999,139558902.20536
2025-03-11,16.865,18.163,15.849,17.857,8037691.52,2025-03-11 23:59:59.999,137680930.74585
2025-03-12,17.857,18.351,17.265,17.974,4724948.14,2025-03-12 23:59:59.999,83645733.10452
2025-03-13,17.973,18.165,17.381,17.885,3289811.63,2025-03-13 23:59:59.999,58475292.11341
2025-03-14,17.885,18.49,17.815,18.012,3033919.55,2025-03-14 23:59:59.999,54992868.60135
2025-03-15,18.012,18.231,17.823,17.93,2660106.65,2025-03-15 23:59:59.999,47840353.09615
2025-03-16,17.93,18.067,17.157,17.452,3729540.8,2025-03-16 23:59:59.999,65599077.64457
2025-03-17,17.452,18.156,17.443,17.824,2845751.27,2025-03-17 23:59:59.999,50770056.47198
2025-03-18,17.823,17.84,17.23,17.682,2726883.53,2025-03-18 23:59:59.999,47670100.40267
2025-03-19,17.681,18.6,17.68,18.534,5287752.37,2025-03-19 23:59:59.999,96293699.23455
2025-03-20,18.535,18.629,17.57,17.883,3240923.88,2025-03-20 23:59:59.999,58380032.49925
2025-03-21,17.884,17.985,17.496,17.684,2375263.97,2025-03-21 23:59:59.999,42068552.84447
2025-03-22,17.683,17.988,17.601,17.655,2122252.01,2025-03-22 23:59:59.999,37835193.65813
2025-03-23,17.655,17.824,17.496,17.794,2009605.7,2025-03-23 23:59:59.999,35549863.85829
2025-03-24,17.795,18.428,17.633,18.301,3431359.27,2025-03-24 23:59:59.999,62316174.82315
2025-03-25,18.301,18.675,18.018,18.418,2708398.01,2025-03-25 23:59:59.999,49674208.11251
2025-03-26,18.418,18.67,17.774,18.002,2983112.6,2025-03-26 23:59:59.999,54470130.21284
2025-03-27,18.002,18.318,17.689,17.793,2627105.74,2025-03-27 23:59:59.999,47271740.62304
2025-03-28,17.794,17.94,16.84,17.129,3736744.68,2025-03-28 23:59:59.999,64361430.10006
2025-03-29,17.128,17.244,16.327,16.594,2859250.37,2025-03-29 23:59:59.999,47922551.58196
2025-03-30,16.596,16.852,16.201,16.493,2740855.83,2025-03-30 23:59:59.999,45565708.95391
2025-03-31,16.494,16.957,16.204,16.76,3296188.93,2025-03-31 23:59:59.999,54684392.21845
2025-04-01,16.761,17.274,16.661,16.897,2845304.17,2025-04-01 23:59:59.999,48223895.7314
2025-04-02,16.896,17.319,15.789,16.073,6699298.85,2025-04-02 23:59:59.999,111105898.95846
2025-04-03,16.074,16.905,15.548,16.225,4611107.3,2025-04-03 23:59:59.999,74201629.15869
2025-04-04,16.226,16.479,15.738,16.238,3349877.18,2025-04-04 23:59:59.999,54075924.04253
2025-04-05,16.237,16.382,15.665,15.872,1986669.52,2025-04-05 23:59:59.999,31886040.94911
2025-04-06,15.871,16.008,13.82,14.151,6863689.1,2025-04-06 23:59:59.999,101655767.5854
2025-04-07,14.151,14.872,12.685,14.493,10829798.4,2025-04-07 23:59:59.999,151070744.09525
2025-04-08,14.49,14.951,13.981,14.067,4914319.01,2025-04-08 23:59:59.999,70639458.04786
2025-04-09,14.067,15.553,13.555,15.299,6437189.38,2025-04-09 23:59:59.999,92776079.13687
2025-04-10,15.299,15.306,14.191,14.784,3852550.13,2025-04-10 23:59:59.999,56750293.58239
2025-04-11,14.785,15.24,14.742,15.154,2474381.64,2025-04-11 23:59:59.999,37193313.71389
2025-04-12,15.153,15.793,15.054,15.526,2665051.19,2025-04-12 23:59:59.999,41110669.98428
2025-04-13,15.526,15.724,15.008,15.209,3381318.61,2025-04-13 23:59:59.999,51735598.07471
2025-04-14,15.209,15.819,15.163,15.226,3765178.81,2025-04-14 23:59:59.999,58306089.7157
2025-04-15,15.224,15.38,14.731,14.849,2841770.4,2025-04-15 23:59:59.999,42965588.41921
2025-04-16,14.849,15.089,14.535,14.839,2975334.01,2025-04-16 23:59:59.999,44186097.47663
2025-04-17,14.84,15.199,14.705,15.071,2143614.16,2025-04-17 23:59:59.999,32092198.48283
2025-04-18,15.071,15.576,14.981,15.43,2205572.26,2025-04-18 23:59:59.999,33867979.6519
2025-04-19,15.431,16.058,15.431,15.949,2408935.16,2025-04-19 23:59:59.999,38128115.19003
2025-04-20,15.949,16.11,15.73,16.051,2351404.51,2025-04-20 23:59:59.999,37427672.68851
2025-04-21,16.052,16.333,15.504,15.601,3359538.18,2025-04-21 23:59:59.999,53790527.40841
2025-04-22,15.602,16.774,15.316,16.657,4215355.15,2025-04-22 23:59:59.999,67307592.9693
2025-04-23,16.658,17.054,16.529,16.769,4165183.08,2025-04-23 23:59:59.999,70082948.40627
2025-04-24,16.768,16.829,16.137,16.748,3150392.18,2025-04-24 23:59:59.999,51951239.16594
2025-04-25,16.749,17.406,16.55,17.232,4330380.9,2025-04-25 23:59:59.999,73990445.05882
2025-04-26,17.231,17.529,16.824,17.023,2572543.56,2025-04-26 23:59:59.999,44134939.60896
2025-04-27,17.024,17.659,16.534,16.549,4683915.57,2025-04-27 23:59:59.999,79864947.40516
2025-04-28,16.548,17.09,16.23,16.987,3536636.8,2025-04-28 23:59:59.999,59137395.5574
2025-04-29,16.988,17.555,16.614,16.714,4061995.87,2025-04-29 23:59:59.999,69492904.31313
2025-04-30,16.713,16.875,16.146,16.508,2795025.98,2025-04-30 23:59:59.999,46328686.62931
2025-05-01,16.507,17.089,16.449,16.876,2602112.32,2025-05-01 23:59:59.999,43727835.65587
2025-05-02,16.876,17.336,16.86,17.224,2622216.53,2025-05-02 23:59:59.999,44862829.56181
2025-05-03,17.225,17.247,16.39,16.592,2653993.89,2025-05-03 23:59:59.999,44512694.50753
2025-05-04,16.591,16.772,15.879,15.993,3218384.16,2025-05-04 23:59:59.999,52547978.90663
2025-05-05,15.993,16.243,15.75,15.997,2782915.37,2025-05-05 23:59:59.999,44508721.66674
2025-05-06,15.997,16.289,15.561,16.227,3761854.69,2025-05-06 23:59:59.999,59640478.7393
2025-05-07,16.226,16.462,15.793,16.183,3584008.19,2025-05-07 23:59:59.999,57841721.83353
2025-05-08,16.182,18.694,16.172,18.627,6322846.85,2025-05-08 23:59:59.999,110321835.94913
2025-05-09,18.628,19.812,18.375,19.218,6098429.84,2025-05-09 23:59:59.999,115974274.73784
2025-05-10,19.218,20.796,18.92,20.696,5460906.28,2025-05-10 23:59:59.999,107653809.36507
2025-05-11,20.694,20.81,19.489,19.963,4216203.17,2025-05-11 23:59:59.999,84304813.66793
2025-05-12,19.965,20.854,19.162,19.78,6611649.94,2025-05-12 23:59:59.999,132559848.23072
2025-05-13,19.782,21.0,18.933,20.671,5200001.68,2025-05-13 23:59:59.999,103923674.8151
2025-05-14,20.67,20.98,19.654,19.865,4511908.48,2025-05-14 23:59:59.999,91173370.53741
2025-05-15,19.865,20.075,18.486,18.943,5381110.89,2025-05-15 23:59:59.999,102990581.67936
2025-05-16,18.942,19.41,18.523,18.686,4139511.85,2025-05-16 23:59:59.999,78870365.01721
2025-05-17,18.686,18.746,17.876,18.114,3865299.79,2025-05-17 23:59:59.999,70575177.02182
2025-05-18,18.114,19.107,17.542,18.71,4799087.78,2025-05-18 23:59:59.999,88131165.13558
2025-05-19,18.71,18.776,17.348,18.517,4924033.85,2025-05-19 23:59:59.999,88643344.28719
2025-05-20,18.518,18.822,17.852,18.405,3884694.79,2025-05-20 23:59:59.999,71241727.98296
2025-05-21,18.405,19.294,18.186,18.984,6322695.44,2025-05-21 23:59:59.999,118077650.85452
2025-05-22,18.985,19.896,18.967,19.69,4249951.69,2025-05-22 23:59:59.999,82941374.14102
2025-05-23,19.691,20.16,18.379,18.478,7198142.11,2025-05-23 23:59:59.999,138016391.98647
2025-05-24,18.478,18.816,18.243,18.388,2911798.47,2025-05-24 23:59:59.999,54118452.27157
2025-05-25,18.388,18.453,17.821,18.332,2812271.35,2025-05-25 23:59:59.999,50915821.44904
2025-05-26,18.332,18.719,18.074,18.228,2793611.43,2025-05-26 23:59:59.999,51426790.02147
2025-05-27,18.228,18.99,17.906,18.608,3505296.02,2025-05-27 23:59:59.999,65121657.80297
2025-05-28,18.608,18.851,17.969,18.461,3454011.46,2025-05-28 23:59:59.999,63714978.24005
2025-05-29,18.46,19.179,18.026,18.108,4222649.6,2025-05-29 23:59:59.999,78574713.20848
2025-05-30,18.107,18.219,16.836,16.929,5460226.58,2025-05-30 23:59:59.999,95320003.21173
2025-05-31,16.927,17.108,16.381,16.924,4439836.99,2025-05-31 23:59:59.999,74439240.13913
2025-06-01,16.924,17.168,16.572,17.086,2312286.2,2025-06-01 23:59:59.999,39029017.22439
2025-06-02,17.085,17.58,16.75,17.551,3169301.73,2025-06-02 23:59:59.999,54066145.4344
2025-06-03,17.552,17.806,17.379,17.559,2965200.62,2025-06-03 23:59:59.999,52164487.70666
2025-06-04,17.56,17.91,17.126,17.246,3430106.27,2025-06-04 23:59:59.999,60202742.01202
2025-06-05,17.244,17.467,16.127,16.271,4763653.93,2025-06-05 23:59:59.999,80001083.79223
2025-06-06,16.271,17.005,16.209,16.693,3520180.69,2025-06-06 23:59:59.999,58449871.82048
2025-06-07,16.694,17.383,16.65,17.212,2427240.48,2025-06-07 23:59:59.999,41561167.07473
2025-06-08,17.211,17.217,16.823,16.93,2061187.19,2025-06-08 23:59:59.999,35093218.26813
2025-06-09,16.931,17.93,16.599,17.855,3832419.99,2025-06-09 23:59:59.999,65679066.253
2025-06-10,17.855,18.608,17.591,18.552,5368517.27,2025-06-10 23:59:59.999,97147810.12937
2025-06-11,18.552,18.724,17.926,18.081,5329265.49,2025-06-11 23:59:59.999,97911807.20967
2025-06-12,18.082,18.13,16.998,17.104,5809826.66,2025-06-12 23:59:59.999,102142453.23658
2025-06-13,17.105,17.111,15.95,16.898,8634167.81,2025-06-13 23:59:59.999,141610176.96281
2025-06-14,16.898,16.9,16.452,16.617,3157730.27,2025-06-14 23:59:59.999,52688141.9431
2025-06-15,16.618,16.8,16.339,16.669,2475507.75,2025-06-15 23:59:59.999,41098982.01329
2025-06-16,16.669,17.527,16.464,16.923,4241075.55,2025-06-16 23:59:59.999,72498710.35279
2025-06-17,16.924,17.174,16.17,16.47,4970992.09,2025-06-17 23:59:59.999,82990381.01621
2025-06-18,16.47,16.698,16.016,16.526,4243794.17,2025-06-18 23:59:59.999,69412509.164
2025-06-19,16.526,16.777,16.371,16.703,3113376.36,2025-06-19 23:59:59.999,51578871.75537
2025-06-20,16.702,16.915,15.814,16.106,4660210.33,2025-06-20 23:59:59.999,76562767.77003
2025-06-21,16.107,16.272,15.149,15.565,4426084.89,2025-06-21 23:59:59.999,70039763.5074
2025-06-22,15.567,15.762,14.45,15.182,9264019.81,2025-06-22 23:59:59.999,140266498.73019
2025-06-23,15.185,16.51,15.085,16.378,6613525.73,2025-06-23 23:59:59.999,103276455.55565
2025-06-24,16.378,16.571,16.19,16.427,3701593.08,2025-06-24 23:59:59.999,60591160.45008
2025-06-25,16.428,16.553,16.128,16.212,3077651.69,2025-06-25 23:59:59.999,50325710.97167
2025-06-26,16.213,16.604,16.004,16.102,3776143.91,2025-06-26 23:59:59.999,61544620.20914
2025-06-27,16.102,16.319,15.865,16.178,3075172.46,2025-06-27 23:59:59.999,49489281.28119
2025-06-28,16.177,16.322,16.048,16.266,1503939.27,2025-06-28 23:59:59.999,24312986.49125
2025-06-29,16.266,17.159,16.155,16.951,2715608.26,2025-06-29 23:59:59.999,45069257.9365
2025-06-30,16.951,17.008,16.392,16.577,3255266.06,2025-06-30 23:59:59.999,54194553.74805
2025-07-01,16.577,16.638,15.831,15.929,3011202.74,2025-07-01 23:59:59.999,48709431.9725
2025-07-02,15.929,17.222,15.816,16.964,4500763.28,2025-07-02 23:59:59.999,74923500.51644
2025-07-03,16.964,17.366,16.893,16.984,3756493.84,2025-07-03 23:59:59.999,64231979.24184
2025-07-04,16.984,17.029,16.065,16.277,3773949.14,2025-07-04 23:59:59.999,62196997.67691
2025-07-05,16.277,16.427,16.086,16.353,1956041.84,2025-07-05 23:59:59.999,31853446.95438
2025-07-06,16.354,16.869,16.232,16.628,2204372.64,2025-07-06 23:59:59.999,36449329.46574
2025-07-07,16.629,16.785,16.355,16.664,2989052.61,2025-07-07 23:59:59.999,49524455.47261
2025-07-08,16.665,17.348,16.332,16.927,6194272.13,2025-07-08 23:59:59.999,103532613.87388
2025-07-09,16.926,17.782,16.78,17.644,4785831.75,2025-07-09 23:59:59.999,82646332.65339
2025-07-10,17.644,18.558,17.459,18.488,5392648.88,2025-07-10 23:59:59.999,96290668.25789
2025-07-11,18.489,18.921,17.992,18.261,6465582.68,2025-07-11 23:59:59.999,120000298.72844
2025-07-12,18.261,18.537,17.733,18.137,3906939.07,2025-07-12 23:59:59.999,71131109.89234
2025-07-13,18.137,18.677,18.054,18.447,3747473.2,2025-07-13 23:59:59.999,68864395.41816
2025-07-14,18.447,19.198,18.284,18.553,5666418.35,2025-07-14 23:59:59.999,106622207.42958
2025-07-15,18.553,19.086,17.804,19.06,6817327.18,2025-07-15 23:59:59.999,124569299.33092
2025-07-16,19.061,20.348,18.911,19.872,9207492.2,2025-07-16 23:59:59.999,180934804.37027
2025-07-17,19.872,20.454,19.308,20.272,8178085.92,2025-07-17 23:59:59.999,162507269.06748
2025-07-18,20.271,24.994,20.117,23.19,28028724.12,2025-07-18 23:59:59.999,654245612.80856
2025-07-19,23.19,25.939,22.441,24.343,21861675.16,2025-07-19 23:59:59.999,527469279.88282
2025-07-20,24.342,25.609,23.942,24.699,16637889.38,2025-07-20 23:59:59.999,412436216.79284
2025-07-21,24.699,24.969,23.617,24.021,10672715.79,2025-07-21 23:59:59.999,260383914.77298
2025-07-22,24.021,24.893,22.936,24.258,12012141.07,2025-07-22 23:59:59.999,285514900.96317
2025-07-23,24.258,24.516,21.874,22.545,10488234.14,2025-07-23 23:59:59.999,242020126.93894
2025-07-24,22.545,23.361,21.253,22.27,10562710.44,2025-07-24 23:59:59.999,238063851.3351
2025-07-25,22.272,22.785,21.502,22.702,7691486.21,2025-07-25 23:59:59.999,170210049.20757
2025-07-26,22.702,23.358,22.495,22.813,5122169.31,2025-07-26 23:59:59.999,117453866.69107
2025-07-27,22.812,23.433,22.465,23.296,4936676.1,2025-07-27 23:59:59.999,113330279.04894
2025-07-28,23.296,23.777,21.731,21.9,8301328.24,2025-07-28 23:59:59.999,188790197.13554
2025-07-29,21.902,22.421,21.439,21.748,5408411.58,2025-07-29 23:59:59.999,118703476.34737
2025-07-30,21.749,21.938,20.355,21.383,6429663.83,2025-07-30 23:59:59.999,136719296.7685
2025-07-31,21.382,21.854,20.52,20.545,4460209.7,2025-07-31 23:59:59.999,95147498.03847
2025-08-01,20.546,20.631,19.28,19.77,8560278.88,2025-08-01 23:59:59.999,171797735.85777
2025-08-02,19.77,20.067,18.996,19.176,4629668.55,2025-08-02 23:59:59.999,90539990.35021
2025-08-03,19.176,20.077,18.904,19.849,7131266.99,2025-08-03 23:59:59.999,139966300.95712
2025-08-04,19.85,21.044,19.841,20.965,4235343.93,2025-08-04 23:59:59.999,86250471.18887
2025-08-05,20.966,21.086,19.735,20.168,4655257.77,2025-08-05 23:59:59.999,94913439.45896
2025-08-06,20.168,20.432,19.714,20.277,3763973.75,2025-08-06 23:59:59.999,75470251.75456
2025-08-07,20.277,21.553,20.092,21.531,4552547.82,2025-08-07 23:59:59.999,94720019.37152
2025-08-08,21.529,22.7,21.156,22.378,10126797.15,2025-08-08 23:59:59.999,222049746.6712
2025-08-09,22.377,23.894,22.353,23.603,7709171.35,2025-08-09 23:59:59.999,179232488.82678
2025-08-10,23.604,24.376,22.556,23.162,7878166.33,2025-08-10 23:59:59.999,183666379.11147
2025-08-11,23.162,23.698,22.053,22.193,7872987.96,2025-08-11 23:59:59.999,180065188.03554
2025-08-12,22.193,23.946,21.885,23.678,8281188.79,2025-08-12 23:59:59.999,190042345.90417
2025-08-13,23.678,24.474,23.325,24.265,8125910.27,2025-08-13 23:59:59.999,194500978.9897
2025-08-14,24.264,24.459,21.779,22.173,11541573.24,2025-08-14 23:59:59.999,265129174.2346
2025-08-15,22.175,22.68,21.536,22.212,5755338.33,2025-08-15 23:59:59.999,127515057.14009
2025-08-16,22.211,22.444,21.961,22.366,3237039.79,2025-08-16 23:59:59.999,71943260.29101
2025-08-17,22.366,22.969,22.184,22.228,4192352.01,2025-08-17 23:59:59.999,94500827.73472
2025-08-18,22.229,22.3,21.119,21.517,5925652.34,2025-08-18 23:59:59.999,127622313.33037
2025-08-19,21.516,21.733,20.464,20.514,6692730.51,2025-08-19 23:59:59.999,141131138.17181
2025-08-20,20.513,21.662,20.401,21.55,4961589.94,2025-08-20 23:59:59.999,104137144.28098
2025-08-21,21.55,21.706,20.858,21.007,3767992.95,2025-08-21 23:59:59.999,80032726.66401
2025-08-22,21.006,25.508,20.515,24.499,17839814.67,2025-08-22 23:59:59.999,415361966.06967
2025-08-23,24.498,24.867,23.75,24.21,7221554.74,2025-08-23 23:59:59.999,174427371.59814
2025-08-24,24.211,24.416,22.91,23.225,11175348.24,2025-08-24 23:59:59.999,263451392.12866
2025-08-25,23.226,23.331,20.88,21.067,9422536.1,2025-08-25 23:59:59.999,207461638.43555
2025-08-26,21.067,21.818,20.942,21.661,6187903.69,2025-08-26 23:59:59.999,131991213.4159
2025-08-27,21.661,21.999,21.349,21.5,6128215.88,2025-08-27 23:59:59.999,133059926.6772
2025-08-28,21.5,21.966,21.311,21.676,4010366.41,2025-08-28 23:59:59.999,86977004.78493
2025-08-29,21.677,21.758,20.52,20.912,5854496.93,2025-08-29 23:59:59.999,122882256.64319
2025-08-30,20.912,21.117,20.546,20.931,2597788.17,2025-08-30 23:59:59.999,54272699.40077
2025-08-31,20.932,21.223,20.662,20.681,2836869.62,2025-08-31 23:59:59.999,59656397.95342
2025-09-01,20.681,21.337,20.043,20.491,5897852.45,2025-09-01 23:59:59.999,121548725.80061
2025-09-02,20.49,20.923,20.258,20.796,3932970.29,2025-09-02 23:59:59.999,81290093.82163
2025-09-03,20.797,21.163,20.589,20.831,3477882.56,2025-09-03 23:59:59.999,72542508.16404
2025-09-04,20.83,20.918,19.985,20.175,3947651.12,2025-09-04 23:59:59.999,80378107.87981
2025-09-05,20.174,20.946,20.168,20.348,5644948.47,2025-09-05 23:59:59.999,115948983.85082
2025-09-06,20.348,20.435,20.03,20.198,2241242.71,2025-09-06 23:59:59.999,45353140.16898
2025-09-07,20.199,20.553,20.18,20.471,2544493.78,2025-09-07 23:59:59.999,51847395.00626
2025-09-08,20.471,21.081,20.351,20.745,4356159.79,2025-09-08 23:59:59.999,90251504.60389
2025-09-09,20.744,21.157,20.314,20.466,5348440.72,2025-09-09 23:59:59.999,110895060.52129
2025-09-10,20.466,21.139,20.359,20.942,4124487.45,2025-09-10 23:59:59.999,85789079.73332
2025-09-11,20.943,21.554,20.871,21.423,4801931.97,2025-09-11 23:59:59.999,102087149.00863
2025-09-12,21.423,22.031,21.236,21.972,4724667.2,2025-09-12 23:59:59.999,101902880.74654
2025-09-13,21.973,22.511,21.762,22.063,5239645.67,2025-09-13 23:59:59.999,115844886.61557
2025-09-14,22.063,22.102,20.89,21.114,4945302.43,2025-09-14 23:59:59.999,105782655.18391
2025-09-15,21.113,21.418,20.146,20.342,6872757.47,2025-09-15 23:59:59.999,141920836.66038
2025-09-16,20.341,20.59,20.074,20.508,4408054.47,2025-09-16 23:59:59.999,89797134.69015
2025-09-17,20.508,21.029,20.085,20.891,5713020.77,2025-09-17 23:59:59.999,116854603.08743
2025-09-18,20.891,21.191,20.691,20.984,4569908.7,2025-09-18 23:59:59.999,95747571.99004
2025-09-19,20.984,21.196,20.02,20.183,4910671.75,2025-09-19 23:59:59.999,100801840.07312
2025-09-20,20.183,20.453,20.081,20.174,2778723.28,2025-09-20 23:59:59.999,56261314.08906
2025-09-21,20.173,20.298,19.768,19.869,3458860.38,2025-09-21 23:59:59.999,69199972.52135
2025-09-22,19.869,19.944,17.623,18.698,11016284.24,2025-09-22 23:59:59.999,206680177.19622
2025-09-23,18.698,19.095,18.403,18.794,4078576.92,2025-09-23 23:59:59.999,76767297.59367
2025-09-24,18.794,19.085,18.411,18.585,6761693.03,2025-09-24 23:59:59.999,127358762.77088
2025-09-25,18.586,18.725,17.557,17.894,7922081.55,2025-09-25 23:59:59.999,143985946.19621
2025-09-26,17.894,18.534,17.711,18.388,4931916.7,2025-09-26 23:59:59.999,89321912.83533
2025-09-27,18.388,18.388,18.03,18.239,2455806.46,2025-09-27 23:59:59.999,44723590.9704
2025-09-28,18.239,18.569,17.843,18.526,2714581.71,2025-09-28 23:59:59.999,49257398.33915
2025-09-29,18.526,18.727,18.12,18.611,3666173.19,2025-09-29 23:59:59.999,67655494.86875
2025-09-30,18.611,18.712,18.028,18.432,4601006.75,2025-09-30 23:59:59.999,84410965.17725
2025-10-01,18.432,19.691,18.188,19.563,6470066.8,2025-10-01 23:59:59.999,122654651.03932
2025-10-02,19.563,20.091,19.377,20.069,6181793.39,2025-10-02 23:59:59.999,122204154.42605
2025-10-03,20.069,20.211,19.442,19.94,5372735.81,2025-10-03 23:59:59.999,106451869.38248
2025-10-04,19.941,20.0,19.228,19.441,3345643.95,2025-10-04 23:59:59.999,65265887.73832
2025-10-05,19.44,20.332,19.282,19.402,4744872.75,2025-10-05 23:59:59.999,93803662.94325
2025-10-06,19.402,20.212,19.292,19.979,4407633.46,2025-10-06 23:59:59.999,87373328.58752
2025-10-07,19.979,20.143,18.939,19.018,6214925.09,2025-10-07 23:59:59.999,121089796.79019
2025-10-08,19.018,19.833,18.85,19.636,4623165.15,2025-10-08 23:59:59.999,89199522.59175
2025-10-09,19.637,19.66,18.635,19.17,5188191.23,2025-10-09 23:59:59.999,98821898.01792
2025-10-10,19.17,20.605,7.637,14.307,34577552.57,2025-10-10 23:59:59.999,548818467.31515
2025-10-11,14.307,15.608,13.813,15.026,17889667.09,2025-10-11 23:59:59.999,265051467.6407
2025-10-12,15.027,17.0,14.678,16.693,11511401.49,2025-10-12 23:59:59.999,182825170.38833
2025-10-13,16.692,17.812,16.491,17.471,8499640.15,2025-10-13 23:59:59.999,144987227.39186
2025-10-14,17.471,17.595,15.929,16.872,10412250.82,2025-10-14 23:59:59.999,173131042.94525
2025-10-15,16.871,17.201,16.091,16.277,6147904.06,2025-10-15 23:59:59.999,102186738.04678
2025-10-16,16.276,16.622,15.626,15.813,7269302.4,2025-10-16 23:59:59.999,117412574.11619
2025-10-17,15.812,15.984,14.645,15.35,8009402.87,2025-10-17 23:59:59.999,122329751.42646
2025-10-18,15.35,15.689,15.267,15.463,3290224.79,2025-10-18 23:59:59.999,50884001.15127
2025-10-19,15.463,15.949,15.126,15.75,5048086.88,2025-10-19 23:59:59.999,78783633.50448
2025-10-20,15.75,16.222,15.438,15.98,5316302.5,2025-10-20 23:59:59.999,84847261.46485
2025-10-21,15.98,16.619,15.467,15.69,7675606.16,2025-10-21 23:59:59.999,122878704.05496
2025-10-22,15.69,15.788,14.982,15.42,6866314.65,2025-10-22 23:59:59.999,106305204.14731
2025-10-23,15.42,15.986,15.381,15.669,3953193.76,2025-10-23 23:59:59.999,61894021.73465
2025-10-24,15.67,16.151,15.607,15.986,3412406.57,2025-10-24 23:59:59.999,54008317.58396
2025-10-25,15.985,16.051,15.802,15.97,1968232.44,2025-10-25 23:59:59.999,31341945.47271
2025-10-26,15.971,16.783,15.811,16.634,3907665.25,2025-10-26 23:59:59.999,63926794.54665
2025-10-27,16.634,16.912,16.302,16.51,3861907.0,2025-10-27 23:59:59.999,64208946.75296
2025-10-28,16.51,16.651,15.622,15.884,4318767.27,2025-10-28 23:59:59.999,70115845.01746
2025-10-29,15.884,16.538,15.791,15.956,4496857.15,2025-10-29 23:59:59.999,72576845.16238
2025-10-30,15.955,16.143,14.821,15.399,6990856.99,2025-10-30 23:59:59.999,107912078.67329
2025-10-31,15.4,16.182,15.321,15.849,4517618.71,2025-10-31 23:59:59.999,71139275.74804
2025-11-01,15.849,16.492,15.8,16.328,2918109.24,2025-11-01 23:59:59.999,47252833.52156
2025-11-02,16.329,16.679,15.861,16.359,2820337.66,2025-11-02 23:59:59.999,45803720.35312
2025-11-03,16.359,16.37,14.22,14.998,8109637.72,2025-11-03 23:59:59.999,122815797.24421
2025-11-04,14.998,15.339,13.51,14.258,11289333.72,2025-11-04 23:59:59.999,163615089.86562
2025-11-05,14.258,14.741,13.574,14.614,6320541.89,2025-11-05 23:59:59.999,90869192.99397
2025-11-06,14.614,14.698,13.937,14.555,5353149.33,2025-11-06 23:59:59.999,76913163.18339
2025-11-07,14.554,18.9,14.546,17.908,25240570.62,2025-11-07 23:59:59.999,421127129.65433
2025-11-08,17.908,18.456,16.056,16.374,11011590.23,2025-11-08 23:59:59.999,187579155.42212
2025-11-09,16.374,16.462,15.763,16.152,6250988.31,2025-11-09 23:59:59.999,100427959.5253
2025-11-10,16.152,16.739,15.922,16.487,6462164.17,2025-11-10 23:59:59.999,105188909.88916
2025-11-11,16.488,16.759,15.545,15.612,5172644.28,2025-11-11 23:59:59.999,82973123.99037
2025-11-12,15.612,16.063,15.076,15.288,4062832.49,2025-11-12 23:59:59.999,63329312.38765
2025-11-13,15.287,15.812,14.671,15.049,5161195.13,2025-11-13 23:59:59.999,78893668.48276
2025-11-14,15.048,15.159,14.441,14.706,5949081.71,2025-11-14 23:59:59.999,88336426.40499
2025-11-15,14.707,15.798,14.699,15.286,4498688.32,2025-11-15 23:59:59.999,68997439.08373
2025-11-16,15.287,15.35,14.25,14.78,4765944.15,2025-11-16 23:59:59.999,70820547.8482
2025-11-17,14.78,15.131,14.057,14.266,4760649.39,2025-11-17 23:59:59.999,69928567.68619
2025-11-18,14.265,14.867,14.035,14.64,4000717.84,2025-11-18 23:59:59.999,57911378.78936
2025-11-19,14.64,14.649,13.591,14.202,4561783.12,2025-11-19 23:59:59.999,64576292.72388
2025-11-20,14.202,14.492,13.341,13.488,5566032.12,2025-11-20 23:59:59.999,77439006.65297
2025-11-21,13.489,13.689,12.447,13.528,8911972.92,2025-11-21 23:59:59.999,118251964.90279
2025-11-22,13.528,13.791,13.2,13.492,3870608.81,2025-11-22 23:59:59.999,52114375.24167
2025-11-23,13.492,13.787,13.444,13.549,2779294.06,2025-11-23 23:59:59.999,37962887.85103
2025-11-24,13.549,14.343,13.421,14.167,4456090.5,2025-11-24 23:59:59.999,61652357.52762
2025-11-25,14.167,14.243,13.681,14.159,2921065.32,2025-11-25 23:59:59.999,40793608.9262
2025-11-26,14.159,14.177,13.611,14.118,3109862.49,2025-11-26 23:59:59.999,43354932.58439
2025-11-27,14.118,14.188,13.809,13.865,2053904.36,2025-11-27 23:59:59.999,28720073.98497
2025-11-28,13.865,14.09,13.587,13.796,3013776.04,2025-11-28 23:59:59.999,41675215.65062
2025-11-29,13.796,13.895,13.532,13.711,1911363.47,2025-11-29 23:59:59.999,26197518.46672
2025-11-30,13.71,14.034,13.612,13.716,1891930.21,2025-11-30 23:59:59.999,26173935.01189
2025-12-01,13.714,13.733,12.632,12.958,5731250.26,2025-12-01 23:59:59.999,74361275.03942
2025-12-02,12.958,13.926,12.83,13.58,3470091.48,2025-12-02 23:59:59.999,46459755.60859
2025-12-03,13.579,14.353,13.535,14.179,3544733.73,2025-12-03 23:59:59.999,49266072.62817
2025-12-04,14.18,14.303,13.553,13.728,2581030.53,2025-12-04 23:59:59.999,36008747.49731
2025-12-05,13.729,13.882,12.929,13.131,4283481.59,2025-12-05 23:59:59.999,57271475.90121
2025-12-06,13.131,13.469,13.073,13.314,1580727.88,2025-12-06 23:59:59.999,20950838.75517
2025-12-07,13.314,13.461,12.795,13.111,2784386.99,2025-12-07 23:59:59.999,36588968.81169
2025-12-08,13.111,13.624,13.051,13.43,2826893.4,2025-12-08 23:59:59.999,37901161.66289
2025-12-09,13.429,14.237,13.217,13.859,4020665.87,2025-12-09 23:59:59.999,55182419.96251
2025-12-10,13.859,14.278,13.539,13.662,4398310.01,2025-12-10 23:59:59.999,60676544.12341
2025-12-11,13.662,13.685,12.936,13.242,4568877.45,2025-12-11 23:59:59.999,60077387.54576
2025-12-12,13.242,13.33,12.64,12.925,3323209.25,2025-12-12 23:59:59.999,43105009.31144
2025-12-13,12.926,13.247,12.921,13.175,1461866.16,2025-12-13 23:59:59.999,19189426.82703
2025-12-14,13.174,13.217,12.638,12.777,2191018.45,2025-12-14 23:59:59.999,28274102.27651
2025-12-15,12.777,13.235,12.071,12.335,5823475.82,2025-12-15 23:59:59.999,73480788.42921
2025-12-16,12.336,12.926,12.022,12.672,5009147.72,2025-12-16 23:59:59.999,62346502.40308
2025-12-17,12.672,12.78,11.903,12.066,5421406.5,2025-12-17 23:59:59.999,66855076.55783
2025-12-18,12.065,12.426,11.456,11.624,5106671.72,2025-12-18 23:59:59.999,60833884.77257
2025-12-19,11.624,12.52,11.522,12.345,3738885.02,2025-12-19 23:59:59.999,45171304.73882
2025-12-20,12.345,12.595,12.288,12.362,1512905.55,2025-12-20 23:59:59.999,18744498.66068
2025-12-21,12.363,12.412,11.992,12.204,2202479.67,2025-12-21 23:59:59.999,26852586.2544
2025-12-22,12.205,12.496,12.051,12.263,3107872.82,2025-12-22 23:59:59.999,38256822.39811
2025-12-23,12.263,12.332,11.87,12.067,2805418.18,2025-12-23 23:59:59.999,33907356.62622
2025-12-24,12.066,12.108,11.787,12.012,2337889.38,2025-12-24 23:59:59.999,27906634.17112
2025-12-25,12.013,12.136,11.628,11.648,2253509.13,2025-12-25 23:59:59.999,26895993.79287
2025-12-26,11.647,12.022,11.544,11.717,3079236.48,2025-12-26 23:59:59.999,36245700.2307
2025-12-27,11.716,12.289,11.636,12.221,2441385.18,2025-12-27 23:59:59.999,28975907.16484
2025-12-28,12.221,12.321,12.005,12.198,2265292.1,2025-12-28 23:59:59.999,27570590.61417
2025-12-29,12.199,12.494,11.861,11.919,3174392.16,2025-12-29 23:59:59.999,38520657.12518
2025-12-30,11.918,12.061,11.81,11.868,2026054.7,2025-12-30 23:59:59.999,24159009.17382
2025-12-31,11.868,11.943,11.296,11.467,2825473.34,2025-12-31 23:59:59.999,32843581.58501
2026-01-01,11.468,12.156,11.449,12.059,2794753.16,2026-01-01 23:59:59.999,32934841.43685
2026-01-02,12.059,12.605,11.905,12.524,3705502.19,2026-01-02 23:59:59.999,45397081.60947
2026-01-03,12.524,12.689,12.243,12.556,2249781.0,2026-01-03 23:59:59.999,28100720.33456
2026-01-04,12.555,12.923,12.542,12.805,2769261.77,2026-01-04 23:59:59.999,35351344.35971
2026-01-05,12.804,13.416,12.777,13.295,3930054.36,2026-01-05 23:59:59.999,51245841.80535
2026-01-06,13.294,13.545,12.765,13.359,3713172.89,2026-01-06 23:59:59.999,49005675.64566
2026-01-07,13.358,13.359,12.679,12.869,2827764.55,2026-01-07 23:59:59.999,36612539.12234
2026-01-08,12.869,12.955,12.321,12.597,3233525.76,2026-01-08 23:59:59.999,40733382.64633
2026-01-09,12.598,12.948,12.466,12.603,2439786.74,2026-01-09 23:59:59.999,30875805.69493
2026-01-10,12.602,12.715,12.454,12.539,1191686.78,2026-01-10 23:59:59.999,14992073.78568
2026-01-11,12.54,12.619,12.19,12.368,1879385.26,2026-01-11 23:59:59.999,23423966.09977
2026-01-12,12.369,12.707,12.091,12.251,3243011.77,2026-01-12 23:59:59.999,40113772.12552
2026-01-13,12.251,13.499,12.23,13.289,4432870.16,2026-01-13 23:59:59.999,57064171.15212
2026-01-14,13.29,13.504,13.053,13.2,3461074.56,2026-01-14 23:59:59.999,45892373.92788
2026-01-15,13.2,13.201,12.417,12.634,3497546.07,2026-01-15 23:59:59.999,44907827.33725
2026-01-16,12.634,12.869,12.228,12.755,2298488.75,2026-01-16 23:59:59.999,28857426.97353
2026-01-17,12.755,13.184,12.685,12.844,2081254.41,2026-01-17 23:59:59.999,26895170.15867
2026-01-18,12.844,12.924,12.212,12.228,2338738.9,2026-01-18 23:59:59.999,29619822.36692
2026-01-19,12.228,12.23,11.0,12.019,5549423.51,2026-01-19 23:59:59.999,65493580.19849
2026-01-20,12.02,12.069,11.322,11.527,3447816.11,2026-01-20 23:59:59.999,40455678.28004
2026-01-21,11.526,11.905,11.304,11.653,3649208.14,2026-01-21 23:59:59.999,42522519.45775
2026-01-22,11.654,11.813,11.407,11.569,2678867.51,2026-01-22 23:59:59.999,31095444.55062
2026-01-23,11.569,11.836,11.45,11.651,2583632.06,2026-01-23 23:59:59.999,30120934.80541
2026-01-24,11.651,11.731,11.528,11.578,1104608.82,2026-01-24 23:59:59.999,12861769.39148
2026-01-25,11.578,11.606,10.987,11.132,3147017.86,2026-01-25 23:59:59.999,35577564.6733
2026-01-26,11.132,11.523,11.106,11.381,2753141.38,2026-01-26 23:59:59.999,31238935.35014
2026-01-27,11.38,11.621,11.198,11.579,2331328.74,2026-01-27 23:59:59.999,26514151.53964
2026-01-28,11.58,11.614,11.387,11.541,2202945.27,2026-01-28 23:59:59.999,25377774.94863
2026-01-29,11.541,11.576,10.576,10.792,4373939.83,2026-01-29 23:59:59.999,47967154.63968
2026-01-30,10.793,10.87,10.383,10.595,4889079.64,2026-01-30 23:59:59.999,51946055.20007
2026-01-31,10.595,10.635,9.005,9.757,7742888.53,2026-01-31 23:59:59.999,75953627.03728
2026-02-01,9.758,9.921,9.277,9.503,4206496.38,2026-02-01 23:59:59.999,40602413.43209
2026-02-02,9.504,9.932,9.195,9.809,5109502.37,2026-02-02 23:59:59.999,48986574.93715
2026-02-03,9.808,9.947,9.184,9.565,4887208.45,2026-02-03 23:59:59.999,47036508.67924
2026-02-04,9.566,9.78,9.15,9.333,4662142.72,2026-02-04 23:59:59.999,44124615.75074
2026-02-05,9.333,9.434,7.908,8.046,12074700.79,2026-02-05 23:59:59.999,104096371.88433
2026-02-06,8.046,8.995,7.132,8.823,16171557.02,2026-02-06 23:59:59.999,132522649.37636
2026-02-07,8.824,8.903,8.442,8.77,4534438.2,2026-02-07 23:59:59.999,39494787.52325
2026-02-08,8.77,8.788,8.472,8.563,2530996.93,2026-02-08 23:59:59.999,21908561.11863
2026-02-09,8.562,8.709,8.209,8.591,3238398.81,2026-02-09 23:59:59.999,27502872.51718
2026-02-10,8.591,8.627,8.236,8.329,2683803.39,2026-02-10 23:59:59.999,22516879.13878
2026-02-11,8.329,8.441,7.941,8.134,4372362.62,2026-02-11 23:59:59.999,35628594.85921
2026-02-12,8.135,8.411,7.97,8.238,3608829.12,2026-02-12 23:59:59.999,29676069.23176
2026-02-13,8.237,8.616,8.096,8.517,3089117.26,2026-02-13 23:59:59.999,25774756.75521
2026-02-14,8.516,9.06,8.515,8.993,3225264.18,2026-02-14 23:59:59.999,28330316.25331
2026-02-15,8.992,9.152,8.586,8.732,3937933.56,2026-02-15 23:59:59.999,34936395.6822
2026-02-16,8.732,8.896,8.594,8.831,2890250.15,2026-02-16 23:59:59.999,25262906.35166
2026-02-17,8.831,8.857,8.569,8.676,2699829.74,2026-02-17 23:59:59.999,23536111.84323
2026-02-18,8.677,8.788,8.371,8.427,2337438.18,2026-02-18 23:59:59.999,20106384.31187
2026-02-19,8.428,8.483,8.143,8.268,2868793.57,2026-02-19 23:59:59.999,23813163.00196
2026-02-20,8.268,8.768,8.181,8.745,4540536.68,2026-02-20 23:59:59.999,38418472.47719
2026-02-21,8.745,9.783,8.687,9.032,14626894.99,2026-02-21 23:59:59.999,137331912.94595
2026-02-22,9.032,9.032,8.443,8.51,5241908.74,2026-02-22 23:59:59.999,45827110.00524
2026-02-23,8.509,8.535,8.087,8.355,5587067.12,2026-02-23 23:59:59.999,46474153.07497
2026-02-24,8.354,8.44,8.075,8.284,3654129.12,2026-02-24 23:59:59.999,30144182.90378
2026-02-25,8.286,9.637,8.255,9.154,6410710.4,2026-02-25 23:59:59.999,57038184.75099
2026-02-26,9.155,9.246,8.647,8.855,4541209.28,2026-02-26 23:59:59.999,40620520.48745
2026-02-27,8.856,9.07,8.462,8.636,3645282.35,2026-02-27 23:59:59.999,32056583.69769
2026-02-28,8.636,8.742,8.111,8.67,5167745.08,2026-02-28 23:59:59.999,43290174.8413
2026-03-01,8.671,8.913,8.3,8.471,4399094.57,2026-03-01 23:59:59.999,37854469.64688
2026-03-02,8.472,8.968,8.43,8.717,4712316.37,2026-03-02 23:59:59.999,40950100.84753
2026-03-03,8.717,8.738,8.312,8.487,4043924.57,2026-03-03 23:59:59.999,34311129.94126
2026-03-04,8.487,9.022,8.351,8.84,4716911.71,2026-03-04 23:59:59.999,40896168.92919
2026-03-05,8.84,8.941,8.509,8.647,3950092.23,2026-03-05 23:59:59.999,34488344.39692
2026-03-06,8.647,8.724,8.118,8.244,4022082.79,2026-03-06 23:59:59.999,33801104.09238
2026-03-07,8.244,8.277,8.035,8.118,2309492.38,2026-03-07 23:59:59.999,18861648.88718
2026-03-08,8.119,8.186,7.848,7.98,3445152.22,2026-03-08 23:59:59.999,27706360.3797
2026-03-09,7.98,8.356,7.967,8.153,3682172.12,2026-03-09 23:59:59.999,30049685.17883
2026-03-10,8.152,8.536,8.141,8.235,4137254.37,2026-03-10 23:59:59.999,34430401.42055
2026-03-11,8.235,8.428,8.124,8.28,2926646.88,2026-03-11 23:59:59.999,24178079.90124
2026-03-12,8.279,8.315,8.094,8.263,2969370.85,2026-03-12 23:59:59.999,24373718.39944
2026-03-13,8.263,8.844,8.242,8.476,4628633.79,2026-03-13 23:59:59.999,39525609.24223
2026-03-14,8.475,8.514,8.182,8.249,2738279.42,2026-03-14 23:59:59.999,22733837.55885
2026-03-15,8.25,8.517,8.185,8.473,3117027.64,2026-03-15 23:59:59.999,25945977.72316
2026-03-16,8.473,9.226,8.439,9.023,6832278.4,2026-03-16 23:59:59.999,60732815.87982
2026-03-17,9.022,9.084,8.761,8.856,3073097.96,2026-03-17 23:59:59.999,27326432.64159
2026-03-18,8.856,8.956,8.289,8.503,4407772.7,2026-03-18 23:59:59.999,37785654.77261
2026-03-19,8.504,8.644,8.231,8.341,2899781.32,2026-03-19 23:59:59.999,24301996.60334
2026-03-20,8.342,8.511,8.293,8.398,2245932.98,2026-03-20 23:59:59.999,18846343.03119
2026-03-21,8.398,8.455,8.1,8.162,1815741.4,2026-03-21 23:59:59.999,15145583.46803
2026-03-22,8.161,8.274,7.938,8.028,3259634.52,2026-03-22 23:59:59.999,26453054.68936
2026-03-23,8.028,8.726,7.971,8.578,5326611.44,2026-03-23 23:59:59.999,44500549.97723
2026-03-24,8.578,8.725,8.333,8.657,3219507.5,2026-03-24 23:59:59.999,27354552.46416
2026-03-25,8.657,8.818,8.606,8.665,2260095.92,2026-03-25 23:59:59.999,19654069.77042
2026-03-26,8.665,8.698,8.129,8.204,3037524.1,2026-03-26 23:59:59.999,25350537.23466
2026-03-27,8.205,8.235,7.958,8.088,2625047.66,2026-03-27 23:59:59.999,21238897.86307
2026-03-28,8.088,8.245,8.01,8.025,1735300.1,2026-03-28 23:59:59.999,14117343.71457
2026-03-29,8.025,8.085,7.748,7.934,2169993.55,2026-03-29 23:59:59.999,17256103.79019
2026-03-30,7.935,8.394,7.916,8.069,3359872.78,2026-03-30 23:59:59.999,27490813.46376
2026-03-31,8.07,8.243,7.988,8.183,2698152.12,2026-03-31 23:59:59.999,21909037.71425
2026-04-01,8.182,8.366,8.117,8.187,2618443.85,2026-04-01 23:59:59.999,21601022.0184
2026-04-02,8.188,8.26,7.792,7.864,3572755.93,2026-04-02 23:59:59.999,28313281.30707
2026-04-03,7.864,8.187,7.824,8.08,2778473.13,2026-04-03 23:59:59.999,22284667.10179
2026-04-04,8.08,9.002,8.061,8.621,7838635.25,2026-04-04 23:59:59.999,66954127.58299
2026-04-05,8.619,8.822,8.391,8.726,4558741.15,2026-04-05 23:59:59.999,38903884.11018
2026-04-06,8.727,8.813,8.37,8.423,3383222.64,2026-04-06 23:59:59.999,29256254.44381
2026-04-07,8.423,8.949,8.087,8.851,6284370.54,2026-04-07 23:59:59.999,52586678.17787
2026-04-08,8.851,8.884,8.368,8.412,3288318.17,2026-04-08 23:59:59.999,28386987.57868
2026-04-09,8.411,8.608,8.305,8.433,2648003.4,2026-04-09 23:59:59.999,22259741.11796
2026-04-10,8.433,8.638,8.368,8.489,2405458.64,2026-04-10 23:59:59.999,20430348.28722
2026-04-11,8.488,8.564,8.254,8.43,2588730.99,2026-04-11 23:59:59.999,21732944.91135
2026-04-12,8.431,8.452,8.094,8.123,2776812.32,2026-04-12 23:59:59.999,22773251.7394
2026-04-13,8.124,8.618,8.106,8.605,2959135.25,2026-04-13 23:59:59.999,24464978.81478
2026-04-14,8.605,8.625,8.247,8.306,2906840.48,2026-04-14 23:59:59.999,24527187.19451
2026-04-15,8.307,8.542,8.25,8.447,1836140.37,2026-04-15 23:59:59.999,15380118.70124
2026-04-16,8.448,8.899,8.353,8.745,3594296.2,2026-04-16 23:59:59.999,30865928.63771
2026-04-17,8.746,8.931,8.509,8.768,3075356.14,2026-04-17 23:59:59.999,26867666.8216
2026-04-18,8.767,8.828,8.422,8.497,2089407.72,2026-04-18 23:59:59.999,17980092.81563
2026-04-19,8.496,8.532,8.176,8.228,2380817.61,2026-04-19 23:59:59.999,19893763.71504
2026-04-20,8.228,8.488,8.214,8.388,1789605.96,2026-04-20 23:59:59.999,14999489.77633
2026-04-21,8.388,8.539,8.272,8.432,1902542.38,2026-04-21 23:59:59.999,16001947.49129
2026-04-22,8.432,8.751,8.411,8.438,2555830.18,2026-04-22 23:59:59.999,21990226.90786
2026-04-23,8.438,8.556,8.334,8.509,2238193.09,2026-04-23 23:59:59.999,18890126.38907
2026-04-24,8.51,8.608,8.412,8.524,1718808.69,2026-04-24 23:59:59.999,14643638.36842
2026-04-25,8.524,8.579,8.391,8.439,1421726.1,2026-04-25 23:59:59.999,12073515.55253
2026-04-26,8.438,8.542,8.378,8.522,1495263.8,2026-04-26 23:59:59.999,12654895.4364
2026-04-27,8.523,8.628,8.229,8.387,2537971.5,2026-04-27 23:59:59.999,21302966.4483
2026-04-28,8.386,8.485,8.314,8.394,1888610.4,2026-04-28 23:59:59.999,15841494.80127
2026-04-29,8.395,8.602,8.118,8.336,3134379.55,2026-04-29 23:59:59.999,26257912.609
2026-04-30,8.336,8.468,8.257,8.34,2072469.13,2026-04-30 23:59:59.999,17336270.02985
2026-05-01,8.339,8.518,8.324,8.406,2080591.3,2026-05-01 23:59:59.999,17518584.0414
2026-05-02,8.406,8.584,8.387,8.525,1628646.91,2026-05-02 23:59:59.999,13820705.30205
2026-05-03,8.526,8.549,8.408,8.48,1709879.97,2026-05-03 23:59:59.999,14480143.46344
2026-05-04,8.48,8.866,8.421,8.684,4429174.46,2026-05-04 23:59:59.999,38366147.64124
2026-05-05,8.684,9.082,8.677,9.01,3884925.13,2026-05-05 23:59:59.999,34541398.88595
2026-05-06,9.01,9.507,8.993,9.389,4825198.01,2026-05-06 23:59:59.999,44823195.11901
2026-05-07,9.39,9.398,9.06,9.223,3350560.55,2026-05-07 23:59:59.999,30941797.00349
2026-05-08,9.223,9.877,9.197,9.774,4284057.87,2026-05-08 23:59:59.999,40890115.60599
2026-05-09,9.773,9.922,9.401,9.582,2847817.72,2026-05-09 23:59:59.999,27480882.73168
2026-05-10,9.581,10.046,9.537,9.97,3881312.14,2026-05-10 23:59:59.999,37860998.03817
2026-05-11,9.968,10.071,9.615,9.769,3047235.13,2026-05-11 23:59:59.999,29824735.76399
2026-05-12,9.768,9.791,9.198,9.388,3529253.32,2026-05-12 23:59:59.999,33400578.34103
2026-05-13,9.388,9.591,9.119,9.246,2700585.56,2026-05-13 23:59:59.999,25291962.12827
2026-05-14,9.247,9.681,9.124,9.467,2837409.21,2026-05-14 23:59:59.999,26669536.51382
2026-05-15,9.467,9.532,8.881,9.239,3494794.84,2026-05-15 23:59:59.999,32154651.10332
2026-05-16,9.239,9.306,8.768,9.034,2896094.89,2026-05-16 23:59:59.999,26058741.25474
2026-05-17,9.035,9.18,8.622,8.857,1961182.21,2026-05-17 23:59:59.999,17585749.39875
2026-05-18,8.858,9.026,8.62,8.93,3127235.98,2026-05-18 23:59:59.999,27535103.22628
2026-05-19,8.932,9.145,8.78,8.963,2450237.33,2026-05-19 23:59:59.999,21963282.96811
2026-05-20,8.963,9.115,8.836,8.996,2364629.06,2026-05-20 23:59:59.999,21271254.17668
2026-05-21,8.997,9.079,8.834,8.968,2392284.19,2026-05-21 23:59:59.999,21434700.37446
2026-05-22,8.968,9.496,8.692,8.775,4627519.65,2026-05-22 23:59:59.999,42245124.35054
2026-05-23,8.776,9.196,8.582,8.995,2977076.05,2026-05-23 23:59:59.999,26310412.53311
2026-05-24,8.996,9.154,8.771,8.903,2094752.31,2026-05-24 23:59:59.999,18813994.30878
2026-05-25,8.903,9.134,8.848,8.933,1736349.25,2026-05-25 23:59:59.999,15634186.77298
2026-05-26,8.935,9.006,8.57,8.627,3436103.13,2026-05-26 23:59:59.999,30274625.71159
2026-05-27,8.628,8.716,8.391,8.445,2378568.78,2026-05-27 23:59:59.999,20403797.53653
2026-05-28,8.446,8.466,8.052,8.244,3405103.56,2026-05-28 23:59:59.999,28025721.70912
