open_time,open,high,low,close,volume,close_time,quote_asset_volume
2023-04-26,0.066,0.06863,0.06419,0.06575,1768.11,2023-04-26 23:59:59.999,116.4287362
2023-04-27,0.06586,0.06608,0.06464,0.06486,797.63,2023-04-27 23:59:59.999,52.0063824
2023-04-28,0.06488,0.06558,0.06448,0.06464,1234.87,2023-04-28 23:59:59.999,80.2785706
2023-04-29,0.06463,0.06535,0.06451,0.06528,537.92,2023-04-29 23:59:59.999,34.9410894
2023-04-30,0.06528,0.0654,0.06415,0.06415,830.45,2023-04-30 23:59:59.999,53.8171596
2023-05-01,0.06418,0.06549,0.06413,0.06526,1270.93,2023-05-01 23:59:59.999,82.507968
2023-05-02,0.06526,0.0655,0.065,0.06532,682.4,2023-05-02 23:59:59.999,44.5715338
2023-05-03,0.06527,0.06631,0.0651,0.06571,902.62,2023-05-03 23:59:59.999,59.2107246
2023-05-04,0.06567,0.06567,0.06496,0.06518,907.84,2023-05-04 23:59:59.999,59.3099131
2023-05-05,0.06516,0.06762,0.06471,0.06762,2704.92,2023-05-05 23:59:59.999,180.7323942
2023-05-06,0.06762,0.06789,0.06529,0.06583,6829.59,2023-05-06 23:59:59.999,457.7086527
2023-05-07,0.06582,0.06655,0.06565,0.06593,971.42,2023-05-07 23:59:59.999,64.2159133
2023-05-08,0.06591,0.0671,0.06562,0.06684,3073.12,2023-05-08 23:59:59.999,204.1506608
2023-05-09,0.06685,0.06719,0.06645,0.06691,1003.38,2023-05-09 23:59:59.999,67.1135097
2023-05-10,0.06693,0.06713,0.06644,0.06676,1468.97,2023-05-10 23:59:59.999,98.0310016
2023-05-11,0.06674,0.0668,0.06605,0.06655,3006.32,2023-05-11 23:59:59.999,199.5358724
2023-05-12,0.06654,0.06776,0.0661,0.06744,3177.97,2023-05-12 23:59:59.999,213.0222462
2023-05-13,0.06744,0.06751,0.06673,0.06705,2310.28,2023-05-13 23:59:59.999,155.2615071
2023-05-14,0.06705,0.06739,0.0668,0.06692,1087.53,2023-05-14 23:59:59.999,73.0206771
2023-05-15,0.06691,0.06733,0.06658,0.06684,2358.06,2023-05-15 23:59:59.999,157.4788776
2023-05-16,0.06685,0.06764,0.06658,0.06746,3497.78,2023-05-16 23:59:59.999,234.5316727
2023-05-17,0.06747,0.0675,0.06648,0.06648,2936.69,2023-05-17 23:59:59.999,197.1657082
2023-05-18,0.06648,0.06744,0.06642,0.06714,2767.4,2023-05-18 23:59:59.999,185.2267786
2023-05-19,0.06714,0.06764,0.06706,0.06741,1356.56,2023-05-19 23:59:59.999,91.4302482
2023-05-20,0.06741,0.06759,0.06712,0.06713,1694.64,2023-05-20 23:59:59.999,114.284522
2023-05-21,0.06713,0.0675,0.06688,0.06747,1287.98,2023-05-21 23:59:59.999,86.5786828
2023-05-22,0.06748,0.06782,0.0673,0.06773,12325.57,2023-05-22 23:59:59.999,834.7382697
2023-05-23,0.06773,0.06838,0.06767,0.06816,6547.61,2023-05-23 23:59:59.999,445.2307967
2023-05-24,0.06816,0.06847,0.06788,0.06844,10647.83,2023-05-24 23:59:59.999,726.9517684
2023-05-25,0.06844,0.06857,0.06785,0.06827,7042.71,2023-05-25 23:59:59.999,480.7298717
2023-05-26,0.06826,0.06881,0.06812,0.06849,9702.67,2023-05-26 23:59:59.999,664.6055657
2023-05-27,0.06849,0.06869,0.06817,0.06822,970.16,2023-05-27 23:59:59.999,66.4047437
2023-05-28,0.06821,0.0685,0.06685,0.06806,4998.9,2023-05-28 23:59:59.999,338.6291545
2023-05-29,0.06806,0.06851,0.0677,0.06825,2350.06,2023-05-29 23:59:59.999,160.1906929
2023-05-30,0.06826,0.06887,0.06825,0.06867,2034.23,2023-05-30 23:59:59.999,139.5130297
2023-05-31,0.06867,0.06915,0.06841,0.0689,5572.24,2023-05-31 23:59:59.999,383.7062532
2023-06-01,0.0689,0.06985,0.06889,0.06947,9872.8,2023-06-01 23:59:59.999,683.1910215
2023-06-02,0.06948,0.07038,0.06948,0.07001,15051.53,2023-06-02 23:59:59.999,1050.8459361
2023-06-03,0.07001,0.07021,0.0696,0.06991,2638.76,2023-06-03 23:59:59.999,184.6208142
2023-06-04,0.06992,0.07013,0.06952,0.06973,2531.88,2023-06-04 23:59:59.999,176.9980974
2023-06-05,0.06973,0.07088,0.06959,0.07041,7531.25,2023-06-05 23:59:59.999,529.3558583
2023-06-06,0.07041,0.07093,0.0691,0.06923,7346.87,2023-06-06 23:59:59.999,516.6585093
2023-06-07,0.06924,0.07009,0.06919,0.06959,5977.88,2023-06-07 23:59:59.999,417.1425981
2023-06-08,0.06959,0.07004,0.06945,0.06969,3006.13,2023-06-08 23:59:59.999,209.598576
2023-06-09,0.0697,0.0698,0.0692,0.06954,2302.48,2023-06-09 23:59:59.999,159.9273757
2023-06-10,0.06953,0.06969,0.06726,0.06787,6669.72,2023-06-10 23:59:59.999,456.9092104
2023-06-11,0.06782,0.06828,0.06764,0.06765,1378.03,2023-06-11 23:59:59.999,93.600409
2023-06-12,0.06764,0.06764,0.06702,0.06731,2527.56,2023-06-12 23:59:59.999,170.2164773
2023-06-13,0.06731,0.06742,0.06675,0.06716,1780.19,2023-06-13 23:59:59.999,119.3682243
2023-06-14,0.06715,0.06738,0.0655,0.06576,3351.28,2023-06-14 23:59:59.999,222.3713632
2023-06-15,0.06577,0.06605,0.06499,0.06513,7181.15,2023-06-15 23:59:59.999,468.6982953
2023-06-16,0.06515,0.06559,0.06399,0.06523,13679.81,2023-06-16 23:59:59.999,886.5783635
2023-06-17,0.06523,0.06598,0.06511,0.06519,2172.07,2023-06-17 23:59:59.999,142.3743678
2023-06-18,0.06516,0.06561,0.06502,0.06535,1269.83,2023-06-18 23:59:59.999,82.9387775
2023-06-19,0.06535,0.06542,0.06451,0.06474,2031.43,2023-06-19 23:59:59.999,132.1091851
2023-06-20,0.06473,0.06475,0.06306,0.06331,8527.97,2023-06-20 23:59:59.999,543.7389486
2023-06-21,0.06331,0.0635,0.0617,0.06302,16147.91,2023-06-21 23:59:59.999,1010.7435943
2023-06-22,0.063,0.06373,0.0625,0.0627,13145.38,2023-06-22 23:59:59.999,827.0368478
2023-06-23,0.06271,0.06293,0.06103,0.06174,13227.74,2023-06-23 23:59:59.999,823.7315209
2023-06-24,0.06174,0.06196,0.06134,0.06146,3267.57,2023-06-24 23:59:59.999,201.4918147
2023-06-25,0.06147,0.06277,0.06137,0.06242,5082.17,2023-06-25 23:59:59.999,315.7678281
2023-06-26,0.06238,0.06241,0.06127,0.06147,3558.58,2023-06-26 23:59:59.999,220.3991642
2023-06-27,0.06145,0.06229,0.06096,0.06162,7786.16,2023-06-27 23:59:59.999,478.1120596
2023-06-28,0.0616,0.06163,0.06072,0.06081,4426.43,2023-06-28 23:59:59.999,271.1141373
2023-06-29,0.06082,0.06113,0.06055,0.06088,3190.58,2023-06-29 23:59:59.999,194.2149486
2023-06-30,0.06087,0.06374,0.06069,0.06346,17946.86,2023-06-30 23:59:59.999,1118.9584967
2023-07-01,0.0635,0.06373,0.06276,0.06298,3764.61,2023-07-01 23:59:59.999,237.5186391
2023-07-02,0.06298,0.06372,0.06263,0.06333,3414.36,2023-07-02 23:59:59.999,215.2075857
2023-07-03,0.06335,0.06443,0.06278,0.06281,6305.95,2023-07-03 23:59:59.999,401.2676947
2023-07-04,0.0628,0.0635,0.06247,0.06295,4781.94,2023-07-04 23:59:59.999,301.5586787
2023-07-05,0.06297,0.06303,0.06255,0.06267,3505.72,2023-07-05 23:59:59.999,220.21658
2023-07-06,0.06268,0.06291,0.0618,0.0618,6464.61,2023-07-06 23:59:59.999,402.6424766
2023-07-07,0.06182,0.06195,0.06139,0.0617,4168.3,2023-07-07 23:59:59.999,257.0000588
2023-07-08,0.06169,0.06186,0.06127,0.0616,2374.37,2023-07-08 23:59:59.999,146.2800783
2023-07-09,0.06161,0.062,0.06148,0.06179,2514.34,2023-07-09 23:59:59.999,155.264441
2023-07-10,0.06178,0.06219,0.06134,0.06187,3961.52,2023-07-10 23:59:59.999,244.6272884
2023-07-11,0.06188,0.06188,0.0611,0.06137,2728.61,2023-07-11 23:59:59.999,167.6956169
2023-07-12,0.06137,0.06207,0.06135,0.06164,3825.24,2023-07-12 23:59:59.999,235.974486
2023-07-13,0.06165,0.06413,0.06153,0.0637,13213.49,2023-07-13 23:59:59.999,836.9004044
2023-07-14,0.0637,0.06444,0.06335,0.06393,15930.2,2023-07-14 23:59:59.999,1019.1685585
2023-07-15,0.06394,0.06407,0.06361,0.06376,1802.14,2023-07-15 23:59:59.999,115.0564718
2023-07-16,0.06376,0.06397,0.06357,0.06359,1832.71,2023-07-16 23:59:59.999,116.8514255
2023-07-17,0.06359,0.06386,0.06303,0.06342,2767.61,2023-07-17 23:59:59.999,175.3488661
2023-07-18,0.06343,0.06377,0.0633,0.06355,1906.93,2023-07-18 23:59:59.999,121.0567848
2023-07-19,0.06355,0.06377,0.06306,0.06316,2260.51,2023-07-19 23:59:59.999,143.5222205
2023-07-20,0.06316,0.06364,0.06303,0.06349,2554.01,2023-07-20 23:59:59.999,161.9170401
2023-07-21,0.06347,0.06353,0.06323,0.06327,1312.93,2023-07-21 23:59:59.999,83.2445313
2023-07-22,0.06326,0.06341,0.06251,0.06266,2638.92,2023-07-22 23:59:59.999,166.3489827
2023-07-23,0.06265,0.06296,0.06252,0.06281,2025.59,2023-07-23 23:59:59.999,127.0705795
2023-07-24,0.0628,0.0636,0.06274,0.06341,6017.98,2023-07-24 23:59:59.999,380.9964075
2023-07-25,0.06341,0.06375,0.06341,0.06356,1427.94,2023-07-25 23:59:59.999,90.8022697
2023-07-26,0.06356,0.06385,0.06339,0.06377,2422.31,2023-07-26 23:59:59.999,154.0547377
2023-07-27,0.06378,0.06388,0.06353,0.06369,1548.95,2023-07-27 23:59:59.999,98.7276114
2023-07-28,0.0637,0.06405,0.06359,0.06395,1604.98,2023-07-28 23:59:59.999,102.513743
2023-07-29,0.06395,0.06432,0.06378,0.06408,2454.4,2023-07-29 23:59:59.999,157.1765574
2023-07-30,0.06409,0.0641,0.06355,0.06357,22132.8,2023-07-30 23:59:59.999,1410.1879471
2023-07-31,0.06359,0.06377,0.06338,0.06352,11889.03,2023-07-31 23:59:59.999,755.8611479
2023-08-01,0.06352,0.0636,0.063,0.06307,6059.42,2023-08-01 23:59:59.999,383.674149
2023-08-02,0.06307,0.0633,0.06259,0.06308,7049.85,2023-08-02 23:59:59.999,443.4071536
2023-08-03,0.06308,0.0633,0.06279,0.06292,3117.54,2023-08-03 23:59:59.999,196.5242133
2023-08-04,0.06291,0.06315,0.0628,0.06288,2468.19,2023-08-04 23:59:59.999,155.5092615
2023-08-05,0.06288,0.06321,0.06288,0.0632,1288.44,2023-08-05 23:59:59.999,81.2958061
2023-08-06,0.06319,0.06324,0.06289,0.06293,1398.29,2023-08-06 23:59:59.999,88.1429933
2023-08-07,0.06294,0.06325,0.06252,0.06263,4042.66,2023-08-07 23:59:59.999,254.2449034
2023-08-08,0.06264,0.06277,0.06209,0.06237,6261.71,2023-08-08 23:59:59.999,390.7900701
2023-08-09,0.06238,0.06294,0.06216,0.06275,5478.97,2023-08-09 23:59:59.999,342.5496163
2023-08-10,0.06275,0.06298,0.06266,0.06292,1674.8,2023-08-10 23:59:59.999,105.1968449
2023-08-11,0.06292,0.06294,0.06274,0.06287,1174.1,2023-08-11 23:59:59.999,73.7968455
2023-08-12,0.06287,0.06299,0.06281,0.06288,693.65,2023-08-12 23:59:59.999,43.6400056
2023-08-13,0.06288,0.06321,0.06272,0.06284,2097.19,2023-08-13 23:59:59.999,132.0779996
2023-08-14,0.06284,0.06308,0.06255,0.06276,10945.77,2023-08-14 23:59:59.999,686.0920482
2023-08-15,0.06276,0.06287,0.06241,0.06266,6299.74,2023-08-15 23:59:59.999,394.7666739
2023-08-16,0.06267,0.06298,0.06232,0.06296,5386.68,2023-08-16 23:59:59.999,337.3034645
2023-08-17,0.06297,0.06375,0.06116,0.06321,23162.61,2023-08-17 23:59:59.999,1442.5762376
2023-08-18,0.06324,0.06432,0.06319,0.06377,24933.56,2023-08-18 23:59:59.999,1590.1589504
2023-08-19,0.06377,0.06472,0.06377,0.06398,5068.22,2023-08-19 23:59:59.999,325.2766755
2023-08-20,0.06398,0.06449,0.06382,0.06435,3567.39,2023-08-20 23:59:59.999,228.7404043
2023-08-21,0.06435,0.06447,0.06382,0.06383,3352.77,2023-08-21 23:59:59.999,215.0844324
2023-08-22,0.06385,0.06398,0.06245,0.06279,9336.98,2023-08-22 23:59:59.999,588.8935287
2023-08-23,0.06279,0.06385,0.06267,0.06354,8653.66,2023-08-23 23:59:59.999,547.4737767
2023-08-24,0.06355,0.06359,0.06303,0.06347,4053.09,2023-08-24 23:59:59.999,256.4768635
2023-08-25,0.06347,0.06377,0.06332,0.06349,4226.52,2023-08-25 23:59:59.999,268.34566
2023-08-26,0.06348,0.06351,0.06322,0.06331,1169.99,2023-08-26 23:59:59.999,74.1465244
2023-08-27,0.06333,0.06357,0.0633,0.06354,1456.17,2023-08-27 23:59:59.999,92.3398541
2023-08-28,0.06354,0.06358,0.06286,0.06333,4832.07,2023-08-28 23:59:59.999,305.6171445
2023-08-29,0.06333,0.06353,0.06199,0.06243,25428.24,2023-08-29 23:59:59.999,1588.4923532
2023-08-30,0.06243,0.06291,0.06233,0.0625,4381.29,2023-08-30 23:59:59.999,274.6329182
2023-08-31,0.06251,0.06353,0.06245,0.06351,7363.17,2023-08-31 23:59:59.999,464.3497689
2023-09-01,0.06351,0.06354,0.06289,0.06317,6124.98,2023-09-01 23:59:59.999,387.3916895
2023-09-02,0.06317,0.06346,0.06317,0.06332,2129.66,2023-09-02 23:59:59.999,134.8712882
2023-09-03,0.06333,0.06333,0.06296,0.06304,2460.66,2023-09-03 23:59:59.999,155.3075571
2023-09-04,0.06303,0.06324,0.06296,0.06318,2685.7,2023-09-04 23:59:59.999,169.4290668
2023-09-05,0.06317,0.06371,0.06295,0.0634,3452.85,2023-09-05 23:59:59.999,218.9066364
2023-09-06,0.0634,0.06405,0.06327,0.06343,5023.57,2023-09-06 23:59:59.999,319.3773265
2023-09-07,0.06343,0.06361,0.06265,0.06283,5037.42,2023-09-07 23:59:59.999,318.2042911
2023-09-08,0.06283,0.06325,0.06261,0.06317,4015.06,2023-09-08 23:59:59.999,252.6802013
2023-09-09,0.06318,0.06327,0.06315,0.06317,659.73,2023-09-09 23:59:59.999,41.6981735
2023-09-10,0.06317,0.06318,0.0624,0.06264,4050.42,2023-09-10 23:59:59.999,254.2194397
2023-09-11,0.06263,0.06271,0.0614,0.0617,13238.48,2023-09-11 23:59:59.999,820.8108187
2023-09-12,0.06171,0.06187,0.06107,0.06167,12211.28,2023-09-12 23:59:59.999,750.7880646
2023-09-13,0.06167,0.06171,0.06107,0.06134,5303.37,2023-09-13 23:59:59.999,325.1040235
2023-09-14,0.06135,0.062,0.06106,0.06134,7717.61,2023-09-14 23:59:59.999,474.8886868
2023-09-15,0.06135,0.0618,0.0612,0.06174,3833.05,2023-09-15 23:59:59.999,235.7269383
2023-09-16,0.06174,0.06184,0.06158,0.06159,1694.4,2023-09-16 23:59:59.999,104.5596505
2023-09-17,0.06159,0.06159,0.06108,0.06121,3011.87,2023-09-17 23:59:59.999,184.7663539
2023-09-18,0.06121,0.06135,0.06071,0.06121,8606.3,2023-09-18 23:59:59.999,525.3294626
2023-09-19,0.06121,0.06121,0.06031,0.06044,6204.47,2023-09-19 23:59:59.999,376.5907902
2023-09-20,0.06043,0.06056,0.05985,0.05985,3487.05,2023-09-20 23:59:59.999,209.8215121
2023-09-21,0.05986,0.06029,0.05934,0.05966,3442.92,2023-09-21 23:59:59.999,205.906077
2023-09-22,0.05966,0.06007,0.05962,0.05998,1239.29,2023-09-22 23:59:59.999,74.238691
2023-09-23,0.05998,0.06009,0.05985,0.06,394.44,2023-09-23 23:59:59.999,23.6489953
2023-09-24,0.05999,0.06027,0.05972,0.06026,936.92,2023-09-24 23:59:59.999,56.2330028
2023-09-25,0.06028,0.06064,0.06016,0.06044,2408.46,2023-09-25 23:59:59.999,145.4203981
2023-09-26,0.06046,0.06083,0.06043,0.06083,1947.2,2023-09-26 23:59:59.999,118.0152331
2023-09-27,0.06082,0.06127,0.06065,0.06067,4899.03,2023-09-27 23:59:59.999,298.4661594
2023-09-28,0.06066,0.06162,0.06054,0.06119,7821.17,2023-09-28 23:59:59.999,479.0035404
2023-09-29,0.06119,0.06227,0.0611,0.06201,7123.08,2023-09-29 23:59:59.999,440.9335102
2023-09-30,0.06202,0.06255,0.06188,0.062,3905.07,2023-09-30 23:59:59.999,243.0081968
2023-10-01,0.06199,0.06242,0.06155,0.06198,5829.06,2023-10-01 23:59:59.999,361.2884224
2023-10-02,0.06198,0.06199,0.05948,0.06048,9926.0,2023-10-02 23:59:59.999,601.9691999
2023-10-03,0.06048,0.06067,0.05999,0.06043,9213.52,2023-10-03 23:59:59.999,554.4472408
2023-10-04,0.06043,0.06048,0.05931,0.05931,4026.02,2023-10-04 23:59:59.999,240.3268546
2023-10-05,0.05932,0.05951,0.05838,0.0588,8028.56,2023-10-05 23:59:59.999,473.5852505
2023-10-06,0.05882,0.05936,0.05868,0.05892,3157.17,2023-10-06 23:59:59.999,186.3082432
2023-10-07,0.05892,0.05906,0.05846,0.05846,1684.04,2023-10-07 23:59:59.999,98.8920862
2023-10-08,0.05846,0.05873,0.05814,0.0585,2915.45,2023-10-08 23:59:59.999,170.3208558
2023-10-09,0.05851,0.05856,0.05666,0.05733,8540.49,2023-10-09 23:59:59.999,491.8321431
2023-10-10,0.0573,0.0576,0.0568,0.05725,4786.04,2023-10-10 23:59:59.999,274.0680547
2023-10-11,0.05725,0.05861,0.05721,0.05832,7877.67,2023-10-11 23:59:59.999,456.3006504
2023-10-12,0.05832,0.05836,0.05726,0.05757,4591.98,2023-10-12 23:59:59.999,265.4079129
2023-10-13,0.05757,0.05813,0.05738,0.05782,3842.56,2023-10-13 23:59:59.999,221.7859513
2023-10-14,0.05781,0.05808,0.05756,0.05793,1829.57,2023-10-14 23:59:59.999,105.650374
2023-10-15,0.05794,0.05798,0.05729,0.05739,2260.73,2023-10-15 23:59:59.999,130.5066056
2023-10-16,0.0574,0.05758,0.05341,0.05614,24384.84,2023-10-16 23:59:59.999,1366.9694834
2023-10-17,0.05613,0.05644,0.05466,0.05509,24333.62,2023-10-17 23:59:59.999,1342.4821778
2023-10-18,0.0551,0.0558,0.05458,0.05521,7372.26,2023-10-18 23:59:59.999,407.5811701
2023-10-19,0.05521,0.05524,0.0543,0.05457,5313.51,2023-10-19 23:59:59.999,290.3660171
2023-10-20,0.05456,0.05483,0.05385,0.05407,9081.67,2023-10-20 23:59:59.999,492.9088978
2023-10-21,0.05408,0.0545,0.05383,0.05445,4576.3,2023-10-21 23:59:59.999,247.9660014
2023-10-22,0.05445,0.05556,0.05436,0.05546,7379.42,2023-10-22 23:59:59.999,404.9155421
2023-10-23,0.05548,0.05569,0.05061,0.05343,28815.21,2023-10-23 23:59:59.999,1556.6233152
2023-10-24,0.05343,0.05355,0.05175,0.05264,23043.12,2023-10-24 23:59:59.999,1218.6711581
2023-10-25,0.05264,0.05276,0.05148,0.05183,6332.55,2023-10-25 23:59:59.999,329.4945675
2023-10-26,0.05184,0.05374,0.05158,0.05283,11419.31,2023-10-26 23:59:59.999,602.7260221
2023-10-27,0.05284,0.0529,0.05223,0.05252,4486.59,2023-10-27 23:59:59.999,235.5742899
2023-10-28,0.05252,0.05264,0.05203,0.05212,1598.99,2023-10-28 23:59:59.999,83.7211104
2023-10-29,0.05215,0.05241,0.05177,0.05201,2859.86,2023-10-29 23:59:59.999,148.8993394
2023-10-30,0.05202,0.05303,0.05192,0.0525,10535.87,2023-10-30 23:59:59.999,552.1481925
2023-10-31,0.05251,0.05265,0.05198,0.0524,9213.85,2023-10-31 23:59:59.999,481.5208061
2023-11-01,0.0524,0.0535,0.0519,0.05217,9228.68,2023-11-01 23:59:59.999,484.6037242
2023-11-02,0.05218,0.05249,0.05156,0.05157,8998.75,2023-11-02 23:59:59.999,468.4685858
2023-11-03,0.0516,0.05293,0.05156,0.05281,5964.04,2023-11-03 23:59:59.999,312.0071909
2023-11-04,0.05285,0.05312,0.05257,0.05297,4095.17,2023-11-04 23:59:59.999,216.5121367
2023-11-05,0.05298,0.05436,0.05287,0.05407,9344.58,2023-11-05 23:59:59.999,501.9501639
2023-11-06,0.05407,0.05436,0.05376,0.05427,14091.78,2023-11-06 23:59:59.999,764.0174141
2023-11-07,0.05426,0.05434,0.05273,0.05327,11086.14,2023-11-07 23:59:59.999,594.6996973
2023-11-08,0.05328,0.05377,0.05259,0.05302,4188.01,2023-11-08 23:59:59.999,222.9334618
2023-11-09,0.05301,0.058,0.05129,0.05784,46703.29,2023-11-09 23:59:59.999,2556.1766656
2023-11-10,0.05785,0.05818,0.05562,0.05572,19212.41,2023-11-10 23:59:59.999,1094.7940559
2023-11-11,0.05569,0.05626,0.05505,0.05531,8136.63,2023-11-11 23:59:59.999,452.5053072
2023-11-12,0.05532,0.05556,0.05484,0.05519,4575.13,2023-11-12 23:59:59.999,252.9518656
2023-11-13,0.05518,0.05737,0.0551,0.05637,13116.05,2023-11-13 23:59:59.999,740.3692147
2023-11-14,0.05634,0.05655,0.05547,0.05569,7976.03,2023-11-14 23:59:59.999,447.6715608
2023-11-15,0.05571,0.05595,0.05423,0.05443,7362.79,2023-11-15 23:59:59.999,405.4258295
2023-11-16,0.0544,0.0558,0.05412,0.05425,12700.66,2023-11-16 23:59:59.999,697.9721603
2023-11-17,0.05426,0.05463,0.05275,0.05361,11555.74,2023-11-17 23:59:59.999,619.7260602
2023-11-18,0.05359,0.05379,0.05304,0.05367,5684.82,2023-11-18 23:59:59.999,303.6958571
2023-11-19,0.05366,0.05409,0.0534,0.05384,5884.59,2023-11-19 23:59:59.999,315.81952
2023-11-20,0.05387,0.05487,0.05372,0.05397,9323.62,2023-11-20 23:59:59.999,506.8564213
2023-11-21,0.05401,0.05445,0.05307,0.05411,9873.05,2023-11-21 23:59:59.999,530.716261
2023-11-22,0.05411,0.05613,0.05405,0.05518,10541.72,2023-11-22 23:59:59.999,582.6658342
2023-11-23,0.05518,0.0556,0.05485,0.05533,3839.42,2023-11-23 23:59:59.999,212.2701063
2023-11-24,0.05531,0.05616,0.05485,0.0552,7302.8,2023-11-24 23:59:59.999,405.4051662
2023-11-25,0.0552,0.05533,0.05495,0.05518,2023.71,2023-11-25 23:59:59.999,111.610983
2023-11-26,0.05517,0.05558,0.05471,0.05509,3842.02,2023-11-26 23:59:59.999,212.1895513
2023-11-27,0.0551,0.0552,0.054,0.05451,5520.54,2023-11-27 23:59:59.999,301.1614367
2023-11-28,0.0545,0.05467,0.05395,0.05415,5208.8,2023-11-28 23:59:59.999,282.5679625
2023-11-29,0.05415,0.05423,0.05362,0.05364,4344.06,2023-11-29 23:59:59.999,234.110842
2023-11-30,0.05364,0.05448,0.0535,0.05445,3759.26,2023-11-30 23:59:59.999,202.8394357
2023-12-01,0.05444,0.05514,0.05385,0.054,5688.28,2023-12-01 23:59:59.999,310.0829093
2023-12-02,0.05399,0.05556,0.05398,0.0549,4489.25,2023-12-02 23:59:59.999,245.6693064
2023-12-03,0.05491,0.05546,0.05431,0.05491,6590.2,2023-12-03 23:59:59.999,361.5632269
2023-12-04,0.0549,0.05503,0.05307,0.0535,24167.01,2023-12-04 23:59:59.999,1297.0153248
2023-12-05,0.05348,0.05379,0.05141,0.05208,26947.81,2023-12-05 23:59:59.999,1414.7234309
2023-12-06,0.05208,0.05246,0.05085,0.05105,18484.78,2023-12-06 23:59:59.999,955.5695351
2023-12-07,0.05106,0.05486,0.05106,0.05443,37122.77,2023-12-07 23:59:59.999,1978.32863
2023-12-08,0.05445,0.05493,0.05312,0.05344,16785.86,2023-12-08 23:59:59.999,910.840354
2023-12-09,0.05344,0.05445,0.05327,0.05357,6176.48,2023-12-09 23:59:59.999,331.9278317
2023-12-10,0.05358,0.05409,0.05328,0.05376,2833.37,2023-12-10 23:59:59.999,152.0800217
2023-12-11,0.05378,0.0543,0.0529,0.05396,15664.83,2023-12-11 23:59:59.999,835.3738804
2023-12-12,0.05396,0.05405,0.05288,0.05315,14401.16,2023-12-12 23:59:59.999,766.0077169
2023-12-13,0.05315,0.05332,0.0525,0.05278,9439.93,2023-12-13 23:59:59.999,498.6997971
2023-12-14,0.05278,0.05408,0.0526,0.05387,15272.69,2023-12-14 23:59:59.999,813.0301419
2023-12-15,0.05387,0.05393,0.05268,0.05299,9177.63,2023-12-15 23:59:59.999,489.1501326
2023-12-16,0.05299,0.05342,0.05265,0.05277,8251.35,2023-12-16 23:59:59.999,437.302646
2023-12-17,0.05278,0.05347,0.05266,0.05314,10248.71,2023-12-17 23:59:59.999,542.4548617
2023-12-18,0.05316,0.05335,0.05191,0.05207,11098.7,2023-12-18 23:59:59.999,581.8509325
2023-12-19,0.05207,0.05241,0.05107,0.05155,17040.48,2023-12-19 23:59:59.999,880.3665857
2023-12-20,0.05155,0.05192,0.04965,0.05048,19617.37,2023-12-20 23:59:59.999,997.5103651
2023-12-21,0.05048,0.05172,0.0503,0.05109,15917.27,2023-12-21 23:59:59.999,813.2625232
2023-12-22,0.05109,0.0538,0.05086,0.05292,26271.34,2023-12-22 23:59:59.999,1387.2715627
2023-12-23,0.05293,0.05306,0.05221,0.05286,7544.93,2023-12-23 23:59:59.999,396.3956096
2023-12-24,0.05286,0.05305,0.05231,0.05269,5153.6,2023-12-24 23:59:59.999,271.1850559
2023-12-25,0.05272,0.05295,0.05212,0.05216,5683.3,2023-12-25 23:59:59.999,298.3632882
2023-12-26,0.05217,0.05272,0.05212,0.05251,6219.6,2023-12-26 23:59:59.999,326.2475674
2023-12-27,0.05251,0.0551,0.05241,0.05484,20754.64,2023-12-27 23:59:59.999,1120.0193474
2023-12-28,0.05484,0.05625,0.05481,0.05514,15537.26,2023-12-28 23:59:59.999,863.8644964
2023-12-29,0.05512,0.0556,0.05437,0.05469,12894.7,2023-12-29 23:59:59.999,709.8544896
2023-12-30,0.05469,0.05487,0.05422,0.05441,4867.18,2023-12-30 23:59:59.999,265.5364035
2023-12-31,0.05441,0.05451,0.05364,0.054,6506.94,2023-12-31 23:59:59.999,351.9654156
2024-01-01,0.05401,0.05425,0.05321,0.05328,7423.54,2024-01-01 23:59:59.999,399.3352188
2024-01-02,0.05326,0.05334,0.05212,0.05245,35745.57,2024-01-02 23:59:59.999,1883.6233869
2024-01-03,0.05245,0.0535,0.05126,0.05163,18635.78,2024-01-03 23:59:59.999,972.1092601
2024-01-04,0.05163,0.05212,0.05109,0.0514,10566.71,2024-01-04 23:59:59.999,545.1758585
2024-01-05,0.0514,0.05209,0.05103,0.05142,9842.9,2024-01-05 23:59:59.999,505.6721816
2024-01-06,0.05142,0.05148,0.051,0.051,4463.72,2024-01-06 23:59:59.999,228.6281317
2024-01-07,0.05101,0.05123,0.05048,0.05063,6894.68,2024-01-07 23:59:59.999,350.0849071
2024-01-08,0.05062,0.0508,0.04942,0.0497,36042.39,2024-01-08 23:59:59.999,1810.6073701
2024-01-09,0.04971,0.05192,0.04784,0.0509,74017.72,2024-01-09 23:59:59.999,3678.2695848
2024-01-10,0.05092,0.05569,0.05089,0.05544,103152.2,2024-01-10 23:59:59.999,5501.9651197
2024-01-11,0.05543,0.05678,0.05435,0.05657,58228.09,2024-01-11 23:59:59.999,3253.7501209
2024-01-12,0.05661,0.06123,0.05617,0.05901,98084.77,2024-01-12 23:59:59.999,5768.6025252
2024-01-13,0.059,0.0604,0.05869,0.06022,44853.81,2024-01-13 23:59:59.999,2684.3746408
2024-01-14,0.06024,0.06024,0.05855,0.05929,17851.12,2024-01-14 23:59:59.999,1057.6112433
2024-01-15,0.0593,0.05976,0.05879,0.05911,25762.08,2024-01-15 23:59:59.999,1525.9440775
2024-01-16,0.05911,0.06021,0.05882,0.06002,17823.54,2024-01-16 23:59:59.999,1058.5253056
2024-01-17,0.06002,0.06017,0.05908,0.05923,16631.51,2024-01-17 23:59:59.999,994.1131032
2024-01-18,0.0592,0.06007,0.05903,0.05984,25691.44,2024-01-18 23:59:59.999,1528.270224
2024-01-19,0.05984,0.06057,0.05901,0.05986,25510.3,2024-01-19 23:59:59.999,1528.2784013
2024-01-20,0.05985,0.05987,0.05908,0.05933,5783.76,2024-01-20 23:59:59.999,343.5094161
2024-01-21,0.05934,0.0595,0.05906,0.05913,5575.1,2024-01-21 23:59:59.999,330.5407543
2024-01-22,0.05914,0.05932,0.0581,0.05852,20876.35,2024-01-22 23:59:59.999,1223.5475687
2024-01-23,0.05853,0.05874,0.05578,0.05625,29504.22,2024-01-23 23:59:59.999,1677.9860543
2024-01-24,0.05625,0.05626,0.05552,0.05578,14250.29,2024-01-24 23:59:59.999,795.7130605
2024-01-25,0.05579,0.05599,0.0549,0.05556,25735.0,2024-01-25 23:59:59.999,1428.1481268
2024-01-26,0.05557,0.05581,0.05359,0.05424,37875.18,2024-01-26 23:59:59.999,2061.9086882
2024-01-27,0.05425,0.05465,0.05373,0.05388,6137.5,2024-01-27 23:59:59.999,333.1114978
2024-01-28,0.05387,0.05425,0.05357,0.05374,6653.26,2024-01-28 23:59:59.999,358.7063021
2024-01-29,0.05372,0.05389,0.05309,0.05357,9504.45,2024-01-29 23:59:59.999,508.749453
2024-01-30,0.05356,0.05491,0.05312,0.05461,35664.95,2024-01-30 23:59:59.999,1930.5333299
2024-01-31,0.05461,0.05463,0.05352,0.05363,13669.57,2024-01-31 23:59:59.999,738.0394217
2024-02-01,0.05365,0.05417,0.05325,0.05351,8824.26,2024-02-01 23:59:59.999,474.2944171
2024-02-02,0.0535,0.05385,0.05333,0.05348,4864.47,2024-02-02 23:59:59.999,260.662906
2024-02-03,0.05348,0.05391,0.05336,0.05344,6803.02,2024-02-03 23:59:59.999,365.4538513
2024-02-04,0.05343,0.05393,0.05328,0.0538,8946.22,2024-02-04 23:59:59.999,479.7891794
2024-02-05,0.05379,0.05417,0.05356,0.05392,18701.93,2024-02-05 23:59:59.999,1006.4414851
2024-02-06,0.05392,0.05545,0.05387,0.0551,14654.18,2024-02-06 23:59:59.999,800.2385186
2024-02-07,0.05509,0.05593,0.05472,0.05472,14575.53,2024-02-07 23:59:59.999,805.1006676
2024-02-08,0.05473,0.05476,0.05335,0.05347,23895.47,2024-02-08 23:59:59.999,1292.0467518
2024-02-09,0.05347,0.05357,0.0522,0.05279,24283.27,2024-02-09 23:59:59.999,1284.5518671
2024-02-10,0.05279,0.05313,0.05212,0.05242,8521.62,2024-02-10 23:59:59.999,449.2168734
2024-02-11,0.05241,0.05271,0.0519,0.05197,8444.59,2024-02-11 23:59:59.999,441.5356407
2024-02-12,0.05195,0.05331,0.05118,0.05331,38148.81,2024-02-12 23:59:59.999,1984.7391047
2024-02-13,0.05331,0.05417,0.05289,0.05316,23796.03,2024-02-13 23:59:59.999,1272.3961411
2024-02-14,0.05316,0.05386,0.05304,0.05362,24460.46,2024-02-14 23:59:59.999,1306.2569173
2024-02-15,0.05361,0.05497,0.05328,0.05444,29204.69,2024-02-15 23:59:59.999,1579.1338624
2024-02-16,0.05445,0.05503,0.0531,0.05379,22149.8,2024-02-16 23:59:59.999,1198.2926852
2024-02-17,0.05379,0.05418,0.05358,0.05398,8135.77,2024-02-17 23:59:59.999,438.0299195
2024-02-18,0.05398,0.05541,0.05387,0.0553,13129.91,2024-02-18 23:59:59.999,715.37599
2024-02-19,0.0553,0.05735,0.05498,0.05689,24706.91,2024-02-19 23:59:59.999,1384.8178606
2024-02-20,0.0569,0.05782,0.05578,0.05772,27122.53,2024-02-20 23:59:59.999,1537.5592697
2024-02-21,0.05771,0.05793,0.05655,0.05729,19539.14,2024-02-21 23:59:59.999,1115.5113281
2024-02-22,0.05728,0.05835,0.05679,0.05797,21656.43,2024-02-22 23:59:59.999,1250.3644944
2024-02-23,0.05796,0.05824,0.05722,0.05762,11433.97,2024-02-23 23:59:59.999,658.6928689
2024-02-24,0.05762,0.05826,0.05743,0.05807,7905.76,2024-02-24 23:59:59.999,458.2852478
2024-02-25,0.05806,0.06021,0.058,0.06021,19398.87,2024-02-25 23:59:59.999,1150.4792131
2024-02-26,0.06021,0.06054,0.05813,0.05834,25469.45,2024-02-26 23:59:59.999,1514.1771442
2024-02-27,0.05834,0.05837,0.05663,0.0569,41498.81,2024-02-27 23:59:59.999,2381.8071744
2024-02-28,0.05691,0.0573,0.05395,0.05428,84488.66,2024-02-28 23:59:59.999,4682.8783123
2024-02-29,0.05428,0.05648,0.0542,0.05469,71646.24,2024-02-29 23:59:59.999,3967.6932186
2024-03-01,0.05468,0.05544,0.05463,0.05508,19347.57,2024-03-01 23:59:59.999,1065.8194423
2024-03-02,0.05508,0.05562,0.055,0.05522,16198.48,2024-03-02 23:59:59.999,895.0731342
2024-03-03,0.05523,0.05563,0.0545,0.05531,15604.22,2024-03-03 23:59:59.999,862.6057559
2024-03-04,0.05533,0.05544,0.05295,0.05316,54042.39,2024-03-04 23:59:59.999,2912.4634625
2024-03-05,0.05316,0.05714,0.05293,0.05583,118288.99,2024-03-05 23:59:59.999,6581.9283973
2024-03-06,0.05582,0.05825,0.05566,0.05783,67231.39,2024-03-06 23:59:59.999,3841.2155217
2024-03-07,0.05784,0.05826,0.05653,0.05793,30909.67,2024-03-07 23:59:59.999,1772.4686605
2024-03-08,0.05794,0.05897,0.05685,0.05705,38107.05,2024-03-08 23:59:59.999,2204.0479607
2024-03-09,0.05706,0.05772,0.05691,0.0572,11057.66,2024-03-09 23:59:59.999,634.4737303
2024-03-10,0.0572,0.05735,0.0557,0.05629,21370.77,2024-03-10 23:59:59.999,1206.7536465
2024-03-11,0.05629,0.05658,0.05555,0.05645,44485.3,2024-03-11 23:59:59.999,2497.1706288
2024-03-12,0.05645,0.05674,0.05542,0.05572,32001.8,2024-03-12 23:59:59.999,1785.8949718
2024-03-13,0.05573,0.0562,0.05443,0.05483,48596.54,2024-03-13 23:59:59.999,2673.8606606
2024-03-14,0.05483,0.05489,0.05387,0.05442,37508.84,2024-03-14 23:59:59.999,2037.6038687
2024-03-15,0.0544,0.05496,0.0534,0.05386,43583.26,2024-03-15 23:59:59.999,2364.28854
2024-03-16,0.05387,0.05427,0.05331,0.05397,20302.96,2024-03-16 23:59:59.999,1094.1193134
2024-03-17,0.05397,0.05411,0.05281,0.05331,26670.98,2024-03-17 23:59:59.999,1422.6446697
2024-03-18,0.05331,0.05338,0.05183,0.0521,29669.81,2024-03-18 23:59:59.999,1559.1368066
2024-03-19,0.0521,0.05234,0.051,0.05105,65433.05,2024-03-19 23:59:59.999,3374.0187204
2024-03-20,0.05105,0.05296,0.05014,0.05187,87107.84,2024-03-20 23:59:59.999,4489.747959
2024-03-21,0.05187,0.05354,0.05174,0.05337,40576.53,2024-03-21 23:59:59.999,2137.3575078
2024-03-22,0.05336,0.05347,0.05206,0.05232,31378.17,2024-03-22 23:59:59.999,1654.6989822
2024-03-23,0.05233,0.05246,0.05184,0.05208,15835.51,2024-03-23 23:59:59.999,825.1719313
2024-03-24,0.05208,0.05216,0.0513,0.05143,10699.69,2024-03-24 23:59:59.999,553.1876388
2024-03-25,0.05144,0.05186,0.05117,0.05141,19856.13,2024-03-25 23:59:59.999,1021.8243638
2024-03-26,0.05141,0.05178,0.051,0.05129,17905.76,2024-03-26 23:59:59.999,919.7141136
2024-03-27,0.0513,0.05138,0.05044,0.05045,21823.59,2024-03-27 23:59:59.999,1112.9619164
2024-03-28,0.05046,0.05089,0.05021,0.05035,15436.62,2024-03-28 23:59:59.999,779.7399777
2024-03-29,0.05035,0.05083,0.05017,0.05029,18760.23,2024-03-29 23:59:59.999,948.0073885
2024-03-30,0.05028,0.05083,0.05001,0.05041,11739.97,2024-03-30 23:59:59.999,591.2124508
2024-03-31,0.05041,0.05168,0.05033,0.05117,16699.13,2024-03-31 23:59:59.999,856.1075055
2024-04-01,0.05119,0.05126,0.04997,0.05033,18534.37,2024-04-01 23:59:59.999,938.1781502
2024-04-02,0.05034,0.05077,0.04942,0.05011,28453.11,2024-04-02 23:59:59.999,1426.5015816
2024-04-03,0.05012,0.05074,0.04958,0.05023,18459.29,2024-04-03 23:59:59.999,927.2589738
2024-04-04,0.05022,0.05052,0.0485,0.04855,47556.86,2024-04-04 23:59:59.999,2341.930849
2024-04-05,0.04856,0.04934,0.04815,0.0489,56261.51,2024-04-05 23:59:59.999,2740.0947843
2024-04-06,0.0489,0.04927,0.04865,0.04865,10890.38,2024-04-06 23:59:59.999,533.9729291
2024-04-07,0.04865,0.04983,0.04841,0.0498,19625.22,2024-04-07 23:59:59.999,960.24054
2024-04-08,0.04979,0.05188,0.049,0.05157,46434.3,2024-04-08 23:59:59.999,2344.3384442
2024-04-09,0.05158,0.05204,0.05058,0.0507,35586.86,2024-04-09 23:59:59.999,1827.3044196
2024-04-10,0.05069,0.05113,0.04999,0.05018,26176.41,2024-04-10 23:59:59.999,1325.7950279
2024-04-11,0.05019,0.05081,0.04979,0.05003,17455.45,2024-04-11 23:59:59.999,876.8266085
2024-04-12,0.05002,0.05012,0.0461,0.04823,44898.64,2024-04-12 23:59:59.999,2180.6312174
2024-04-13,0.04823,0.04869,0.04614,0.04703,69354.18,2024-04-13 23:59:59.999,3297.5783362
2024-04-14,0.04703,0.04852,0.04603,0.04806,46518.89,2024-04-14 23:59:59.999,2207.9686075
2024-04-15,0.04806,0.04929,0.04749,0.04892,54016.22,2024-04-15 23:59:59.999,2629.4488133
2024-04-16,0.04891,0.04909,0.04834,0.04836,28717.48,2024-04-16 23:59:59.999,1399.6021042
2024-04-17,0.04837,0.04931,0.04803,0.04871,31116.95,2024-04-17 23:59:59.999,1515.7866072
2024-04-18,0.04871,0.04897,0.0481,0.0483,21809.94,2024-04-18 23:59:59.999,1058.2631955
2024-04-19,0.04829,0.04858,0.04756,0.04793,44358.73,2024-04-19 23:59:59.999,2129.1807594
2024-04-20,0.04792,0.04882,0.04769,0.0486,21165.7,2024-04-20 23:59:59.999,1017.5665863
2024-04-21,0.0486,0.04895,0.04842,0.04849,20335.9,2024-04-21 23:59:59.999,989.6723666
2024-04-22,0.04848,0.04881,0.04784,0.04792,18106.31,2024-04-22 23:59:59.999,875.6380787
2024-04-23,0.04791,0.04866,0.04769,0.0485,15149.01,2024-04-23 23:59:59.999,730.3703444
2024-04-24,0.0485,0.04939,0.04834,0.04885,25753.32,2024-04-24 23:59:59.999,1261.3470349
2024-04-25,0.04885,0.04943,0.0485,0.04894,24627.79,2024-04-25 23:59:59.999,1206.9571302
2024-04-26,0.04894,0.04927,0.0487,0.0491,12644.6,2024-04-26 23:59:59.999,618.6319643
2024-04-27,0.0491,0.05179,0.049,0.05131,35123.16,2024-04-27 23:59:59.999,1774.3931467
2024-04-28,0.05132,0.05242,0.05116,0.05172,43725.01,2024-04-28 23:59:59.999,2271.8631615
2024-04-29,0.05173,0.05195,0.05028,0.05039,33212.68,2024-04-29 23:59:59.999,1693.0152599
2024-04-30,0.05039,0.0504,0.04882,0.04971,40395.1,2024-04-30 23:59:59.999,1998.9884633
2024-05-01,0.04971,0.05141,0.04953,0.05097,65076.98,2024-05-01 23:59:59.999,3289.4113477
2024-05-02,0.05098,0.05162,0.05037,0.05056,38110.91,2024-05-02 23:59:59.999,1936.5213211
2024-05-03,0.05057,0.05079,0.04929,0.04939,25145.38,2024-05-03 23:59:59.999,1254.4165923
2024-05-04,0.04938,0.04973,0.04879,0.04882,15525.71,2024-05-04 23:59:59.999,764.1752021
2024-05-05,0.04882,0.04966,0.04867,0.04902,18870.82,2024-05-05 23:59:59.999,926.0579165
2024-05-06,0.04903,0.0496,0.04851,0.04851,17413.95,2024-05-06 23:59:59.999,851.9142844
2024-05-07,0.04851,0.04866,0.04812,0.04826,17359.84,2024-05-07 23:59:59.999,839.7434499
2024-05-08,0.04826,0.0487,0.04781,0.04861,24184.85,2024-05-08 23:59:59.999,1166.0429121
2024-05-09,0.04862,0.0489,0.04813,0.04814,18791.57,2024-05-09 23:59:59.999,910.8774763
2024-05-10,0.04815,0.04845,0.04769,0.04787,47658.76,2024-05-10 23:59:59.999,2291.2414923
2024-05-11,0.04786,0.04806,0.0477,0.04786,22286.82,2024-05-11 23:59:59.999,1067.3005592
2024-05-12,0.04787,0.04802,0.04763,0.04764,10250.3,2024-05-12 23:59:59.999,490.155268
2024-05-13,0.04764,0.04772,0.04679,0.0469,30984.4,2024-05-13 23:59:59.999,1463.217919
2024-05-14,0.04689,0.0472,0.04678,0.04682,17334.46,2024-05-14 23:59:59.999,814.4811465
2024-05-15,0.04682,0.04698,0.04553,0.04583,48397.39,2024-05-15 23:59:59.999,2229.8211192
2024-05-16,0.04582,0.04586,0.04476,0.04517,39105.75,2024-05-16 23:59:59.999,1770.394968
2024-05-17,0.04516,0.04663,0.0448,0.04615,62536.33,2024-05-17 23:59:59.999,2883.2670334
2024-05-18,0.04616,0.04681,0.04611,0.04667,23111.17,2024-05-18 23:59:59.999,1074.0618772
2024-05-19,0.04668,0.04682,0.04586,0.04636,35137.55,2024-05-19 23:59:59.999,1628.1529283
2024-05-20,0.04635,0.0527,0.04578,0.05135,265057.33,2024-05-20 23:59:59.999,13166.498892
2024-05-21,0.05134,0.05477,0.05118,0.05409,372414.58,2024-05-21 23:59:59.999,19714.8112541
2024-05-22,0.05408,0.05456,0.05259,0.05407,168979.44,2024-05-22 23:59:59.999,9049.3075495
2024-05-23,0.05406,0.05707,0.05375,0.05572,292851.22,2024-05-23 23:59:59.999,16273.8689763
2024-05-24,0.05572,0.05645,0.05316,0.05441,146714.57,2024-05-24 23:59:59.999,8060.4926517
2024-05-25,0.05441,0.05497,0.05393,0.05415,26882.69,2024-05-25 23:59:59.999,1463.0994967
2024-05-26,0.05415,0.05636,0.0541,0.05589,37730.3,2024-05-26 23:59:59.999,2089.5263158
2024-05-27,0.05589,0.05745,0.05578,0.05612,45463.7,2024-05-27 23:59:59.999,2574.0658596
2024-05-28,0.05612,0.05714,0.05584,0.05623,48920.79,2024-05-28 23:59:59.999,2770.313955
2024-05-29,0.05624,0.05654,0.05559,0.05574,52411.92,2024-05-29 23:59:59.999,2936.1437036
2024-05-30,0.05574,0.0558,0.05462,0.05484,29068.86,2024-05-30 23:59:59.999,1604.5459445
2024-05-31,0.05486,0.05623,0.05471,0.05573,33669.64,2024-05-31 23:59:59.999,1873.5151936
2024-06-01,0.05573,0.0565,0.05562,0.05634,15041.53,2024-06-01 23:59:59.999,844.4508147
2024-06-02,0.05635,0.0566,0.05553,0.05585,20405.37,2024-06-02 23:59:59.999,1142.1817964
2024-06-03,0.05583,0.05598,0.05446,0.05477,23970.87,2024-06-03 23:59:59.999,1320.0682908
2024-06-04,0.05475,0.0548,0.05381,0.05405,20930.76,2024-06-04 23:59:59.999,1136.6494985
2024-06-05,0.05405,0.0546,0.05301,0.0544,34022.85,2024-06-05 23:59:59.999,1828.0220017
2024-06-06,0.0544,0.05449,0.05362,0.05388,13730.37,2024-06-06 23:59:59.999,741.6516755
2024-06-07,0.05388,0.0539,0.05212,0.05308,24567.19,2024-06-07 23:59:59.999,1304.9550681
2024-06-08,0.05308,0.05338,0.05294,0.05315,6929.38,2024-06-08 23:59:59.999,368.2563963
2024-06-09,0.05313,0.05335,0.05301,0.05323,4157.16,2024-06-09 23:59:59.999,221.0822691
2024-06-10,0.05324,0.05328,0.05266,0.05278,7490.82,2024-06-10 23:59:59.999,396.212602
2024-06-11,0.05277,0.05292,0.05177,0.05197,37538.47,2024-06-11 23:59:59.999,1964.4751578
2024-06-12,0.05197,0.05256,0.05178,0.05221,22246.0,2024-06-12 23:59:59.999,1159.9287644
2024-06-13,0.0522,0.05235,0.05156,0.05199,19602.87,2024-06-13 23:59:59.999,1017.5565789
2024-06-14,0.05199,0.05299,0.05163,0.05275,25738.42,2024-06-14 23:59:59.999,1345.5248061
2024-06-15,0.05276,0.0541,0.05262,0.05392,27412.14,2024-06-15 23:59:59.999,1465.6421978
2024-06-16,0.05392,0.05473,0.05345,0.05438,17479.29,2024-06-16 23:59:59.999,944.0179257
2024-06-17,0.0544,0.05453,0.05276,0.05283,27744.97,2024-06-17 23:59:59.999,1486.7201391
2024-06-18,0.05283,0.05353,0.052,0.05349,39839.66,2024-06-18 23:59:59.999,2097.3227735
2024-06-19,0.05349,0.05497,0.05344,0.05481,43293.34,2024-06-19 23:59:59.999,2355.957117
2024-06-20,0.05483,0.05495,0.054,0.05416,23249.13,2024-06-20 23:59:59.999,1265.6325211
2024-06-21,0.05417,0.05509,0.05391,0.05489,27010.05,2024-06-21 23:59:59.999,1475.3772435
2024-06-22,0.0549,0.05491,0.05409,0.05441,6950.93,2024-06-22 23:59:59.999,378.2015209
2024-06-23,0.05442,0.05469,0.05363,0.05412,13464.58,2024-06-23 23:59:59.999,728.7844014
2024-06-24,0.05412,0.05602,0.05338,0.05562,48784.96,2024-06-24 23:59:59.999,2661.5089926
2024-06-25,0.05563,0.0557,0.05487,0.05494,24188.95,2024-06-25 23:59:59.999,1334.9359081
2024-06-26,0.05495,0.05594,0.05466,0.05542,20403.9,2024-06-26 23:59:59.999,1124.8698571
2024-06-27,0.05544,0.0562,0.05527,0.05593,14817.71,2024-06-27 23:59:59.999,826.7784351
2024-06-28,0.05595,0.05629,0.05553,0.05594,21003.98,2024-06-28 23:59:59.999,1175.5148384
2024-06-29,0.05595,0.05599,0.05539,0.05542,6083.53,2024-06-29 23:59:59.999,338.6567869
2024-06-30,0.05543,0.05553,0.05474,0.05481,13048.1,2024-06-30 23:59:59.999,720.0155479
2024-07-01,0.05481,0.05544,0.05457,0.05476,15341.5,2024-07-01 23:59:59.999,844.1035606
2024-07-02,0.05475,0.05527,0.0547,0.0551,7600.47,2024-07-02 23:59:59.999,418.0625175
2024-07-03,0.05511,0.05534,0.05452,0.05476,16745.51,2024-07-03 23:59:59.999,920.1932589
2024-07-04,0.05477,0.05502,0.0535,0.05364,41544.85,2024-07-04 23:59:59.999,2262.3906847
2024-07-05,0.05365,0.05419,0.05179,0.05268,104905.29,2024-07-05 23:59:59.999,5554.1684256
2024-07-06,0.05268,0.0533,0.0526,0.05269,20439.95,2024-07-06 23:59:59.999,1081.7849867
2024-07-07,0.05269,0.05275,0.05201,0.05247,19922.31,2024-07-07 23:59:59.999,1043.9473955
2024-07-08,0.05248,0.05353,0.0519,0.05327,60840.47,2024-07-08 23:59:59.999,3213.6283027
2024-07-09,0.05327,0.0538,0.05279,0.05284,26185.96,2024-07-09 23:59:59.999,1398.3306688
2024-07-10,0.05288,0.05439,0.05248,0.05374,31327.24,2024-07-10 23:59:59.999,1671.2084493
2024-07-11,0.05375,0.05453,0.0534,0.05406,27597.09,2024-07-11 23:59:59.999,1490.6535807
2024-07-12,0.05407,0.05434,0.05358,0.05415,15212.95,2024-07-12 23:59:59.999,821.0698931
2024-07-13,0.05416,0.05426,0.05353,0.05365,12244.76,2024-07-13 23:59:59.999,660.0064271
2024-07-14,0.05364,0.05365,0.05307,0.0534,20505.9,2024-07-14 23:59:59.999,1092.8709924
2024-07-15,0.05342,0.05416,0.0531,0.05386,51597.82,2024-07-15 23:59:59.999,2767.5047469
2024-07-16,0.05386,0.05406,0.0529,0.05299,38881.83,2024-07-16 23:59:59.999,2083.1916097
2024-07-17,0.053,0.05353,0.05275,0.05288,34461.02,2024-07-17 23:59:59.999,1830.2177039
2024-07-18,0.05287,0.0538,0.05284,0.05357,20688.39,2024-07-18 23:59:59.999,1104.8259924
2024-07-19,0.05357,0.05366,0.05226,0.0526,40190.12,2024-07-19 23:59:59.999,2122.0050595
2024-07-20,0.05258,0.05272,0.05223,0.05244,28950.19,2024-07-20 23:59:59.999,1518.463952
2024-07-21,0.05244,0.05248,0.05159,0.05192,28515.17,2024-07-21 23:59:59.999,1483.0156412
2024-07-22,0.05191,0.05213,0.05056,0.05094,53620.65,2024-07-22 23:59:59.999,2746.0227279
2024-07-23,0.05094,0.0535,0.05091,0.05284,136502.9,2024-07-23 23:59:59.999,7146.9865156
2024-07-24,0.05282,0.05283,0.05041,0.05103,52740.26,2024-07-24 23:59:59.999,2718.4281861
2024-07-25,0.05103,0.05106,0.04774,0.04827,91378.0,2024-07-25 23:59:59.999,4491.2288724
2024-07-26,0.04827,0.04885,0.04782,0.04826,43725.78,2024-07-26 23:59:59.999,2110.0532052
2024-07-27,0.04825,0.04825,0.04723,0.04786,53877.19,2024-07-27 23:59:59.999,2579.5498807
2024-07-28,0.04785,0.04837,0.04766,0.04794,14696.52,2024-07-28 23:59:59.999,705.1557576
2024-07-29,0.04794,0.04987,0.04766,0.04969,67615.37,2024-07-29 23:59:59.999,3296.7059379
2024-07-30,0.04972,0.05038,0.0494,0.04956,29068.55,2024-07-30 23:59:59.999,1451.3292374
2024-07-31,0.04956,0.0503,0.0494,0.05001,31737.94,2024-07-31 23:59:59.999,1582.0829036
2024-08-01,0.05001,0.05014,0.04876,0.04904,36082.5,2024-08-01 23:59:59.999,1780.3417866
2024-08-02,0.04904,0.04931,0.04774,0.04861,36515.23,2024-08-02 23:59:59.999,1766.4148835
2024-08-03,0.04861,0.04871,0.04773,0.04786,22817.83,2024-08-03 23:59:59.999,1099.3563128
2024-08-04,0.04786,0.0482,0.04528,0.04623,84303.68,2024-08-04 23:59:59.999,3941.8465261
2024-08-05,0.04624,0.04633,0.0402,0.04479,321953.49,2024-08-05 23:59:59.999,14148.6720318
2024-08-06,0.04478,0.0455,0.04371,0.04394,52623.05,2024-08-06 23:59:59.999,2352.5008984
2024-08-07,0.04394,0.0444,0.04225,0.04249,77460.95,2024-08-07 23:59:59.999,3345.1098934
2024-08-08,0.04249,0.04366,0.042,0.04347,73322.24,2024-08-08 23:59:59.999,3140.6404515
2024-08-09,0.04346,0.04421,0.0426,0.04271,42353.89,2024-08-09 23:59:59.999,1837.2193766
2024-08-10,0.0427,0.04341,0.04257,0.04281,15490.15,2024-08-10 23:59:59.999,665.9913541
2024-08-11,0.04281,0.04405,0.04274,0.04349,27867.26,2024-08-11 23:59:59.999,1213.9950285
2024-08-12,0.04349,0.04606,0.043,0.04584,56316.7,2024-08-12 23:59:59.999,2514.1184231
2024-08-13,0.04585,0.04585,0.04415,0.04459,42254.69,2024-08-13 23:59:59.999,1896.2790844
2024-08-14,0.04459,0.04534,0.04439,0.04533,30544.09,2024-08-14 23:59:59.999,1368.9564935
2024-08-15,0.04532,0.04554,0.04396,0.04463,34672.27,2024-08-15 23:59:59.999,1550.0219446
2024-08-16,0.04463,0.04488,0.04383,0.04402,22130.79,2024-08-16 23:59:59.999,983.1576864
2024-08-17,0.044,0.04403,0.04381,0.04393,6022.27,2024-08-17 23:59:59.999,264.541178
2024-08-18,0.04393,0.04473,0.04366,0.04467,14202.44,2024-08-18 23:59:59.999,628.131105
2024-08-19,0.04466,0.04506,0.04397,0.04436,23249.77,2024-08-19 23:59:59.999,1032.1462258
2024-08-20,0.04435,0.04438,0.0433,0.04359,28482.67,2024-08-20 23:59:59.999,1245.609338
2024-08-21,0.04359,0.04386,0.04292,0.04303,25274.88,2024-08-21 23:59:59.999,1097.5995138
2024-08-22,0.04302,0.04345,0.04295,0.04343,14166.64,2024-08-22 23:59:59.999,611.5493929
2024-08-23,0.04343,0.04403,0.0429,0.04314,34408.83,2024-08-23 23:59:59.999,1491.1668701
2024-08-24,0.04316,0.04384,0.04291,0.04318,30599.54,2024-08-24 23:59:59.999,1323.9307353
2024-08-25,0.04317,0.04331,0.04271,0.04279,22054.84,2024-08-25 23:59:59.999,950.2861882
2024-08-26,0.0428,0.04303,0.04229,0.04268,16389.21,2024-08-26 23:59:59.999,700.6418708
2024-08-27,0.04267,0.04279,0.0399,0.04134,51786.87,2024-08-27 23:59:59.999,2156.120518
2024-08-28,0.04135,0.043,0.04106,0.04285,49532.52,2024-08-28 23:59:59.999,2078.5957269
2024-08-29,0.04284,0.0429,0.04226,0.04261,14653.88,2024-08-29 23:59:59.999,624.6753875
2024-08-30,0.04261,0.04289,0.04202,0.04275,22635.59,2024-08-30 23:59:59.999,960.1336695
2024-08-31,0.04274,0.04279,0.04239,0.04264,5554.96,2024-08-31 23:59:59.999,236.8764707
2024-09-01,0.04264,0.0429,0.04192,0.04236,17944.08,2024-09-01 23:59:59.999,762.2723902
2024-09-02,0.04235,0.0434,0.04235,0.04295,19068.63,2024-09-02 23:59:59.999,819.0351251
2024-09-03,0.04294,0.04297,0.04211,0.04221,13339.33,2024-09-03 23:59:59.999,566.2225133
2024-09-04,0.04221,0.04274,0.04125,0.0423,30889.63,2024-09-04 23:59:59.999,1299.4977044
2024-09-05,0.0423,0.04247,0.04185,0.04219,14555.99,2024-09-05 23:59:59.999,614.1594677
2024-09-06,0.04218,0.04259,0.04091,0.04126,42453.82,2024-09-06 23:59:59.999,1776.9718155
2024-09-07,0.04126,0.04228,0.04126,0.042,16586.31,2024-09-07 23:59:59.999,695.5357308
2024-09-08,0.04201,0.04231,0.04177,0.0419,11145.95,2024-09-08 23:59:59.999,468.4183515
2024-09-09,0.0419,0.04216,0.04094,0.04139,26369.43,2024-09-09 23:59:59.999,1096.3617782
2024-09-10,0.04139,0.04151,0.041,0.04144,15679.25,2024-09-10 23:59:59.999,646.5575511
2024-09-11,0.04145,0.04145,0.04056,0.04085,26165.18,2024-09-11 23:59:59.999,1073.7759811
2024-09-12,0.04084,0.04095,0.0401,0.04065,24262.57,2024-09-12 23:59:59.999,983.4584289
2024-09-13,0.04065,0.04083,0.04026,0.04034,18820.26,2024-09-13 23:59:59.999,763.1499383
2024-09-14,0.04034,0.04055,0.04012,0.04032,8215.35,2024-09-14 23:59:59.999,331.1271895
2024-09-15,0.04032,0.04037,0.03894,0.03919,24704.73,2024-09-15 23:59:59.999,980.304617
2024-09-16,0.03919,0.03973,0.03871,0.03945,34474.43,2024-09-16 23:59:59.999,1352.6517247
2024-09-17,0.03946,0.03948,0.03873,0.03883,36071.24,2024-09-17 23:59:59.999,1411.0948328
2024-09-18,0.03883,0.03884,0.03834,0.03848,31517.64,2024-09-18 23:59:59.999,1215.7292992
2024-09-19,0.03848,0.03933,0.03836,0.03917,37765.15,2024-09-19 23:59:59.999,1467.4993102
2024-09-20,0.03917,0.04074,0.0389,0.04054,46883.41,2024-09-20 23:59:59.999,1874.8994637
2024-09-21,0.04055,0.0413,0.04029,0.04127,15082.7,2024-09-21 23:59:59.999,613.5832902
2024-09-22,0.04126,0.04151,0.04046,0.04062,19908.5,2024-09-22 23:59:59.999,817.4527553
2024-09-23,0.04062,0.04244,0.04057,0.04178,40003.18,2024-09-23 23:59:59.999,1669.9089984
2024-09-24,0.04178,0.04189,0.04114,0.04132,27356.11,2024-09-24 23:59:59.999,1136.589122
2024-09-25,0.04132,0.04134,0.04055,0.04087,19541.4,2024-09-25 23:59:59.999,801.4990275
2024-09-26,0.04087,0.04128,0.04035,0.04041,24136.38,2024-09-26 23:59:59.999,984.6821475
2024-09-27,0.04042,0.0412,0.04033,0.04099,32676.45,2024-09-27 23:59:59.999,1330.838824
2024-09-28,0.04099,0.04105,0.04046,0.04064,13642.52,2024-09-28 23:59:59.999,555.5071157
2024-09-29,0.04065,0.04073,0.04028,0.04054,9879.79,2024-09-29 23:59:59.999,400.0247928
2024-09-30,0.04054,0.04128,0.04035,0.04111,24916.84,2024-09-30 23:59:59.999,1019.3782001
2024-10-01,0.0411,0.04151,0.03979,0.04028,47691.9,2024-10-01 23:59:59.999,1934.9699723
2024-10-02,0.04028,0.04049,0.03894,0.03901,29270.0,2024-10-02 23:59:59.999,1161.7695921
2024-10-03,0.039,0.03916,0.03844,0.03869,26447.13,2024-10-03 23:59:59.999,1024.7530476
2024-10-04,0.0387,0.03937,0.03861,0.03891,16240.08,2024-10-04 23:59:59.999,632.3299712
2024-10-05,0.03891,0.03909,0.03872,0.03893,8914.62,2024-10-05 23:59:59.999,346.651251
2024-10-06,0.03893,0.03919,0.03878,0.03887,7788.86,2024-10-06 23:59:59.999,303.9874772
2024-10-07,0.03886,0.03949,0.03852,0.03896,30330.47,2024-10-07 23:59:59.999,1183.5909559
2024-10-08,0.03896,0.03942,0.03876,0.03928,15908.51,2024-10-08 23:59:59.999,621.25359
2024-10-09,0.03929,0.0397,0.03898,0.03911,23942.22,2024-10-09 23:59:59.999,941.4720549
2024-10-10,0.03912,0.03988,0.03908,0.03957,17282.4,2024-10-10 23:59:59.999,682.1424922
2024-10-11,0.03957,0.03985,0.03883,0.03904,18190.58,2024-10-11 23:59:59.999,715.2134495
2024-10-12,0.03903,0.03935,0.03888,0.03922,23326.66,2024-10-12 23:59:59.999,912.4723467
2024-10-13,0.03922,0.03941,0.03912,0.03929,20591.8,2024-10-13 23:59:59.999,809.047843
2024-10-14,0.03929,0.04007,0.03909,0.03984,37610.08,2024-10-14 23:59:59.999,1486.9058748
2024-10-15,0.03983,0.04006,0.0386,0.03892,38177.29,2024-10-15 23:59:59.999,1499.5065887
2024-10-16,0.03891,0.03908,0.03843,0.03864,24305.78,2024-10-16 23:59:59.999,942.2444017
2024-10-17,0.03865,0.03921,0.03864,0.03867,16150.75,2024-10-17 23:59:59.999,628.3465391
2024-10-18,0.03867,0.03901,0.0385,0.03863,26181.35,2024-10-18 23:59:59.999,1013.342077
2024-10-19,0.03863,0.03887,0.0386,0.03875,10189.09,2024-10-19 23:59:59.999,394.6995332
2024-10-20,0.03876,0.03987,0.03869,0.0398,29601.63,2024-10-20 23:59:59.999,1161.7732292
2024-10-21,0.03981,0.03989,0.03948,0.03959,24219.62,2024-10-21 23:59:59.999,961.0688564
2024-10-22,0.0396,0.03972,0.0389,0.03892,19140.69,2024-10-22 23:59:59.999,749.760233
2024-10-23,0.03892,0.03909,0.03754,0.03789,36814.16,2024-10-23 23:59:59.999,1410.191724
2024-10-24,0.03789,0.03801,0.03712,0.0372,26922.2,2024-10-24 23:59:59.999,1010.703922
2024-10-25,0.0372,0.03752,0.03622,0.03661,37931.1,2024-10-25 23:59:59.999,1404.5269307
2024-10-26,0.03661,0.03723,0.0365,0.03704,15284.85,2024-10-26 23:59:59.999,563.3820785
2024-10-27,0.03705,0.03705,0.0367,0.03689,9266.91,2024-10-27 23:59:59.999,341.9160481
2024-10-28,0.03689,0.03711,0.03592,0.03672,29455.57,2024-10-28 23:59:59.999,1076.2642734
2024-10-29,0.03673,0.0371,0.03611,0.03631,33354.95,2024-10-29 23:59:59.999,1223.3388362
2024-10-30,0.03631,0.03781,0.03615,0.03679,46326.04,2024-10-30 23:59:59.999,1715.9039894
2024-10-31,0.03679,0.03695,0.03569,0.03585,33743.46,2024-10-31 23:59:59.999,1223.4856128
2024-11-01,0.03585,0.03644,0.03584,0.03616,23377.11,2024-11-01 23:59:59.999,843.6560079
2024-11-02,0.03616,0.0362,0.03556,0.03597,10162.33,2024-11-02 23:59:59.999,364.8273642
2024-11-03,0.03597,0.03608,0.03556,0.03574,38623.35,2024-11-03 23:59:59.999,1382.3644826
2024-11-04,0.03574,0.036,0.03524,0.03538,27353.78,2024-11-04 23:59:59.999,976.5838959
2024-11-05,0.03538,0.03557,0.03476,0.03493,31915.3,2024-11-05 23:59:59.999,1124.8954612
2024-11-06,0.03494,0.03623,0.03468,0.03603,92440.99,2024-11-06 23:59:59.999,3263.5744499
2024-11-07,0.03604,0.03829,0.03593,0.03819,76420.77,2024-11-07 23:59:59.999,2868.1583092
2024-11-08,0.03819,0.03884,0.0381,0.03873,44441.7,2024-11-08 23:59:59.999,1708.4635933
2024-11-09,0.03874,0.04115,0.03868,0.04078,58846.45,2024-11-09 23:59:59.999,2347.0816935
2024-11-10,0.04077,0.04088,0.03903,0.03965,84057.74,2024-11-10 23:59:59.999,3367.3252308
2024-11-11,0.03965,0.03976,0.03754,0.03806,124760.75,2024-11-11 23:59:59.999,4819.3701772
2024-11-12,0.03805,0.03865,0.03661,0.03692,145281.83,2024-11-12 23:59:59.999,5478.0938458
2024-11-13,0.03693,0.03727,0.035,0.03529,109956.88,2024-11-13 23:59:59.999,3964.2235945
2024-11-14,0.0353,0.03599,0.0346,0.03506,78246.12,2024-11-14 23:59:59.999,2757.7445424
2024-11-15,0.03505,0.03507,0.03358,0.03396,59580.97,2024-11-15 23:59:59.999,2046.3309174
2024-11-16,0.03397,0.03533,0.03374,0.03462,67677.46,2024-11-16 23:59:59.999,2341.5668701
2024-11-17,0.03461,0.03484,0.03395,0.03424,55592.97,2024-11-17 23:59:59.999,1909.8171604
2024-11-18,0.03424,0.03563,0.03381,0.03547,85506.21,2024-11-18 23:59:59.999,2952.4709885
2024-11-19,0.03547,0.03565,0.03327,0.0337,95893.08,2024-11-19 23:59:59.999,3265.2792421
2024-11-20,0.0337,0.03389,0.0323,0.03256,77406.03,2024-11-20 23:59:59.999,2556.4985978
2024-11-21,0.03256,0.0346,0.0319,0.03411,208752.5,2024-11-21 23:59:59.999,6992.1956544
2024-11-22,0.03411,0.03462,0.0329,0.03363,90496.36,2024-11-22 23:59:59.999,3053.0476527
2024-11-23,0.03363,0.03544,0.03358,0.03478,132384.69,2024-11-23 23:59:59.999,4576.9558956
2024-11-24,0.03478,0.03506,0.034,0.03434,60488.25,2024-11-24 23:59:59.999,2086.951353
2024-11-25,0.03434,0.03696,0.03405,0.03673,174156.71,2024-11-25 23:59:59.999,6235.6684181
2024-11-26,0.03673,0.03675,0.03527,0.03617,70802.19,2024-11-26 23:59:59.999,2551.8939404
2024-11-27,0.03617,0.0384,0.03594,0.03812,100769.2,2024-11-27 23:59:59.999,3735.7876087
2024-11-28,0.03812,0.03817,0.03716,0.03742,54905.43,2024-11-28 23:59:59.999,2069.6708551
2024-11-29,0.03742,0.0375,0.03661,0.03691,42619.9,2024-11-29 23:59:59.999,1578.1747673
2024-11-30,0.03688,0.03874,0.03688,0.03844,62513.71,2024-11-30 23:59:59.999,2371.6448625
2024-12-01,0.03844,0.03873,0.0379,0.03816,44397.55,2024-12-01 23:59:59.999,1699.7573567
2024-12-02,0.03816,0.03858,0.03757,0.03804,63588.5,2024-12-02 23:59:59.999,2415.1754403
2024-12-03,0.03804,0.03819,0.03722,0.03773,44151.22,2024-12-03 23:59:59.999,1667.7856268
2024-12-04,0.03774,0.04015,0.03773,0.03897,110263.04,2024-12-04 23:59:59.999,4315.712704
2024-12-05,0.03897,0.04035,0.037,0.03907,165773.45,2024-12-05 23:59:59.999,6357.0739976
2024-12-06,0.03908,0.04078,0.03905,0.04012,87415.99,2024-12-06 23:59:59.999,3490.6106821
2024-12-07,0.04011,0.04036,0.03982,0.04005,24543.68,2024-12-07 23:59:59.999,984.6862464
2024-12-08,0.04005,0.04014,0.03952,0.03963,28471.05,2024-12-08 23:59:59.999,1135.6887615
2024-12-09,0.03963,0.03992,0.03699,0.03818,93038.46,2024-12-09 23:59:59.999,3593.5755903
2024-12-10,0.03818,0.03861,0.03702,0.03759,73700.66,2024-12-10 23:59:59.999,2788.2456868
2024-12-11,0.03759,0.03801,0.03711,0.03791,34919.49,2024-12-11 23:59:59.999,1316.0047441
2024-12-12,0.0379,0.03939,0.0378,0.03884,59588.42,2024-12-12 23:59:59.999,2316.3923996
2024-12-13,0.03884,0.03955,0.03844,0.03855,35828.05,2024-12-13 23:59:59.999,1395.9494722
2024-12-14,0.03855,0.03874,0.03801,0.0382,28914.36,2024-12-14 23:59:59.999,1106.9873155
2024-12-15,0.0382,0.03824,0.03748,0.03794,25567.47,2024-12-15 23:59:59.999,968.679072
2024-12-16,0.03793,0.0383,0.03702,0.03761,70245.1,2024-12-16 23:59:59.999,2651.3579057
2024-12-17,0.03761,0.03784,0.03639,0.03669,62860.21,2024-12-17 23:59:59.999,2338.3815699
2024-12-18,0.03669,0.03731,0.03606,0.03622,50339.75,2024-12-18 23:59:59.999,1848.429476
2024-12-19,0.03622,0.03645,0.03473,0.03508,99812.26,2024-12-19 23:59:59.999,3549.3511689
2024-12-20,0.03508,0.03595,0.03327,0.03549,153620.61,2024-12-20 23:59:59.999,5304.4923431
2024-12-21,0.03549,0.03591,0.03407,0.03431,57985.49,2024-12-21 23:59:59.999,2035.0032181
2024-12-22,0.03431,0.035,0.03412,0.03447,33290.03,2024-12-22 23:59:59.999,1150.628648
2024-12-23,0.03448,0.03672,0.03428,0.03607,53300.18,2024-12-23 23:59:59.999,1884.9815388
2024-12-24,0.03606,0.0363,0.03523,0.0354,40067.87,2024-12-24 23:59:59.999,1431.9497463
2024-12-25,0.03538,0.03579,0.03496,0.03519,22204.26,2024-12-25 23:59:59.999,785.942953
2024-12-26,0.03519,0.0354,0.03464,0.03482,26373.78,2024-12-26 23:59:59.999,922.8398495
2024-12-27,0.03482,0.03558,0.03478,0.03536,27813.38,2024-12-27 23:59:59.999,979.8127497
2024-12-28,0.03536,0.03584,0.03527,0.03573,9902.38,2024-12-28 23:59:59.999,352.098927
2024-12-29,0.03573,0.03595,0.03554,0.0358,13142.16,2024-12-29 23:59:59.999,470.0012702
2024-12-30,0.0358,0.03659,0.03579,0.03623,37275.13,2024-12-30 23:59:59.999,1349.3971881
2024-12-31,0.03622,0.03628,0.0356,0.03568,22623.0,2024-12-31 23:59:59.999,812.8283712
2025-01-01,0.03568,0.03581,0.0354,0.03553,10519.63,2025-01-01 23:59:59.999,374.4832904
2025-01-02,0.03554,0.03605,0.03541,0.03564,17799.06,2025-01-02 23:59:59.999,636.4295955
2025-01-03,0.03563,0.03681,0.03559,0.03677,22623.87,2025-01-03 23:59:59.999,822.504945
2025-01-04,0.03677,0.0373,0.03657,0.03723,21377.95,2025-01-04 23:59:59.999,790.5598816
2025-01-05,0.03724,0.03735,0.03691,0.03696,7777.0,2025-01-05 23:59:59.999,288.0770798
2025-01-06,0.03696,0.03719,0.03595,0.03609,25129.13,2025-01-06 23:59:59.999,917.3694909
2025-01-07,0.03608,0.0363,0.03483,0.0349,37825.82,2025-01-07 23:59:59.999,1343.5424287
2025-01-08,0.0349,0.03538,0.03456,0.03501,40623.73,2025-01-08 23:59:59.999,1420.2059505
2025-01-09,0.03502,0.03565,0.03453,0.03481,34081.38,2025-01-09 23:59:59.999,1197.3980776
2025-01-10,0.03482,0.03494,0.03443,0.03452,22264.41,2025-01-10 23:59:59.999,772.8714235
2025-01-11,0.03452,0.03501,0.03426,0.03473,9498.98,2025-01-11 23:59:59.999,328.4965703
2025-01-12,0.03473,0.0348,0.03438,0.03458,6708.62,2025-01-12 23:59:59.999,231.8597011
2025-01-13,0.03458,0.03485,0.03258,0.0332,63788.85,2025-01-13 23:59:59.999,2136.3570928
2025-01-14,0.0332,0.03365,0.03307,0.03341,22638.43,2025-01-14 23:59:59.999,754.7233147
2025-01-15,0.03342,0.03459,0.03301,0.03435,55063.63,2025-01-15 23:59:59.999,1867.8037277
2025-01-16,0.03436,0.03437,0.0329,0.0331,33492.66,2025-01-16 23:59:59.999,1127.368975
2025-01-17,0.03311,0.03369,0.03243,0.03338,47254.37,2025-01-17 23:59:59.999,1564.9402519
2025-01-18,0.03339,0.03342,0.03131,0.03167,81508.97,2025-01-18 23:59:59.999,2602.343786
2025-01-19,0.03167,0.03284,0.02996,0.03173,152876.04,2025-01-19 23:59:59.999,4811.6875505
2025-01-20,0.03174,0.03255,0.03085,0.03212,94440.2,2025-01-20 23:59:59.999,2991.0994253
2025-01-21,0.03213,0.03214,0.03105,0.03137,71999.32,2025-01-21 23:59:59.999,2280.3469113
2025-01-22,0.03136,0.03179,0.03108,0.03129,21843.16,2025-01-22 23:59:59.999,687.253043
2025-01-23,0.03129,0.03218,0.03059,0.03214,54713.19,2025-01-23 23:59:59.999,1709.9839662
2025-01-24,0.03218,0.03254,0.03157,0.03159,49422.88,2025-01-24 23:59:59.999,1584.8953731
2025-01-25,0.03159,0.03199,0.03134,0.03171,17945.94,2025-01-25 23:59:59.999,567.5183842
2025-01-26,0.03171,0.03194,0.03144,0.03153,14969.12,2025-01-26 23:59:59.999,474.0696665
2025-01-27,0.03152,0.03168,0.03072,0.03119,55260.72,2025-01-27 23:59:59.999,1716.0206828
2025-01-28,0.0312,0.03139,0.03031,0.03039,25456.09,2025-01-28 23:59:59.999,784.7897117
2025-01-29,0.03038,0.03079,0.03001,0.03004,29390.13,2025-01-29 23:59:59.999,891.4056496
2025-01-30,0.03005,0.03119,0.02997,0.03102,59152.14,2025-01-30 23:59:59.999,1816.5441889
2025-01-31,0.03102,0.03271,0.03091,0.03224,72895.21,2025-01-31 23:59:59.999,2330.0335303
2025-02-01,0.03224,0.03249,0.03093,0.03099,34280.82,2025-02-01 23:59:59.999,1089.4952139
2025-02-02,0.03099,0.03132,0.02856,0.02938,109741.76,2025-02-02 23:59:59.999,3307.1553825
2025-02-03,0.02938,0.0295,0.02363,0.02843,328369.69,2025-02-03 23:59:59.999,8878.1159692
2025-02-04,0.02843,0.02864,0.02702,0.02794,82258.31,2025-02-04 23:59:59.999,2292.8158965
2025-02-05,0.02795,0.02896,0.02769,0.02889,42331.19,2025-02-05 23:59:59.999,1195.8178406
2025-02-06,0.02888,0.02913,0.0276,0.02785,34805.0,2025-02-06 23:59:59.999,987.0028324
2025-02-07,0.02784,0.02835,0.0268,0.02719,32223.54,2025-02-07 23:59:59.999,891.2819175
2025-02-08,0.02719,0.02757,0.02706,0.0273,14243.24,2025-02-08 23:59:59.999,388.5265099
2025-02-09,0.02731,0.02774,0.0266,0.02725,17257.1,2025-02-09 23:59:59.999,471.6692666
2025-02-10,0.02726,0.02764,0.0268,0.02733,13087.3,2025-02-10 23:59:59.999,356.7846809
2025-02-11,0.02733,0.02782,0.02685,0.0272,19960.03,2025-02-11 23:59:59.999,547.6929045
2025-02-12,0.02718,0.02859,0.02697,0.02799,34286.35,2025-02-12 23:59:59.999,948.1886469
2025-02-13,0.028,0.0282,0.02739,0.02771,19407.77,2025-02-13 23:59:59.999,540.8819344
2025-02-14,0.02771,0.02835,0.0276,0.02798,19015.37,2025-02-14 23:59:59.999,533.5843335
2025-02-15,0.02798,0.02801,0.02738,0.02763,8837.19,2025-02-15 23:59:59.999,244.7255684
2025-02-16,0.02762,0.02794,0.02752,0.02771,8049.68,2025-02-16 23:59:59.999,223.3103887
2025-02-17,0.02771,0.02942,0.0275,0.02867,43832.64,2025-02-17 23:59:59.999,1248.7168281
2025-02-18,0.02867,0.02872,0.02769,0.02794,23310.83,2025-02-18 23:59:59.999,654.3602561
2025-02-19,0.02795,0.02847,0.02794,0.02811,15146.6,2025-02-19 23:59:59.999,427.4286072
2025-02-20,0.02811,0.02838,0.02777,0.02787,15199.17,2025-02-20 23:59:59.999,426.8435103
2025-02-21,0.02787,0.02867,0.02731,0.0277,55207.6,2025-02-21 23:59:59.999,1540.45633
2025-02-22,0.0277,0.02896,0.02763,0.02863,23669.1,2025-02-22 23:59:59.999,669.4527829
2025-02-23,0.02864,0.0297,0.02846,0.02931,32841.71,2025-02-23 23:59:59.999,958.0456554
2025-02-24,0.02931,0.02945,0.0268,0.02748,50855.34,2025-02-24 23:59:59.999,1432.7232453
2025-02-25,0.02747,0.02839,0.0261,0.02815,60012.69,2025-02-25 23:59:59.999,1634.7932203
2025-02-26,0.02815,0.02822,0.027,0.02775,37388.63,2025-02-26 23:59:59.999,1032.3835571
2025-02-27,0.02774,0.02784,0.02678,0.02725,36075.28,2025-02-27 23:59:59.999,984.5785827
2025-02-28,0.02726,0.02735,0.02618,0.02653,64963.86,2025-02-28 23:59:59.999,1729.3617152
2025-03-01,0.02654,0.0267,0.02542,0.02577,42147.29,2025-03-01 23:59:59.999,1099.1044639
2025-03-02,0.02577,0.02738,0.0253,0.02673,91136.51,2025-03-02 23:59:59.999,2406.985394
2025-03-03,0.02673,0.02675,0.0245,0.02493,55006.5,2025-03-03 23:59:59.999,1397.859592
2025-03-04,0.02494,0.02541,0.0243,0.02489,73048.5,2025-03-04 23:59:59.999,1811.9771843
2025-03-05,0.0249,0.0255,0.02439,0.02475,36226.23,2025-03-05 23:59:59.999,899.2125961
2025-03-06,0.02474,0.02523,0.02441,0.0245,26806.27,2025-03-06 23:59:59.999,667.2965616
2025-03-07,0.0245,0.025,0.02438,0.02468,39320.56,2025-03-07 23:59:59.999,971.0903805
2025-03-08,0.02469,0.02585,0.02464,0.02556,18468.61,2025-03-08 23:59:59.999,467.8409857
2025-03-09,0.02557,0.0256,0.02425,0.02503,32430.77,2025-03-09 23:59:59.999,811.3867445
2025-03-10,0.02504,0.02587,0.02337,0.02373,62366.94,2025-03-10 23:59:59.999,1535.0863891
2025-03-11,0.02374,0.02397,0.02291,0.0232,71807.73,2025-03-11 23:59:59.999,1685.5961284
2025-03-12,0.0232,0.0236,0.02263,0.02282,55871.52,2025-03-12 23:59:59.999,1283.9849943
2025-03-13,0.02282,0.02316,0.02241,0.023,31380.91,2025-03-13 23:59:59.999,716.4467629
2025-03-14,0.023,0.02317,0.0226,0.02277,33862.53,2025-03-14 23:59:59.999,775.0475352
2025-03-15,0.02276,0.02319,0.0226,0.02298,13834.27,2025-03-15 23:59:59.999,316.8751879
2025-03-16,0.02298,0.02304,0.02253,0.02286,20497.49,2025-03-16 23:59:59.999,466.6257639
2025-03-17,0.02285,0.02315,0.02273,0.02294,25416.79,2025-03-17 23:59:59.999,582.9364226
2025-03-18,0.02294,0.02341,0.02284,0.02337,22879.0,2025-03-18 23:59:59.999,528.322647
2025-03-19,0.02338,0.02426,0.02323,0.0237,40562.55,2025-03-19 23:59:59.999,967.1945465
2025-03-20,0.02369,0.0237,0.02312,0.02357,18386.31,2025-03-20 23:59:59.999,430.1726811
2025-03-21,0.02356,0.02363,0.02316,0.02339,17091.47,2025-03-21 23:59:59.999,399.9455987
2025-03-22,0.02338,0.02381,0.02338,0.02362,9337.54,2025-03-22 23:59:59.999,220.6588456
2025-03-23,0.02362,0.02397,0.02323,0.02331,15118.73,2025-03-23 23:59:59.999,357.1032379
2025-03-24,0.02332,0.02408,0.02313,0.0238,34762.95,2025-03-24 23:59:59.999,822.2172545
2025-03-25,0.0238,0.02397,0.02347,0.02365,24290.47,2025-03-25 23:59:59.999,574.8855143
2025-03-26,0.02365,0.02369,0.02298,0.02312,30296.87,2025-03-26 23:59:59.999,708.7379948
2025-03-27,0.02312,0.02328,0.02294,0.02297,15652.65,2025-03-27 23:59:59.999,362.4838269
2025-03-28,0.02296,0.0231,0.022,0.02246,48429.57,2025-03-28 23:59:59.999,1085.7585561
2025-03-29,0.02246,0.02266,0.02198,0.02211,23850.28,2025-03-29 23:59:59.999,533.2338814
2025-03-30,0.02211,0.02218,0.0216,0.02193,15272.3,2025-03-30 23:59:59.999,334.9339035
2025-03-31,0.02194,0.0222,0.02183,0.02207,18238.3,2025-03-31 23:59:59.999,401.727
2025-04-01,0.02207,0.0226,0.02201,0.02236,20982.26,2025-04-01 23:59:59.999,469.07576
2025-04-02,0.02235,0.02238,0.0216,0.02176,41488.67,2025-04-02 23:59:59.999,910.9499369
2025-04-03,0.02176,0.02203,0.02136,0.02185,25133.44,2025-04-03 23:59:59.999,545.32868
2025-04-04,0.02183,0.02187,0.02145,0.02166,22425.52,2025-04-04 23:59:59.999,485.0759775
2025-04-05,0.02165,0.02178,0.02126,0.02162,10367.32,2025-04-05 23:59:59.999,223.7160178
2025-04-06,0.02161,0.02171,0.01981,0.02014,71861.96,2025-04-06 23:59:59.999,1481.1776825
2025-04-07,0.02014,0.02039,0.01892,0.01961,116180.22,2025-04-07 23:59:59.999,2287.0120405
2025-04-08,0.01961,0.02001,0.0188,0.01928,45738.68,2025-04-08 23:59:59.999,884.5377423
2025-04-09,0.01928,0.02028,0.01851,0.02021,113902.53,2025-04-09 23:59:59.999,2215.9273577
2025-04-10,0.02021,0.02026,0.01873,0.01911,53765.45,2025-04-10 23:59:59.999,1043.9566143
2025-04-11,0.01911,0.01936,0.01863,0.01877,38864.54,2025-04-11 23:59:59.999,736.9095255
2025-04-12,0.01876,0.01964,0.01857,0.01927,40017.91,2025-04-12 23:59:59.999,768.5345682
2025-04-13,0.01927,0.01943,0.01874,0.01906,35775.33,2025-04-13 23:59:59.999,680.7050163
2025-04-14,0.01906,0.01992,0.019,0.01918,76972.59,2025-04-14 23:59:59.999,1497.8161937
2025-04-15,0.01918,0.01925,0.01886,0.01898,42128.01,2025-04-15 23:59:59.999,804.4122343
2025-04-16,0.01897,0.01912,0.01837,0.01875,53822.68,2025-04-16 23:59:59.999,1008.7653681
2025-04-17,0.01875,0.01899,0.01858,0.01863,43209.79,2025-04-17 23:59:59.999,813.1326824
2025-04-18,0.01863,0.0189,0.01858,0.01879,16494.07,2025-04-18 23:59:59.999,309.0169206
2025-04-19,0.0188,0.01915,0.0187,0.01895,14713.84,2025-04-19 23:59:59.999,277.8385802
2025-04-20,0.01895,0.019,0.01856,0.01862,28015.09,2025-04-20 23:59:59.999,527.110227
2025-04-21,0.01863,0.01893,0.01799,0.01805,58969.73,2025-04-21 23:59:59.999,1092.1335609
2025-04-22,0.01805,0.01905,0.01761,0.0188,108143.28,2025-04-22 23:59:59.999,1989.6036939
2025-04-23,0.0188,0.01948,0.01873,0.01916,74203.97,2025-04-23 23:59:59.999,1423.7019923
2025-04-24,0.01916,0.01925,0.01875,0.01883,34393.61,2025-04-24 23:59:59.999,652.5079054
2025-04-25,0.01882,0.01916,0.0187,0.01886,58174.3,2025-04-25 23:59:59.999,1100.9289547
2025-04-26,0.01886,0.01943,0.01886,0.01925,34506.24,2025-04-26 23:59:59.999,659.392505
2025-04-27,0.01925,0.01952,0.019,0.01911,29228.25,2025-04-27 23:59:59.999,561.5003585
2025-04-28,0.01911,0.01916,0.01864,0.01894,60361.82,2025-04-28 23:59:59.999,1143.6538404
2025-04-29,0.01895,0.01939,0.01889,0.01909,56327.18,2025-04-29 23:59:59.999,1077.9729718
2025-04-30,0.01908,0.01917,0.01861,0.01905,67746.27,2025-04-30 23:59:59.999,1280.8037628
2025-05-01,0.01905,0.01933,0.019,0.01907,37570.56,2025-05-01 23:59:59.999,718.8581189
2025-05-02,0.01906,0.01915,0.01882,0.01903,24463.41,2025-05-02 23:59:59.999,464.1366924
2025-05-03,0.01902,0.01919,0.01887,0.01913,12778.16,2025-05-03 23:59:59.999,243.2328013
2025-05-04,0.01913,0.01927,0.0191,0.01919,20544.02,2025-05-04 23:59:59.999,393.8575085
2025-05-05,0.01919,0.01937,0.01902,0.01922,26981.51,2025-05-05 23:59:59.999,518.1909152
2025-05-06,0.01922,0.01922,0.01865,0.01877,37425.26,2025-05-06 23:59:59.999,707.1555052
2025-05-07,0.01877,0.01906,0.01854,0.01868,34109.39,2025-05-07 23:59:59.999,641.5880229
2025-05-08,0.01868,0.02151,0.01863,0.02138,138151.79,2025-05-08 23:59:59.999,2763.9750215
2025-05-09,0.02137,0.02399,0.02121,0.022777,161213.72,2025-05-09 23:59:59.999,3640.62209573
2025-05-10,0.022776,0.02498,0.022562,0.024655,72410.98,2025-05-10 23:59:59.999,1710.48328198
2025-05-11,0.024645,0.024852,0.0235,0.024161,65217.16,2025-05-11 23:59:59.999,1573.28567114
2025-05-12,0.024164,0.024864,0.023913,0.024289,64409.96,2025-05-12 23:59:59.999,1569.74703771
2025-05-13,0.024294,0.0261,0.023754,0.025751,83628.93,2025-05-13 23:59:59.999,2068.94069264
2025-05-14,0.025752,0.0262,0.024813,0.025215,53057.35,2025-05-14 23:59:59.999,1343.28250703
2025-05-15,0.025224,0.025496,0.024375,0.024558,65197.94,2025-05-15 23:59:59.999,1619.01801579
2025-05-16,0.02456,0.025492,0.024466,0.024526,52189.06,2025-05-16 23:59:59.999,1301.39175842
2025-05-17,0.024527,0.024527,0.023823,0.023998,32926.43,2025-05-17 23:59:59.999,793.4397888
2025-05-18,0.024001,0.0245,0.0225,0.023463,74908.86,2025-05-18 23:59:59.999,1770.96198923
2025-05-19,0.023458,0.024122,0.022841,0.023949,65136.09,2025-05-19 23:59:59.999,1535.8264634
2025-05-20,0.023958,0.024349,0.0232,0.023654,29306.68,2025-05-20 23:59:59.999,698.45177467
2025-05-21,0.023637,0.02424,0.023015,0.023281,53622.64,2025-05-21 23:59:59.999,1264.49242824
2025-05-22,0.023285,0.024349,0.023228,0.023869,40667.13,2025-05-22 23:59:59.999,968.72078311
2025-05-23,0.023873,0.024569,0.023155,0.023552,68546.32,2025-05-23 23:59:59.999,1637.77003882
2025-05-24,0.02356,0.0237,0.023108,0.023476,24918.99,2025-05-24 23:59:59.999,586.33281495
2025-05-25,0.023483,0.023527,0.023,0.023399,22105.29,2025-05-25 23:59:59.999,514.38509597
2025-05-26,0.023396,0.023589,0.023176,0.023428,16309.69,2025-05-26 23:59:59.999,381.55981168
2025-05-27,0.023427,0.024563,0.023271,0.024421,44109.42,2025-05-27 23:59:59.999,1059.98242776
2025-05-28,0.024422,0.02489,0.024053,0.024873,24357.6,2025-05-28 23:59:59.999,595.76840565
2025-05-29,0.024868,0.025767,0.024461,0.024919,51751.43,2025-05-29 23:59:59.999,1297.7614371
2025-05-30,0.024916,0.02503,0.024165,0.02433,43083.01,2025-05-30 23:59:59.999,1061.03570684
2025-05-31,0.024326,0.02449,0.023931,0.024147,17245.83,2025-05-31 23:59:59.999,418.25317526
2025-06-01,0.024138,0.0242,0.023768,0.024022,18035.08,2025-06-01 23:59:59.999,433.03326605
2025-06-02,0.024019,0.02469,0.023631,0.02461,21675.74,2025-06-02 23:59:59.999,522.94149682
2025-06-03,0.024618,0.024947,0.02449,0.024601,29140.26,2025-06-03 23:59:59.999,721.61374517
2025-06-04,0.024608,0.025425,0.02457,0.024903,49037.0,2025-06-04 23:59:59.999,1227.9205409
2025-06-05,0.024906,0.025079,0.023752,0.023781,53968.83,2025-06-05 23:59:59.999,1327.02318831
2025-06-06,0.023776,0.024111,0.023505,0.023737,36854.09,2025-06-06 23:59:59.999,879.3655247
2025-06-07,0.023734,0.024017,0.023633,0.023923,27390.1,2025-06-07 23:59:59.999,651.27252049
2025-06-08,0.023927,0.023961,0.023661,0.023742,21555.25,2025-06-08 23:59:59.999,513.02915813
2025-06-09,0.023741,0.024456,0.023451,0.024322,29843.34,2025-06-09 23:59:59.999,709.87138864
2025-06-10,0.024317,0.0257,0.024317,0.025551,41005.38,2025-06-10 23:59:59.999,1023.46889745
2025-06-11,0.025541,0.026229,0.025215,0.025522,46637.6,2025-06-11 23:59:59.999,1197.38018446
2025-06-12,0.025509,0.025743,0.024733,0.025008,60005.69,2025-06-12 23:59:59.999,1525.50450434
2025-06-13,0.025005,0.025027,0.023677,0.024315,52217.38,2025-06-13 23:59:59.999,1262.52655037
2025-06-14,0.024318,0.024318,0.023843,0.023999,17298.53,2025-06-14 23:59:59.999,416.27060737
2025-06-15,0.024008,0.024209,0.0238,0.024128,11806.24,2025-06-15 23:59:59.999,283.9019333
2025-06-16,0.024118,0.024728,0.023696,0.023811,25797.17,2025-06-16 23:59:59.999,626.90958263
2025-06-17,0.023814,0.024324,0.02365,0.023998,47188.12,2025-06-17 23:59:59.999,1130.83228772
2025-06-18,0.023995,0.024186,0.023741,0.024066,23853.95,2025-06-18 23:59:59.999,572.18892345
2025-06-19,0.024062,0.0242,0.02388,0.024072,13932.3,2025-06-19 23:59:59.999,334.94164901
2025-06-20,0.02408,0.024189,0.023125,0.023286,33324.55,2025-06-20 23:59:59.999,789.68611676
2025-06-21,0.023282,0.023542,0.021957,0.022462,28710.36,2025-06-21 23:59:59.999,656.2657305
2025-06-22,0.022462,0.02256,0.0214,0.022058,47883.23,2025-06-22 23:59:59.999,1055.94469137
2025-06-23,0.022057,0.02303,0.021919,0.022879,43835.76,2025-06-23 23:59:59.999,978.69799057
2025-06-24,0.022881,0.02337,0.022692,0.023068,30185.78,2025-06-24 23:59:59.999,693.21407028
2025-06-25,0.023067,0.023143,0.02225,0.022521,24389.98,2025-06-25 23:59:59.999,552.97150646
2025-06-26,0.022514,0.023275,0.02237,0.022575,20724.57,2025-06-26 23:59:59.999,473.58257074
2025-06-27,0.02257,0.022999,0.02237,0.022623,21006.37,2025-06-27 23:59:59.999,477.75529382
2025-06-28,0.022632,0.022762,0.022515,0.022693,3921.92,2025-06-28 23:59:59.999,88.74856654
2025-06-29,0.022689,0.02331,0.022495,0.023056,12254.21,2025-06-29 23:59:59.999,279.0169455
2025-06-30,0.023067,0.023431,0.022763,0.023191,24166.59,2025-06-30 23:59:59.999,557.08331738
2025-07-01,0.023193,0.023249,0.022643,0.022739,24831.31,2025-07-01 23:59:59.999,568.34166582
2025-07-02,0.022731,0.023924,0.0226,0.023607,27984.41,2025-07-02 23:59:59.999,650.16407911
2025-07-03,0.023612,0.023935,0.023496,0.02364,20403.59,2025-07-03 23:59:59.999,482.47698923
2025-07-04,0.023642,0.023708,0.023043,0.023206,25305.57,2025-07-04 23:59:59.999,588.28185806
2025-07-05,0.02322,0.023361,0.023041,0.023244,4029.92,2025-07-05 23:59:59.999,93.56485262
2025-07-06,0.023242,0.02377,0.023215,0.023533,12149.4,2025-07-06 23:59:59.999,285.81180329
2025-07-07,0.02353,0.023713,0.023291,0.023476,14347.65,2025-07-07 23:59:59.999,337.43035127
2025-07-08,0.023473,0.02408,0.023424,0.023993,12528.87,2025-07-08 23:59:59.999,297.68739448
2025-07-09,0.023998,0.024992,0.02389,0.024888,40647.45,2025-07-09 23:59:59.999,989.29652528
2025-07-10,0.024888,0.025757,0.024562,0.025442,42217.65,2025-07-10 23:59:59.999,1057.36807814
2025-07-11,0.025432,0.025627,0.024927,0.025166,37425.59,2025-07-11 23:59:59.999,948.97739554
2025-07-12,0.025162,0.02525,0.024812,0.02506,16521.58,2025-07-12 23:59:59.999,413.58921221
2025-07-13,0.025063,0.025311,0.024809,0.024956,10350.32,2025-07-13 23:59:59.999,260.0124172
2025-07-14,0.024955,0.025307,0.024675,0.025149,35034.29,2025-07-14 23:59:59.999,876.56512746
2025-07-15,0.025147,0.026714,0.024943,0.026668,59424.67,2025-07-15 23:59:59.999,1528.45103294
2025-07-16,0.026661,0.028699,0.026449,0.028418,69970.6,2025-07-16 23:59:59.999,1910.37307792
2025-07-17,0.028417,0.029461,0.02811,0.029164,76533.64,2025-07-17 23:59:59.999,2205.44484392
2025-07-18,0.029176,0.030799,0.029051,0.030058,68150.42,2025-07-18 23:59:59.999,2055.79484144
2025-07-19,0.030053,0.030533,0.029808,0.030478,21390.06,2025-07-19 23:59:59.999,645.27746518
2025-07-20,0.030478,0.032201,0.030407,0.032032,49486.35,2025-07-20 23:59:59.999,1558.62167644
2025-07-21,0.032042,0.032379,0.031616,0.032043,37350.78,2025-07-21 23:59:59.999,1193.61366711
2025-07-22,0.032048,0.032231,0.030695,0.031231,47492.26,2025-07-22 23:59:59.999,1485.82238843
2025-07-23,0.031217,0.031593,0.030044,0.030541,31759.91,2025-07-23 23:59:59.999,977.37543971
2025-07-24,0.03054,0.0316,0.029944,0.03133,33312.4,2025-07-24 23:59:59.999,1028.50020519
2025-07-25,0.031333,0.0322,0.03095,0.031672,45003.58,2025-07-25 23:59:59.999,1420.06317711
2025-07-26,0.031679,0.03213,0.031453,0.031737,27281.86,2025-07-26 23:59:59.999,867.82937973
2025-07-27,0.03174,0.03249,0.031669,0.032439,25994.19,2025-07-27 23:59:59.999,835.02790836
2025-07-28,0.032434,0.033022,0.031952,0.032163,27701.89,2025-07-28 23:59:59.999,899.70235126
2025-07-29,0.032176,0.03268,0.031747,0.032172,29277.84,2025-07-29 23:59:59.999,941.44872277
2025-07-30,0.03217,0.032389,0.031773,0.032329,23541.05,2025-07-30 23:59:59.999,755.95027679
2025-07-31,0.032326,0.032676,0.031851,0.031948,20107.34,2025-07-31 23:59:59.999,649.11325189
2025-08-01,0.03196,0.032132,0.030423,0.030773,31238.06,2025-08-01 23:59:59.999,983.98691124
2025-08-02,0.030763,0.03102,0.030025,0.030163,30727.15,2025-08-02 23:59:59.999,941.78431776
2025-08-03,0.030162,0.030779,0.029963,0.030621,14041.21,2025-08-03 23:59:59.999,427.23739932
2025-08-04,0.030629,0.032412,0.030592,0.032339,27311.47,2025-08-04 23:59:59.999,861.12051743
2025-08-05,0.032339,0.032348,0.031287,0.031645,43446.24,2025-08-05 23:59:59.999,1381.21091668
2025-08-06,0.031651,0.032054,0.03133,0.032035,22212.32,2025-08-06 23:59:59.999,704.33570452
2025-08-07,0.032031,0.033388,0.031889,0.033308,45414.46,2025-08-07 23:59:59.999,1487.48615557
2025-08-08,0.033307,0.034961,0.033155,0.034374,48895.15,2025-08-08 23:59:59.999,1662.16352939
2025-08-09,0.03439,0.037055,0.03436,0.036607,44269.07,2025-08-09 23:59:59.999,1586.54589326
2025-08-10,0.036614,0.03713,0.035179,0.035662,35175.48,2025-08-10 23:59:59.999,1261.83284765
2025-08-11,0.035643,0.036283,0.034691,0.035641,52861.48,2025-08-11 23:59:59.999,1877.879138
2025-08-12,0.035607,0.038586,0.035582,0.038226,62002.64,2025-08-12 23:59:59.999,2297.83865751
2025-08-13,0.038224,0.039249,0.0381,0.038511,56898.56,2025-08-13 23:59:59.999,2202.28729653
2025-08-14,0.0385,0.03947,0.037743,0.038441,71822.76,2025-08-14 23:59:59.999,2773.17514644
2025-08-15,0.038446,0.03924,0.037403,0.037839,40540.28,2025-08-15 23:59:59.999,1550.61278166
2025-08-16,0.037838,0.038169,0.037269,0.037682,23797.18,2025-08-16 23:59:59.999,898.46450298
2025-08-17,0.037692,0.038679,0.037481,0.038102,39466.6,2025-08-17 23:59:59.999,1508.03651479
2025-08-18,0.038096,0.038154,0.03678,0.037112,44515.28,2025-08-18 23:59:59.999,1662.01546998
2025-08-19,0.037112,0.03744,0.036075,0.036105,45883.51,2025-08-19 23:59:59.999,1688.86649669
2025-08-20,0.036106,0.038217,0.036064,0.037935,32069.59,2025-08-20 23:59:59.999,1194.32059196
2025-08-21,0.037924,0.03799,0.037449,0.037533,24808.74,2025-08-21 23:59:59.999,934.98120768
2025-08-22,0.037534,0.0418,0.037513,0.041318,99415.15,2025-08-22 23:59:59.999,3947.02648171
2025-08-23,0.041314,0.041609,0.04034,0.041404,17749.03,2025-08-23 23:59:59.999,727.47636129
2025-08-24,0.041403,0.043288,0.041177,0.042106,46520.04,2025-08-24 23:59:59.999,1964.82271498
2025-08-25,0.042121,0.04228,0.039563,0.039721,65018.32,2025-08-25 23:59:59.999,2675.08687766
2025-08-26,0.039724,0.041434,0.03959,0.041158,49362.63,2025-08-26 23:59:59.999,1998.50429304
2025-08-27,0.041151,0.04164,0.040291,0.04051,28176.47,2025-08-27 23:59:59.999,1158.01683973
2025-08-28,0.040502,0.040899,0.039609,0.040078,22390.93,2025-08-28 23:59:59.999,902.52324184
2025-08-29,0.040078,0.0404,0.03925,0.04022,34023.02,2025-08-29 23:59:59.999,1351.35594388
2025-08-30,0.040216,0.040682,0.039625,0.040195,23824.09,2025-08-30 23:59:59.999,959.4021803
2025-08-31,0.040192,0.041499,0.04018,0.040555,31656.67,2025-08-31 23:59:59.999,1298.03050965
2025-09-01,0.04054,0.040961,0.039165,0.039477,40356.14,2025-09-01 23:59:59.999,1618.19579566
2025-09-02,0.039485,0.039988,0.038528,0.038885,29930.37,2025-09-02 23:59:59.999,1177.4831545
2025-09-03,0.038886,0.039967,0.0386,0.039826,22080.61,2025-09-03 23:59:59.999,870.37621008
2025-09-04,0.039827,0.039971,0.038803,0.038812,23891.42,2025-09-04 23:59:59.999,941.73760337
2025-09-05,0.038805,0.039686,0.038577,0.038914,21435.63,2025-09-05 23:59:59.999,836.10958671
2025-09-06,0.038914,0.03905,0.038451,0.038762,9454.38,2025-09-06 23:59:59.999,366.33356525
2025-09-07,0.038789,0.03891,0.038462,0.038731,5857.62,2025-09-07 23:59:59.999,226.53196177
2025-09-08,0.038732,0.038886,0.038215,0.038418,14922.34,2025-09-08 23:59:59.999,575.6823217
2025-09-09,0.038415,0.03872,0.038378,0.038631,8666.82,2025-09-09 23:59:59.999,334.14557044
2025-09-10,0.038641,0.038969,0.037972,0.038154,23646.16,2025-09-10 23:59:59.999,911.06098828
2025-09-11,0.038154,0.03913,0.038081,0.038595,21982.93,2025-09-11 23:59:59.999,851.30804769
2025-09-12,0.038587,0.04079,0.03851,0.040602,22326.64,2025-09-12 23:59:59.999,881.14150883
2025-09-13,0.040601,0.041102,0.03995,0.040246,11880.35,2025-09-13 23:59:59.999,481.51234562
2025-09-14,0.04025,0.040432,0.0397,0.039922,9526.7,2025-09-14 23:59:59.999,381.54343177
2025-09-15,0.039941,0.04027,0.038923,0.03921,12452.25,2025-09-15 23:59:59.999,491.70811396
2025-09-16,0.039201,0.039331,0.038391,0.038534,18752.31,2025-09-16 23:59:59.999,725.73853606
2025-09-17,0.038544,0.03948,0.0382,0.039422,16787.4,2025-09-17 23:59:59.999,651.92994342
2025-09-18,0.039444,0.039711,0.0389,0.039174,12339.98,2025-09-18 23:59:59.999,483.97419506
2025-09-19,0.039188,0.039355,0.038426,0.038637,9948.15,2025-09-19 23:59:59.999,385.79557453
2025-09-20,0.038649,0.038839,0.038503,0.038726,2864.68,2025-09-20 23:59:59.999,110.72082869
2025-09-21,0.038741,0.038925,0.038509,0.038565,4217.82,2025-09-21 23:59:59.999,163.17411255
2025-09-22,0.03856,0.038651,0.036155,0.037253,28604.32,2025-09-22 23:59:59.999,1067.13773451
2025-09-23,0.037253,0.0374,0.03689,0.03717,12097.34,2025-09-23 23:59:59.999,449.18076607
2025-09-24,0.037171,0.037311,0.03644,0.036628,13922.76,2025-09-24 23:59:59.999,514.36262251
2025-09-25,0.03663,0.036644,0.035131,0.035498,23403.59,2025-09-25 23:59:59.999,837.6018604
2025-09-26,0.0355,0.036883,0.035498,0.036779,21093.17,2025-09-26 23:59:59.999,761.62091278
2025-09-27,0.036752,0.036865,0.036371,0.036612,5524.53,2025-09-27 23:59:59.999,202.33377512
2025-09-28,0.036624,0.036935,0.036274,0.036899,8143.48,2025-09-28 23:59:59.999,298.08147339
2025-09-29,0.036903,0.037021,0.036337,0.036833,12354.67,2025-09-29 23:59:59.999,453.33325583
2025-09-30,0.036833,0.036971,0.036114,0.03632,14042.21,2025-09-30 23:59:59.999,513.39148565
2025-10-01,0.036319,0.037128,0.036062,0.036648,19575.47,2025-10-01 23:59:59.999,717.69566053
2025-10-02,0.036632,0.03741,0.036544,0.03718,24508.87,2025-10-02 23:59:59.999,906.44443669
2025-10-03,0.03718,0.037821,0.03658,0.036912,19434.79,2025-10-03 23:59:59.999,720.60181384
2025-10-04,0.036905,0.036935,0.0365,0.036661,12173.32,2025-10-04 23:59:59.999,446.54195122
2025-10-05,0.036675,0.037044,0.036425,0.036551,26694.35,2025-10-05 23:59:59.999,980.6475121
2025-10-06,0.036549,0.037717,0.03642,0.03755,23284.32,2025-10-06 23:59:59.999,861.69431937
2025-10-07,0.037562,0.038095,0.036517,0.03665,27420.4,2025-10-07 23:59:59.999,1026.31596838
2025-10-08,0.036637,0.036818,0.036273,0.036687,15724.75,2025-10-08 23:59:59.999,574.94355456
2025-10-09,0.03668,0.036749,0.035413,0.035879,43801.9,2025-10-09 23:59:59.999,1572.18139811
2025-10-10,0.035886,0.03611,0.03214,0.033915,40295.62,2025-10-10 23:59:59.999,1373.17385197
2025-10-11,0.033917,0.034435,0.0332,0.033838,13127.67,2025-10-11 23:59:59.999,445.19114768
2025-10-12,0.03384,0.036395,0.033666,0.036107,30721.68,2025-10-12 23:59:59.999,1085.8910846
2025-10-13,0.036104,0.037056,0.035582,0.036811,12692.17,2025-10-13 23:59:59.999,461.10946429
2025-10-14,0.036811,0.036926,0.03528,0.036483,18331.33,2025-10-14 23:59:59.999,660.62021296
2025-10-15,0.03648,0.037115,0.035543,0.035981,10409.69,2025-10-15 23:59:59.999,377.78020271
2025-10-16,0.035981,0.03653,0.035573,0.035996,12978.21,2025-10-16 23:59:59.999,469.65120158
2025-10-17,0.035994,0.0362,0.035238,0.035978,11249.64,2025-10-17 23:59:59.999,402.09928102
2025-10-18,0.03599,0.0366,0.035915,0.03628,6916.04,2025-10-18 23:59:59.999,250.94289246
2025-10-19,0.036278,0.036903,0.036033,0.036662,11561.44,2025-10-19 23:59:59.999,422.98875527
2025-10-20,0.036651,0.03672,0.035538,0.035996,13257.24,2025-10-20 23:59:59.999,480.95188118
2025-10-21,0.035995,0.036154,0.035383,0.035747,15635.09,2025-10-21 23:59:59.999,559.74385146
2025-10-22,0.035746,0.03583,0.0348,0.03536,13847.14,2025-10-22 23:59:59.999,490.92252535
2025-10-23,0.035366,0.035612,0.03489,0.035026,9084.81,2025-10-23 23:59:59.999,320.40785705
2025-10-24,0.035035,0.035866,0.034915,0.035424,9835.01,2025-10-24 23:59:59.999,348.92922977
2025-10-25,0.03542,0.035511,0.035216,0.035396,2966.24,2025-10-25 23:59:59.999,104.84092905
2025-10-26,0.035396,0.036419,0.035089,0.03629,16090.7,2025-10-26 23:59:59.999,575.59635978
2025-10-27,0.0363,0.036782,0.035865,0.036091,17961.82,2025-10-27 23:59:59.999,652.48623991
2025-10-28,0.036086,0.036174,0.035058,0.035238,10732.14,2025-10-28 23:59:59.999,383.39662941
2025-10-29,0.035237,0.035892,0.035064,0.035449,8948.19,2025-10-29 23:59:59.999,317.24776201
2025-10-30,0.03545,0.03587,0.034554,0.035093,13099.19,2025-10-30 23:59:59.999,460.51823608
2025-10-31,0.035104,0.035442,0.034844,0.035091,11086.96,2025-10-31 23:59:59.999,388.85783803
2025-11-01,0.03509,0.035356,0.034978,0.035173,3475.26,2025-11-01 23:59:59.999,122.13649313
2025-11-02,0.035166,0.035351,0.0348,0.035318,5395.07,2025-11-02 23:59:59.999,188.97457188
2025-11-03,0.035308,0.035342,0.0335,0.033785,16156.77,2025-11-03 23:59:59.999,554.30883863
2025-11-04,0.03379,0.034232,0.030863,0.032371,28680.28,2025-11-04 23:59:59.999,939.19238732
2025-11-05,0.032374,0.033343,0.031942,0.032951,10111.25,2025-11-05 23:59:59.999,330.45292766
2025-11-06,0.032947,0.033211,0.032231,0.032675,10091.6,2025-11-06 23:59:59.999,330.15085526
2025-11-07,0.032689,0.033509,0.03208,0.033243,13551.23,2025-11-07 23:59:59.999,444.17073615
2025-11-08,0.033243,0.03391,0.033,0.033235,14125.64,2025-11-08 23:59:59.999,471.84022337
2025-11-09,0.033227,0.034361,0.03307,0.034212,12894.7,2025-11-09 23:59:59.999,435.98915339
2025-11-10,0.034209,0.034402,0.033432,0.033646,11439.39,2025-11-10 23:59:59.999,387.50298838
2025-11-11,0.033652,0.03417,0.033117,0.03315,11015.46,2025-11-11 23:59:59.999,370.99773436
2025-11-12,0.033155,0.034118,0.033145,0.033572,14079.56,2025-11-12 23:59:59.999,473.25958011
2025-11-13,0.03358,0.034344,0.03211,0.032391,25636.12,2025-11-13 23:59:59.999,851.11372567
2025-11-14,0.032384,0.03358,0.032104,0.032888,36912.39,2025-11-14 23:59:59.999,1212.03889659
2025-11-15,0.032894,0.033535,0.032735,0.033143,7377.3,2025-11-15 23:59:59.999,243.94700838
2025-11-16,0.033129,0.033635,0.032232,0.032831,20291.73,2025-11-16 23:59:59.999,667.70839038
2025-11-17,0.032814,0.033569,0.032354,0.032854,29377.66,2025-11-17 23:59:59.999,972.43432897
2025-11-18,0.032852,0.033865,0.03261,0.033585,30089.3,2025-11-18 23:59:59.999,1002.69652706
2025-11-19,0.033587,0.033933,0.032314,0.033035,26686.17,2025-11-19 23:59:59.999,884.46692398
2025-11-20,0.033029,0.033112,0.032303,0.032689,20522.24,2025-11-20 23:59:59.999,671.8530987
2025-11-21,0.032702,0.033017,0.03201,0.032481,36851.78,2025-11-21 23:59:59.999,1200.90684763
2025-11-22,0.032473,0.03282,0.0323,0.03268,9493.83,2025-11-22 23:59:59.999,308.57946034
2025-11-23,0.032679,0.032845,0.03217,0.032262,9416.66,2025-11-23 23:59:59.999,306.24261995
2025-11-24,0.03226,0.033608,0.032078,0.033429,24699.39,2025-11-24 23:59:59.999,811.70396323
2025-11-25,0.033429,0.033965,0.032976,0.033869,17111.79,2025-11-25 23:59:59.999,571.3349998
2025-11-26,0.033868,0.033869,0.033291,0.033438,15209.28,2025-11-26 23:59:59.999,510.86940539
2025-11-27,0.033436,0.033625,0.032841,0.032999,30647.51,2025-11-27 23:59:59.999,1015.34539117
2025-11-28,0.033,0.033557,0.03288,0.033347,22311.11,2025-11-28 23:59:59.999,740.81673283
2025-11-29,0.033346,0.033496,0.0328,0.032919,5840.53,2025-11-29 23:59:59.999,193.63729727
2025-11-30,0.032919,0.03327,0.032888,0.033097,6022.17,2025-11-30 23:59:59.999,199.20439189
2025-12-01,0.0331,0.033261,0.032161,0.032463,25968.18,2025-12-01 23:59:59.999,847.09738198
2025-12-02,0.032437,0.033246,0.032185,0.032823,22194.26,2025-12-02 23:59:59.999,724.21370363
2025-12-03,0.032831,0.034165,0.032602,0.034116,23754.3,2025-12-03 23:59:59.999,789.23111086
2025-12-04,0.034152,0.034584,0.03363,0.03401,13769.76,2025-12-04 23:59:59.999,470.93855562
2025-12-05,0.034009,0.034509,0.0336,0.033805,20906.38,2025-12-05 23:59:59.999,714.51987703
2025-12-06,0.033809,0.034082,0.03373,0.03403,6308.83,2025-12-06 23:59:59.999,213.79397947
2025-12-07,0.034017,0.03439,0.033035,0.033839,15421.8,2025-12-07 23:59:59.999,521.52368476
2025-12-08,0.033836,0.034649,0.033786,0.034454,15986.18,2025-12-08 23:59:59.999,549.17724185
2025-12-09,0.034455,0.035977,0.034368,0.035791,19482.0,2025-12-09 23:59:59.999,683.44652321
2025-12-10,0.035788,0.036841,0.0357,0.036106,26377.92,2025-12-10 23:59:59.999,956.0712319
2025-12-11,0.036103,0.036128,0.034858,0.034979,35827.95,2025-12-11 23:59:59.999,1268.16988908
2025-12-12,0.034978,0.035225,0.0338,0.034161,22670.58,2025-12-12 23:59:59.999,783.30778975
2025-12-13,0.034167,0.0346,0.03413,0.034512,6828.45,2025-12-13 23:59:59.999,234.90435129
2025-12-14,0.034513,0.034919,0.034352,0.034714,10523.53,2025-12-14 23:59:59.999,364.58992346
2025-12-15,0.034715,0.0353,0.033983,0.03429,27651.31,2025-12-15 23:59:59.999,957.03624218
2025-12-16,0.03429,0.03445,0.033444,0.033715,25384.33,2025-12-16 23:59:59.999,858.20362975
2025-12-17,0.033711,0.033897,0.032698,0.032858,26805.23,2025-12-17 23:59:59.999,892.28371929
2025-12-18,0.032851,0.033583,0.0326,0.033071,22862.2,2025-12-18 23:59:59.999,755.86626217
2025-12-19,0.033074,0.034082,0.032992,0.033788,25082.16,2025-12-19 23:59:59.999,843.68541398
2025-12-20,0.033788,0.033888,0.03365,0.033685,4679.98,2025-12-20 23:59:59.999,158.01285214
2025-12-21,0.033685,0.03394,0.033566,0.033856,8565.34,2025-12-21 23:59:59.999,289.0890479
2025-12-22,0.033849,0.034186,0.033676,0.033941,20207.98,2025-12-22 23:59:59.999,685.58608238
2025-12-23,0.033951,0.034136,0.03335,0.03387,18303.95,2025-12-23 23:59:59.999,617.56211055
2025-12-24,0.033882,0.033915,0.033368,0.033607,9446.22,2025-12-24 23:59:59.999,317.76136116
2025-12-25,0.033591,0.03363,0.033231,0.03328,6210.48,2025-12-25 23:59:59.999,207.70703791
2025-12-26,0.033278,0.03362,0.033246,0.033505,13806.88,2025-12-26 23:59:59.999,461.56096816
2025-12-27,0.033501,0.033642,0.03334,0.033542,2794.96,2025-12-27 23:59:59.999,93.55595171
2025-12-28,0.033537,0.033631,0.033406,0.033556,6135.22,2025-12-28 23:59:59.999,205.56738285
2025-12-29,0.033548,0.03387,0.033347,0.033674,22642.28,2025-12-29 23:59:59.999,761.52214257
2025-12-30,0.033667,0.03412,0.03346,0.033594,14845.93,2025-12-30 23:59:59.999,500.34462142
2025-12-31,0.033588,0.034026,0.03353,0.033895,10513.26,2025-12-31 23:59:59.999,355.23620028
2026-01-01,0.033894,0.033999,0.033756,0.033793,3677.16,2026-01-01 23:59:59.999,124.65764238
2026-01-02,0.033801,0.034776,0.033779,0.034706,29693.19,2026-01-02 23:59:59.999,1020.27957277
2026-01-03,0.034706,0.034744,0.034358,0.034481,7339.42,2026-01-03 23:59:59.999,253.30947451
2026-01-04,0.034481,0.034587,0.034218,0.034333,6452.73,2026-01-04 23:59:59.999,221.89076576
2026-01-05,0.034336,0.034494,0.033815,0.034338,25195.62,2026-01-05 23:59:59.999,859.9123764
2026-01-06,0.034342,0.035244,0.034218,0.035151,23949.37,2026-01-06 23:59:59.999,834.15785965
2026-01-07,0.035149,0.03523,0.03441,0.034667,17913.5,2026-01-07 23:59:59.999,623.33850581
2026-01-08,0.034663,0.034793,0.034082,0.034084,22693.4,2026-01-08 23:59:59.999,780.0664175
2026-01-09,0.034089,0.034353,0.03392,0.034054,10655.99,2026-01-09 23:59:59.999,363.87572338
2026-01-10,0.034054,0.034165,0.033996,0.034077,2696.89,2026-01-10 23:59:59.999,91.89252985
2026-01-11,0.034073,0.034471,0.034072,0.034307,5343.39,2026-01-11 23:59:59.999,183.12050726
2026-01-12,0.034295,0.034382,0.033833,0.03389,26554.65,2026-01-12 23:59:59.999,905.66289027
2026-01-13,0.033888,0.035008,0.033872,0.034839,30634.27,2026-01-13 23:59:59.999,1047.09433631
2026-01-14,0.034834,0.035135,0.034399,0.03459,33179.49,2026-01-14 23:59:59.999,1151.40084392
2026-01-15,0.034588,0.034879,0.034115,0.034705,15821.21,2026-01-15 23:59:59.999,546.17704038
2026-01-16,0.034696,0.034738,0.034417,0.034481,13427.96,2026-01-16 23:59:59.999,464.10983229
2026-01-17,0.034475,0.034856,0.034436,0.034773,4490.74,2026-01-17 23:59:59.999,155.7252937
2026-01-18,0.03477,0.035272,0.034721,0.035042,8259.65,2026-01-18 23:59:59.999,289.09253227
2026-01-19,0.035034,0.035051,0.03431,0.034409,17794.62,2026-01-19 23:59:59.999,616.31970215
2026-01-20,0.03441,0.034605,0.0329,0.033227,24071.17,2026-01-20 23:59:59.999,811.58104696
2026-01-21,0.033235,0.033927,0.032728,0.033316,39118.19,2026-01-21 23:59:59.999,1299.94026272
2026-01-22,0.033315,0.033625,0.032752,0.032948,14405.53,2026-01-22 23:59:59.999,477.11552174
2026-01-23,0.032957,0.033131,0.032601,0.032981,22516.72,2026-01-23 23:59:59.999,740.50944104
2026-01-24,0.032987,0.03316,0.032935,0.033078,2335.9,2026-01-24 23:59:59.999,77.20063602
2026-01-25,0.033074,0.033238,0.032293,0.0325,13862.08,2026-01-25 23:59:59.999,454.04414207
2026-01-26,0.032493,0.033329,0.032433,0.033145,21789.01,2026-01-26 23:59:59.999,718.77645966
2026-01-27,0.033144,0.033919,0.033006,0.033889,22376.08,2026-01-27 23:59:59.999,749.80675438
2026-01-28,0.033888,0.0339,0.033401,0.033697,18412.65,2026-01-28 23:59:59.999,619.6908152
2026-01-29,0.033703,0.033809,0.032838,0.033314,39106.28,2026-01-29 23:59:59.999,1300.34614606
2026-01-30,0.033324,0.033529,0.03186,0.032111,55124.06,2026-01-30 23:59:59.999,1814.03126712
2026-01-31,0.032108,0.0322,0.029544,0.031125,52568.4,2026-01-31 23:59:59.999,1628.61906874
2026-02-01,0.031117,0.031191,0.029247,0.029476,67114.27,2026-02-01 23:59:59.999,2027.21834662
2026-02-02,0.029481,0.030217,0.02875,0.029773,75936.23,2026-02-02 23:59:59.999,2242.45893758
2026-02-03,0.029786,0.030578,0.028702,0.029462,70732.72,2026-02-03 23:59:59.999,2079.11515785
2026-02-04,0.02946,0.029934,0.028546,0.029335,53808.63,2026-02-04 23:59:59.999,1577.76398203
2026-02-05,0.029347,0.029872,0.028849,0.029003,155487.47,2026-02-05 23:59:59.999,4574.20883234
2026-02-06,0.029009,0.029772,0.028753,0.029235,96535.57,2026-02-06 23:59:59.999,2826.51824173
2026-02-07,0.029242,0.030329,0.029107,0.030132,44439.04,2026-02-07 23:59:59.999,1318.27095402
2026-02-08,0.030124,0.030263,0.02951,0.029715,14438.56,2026-02-08 23:59:59.999,431.53449702
2026-02-09,0.029709,0.030287,0.029246,0.029992,13841.98,2026-02-09 23:59:59.999,412.07816945
2026-02-10,0.030011,0.030119,0.028985,0.029368,14359.83,2026-02-10 23:59:59.999,422.02995273
2026-02-11,0.029373,0.029481,0.028783,0.028936,30144.98,2026-02-11 23:59:59.999,876.89169363
2026-02-12,0.028956,0.029443,0.02871,0.029377,22995.81,2026-02-12 23:59:59.999,670.4061326
2026-02-13,0.029373,0.02993,0.02913,0.029747,19736.67,2026-02-13 23:59:59.999,582.90706736
2026-02-14,0.029747,0.02993,0.029625,0.029884,11924.15,2026-02-14 23:59:59.999,355.40623259
2026-02-15,0.029874,0.029918,0.028266,0.028572,19320.51,2026-02-15 23:59:59.999,561.72027337
2026-02-16,0.028566,0.029213,0.028561,0.029017,12339.32,2026-02-16 23:59:59.999,355.75252532
2026-02-17,0.029013,0.029595,0.028913,0.029504,16159.6,2026-02-17 23:59:59.999,472.01453087
2026-02-18,0.029506,0.029771,0.029214,0.029424,15847.26,2026-02-18 23:59:59.999,466.19381658
2026-02-19,0.02941,0.029562,0.028871,0.029086,10703.41,2026-02-19 23:59:59.999,312.31264903
2026-02-20,0.029099,0.029158,0.028764,0.028947,24204.97,2026-02-20 23:59:59.999,701.26816777
2026-02-21,0.028941,0.02912,0.028895,0.029026,10366.78,2026-02-21 23:59:59.999,300.70315593
2026-02-22,0.02902,0.029062,0.02877,0.028939,7375.19,2026-02-22 23:59:59.999,213.32623956
2026-02-23,0.028901,0.029135,0.028546,0.02871,33559.83,2026-02-23 23:59:59.999,966.17557642
2026-02-24,0.028713,0.029016,0.028551,0.028906,25659.79,2026-02-24 23:59:59.999,740.19241002
2026-02-25,0.028903,0.030665,0.028823,0.030251,33843.22,2026-02-25 23:59:59.999,1006.73366393
2026-02-26,0.030252,0.030436,0.029649,0.030044,24221.72,2026-02-26 23:59:59.999,729.539615
2026-02-27,0.030043,0.030333,0.029016,0.029287,22351.15,2026-02-27 23:59:59.999,662.51223132
2026-02-28,0.02929,0.029462,0.029043,0.029331,29159.8,2026-02-28 23:59:59.999,853.2751368
2026-03-01,0.029336,0.030169,0.029265,0.029486,38166.03,2026-03-01 23:59:59.999,1135.85460502
2026-03-02,0.02949,0.029787,0.02925,0.029454,54822.03,2026-03-02 23:59:59.999,1618.51069038
2026-03-03,0.029454,0.029504,0.028873,0.029025,37630.36,2026-03-03 23:59:59.999,1097.35824726
2026-03-04,0.029017,0.029718,0.028791,0.029271,48909.43,2026-03-04 23:59:59.999,1424.89571039
2026-03-05,0.029261,0.029421,0.029039,0.029242,35632.35,2026-03-05 23:59:59.999,1041.02499468
2026-03-06,0.029237,0.029408,0.02877,0.029036,23368.03,2026-03-06 23:59:59.999,679.91639969
2026-03-07,0.029044,0.029281,0.028961,0.029276,9635.43,2026-03-07 23:59:59.999,280.73439543
2026-03-08,0.029273,0.029375,0.028791,0.029348,23511.55,2026-03-08 23:59:59.999,683.38427776
2026-03-09,0.029346,0.02968,0.029077,0.029148,33723.23,2026-03-09 23:59:59.999,991.35561731
2026-03-10,0.029123,0.029298,0.028972,0.029124,11414.35,2026-03-10 23:59:59.999,332.45349504
2026-03-11,0.029112,0.029421,0.0289,0.029231,27244.38,2026-03-11 23:59:59.999,794.37883758
2026-03-12,0.029235,0.02967,0.029119,0.029407,34516.12,2026-03-12 23:59:59.999,1014.19819891
2026-03-13,0.029403,0.030097,0.02923,0.029492,46582.31,2026-03-13 23:59:59.999,1379.29215876
2026-03-14,0.029493,0.029574,0.029275,0.029444,10872.82,2026-03-14 23:59:59.999,320.04300465
2026-03-15,0.029451,0.03015,0.029236,0.029916,20240.27,2026-03-15 23:59:59.999,600.3931429
2026-03-16,0.029915,0.031853,0.02988,0.031398,43488.98,2026-03-16 23:59:59.999,1345.00517541
2026-03-17,0.031399,0.031657,0.031028,0.031348,14046.75,2026-03-17 23:59:59.999,439.91088444
2026-03-18,0.031347,0.031488,0.0305,0.03092,26943.69,2026-03-18 23:59:59.999,832.67515889
2026-03-19,0.030924,0.031205,0.03035,0.030571,21086.13,2026-03-19 23:59:59.999,648.05640073
2026-03-20,0.030585,0.030627,0.030209,0.03043,18887.84,2026-03-20 23:59:59.999,575.1775016
2026-03-21,0.030445,0.030631,0.03018,0.030242,6332.62,2026-03-21 23:59:59.999,192.77546835
2026-03-22,0.030234,0.030613,0.03001,0.030256,13274.11,2026-03-22 23:59:59.999,401.73205483
2026-03-23,0.030262,0.030818,0.029832,0.030353,31180.65,2026-03-23 23:59:59.999,946.65221788
2026-03-24,0.030352,0.030698,0.030218,0.030551,15820.2,2026-03-24 23:59:59.999,481.79365039
2026-03-25,0.030553,0.030666,0.030381,0.030403,17677.46,2026-03-25 23:59:59.999,539.37483073
2026-03-26,0.030397,0.030426,0.02972,0.029936,24194.15,2026-03-26 23:59:59.999,726.36040667
2026-03-27,0.029935,0.03023,0.029787,0.030003,21602.44,2026-03-27 23:59:59.999,648.77579633
2026-03-28,0.030001,0.030472,0.029979,0.030032,9093.73,2026-03-28 23:59:59.999,274.46391995
2026-03-29,0.030032,0.030127,0.029807,0.030058,8929.93,2026-03-29 23:59:59.999,267.86982187
2026-03-30,0.03006,0.030692,0.03006,0.030343,26625.16,2026-03-30 23:59:59.999,808.97563797
2026-03-31,0.030333,0.031129,0.030279,0.030846,44350.21,2026-03-31 23:59:59.999,1360.58044011
2026-04-01,0.030856,0.03161,0.030791,0.03141,20467.76,2026-04-01 23:59:59.999,635.56265783
2026-04-02,0.03141,0.031497,0.030599,0.030742,21576.51,2026-04-02 23:59:59.999,664.74410018
2026-04-03,0.03074,0.030949,0.030614,0.030675,4813.51,2026-04-03 23:59:59.999,148.13387806
2026-04-04,0.030669,0.030849,0.03049,0.030694,3267.5,2026-04-04 23:59:59.999,100.03929698
2026-04-05,0.030689,0.030744,0.03033,0.030573,9375.68,2026-04-05 23:59:59.999,286.26985227
2026-04-06,0.030576,0.031087,0.030489,0.030606,20151.21,2026-04-06 23:59:59.999,620.78114057
2026-04-07,0.030606,0.031316,0.030386,0.031149,29752.35,2026-04-07 23:59:59.999,913.25816756
2026-04-08,0.031154,0.031482,0.030742,0.030808,21099.23,2026-04-08 23:59:59.999,657.57146544
2026-04-09,0.030818,0.030876,0.030475,0.030493,16938.61,2026-04-09 23:59:59.999,519.39567235
2026-04-10,0.030487,0.030845,0.030364,0.030763,21366.47,2026-04-10 23:59:59.999,654.96299188
2026-04-11,0.030762,0.031568,0.030657,0.031267,11517.88,2026-04-11 23:59:59.999,358.3335298
2026-04-12,0.031271,0.031306,0.030743,0.030962,13482.14,2026-04-12 23:59:59.999,417.38104452
2026-04-13,0.030961,0.032008,0.030676,0.031819,26446.72,2026-04-13 23:59:59.999,822.61429491
2026-04-14,0.03183,0.032028,0.031135,0.031306,19104.81,2026-04-14 23:59:59.999,603.62485717
2026-04-15,0.03131,0.031875,0.03123,0.031532,15111.32,2026-04-15 23:59:59.999,476.62266933
2026-04-16,0.031529,0.031565,0.031092,0.031237,17249.24,2026-04-16 23:59:59.999,539.93948736
2026-04-17,0.031238,0.031573,0.031022,0.031368,35873.27,2026-04-17 23:59:59.999,1123.52618728
2026-04-18,0.03137,0.031378,0.03089,0.031022,18176.43,2026-04-18 23:59:59.999,565.01768114
2026-04-19,0.031032,0.031056,0.030452,0.03064,27984.37,2026-04-19 23:59:59.999,860.09176888
2026-04-20,0.030649,0.030851,0.030468,0.030498,16231.0,2026-04-20 23:59:59.999,497.17904523
2026-04-21,0.0305,0.030732,0.030273,0.030474,16382.38,2026-04-21 23:59:59.999,498.96169561
2026-04-22,0.03047,0.030855,0.030281,0.030362,25121.23,2026-04-22 23:59:59.999,766.8715861
2026-04-23,0.030361,0.030365,0.029629,0.029764,17464.87,2026-04-23 23:59:59.999,523.01544825
2026-04-24,0.029768,0.029934,0.029626,0.029881,12189.26,2026-04-24 23:59:59.999,362.59875168
2026-04-25,0.02988,0.029911,0.029764,0.029868,3111.8,2026-04-25 23:59:59.999,92.85250643
2026-04-26,0.029862,0.030283,0.029785,0.030111,8096.82,2026-04-26 23:59:59.999,243.57667901
2026-04-27,0.030112,0.030268,0.029571,0.029755,24621.68,2026-04-27 23:59:59.999,737.52786025
2026-04-28,0.029762,0.030174,0.029635,0.029975,10846.23,2026-04-28 23:59:59.999,323.99653216
2026-04-29,0.029975,0.030226,0.029516,0.029718,18606.28,2026-04-29 23:59:59.999,556.20933084
2026-04-30,0.029712,0.029803,0.029517,0.029558,6114.41,2026-04-30 23:59:59.999,181.38367457
2026-05-01,0.029566,0.02964,0.029262,0.02934,8805.4,2026-05-01 23:59:59.999,259.62593567
2026-05-02,0.02934,0.029586,0.02931,0.029434,3677.5,2026-05-02 23:59:59.999,108.26049975
2026-05-03,0.029435,0.029657,0.0294,0.02955,5491.51,2026-05-03 23:59:59.999,162.18549908
2026-05-04,0.029546,0.029791,0.029319,0.029379,19229.34,2026-05-04 23:59:59.999,568.24895336
2026-05-05,0.029385,0.029473,0.028991,0.029161,10574.65,2026-05-05 23:59:59.999,309.49706364
2026-05-06,0.029166,0.029467,0.028745,0.028858,14785.79,2026-05-06 23:59:59.999,430.36072682
2026-05-07,0.028856,0.028889,0.028579,0.028627,10687.87,2026-05-07 23:59:59.999,306.54133281
2026-05-08,0.028629,0.028946,0.028461,0.028761,9238.45,2026-05-08 23:59:59.999,264.63066236
2026-05-09,0.02876,0.028868,0.02866,0.028832,4259.85,2026-05-09 23:59:59.999,122.66625858
2026-05-10,0.028832,0.029081,0.028706,0.028842,8007.9,2026-05-10 23:59:59.999,231.29785307
2026-05-11,0.028842,0.028952,0.028507,0.028616,9591.83,2026-05-11 23:59:59.999,275.50815959
2026-05-12,0.028614,0.028627,0.028111,0.028255,10424.94,2026-05-12 23:59:59.999,295.30295557
2026-05-13,0.028253,0.028628,0.028249,0.028471,9392.88,2026-05-13 23:59:59.999,266.98400325
2026-05-14,0.028469,0.028495,0.028116,0.028142,7527.17,2026-05-14 23:59:59.999,212.9602417
2026-05-15,0.028141,0.028174,0.027841,0.028109,11853.35,2026-05-15 23:59:59.999,332.13582991
2026-05-16,0.028111,0.028178,0.027652,0.027889,6107.38,2026-05-16 23:59:59.999,170.53206822
2026-05-17,0.027891,0.028021,0.027216,0.027498,5473.76,2026-05-17 23:59:59.999,151.88539687
2026-05-18,0.027497,0.027745,0.027267,0.027657,11591.97,2026-05-18 23:59:59.999,319.3629025
2026-05-19,0.027648,0.027772,0.027422,0.027481,3723.03,2026-05-19 23:59:59.999,102.77394516
2026-05-20,0.027477,0.027654,0.027414,0.027453,4112.83,2026-05-20 23:59:59.999,113.2324781
2026-05-21,0.027449,0.027636,0.027243,0.027479,6389.89,2026-05-21 23:59:59.999,175.5751009
2026-05-22,0.027481,0.027627,0.027168,0.027339,5310.32,2026-05-22 23:59:59.999,145.5386115
2026-05-23,0.027337,0.027804,0.027017,0.027584,10883.26,2026-05-23 23:59:59.999,297.60041244
2026-05-24,0.027592,0.027639,0.027097,0.027242,5783.93,2026-05-24 23:59:59.999,158.5434597
2026-05-25,0.027241,0.027519,0.027164,0.02731,5504.25,2026-05-25 23:59:59.999,150.25504568
2026-05-26,0.027314,0.027554,0.027077,0.027308,7834.21,2026-05-26 23:59:59.999,214.51397602
2026-05-27,0.027309,0.027544,0.0271,0.027192,3311.6,2026-05-27 23:59:59.999,90.60209145
2026-05-28,0.027191,0.027515,0.026735,0.027294,5249.07,2026-05-28 23:59:59.999,142.48255599
