open_time,open,high,low,close,volume,close_time,quote_asset_volume
2023-01-17,0.2255,0.2845,0.2238,0.2791,1264439423.0,2023-01-17 23:59:59.999,336151765.4451
2023-01-18,0.2792,0.2986,0.231,0.2486,822124828.0,2023-01-18 23:59:59.999,224827250.8919
2023-01-19,0.2487,0.2745,0.2439,0.2722,288226302.0,2023-01-19 23:59:59.999,74713525.8617
2023-01-20,0.2722,0.295,0.258,0.2831,300450380.0,2023-01-20 23:59:59.999,82423886.1533
2023-01-21,0.2832,0.3081,0.2654,0.2681,309200541.0,2023-01-21 23:59:59.999,88897164.0777
2023-01-22,0.2682,0.2842,0.25,0.2656,146741499.0,2023-01-22 23:59:59.999,39943329.8463
2023-01-23,0.2656,0.3079,0.263,0.285,400587151.0,2023-01-23 23:59:59.999,115675813.6859
2023-01-24,0.2851,0.2938,0.251,0.2661,199713950.0,2023-01-24 23:59:59.999,55940690.3221
2023-01-25,0.266,0.2799,0.252,0.2704,181541642.0,2023-01-25 23:59:59.999,48132153.6577
2023-01-26,0.2705,0.2819,0.2597,0.2637,126314628.0,2023-01-26 23:59:59.999,34063615.5009
2023-01-27,0.2638,0.3,0.2555,0.2812,230910010.0,2023-01-27 23:59:59.999,65016932.6632
2023-01-28,0.2813,0.3131,0.2791,0.2948,285648882.0,2023-01-28 23:59:59.999,83644481.5607
2023-01-29,0.2949,0.2974,0.2833,0.2898,118354672.0,2023-01-29 23:59:59.999,34217270.9671
2023-01-30,0.2898,0.2898,0.2575,0.266,116132867.0,2023-01-30 23:59:59.999,31632440.7697
2023-01-31,0.266,0.2876,0.2583,0.2753,152997196.0,2023-01-31 23:59:59.999,41838397.7407
2023-02-01,0.2754,0.3005,0.2572,0.2892,210123694.0,2023-02-01 23:59:59.999,58170025.3251
2023-02-02,0.2893,0.3037,0.2716,0.2751,205944663.0,2023-02-02 23:59:59.999,59696462.7017
2023-02-03,0.275,0.3382,0.2682,0.3303,470781712.0,2023-02-03 23:59:59.999,146123683.3284
2023-02-04,0.3304,0.3513,0.315,0.332,557602557.0,2023-02-04 23:59:59.999,184808178.1539
2023-02-05,0.3321,0.4646,0.3268,0.4495,1231779431.0,2023-02-05 23:59:59.999,486954992.1603
2023-02-06,0.4496,0.4764,0.4063,0.4329,971689519.0,2023-02-06 23:59:59.999,425872537.1583
2023-02-07,0.433,0.6,0.4329,0.5414,1129780754.0,2023-02-07 23:59:59.999,600317366.2884
2023-02-08,0.5413,0.6092,0.4443,0.4776,926698980.0,2023-02-08 23:59:59.999,477823521.237
2023-02-09,0.4777,0.4971,0.3636,0.3893,819235654.0,2023-02-09 23:59:59.999,362866986.4946
2023-02-10,0.3893,0.4522,0.3784,0.4217,720520262.0,2023-02-10 23:59:59.999,302485146.4767
2023-02-11,0.4217,0.4291,0.3961,0.417,286946981.0,2023-02-11 23:59:59.999,118237787.7126
2023-02-12,0.4169,0.425,0.3922,0.398,238167217.0,2023-02-12 23:59:59.999,98145815.5855
2023-02-13,0.3981,0.4089,0.3653,0.3856,302377120.0,2023-02-13 23:59:59.999,117039185.1763
2023-02-14,0.3856,0.463,0.3777,0.4526,798692816.0,2023-02-14 23:59:59.999,346103677.9418
2023-02-15,0.4526,0.48,0.4074,0.4735,494379651.0,2023-02-15 23:59:59.999,220026846.8902
2023-02-16,0.4736,0.4838,0.4101,0.4131,383630473.0,2023-02-16 23:59:59.999,174899269.9719
2023-02-17,0.4131,0.4484,0.4112,0.4429,234504525.0,2023-02-17 23:59:59.999,101932056.9424
2023-02-18,0.4428,0.4554,0.4292,0.4321,142716019.0,2023-02-18 23:59:59.999,62544713.0315
2023-02-19,0.4322,0.4431,0.407,0.4144,156934310.0,2023-02-19 23:59:59.999,67271854.8878
2023-02-20,0.4145,0.4305,0.4003,0.4178,127313863.0,2023-02-20 23:59:59.999,53445970.4559
2023-02-21,0.4179,0.5021,0.4121,0.4345,753011314.0,2023-02-21 23:59:59.999,346875975.0436
2023-02-22,0.4345,0.4418,0.4032,0.438,301872683.0,2023-02-22 23:59:59.999,127207814.0104
2023-02-23,0.4379,0.4729,0.4262,0.4364,269491447.0,2023-02-23 23:59:59.999,120581725.3048
2023-02-24,0.4365,0.4808,0.4275,0.474,650633709.0,2023-02-24 23:59:59.999,298817384.174
2023-02-25,0.4739,0.4831,0.404,0.4262,389884657.0,2023-02-25 23:59:59.999,170699983.7673
2023-02-26,0.4261,0.437,0.4166,0.4337,195284868.0,2023-02-26 23:59:59.999,83573227.6713
2023-02-27,0.4337,0.4508,0.4208,0.4344,211889339.0,2023-02-27 23:59:59.999,92227209.6336
2023-02-28,0.4345,0.4918,0.4296,0.4397,573634513.0,2023-02-28 23:59:59.999,260043291.0331
2023-03-01,0.4397,0.4937,0.4385,0.4839,455485506.0,2023-03-01 23:59:59.999,215189907.4168
2023-03-02,0.4838,0.4877,0.4481,0.4682,298792409.0,2023-03-02 23:59:59.999,138194224.7214
2023-03-03,0.4683,0.4701,0.394,0.4395,391519061.0,2023-03-03 23:59:59.999,168138931.9799
2023-03-04,0.4396,0.4539,0.4066,0.4296,303589523.0,2023-03-04 23:59:59.999,130385324.3056
2023-03-05,0.4295,0.445,0.4231,0.4315,221406853.0,2023-03-05 23:59:59.999,96035895.2963
2023-03-06,0.4315,0.4316,0.4104,0.4188,165414127.0,2023-03-06 23:59:59.999,69686753.4086
2023-03-07,0.4189,0.4284,0.385,0.3996,283523774.0,2023-03-07 23:59:59.999,114704808.8703
2023-03-08,0.3996,0.4049,0.3376,0.3474,318325756.0,2023-03-08 23:59:59.999,117928931.4107
2023-03-09,0.3474,0.3719,0.3121,0.3196,400758055.0,2023-03-09 23:59:59.999,137008602.6528
2023-03-10,0.3196,0.3375,0.2957,0.3336,503939577.0,2023-03-10 23:59:59.999,160765635.4238
2023-03-11,0.3337,0.3407,0.3022,0.3152,273858420.0,2023-03-11 23:59:59.999,86923138.9106
2023-03-12,0.315,0.3879,0.3079,0.3796,327492346.0,2023-03-12 23:59:59.999,107993193.3805
2023-03-13,0.3797,0.4022,0.3533,0.3885,416193340.0,2023-03-13 23:59:59.999,157879973.4677
2023-03-14,0.3885,0.4845,0.3741,0.4506,656325457.0,2023-03-14 23:59:59.999,285470024.4894
2023-03-15,0.4505,0.483,0.3762,0.4094,649181000.0,2023-03-15 23:59:59.999,280547833.4223
2023-03-16,0.4093,0.4375,0.3954,0.421,391971202.0,2023-03-16 23:59:59.999,164623014.1544
2023-03-17,0.421,0.4517,0.4096,0.4515,329040235.0,2023-03-17 23:59:59.999,142058580.4335
2023-03-18,0.4516,0.4615,0.4085,0.4172,278756396.0,2023-03-18 23:59:59.999,122982648.9238
2023-03-19,0.4171,0.4351,0.4118,0.4195,189547070.0,2023-03-19 23:59:59.999,80246748.167
2023-03-20,0.4195,0.4225,0.3829,0.392,237421953.0,2023-03-20 23:59:59.999,95581792.8902
2023-03-21,0.392,0.4149,0.3785,0.3953,201607200.0,2023-03-21 23:59:59.999,79902375.1231
2023-03-22,0.3954,0.4035,0.3597,0.3789,246278524.0,2023-03-22 23:59:59.999,95489550.371
2023-03-23,0.3789,0.3932,0.373,0.3865,146565459.0,2023-03-23 23:59:59.999,56116767.2338
2023-03-24,0.3865,0.3883,0.3583,0.3674,141254372.0,2023-03-24 23:59:59.999,52552854.147
2023-03-25,0.3675,0.3773,0.356,0.3637,95936790.0,2023-03-25 23:59:59.999,35108828.9761
2023-03-26,0.3637,0.3782,0.3603,0.372,87252633.0,2023-03-26 23:59:59.999,32322354.2262
2023-03-27,0.3721,0.3742,0.3331,0.3457,123949376.0,2023-03-27 23:59:59.999,43557221.5634
2023-03-28,0.3456,0.3588,0.3324,0.3557,152809095.0,2023-03-28 23:59:59.999,52637151.025
2023-03-29,0.3558,0.4064,0.3537,0.3846,353796178.0,2023-03-29 23:59:59.999,133584749.2929
2023-03-30,0.3846,0.3902,0.3548,0.3651,178025218.0,2023-03-30 23:59:59.999,66009206.446
2023-03-31,0.3652,0.3704,0.3536,0.3662,104398612.0,2023-03-31 23:59:59.999,37963859.5649
2023-04-01,0.3661,0.3766,0.3584,0.3634,72133635.0,2023-04-01 23:59:59.999,26391425.217
2023-04-02,0.3634,0.3641,0.3425,0.349,63627778.0,2023-04-02 23:59:59.999,22561107.826
2023-04-03,0.3491,0.3601,0.3363,0.3511,113751540.0,2023-04-03 23:59:59.999,39691192.3034
2023-04-04,0.3511,0.3636,0.3447,0.361,114869068.0,2023-04-04 23:59:59.999,40726179.0279
2023-04-05,0.361,0.3752,0.3524,0.3638,127505466.0,2023-04-05 23:59:59.999,46301485.7934
2023-04-06,0.3638,0.3646,0.3481,0.3525,84759337.0,2023-04-06 23:59:59.999,30131174.8991
2023-04-07,0.3526,0.3536,0.3413,0.3451,73554904.0,2023-04-07 23:59:59.999,25450433.1113
2023-04-08,0.3452,0.3481,0.335,0.339,63639222.0,2023-04-08 23:59:59.999,21775439.5904
2023-04-09,0.339,0.3518,0.3248,0.3436,111115649.0,2023-04-09 23:59:59.999,37428950.4859
2023-04-10,0.3437,0.3577,0.3363,0.3557,127188465.0,2023-04-10 23:59:59.999,43964939.365
2023-04-11,0.3557,0.3645,0.35,0.3525,178426435.0,2023-04-11 23:59:59.999,63801090.8846
2023-04-12,0.3525,0.3543,0.3306,0.3417,161050847.0,2023-04-12 23:59:59.999,54848300.8624
2023-04-13,0.3418,0.3649,0.3377,0.3611,159182573.0,2023-04-13 23:59:59.999,56070061.0756
2023-04-14,0.3612,0.4158,0.3605,0.4053,541967021.0,2023-04-14 23:59:59.999,211326032.1538
2023-04-15,0.4054,0.4258,0.3914,0.4078,429599718.0,2023-04-15 23:59:59.999,177140342.2235
2023-04-16,0.4078,0.4129,0.395,0.4057,180835661.0,2023-04-16 23:59:59.999,73305436.8947
2023-04-17,0.4056,0.4485,0.392,0.4267,466734293.0,2023-04-17 23:59:59.999,196708964.811
2023-04-18,0.4267,0.4451,0.4122,0.4247,321225901.0,2023-04-18 23:59:59.999,137268244.7222
2023-04-19,0.4247,0.4286,0.3629,0.3729,341571890.0,2023-04-19 23:59:59.999,134109361.8991
2023-04-20,0.3729,0.3811,0.347,0.3639,262050721.0,2023-04-20 23:59:59.999,96073859.0578
2023-04-21,0.3639,0.3668,0.324,0.3331,219790693.0,2023-04-21 23:59:59.999,76672355.2347
2023-04-22,0.3331,0.3482,0.329,0.3478,104679608.0,2023-04-22 23:59:59.999,35512004.0802
2023-04-23,0.3478,0.3478,0.3239,0.3353,124144844.0,2023-04-23 23:59:59.999,41797331.4036
2023-04-24,0.3354,0.3449,0.324,0.3317,141266296.0,2023-04-24 23:59:59.999,47292320.2856
2023-04-25,0.3317,0.3478,0.3183,0.3446,164593760.0,2023-04-25 23:59:59.999,54453324.1603
2023-04-26,0.3446,0.363,0.3096,0.3339,266040534.0,2023-04-26 23:59:59.999,90930491.0678
2023-04-27,0.3339,0.348,0.3289,0.3438,200302795.0,2023-04-27 23:59:59.999,67886785.4938
2023-04-28,0.3437,0.3473,0.3298,0.3328,124155333.0,2023-04-28 23:59:59.999,41952672.6724
2023-04-29,0.3329,0.3445,0.3312,0.3409,89413567.0,2023-04-29 23:59:59.999,30230489.4308
2023-04-30,0.341,0.3411,0.3255,0.3271,108804811.0,2023-04-30 23:59:59.999,36340228.2623
2023-05-01,0.3272,0.3302,0.3131,0.3182,99205659.0,2023-05-01 23:59:59.999,31836837.8791
2023-05-02,0.3181,0.321,0.3111,0.3185,80985051.0,2023-05-02 23:59:59.999,25632665.7804
2023-05-03,0.3186,0.3286,0.2986,0.3251,154423206.0,2023-05-03 23:59:59.999,47889572.0039
2023-05-04,0.325,0.326,0.3068,0.3102,89016400.0,2023-05-04 23:59:59.999,28224539.2137
2023-05-05,0.3101,0.3137,0.2988,0.3102,127271848.0,2023-05-05 23:59:59.999,39027662.3817
2023-05-06,0.3102,0.3137,0.2753,0.2877,204096667.0,2023-05-06 23:59:59.999,59372948.4111
2023-05-07,0.2876,0.2983,0.2865,0.2896,121285872.0,2023-05-07 23:59:59.999,35384585.4384
2023-05-08,0.2897,0.2929,0.2386,0.2595,234318790.0,2023-05-08 23:59:59.999,61819658.009
2023-05-09,0.2595,0.2649,0.2472,0.2631,151146180.0,2023-05-09 23:59:59.999,38528091.5703
2023-05-10,0.2632,0.2735,0.2434,0.2625,212500647.0,2023-05-10 23:59:59.999,55533230.6698
2023-05-11,0.2625,0.2628,0.2327,0.2412,169330523.0,2023-05-11 23:59:59.999,41559993.1251
2023-05-12,0.2412,0.2468,0.2272,0.2453,147472641.0,2023-05-12 23:59:59.999,35010725.4393
2023-05-13,0.2453,0.246,0.2365,0.2379,77602905.0,2023-05-13 23:59:59.999,18569900.7889
2023-05-14,0.2379,0.2472,0.2327,0.2411,74381566.0,2023-05-14 23:59:59.999,17886421.6354
2023-05-15,0.2411,0.2534,0.2347,0.2463,166594479.0,2023-05-15 23:59:59.999,41141913.1348
2023-05-16,0.2463,0.2489,0.2388,0.2445,127274687.0,2023-05-16 23:59:59.999,30921292.0033
2023-05-17,0.2446,0.2605,0.2363,0.2568,166010753.0,2023-05-17 23:59:59.999,41134196.1695
2023-05-18,0.2568,0.2588,0.2407,0.2466,142381215.0,2023-05-18 23:59:59.999,35692233.5851
2023-05-19,0.2467,0.284,0.2417,0.2647,633320015.0,2023-05-19 23:59:59.999,167689203.1827
2023-05-20,0.2648,0.2665,0.2537,0.2587,328774320.0,2023-05-20 23:59:59.999,85360301.1347
2023-05-21,0.2587,0.2589,0.2391,0.2428,224886349.0,2023-05-21 23:59:59.999,56059022.6991
2023-05-22,0.2428,0.2454,0.2341,0.2392,193135072.0,2023-05-22 23:59:59.999,46288166.7654
2023-05-23,0.2393,0.2484,0.2367,0.245,158075605.0,2023-05-23 23:59:59.999,38541579.9782
2023-05-24,0.2451,0.2453,0.2174,0.2315,233198037.0,2023-05-24 23:59:59.999,53806347.5831
2023-05-25,0.2315,0.2467,0.2227,0.237,363955511.0,2023-05-25 23:59:59.999,85729122.6985
2023-05-26,0.237,0.25,0.2303,0.2451,239386833.0,2023-05-26 23:59:59.999,57509625.6642
2023-05-27,0.2451,0.2638,0.2414,0.2549,383897390.0,2023-05-27 23:59:59.999,98060062.0673
2023-05-28,0.255,0.2728,0.2532,0.2679,294928121.0,2023-05-28 23:59:59.999,77521523.6738
2023-05-29,0.268,0.2708,0.2559,0.2606,192565588.0,2023-05-29 23:59:59.999,50471946.106
2023-05-30,0.2606,0.2843,0.2562,0.2763,325223018.0,2023-05-30 23:59:59.999,89021961.0613
2023-05-31,0.2762,0.2897,0.2584,0.2638,341122496.0,2023-05-31 23:59:59.999,92998143.0893
2023-06-01,0.2638,0.2697,0.2529,0.2627,187844490.0,2023-06-01 23:59:59.999,49102483.1088
2023-06-02,0.2626,0.2797,0.2566,0.2731,193179154.0,2023-06-02 23:59:59.999,52547968.2097
2023-06-03,0.2731,0.2751,0.265,0.2685,83357401.0,2023-06-03 23:59:59.999,22569611.4463
2023-06-04,0.2685,0.2799,0.2649,0.2707,102219428.0,2023-06-04 23:59:59.999,27998705.7846
2023-06-05,0.2706,0.2719,0.2193,0.241,229912383.0,2023-06-05 23:59:59.999,57353425.8992
2023-06-06,0.241,0.2517,0.2325,0.2459,151089543.0,2023-06-06 23:59:59.999,36584469.2719
2023-06-07,0.246,0.2469,0.2254,0.2287,156662849.0,2023-06-07 23:59:59.999,36844119.6157
2023-06-08,0.2287,0.2321,0.2217,0.2275,98063674.0,2023-06-08 23:59:59.999,22295078.1512
2023-06-09,0.2276,0.23,0.2155,0.2193,128274721.0,2023-06-09 23:59:59.999,28691209.5818
2023-06-10,0.2193,0.2196,0.1657,0.1878,347472551.0,2023-06-10 23:59:59.999,65927009.5586
2023-06-11,0.1877,0.1897,0.1789,0.1829,159226999.0,2023-06-11 23:59:59.999,29306538.8057
2023-06-12,0.1829,0.1897,0.1753,0.185,198002810.0,2023-06-12 23:59:59.999,36444094.8677
2023-06-13,0.1851,0.1945,0.1826,0.1895,222133343.0,2023-06-13 23:59:59.999,41861066.536
2023-06-14,0.1895,0.1931,0.1758,0.1796,148893943.0,2023-06-14 23:59:59.999,27690795.7635
2023-06-15,0.1797,0.1885,0.17,0.1821,174914223.0,2023-06-15 23:59:59.999,31503378.2502
2023-06-16,0.1822,0.1955,0.1802,0.1903,269228757.0,2023-06-16 23:59:59.999,50670261.6328
2023-06-17,0.1904,0.2004,0.1886,0.1975,130185083.0,2023-06-17 23:59:59.999,25549300.9411
2023-06-18,0.1975,0.1976,0.1778,0.1828,183669242.0,2023-06-18 23:59:59.999,34968840.8672
2023-06-19,0.1829,0.1931,0.1808,0.1896,172483656.0,2023-06-19 23:59:59.999,32104181.3479
2023-06-20,0.1895,0.1997,0.182,0.1996,223952554.0,2023-06-20 23:59:59.999,42604576.0769
2023-06-21,0.1997,0.229,0.1988,0.2219,378167415.0,2023-06-21 23:59:59.999,80846950.8437
2023-06-22,0.222,0.2543,0.2215,0.2287,742855482.0,2023-06-22 23:59:59.999,178739766.9961
2023-06-23,0.2287,0.2494,0.2286,0.2381,345246083.0,2023-06-23 23:59:59.999,82535473.0511
2023-06-24,0.2381,0.2405,0.2202,0.2297,196487602.0,2023-06-24 23:59:59.999,45615634.4023
2023-06-25,0.2298,0.2401,0.2251,0.2274,166081670.0,2023-06-25 23:59:59.999,38518451.7028
2023-06-26,0.2274,0.2331,0.215,0.2199,232583680.0,2023-06-26 23:59:59.999,52353185.1483
2023-06-27,0.22,0.2377,0.2186,0.234,343108372.0,2023-06-27 23:59:59.999,79345758.1209
2023-06-28,0.234,0.2348,0.2039,0.214,332541021.0,2023-06-28 23:59:59.999,73596404.453
2023-06-29,0.2141,0.2247,0.2137,0.218,156736325.0,2023-06-29 23:59:59.999,34317713.8325
2023-06-30,0.2181,0.232,0.2044,0.2271,354408171.0,2023-06-30 23:59:59.999,78818555.4082
2023-07-01,0.227,0.241,0.2219,0.2366,262567952.0,2023-07-01 23:59:59.999,61300109.1766
2023-07-02,0.2365,0.2387,0.225,0.236,255311983.0,2023-07-02 23:59:59.999,59501565.6057
2023-07-03,0.236,0.2513,0.2359,0.2452,258169380.0,2023-07-03 23:59:59.999,63138164.9469
2023-07-04,0.2453,0.2495,0.2328,0.2385,196322694.0,2023-07-04 23:59:59.999,47293883.3384
2023-07-05,0.2386,0.2429,0.2226,0.2262,176211806.0,2023-07-05 23:59:59.999,40730112.3503
2023-07-06,0.2262,0.2363,0.2124,0.2129,215132914.0,2023-07-06 23:59:59.999,48285390.2674
2023-07-07,0.2129,0.224,0.2104,0.2231,187972399.0,2023-07-07 23:59:59.999,40921325.1892
2023-07-08,0.2231,0.226,0.2145,0.2193,118460827.0,2023-07-08 23:59:59.999,26109963.5377
2023-07-09,0.2192,0.221,0.2158,0.2171,88390811.0,2023-07-09 23:59:59.999,19292971.4802
2023-07-10,0.2171,0.2189,0.2083,0.2149,153479740.0,2023-07-10 23:59:59.999,32738206.2756
2023-07-11,0.215,0.2189,0.2111,0.2137,110703841.0,2023-07-11 23:59:59.999,23802566.8598
2023-07-12,0.2138,0.2211,0.2099,0.2195,288995890.0,2023-07-12 23:59:59.999,62247293.8726
2023-07-13,0.2195,0.2376,0.2148,0.2333,525465650.0,2023-07-13 23:59:59.999,120087743.1951
2023-07-14,0.2334,0.2561,0.2225,0.2373,463405917.0,2023-07-14 23:59:59.999,110832617.5834
2023-07-15,0.2373,0.2464,0.2306,0.2413,207995282.0,2023-07-15 23:59:59.999,49858918.684
2023-07-16,0.2414,0.2486,0.2337,0.2356,216249580.0,2023-07-16 23:59:59.999,52298243.4782
2023-07-17,0.2357,0.2462,0.228,0.2362,239068056.0,2023-07-17 23:59:59.999,56396750.5175
2023-07-18,0.2361,0.2391,0.2205,0.2253,143147192.0,2023-07-18 23:59:59.999,32719171.2032
2023-07-19,0.2253,0.2314,0.2232,0.2249,152123869.0,2023-07-19 23:59:59.999,34562353.0302
2023-07-20,0.2249,0.2316,0.2185,0.2227,141792609.0,2023-07-20 23:59:59.999,31975311.3301
2023-07-21,0.2226,0.2264,0.2201,0.2249,103007605.0,2023-07-21 23:59:59.999,23065724.6894
2023-07-22,0.225,0.2273,0.217,0.2196,72437380.0,2023-07-22 23:59:59.999,16185296.8961
2023-07-23,0.2196,0.2256,0.2174,0.2233,75680172.0,2023-07-23 23:59:59.999,16798731.3004
2023-07-24,0.2233,0.226,0.208,0.2121,151190072.0,2023-07-24 23:59:59.999,32653542.9279
2023-07-25,0.2121,0.2135,0.2074,0.2097,89595752.0,2023-07-25 23:59:59.999,18812265.6111
2023-07-26,0.2097,0.2147,0.2042,0.2116,109901920.0,2023-07-26 23:59:59.999,23103038.4382
2023-07-27,0.2117,0.2179,0.2095,0.2146,95027904.0,2023-07-27 23:59:59.999,20374307.4636
2023-07-28,0.2145,0.2173,0.2124,0.2157,71385257.0,2023-07-28 23:59:59.999,15353267.7753
2023-07-29,0.2157,0.2181,0.2138,0.2148,57246677.0,2023-07-29 23:59:59.999,12339726.4717
2023-07-30,0.2148,0.2149,0.2024,0.2099,99718926.0,2023-07-30 23:59:59.999,20934318.4853
2023-07-31,0.2098,0.2138,0.2062,0.2078,99255107.0,2023-07-31 23:59:59.999,20775291.7361
2023-08-01,0.2078,0.2107,0.1996,0.2105,139431117.0,2023-08-01 23:59:59.999,28444938.5439
2023-08-02,0.2105,0.2147,0.203,0.204,157641365.0,2023-08-02 23:59:59.999,32968815.4049
2023-08-03,0.2039,0.2059,0.2,0.2015,102755920.0,2023-08-03 23:59:59.999,20924526.1376
2023-08-04,0.2015,0.2034,0.1959,0.198,102137564.0,2023-08-04 23:59:59.999,20496731.9983
2023-08-05,0.198,0.1981,0.1915,0.1943,71182106.0,2023-08-05 23:59:59.999,13798237.8779
2023-08-06,0.1942,0.2,0.1936,0.197,67467366.0,2023-08-06 23:59:59.999,13331522.7582
2023-08-07,0.197,0.2002,0.1894,0.1953,93680160.0,2023-08-07 23:59:59.999,18367167.6883
2023-08-08,0.1954,0.202,0.1929,0.2003,132351179.0,2023-08-08 23:59:59.999,26035151.0081
2023-08-09,0.2002,0.2035,0.1952,0.1987,100174076.0,2023-08-09 23:59:59.999,19991281.2673
2023-08-10,0.1987,0.2039,0.1963,0.2008,74036969.0,2023-08-10 23:59:59.999,14798833.1887
2023-08-11,0.2008,0.2037,0.1996,0.2023,46413756.0,2023-08-11 23:59:59.999,9363566.8157
2023-08-12,0.2022,0.2034,0.1992,0.2002,38930287.0,2023-08-12 23:59:59.999,7848470.4444
2023-08-13,0.2003,0.222,0.1993,0.2188,251394748.0,2023-08-13 23:59:59.999,53677930.1423
2023-08-14,0.2187,0.2348,0.212,0.2198,754771803.0,2023-08-14 23:59:59.999,168606200.2016
2023-08-15,0.2198,0.2219,0.19,0.2027,293980150.0,2023-08-15 23:59:59.999,62135506.2228
2023-08-16,0.2027,0.2055,0.1909,0.1961,181454422.0,2023-08-16 23:59:59.999,36229557.1659
2023-08-17,0.1962,0.2012,0.1601,0.1876,277707390.0,2023-08-17 23:59:59.999,52266279.3271
2023-08-18,0.1876,0.2048,0.1824,0.1994,403307098.0,2023-08-18 23:59:59.999,79432214.3638
2023-08-19,0.1994,0.2199,0.199,0.2096,313011555.0,2023-08-19 23:59:59.999,65952228.0825
2023-08-20,0.2097,0.2127,0.2029,0.2048,127015153.0,2023-08-20 23:59:59.999,26310223.8549
2023-08-21,0.2047,0.2089,0.1959,0.2013,177639642.0,2023-08-21 23:59:59.999,35929372.9666
2023-08-22,0.2013,0.2044,0.185,0.1961,185324413.0,2023-08-22 23:59:59.999,36107774.472
2023-08-23,0.1961,0.21,0.1951,0.2083,175207166.0,2023-08-23 23:59:59.999,35510541.9625
2023-08-24,0.2083,0.2169,0.2038,0.209,281695334.0,2023-08-24 23:59:59.999,59398076.1462
2023-08-25,0.2091,0.2178,0.2,0.217,415804298.0,2023-08-25 23:59:59.999,87599253.8187
2023-08-26,0.217,0.2176,0.2057,0.2075,175023177.0,2023-08-26 23:59:59.999,36824398.9861
2023-08-27,0.2075,0.2144,0.2062,0.21,161325633.0,2023-08-27 23:59:59.999,33990395.7922
2023-08-28,0.2101,0.2122,0.2025,0.2069,140783980.0,2023-08-28 23:59:59.999,29189886.1897
2023-08-29,0.2068,0.2174,0.2018,0.2158,194413153.0,2023-08-29 23:59:59.999,41030151.8437
2023-08-30,0.2158,0.235,0.2125,0.2335,414129114.0,2023-08-30 23:59:59.999,92862398.2741
2023-08-31,0.2335,0.257,0.2225,0.2291,1429680388.0,2023-08-31 23:59:59.999,340843615.0979
2023-09-01,0.2292,0.2394,0.2219,0.23,469001504.0,2023-09-01 23:59:59.999,108300683.3349
2023-09-02,0.23,0.2537,0.2242,0.2514,506851684.0,2023-09-02 23:59:59.999,121027320.6535
2023-09-03,0.2513,0.2736,0.2472,0.2589,836564555.0,2023-09-03 23:59:59.999,217229127.3549
2023-09-04,0.2589,0.2698,0.2522,0.2673,453211429.0,2023-09-04 23:59:59.999,118274794.1698
2023-09-05,0.2672,0.2718,0.2486,0.2498,355832562.0,2023-09-05 23:59:59.999,91934342.9034
2023-09-06,0.2499,0.2615,0.2451,0.2564,354926944.0,2023-09-06 23:59:59.999,89705851.3051
2023-09-07,0.2564,0.2576,0.2405,0.2489,211984389.0,2023-09-07 23:59:59.999,52403000.39
2023-09-08,0.2489,0.2554,0.2367,0.2384,255060029.0,2023-09-08 23:59:59.999,62732984.8511
2023-09-09,0.2385,0.2406,0.2333,0.235,119870123.0,2023-09-09 23:59:59.999,28337834.5865
2023-09-10,0.235,0.2351,0.2124,0.2307,190922038.0,2023-09-10 23:59:59.999,43172065.5102
2023-09-11,0.2307,0.2362,0.2173,0.2229,303875647.0,2023-09-11 23:59:59.999,68884631.6393
2023-09-12,0.2228,0.238,0.2212,0.2251,197321410.0,2023-09-12 23:59:59.999,45301539.8893
2023-09-13,0.2251,0.2303,0.221,0.2234,173198380.0,2023-09-13 23:59:59.999,39026054.0494
2023-09-14,0.2234,0.2311,0.2229,0.2295,134089814.0,2023-09-14 23:59:59.999,30414997.3175
2023-09-15,0.2296,0.2378,0.2269,0.2371,141908071.0,2023-09-15 23:59:59.999,32973010.0982
2023-09-16,0.2371,0.2411,0.2337,0.2362,120879755.0,2023-09-16 23:59:59.999,28710622.3261
2023-09-17,0.2362,0.2363,0.2225,0.2255,97192048.0,2023-09-17 23:59:59.999,22333276.3863
2023-09-18,0.2256,0.2344,0.2231,0.2268,119785554.0,2023-09-18 23:59:59.999,27483874.1724
2023-09-19,0.2267,0.2359,0.2252,0.2334,110579394.0,2023-09-19 23:59:59.999,25592414.002
2023-09-20,0.2335,0.2363,0.2244,0.2275,117081605.0,2023-09-20 23:59:59.999,26875583.3863
2023-09-21,0.2276,0.2381,0.2224,0.2233,263506986.0,2023-09-21 23:59:59.999,60554090.9602
2023-09-22,0.2232,0.2237,0.2181,0.2233,109317249.0,2023-09-22 23:59:59.999,24189385.3613
2023-09-23,0.2233,0.2249,0.2155,0.2211,88767692.0,2023-09-23 23:59:59.999,19606412.5382
2023-09-24,0.2211,0.2217,0.2116,0.2151,83382915.0,2023-09-24 23:59:59.999,18143825.1247
2023-09-25,0.2152,0.2189,0.2125,0.2161,80173513.0,2023-09-25 23:59:59.999,17281053.0129
2023-09-26,0.2161,0.2176,0.21,0.2139,71004519.0,2023-09-26 23:59:59.999,15216215.034
2023-09-27,0.2139,0.2161,0.2091,0.2112,90612013.0,2023-09-27 23:59:59.999,19219326.2367
2023-09-28,0.2111,0.2196,0.2095,0.2181,116907844.0,2023-09-28 23:59:59.999,25236073.8506
2023-09-29,0.2182,0.2214,0.2147,0.2189,102722579.0,2023-09-29 23:59:59.999,22415105.5434
2023-09-30,0.219,0.2237,0.2182,0.2227,70917922.0,2023-09-30 23:59:59.999,15650650.7013
2023-10-01,0.2228,0.2374,0.2224,0.2348,141675642.0,2023-10-01 23:59:59.999,32598005.5526
2023-10-02,0.2348,0.239,0.2169,0.2218,158417506.0,2023-10-02 23:59:59.999,36361937.703
2023-10-03,0.2219,0.228,0.2148,0.2182,160321668.0,2023-10-03 23:59:59.999,35524833.7936
2023-10-04,0.2181,0.2228,0.2092,0.2193,116283787.0,2023-10-04 23:59:59.999,25237084.075
2023-10-05,0.2193,0.2212,0.2129,0.2156,65336995.0,2023-10-05 23:59:59.999,14178763.5869
2023-10-06,0.2156,0.2277,0.2155,0.2251,88968331.0,2023-10-06 23:59:59.999,19701044.8787
2023-10-07,0.2251,0.2267,0.2196,0.2205,52426317.0,2023-10-07 23:59:59.999,11665308.0943
2023-10-08,0.2206,0.2221,0.2165,0.2184,52554672.0,2023-10-08 23:59:59.999,11543118.9275
2023-10-09,0.2185,0.2213,0.2012,0.2074,126137959.0,2023-10-09 23:59:59.999,26493562.2349
2023-10-10,0.2073,0.2127,0.201,0.2041,99698709.0,2023-10-10 23:59:59.999,20623301.5255
2023-10-11,0.204,0.2065,0.1973,0.2057,117377139.0,2023-10-11 23:59:59.999,23863258.4756
2023-10-12,0.2057,0.2064,0.1986,0.2025,141662139.0,2023-10-12 23:59:59.999,28759460.0171
2023-10-13,0.2026,0.2108,0.2018,0.209,83345920.0,2023-10-13 23:59:59.999,17099752.7634
2023-10-14,0.2089,0.2169,0.2083,0.2126,124306432.0,2023-10-14 23:59:59.999,26532912.0861
2023-10-15,0.2127,0.2151,0.2107,0.2118,59077023.0,2023-10-15 23:59:59.999,12582661.4589
2023-10-16,0.2118,0.2232,0.2098,0.2138,124902004.0,2023-10-16 23:59:59.999,26900064.8278
2023-10-17,0.2138,0.2159,0.2019,0.2058,79932791.0,2023-10-17 23:59:59.999,16714079.7402
2023-10-18,0.2058,0.2099,0.2015,0.203,75102978.0,2023-10-18 23:59:59.999,15478345.5226
2023-10-19,0.2029,0.2064,0.1987,0.2036,104001392.0,2023-10-19 23:59:59.999,21023385.5913
2023-10-20,0.2036,0.2234,0.2031,0.2182,294072780.0,2023-10-20 23:59:59.999,63980100.3554
2023-10-21,0.2183,0.2333,0.2165,0.227,260276923.0,2023-10-21 23:59:59.999,58830416.7517
2023-10-22,0.227,0.2344,0.216,0.2324,196815316.0,2023-10-22 23:59:59.999,44764554.1178
2023-10-23,0.2324,0.2518,0.2255,0.2516,300804737.0,2023-10-23 23:59:59.999,71278710.1841
2023-10-24,0.2516,0.2875,0.2454,0.2747,574869635.0,2023-10-24 23:59:59.999,153742654.1422
2023-10-25,0.2748,0.3199,0.2696,0.3026,610814779.0,2023-10-25 23:59:59.999,178482385.5235
2023-10-26,0.3027,0.3115,0.2745,0.2966,376195872.0,2023-10-26 23:59:59.999,110728728.4826
2023-10-27,0.2967,0.3245,0.2859,0.318,379619691.0,2023-10-27 23:59:59.999,117094118.7065
2023-10-28,0.3181,0.3647,0.3132,0.3521,548250406.0,2023-10-28 23:59:59.999,189493066.0686
2023-10-29,0.352,0.3912,0.347,0.3663,586674232.0,2023-10-29 23:59:59.999,218948790.8111
2023-10-30,0.3663,0.3795,0.3567,0.3588,294142448.0,2023-10-30 23:59:59.999,107969624.2146
2023-10-31,0.3589,0.379,0.335,0.3634,335429532.0,2023-10-31 23:59:59.999,121005734.4045
2023-11-01,0.3634,0.3874,0.3391,0.3856,302640847.0,2023-11-01 23:59:59.999,108826577.0234
2023-11-02,0.3856,0.389,0.3403,0.3482,240177260.0,2023-11-02 23:59:59.999,86685997.8466
2023-11-03,0.3481,0.3693,0.3296,0.3567,214130367.0,2023-11-03 23:59:59.999,74259068.2889
2023-11-04,0.3567,0.3665,0.3507,0.3613,127929750.0,2023-11-04 23:59:59.999,45819707.2611
2023-11-05,0.3612,0.3748,0.3456,0.3659,171077529.0,2023-11-05 23:59:59.999,61873988.4066
2023-11-06,0.3659,0.4072,0.3561,0.3913,292765426.0,2023-11-06 23:59:59.999,112793317.5444
2023-11-07,0.3914,0.3947,0.348,0.3639,256650398.0,2023-11-07 23:59:59.999,94628135.2788
2023-11-08,0.364,0.3807,0.3582,0.3715,155466726.0,2023-11-08 23:59:59.999,57591564.2073
2023-11-09,0.3716,0.4113,0.32,0.3911,335678709.0,2023-11-09 23:59:59.999,127722155.8542
2023-11-10,0.3912,0.444,0.3723,0.4434,291890597.0,2023-11-10 23:59:59.999,118257127.6343
2023-11-11,0.4434,0.4543,0.4174,0.4269,293457778.0,2023-11-11 23:59:59.999,128759825.6028
2023-11-12,0.4269,0.4348,0.3948,0.4298,210766983.0,2023-11-12 23:59:59.999,87910237.925
2023-11-13,0.4298,0.4396,0.3707,0.3741,169980172.0,2023-11-13 23:59:59.999,68492737.6461
2023-11-14,0.3742,0.3974,0.3585,0.3844,191603206.0,2023-11-14 23:59:59.999,72858449.0623
2023-11-15,0.3843,0.4489,0.379,0.4461,230985485.0,2023-11-15 23:59:59.999,96511541.8769
2023-11-16,0.4461,0.4547,0.4122,0.4335,331476379.0,2023-11-16 23:59:59.999,144453862.2661
2023-11-17,0.4336,0.48,0.4128,0.4415,492378378.0,2023-11-17 23:59:59.999,220233874.2748
2023-11-18,0.4415,0.4669,0.395,0.4627,305241327.0,2023-11-18 23:59:59.999,133249222.9526
2023-11-19,0.4627,0.5172,0.4481,0.4997,447047436.0,2023-11-19 23:59:59.999,216840927.9042
2023-11-20,0.4998,0.58,0.4971,0.5202,604317698.0,2023-11-20 23:59:59.999,330003740.5734
2023-11-21,0.5202,0.5425,0.46,0.4607,513767436.0,2023-11-21 23:59:59.999,260552251.3204
2023-11-22,0.4608,0.5488,0.4606,0.5161,354634302.0,2023-11-22 23:59:59.999,184131813.7116
2023-11-23,0.5161,0.5223,0.4853,0.4962,195936973.0,2023-11-23 23:59:59.999,97681768.1987
2023-11-24,0.4963,0.5678,0.4938,0.5317,310636862.0,2023-11-24 23:59:59.999,167711618.1089
2023-11-25,0.5316,0.5415,0.5172,0.5324,148673529.0,2023-11-25 23:59:59.999,78574067.9314
2023-11-26,0.5324,0.544,0.505,0.5345,159100054.0,2023-11-26 23:59:59.999,83714552.0973
2023-11-27,0.5346,0.5534,0.4975,0.5142,236319982.0,2023-11-27 23:59:59.999,124080685.5602
2023-11-28,0.5142,0.5466,0.4886,0.5407,198423777.0,2023-11-28 23:59:59.999,103753801.7989
2023-11-29,0.5407,0.5603,0.5208,0.5228,145374762.0,2023-11-29 23:59:59.999,78096027.0063
2023-11-30,0.5228,0.5378,0.5154,0.5286,103391403.0,2023-11-30 23:59:59.999,54346598.6634
2023-12-01,0.5287,0.5646,0.5225,0.5548,166993321.0,2023-12-01 23:59:59.999,90555121.4555
2023-12-02,0.5548,0.5796,0.541,0.5589,194359948.0,2023-12-02 23:59:59.999,108251728.1073
2023-12-03,0.5589,0.5855,0.55,0.5584,217810225.0,2023-12-03 23:59:59.999,123592368.1643
2023-12-04,0.5583,0.5695,0.4963,0.5429,290561170.0,2023-12-04 23:59:59.999,156650702.0974
2023-12-05,0.543,0.548,0.5156,0.5336,177078877.0,2023-12-05 23:59:59.999,93916579.4906
2023-12-06,0.5336,0.5442,0.5017,0.5046,158988760.0,2023-12-06 23:59:59.999,83116361.1075
2023-12-07,0.5045,0.537,0.4881,0.5267,153272816.0,2023-12-07 23:59:59.999,78828214.7656
2023-12-08,0.5268,0.5463,0.5205,0.5389,117783078.0,2023-12-08 23:59:59.999,62863852.0109
2023-12-09,0.5389,0.5565,0.5055,0.5134,164021431.0,2023-12-09 23:59:59.999,87860602.9792
2023-12-10,0.5135,0.5307,0.5012,0.5287,112533487.0,2023-12-10 23:59:59.999,58207783.2731
2023-12-11,0.5287,0.5359,0.456,0.4924,263068677.0,2023-12-11 23:59:59.999,131581346.1643
2023-12-12,0.4924,0.6061,0.4912,0.6036,446827433.0,2023-12-12 23:59:59.999,247264738.4918
2023-12-13,0.6036,0.659,0.5643,0.6292,764000269.0,2023-12-13 23:59:59.999,466021140.5409
2023-12-14,0.6293,0.717,0.6227,0.7057,391875943.0,2023-12-14 23:59:59.999,261769242.6782
2023-12-15,0.7057,0.7521,0.6672,0.6702,344560511.0,2023-12-15 23:59:59.999,246443108.8898
2023-12-16,0.6702,0.6975,0.6369,0.6469,236766529.0,2023-12-16 23:59:59.999,157853080.8773
2023-12-17,0.647,0.6633,0.6189,0.6387,161339756.0,2023-12-17 23:59:59.999,103082913.7502
2023-12-18,0.6386,0.7095,0.5886,0.7083,343396309.0,2023-12-18 23:59:59.999,222217307.3735
2023-12-19,0.7083,0.7455,0.6874,0.7088,282291702.0,2023-12-19 23:59:59.999,201404426.4797
2023-12-20,0.7085,0.791,0.6916,0.7364,296884891.0,2023-12-20 23:59:59.999,219628498.929
2023-12-21,0.7364,0.7649,0.7004,0.7646,184653859.0,2023-12-21 23:59:59.999,133291577.4291
2023-12-22,0.7645,0.7806,0.7064,0.7208,175997923.0,2023-12-22 23:59:59.999,130077349.2869
2023-12-23,0.7209,0.7504,0.7011,0.7369,119580068.0,2023-12-23 23:59:59.999,86962065.7691
2023-12-24,0.7369,0.7533,0.6934,0.7108,117670161.0,2023-12-24 23:59:59.999,85771730.1184
2023-12-25,0.7109,0.755,0.7046,0.7406,125277961.0,2023-12-25 23:59:59.999,91114533.6906
2023-12-26,0.7407,0.7961,0.701,0.7679,250886881.0,2023-12-26 23:59:59.999,189159348.334
2023-12-27,0.7679,0.7714,0.7139,0.7385,119299329.0,2023-12-27 23:59:59.999,88314491.0696
2023-12-28,0.7385,0.7564,0.6752,0.6846,125161852.0,2023-12-28 23:59:59.999,89162332.6921
2023-12-29,0.6846,0.7239,0.6614,0.6877,124695046.0,2023-12-29 23:59:59.999,86266381.0322
2023-12-30,0.6877,0.7021,0.6673,0.6903,63806124.0,2023-12-30 23:59:59.999,43942094.2737
2023-12-31,0.6904,0.7078,0.6641,0.673,60502024.0,2023-12-31 23:59:59.999,41919457.2085
2024-01-01,0.6731,0.7373,0.671,0.7334,69111095.0,2024-01-01 23:59:59.999,48867311.2413
2024-01-02,0.7335,0.7606,0.7026,0.7338,129115528.0,2024-01-02 23:59:59.999,94267752.5186
2024-01-03,0.7339,0.742,0.5537,0.6575,191645144.0,2024-01-03 23:59:59.999,127449430.4469
2024-01-04,0.6574,0.7303,0.6414,0.7267,101028465.0,2024-01-04 23:59:59.999,69462919.3391
2024-01-05,0.7267,0.748,0.6655,0.6901,144413427.0,2024-01-05 23:59:59.999,102399207.8333
2024-01-06,0.6901,0.6905,0.6188,0.6484,91437186.0,2024-01-06 23:59:59.999,59351419.0463
2024-01-07,0.6484,0.6622,0.6093,0.6219,88815065.0,2024-01-07 23:59:59.999,56625570.0803
2024-01-08,0.622,0.6833,0.5662,0.682,128510868.0,2024-01-08 23:59:59.999,80681440.179
2024-01-09,0.6819,0.6909,0.6244,0.647,107956569.0,2024-01-09 23:59:59.999,70520435.8046
2024-01-10,0.647,0.7376,0.6295,0.7173,127828476.0,2024-01-10 23:59:59.999,85209378.5526
2024-01-11,0.7173,0.7804,0.6972,0.7256,154563982.0,2024-01-11 23:59:59.999,114113656.672
2024-01-12,0.7255,0.7312,0.6529,0.6855,113682080.0,2024-01-12 23:59:59.999,79663603.8909
2024-01-13,0.6855,0.6995,0.656,0.6889,50334987.0,2024-01-13 23:59:59.999,34078597.4891
2024-01-14,0.6889,0.6928,0.6499,0.6518,47324625.0,2024-01-14 23:59:59.999,31832665.0109
2024-01-15,0.6518,0.6945,0.6498,0.6844,70405478.0,2024-01-15 23:59:59.999,47804577.1264
2024-01-16,0.6843,0.7065,0.6638,0.6905,77350912.0,2024-01-16 23:59:59.999,53260092.1658
2024-01-17,0.6905,0.6993,0.668,0.6777,53980127.0,2024-01-17 23:59:59.999,36881509.048
2024-01-18,0.6777,0.6797,0.6059,0.6192,92295903.0,2024-01-18 23:59:59.999,58890929.2158
2024-01-19,0.6193,0.635,0.5809,0.618,89122464.0,2024-01-19 23:59:59.999,54578530.7462
2024-01-20,0.618,0.6196,0.5969,0.6125,44464751.0,2024-01-20 23:59:59.999,27026353.3377
2024-01-21,0.6124,0.6195,0.5912,0.5938,35459747.0,2024-01-21 23:59:59.999,21575139.5482
2024-01-22,0.5938,0.5985,0.55,0.5604,92643308.0,2024-01-22 23:59:59.999,53418955.0534
2024-01-23,0.5605,0.5747,0.5243,0.5705,93188880.0,2024-01-23 23:59:59.999,51243338.1063
2024-01-24,0.5706,0.6017,0.5585,0.6008,71105211.0,2024-01-24 23:59:59.999,41458353.5603
2024-01-25,0.6007,0.602,0.566,0.5798,59787395.0,2024-01-25 23:59:59.999,35085760.5701
2024-01-26,0.5797,0.6193,0.5737,0.6101,44835029.0,2024-01-26 23:59:59.999,26930632.2145
2024-01-27,0.6101,0.6245,0.605,0.6235,34166344.0,2024-01-27 23:59:59.999,21017223.3614
2024-01-28,0.6234,0.6328,0.5929,0.6021,47671607.0,2024-01-28 23:59:59.999,29316926.065
2024-01-29,0.6021,0.632,0.5916,0.6281,47175312.0,2024-01-29 23:59:59.999,28855368.2761
2024-01-30,0.6282,0.6409,0.5944,0.5997,70978277.0,2024-01-30 23:59:59.999,44215194.9637
2024-01-31,0.5997,0.603,0.5627,0.5662,81085415.0,2024-01-31 23:59:59.999,47075874.6419
2024-02-01,0.5663,0.5763,0.5386,0.5419,75278232.0,2024-02-01 23:59:59.999,41829293.2802
2024-02-02,0.542,0.5796,0.5389,0.5694,91069542.0,2024-02-02 23:59:59.999,50779034.7611
2024-02-03,0.5694,0.5742,0.5531,0.5619,47788998.0,2024-02-03 23:59:59.999,26928469.9007
2024-02-04,0.5619,0.5625,0.5206,0.5243,59326849.0,2024-02-04 23:59:59.999,32143840.6323
2024-02-05,0.5245,0.543,0.5086,0.5274,71194942.0,2024-02-05 23:59:59.999,37450421.8738
2024-02-06,0.5274,0.5423,0.5211,0.529,57169452.0,2024-02-06 23:59:59.999,30385947.4785
2024-02-07,0.5291,0.5648,0.5241,0.5586,75880550.0,2024-02-07 23:59:59.999,41364651.1679
2024-02-08,0.5586,0.5644,0.5471,0.5592,49093684.0,2024-02-08 23:59:59.999,27328495.3287
2024-02-09,0.5593,0.6188,0.5569,0.6086,120998412.0,2024-02-09 23:59:59.999,71889245.7464
2024-02-10,0.6086,0.6348,0.6008,0.6281,88518542.0,2024-02-10 23:59:59.999,54793418.1794
2024-02-11,0.6281,0.6486,0.6219,0.6312,77848458.0,2024-02-11 23:59:59.999,49446598.9975
2024-02-12,0.6313,0.674,0.6217,0.6677,88585850.0,2024-02-12 23:59:59.999,57352445.1929
2024-02-13,0.6677,0.6879,0.6498,0.668,107983000.0,2024-02-13 23:59:59.999,72477271.902
2024-02-14,0.668,0.687,0.6525,0.6822,81495390.0,2024-02-14 23:59:59.999,54689709.0566
2024-02-15,0.6822,0.689,0.6427,0.6543,93146476.0,2024-02-15 23:59:59.999,62078308.1404
2024-02-16,0.6543,0.7336,0.6487,0.7076,217042577.0,2024-02-16 23:59:59.999,152310452.0522
2024-02-17,0.7077,0.7899,0.6876,0.7874,221315345.0,2024-02-17 23:59:59.999,160965854.3607
2024-02-18,0.7873,0.8759,0.7825,0.8245,267402926.0,2024-02-18 23:59:59.999,221682444.3299
2024-02-19,0.8245,0.997,0.8245,0.9803,292678384.0,2024-02-19 23:59:59.999,268009584.265
2024-02-20,0.9805,1.0982,0.87,1.0556,389108829.0,2024-02-20 23:59:59.999,377707596.3499
2024-02-21,1.0557,1.1645,0.9409,1.1461,334917363.0,2024-02-21 23:59:59.999,345380303.3888
2024-02-22,1.146,1.2113,1.0347,1.107,336449162.0,2024-02-22 23:59:59.999,381066338.469
2024-02-23,1.1069,1.239,1.0328,1.0589,288670234.0,2024-02-23 23:59:59.999,321916450.1341
2024-02-24,1.0589,1.0979,0.981,1.0788,179625807.0,2024-02-24 23:59:59.999,187982712.9131
2024-02-25,1.0787,1.1416,1.0737,1.1046,167701623.0,2024-02-25 23:59:59.999,186644640.0255
2024-02-26,1.1047,1.1526,1.0527,1.1168,165924660.0,2024-02-26 23:59:59.999,183142828.6888
2024-02-27,1.1168,1.1237,1.057,1.0763,103378890.0,2024-02-27 23:59:59.999,112963819.09
2024-02-28,1.0763,1.3849,1.0691,1.3514,316947429.0,2024-02-28 23:59:59.999,390035802.3178
2024-02-29,1.3514,1.523,1.2866,1.4722,226496158.0,2024-02-29 23:59:59.999,319878256.6108
2024-03-01,1.4722,1.8472,1.4717,1.7252,312068648.0,2024-03-01 23:59:59.999,521589213.5719
2024-03-02,1.7257,1.944,1.5758,1.8051,200704818.0,2024-03-02 23:59:59.999,347377977.5127
2024-03-03,1.8051,1.9758,1.6355,1.774,176102129.0,2024-03-03 23:59:59.999,325201000.9085
2024-03-04,1.7741,1.918,1.6991,1.7281,163481564.0,2024-03-04 23:59:59.999,293045766.4329
2024-03-05,1.7284,1.967,1.266,1.7369,276056229.0,2024-03-05 23:59:59.999,479191892.886
2024-03-06,1.7369,2.4833,1.694,2.4316,375656403.0,2024-03-06 23:59:59.999,786448393.149
2024-03-07,2.4317,2.8645,2.4097,2.579,383730364.0,2024-03-07 23:59:59.999,1016703664.2287
2024-03-08,2.5791,2.9596,2.4484,2.7483,265642593.0,2024-03-08 23:59:59.999,711309429.1158
2024-03-09,2.7483,3.1209,2.6957,3.0839,193078375.0,2024-03-09 23:59:59.999,571438399.7201
2024-03-10,3.084,3.1362,2.6733,2.7683,122387525.0,2024-03-10 23:59:59.999,348798476.2584
2024-03-11,2.7692,2.9666,2.6486,2.7074,121927455.0,2024-03-11 23:59:59.999,341335645.6035
2024-03-12,2.7075,2.8192,2.48,2.6779,146530025.0,2024-03-12 23:59:59.999,391640957.429
2024-03-13,2.6781,2.8604,2.5866,2.6589,109821610.0,2024-03-13 23:59:59.999,296918328.7248
2024-03-14,2.659,3.0027,2.547,2.8566,193893691.0,2024-03-14 23:59:59.999,528163381.9155
2024-03-15,2.8569,2.875,2.347,2.6853,254895188.0,2024-03-15 23:59:59.999,680569511.119
2024-03-16,2.6852,2.6939,2.2819,2.4245,137971622.0,2024-03-16 23:59:59.999,343372124.7559
2024-03-17,2.4246,3.0282,2.35,2.8122,210808501.0,2024-03-17 23:59:59.999,576982527.7271
2024-03-18,2.8123,2.8914,2.4564,2.4905,179819509.0,2024-03-18 23:59:59.999,471860901.0522
2024-03-19,2.4904,2.6079,2.161,2.3799,262608441.0,2024-03-19 23:59:59.999,629855603.6407
2024-03-20,2.3799,2.8568,2.3514,2.7494,210666027.0,2024-03-20 23:59:59.999,548183267.1669
2024-03-21,2.7496,2.7718,2.5,2.5179,105062593.0,2024-03-21 23:59:59.999,276546987.664
2024-03-22,2.5179,2.5908,2.3647,2.4305,90356148.0,2024-03-22 23:59:59.999,223711549.919
2024-03-23,2.4301,2.5529,2.3852,2.4201,63950443.0,2024-03-23 23:59:59.999,158947302.4938
2024-03-24,2.4201,2.6518,2.387,2.5863,60866194.0,2024-03-24 23:59:59.999,151414899.4094
2024-03-25,2.5863,2.7333,2.4882,2.667,94136526.0,2024-03-25 23:59:59.999,247144475.9346
2024-03-26,2.6671,3.0598,2.6613,2.8319,159106015.0,2024-03-26 23:59:59.999,458593667.983
2024-03-27,2.8319,3.3471,2.8129,3.1092,268210432.0,2024-03-27 23:59:59.999,838505890.3427
2024-03-28,3.1088,3.4917,3.0102,3.268,167194127.0,2024-03-28 23:59:59.999,550005010.1546
2024-03-29,3.2678,3.3744,3.0549,3.1059,92128577.0,2024-03-29 23:59:59.999,295736534.2851
2024-03-30,3.1059,3.2292,2.956,3.2076,84660369.0,2024-03-30 23:59:59.999,260456955.2856
2024-03-31,3.2074,3.2748,3.0101,3.053,74960029.0,2024-03-31 23:59:59.999,234995042.3083
2024-04-01,3.053,3.0858,2.8183,2.8843,87294304.0,2024-04-01 23:59:59.999,255893861.3458
2024-04-02,2.8843,2.8845,2.597,2.6741,107808702.0,2024-04-02 23:59:59.999,291956252.5498
2024-04-03,2.6739,2.7699,2.5111,2.5824,85466039.0,2024-04-03 23:59:59.999,226890116.5503
2024-04-04,2.5825,2.88,2.527,2.6996,97447342.0,2024-04-04 23:59:59.999,266273017.4549
2024-04-05,2.6999,2.7275,2.5123,2.6118,73018538.0,2024-04-05 23:59:59.999,190020362.778
2024-04-06,2.6118,2.6859,2.5853,2.6323,38398244.0,2024-04-06 23:59:59.999,101118821.7231
2024-04-07,2.6323,2.8,2.6223,2.7089,51514150.0,2024-04-07 23:59:59.999,139270103.736
2024-04-08,2.7089,2.853,2.6312,2.8084,50448016.0,2024-04-08 23:59:59.999,139777617.3373
2024-04-09,2.8084,2.8488,2.556,2.5879,54995832.0,2024-04-09 23:59:59.999,146319997.3263
2024-04-10,2.5879,2.7027,2.4064,2.6657,68130635.0,2024-04-10 23:59:59.999,174087273.5682
2024-04-11,2.6657,2.7403,2.5125,2.5509,63820616.0,2024-04-11 23:59:59.999,166314457.5442
2024-04-12,2.5508,2.5899,1.76,2.1386,146731931.0,2024-04-12 23:59:59.999,324854147.1294
2024-04-13,2.1387,2.2529,1.57,1.9502,209506262.0,2024-04-13 23:59:59.999,410629986.6419
2024-04-14,1.9502,2.2484,1.8473,2.222,162975832.0,2024-04-14 23:59:59.999,337608565.66
2024-04-15,2.2218,2.3856,1.9996,2.0494,152962954.0,2024-04-15 23:59:59.999,336192787.0217
2024-04-16,2.0495,2.1233,1.9278,2.1106,130819670.0,2024-04-16 23:59:59.999,264794138.6596
2024-04-17,2.1105,2.1364,1.8742,1.9849,104776889.0,2024-04-17 23:59:59.999,207723377.1505
2024-04-18,1.9849,2.0894,1.8835,2.0454,86286173.0,2024-04-18 23:59:59.999,172404933.6956
2024-04-19,2.0453,2.1844,1.8534,2.1074,98813901.0,2024-04-19 23:59:59.999,204530131.6157
2024-04-20,2.1074,2.4983,2.0692,2.4911,99323300.0,2024-04-20 23:59:59.999,228976084.7091
2024-04-21,2.4911,2.5632,2.361,2.4172,89178525.0,2024-04-21 23:59:59.999,218048871.5361
2024-04-22,2.4174,2.5254,2.3749,2.4664,73125948.0,2024-04-22 23:59:59.999,178854688.3023
2024-04-23,2.4664,2.559,2.39,2.448,75021797.0,2024-04-23 23:59:59.999,185120012.4062
2024-04-24,2.448,2.6368,2.219,2.2694,122816683.0,2024-04-24 23:59:59.999,301416711.4785
2024-04-25,2.2693,2.3786,2.2025,2.2964,81568230.0,2024-04-25 23:59:59.999,186196363.588
2024-04-26,2.2964,2.309,2.1336,2.1568,59559203.0,2024-04-26 23:59:59.999,132378703.688
2024-04-27,2.157,2.1974,2.0576,2.1848,62538075.0,2024-04-27 23:59:59.999,132991488.5276
2024-04-28,2.1849,2.2856,2.14,2.1588,46802168.0,2024-04-28 23:59:59.999,103805889.5747
2024-04-29,2.159,2.1981,2.0845,2.1664,68207085.0,2024-04-29 23:59:59.999,145885466.1056
2024-04-30,2.1665,2.1988,1.9142,2.0211,81845653.0,2024-04-30 23:59:59.999,165194559.4854
2024-05-01,2.0212,2.059,1.8608,2.0115,98402920.0,2024-05-01 23:59:59.999,192595677.573
2024-05-02,2.0115,2.0544,1.9276,2.0013,59946706.0,2024-05-02 23:59:59.999,119598123.1443
2024-05-03,2.0013,2.214,1.9542,2.1707,77906652.0,2024-05-03 23:59:59.999,161483059.3526
2024-05-04,2.1706,2.2465,2.1324,2.1581,51771882.0,2024-05-04 23:59:59.999,112940076.482
2024-05-05,2.1582,2.3835,2.1034,2.3601,93961587.0,2024-05-05 23:59:59.999,212622877.319
2024-05-06,2.3602,2.5222,2.3157,2.3777,129639834.0,2024-05-06 23:59:59.999,311976273.6481
2024-05-07,2.3776,2.4983,2.3319,2.3349,94510392.0,2024-05-07 23:59:59.999,228755436.4747
2024-05-08,2.335,2.4074,2.1229,2.1518,97841791.0,2024-05-08 23:59:59.999,220457156.6011
2024-05-09,2.1518,2.3071,2.128,2.2615,90994836.0,2024-05-09 23:59:59.999,201416203.9759
2024-05-10,2.2615,2.3607,2.131,2.2077,107355871.0,2024-05-10 23:59:59.999,240895774.7051
2024-05-11,2.2077,2.2614,2.1775,2.191,49102618.0,2024-05-11 23:59:59.999,109084212.9444
2024-05-12,2.1911,2.2393,2.147,2.1672,35022930.0,2024-05-12 23:59:59.999,76922726.6448
2024-05-13,2.1671,2.222,2.02,2.122,84429564.0,2024-05-13 23:59:59.999,179283206.1163
2024-05-14,2.1221,2.1382,1.9804,2.0014,63798267.0,2024-05-14 23:59:59.999,131114181.6575
2024-05-15,2.0015,2.2733,1.9731,2.2558,87425316.0,2024-05-15 23:59:59.999,187323478.3579
2024-05-16,2.2558,2.3372,2.1604,2.2806,80958065.0,2024-05-16 23:59:59.999,182193355.0403
2024-05-17,2.2807,2.3847,2.2223,2.345,76273938.0,2024-05-17 23:59:59.999,175759824.2344
2024-05-18,2.3449,2.4242,2.2604,2.2764,48594613.0,2024-05-18 23:59:59.999,113106694.9654
2024-05-19,2.2763,2.3101,2.1806,2.1986,44408742.0,2024-05-19 23:59:59.999,99690300.5245
2024-05-20,2.1985,2.4394,2.1618,2.4248,88289024.0,2024-05-20 23:59:59.999,203361791.3698
2024-05-21,2.4253,2.5683,2.3764,2.5297,91227438.0,2024-05-21 23:59:59.999,227431711.6872
2024-05-22,2.5298,2.726,2.475,2.5383,138476464.0,2024-05-22 23:59:59.999,356776290.8367
2024-05-23,2.5383,2.5626,2.1669,2.363,101521670.0,2024-05-23 23:59:59.999,244337770.1148
2024-05-24,2.363,2.4117,2.2512,2.3099,46889403.0,2024-05-24 23:59:59.999,108726626.9091
2024-05-25,2.3098,2.3635,2.2803,2.297,31972116.0,2024-05-25 23:59:59.999,74099482.3965
2024-05-26,2.297,2.3086,2.2011,2.2367,35238697.0,2024-05-26 23:59:59.999,79595972.3992
2024-05-27,2.2368,2.3376,2.2229,2.3047,44241199.0,2024-05-27 23:59:59.999,100826915.1679
2024-05-28,2.3044,2.3083,2.1775,2.237,45753738.0,2024-05-28 23:59:59.999,102389289.1716
2024-05-29,2.2369,2.349,2.1857,2.1954,66930860.0,2024-05-29 23:59:59.999,151457355.1141
2024-05-30,2.1953,2.2969,2.1102,2.1866,70155923.0,2024-05-30 23:59:59.999,155321483.4331
2024-05-31,2.1865,2.2117,2.0924,2.1402,52121137.0,2024-05-31 23:59:59.999,112191774.6267
2024-06-01,2.1404,2.1483,2.0954,2.1119,23104077.0,2024-06-01 23:59:59.999,48848168.3461
2024-06-02,2.1117,2.1389,2.0441,2.0857,32958994.0,2024-06-02 23:59:59.999,69078435.449
2024-06-03,2.0858,2.1971,2.0502,2.1402,49044588.0,2024-06-03 23:59:59.999,105336930.6583
2024-06-04,2.1403,2.1758,2.0805,2.1274,39312733.0,2024-06-04 23:59:59.999,83439910.7112
2024-06-05,2.1275,2.2213,2.1275,2.1582,47242773.0,2024-06-05 23:59:59.999,102362311.8646
2024-06-06,2.1582,2.1708,2.0135,2.0453,48324779.0,2024-06-06 23:59:59.999,101134472.423
2024-06-07,2.0454,2.0568,1.6218,1.8485,133030288.0,2024-06-07 23:59:59.999,252105839.6034
2024-06-08,1.8486,1.862,1.6996,1.7439,60466300.0,2024-06-08 23:59:59.999,106750739.0186
2024-06-09,1.7439,1.7727,1.7153,1.7369,32934721.0,2024-06-09 23:59:59.999,57388292.5226
2024-06-10,1.737,1.75,1.63,1.6604,65241979.0,2024-06-10 23:59:59.999,110450675.5648
2024-06-11,1.6603,1.7183,1.5067,1.5369,106385795.0,2024-06-11 23:59:59.999,171922815.3341
2024-06-12,1.537,1.7544,1.4662,1.717,104549184.0,2024-06-12 23:59:59.999,171579964.7985
2024-06-13,1.7169,1.7278,1.5631,1.588,69477656.0,2024-06-13 23:59:59.999,113534623.07
2024-06-14,1.588,1.6555,1.4187,1.4781,91329953.0,2024-06-14 23:59:59.999,140693304.7624
2024-06-15,1.4781,1.5065,1.4499,1.4597,37209873.0,2024-06-15 23:59:59.999,55065097.5242
2024-06-16,1.4597,1.4944,1.4242,1.4719,36398439.0,2024-06-16 23:59:59.999,52987718.1344
2024-06-17,1.472,1.4911,1.2232,1.3184,148152042.0,2024-06-17 23:59:59.999,195924068.3824
2024-06-18,1.3184,1.3263,1.1058,1.1934,149395662.0,2024-06-18 23:59:59.999,176399524.1651
2024-06-19,1.1933,1.5092,1.1741,1.5015,205362969.0,2024-06-19 23:59:59.999,282158743.3907
2024-06-20,1.5015,1.7194,1.4713,1.6047,371256356.0,2024-06-20 23:59:59.999,599266140.1713
2024-06-21,1.6048,1.6284,1.5265,1.5884,134025907.0,2024-06-21 23:59:59.999,210804186.2067
2024-06-22,1.5885,1.5912,1.4609,1.4701,117206826.0,2024-06-22 23:59:59.999,177750895.3671
2024-06-23,1.4701,1.527,1.3968,1.4008,115726900.0,2024-06-23 23:59:59.999,169270832.5451
2024-06-24,1.4008,1.7215,1.3448,1.6331,194374547.0,2024-06-24 23:59:59.999,288205904.6833
2024-06-25,1.6329,1.7136,1.5689,1.5855,139025810.0,2024-06-25 23:59:59.999,229503048.7806
2024-06-26,1.5855,1.8502,1.5795,1.7701,201365348.0,2024-06-26 23:59:59.999,350319295.5643
2024-06-27,1.7699,1.7795,1.49,1.5425,201929693.0,2024-06-27 23:59:59.999,323898384.7975
2024-06-28,1.5425,1.5562,1.3879,1.4088,142159461.0,2024-06-28 23:59:59.999,208042218.4037
2024-06-29,1.4086,1.4494,1.3436,1.3459,70757392.0,2024-06-29 23:59:59.999,99003164.0262
2024-06-30,1.3458,1.448,1.3242,1.4295,100367976.0,2024-06-30 23:59:59.999,139340286.5259
2024-07-01,1.4294,1.4948,1.288,1.294,106686233.0,2024-07-01 23:59:59.999,148442863.7723
2024-07-02,1.2941,1.3664,1.2619,1.3198,83265694.0,2024-07-02 23:59:59.999,110510384.1225
2024-07-03,1.3198,1.3289,1.2158,1.2511,88982954.0,2024-07-03 23:59:59.999,112749533.6699
2024-07-04,1.2512,1.2882,1.1565,1.2309,126107099.0,2024-07-04 23:59:59.999,154237052.623
2024-07-05,1.231,1.2313,1.054,1.1636,208483711.0,2024-07-05 23:59:59.999,239382340.5727
2024-07-06,1.1636,1.2853,1.143,1.2283,112989811.0,2024-07-06 23:59:59.999,138389795.8813
2024-07-07,1.2284,1.2392,1.1066,1.1135,85122577.0,2024-07-07 23:59:59.999,100394677.1381
2024-07-08,1.1135,1.2504,1.055,1.1569,127504785.0,2024-07-08 23:59:59.999,147030268.9879
2024-07-09,1.1569,1.2113,1.1332,1.2043,66310655.0,2024-07-09 23:59:59.999,77840512.5052
2024-07-10,1.2043,1.2435,1.1752,1.192,75546381.0,2024-07-10 23:59:59.999,91132197.502
2024-07-11,1.1921,1.2622,1.1358,1.1461,61516956.0,2024-07-11 23:59:59.999,73227974.8171
2024-07-12,1.146,1.1908,1.1,1.1887,61371003.0,2024-07-12 23:59:59.999,69907379.2806
2024-07-13,1.1888,1.2176,1.1345,1.1635,49265532.0,2024-07-13 23:59:59.999,57800547.3317
2024-07-14,1.1632,1.2673,1.1624,1.2474,59250084.0,2024-07-14 23:59:59.999,71582018.1158
2024-07-15,1.2471,1.4438,1.2372,1.4196,111751501.0,2024-07-15 23:59:59.999,147844794.6521
2024-07-16,1.4194,1.4804,1.3147,1.4292,112525900.0,2024-07-16 23:59:59.999,156361063.9081
2024-07-17,1.4294,1.5549,1.4173,1.4528,104379584.0,2024-07-17 23:59:59.999,155474720.2171
2024-07-18,1.4528,1.5008,1.3694,1.4025,67876020.0,2024-07-18 23:59:59.999,97136810.5321
2024-07-19,1.4025,1.4923,1.3611,1.4722,64600742.0,2024-07-19 23:59:59.999,92294433.825
2024-07-20,1.4723,1.5068,1.4261,1.4591,40112392.0,2024-07-20 23:59:59.999,58782791.0181
2024-07-21,1.4593,1.4927,1.3706,1.4894,56168631.0,2024-07-21 23:59:59.999,80604105.9474
2024-07-22,1.4893,1.4995,1.3636,1.3686,45832309.0,2024-07-22 23:59:59.999,64944656.7475
2024-07-23,1.3686,1.3986,1.2716,1.2896,67635464.0,2024-07-23 23:59:59.999,89756667.1825
2024-07-24,1.2896,1.3034,1.1974,1.2126,59846852.0,2024-07-24 23:59:59.999,75533544.5363
2024-07-25,1.2127,1.2199,1.1506,1.1969,63382622.0,2024-07-25 23:59:59.999,75560793.624
2024-07-26,1.1969,1.29,1.1888,1.279,51052125.0,2024-07-26 23:59:59.999,64167613.9863
2024-07-27,1.2789,1.3472,1.2409,1.2746,61434349.0,2024-07-27 23:59:59.999,79425669.8758
2024-07-28,1.2746,1.2746,1.2258,1.2452,28362991.0,2024-07-28 23:59:59.999,35447610.5145
2024-07-29,1.2452,1.3178,1.2119,1.2135,54253178.0,2024-07-29 23:59:59.999,68637406.334
2024-07-30,1.2136,1.2475,1.1624,1.1893,33318784.0,2024-07-30 23:59:59.999,40270092.1031
2024-07-31,1.1894,1.2104,1.1382,1.1542,47400753.0,2024-07-31 23:59:59.999,55876781.1761
2024-08-01,1.1541,1.1595,1.0668,1.1429,68763662.0,2024-08-01 23:59:59.999,76815102.1478
2024-08-02,1.1429,1.1526,1.0547,1.0666,71587256.0,2024-08-02 23:59:59.999,79229158.3881
2024-08-03,1.0666,1.0858,0.967,0.9907,67828503.0,2024-08-03 23:59:59.999,69707803.318
2024-08-04,0.9906,1.0174,0.8723,0.9247,84955895.0,2024-08-04 23:59:59.999,80030363.1291
2024-08-05,0.9247,0.9343,0.7012,0.7897,348906399.0,2024-08-05 23:59:59.999,276403082.8219
2024-08-06,0.7897,0.8992,0.7872,0.8471,151951215.0,2024-08-06 23:59:59.999,130061278.2601
2024-08-07,0.8469,0.9248,0.7937,0.805,151085656.0,2024-08-07 23:59:59.999,129594814.7639
2024-08-08,0.805,0.892,0.7838,0.886,140632003.0,2024-08-08 23:59:59.999,118283019.782
2024-08-09,0.8861,0.8967,0.8298,0.8515,99204897.0,2024-08-09 23:59:59.999,85246977.6229
2024-08-10,0.8515,0.919,0.8322,0.898,69468909.0,2024-08-10 23:59:59.999,60015346.5114
2024-08-11,0.898,0.9459,0.812,0.8152,124010101.0,2024-08-11 23:59:59.999,110058641.2441
2024-08-12,0.8153,0.8969,0.7953,0.8618,127620328.0,2024-08-12 23:59:59.999,108864061.3437
2024-08-13,0.8617,0.8885,0.8257,0.8778,68208378.0,2024-08-13 23:59:59.999,58476382.3901
2024-08-14,0.8778,0.9232,0.8555,0.8739,84836977.0,2024-08-14 23:59:59.999,75167305.0062
2024-08-15,0.8739,0.8893,0.8117,0.8267,91864155.0,2024-08-15 23:59:59.999,77648380.6945
2024-08-16,0.8267,0.8755,0.8047,0.8266,97644998.0,2024-08-16 23:59:59.999,82011632.3159
2024-08-17,0.8266,0.8519,0.8168,0.839,45778373.0,2024-08-17 23:59:59.999,38043130.9592
2024-08-18,0.839,0.8481,0.8132,0.8151,55558740.0,2024-08-18 23:59:59.999,46325520.3913
2024-08-19,0.8151,0.9255,0.8029,0.9134,135587574.0,2024-08-19 23:59:59.999,115735046.24
2024-08-20,0.9136,0.9263,0.8633,0.871,116463329.0,2024-08-20 23:59:59.999,104321852.06
2024-08-21,0.871,0.977,0.861,0.9604,105420370.0,2024-08-21 23:59:59.999,96838737.9
2024-08-22,0.9605,1.0478,0.943,1.0148,165377364.0,2024-08-22 23:59:59.999,165130198.7548
2024-08-23,1.0147,1.2198,1.0103,1.2068,181773299.0,2024-08-23 23:59:59.999,201858351.0505
2024-08-24,1.2069,1.302,1.1996,1.2662,137864716.0,2024-08-24 23:59:59.999,172846062.4745
2024-08-25,1.2662,1.3992,1.1688,1.363,200852231.0,2024-08-25 23:59:59.999,257583632.548
2024-08-26,1.363,1.39,1.291,1.3337,216789457.0,2024-08-26 23:59:59.999,291782859.4368
2024-08-27,1.3338,1.475,1.2367,1.2865,310332246.0,2024-08-27 23:59:59.999,419943027.6687
2024-08-28,1.2865,1.3475,1.1565,1.1951,354000961.0,2024-08-28 23:59:59.999,442273536.0888
2024-08-29,1.195,1.2486,1.1083,1.123,214434360.0,2024-08-29 23:59:59.999,254987747.098
2024-08-30,1.123,1.1987,1.0429,1.1948,200124056.0,2024-08-30 23:59:59.999,223484285.5671
2024-08-31,1.1948,1.2443,1.1222,1.1294,149623950.0,2024-08-31 23:59:59.999,176103139.5075
2024-09-01,1.1293,1.2177,1.1233,1.1379,220061557.0,2024-09-01 23:59:59.999,256277873.0232
2024-09-02,1.1379,1.2413,1.1029,1.2335,212417551.0,2024-09-02 23:59:59.999,249177067.2155
2024-09-03,1.2334,1.2648,1.115,1.1206,161313449.0,2024-09-03 23:59:59.999,189734736.8018
2024-09-04,1.1206,1.1839,1.0706,1.1396,175982367.0,2024-09-04 23:59:59.999,197612409.1375
2024-09-05,1.1396,1.1488,1.0682,1.0795,113788642.0,2024-09-05 23:59:59.999,125670190.8661
2024-09-06,1.0794,1.114,1.0024,1.0663,171413096.0,2024-09-06 23:59:59.999,182275482.7104
2024-09-07,1.0664,1.0884,1.0477,1.0649,69640265.0,2024-09-07 23:59:59.999,74328299.3415
2024-09-08,1.0649,1.1171,1.057,1.1009,72460988.0,2024-09-08 23:59:59.999,78544424.7409
2024-09-09,1.101,1.2336,1.0924,1.2038,120025785.0,2024-09-09 23:59:59.999,139192499.8581
2024-09-10,1.2039,1.3692,1.1932,1.3369,211008839.0,2024-09-10 23:59:59.999,272894260.0476
2024-09-11,1.3369,1.374,1.273,1.3516,259467100.0,2024-09-11 23:59:59.999,341790453.5375
2024-09-12,1.3517,1.4499,1.3449,1.3825,260722079.0,2024-09-12 23:59:59.999,365518694.4789
2024-09-13,1.3825,1.398,1.3016,1.3746,190335287.0,2024-09-13 23:59:59.999,256871918.759
2024-09-14,1.3745,1.4137,1.3296,1.4067,108860264.0,2024-09-14 23:59:59.999,148310238.7637
2024-09-15,1.4067,1.4353,1.3236,1.3356,134832457.0,2024-09-15 23:59:59.999,187070885.2612
2024-09-16,1.3356,1.3363,1.2503,1.2623,153297206.0,2024-09-16 23:59:59.999,198792008.0261
2024-09-17,1.2622,1.3769,1.2365,1.349,153893428.0,2024-09-17 23:59:59.999,203526070.3288
2024-09-18,1.3491,1.4555,1.307,1.4521,202222367.0,2024-09-18 23:59:59.999,276155422.8056
2024-09-19,1.4521,1.5773,1.4434,1.4884,216430656.0,2024-09-19 23:59:59.999,327425838.854
2024-09-20,1.4886,1.6488,1.4696,1.63,207940121.0,2024-09-20 23:59:59.999,329119302.8112
2024-09-21,1.6301,1.6768,1.5672,1.6293,119161229.0,2024-09-21 23:59:59.999,193439050.4712
2024-09-22,1.6294,1.6441,1.552,1.6124,143316031.0,2024-09-22 23:59:59.999,228641884.2379
2024-09-23,1.6125,1.7233,1.5568,1.6452,211163805.0,2024-09-23 23:59:59.999,350062010.9123
2024-09-24,1.6452,1.7366,1.6015,1.7019,180957895.0,2024-09-24 23:59:59.999,304872022.6378
2024-09-25,1.7018,1.7393,1.6217,1.6348,158336624.0,2024-09-25 23:59:59.999,266526365.1525
2024-09-26,1.6348,1.6998,1.6028,1.6284,171208841.0,2024-09-26 23:59:59.999,283303827.4013
2024-09-27,1.6284,1.7415,1.55,1.68,206041975.0,2024-09-27 23:59:59.999,343877057.211
2024-09-28,1.6799,1.697,1.5631,1.5989,137310121.0,2024-09-28 23:59:59.999,220984713.0074
2024-09-29,1.599,1.642,1.5563,1.6191,119614800.0,2024-09-29 23:59:59.999,191837802.3136
2024-09-30,1.6193,1.6454,1.5005,1.5231,179912078.0,2024-09-30 23:59:59.999,283422353.4497
2024-10-01,1.5232,1.676,1.4094,1.4848,288299976.0,2024-10-01 23:59:59.999,445859665.7505
2024-10-02,1.4848,1.5471,1.387,1.4194,201260286.0,2024-10-02 23:59:59.999,294948114.2068
2024-10-03,1.4191,1.4619,1.3278,1.3697,161935577.0,2024-10-03 23:59:59.999,223800942.8972
2024-10-04,1.3697,1.4675,1.3521,1.4652,146691873.0,2024-10-04 23:59:59.999,206464982.4901
2024-10-05,1.4652,1.4838,1.3591,1.4047,107946362.0,2024-10-05 23:59:59.999,154519594.455
2024-10-06,1.4048,1.4747,1.3756,1.4732,93775410.0,2024-10-06 23:59:59.999,133846698.0481
2024-10-07,1.4732,1.5556,1.4567,1.4694,152379406.0,2024-10-07 23:59:59.999,230405648.101
2024-10-08,1.4694,1.5094,1.4052,1.4224,111457348.0,2024-10-08 23:59:59.999,160903306.4825
2024-10-09,1.4223,1.4527,1.3145,1.3418,109419709.0,2024-10-09 23:59:59.999,151267492.001
2024-10-10,1.3421,1.367,1.2645,1.3183,121544623.0,2024-10-10 23:59:59.999,159934041.8658
2024-10-11,1.3183,1.4278,1.3066,1.4117,102043708.0,2024-10-11 23:59:59.999,140414380.6668
2024-10-12,1.4117,1.5021,1.395,1.4755,96160574.0,2024-10-12 23:59:59.999,139306078.0014
2024-10-13,1.4759,1.4903,1.3818,1.4187,89819443.0,2024-10-13 23:59:59.999,127962584.4995
2024-10-14,1.4189,1.5318,1.399,1.518,135311869.0,2024-10-14 23:59:59.999,201786556.6987
2024-10-15,1.5181,1.5299,1.41,1.4654,192394399.0,2024-10-15 23:59:59.999,282777139.8913
2024-10-16,1.4655,1.4781,1.4046,1.4268,104638820.0,2024-10-16 23:59:59.999,151210808.1963
2024-10-17,1.4268,1.4416,1.3385,1.3598,86395707.0,2024-10-17 23:59:59.999,119481578.007
2024-10-18,1.3598,1.4331,1.3524,1.4318,71305581.0,2024-10-18 23:59:59.999,99771472.3967
2024-10-19,1.4319,1.4486,1.3863,1.4052,51418201.0,2024-10-19 23:59:59.999,72723241.1217
2024-10-20,1.4052,1.47,1.3671,1.4641,82462156.0,2024-10-20 23:59:59.999,117445530.341
2024-10-21,1.4641,1.479,1.3687,1.3843,83069811.0,2024-10-21 23:59:59.999,117514434.0983
2024-10-22,1.3842,1.4129,1.333,1.3555,74398607.0,2024-10-22 23:59:59.999,101693650.2975
2024-10-23,1.3555,1.3608,1.2728,1.3234,74347258.0,2024-10-23 23:59:59.999,98043010.6888
2024-10-24,1.3234,1.393,1.3142,1.3421,82766362.0,2024-10-24 23:59:59.999,111588764.4509
2024-10-25,1.3421,1.3489,1.1059,1.207,139350807.0,2024-10-25 23:59:59.999,174867906.2562
2024-10-26,1.2069,1.2501,1.182,1.2358,85257831.0,2024-10-26 23:59:59.999,104004916.4354
2024-10-27,1.2358,1.2873,1.2231,1.2738,47953380.0,2024-10-27 23:59:59.999,60029532.4763
2024-10-28,1.2739,1.2936,1.1834,1.2802,86358158.0,2024-10-28 23:59:59.999,107283879.3989
2024-10-29,1.2802,1.3573,1.2723,1.3395,84034766.0,2024-10-29 23:59:59.999,111586660.4392
2024-10-30,1.3395,1.3416,1.2759,1.2981,86463170.0,2024-10-30 23:59:59.999,112768276.3591
2024-10-31,1.298,1.3322,1.2448,1.2966,145526667.0,2024-10-31 23:59:59.999,188526222.4419
2024-11-01,1.2967,1.3174,1.2111,1.2314,121075260.0,2024-11-01 23:59:59.999,153072505.338
2024-11-02,1.2314,1.2441,1.1653,1.1892,57351969.0,2024-11-02 23:59:59.999,68696505.5791
2024-11-03,1.1891,1.1938,1.0874,1.1425,113927052.0,2024-11-03 23:59:59.999,129530484.806
2024-11-04,1.1425,1.1633,1.09,1.1305,84689043.0,2024-11-04 23:59:59.999,96035198.123
2024-11-05,1.1305,1.2707,1.119,1.254,109206631.0,2024-11-05 23:59:59.999,132477172.7016
2024-11-06,1.2539,1.4332,1.2533,1.414,196576802.0,2024-11-06 23:59:59.999,268547770.6589
2024-11-07,1.414,1.4525,1.3703,1.4113,106655947.0,2024-11-07 23:59:59.999,150211556.2539
2024-11-08,1.4114,1.4356,1.3414,1.3973,92248400.0,2024-11-08 23:59:59.999,128273367.6427
2024-11-09,1.3975,1.4726,1.3636,1.4679,88411680.0,2024-11-09 23:59:59.999,124718468.2383
2024-11-10,1.4678,1.568,1.3928,1.4447,189921357.0,2024-11-10 23:59:59.999,282847847.6396
2024-11-11,1.4447,1.6046,1.4321,1.582,216325143.0,2024-11-11 23:59:59.999,328402009.378
2024-11-12,1.5819,1.6484,1.3606,1.3791,310460108.0,2024-11-12 23:59:59.999,460379279.2019
2024-11-13,1.3792,1.3942,1.2082,1.268,407527320.0,2024-11-13 23:59:59.999,528840853.4421
2024-11-14,1.268,1.3706,1.213,1.2311,247894984.0,2024-11-14 23:59:59.999,318043538.0799
2024-11-15,1.2312,1.2987,1.1903,1.2846,160287685.0,2024-11-15 23:59:59.999,198971842.5624
2024-11-16,1.2846,1.3543,1.2523,1.324,173939181.0,2024-11-16 23:59:59.999,226709073.2678
2024-11-17,1.3241,1.3344,1.2341,1.2592,147197244.0,2024-11-17 23:59:59.999,188772892.2585
2024-11-18,1.2592,1.3995,1.2521,1.3625,235320252.0,2024-11-18 23:59:59.999,310745239.7817
2024-11-19,1.3625,1.3681,1.2688,1.2939,127823714.0,2024-11-19 23:59:59.999,167444666.0902
2024-11-20,1.2937,1.32,1.2103,1.2364,172572019.0,2024-11-20 23:59:59.999,218848889.3002
2024-11-21,1.2364,1.3053,1.1771,1.2758,187754577.0,2024-11-21 23:59:59.999,234549047.0572
2024-11-22,1.2758,1.2966,1.2129,1.2855,136542250.0,2024-11-22 23:59:59.999,171288669.436
2024-11-23,1.2855,1.4595,1.276,1.4277,299775395.0,2024-11-23 23:59:59.999,413220293.4171
2024-11-24,1.4277,1.5729,1.3681,1.5331,355854274.0,2024-11-24 23:59:59.999,525682799.2681
2024-11-25,1.5331,1.5729,1.3992,1.4328,240252650.0,2024-11-25 23:59:59.999,356910118.2376
2024-11-26,1.4326,1.4717,1.3,1.3786,210010880.0,2024-11-26 23:59:59.999,288164973.296
2024-11-27,1.3786,1.5149,1.3514,1.5081,170866810.0,2024-11-27 23:59:59.999,246271387.1291
2024-11-28,1.5081,1.7529,1.4511,1.6788,336994482.0,2024-11-28 23:59:59.999,537649580.75
2024-11-29,1.6788,1.7283,1.5909,1.7234,254950917.0,2024-11-29 23:59:59.999,416991014.2801
2024-11-30,1.7235,1.9556,1.6958,1.914,283627411.0,2024-11-30 23:59:59.999,519416827.3515
2024-12-01,1.9141,1.9152,1.7903,1.8433,181592346.0,2024-12-01 23:59:59.999,336255496.6553
2024-12-02,1.8433,1.9548,1.7072,1.9415,253804729.0,2024-12-02 23:59:59.999,458340231.8318
2024-12-03,1.9415,1.9769,1.7733,1.9125,247595717.0,2024-12-03 23:59:59.999,467796815.3476
2024-12-04,1.9125,2.03,1.8368,1.8639,205364968.0,2024-12-04 23:59:59.999,397409268.7445
2024-12-05,1.8639,2.0893,1.7801,1.9548,271115973.0,2024-12-05 23:59:59.999,524073593.5483
2024-12-06,1.9548,2.1985,1.9182,2.1385,246837599.0,2024-12-06 23:59:59.999,513656439.2433
2024-12-07,2.1385,2.1431,2.0618,2.0662,89708352.0,2024-12-07 23:59:59.999,188192619.1024
2024-12-08,2.0662,2.0961,2.0025,2.0569,76448117.0,2024-12-08 23:59:59.999,156529126.6821
2024-12-09,2.0569,2.0576,1.4836,1.7067,299838288.0,2024-12-09 23:59:59.999,537373672.4397
2024-12-10,1.7065,1.8003,1.5656,1.6807,265307268.0,2024-12-10 23:59:59.999,444766388.6389
2024-12-11,1.6806,1.8361,1.627,1.82,130257092.0,2024-12-11 23:59:59.999,227250767.853
2024-12-12,1.8199,1.8984,1.7588,1.7864,130085313.0,2024-12-12 23:59:59.999,238502015.0973
2024-12-13,1.7865,1.8099,1.737,1.8053,90223933.0,2024-12-13 23:59:59.999,160516536.7606
2024-12-14,1.8053,1.8242,1.6814,1.7306,97017359.0,2024-12-14 23:59:59.999,169066939.8022
2024-12-15,1.7307,1.8188,1.6615,1.8097,92576707.0,2024-12-15 23:59:59.999,161051066.1643
2024-12-16,1.8096,1.828,1.6889,1.7139,108729657.0,2024-12-16 23:59:59.999,189481221.1998
2024-12-17,1.7139,1.7194,1.5855,1.6108,131899316.0,2024-12-17 23:59:59.999,218765439.2833
2024-12-18,1.6108,1.6244,1.401,1.4318,221790136.0,2024-12-18 23:59:59.999,340173143.0165
2024-12-19,1.4317,1.4516,1.2474,1.3022,271909444.0,2024-12-19 23:59:59.999,370037123.1844
2024-12-20,1.3021,1.3906,1.1234,1.3748,261380271.0,2024-12-20 23:59:59.999,327384120.8102
2024-12-21,1.3747,1.4326,1.2323,1.2662,163246674.0,2024-12-21 23:59:59.999,215547885.2377
2024-12-22,1.2662,1.3053,1.2149,1.2548,138642758.0,2024-12-22 23:59:59.999,174879391.5807
2024-12-23,1.2547,1.396,1.2249,1.3724,137953174.0,2024-12-23 23:59:59.999,178310006.692
2024-12-24,1.3723,1.427,1.3277,1.3941,91766840.0,2024-12-24 23:59:59.999,126003287.5964
2024-12-25,1.394,1.4007,1.3253,1.349,73912984.0,2024-12-25 23:59:59.999,100523059.6817
2024-12-26,1.3491,1.3633,1.2479,1.2658,77688095.0,2024-12-26 23:59:59.999,100043451.0843
2024-12-27,1.2657,1.3666,1.256,1.3166,104189755.0,2024-12-27 23:59:59.999,136692007.4267
2024-12-28,1.3166,1.375,1.2829,1.3624,72565797.0,2024-12-28 23:59:59.999,96412384.5216
2024-12-29,1.3628,1.3823,1.2853,1.2953,62319368.0,2024-12-29 23:59:59.999,82757240.2291
2024-12-30,1.2952,1.3616,1.246,1.2874,91567897.0,2024-12-30 23:59:59.999,119381619.455
2024-12-31,1.2875,1.3324,1.2513,1.2713,81801941.0,2024-12-31 23:59:59.999,105059919.8801
2025-01-01,1.2714,1.3239,1.2332,1.3185,66150722.0,2025-01-01 23:59:59.999,84238726.1065
2025-01-02,1.3184,1.4248,1.3161,1.3843,88514096.0,2025-01-02 23:59:59.999,122958130.2882
2025-01-03,1.3844,1.5142,1.3753,1.5001,100924926.0,2025-01-03 23:59:59.999,146431679.2742
2025-01-04,1.4998,1.5247,1.465,1.4889,72636508.0,2025-01-04 23:59:59.999,108378994.6559
2025-01-05,1.4888,1.6214,1.4469,1.6077,116847877.0,2025-01-05 23:59:59.999,178022792.4088
2025-01-06,1.6076,1.6538,1.5574,1.5708,126528096.0,2025-01-06 23:59:59.999,202021127.835
2025-01-07,1.5709,1.5803,1.4045,1.4119,138869498.0,2025-01-07 23:59:59.999,208100269.5538
2025-01-08,1.4119,1.429,1.2617,1.3353,164858332.0,2025-01-08 23:59:59.999,220584348.4777
2025-01-09,1.3353,1.3524,1.2574,1.293,143895917.0,2025-01-09 23:59:59.999,187596158.3368
2025-01-10,1.2932,1.3701,1.2746,1.3271,109788061.0,2025-01-10 23:59:59.999,145033464.2794
2025-01-11,1.3271,1.3592,1.2904,1.3175,70033589.0,2025-01-11 23:59:59.999,92715772.9434
2025-01-12,1.3175,1.3287,1.2771,1.2984,61272745.0,2025-01-12 23:59:59.999,80122997.7706
2025-01-13,1.2985,1.3397,1.1388,1.2417,180053104.0,2025-01-13 23:59:59.999,219040239.4985
2025-01-14,1.2418,1.3133,1.2326,1.3042,77340885.0,2025-01-14 23:59:59.999,98184888.1268
2025-01-15,1.3043,1.3875,1.2553,1.3669,110505991.0,2025-01-15 23:59:59.999,146145207.9832
2025-01-16,1.3669,1.3729,1.3025,1.3341,105306040.0,2025-01-16 23:59:59.999,141399237.8
2025-01-17,1.3341,1.4263,1.3326,1.4051,103817221.0,2025-01-17 23:59:59.999,143742525.3936
2025-01-18,1.4052,1.4361,1.2811,1.3084,111139683.0,2025-01-18 23:59:59.999,149217512.2053
2025-01-19,1.3085,1.3288,1.1475,1.1728,192462597.0,2025-01-19 23:59:59.999,237862433.2863
2025-01-20,1.1728,1.3797,1.1172,1.1853,220276584.0,2025-01-20 23:59:59.999,265868890.7356
2025-01-21,1.1856,1.3274,1.1272,1.3059,132051138.0,2025-01-21 23:59:59.999,161948506.0778
2025-01-22,1.3059,1.3427,1.2664,1.28,112884863.0,2025-01-22 23:59:59.999,147314899.4454
2025-01-23,1.2799,1.2809,1.1934,1.243,128726738.0,2025-01-23 23:59:59.999,159045155.7348
2025-01-24,1.2431,1.264,1.1952,1.2259,84467526.0,2025-01-24 23:59:59.999,104083688.6809
2025-01-25,1.2259,1.2387,1.17,1.2074,59500377.0,2025-01-25 23:59:59.999,71708086.5033
2025-01-26,1.2074,1.236,1.1763,1.1779,71065208.0,2025-01-26 23:59:59.999,85888935.8314
2025-01-27,1.1779,1.186,1.0521,1.1179,149259614.0,2025-01-27 23:59:59.999,164439424.8698
2025-01-28,1.118,1.1278,0.9601,0.9784,124618589.0,2025-01-28 23:59:59.999,129361439.2303
2025-01-29,0.9785,1.0345,0.9485,0.9917,157493895.0,2025-01-29 23:59:59.999,155689041.5861
2025-01-30,0.9918,1.0662,0.9771,1.0456,102505475.0,2025-01-30 23:59:59.999,105956903.6985
2025-01-31,1.0456,1.0873,1.0191,1.0285,105061549.0,2025-01-31 23:59:59.999,110321534.7103
2025-02-01,1.0285,1.0514,0.933,0.9346,87380425.0,2025-02-01 23:59:59.999,87428689.7996
2025-02-02,0.9346,0.957,0.7684,0.8217,237927596.0,2025-02-02 23:59:59.999,206606031.4702
2025-02-03,0.8218,0.8826,0.5944,0.8625,412382873.0,2025-02-03 23:59:59.999,301625496.1996
2025-02-04,0.8624,0.8671,0.7559,0.7875,192632309.0,2025-02-04 23:59:59.999,153130053.5997
2025-02-05,0.7875,0.8045,0.7435,0.7617,101131905.0,2025-02-05 23:59:59.999,78653021.1515
2025-02-06,0.7616,0.7801,0.7062,0.7125,107095031.0,2025-02-06 23:59:59.999,79315101.533
2025-02-07,0.7126,0.7917,0.6977,0.7276,132018387.0,2025-02-07 23:59:59.999,98018444.754
2025-02-08,0.7277,0.7404,0.6869,0.7344,90983538.0,2025-02-08 23:59:59.999,65065789.7906
2025-02-09,0.7345,0.7801,0.7218,0.7682,103873576.0,2025-02-09 23:59:59.999,78388455.0567
2025-02-10,0.7682,0.807,0.7397,0.7688,123037731.0,2025-02-10 23:59:59.999,95915353.7789
2025-02-11,0.7688,0.8274,0.7491,0.7587,130337886.0,2025-02-11 23:59:59.999,102869614.2507
2025-02-12,0.7587,0.8371,0.7129,0.8224,152498707.0,2025-02-12 23:59:59.999,116002297.8341
2025-02-13,0.8223,0.834,0.7605,0.7769,98227588.0,2025-02-13 23:59:59.999,77561876.1179
2025-02-14,0.7769,0.8397,0.7692,0.8089,89472452.0,2025-02-14 23:59:59.999,72044110.1803
2025-02-15,0.809,0.8135,0.7581,0.7708,70189250.0,2025-02-15 23:59:59.999,54817865.9785
2025-02-16,0.7708,0.8114,0.7559,0.7786,81404301.0,2025-02-16 23:59:59.999,63692038.3471
2025-02-17,0.7786,0.8116,0.7369,0.7577,110523501.0,2025-02-17 23:59:59.999,85883423.2615
2025-02-18,0.7578,0.7783,0.7064,0.7297,92910282.0,2025-02-18 23:59:59.999,68485694.152
2025-02-19,0.7297,0.7485,0.7113,0.7227,78536016.0,2025-02-19 23:59:59.999,57330404.388
2025-02-20,0.7229,0.7888,0.7188,0.7746,98830511.0,2025-02-20 23:59:59.999,74173550.8098
2025-02-21,0.7745,0.824,0.74,0.7529,124449352.0,2025-02-21 23:59:59.999,97228773.657
2025-02-22,0.7529,0.8053,0.7449,0.7877,85078027.0,2025-02-22 23:59:59.999,66880982.0884
2025-02-23,0.7876,0.7896,0.7446,0.7567,76642264.0,2025-02-23 23:59:59.999,58626407.7635
2025-02-24,0.7566,0.7775,0.6515,0.6674,142136537.0,2025-02-24 23:59:59.999,103225775.9516
2025-02-25,0.6673,0.6762,0.6169,0.6633,208707548.0,2025-02-25 23:59:59.999,135147137.5643
2025-02-26,0.6633,0.6822,0.6289,0.6605,153435846.0,2025-02-26 23:59:59.999,100825455.6454
2025-02-27,0.6606,0.6752,0.6265,0.6557,122234593.0,2025-02-27 23:59:59.999,80267716.5811
2025-02-28,0.6557,0.6589,0.5979,0.6531,138966054.0,2025-02-28 23:59:59.999,87059614.4902
2025-03-01,0.6532,0.6612,0.6232,0.6397,79206823.0,2025-03-01 23:59:59.999,50694939.4354
2025-03-02,0.6398,0.7763,0.6363,0.7474,141706997.0,2025-03-02 23:59:59.999,98323168.4157
2025-03-03,0.7473,0.7514,0.6046,0.6167,148014725.0,2025-03-03 23:59:59.999,100872791.0164
2025-03-04,0.6167,0.6194,0.5499,0.5863,225958117.0,2025-03-04 23:59:59.999,132318689.3706
2025-03-05,0.5862,0.6196,0.5791,0.6185,112032975.0,2025-03-05 23:59:59.999,67217952.4596
2025-03-06,0.6186,0.6596,0.6117,0.6296,138400971.0,2025-03-06 23:59:59.999,87863128.4919
2025-03-07,0.6296,0.6381,0.5766,0.583,160033168.0,2025-03-07 23:59:59.999,96924097.7355
2025-03-08,0.583,0.6282,0.5713,0.6017,139125311.0,2025-03-08 23:59:59.999,82958255.9784
2025-03-09,0.6017,0.6032,0.5,0.5271,243833750.0,2025-03-09 23:59:59.999,132067915.0024
2025-03-10,0.5273,0.5583,0.4607,0.4614,231091714.0,2025-03-10 23:59:59.999,118416415.0308
2025-03-11,0.4615,0.497,0.4207,0.4812,303026097.0,2025-03-11 23:59:59.999,139122169.3152
2025-03-12,0.4812,0.5213,0.4607,0.5024,185855245.0,2025-03-12 23:59:59.999,90577618.4989
2025-03-13,0.5024,0.5136,0.4738,0.4968,153375714.0,2025-03-13 23:59:59.999,75724380.3479
2025-03-14,0.4968,0.5236,0.4935,0.5174,125110410.0,2025-03-14 23:59:59.999,63750357.0694
2025-03-15,0.5174,0.5329,0.5046,0.5249,112877670.0,2025-03-15 23:59:59.999,58581615.3132
2025-03-16,0.525,0.544,0.5003,0.5061,120903851.0,2025-03-16 23:59:59.999,62791288.9963
2025-03-17,0.5061,0.5361,0.5051,0.5229,77042501.0,2025-03-17 23:59:59.999,40010262.3735
2025-03-18,0.523,0.5243,0.4903,0.5137,80553980.0,2025-03-18 23:59:59.999,40651352.6862
2025-03-19,0.5137,0.5497,0.5106,0.549,93287792.0,2025-03-19 23:59:59.999,49688572.193
2025-03-20,0.5488,0.5525,0.5173,0.523,71845811.0,2025-03-20 23:59:59.999,38171748.5623
2025-03-21,0.5229,0.5335,0.4975,0.5015,79695090.0,2025-03-21 23:59:59.999,40757115.7334
2025-03-22,0.5014,0.525,0.5007,0.5132,71378218.0,2025-03-22 23:59:59.999,36642827.6241
2025-03-23,0.5131,0.5223,0.5034,0.5194,67442313.0,2025-03-23 23:59:59.999,34680742.6261
2025-03-24,0.5195,0.5574,0.5114,0.5522,104223559.0,2025-03-24 23:59:59.999,56502939.7712
2025-03-25,0.5522,0.5702,0.5442,0.5655,79078561.0,2025-03-25 23:59:59.999,44246490.0047
2025-03-26,0.5656,0.5835,0.5414,0.5512,90221459.0,2025-03-26 23:59:59.999,50625017.5027
2025-03-27,0.5512,0.5649,0.5347,0.5486,74854323.0,2025-03-27 23:59:59.999,41167398.22
2025-03-28,0.5486,0.5546,0.4995,0.5091,100074689.0,2025-03-28 23:59:59.999,51681549.9112
2025-03-29,0.509,0.5127,0.4625,0.4699,83718596.0,2025-03-29 23:59:59.999,40486144.426
2025-03-30,0.4699,0.4817,0.46,0.4683,62154650.0,2025-03-30 23:59:59.999,29386573.3776
2025-03-31,0.4684,0.4737,0.4431,0.4535,105380212.0,2025-03-31 23:59:59.999,48258743.4528
2025-04-01,0.4535,0.4884,0.4532,0.4687,127239435.0,2025-04-01 23:59:59.999,60178067.1585
2025-04-02,0.4688,0.4789,0.4245,0.4302,142011627.0,2025-04-02 23:59:59.999,64454195.4483
2025-04-03,0.4302,0.4519,0.4103,0.4351,113564677.0,2025-04-03 23:59:59.999,48803343.558
2025-04-04,0.4351,0.4477,0.4207,0.4437,113076924.0,2025-04-04 23:59:59.999,49221927.6007
2025-04-05,0.4436,0.4487,0.426,0.4331,59006842.0,2025-04-05 23:59:59.999,25643652.321
2025-04-06,0.4332,0.4334,0.376,0.3842,150823613.0,2025-04-06 23:59:59.999,60431847.1962
2025-04-07,0.3843,0.4055,0.3443,0.3918,319697463.0,2025-04-07 23:59:59.999,119162219.1489
2025-04-08,0.3917,0.4038,0.3758,0.3791,127796206.0,2025-04-08 23:59:59.999,49784464.7926
2025-04-09,0.3791,0.4454,0.3621,0.4443,180025464.0,2025-04-09 23:59:59.999,71807316.2999
2025-04-10,0.4442,0.4448,0.4061,0.4199,124127560.0,2025-04-10 23:59:59.999,52546475.7812
2025-04-11,0.4198,0.4527,0.4184,0.4467,93894195.0,2025-04-11 23:59:59.999,41168089.4671
2025-04-12,0.4467,0.4905,0.4428,0.4852,96605152.0,2025-04-12 23:59:59.999,45335925.2778
2025-04-13,0.4852,0.5393,0.474,0.4953,243115205.0,2025-04-13 23:59:59.999,123153224.9781
2025-04-14,0.4954,0.5146,0.4809,0.4857,169604346.0,2025-04-14 23:59:59.999,84061398.4849
2025-04-15,0.4856,0.491,0.4532,0.4594,139368148.0,2025-04-15 23:59:59.999,65739510.0298
2025-04-16,0.4594,0.4683,0.4431,0.4582,110434433.0,2025-04-16 23:59:59.999,50634343.093
2025-04-17,0.4581,0.5064,0.4565,0.497,124157772.0,2025-04-17 23:59:59.999,59905449.7616
2025-04-18,0.4969,0.5197,0.4906,0.5042,130360369.0,2025-04-18 23:59:59.999,66062900.7333
2025-04-19,0.5042,0.5713,0.5036,0.5562,163369937.0,2025-04-19 23:59:59.999,88692446.3118
2025-04-20,0.5562,0.6222,0.5519,0.6018,253310749.0,2025-04-20 23:59:59.999,149710057.9733
2025-04-21,0.6018,0.6543,0.585,0.6054,281862774.0,2025-04-21 23:59:59.999,173475026.7444
2025-04-22,0.6054,0.6395,0.5785,0.6391,218904902.0,2025-04-22 23:59:59.999,131940476.0333
2025-04-23,0.6392,0.6468,0.6051,0.6222,173393011.0,2025-04-23 23:59:59.999,108734985.1661
2025-04-24,0.6222,0.7193,0.6063,0.7144,271361411.0,2025-04-24 23:59:59.999,181359639.7517
2025-04-25,0.7144,0.7535,0.6708,0.7507,198815824.0,2025-04-25 23:59:59.999,139379305.0769
2025-04-26,0.7507,0.8057,0.7379,0.7795,201323797.0,2025-04-26 23:59:59.999,155335586.2636
2025-04-27,0.7796,0.7983,0.7102,0.7122,168105773.0,2025-04-27 23:59:59.999,127367750.0296
2025-04-28,0.7122,0.739,0.6862,0.7166,180760409.0,2025-04-28 23:59:59.999,129629891.0817
2025-04-29,0.7166,0.7444,0.6868,0.7025,123868095.0,2025-04-29 23:59:59.999,88821385.8477
2025-04-30,0.7025,0.7418,0.6789,0.7374,141541437.0,2025-04-30 23:59:59.999,101173295.8706
2025-05-01,0.7374,0.788,0.7272,0.7304,140371907.0,2025-05-01 23:59:59.999,106338533.7931
2025-05-02,0.7304,0.7399,0.701,0.7099,100639859.0,2025-05-02 23:59:59.999,72209287.2584
2025-05-03,0.7099,0.714,0.6715,0.6833,83129610.0,2025-05-03 23:59:59.999,57596430.9755
2025-05-04,0.6833,0.6961,0.6469,0.6574,92557880.0,2025-05-04 23:59:59.999,62308406.7273
2025-05-05,0.6575,0.6785,0.6423,0.6628,109462112.0,2025-05-05 23:59:59.999,72130930.4625
2025-05-06,0.6628,0.69,0.632,0.6804,132408906.0,2025-05-06 23:59:59.999,86790608.9657
2025-05-07,0.6804,0.7146,0.6556,0.6746,129336374.0,2025-05-07 23:59:59.999,88461409.5023
2025-05-08,0.6745,0.7926,0.6745,0.7792,175600022.0,2025-05-08 23:59:59.999,129672470.4084
2025-05-09,0.7791,0.8789,0.7591,0.8281,202663386.0,2025-05-09 23:59:59.999,168047152.6325
2025-05-10,0.828,0.9075,0.8232,0.9072,159993264.0,2025-05-10 23:59:59.999,137638899.9324
2025-05-11,0.9071,0.9088,0.8305,0.8513,125161282.0,2025-05-11 23:59:59.999,108175747.2102
2025-05-12,0.8513,0.9142,0.7966,0.8306,167537253.0,2025-05-12 23:59:59.999,143976925.3549
2025-05-13,0.8306,0.9057,0.7899,0.8916,159507727.0,2025-05-13 23:59:59.999,133881321.4781
2025-05-14,0.8916,0.8941,0.8201,0.8297,127039904.0,2025-05-14 23:59:59.999,108143194.4376
2025-05-15,0.8297,0.8393,0.7501,0.7809,197798075.0,2025-05-15 23:59:59.999,155801433.6569
2025-05-16,0.7808,0.8079,0.7535,0.764,100781055.0,2025-05-16 23:59:59.999,79188762.3396
2025-05-17,0.7641,0.7674,0.734,0.7456,104027418.0,2025-05-17 23:59:59.999,78024524.0238
2025-05-18,0.7457,0.7999,0.7183,0.7782,137066238.0,2025-05-18 23:59:59.999,104119234.1073
2025-05-19,0.7782,0.7838,0.7043,0.7359,124223045.0,2025-05-19 23:59:59.999,90848066.5449
2025-05-20,0.7362,0.758,0.7104,0.7527,123087837.0,2025-05-20 23:59:59.999,90294734.1142
2025-05-21,0.7528,0.831,0.7416,0.8046,203779949.0,2025-05-21 23:59:59.999,160434825.9619
2025-05-22,0.8049,0.9109,0.8039,0.8841,203573111.0,2025-05-22 23:59:59.999,174083766.3973
2025-05-23,0.8841,0.9898,0.841,0.8466,384031686.0,2025-05-23 23:59:59.999,353144071.8891
2025-05-24,0.8467,0.8766,0.8361,0.853,134557966.0,2025-05-24 23:59:59.999,115521606.882
2025-05-25,0.8531,0.8676,0.7941,0.8478,145650169.0,2025-05-25 23:59:59.999,120014234.7523
2025-05-26,0.8478,0.9377,0.8363,0.869,221685699.0,2025-05-26 23:59:59.999,198758421.4112
2025-05-27,0.8691,0.9309,0.847,0.8902,164738482.0,2025-05-27 23:59:59.999,147466456.1794
2025-05-28,0.8901,0.9249,0.857,0.9141,174500976.0,2025-05-28 23:59:59.999,154896757.3548
2025-05-29,0.9142,0.9313,0.8466,0.8527,123049624.0,2025-05-29 23:59:59.999,109345555.7083
2025-05-30,0.8526,0.8563,0.7384,0.7456,180240113.0,2025-05-30 23:59:59.999,145243558.4317
2025-05-31,0.7456,0.7722,0.7103,0.7547,128205770.0,2025-05-31 23:59:59.999,94494266.6694
2025-06-01,0.7547,0.774,0.7209,0.7611,95085645.0,2025-06-01 23:59:59.999,70997717.7343
2025-06-02,0.7611,0.7866,0.7229,0.782,125707255.0,2025-06-02 23:59:59.999,94278502.4589
2025-06-03,0.782,0.8459,0.7718,0.8214,152208175.0,2025-06-03 23:59:59.999,123109840.6957
2025-06-04,0.8215,0.842,0.7839,0.7961,116771271.0,2025-06-04 23:59:59.999,95103230.3115
2025-06-05,0.7962,0.817,0.7126,0.722,166180391.0,2025-06-05 23:59:59.999,126928975.7715
2025-06-06,0.7221,0.7572,0.7083,0.7185,123493471.0,2025-06-06 23:59:59.999,90392409.5276
2025-06-07,0.7185,0.7767,0.7167,0.7697,89504371.0,2025-06-07 23:59:59.999,67837735.5277
2025-06-08,0.7697,0.7759,0.7357,0.7421,86260186.0,2025-06-08 23:59:59.999,65141705.114
2025-06-09,0.742,0.8059,0.7299,0.7944,146800272.0,2025-06-09 23:59:59.999,113438603.2037
2025-06-10,0.7944,0.8241,0.7759,0.8169,130709856.0,2025-06-10 23:59:59.999,104630050.7366
2025-06-11,0.817,0.8363,0.7655,0.7756,202214774.0,2025-06-11 23:59:59.999,161951003.9433
2025-06-12,0.7757,0.7768,0.7142,0.7173,165828919.0,2025-06-12 23:59:59.999,122793876.6487
2025-06-13,0.7173,0.7179,0.6451,0.6763,218040612.0,2025-06-13 23:59:59.999,145083142.8676
2025-06-14,0.6763,0.6803,0.649,0.6654,96305169.0,2025-06-14 23:59:59.999,64123389.956
2025-06-15,0.6654,0.7036,0.6652,0.6975,105322309.0,2025-06-15 23:59:59.999,71865112.5789
2025-06-16,0.6974,0.7405,0.6883,0.6934,123716415.0,2025-06-16 23:59:59.999,88924709.6298
2025-06-17,0.6933,0.6954,0.6402,0.6532,168785334.0,2025-06-17 23:59:59.999,113370991.746
2025-06-18,0.6533,0.6776,0.6333,0.672,119994780.0,2025-06-18 23:59:59.999,78598797.4953
2025-06-19,0.672,0.7044,0.6641,0.6776,166376345.0,2025-06-19 23:59:59.999,113765857.1479
2025-06-20,0.6777,0.6994,0.6318,0.6469,139057489.0,2025-06-20 23:59:59.999,92870321.4574
2025-06-21,0.647,0.6596,0.5924,0.6089,108278782.0,2025-06-21 23:59:59.999,67947404.5796
2025-06-22,0.6088,0.6217,0.5481,0.583,197009231.0,2025-06-22 23:59:59.999,114605640.7064
2025-06-23,0.5831,0.6916,0.5756,0.6856,186715993.0,2025-06-23 23:59:59.999,114851875.5306
2025-06-24,0.6857,0.7172,0.6584,0.6777,174513323.0,2025-06-24 23:59:59.999,119237488.5972
2025-06-25,0.6778,0.6836,0.6518,0.6573,98889681.0,2025-06-25 23:59:59.999,66064970.3317
2025-06-26,0.6574,0.6829,0.642,0.6636,112328270.0,2025-06-26 23:59:59.999,73962821.758
2025-06-27,0.6635,0.6838,0.6484,0.6722,123022251.0,2025-06-27 23:59:59.999,82032545.5361
2025-06-28,0.6723,0.691,0.6611,0.6852,58647536.0,2025-06-28 23:59:59.999,39446579.5327
2025-06-29,0.6853,0.7216,0.6731,0.7111,89937020.0,2025-06-29 23:59:59.999,62269770.7793
2025-06-30,0.7112,0.7142,0.6626,0.6769,107064238.0,2025-06-30 23:59:59.999,73385674.1069
2025-07-01,0.6769,0.6846,0.653,0.6661,97008908.0,2025-07-01 23:59:59.999,64548832.4972
2025-07-02,0.6661,0.7253,0.6534,0.7118,123876395.0,2025-07-02 23:59:59.999,86334265.1019
2025-07-03,0.7118,0.7478,0.6994,0.7235,129994024.0,2025-07-03 23:59:59.999,94067187.51
2025-07-04,0.7234,0.7306,0.6653,0.6737,103839972.0,2025-07-04 23:59:59.999,71556157.3517
2025-07-05,0.6737,0.677,0.6522,0.6616,77723505.0,2025-07-05 23:59:59.999,51817915.5942
2025-07-06,0.6617,0.6959,0.6461,0.6808,93221072.0,2025-07-06 23:59:59.999,62172806.8941
2025-07-07,0.6808,0.6886,0.657,0.6704,84003331.0,2025-07-07 23:59:59.999,56363377.884
2025-07-08,0.6705,0.6864,0.6609,0.6742,83552981.0,2025-07-08 23:59:59.999,56112537.0839
2025-07-09,0.6742,0.7146,0.6625,0.7041,106188581.0,2025-07-09 23:59:59.999,72844212.7394
2025-07-10,0.7042,0.7542,0.6901,0.7464,149520663.0,2025-07-10 23:59:59.999,106637319.4655
2025-07-11,0.7463,0.7732,0.7032,0.7152,215928748.0,2025-07-11 23:59:59.999,160217313.5967
2025-07-12,0.7153,0.7268,0.6685,0.688,136907422.0,2025-07-12 23:59:59.999,95228546.7005
2025-07-13,0.688,0.7408,0.685,0.7317,132058250.0,2025-07-13 23:59:59.999,94623708.0489
2025-07-14,0.7318,0.7561,0.7021,0.7103,172424512.0,2025-07-14 23:59:59.999,126184293.2808
2025-07-15,0.7103,0.7556,0.6772,0.7501,235253201.0,2025-07-15 23:59:59.999,166929740.7761
2025-07-16,0.7502,0.7905,0.7302,0.7773,205689709.0,2025-07-16 23:59:59.999,157055854.9199
2025-07-17,0.7773,0.7881,0.7464,0.7689,188268585.0,2025-07-17 23:59:59.999,144467420.8728
2025-07-18,0.769,0.8375,0.7396,0.7586,236466499.0,2025-07-18 23:59:59.999,186986509.8422
2025-07-19,0.7587,0.7976,0.7387,0.7823,115309614.0,2025-07-19 23:59:59.999,88322144.5681
2025-07-20,0.7824,0.8188,0.7746,0.8016,135766643.0,2025-07-20 23:59:59.999,108669660.1579
2025-07-21,0.8016,0.885,0.7818,0.8421,203515589.0,2025-07-21 23:59:59.999,170485513.8999
2025-07-22,0.8421,0.856,0.7747,0.824,235661034.0,2025-07-22 23:59:59.999,189887693.4685
2025-07-23,0.8241,0.8247,0.7193,0.7471,221256532.0,2025-07-23 23:59:59.999,168138403.9202
2025-07-24,0.7472,0.7755,0.7095,0.722,191929795.0,2025-07-24 23:59:59.999,142274560.6632
2025-07-25,0.722,0.7405,0.7019,0.7399,142775713.0,2025-07-25 23:59:59.999,103126846.4729
2025-07-26,0.7399,0.7416,0.7279,0.7314,71695859.0,2025-07-26 23:59:59.999,52719304.2345
2025-07-27,0.7314,0.7591,0.7258,0.7558,87189833.0,2025-07-27 23:59:59.999,64439057.9996
2025-07-28,0.7558,0.7864,0.7027,0.7156,190128430.0,2025-07-28 23:59:59.999,141358585.2452
2025-07-29,0.7156,0.7303,0.688,0.7081,153283241.0,2025-07-29 23:59:59.999,109080822.4237
2025-07-30,0.7081,0.7157,0.6557,0.6865,154838565.0,2025-07-30 23:59:59.999,105984929.5218
2025-07-31,0.6864,0.7076,0.6631,0.6693,99824685.0,2025-07-31 23:59:59.999,68663502.7946
2025-08-01,0.6693,0.6739,0.62,0.6367,168549188.0,2025-08-01 23:59:59.999,109455218.3075
2025-08-02,0.6367,0.6439,0.6025,0.6152,98596278.0,2025-08-02 23:59:59.999,61355849.7014
2025-08-03,0.6152,0.6386,0.6065,0.6345,55616320.0,2025-08-03 23:59:59.999,34900978.1547
2025-08-04,0.6344,0.669,0.6336,0.6662,78972215.0,2025-08-04 23:59:59.999,51448702.5414
2025-08-05,0.6663,0.667,0.6286,0.6462,97444457.0,2025-08-05 23:59:59.999,63343401.3252
2025-08-06,0.6461,0.6566,0.6285,0.6488,72950527.0,2025-08-06 23:59:59.999,46935954.5476
2025-08-07,0.6489,0.6908,0.6459,0.688,101127560.0,2025-08-07 23:59:59.999,68062957.752
2025-08-08,0.6881,0.7101,0.6798,0.7038,85713509.0,2025-08-08 23:59:59.999,59407661.3959
2025-08-09,0.7039,0.7275,0.7,0.7184,82660900.0,2025-08-09 23:59:59.999,58998969.8178
2025-08-10,0.7185,0.7297,0.6929,0.7157,83055768.0,2025-08-10 23:59:59.999,59062171.6863
2025-08-11,0.7158,0.7443,0.6781,0.6865,115976840.0,2025-08-11 23:59:59.999,82434021.4482
2025-08-12,0.6865,0.7329,0.6765,0.7239,102348028.0,2025-08-12 23:59:59.999,72408569.0554
2025-08-13,0.724,0.7646,0.7156,0.7516,124759368.0,2025-08-13 23:59:59.999,92224129.1648
2025-08-14,0.7517,0.7694,0.6848,0.7057,166674049.0,2025-08-14 23:59:59.999,120385332.085
2025-08-15,0.7057,0.7186,0.676,0.6989,107902697.0,2025-08-15 23:59:59.999,75466557.7847
2025-08-16,0.6988,0.7106,0.6905,0.7056,55437535.0,2025-08-16 23:59:59.999,38923771.5464
2025-08-17,0.7056,0.7333,0.7003,0.7012,77711493.0,2025-08-17 23:59:59.999,55533855.8709
2025-08-18,0.7011,0.7025,0.6678,0.6785,104979265.0,2025-08-18 23:59:59.999,71614576.2168
2025-08-19,0.6785,0.6881,0.6591,0.6619,97894795.0,2025-08-19 23:59:59.999,65734399.191
2025-08-20,0.662,0.6888,0.6523,0.6848,80069915.0,2025-08-20 23:59:59.999,53773094.0312
2025-08-21,0.6848,0.6865,0.6615,0.6636,64847033.0,2025-08-21 23:59:59.999,43494848.1058
2025-08-22,0.6636,0.7126,0.6372,0.7019,192265144.0,2025-08-22 23:59:59.999,130821517.0387
2025-08-23,0.702,0.7028,0.6742,0.6909,74484774.0,2025-08-23 23:59:59.999,51124045.0325
2025-08-24,0.6909,0.7026,0.6644,0.6796,117582471.0,2025-08-24 23:59:59.999,79942818.2478
2025-08-25,0.6795,0.6853,0.6134,0.6226,129232591.0,2025-08-25 23:59:59.999,83420480.3487
2025-08-26,0.6227,0.6497,0.6191,0.6462,80889114.0,2025-08-26 23:59:59.999,51340568.2562
2025-08-27,0.6462,0.651,0.6325,0.6376,87459714.0,2025-08-27 23:59:59.999,56170338.6804
2025-08-28,0.6375,0.6579,0.6349,0.6499,66842981.0,2025-08-28 23:59:59.999,43187707.9509
2025-08-29,0.65,0.6528,0.6085,0.6176,94165997.0,2025-08-29 23:59:59.999,58789158.7354
2025-08-30,0.6177,0.6269,0.6063,0.6241,43069185.0,2025-08-30 23:59:59.999,26713728.945
2025-08-31,0.6242,0.6347,0.6123,0.6125,45821497.0,2025-08-31 23:59:59.999,28646213.4965
2025-09-01,0.6125,0.6226,0.5771,0.5906,93581720.0,2025-09-01 23:59:59.999,56139694.7264
2025-09-02,0.5907,0.6178,0.5865,0.6165,78103197.0,2025-09-02 23:59:59.999,47006212.4079
2025-09-03,0.6165,0.6283,0.613,0.6197,52610281.0,2025-09-03 23:59:59.999,32638437.1704
2025-09-04,0.6198,0.6227,0.5891,0.593,56390982.0,2025-09-04 23:59:59.999,33951534.6393
2025-09-05,0.5929,0.6212,0.5928,0.6103,70901721.0,2025-09-05 23:59:59.999,43130461.6942
2025-09-06,0.6103,0.6142,0.5972,0.6036,37652044.0,2025-09-06 23:59:59.999,22727258.589
2025-09-07,0.6037,0.6363,0.6027,0.6251,64954092.0,2025-09-07 23:59:59.999,40493571.7967
2025-09-08,0.6251,0.6611,0.6238,0.6492,129496579.0,2025-09-08 23:59:59.999,83734430.8975
2025-09-09,0.6491,0.6843,0.6388,0.645,163621165.0,2025-09-09 23:59:59.999,107901313.7975
2025-09-10,0.645,0.6628,0.6378,0.6569,97188822.0,2025-09-10 23:59:59.999,63259133.7262
2025-09-11,0.6568,0.6718,0.6505,0.67,74478518.0,2025-09-11 23:59:59.999,49228613.7019
2025-09-12,0.67,0.6843,0.6592,0.682,70575315.0,2025-09-12 23:59:59.999,47438318.7169
2025-09-13,0.6819,0.6983,0.6743,0.6871,68373309.0,2025-09-13 23:59:59.999,46935933.0059
2025-09-14,0.6871,0.6886,0.6512,0.6591,66041719.0,2025-09-14 23:59:59.999,43996370.4138
2025-09-15,0.6592,0.6713,0.6284,0.639,92770784.0,2025-09-15 23:59:59.999,59679404.9584
2025-09-16,0.6391,0.6499,0.6265,0.6434,63425350.0,2025-09-16 23:59:59.999,40708964.1732
2025-09-17,0.6434,0.6732,0.6284,0.6675,100302073.0,2025-09-17 23:59:59.999,64640188.5125
2025-09-18,0.6675,0.68,0.6619,0.6727,72547155.0,2025-09-18 23:59:59.999,48725250.2596
2025-09-19,0.6727,0.6844,0.6404,0.645,102504594.0,2025-09-19 23:59:59.999,68014678.442
2025-09-20,0.6451,0.6558,0.6384,0.6424,51475659.0,2025-09-20 23:59:59.999,33216357.2038
2025-09-21,0.6424,0.6488,0.6331,0.6341,53253926.0,2025-09-21 23:59:59.999,34103283.049
2025-09-22,0.6339,0.6378,0.5628,0.5989,152063315.0,2025-09-22 23:59:59.999,90603393.7519
2025-09-23,0.5989,0.605,0.5836,0.5856,83038536.0,2025-09-23 23:59:59.999,49354541.0938
2025-09-24,0.5856,0.6029,0.5749,0.5914,63513610.0,2025-09-24 23:59:59.999,37597172.3096
2025-09-25,0.5914,0.5939,0.5529,0.5595,135627574.0,2025-09-25 23:59:59.999,77773707.6095
2025-09-26,0.5596,0.585,0.5554,0.5822,82491549.0,2025-09-26 23:59:59.999,46927156.9449
2025-09-27,0.5823,0.5823,0.571,0.5725,40775370.0,2025-09-27 23:59:59.999,23487575.2682
2025-09-28,0.5726,0.5833,0.5591,0.5803,49074573.0,2025-09-28 23:59:59.999,27951931.4232
2025-09-29,0.5804,0.5817,0.5611,0.5739,70877899.0,2025-09-29 23:59:59.999,40577959.1014
2025-09-30,0.574,0.5772,0.5002,0.5444,103799649.0,2025-09-30 23:59:59.999,57515732.4886
2025-10-01,0.5444,0.5958,0.5227,0.5936,181698858.0,2025-10-01 23:59:59.999,101879059.5946
2025-10-02,0.5937,0.6136,0.5798,0.6073,107647666.0,2025-10-02 23:59:59.999,64199906.6807
2025-10-03,0.6073,0.6141,0.5873,0.5989,81868162.0,2025-10-03 23:59:59.999,48980940.1537
2025-10-04,0.599,0.6023,0.5746,0.5878,56793365.0,2025-10-04 23:59:59.999,33214565.4726
2025-10-05,0.5879,0.6168,0.5776,0.5781,91666342.0,2025-10-05 23:59:59.999,54616648.7498
2025-10-06,0.5782,0.5987,0.5725,0.5845,97615621.0,2025-10-06 23:59:59.999,57079482.9212
2025-10-07,0.5846,0.5883,0.555,0.5573,120557947.0,2025-10-07 23:59:59.999,68699034.0671
2025-10-08,0.5573,0.5634,0.5465,0.5547,92903954.0,2025-10-08 23:59:59.999,51530192.8371
2025-10-09,0.5548,0.5562,0.487,0.4912,210269794.0,2025-10-09 23:59:59.999,108385465.8628
2025-10-10,0.4911,0.5018,0.1152,0.3461,554092310.0,2025-10-10 23:59:59.999,213126961.4564
2025-10-11,0.3461,0.4285,0.3438,0.3655,370642753.0,2025-10-11 23:59:59.999,144051414.6718
2025-10-12,0.3656,0.405,0.3553,0.3786,271947031.0,2025-10-12 23:59:59.999,103138351.5915
2025-10-13,0.3786,0.3878,0.3616,0.3691,366049023.0,2025-10-13 23:59:59.999,136704110.247
2025-10-14,0.3692,0.3705,0.3053,0.3144,508818803.0,2025-10-14 23:59:59.999,169705727.8727
2025-10-15,0.3144,0.3247,0.2867,0.2904,395105831.0,2025-10-15 23:59:59.999,121306483.7026
2025-10-16,0.2904,0.2991,0.2688,0.2734,341460796.0,2025-10-16 23:59:59.999,97543166.2715
2025-10-17,0.2734,0.2783,0.253,0.2684,275679181.0,2025-10-17 23:59:59.999,73677662.7175
2025-10-18,0.2684,0.2727,0.2516,0.2607,189285312.0,2025-10-18 23:59:59.999,49436241.7906
2025-10-19,0.2606,0.3075,0.2545,0.2897,416159701.0,2025-10-19 23:59:59.999,117887586.8368
2025-10-20,0.2898,0.3004,0.2684,0.2691,338993781.0,2025-10-20 23:59:59.999,96803930.2148
2025-10-21,0.2692,0.2722,0.2432,0.2439,386594172.0,2025-10-21 23:59:59.999,100579449.8305
2025-10-22,0.2439,0.249,0.2236,0.2362,335327381.0,2025-10-22 23:59:59.999,80404208.2184
2025-10-23,0.2362,0.2576,0.2332,0.2515,270956561.0,2025-10-23 23:59:59.999,66663680.8833
2025-10-24,0.2514,0.2724,0.2508,0.2654,256740802.0,2025-10-24 23:59:59.999,67467581.1526
2025-10-25,0.2653,0.2661,0.2541,0.2592,120879074.0,2025-10-25 23:59:59.999,31389460.0674
2025-10-26,0.2592,0.2799,0.2551,0.279,170138227.0,2025-10-26 23:59:59.999,45996020.141
2025-10-27,0.2789,0.2818,0.2622,0.2641,176416154.0,2025-10-27 23:59:59.999,47957550.5936
2025-10-28,0.2641,0.2763,0.2508,0.2573,221622990.0,2025-10-28 23:59:59.999,58481951.7827
2025-10-29,0.2572,0.2733,0.2552,0.2619,197443020.0,2025-10-29 23:59:59.999,51832217.9092
2025-10-30,0.2618,0.2679,0.2303,0.2402,243176807.0,2025-10-30 23:59:59.999,59994977.6572
2025-10-31,0.2401,0.244,0.2312,0.2361,163426265.0,2025-10-31 23:59:59.999,38980172.0878
2025-11-01,0.2361,0.262,0.232,0.2589,194237756.0,2025-11-01 23:59:59.999,48175843.7384
2025-11-02,0.2589,0.2739,0.2368,0.2459,292700230.0,2025-11-02 23:59:59.999,74193242.099
2025-11-03,0.2458,0.246,0.2005,0.2088,406635554.0,2025-11-03 23:59:59.999,89186483.2023
2025-11-04,0.2088,0.2159,0.1939,0.2114,463568373.0,2025-11-04 23:59:59.999,95432152.6984
2025-11-05,0.2114,0.2262,0.2012,0.2238,257066175.0,2025-11-05 23:59:59.999,55237654.7934
2025-11-06,0.2238,0.2334,0.2105,0.2313,252692580.0,2025-11-06 23:59:59.999,55618738.0968
2025-11-07,0.2313,0.4598,0.2304,0.3655,1716877549.0,2025-11-07 23:59:59.999,570584039.3775
2025-11-08,0.3655,0.4092,0.3218,0.3405,947431236.0,2025-11-08 23:59:59.999,342890738.6563
2025-11-09,0.3405,0.3587,0.2841,0.3489,615079911.0,2025-11-09 23:59:59.999,196393390.3091
2025-11-10,0.3489,0.3747,0.3232,0.3506,491987999.0,2025-11-10 23:59:59.999,170408932.3188
2025-11-11,0.3506,0.3896,0.3283,0.3296,521167186.0,2025-11-11 23:59:59.999,187864970.2512
2025-11-12,0.3297,0.36,0.3088,0.3117,336501188.0,2025-11-12 23:59:59.999,111351950.6385
2025-11-13,0.3118,0.3214,0.2783,0.2901,341181641.0,2025-11-13 23:59:59.999,102866751.2354
2025-11-14,0.29,0.2913,0.2649,0.2706,280005446.0,2025-11-14 23:59:59.999,78277216.7481
2025-11-15,0.2707,0.3034,0.27,0.2858,266119841.0,2025-11-15 23:59:59.999,77074048.589
2025-11-16,0.2858,0.2947,0.2642,0.2735,221524189.0,2025-11-16 23:59:59.999,61603944.0545
2025-11-17,0.2735,0.2857,0.2613,0.2683,278724198.0,2025-11-17 23:59:59.999,76516958.214
2025-11-18,0.2683,0.3239,0.2637,0.3002,446071917.0,2025-11-18 23:59:59.999,131335699.2964
2025-11-19,0.3003,0.3369,0.2792,0.33,527665479.0,2025-11-19 23:59:59.999,159567065.024
2025-11-20,0.3299,0.3419,0.3011,0.3149,529126163.0,2025-11-20 23:59:59.999,169695053.9998
2025-11-21,0.3149,0.3178,0.26,0.295,572572308.0,2025-11-21 23:59:59.999,163799490.6114
2025-11-22,0.2949,0.2993,0.2651,0.2791,240000759.0,2025-11-22 23:59:59.999,66321717.2972
2025-11-23,0.279,0.2938,0.2744,0.2752,181471024.0,2025-11-23 23:59:59.999,51857125.4292
2025-11-24,0.2751,0.2886,0.2682,0.277,239370529.0,2025-11-24 23:59:59.999,66447147.847
2025-11-25,0.277,0.2831,0.2618,0.2796,260160237.0,2025-11-25 23:59:59.999,70734869.3902
2025-11-26,0.2797,0.2821,0.251,0.267,300889607.0,2025-11-26 23:59:59.999,80008271.9383
2025-11-27,0.2669,0.2712,0.2604,0.2624,189071619.0,2025-11-27 23:59:59.999,50411226.2733
2025-11-28,0.2624,0.2803,0.2572,0.2668,311013904.0,2025-11-28 23:59:59.999,83645670.4545
2025-11-29,0.2669,0.2773,0.2566,0.2594,150185414.0,2025-11-29 23:59:59.999,39852153.9036
2025-11-30,0.2593,0.2665,0.2536,0.2555,134496441.0,2025-11-30 23:59:59.999,34786355.152
2025-12-01,0.2555,0.2562,0.2247,0.2309,328017611.0,2025-12-01 23:59:59.999,76296650.7595
2025-12-02,0.2309,0.2696,0.2251,0.2556,311250523.0,2025-12-02 23:59:59.999,77504105.3667
2025-12-03,0.2555,0.2718,0.2537,0.261,237394425.0,2025-12-03 23:59:59.999,62186476.2092
2025-12-04,0.2612,0.2644,0.2451,0.2494,189195285.0,2025-12-04 23:59:59.999,48209223.3334
2025-12-05,0.2494,0.2523,0.2239,0.2342,228693116.0,2025-12-05 23:59:59.999,54273958.0694
2025-12-06,0.2342,0.2385,0.2312,0.2351,94990758.0,2025-12-06 23:59:59.999,22315119.3705
2025-12-07,0.235,0.2538,0.2236,0.2358,253759768.0,2025-12-07 23:59:59.999,60387894.0761
2025-12-08,0.2358,0.2485,0.2329,0.2402,206012318.0,2025-12-08 23:59:59.999,49363712.1818
2025-12-09,0.2401,0.2687,0.2353,0.2632,283829914.0,2025-12-09 23:59:59.999,71925854.6495
2025-12-10,0.2633,0.2717,0.2521,0.2523,235891409.0,2025-12-10 23:59:59.999,61560971.0168
2025-12-11,0.2524,0.2528,0.2327,0.2417,230861686.0,2025-12-11 23:59:59.999,55632350.7425
2025-12-12,0.2417,0.2472,0.2295,0.239,194497490.0,2025-12-12 23:59:59.999,46451755.869
2025-12-13,0.239,0.254,0.2373,0.2452,125800534.0,2025-12-13 23:59:59.999,30882511.8684
2025-12-14,0.2452,0.2464,0.2295,0.2334,126976069.0,2025-12-14 23:59:59.999,30191868.7462
2025-12-15,0.2335,0.2428,0.2164,0.2231,230664713.0,2025-12-15 23:59:59.999,52957467.1946
2025-12-16,0.2232,0.2301,0.2167,0.2206,184445728.0,2025-12-16 23:59:59.999,41104999.4437
2025-12-17,0.2206,0.224,0.2026,0.2034,247054948.0,2025-12-17 23:59:59.999,52603106.0168
2025-12-18,0.2035,0.213,0.1917,0.1952,253168512.0,2025-12-18 23:59:59.999,51229057.5954
2025-12-19,0.1952,0.2169,0.1917,0.2111,208487561.0,2025-12-19 23:59:59.999,43055696.9847
2025-12-20,0.2112,0.2143,0.2073,0.2116,86927201.0,2025-12-20 23:59:59.999,18267872.8742
2025-12-21,0.2116,0.2122,0.2005,0.2051,133245399.0,2025-12-21 23:59:59.999,27398563.2172
2025-12-22,0.2051,0.2129,0.2019,0.2079,176861703.0,2025-12-22 23:59:59.999,36757570.0203
2025-12-23,0.2079,0.2152,0.2016,0.2102,171152694.0,2025-12-23 23:59:59.999,35578032.9382
2025-12-24,0.2102,0.2117,0.2011,0.2103,146573931.0,2025-12-24 23:59:59.999,30217509.3398
2025-12-25,0.2103,0.2138,0.201,0.2011,118687198.0,2025-12-25 23:59:59.999,24866166.2554
2025-12-26,0.2011,0.2123,0.2009,0.2115,149427948.0,2025-12-26 23:59:59.999,31126117.8296
2025-12-27,0.2114,0.2193,0.2097,0.2176,102294031.0,2025-12-27 23:59:59.999,21847839.0303
2025-12-28,0.2177,0.2205,0.2118,0.215,112284684.0,2025-12-28 23:59:59.999,24288835.5553
2025-12-29,0.2151,0.2225,0.208,0.2089,187614371.0,2025-12-29 23:59:59.999,40276760.101
2025-12-30,0.2088,0.2117,0.206,0.2073,112069198.0,2025-12-30 23:59:59.999,23361222.4318
2025-12-31,0.2074,0.2101,0.1981,0.1985,145186819.0,2025-12-31 23:59:59.999,29592973.8661
2026-01-01,0.1984,0.2157,0.1977,0.2132,143223369.0,2026-01-01 23:59:59.999,29489610.3096
2026-01-02,0.2132,0.2315,0.2112,0.23,205126789.0,2026-01-02 23:59:59.999,45056567.2824
2026-01-03,0.2301,0.2407,0.2254,0.2401,174295146.0,2026-01-03 23:59:59.999,40348807.0887
2026-01-04,0.2402,0.2698,0.2386,0.2652,352028379.0,2026-01-04 23:59:59.999,89524861.4702
2026-01-05,0.2652,0.2951,0.2641,0.2897,491257073.0,2026-01-05 23:59:59.999,139685763.4756
2026-01-06,0.2898,0.3144,0.2815,0.2954,420951685.0,2026-01-06 23:59:59.999,125455180.3018
2026-01-07,0.2954,0.2956,0.2731,0.2748,215738294.0,2026-01-07 23:59:59.999,61302817.9975
2026-01-08,0.2748,0.2977,0.2657,0.2852,302219421.0,2026-01-08 23:59:59.999,84392510.5736
2026-01-09,0.2851,0.2954,0.2761,0.2858,201114988.0,2026-01-09 23:59:59.999,56980353.3137
2026-01-10,0.2859,0.2861,0.2773,0.2801,93678750.0,2026-01-10 23:59:59.999,26369118.2143
2026-01-11,0.2801,0.3068,0.2786,0.2919,189641873.0,2026-01-11 23:59:59.999,55306494.8181
2026-01-12,0.2918,0.3142,0.2789,0.2807,274460964.0,2026-01-12 23:59:59.999,80587814.0418
2026-01-13,0.2807,0.3002,0.2797,0.2933,220312074.0,2026-01-13 23:59:59.999,63177316.2343
2026-01-14,0.2934,0.3023,0.2834,0.2891,234846190.0,2026-01-14 23:59:59.999,68589694.3407
2026-01-15,0.2891,0.2943,0.2699,0.2776,191542794.0,2026-01-15 23:59:59.999,53835108.1831
2026-01-16,0.2777,0.2829,0.2685,0.2793,129280824.0,2026-01-16 23:59:59.999,35767544.3038
2026-01-17,0.2793,0.2857,0.276,0.2776,86784616.0,2026-01-17 23:59:59.999,24338007.458
2026-01-18,0.2777,0.2802,0.2513,0.252,120718659.0,2026-01-18 23:59:59.999,32496166.7724
2026-01-19,0.252,0.2522,0.2131,0.2487,230324865.0,2026-01-19 23:59:59.999,55683121.4612
2026-01-20,0.2487,0.2496,0.2286,0.2319,186085774.0,2026-01-20 23:59:59.999,44492518.7087
2026-01-21,0.2318,0.2477,0.2309,0.2384,177274366.0,2026-01-21 23:59:59.999,42384384.4004
2026-01-22,0.2384,0.2451,0.2329,0.2367,118240106.0,2026-01-22 23:59:59.999,28288452.8332
2026-01-23,0.2366,0.2436,0.2305,0.2318,106495973.0,2026-01-23 23:59:59.999,25204225.4807
2026-01-24,0.2319,0.2359,0.2282,0.2306,55340229.0,2026-01-24 23:59:59.999,12844161.3199
2026-01-25,0.2306,0.2312,0.2118,0.2177,115726967.0,2026-01-25 23:59:59.999,25668746.2456
2026-01-26,0.2178,0.2256,0.2173,0.2204,93482641.0,2026-01-26 23:59:59.999,20756112.0982
2026-01-27,0.2205,0.2294,0.218,0.2282,109647175.0,2026-01-27 23:59:59.999,24383234.1578
2026-01-28,0.2282,0.2391,0.2233,0.2323,147664673.0,2026-01-28 23:59:59.999,33778152.2737
2026-01-29,0.2323,0.2334,0.2068,0.2122,196479577.0,2026-01-29 23:59:59.999,42598788.1353
2026-01-30,0.2122,0.213,0.2011,0.2064,175643767.0,2026-01-30 23:59:59.999,36406784.0221
2026-01-31,0.2064,0.2077,0.1683,0.1876,335929152.0,2026-01-31 23:59:59.999,62876961.4396
2026-02-01,0.1876,0.1921,0.1767,0.1811,165825184.0,2026-02-01 23:59:59.999,30911399.7939
2026-02-02,0.181,0.1902,0.1735,0.185,199232813.0,2026-02-02 23:59:59.999,36419461.9423
2026-02-03,0.185,0.1879,0.1714,0.1799,223564252.0,2026-02-03 23:59:59.999,40361074.3688
2026-02-04,0.1798,0.1867,0.174,0.178,141642867.0,2026-02-04 23:59:59.999,25493492.2519
2026-02-05,0.1781,0.18,0.1467,0.1479,354749388.0,2026-02-05 23:59:59.999,57149164.5239
2026-02-06,0.1479,0.1724,0.1333,0.1687,359372046.0,2026-02-06 23:59:59.999,55350922.1994
2026-02-07,0.1687,0.1713,0.1606,0.1652,181190924.0,2026-02-07 23:59:59.999,30075217.0131
2026-02-08,0.1653,0.1676,0.1604,0.1624,120832881.0,2026-02-08 23:59:59.999,19835729.768
2026-02-09,0.1624,0.1646,0.1555,0.161,118330329.0,2026-02-09 23:59:59.999,18956349.523
2026-02-10,0.161,0.1623,0.1546,0.1568,94638819.0,2026-02-10 23:59:59.999,14881331.6319
2026-02-11,0.1567,0.16,0.1502,0.1542,131553478.0,2026-02-11 23:59:59.999,20267685.3035
2026-02-12,0.1542,0.1628,0.1531,0.1593,108019956.0,2026-02-12 23:59:59.999,17004476.084
2026-02-13,0.1593,0.1687,0.1558,0.1647,108608880.0,2026-02-13 23:59:59.999,17601798.6479
2026-02-14,0.1648,0.1849,0.1648,0.1811,139792579.0,2026-02-14 23:59:59.999,24372066.4497
2026-02-15,0.1811,0.1821,0.1683,0.1734,137095197.0,2026-02-15 23:59:59.999,23912944.7302
2026-02-16,0.1735,0.1758,0.169,0.173,94122501.0,2026-02-16 23:59:59.999,16203059.6906
2026-02-17,0.1729,0.1741,0.1675,0.1708,74481295.0,2026-02-17 23:59:59.999,12755815.6048
2026-02-18,0.1709,0.1739,0.1631,0.1638,89724258.0,2026-02-18 23:59:59.999,15171394.625
2026-02-19,0.1639,0.167,0.158,0.1628,94058089.0,2026-02-19 23:59:59.999,15252901.7331
2026-02-20,0.1627,0.1703,0.16,0.1678,116033136.0,2026-02-20 23:59:59.999,19209139.7226
2026-02-21,0.1678,0.1702,0.1646,0.1646,60275551.0,2026-02-21 23:59:59.999,10072664.5973
2026-02-22,0.1645,0.1646,0.1572,0.1594,72730394.0,2026-02-22 23:59:59.999,11668118.5059
2026-02-23,0.1593,0.16,0.1509,0.1536,108562958.0,2026-02-23 23:59:59.999,16821546.5753
2026-02-24,0.1537,0.1567,0.147,0.1526,95551214.0,2026-02-24 23:59:59.999,14607803.3685
2026-02-25,0.1526,0.1759,0.1522,0.1676,161610405.0,2026-02-25 23:59:59.999,26478407.5053
2026-02-26,0.1676,0.1689,0.1574,0.1619,118788058.0,2026-02-26 23:59:59.999,19402410.2559
2026-02-27,0.1619,0.1669,0.1531,0.156,110804003.0,2026-02-27 23:59:59.999,17804846.8019
2026-02-28,0.156,0.1584,0.1442,0.1567,159713129.0,2026-02-28 23:59:59.999,23977388.3801
2026-03-01,0.1566,0.1621,0.1475,0.1506,135047334.0,2026-03-01 23:59:59.999,20916286.1989
2026-03-02,0.1505,0.1596,0.1463,0.1516,159813216.0,2026-03-02 23:59:59.999,24320984.9125
2026-03-03,0.1516,0.1523,0.1444,0.1478,164382527.0,2026-03-03 23:59:59.999,24259140.0041
2026-03-04,0.1478,0.1589,0.1465,0.1552,195203136.0,2026-03-04 23:59:59.999,29885222.9639
2026-03-05,0.1551,0.157,0.1494,0.1525,132668513.0,2026-03-05 23:59:59.999,20369093.6226
2026-03-06,0.1526,0.1541,0.1436,0.1457,126758329.0,2026-03-06 23:59:59.999,18778275.7514
2026-03-07,0.1456,0.1463,0.1412,0.1429,93697589.0,2026-03-07 23:59:59.999,13526316.3691
2026-03-08,0.1428,0.1446,0.1394,0.1409,105631662.0,2026-03-08 23:59:59.999,14979932.4909
2026-03-09,0.141,0.1466,0.1406,0.1434,148043641.0,2026-03-09 23:59:59.999,21277994.7868
2026-03-10,0.1435,0.157,0.1429,0.1543,242361536.0,2026-03-10 23:59:59.999,36566341.2009
2026-03-11,0.1543,0.1652,0.1529,0.1603,242792485.0,2026-03-11 23:59:59.999,38577315.9774
2026-03-12,0.1604,0.1776,0.1562,0.177,188405766.0,2026-03-12 23:59:59.999,30833692.4417
2026-03-13,0.177,0.1944,0.1731,0.178,494651965.0,2026-03-13 23:59:59.999,90723367.0185
2026-03-14,0.178,0.1845,0.1726,0.1786,135698968.0,2026-03-14 23:59:59.999,24133131.1152
2026-03-15,0.1786,0.2047,0.1777,0.1965,406989635.0,2026-03-15 23:59:59.999,78994821.5139
2026-03-16,0.1966,0.2563,0.1936,0.2378,932595515.0,2026-03-16 23:59:59.999,215611928.3673
2026-03-17,0.2378,0.2457,0.2262,0.2403,456419465.0,2026-03-17 23:59:59.999,106874463.3205
2026-03-18,0.2404,0.2436,0.2139,0.2231,344213608.0,2026-03-18 23:59:59.999,77359604.5729
2026-03-19,0.223,0.2286,0.2007,0.2123,264037717.0,2026-03-19 23:59:59.999,56172114.0391
2026-03-20,0.2124,0.2423,0.2115,0.2257,396466348.0,2026-03-20 23:59:59.999,89862259.7505
2026-03-21,0.2258,0.2366,0.2164,0.2181,241789443.0,2026-03-21 23:59:59.999,54389493.0856
2026-03-22,0.2181,0.2236,0.2031,0.2055,237053959.0,2026-03-22 23:59:59.999,50635872.6217
2026-03-23,0.2054,0.2291,0.2022,0.2265,277245108.0,2026-03-23 23:59:59.999,59929961.7407
2026-03-24,0.2265,0.251,0.2223,0.2421,473941884.0,2026-03-24 23:59:59.999,111111391.7802
2026-03-25,0.2421,0.2671,0.2404,0.2592,484682130.0,2026-03-25 23:59:59.999,123129260.8485
2026-03-26,0.2592,0.2608,0.2352,0.242,318230709.0,2026-03-26 23:59:59.999,77856023.9379
2026-03-27,0.2421,0.2455,0.2258,0.2306,249015092.0,2026-03-27 23:59:59.999,58176862.2186
2026-03-28,0.2305,0.2565,0.2241,0.2364,286366684.0,2026-03-28 23:59:59.999,69243777.6996
2026-03-29,0.2364,0.2466,0.2215,0.2293,247366585.0,2026-03-29 23:59:59.999,58358042.0144
2026-03-30,0.2293,0.25,0.2257,0.2292,305832383.0,2026-03-30 23:59:59.999,72527505.7392
2026-03-31,0.2292,0.2385,0.2246,0.2318,282459727.0,2026-03-31 23:59:59.999,65228650.5543
2026-04-01,0.2318,0.2482,0.228,0.2399,254593281.0,2026-04-01 23:59:59.999,61263930.2127
2026-04-02,0.24,0.2459,0.2223,0.2277,261513595.0,2026-04-02 23:59:59.999,60174841.5356
2026-04-03,0.2278,0.2422,0.225,0.2375,220931872.0,2026-04-03 23:59:59.999,51742337.6696
2026-04-04,0.2376,0.2415,0.2343,0.236,131427524.0,2026-04-04 23:59:59.999,31268732.0371
2026-04-05,0.2359,0.2361,0.2242,0.2354,176610716.0,2026-04-05 23:59:59.999,40451443.3617
2026-04-06,0.2354,0.2501,0.2242,0.2262,286426622.0,2026-04-06 23:59:59.999,68052572.3106
2026-04-07,0.2262,0.2559,0.2244,0.2499,353544250.0,2026-04-07 23:59:59.999,83747226.2515
2026-04-08,0.2499,0.2583,0.2383,0.2413,274041344.0,2026-04-08 23:59:59.999,68308044.6182
2026-04-09,0.2412,0.2528,0.2321,0.2444,230452961.0,2026-04-09 23:59:59.999,55636578.3626
2026-04-10,0.2445,0.2458,0.2323,0.2381,246190751.0,2026-04-10 23:59:59.999,58702882.7379
2026-04-11,0.2382,0.2503,0.2342,0.2442,167205502.0,2026-04-11 23:59:59.999,40242949.422
2026-04-12,0.2442,0.2445,0.2281,0.2292,198007324.0,2026-04-12 23:59:59.999,46462947.74
2026-04-13,0.2292,0.2406,0.2258,0.2383,193050384.0,2026-04-13 23:59:59.999,44760498.133
2026-04-14,0.2382,0.2391,0.2255,0.2263,184506988.0,2026-04-14 23:59:59.999,42918221.0491
2026-04-15,0.2262,0.2335,0.2232,0.2292,148352010.0,2026-04-15 23:59:59.999,33753097.2721
2026-04-16,0.2292,0.2438,0.2263,0.2398,239166609.0,2026-04-16 23:59:59.999,55948323.4227
2026-04-17,0.2398,0.2419,0.2284,0.2301,266178924.0,2026-04-17 23:59:59.999,62459634.3506
2026-04-18,0.2302,0.2323,0.2145,0.2148,236591483.0,2026-04-18 23:59:59.999,53004768.6936
2026-04-19,0.2149,0.2218,0.2081,0.2091,162574295.0,2026-04-19 23:59:59.999,34903808.804
2026-04-20,0.2092,0.2153,0.2056,0.2109,136571892.0,2026-04-20 23:59:59.999,28753968.3684
2026-04-21,0.2109,0.2154,0.2042,0.2095,143699293.0,2026-04-21 23:59:59.999,30212169.8119
2026-04-22,0.2095,0.2176,0.2063,0.2065,128882947.0,2026-04-22 23:59:59.999,27462657.6176
2026-04-23,0.2064,0.2116,0.2036,0.2096,124854525.0,2026-04-23 23:59:59.999,25944398.1036
2026-04-24,0.2096,0.2117,0.2069,0.2082,95932982.0,2026-04-24 23:59:59.999,20087580.3756
2026-04-25,0.2082,0.2109,0.2055,0.2087,68296987.0,2026-04-25 23:59:59.999,14238753.2129
2026-04-26,0.2087,0.2126,0.2065,0.2117,81056204.0,2026-04-26 23:59:59.999,17039862.0955
2026-04-27,0.2117,0.2155,0.2031,0.2059,147098990.0,2026-04-27 23:59:59.999,30605818.3266
2026-04-28,0.2059,0.2061,0.1934,0.1962,160868094.0,2026-04-28 23:59:59.999,31991730.3216
2026-04-29,0.1962,0.205,0.1907,0.1988,178736822.0,2026-04-29 23:59:59.999,35346629.1657
2026-04-30,0.1988,0.2009,0.1947,0.1955,90221534.0,2026-04-30 23:59:59.999,17761961.3992
2026-05-01,0.1955,0.2017,0.1952,0.1979,113057493.0,2026-05-01 23:59:59.999,22508830.6183
2026-05-02,0.198,0.2097,0.1976,0.2073,109271589.0,2026-05-02 23:59:59.999,22236346.9716
2026-05-03,0.2073,0.2115,0.203,0.2057,133575894.0,2026-05-03 23:59:59.999,27705964.6807
2026-05-04,0.2057,0.2114,0.2006,0.2038,208084070.0,2026-05-04 23:59:59.999,42737729.9832
2026-05-05,0.2038,0.2204,0.2037,0.2148,174424717.0,2026-05-05 23:59:59.999,36973925.9245
2026-05-06,0.2147,0.2274,0.2125,0.2258,219674935.0,2026-05-06 23:59:59.999,48799545.6898
2026-05-07,0.2257,0.233,0.2178,0.2206,203893439.0,2026-05-07 23:59:59.999,45653936.9301
2026-05-08,0.2207,0.2364,0.219,0.2337,176278352.0,2026-05-08 23:59:59.999,40159176.9783
2026-05-09,0.2336,0.2437,0.2283,0.232,180417822.0,2026-05-09 23:59:59.999,42623874.2273
2026-05-10,0.2321,0.2487,0.2286,0.2405,193207120.0,2026-05-10 23:59:59.999,45925550.8986
2026-05-11,0.2404,0.2412,0.2309,0.2348,143987878.0,2026-05-11 23:59:59.999,33972016.4374
2026-05-12,0.2348,0.2362,0.2203,0.2236,141511296.0,2026-05-12 23:59:59.999,32185756.9397
2026-05-13,0.2237,0.2291,0.2126,0.2137,131407080.0,2026-05-13 23:59:59.999,28949369.777
2026-05-14,0.2137,0.2198,0.2076,0.2138,137067443.0,2026-05-14 23:59:59.999,29284497.4059
2026-05-15,0.2138,0.2154,0.2006,0.2034,132623687.0,2026-05-15 23:59:59.999,27447933.3863
2026-05-16,0.2034,0.2053,0.1928,0.1951,112963465.0,2026-05-16 23:59:59.999,22256110.1445
2026-05-17,0.1951,0.1983,0.1837,0.1909,112564881.0,2026-05-17 23:59:59.999,21763061.6935
2026-05-18,0.1909,0.1944,0.1864,0.1937,146154718.0,2026-05-18 23:59:59.999,27734756.5502
2026-05-19,0.1937,0.1957,0.1876,0.1889,100687035.0,2026-05-19 23:59:59.999,19317323.9937
2026-05-20,0.1889,0.1942,0.1871,0.1919,111059167.0,2026-05-20 23:59:59.999,21222830.0892
2026-05-21,0.192,0.1968,0.1902,0.1937,163825145.0,2026-05-21 23:59:59.999,31708625.3212
2026-05-22,0.1937,0.2234,0.1931,0.1977,452960703.0,2026-05-22 23:59:59.999,94514817.0892
2026-05-23,0.1977,0.2133,0.1911,0.2081,235121850.0,2026-05-23 23:59:59.999,47440168.6966
2026-05-24,0.2081,0.218,0.2048,0.2082,188361012.0,2026-05-24 23:59:59.999,39805902.748
2026-05-25,0.2082,0.2364,0.207,0.2315,255856908.0,2026-05-25 23:59:59.999,56795725.9779
2026-05-26,0.2316,0.2618,0.2241,0.2501,627338936.0,2026-05-26 23:59:59.999,154886969.261
2026-05-27,0.2502,0.2589,0.2365,0.2429,349193888.0,2026-05-27 23:59:59.999,85290274.5381
2026-05-28,0.2428,0.2441,0.2164,0.2297,305397600.0,2026-05-28 23:59:59.999,68969275.1074
