open_time,open,high,low,close,volume,close_time,quote_asset_volume
2020-10-16,60.455,60.462,24.5,30.318,10257406.6,2020-10-16 23:59:59.999,370397964.5961
2020-10-17,30.205,37.5,28.1,34.7,6897928.6,2020-10-17 23:59:59.999,223079303.1589
2020-10-18,34.62,35.59,30.711,31.57,3993747.3,2020-10-18 23:59:59.999,130954874.1909
2020-10-19,31.527,31.85,26.66,30.08,7205885.4,2020-10-19 23:59:59.999,205525691.5206
2020-10-20,30.025,30.5,27.834,29.8,3611696.2,2020-10-20 23:59:59.999,105217043.036
2020-10-21,29.816,31.517,26.4,26.4,3981233.7,2020-10-21 23:59:59.999,115780131.4823
2020-10-22,26.4,26.591,22.055,23.058,5930854.4,2020-10-22 23:59:59.999,146009356.3757
2020-10-23,23.031,25.899,19.765,23.76,9244732.0,2020-10-23 23:59:59.999,206355311.572
2020-10-24,23.766,25.55,21.66,24.486,8507454.6,2020-10-24 23:59:59.999,199853354.0584
2020-10-25,24.514,37.24,24.065,32.9,17588994.7,2020-10-25 23:59:59.999,525810944.5202
2020-10-26,32.925,34.48,27.129,28.649,11686127.2,2020-10-26 23:59:59.999,360911700.4385
2020-10-27,28.678,37.0,27.88,34.903,8331819.0,2020-10-27 23:59:59.999,273598849.2451
2020-10-28,34.917,35.9,31.8,33.459,5975538.9,2020-10-28 23:59:59.999,201489749.428
2020-10-29,33.45,33.969,31.131,32.452,4289565.0,2020-10-29 23:59:59.999,140838985.3235
2020-10-30,32.452,32.471,28.4,29.1,5550097.7,2020-10-30 23:59:59.999,166362858.3972
2020-10-31,29.1,32.738,28.1,31.201,4003763.8,2020-10-31 23:59:59.999,121118702.5749
2020-11-01,31.19,31.852,30.473,31.544,2423092.2,2020-11-01 23:59:59.999,75234216.1688
2020-11-02,31.526,31.96,29.305,29.557,2761232.8,2020-11-02 23:59:59.999,83291037.3092
2020-11-03,29.556,29.649,27.847,28.82,2336767.6,2020-11-03 23:59:59.999,66724211.0662
2020-11-04,28.825,29.466,28.015,28.823,2333022.3,2020-11-04 23:59:59.999,66855031.8301
2020-11-05,28.817,30.262,28.3,29.356,2072858.1,2020-11-05 23:59:59.999,60544194.7234
2020-11-06,29.351,33.291,29.152,31.677,3567553.9,2020-11-06 23:59:59.999,111367920.3987
2020-11-07,31.675,33.372,29.221,29.889,3912790.0,2020-11-07 23:59:59.999,121991020.9067
2020-11-08,29.89,31.999,29.5,30.722,1262322.5,2020-11-08 23:59:59.999,38492253.6279
2020-11-09,30.714,32.171,30.18,31.187,1805987.1,2020-11-09 23:59:59.999,56191859.3552
2020-11-10,31.172,31.38,30.243,30.366,1655533.9,2020-11-10 23:59:59.999,50940420.6481
2020-11-11,30.372,30.998,29.29,30.066,1310805.7,2020-11-11 23:59:59.999,39918719.6901
2020-11-12,30.057,30.333,28.472,29.463,896517.2,2020-11-12 23:59:59.999,26475993.2947
2020-11-13,29.447,30.056,29.01,29.134,775836.6,2020-11-13 23:59:59.999,22882855.788
2020-11-14,29.125,29.448,28.401,29.266,794184.6,2020-11-14 23:59:59.999,22978965.9229
2020-11-15,29.261,29.35,27.34,27.684,954972.2,2020-11-15 23:59:59.999,27108206.8612
2020-11-16,27.682,28.011,27.1,27.406,986896.2,2020-11-16 23:59:59.999,27244200.2179
2020-11-17,27.399,29.928,27.311,29.113,1986009.6,2020-11-17 23:59:59.999,57530163.4922
2020-11-18,29.126,29.832,27.343,28.82,1306902.9,2020-11-18 23:59:59.999,37609552.9605
2020-11-19,28.82,29.375,28.003,28.808,682504.3,2020-11-19 23:59:59.999,19701030.1319
2020-11-20,28.807,30.7,28.473,29.069,1437720.7,2020-11-20 23:59:59.999,42228047.2708
2020-11-21,29.065,31.235,28.787,29.994,2495619.4,2020-11-21 23:59:59.999,74578168.1561
2020-11-22,30.02,30.32,28.503,28.942,1320168.0,2020-11-22 23:59:59.999,38651444.33
2020-11-23,28.943,29.63,28.727,29.242,1141584.4,2020-11-23 23:59:59.999,33262285.6371
2020-11-24,29.239,30.971,28.572,29.795,2436595.3,2020-11-24 23:59:59.999,72677509.5687
2020-11-25,29.795,35.471,29.6,31.005,6087640.2,2020-11-25 23:59:59.999,200284168.9223
2020-11-26,31.015,32.155,28.3,29.899,3566044.5,2020-11-26 23:59:59.999,106839448.1728
2020-11-27,29.901,30.494,29.263,29.943,1064136.2,2020-11-27 23:59:59.999,31783313.0698
2020-11-28,29.931,30.424,29.662,29.968,729809.2,2020-11-28 23:59:59.999,21921081.7968
2020-11-29,29.965,30.251,29.748,30.058,610317.4,2020-11-29 23:59:59.999,18318854.3949
2020-11-30,30.066,30.936,30.048,30.44,1105356.3,2020-11-30 23:59:59.999,33688811.8331
2020-12-01,30.446,32.059,29.601,30.353,1747667.6,2020-12-01 23:59:59.999,53538235.2046
2020-12-02,30.337,31.341,30.09,30.628,1068167.5,2020-12-02 23:59:59.999,32748849.5349
2020-12-03,30.62,30.946,30.171,30.443,870835.0,2020-12-03 23:59:59.999,26645900.7277
2020-12-04,30.436,30.6,28.77,28.983,1006396.7,2020-12-04 23:59:59.999,29944131.1913
2020-12-05,28.97,30.15,28.825,29.857,469870.8,2020-12-05 23:59:59.999,13897387.406
2020-12-06,29.858,30.099,29.01,29.339,428622.2,2020-12-06 23:59:59.999,12652110.1326
2020-12-07,29.334,34.021,29.285,30.505,2724477.1,2020-12-07 23:59:59.999,85414697.7955
2020-12-08,30.505,30.959,29.584,29.9,1609570.8,2020-12-08 23:59:59.999,48924605.0391
2020-12-09,29.9,31.44,29.594,30.47,2205320.0,2020-12-09 23:59:59.999,67284829.0149
2020-12-10,30.466,32.48,30.401,30.555,2685081.2,2020-12-10 23:59:59.999,83784041.1979
2020-12-11,30.55,30.73,29.802,29.878,1309936.4,2020-12-11 23:59:59.999,39629969.1762
2020-12-12,29.877,30.328,29.814,29.924,523755.7,2020-12-12 23:59:59.999,15746081.8863
2020-12-13,29.925,30.35,29.871,29.973,484793.6,2020-12-13 23:59:59.999,14586203.9181
2020-12-14,29.972,30.152,29.078,29.326,655848.7,2020-12-14 23:59:59.999,19486830.9198
2020-12-15,29.34,29.8,29.014,29.127,566436.1,2020-12-15 23:59:59.999,16661985.2576
2020-12-16,29.127,29.51,27.757,28.427,1148205.1,2020-12-16 23:59:59.999,33158166.5633
2020-12-17,28.42,29.544,28.284,28.481,1220089.4,2020-12-17 23:59:59.999,35275141.3779
2020-12-18,28.481,28.903,28.324,28.49,456713.1,2020-12-18 23:59:59.999,13067523.0966
2020-12-19,28.49,28.9,28.07,28.204,766229.9,2020-12-19 23:59:59.999,21827166.9395
2020-12-20,28.203,28.498,27.946,28.435,494827.6,2020-12-20 23:59:59.999,13972461.176
2020-12-21,28.437,28.445,23.666,24.986,2878901.7,2020-12-21 23:59:59.999,74172477.0702
2020-12-22,24.977,25.55,24.261,24.611,1662914.5,2020-12-22 23:59:59.999,41295931.7404
2020-12-23,24.614,24.96,21.223,22.37,2039471.5,2020-12-23 23:59:59.999,47416695.4575
2020-12-24,22.373,24.457,21.842,23.693,1868814.6,2020-12-24 23:59:59.999,42971817.6857
2020-12-25,23.692,24.575,23.106,24.342,1439146.3,2020-12-25 23:59:59.999,34291189.4026
2020-12-26,24.335,24.35,23.417,23.571,416443.9,2020-12-26 23:59:59.999,9913922.3326
2020-12-27,23.571,23.694,22.134,22.134,1045363.2,2020-12-27 23:59:59.999,24010056.9616
2020-12-28,22.135,23.091,21.89,21.954,939810.7,2020-12-28 23:59:59.999,21149699.8945
2020-12-29,21.95,22.238,19.899,20.4,1498335.4,2020-12-29 23:59:59.999,31239143.251
2020-12-30,20.395,22.0,20.161,21.445,1640581.0,2020-12-30 23:59:59.999,35016035.8372
2020-12-31,21.443,26.316,21.06,24.355,4331026.9,2020-12-31 23:59:59.999,102759702.9432
2021-01-01,24.357,25.054,21.813,22.233,2330773.9,2021-01-01 23:59:59.999,54223159.5216
2021-01-02,22.234,23.2,21.226,21.782,1595747.7,2021-01-02 23:59:59.999,35354271.7865
2021-01-03,21.777,22.049,20.774,21.48,1869400.9,2021-01-03 23:59:59.999,40061369.0438
2021-01-04,21.486,23.045,20.939,21.415,3137369.9,2021-01-04 23:59:59.999,68422516.6305
2021-01-05,21.412,22.493,21.0,21.629,1567169.4,2021-01-05 23:59:59.999,33868244.9379
2021-01-06,21.631,22.678,21.504,21.986,1479141.5,2021-01-06 23:59:59.999,32454702.1225
2021-01-07,21.986,23.152,21.784,22.101,2147655.5,2021-01-07 23:59:59.999,48108548.3808
2021-01-08,22.084,22.335,21.155,21.657,1340007.9,2021-01-08 23:59:59.999,29110663.99
2021-01-09,21.645,22.71,21.379,22.085,1129865.0,2021-01-09 23:59:59.999,24890156.4328
2021-01-10,22.086,24.448,22.086,23.458,4002846.1,2021-01-10 23:59:59.999,93148599.9687
2021-01-11,23.453,23.593,20.878,21.684,2287179.0,2021-01-11 23:59:59.999,49813406.1884
2021-01-12,21.674,21.945,20.903,21.013,1135955.4,2021-01-12 23:59:59.999,24370337.316
2021-01-13,21.017,21.951,20.936,21.74,1039463.1,2021-01-13 23:59:59.999,22321744.4886
2021-01-14,21.748,22.339,21.39,21.624,1221953.4,2021-01-14 23:59:59.999,26659256.7636
2021-01-15,21.629,22.302,21.226,21.561,1303510.1,2021-01-15 23:59:59.999,28293386.6246
2021-01-16,21.561,25.143,21.543,22.866,4191600.5,2021-01-16 23:59:59.999,97465676.3099
2021-01-17,22.865,26.209,22.445,24.409,6618286.6,2021-01-17 23:59:59.999,162387827.9592
2021-01-18,24.394,24.999,23.508,23.822,2302781.3,2021-01-18 23:59:59.999,55513217.2526
2021-01-19,23.828,25.322,22.617,22.67,2727013.1,2021-01-19 23:59:59.999,64681698.6593
2021-01-20,22.685,23.179,21.677,22.38,2459951.7,2021-01-20 23:59:59.999,55045644.9955
2021-01-21,22.391,22.777,20.804,21.317,1924732.3,2021-01-21 23:59:59.999,41950956.1607
2021-01-22,21.33,23.216,20.6,22.303,3955963.5,2021-01-22 23:59:59.999,87768559.958
2021-01-23,22.298,23.623,22.166,22.74,2895997.9,2021-01-23 23:59:59.999,66387123.2533
2021-01-24,22.739,23.19,22.388,22.725,1622248.1,2021-01-24 23:59:59.999,36979082.2204
2021-01-25,22.724,23.127,22.335,22.415,1312536.8,2021-01-25 23:59:59.999,29838167.0957
2021-01-26,22.415,22.765,21.789,22.224,1069365.3,2021-01-26 23:59:59.999,23747944.2117
2021-01-27,22.218,22.252,21.199,21.45,1219345.6,2021-01-27 23:59:59.999,26378160.4713
2021-01-28,21.444,22.132,21.328,21.933,977002.5,2021-01-28 23:59:59.999,21375268.7479
2021-01-29,21.942,22.949,21.9,22.341,2109924.8,2021-01-29 23:59:59.999,47276732.4622
2021-01-30,22.344,22.636,21.98,22.098,1094229.9,2021-01-30 23:59:59.999,24349929.594
2021-01-31,22.095,22.676,22.064,22.289,1449753.9,2021-01-31 23:59:59.999,32398027.1794
2021-02-01,22.289,24.178,22.05,22.656,4301069.7,2021-02-01 23:59:59.999,98847584.9838
2021-02-02,22.659,23.019,22.305,22.525,1249344.9,2021-02-02 23:59:59.999,28274288.7804
2021-02-03,22.521,23.59,22.469,23.117,1602857.0,2021-02-03 23:59:59.999,36780815.5261
2021-02-04,23.119,23.367,22.441,22.93,1735079.0,2021-02-04 23:59:59.999,39915079.3098
2021-02-05,22.921,25.71,22.823,24.545,4585538.6,2021-02-05 23:59:59.999,111031375.1568
2021-02-06,24.545,25.3,23.73,24.288,2755509.5,2021-02-06 23:59:59.999,67449172.4121
2021-02-07,24.295,24.689,23.73,24.079,1992557.6,2021-02-07 23:59:59.999,48120913.1541
2021-02-08,24.085,29.073,23.831,27.753,6677826.4,2021-02-08 23:59:59.999,173296795.9983
2021-02-09,27.751,53.096,27.235,44.293,22016773.1,2021-02-09 23:59:59.999,823073295.6516
2021-02-10,44.24,46.415,34.4,39.9,16219908.4,2021-02-10 23:59:59.999,663587711.8058
2021-02-11,39.9,43.261,35.363,40.42,6116845.5,2021-02-11 23:59:59.999,246444882.9619
2021-02-12,40.424,45.0,39.3,42.711,5871626.5,2021-02-12 23:59:59.999,248239593.7983
2021-02-13,42.732,45.758,39.5,41.702,5497705.8,2021-02-13 23:59:59.999,234282395.5564
2021-02-14,41.719,52.596,41.39,47.202,9859137.1,2021-02-14 23:59:59.999,465275529.9523
2021-02-15,47.223,50.899,34.471,42.962,11884244.3,2021-02-15 23:59:59.999,518322523.9489
2021-02-16,43.005,45.962,40.125,41.955,4300789.2,2021-02-16 23:59:59.999,185861443.6162
2021-02-17,41.955,44.862,40.266,43.266,3328940.5,2021-02-17 23:59:59.999,141785298.7392
2021-02-18,43.288,44.589,42.384,43.475,2621099.3,2021-02-18 23:59:59.999,113872214.6774
2021-02-19,43.493,43.92,41.303,43.274,3573546.6,2021-02-19 23:59:59.999,151894766.7376
2021-02-20,43.311,49.452,42.0,43.067,6868871.2,2021-02-20 23:59:59.999,311721068.2719
2021-02-21,43.083,46.05,42.501,44.695,3125664.7,2021-02-21 23:59:59.999,138837012.3413
2021-02-22,44.691,44.901,30.849,39.318,6902985.7,2021-02-22 23:59:59.999,271159009.3748
2021-02-23,39.325,39.436,30.443,35.479,5339196.3,2021-02-23 23:59:59.999,188535887.5824
2021-02-24,35.482,38.209,34.296,36.564,2563151.3,2021-02-24 23:59:59.999,94442758.5831
2021-02-25,36.583,37.472,34.634,34.89,2233005.0,2021-02-25 23:59:59.999,80277525.3982
2021-02-26,34.881,36.518,33.194,35.133,1902498.1,2021-02-26 23:59:59.999,66548315.676
2021-02-27,35.133,38.807,35.082,37.915,2506162.7,2021-02-27 23:59:59.999,92971367.3742
2021-02-28,37.895,38.388,34.653,35.942,1964773.4,2021-02-28 23:59:59.999,71032717.227
2021-03-01,35.937,39.478,35.651,38.607,1923626.1,2021-03-01 23:59:59.999,71843240.5204
2021-03-02,38.605,39.045,37.192,38.229,1650467.9,2021-03-02 23:59:59.999,62993928.8008
2021-03-03,38.242,45.0,38.026,42.143,4122780.7,2021-03-03 23:59:59.999,171916818.0481
2021-03-04,42.143,43.366,39.853,40.795,2176125.0,2021-03-04 23:59:59.999,90315067.408
2021-03-05,40.809,40.848,37.081,40.468,1455589.7,2021-03-05 23:59:59.999,57495289.68
2021-03-06,40.47,40.924,38.957,40.421,1070784.6,2021-03-06 23:59:59.999,43054279.6296
2021-03-07,40.426,42.5,40.291,41.459,1219373.8,2021-03-07 23:59:59.999,50290043.0065
2021-03-08,41.46,42.0,40.614,41.587,1206471.1,2021-03-08 23:59:59.999,49808587.0667
2021-03-09,41.591,42.63,41.258,42.014,1363052.6,2021-03-09 23:59:59.999,57071310.1485
2021-03-10,42.023,44.289,41.04,42.49,2347096.0,2021-03-10 23:59:59.999,99975034.2822
2021-03-11,42.521,43.191,41.686,42.306,1552123.2,2021-03-11 23:59:59.999,65628857.3213
2021-03-12,42.307,45.203,42.007,44.09,2913215.8,2021-03-12 23:59:59.999,126685282.7532
2021-03-13,44.086,52.216,43.508,49.531,4508779.2,2021-03-13 23:59:59.999,217502568.2836
2021-03-14,49.53,57.559,49.513,53.878,6470222.9,2021-03-14 23:59:59.999,353035969.3715
2021-03-15,53.869,56.794,51.97,53.38,3908644.9,2021-03-15 23:59:59.999,211025299.6218
2021-03-16,53.369,64.043,50.681,63.634,4670657.6,2021-03-16 23:59:59.999,268432602.7063
2021-03-17,63.671,96.57,62.687,88.563,17324082.8,2021-03-17 23:59:59.999,1331504367.228
2021-03-18,88.563,89.747,74.07,79.68,13150071.3,2021-03-18 23:59:59.999,1077101685.5483
2021-03-19,79.629,86.0,75.768,83.081,5573377.1,2021-03-19 23:59:59.999,452268499.2283
2021-03-20,83.11,86.125,81.5,82.116,2474762.6,2021-03-20 23:59:59.999,206430091.7137
2021-03-21,82.119,83.38,80.169,80.684,2011222.4,2021-03-21 23:59:59.999,164287770.8929
2021-03-22,80.676,81.5,75.233,76.387,2401406.2,2021-03-22 23:59:59.999,188691097.1252
2021-03-23,76.388,85.371,73.133,82.585,4830696.8,2021-03-23 23:59:59.999,385929021.6537
2021-03-24,82.568,94.966,79.559,85.857,7416547.3,2021-03-24 23:59:59.999,651582660.4399
2021-03-25,85.854,96.305,84.869,90.905,8553508.2,2021-03-25 23:59:59.999,775684271.0623
2021-03-26,90.896,129.265,90.896,124.631,12704753.3,2021-03-26 23:59:59.999,1373121991.2239
2021-03-27,124.643,139.56,120.0,132.395,15890505.8,2021-03-27 23:59:59.999,2067961835.3285
2021-03-28,132.375,133.78,119.94,125.187,6944222.9,2021-03-28 23:59:59.999,883535241.8541
2021-03-29,125.193,130.612,123.701,127.521,4082356.6,2021-03-29 23:59:59.999,520108872.9359
2021-03-30,127.51,153.613,125.0,149.858,9683953.8,2021-03-30 23:59:59.999,1360853409.3169
2021-03-31,149.864,198.427,144.0,190.997,21113337.3,2021-03-31 23:59:59.999,3628775604.1126
2021-04-01,190.986,238.511,180.0,185.563,26279100.0,2021-04-01 23:59:59.999,5508351222.2432
2021-04-02,185.547,206.0,160.565,172.388,14570463.5,2021-04-02 23:59:59.999,2672047441.1151
2021-04-03,172.42,181.808,162.4,178.227,9438588.9,2021-04-03 23:59:59.999,1636368996.8498
2021-04-04,178.228,193.961,175.343,183.0,7272455.5,2021-04-04 23:59:59.999,1345746762.0523
2021-04-05,183.03,187.293,170.2,176.608,3938084.1,2021-04-05 23:59:59.999,703274313.3357
2021-04-06,176.619,179.214,163.811,165.806,3100473.5,2021-04-06 23:59:59.999,530244567.826
2021-04-07,165.853,166.705,135.5,156.295,10137892.1,2021-04-07 23:59:59.999,1504626906.6798
2021-04-08,156.313,158.979,146.363,154.216,4476548.5,2021-04-08 23:59:59.999,682913652.7185
2021-04-09,154.213,175.996,153.035,172.343,6758986.1,2021-04-09 23:59:59.999,1135504575.1113
2021-04-10,172.349,189.215,170.833,174.815,5608095.2,2021-04-10 23:59:59.999,1013942627.6446
2021-04-11,174.822,185.104,173.093,179.507,2460324.8,2021-04-11 23:59:59.999,439405947.1007
2021-04-12,179.49,182.609,159.16,167.978,4355339.5,2021-04-12 23:59:59.999,738996645.126
2021-04-13,167.965,169.496,160.42,164.503,2921805.9,2021-04-13 23:59:59.999,483168813.3178
2021-04-14,164.522,179.85,160.088,168.54,4722518.2,2021-04-14 23:59:59.999,795710186.8852
2021-04-15,168.534,175.661,167.923,171.012,2691129.8,2021-04-15 23:59:59.999,461359912.9395
2021-04-16,170.999,196.465,170.956,182.932,7812454.7,2021-04-16 23:59:59.999,1428801436.2641
2021-04-17,182.931,193.3,176.247,181.032,3725761.4,2021-04-17 23:59:59.999,689426252.5462
2021-04-18,181.061,183.537,127.0,156.234,6180975.7,2021-04-18 23:59:59.999,963547824.0196
2021-04-19,156.234,164.8,150.399,154.705,2742195.9,2021-04-19 23:59:59.999,432466172.6491
2021-04-20,154.703,157.581,144.306,153.935,2591932.1,2021-04-20 23:59:59.999,391386916.0931
2021-04-21,153.893,158.919,147.0,147.645,1967350.6,2021-04-21 23:59:59.999,303625772.8478
2021-04-22,147.667,157.948,144.273,145.926,2653532.0,2021-04-22 23:59:59.999,397017355.8066
2021-04-23,145.927,148.038,129.859,138.641,3936109.1,2021-04-23 23:59:59.999,537382520.9079
2021-04-24,138.674,142.297,131.3,133.613,1800129.4,2021-04-24 23:59:59.999,243042267.2233
2021-04-25,133.674,137.041,131.8,134.126,1246661.8,2021-04-25 23:59:59.999,167240016.6994
2021-04-26,134.15,155.0,133.517,154.274,2735681.9,2021-04-26 23:59:59.999,398644335.8165
2021-04-27,154.276,155.488,148.002,152.637,2070555.9,2021-04-27 23:59:59.999,315897813.9731
2021-04-28,152.642,156.231,146.382,151.098,1691746.2,2021-04-28 23:59:59.999,255657185.7742
2021-04-29,151.09,152.397,147.386,149.895,1528780.7,2021-04-29 23:59:59.999,229598235.594
2021-04-30,149.895,165.591,149.837,164.071,3336302.4,2021-04-30 23:59:59.999,528592994.8826
2021-05-01,164.066,168.0,161.275,164.407,1785050.0,2021-05-01 23:59:59.999,293608899.9177
2021-05-02,164.419,167.0,155.583,162.566,1802762.6,2021-05-02 23:59:59.999,289354801.3241
2021-05-03,162.566,164.31,158.587,160.412,1694745.7,2021-05-03 23:59:59.999,273877242.8939
2021-05-04,160.451,160.764,134.0,140.83,3430750.2,2021-05-04 23:59:59.999,510370234.1738
2021-05-05,140.836,155.298,139.63,152.697,2650674.8,2021-05-05 23:59:59.999,397823406.1892
2021-05-06,152.677,165.607,149.947,153.821,3883773.3,2021-05-06 23:59:59.999,611812567.6637
2021-05-07,153.848,155.378,146.55,150.554,1907572.4,2021-05-07 23:59:59.999,290430245.2285
2021-05-08,150.56,154.683,146.091,148.299,1575315.1,2021-05-08 23:59:59.999,236997494.7602
2021-05-09,148.318,149.874,140.55,146.778,1848592.8,2021-05-09 23:59:59.999,267707560.2682
2021-05-10,146.748,149.623,127.561,135.731,2686387.0,2021-05-10 23:59:59.999,378392621.9633
2021-05-11,135.758,143.55,133.859,143.023,1864671.0,2021-05-11 23:59:59.999,257627736.4222
2021-05-12,143.015,145.765,123.0,127.074,2511975.9,2021-05-12 23:59:59.999,346625874.1318
2021-05-13,126.949,128.013,89.005,117.847,8452312.2,2021-05-13 23:59:59.999,959081954.6131
2021-05-14,117.846,125.0,113.793,120.711,2817361.2,2021-05-14 23:59:59.999,336012471.9783
2021-05-15,120.725,122.968,109.765,110.539,2603908.1,2021-05-15 23:59:59.999,302899104.6751
2021-05-16,110.533,116.266,100.077,107.844,2915579.7,2021-05-16 23:59:59.999,316421304.5484
2021-05-17,107.867,107.979,93.153,99.512,3428853.7,2021-05-17 23:59:59.999,344532770.5333
2021-05-18,99.508,106.21,96.877,100.218,2301034.5,2021-05-18 23:59:59.999,233124991.237
2021-05-19,100.243,101.863,44.389,65.246,8612525.1,2021-05-19 23:59:59.999,672080653.2157
2021-05-20,65.245,95.381,60.917,88.681,10978336.8,2021-05-20 23:59:59.999,910970726.9717
2021-05-21,88.638,94.991,67.714,76.84,6477706.2,2021-05-21 23:59:59.999,517293978.5949
2021-05-22,76.865,77.422,66.389,72.187,4254110.9,2021-05-22 23:59:59.999,308219137.4822
2021-05-23,72.171,74.738,55.0,64.793,5312058.3,2021-05-23 23:59:59.999,342171640.4813
2021-05-24,64.795,75.099,62.186,74.733,5192254.0,2021-05-24 23:59:59.999,355087498.5147
2021-05-25,74.717,79.722,65.699,72.197,4465244.9,2021-05-25 23:59:59.999,317781616.8431
2021-05-26,72.242,74.97,69.976,74.506,2816246.1,2021-05-26 23:59:59.999,204282603.8478
2021-05-27,74.485,74.532,68.677,71.402,2219396.9,2021-05-27 23:59:59.999,159084685.2134
2021-05-28,71.417,71.76,64.847,66.732,2371941.0,2021-05-28 23:59:59.999,160560739.5332
2021-05-29,66.732,69.924,64.363,68.236,2302479.1,2021-05-29 23:59:59.999,154667658.6657
2021-05-30,68.245,69.471,65.19,68.345,2068784.9,2021-05-30 23:59:59.999,140041298.8439
2021-05-31,68.344,72.921,66.261,72.532,2864992.6,2021-05-31 23:59:59.999,199983441.7744
2021-06-01,72.522,73.051,68.0,69.171,2035516.1,2021-06-01 23:59:59.999,142787053.2209
2021-06-02,69.168,72.076,68.097,70.098,1644893.5,2021-06-02 23:59:59.999,115350060.0117
2021-06-03,70.104,94.157,69.457,89.459,13524372.6,2021-06-03 23:59:59.999,1143938653.6312
2021-06-04,89.451,97.815,84.71,88.0,19404912.3,2021-06-04 23:59:59.999,1746393281.0221
2021-06-05,87.996,93.123,85.705,88.137,7429900.6,2021-06-05 23:59:59.999,663100801.6018
2021-06-06,88.137,89.072,85.974,87.008,3516511.6,2021-06-06 23:59:59.999,307394056.4222
2021-06-07,87.009,92.19,80.078,82.009,6828832.9,2021-06-07 23:59:59.999,603868963.4511
2021-06-08,82.01,83.763,70.39,76.015,8660174.3,2021-06-08 23:59:59.999,654575874.4249
2021-06-09,76.012,78.797,70.775,77.791,6083764.9,2021-06-09 23:59:59.999,455763499.1534
2021-06-10,77.797,79.222,71.58,73.329,3489419.0,2021-06-10 23:59:59.999,263946032.8018
2021-06-11,73.334,74.13,69.437,70.756,2405724.6,2021-06-11 23:59:59.999,174620938.7072
2021-06-12,70.748,71.296,65.905,69.662,2548688.1,2021-06-12 23:59:59.999,176004590.1884
2021-06-13,69.664,73.69,68.53,73.085,1794960.4,2021-06-13 23:59:59.999,127157182.2004
2021-06-14,73.077,77.726,71.8,74.866,2791616.2,2021-06-14 23:59:59.999,207216752.4232
2021-06-15,74.89,75.907,71.508,72.562,2214415.0,2021-06-15 23:59:59.999,163309494.6469
2021-06-16,72.563,72.563,68.513,69.701,2073910.4,2021-06-16 23:59:59.999,145864612.2721
2021-06-17,69.696,72.083,67.0,68.924,2039260.2,2021-06-17 23:59:59.999,142247215.1435
2021-06-18,68.923,68.945,63.43,65.666,2143749.8,2021-06-18 23:59:59.999,142171914.8429
2021-06-19,65.65,66.832,64.203,64.659,1623388.3,2021-06-19 23:59:59.999,106466739.877
2021-06-20,64.663,64.949,59.843,63.133,2991462.4,2021-06-20 23:59:59.999,186517488.3814
2021-06-21,63.145,63.684,44.82,46.074,8644063.7,2021-06-21 23:59:59.999,459738682.2406
2021-06-22,46.077,51.999,42.388,49.344,9480877.1,2021-06-22 23:59:59.999,452618123.2922
2021-06-23,49.34,59.225,47.37,58.672,7360899.8,2021-06-23 23:59:59.999,403461966.6578
2021-06-24,58.682,59.322,54.134,57.089,4325075.2,2021-06-24 23:59:59.999,245353142.8937
2021-06-25,57.091,57.89,50.306,51.984,4602421.4,2021-06-25 23:59:59.999,247936352.3223
2021-06-26,51.981,53.278,49.937,53.0,3422979.7,2021-06-26 23:59:59.999,177127458.3434
2021-06-27,53.011,56.518,52.624,56.184,3245666.5,2021-06-27 23:59:59.999,176036553.3591
2021-06-28,56.175,57.939,54.866,56.443,3036311.3,2021-06-28 23:59:59.999,171223017.6212
2021-06-29,56.447,66.398,56.161,64.611,5276203.8,2021-06-29 23:59:59.999,319358350.6727
2021-06-30,64.595,65.403,56.38,60.412,6034453.9,2021-06-30 23:59:59.999,365878396.8141
2021-07-01,60.409,60.449,55.145,56.603,3311479.2,2021-07-01 23:59:59.999,189147990.1189
2021-07-02,56.617,57.389,54.908,57.138,2134854.7,2021-07-02 23:59:59.999,119750428.0866
2021-07-03,57.131,60.0,56.6,58.897,1901410.9,2021-07-03 23:59:59.999,111349898.9006
2021-07-04,58.881,60.613,57.957,58.7,1588547.4,2021-07-04 23:59:59.999,94298165.7836
2021-07-05,58.701,58.701,54.691,56.039,2274881.7,2021-07-05 23:59:59.999,129411169.0751
2021-07-06,56.055,58.3,55.904,56.981,1963530.8,2021-07-06 23:59:59.999,111858240.7603
2021-07-07,56.985,58.023,56.283,56.43,1525118.3,2021-07-07 23:59:59.999,87500766.9645
2021-07-08,56.422,56.508,52.705,53.813,2322223.7,2021-07-08 23:59:59.999,128239495.1722
2021-07-09,53.815,55.533,52.64,55.249,1564155.9,2021-07-09 23:59:59.999,84901043.6487
2021-07-10,55.247,56.015,53.511,54.218,975873.6,2021-07-10 23:59:59.999,53403057.4414
2021-07-11,54.217,55.791,53.851,55.117,900928.7,2021-07-11 23:59:59.999,49330645.1769
2021-07-12,55.118,55.5,52.158,52.454,1261735.0,2021-07-12 23:59:59.999,68275311.1452
2021-07-13,52.443,53.049,50.33,50.944,1518838.2,2021-07-13 23:59:59.999,78702126.7295
2021-07-14,50.944,51.214,47.962,49.648,1960393.8,2021-07-14 23:59:59.999,97232473.3702
2021-07-15,49.645,50.336,46.11,47.292,1919963.4,2021-07-15 23:59:59.999,92294583.2717
2021-07-16,47.292,48.34,45.717,45.772,1510589.1,2021-07-16 23:59:59.999,70848309.6583
2021-07-17,45.772,46.156,45.051,45.586,1260002.4,2021-07-17 23:59:59.999,57471311.2599
2021-07-18,45.594,47.441,45.501,46.794,1374577.9,2021-07-18 23:59:59.999,64208254.7516
2021-07-19,46.801,47.141,44.258,44.688,1640815.2,2021-07-19 23:59:59.999,74955215.1393
2021-07-20,44.683,45.114,40.915,41.169,2578485.7,2021-07-20 23:59:59.999,109544581.9283
2021-07-21,41.201,47.857,40.018,46.233,4279336.6,2021-07-21 23:59:59.999,190619282.0066
2021-07-22,46.239,46.974,44.5,45.544,2268643.8,2021-07-22 23:59:59.999,103242526.6467
2021-07-23,45.548,47.505,44.842,47.354,2596869.0,2021-07-23 23:59:59.999,120032823.6247
2021-07-24,47.363,51.396,46.365,49.552,4886721.6,2021-07-24 23:59:59.999,237576095.0994
2021-07-25,49.574,50.146,47.111,48.989,3346242.0,2021-07-25 23:59:59.999,162536458.1844
2021-07-26,48.989,53.0,48.736,49.006,7393370.3,2021-07-26 23:59:59.999,377631097.6587
2021-07-27,49.011,49.928,47.253,49.513,3529709.8,2021-07-27 23:59:59.999,171416615.7514
2021-07-28,49.504,50.959,48.267,49.547,3486510.1,2021-07-28 23:59:59.999,173421111.14
2021-07-29,49.54,49.784,48.416,49.376,1795581.2,2021-07-29 23:59:59.999,88232294.2021
2021-07-30,49.38,51.399,48.6,51.311,2757593.4,2021-07-30 23:59:59.999,137277854.5777
2021-07-31,51.305,52.888,50.264,52.031,3674131.1,2021-07-31 23:59:59.999,189081835.0099
2021-08-01,52.027,58.327,51.577,53.804,8803192.7,2021-08-01 23:59:59.999,491797672.3586
2021-08-02,53.835,56.049,53.1,54.457,3480020.5,2021-08-02 23:59:59.999,190233517.3198
2021-08-03,54.458,55.127,52.704,54.306,3059521.0,2021-08-03 23:59:59.999,165034976.0704
2021-08-04,54.31,57.379,53.987,56.495,4212553.7,2021-08-04 23:59:59.999,235332686.0369
2021-08-05,56.485,58.25,55.003,57.883,3871984.9,2021-08-05 23:59:59.999,218200718.9283
2021-08-06,57.895,65.0,57.167,64.249,7232016.2,2021-08-06 23:59:59.999,440050692.7792
2021-08-07,64.25,70.931,63.681,69.295,9873012.1,2021-08-07 23:59:59.999,671471953.2669
2021-08-08,69.293,69.527,63.384,64.515,4819685.5,2021-08-08 23:59:59.999,319243225.9482
2021-08-09,64.509,68.192,61.381,67.578,5129483.0,2021-08-09 23:59:59.999,336457768.5009
2021-08-10,67.574,69.858,65.001,66.768,4791104.1,2021-08-10 23:59:59.999,323893165.7317
2021-08-11,66.775,74.129,66.711,71.819,7814094.5,2021-08-11 23:59:59.999,553960492.3681
2021-08-12,71.813,75.252,66.063,68.37,6813198.3,2021-08-12 23:59:59.999,478159464.6306
2021-08-13,68.371,74.852,68.324,74.521,4893375.5,2021-08-13 23:59:59.999,346978303.2449
2021-08-14,74.519,75.107,70.194,72.482,5362293.7,2021-08-14 23:59:59.999,391245976.1372
2021-08-15,72.479,74.624,70.02,73.17,4386037.0,2021-08-15 23:59:59.999,316754906.3957
2021-08-16,73.163,76.304,72.434,73.302,6928993.0,2021-08-16 23:59:59.999,513688099.3327
2021-08-17,73.299,74.8,69.005,69.455,6282655.4,2021-08-17 23:59:59.999,456553284.5392
2021-08-18,69.455,70.189,65.943,67.497,4690543.3,2021-08-18 23:59:59.999,319471176.3691
2021-08-19,67.491,70.6,66.311,70.533,3261449.4,2021-08-19 23:59:59.999,221616958.5026
2021-08-20,70.545,73.92,69.748,73.151,3793908.1,2021-08-20 23:59:59.999,272026478.1361
2021-08-21,73.155,79.348,71.436,78.542,7012474.6,2021-08-21 23:59:59.999,521807888.0961
2021-08-22,78.53,79.275,75.051,77.237,6086591.5,2021-08-22 23:59:59.999,471386912.0668
2021-08-23,77.234,82.269,76.514,79.852,5286052.2,2021-08-23 23:59:59.999,423404395.1054
2021-08-24,79.851,80.451,71.2,74.393,4903399.8,2021-08-24 23:59:59.999,376049242.537
2021-08-25,74.392,77.993,72.413,76.603,3563050.3,2021-08-25 23:59:59.999,267708955.6295
2021-08-26,76.615,78.883,71.312,72.282,4172337.1,2021-08-26 23:59:59.999,309999687.6331
2021-08-27,72.287,75.88,70.36,75.241,3467413.3,2021-08-27 23:59:59.999,253110922.9717
2021-08-28,75.246,75.53,72.913,74.019,2335623.2,2021-08-28 23:59:59.999,172885419.9804
2021-08-29,74.042,75.543,72.42,73.673,2492990.6,2021-08-29 23:59:59.999,184504253.1621
2021-08-30,73.672,74.292,70.936,71.245,2497639.3,2021-08-30 23:59:59.999,181905910.8729
2021-08-31,71.244,78.0,70.371,76.048,6309542.1,2021-08-31 23:59:59.999,472783079.2312
2021-09-01,76.037,78.931,75.343,78.784,5369230.8,2021-09-01 23:59:59.999,414062665.7386
2021-09-02,78.785,79.913,77.03,77.462,3386624.2,2021-09-02 23:59:59.999,265579347.7255
2021-09-03,77.478,79.106,75.78,77.757,3457778.9,2021-09-03 23:59:59.999,268378754.3061
2021-09-04,77.757,96.785,77.577,95.243,13365216.7,2021-09-04 23:59:59.999,1162685062.9628
2021-09-05,95.246,120.502,92.0,113.787,29211290.3,2021-09-05 23:59:59.999,3151835058.1792
2021-09-06,113.789,118.757,103.643,106.337,19006208.4,2021-09-06 23:59:59.999,2128656668.5778
2021-09-07,106.334,111.0,64.534,84.524,27081780.6,2021-09-07 23:59:59.999,2508697938.0014
2021-09-08,84.533,94.041,75.52,88.443,15995657.9,2021-09-08 23:59:59.999,1368001564.7871
2021-09-09,88.407,94.262,85.124,88.721,10429297.4,2021-09-09 23:59:59.999,938502385.6348
2021-09-10,88.721,91.93,78.51,82.429,7347564.0,2021-09-10 23:59:59.999,622354833.2956
2021-09-11,82.434,85.067,80.059,81.702,4731180.3,2021-09-11 23:59:59.999,391236878.8111
2021-09-12,81.684,87.084,80.688,83.684,5080222.3,2021-09-12 23:59:59.999,425688560.8366
2021-09-13,83.684,84.64,72.721,77.952,6679663.7,2021-09-13 23:59:59.999,528553381.8058
2021-09-14,77.963,81.9,77.456,80.825,3469694.2,2021-09-14 23:59:59.999,275688456.6966
2021-09-15,80.813,87.564,80.104,86.249,6549716.2,2021-09-15 23:59:59.999,557357011.9098
2021-09-16,86.24,90.746,82.029,84.738,7261842.6,2021-09-16 23:59:59.999,629615211.6333
2021-09-17,84.739,86.713,80.555,85.881,4892779.7,2021-09-17 23:59:59.999,409467213.7351
2021-09-18,85.888,87.484,82.55,84.322,4058926.3,2021-09-18 23:59:59.999,345972566.8052
2021-09-19,84.329,85.2,81.475,83.562,2916685.2,2021-09-19 23:59:59.999,243347687.0533
2021-09-20,83.582,83.74,71.24,74.428,8979971.5,2021-09-20 23:59:59.999,691773171.1038
2021-09-21,74.438,76.584,67.931,69.498,6476806.1,2021-09-21 23:59:59.999,472031682.5452
2021-09-22,69.491,75.0,68.63,74.482,4378626.2,2021-09-22 23:59:59.999,314336719.6877
2021-09-23,74.491,75.571,71.704,74.63,3731698.9,2021-09-23 23:59:59.999,275504773.3604
2021-09-24,74.629,74.975,60.098,63.299,12709340.4,2021-09-24 23:59:59.999,821853467.0274
2021-09-25,63.298,63.876,58.738,60.374,8383986.8,2021-09-25 23:59:59.999,515634172.1398
2021-09-26,60.366,60.637,49.945,55.74,20492502.6,2021-09-26 23:59:59.999,1132028566.8247
2021-09-27,55.742,62.973,54.649,58.954,15217384.8,2021-09-27 23:59:59.999,916860424.7788
2021-09-28,58.954,59.576,55.028,55.262,9401628.0,2021-09-28 23:59:59.999,539030768.7979
2021-09-29,55.271,58.518,55.175,56.976,5835752.5,2021-09-29 23:59:59.999,332984378.9592
2021-09-30,56.965,61.171,56.784,60.015,5701184.7,2021-09-30 23:59:59.999,338140256.3088
2021-10-01,60.027,73.343,59.562,71.449,9199619.0,2021-10-01 23:59:59.999,600724754.8477
2021-10-02,71.463,74.0,68.326,69.679,9697907.1,2021-10-02 23:59:59.999,689454621.54
2021-10-03,69.666,70.891,67.592,69.121,5784493.7,2021-10-03 23:59:59.999,401476679.4691
2021-10-04,69.119,70.714,65.594,69.808,7429143.2,2021-10-04 23:59:59.999,505571607.8575
2021-10-05,69.805,73.053,68.299,70.937,7305194.5,2021-10-05 23:59:59.999,516677448.4822
2021-10-06,70.943,74.964,66.49,71.8,9293887.8,2021-10-06 23:59:59.999,658083832.4024
2021-10-07,71.801,74.178,68.933,71.544,7324573.1,2021-10-07 23:59:59.999,525891737.3555
2021-10-08,71.544,81.39,70.627,79.638,13623225.7,2021-10-08 23:59:59.999,1039645430.7957
2021-10-09,79.637,80.7,75.327,77.065,6781953.9,2021-10-09 23:59:59.999,527853778.8397
2021-10-10,77.084,77.149,68.66,69.849,6755651.7,2021-10-10 23:59:59.999,496110072.0757
2021-10-11,69.85,74.752,69.0,73.551,8062058.3,2021-10-11 23:59:59.999,581666321.3809
2021-10-12,73.554,73.583,66.1,69.818,7995347.9,2021-10-12 23:59:59.999,555267556.7074
2021-10-13,69.806,70.767,60.251,68.307,12080447.7,2021-10-13 23:59:59.999,796093929.6439
2021-10-14,68.32,72.0,67.2,70.45,7378605.9,2021-10-14 23:59:59.999,517918623.638
2021-10-15,70.439,70.462,65.0,67.377,7411493.1,2021-10-15 23:59:59.999,501678686.0497
2021-10-16,67.377,69.35,65.803,66.634,4314983.9,2021-10-16 23:59:59.999,291805242.9057
2021-10-17,66.628,67.229,61.0,63.951,5280603.0,2021-10-17 23:59:59.999,341031323.0667
2021-10-18,63.951,65.163,61.419,63.526,4177633.1,2021-10-18 23:59:59.999,263692399.2046
2021-10-19,63.52,64.177,62.102,62.998,2827647.8,2021-10-19 23:59:59.999,178701306.1509
2021-10-20,62.999,68.357,62.566,67.152,7093905.1,2021-10-20 23:59:59.999,468398684.8382
2021-10-21,67.145,68.3,62.621,63.702,6247943.7,2021-10-21 23:59:59.999,412819255.2071
2021-10-22,63.692,67.042,63.68,66.056,5401952.3,2021-10-22 23:59:59.999,353278039.6767
2021-10-23,66.051,66.521,63.952,64.881,3117304.9,2021-10-23 23:59:59.999,202899799.6719
2021-10-24,64.877,65.215,61.268,62.648,4251301.2,2021-10-24 23:59:59.999,268844631.3364
2021-10-25,62.679,65.5,62.358,64.005,4150209.5,2021-10-25 23:59:59.999,265704126.6671
2021-10-26,64.009,65.366,62.1,62.882,5005862.6,2021-10-26 23:59:59.999,320188252.8339
2021-10-27,62.888,63.296,50.3,55.466,10438257.3,2021-10-27 23:59:59.999,600407309.6648
2021-10-28,55.466,59.252,54.6,58.189,6101732.2,2021-10-28 23:59:59.999,348837601.2852
2021-10-29,58.172,62.935,57.845,60.276,5181777.3,2021-10-29 23:59:59.999,312026025.5618
2021-10-30,60.26,61.57,57.361,61.561,2828079.9,2021-10-30 23:59:59.999,166983474.2971
2021-10-31,61.56,66.899,59.133,64.488,10697251.3,2021-10-31 23:59:59.999,675277016.6521
2021-11-01,64.49,64.545,60.615,63.9,4530456.3,2021-11-01 23:59:59.999,284701925.5085
2021-11-02,63.911,66.575,63.476,64.723,5685212.4,2021-11-02 23:59:59.999,369732847.8083
2021-11-03,64.707,65.993,61.378,64.1,5148031.4,2021-11-03 23:59:59.999,328535221.9688
2021-11-04,64.1,64.592,61.1,62.518,3321190.8,2021-11-04 23:59:59.999,208171322.5489
2021-11-05,62.518,64.49,61.52,63.578,4246363.4,2021-11-05 23:59:59.999,267563144.4207
2021-11-06,63.579,63.774,57.745,61.926,5101660.5,2021-11-06 23:59:59.999,312552689.5742
2021-11-07,61.937,62.659,61.165,62.615,2340242.8,2021-11-07 23:59:59.999,144915874.7074
2021-11-08,62.624,65.13,62.305,64.351,4586234.9,2021-11-08 23:59:59.999,291333897.1174
2021-11-09,64.351,69.316,63.5,66.786,10936494.6,2021-11-09 23:59:59.999,728334934.9423
2021-11-10,66.792,69.733,58.0,63.55,12304020.5,2021-11-10 23:59:59.999,815581454.5003
2021-11-11,63.537,64.555,61.634,62.805,4885903.1,2021-11-11 23:59:59.999,310184654.4747
2021-11-12,62.8,65.564,60.962,62.94,6215959.3,2021-11-12 23:59:59.999,393422445.9533
2021-11-13,62.935,63.722,62.26,62.937,2175963.7,2021-11-13 23:59:59.999,136962367.8424
2021-11-14,62.941,63.54,61.052,62.604,2259574.2,2021-11-14 23:59:59.999,140805721.0043
2021-11-15,62.603,63.5,60.0,61.011,3372137.0,2021-11-15 23:59:59.999,209241891.8288
2021-11-16,61.009,61.027,51.637,56.172,9357451.6,2021-11-16 23:59:59.999,531341200.595
2021-11-17,56.171,56.858,54.021,56.147,4330809.0,2021-11-17 23:59:59.999,240177675.3341
2021-11-18,56.148,58.16,48.5,51.715,12835646.5,2021-11-18 23:59:59.999,677709321.4995
2021-11-19,51.726,54.495,51.121,53.745,4211067.8,2021-11-19 23:59:59.999,223701037.3122
2021-11-20,53.744,55.262,52.213,54.41,3444586.3,2021-11-20 23:59:59.999,185319657.35
2021-11-21,54.411,54.536,53.01,53.172,2285149.3,2021-11-21 23:59:59.999,122628529.1281
2021-11-22,53.173,53.456,51.371,51.792,4103170.1,2021-11-22 23:59:59.999,214163185.1743
2021-11-23,51.793,52.173,50.286,51.748,3311904.6,2021-11-23 23:59:59.999,170324550.2867
2021-11-24,51.748,51.968,48.618,50.646,3634659.5,2021-11-24 23:59:59.999,182063103.8162
2021-11-25,50.646,56.18,49.808,55.449,6498379.1,2021-11-25 23:59:59.999,346545704.2394
2021-11-26,55.45,59.524,50.313,52.8,13378896.4,2021-11-26 23:59:59.999,731578995.9124
2021-11-27,52.798,59.508,52.559,57.758,9462759.0,2021-11-27 23:59:59.999,540416135.5036
2021-11-28,57.765,57.841,52.265,56.45,6525570.1,2021-11-28 23:59:59.999,360130369.8131
2021-11-29,56.456,57.216,53.849,54.663,3960964.4,2021-11-29 23:59:59.999,219394839.409
2021-11-30,54.662,55.694,53.043,53.751,4932564.0,2021-11-30 23:59:59.999,267685200.3846
2021-12-01,53.761,55.86,53.559,54.416,3844014.8,2021-12-01 23:59:59.999,210402518.7213
2021-12-02,54.424,54.426,52.587,53.744,2824976.9,2021-12-02 23:59:59.999,151153383.8749
2021-12-03,53.744,53.9,47.393,49.703,5462213.0,2021-12-03 23:59:59.999,279400943.4841
2021-12-04,49.702,49.763,32.267,40.96,23861011.0,2021-12-04 23:59:59.999,924169238.1853
2021-12-05,40.977,41.734,36.786,39.058,6204829.4,2021-12-05 23:59:59.999,244239988.8579
2021-12-06,39.066,39.101,35.5,38.704,6896774.9,2021-12-06 23:59:59.999,259517261.3266
2021-12-07,38.7,39.985,38.496,39.137,4638433.3,2021-12-07 23:59:59.999,182028651.1771
2021-12-08,39.137,43.6,38.771,41.373,9674510.6,2021-12-08 23:59:59.999,400291273.2402
2021-12-09,41.372,41.633,36.933,37.474,5089620.6,2021-12-09 23:59:59.999,199533762.3228
2021-12-10,37.47,41.373,37.386,39.812,8977709.0,2021-12-10 23:59:59.999,356629929.1013
2021-12-11,39.824,40.486,38.623,40.402,4885182.4,2021-12-11 23:59:59.999,192377901.7068
2021-12-12,40.402,40.494,38.653,39.656,2910897.0,2021-12-12 23:59:59.999,115392671.8424
2021-12-13,39.656,40.023,35.2,35.849,5436625.4,2021-12-13 23:59:59.999,203606073.3637
2021-12-14,35.839,37.293,35.21,36.715,4106613.7,2021-12-14 23:59:59.999,149108167.2265
2021-12-15,36.715,38.913,35.519,38.183,4786774.1,2021-12-15 23:59:59.999,177526517.4058
2021-12-16,38.174,38.53,36.924,37.189,2951364.6,2021-12-16 23:59:59.999,111642917.112
2021-12-17,37.19,39.0,35.308,35.615,5497112.9,2021-12-17 23:59:59.999,202632923.4661
2021-12-18,35.624,36.765,35.228,36.33,2816067.4,2021-12-18 23:59:59.999,101685941.9515
2021-12-19,36.331,36.713,35.704,35.769,2241328.7,2021-12-19 23:59:59.999,81203505.3158
2021-12-20,35.767,35.936,33.778,34.835,3803248.4,2021-12-20 23:59:59.999,132259344.013
2021-12-21,34.838,35.871,34.272,35.305,3693768.6,2021-12-21 23:59:59.999,129762149.3067
2021-12-22,35.305,36.46,35.067,35.628,5673320.9,2021-12-22 23:59:59.999,203296821.821
2021-12-23,35.628,38.078,35.1,37.344,5827395.7,2021-12-23 23:59:59.999,212044710.7439
2021-12-24,37.342,37.753,35.8,36.453,4707206.2,2021-12-24 23:59:59.999,173936459.8075
2021-12-25,36.456,37.319,36.18,37.0,3459190.7,2021-12-25 23:59:59.999,126915511.6799
2021-12-26,37.007,37.722,35.351,37.295,5225441.9,2021-12-26 23:59:59.999,190618628.0658
2021-12-27,37.298,41.314,36.92,39.224,10804553.3,2021-12-27 23:59:59.999,423093207.0534
2021-12-28,39.233,39.849,35.766,36.226,10496769.2,2021-12-28 23:59:59.999,396226214.9502
2021-12-29,36.228,36.745,33.757,34.182,6025747.1,2021-12-29 23:59:59.999,212421604.4063
2021-12-30,34.191,35.843,33.176,34.949,6222676.3,2021-12-30 23:59:59.999,216205938.8015
2021-12-31,34.946,35.729,33.479,34.235,5665033.2,2021-12-31 23:59:59.999,197657401.6193
2022-01-01,34.239,35.978,34.239,35.882,2883085.7,2022-01-01 23:59:59.999,100851294.4739
2022-01-02,35.882,36.498,35.187,35.733,3587091.3,2022-01-02 23:59:59.999,128255350.656
2022-01-03,35.73,35.758,34.351,35.089,4013929.9,2022-01-03 23:59:59.999,140779820.5661
2022-01-04,35.088,38.283,34.4,36.173,9109429.9,2022-01-04 23:59:59.999,332842939.5924
2022-01-05,36.17,38.5,31.0,33.125,10662981.2,2022-01-05 23:59:59.999,382234019.2474
2022-01-06,33.123,33.475,32.0,32.963,5366418.1,2022-01-06 23:59:59.999,175830699.0167
2022-01-07,32.959,33.059,29.5,31.532,7974724.4,2022-01-07 23:59:59.999,248255200.6709
2022-01-08,31.533,32.2,28.287,29.434,5331528.9,2022-01-08 23:59:59.999,161527622.868
2022-01-09,29.435,31.08,29.252,30.206,4330746.8,2022-01-09 23:59:59.999,130492978.5234
2022-01-10,30.195,30.37,26.076,28.103,7983964.2,2022-01-10 23:59:59.999,225646985.3226
2022-01-11,28.106,29.246,27.769,28.862,4408044.0,2022-01-11 23:59:59.999,125560484.4032
2022-01-12,28.863,30.878,28.461,30.75,5709408.1,2022-01-12 23:59:59.999,169885807.947
2022-01-13,30.756,30.861,28.367,28.488,5601735.6,2022-01-13 23:59:59.999,166547095.7084
2022-01-14,28.494,29.862,28.0,29.686,4718420.9,2022-01-14 23:59:59.999,136527682.0259
2022-01-15,29.69,30.601,29.301,29.646,3817463.3,2022-01-15 23:59:59.999,114188329.4629
2022-01-16,29.65,31.488,29.564,30.376,4971610.3,2022-01-16 23:59:59.999,151426179.6396
2022-01-17,30.375,30.454,28.507,28.964,4734162.1,2022-01-17 23:59:59.999,139233145.603
2022-01-18,28.967,29.327,27.64,28.462,4563030.4,2022-01-18 23:59:59.999,129170310.3611
2022-01-19,28.463,28.714,27.18,27.603,4109235.4,2022-01-19 23:59:59.999,114763045.0885
2022-01-20,27.603,28.694,25.97,26.177,4573788.8,2022-01-20 23:59:59.999,126243312.6467
2022-01-21,26.177,26.572,21.0,21.947,10946173.1,2022-01-21 23:59:59.999,261994181.8301
2022-01-22,21.935,22.618,16.936,18.987,16769436.3,2022-01-22 23:59:59.999,327805596.5346
2022-01-23,18.989,20.238,18.326,19.47,8023205.3,2022-01-23 23:59:59.999,154626134.0287
2022-01-24,19.471,19.483,16.786,18.395,11332007.6,2022-01-24 23:59:59.999,201883090.4033
2022-01-25,18.391,18.532,17.708,18.144,6530879.1,2022-01-25 23:59:59.999,118292912.1929
2022-01-26,18.146,20.434,17.978,19.262,10561454.4,2022-01-26 23:59:59.999,201527717.7764
2022-01-27,19.26,19.97,18.05,19.177,10794346.3,2022-01-27 23:59:59.999,204614572.4452
2022-01-28,19.183,19.867,18.471,19.601,6957159.4,2022-01-28 23:59:59.999,132910761.4527
2022-01-29,19.602,20.778,19.349,20.265,6988648.6,2022-01-29 23:59:59.999,141097305.0321
2022-01-30,20.263,20.877,19.446,19.799,5134287.5,2022-01-30 23:59:59.999,103741110.9674
2022-01-31,19.795,21.563,18.92,21.279,7648594.9,2022-01-31 23:59:59.999,155577072.1007
2022-02-01,21.282,21.597,20.564,20.871,5239929.4,2022-02-01 23:59:59.999,110350607.1423
2022-02-02,20.875,21.443,19.912,20.154,6295266.5,2022-02-02 23:59:59.999,130388223.6429
2022-02-03,20.16,20.552,19.5,20.346,5015364.9,2022-02-03 23:59:59.999,100725701.3646
2022-02-04,20.346,21.706,20.183,21.615,6193736.7,2022-02-04 23:59:59.999,129253531.0095
2022-02-05,21.625,22.798,21.339,21.967,5927350.9,2022-02-05 23:59:59.999,130860780.3838
2022-02-06,21.969,22.608,21.511,22.439,4344822.8,2022-02-06 23:59:59.999,96057830.0615
2022-02-07,22.448,24.695,22.026,24.496,8432920.7,2022-02-07 23:59:59.999,197288028.2748
2022-02-08,24.493,26.247,23.095,24.604,14480547.1,2022-02-08 23:59:59.999,355634790.5439
2022-02-09,24.607,24.833,23.412,24.277,6361459.8,2022-02-09 23:59:59.999,153401829.8895
2022-02-10,24.272,24.784,22.73,23.124,8907568.3,2022-02-10 23:59:59.999,212014210.3032
2022-02-11,23.131,23.38,20.796,21.077,6413768.2,2022-02-11 23:59:59.999,144384816.7944
2022-02-12,21.075,21.38,20.23,20.865,5671955.3,2022-02-12 23:59:59.999,118269863.2371
2022-02-13,20.863,21.185,20.391,20.546,3697997.6,2022-02-13 23:59:59.999,76999034.3122
2022-02-14,20.547,21.064,19.91,20.695,4725894.2,2022-02-14 23:59:59.999,96416269.9728
2022-02-15,20.697,22.52,20.65,22.336,5312643.5,2022-02-15 23:59:59.999,114955472.7287
2022-02-16,22.342,23.587,21.48,23.067,9311033.7,2022-02-16 23:59:59.999,209757386.1818
2022-02-17,23.059,23.388,20.136,20.513,12849526.6,2022-02-17 23:59:59.999,281787432.836
2022-02-18,20.516,21.338,20.15,21.005,7871239.7,2022-02-18 23:59:59.999,163130299.1423
2022-02-19,21.004,21.254,20.038,20.794,4950669.7,2022-02-19 23:59:59.999,102598207.6297
2022-02-20,20.792,20.859,19.33,19.784,5031967.3,2022-02-20 23:59:59.999,100064227.698
2022-02-21,19.789,20.473,18.479,18.609,7199038.9,2022-02-21 23:59:59.999,141531690.4771
2022-02-22,18.606,19.237,18.018,19.16,5880943.7,2022-02-22 23:59:59.999,110035569.6244
2022-02-23,19.16,19.587,18.386,18.431,5210947.5,2022-02-23 23:59:59.999,99494243.2013
2022-02-24,18.429,18.84,16.61,18.407,11290191.1,2022-02-24 23:59:59.999,197873912.8092
2022-02-25,18.409,19.2,18.078,18.902,6116173.3,2022-02-25 23:59:59.999,113801655.1138
2022-02-26,18.914,19.457,18.506,19.059,4494796.4,2022-02-26 23:59:59.999,85537978.5409
2022-02-27,19.059,21.338,18.35,20.351,18065347.0,2022-02-27 23:59:59.999,365263535.7846
2022-02-28,20.35,21.937,19.671,21.679,15408343.7,2022-02-28 23:59:59.999,317610270.8255
2022-03-01,21.679,22.266,20.5,20.956,10280537.6,2022-03-01 23:59:59.999,218903038.4776
2022-03-02,20.954,21.687,20.17,20.739,9612475.9,2022-03-02 23:59:59.999,201255559.5367
2022-03-03,20.74,20.96,19.521,20.114,5868299.3,2022-03-03 23:59:59.999,118541014.7254
2022-03-04,20.117,20.285,18.438,18.801,6527106.3,2022-03-04 23:59:59.999,126190030.2709
2022-03-05,18.802,19.225,18.228,19.07,3289322.8,2022-03-05 23:59:59.999,61965597.6546
2022-03-06,19.071,19.286,18.309,18.432,3810884.4,2022-03-06 23:59:59.999,71509130.3848
2022-03-07,18.431,18.899,17.073,17.802,6235104.7,2022-03-07 23:59:59.999,112561307.2742
2022-03-08,17.805,18.323,17.641,18.02,4347289.5,2022-03-08 23:59:59.999,78258363.0458
2022-03-09,18.025,19.27,17.948,18.813,5309201.3,2022-03-09 23:59:59.999,99243719.9729
2022-03-10,18.813,18.864,17.2,17.875,5238995.4,2022-03-10 23:59:59.999,93668239.3757
2022-03-11,17.876,18.056,17.141,17.358,4280807.3,2022-03-11 23:59:59.999,75365622.5316
2022-03-12,17.358,18.47,17.32,17.706,5892180.9,2022-03-12 23:59:59.999,106124520.3342
2022-03-13,17.704,18.06,16.942,17.226,3737978.7,2022-03-13 23:59:59.999,65952216.0934
2022-03-14,17.231,17.688,17.048,17.442,3927082.3,2022-03-14 23:59:59.999,68142892.8382
2022-03-15,17.445,17.506,16.366,16.795,5960610.6,2022-03-15 23:59:59.999,100433223.7332
2022-03-16,16.795,17.474,16.713,17.416,6489534.0,2022-03-16 23:59:59.999,110761552.1399
2022-03-17,17.419,17.79,17.22,17.428,4460122.0,2022-03-17 23:59:59.999,78059671.164
2022-03-18,17.429,17.83,17.067,17.599,4310636.9,2022-03-18 23:59:59.999,74925079.3287
2022-03-19,17.597,18.406,17.551,18.207,6926616.6,2022-03-19 23:59:59.999,124862752.2181
2022-03-20,18.211,18.29,17.19,17.632,5647985.8,2022-03-20 23:59:59.999,100434182.2541
2022-03-21,17.637,17.967,17.315,17.825,5208119.9,2022-03-21 23:59:59.999,92328637.3759
2022-03-22,17.825,18.697,17.743,18.29,7798200.5,2022-03-22 23:59:59.999,142808891.0817
2022-03-23,18.294,19.627,18.271,19.336,12601846.1,2022-03-23 23:59:59.999,240047435.0667
2022-03-24,19.339,19.827,18.866,19.598,9825326.5,2022-03-24 23:59:59.999,190252212.2508
2022-03-25,19.599,19.69,18.31,18.838,7462139.3,2022-03-25 23:59:59.999,142999086.4708
2022-03-26,18.837,19.452,18.617,19.412,4603268.8,2022-03-26 23:59:59.999,87281230.8026
2022-03-27,19.413,24.103,18.909,23.697,24909507.6,2022-03-27 23:59:59.999,533438620.4945
2022-03-28,23.702,27.87,23.445,25.329,56735602.9,2022-03-28 23:59:59.999,1438825946.034
2022-03-29,25.33,28.175,24.859,26.361,39088387.5,2022-03-29 23:59:59.999,1035515615.8271
2022-03-30,26.362,26.613,24.66,25.925,20848523.9,2022-03-30 23:59:59.999,537804797.0189
2022-03-31,25.925,27.57,23.87,24.468,20000384.9,2022-03-31 23:59:59.999,510306478.2579
2022-04-01,24.464,26.166,22.906,25.524,16911217.9,2022-04-01 23:59:59.999,409023880.2623
2022-04-02,25.52,26.754,23.74,23.933,13023983.2,2022-04-02 23:59:59.999,329273711.9297
2022-04-03,23.933,25.914,23.57,25.446,10912067.6,2022-04-03 23:59:59.999,271735532.6173
2022-04-04,25.446,25.781,23.62,25.27,14981612.3,2022-04-04 23:59:59.999,373533565.068
2022-04-05,25.268,26.583,24.5,24.875,23214878.1,2022-04-05 23:59:59.999,595005058.5523
2022-04-06,24.881,24.91,21.51,21.731,19053822.2,2022-04-06 23:59:59.999,447592628.7651
2022-04-07,21.731,22.685,21.398,22.455,9573994.5,2022-04-07 23:59:59.999,212071568.2172
2022-04-08,22.452,22.922,20.968,21.281,11805352.0,2022-04-08 23:59:59.999,260994094.4312
2022-04-09,21.284,21.75,21.139,21.7,4953608.7,2022-04-09 23:59:59.999,106477380.6612
2022-04-10,21.701,21.84,20.799,21.01,5551518.0,2022-04-10 23:59:59.999,118975364.0746
2022-04-11,21.009,21.06,17.968,18.309,13876755.4,2022-04-11 23:59:59.999,268645565.0633
2022-04-12,18.308,19.702,18.253,19.443,10843746.6,2022-04-12 23:59:59.999,206143955.9526
2022-04-13,19.446,19.578,18.724,19.401,7329596.1,2022-04-13 23:59:59.999,141115392.0899
2022-04-14,19.4,19.782,18.437,18.679,7913234.3,2022-04-14 23:59:59.999,151310567.679
2022-04-15,18.679,19.196,18.647,19.043,5939836.8,2022-04-15 23:59:59.999,112563448.8067
2022-04-16,19.044,22.173,18.823,21.66,23791127.7,2022-04-16 23:59:59.999,489984772.8039
2022-04-17,21.663,21.8,19.557,19.677,30263606.3,2022-04-17 23:59:59.999,633519045.0133
2022-04-18,19.678,19.93,18.315,19.626,16126114.6,2022-04-18 23:59:59.999,309653555.4235
2022-04-19,19.626,21.16,19.363,20.406,12839069.2,2022-04-19 23:59:59.999,258325494.2637
2022-04-20,20.41,20.716,19.323,19.611,11519592.0,2022-04-20 23:59:59.999,230579671.9414
2022-04-21,19.609,20.258,18.443,18.837,10776734.7,2022-04-21 23:59:59.999,211094780.858
2022-04-22,18.835,19.52,18.663,19.288,8839685.9,2022-04-22 23:59:59.999,168681077.3393
2022-04-23,19.287,19.557,18.729,18.909,12906144.5,2022-04-23 23:59:59.999,248392407.9504
2022-04-24,18.91,19.387,18.61,18.903,10257356.2,2022-04-24 23:59:59.999,195049243.3716
2022-04-25,18.902,18.931,17.343,18.632,12121451.1,2022-04-25 23:59:59.999,220390093.3971
2022-04-26,18.632,18.769,16.951,17.282,8927048.4,2022-04-26 23:59:59.999,160780497.3789
2022-04-27,17.282,18.014,17.209,17.705,5302370.7,2022-04-27 23:59:59.999,93599626.5459
2022-04-28,17.705,18.506,17.476,18.076,8310306.7,2022-04-28 23:59:59.999,149104088.7297
2022-04-29,18.076,18.203,16.975,17.305,7735477.4,2022-04-29 23:59:59.999,135197242.8937
2022-04-30,17.304,18.027,11.669,14.217,23779265.9,2022-04-30 23:59:59.999,366059331.9285
2022-05-01,14.215,15.691,13.876,15.097,20387285.1,2022-05-01 23:59:59.999,300872164.2305
2022-05-02,15.097,15.27,14.098,14.618,12383633.7,2022-05-02 23:59:59.999,183207234.851
2022-05-03,14.615,14.969,14.217,14.621,7385357.6,2022-05-03 23:59:59.999,108336543.6308
2022-05-04,14.621,15.957,14.522,15.713,10706685.7,2022-05-04 23:59:59.999,161340611.1534
2022-05-05,15.716,15.865,13.253,13.971,19430628.2,2022-05-05 23:59:59.999,279907312.6901
2022-05-06,13.97,14.141,13.322,13.862,10489305.4,2022-05-06 23:59:59.999,144139385.2641
2022-05-07,13.863,13.93,12.782,13.24,9571900.3,2022-05-07 23:59:59.999,129951632.1198
2022-05-08,13.239,13.45,12.818,13.098,10394205.1,2022-05-08 23:59:59.999,136567676.2372
2022-05-09,13.099,13.29,10.68,10.977,23780888.8,2022-05-09 23:59:59.999,284000376.696
2022-05-10,10.977,12.527,10.515,11.36,27887659.5,2022-05-10 23:59:59.999,323201761.5434
2022-05-11,11.36,11.565,8.167,8.598,41510269.6,2022-05-11 23:59:59.999,403154220.7038
2022-05-12,8.596,9.053,6.64,8.119,37499597.1,2022-05-12 23:59:59.999,294046921.8601
2022-05-13,8.12,9.47,7.877,8.732,20962205.9,2022-05-13 23:59:59.999,184786589.9934
2022-05-14,8.732,9.118,8.015,8.793,11495503.3,2022-05-14 23:59:59.999,98293522.9469
2022-05-15,8.794,9.246,8.461,9.153,8222792.2,2022-05-15 23:59:59.999,72474895.3528
2022-05-16,9.155,9.155,8.182,8.291,10473335.6,2022-05-16 23:59:59.999,88988476.6248
2022-05-17,8.292,8.904,8.171,8.568,8796171.7,2022-05-17 23:59:59.999,75235882.1962
2022-05-18,8.569,8.714,7.46,7.599,11920278.5,2022-05-18 23:59:59.999,95568692.1779
2022-05-19,7.599,8.316,7.352,8.207,13941795.4,2022-05-19 23:59:59.999,109815832.5164
2022-05-20,8.208,8.338,7.665,7.918,9431900.5,2022-05-20 23:59:59.999,75814240.9104
2022-05-21,7.92,8.34,7.732,8.171,7597560.4,2022-05-21 23:59:59.999,61121326.0022
2022-05-22,8.171,8.505,8.002,8.446,7698200.4,2022-05-22 23:59:59.999,63910216.0806
2022-05-23,8.444,9.51,7.995,8.167,31032347.8,2022-05-23 23:59:59.999,272928515.4573
2022-05-24,8.167,8.534,8.001,8.411,17229945.4,2022-05-24 23:59:59.999,143557524.747
2022-05-25,8.41,8.596,8.05,8.171,13954585.9,2022-05-25 23:59:59.999,115621397.6544
2022-05-26,8.168,8.29,7.272,7.627,17976651.5,2022-05-26 23:59:59.999,139975358.6417
2022-05-27,7.627,7.73,7.128,7.221,15773024.0,2022-05-27 23:59:59.999,117462072.8305
2022-05-28,7.22,7.599,7.152,7.532,8511239.7,2022-05-28 23:59:59.999,62891767.3341
2022-05-29,7.532,7.797,7.316,7.617,8195151.8,2022-05-29 23:59:59.999,61719331.9452
2022-05-30,7.615,8.304,7.538,8.215,13794626.4,2022-05-30 23:59:59.999,109914409.3277
2022-05-31,8.214,8.361,7.805,8.086,13290887.2,2022-05-31 23:59:59.999,107603579.377
2022-06-01,8.087,8.176,7.29,7.433,13232767.9,2022-06-01 23:59:59.999,103301034.427
2022-06-02,7.435,7.807,7.297,7.728,8383462.7,2022-06-02 23:59:59.999,63023290.4006
2022-06-03,7.729,7.754,7.234,7.377,8977204.2,2022-06-03 23:59:59.999,66891945.6513
2022-06-04,7.378,7.516,7.2,7.46,5580411.0,2022-06-04 23:59:59.999,41135078.297
2022-06-05,7.459,7.564,7.239,7.362,5731123.9,2022-06-05 23:59:59.999,42432552.4089
2022-06-06,7.363,7.881,7.346,7.56,9828023.5,2022-06-06 23:59:59.999,74981504.9379
2022-06-07,7.56,7.659,6.975,7.322,14993541.9,2022-06-07 23:59:59.999,109250813.8414
2022-06-08,7.32,7.455,7.13,7.18,9402235.5,2022-06-08 23:59:59.999,68404338.7272
2022-06-09,7.18,7.325,7.065,7.216,6799451.0,2022-06-09 23:59:59.999,49030643.2128
2022-06-10,7.218,7.248,6.709,6.817,12059678.2,2022-06-10 23:59:59.999,84109853.4042
2022-06-11,6.817,6.909,6.05,6.103,13498718.2,2022-06-11 23:59:59.999,86634695.5762
2022-06-12,6.104,6.177,5.578,5.672,16262100.7,2022-06-12 23:59:59.999,95476787.4771
2022-06-13,5.671,5.829,5.112,5.33,28153829.0,2022-06-13 23:59:59.999,151110621.8739
2022-06-14,5.33,5.718,4.989,5.469,20098071.0,2022-06-14 23:59:59.999,108989864.028
2022-06-15,5.469,5.875,5.062,5.87,22444518.7,2022-06-15 23:59:59.999,120284118.4797
2022-06-16,5.871,5.939,5.2,5.302,13816650.7,2022-06-16 23:59:59.999,76114473.0861
2022-06-17,5.301,5.477,5.276,5.336,9491900.4,2022-06-17 23:59:59.999,51038844.5049
2022-06-18,5.337,5.415,4.783,5.109,18779186.6,2022-06-18 23:59:59.999,95506740.8915
2022-06-19,5.108,5.547,4.98,5.485,20410921.9,2022-06-19 23:59:59.999,107055263.6558
2022-06-20,5.483,5.688,5.284,5.458,17891635.5,2022-06-20 23:59:59.999,97865663.8399
2022-06-21,5.458,6.394,5.393,5.967,33133838.3,2022-06-21 23:59:59.999,196337651.0201
2022-06-22,5.968,5.974,5.44,5.518,19710337.4,2022-06-22 23:59:59.999,111247690.5914
2022-06-23,5.518,5.92,5.504,5.789,14919946.7,2022-06-23 23:59:59.999,85621719.8595
2022-06-24,5.789,6.302,5.74,6.115,15354601.4,2022-06-24 23:59:59.999,92098038.0727
2022-06-25,6.115,6.299,5.84,6.066,10859699.4,2022-06-25 23:59:59.999,65848361.1878
2022-06-26,6.066,6.347,5.802,5.816,15569474.3,2022-06-26 23:59:59.999,94633802.0539
2022-06-27,5.816,6.11,5.64,5.779,13743962.5,2022-06-27 23:59:59.999,80734967.0611
2022-06-28,5.779,5.967,5.418,5.512,14826640.9,2022-06-28 23:59:59.999,84875134.6534
2022-06-29,5.513,5.597,5.35,5.452,12111515.3,2022-06-29 23:59:59.999,66282671.6189
2022-06-30,5.453,5.502,5.079,5.393,14781790.1,2022-06-30 23:59:59.999,77517344.1361
2022-07-01,5.392,5.55,5.221,5.348,14754699.5,2022-07-01 23:59:59.999,79035399.616
2022-07-02,5.348,5.397,5.205,5.336,7311189.4,2022-07-02 23:59:59.999,38766272.3128
2022-07-03,5.337,5.391,5.183,5.306,8215718.9,2022-07-03 23:59:59.999,43329528.6847
2022-07-04,5.306,5.611,5.206,5.553,12342900.1,2022-07-04 23:59:59.999,66619233.4829
2022-07-05,5.551,5.632,5.306,5.48,16203530.4,2022-07-05 23:59:59.999,88622242.1322
2022-07-06,5.48,5.667,5.423,5.563,13464530.4,2022-07-06 23:59:59.999,74351440.6411
2022-07-07,5.563,5.866,5.523,5.797,12989135.2,2022-07-07 23:59:59.999,73807466.2525
2022-07-08,5.797,5.934,5.558,5.724,11839987.9,2022-07-08 23:59:59.999,67686751.3788
2022-07-09,5.725,5.905,5.68,5.798,8166740.4,2022-07-09 23:59:59.999,47361259.0425
2022-07-10,5.798,5.799,5.426,5.485,9847149.9,2022-07-10 23:59:59.999,54861226.692
2022-07-11,5.485,5.486,5.131,5.187,11516515.1,2022-07-11 23:59:59.999,61329976.4508
2022-07-12,5.188,5.277,5.045,5.076,9679633.3,2022-07-12 23:59:59.999,50193719.9391
2022-07-13,5.075,5.314,4.968,5.287,14404788.5,2022-07-13 23:59:59.999,74354365.1381
2022-07-14,5.286,5.415,5.15,5.358,10684077.3,2022-07-14 23:59:59.999,56371466.8134
2022-07-15,5.359,5.46,5.201,5.225,13006965.1,2022-07-15 23:59:59.999,69639706.6469
2022-07-16,5.224,5.445,5.153,5.39,11643570.6,2022-07-16 23:59:59.999,61596613.812
2022-07-17,5.39,5.976,5.364,5.688,28146257.4,2022-07-17 23:59:59.999,159642650.6687
2022-07-18,5.688,6.154,5.616,5.939,34292966.1,2022-07-18 23:59:59.999,201058540.4314
2022-07-19,5.936,6.269,5.631,6.043,28597376.4,2022-07-19 23:59:59.999,169933756.2595
2022-07-20,6.042,6.179,5.456,5.583,26384186.8,2022-07-20 23:59:59.999,155731430.9531
2022-07-21,5.582,5.733,5.367,5.622,20858292.9,2022-07-21 23:59:59.999,115670489.2083
2022-07-22,5.622,5.802,5.413,5.482,18783687.1,2022-07-22 23:59:59.999,106126236.9678
2022-07-23,5.483,5.656,5.392,5.57,12182902.5,2022-07-23 23:59:59.999,67337902.3313
2022-07-24,5.569,5.911,5.54,5.639,18278159.6,2022-07-24 23:59:59.999,104611850.0453
2022-07-25,5.639,5.689,5.2,5.233,15136689.4,2022-07-25 23:59:59.999,82522004.461
2022-07-26,5.233,5.322,5.09,5.308,16127091.1,2022-07-26 23:59:59.999,83767024.005
2022-07-27,5.309,5.656,5.213,5.652,15403768.4,2022-07-27 23:59:59.999,82986280.1962
2022-07-28,5.651,6.063,5.546,5.926,25497840.0,2022-07-28 23:59:59.999,146860375.1849
2022-07-29,5.927,6.22,5.76,5.96,23901404.8,2022-07-29 23:59:59.999,142789321.6246
2022-07-30,5.959,8.9,5.952,8.038,158384752.7,2022-07-30 23:59:59.999,1239696086.9782
2022-07-31,8.039,10.736,7.915,9.779,247436452.0,2022-07-31 23:59:59.999,2337106654.2
2022-08-01,9.78,11.4,8.354,8.78,230912809.0,2022-08-01 23:59:59.999,2226383211.0574
2022-08-02,8.782,8.872,7.668,8.195,164651211.6,2022-08-02 23:59:59.999,1349172150.3962
2022-08-03,8.196,8.768,7.91,8.083,87896956.0,2022-08-03 23:59:59.999,730279192.2563
2022-08-04,8.083,8.63,7.85,8.085,67155913.5,2022-08-04 23:59:59.999,552692152.3069
2022-08-05,8.085,8.42,8.039,8.341,43440617.0,2022-08-05 23:59:59.999,357744835.7515
2022-08-06,8.34,9.55,8.16,9.443,129712052.4,2022-08-06 23:59:59.999,1188141175.9967
2022-08-07,9.442,9.45,8.648,8.781,66162521.3,2022-08-07 23:59:59.999,588289558.8756
2022-08-08,8.782,9.397,8.5,8.725,62155572.7,2022-08-08 23:59:59.999,563851495.7867
2022-08-09,8.726,8.836,7.778,8.036,60037710.0,2022-08-09 23:59:59.999,499294884.3488
2022-08-10,8.035,8.536,7.705,8.295,59584270.5,2022-08-10 23:59:59.999,487249244.2083
2022-08-11,8.295,9.01,8.222,8.345,54766029.3,2022-08-11 23:59:59.999,472807581.6709
2022-08-12,8.345,8.817,8.153,8.752,42509488.5,2022-08-12 23:59:59.999,363416056.0739
2022-08-13,8.755,8.883,8.229,8.368,36328549.9,2022-08-13 23:59:59.999,312431302.2465
2022-08-14,8.368,8.797,7.947,8.224,37092351.3,2022-08-14 23:59:59.999,311330167.3386
2022-08-15,8.227,8.589,7.997,8.418,37518845.8,2022-08-15 23:59:59.999,309443028.3521
2022-08-16,8.418,8.828,8.141,8.421,64850850.1,2022-08-16 23:59:59.999,548874368.164
2022-08-17,8.421,8.9,7.948,8.19,54978792.4,2022-08-17 23:59:59.999,462813615.7204
2022-08-18,8.19,8.289,6.528,7.473,42726724.6,2022-08-18 23:59:59.999,337783619.1537
2022-08-19,7.474,7.568,6.263,6.457,84290198.0,2022-08-19 23:59:59.999,575531611.042
2022-08-20,6.457,6.73,6.041,6.241,50715612.5,2022-08-20 23:59:59.999,325615023.3865
2022-08-21,6.24,6.576,6.206,6.411,33745741.9,2022-08-21 23:59:59.999,215262080.5621
2022-08-22,6.411,6.423,6.021,6.319,39351880.1,2022-08-22 23:59:59.999,244375005.1221
2022-08-23,6.32,6.446,6.112,6.378,31624313.4,2022-08-23 23:59:59.999,199831102.782
2022-08-24,6.379,6.599,6.166,6.272,38822625.1,2022-08-24 23:59:59.999,246236364.6025
2022-08-25,6.271,6.489,6.244,6.351,25896108.7,2022-08-25 23:59:59.999,165179455.01
2022-08-26,6.352,6.358,5.546,5.658,52776380.1,2022-08-26 23:59:59.999,318865056.0357
2022-08-27,5.657,5.867,5.579,5.824,29863312.8,2022-08-27 23:59:59.999,171017071.7869
2022-08-28,5.824,5.885,5.578,5.639,23434160.7,2022-08-28 23:59:59.999,135261100.1749
2022-08-29,5.638,6.054,5.514,6.009,27546171.5,2022-08-29 23:59:59.999,158984905.3439
2022-08-30,6.008,6.104,5.565,5.713,29862627.8,2022-08-30 23:59:59.999,174204229.3727
2022-08-31,5.712,5.888,5.671,5.742,21841117.9,2022-08-31 23:59:59.999,126535345.7191
2022-09-01,5.743,5.809,5.586,5.771,20000085.5,2022-09-01 23:59:59.999,114263032.0987
2022-09-02,5.771,5.988,5.68,5.822,23002738.9,2022-09-02 23:59:59.999,133858183.2722
2022-09-03,5.823,6.654,5.792,6.507,119559919.8,2022-09-03 23:59:59.999,766287791.0512
2022-09-04,6.508,6.65,6.128,6.263,48235086.9,2022-09-04 23:59:59.999,303692917.7638
2022-09-05,6.262,6.337,5.917,6.138,34762608.2,2022-09-05 23:59:59.999,211112977.5336
2022-09-06,6.137,6.299,5.5,5.595,50280012.6,2022-09-06 23:59:59.999,299825166.3672
2022-09-07,5.595,5.94,5.512,5.853,27055015.2,2022-09-07 23:59:59.999,155190863.3463
2022-09-08,5.853,5.952,5.698,5.859,26368328.9,2022-09-08 23:59:59.999,153360808.4159
2022-09-09,5.858,6.487,5.85,6.379,43031832.9,2022-09-09 23:59:59.999,267862075.9316
2022-09-10,6.38,6.563,6.191,6.352,28718700.2,2022-09-10 23:59:59.999,182107407.4447
2022-09-11,6.352,6.99,6.13,6.406,48196707.0,2022-09-11 23:59:59.999,315746032.395
2022-09-12,6.406,6.8,6.319,6.547,54151444.9,2022-09-12 23:59:59.999,353093172.719
2022-09-13,6.547,6.552,5.804,5.863,38987298.7,2022-09-13 23:59:59.999,240876742.3813
2022-09-14,5.863,6.025,5.735,5.953,24518656.9,2022-09-14 23:59:59.999,144381288.2229
2022-09-15,5.953,5.973,5.63,5.719,25900727.3,2022-09-15 23:59:59.999,150482571.7961
2022-09-16,5.721,5.856,5.641,5.825,18133140.8,2022-09-16 23:59:59.999,104026388.8054
2022-09-17,5.825,5.959,5.788,5.907,12212273.2,2022-09-17 23:59:59.999,71639178.983
2022-09-18,5.908,5.915,4.98,5.252,27740803.7,2022-09-18 23:59:59.999,154268599.3727
2022-09-19,5.252,5.519,5.12,5.47,25520354.7,2022-09-19 23:59:59.999,136011068.1513
2022-09-20,5.471,5.513,5.262,5.308,18297817.4,2022-09-20 23:59:59.999,98459066.2104
2022-09-21,5.309,5.703,5.089,5.238,34153678.8,2022-09-21 23:59:59.999,182001030.7729
2022-09-22,5.238,5.567,5.224,5.519,22177009.4,2022-09-22 23:59:59.999,120224449.04
2022-09-23,5.518,5.83,5.316,5.695,31272408.6,2022-09-23 23:59:59.999,173642721.6379
2022-09-24,5.694,5.802,5.5,5.57,21097438.2,2022-09-24 23:59:59.999,120158467.8517
2022-09-25,5.569,5.906,5.504,5.714,25106737.4,2022-09-25 23:59:59.999,143115065.7711
2022-09-26,5.712,5.806,5.51,5.691,27153950.1,2022-09-26 23:59:59.999,153582894.6294
2022-09-27,5.691,6.161,5.589,5.72,39472576.2,2022-09-27 23:59:59.999,232549690.0981
2022-09-28,5.722,6.056,5.544,5.851,31182724.2,2022-09-28 23:59:59.999,179911272.4346
2022-09-29,5.852,5.95,5.661,5.777,22837642.0,2022-09-29 23:59:59.999,131911488.043
2022-09-30,5.777,5.84,5.6,5.681,23307419.2,2022-09-30 23:59:59.999,133365704.4439
2022-10-01,5.682,5.697,5.459,5.515,13819144.0,2022-10-01 23:59:59.999,77414247.1874
2022-10-02,5.515,5.57,5.323,5.376,16396771.9,2022-10-02 23:59:59.999,89511442.9741
2022-10-03,5.376,5.547,5.28,5.516,16034788.0,2022-10-03 23:59:59.999,87477272.028
2022-10-04,5.515,5.652,5.483,5.602,16771573.7,2022-10-04 23:59:59.999,93332175.5608
2022-10-05,5.601,5.654,5.429,5.585,17270292.7,2022-10-05 23:59:59.999,95738265.6658
2022-10-06,5.585,5.65,5.456,5.481,17315536.6,2022-10-06 23:59:59.999,96452370.3453
2022-10-07,5.481,5.531,5.388,5.468,12195954.7,2022-10-07 23:59:59.999,66657983.7748
2022-10-08,5.468,5.505,5.343,5.395,8294325.7,2022-10-08 23:59:59.999,45179983.8915
2022-10-09,5.395,5.484,5.376,5.425,9315372.6,2022-10-09 23:59:59.999,50470758.2611
2022-10-10,5.426,5.481,5.046,5.148,20522595.2,2022-10-10 23:59:59.999,108791246.1996
2022-10-11,5.148,5.229,4.956,5.132,23283016.7,2022-10-11 23:59:59.999,119568070.9041
2022-10-12,5.133,5.224,5.098,5.143,12971158.5,2022-10-12 23:59:59.999,66972015.1532
2022-10-13,5.143,5.179,4.707,5.136,44807721.2,2022-10-13 23:59:59.999,221305692.5741
2022-10-14,5.135,5.324,4.99,5.062,24198205.6,2022-10-14 23:59:59.999,125190904.9219
2022-10-15,5.062,5.284,4.963,5.191,26464822.6,2022-10-15 23:59:59.999,136447665.4371
2022-10-16,5.192,5.281,5.088,5.152,16075818.5,2022-10-16 23:59:59.999,83210733.517
2022-10-17,5.152,5.275,5.084,5.254,18597992.1,2022-10-17 23:59:59.999,96471759.3619
2022-10-18,5.254,5.277,5.047,5.128,21368305.8,2022-10-18 23:59:59.999,110224132.0719
2022-10-19,5.127,5.142,4.904,4.976,18895871.2,2022-10-19 23:59:59.999,95575605.2787
2022-10-20,4.976,5.093,4.9,4.937,19822666.2,2022-10-20 23:59:59.999,98957952.5397
2022-10-21,4.938,4.99,4.787,4.955,20892854.1,2022-10-21 23:59:59.999,102529711.8055
2022-10-22,4.955,4.996,4.896,4.954,9587794.4,2022-10-22 23:59:59.999,47391987.2381
2022-10-23,4.953,5.181,4.937,5.119,22273506.4,2022-10-23 23:59:59.999,112323082.422
2022-10-24,5.119,5.149,4.906,4.943,17976810.4,2022-10-24 23:59:59.999,89927485.746
2022-10-25,4.943,5.318,4.904,5.175,30557495.6,2022-10-25 23:59:59.999,155916559.5644
2022-10-26,5.176,5.362,5.173,5.254,28056022.8,2022-10-26 23:59:59.999,148177623.789
2022-10-27,5.254,5.5,5.204,5.231,32427358.1,2022-10-27 23:59:59.999,172690328.4127
2022-10-28,5.231,5.474,5.108,5.362,31333785.9,2022-10-28 23:59:59.999,164963937.892
2022-10-29,5.362,5.902,5.335,5.71,42065197.5,2022-10-29 23:59:59.999,234011232.4609
2022-10-30,5.71,5.753,5.273,5.388,28078422.3,2022-10-30 23:59:59.999,156194980.8703
2022-10-31,5.387,5.517,5.295,5.424,24232402.4,2022-10-31 23:59:59.999,130958919.6958
2022-11-01,5.423,5.508,5.321,5.362,20413815.5,2022-11-01 23:59:59.999,110636598.8913
2022-11-02,5.362,5.431,5.082,5.223,29030918.9,2022-11-02 23:59:59.999,153323144.5226
2022-11-03,5.222,6.244,5.209,5.783,86899989.3,2022-11-03 23:59:59.999,510869283.8409
2022-11-04,5.782,6.3,5.738,6.144,49865386.1,2022-11-04 23:59:59.999,298689129.3252
2022-11-05,6.145,6.559,6.01,6.166,35185801.7,2022-11-05 23:59:59.999,218568336.1582
2022-11-06,6.165,6.394,5.766,5.827,33762807.0,2022-11-06 23:59:59.999,207280064.129
2022-11-07,5.826,5.946,5.589,5.731,26887951.0,2022-11-07 23:59:59.999,155001256.2072
2022-11-08,5.731,5.854,4.101,4.778,70360769.7,2022-11-08 23:59:59.999,360487077.9748
2022-11-09,4.778,4.861,3.948,4.138,67921988.0,2022-11-09 23:59:59.999,301126530.2354
2022-11-10,4.137,4.79,4.072,4.631,45333505.1,2022-11-10 23:59:59.999,202249486.3078
2022-11-11,4.632,4.68,4.182,4.478,26757033.8,2022-11-11 23:59:59.999,119356523.3562
2022-11-12,4.479,4.491,4.214,4.27,16657316.5,2022-11-12 23:59:59.999,72199692.2035
2022-11-13,4.27,4.451,4.204,4.282,27936495.7,2022-11-13 23:59:59.999,120702122.2486
2022-11-14,4.282,4.406,4.054,4.332,27696736.8,2022-11-14 23:59:59.999,117919163.5628
2022-11-15,4.331,4.507,4.271,4.389,18708141.5,2022-11-15 23:59:59.999,82201728.7105
2022-11-16,4.39,4.55,4.254,4.33,24730997.9,2022-11-16 23:59:59.999,108857356.5625
2022-11-17,4.33,4.392,4.215,4.314,15459989.1,2022-11-17 23:59:59.999,66593198.4193
2022-11-18,4.315,4.417,4.274,4.342,12736980.8,2022-11-18 23:59:59.999,55407686.6646
2022-11-19,4.343,4.43,4.243,4.383,12640606.1,2022-11-19 23:59:59.999,54840423.5222
2022-11-20,4.384,4.465,4.079,4.161,19396551.3,2022-11-20 23:59:59.999,83431275.5808
2022-11-21,4.161,4.228,4.027,4.165,25731664.6,2022-11-21 23:59:59.999,106512525.0829
2022-11-22,4.165,4.363,4.09,4.323,22969078.7,2022-11-22 23:59:59.999,96752615.4975
2022-11-23,4.323,4.491,4.292,4.446,18878404.9,2022-11-23 23:59:59.999,83063474.6119
2022-11-24,4.445,4.46,4.343,4.394,15109257.1,2022-11-24 23:59:59.999,66498518.0481
2022-11-25,4.394,4.402,4.246,4.296,14421227.9,2022-11-25 23:59:59.999,61969260.5221
2022-11-26,4.296,4.404,4.268,4.305,12246945.2,2022-11-26 23:59:59.999,53049302.5143
2022-11-27,4.305,4.512,4.276,4.34,25337282.9,2022-11-27 23:59:59.999,112123993.6563
2022-11-28,4.34,4.385,4.124,4.252,23924922.6,2022-11-28 23:59:59.999,101203203.7517
2022-11-29,4.251,4.408,4.213,4.348,20749302.3,2022-11-29 23:59:59.999,90032712.0707
2022-11-30,4.348,4.506,4.21,4.415,23214017.3,2022-11-30 23:59:59.999,101683701.8352
2022-12-01,4.416,4.481,4.341,4.391,17399182.1,2022-12-01 23:59:59.999,76397048.8081
2022-12-02,4.391,4.703,4.336,4.641,37169176.1,2022-12-02 23:59:59.999,169256366.2355
2022-12-03,4.642,4.69,4.37,4.422,15797695.8,2022-12-03 23:59:59.999,71589945.9098
2022-12-04,4.422,4.599,4.416,4.571,10994722.1,2022-12-04 23:59:59.999,49523053.5484
2022-12-05,4.57,4.62,4.46,4.519,19478653.5,2022-12-05 23:59:59.999,88754139.6201
2022-12-06,4.519,4.628,4.49,4.588,21070604.0,2022-12-06 23:59:59.999,95869369.4677
2022-12-07,4.589,4.6,4.156,4.344,23481109.0,2022-12-07 23:59:59.999,103202965.1105
2022-12-08,4.345,4.438,4.3,4.389,16265263.3,2022-12-08 23:59:59.999,71100736.4516
2022-12-09,4.39,4.463,4.37,4.437,13582259.4,2022-12-09 23:59:59.999,60130821.7844
2022-12-10,4.437,4.448,4.359,4.378,7471284.7,2022-12-10 23:59:59.999,32878305.5233
2022-12-11,4.377,4.416,4.231,4.278,9162355.5,2022-12-11 23:59:59.999,39953191.1727
2022-12-12,4.277,4.285,4.15,4.256,13281179.8,2022-12-12 23:59:59.999,56173945.7207
2022-12-13,4.256,4.362,4.108,4.324,15731045.8,2022-12-13 23:59:59.999,67029766.4088
2022-12-14,4.324,4.371,4.171,4.224,16645550.0,2022-12-14 23:59:59.999,71697959.4078
2022-12-15,4.224,4.241,4.083,4.15,12662563.9,2022-12-15 23:59:59.999,52710826.9139
2022-12-16,4.15,4.182,2.329,3.015,83500644.2,2022-12-16 23:59:59.999,270318296.4107
2022-12-17,3.014,3.399,2.853,3.191,117694755.2,2022-12-17 23:59:59.999,360445289.3267
2022-12-18,3.192,3.203,3.019,3.044,45347732.6,2022-12-18 23:59:59.999,141016689.6172
2022-12-19,3.044,3.106,2.65,2.811,64669022.0,2022-12-19 23:59:59.999,189309126.7018
2022-12-20,2.81,3.118,2.798,2.971,53490402.2,2022-12-20 23:59:59.999,159154070.8616
2022-12-21,2.971,3.005,2.863,2.977,31071217.3,2022-12-21 23:59:59.999,91091885.9864
2022-12-22,2.977,3.008,2.882,2.992,27646009.4,2022-12-22 23:59:59.999,81495301.5982
2022-12-23,2.992,3.035,2.94,2.965,18569438.8,2022-12-23 23:59:59.999,55438273.4259
2022-12-24,2.965,2.99,2.914,2.93,9881023.1,2022-12-24 23:59:59.999,29202163.7359
2022-12-25,2.931,2.968,2.893,2.962,14404511.3,2022-12-25 23:59:59.999,42246484.2713
2022-12-26,2.961,3.006,2.94,3.001,11949677.4,2022-12-26 23:59:59.999,35505201.1219
2022-12-27,3.002,3.294,2.953,3.068,81149467.0,2022-12-27 23:59:59.999,254942287.7934
2022-12-28,3.069,3.099,2.902,2.99,42654129.4,2022-12-28 23:59:59.999,127708868.0406
2022-12-29,2.991,3.043,2.912,2.975,26513212.1,2022-12-29 23:59:59.999,79369730.4783
2022-12-30,2.975,2.996,2.913,2.977,18237996.3,2022-12-30 23:59:59.999,54024034.1407
2022-12-31,2.978,3.117,2.958,3.008,21503642.7,2022-12-31 23:59:59.999,65114209.928
2023-01-01,3.009,3.148,2.988,3.106,26281207.5,2023-01-01 23:59:59.999,80927229.3599
2023-01-02,3.106,3.219,3.031,3.149,28038540.8,2023-01-02 23:59:59.999,87917511.5976
2023-01-03,3.15,3.193,3.024,3.089,34076833.2,2023-01-03 23:59:59.999,106408565.441
2023-01-04,3.09,3.499,3.085,3.353,63333359.0,2023-01-04 23:59:59.999,209345101.3052
2023-01-05,3.354,3.361,3.224,3.286,29729042.3,2023-01-05 23:59:59.999,97857756.7783
2023-01-06,3.287,3.355,3.198,3.34,27566150.3,2023-01-06 23:59:59.999,90556243.0363
2023-01-07,3.34,3.399,3.273,3.296,19960373.8,2023-01-07 23:59:59.999,66606461.4744
2023-01-08,3.297,3.462,3.269,3.444,32840493.7,2023-01-08 23:59:59.999,110896912.2291
2023-01-09,3.444,3.957,3.43,3.776,76862652.1,2023-01-09 23:59:59.999,287658043.7122
2023-01-10,3.777,3.865,3.65,3.76,33747563.8,2023-01-10 23:59:59.999,126434452.0337
2023-01-11,3.761,3.784,3.534,3.732,31376913.4,2023-01-11 23:59:59.999,114671609.9645
2023-01-12,3.732,3.878,3.577,3.854,43357617.3,2023-01-12 23:59:59.999,163260061.1602
2023-01-13,3.853,4.114,3.739,4.02,38396292.0,2023-01-13 23:59:59.999,148315134.002
2023-01-14,4.021,4.88,3.927,4.816,80699726.2,2023-01-14 23:59:59.999,350323709.79
2023-01-15,4.816,4.999,4.454,4.703,85444021.3,2023-01-15 23:59:59.999,402966513.7398
2023-01-16,4.704,4.866,4.405,4.574,44883757.2,2023-01-16 23:59:59.999,208466476.6112
2023-01-17,4.574,4.898,4.421,4.629,46673845.5,2023-01-17 23:59:59.999,219108985.6798
2023-01-18,4.63,4.745,4.203,4.252,44893289.4,2023-01-18 23:59:59.999,202875570.9286
2023-01-19,4.252,4.438,4.246,4.405,22757741.6,2023-01-19 23:59:59.999,99037745.7219
2023-01-20,4.404,4.786,4.334,4.743,27134308.2,2023-01-20 23:59:59.999,122408611.933
2023-01-21,4.744,5.199,4.688,4.954,57926845.3,2023-01-21 23:59:59.999,287420800.9782
2023-01-22,4.955,5.798,4.901,5.429,75414970.3,2023-01-22 23:59:59.999,403810695.9681
2023-01-23,5.429,5.787,5.142,5.424,60743088.1,2023-01-23 23:59:59.999,330917990.9546
2023-01-24,5.425,5.562,4.838,4.995,38296592.2,2023-01-24 23:59:59.999,201774940.4063
2023-01-25,4.994,5.707,4.781,5.455,62326519.6,2023-01-25 23:59:59.999,330120023.4359
2023-01-26,5.456,5.668,5.17,5.436,42536146.2,2023-01-26 23:59:59.999,229825728.3538
2023-01-27,5.437,5.49,5.179,5.393,27979448.2,2023-01-27 23:59:59.999,149431972.8458
2023-01-28,5.394,5.614,5.164,5.274,26659683.5,2023-01-28 23:59:59.999,143268318.1019
2023-01-29,5.274,5.575,5.254,5.483,25686261.7,2023-01-29 23:59:59.999,139103614.5484
2023-01-30,5.484,5.537,4.805,5.098,34252033.7,2023-01-30 23:59:59.999,177562065.9506
2023-01-31,5.099,5.443,5.005,5.233,27305632.1,2023-01-31 23:59:59.999,141925846.5166
2023-02-01,5.233,5.798,5.039,5.694,51267953.5,2023-02-01 23:59:59.999,274569461.6228
2023-02-02,5.695,5.883,5.446,5.477,48034398.0,2023-02-02 23:59:59.999,273147881.7389
2023-02-03,5.479,5.79,5.414,5.68,31101180.4,2023-02-03 23:59:59.999,173765898.1052
2023-02-04,5.681,5.733,5.457,5.526,18612455.8,2023-02-04 23:59:59.999,104503014.4128
2023-02-05,5.526,5.556,5.115,5.301,25263630.6,2023-02-05 23:59:59.999,135105626.862
2023-02-06,5.3,5.41,5.068,5.127,24590163.9,2023-02-06 23:59:59.999,129425767.8722
2023-02-07,5.126,5.569,5.119,5.541,31324198.4,2023-02-07 23:59:59.999,168207534.3064
2023-02-08,5.541,5.717,5.258,5.448,47608646.5,2023-02-08 23:59:59.999,262615703.8
2023-02-09,5.448,5.521,4.594,4.787,46976799.0,2023-02-09 23:59:59.999,239464998.6304
2023-02-10,4.786,5.007,4.714,4.844,34636636.3,2023-02-10 23:59:59.999,168535507.5581
2023-02-11,4.844,5.12,4.832,5.098,25055067.7,2023-02-11 23:59:59.999,125840516.261
2023-02-12,5.099,5.154,4.841,4.916,18338794.6,2023-02-12 23:59:59.999,92129437.9725
2023-02-13,4.917,4.962,4.67,4.863,29392719.1,2023-02-13 23:59:59.999,141576892.287
2023-02-14,4.863,5.103,4.747,5.089,27933553.1,2023-02-14 23:59:59.999,137616145.0069
2023-02-15,5.089,5.5,5.004,5.481,27793748.9,2023-02-15 23:59:59.999,145935998.8721
2023-02-16,5.482,6.0,5.353,5.403,61318413.0,2023-02-16 23:59:59.999,347372224.8313
2023-02-17,5.403,7.9,5.397,7.595,348319312.3,2023-02-17 23:59:59.999,2441837936.0825
2023-02-18,7.59,7.996,7.268,7.526,159670369.0,2023-02-18 23:59:59.999,1206789526.7526
2023-02-19,7.526,9.55,7.526,8.47,336895449.9,2023-02-19 23:59:59.999,2923544227.2376
2023-02-20,8.471,8.73,8.033,8.539,140175706.8,2023-02-20 23:59:59.999,1184015104.7815
2023-02-21,8.54,8.693,7.7,8.188,117373619.7,2023-02-21 23:59:59.999,956778230.5402
2023-02-22,8.188,9.186,7.526,8.029,197324516.6,2023-02-22 23:59:59.999,1644376115.4363
2023-02-23,8.029,8.27,7.593,7.852,94372589.6,2023-02-23 23:59:59.999,750244255.889
2023-02-24,7.851,8.053,6.6,6.849,124952946.5,2023-02-24 23:59:59.999,926502672.089
2023-02-25,6.849,6.997,6.338,6.701,77677748.9,2023-02-25 23:59:59.999,523074481.875
2023-02-26,6.702,6.99,6.638,6.899,51119722.0,2023-02-26 23:59:59.999,347241324.2007
2023-02-27,6.899,7.27,6.66,6.849,65087790.2,2023-02-27 23:59:59.999,447577847.7303
2023-02-28,6.848,6.879,6.303,6.483,50002375.3,2023-02-28 23:59:59.999,331038701.8794
2023-03-01,6.483,7.29,6.406,7.25,88675824.8,2023-03-01 23:59:59.999,616234054.8338
2023-03-02,7.25,7.39,6.64,6.904,64948161.1,2023-03-02 23:59:59.999,448592545.588
2023-03-03,6.904,6.976,5.82,6.254,66190072.5,2023-03-03 23:59:59.999,416091030.2287
2023-03-04,6.254,6.324,5.68,5.911,40656182.2,2023-03-04 23:59:59.999,245189496.2379
2023-03-05,5.911,6.277,5.873,6.136,47176269.6,2023-03-05 23:59:59.999,289683835.0054
2023-03-06,6.135,6.24,6.002,6.094,34572977.2,2023-03-06 23:59:59.999,211566373.6375
2023-03-07,6.093,6.194,5.755,5.972,48149403.7,2023-03-07 23:59:59.999,287146223.7635
2023-03-08,5.971,6.104,5.585,5.779,67379016.0,2023-03-08 23:59:59.999,392744267.6652
2023-03-09,5.779,6.197,5.275,5.506,138352089.5,2023-03-09 23:59:59.999,806876041.397
2023-03-10,5.505,5.524,5.096,5.308,123858732.1,2023-03-10 23:59:59.999,655837861.295
2023-03-11,5.308,5.51,4.651,4.951,120777619.2,2023-03-11 23:59:59.999,596068408.6724
2023-03-12,4.951,5.779,4.8,5.715,95769742.5,2023-03-12 23:59:59.999,490880582.9588
2023-03-13,5.714,6.59,5.64,6.378,200031776.1,2023-03-13 23:59:59.999,1214147609.5779
2023-03-14,6.379,7.59,6.128,6.756,176688129.2,2023-03-14 23:59:59.999,1195970498.2019
2023-03-15,6.756,7.049,5.31,5.604,202234074.5,2023-03-15 23:59:59.999,1233334087.1817
2023-03-16,5.603,5.935,5.504,5.8,136487861.0,2023-03-16 23:59:59.999,780376994.7676
2023-03-17,5.8,6.487,5.692,6.392,133302603.7,2023-03-17 23:59:59.999,805047514.4642
2023-03-18,6.391,6.565,5.823,5.879,101940735.9,2023-03-18 23:59:59.999,635690802.92
2023-03-19,5.88,6.525,5.851,6.281,76327230.4,2023-03-19 23:59:59.999,465204389.5253
2023-03-20,6.281,6.456,5.65,5.717,94467648.7,2023-03-20 23:59:59.999,570815250.025
2023-03-21,5.716,6.091,5.619,5.923,67616128.3,2023-03-21 23:59:59.999,396371068.6731
2023-03-22,5.922,5.977,5.3,5.645,78518538.9,2023-03-22 23:59:59.999,449194497.0688
2023-03-23,5.645,5.972,5.605,5.923,48814579.6,2023-03-23 23:59:59.999,282025532.5965
2023-03-24,5.923,6.059,5.437,5.55,62327442.0,2023-03-24 23:59:59.999,357424556.2887
2023-03-25,5.55,5.623,5.248,5.375,37381754.4,2023-03-25 23:59:59.999,204344179.7263
2023-03-26,5.374,5.743,5.349,5.678,34973820.7,2023-03-26 23:59:59.999,194419973.6439
2023-03-27,5.679,5.7,5.191,5.343,47026709.9,2023-03-27 23:59:59.999,254897022.0778
2023-03-28,5.342,5.628,5.262,5.554,40520713.3,2023-03-28 23:59:59.999,219100843.4462
2023-03-29,5.554,5.824,5.538,5.728,39550037.9,2023-03-29 23:59:59.999,226106241.3078
2023-03-30,5.728,5.886,5.422,5.56,48591419.3,2023-03-30 23:59:59.999,273086605.4231
2023-03-31,5.56,5.736,5.438,5.685,32514320.5,2023-03-31 23:59:59.999,182055169.205
2023-04-01,5.685,5.8,5.509,5.761,30449788.1,2023-04-01 23:59:59.999,173419246.0619
2023-04-02,5.76,5.795,5.429,5.545,26341430.8,2023-04-02 23:59:59.999,147747840.636
2023-04-03,5.545,5.683,5.328,5.57,39943940.0,2023-04-03 23:59:59.999,220695425.8567
2023-04-04,5.569,5.667,5.5,5.613,23276391.5,2023-04-04 23:59:59.999,130239021.3584
2023-04-05,5.613,5.79,5.537,5.667,32072639.9,2023-04-05 23:59:59.999,181978772.2125
2023-04-06,5.668,5.683,5.51,5.597,20275317.9,2023-04-06 23:59:59.999,113183416.0131
2023-04-07,5.598,6.019,5.501,5.785,64915768.6,2023-04-07 23:59:59.999,376696424.115
2023-04-08,5.785,5.918,5.725,5.763,42374573.9,2023-04-08 23:59:59.999,246462148.6412
2023-04-09,5.764,5.889,5.607,5.744,30754264.0,2023-04-09 23:59:59.999,176182596.7524
2023-04-10,5.745,6.239,5.666,6.171,50666516.4,2023-04-10 23:59:59.999,302430185.524
2023-04-11,6.172,6.182,5.945,6.111,51747487.7,2023-04-11 23:59:59.999,313704495.8192
2023-04-12,6.11,6.127,5.761,5.962,53144256.2,2023-04-12 23:59:59.999,315736115.6194
2023-04-13,5.961,6.145,5.902,6.078,32761337.9,2023-04-13 23:59:59.999,197582814.2147
2023-04-14,6.079,6.329,5.924,6.23,60043068.9,2023-04-14 23:59:59.999,370621468.1845
2023-04-15,6.229,6.445,6.072,6.303,44726658.0,2023-04-15 23:59:59.999,280048380.9044
2023-04-16,6.304,6.396,6.19,6.341,35780621.5,2023-04-16 23:59:59.999,225511842.7133
2023-04-17,6.342,6.373,6.023,6.122,38736043.9,2023-04-17 23:59:59.999,239206746.5877
2023-04-18,6.122,6.32,6.025,6.265,29950093.8,2023-04-18 23:59:59.999,185839954.7494
2023-04-19,6.265,6.313,5.35,5.692,53145669.7,2023-04-19 23:59:59.999,311680387.8763
2023-04-20,5.691,5.816,5.453,5.56,40656711.3,2023-04-20 23:59:59.999,230169344.4653
2023-04-21,5.56,5.633,5.117,5.256,39779356.3,2023-04-21 23:59:59.999,215551255.8869
2023-04-22,5.255,5.34,5.2,5.325,20266336.1,2023-04-22 23:59:59.999,106839356.3762
2023-04-23,5.324,5.386,5.124,5.268,25615156.9,2023-04-23 23:59:59.999,134929627.2042
2023-04-24,5.267,5.349,5.149,5.253,26146811.4,2023-04-24 23:59:59.999,137302536.3386
2023-04-25,5.252,5.381,5.137,5.346,25667853.4,2023-04-25 23:59:59.999,134255464.7766
2023-04-26,5.347,5.555,4.974,5.247,47473307.1,2023-04-26 23:59:59.999,252269557.0432
2023-04-27,5.248,5.485,5.196,5.386,36513616.6,2023-04-27 23:59:59.999,194499760.8054
2023-04-28,5.387,5.528,5.249,5.505,27980705.8,2023-04-28 23:59:59.999,150602246.9811
2023-04-29,5.504,5.665,5.411,5.568,35543385.2,2023-04-29 23:59:59.999,196227633.9776
2023-04-30,5.568,5.612,5.36,5.414,26700040.9,2023-04-30 23:59:59.999,147216641.147
2023-05-01,5.414,5.46,5.183,5.299,25397108.0,2023-05-01 23:59:59.999,134946514.7423
2023-05-02,5.299,5.322,5.208,5.278,18193939.2,2023-05-02 23:59:59.999,95966681.3264
2023-05-03,5.279,5.383,5.15,5.344,27801141.1,2023-05-03 23:59:59.999,146230977.4932
2023-05-04,5.343,5.364,5.223,5.263,14527527.4,2023-05-04 23:59:59.999,76982255.7249
2023-05-05,5.264,5.326,5.055,5.262,25885626.2,2023-05-05 23:59:59.999,135462342.142
2023-05-06,5.262,5.295,4.924,5.044,24176517.9,2023-05-06 23:59:59.999,123724770.8916
2023-05-07,5.044,5.129,5.0,5.031,15933976.6,2023-05-07 23:59:59.999,80798292.4431
2023-05-08,5.03,5.073,4.32,4.532,49055006.3,2023-05-08 23:59:59.999,230027740.8594
2023-05-09,4.532,4.601,4.484,4.543,21013280.0,2023-05-09 23:59:59.999,95603312.1878
2023-05-10,4.542,4.735,4.35,4.595,39393762.5,2023-05-10 23:59:59.999,180198775.9355
2023-05-11,4.595,4.601,4.204,4.35,36891607.4,2023-05-11 23:59:59.999,163225568.545
2023-05-12,4.35,4.444,4.19,4.436,27264306.2,2023-05-12 23:59:59.999,117457454.5661
2023-05-13,4.435,4.44,4.326,4.382,12958605.2,2023-05-13 23:59:59.999,56763449.9894
2023-05-14,4.382,4.49,4.32,4.448,13763651.7,2023-05-14 23:59:59.999,60797970.5667
2023-05-15,4.448,4.539,4.363,4.449,21820349.6,2023-05-15 23:59:59.999,97623351.4872
2023-05-16,4.45,4.491,4.365,4.424,21452936.5,2023-05-16 23:59:59.999,94886506.4531
2023-05-17,4.425,4.608,4.378,4.541,42820233.1,2023-05-17 23:59:59.999,191910075.2108
2023-05-18,4.542,4.681,4.384,4.457,30064733.2,2023-05-18 23:59:59.999,136114860.1753
2023-05-19,4.457,4.512,4.42,4.493,16431712.0,2023-05-19 23:59:59.999,73385002.7443
2023-05-20,4.492,4.532,4.448,4.508,10306087.0,2023-05-20 23:59:59.999,46252200.0357
2023-05-21,4.508,4.527,4.32,4.376,14861296.9,2023-05-21 23:59:59.999,65892114.296
2023-05-22,4.375,4.437,4.294,4.407,17486279.7,2023-05-22 23:59:59.999,76662066.279
2023-05-23,4.408,4.528,4.391,4.52,19204038.7,2023-05-23 23:59:59.999,86094602.3155
2023-05-24,4.521,4.529,4.3,4.458,24341565.0,2023-05-24 23:59:59.999,107812839.1445
2023-05-25,4.459,4.474,4.327,4.415,16975470.9,2023-05-25 23:59:59.999,74903038.5188
2023-05-26,4.415,4.459,4.368,4.438,13497350.2,2023-05-26 23:59:59.999,59552718.1396
2023-05-27,4.437,4.513,4.405,4.477,10655147.8,2023-05-27 23:59:59.999,47465793.6749
2023-05-28,4.478,4.712,4.467,4.658,20024517.1,2023-05-28 23:59:59.999,91653899.0731
2023-05-29,4.657,4.721,4.584,4.634,15545927.1,2023-05-29 23:59:59.999,72242717.1782
2023-05-30,4.634,4.908,4.596,4.821,37621416.2,2023-05-30 23:59:59.999,180603800.7626
2023-05-31,4.822,4.884,4.572,4.69,28090718.8,2023-05-31 23:59:59.999,132203514.8865
2023-06-01,4.689,4.756,4.604,4.695,18139122.9,2023-06-01 23:59:59.999,84920754.6724
2023-06-02,4.695,5.028,4.669,4.96,46402076.9,2023-06-02 23:59:59.999,228661470.5078
2023-06-03,4.961,4.974,4.801,4.853,20009081.0,2023-06-03 23:59:59.999,98046246.2899
2023-06-04,4.853,4.894,4.611,4.659,24369832.2,2023-06-04 23:59:59.999,116093378.0428
2023-06-05,4.659,4.659,3.934,4.213,54092575.9,2023-06-05 23:59:59.999,238069356.3287
2023-06-06,4.213,4.441,4.135,4.398,28613605.6,2023-06-06 23:59:59.999,122277689.0158
2023-06-07,4.399,4.399,4.044,4.135,29273709.7,2023-06-07 23:59:59.999,123689919.734
2023-06-08,4.134,4.177,4.074,4.09,17968397.6,2023-06-08 23:59:59.999,74094561.39
2023-06-09,4.09,4.144,3.951,4.032,27021868.0,2023-06-09 23:59:59.999,109650093.4009
2023-06-10,4.031,4.04,2.539,3.481,149732899.0,2023-06-10 23:59:59.999,500668150.5975
2023-06-11,3.481,3.498,3.342,3.425,39096592.2,2023-06-11 23:59:59.999,133550976.7966
2023-06-12,3.425,3.608,3.283,3.526,42862745.2,2023-06-12 23:59:59.999,147326668.0091
2023-06-13,3.526,3.744,3.489,3.656,58848323.9,2023-06-13 23:59:59.999,213988432.899
2023-06-14,3.655,3.758,3.444,3.561,37973481.9,2023-06-14 23:59:59.999,137491438.5586
2023-06-15,3.561,3.719,3.465,3.66,37090748.6,2023-06-15 23:59:59.999,132596456.6667
2023-06-16,3.66,3.749,3.53,3.69,25763332.8,2023-06-16 23:59:59.999,93766787.0454
2023-06-17,3.691,3.846,3.655,3.704,20395745.6,2023-06-17 23:59:59.999,76071426.3756
2023-06-18,3.705,3.755,3.62,3.679,17704885.2,2023-06-18 23:59:59.999,65327287.9178
2023-06-19,3.68,3.7,3.573,3.686,19312071.8,2023-06-19 23:59:59.999,70494558.1756
2023-06-20,3.686,3.814,3.585,3.783,25249894.7,2023-06-20 23:59:59.999,93425899.6984
2023-06-21,3.783,3.973,3.744,3.919,43402817.5,2023-06-21 23:59:59.999,166899653.6355
2023-06-22,3.918,4.088,3.823,3.918,35227685.6,2023-06-22 23:59:59.999,139822388.9018
2023-06-23,3.919,4.15,3.917,4.042,32379983.9,2023-06-23 23:59:59.999,129996259.0067
2023-06-24,4.041,4.07,3.8,3.925,30355640.1,2023-06-24 23:59:59.999,120339974.9831
2023-06-25,3.926,4.273,3.91,4.117,42514719.6,2023-06-25 23:59:59.999,173524171.8946
2023-06-26,4.118,4.154,3.884,3.956,33294464.5,2023-06-26 23:59:59.999,133846439.7191
2023-06-27,3.956,4.079,3.939,4.026,19134008.1,2023-06-27 23:59:59.999,76891597.7851
2023-06-28,4.027,4.039,3.633,3.768,33263215.6,2023-06-28 23:59:59.999,128648656.5214
2023-06-29,3.768,3.894,3.76,3.829,20211801.6,2023-06-29 23:59:59.999,77358334.1814
2023-06-30,3.83,4.04,3.519,3.946,49229844.3,2023-06-30 23:59:59.999,191951108.6153
2023-07-01,3.946,4.257,3.901,4.104,38911732.0,2023-07-01 23:59:59.999,157739265.4747
2023-07-02,4.105,4.129,3.935,4.109,35364335.4,2023-07-02 23:59:59.999,143369662.6384
2023-07-03,4.109,4.949,4.072,4.739,208366245.9,2023-07-03 23:59:59.999,981714640.6971
2023-07-04,4.739,4.768,4.412,4.548,62913835.1,2023-07-04 23:59:59.999,290080813.6486
2023-07-05,4.547,4.832,4.308,4.598,114037348.0,2023-07-05 23:59:59.999,526675089.4858
2023-07-06,4.598,4.686,4.303,4.314,63864701.9,2023-07-06 23:59:59.999,288354201.6352
2023-07-07,4.315,4.456,4.238,4.401,32842704.5,2023-07-07 23:59:59.999,144190000.2934
2023-07-08,4.401,4.433,4.213,4.335,22876685.8,2023-07-08 23:59:59.999,99461059.737
2023-07-09,4.335,4.428,4.312,4.333,20588040.9,2023-07-09 23:59:59.999,89711539.0873
2023-07-10,4.333,4.417,4.133,4.318,40563326.0,2023-07-10 23:59:59.999,172531711.6749
2023-07-11,4.317,4.345,4.211,4.294,20421841.4,2023-07-11 23:59:59.999,87598779.583
2023-07-12,4.294,4.36,4.17,4.235,27483819.6,2023-07-12 23:59:59.999,117605084.8581
2023-07-13,4.235,4.732,4.178,4.673,56669700.6,2023-07-13 23:59:59.999,252703630.2046
2023-07-14,4.673,4.745,4.284,4.436,62209343.6,2023-07-14 23:59:59.999,283744416.667
2023-07-15,4.436,4.506,4.374,4.435,19745588.8,2023-07-15 23:59:59.999,87497112.5959
2023-07-16,4.434,4.466,4.3,4.352,24136388.5,2023-07-16 23:59:59.999,106101416.8838
2023-07-17,4.352,4.478,4.2,4.345,38759960.6,2023-07-17 23:59:59.999,168088795.0615
2023-07-18,4.345,4.388,4.15,4.279,26950486.3,2023-07-18 23:59:59.999,115397653.1688
2023-07-19,4.278,4.395,4.212,4.256,23076112.4,2023-07-19 23:59:59.999,99386215.0228
2023-07-20,4.256,4.585,4.234,4.439,59130115.3,2023-07-20 23:59:59.999,261185419.6047
2023-07-21,4.438,4.55,4.392,4.473,44675582.9,2023-07-21 23:59:59.999,200263173.485
2023-07-22,4.474,4.571,4.37,4.456,33791109.1,2023-07-22 23:59:59.999,151920095.4957
2023-07-23,4.455,4.673,4.431,4.558,41082330.1,2023-07-23 23:59:59.999,188554541.3119
2023-07-24,4.558,4.596,4.266,4.52,43718787.8,2023-07-24 23:59:59.999,195512962.8446
2023-07-25,4.52,4.549,4.368,4.397,31194811.0,2023-07-25 23:59:59.999,139377433.3434
2023-07-26,4.397,4.402,4.241,4.328,38212385.9,2023-07-26 23:59:59.999,165299661.9604
2023-07-27,4.328,4.433,4.304,4.428,27663019.9,2023-07-27 23:59:59.999,121042573.1003
2023-07-28,4.429,4.485,4.368,4.391,22967557.0,2023-07-28 23:59:59.999,101507255.8854
2023-07-29,4.392,4.444,4.373,4.418,14492366.0,2023-07-29 23:59:59.999,63919884.2271
2023-07-30,4.418,4.441,4.17,4.311,23994394.5,2023-07-30 23:59:59.999,104193697.4785
2023-07-31,4.312,4.363,4.195,4.256,23423839.4,2023-07-31 23:59:59.999,100443437.707
2023-08-01,4.255,4.289,4.064,4.279,25834803.2,2023-08-01 23:59:59.999,108702574.281
2023-08-02,4.279,4.328,4.19,4.259,28762701.8,2023-08-02 23:59:59.999,122362613.4566
2023-08-03,4.259,4.295,4.05,4.106,26336236.9,2023-08-03 23:59:59.999,110575283.051
2023-08-04,4.105,4.157,4.03,4.093,21692136.6,2023-08-04 23:59:59.999,89159774.3228
2023-08-05,4.093,4.131,4.022,4.101,16043180.8,2023-08-05 23:59:59.999,65251250.359
2023-08-06,4.1,4.178,4.093,4.163,14053648.5,2023-08-06 23:59:59.999,58152989.7099
2023-08-07,4.164,4.219,3.97,4.106,24937863.7,2023-08-07 23:59:59.999,102595514.8394
2023-08-08,4.106,4.218,4.066,4.142,19317084.7,2023-08-08 23:59:59.999,79643659.5445
2023-08-09,4.143,4.2,4.102,4.151,15431398.2,2023-08-09 23:59:59.999,64040069.9436
2023-08-10,4.151,4.162,4.088,4.14,13492212.6,2023-08-10 23:59:59.999,55694588.6887
2023-08-11,4.139,4.16,4.089,4.108,10263368.2,2023-08-11 23:59:59.999,42327795.0086
2023-08-12,4.109,4.14,4.093,4.128,8008422.0,2023-08-12 23:59:59.999,32970454.9247
2023-08-13,4.129,4.176,4.056,4.093,14144052.6,2023-08-13 23:59:59.999,58214742.0658
2023-08-14,4.093,4.124,4.037,4.074,13616535.1,2023-08-14 23:59:59.999,55633865.0736
2023-08-15,4.074,4.082,3.603,3.853,35190046.3,2023-08-15 23:59:59.999,136770120.2768
2023-08-16,3.852,3.865,3.604,3.727,28421233.9,2023-08-16 23:59:59.999,107009038.8985
2023-08-17,3.726,3.79,3.0,3.435,46136842.8,2023-08-17 23:59:59.999,163937760.3313
2023-08-18,3.434,3.527,3.415,3.499,24323823.1,2023-08-18 23:59:59.999,84581315.3785
2023-08-19,3.499,3.616,3.488,3.566,12312436.0,2023-08-19 23:59:59.999,43566752.9512
2023-08-20,3.567,3.589,3.513,3.563,9865656.1,2023-08-20 23:59:59.999,35088637.5062
2023-08-21,3.563,3.577,3.34,3.412,21890199.8,2023-08-21 23:59:59.999,75864459.7103
2023-08-22,3.412,3.424,3.2,3.391,23840439.3,2023-08-22 23:59:59.999,79961956.1302
2023-08-23,3.391,3.488,3.361,3.45,19953332.8,2023-08-23 23:59:59.999,68234955.1047
2023-08-24,3.45,3.466,3.251,3.298,23859109.4,2023-08-24 23:59:59.999,80358437.4315
2023-08-25,3.298,3.299,3.178,3.236,24444500.3,2023-08-25 23:59:59.999,79201131.9141
2023-08-26,3.236,3.281,3.218,3.257,10605654.3,2023-08-26 23:59:59.999,34494158.2269
2023-08-27,3.258,3.318,3.213,3.315,15416894.1,2023-08-27 23:59:59.999,50343498.74
2023-08-28,3.314,3.394,3.267,3.393,37425171.7,2023-08-28 23:59:59.999,124918987.6539
2023-08-29,3.394,3.585,3.292,3.498,37412178.4,2023-08-29 23:59:59.999,128775755.4088
2023-08-30,3.497,3.502,3.356,3.415,16478591.4,2023-08-30 23:59:59.999,56436652.4222
2023-08-31,3.414,3.443,3.088,3.214,35776845.8,2023-08-31 23:59:59.999,117474167.0928
2023-09-01,3.214,3.233,3.101,3.172,23137487.8,2023-09-01 23:59:59.999,73651718.747
2023-09-02,3.171,3.237,3.128,3.187,15839819.8,2023-09-02 23:59:59.999,50350314.3546
2023-09-03,3.187,3.194,3.103,3.166,11791126.8,2023-09-03 23:59:59.999,37308431.3002
2023-09-04,3.165,3.314,3.114,3.174,21208495.3,2023-09-04 23:59:59.999,67800974.7187
2023-09-05,3.175,3.263,3.139,3.235,16152163.5,2023-09-05 23:59:59.999,51766386.7081
2023-09-06,3.235,3.331,3.169,3.244,19413778.4,2023-09-06 23:59:59.999,62875790.4005
2023-09-07,3.244,3.283,3.2,3.265,13120226.0,2023-09-07 23:59:59.999,42486657.2002
2023-09-08,3.265,3.286,3.169,3.225,14802865.8,2023-09-08 23:59:59.999,47745055.6651
2023-09-09,3.225,3.27,3.21,3.239,8171671.0,2023-09-09 23:59:59.999,26463179.0133
2023-09-10,3.238,3.245,2.978,3.111,35289922.5,2023-09-10 23:59:59.999,109949422.7291
2023-09-11,3.112,3.125,2.938,3.023,32991936.3,2023-09-11 23:59:59.999,100265978.1709
2023-09-12,3.023,3.196,3.015,3.086,25528514.2,2023-09-12 23:59:59.999,79508611.0989
2023-09-13,3.086,3.229,3.072,3.173,24552939.9,2023-09-13 23:59:59.999,77275625.0671
2023-09-14,3.172,3.249,3.151,3.231,16410011.3,2023-09-14 23:59:59.999,52549771.1408
2023-09-15,3.23,3.387,3.215,3.365,22504980.6,2023-09-15 23:59:59.999,74339063.4114
2023-09-16,3.365,3.459,3.302,3.32,21443476.3,2023-09-16 23:59:59.999,72430771.169
2023-09-17,3.321,3.412,3.23,3.326,25165241.7,2023-09-17 23:59:59.999,83361603.8399
2023-09-18,3.327,3.429,3.279,3.329,32161416.2,2023-09-18 23:59:59.999,108063097.621
2023-09-19,3.329,3.41,3.304,3.368,21973345.5,2023-09-19 23:59:59.999,73777159.4517
2023-09-20,3.367,3.412,3.309,3.363,23335665.2,2023-09-20 23:59:59.999,78494204.6186
2023-09-21,3.364,3.388,3.178,3.211,24964372.7,2023-09-21 23:59:59.999,81730323.7645
2023-09-22,3.211,3.24,3.181,3.222,13074080.3,2023-09-22 23:59:59.999,42075802.1039
2023-09-23,3.223,3.248,3.189,3.24,10592867.9,2023-09-23 23:59:59.999,34140191.5497
2023-09-24,3.239,3.267,3.167,3.208,14348192.8,2023-09-24 23:59:59.999,46453393.9313
2023-09-25,3.208,3.245,3.16,3.21,14536433.8,2023-09-25 23:59:59.999,46657482.3774
2023-09-26,3.21,3.227,3.1,3.169,13684905.1,2023-09-26 23:59:59.999,43545568.5135
2023-09-27,3.17,3.285,3.167,3.21,21113510.7,2023-09-27 23:59:59.999,67819527.9365
2023-09-28,3.21,3.314,3.207,3.31,20927726.8,2023-09-28 23:59:59.999,68289610.2696
2023-09-29,3.31,3.37,3.275,3.335,20779248.7,2023-09-29 23:59:59.999,69057282.4996
2023-09-30,3.334,3.379,3.303,3.352,13203230.8,2023-09-30 23:59:59.999,44050944.1792
2023-10-01,3.352,3.477,3.335,3.464,21626357.1,2023-10-01 23:59:59.999,73333411.477
2023-10-02,3.464,3.467,3.279,3.33,25333822.1,2023-10-02 23:59:59.999,85940905.9066
2023-10-03,3.33,3.361,3.279,3.306,14019435.8,2023-10-03 23:59:59.999,46487190.6535
2023-10-04,3.307,3.329,3.203,3.308,16690944.7,2023-10-04 23:59:59.999,54758264.8575
2023-10-05,3.309,3.327,3.242,3.256,12224779.0,2023-10-05 23:59:59.999,40197335.1086
2023-10-06,3.256,3.37,3.241,3.333,12316883.8,2023-10-06 23:59:59.999,40619516.987
2023-10-07,3.334,3.449,3.318,3.446,19635375.0,2023-10-07 23:59:59.999,66354930.1762
2023-10-08,3.446,3.448,3.37,3.393,21960829.8,2023-10-08 23:59:59.999,74906991.9422
2023-10-09,3.393,3.427,3.145,3.224,35924908.1,2023-10-09 23:59:59.999,117946209.0342
2023-10-10,3.224,3.235,3.162,3.193,14982483.5,2023-10-10 23:59:59.999,48031558.1741
2023-10-11,3.193,3.208,3.095,3.175,16357301.2,2023-10-11 23:59:59.999,51589454.8226
2023-10-12,3.175,3.239,3.121,3.209,15933402.8,2023-10-12 23:59:59.999,50734434.8676
2023-10-13,3.208,3.244,3.17,3.206,12696726.8,2023-10-13 23:59:59.999,40738300.1476
2023-10-14,3.207,3.234,3.198,3.211,6119091.4,2023-10-14 23:59:59.999,19679252.8046
2023-10-15,3.211,3.237,3.191,3.223,7481809.1,2023-10-15 23:59:59.999,24049028.0267
2023-10-16,3.224,3.369,3.205,3.248,26661703.7,2023-10-16 23:59:59.999,87131601.4631
2023-10-17,3.248,3.258,3.113,3.204,17298128.6,2023-10-17 23:59:59.999,55498637.9447
2023-10-18,3.203,3.238,3.153,3.171,12451974.4,2023-10-18 23:59:59.999,39730864.0713
2023-10-19,3.171,3.199,3.123,3.19,13413320.3,2023-10-19 23:59:59.999,42428206.8281
2023-10-20,3.19,3.289,3.171,3.211,17386474.8,2023-10-20 23:59:59.999,56220207.2372
2023-10-21,3.211,3.379,3.201,3.34,20279618.1,2023-10-21 23:59:59.999,66933544.8967
2023-10-22,3.34,3.451,3.302,3.422,26785659.1,2023-10-22 23:59:59.999,90509068.4241
2023-10-23,3.421,3.95,3.395,3.861,74748972.0,2023-10-23 23:59:59.999,273567311.9923
2023-10-24,3.86,3.987,3.668,3.834,76563179.8,2023-10-24 23:59:59.999,294946246.7845
2023-10-25,3.834,3.982,3.684,3.771,45884308.1,2023-10-25 23:59:59.999,174652341.0678
2023-10-26,3.771,3.88,3.574,3.735,39783025.8,2023-10-26 23:59:59.999,149427441.9727
2023-10-27,3.735,3.74,3.507,3.591,26321774.2,2023-10-27 23:59:59.999,95711982.9167
2023-10-28,3.592,3.754,3.587,3.737,18794103.2,2023-10-28 23:59:59.999,69091634.4236
2023-10-29,3.737,3.844,3.635,3.795,27356776.5,2023-10-29 23:59:59.999,102986794.0842
2023-10-30,3.795,3.879,3.726,3.859,27374956.5,2023-10-30 23:59:59.999,104565448.0149
2023-10-31,3.86,3.95,3.683,3.831,34375276.7,2023-10-31 23:59:59.999,131520251.1146
2023-11-01,3.831,4.003,3.706,3.942,36779883.9,2023-11-01 23:59:59.999,140600849.6193
2023-11-02,3.942,4.192,3.776,4.095,58973302.3,2023-11-02 23:59:59.999,234309212.1279
2023-11-03,4.096,4.1,3.837,3.926,44162400.5,2023-11-03 23:59:59.999,175007629.8726
2023-11-04,3.926,4.031,3.893,4.006,18408944.3,2023-11-04 23:59:59.999,72820942.2574
2023-11-05,4.005,4.16,3.982,4.114,29276206.8,2023-11-05 23:59:59.999,119431620.5999
2023-11-06,4.114,4.406,4.059,4.345,37142971.0,2023-11-06 23:59:59.999,158498818.2361
2023-11-07,4.344,4.354,4.075,4.239,33675064.7,2023-11-07 23:59:59.999,142936056.7879
2023-11-08,4.24,4.478,4.215,4.436,22093775.6,2023-11-08 23:59:59.999,95699712.8465
2023-11-09,4.436,4.701,4.127,4.504,54024650.9,2023-11-09 23:59:59.999,243181133.2172
2023-11-10,4.505,4.656,4.373,4.587,32662399.5,2023-11-10 23:59:59.999,147265208.8122
2023-11-11,4.586,4.906,4.451,4.743,47390544.5,2023-11-11 23:59:59.999,222632119.8853
2023-11-12,4.742,5.274,4.541,5.147,53978322.9,2023-11-12 23:59:59.999,264148024.4831
2023-11-13,5.147,5.678,4.998,5.014,127010070.7,2023-11-13 23:59:59.999,685498765.9002
2023-11-14,5.014,5.164,4.559,4.794,66088008.3,2023-11-14 23:59:59.999,326600053.1807
2023-11-15,4.794,5.291,4.776,5.221,53539097.2,2023-11-15 23:59:59.999,271179425.102
2023-11-16,5.222,5.427,4.75,4.852,57249864.4,2023-11-16 23:59:59.999,290559550.9306
2023-11-17,4.852,4.977,4.519,4.738,43225747.9,2023-11-17 23:59:59.999,205363469.6884
2023-11-18,4.738,4.745,4.383,4.718,34272227.9,2023-11-18 23:59:59.999,157766144.6671
2023-11-19,4.718,4.921,4.603,4.886,27247267.8,2023-11-19 23:59:59.999,130011002.1399
2023-11-20,4.886,4.906,4.615,4.69,32754659.0,2023-11-20 23:59:59.999,156718607.9408
2023-11-21,4.69,4.745,4.143,4.193,50400436.1,2023-11-21 23:59:59.999,225569886.1757
2023-11-22,4.194,4.545,4.183,4.473,31639000.7,2023-11-22 23:59:59.999,138735411.839
2023-11-23,4.473,4.565,4.413,4.487,19865064.8,2023-11-23 23:59:59.999,89120997.0892
2023-11-24,4.488,4.714,4.481,4.644,24284300.9,2023-11-24 23:59:59.999,112128780.9119
2023-11-25,4.643,4.786,4.609,4.78,18891589.4,2023-11-25 23:59:59.999,88805055.6554
2023-11-26,4.781,4.818,4.446,4.597,27935704.0,2023-11-26 23:59:59.999,129478045.0704
2023-11-27,4.598,4.648,4.418,4.542,31747230.6,2023-11-27 23:59:59.999,143231798.4223
2023-11-28,4.543,4.589,4.371,4.536,27784764.2,2023-11-28 23:59:59.999,124547155.1028
2023-11-29,4.536,4.6,4.409,4.436,24926099.6,2023-11-29 23:59:59.999,112245723.6489
2023-11-30,4.435,4.454,4.33,4.387,22739354.7,2023-11-30 23:59:59.999,99854128.7182
2023-12-01,4.387,4.558,4.349,4.51,23573751.6,2023-12-01 23:59:59.999,105636624.5915
2023-12-02,4.509,4.737,4.497,4.666,26901107.6,2023-12-02 23:59:59.999,123625775.3055
2023-12-03,4.666,4.727,4.435,4.577,32884638.1,2023-12-03 23:59:59.999,150798339.1776
2023-12-04,4.578,4.858,4.33,4.738,56845224.7,2023-12-04 23:59:59.999,265954876.7642
2023-12-05,4.738,4.862,4.551,4.79,48923522.2,2023-12-05 23:59:59.999,230252324.8305
2023-12-06,4.791,4.855,4.62,4.743,43431004.5,2023-12-06 23:59:59.999,206513881.0596
2023-12-07,4.743,5.085,4.733,5.033,61679027.9,2023-12-07 23:59:59.999,305150045.3336
2023-12-08,5.034,5.26,4.938,5.226,38851821.1,2023-12-08 23:59:59.999,198360926.9501
2023-12-09,5.226,5.494,5.06,5.132,58785729.3,2023-12-09 23:59:59.999,313424626.0918
2023-12-10,5.132,5.235,4.975,5.155,32188167.3,2023-12-10 23:59:59.999,164354340.8385
2023-12-11,5.155,5.206,4.353,4.616,80332134.8,2023-12-11 23:59:59.999,380904775.6934
2023-12-12,4.616,4.769,4.5,4.654,47652949.3,2023-12-12 23:59:59.999,222606332.5135
2023-12-13,4.653,4.774,4.413,4.727,44314007.2,2023-12-13 23:59:59.999,202676441.012
2023-12-14,4.728,4.894,4.56,4.865,39069219.5,2023-12-14 23:59:59.999,185995429.4735
2023-12-15,4.866,4.986,4.673,4.81,55035824.9,2023-12-15 23:59:59.999,265724921.7086
2023-12-16,4.811,6.199,4.701,5.704,181582553.6,2023-12-16 23:59:59.999,1006290878.8875
2023-12-17,5.703,5.798,5.243,5.287,127398360.8,2023-12-17 23:59:59.999,713530884.3525
2023-12-18,5.287,5.411,4.864,5.306,92450805.3,2023-12-18 23:59:59.999,476359977.9454
2023-12-19,5.306,5.453,5.04,5.11,50638991.9,2023-12-19 23:59:59.999,266071532.8707
2023-12-20,5.11,5.397,5.069,5.333,44373912.7,2023-12-20 23:59:59.999,233213424.9119
2023-12-21,5.333,5.55,5.269,5.504,46047200.7,2023-12-21 23:59:59.999,248628228.8713
2023-12-22,5.504,5.8,5.427,5.535,57570719.3,2023-12-22 23:59:59.999,321237179.4386
2023-12-23,5.535,5.653,5.279,5.649,35005759.6,2023-12-23 23:59:59.999,190278440.0288
2023-12-24,5.648,5.777,5.421,5.642,55201003.8,2023-12-24 23:59:59.999,310553726.8405
2023-12-25,5.642,5.9,5.577,5.795,49888265.4,2023-12-25 23:59:59.999,286154934.0569
2023-12-26,5.796,5.827,5.218,5.766,63026582.7,2023-12-26 23:59:59.999,354304670.0604
2023-12-27,5.765,6.1,5.503,5.937,61236460.3,2023-12-27 23:59:59.999,356145467.8804
2023-12-28,5.938,6.311,5.8,6.255,89800583.8,2023-12-28 23:59:59.999,540462388.8059
2023-12-29,6.255,6.317,5.66,5.816,81969988.4,2023-12-29 23:59:59.999,492387900.8243
2023-12-30,5.816,6.105,5.732,6.011,41561251.3,2023-12-30 23:59:59.999,245126779.2997
2023-12-31,6.012,7.47,5.931,6.925,153975840.3,2023-12-31 23:59:59.999,1030434986.8313
2024-01-01,6.926,8.14,6.738,7.577,178500618.2,2024-01-01 23:59:59.999,1322790910.0745
2024-01-02,7.578,7.903,7.111,7.182,112037397.8,2024-01-02 23:59:59.999,844125449.9238
2024-01-03,7.182,7.75,5.6,6.288,151905665.7,2024-01-03 23:59:59.999,1030426591.8211
2024-01-04,6.288,6.646,6.156,6.496,60653239.2,2024-01-04 23:59:59.999,389837663.0045
2024-01-05,6.497,6.551,5.716,6.151,75854895.8,2024-01-05 23:59:59.999,462913710.2167
2024-01-06,6.151,6.291,5.721,5.889,65548825.2,2024-01-06 23:59:59.999,391008577.5767
2024-01-07,5.889,6.148,5.5,5.619,56270411.5,2024-01-07 23:59:59.999,330274141.3714
2024-01-08,5.62,5.895,5.055,5.855,84121287.3,2024-01-08 23:59:59.999,459903658.0224
2024-01-09,5.856,5.898,5.214,5.489,68937453.3,2024-01-09 23:59:59.999,380230748.6816
2024-01-10,5.488,6.092,5.259,5.947,62748291.4,2024-01-10 23:59:59.999,350997042.615
2024-01-11,5.947,6.505,5.88,6.461,79619322.5,2024-01-11 23:59:59.999,494956600.4074
2024-01-12,6.461,6.491,5.766,5.977,71037189.8,2024-01-12 23:59:59.999,435922260.907
2024-01-13,5.976,6.162,5.71,6.031,35939105.5,2024-01-13 23:59:59.999,215078744.542
2024-01-14,6.03,6.265,5.789,5.815,46032943.4,2024-01-14 23:59:59.999,278840551.3191
2024-01-15,5.814,6.141,5.81,5.926,39165722.5,2024-01-15 23:59:59.999,233329835.1163
2024-01-16,5.926,5.997,5.726,5.858,37884138.7,2024-01-16 23:59:59.999,222696545.2552
2024-01-17,5.857,5.91,5.61,5.791,40982004.1,2024-01-17 23:59:59.999,235147249.0408
2024-01-18,5.791,5.978,5.471,5.616,60168608.5,2024-01-18 23:59:59.999,345256854.0882
2024-01-19,5.617,5.635,5.125,5.479,54868847.0,2024-01-19 23:59:59.999,295768954.302
2024-01-20,5.479,5.553,5.386,5.516,22230296.0,2024-01-20 23:59:59.999,121391338.1076
2024-01-21,5.515,5.568,5.36,5.366,20188624.2,2024-01-21 23:59:59.999,110629547.6415
2024-01-22,5.366,5.409,5.01,5.049,54152777.7,2024-01-22 23:59:59.999,281876641.384
2024-01-23,5.049,5.14,4.612,4.891,66039466.2,2024-01-23 23:59:59.999,319219728.3881
2024-01-24,4.892,5.03,4.793,5.009,32199596.9,2024-01-24 23:59:59.999,157818857.7282
2024-01-25,5.009,5.036,4.823,4.967,25994058.5,2024-01-25 23:59:59.999,128119970.1704
2024-01-26,4.968,5.233,4.907,5.176,25953650.7,2024-01-26 23:59:59.999,131928636.0988
2024-01-27,5.175,5.397,5.11,5.33,22553180.0,2024-01-27 23:59:59.999,118387154.6016
2024-01-28,5.329,5.413,5.124,5.199,25290008.6,2024-01-28 23:59:59.999,133337823.0478
2024-01-29,5.198,5.371,5.107,5.336,24362510.7,2024-01-29 23:59:59.999,127849755.8235
2024-01-30,5.336,5.387,5.126,5.156,27230653.6,2024-01-30 23:59:59.999,143395438.1574
2024-01-31,5.157,5.18,4.888,4.959,36586059.8,2024-01-31 23:59:59.999,184440364.465
2024-02-01,4.96,5.005,4.85,4.972,28122936.3,2024-02-01 23:59:59.999,138521564.3043
2024-02-02,4.973,5.082,4.934,5.045,25337736.1,2024-02-02 23:59:59.999,127161082.4988
2024-02-03,5.044,5.315,5.022,5.062,41451382.3,2024-02-03 23:59:59.999,214832486.9936
2024-02-04,5.061,5.067,4.89,4.926,24901072.7,2024-02-04 23:59:59.999,124443058.6539
2024-02-05,4.925,5.044,4.852,4.996,22865228.1,2024-02-05 23:59:59.999,113557026.894
2024-02-06,4.997,5.148,4.93,5.072,22399971.7,2024-02-06 23:59:59.999,112643222.8195
2024-02-07,5.071,5.198,4.977,5.187,24099914.7,2024-02-07 23:59:59.999,122210156.9228
2024-02-08,5.187,5.274,5.14,5.225,26157663.2,2024-02-08 23:59:59.999,136136110.6646
2024-02-09,5.225,5.552,5.215,5.474,50238153.2,2024-02-09 23:59:59.999,268799043.0888
2024-02-10,5.474,5.501,5.28,5.354,25847924.5,2024-02-10 23:59:59.999,139108072.0391
2024-02-11,5.354,5.448,5.26,5.311,21866246.8,2024-02-11 23:59:59.999,117390407.7747
2024-02-12,5.31,5.5,5.208,5.456,32771854.3,2024-02-12 23:59:59.999,174890886.8071
2024-02-13,5.457,5.549,5.334,5.493,42873481.6,2024-02-13 23:59:59.999,234074769.6837
2024-02-14,5.493,5.67,5.446,5.597,31952071.0,2024-02-14 23:59:59.999,177768089.7482
2024-02-15,5.597,5.943,5.596,5.874,45408350.9,2024-02-15 23:59:59.999,262211178.2668
2024-02-16,5.873,6.0,5.645,5.794,44230726.6,2024-02-16 23:59:59.999,258094019.7559
2024-02-17,5.794,6.402,5.707,6.217,100938312.9,2024-02-17 23:59:59.999,618598104.0166
2024-02-18,6.216,6.445,6.067,6.284,64564474.4,2024-02-18 23:59:59.999,402259212.685
2024-02-19,6.284,7.816,6.223,7.408,130700348.4,2024-02-19 23:59:59.999,906018255.6532
2024-02-20,7.408,8.016,7.026,7.717,220669856.5,2024-02-20 23:59:59.999,1672920428.142
2024-02-21,7.718,7.757,6.822,7.245,120469324.0,2024-02-21 23:59:59.999,868986418.3811
2024-02-22,7.246,8.487,7.08,8.078,146847418.3,2024-02-22 23:59:59.999,1149501201.0874
2024-02-23,8.078,8.586,7.803,8.013,148307821.4,2024-02-23 23:59:59.999,1211770673.0625
2024-02-24,8.014,8.243,7.706,8.095,65563059.8,2024-02-24 23:59:59.999,520619736.7068
2024-02-25,8.095,8.633,7.971,8.125,89534841.7,2024-02-25 23:59:59.999,743054899.5982
2024-02-26,8.124,8.332,7.816,8.149,70465530.0,2024-02-26 23:59:59.999,564946036.9531
2024-02-27,8.149,8.329,7.449,7.672,78235526.5,2024-02-27 23:59:59.999,620348519.7688
2024-02-28,7.673,8.186,6.678,7.717,119073892.7,2024-02-28 23:59:59.999,923090192.5236
2024-02-29,7.717,8.897,7.562,8.155,116465189.9,2024-02-29 23:59:59.999,957342968.3303
2024-03-01,8.156,8.51,7.95,8.208,61874892.2,2024-03-01 23:59:59.999,508263653.5009
2024-03-02,8.208,9.52,8.084,9.327,105302380.4,2024-03-02 23:59:59.999,926260993.8045
2024-03-03,9.328,10.9,8.501,10.53,137039609.7,2024-03-03 23:59:59.999,1351585944.6455
2024-03-04,10.529,10.836,9.734,10.03,96337146.0,2024-03-04 23:59:59.999,977213180.104
2024-03-05,10.029,10.544,7.604,8.885,131837398.6,2024-03-05 23:59:59.999,1259905823.6059
2024-03-06,8.884,10.235,8.497,10.068,85886852.2,2024-03-06 23:59:59.999,812970867.8624
2024-03-07,10.068,10.32,9.568,9.938,54435317.6,2024-03-07 23:59:59.999,537794321.2632
2024-03-08,9.938,11.824,9.569,11.47,104290721.8,2024-03-08 23:59:59.999,1113010775.0637
2024-03-09,11.47,11.88,10.908,11.07,53601797.5,2024-03-09 23:59:59.999,609636555.1234
2024-03-10,11.071,11.31,10.313,10.693,48887865.0,2024-03-10 23:59:59.999,529909090.0046
2024-03-11,10.692,11.399,9.939,11.199,58128728.7,2024-03-11 23:59:59.999,632122057.1532
2024-03-12,11.2,11.221,10.0,10.918,64652260.9,2024-03-12 23:59:59.999,691309833.9284
2024-03-13,10.919,11.194,10.28,10.635,44155723.9,2024-03-13 23:59:59.999,473486273.3997
2024-03-14,10.636,10.78,9.816,10.518,68798134.9,2024-03-14 23:59:59.999,712264684.4877
2024-03-15,10.518,10.645,8.91,9.78,85464969.3,2024-03-15 23:59:59.999,818351677.8183
2024-03-16,9.781,9.9,8.621,8.844,63368693.2,2024-03-16 23:59:59.999,589180732.4836
2024-03-17,8.844,9.365,8.295,9.182,53436440.2,2024-03-17 23:59:59.999,476126040.8429
2024-03-18,9.182,9.655,8.622,8.879,64151643.4,2024-03-18 23:59:59.999,583846937.8178
2024-03-19,8.879,8.977,7.86,8.004,84175055.4,2024-03-19 23:59:59.999,701926302.6188
2024-03-20,8.004,8.746,7.683,8.644,78491525.3,2024-03-20 23:59:59.999,641409243.8512
2024-03-21,8.643,9.311,8.565,9.029,62730210.7,2024-03-21 23:59:59.999,563004649.5436
2024-03-22,9.03,9.286,8.402,8.732,58358144.2,2024-03-22 23:59:59.999,513548469.9457
2024-03-23,8.732,8.967,8.5,8.633,35503827.9,2024-03-23 23:59:59.999,310693111.3548
2024-03-24,8.633,8.99,8.518,8.923,27265520.3,2024-03-24 23:59:59.999,237274569.8286
2024-03-25,8.922,9.555,8.835,9.383,41296070.7,2024-03-25 23:59:59.999,380448454.4119
2024-03-26,9.384,9.742,9.182,9.448,49648005.9,2024-03-26 23:59:59.999,469430561.7805
2024-03-27,9.448,9.636,8.905,9.132,51039509.0,2024-03-27 23:59:59.999,472966405.3832
2024-03-28,9.131,9.384,8.974,9.311,28423803.7,2024-03-28 23:59:59.999,260315288.8721
2024-03-29,9.311,10.262,9.204,9.658,68385992.2,2024-03-29 23:59:59.999,664297612.3099
2024-03-30,9.659,9.969,9.405,9.448,35635040.9,2024-03-30 23:59:59.999,345819247.2108
2024-03-31,9.448,9.996,9.409,9.971,24546566.0,2024-03-31 23:59:59.999,237728755.5068
2024-04-01,9.972,10.423,9.032,9.383,71011206.2,2024-04-01 23:59:59.999,683798036.0791
2024-04-02,9.384,9.385,8.469,8.582,62534462.2,2024-04-02 23:59:59.999,548091706.5963
2024-04-03,8.582,8.8,8.255,8.426,46945349.2,2024-04-03 23:59:59.999,402605146.7413
2024-04-04,8.427,8.845,8.212,8.639,35717567.5,2024-04-04 23:59:59.999,305108606.3549
2024-04-05,8.639,8.665,8.093,8.4,36746466.7,2024-04-05 23:59:59.999,307095288.0084
2024-04-06,8.399,8.69,8.346,8.588,19235134.3,2024-04-06 23:59:59.999,164407295.6583
2024-04-07,8.588,8.9,8.566,8.84,20481990.7,2024-04-07 23:59:59.999,179387888.7653
2024-04-08,8.84,9.356,8.664,9.316,28487929.9,2024-04-08 23:59:59.999,258034056.6776
2024-04-09,9.316,9.347,8.61,8.665,45005603.3,2024-04-09 23:59:59.999,403368632.3252
2024-04-10,8.665,8.725,8.183,8.499,43127159.1,2024-04-10 23:59:59.999,364786746.2503
2024-04-11,8.498,8.612,7.964,8.057,39071269.2,2024-04-11 23:59:59.999,322021529.8111
2024-04-12,8.057,8.228,5.45,6.608,86872662.3,2024-04-12 23:59:59.999,615477177.1133
2024-04-13,6.607,6.73,4.912,5.718,149490145.3,2024-04-13 23:59:59.999,883891193.5273
2024-04-14,5.718,6.239,5.461,6.149,107012791.5,2024-04-14 23:59:59.999,627895019.1375
2024-04-15,6.15,6.538,5.657,6.002,88013688.1,2024-04-15 23:59:59.999,536968569.8152
2024-04-16,6.003,6.125,5.691,6.072,70923700.8,2024-04-16 23:59:59.999,419421956.1938
2024-04-17,6.073,6.109,5.594,5.841,62605715.6,2024-04-17 23:59:59.999,366826262.1018
2024-04-18,5.841,6.05,5.704,5.992,45950092.3,2024-04-18 23:59:59.999,270932089.0511
2024-04-19,5.993,6.286,5.522,6.143,62368660.6,2024-04-19 23:59:59.999,373814919.6332
2024-04-20,6.143,6.695,6.055,6.645,36108006.4,2024-04-20 23:59:59.999,229618029.1785
2024-04-21,6.645,6.76,6.327,6.475,37357173.6,2024-04-21 23:59:59.999,244514373.2571
2024-04-22,6.474,6.724,6.405,6.567,36903147.2,2024-04-22 23:59:59.999,241700052.7903
2024-04-23,6.567,6.659,6.327,6.384,35035627.1,2024-04-23 23:59:59.999,227825451.9758
2024-04-24,6.385,6.537,5.971,6.046,57338920.7,2024-04-24 23:59:59.999,359061432.8835
2024-04-25,6.045,6.114,5.822,5.99,44564643.5,2024-04-25 23:59:59.999,265762108.5124
2024-04-26,5.991,6.114,5.821,6.004,33367340.8,2024-04-26 23:59:59.999,199382390.6467
2024-04-27,6.003,6.023,5.662,5.92,41842780.3,2024-04-27 23:59:59.999,243781090.895
2024-04-28,5.92,6.127,5.857,5.897,26409694.6,2024-04-28 23:59:59.999,158549741.7213
2024-04-29,5.897,5.988,5.72,5.92,41254007.1,2024-04-29 23:59:59.999,241021021.8409
2024-04-30,5.92,5.995,5.417,5.622,58698635.9,2024-04-30 23:59:59.999,331553658.3725
2024-05-01,5.622,5.778,5.194,5.713,64510662.1,2024-05-01 23:59:59.999,353741698.2127
2024-05-02,5.713,6.028,5.546,5.926,37302435.8,2024-05-02 23:59:59.999,215134886.6264
2024-05-03,5.927,6.143,5.826,6.042,29868836.3,2024-05-03 23:59:59.999,178836928.5147
2024-05-04,6.042,6.212,5.992,6.054,24415376.5,2024-05-04 23:59:59.999,148785153.6157
2024-05-05,6.054,6.299,5.942,6.153,29853263.9,2024-05-05 23:59:59.999,181762060.2148
2024-05-06,6.152,6.418,6.011,6.024,41273629.9,2024-05-06 23:59:59.999,255123790.9682
2024-05-07,6.025,6.133,5.76,5.77,35785154.9,2024-05-07 23:59:59.999,213752711.1421
2024-05-08,5.77,5.816,5.6,5.702,37812512.2,2024-05-08 23:59:59.999,216613407.5583
2024-05-09,5.701,5.933,5.681,5.917,28888657.2,2024-05-09 23:59:59.999,166933928.4115
2024-05-10,5.917,5.974,5.559,5.62,39970341.8,2024-05-10 23:59:59.999,230136963.2022
2024-05-11,5.619,5.686,5.539,5.607,21579221.5,2024-05-11 23:59:59.999,121357050.2324
2024-05-12,5.607,5.696,5.552,5.603,17114608.3,2024-05-12 23:59:59.999,96382299.7277
2024-05-13,5.602,5.713,5.361,5.601,37470523.0,2024-05-13 23:59:59.999,208253758.4479
2024-05-14,5.601,5.621,5.315,5.347,29745279.0,2024-05-14 23:59:59.999,162522420.4783
2024-05-15,5.347,5.841,5.27,5.783,33593359.5,2024-05-15 23:59:59.999,186572312.8357
2024-05-16,5.783,5.938,5.615,5.75,30917311.8,2024-05-16 23:59:59.999,177823760.271
2024-05-17,5.75,5.988,5.682,5.88,22414048.2,2024-05-17 23:59:59.999,131160813.3112
2024-05-18,5.879,5.986,5.802,5.848,18474835.4,2024-05-18 23:59:59.999,108738078.1219
2024-05-19,5.847,5.963,5.475,5.549,30942689.0,2024-05-19 23:59:59.999,176445803.2778
2024-05-20,5.549,6.206,5.479,6.171,50780481.2,2024-05-20 23:59:59.999,293751266.3753
2024-05-21,6.17,6.36,6.055,6.24,42503008.1,2024-05-21 23:59:59.999,262913028.9893
2024-05-22,6.24,6.302,5.963,6.122,36701425.0,2024-05-22 23:59:59.999,225099204.2297
2024-05-23,6.122,6.24,5.495,5.797,59710968.7,2024-05-23 23:59:59.999,350860812.226
2024-05-24,5.797,5.899,5.655,5.823,32188554.8,2024-05-24 23:59:59.999,186371847.5562
2024-05-25,5.823,6.052,5.811,6.009,21576987.5,2024-05-25 23:59:59.999,127262689.1131
2024-05-26,6.009,6.046,5.811,5.858,23688380.0,2024-05-26 23:59:59.999,140142378.9839
2024-05-27,5.857,6.25,5.841,6.119,28167404.1,2024-05-27 23:59:59.999,170042942.2872
2024-05-28,6.12,6.136,5.826,5.945,33108808.7,2024-05-28 23:59:59.999,196496581.7989
2024-05-29,5.944,6.054,5.757,5.788,33628185.7,2024-05-29 23:59:59.999,199004905.1575
2024-05-30,5.788,5.934,5.634,5.813,31207532.2,2024-05-30 23:59:59.999,181038156.7409
2024-05-31,5.813,5.859,5.642,5.737,25689565.1,2024-05-31 23:59:59.999,147888408.1885
2024-06-01,5.738,5.822,5.71,5.8,11775016.8,2024-06-01 23:59:59.999,67992606.7172
2024-06-02,5.799,5.874,5.694,5.812,22141914.0,2024-06-02 23:59:59.999,128057433.8481
2024-06-03,5.812,5.964,5.747,5.79,24853305.1,2024-06-03 23:59:59.999,145811690.1634
2024-06-04,5.791,6.057,5.713,5.965,28294496.9,2024-06-04 23:59:59.999,166237083.6704
2024-06-05,5.965,6.107,5.946,6.08,24803452.6,2024-06-05 23:59:59.999,149443395.3484
2024-06-06,6.08,6.099,5.843,5.961,25277752.4,2024-06-06 23:59:59.999,151613074.8588
2024-06-07,5.961,6.757,5.69,6.118,113155087.1,2024-06-07 23:59:59.999,711959661.7177
2024-06-08,6.118,6.473,5.963,6.053,91925438.9,2024-06-08 23:59:59.999,572169473.9284
2024-06-09,6.053,6.37,6.01,6.128,49700887.9,2024-06-09 23:59:59.999,308897331.0838
2024-06-10,6.128,6.153,5.72,5.793,53253558.6,2024-06-10 23:59:59.999,314871231.5026
2024-06-11,5.793,5.819,5.283,5.383,61110658.8,2024-06-11 23:59:59.999,338511542.7384
2024-06-12,5.383,5.753,5.212,5.654,62128448.8,2024-06-12 23:59:59.999,344348721.6366
2024-06-13,5.654,5.697,5.288,5.383,39433302.8,2024-06-13 23:59:59.999,214697610.9966
2024-06-14,5.383,5.468,4.939,5.09,45927778.8,2024-06-14 23:59:59.999,239244964.7282
2024-06-15,5.09,5.363,5.082,5.227,29264594.2,2024-06-15 23:59:59.999,152774002.0932
2024-06-16,5.227,5.294,5.126,5.24,18872142.0,2024-06-16 23:59:59.999,98356959.9547
2024-06-17,5.24,5.278,4.698,4.926,52681214.6,2024-06-17 23:59:59.999,264302478.843
2024-06-18,4.927,4.943,4.025,4.348,94963181.1,2024-06-18 23:59:59.999,416146623.6242
2024-06-19,4.348,4.495,4.292,4.438,34045700.5,2024-06-19 23:59:59.999,150614625.8381
2024-06-20,4.438,4.618,4.312,4.407,36248933.6,2024-06-20 23:59:59.999,161812263.7897
2024-06-21,4.406,4.449,4.267,4.398,36975788.2,2024-06-21 23:59:59.999,161752571.7642
2024-06-22,4.398,4.445,4.341,4.377,15712918.1,2024-06-22 23:59:59.999,69069178.247
2024-06-23,4.377,4.476,4.218,4.285,27395902.9,2024-06-23 23:59:59.999,119218173.5789
2024-06-24,4.285,4.412,3.994,4.397,63200666.2,2024-06-24 23:59:59.999,269653891.1112
2024-06-25,4.397,4.521,4.357,4.443,24895119.6,2024-06-25 23:59:59.999,110402176.08
2024-06-26,4.443,4.498,4.308,4.395,22718880.2,2024-06-26 23:59:59.999,99996648.2682
2024-06-27,4.395,4.53,4.28,4.504,23933666.0,2024-06-27 23:59:59.999,105624426.3072
2024-06-28,4.504,4.582,4.377,4.381,26669741.8,2024-06-28 23:59:59.999,119748724.8359
2024-06-29,4.381,4.45,4.318,4.347,15086349.8,2024-06-29 23:59:59.999,66284346.007
2024-06-30,4.348,4.502,4.296,4.477,19889353.5,2024-06-30 23:59:59.999,87682172.8497
2024-07-01,4.478,4.559,4.322,4.326,28424143.4,2024-07-01 23:59:59.999,126695358.5469
2024-07-02,4.326,4.461,4.303,4.418,22754529.1,2024-07-02 23:59:59.999,99462790.2477
2024-07-03,4.418,4.438,4.036,4.102,44043490.4,2024-07-03 23:59:59.999,185345308.0071
2024-07-04,4.102,4.133,3.763,3.779,62185641.1,2024-07-04 23:59:59.999,244500825.9858
2024-07-05,3.779,3.789,3.237,3.54,103611542.0,2024-07-05 23:59:59.999,360965437.2677
2024-07-06,3.54,4.017,3.501,3.976,40915679.7,2024-07-06 23:59:59.999,152107304.9751
2024-07-07,3.976,3.976,3.607,3.634,43242024.1,2024-07-07 23:59:59.999,163785380.0046
2024-07-08,3.635,3.942,3.448,3.815,69764872.6,2024-07-08 23:59:59.999,259934132.7477
2024-07-09,3.815,3.96,3.749,3.91,30398730.5,2024-07-09 23:59:59.999,117545717.6657
2024-07-10,3.91,3.993,3.833,3.969,29905443.2,2024-07-10 23:59:59.999,116872329.6171
2024-07-11,3.97,4.234,3.936,4.08,52307553.6,2024-07-11 23:59:59.999,214228991.8376
2024-07-12,4.08,4.146,3.951,4.121,42332468.3,2024-07-12 23:59:59.999,170389234.4719
2024-07-13,4.121,4.316,4.085,4.281,32159643.1,2024-07-13 23:59:59.999,135611589.0968
2024-07-14,4.282,4.347,4.181,4.271,23303560.5,2024-07-14 23:59:59.999,99185465.5544
2024-07-15,4.27,4.461,4.204,4.44,40993286.7,2024-07-15 23:59:59.999,176687085.1892
2024-07-16,4.441,4.624,4.232,4.532,61358429.0,2024-07-16 23:59:59.999,270785383.7572
2024-07-17,4.532,4.838,4.48,4.552,55370510.3,2024-07-17 23:59:59.999,255518950.2432
2024-07-18,4.553,4.655,4.304,4.384,42082010.0,2024-07-18 23:59:59.999,188138456.0408
2024-07-19,4.384,4.708,4.286,4.653,42686392.8,2024-07-19 23:59:59.999,190778867.703
2024-07-20,4.653,4.783,4.57,4.707,29472712.3,2024-07-20 23:59:59.999,138024839.771
2024-07-21,4.707,4.799,4.487,4.776,33774744.2,2024-07-21 23:59:59.999,157177384.8102
2024-07-22,4.776,4.821,4.477,4.506,37179010.2,2024-07-22 23:59:59.999,172641695.9064
2024-07-23,4.507,4.603,4.329,4.451,37876616.2,2024-07-23 23:59:59.999,169282292.7425
2024-07-24,4.45,4.543,4.205,4.265,28680181.6,2024-07-24 23:59:59.999,126103597.9469
2024-07-25,4.265,4.287,4.035,4.197,47318920.6,2024-07-25 23:59:59.999,196309087.0249
2024-07-26,4.197,4.71,4.184,4.643,34478608.8,2024-07-26 23:59:59.999,154625747.0342
2024-07-27,4.643,4.671,4.514,4.574,27909129.6,2024-07-27 23:59:59.999,128476713.3907
2024-07-28,4.574,4.645,4.391,4.441,18243618.5,2024-07-28 23:59:59.999,82397889.5662
2024-07-29,4.441,4.646,4.4,4.439,32756920.2,2024-07-29 23:59:59.999,148347135.1441
2024-07-30,4.44,4.534,4.235,4.329,29110492.2,2024-07-30 23:59:59.999,127805513.3995
2024-07-31,4.33,4.376,4.165,4.206,28085700.5,2024-07-31 23:59:59.999,120645377.3508
2024-08-01,4.207,4.296,3.861,4.161,56168984.5,2024-08-01 23:59:59.999,230448954.1238
2024-08-02,4.161,4.196,3.815,3.869,54609574.9,2024-08-02 23:59:59.999,218167435.2
2024-08-03,3.869,3.954,3.589,3.687,48639077.2,2024-08-03 23:59:59.999,182929574.6682
2024-08-04,3.686,3.772,3.362,3.53,50072498.5,2024-08-04 23:59:59.999,178227219.6319
2024-08-05,3.53,3.566,2.855,3.235,177729375.6,2024-08-05 23:59:59.999,557383225.3791
2024-08-06,3.235,3.588,3.228,3.497,58323315.3,2024-08-06 23:59:59.999,201182591.1692
2024-08-07,3.496,3.564,3.313,3.353,50728264.4,2024-08-07 23:59:59.999,174368006.3318
2024-08-08,3.353,3.833,3.296,3.831,49157838.8,2024-08-08 23:59:59.999,177408762.783
2024-08-09,3.831,3.858,3.691,3.762,31379222.4,2024-08-09 23:59:59.999,118224326.2681
2024-08-10,3.762,3.821,3.725,3.776,18178738.7,2024-08-10 23:59:59.999,68548603.1111
2024-08-11,3.775,3.851,3.446,3.487,33679582.7,2024-08-11 23:59:59.999,122650955.0693
2024-08-12,3.487,3.793,3.467,3.732,43655005.3,2024-08-12 23:59:59.999,159188403.8869
2024-08-13,3.732,3.772,3.591,3.704,33338616.2,2024-08-13 23:59:59.999,122879880.4281
2024-08-14,3.703,3.731,3.531,3.581,27369436.5,2024-08-14 23:59:59.999,99404439.5974
2024-08-15,3.581,3.678,3.427,3.499,35109907.1,2024-08-15 23:59:59.999,124906634.9942
2024-08-16,3.5,3.581,3.405,3.498,33576301.1,2024-08-16 23:59:59.999,117578115.3696
2024-08-17,3.498,3.584,3.482,3.567,12804704.1,2024-08-17 23:59:59.999,45195991.729
2024-08-18,3.567,3.628,3.506,3.546,17153587.7,2024-08-18 23:59:59.999,61314766.4795
2024-08-19,3.546,3.635,3.527,3.622,22387744.5,2024-08-19 23:59:59.999,80085732.0598
2024-08-20,3.622,3.703,3.55,3.649,25441804.4,2024-08-20 23:59:59.999,92661273.4148
2024-08-21,3.649,3.836,3.605,3.792,30427691.8,2024-08-21 23:59:59.999,112656733.2526
2024-08-22,3.793,3.953,3.756,3.945,25225060.9,2024-08-22 23:59:59.999,97732271.0078
2024-08-23,3.945,4.29,3.94,4.225,38609286.8,2024-08-23 23:59:59.999,158745168.8733
2024-08-24,4.224,4.336,4.165,4.242,24940990.3,2024-08-24 23:59:59.999,106065270.3322
2024-08-25,4.241,4.262,4.053,4.157,28748280.3,2024-08-25 23:59:59.999,119639499.711
2024-08-26,4.157,4.191,3.881,3.927,35402684.9,2024-08-26 23:59:59.999,142754373.859
2024-08-27,3.927,4.046,3.613,3.717,42687978.4,2024-08-27 23:59:59.999,165164643.6059
2024-08-28,3.717,3.827,3.551,3.643,47614864.7,2024-08-28 23:59:59.999,175642632.7187
2024-08-29,3.642,3.797,3.589,3.641,25588807.7,2024-08-29 23:59:59.999,94450034.0072
2024-08-30,3.641,3.71,3.45,3.638,31374010.2,2024-08-30 23:59:59.999,112809094.0168
2024-08-31,3.639,3.669,3.529,3.566,14405215.3,2024-08-31 23:59:59.999,51814380.6942
2024-09-01,3.566,3.579,3.303,3.358,38113375.2,2024-09-01 23:59:59.999,131202219.4792
2024-09-02,3.357,3.522,3.312,3.488,37898526.5,2024-09-02 23:59:59.999,129863588.5463
2024-09-03,3.489,3.555,3.34,3.351,28920529.0,2024-09-03 23:59:59.999,99504359.3053
2024-09-04,3.351,3.468,3.16,3.391,39571438.8,2024-09-04 23:59:59.999,132048207.0594
2024-09-05,3.391,3.426,3.312,3.356,25077756.5,2024-09-05 23:59:59.999,84356891.3427
2024-09-06,3.357,3.416,3.141,3.271,52337033.4,2024-09-06 23:59:59.999,172810752.9171
2024-09-07,3.271,3.372,3.267,3.347,16866278.3,2024-09-07 23:59:59.999,56164741.6853
2024-09-08,3.348,3.442,3.317,3.405,18386462.7,2024-09-08 23:59:59.999,62047980.2005
2024-09-09,3.405,3.675,3.366,3.599,33792774.6,2024-09-09 23:59:59.999,118230488.1419
2024-09-10,3.599,3.691,3.538,3.657,22672864.0,2024-09-10 23:59:59.999,81755687.7089
2024-09-11,3.657,3.663,3.481,3.6,31680598.9,2024-09-11 23:59:59.999,113108821.3216
2024-09-12,3.599,3.681,3.573,3.655,22041776.0,2024-09-12 23:59:59.999,79904894.0404
2024-09-13,3.655,3.769,3.618,3.724,27119704.9,2024-09-13 23:59:59.999,100029348.3217
2024-09-14,3.724,3.743,3.634,3.66,16523441.0,2024-09-14 23:59:59.999,60704736.516
2024-09-15,3.659,3.684,3.407,3.445,28213755.5,2024-09-15 23:59:59.999,100312045.8502
2024-09-16,3.445,3.477,3.357,3.412,26796072.7,2024-09-16 23:59:59.999,91583299.5804
2024-09-17,3.411,3.531,3.383,3.462,22321032.3,2024-09-17 23:59:59.999,77253608.7145
2024-09-18,3.462,3.618,3.36,3.614,30449376.0,2024-09-18 23:59:59.999,105382271.5597
2024-09-19,3.614,3.754,3.613,3.685,27324561.2,2024-09-19 23:59:59.999,100763822.1112
2024-09-20,3.686,3.839,3.651,3.775,29341373.8,2024-09-20 23:59:59.999,110262309.8386
2024-09-21,3.776,3.882,3.695,3.863,18717099.1,2024-09-21 23:59:59.999,70996920.521
2024-09-22,3.863,3.873,3.601,3.72,29153600.4,2024-09-22 23:59:59.999,108290244.9021
2024-09-23,3.72,3.809,3.653,3.757,30667586.2,2024-09-23 23:59:59.999,114888043.3477
2024-09-24,3.757,3.88,3.693,3.854,31400843.1,2024-09-24 23:59:59.999,118475217.0219
2024-09-25,3.854,4.044,3.85,3.939,36147406.0,2024-09-25 23:59:59.999,142403438.2691
2024-09-26,3.94,4.146,3.877,4.1,38584307.7,2024-09-26 23:59:59.999,156694376.7487
2024-09-27,4.101,4.291,4.093,4.195,32203871.1,2024-09-27 23:59:59.999,134668851.9058
2024-09-28,4.195,4.223,4.017,4.124,23215471.0,2024-09-28 23:59:59.999,95497436.8165
2024-09-29,4.125,4.156,4.01,4.081,18733088.6,2024-09-29 23:59:59.999,76394898.0068
2024-09-30,4.081,4.098,3.776,3.809,38406364.1,2024-09-30 23:59:59.999,151282685.9904
2024-10-01,3.809,3.94,3.428,3.553,56524837.5,2024-10-01 23:59:59.999,208314984.9432
2024-10-02,3.554,3.684,3.441,3.534,34300129.3,2024-10-02 23:59:59.999,122689943.0563
2024-10-03,3.534,3.653,3.42,3.572,41401752.1,2024-10-03 23:59:59.999,146125360.7761
2024-10-04,3.572,3.654,3.543,3.644,20214979.7,2024-10-04 23:59:59.999,72989837.7387
2024-10-05,3.645,3.677,3.553,3.613,15204792.9,2024-10-05 23:59:59.999,55193387.4461
2024-10-06,3.614,3.713,3.603,3.698,14589123.5,2024-10-06 23:59:59.999,53395855.3337
2024-10-07,3.698,3.813,3.681,3.71,28535875.3,2024-10-07 23:59:59.999,107225788.0319
2024-10-08,3.71,3.776,3.586,3.626,25984439.5,2024-10-08 23:59:59.999,95621970.5261
2024-10-09,3.626,3.676,3.454,3.499,24587230.6,2024-10-09 23:59:59.999,87785080.4806
2024-10-10,3.498,3.539,3.431,3.535,23551768.2,2024-10-10 23:59:59.999,82228014.5358
2024-10-11,3.536,3.615,3.502,3.585,19871496.9,2024-10-11 23:59:59.999,70666830.2445
2024-10-12,3.585,3.655,3.571,3.611,15868492.5,2024-10-12 23:59:59.999,57392286.4076
2024-10-13,3.611,3.626,3.475,3.566,20295787.8,2024-10-13 23:59:59.999,71964515.9003
2024-10-14,3.567,3.9,3.528,3.856,32183407.6,2024-10-14 23:59:59.999,119695863.9339
2024-10-15,3.857,3.933,3.686,3.802,43902307.7,2024-10-15 23:59:59.999,166831758.4978
2024-10-16,3.802,3.828,3.694,3.75,20582423.5,2024-10-16 23:59:59.999,77195961.7362
2024-10-17,3.75,3.77,3.6,3.64,26407905.8,2024-10-17 23:59:59.999,97023874.5758
2024-10-18,3.64,3.781,3.622,3.775,18859282.0,2024-10-18 23:59:59.999,69810101.3077
2024-10-19,3.776,3.822,3.7,3.766,14373201.4,2024-10-19 23:59:59.999,54001112.3355
2024-10-20,3.766,4.017,3.708,3.983,26321681.7,2024-10-20 23:59:59.999,102035347.0056
2024-10-21,3.983,4.021,3.779,3.85,26381661.1,2024-10-21 23:59:59.999,102663919.4178
2024-10-22,3.85,3.911,3.726,3.804,24214053.0,2024-10-22 23:59:59.999,92451679.5711
2024-10-23,3.803,3.813,3.602,3.692,21739391.0,2024-10-23 23:59:59.999,80412648.8932
2024-10-24,3.692,3.77,3.647,3.739,14815838.5,2024-10-24 23:59:59.999,54973550.2817
2024-10-25,3.738,3.75,3.268,3.439,36124561.2,2024-10-25 23:59:59.999,129093070.6116
2024-10-26,3.439,3.488,3.371,3.467,19292281.0,2024-10-26 23:59:59.999,66288011.4367
2024-10-27,3.467,3.603,3.452,3.563,13081543.8,2024-10-27 23:59:59.999,45921599.3982
2024-10-28,3.563,3.67,3.483,3.624,24529651.6,2024-10-28 23:59:59.999,87489044.6109
2024-10-29,3.623,3.743,3.603,3.708,21535382.7,2024-10-29 23:59:59.999,79051598.1017
2024-10-30,3.708,3.791,3.663,3.723,21741298.3,2024-10-30 23:59:59.999,81145181.4222
2024-10-31,3.723,3.741,3.487,3.533,23846197.7,2024-10-31 23:59:59.999,85841531.9392
2024-11-01,3.533,3.587,3.421,3.469,24467063.3,2024-11-01 23:59:59.999,85688425.3184
2024-11-02,3.469,3.508,3.388,3.43,13152380.9,2024-11-02 23:59:59.999,45280471.5298
2024-11-03,3.429,3.438,3.236,3.339,26693202.0,2024-11-03 23:59:59.999,88654814.2359
2024-11-04,3.338,3.406,3.197,3.273,22842231.3,2024-11-04 23:59:59.999,75835209.0163
2024-11-05,3.272,3.432,3.267,3.389,21971007.9,2024-11-05 23:59:59.999,73882851.8514
2024-11-06,3.39,3.754,3.389,3.711,38754924.4,2024-11-06 23:59:59.999,139261909.382
2024-11-07,3.711,3.829,3.671,3.771,25029034.7,2024-11-07 23:59:59.999,93851867.7596
2024-11-08,3.771,3.968,3.68,3.915,44395717.0,2024-11-08 23:59:59.999,169877101.9784
2024-11-09,3.916,4.08,3.787,4.054,32544530.7,2024-11-09 23:59:59.999,127056355.9735
2024-11-10,4.054,4.427,3.997,4.27,62470441.7,2024-11-10 23:59:59.999,262185222.6314
2024-11-11,4.27,4.419,4.118,4.415,54173800.5,2024-11-11 23:59:59.999,229867055.8246
2024-11-12,4.415,4.66,4.097,4.225,77981412.0,2024-11-12 23:59:59.999,338997736.2066
2024-11-13,4.225,4.299,3.854,4.079,76289551.8,2024-11-13 23:59:59.999,309927940.428
2024-11-14,4.08,4.216,3.801,3.859,47608222.3,2024-11-14 23:59:59.999,190052387.3869
2024-11-15,3.859,4.26,3.782,4.204,52225509.8,2024-11-15 23:59:59.999,211688969.0627
2024-11-16,4.203,4.828,4.152,4.75,66047022.1,2024-11-16 23:59:59.999,296992626.6998
2024-11-17,4.75,4.883,4.253,4.347,65293922.1,2024-11-17 23:59:59.999,295544903.6305
2024-11-18,4.348,4.656,4.321,4.538,59680431.9,2024-11-18 23:59:59.999,267973736.8494
2024-11-19,4.539,4.591,4.286,4.436,37047280.1,2024-11-19 23:59:59.999,164653189.6952
2024-11-20,4.435,4.535,4.118,4.246,46737232.2,2024-11-20 23:59:59.999,202285664.3222
2024-11-21,4.247,4.671,4.078,4.535,59538350.9,2024-11-21 23:59:59.999,265314345.2694
2024-11-22,4.535,4.973,4.457,4.938,62023446.6,2024-11-22 23:59:59.999,290434880.1851
2024-11-23,4.939,5.674,4.839,5.374,113130113.0,2024-11-23 23:59:59.999,595653955.0005
2024-11-24,5.374,6.141,5.183,5.726,126850340.9,2024-11-24 23:59:59.999,716118839.1169
2024-11-25,5.727,5.865,5.353,5.459,83989342.6,2024-11-25 23:59:59.999,471747883.0291
2024-11-26,5.458,5.772,5.161,5.437,72294339.1,2024-11-26 23:59:59.999,391680993.6641
2024-11-27,5.437,5.852,5.293,5.815,55141683.7,2024-11-27 23:59:59.999,305495890.9287
2024-11-28,5.815,5.904,5.513,5.814,48321484.6,2024-11-28 23:59:59.999,275239557.2179
2024-11-29,5.814,6.175,5.626,6.146,48258292.2,2024-11-29 23:59:59.999,285274744.8531
2024-11-30,6.147,7.33,6.068,7.081,92822080.2,2024-11-30 23:59:59.999,616822845.9036
2024-12-01,7.08,7.1,6.654,6.87,64185249.6,2024-12-01 23:59:59.999,438804232.4865
2024-12-02,6.869,7.499,6.624,7.288,130340586.1,2024-12-02 23:59:59.999,924849719.5018
2024-12-03,7.288,7.65,6.685,7.313,117331197.1,2024-12-03 23:59:59.999,842888532.0013
2024-12-04,7.314,8.436,7.301,8.091,130822156.1,2024-12-04 23:59:59.999,1043096421.7342
2024-12-05,8.092,8.289,7.447,7.699,95825091.1,2024-12-05 23:59:59.999,760026305.9164
2024-12-06,7.699,8.308,7.589,8.082,65800843.0,2024-12-06 23:59:59.999,522920467.0064
2024-12-07,8.082,8.094,7.708,7.83,41119818.1,2024-12-07 23:59:59.999,326103283.641
2024-12-08,7.829,7.96,7.581,7.878,34775281.6,2024-12-08 23:59:59.999,269959189.8325
2024-12-09,7.878,7.879,5.444,6.267,113817052.6,2024-12-09 23:59:59.999,772024643.6005
2024-12-10,6.267,6.475,5.679,6.2,93958065.4,2024-12-10 23:59:59.999,575127012.0882
2024-12-11,6.2,6.787,5.943,6.68,48974416.0,2024-12-11 23:59:59.999,312797343.5378
2024-12-12,6.681,7.152,6.61,6.732,56378876.0,2024-12-12 23:59:59.999,386885867.8877
2024-12-13,6.733,6.854,6.514,6.75,39723627.1,2024-12-13 23:59:59.999,265838169.2169
2024-12-14,6.75,6.852,6.26,6.432,37356043.7,2024-12-14 23:59:59.999,244167813.3668
2024-12-15,6.433,6.786,6.313,6.737,35784064.8,2024-12-15 23:59:59.999,234421181.466
2024-12-16,6.736,6.944,6.445,6.532,44672095.3,2024-12-16 23:59:59.999,297685151.7883
2024-12-17,6.532,6.659,6.216,6.288,44122288.5,2024-12-17 23:59:59.999,284594168.026
2024-12-18,6.289,6.341,5.518,5.646,71141262.1,2024-12-18 23:59:59.999,423947272.4048
2024-12-19,5.646,5.736,4.92,5.083,98925889.4,2024-12-19 23:59:59.999,530908267.0069
2024-12-20,5.084,5.32,4.378,5.208,104325253.2,2024-12-20 23:59:59.999,502986636.1035
2024-12-21,5.207,5.479,4.843,4.917,66880049.1,2024-12-21 23:59:59.999,340951454.2762
2024-12-22,4.918,5.058,4.689,4.83,49396031.7,2024-12-22 23:59:59.999,241203813.0716
2024-12-23,4.83,5.26,4.718,5.195,51146142.8,2024-12-23 23:59:59.999,253110495.812
2024-12-24,5.194,5.57,5.037,5.46,38948735.2,2024-12-24 23:59:59.999,206579660.954
2024-12-25,5.46,5.499,5.227,5.292,28398193.3,2024-12-25 23:59:59.999,152093070.2441
2024-12-26,5.292,5.362,4.901,4.976,38553891.7,2024-12-26 23:59:59.999,195174724.2704
2024-12-27,4.975,5.201,4.888,4.95,35983072.7,2024-12-27 23:59:59.999,180799463.6374
2024-12-28,4.95,5.283,4.902,5.21,26157792.9,2024-12-28 23:59:59.999,132783236.099
2024-12-29,5.21,5.239,4.912,4.954,24852020.5,2024-12-29 23:59:59.999,126232750.8142
2024-12-30,4.954,5.184,4.749,4.925,44471457.9,2024-12-30 23:59:59.999,220369858.4019
2024-12-31,4.926,5.137,4.805,4.952,26981628.1,2024-12-31 23:59:59.999,133801354.4539
2025-01-01,4.952,5.196,4.846,5.121,29494074.9,2025-01-01 23:59:59.999,148148644.304
2025-01-02,5.121,5.368,5.12,5.305,31523610.2,2025-01-02 23:59:59.999,165316685.6914
2025-01-03,5.306,5.754,5.239,5.664,36572652.8,2025-01-03 23:59:59.999,200900829.9662
2025-01-04,5.664,5.733,5.561,5.639,22893691.2,2025-01-04 23:59:59.999,128989444.2929
2025-01-05,5.639,5.972,5.5,5.911,30240521.2,2025-01-05 23:59:59.999,172202803.7716
2025-01-06,5.911,6.295,5.783,5.983,71120069.7,2025-01-06 23:59:59.999,432491973.5132
2025-01-07,5.984,6.105,5.328,5.349,58746927.7,2025-01-07 23:59:59.999,336062625.0943
2025-01-08,5.35,5.486,4.885,5.107,59363113.4,2025-01-08 23:59:59.999,307314556.7643
2025-01-09,5.106,5.188,4.907,5.05,44740037.6,2025-01-09 23:59:59.999,226462586.0762
2025-01-10,5.05,5.262,5.009,5.208,37053764.7,2025-01-10 23:59:59.999,190132203.5309
2025-01-11,5.207,5.314,5.1,5.201,17519730.3,2025-01-11 23:59:59.999,90651171.3229
2025-01-12,5.201,5.235,5.014,5.086,18141345.9,2025-01-12 23:59:59.999,93219864.6083
2025-01-13,5.086,5.229,4.6,4.918,60173926.9,2025-01-13 23:59:59.999,292495057.6898
2025-01-14,4.918,5.247,4.902,5.21,28499764.1,2025-01-14 23:59:59.999,145572386.563
2025-01-15,5.21,5.676,5.11,5.653,43171399.0,2025-01-15 23:59:59.999,231147130.9084
2025-01-16,5.653,5.789,5.386,5.615,47638303.5,2025-01-16 23:59:59.999,265300092.9728
2025-01-17,5.616,5.953,5.615,5.83,34037048.5,2025-01-17 23:59:59.999,197778725.1649
2025-01-18,5.83,5.87,5.32,5.444,47212642.6,2025-01-18 23:59:59.999,258965198.4884
2025-01-19,5.443,5.617,4.83,4.978,71455169.6,2025-01-19 23:59:59.999,373561598.7048
2025-01-20,4.977,5.495,4.825,5.104,81472918.6,2025-01-20 23:59:59.999,417755510.5953
2025-01-21,5.104,5.349,4.882,5.255,37240156.1,2025-01-21 23:59:59.999,189698372.8465
2025-01-22,5.255,5.306,4.96,5.0,24197702.9,2025-01-22 23:59:59.999,123855337.672
2025-01-23,4.999,5.146,4.858,5.061,34296211.5,2025-01-23 23:59:59.999,171070497.8016
2025-01-24,5.062,5.201,4.894,5.013,26748647.3,2025-01-24 23:59:59.999,135928265.8018
2025-01-25,5.013,5.078,4.923,4.981,17551556.9,2025-01-25 23:59:59.999,87948509.7449
2025-01-26,4.981,5.188,4.849,4.858,21916186.1,2025-01-26 23:59:59.999,109813167.719
2025-01-27,4.858,4.863,4.337,4.657,67535079.1,2025-01-27 23:59:59.999,308923450.8051
2025-01-28,4.657,4.724,4.322,4.384,31596058.3,2025-01-28 23:59:59.999,143911160.6621
2025-01-29,4.384,4.647,4.363,4.511,29694280.8,2025-01-29 23:59:59.999,133472643.1238
2025-01-30,4.511,4.897,4.472,4.807,23410494.7,2025-01-30 23:59:59.999,110619491.1754
2025-01-31,4.806,4.961,4.679,4.811,29311856.1,2025-01-31 23:59:59.999,141303287.8953
2025-02-01,4.811,4.874,4.325,4.37,26763025.6,2025-02-01 23:59:59.999,123313977.8621
2025-02-02,4.37,4.463,3.3,3.6,93627692.4,2025-02-02 23:59:59.999,364790083.3546
2025-02-03,3.601,3.602,2.58,3.505,164622688.1,2025-02-03 23:59:59.999,520627456.1833
2025-02-04,3.505,3.522,3.116,3.333,76832623.0,2025-02-04 23:59:59.999,252517365.1971
2025-02-05,3.333,3.382,3.188,3.24,37478844.2,2025-02-05 23:59:59.999,123861002.1351
2025-02-06,3.239,3.355,3.081,3.118,49633425.2,2025-02-06 23:59:59.999,159275292.0521
2025-02-07,3.118,3.381,3.071,3.185,48473955.6,2025-02-07 23:59:59.999,156363118.1657
2025-02-08,3.184,3.325,3.144,3.302,25215868.1,2025-02-08 23:59:59.999,81054902.9662
2025-02-09,3.302,3.386,3.154,3.308,29174177.7,2025-02-09 23:59:59.999,96354673.5515
2025-02-10,3.309,3.468,3.187,3.427,36313566.9,2025-02-10 23:59:59.999,121947519.3894
2025-02-11,3.427,3.535,3.264,3.336,34498352.5,2025-02-11 23:59:59.999,117587278.6878
2025-02-12,3.337,3.53,3.171,3.477,45222788.9,2025-02-12 23:59:59.999,149539852.6963
2025-02-13,3.477,3.51,3.341,3.401,29450176.2,2025-02-13 23:59:59.999,100126992.6356
2025-02-14,3.402,3.628,3.384,3.526,29346908.5,2025-02-14 23:59:59.999,102606855.5051
2025-02-15,3.526,3.568,3.377,3.414,20024751.2,2025-02-15 23:59:59.999,69481619.806
2025-02-16,3.413,3.487,3.356,3.396,23814112.7,2025-02-16 23:59:59.999,81132588.3928
2025-02-17,3.396,3.512,3.309,3.434,35048694.7,2025-02-17 23:59:59.999,119308056.9051
2025-02-18,3.434,3.437,3.129,3.228,51631052.0,2025-02-18 23:59:59.999,167518014.0622
2025-02-19,3.228,3.343,3.189,3.323,28671412.8,2025-02-19 23:59:59.999,93895402.6188
2025-02-20,3.324,3.527,3.313,3.492,34334049.0,2025-02-20 23:59:59.999,118512564.8912
2025-02-21,3.493,3.606,3.251,3.319,51804611.3,2025-02-21 23:59:59.999,178023152.8982
2025-02-22,3.318,3.454,3.299,3.431,24691425.0,2025-02-22 23:59:59.999,83233742.8067
2025-02-23,3.432,3.506,3.372,3.411,23489993.6,2025-02-23 23:59:59.999,80620116.0098
2025-02-24,3.411,3.436,2.934,3.014,63174096.4,2025-02-24 23:59:59.999,202454645.4568
2025-02-25,3.014,3.179,2.798,3.14,99699831.9,2025-02-25 23:59:59.999,296442825.642
2025-02-26,3.141,3.221,3.005,3.147,55126799.8,2025-02-26 23:59:59.999,172675464.4069
2025-02-27,3.147,3.344,3.126,3.261,41771676.8,2025-02-27 23:59:59.999,135490317.7108
2025-02-28,3.26,3.329,2.992,3.249,73008707.6,2025-02-28 23:59:59.999,229126355.9325
2025-03-01,3.249,3.297,3.134,3.241,28157514.8,2025-03-01 23:59:59.999,90639015.7159
2025-03-02,3.241,3.596,3.18,3.564,54134747.0,2025-03-02 23:59:59.999,183306874.0239
2025-03-03,3.563,3.584,2.996,3.068,75752278.2,2025-03-03 23:59:59.999,246494502.6434
2025-03-04,3.068,3.084,2.764,3.014,92875681.2,2025-03-04 23:59:59.999,273911731.8946
2025-03-05,3.014,3.18,2.973,3.134,37411369.9,2025-03-05 23:59:59.999,114285186.1832
2025-03-06,3.134,3.201,3.041,3.085,33282314.2,2025-03-06 23:59:59.999,103769575.9383
2025-03-07,3.085,3.224,2.905,3.114,56305793.1,2025-03-07 23:59:59.999,174241260.9687
2025-03-08,3.115,3.163,3.031,3.101,26330321.2,2025-03-08 23:59:59.999,81387810.6811
2025-03-09,3.102,3.123,2.736,2.785,51224139.1,2025-03-09 23:59:59.999,147816531.6524
2025-03-10,2.786,2.974,2.589,2.642,66177182.6,2025-03-10 23:59:59.999,184166624.1909
2025-03-11,2.642,2.806,2.436,2.741,74702895.4,2025-03-11 23:59:59.999,197205101.5479
2025-03-12,2.741,2.868,2.67,2.787,43935163.0,2025-03-12 23:59:59.999,121439246.8625
2025-03-13,2.786,2.838,2.663,2.747,37692007.9,2025-03-13 23:59:59.999,103656184.4619
2025-03-14,2.747,2.916,2.737,2.883,28177569.5,2025-03-14 23:59:59.999,80047561.058
2025-03-15,2.883,2.979,2.856,2.947,19531758.6,2025-03-15 23:59:59.999,56960225.6159
2025-03-16,2.947,2.954,2.812,2.833,30929604.1,2025-03-16 23:59:59.999,88816881.9255
2025-03-17,2.832,3.081,2.831,3.021,33205826.9,2025-03-17 23:59:59.999,98198895.8172
2025-03-18,3.021,3.03,2.817,2.923,52745324.6,2025-03-18 23:59:59.999,152909895.8882
2025-03-19,2.923,3.095,2.915,3.086,37149740.3,2025-03-19 23:59:59.999,110977101.0463
2025-03-20,3.086,3.105,2.972,3.047,32339658.0,2025-03-20 23:59:59.999,98103048.7282
2025-03-21,3.048,3.069,2.867,2.916,29502781.2,2025-03-21 23:59:59.999,87027070.0631
2025-03-22,2.916,3.057,2.911,2.989,23723795.8,2025-03-22 23:59:59.999,71126262.3083
2025-03-23,2.988,3.03,2.963,3.025,16837393.7,2025-03-23 23:59:59.999,50522629.2102
2025-03-24,3.024,3.21,2.994,3.127,36549114.1,2025-03-24 23:59:59.999,114067412.2671
2025-03-25,3.127,3.156,3.086,3.13,21708584.4,2025-03-25 23:59:59.999,67796593.9283
2025-03-26,3.13,3.209,3.001,3.025,35284662.6,2025-03-26 23:59:59.999,109836895.1756
2025-03-27,3.026,3.109,2.956,3.02,28802578.4,2025-03-27 23:59:59.999,87241672.1029
2025-03-28,3.02,3.047,2.777,2.827,39968701.3,2025-03-28 23:59:59.999,115208127.6854
2025-03-29,2.826,2.851,2.695,2.743,33155728.4,2025-03-29 23:59:59.999,91894047.3358
2025-03-30,2.744,2.796,2.701,2.753,24425655.1,2025-03-30 23:59:59.999,67312019.2423
2025-03-31,2.754,2.811,2.696,2.776,31028303.4,2025-03-31 23:59:59.999,85573185.6611
2025-04-01,2.777,2.942,2.773,2.836,37581939.1,2025-04-01 23:59:59.999,107987900.0086
2025-04-02,2.836,2.906,2.644,2.699,53057022.2,2025-04-02 23:59:59.999,148314960.907
2025-04-03,2.699,2.783,2.603,2.73,39640259.3,2025-04-03 23:59:59.999,106824210.4602
2025-04-04,2.731,3.463,2.682,2.765,154792887.3,2025-04-04 23:59:59.999,442839974.9736
2025-04-05,2.764,2.776,2.652,2.695,36325981.3,2025-04-05 23:59:59.999,98719711.8412
2025-04-06,2.696,2.708,2.323,2.374,91276692.4,2025-04-06 23:59:59.999,228477504.3625
2025-04-07,2.374,2.467,2.111,2.368,160502864.0,2025-04-07 23:59:59.999,370516330.169
2025-04-08,2.368,2.42,2.242,2.263,62948817.2,2025-04-08 23:59:59.999,146327143.2112
2025-04-09,2.264,2.535,2.173,2.473,90370029.5,2025-04-09 23:59:59.999,212675239.7125
2025-04-10,2.472,2.481,2.301,2.346,51637791.4,2025-04-10 23:59:59.999,122797209.4925
2025-04-11,2.346,2.471,2.33,2.452,36597157.5,2025-04-11 23:59:59.999,88385450.3173
2025-04-12,2.453,2.586,2.416,2.56,34922521.9,2025-04-12 23:59:59.999,87453485.8808
2025-04-13,2.559,2.574,2.438,2.492,41523825.3,2025-04-13 23:59:59.999,104060943.934
2025-04-14,2.492,2.6,2.485,2.53,52520120.4,2025-04-14 23:59:59.999,133520383.7844
2025-04-15,2.529,2.538,2.4,2.414,41266474.5,2025-04-15 23:59:59.999,102105180.825
2025-04-16,2.415,2.443,2.346,2.386,55679276.4,2025-04-16 23:59:59.999,133887263.5567
2025-04-17,2.386,2.422,2.322,2.381,35934399.3,2025-04-17 23:59:59.999,85648339.3339
2025-04-18,2.382,2.492,2.364,2.453,29831912.6,2025-04-18 23:59:59.999,72904112.5134
2025-04-19,2.453,2.659,2.45,2.636,32733017.7,2025-04-19 23:59:59.999,83306738.1622
2025-04-20,2.636,2.686,2.567,2.647,35896341.7,2025-04-20 23:59:59.999,94444439.8878
2025-04-21,2.647,2.716,2.58,2.608,35254806.7,2025-04-21 23:59:59.999,93681663.224
2025-04-22,2.609,2.724,2.48,2.711,71258205.2,2025-04-22 23:59:59.999,183455726.3448
2025-04-23,2.712,2.817,2.672,2.789,63306902.4,2025-04-23 23:59:59.999,173553347.0234
2025-04-24,2.789,2.861,2.659,2.858,55418254.7,2025-04-24 23:59:59.999,152972583.9477
2025-04-25,2.858,2.909,2.796,2.857,51271466.7,2025-04-25 23:59:59.999,146196879.0492
2025-04-26,2.857,2.928,2.813,2.86,35028200.4,2025-04-26 23:59:59.999,100706882.2233
2025-04-27,2.86,2.886,2.667,2.704,54476297.0,2025-04-27 23:59:59.999,149187339.9056
2025-04-28,2.704,2.807,2.644,2.765,53906843.2,2025-04-28 23:59:59.999,147432202.027
2025-04-29,2.766,2.838,2.702,2.739,37306756.8,2025-04-29 23:59:59.999,103609129.7404
2025-04-30,2.739,2.809,2.667,2.767,34380832.4,2025-04-30 23:59:59.999,94429441.061
2025-05-01,2.767,2.863,2.745,2.839,32038851.7,2025-05-01 23:59:59.999,89844274.1961
2025-05-02,2.839,2.899,2.755,2.802,31703697.0,2025-05-02 23:59:59.999,89816759.45
2025-05-03,2.801,2.806,2.608,2.648,43031131.5,2025-05-03 23:59:59.999,116017434.2717
2025-05-04,2.647,2.682,2.604,2.628,26054794.6,2025-05-04 23:59:59.999,68666915.6202
2025-05-05,2.629,2.688,2.566,2.61,32444834.7,2025-05-05 23:59:59.999,85219023.7529
2025-05-06,2.61,2.627,2.48,2.586,38593041.9,2025-05-06 23:59:59.999,99090559.2497
2025-05-07,2.586,2.616,2.517,2.584,35051416.2,2025-05-07 23:59:59.999,90069057.0785
2025-05-08,2.585,2.955,2.58,2.929,51203527.6,2025-05-08 23:59:59.999,142081034.9712
2025-05-09,2.929,3.091,2.923,3.022,57913807.8,2025-05-09 23:59:59.999,173734920.039
2025-05-10,3.022,3.26,2.993,3.243,53381223.1,2025-05-10 23:59:59.999,164817705.2787
2025-05-11,3.243,3.307,3.077,3.14,56354030.8,2025-05-11 23:59:59.999,179286515.4006
2025-05-12,3.14,3.299,2.988,3.138,71652628.9,2025-05-12 23:59:59.999,226921786.5066
2025-05-13,3.138,3.262,2.941,3.218,57355201.0,2025-05-13 23:59:59.999,176878876.0402
2025-05-14,3.217,3.289,3.021,3.049,48362172.7,2025-05-14 23:59:59.999,151832558.5574
2025-05-15,3.049,3.081,2.876,2.935,68111763.3,2025-05-15 23:59:59.999,201191250.019
2025-05-16,2.935,3.022,2.844,2.876,43399495.8,2025-05-16 23:59:59.999,128209067.8959
2025-05-17,2.876,2.888,2.737,2.783,54551655.9,2025-05-17 23:59:59.999,152657354.2978
2025-05-18,2.783,2.985,2.722,2.911,63979242.9,2025-05-18 23:59:59.999,182811157.4772
2025-05-19,2.91,2.932,2.727,2.859,56629986.1,2025-05-19 23:59:59.999,159320990.2976
2025-05-20,2.859,2.924,2.759,2.863,42588370.6,2025-05-20 23:59:59.999,120644633.6465
2025-05-21,2.863,3.001,2.812,2.942,58140269.7,2025-05-21 23:59:59.999,168155394.1119
2025-05-22,2.943,3.096,2.94,3.085,41505620.3,2025-05-22 23:59:59.999,125886379.9186
2025-05-23,3.084,3.157,2.825,2.844,61367998.4,2025-05-23 23:59:59.999,183550578.1184
2025-05-24,2.844,2.887,2.8,2.823,29464911.6,2025-05-24 23:59:59.999,84115905.0502
2025-05-25,2.822,2.833,2.717,2.813,39999377.7,2025-05-25 23:59:59.999,111018338.8221
2025-05-26,2.813,2.861,2.754,2.788,34693705.1,2025-05-26 23:59:59.999,97502214.6456
2025-05-27,2.788,2.921,2.73,2.882,40482984.4,2025-05-27 23:59:59.999,115823423.5287
2025-05-28,2.883,2.909,2.755,2.86,46589251.6,2025-05-28 23:59:59.999,132445833.8865
2025-05-29,2.861,2.949,2.746,2.763,50199765.0,2025-05-29 23:59:59.999,142317681.0084
2025-05-30,2.762,2.78,2.487,2.51,85256998.0,2025-05-30 23:59:59.999,223743769.6222
2025-05-31,2.509,2.62,2.433,2.594,53934819.8,2025-05-31 23:59:59.999,135748605.7165
2025-06-01,2.595,2.596,2.504,2.568,28320355.5,2025-06-01 23:59:59.999,72274651.6526
2025-06-02,2.568,2.648,2.507,2.641,40419962.2,2025-06-02 23:59:59.999,103499256.294
2025-06-03,2.641,2.686,2.589,2.626,42781255.2,2025-06-03 23:59:59.999,112644633.3546
2025-06-04,2.625,2.674,2.538,2.561,38793576.9,2025-06-04 23:59:59.999,100979252.4743
2025-06-05,2.561,2.601,2.317,2.364,72394083.3,2025-06-05 23:59:59.999,177890714.0706
2025-06-06,2.364,2.465,2.359,2.409,37946651.0,2025-06-06 23:59:59.999,91615048.522
2025-06-07,2.408,2.525,2.396,2.506,25072586.6,2025-06-07 23:59:59.999,62337907.4878
2025-06-08,2.507,2.543,2.469,2.486,29338797.7,2025-06-08 23:59:59.999,73463131.4972
2025-06-09,2.487,2.614,2.453,2.601,40083974.4,2025-06-09 23:59:59.999,100729228.5593
2025-06-10,2.601,2.748,2.566,2.73,54558412.6,2025-06-10 23:59:59.999,145386518.4701
2025-06-11,2.73,2.771,2.662,2.689,46579779.5,2025-06-11 23:59:59.999,126361743.5293
2025-06-12,2.69,2.702,2.48,2.503,52595403.7,2025-06-12 23:59:59.999,136375858.1376
2025-06-13,2.503,2.505,2.333,2.458,94747344.7,2025-06-13 23:59:59.999,226900589.7008
2025-06-14,2.459,2.459,2.378,2.417,31417769.2,2025-06-14 23:59:59.999,76028763.8905
2025-06-15,2.418,2.447,2.365,2.42,32749798.4,2025-06-15 23:59:59.999,78879109.8816
2025-06-16,2.42,2.57,2.395,2.463,44286732.6,2025-06-16 23:59:59.999,110823703.3413
2025-06-17,2.463,2.496,2.338,2.392,65635153.3,2025-06-17 23:59:59.999,158558252.1865
2025-06-18,2.391,2.415,2.311,2.388,52878190.6,2025-06-18 23:59:59.999,125027405.3862
2025-06-19,2.388,2.416,2.314,2.344,34537914.5,2025-06-19 23:59:59.999,81394184.4073
2025-06-20,2.345,2.386,2.18,2.258,68358027.0,2025-06-20 23:59:59.999,156300759.9494
2025-06-21,2.259,2.301,2.126,2.189,51866411.6,2025-06-21 23:59:59.999,115668969.4923
2025-06-22,2.189,2.22,1.96,2.066,111199775.1,2025-06-22 23:59:59.999,233371685.6325
2025-06-23,2.066,2.27,2.047,2.253,77904285.0,2025-06-23 23:59:59.999,166130995.3392
2025-06-24,2.253,2.356,2.225,2.297,47680727.0,2025-06-24 23:59:59.999,108895975.8092
2025-06-25,2.297,2.313,2.229,2.252,35788931.0,2025-06-25 23:59:59.999,81195292.8003
2025-06-26,2.253,2.301,2.174,2.197,45132801.9,2025-06-26 23:59:59.999,100603682.7129
2025-06-27,2.197,2.224,2.138,2.21,47671049.1,2025-06-27 23:59:59.999,103886275.6779
2025-06-28,2.21,2.282,2.18,2.267,25971799.4,2025-06-28 23:59:59.999,57732766.881
2025-06-29,2.267,2.419,2.246,2.387,33962880.0,2025-06-29 23:59:59.999,78262571.9745
2025-06-30,2.387,2.398,2.271,2.3,46240287.7,2025-06-30 23:59:59.999,107042405.2158
2025-07-01,2.3,2.318,2.175,2.201,44971519.9,2025-07-01 23:59:59.999,100809623.434
2025-07-02,2.201,2.436,2.178,2.371,58545266.7,2025-07-02 23:59:59.999,136309530.5986
2025-07-03,2.37,2.444,2.353,2.397,48068796.2,2025-07-03 23:59:59.999,115364374.2713
2025-07-04,2.396,2.407,2.226,2.261,50253020.4,2025-07-04 23:59:59.999,115261572.656
2025-07-05,2.261,2.279,2.209,2.251,31195770.9,2025-07-05 23:59:59.999,70088414.3472
2025-07-06,2.252,2.33,2.229,2.291,28409979.2,2025-07-06 23:59:59.999,64563540.5474
2025-07-07,2.291,2.32,2.246,2.277,34058750.9,2025-07-07 23:59:59.999,77596682.8128
2025-07-08,2.278,2.332,2.236,2.312,33838367.8,2025-07-08 23:59:59.999,77140347.1836
2025-07-09,2.312,2.471,2.282,2.438,48850975.3,2025-07-09 23:59:59.999,115984930.1492
2025-07-10,2.439,2.607,2.42,2.589,47089439.5,2025-07-10 23:59:59.999,117394329.9595
2025-07-11,2.588,2.678,2.511,2.562,67864447.3,2025-07-11 23:59:59.999,177225174.9985
2025-07-12,2.562,2.605,2.46,2.534,47924860.9,2025-07-12 23:59:59.999,121577675.7297
2025-07-13,2.534,2.628,2.517,2.559,36202606.7,2025-07-13 23:59:59.999,93096525.2727
2025-07-14,2.559,2.691,2.52,2.573,58510384.6,2025-07-14 23:59:59.999,152836482.4374
2025-07-15,2.574,2.651,2.461,2.645,72342695.2,2025-07-15 23:59:59.999,183583844.7916
2025-07-16,2.646,2.74,2.589,2.652,52821228.6,2025-07-16 23:59:59.999,140136863.35
2025-07-17,2.653,2.748,2.592,2.707,67480344.1,2025-07-17 23:59:59.999,179988461.4719
2025-07-18,2.708,2.912,2.686,2.754,95010232.8,2025-07-18 23:59:59.999,267438094.9385
2025-07-19,2.754,2.838,2.666,2.802,56093354.4,2025-07-19 23:59:59.999,154293413.8832
2025-07-20,2.802,3.026,2.771,2.889,79591604.7,2025-07-20 23:59:59.999,230138064.4477
2025-07-21,2.89,2.989,2.823,2.92,70174989.8,2025-07-21 23:59:59.999,204195566.5565
2025-07-22,2.921,2.939,2.756,2.934,95504127.7,2025-07-22 23:59:59.999,271350712.6483
2025-07-23,2.934,2.944,2.55,2.64,104566588.7,2025-07-23 23:59:59.999,283842983.4162
2025-07-24,2.641,2.684,2.468,2.582,90587740.2,2025-07-24 23:59:59.999,234840964.2754
2025-07-25,2.582,2.651,2.498,2.65,67404337.8,2025-07-25 23:59:59.999,173224444.8649
2025-07-26,2.65,2.702,2.623,2.664,27029584.0,2025-07-26 23:59:59.999,71873293.8836
2025-07-27,2.663,2.764,2.654,2.758,29960753.9,2025-07-27 23:59:59.999,81059396.3664
2025-07-28,2.758,2.809,2.576,2.606,58096989.6,2025-07-28 23:59:59.999,157125756.2617
2025-07-29,2.607,2.671,2.513,2.569,54482689.8,2025-07-29 23:59:59.999,140989492.5278
2025-07-30,2.569,2.586,2.312,2.491,69781631.4,2025-07-30 23:59:59.999,173268606.7557
2025-07-31,2.491,2.549,2.381,2.39,56125961.2,2025-07-31 23:59:59.999,138601688.5194
2025-08-01,2.39,2.397,2.215,2.295,94563051.4,2025-08-01 23:59:59.999,220203943.5583
2025-08-02,2.295,2.334,2.222,2.27,51429884.5,2025-08-02 23:59:59.999,117400601.8048
2025-08-03,2.271,2.353,2.234,2.342,24604812.1,2025-08-03 23:59:59.999,56899063.6353
2025-08-04,2.341,2.439,2.337,2.426,30621836.4,2025-08-04 23:59:59.999,73041529.3441
2025-08-05,2.426,2.432,2.279,2.331,51146906.6,2025-08-05 23:59:59.999,120634445.2082
2025-08-06,2.331,2.394,2.278,2.377,35113646.7,2025-08-06 23:59:59.999,82070644.332
2025-08-07,2.376,2.49,2.367,2.488,43219967.8,2025-08-07 23:59:59.999,104727631.5097
2025-08-08,2.489,2.557,2.435,2.545,68780044.3,2025-08-08 23:59:59.999,171502336.3473
2025-08-09,2.545,2.664,2.536,2.63,41843797.7,2025-08-09 23:59:59.999,109331105.7095
2025-08-10,2.631,2.661,2.537,2.623,47624361.7,2025-08-10 23:59:59.999,123933016.1069
2025-08-11,2.623,2.682,2.446,2.468,71896151.5,2025-08-11 23:59:59.999,183542679.2784
2025-08-12,2.467,2.662,2.443,2.63,57479268.4,2025-08-12 23:59:59.999,146342253.5108
2025-08-13,2.631,2.762,2.6,2.734,57773046.3,2025-08-13 23:59:59.999,155057054.4226
2025-08-14,2.734,2.759,2.45,2.504,85303655.3,2025-08-14 23:59:59.999,221189007.6853
2025-08-15,2.505,2.554,2.401,2.464,52657552.5,2025-08-15 23:59:59.999,130465445.3627
2025-08-16,2.463,2.539,2.459,2.53,27958042.0,2025-08-16 23:59:59.999,69737293.6666
2025-08-17,2.531,2.629,2.511,2.558,35110450.8,2025-08-17 23:59:59.999,90144339.6584
2025-08-18,2.558,2.562,2.416,2.467,57183065.2,2025-08-18 23:59:59.999,141382873.5553
2025-08-19,2.467,2.498,2.348,2.358,57086166.6,2025-08-19 23:59:59.999,137496176.9446
2025-08-20,2.357,2.45,2.333,2.435,48358285.6,2025-08-20 23:59:59.999,115686987.8625
2025-08-21,2.435,2.463,2.371,2.392,31090604.5,2025-08-21 23:59:59.999,74886026.4652
2025-08-22,2.392,2.614,2.302,2.579,89886252.9,2025-08-22 23:59:59.999,220765612.9662
2025-08-23,2.579,2.586,2.484,2.527,40915622.7,2025-08-23 23:59:59.999,103580614.2188
2025-08-24,2.527,2.547,2.385,2.425,87007958.8,2025-08-24 23:59:59.999,213114156.5666
2025-08-25,2.425,2.447,2.134,2.183,115824138.8,2025-08-25 23:59:59.999,263542614.7901
2025-08-26,2.183,2.356,2.171,2.324,66609873.1,2025-08-26 23:59:59.999,151864874.7669
2025-08-27,2.324,2.351,2.287,2.309,51203532.3,2025-08-27 23:59:59.999,118695298.7439
2025-08-28,2.309,2.401,2.285,2.382,49002441.8,2025-08-28 23:59:59.999,114924270.3196
2025-08-29,2.382,2.399,2.226,2.269,68592945.0,2025-08-29 23:59:59.999,157223746.3794
2025-08-30,2.269,2.305,2.229,2.29,29512505.2,2025-08-30 23:59:59.999,67206034.693
2025-08-31,2.289,2.342,2.264,2.268,35965109.4,2025-08-31 23:59:59.999,82939074.8879
2025-09-01,2.269,2.515,2.217,2.285,151877496.9,2025-09-01 23:59:59.999,357558783.8694
2025-09-02,2.284,2.303,2.214,2.268,80865691.8,2025-09-02 23:59:59.999,182928077.171
2025-09-03,2.269,2.358,2.254,2.329,42328763.8,2025-09-03 23:59:59.999,97231811.5077
2025-09-04,2.329,2.336,2.229,2.262,55334942.1,2025-09-04 23:59:59.999,125477007.0158
2025-09-05,2.263,2.382,2.261,2.345,63736303.1,2025-09-05 23:59:59.999,148051621.7848
2025-09-06,2.345,2.355,2.298,2.325,33640413.8,2025-09-06 23:59:59.999,78078406.3292
2025-09-07,2.325,2.434,2.323,2.393,44647880.3,2025-09-07 23:59:59.999,106267130.0727
2025-09-08,2.394,2.466,2.379,2.439,55754711.2,2025-09-08 23:59:59.999,135246387.1232
2025-09-09,2.438,2.504,2.408,2.451,57304498.8,2025-09-09 23:59:59.999,140864115.9016
2025-09-10,2.452,2.51,2.431,2.492,39412910.3,2025-09-10 23:59:59.999,97466289.77
2025-09-11,2.491,2.542,2.459,2.536,42958165.3,2025-09-11 23:59:59.999,107716946.2398
2025-09-12,2.537,2.575,2.469,2.561,45373335.6,2025-09-12 23:59:59.999,114472395.053
2025-09-13,2.562,2.65,2.543,2.621,49480254.1,2025-09-13 23:59:59.999,128749901.1821
2025-09-14,2.621,2.625,2.472,2.513,60751555.9,2025-09-14 23:59:59.999,154343426.4964
2025-09-15,2.514,2.555,2.368,2.411,75431975.8,2025-09-15 23:59:59.999,184562695.1997
2025-09-16,2.411,2.65,2.371,2.557,74065045.3,2025-09-16 23:59:59.999,186006281.7548
2025-09-17,2.556,2.588,2.454,2.569,76641489.8,2025-09-17 23:59:59.999,193151384.0199
2025-09-18,2.57,2.589,2.529,2.577,47655168.2,2025-09-18 23:59:59.999,122021075.2538
2025-09-19,2.577,2.613,2.425,2.445,62990878.2,2025-09-19 23:59:59.999,158537819.3815
2025-09-20,2.446,2.478,2.426,2.443,28059948.1,2025-09-20 23:59:59.999,68807358.0493
2025-09-21,2.442,2.474,2.389,2.395,35365451.5,2025-09-21 23:59:59.999,85869988.3339
2025-09-22,2.395,2.41,2.155,2.259,95409536.6,2025-09-22 23:59:59.999,217810320.7508
2025-09-23,2.259,2.286,2.21,2.237,42890131.2,2025-09-23 23:59:59.999,96676542.0613
2025-09-24,2.237,2.295,2.198,2.225,45684980.8,2025-09-24 23:59:59.999,102898872.0253
2025-09-25,2.226,2.238,2.083,2.119,94353178.7,2025-09-25 23:59:59.999,204439211.791
2025-09-26,2.119,2.202,2.094,2.193,53687754.6,2025-09-26 23:59:59.999,115036433.8722
2025-09-27,2.194,2.21,2.163,2.188,26091289.6,2025-09-27 23:59:59.999,57008986.1732
2025-09-28,2.188,2.22,2.123,2.213,37236767.4,2025-09-28 23:59:59.999,80579802.642
2025-09-29,2.214,2.232,2.143,2.21,39759656.3,2025-09-29 23:59:59.999,87062180.3995
2025-09-30,2.209,2.211,2.127,2.187,42555423.9,2025-09-30 23:59:59.999,92400110.259
2025-10-01,2.187,2.3,2.162,2.295,47818016.9,2025-10-01 23:59:59.999,107301242.117
2025-10-02,2.296,2.398,2.289,2.384,50145381.7,2025-10-02 23:59:59.999,117444542.9842
2025-10-03,2.384,2.432,2.312,2.39,53660002.4,2025-10-03 23:59:59.999,127001234.9679
2025-10-04,2.391,2.405,2.267,2.312,45239494.9,2025-10-04 23:59:59.999,104942484.4668
2025-10-05,2.313,2.417,2.293,2.33,53359358.0,2025-10-05 23:59:59.999,125523002.4139
2025-10-06,2.33,2.43,2.308,2.407,51766427.0,2025-10-06 23:59:59.999,123156189.8004
2025-10-07,2.406,2.416,2.268,2.279,68883469.0,2025-10-07 23:59:59.999,160965666.5636
2025-10-08,2.279,2.42,2.246,2.365,49308978.4,2025-10-08 23:59:59.999,114829104.0749
2025-10-09,2.365,2.368,2.216,2.297,66878507.7,2025-10-09 23:59:59.999,152260853.2455
2025-10-10,2.297,2.448,1.381,1.668,257970077.5,2025-10-10 23:59:59.999,508312692.1572
2025-10-11,1.668,1.755,1.493,1.563,182517980.8,2025-10-11 23:59:59.999,299103060.9568
2025-10-12,1.562,1.694,1.492,1.657,148425667.1,2025-10-12 23:59:59.999,235526069.5616
2025-10-13,1.658,1.739,1.593,1.728,107942149.8,2025-10-13 23:59:59.999,179158406.8666
2025-10-14,1.728,1.738,1.554,1.674,125144103.8,2025-10-14 23:59:59.999,204644364.262
2025-10-15,1.674,1.712,1.575,1.602,87485307.2,2025-10-15 23:59:59.999,143454455.6039
2025-10-16,1.603,1.616,1.461,1.491,134788857.4,2025-10-16 23:59:59.999,208749870.1299
2025-10-17,1.492,1.514,1.375,1.464,129756362.7,2025-10-17 23:59:59.999,186987722.8504
2025-10-18,1.463,1.511,1.461,1.493,51550376.8,2025-10-18 23:59:59.999,76824249.8008
2025-10-19,1.494,1.556,1.467,1.532,61028885.6,2025-10-19 23:59:59.999,92460133.1582
2025-10-20,1.532,1.628,1.499,1.579,66923119.0,2025-10-20 23:59:59.999,105496178.3433
2025-10-21,1.579,1.652,1.515,1.56,112774532.0,2025-10-21 23:59:59.999,178388213.7982
2025-10-22,1.56,1.575,1.457,1.518,104031490.8,2025-10-22 23:59:59.999,158969498.2967
2025-10-23,1.519,1.578,1.515,1.555,48236398.6,2025-10-23 23:59:59.999,74609890.4999
2025-10-24,1.555,1.596,1.53,1.569,55584992.3,2025-10-24 23:59:59.999,86676018.445
2025-10-25,1.568,1.578,1.54,1.559,34194101.9,2025-10-25 23:59:59.999,53312532.6782
2025-10-26,1.56,1.673,1.543,1.652,56608948.5,2025-10-26 23:59:59.999,91425584.7381
2025-10-27,1.652,1.685,1.601,1.639,74956807.8,2025-10-27 23:59:59.999,123150567.8793
2025-10-28,1.639,1.651,1.528,1.556,76710220.8,2025-10-28 23:59:59.999,123190947.4144
2025-10-29,1.556,1.643,1.538,1.582,86480112.0,2025-10-29 23:59:59.999,137938601.0427
2025-10-30,1.583,1.609,1.396,1.462,121824527.6,2025-10-30 23:59:59.999,182112588.5601
2025-10-31,1.463,1.528,1.455,1.515,77020714.5,2025-10-31 23:59:59.999,115213641.1879
2025-11-01,1.515,1.715,1.506,1.67,110219217.5,2025-11-01 23:59:59.999,180584042.5245
2025-11-02,1.67,1.794,1.61,1.666,128442204.7,2025-11-02 23:59:59.999,216168820.3525
2025-11-03,1.665,1.667,1.4,1.44,191257735.7,2025-11-03 23:59:59.999,288860585.0497
2025-11-04,1.441,1.557,1.267,1.366,245319372.3,2025-11-04 23:59:59.999,348058341.8787
2025-11-05,1.366,1.416,1.295,1.397,130063831.2,2025-11-05 23:59:59.999,178360680.8163
2025-11-06,1.397,1.938,1.321,1.891,385701306.7,2025-11-06 23:59:59.999,625389618.6478
2025-11-07,1.892,3.974,1.862,3.374,1193012320.1,2025-11-07 23:59:59.999,3140018905.0411
2025-11-08,3.374,3.617,2.737,2.956,711371420.9,2025-11-08 23:59:59.999,2234557093.2376
2025-11-09,2.956,2.998,2.493,2.781,402857333.5,2025-11-09 23:59:59.999,1091198562.362
2025-11-10,2.78,2.923,2.462,2.554,248392596.7,2025-11-10 23:59:59.999,652355127.4717
2025-11-11,2.554,2.681,2.187,2.227,237966949.8,2025-11-11 23:59:59.999,571849749.9448
2025-11-12,2.227,2.36,2.081,2.196,169879314.1,2025-11-12 23:59:59.999,378188801.9299
2025-11-13,2.195,2.235,1.993,2.067,134455864.2,2025-11-13 23:59:59.999,284842997.4455
2025-11-14,2.067,2.17,1.929,1.996,170408821.2,2025-11-14 23:59:59.999,349995273.5548
2025-11-15,1.997,2.199,1.973,2.033,147825845.8,2025-11-15 23:59:59.999,307756590.4538
2025-11-16,2.033,2.135,1.871,1.959,134635566.4,2025-11-16 23:59:59.999,268191654.1397
2025-11-17,1.958,2.168,1.916,2.019,171844170.0,2025-11-17 23:59:59.999,348755750.4528
2025-11-18,2.018,2.205,1.89,1.985,235685146.5,2025-11-18 23:59:59.999,477221871.2017
2025-11-19,1.985,2.023,1.758,1.88,160663661.1,2025-11-19 23:59:59.999,300420202.3277
2025-11-20,1.88,1.905,1.753,1.82,106734996.3,2025-11-20 23:59:59.999,195915060.3693
2025-11-21,1.82,1.867,1.533,1.658,174722467.0,2025-11-21 23:59:59.999,293361356.1395
2025-11-22,1.659,1.668,1.567,1.613,74076062.6,2025-11-22 23:59:59.999,119649313.0425
2025-11-23,1.613,1.684,1.601,1.61,59660881.7,2025-11-23 23:59:59.999,98005209.9136
2025-11-24,1.609,1.68,1.587,1.641,84620495.6,2025-11-24 23:59:59.999,138083617.9996
2025-11-25,1.641,1.738,1.565,1.67,107182820.0,2025-11-25 23:59:59.999,175578430.0305
2025-11-26,1.67,1.702,1.596,1.674,81948683.0,2025-11-26 23:59:59.999,135169783.7088
2025-11-27,1.674,1.7,1.609,1.615,55908061.9,2025-11-27 23:59:59.999,92514358.0701
2025-11-28,1.616,1.674,1.581,1.616,76129545.3,2025-11-28 23:59:59.999,123466364.8968
2025-11-29,1.616,1.636,1.572,1.603,50839167.6,2025-11-29 23:59:59.999,81509080.8821
2025-11-30,1.603,1.642,1.556,1.569,59212067.2,2025-11-30 23:59:59.999,95288180.9127
2025-12-01,1.568,1.573,1.427,1.48,121929259.1,2025-12-01 23:59:59.999,179782629.1435
2025-12-02,1.48,1.576,1.452,1.531,73573268.2,2025-12-02 23:59:59.999,110967337.3178
2025-12-03,1.53,1.621,1.523,1.596,68981877.8,2025-12-03 23:59:59.999,108223546.1875
2025-12-04,1.595,1.614,1.513,1.543,58642363.5,2025-12-04 23:59:59.999,92288169.8918
2025-12-05,1.544,1.576,1.438,1.484,74799234.8,2025-12-05 23:59:59.999,112530039.589
2025-12-06,1.485,1.498,1.466,1.49,31474395.0,2025-12-06 23:59:59.999,46608573.6512
2025-12-07,1.49,1.507,1.41,1.453,71165824.1,2025-12-07 23:59:59.999,104103785.7421
2025-12-08,1.453,1.529,1.447,1.503,55357260.8,2025-12-08 23:59:59.999,82960802.5826
2025-12-09,1.502,1.595,1.464,1.544,75154084.1,2025-12-09 23:59:59.999,114526919.9922
2025-12-10,1.543,1.553,1.456,1.465,89824863.8,2025-12-10 23:59:59.999,134832533.6483
2025-12-11,1.466,1.468,1.348,1.378,115309719.3,2025-12-11 23:59:59.999,159537189.6823
2025-12-12,1.378,1.414,1.298,1.344,108004894.5,2025-12-12 23:59:59.999,146304091.4358
2025-12-13,1.344,1.352,1.328,1.349,41670438.1,2025-12-13 23:59:59.999,55936426.4098
2025-12-14,1.349,1.358,1.294,1.314,60007202.8,2025-12-14 23:59:59.999,79025032.849
2025-12-15,1.313,1.348,1.222,1.263,108455430.1,2025-12-15 23:59:59.999,139128253.2138
2025-12-16,1.264,1.292,1.236,1.287,71133542.2,2025-12-16 23:59:59.999,90071369.0694
2025-12-17,1.287,1.32,1.206,1.224,115679227.4,2025-12-17 23:59:59.999,146830267.9084
2025-12-18,1.224,1.266,1.159,1.186,110513622.0,2025-12-18 23:59:59.999,133839669.0423
2025-12-19,1.187,1.357,1.177,1.308,93396803.5,2025-12-19 23:59:59.999,118617274.0357
2025-12-20,1.308,1.388,1.292,1.372,49215747.3,2025-12-20 23:59:59.999,65152888.5976
2025-12-21,1.373,1.377,1.255,1.277,82731834.8,2025-12-21 23:59:59.999,107855764.9738
2025-12-22,1.277,1.331,1.269,1.298,72919100.4,2025-12-22 23:59:59.999,94959759.5891
2025-12-23,1.298,1.353,1.268,1.31,79665562.8,2025-12-23 23:59:59.999,103890034.9428
2025-12-24,1.31,1.317,1.262,1.27,62591978.2,2025-12-24 23:59:59.999,80066336.124
2025-12-25,1.271,1.297,1.197,1.212,68852722.7,2025-12-25 23:59:59.999,86910794.3078
2025-12-26,1.212,1.258,1.205,1.226,64114246.7,2025-12-26 23:59:59.999,79109063.4585
2025-12-27,1.226,1.331,1.22,1.316,76112459.2,2025-12-27 23:59:59.999,96226655.9974
2025-12-28,1.315,1.378,1.297,1.333,108865694.5,2025-12-28 23:59:59.999,145605394.6836
2025-12-29,1.334,1.376,1.309,1.317,111135570.7,2025-12-29 23:59:59.999,149421149.266
2025-12-30,1.317,1.341,1.284,1.321,73254453.4,2025-12-30 23:59:59.999,96305506.3822
2025-12-31,1.321,1.353,1.257,1.297,85351648.3,2025-12-31 23:59:59.999,111681460.0506
2026-01-01,1.297,1.552,1.276,1.484,228407320.2,2026-01-01 23:59:59.999,333346650.2641
2026-01-02,1.484,1.506,1.416,1.504,176061525.3,2026-01-02 23:59:59.999,256557128.0446
2026-01-03,1.504,1.576,1.45,1.492,115500546.1,2026-01-03 23:59:59.999,173048173.0702
2026-01-04,1.492,1.524,1.461,1.492,112417319.2,2026-01-04 23:59:59.999,168075713.5039
2026-01-05,1.492,1.688,1.458,1.567,212194515.1,2026-01-05 23:59:59.999,330052351.4261
2026-01-06,1.568,1.611,1.517,1.591,124917510.7,2026-01-06 23:59:59.999,196267059.3564
2026-01-07,1.592,1.605,1.493,1.518,119439555.4,2026-01-07 23:59:59.999,184386795.1647
2026-01-08,1.518,1.529,1.45,1.495,103971155.3,2026-01-08 23:59:59.999,154659975.5142
2026-01-09,1.496,1.533,1.471,1.488,77723294.2,2026-01-09 23:59:59.999,116470574.0728
2026-01-10,1.488,1.509,1.457,1.48,44114916.9,2026-01-10 23:59:59.999,65538073.3777
2026-01-11,1.481,1.515,1.427,1.455,61277107.4,2026-01-11 23:59:59.999,90664240.1465
2026-01-12,1.455,1.51,1.432,1.46,85624002.5,2026-01-12 23:59:59.999,125967529.0671
2026-01-13,1.459,1.599,1.455,1.576,124407886.1,2026-01-13 23:59:59.999,190416776.8606
2026-01-14,1.576,1.648,1.552,1.589,118887856.4,2026-01-14 23:59:59.999,188810181.1495
2026-01-15,1.59,1.682,1.455,1.502,150083661.0,2026-01-15 23:59:59.999,234487479.17
2026-01-16,1.502,1.567,1.473,1.519,81893292.3,2026-01-16 23:59:59.999,124148899.3241
2026-01-17,1.519,1.596,1.499,1.549,80706241.0,2026-01-17 23:59:59.999,125052488.2872
2026-01-18,1.55,1.571,1.443,1.448,85713430.8,2026-01-18 23:59:59.999,130877674.2676
2026-01-19,1.448,1.448,1.255,1.382,118944266.4,2026-01-19 23:59:59.999,162613296.1563
2026-01-20,1.383,1.388,1.286,1.31,102860115.2,2026-01-20 23:59:59.999,137709918.166
2026-01-21,1.311,1.376,1.297,1.348,86987249.1,2026-01-21 23:59:59.999,116474999.381
2026-01-22,1.348,1.36,1.303,1.318,55401908.2,2026-01-22 23:59:59.999,73909019.5826
2026-01-23,1.317,1.368,1.294,1.311,80038237.9,2026-01-23 23:59:59.999,106113375.8297
2026-01-24,1.311,1.324,1.295,1.314,36718562.7,2026-01-24 23:59:59.999,48135701.603
2026-01-25,1.314,1.329,1.209,1.251,87120964.6,2026-01-25 23:59:59.999,110491233.3089
2026-01-26,1.251,1.29,1.244,1.267,60460571.9,2026-01-26 23:59:59.999,76624555.6912
2026-01-27,1.267,1.293,1.244,1.271,69692352.8,2026-01-27 23:59:59.999,88350593.8283
2026-01-28,1.272,1.29,1.253,1.28,57443693.5,2026-01-28 23:59:59.999,73002326.7164
2026-01-29,1.28,1.284,1.155,1.193,115896132.0,2026-01-29 23:59:59.999,140055579.1797
2026-01-30,1.193,1.199,1.127,1.174,117206559.1,2026-01-30 23:59:59.999,136862706.6627
2026-01-31,1.174,1.177,0.943,1.052,201666100.1,2026-01-31 23:59:59.999,214379786.5822
2026-02-01,1.052,1.076,1.01,1.034,109724140.7,2026-02-01 23:59:59.999,115150995.9593
2026-02-02,1.035,1.093,1.003,1.081,116979245.5,2026-02-02 23:59:59.999,122815608.2139
2026-02-03,1.082,1.112,1.014,1.066,131394605.1,2026-02-03 23:59:59.999,140752036.5539
2026-02-04,1.066,1.1,1.027,1.05,116587214.1,2026-02-04 23:59:59.999,124162170.9537
2026-02-05,1.05,1.062,0.871,0.882,247694987.8,2026-02-05 23:59:59.999,237672247.3891
2026-02-06,0.883,0.988,0.774,0.975,274652028.4,2026-02-06 23:59:59.999,247370547.9535
2026-02-07,0.975,0.999,0.943,0.975,141246196.6,2026-02-07 23:59:59.999,137735891.0118
2026-02-08,0.975,0.98,0.918,0.932,104569652.7,2026-02-08 23:59:59.999,99446707.0839
2026-02-09,0.933,0.947,0.891,0.936,108647860.6,2026-02-09 23:59:59.999,100089705.4717
2026-02-10,0.936,0.943,0.878,0.9,106540793.3,2026-02-10 23:59:59.999,97152482.2392
2026-02-11,0.901,0.905,0.851,0.879,120249628.5,2026-02-11 23:59:59.999,105704333.338
2026-02-12,0.879,0.933,0.878,0.913,94252414.2,2026-02-12 23:59:59.999,85185269.8933
2026-02-13,0.913,0.969,0.884,0.958,78262539.5,2026-02-13 23:59:59.999,72271274.0145
2026-02-14,0.957,1.031,0.947,1.014,89659247.8,2026-02-14 23:59:59.999,88706050.6827
2026-02-15,1.014,1.029,0.943,0.962,111815532.2,2026-02-15 23:59:59.999,109794687.6801
2026-02-16,0.963,0.99,0.946,0.978,87203318.7,2026-02-16 23:59:59.999,84252211.1615
2026-02-17,0.977,0.982,0.937,0.959,76449618.5,2026-02-17 23:59:59.999,73651608.025
2026-02-18,0.959,0.971,0.916,0.927,84783502.8,2026-02-18 23:59:59.999,80289886.0951
2026-02-19,0.927,0.94,0.893,0.914,90803318.8,2026-02-19 23:59:59.999,83132398.9645
2026-02-20,0.915,0.964,0.897,0.956,109414702.1,2026-02-20 23:59:59.999,101977527.1425
2026-02-21,0.956,1.02,0.947,0.969,87026109.6,2026-02-21 23:59:59.999,85503583.7306
2026-02-22,0.969,0.969,0.916,0.929,76926014.9,2026-02-22 23:59:59.999,72185992.0103
2026-02-23,0.929,0.93,0.872,0.89,124837027.6,2026-02-23 23:59:59.999,111546717.4546
2026-02-24,0.89,0.901,0.862,0.878,101360729.1,2026-02-24 23:59:59.999,89080953.5616
2026-02-25,0.879,1.108,0.876,1.062,300350434.4,2026-02-25 23:59:59.999,307116217.6537
2026-02-26,1.062,1.065,0.976,1.024,215489516.9,2026-02-26 23:59:59.999,218051312.1102
2026-02-27,1.025,1.044,0.967,0.993,148240337.4,2026-02-27 23:59:59.999,149524274.1448
2026-02-28,0.993,1.013,0.92,1.005,154661668.8,2026-02-28 23:59:59.999,147954868.0397
2026-03-01,1.004,1.033,0.94,0.964,146540988.4,2026-03-01 23:59:59.999,143703357.3663
2026-03-02,0.964,1.028,0.961,0.987,138201375.9,2026-03-02 23:59:59.999,136723104.3979
2026-03-03,0.987,1.012,0.97,0.999,141445949.3,2026-03-03 23:59:59.999,140066269.8043
2026-03-04,0.999,1.036,0.991,1.023,157837553.9,2026-03-04 23:59:59.999,160360959.1651
2026-03-05,1.024,1.043,0.992,1.011,150926314.3,2026-03-05 23:59:59.999,153883629.6833
2026-03-06,1.011,1.022,0.963,0.976,116378225.7,2026-03-06 23:59:59.999,115751902.1586
2026-03-07,0.976,0.983,0.943,0.951,61791448.3,2026-03-07 23:59:59.999,59578907.9747
2026-03-08,0.952,0.957,0.918,0.933,99200186.2,2026-03-08 23:59:59.999,93077071.2598
2026-03-09,0.933,0.98,0.93,0.937,121388220.3,2026-03-09 23:59:59.999,114892135.8921
2026-03-10,0.937,0.955,0.851,0.864,187102904.1,2026-03-10 23:59:59.999,169849580.4258
2026-03-11,0.864,0.913,0.843,0.877,172528811.5,2026-03-11 23:59:59.999,151286838.6881
2026-03-12,0.876,0.88,0.849,0.877,132915971.7,2026-03-12 23:59:59.999,114972814.4389
2026-03-13,0.877,0.905,0.86,0.868,135241921.5,2026-03-13 23:59:59.999,119816448.9655
2026-03-14,0.867,0.913,0.86,0.882,91520754.0,2026-03-14 23:59:59.999,80492395.9787
2026-03-15,0.881,0.902,0.865,0.894,80829182.5,2026-03-15 23:59:59.999,71602281.3317
2026-03-16,0.895,1.015,0.887,0.989,218839393.7,2026-03-16 23:59:59.999,207550618.9635
2026-03-17,0.989,0.992,0.952,0.968,102331891.4,2026-03-17 23:59:59.999,99143326.0195
2026-03-18,0.968,0.987,0.901,0.924,143919170.4,2026-03-18 23:59:59.999,135094957.2079
2026-03-19,0.923,0.938,0.875,0.894,106884496.7,2026-03-19 23:59:59.999,96324891.8597
2026-03-20,0.893,0.915,0.889,0.901,93483395.1,2026-03-20 23:59:59.999,84144032.7959
2026-03-21,0.9,0.974,0.866,0.879,133658612.5,2026-03-21 23:59:59.999,123814103.3431
2026-03-22,0.879,0.892,0.836,0.846,124877697.9,2026-03-22 23:59:59.999,108849155.3575
2026-03-23,0.847,0.942,0.836,0.923,161880562.6,2026-03-23 23:59:59.999,143651520.591
2026-03-24,0.922,0.948,0.901,0.924,130985309.2,2026-03-24 23:59:59.999,120609171.3273
2026-03-25,0.923,0.938,0.909,0.928,77612316.6,2026-03-25 23:59:59.999,71922244.3274
2026-03-26,0.927,0.932,0.861,0.869,110858676.8,2026-03-26 23:59:59.999,98795152.6035
2026-03-27,0.868,0.88,0.83,0.838,106142929.6,2026-03-27 23:59:59.999,90017225.8899
2026-03-28,0.838,0.841,0.792,0.799,91332221.0,2026-03-28 23:59:59.999,74865489.8292
2026-03-29,0.799,0.817,0.773,0.8,73824103.4,2026-03-29 23:59:59.999,59188719.3818
2026-03-30,0.8,0.863,0.799,0.816,126992135.3,2026-03-30 23:59:59.999,105593611.3344
2026-03-31,0.815,0.843,0.811,0.832,101472581.2,2026-03-31 23:59:59.999,84017305.1045
2026-04-01,0.831,0.857,0.821,0.837,71922501.2,2026-04-01 23:59:59.999,60459470.4958
2026-04-02,0.837,0.845,0.797,0.816,109812119.1,2026-04-02 23:59:59.999,89415119.3741
2026-04-03,0.816,0.853,0.815,0.834,66564353.4,2026-04-03 23:59:59.999,55759542.7132
2026-04-04,0.834,0.855,0.832,0.838,53669138.2,2026-04-04 23:59:59.999,45110860.3487
2026-04-05,0.837,0.854,0.811,0.843,73008844.5,2026-04-05 23:59:59.999,60398020.1338
2026-04-06,0.843,0.907,0.839,0.858,133797454.5,2026-04-06 23:59:59.999,116817509.2351
2026-04-07,0.857,0.929,0.841,0.915,124227837.7,2026-04-07 23:59:59.999,108060284.0403
2026-04-08,0.916,0.922,0.88,0.883,91707244.1,2026-04-08 23:59:59.999,82742583.4501
2026-04-09,0.882,0.926,0.871,0.904,74597747.2,2026-04-09 23:59:59.999,66391468.5345
2026-04-10,0.904,0.918,0.893,0.913,73065145.5,2026-04-10 23:59:59.999,66178417.3162
2026-04-11,0.914,0.924,0.885,0.899,75317021.2,2026-04-11 23:59:59.999,67994927.6196
2026-04-12,0.899,0.9,0.852,0.856,99167919.0,2026-04-12 23:59:59.999,86070480.3781
2026-04-13,0.857,0.928,0.855,0.919,92558037.2,2026-04-13 23:59:59.999,81531052.7005
2026-04-14,0.918,0.92,0.876,0.882,74789386.4,2026-04-14 23:59:59.999,67185932.7706
2026-04-15,0.883,0.923,0.883,0.917,61293957.8,2026-04-15 23:59:59.999,55350255.6858
2026-04-16,0.917,1.021,0.908,0.997,167090890.3,2026-04-16 23:59:59.999,163481989.2409
2026-04-17,0.997,1.013,0.969,0.981,124289542.1,2026-04-17 23:59:59.999,123664675.2786
2026-04-18,0.981,0.994,0.937,0.941,80049080.8,2026-04-18 23:59:59.999,77090867.5195
2026-04-19,0.942,0.943,0.898,0.906,88175477.4,2026-04-19 23:59:59.999,81349230.5748
2026-04-20,0.906,0.935,0.905,0.922,78845601.0,2026-04-20 23:59:59.999,72707940.8604
2026-04-21,0.922,0.937,0.905,0.925,84332145.0,2026-04-21 23:59:59.999,77781259.0171
2026-04-22,0.926,0.963,0.923,0.926,88283120.8,2026-04-22 23:59:59.999,83535052.9651
2026-04-23,0.926,0.935,0.903,0.929,94201386.6,2026-04-23 23:59:59.999,86772775.5982
2026-04-24,0.929,0.953,0.92,0.939,70153904.7,2026-04-24 23:59:59.999,65699981.4805
2026-04-25,0.94,0.957,0.928,0.936,59485336.6,2026-04-25 23:59:59.999,56103562.3988
2026-04-26,0.936,0.957,0.93,0.942,52022982.1,2026-04-26 23:59:59.999,49141455.5538
2026-04-27,0.943,0.957,0.897,0.921,74280310.1,2026-04-27 23:59:59.999,68711497.1662
2026-04-28,0.922,0.932,0.905,0.919,53099399.1,2026-04-28 23:59:59.999,48696883.4585
2026-04-29,0.918,0.991,0.871,0.915,140088715.7,2026-04-29 23:59:59.999,129898744.2735
2026-04-30,0.915,0.938,0.908,0.921,69830265.3,2026-04-30 23:59:59.999,64373612.2268
2026-05-01,0.922,0.939,0.911,0.918,60494133.2,2026-05-01 23:59:59.999,55990302.0426
2026-05-02,0.917,0.941,0.912,0.932,32421320.4,2026-05-02 23:59:59.999,29918847.4793
2026-05-03,0.932,0.936,0.913,0.922,38278720.5,2026-05-03 23:59:59.999,35329537.6934
2026-05-04,0.922,0.975,0.913,0.933,104883808.9,2026-05-04 23:59:59.999,98863399.3659
2026-05-05,0.934,0.999,0.931,0.974,86473260.5,2026-05-05 23:59:59.999,83132129.3068
2026-05-06,0.974,1.16,0.97,1.114,546599525.0,2026-05-06 23:59:59.999,592167390.3448
2026-05-07,1.115,1.125,1.045,1.098,258744599.7,2026-05-07 23:59:59.999,280708029.1542
2026-05-08,1.098,1.322,1.069,1.285,339917219.7,2026-05-08 23:59:59.999,399225955.2181
2026-05-09,1.286,1.319,1.19,1.199,188718691.7,2026-05-09 23:59:59.999,235492728.6556
2026-05-10,1.199,1.207,1.105,1.146,168862733.6,2026-05-10 23:59:59.999,196642553.6314
2026-05-11,1.146,1.158,1.117,1.126,118727419.1,2026-05-11 23:59:59.999,134652102.5694
2026-05-12,1.126,1.131,1.067,1.091,121778754.3,2026-05-12 23:59:59.999,133769950.3104
2026-05-13,1.092,1.113,1.027,1.047,115919113.7,2026-05-13 23:59:59.999,124159720.9194
2026-05-14,1.047,1.068,1.022,1.054,93521820.6,2026-05-14 23:59:59.999,97979868.9221
2026-05-15,1.054,1.066,0.977,1.009,116773036.5,2026-05-15 23:59:59.999,118922278.6386
2026-05-16,1.01,1.021,0.947,0.97,82552923.3,2026-05-16 23:59:59.999,80843676.3686
2026-05-17,0.97,0.981,0.901,0.941,66154473.2,2026-05-17 23:59:59.999,63039695.5709
2026-05-18,0.941,0.962,0.924,0.96,86044804.9,2026-05-18 23:59:59.999,81046395.8286
2026-05-19,0.96,0.968,0.929,0.936,56064895.3,2026-05-19 23:59:59.999,53271673.0607
2026-05-20,0.936,0.974,0.933,0.969,62518152.7,2026-05-20 23:59:59.999,59850443.0597
2026-05-21,0.97,1.022,0.965,1.008,97791762.2,2026-05-21 23:59:59.999,96764792.1752
2026-05-22,1.007,1.038,0.951,0.96,133832055.4,2026-05-22 23:59:59.999,133991548.1844
2026-05-23,0.96,1.013,0.909,0.982,122565629.8,2026-05-23 23:59:59.999,117126087.6591
2026-05-24,0.982,0.983,0.931,0.955,72969529.9,2026-05-24 23:59:59.999,70082585.2797
2026-05-25,0.955,1.006,0.95,0.982,75521523.8,2026-05-25 23:59:59.999,73998257.6276
2026-05-26,0.982,1.051,0.966,1.008,158104679.6,2026-05-26 23:59:59.999,159234437.8561
2026-05-27,1.008,1.099,0.973,1.029,286775035.6,2026-05-27 23:59:59.999,298526404.4661
2026-05-28,1.029,1.059,0.928,0.959,205460388.3,2026-05-28 23:59:59.999,200831248.2882
