open_time,open,high,low,close,volume,close_time,quote_asset_volume
2021-03-17,0.3,0.38418,0.295,0.36091,98054129.0,2021-03-17 23:59:59.999,33099510.21116
2021-03-18,0.36092,0.377,0.33104,0.34508,46416741.0,2021-03-18 23:59:59.999,16399086.41041
2021-03-19,0.34493,0.36492,0.33213,0.34458,45200593.0,2021-03-19 23:59:59.999,15773990.82895
2021-03-20,0.34456,0.35195,0.31573,0.31725,49792249.0,2021-03-20 23:59:59.999,16676639.96524
2021-03-21,0.31795,0.35984,0.31,0.34223,73616925.0,2021-03-21 23:59:59.999,24429340.7594
2021-03-22,0.34165,0.35541,0.303,0.31466,67084269.0,2021-03-22 23:59:59.999,22287227.32332
2021-03-23,0.31424,0.33849,0.3,0.31981,56725662.0,2021-03-23 23:59:59.999,18094579.25661
2021-03-24,0.31997,0.34131,0.28467,0.29792,55630570.0,2021-03-24 23:59:59.999,17843148.68143
2021-03-25,0.29792,0.31506,0.28037,0.30185,50755081.0,2021-03-25 23:59:59.999,15230086.5981
2021-03-26,0.3023,0.34867,0.30103,0.34675,50972710.0,2021-03-26 23:59:59.999,16397935.59596
2021-03-27,0.34688,0.35778,0.32053,0.33907,54304249.0,2021-03-27 23:59:59.999,18319474.44701
2021-03-28,0.33902,0.35021,0.32548,0.33898,49705677.0,2021-03-28 23:59:59.999,16705508.80242
2021-03-29,0.33936,0.439,0.33564,0.37176,264073088.0,2021-03-29 23:59:59.999,104738446.11402
2021-03-30,0.37217,0.415,0.36288,0.38663,130913615.0,2021-03-30 23:59:59.999,50713397.38815
2021-03-31,0.38657,0.38909,0.33244,0.36196,110039602.0,2021-03-31 23:59:59.999,39747386.98143
2021-04-01,0.36225,0.36611,0.3357,0.34593,82890150.0,2021-04-01 23:59:59.999,28858131.57116
2021-04-02,0.34623,0.357,0.33533,0.35339,73405270.0,2021-04-02 23:59:59.999,25241453.53054
2021-04-03,0.35327,0.3555,0.305,0.3124,103310385.0,2021-04-03 23:59:59.999,33871017.13044
2021-04-04,0.31248,0.33796,0.30681,0.32518,60847142.0,2021-04-04 23:59:59.999,19644613.01649
2021-04-05,0.32561,0.3296,0.305,0.31884,84112185.0,2021-04-05 23:59:59.999,26786406.17858
2021-04-06,0.31883,0.339,0.30351,0.32676,115915048.0,2021-04-06 23:59:59.999,37153962.97645
2021-04-07,0.32683,0.32972,0.28,0.30012,119987327.0,2021-04-07 23:59:59.999,36525502.81917
2021-04-08,0.3001,0.32882,0.29728,0.32805,76700015.0,2021-04-08 23:59:59.999,24283502.22718
2021-04-09,0.32846,0.367,0.32813,0.33854,157375705.0,2021-04-09 23:59:59.999,54467434.47279
2021-04-10,0.33885,0.34654,0.32033,0.33237,84062865.0,2021-04-10 23:59:59.999,28108184.40045
2021-04-11,0.33216,0.38478,0.33199,0.34916,178369601.0,2021-04-11 23:59:59.999,63732790.70122
2021-04-12,0.3496,0.36651,0.33,0.3584,123399396.0,2021-04-12 23:59:59.999,42569492.27837
2021-04-13,0.3584,0.41228,0.3367,0.40979,147137600.0,2021-04-13 23:59:59.999,53210784.81939
2021-04-14,0.4098,0.41894,0.35968,0.37527,260007056.0,2021-04-14 23:59:59.999,99363488.36915
2021-04-15,0.37532,0.38593,0.36397,0.38106,157927514.0,2021-04-15 23:59:59.999,59440902.99457
2021-04-16,0.38127,0.38366,0.328,0.35001,166762774.0,2021-04-16 23:59:59.999,58736413.99838
2021-04-17,0.35024,0.3732,0.34,0.34266,114358414.0,2021-04-17 23:59:59.999,40602806.23266
2021-04-18,0.34275,0.34648,0.22052,0.30973,251379633.0,2021-04-18 23:59:59.999,76198422.51932
2021-04-19,0.30976,0.32345,0.26728,0.28864,196311425.0,2021-04-19 23:59:59.999,58288019.82252
2021-04-20,0.28861,0.3455,0.26364,0.32429,249058781.0,2021-04-20 23:59:59.999,76892782.80133
2021-04-21,0.32428,0.32556,0.28837,0.29136,135335560.0,2021-04-21 23:59:59.999,41298217.71015
2021-04-22,0.29155,0.30563,0.25011,0.25817,162598850.0,2021-04-22 23:59:59.999,46323960.01971
2021-04-23,0.25804,0.26939,0.19776,0.26831,247119336.0,2021-04-23 23:59:59.999,59137642.15403
2021-04-24,0.26859,0.26925,0.238,0.24391,90047246.0,2021-04-24 23:59:59.999,22783787.7807
2021-04-25,0.24414,0.26636,0.23222,0.24658,83583560.0,2021-04-25 23:59:59.999,20948960.06446
2021-04-26,0.24648,0.29159,0.24238,0.28488,114720317.0,2021-04-26 23:59:59.999,31867768.45461
2021-04-27,0.28488,0.31549,0.27875,0.30387,111169728.0,2021-04-27 23:59:59.999,33354413.24303
2021-04-28,0.30414,0.31031,0.275,0.28735,93659499.0,2021-04-28 23:59:59.999,27204255.15944
2021-04-29,0.28755,0.31438,0.272,0.28676,120770924.0,2021-04-29 23:59:59.999,35075356.25404
2021-04-30,0.28664,0.30525,0.279,0.30042,85147188.0,2021-04-30 23:59:59.999,24965656.76074
2021-05-01,0.30047,0.33734,0.28265,0.32761,164424175.0,2021-05-01 23:59:59.999,51450847.23676
2021-05-02,0.32744,0.34628,0.2944,0.32973,163886190.0,2021-05-02 23:59:59.999,52565811.4663
2021-05-03,0.32962,0.34168,0.31634,0.32323,108433687.0,2021-05-03 23:59:59.999,35786617.87371
2021-05-04,0.32311,0.3233,0.2759,0.27898,156699822.0,2021-05-04 23:59:59.999,46449575.03063
2021-05-05,0.27871,0.31724,0.27445,0.31547,105452682.0,2021-05-05 23:59:59.999,31585459.34416
2021-05-06,0.31539,0.31968,0.28795,0.29838,117788155.0,2021-05-06 23:59:59.999,36028895.07923
2021-05-07,0.29865,0.32225,0.28615,0.30643,106345671.0,2021-05-07 23:59:59.999,32636516.1359
2021-05-08,0.30657,0.3069,0.29064,0.2986,73822293.0,2021-05-08 23:59:59.999,22147647.2614
2021-05-09,0.29853,0.3002,0.27498,0.29218,82336223.0,2021-05-09 23:59:59.999,23689995.4751
2021-05-10,0.29208,0.3006,0.242,0.26467,125795546.0,2021-05-10 23:59:59.999,34954668.51903
2021-05-11,0.26457,0.28494,0.26175,0.28362,77738908.0,2021-05-11 23:59:59.999,21293359.11627
2021-05-12,0.28359,0.28648,0.23232,0.23976,94806511.0,2021-05-12 23:59:59.999,25266538.11462
2021-05-13,0.23937,0.41,0.21914,0.33552,866483866.0,2021-05-13 23:59:59.999,285112529.64235
2021-05-14,0.33511,0.39105,0.31524,0.33566,967403099.0,2021-05-14 23:59:59.999,338301756.93195
2021-05-15,0.33551,0.33583,0.29546,0.31408,334202156.0,2021-05-15 23:59:59.999,104575321.80347
2021-05-16,0.31415,0.36306,0.30111,0.32898,383156535.0,2021-05-16 23:59:59.999,128514159.91545
2021-05-17,0.32891,0.3519,0.28539,0.29231,254054184.0,2021-05-17 23:59:59.999,77487733.11984
2021-05-18,0.2923,0.348,0.28365,0.33746,249826763.0,2021-05-18 23:59:59.999,78067239.82776
2021-05-19,0.33719,0.34561,0.1268,0.21443,500882980.0,2021-05-19 23:59:59.999,129481804.54669
2021-05-20,0.21438,0.2905,0.18933,0.27455,356859072.0,2021-05-20 23:59:59.999,89780507.31171
2021-05-21,0.27466,0.2937,0.19361,0.23697,261737797.0,2021-05-21 23:59:59.999,64827182.65034
2021-05-22,0.23684,0.29397,0.2044,0.26855,456672156.0,2021-05-22 23:59:59.999,119059621.57625
2021-05-23,0.26888,0.26901,0.18831,0.23163,330661558.0,2021-05-23 23:59:59.999,74470346.29314
2021-05-24,0.23183,0.27095,0.21595,0.25526,245327165.0,2021-05-24 23:59:59.999,59327442.45923
2021-05-25,0.25518,0.26595,0.22771,0.25321,173896852.0,2021-05-25 23:59:59.999,42635054.85263
2021-05-26,0.2532,0.27663,0.2463,0.2731,154120320.0,2021-05-26 23:59:59.999,40450482.47584
2021-05-27,0.27316,0.27387,0.24779,0.25452,120552346.0,2021-05-27 23:59:59.999,31110122.59604
2021-05-28,0.25457,0.25969,0.20772,0.21778,159591549.0,2021-05-28 23:59:59.999,36389605.49899
2021-05-29,0.21786,0.22473,0.19917,0.20901,117304540.0,2021-05-29 23:59:59.999,24638336.54099
2021-05-30,0.20894,0.22772,0.1984,0.2181,88937339.0,2021-05-30 23:59:59.999,19390571.34766
2021-05-31,0.21778,0.23529,0.20512,0.23332,118159517.0,2021-05-31 23:59:59.999,26060995.81593
2021-06-01,0.23333,0.23775,0.21648,0.22696,88883803.0,2021-06-01 23:59:59.999,20008321.39197
2021-06-02,0.22696,0.24447,0.21693,0.2315,91288817.0,2021-06-02 23:59:59.999,21122823.55397
2021-06-03,0.23168,0.267,0.229,0.25786,126508405.0,2021-06-03 23:59:59.999,31535105.09654
2021-06-04,0.25792,0.25888,0.21995,0.23203,135432392.0,2021-06-04 23:59:59.999,31691903.42624
2021-06-05,0.23196,0.24085,0.21246,0.22192,89573091.0,2021-06-05 23:59:59.999,20431244.53992
2021-06-06,0.22192,0.23124,0.21946,0.229,47591719.0,2021-06-06 23:59:59.999,10717522.6859
2021-06-07,0.229,0.23443,0.20506,0.20715,70446999.0,2021-06-07 23:59:59.999,15708455.5744
2021-06-08,0.20714,0.22307,0.18945,0.21566,211199930.0,2021-06-08 23:59:59.999,44101786.95787
2021-06-09,0.21561,0.21988,0.2,0.21796,133127881.0,2021-06-09 23:59:59.999,27939012.1585
2021-06-10,0.21793,0.21862,0.201,0.20546,88996320.0,2021-06-10 23:59:59.999,18520701.16666
2021-06-11,0.20555,0.21133,0.1943,0.20034,86922005.0,2021-06-11 23:59:59.999,17752309.52368
2021-06-12,0.20034,0.20061,0.17814,0.18925,122746571.0,2021-06-12 23:59:59.999,22932302.37852
2021-06-13,0.18927,0.19962,0.17942,0.19649,85428484.0,2021-06-13 23:59:59.999,16006366.52949
2021-06-14,0.19648,0.20967,0.1912,0.20475,119870575.0,2021-06-14 23:59:59.999,23966852.77205
2021-06-15,0.20483,0.21838,0.20224,0.21194,116561881.0,2021-06-15 23:59:59.999,24569177.56246
2021-06-16,0.21189,0.21355,0.1946,0.20522,120744081.0,2021-06-16 23:59:59.999,24572375.20511
2021-06-17,0.20537,0.21657,0.199,0.20808,113646047.0,2021-06-17 23:59:59.999,23562890.83031
2021-06-18,0.20819,0.22935,0.19731,0.2068,306286699.0,2021-06-18 23:59:59.999,65182633.36453
2021-06-19,0.20674,0.21125,0.19258,0.19519,120741143.0,2021-06-19 23:59:59.999,24377962.09925
2021-06-20,0.19506,0.19861,0.17933,0.19312,97196015.0,2021-06-20 23:59:59.999,18422812.32701
2021-06-21,0.19316,0.19616,0.16094,0.17393,325570457.0,2021-06-21 23:59:59.999,58595570.78743
2021-06-22,0.17405,0.1791,0.1382,0.16658,405700638.0,2021-06-22 23:59:59.999,66300005.18566
2021-06-23,0.16648,0.18966,0.16125,0.18212,218211085.0,2021-06-23 23:59:59.999,39185333.29435
2021-06-24,0.18214,0.19491,0.17574,0.19225,132731083.0,2021-06-24 23:59:59.999,24756534.96423
2021-06-25,0.19223,0.19496,0.16263,0.16451,204437101.0,2021-06-25 23:59:59.999,35730436.61251
2021-06-26,0.16448,0.192,0.16241,0.1789,476100808.0,2021-06-26 23:59:59.999,84939818.08214
2021-06-27,0.17902,0.18266,0.17121,0.18235,181217907.0,2021-06-27 23:59:59.999,31972958.30053
2021-06-28,0.18235,0.18483,0.17528,0.18282,121199829.0,2021-06-28 23:59:59.999,21791223.6016
2021-06-29,0.1828,0.19572,0.18159,0.1908,91424257.0,2021-06-29 23:59:59.999,17303108.88449
2021-06-30,0.19084,0.19551,0.17538,0.1955,123233629.0,2021-06-30 23:59:59.999,22726572.11189
2021-07-01,0.19546,0.213,0.18089,0.21094,399297707.0,2021-07-01 23:59:59.999,79972127.40136
2021-07-02,0.21087,0.21158,0.18703,0.19281,214372195.0,2021-07-02 23:59:59.999,41887056.01496
2021-07-03,0.19282,0.19545,0.1878,0.19354,111868199.0,2021-07-03 23:59:59.999,21469445.35314
2021-07-04,0.19355,0.19724,0.1881,0.19433,79672696.0,2021-07-04 23:59:59.999,15423333.15745
2021-07-05,0.19439,0.1944,0.179,0.18396,79892162.0,2021-07-05 23:59:59.999,14878508.18638
2021-07-06,0.18403,0.19047,0.18019,0.18506,87527099.0,2021-07-06 23:59:59.999,16163378.80384
2021-07-07,0.18502,0.19173,0.182,0.18569,71980628.0,2021-07-07 23:59:59.999,13461833.53653
2021-07-08,0.18564,0.18723,0.16901,0.1706,92946363.0,2021-07-08 23:59:59.999,16400665.08106
2021-07-09,0.17058,0.17728,0.16347,0.17481,82434065.0,2021-07-09 23:59:59.999,14115829.50652
2021-07-10,0.17473,0.17677,0.16539,0.16898,57365780.0,2021-07-10 23:59:59.999,9748487.35874
2021-07-11,0.16901,0.17352,0.16715,0.17108,42529488.0,2021-07-11 23:59:59.999,7261051.55765
2021-07-12,0.17109,0.17351,0.16355,0.16757,68196836.0,2021-07-12 23:59:59.999,11511310.85769
2021-07-13,0.1676,0.184,0.16487,0.17599,324460362.0,2021-07-13 23:59:59.999,57819427.82478
2021-07-14,0.17598,0.17658,0.16266,0.17017,124174218.0,2021-07-14 23:59:59.999,20955354.03165
2021-07-15,0.17018,0.18389,0.16487,0.17458,180605521.0,2021-07-15 23:59:59.999,31390874.27788
2021-07-16,0.17457,0.19873,0.16967,0.18178,521448216.0,2021-07-16 23:59:59.999,97675490.93276
2021-07-17,0.18187,0.19379,0.1775,0.18711,288667454.0,2021-07-17 23:59:59.999,53481805.47134
2021-07-18,0.18708,0.19428,0.17814,0.18066,124702133.0,2021-07-18 23:59:59.999,23093340.16914
2021-07-19,0.1806,0.18181,0.1697,0.17266,97012077.0,2021-07-19 23:59:59.999,16917871.7044
2021-07-20,0.17267,0.17478,0.1552,0.1575,125326034.0,2021-07-20 23:59:59.999,20195181.5016
2021-07-21,0.15769,0.17172,0.15452,0.16943,136778992.0,2021-07-21 23:59:59.999,22639514.8726
2021-07-22,0.16946,0.17615,0.16311,0.17326,121801947.0,2021-07-22 23:59:59.999,20506221.35826
2021-07-23,0.17325,0.175,0.16487,0.17436,94085377.0,2021-07-23 23:59:59.999,15960586.78766
2021-07-24,0.1744,0.1817,0.17222,0.17985,107759621.0,2021-07-24 23:59:59.999,19145340.80351
2021-07-25,0.17992,0.18031,0.17025,0.17679,70853836.0,2021-07-25 23:59:59.999,12390658.81069
2021-07-26,0.17676,0.21023,0.17571,0.18352,278124016.0,2021-07-26 23:59:59.999,54160606.15124
2021-07-27,0.18356,0.205,0.17963,0.19749,214649711.0,2021-07-27 23:59:59.999,41635666.32215
2021-07-28,0.19756,0.20747,0.19281,0.19715,159751567.0,2021-07-28 23:59:59.999,31876148.15145
2021-07-29,0.19727,0.20537,0.19428,0.204,101153884.0,2021-07-29 23:59:59.999,20166728.22085
2021-07-30,0.20395,0.21783,0.19898,0.21407,199979183.0,2021-07-30 23:59:59.999,41747078.26239
2021-07-31,0.21407,0.21833,0.20715,0.21436,109762398.0,2021-07-31 23:59:59.999,23305025.05265
2021-08-01,0.21447,0.21932,0.20173,0.20454,101375525.0,2021-08-01 23:59:59.999,21566164.84836
2021-08-02,0.2045,0.21308,0.20133,0.20919,82279874.0,2021-08-02 23:59:59.999,17170887.62291
2021-08-03,0.20901,0.22796,0.2046,0.21483,223682392.0,2021-08-03 23:59:59.999,48414232.55451
2021-08-04,0.21491,0.21919,0.20658,0.21795,118580029.0,2021-08-04 23:59:59.999,25282001.60723
2021-08-05,0.21796,0.22217,0.208,0.2192,134528444.0,2021-08-05 23:59:59.999,28974971.29927
2021-08-06,0.21923,0.22002,0.21268,0.21835,116041932.0,2021-08-06 23:59:59.999,25085265.02602
2021-08-07,0.21835,0.2275,0.21601,0.22549,163431138.0,2021-08-07 23:59:59.999,36344951.74287
2021-08-08,0.22545,0.22578,0.20924,0.21336,110046541.0,2021-08-08 23:59:59.999,24097422.43921
2021-08-09,0.21336,0.22331,0.20651,0.22131,100928532.0,2021-08-09 23:59:59.999,21833838.15664
2021-08-10,0.22131,0.23135,0.21693,0.2252,203802760.0,2021-08-10 23:59:59.999,45809331.34639
2021-08-11,0.2252,0.24157,0.22335,0.22768,243090036.0,2021-08-11 23:59:59.999,56456148.06404
2021-08-12,0.22769,0.2368,0.21225,0.21876,149410224.0,2021-08-12 23:59:59.999,33399899.21963
2021-08-13,0.21877,0.23194,0.21566,0.23154,126323289.0,2021-08-13 23:59:59.999,28653228.35279
2021-08-14,0.23153,0.27795,0.22575,0.26377,500907211.0,2021-08-14 23:59:59.999,125394977.90474
2021-08-15,0.26377,0.26515,0.24054,0.25233,263023947.0,2021-08-15 23:59:59.999,66202029.52637
2021-08-16,0.25225,0.2667,0.24084,0.2426,208725793.0,2021-08-16 23:59:59.999,53097450.3976
2021-08-17,0.24267,0.2533,0.22367,0.22721,236636108.0,2021-08-17 23:59:59.999,57093216.10865
2021-08-18,0.22735,0.23419,0.21447,0.22342,207314836.0,2021-08-18 23:59:59.999,46735199.98719
2021-08-19,0.22347,0.23782,0.21837,0.23766,167311747.0,2021-08-19 23:59:59.999,38236294.56999
2021-08-20,0.23765,0.25109,0.23442,0.24753,221540751.0,2021-08-20 23:59:59.999,53980882.17371
2021-08-21,0.24756,0.251,0.23792,0.24233,144998849.0,2021-08-21 23:59:59.999,35531782.68878
2021-08-22,0.24259,0.24965,0.23204,0.24181,122915961.0,2021-08-22 23:59:59.999,29719357.20759
2021-08-23,0.2418,0.26594,0.24064,0.26119,187100966.0,2021-08-23 23:59:59.999,47788403.19191
2021-08-24,0.26117,0.29167,0.25206,0.25284,455662584.0,2021-08-24 23:59:59.999,123402797.2583
2021-08-25,0.25281,0.26117,0.24044,0.25827,228535115.0,2021-08-25 23:59:59.999,58010123.32765
2021-08-26,0.25833,0.26265,0.23059,0.23793,164729340.0,2021-08-26 23:59:59.999,40015960.02985
2021-08-27,0.238,0.25521,0.22844,0.25434,115709137.0,2021-08-27 23:59:59.999,27978108.44383
2021-08-28,0.25434,0.26975,0.2491,0.26135,153023349.0,2021-08-28 23:59:59.999,39804342.65933
2021-08-29,0.26135,0.26414,0.25007,0.25234,118156025.0,2021-08-29 23:59:59.999,30392187.86111
2021-08-30,0.25225,0.25754,0.24151,0.24469,116279615.0,2021-08-30 23:59:59.999,29042857.51306
2021-08-31,0.24473,0.27681,0.24026,0.25181,237724795.0,2021-08-31 23:59:59.999,60412567.16785
2021-09-01,0.25173,0.267,0.24375,0.26474,147348079.0,2021-09-01 23:59:59.999,37893258.77755
2021-09-02,0.26471,0.27881,0.2603,0.27472,194081908.0,2021-09-02 23:59:59.999,52052377.93404
2021-09-03,0.27461,0.28664,0.2651,0.28649,176204999.0,2021-09-03 23:59:59.999,48727808.99693
2021-09-04,0.28648,0.32,0.27789,0.31832,227400249.0,2021-09-04 23:59:59.999,67111526.74715
2021-09-05,0.31853,0.31885,0.29708,0.30796,194096378.0,2021-09-05 23:59:59.999,59571468.8265
2021-09-06,0.30795,0.31998,0.29511,0.31237,176400627.0,2021-09-06 23:59:59.999,54914004.42791
2021-09-07,0.31231,0.34516,0.21272,0.27154,493742928.0,2021-09-07 23:59:59.999,147881197.54286
2021-09-08,0.27152,0.32649,0.24421,0.31917,416471556.0,2021-09-08 23:59:59.999,118711057.13255
2021-09-09,0.31905,0.3626,0.30551,0.33091,577379104.0,2021-09-09 23:59:59.999,193963733.56555
2021-09-10,0.33122,0.33895,0.29285,0.3167,254224648.0,2021-09-10 23:59:59.999,80460690.90193
2021-09-11,0.31663,0.3899,0.31349,0.36341,722340853.0,2021-09-11 23:59:59.999,264368659.34051
2021-09-12,0.36359,0.42661,0.3477,0.42527,532785043.0,2021-09-12 23:59:59.999,206499452.90001
2021-09-13,0.42534,0.44817,0.36713,0.43247,923984832.0,2021-09-13 23:59:59.999,386011200.92932
2021-09-14,0.43248,0.4874,0.40159,0.4565,830799253.0,2021-09-14 23:59:59.999,377529946.38979
2021-09-15,0.45651,0.56842,0.45434,0.50537,1010110572.0,2021-09-15 23:59:59.999,532201228.30816
2021-09-16,0.5055,0.57644,0.4606,0.47661,930016607.0,2021-09-16 23:59:59.999,473291914.52534
2021-09-17,0.47666,0.47723,0.415,0.42653,495027204.0,2021-09-17 23:59:59.999,218793791.28212
2021-09-18,0.42656,0.45422,0.40952,0.42941,360616124.0,2021-09-18 23:59:59.999,155470564.84614
2021-09-19,0.42952,0.43016,0.38784,0.39707,234015036.0,2021-09-19 23:59:59.999,95708974.24763
2021-09-20,0.39701,0.39739,0.31255,0.33963,542517928.0,2021-09-20 23:59:59.999,190822083.47333
2021-09-21,0.33935,0.35524,0.2876,0.30559,549782520.0,2021-09-21 23:59:59.999,178932556.83687
2021-09-22,0.30563,0.38025,0.29873,0.36666,545272563.0,2021-09-22 23:59:59.999,187673433.05014
2021-09-23,0.36666,0.39369,0.35786,0.38268,393707579.0,2021-09-23 23:59:59.999,148344117.4724
2021-09-24,0.3826,0.38481,0.315,0.34983,397375537.0,2021-09-24 23:59:59.999,139077885.37011
2021-09-25,0.34994,0.35753,0.32439,0.34138,193258141.0,2021-09-25 23:59:59.999,65875115.88109
2021-09-26,0.34138,0.34582,0.30579,0.3348,203166690.0,2021-09-26 23:59:59.999,67113804.54986
2021-09-27,0.33459,0.35293,0.315,0.31898,164726435.0,2021-09-27 23:59:59.999,56026292.0839
2021-09-28,0.31902,0.32607,0.30166,0.30313,179908191.0,2021-09-28 23:59:59.999,56668509.84358
2021-09-29,0.30302,0.32653,0.29973,0.31065,215260662.0,2021-09-29 23:59:59.999,67465840.71663
2021-09-30,0.31071,0.34298,0.30853,0.3377,227782703.0,2021-09-30 23:59:59.999,74713965.621
2021-10-01,0.33772,0.3698,0.32753,0.36517,196402950.0,2021-10-01 23:59:59.999,68858447.20425
2021-10-02,0.36525,0.4174,0.35705,0.38578,280761284.0,2021-10-02 23:59:59.999,110380539.30181
2021-10-03,0.3859,0.41967,0.37415,0.39902,263872112.0,2021-10-03 23:59:59.999,105780432.1297
2021-10-04,0.39891,0.42823,0.37753,0.40516,336771822.0,2021-10-04 23:59:59.999,135126685.67327
2021-10-05,0.40516,0.423,0.3859,0.404,223645433.0,2021-10-05 23:59:59.999,90397320.19266
2021-10-06,0.40408,0.409,0.362,0.38143,239568975.0,2021-10-06 23:59:59.999,91814696.17624
2021-10-07,0.3813,0.39427,0.36544,0.37865,234521891.0,2021-10-07 23:59:59.999,88670863.71074
2021-10-08,0.37881,0.39147,0.36949,0.3741,192411031.0,2021-10-08 23:59:59.999,72987678.25479
2021-10-09,0.37404,0.37868,0.36369,0.37126,147692718.0,2021-10-09 23:59:59.999,54856158.75467
2021-10-10,0.37124,0.37147,0.33614,0.33941,144134311.0,2021-10-10 23:59:59.999,51673071.40902
2021-10-11,0.33941,0.36282,0.334,0.34373,192938443.0,2021-10-11 23:59:59.999,67222791.52883
2021-10-12,0.34372,0.35887,0.3204,0.34934,269029555.0,2021-10-12 23:59:59.999,91217953.35045
2021-10-13,0.34932,0.36145,0.33908,0.35765,184381245.0,2021-10-13 23:59:59.999,64602197.26412
2021-10-14,0.35767,0.40085,0.35275,0.38921,309380300.0,2021-10-14 23:59:59.999,117037859.71756
2021-10-15,0.38925,0.38934,0.35703,0.36466,219067873.0,2021-10-15 23:59:59.999,80709825.97804
2021-10-16,0.36472,0.3792,0.36383,0.37276,130212248.0,2021-10-16 23:59:59.999,48380662.94667
2021-10-17,0.37281,0.3761,0.34091,0.35544,130880834.0,2021-10-17 23:59:59.999,47366541.83348
2021-10-18,0.3555,0.36989,0.346,0.35651,195966252.0,2021-10-18 23:59:59.999,69852721.0174
2021-10-19,0.35634,0.38,0.35093,0.37505,222719331.0,2021-10-19 23:59:59.999,82045393.56188
2021-10-20,0.37503,0.40955,0.369,0.40323,494160250.0,2021-10-20 23:59:59.999,193669291.88253
2021-10-21,0.40304,0.4093,0.37141,0.37942,229123617.0,2021-10-21 23:59:59.999,89492652.75773
2021-10-22,0.37943,0.39161,0.37167,0.37896,130621208.0,2021-10-22 23:59:59.999,49992336.08788
2021-10-23,0.37903,0.38209,0.368,0.37963,117093580.0,2021-10-23 23:59:59.999,44053526.31391
2021-10-24,0.37958,0.37976,0.35673,0.36732,118812707.0,2021-10-24 23:59:59.999,43786086.25146
2021-10-25,0.36744,0.39056,0.36464,0.3877,165345523.0,2021-10-25 23:59:59.999,63215485.87901
2021-10-26,0.38769,0.41498,0.38214,0.39184,257714039.0,2021-10-26 23:59:59.999,102832038.42496
2021-10-27,0.39187,0.3999,0.30752,0.3505,330427848.0,2021-10-27 23:59:59.999,120465546.36653
2021-10-28,0.35049,0.37801,0.35021,0.37072,183632700.0,2021-10-28 23:59:59.999,67392258.59475
2021-10-29,0.37073,0.39799,0.36902,0.3904,159698297.0,2021-10-29 23:59:59.999,61929667.93792
2021-10-30,0.39041,0.43988,0.38508,0.41894,411057979.0,2021-10-30 23:59:59.999,171280857.70062
2021-10-31,0.41891,0.46695,0.39,0.4081,325101158.0,2021-10-31 23:59:59.999,137455055.26209
2021-11-01,0.40803,0.43393,0.38816,0.40012,206634459.0,2021-11-01 23:59:59.999,84017662.92926
2021-11-02,0.40005,0.40218,0.3912,0.39751,135233677.0,2021-11-02 23:59:59.999,53595049.11407
2021-11-03,0.39756,0.39757,0.37582,0.39126,152016659.0,2021-11-03 23:59:59.999,59026583.62132
2021-11-04,0.3913,0.39634,0.37662,0.39443,116206836.0,2021-11-04 23:59:59.999,44944433.58431
2021-11-05,0.39458,0.40486,0.38521,0.39079,142247732.0,2021-11-05 23:59:59.999,56346298.46663
2021-11-06,0.3907,0.3968,0.37124,0.38586,86452372.0,2021-11-06 23:59:59.999,33170159.7793
2021-11-07,0.38585,0.39502,0.38341,0.39362,69436848.0,2021-11-07 23:59:59.999,27093185.39308
2021-11-08,0.39363,0.43071,0.39,0.42316,340832289.0,2021-11-08 23:59:59.999,142204877.99084
2021-11-09,0.42311,0.44459,0.40808,0.4266,224504760.0,2021-11-09 23:59:59.999,95517060.1386
2021-11-10,0.4266,0.4536,0.38,0.40683,346709860.0,2021-11-10 23:59:59.999,149386589.91202
2021-11-11,0.40684,0.45274,0.40355,0.43162,317356490.0,2021-11-11 23:59:59.999,138237739.21721
2021-11-12,0.43152,0.4784,0.43084,0.45231,378357339.0,2021-11-12 23:59:59.999,173363752.6224
2021-11-13,0.45254,0.47203,0.43615,0.43717,144406380.0,2021-11-13 23:59:59.999,65092040.76658
2021-11-14,0.4372,0.44599,0.4204,0.43905,107205796.0,2021-11-14 23:59:59.999,46212040.08014
2021-11-15,0.43906,0.44153,0.4161,0.42583,107249660.0,2021-11-15 23:59:59.999,46342417.34897
2021-11-16,0.4259,0.42599,0.36927,0.39479,210006257.0,2021-11-16 23:59:59.999,84139445.91249
2021-11-17,0.39489,0.421,0.3881,0.40599,178065671.0,2021-11-17 23:59:59.999,72619050.78508
2021-11-18,0.4062,0.41449,0.34582,0.35854,207049276.0,2021-11-18 23:59:59.999,78148443.19277
2021-11-19,0.3584,0.3837,0.35015,0.37991,128965132.0,2021-11-19 23:59:59.999,47672560.32401
2021-11-20,0.3798,0.39628,0.37159,0.3881,102755388.0,2021-11-20 23:59:59.999,39463710.93576
2021-11-21,0.38816,0.39873,0.37925,0.38477,86199123.0,2021-11-21 23:59:59.999,33506995.45419
2021-11-22,0.38487,0.38749,0.35715,0.36301,132267537.0,2021-11-22 23:59:59.999,48787076.98436
2021-11-23,0.36301,0.37127,0.35145,0.37055,107196565.0,2021-11-23 23:59:59.999,38878980.06396
2021-11-24,0.37063,0.37514,0.34365,0.35243,123895345.0,2021-11-24 23:59:59.999,44109516.33548
2021-11-25,0.35235,0.36499,0.34509,0.3566,132286141.0,2021-11-25 23:59:59.999,46958650.5087
2021-11-26,0.35661,0.37287,0.31381,0.32434,213999777.0,2021-11-26 23:59:59.999,72084492.34602
2021-11-27,0.32426,0.3403,0.32192,0.33129,69934578.0,2021-11-27 23:59:59.999,23331473.69504
2021-11-28,0.33127,0.33312,0.3,0.33228,134253735.0,2021-11-28 23:59:59.999,42311538.66211
2021-11-29,0.33232,0.36384,0.32327,0.35899,154407867.0,2021-11-29 23:59:59.999,52357567.65725
2021-11-30,0.35907,0.36946,0.34145,0.34813,253022153.0,2021-11-30 23:59:59.999,89771481.26233
2021-12-01,0.34811,0.36361,0.34167,0.35065,124942308.0,2021-12-01 23:59:59.999,44128672.66301
2021-12-02,0.3507,0.35074,0.33403,0.33985,88853771.0,2021-12-02 23:59:59.999,30337115.49046
2021-12-03,0.33982,0.35023,0.3085,0.31507,135943473.0,2021-12-03 23:59:59.999,44586223.55349
2021-12-04,0.31504,0.31598,0.20308,0.28542,298823583.0,2021-12-04 23:59:59.999,80057977.11751
2021-12-05,0.28539,0.29025,0.26237,0.27482,142232501.0,2021-12-05 23:59:59.999,39141849.32386
2021-12-06,0.27503,0.28284,0.23885,0.27836,153379080.0,2021-12-06 23:59:59.999,39754121.31697
2021-12-07,0.27847,0.29096,0.2671,0.27266,131162720.0,2021-12-07 23:59:59.999,36668481.58028
2021-12-08,0.27266,0.28121,0.25841,0.28104,153867781.0,2021-12-08 23:59:59.999,41714752.16316
2021-12-09,0.28083,0.29127,0.25037,0.25121,181915890.0,2021-12-09 23:59:59.999,48666528.57031
2021-12-10,0.25119,0.26216,0.23529,0.23629,173368523.0,2021-12-10 23:59:59.999,43557688.35446
2021-12-11,0.23639,0.25549,0.23222,0.25337,115624203.0,2021-12-11 23:59:59.999,28466884.46584
2021-12-12,0.25338,0.25828,0.24323,0.2554,83508069.0,2021-12-12 23:59:59.999,20967243.54687
2021-12-13,0.2554,0.25835,0.22131,0.22553,140639223.0,2021-12-13 23:59:59.999,33251145.28864
2021-12-14,0.22549,0.23572,0.21697,0.23304,148560267.0,2021-12-14 23:59:59.999,33656373.3063
2021-12-15,0.23295,0.25734,0.22566,0.2563,279523310.0,2021-12-15 23:59:59.999,67119496.9324
2021-12-16,0.25629,0.27754,0.25456,0.26084,250585413.0,2021-12-16 23:59:59.999,66971651.30412
2021-12-17,0.26078,0.26788,0.24039,0.25072,144177322.0,2021-12-17 23:59:59.999,36621133.49439
2021-12-18,0.25074,0.31,0.24412,0.30745,922156212.0,2021-12-18 23:59:59.999,271017857.77219
2021-12-19,0.30748,0.33419,0.29,0.32406,909287759.0,2021-12-19 23:59:59.999,281746644.12806
2021-12-20,0.32413,0.32985,0.29491,0.30475,496698826.0,2021-12-20 23:59:59.999,153825449.92448
2021-12-21,0.30472,0.31587,0.29919,0.30796,216630911.0,2021-12-21 23:59:59.999,66669925.25457
2021-12-22,0.30793,0.34326,0.30793,0.31844,317118134.0,2021-12-22 23:59:59.999,105129229.78201
2021-12-23,0.31844,0.33369,0.31396,0.32919,163543514.0,2021-12-23 23:59:59.999,52920020.89239
2021-12-24,0.3292,0.32962,0.30548,0.31028,154510474.0,2021-12-24 23:59:59.999,49313167.69234
2021-12-25,0.31035,0.32037,0.30753,0.31495,99767419.0,2021-12-25 23:59:59.999,31287305.55976
2021-12-26,0.31505,0.32291,0.30212,0.31839,177623312.0,2021-12-26 23:59:59.999,55956621.20237
2021-12-27,0.31845,0.32564,0.31195,0.31384,119344832.0,2021-12-27 23:59:59.999,38207959.23468
2021-12-28,0.3138,0.3138,0.27874,0.29037,202310070.0,2021-12-28 23:59:59.999,59851596.21071
2021-12-29,0.29037,0.29589,0.27506,0.28279,159896003.0,2021-12-29 23:59:59.999,45776403.32561
2021-12-30,0.2828,0.3085,0.27739,0.2973,271407212.0,2021-12-30 23:59:59.999,80770189.57497
2021-12-31,0.29738,0.30898,0.28298,0.29021,164389886.0,2021-12-31 23:59:59.999,49048960.20259
2022-01-01,0.29019,0.30144,0.2893,0.30035,75913701.0,2022-01-01 23:59:59.999,22431576.42381
2022-01-02,0.30035,0.31951,0.2968,0.31205,154605977.0,2022-01-02 23:59:59.999,47996003.47658
2022-01-03,0.31201,0.31991,0.29714,0.30681,130459037.0,2022-01-03 23:59:59.999,40202442.06741
2022-01-04,0.30674,0.33748,0.30234,0.32477,303421048.0,2022-01-04 23:59:59.999,99206520.9754
2022-01-05,0.32477,0.34131,0.26948,0.28675,288729265.0,2022-01-05 23:59:59.999,90601650.79497
2022-01-06,0.28678,0.29864,0.27031,0.29378,234015375.0,2022-01-06 23:59:59.999,66627874.82152
2022-01-07,0.29391,0.29988,0.2662,0.27286,278156666.0,2022-01-07 23:59:59.999,78740205.94642
2022-01-08,0.27288,0.27751,0.25194,0.26447,198941961.0,2022-01-08 23:59:59.999,53008034.00792
2022-01-09,0.26443,0.27591,0.26154,0.27138,139576723.0,2022-01-09 23:59:59.999,37493951.21582
2022-01-10,0.27142,0.27521,0.2486,0.25932,178415124.0,2022-01-10 23:59:59.999,46914903.17713
2022-01-11,0.25939,0.27565,0.25663,0.27533,133492824.0,2022-01-11 23:59:59.999,35524558.46008
2022-01-12,0.27527,0.29815,0.27251,0.2965,151657196.0,2022-01-12 23:59:59.999,43588502.34723
2022-01-13,0.29646,0.29669,0.27624,0.27796,138566175.0,2022-01-13 23:59:59.999,39442513.56915
2022-01-14,0.27795,0.28548,0.27261,0.28094,100319056.0,2022-01-14 23:59:59.999,28106110.86892
2022-01-15,0.28095,0.28444,0.27751,0.27955,67069823.0,2022-01-15 23:59:59.999,18872652.3595
2022-01-16,0.27942,0.28264,0.27347,0.27888,74591375.0,2022-01-16 23:59:59.999,20762482.4761
2022-01-17,0.27888,0.28387,0.26508,0.26959,133528905.0,2022-01-17 23:59:59.999,36589311.04452
2022-01-18,0.26954,0.27216,0.25324,0.26574,116055476.0,2022-01-18 23:59:59.999,30426671.73655
2022-01-19,0.26573,0.27262,0.25185,0.2672,131051852.0,2022-01-19 23:59:59.999,34356060.68208
2022-01-20,0.26713,0.28172,0.25819,0.25963,301946108.0,2022-01-20 23:59:59.999,82291907.35618
2022-01-21,0.25967,0.26794,0.22723,0.23421,241893316.0,2022-01-21 23:59:59.999,60138901.70558
2022-01-22,0.23407,0.239,0.20131,0.22159,251292231.0,2022-01-22 23:59:59.999,55075041.10392
2022-01-23,0.22173,0.23328,0.21292,0.2218,180128295.0,2022-01-23 23:59:59.999,40053343.35441
2022-01-24,0.22177,0.2219,0.18572,0.20614,285265044.0,2022-01-24 23:59:59.999,57167140.00243
2022-01-25,0.20602,0.21651,0.19713,0.21121,180108699.0,2022-01-25 23:59:59.999,36999237.82259
2022-01-26,0.21124,0.22443,0.20399,0.2115,198215463.0,2022-01-26 23:59:59.999,42655962.58468
2022-01-27,0.21152,0.21678,0.19935,0.20823,151937838.0,2022-01-27 23:59:59.999,31417217.54626
2022-01-28,0.2081,0.21778,0.2039,0.21586,112889469.0,2022-01-28 23:59:59.999,23741119.57768
2022-01-29,0.21588,0.22467,0.2142,0.22194,92472677.0,2022-01-29 23:59:59.999,20311526.9492
2022-01-30,0.22192,0.22734,0.21372,0.21855,79582954.0,2022-01-30 23:59:59.999,17582343.81963
2022-01-31,0.21855,0.22315,0.20775,0.22168,108896738.0,2022-01-31 23:59:59.999,23367803.56477
2022-02-01,0.22169,0.23433,0.22067,0.22905,120243106.0,2022-02-01 23:59:59.999,27392504.89663
2022-02-02,0.22895,0.234,0.21844,0.22016,96682413.0,2022-02-02 23:59:59.999,21868172.04204
2022-02-03,0.22008,0.2467,0.21354,0.23717,681950295.0,2022-02-03 23:59:59.999,160386288.53167
2022-02-04,0.23715,0.2494,0.23457,0.24851,287679627.0,2022-02-04 23:59:59.999,69729157.01139
2022-02-05,0.24852,0.26265,0.24717,0.2572,194095205.0,2022-02-05 23:59:59.999,49743783.10712
2022-02-06,0.25719,0.26113,0.24925,0.25808,112468730.0,2022-02-06 23:59:59.999,28725570.38051
2022-02-07,0.25808,0.26935,0.25132,0.26095,161311225.0,2022-02-07 23:59:59.999,42231295.36367
2022-02-08,0.26095,0.26401,0.24175,0.25367,175786760.0,2022-02-08 23:59:59.999,44208978.15474
2022-02-09,0.25372,0.2598,0.2468,0.2567,115216521.0,2022-02-09 23:59:59.999,29297694.40463
2022-02-10,0.2567,0.2612,0.2412,0.24587,163980903.0,2022-02-10 23:59:59.999,41518396.33409
2022-02-11,0.2459,0.25388,0.23015,0.23325,125396816.0,2022-02-11 23:59:59.999,30527564.17296
2022-02-12,0.23325,0.24028,0.22404,0.23123,121838679.0,2022-02-12 23:59:59.999,28243035.74636
2022-02-13,0.2313,0.23414,0.2216,0.22638,102908327.0,2022-02-13 23:59:59.999,23596949.91396
2022-02-14,0.22642,0.24376,0.22107,0.24167,233134053.0,2022-02-14 23:59:59.999,54466667.82119
2022-02-15,0.24164,0.265,0.24062,0.25889,431271361.0,2022-02-15 23:59:59.999,110783346.20728
2022-02-16,0.25895,0.2669,0.24801,0.2609,195279551.0,2022-02-16 23:59:59.999,50174599.29013
2022-02-17,0.26089,0.2633,0.23279,0.23437,193383984.0,2022-02-17 23:59:59.999,48075924.28462
2022-02-18,0.23446,0.242,0.22505,0.22853,123720137.0,2022-02-18 23:59:59.999,28959043.28528
2022-02-19,0.22853,0.23453,0.22202,0.23218,86127295.0,2022-02-19 23:59:59.999,19757623.55253
2022-02-20,0.23211,0.23557,0.21375,0.21468,125989288.0,2022-02-20 23:59:59.999,27808647.6159
2022-02-21,0.21469,0.22488,0.19578,0.20046,169257639.0,2022-02-21 23:59:59.999,36058183.91736
2022-02-22,0.20045,0.2377,0.19414,0.23505,918584772.0,2022-02-22 23:59:59.999,203558604.82994
2022-02-23,0.23501,0.23939,0.21736,0.21796,535920964.0,2022-02-23 23:59:59.999,122982042.31276
2022-02-24,0.21794,0.22391,0.1868,0.21587,445391851.0,2022-02-24 23:59:59.999,89955181.92529
2022-02-25,0.21587,0.22791,0.20812,0.22438,227646489.0,2022-02-25 23:59:59.999,49860111.05314
2022-02-26,0.22448,0.23257,0.21866,0.22349,132129543.0,2022-02-26 23:59:59.999,29681990.79861
2022-02-27,0.22347,0.22523,0.20603,0.20978,143388890.0,2022-02-27 23:59:59.999,31025494.1852
2022-02-28,0.20975,0.2499,0.20655,0.23017,158114577.0,2022-02-28 23:59:59.999,34613266.87037
2022-03-01,0.23016,0.23518,0.2214,0.2271,184898430.0,2022-03-01 23:59:59.999,42139539.30249
2022-03-02,0.22711,0.22825,0.21737,0.22263,157725481.0,2022-03-02 23:59:59.999,35295412.24096
2022-03-03,0.22262,0.22971,0.21418,0.22097,140018484.0,2022-03-03 23:59:59.999,31047006.87019
2022-03-04,0.22097,0.22124,0.20306,0.20545,124537004.0,2022-03-04 23:59:59.999,26295867.37023
2022-03-05,0.20544,0.21191,0.2012,0.21011,80986349.0,2022-03-05 23:59:59.999,16805211.33987
2022-03-06,0.21008,0.21187,0.2007,0.2024,81239593.0,2022-03-06 23:59:59.999,16799278.37017
2022-03-07,0.20241,0.21349,0.19756,0.20568,202416228.0,2022-03-07 23:59:59.999,41625179.89652
2022-03-08,0.20573,0.21388,0.20112,0.20485,127230725.0,2022-03-08 23:59:59.999,26384403.97585
2022-03-09,0.20488,0.21541,0.20336,0.21271,149461719.0,2022-03-09 23:59:59.999,31562729.80839
2022-03-10,0.21268,0.22118,0.20114,0.21645,278446420.0,2022-03-10 23:59:59.999,58541759.95984
2022-03-11,0.21644,0.21656,0.20456,0.20515,137421561.0,2022-03-11 23:59:59.999,28830300.5371
2022-03-12,0.20518,0.21201,0.20482,0.20531,83227086.0,2022-03-12 23:59:59.999,17362741.29189
2022-03-13,0.20528,0.20934,0.19774,0.19903,88320504.0,2022-03-13 23:59:59.999,18002394.65235
2022-03-14,0.19903,0.20571,0.19805,0.20324,121740361.0,2022-03-14 23:59:59.999,24560787.25525
2022-03-15,0.20329,0.20407,0.19554,0.2001,128371823.0,2022-03-15 23:59:59.999,25616731.50028
2022-03-16,0.2001,0.20535,0.19373,0.20448,162498285.0,2022-03-16 23:59:59.999,32447642.45103
2022-03-17,0.20448,0.20903,0.20303,0.20525,110205786.0,2022-03-17 23:59:59.999,22700450.5574
2022-03-18,0.20521,0.20836,0.19902,0.20815,90412527.0,2022-03-18 23:59:59.999,18403965.00115
2022-03-19,0.20814,0.21347,0.20679,0.21031,110669921.0,2022-03-19 23:59:59.999,23268375.25392
2022-03-20,0.21027,0.2125,0.20538,0.20911,114957829.0,2022-03-20 23:59:59.999,23994838.84611
2022-03-21,0.20911,0.21601,0.20494,0.21109,156116976.0,2022-03-21 23:59:59.999,32872841.76255
2022-03-22,0.21105,0.21996,0.20988,0.21487,140977233.0,2022-03-22 23:59:59.999,30401754.79745
2022-03-23,0.21486,0.21957,0.21038,0.21801,134691374.0,2022-03-23 23:59:59.999,29022612.8654
2022-03-24,0.21798,0.22824,0.21747,0.22032,188688990.0,2022-03-24 23:59:59.999,41883501.56866
2022-03-25,0.22032,0.23052,0.21654,0.2231,167937025.0,2022-03-25 23:59:59.999,37643206.9095
2022-03-26,0.2231,0.22752,0.22139,0.22715,89705270.0,2022-03-26 23:59:59.999,20165964.94495
2022-03-27,0.22717,0.24766,0.22653,0.24234,215197614.0,2022-03-27 23:59:59.999,51072634.11233
2022-03-28,0.24233,0.25269,0.234,0.23608,184760414.0,2022-03-28 23:59:59.999,45251402.68529
2022-03-29,0.23596,0.26996,0.23514,0.25431,414815623.0,2022-03-29 23:59:59.999,106144332.27337
2022-03-30,0.25429,0.2599,0.24381,0.25462,215645945.0,2022-03-30 23:59:59.999,54524761.16285
2022-03-31,0.25462,0.26182,0.23219,0.23628,232696372.0,2022-03-31 23:59:59.999,57942019.3045
2022-04-01,0.2362,0.24894,0.23,0.2469,149205057.0,2022-04-01 23:59:59.999,35877873.55702
2022-04-02,0.24681,0.25295,0.24259,0.24546,111390619.0,2022-04-02 23:59:59.999,27631898.69281
2022-04-03,0.24542,0.2505,0.24061,0.24829,95721665.0,2022-04-03 23:59:59.999,23589371.76671
2022-04-04,0.24831,0.24851,0.22859,0.23876,128331819.0,2022-04-04 23:59:59.999,30735473.7166
2022-04-05,0.23878,0.24061,0.22557,0.22721,87588682.0,2022-04-05 23:59:59.999,20561881.14
2022-04-06,0.22726,0.22752,0.20809,0.21018,159883708.0,2022-04-06 23:59:59.999,34623660.88793
2022-04-07,0.21019,0.2304,0.206,0.22246,374614907.0,2022-04-07 23:59:59.999,82706985.86089
2022-04-08,0.22246,0.22434,0.20608,0.2083,133174217.0,2022-04-08 23:59:59.999,28812253.91247
2022-04-09,0.20821,0.21491,0.20687,0.21368,79567935.0,2022-04-09 23:59:59.999,16747077.03642
2022-04-10,0.2137,0.21892,0.20768,0.20834,117563266.0,2022-04-10 23:59:59.999,25111300.58405
2022-04-11,0.20836,0.20906,0.19167,0.19482,169295676.0,2022-04-11 23:59:59.999,33789118.5529
2022-04-12,0.19482,0.20356,0.19209,0.19842,132106838.0,2022-04-12 23:59:59.999,26213453.54236
2022-04-13,0.19842,0.20414,0.19529,0.20328,110150198.0,2022-04-13 23:59:59.999,22015937.76866
2022-04-14,0.2033,0.20558,0.1925,0.1962,104823136.0,2022-04-14 23:59:59.999,20932716.36649
2022-04-15,0.1962,0.2015,0.19421,0.19993,86702704.0,2022-04-15 23:59:59.999,17179038.53628
2022-04-16,0.19995,0.20387,0.1964,0.19822,115805879.0,2022-04-16 23:59:59.999,23166738.04364
2022-04-17,0.19822,0.19988,0.18995,0.19206,88095404.0,2022-04-17 23:59:59.999,17302754.88656
2022-04-18,0.19212,0.19508,0.1802,0.19469,149954847.0,2022-04-18 23:59:59.999,28202289.81404
2022-04-19,0.19468,0.20036,0.19201,0.19929,108933073.0,2022-04-19 23:59:59.999,21429666.48246
2022-04-20,0.19928,0.20378,0.19226,0.19614,129329929.0,2022-04-20 23:59:59.999,25644216.04384
2022-04-21,0.19617,0.20246,0.185,0.19068,131989675.0,2022-04-21 23:59:59.999,25993922.77212
2022-04-22,0.19067,0.19459,0.18661,0.18968,83520165.0,2022-04-22 23:59:59.999,15925379.09908
2022-04-23,0.18968,0.19096,0.18611,0.18681,48926894.0,2022-04-23 23:59:59.999,9247771.43978
2022-04-24,0.18682,0.18957,0.1837,0.18568,48763618.0,2022-04-24 23:59:59.999,9117058.9418
2022-04-25,0.18567,0.18613,0.17119,0.18151,135857159.0,2022-04-25 23:59:59.999,24141232.57029
2022-04-26,0.18154,0.1832,0.16361,0.16741,127988215.0,2022-04-26 23:59:59.999,22459052.4275
2022-04-27,0.16745,0.17412,0.1645,0.16926,93296175.0,2022-04-27 23:59:59.999,15816963.44579
2022-04-28,0.16929,0.17354,0.1661,0.16976,93752971.0,2022-04-28 23:59:59.999,15899901.80655
2022-04-29,0.16976,0.17152,0.15562,0.15888,103886814.0,2022-04-29 23:59:59.999,17023035.2212
2022-04-30,0.15889,0.16268,0.13007,0.14107,229081275.0,2022-04-30 23:59:59.999,34403205.34647
2022-05-01,0.14109,0.15148,0.13677,0.14563,160684094.0,2022-05-01 23:59:59.999,23049073.0938
2022-05-02,0.14558,0.14803,0.13277,0.13973,190679767.0,2022-05-02 23:59:59.999,26726923.87171
2022-05-03,0.13977,0.14694,0.13687,0.13839,144805781.0,2022-05-03 23:59:59.999,20498823.08371
2022-05-04,0.13841,0.15149,0.13701,0.15125,161020230.0,2022-05-04 23:59:59.999,23120050.80177
2022-05-05,0.15126,0.155,0.13212,0.13541,229857464.0,2022-05-05 23:59:59.999,32756293.41382
2022-05-06,0.13538,0.13684,0.12832,0.13372,181955513.0,2022-05-06 23:59:59.999,24171951.32068
2022-05-07,0.13368,0.13579,0.12551,0.13009,124747213.0,2022-05-07 23:59:59.999,16515469.43089
2022-05-08,0.13013,0.13112,0.12432,0.12765,124367104.0,2022-05-08 23:59:59.999,15864988.68159
2022-05-09,0.12767,0.13222,0.10456,0.10602,353700140.0,2022-05-09 23:59:59.999,41243718.87425
2022-05-10,0.10606,0.12189,0.10269,0.11462,402491230.0,2022-05-10 23:59:59.999,45761049.9641
2022-05-11,0.1145,0.12007,0.08353,0.09106,643775324.0,2022-05-11 23:59:59.999,66496276.10057
2022-05-12,0.09114,0.09703,0.07352,0.08683,570407134.0,2022-05-12 23:59:59.999,47850562.78297
2022-05-13,0.08688,0.1072,0.08564,0.09619,224079409.0,2022-05-13 23:59:59.999,22183516.04391
2022-05-14,0.0962,0.10487,0.09119,0.10152,169085407.0,2022-05-14 23:59:59.999,16440226.16084
2022-05-15,0.10152,0.10817,0.09683,0.10794,121833789.0,2022-05-15 23:59:59.999,12477293.26471
2022-05-16,0.10789,0.10947,0.09774,0.10218,185279416.0,2022-05-16 23:59:59.999,18960173.36753
2022-05-17,0.10219,0.10992,0.09965,0.10947,159439921.0,2022-05-17 23:59:59.999,16815819.14074
2022-05-18,0.10945,0.11024,0.09802,0.09917,200804239.0,2022-05-18 23:59:59.999,20687626.51777
2022-05-19,0.09915,0.10671,0.09576,0.10357,204662894.0,2022-05-19 23:59:59.999,20687967.60091
2022-05-20,0.10366,0.10578,0.0975,0.09946,153459964.0,2022-05-20 23:59:59.999,15632036.17619
2022-05-21,0.09946,0.10318,0.09805,0.10108,98681491.0,2022-05-21 23:59:59.999,9938628.37453
2022-05-22,0.10109,0.105,0.09874,0.10414,123684627.0,2022-05-22 23:59:59.999,12719160.20187
2022-05-23,0.10409,0.10823,0.09692,0.09838,187171248.0,2022-05-23 23:59:59.999,19402471.39197
2022-05-24,0.09841,0.10049,0.09268,0.0994,221048414.0,2022-05-24 23:59:59.999,21645026.224
2022-05-25,0.09938,0.10104,0.09546,0.09757,136951039.0,2022-05-25 23:59:59.999,13365645.39548
2022-05-26,0.09757,0.09934,0.08701,0.09058,203324533.0,2022-05-26 23:59:59.999,18929883.26632
2022-05-27,0.09057,0.09301,0.08556,0.08716,218038315.0,2022-05-27 23:59:59.999,19430513.1691
2022-05-28,0.08715,0.09014,0.08593,0.08898,127098528.0,2022-05-28 23:59:59.999,11223814.04816
2022-05-29,0.08896,0.09061,0.08631,0.09055,116970831.0,2022-05-29 23:59:59.999,10372981.39727
2022-05-30,0.09055,0.09897,0.08945,0.09779,141284991.0,2022-05-30 23:59:59.999,13354239.98832
2022-05-31,0.09778,0.09907,0.09259,0.0944,163897134.0,2022-05-31 23:59:59.999,15667397.57996
2022-06-01,0.09436,0.09807,0.08812,0.08941,200791189.0,2022-06-01 23:59:59.999,18802015.59901
2022-06-02,0.08939,0.09285,0.08755,0.09221,225955506.0,2022-06-02 23:59:59.999,20371366.00537
2022-06-03,0.09223,0.09295,0.08751,0.08865,108367767.0,2022-06-03 23:59:59.999,9714447.29234
2022-06-04,0.08865,0.09065,0.08707,0.09025,82263024.0,2022-06-04 23:59:59.999,7321436.69882
2022-06-05,0.09029,0.09588,0.09008,0.09355,404937370.0,2022-06-05 23:59:59.999,37719973.93636
2022-06-06,0.09353,0.09827,0.09323,0.09675,196651377.0,2022-06-06 23:59:59.999,18880998.36658
2022-06-07,0.09675,0.09682,0.08854,0.09068,212788936.0,2022-06-07 23:59:59.999,19356909.15532
2022-06-08,0.09068,0.09195,0.0864,0.08792,176629721.0,2022-06-08 23:59:59.999,15720984.42572
2022-06-09,0.0879,0.08944,0.08602,0.08653,132469253.0,2022-06-09 23:59:59.999,11634093.84674
2022-06-10,0.08652,0.08722,0.07945,0.08101,196223221.0,2022-06-10 23:59:59.999,16423068.87795
2022-06-11,0.08101,0.08321,0.07471,0.07803,165704425.0,2022-06-11 23:59:59.999,13048269.42571
2022-06-12,0.07805,0.07867,0.06925,0.06942,257979400.0,2022-06-12 23:59:59.999,18758779.17379
2022-06-13,0.06941,0.07094,0.06061,0.06591,382981628.0,2022-06-13 23:59:59.999,24747998.55604
2022-06-14,0.06591,0.06838,0.06066,0.06719,281284563.0,2022-06-14 23:59:59.999,18415047.73164
2022-06-15,0.06719,0.07205,0.06,0.07202,325013846.0,2022-06-15 23:59:59.999,20985625.74029
2022-06-16,0.07199,0.07285,0.06415,0.06528,199345388.0,2022-06-16 23:59:59.999,13462632.60036
2022-06-17,0.0653,0.06999,0.06474,0.06803,260574374.0,2022-06-17 23:59:59.999,17692249.36138
2022-06-18,0.06805,0.06923,0.05807,0.0622,284640484.0,2022-06-18 23:59:59.999,18118832.62946
2022-06-19,0.06217,0.06799,0.0601,0.06649,227807708.0,2022-06-19 23:59:59.999,14497466.46825
2022-06-20,0.0665,0.07416,0.06521,0.07062,394524773.0,2022-06-20 23:59:59.999,27618536.57674
2022-06-21,0.07062,0.07965,0.06949,0.07368,442097176.0,2022-06-21 23:59:59.999,33163304.65456
2022-06-22,0.0737,0.07689,0.06963,0.06976,449999229.0,2022-06-22 23:59:59.999,33285885.51782
2022-06-23,0.06975,0.0737,0.0695,0.07324,219184302.0,2022-06-23 23:59:59.999,15785394.09455
2022-06-24,0.07323,0.07606,0.07247,0.07378,216115926.0,2022-06-24 23:59:59.999,16070164.37144
2022-06-25,0.07376,0.07544,0.07043,0.07409,200581935.0,2022-06-25 23:59:59.999,14656551.73348
2022-06-26,0.07408,0.0757,0.06834,0.06867,250526416.0,2022-06-26 23:59:59.999,18093523.12164
2022-06-27,0.06868,0.0722,0.0682,0.0699,251081572.0,2022-06-27 23:59:59.999,17632110.38429
2022-06-28,0.06991,0.07076,0.06496,0.06591,212911440.0,2022-06-28 23:59:59.999,14537110.9182
2022-06-29,0.06589,0.06678,0.06386,0.0647,191708619.0,2022-06-29 23:59:59.999,12508204.26338
2022-06-30,0.06469,0.06491,0.05961,0.06334,223331221.0,2022-06-30 23:59:59.999,13748837.71428
2022-07-01,0.06334,0.06515,0.06062,0.06164,236247880.0,2022-07-01 23:59:59.999,14741926.27706
2022-07-02,0.06167,0.06382,0.06071,0.06333,166738600.0,2022-07-02 23:59:59.999,10380256.15537
2022-07-03,0.06334,0.06374,0.06089,0.06239,145936604.0,2022-07-03 23:59:59.999,9077030.25301
2022-07-04,0.06235,0.06392,0.06023,0.06366,177274946.0,2022-07-04 23:59:59.999,10998323.68951
2022-07-05,0.06363,0.06481,0.06,0.06158,303838441.0,2022-07-05 23:59:59.999,18850377.42927
2022-07-06,0.06159,0.06287,0.06057,0.06251,214600394.0,2022-07-06 23:59:59.999,13228337.83154
2022-07-07,0.06252,0.06547,0.06175,0.06474,183817105.0,2022-07-07 23:59:59.999,11667648.84725
2022-07-08,0.06478,0.06665,0.06279,0.06395,181795686.0,2022-07-08 23:59:59.999,11708777.95947
2022-07-09,0.06395,0.06982,0.06389,0.06856,279983712.0,2022-07-09 23:59:59.999,18745555.94088
2022-07-10,0.06858,0.06919,0.06328,0.06483,230141724.0,2022-07-10 23:59:59.999,15127226.91613
2022-07-11,0.06485,0.06562,0.05983,0.06068,199643084.0,2022-07-11 23:59:59.999,12480021.99825
2022-07-12,0.06068,0.06199,0.059,0.05931,162146479.0,2022-07-12 23:59:59.999,9856202.41221
2022-07-13,0.0593,0.06338,0.05772,0.06311,199357808.0,2022-07-13 23:59:59.999,12059299.37791
2022-07-14,0.06311,0.0644,0.06076,0.06404,160808299.0,2022-07-14 23:59:59.999,10061387.6645
2022-07-15,0.06404,0.06657,0.06297,0.0651,174494675.0,2022-07-15 23:59:59.999,11331575.14301
2022-07-16,0.06509,0.06751,0.06345,0.06657,138545654.0,2022-07-16 23:59:59.999,9067238.8568
2022-07-17,0.06655,0.06725,0.06404,0.06478,133178468.0,2022-07-17 23:59:59.999,8724077.16372
2022-07-18,0.0648,0.07184,0.06457,0.07042,299478263.0,2022-07-18 23:59:59.999,20732657.44644
2022-07-19,0.07041,0.07485,0.06904,0.07344,278588624.0,2022-07-19 23:59:59.999,20042480.01557
2022-07-20,0.07345,0.07729,0.06966,0.07036,332136385.0,2022-07-20 23:59:59.999,24724629.62806
2022-07-21,0.07036,0.07187,0.06777,0.07121,196281724.0,2022-07-21 23:59:59.999,13717154.91813
2022-07-22,0.0712,0.07541,0.069,0.06942,227186290.0,2022-07-22 23:59:59.999,16449915.35945
2022-07-23,0.06942,0.07188,0.0666,0.06843,170840733.0,2022-07-23 23:59:59.999,11778644.26465
2022-07-24,0.06844,0.07402,0.06774,0.07238,445285460.0,2022-07-24 23:59:59.999,32070885.51432
2022-07-25,0.07235,0.07242,0.06482,0.065,383894970.0,2022-07-25 23:59:59.999,26252593.88408
2022-07-26,0.06503,0.06589,0.06301,0.06589,178260724.0,2022-07-26 23:59:59.999,11437401.84486
2022-07-27,0.06587,0.07052,0.06417,0.07045,201219851.0,2022-07-27 23:59:59.999,13364266.15243
2022-07-28,0.07044,0.07289,0.06756,0.07235,242923357.0,2022-07-28 23:59:59.999,17092820.73643
2022-07-29,0.07237,0.0741,0.06923,0.07156,224086526.0,2022-07-29 23:59:59.999,16104307.22489
2022-07-30,0.07157,0.0786,0.07051,0.07285,255715834.0,2022-07-30 23:59:59.999,18984182.44686
2022-07-31,0.0729,0.0815,0.07224,0.07567,434223891.0,2022-07-31 23:59:59.999,33672573.10028
2022-08-01,0.07567,0.07832,0.07448,0.07678,232879191.0,2022-08-01 23:59:59.999,17791971.66195
2022-08-02,0.07679,0.07807,0.07234,0.0726,302462980.0,2022-08-02 23:59:59.999,22552070.28972
2022-08-03,0.0726,0.07396,0.07006,0.07072,293379429.0,2022-08-03 23:59:59.999,21147180.92822
2022-08-04,0.07072,0.0734,0.07043,0.07202,233823524.0,2022-08-04 23:59:59.999,16728288.08359
2022-08-05,0.07207,0.07606,0.0716,0.07588,242087278.0,2022-08-05 23:59:59.999,17894708.07816
2022-08-06,0.07588,0.07894,0.07539,0.0769,310358150.0,2022-08-06 23:59:59.999,23954306.67088
2022-08-07,0.07688,0.07862,0.07559,0.07694,217554570.0,2022-08-07 23:59:59.999,16819057.00377
2022-08-08,0.07695,0.0803,0.07671,0.08,247401982.0,2022-08-08 23:59:59.999,19541361.88311
2022-08-09,0.08001,0.08166,0.0726,0.0747,406945697.0,2022-08-09 23:59:59.999,31335711.61667
2022-08-10,0.0747,0.07886,0.07237,0.07885,230635788.0,2022-08-10 23:59:59.999,17602880.61569
2022-08-11,0.07885,0.08455,0.07857,0.08097,382430872.0,2022-08-11 23:59:59.999,30978952.9968
2022-08-12,0.08097,0.08319,0.07906,0.08287,296369580.0,2022-08-12 23:59:59.999,24067132.80573
2022-08-13,0.08289,0.08398,0.0809,0.08128,155085772.0,2022-08-13 23:59:59.999,12778952.92694
2022-08-14,0.08128,0.08251,0.0778,0.07885,194747680.0,2022-08-14 23:59:59.999,15676474.46709
2022-08-15,0.07885,0.08094,0.07651,0.07777,222773161.0,2022-08-15 23:59:59.999,17483454.11567
2022-08-16,0.07774,0.0784,0.07569,0.07679,197445209.0,2022-08-16 23:59:59.999,15189389.83281
2022-08-17,0.0768,0.07899,0.07275,0.07346,217422630.0,2022-08-17 23:59:59.999,16482429.03222
2022-08-18,0.0735,0.07464,0.06931,0.0707,188874151.0,2022-08-18 23:59:59.999,13824470.86237
2022-08-19,0.07069,0.07071,0.06346,0.06517,313904029.0,2022-08-19 23:59:59.999,20780641.31827
2022-08-20,0.06516,0.06829,0.06504,0.06765,345663422.0,2022-08-20 23:59:59.999,23201840.11966
2022-08-21,0.06764,0.07009,0.0664,0.06948,233413431.0,2022-08-21 23:59:59.999,15930563.01484
2022-08-22,0.06948,0.07108,0.06368,0.06634,273983523.0,2022-08-22 23:59:59.999,18348251.24455
2022-08-23,0.06635,0.06743,0.0641,0.06702,228113973.0,2022-08-23 23:59:59.999,15120220.05292
2022-08-24,0.06705,0.07049,0.06507,0.06737,388787237.0,2022-08-24 23:59:59.999,26318315.10969
2022-08-25,0.06737,0.07001,0.06707,0.06934,351551536.0,2022-08-25 23:59:59.999,23977714.63235
2022-08-26,0.06933,0.06934,0.06159,0.06253,425737265.0,2022-08-26 23:59:59.999,28375928.19311
2022-08-27,0.06252,0.06369,0.06159,0.06277,161159680.0,2022-08-27 23:59:59.999,10102007.70005
2022-08-28,0.06278,0.0652,0.06214,0.06253,195282529.0,2022-08-28 23:59:59.999,12463395.30383
2022-08-29,0.06251,0.06616,0.06169,0.06583,238777108.0,2022-08-29 23:59:59.999,15319539.46824
2022-08-30,0.06582,0.06638,0.06219,0.06341,229131904.0,2022-08-30 23:59:59.999,14799437.15895
2022-08-31,0.06341,0.06723,0.0627,0.06293,314761096.0,2022-08-31 23:59:59.999,20402228.68722
2022-09-01,0.06293,0.06359,0.06105,0.06337,249242590.0,2022-09-01 23:59:59.999,15550683.60486
2022-09-02,0.06337,0.06363,0.06069,0.06174,286142677.0,2022-09-02 23:59:59.999,17872768.33076
2022-09-03,0.06174,0.06216,0.06043,0.06075,149951513.0,2022-09-03 23:59:59.999,9204718.2879
2022-09-04,0.06074,0.0615,0.06021,0.06144,157059744.0,2022-09-04 23:59:59.999,9574624.47499
2022-09-05,0.06144,0.06289,0.06012,0.06216,349112484.0,2022-09-05 23:59:59.999,21477168.49778
2022-09-06,0.06217,0.06355,0.05749,0.05831,395798631.0,2022-09-06 23:59:59.999,24171942.16169
2022-09-07,0.05831,0.06115,0.05748,0.06057,260510064.0,2022-09-07 23:59:59.999,15440881.30821
2022-09-08,0.06059,0.06157,0.05915,0.06107,214933704.0,2022-09-08 23:59:59.999,13017392.87504
2022-09-09,0.06108,0.06441,0.06092,0.06367,280842269.0,2022-09-09 23:59:59.999,17699582.37685
2022-09-10,0.06368,0.06512,0.0627,0.06375,169792765.0,2022-09-10 23:59:59.999,10819129.04639
2022-09-11,0.06376,0.06496,0.06242,0.06388,160519199.0,2022-09-11 23:59:59.999,10238532.34209
2022-09-12,0.06386,0.0738,0.06283,0.07359,1537804538.0,2022-09-12 23:59:59.999,105216396.10419
2022-09-13,0.07356,0.07359,0.06408,0.06475,1239132039.0,2022-09-13 23:59:59.999,84610561.37458
2022-09-14,0.06475,0.06535,0.06229,0.06407,441171997.0,2022-09-14 23:59:59.999,28165692.7389
2022-09-15,0.06407,0.06413,0.06018,0.061,379459492.0,2022-09-15 23:59:59.999,23512908.47062
2022-09-16,0.061,0.06144,0.05959,0.06061,270448880.0,2022-09-16 23:59:59.999,16407895.31907
2022-09-17,0.06059,0.06233,0.06056,0.06165,192885748.0,2022-09-17 23:59:59.999,11858764.40925
2022-09-18,0.06166,0.06168,0.05563,0.05741,275165681.0,2022-09-18 23:59:59.999,16345775.7179
2022-09-19,0.0574,0.05937,0.05595,0.05884,248030643.0,2022-09-19 23:59:59.999,14284994.07177
2022-09-20,0.05887,0.05931,0.05642,0.05746,264802741.0,2022-09-20 23:59:59.999,15291784.64681
2022-09-21,0.05747,0.06045,0.05545,0.05639,329384600.0,2022-09-21 23:59:59.999,19000168.50683
2022-09-22,0.05637,0.06023,0.0563,0.06002,243584363.0,2022-09-22 23:59:59.999,14309958.62374
2022-09-23,0.06002,0.06236,0.05878,0.06107,322576611.0,2022-09-23 23:59:59.999,19526505.96124
2022-09-24,0.06108,0.06381,0.06088,0.06096,361438794.0,2022-09-24 23:59:59.999,22580322.23574
2022-09-25,0.06097,0.06221,0.05841,0.05883,232665329.0,2022-09-25 23:59:59.999,14078073.52486
2022-09-26,0.05883,0.0605,0.05778,0.05997,381384296.0,2022-09-26 23:59:59.999,22565966.62202
2022-09-27,0.05997,0.06164,0.05753,0.05813,294816163.0,2022-09-27 23:59:59.999,17674932.53834
2022-09-28,0.05813,0.05856,0.05607,0.05795,256280163.0,2022-09-28 23:59:59.999,14746812.21517
2022-09-29,0.05795,0.05836,0.05647,0.05782,228684455.0,2022-09-29 23:59:59.999,13135498.27834
2022-09-30,0.05783,0.05836,0.05692,0.05734,220469168.0,2022-09-30 23:59:59.999,12697045.97194
2022-10-01,0.05734,0.05781,0.05686,0.05763,119691170.0,2022-10-01 23:59:59.999,6866455.26002
2022-10-02,0.05764,0.05802,0.0559,0.05623,157618212.0,2022-10-02 23:59:59.999,8980397.50997
2022-10-03,0.05622,0.05811,0.05555,0.05773,230755191.0,2022-10-03 23:59:59.999,13157135.89906
2022-10-04,0.05772,0.0587,0.05732,0.0584,177698806.0,2022-10-04 23:59:59.999,10332561.82863
2022-10-05,0.0584,0.05843,0.0565,0.05796,237624984.0,2022-10-05 23:59:59.999,13659110.12243
2022-10-06,0.05796,0.05895,0.05753,0.05807,348875536.0,2022-10-06 23:59:59.999,20277978.9447
2022-10-07,0.05807,0.061,0.05768,0.06041,588361742.0,2022-10-07 23:59:59.999,34860813.25221
2022-10-08,0.0604,0.06069,0.05921,0.06024,270274452.0,2022-10-08 23:59:59.999,16214059.57733
2022-10-09,0.06023,0.06131,0.05934,0.06009,204025929.0,2022-10-09 23:59:59.999,12288870.93858
2022-10-10,0.06008,0.06079,0.05815,0.0582,256405803.0,2022-10-10 23:59:59.999,15275156.63307
2022-10-11,0.0582,0.06242,0.0569,0.06087,1366639472.0,2022-10-11 23:59:59.999,83439087.30051
2022-10-12,0.06086,0.06733,0.06055,0.0655,3717646898.0,2022-10-12 23:59:59.999,240846535.12099
2022-10-13,0.0655,0.06673,0.05816,0.06491,3002858172.0,2022-10-13 23:59:59.999,188436425.2124
2022-10-14,0.0649,0.06557,0.06063,0.06153,981850186.0,2022-10-14 23:59:59.999,61896449.79049
2022-10-15,0.06151,0.06301,0.06014,0.06028,522262371.0,2022-10-15 23:59:59.999,32135004.2255
2022-10-16,0.06028,0.06157,0.05964,0.06136,385030823.0,2022-10-16 23:59:59.999,23330964.90694
2022-10-17,0.06136,0.06268,0.0602,0.06248,377120825.0,2022-10-17 23:59:59.999,23245436.26071
2022-10-18,0.06248,0.06452,0.06078,0.06222,612969795.0,2022-10-18 23:59:59.999,38565533.59294
2022-10-19,0.06221,0.06274,0.05839,0.05934,407622027.0,2022-10-19 23:59:59.999,24648617.46839
2022-10-20,0.05934,0.05994,0.05715,0.05832,349314545.0,2022-10-20 23:59:59.999,20537762.4031
2022-10-21,0.05832,0.0598,0.05642,0.05959,377104054.0,2022-10-21 23:59:59.999,21916275.61521
2022-10-22,0.05958,0.06004,0.05859,0.05973,188227912.0,2022-10-22 23:59:59.999,11183993.72089
2022-10-23,0.05973,0.0608,0.05834,0.06061,217419354.0,2022-10-23 23:59:59.999,12935051.58485
2022-10-24,0.06059,0.06062,0.05789,0.05867,323195983.0,2022-10-24 23:59:59.999,19013476.82918
2022-10-25,0.05866,0.06103,0.05827,0.05962,355683488.0,2022-10-25 23:59:59.999,21210617.56424
2022-10-26,0.05963,0.06128,0.05948,0.06042,399831890.0,2022-10-26 23:59:59.999,24146193.3548
2022-10-27,0.06043,0.06195,0.058,0.05855,509961551.0,2022-10-27 23:59:59.999,30618005.85914
2022-10-28,0.05856,0.06024,0.0582,0.0599,362739187.0,2022-10-28 23:59:59.999,21516707.49562
2022-10-29,0.0599,0.06215,0.05977,0.06128,412099182.0,2022-10-29 23:59:59.999,25019834.37795
2022-10-30,0.06128,0.06275,0.05974,0.06055,324671608.0,2022-10-30 23:59:59.999,19929990.66804
2022-10-31,0.06055,0.06143,0.05904,0.05949,388910508.0,2022-10-31 23:59:59.999,23403289.22103
2022-11-01,0.05949,0.06017,0.05812,0.05817,300718110.0,2022-11-01 23:59:59.999,17802746.93071
2022-11-02,0.05817,0.06011,0.05706,0.05872,507335397.0,2022-11-02 23:59:59.999,29794342.05234
2022-11-03,0.05872,0.06151,0.05852,0.05981,477016573.0,2022-11-03 23:59:59.999,28581204.39232
2022-11-04,0.05981,0.06372,0.05912,0.06332,715946897.0,2022-11-04 23:59:59.999,44306560.8768
2022-11-05,0.06331,0.06408,0.06107,0.06217,433069682.0,2022-11-05 23:59:59.999,27292063.77997
2022-11-06,0.06217,0.06272,0.05864,0.05907,415614007.0,2022-11-06 23:59:59.999,25491412.38252
2022-11-07,0.05907,0.06031,0.05806,0.059,423472239.0,2022-11-07 23:59:59.999,25129528.60757
2022-11-08,0.059,0.05952,0.0435,0.05197,1114973537.0,2022-11-08 23:59:59.999,60028667.31267
2022-11-09,0.05197,0.05228,0.04212,0.04409,1032172914.0,2022-11-09 23:59:59.999,49222881.13066
2022-11-10,0.0441,0.0528,0.04332,0.05,743960678.0,2022-11-10 23:59:59.999,36703810.95069
2022-11-11,0.05002,0.05054,0.04552,0.04833,508479303.0,2022-11-11 23:59:59.999,24474333.82492
2022-11-12,0.04834,0.04839,0.04557,0.04716,317581252.0,2022-11-12 23:59:59.999,14858599.0566
2022-11-13,0.04713,0.04913,0.04455,0.04515,451141794.0,2022-11-13 23:59:59.999,21059814.29572
2022-11-14,0.04515,0.04744,0.043,0.04724,474793011.0,2022-11-14 23:59:59.999,21492224.8957
2022-11-15,0.04723,0.05047,0.04658,0.04908,412988290.0,2022-11-15 23:59:59.999,20186124.66487
2022-11-16,0.04909,0.04944,0.0467,0.04799,258653062.0,2022-11-16 23:59:59.999,12442345.3963
2022-11-17,0.048,0.05123,0.04798,0.04846,717899052.0,2022-11-17 23:59:59.999,35751016.06773
2022-11-18,0.04846,0.04926,0.04773,0.04827,295502647.0,2022-11-18 23:59:59.999,14348997.66519
2022-11-19,0.04828,0.04927,0.04661,0.04875,199146588.0,2022-11-19 23:59:59.999,9573644.14218
2022-11-20,0.04875,0.04993,0.04563,0.04612,301555616.0,2022-11-20 23:59:59.999,14430674.67016
2022-11-21,0.04608,0.04686,0.04478,0.04506,398648377.0,2022-11-21 23:59:59.999,18279559.54406
2022-11-22,0.04506,0.04664,0.0443,0.04657,320237851.0,2022-11-22 23:59:59.999,14641993.72673
2022-11-23,0.04657,0.04855,0.04636,0.04843,230690919.0,2022-11-23 23:59:59.999,10950151.99165
2022-11-24,0.04843,0.04989,0.04784,0.04952,286516770.0,2022-11-24 23:59:59.999,13999102.03769
2022-11-25,0.0495,0.04968,0.04788,0.04902,194573483.0,2022-11-25 23:59:59.999,9519063.87155
2022-11-26,0.04903,0.05069,0.04901,0.0493,164669890.0,2022-11-26 23:59:59.999,8202056.98902
2022-11-27,0.04929,0.05095,0.04896,0.04909,166574890.0,2022-11-27 23:59:59.999,8328648.48375
2022-11-28,0.0491,0.04948,0.04729,0.04843,255980875.0,2022-11-28 23:59:59.999,12362752.23399
2022-11-29,0.04844,0.04961,0.04788,0.04934,161907631.0,2022-11-29 23:59:59.999,7912322.63586
2022-11-30,0.04934,0.05074,0.04886,0.0506,192262801.0,2022-11-30 23:59:59.999,9615678.91273
2022-12-01,0.0506,0.05061,0.0486,0.04914,186902934.0,2022-12-01 23:59:59.999,9281875.00812
2022-12-02,0.04914,0.04949,0.04801,0.0488,229645291.0,2022-12-02 23:59:59.999,11185285.77935
2022-12-03,0.04881,0.04906,0.04726,0.04752,173533105.0,2022-12-03 23:59:59.999,8352669.58142
2022-12-04,0.04752,0.04816,0.04727,0.04802,203272994.0,2022-12-04 23:59:59.999,9690259.31722
2022-12-05,0.04802,0.04911,0.04792,0.04855,247405222.0,2022-12-05 23:59:59.999,12022582.58913
2022-12-06,0.04855,0.04879,0.04769,0.04814,197918563.0,2022-12-06 23:59:59.999,9559857.7922
2022-12-07,0.04815,0.04828,0.04605,0.04704,232845780.0,2022-12-07 23:59:59.999,10944058.20466
2022-12-08,0.04705,0.04803,0.04663,0.04783,206965952.0,2022-12-08 23:59:59.999,9788219.54223
2022-12-09,0.04784,0.04832,0.04758,0.04806,144144747.0,2022-12-09 23:59:59.999,6909891.42217
2022-12-10,0.04805,0.04883,0.04796,0.04831,155947720.0,2022-12-10 23:59:59.999,7543219.27713
2022-12-11,0.04831,0.0489,0.04774,0.0478,130399483.0,2022-12-11 23:59:59.999,6314404.15792
2022-12-12,0.04779,0.04794,0.04642,0.04733,215394468.0,2022-12-12 23:59:59.999,10113986.5974
2022-12-13,0.04733,0.04816,0.04593,0.04777,231444662.0,2022-12-13 23:59:59.999,10883649.97324
2022-12-14,0.04777,0.04786,0.04638,0.04664,175520409.0,2022-12-14 23:59:59.999,8295208.81556
2022-12-15,0.04664,0.04675,0.04481,0.04576,433630301.0,2022-12-15 23:59:59.999,19795519.42019
2022-12-16,0.04577,0.04603,0.04118,0.04204,371681517.0,2022-12-16 23:59:59.999,16345721.78407
2022-12-17,0.04203,0.04309,0.04071,0.04295,221891722.0,2022-12-17 23:59:59.999,9362052.82804
2022-12-18,0.04294,0.04436,0.04284,0.04379,327782313.0,2022-12-18 23:59:59.999,14336035.14164
2022-12-19,0.04379,0.04436,0.03982,0.04085,320612973.0,2022-12-19 23:59:59.999,13664981.84703
2022-12-20,0.04084,0.04284,0.0406,0.04272,216962604.0,2022-12-20 23:59:59.999,9131100.65002
2022-12-21,0.04271,0.04332,0.04198,0.04271,256209153.0,2022-12-21 23:59:59.999,10926973.07826
2022-12-22,0.0427,0.04344,0.04234,0.04342,220916550.0,2022-12-22 23:59:59.999,9492335.89839
2022-12-23,0.04341,0.04388,0.04321,0.04351,148964332.0,2022-12-23 23:59:59.999,6485847.86867
2022-12-24,0.04351,0.04402,0.0435,0.04375,121438305.0,2022-12-24 23:59:59.999,5315401.54332
2022-12-25,0.04376,0.04406,0.04282,0.0435,139047178.0,2022-12-25 23:59:59.999,6043723.26157
2022-12-26,0.04349,0.04397,0.04333,0.0439,131809154.0,2022-12-26 23:59:59.999,5751383.92609
2022-12-27,0.04391,0.04436,0.04185,0.04227,213976014.0,2022-12-27 23:59:59.999,9225594.28623
2022-12-28,0.04228,0.04245,0.0401,0.04065,245564163.0,2022-12-28 23:59:59.999,10141907.46436
2022-12-29,0.04066,0.0409,0.03854,0.03935,277626635.0,2022-12-29 23:59:59.999,11084846.44127
2022-12-30,0.03934,0.03938,0.03732,0.03754,359980753.0,2022-12-30 23:59:59.999,13789296.10759
2022-12-31,0.03753,0.03756,0.03561,0.03646,535983294.0,2022-12-31 23:59:59.999,19625479.07182
2023-01-01,0.03646,0.03891,0.03621,0.038,663340895.0,2023-01-01 23:59:59.999,25032427.51701
2023-01-02,0.03801,0.03945,0.0374,0.03891,547450750.0,2023-01-02 23:59:59.999,21080194.97197
2023-01-03,0.0389,0.03928,0.03789,0.03809,326057457.0,2023-01-03 23:59:59.999,12636541.55953
2023-01-04,0.03809,0.03909,0.03764,0.03843,505572389.0,2023-01-04 23:59:59.999,19422708.83595
2023-01-05,0.03843,0.03887,0.03768,0.03833,413852761.0,2023-01-05 23:59:59.999,15842969.56489
2023-01-06,0.03833,0.03917,0.03672,0.03912,444223331.0,2023-01-06 23:59:59.999,16741489.57885
2023-01-07,0.03911,0.03989,0.03858,0.0396,328416245.0,2023-01-07 23:59:59.999,12877267.57838
2023-01-08,0.0396,0.04224,0.03892,0.04178,539742352.0,2023-01-08 23:59:59.999,21759710.86112
2023-01-09,0.04178,0.04591,0.04174,0.0444,796351381.0,2023-01-09 23:59:59.999,35108176.4835
2023-01-10,0.04441,0.04539,0.04315,0.04455,489884295.0,2023-01-10 23:59:59.999,21660088.22574
2023-01-11,0.04455,0.0458,0.04322,0.04575,476886997.0,2023-01-11 23:59:59.999,21153999.08655
2023-01-12,0.04574,0.04828,0.04473,0.04765,916151697.0,2023-01-12 23:59:59.999,42700176.07028
2023-01-13,0.04764,0.05071,0.0463,0.05054,630554839.0,2023-01-13 23:59:59.999,30214524.75167
2023-01-14,0.05054,0.05384,0.04974,0.05308,668229924.0,2023-01-14 23:59:59.999,34518908.55222
2023-01-15,0.0531,0.05331,0.05016,0.05232,394746584.0,2023-01-15 23:59:59.999,20446005.56447
2023-01-16,0.05232,0.0547,0.05058,0.0537,493281514.0,2023-01-16 23:59:59.999,26110873.23913
2023-01-17,0.05369,0.05485,0.05236,0.05437,407546187.0,2023-01-17 23:59:59.999,21925142.96174
2023-01-18,0.05437,0.05989,0.05376,0.05391,1603578374.0,2023-01-18 23:59:59.999,91021742.27702
2023-01-19,0.05391,0.06199,0.0531,0.06088,1724296763.0,2023-01-19 23:59:59.999,100024853.37175
2023-01-20,0.06088,0.08081,0.05928,0.07244,4428405645.0,2023-01-20 23:59:59.999,306400575.16724
2023-01-21,0.07244,0.07457,0.06842,0.07178,1660227661.0,2023-01-21 23:59:59.999,120067456.70676
2023-01-22,0.07178,0.07356,0.06744,0.06901,764353689.0,2023-01-22 23:59:59.999,53804392.81501
2023-01-23,0.06901,0.07051,0.06669,0.06843,525428428.0,2023-01-23 23:59:59.999,36288747.87097
2023-01-24,0.06843,0.07076,0.06108,0.06267,669423505.0,2023-01-24 23:59:59.999,44863667.36635
2023-01-25,0.06267,0.07065,0.06235,0.067,881698289.0,2023-01-25 23:59:59.999,57803126.49713
2023-01-26,0.06699,0.07018,0.06525,0.06695,535349813.0,2023-01-26 23:59:59.999,36056238.1356
2023-01-27,0.06697,0.07115,0.06486,0.06951,448068658.0,2023-01-27 23:59:59.999,30556561.03761
2023-01-28,0.06952,0.07017,0.06633,0.06683,249192180.0,2023-01-28 23:59:59.999,16991841.01532
2023-01-29,0.06682,0.07068,0.06645,0.06943,287540040.0,2023-01-29 23:59:59.999,19749701.11416
2023-01-30,0.06944,0.07006,0.06261,0.06403,420502471.0,2023-01-30 23:59:59.999,27661213.30717
2023-01-31,0.06405,0.06668,0.06385,0.06448,328539025.0,2023-01-31 23:59:59.999,21351964.55603
2023-02-01,0.06448,0.0705,0.06221,0.06969,682899581.0,2023-02-01 23:59:59.999,44768844.85178
2023-02-02,0.06969,0.07094,0.0664,0.06709,399835374.0,2023-02-02 23:59:59.999,27613527.03483
2023-02-03,0.06707,0.07365,0.06667,0.07227,645987763.0,2023-02-03 23:59:59.999,45680826.88557
2023-02-04,0.07228,0.07769,0.07027,0.07338,668200365.0,2023-02-04 23:59:59.999,49343241.52775
2023-02-05,0.07339,0.07462,0.06769,0.06987,453239678.0,2023-02-05 23:59:59.999,32253300.30061
2023-02-06,0.0699,0.07149,0.06692,0.06752,295821138.0,2023-02-06 23:59:59.999,20553732.93053
2023-02-07,0.06753,0.07853,0.06741,0.07484,1530108522.0,2023-02-07 23:59:59.999,113837073.43871
2023-02-08,0.07486,0.0794,0.07236,0.07517,1084798277.0,2023-02-08 23:59:59.999,82561882.16298
2023-02-09,0.0752,0.07639,0.06704,0.07163,740351437.0,2023-02-09 23:59:59.999,52960362.5069
2023-02-10,0.07163,0.07835,0.07123,0.07595,2229663640.0,2023-02-10 23:59:59.999,169109878.18852
2023-02-11,0.07595,0.09063,0.07572,0.08801,3693011320.0,2023-02-11 23:59:59.999,318076345.84868
2023-02-12,0.08801,0.0985,0.08592,0.08677,2758518627.0,2023-02-12 23:59:59.999,254684301.18306
2023-02-13,0.08677,0.0888,0.07888,0.08591,1922590108.0,2023-02-13 23:59:59.999,161010138.52302
2023-02-14,0.08591,0.09096,0.08427,0.08762,1661234680.0,2023-02-14 23:59:59.999,144835040.60427
2023-02-15,0.08761,0.09259,0.08404,0.09156,1010225538.0,2023-02-15 23:59:59.999,88598028.08698
2023-02-16,0.09155,0.09286,0.08327,0.08391,998384573.0,2023-02-16 23:59:59.999,89277738.15536
2023-02-17,0.0839,0.08795,0.0836,0.08542,591472680.0,2023-02-17 23:59:59.999,50835396.02236
2023-02-18,0.08541,0.0869,0.0843,0.08645,355759758.0,2023-02-18 23:59:59.999,30471617.46903
2023-02-19,0.08644,0.0923,0.08612,0.08745,772550860.0,2023-02-19 23:59:59.999,68852053.1604
2023-02-20,0.08745,0.08959,0.08403,0.08678,495244592.0,2023-02-20 23:59:59.999,43358548.86928
2023-02-21,0.08676,0.087,0.08029,0.08257,488082405.0,2023-02-21 23:59:59.999,40957588.17035
2023-02-22,0.08258,0.08274,0.07824,0.08224,498535782.0,2023-02-22 23:59:59.999,40163065.65865
2023-02-23,0.08223,0.08326,0.07939,0.08075,314599567.0,2023-02-23 23:59:59.999,25652777.38116
2023-02-24,0.08076,0.0822,0.07515,0.07717,425767171.0,2023-02-24 23:59:59.999,33610695.96938
2023-02-25,0.07717,0.07789,0.07205,0.07501,279692358.0,2023-02-25 23:59:59.999,21032623.6343
2023-02-26,0.07498,0.07624,0.07364,0.07485,222038642.0,2023-02-26 23:59:59.999,16617448.111
2023-02-27,0.07485,0.07485,0.07045,0.07225,474303200.0,2023-02-27 23:59:59.999,34470752.22326
2023-02-28,0.07225,0.07246,0.06827,0.06917,425432906.0,2023-02-28 23:59:59.999,30072092.41772
2023-03-01,0.06919,0.07341,0.06865,0.07071,547060267.0,2023-03-01 23:59:59.999,38740009.9246
2023-03-02,0.07071,0.07088,0.06618,0.06891,430654205.0,2023-03-02 23:59:59.999,29272969.40249
2023-03-03,0.06891,0.06892,0.06053,0.06397,560900958.0,2023-03-03 23:59:59.999,36210371.97967
2023-03-04,0.06398,0.0661,0.06174,0.06438,432919140.0,2023-03-04 23:59:59.999,27965012.65905
2023-03-05,0.06439,0.06598,0.06368,0.06389,315202724.0,2023-03-05 23:59:59.999,20517009.89631
2023-03-06,0.06389,0.06495,0.06274,0.06383,320342844.0,2023-03-06 23:59:59.999,20455412.41265
2023-03-07,0.06386,0.06467,0.06122,0.06263,378295389.0,2023-03-07 23:59:59.999,23863653.94384
2023-03-08,0.06262,0.06306,0.0586,0.0606,656674201.0,2023-03-08 23:59:59.999,40135701.47019
2023-03-09,0.0606,0.06143,0.0539,0.05729,888904574.0,2023-03-09 23:59:59.999,51743346.07215
2023-03-10,0.0573,0.05992,0.05419,0.05884,956182491.0,2023-03-10 23:59:59.999,54809853.85909
2023-03-11,0.05883,0.06134,0.05559,0.05819,799876390.0,2023-03-11 23:59:59.999,46949645.4795
2023-03-12,0.05819,0.06186,0.05577,0.06186,495276395.0,2023-03-12 23:59:59.999,28729342.59652
2023-03-13,0.06185,0.0651,0.05859,0.06444,669110930.0,2023-03-13 23:59:59.999,41393742.51846
2023-03-14,0.06445,0.06835,0.06303,0.0658,700867022.0,2023-03-14 23:59:59.999,45919664.19291
2023-03-15,0.06579,0.06721,0.05873,0.0599,564332270.0,2023-03-15 23:59:59.999,35479129.10683
2023-03-16,0.05993,0.06261,0.05883,0.06079,565251425.0,2023-03-16 23:59:59.999,34151269.63342
2023-03-17,0.0608,0.06545,0.05992,0.06527,493139852.0,2023-03-17 23:59:59.999,30791180.55791
2023-03-18,0.06527,0.0664,0.06163,0.06243,511717249.0,2023-03-18 23:59:59.999,32946758.74233
2023-03-19,0.06244,0.06635,0.06191,0.06484,398486211.0,2023-03-19 23:59:59.999,25683750.63605
2023-03-20,0.06485,0.06499,0.06084,0.06148,436726513.0,2023-03-20 23:59:59.999,27478657.41631
2023-03-21,0.06147,0.0642,0.05916,0.06392,418320129.0,2023-03-21 23:59:59.999,25980472.60233
2023-03-22,0.06393,0.06443,0.05903,0.06028,481309009.0,2023-03-22 23:59:59.999,29982100.79584
2023-03-23,0.06028,0.06345,0.0596,0.06234,257603813.0,2023-03-23 23:59:59.999,15826181.31074
2023-03-24,0.06233,0.06247,0.05879,0.05988,276142510.0,2023-03-24 23:59:59.999,16722191.33414
2023-03-25,0.05988,0.06079,0.05866,0.05999,207183468.0,2023-03-25 23:59:59.999,12399773.96196
2023-03-26,0.06,0.0624,0.0596,0.06193,372446400.0,2023-03-26 23:59:59.999,22813455.73614
2023-03-27,0.06194,0.06195,0.05675,0.05918,420974056.0,2023-03-27 23:59:59.999,24986237.5178
2023-03-28,0.05917,0.0604,0.05772,0.05945,362430261.0,2023-03-28 23:59:59.999,21382458.18392
2023-03-29,0.05946,0.0688,0.05929,0.06851,738610133.0,2023-03-29 23:59:59.999,46989027.11718
2023-03-30,0.0685,0.0685,0.06274,0.06488,1028606160.0,2023-03-30 23:59:59.999,67316935.0428
2023-03-31,0.06488,0.07673,0.06487,0.07314,3291955036.0,2023-03-31 23:59:59.999,236361028.50418
2023-04-01,0.07315,0.07603,0.06966,0.07052,784959732.0,2023-04-01 23:59:59.999,56533631.88057
2023-04-02,0.07053,0.07775,0.07051,0.07296,1526058762.0,2023-04-02 23:59:59.999,113113064.92799
2023-04-03,0.07296,0.07304,0.06624,0.06806,839520630.0,2023-04-03 23:59:59.999,58710243.88874
2023-04-04,0.06805,0.06871,0.06601,0.0674,650512454.0,2023-04-04 23:59:59.999,43833649.7395
2023-04-05,0.06738,0.06848,0.06535,0.0669,579011476.0,2023-04-05 23:59:59.999,38873052.25142
2023-04-06,0.0669,0.06707,0.06458,0.06554,380650657.0,2023-04-06 23:59:59.999,24976669.60725
2023-04-07,0.06554,0.06617,0.06435,0.06494,320651845.0,2023-04-07 23:59:59.999,20856968.3755
2023-04-08,0.06494,0.06567,0.06441,0.06472,209931200.0,2023-04-08 23:59:59.999,13661516.91464
2023-04-09,0.06474,0.06506,0.06319,0.06448,273542106.0,2023-04-09 23:59:59.999,17521487.45352
2023-04-10,0.06448,0.0665,0.06411,0.06623,420941886.0,2023-04-10 23:59:59.999,27510236.36528
2023-04-11,0.06623,0.06648,0.06503,0.06525,365744497.0,2023-04-11 23:59:59.999,24087260.54453
2023-04-12,0.06526,0.06554,0.06251,0.06404,477226075.0,2023-04-12 23:59:59.999,30453447.8932
2023-04-13,0.06405,0.06687,0.06336,0.0666,356154923.0,2023-04-13 23:59:59.999,23278927.27175
2023-04-14,0.06661,0.06852,0.06502,0.06744,538679290.0,2023-04-14 23:59:59.999,36142500.92396
2023-04-15,0.06744,0.06989,0.06696,0.06817,490259878.0,2023-04-15 23:59:59.999,33454692.51846
2023-04-16,0.06816,0.06987,0.06674,0.06922,354860490.0,2023-04-16 23:59:59.999,24222941.70574
2023-04-17,0.06921,0.06931,0.0658,0.0665,370889647.0,2023-04-17 23:59:59.999,24947183.96591
2023-04-18,0.06652,0.06884,0.06558,0.06811,377323696.0,2023-04-18 23:59:59.999,25562311.97267
2023-04-19,0.06812,0.06842,0.06098,0.06237,559265845.0,2023-04-19 23:59:59.999,35822964.22803
2023-04-20,0.06236,0.06411,0.0604,0.06182,454771101.0,2023-04-20 23:59:59.999,28374159.66467
2023-04-21,0.06181,0.06235,0.05865,0.05961,451573061.0,2023-04-21 23:59:59.999,27460680.47287
2023-04-22,0.05961,0.0613,0.05921,0.06105,251867943.0,2023-04-22 23:59:59.999,15209126.39748
2023-04-23,0.06106,0.06128,0.05913,0.06022,283231533.0,2023-04-23 23:59:59.999,17120055.59915
2023-04-24,0.06023,0.06096,0.05845,0.05976,290216688.0,2023-04-24 23:59:59.999,17362099.08692
2023-04-25,0.05979,0.0612,0.05848,0.06086,386087677.0,2023-04-25 23:59:59.999,22946069.64469
2023-04-26,0.06087,0.06332,0.058,0.06034,479405536.0,2023-04-26 23:59:59.999,29358317.34591
2023-04-27,0.06034,0.06188,0.05961,0.06116,360414399.0,2023-04-27 23:59:59.999,21910196.57309
2023-04-28,0.06116,0.06123,0.06,0.06062,176068876.0,2023-04-28 23:59:59.999,10672631.28778
2023-04-29,0.06062,0.06127,0.0602,0.06073,134151461.0,2023-04-29 23:59:59.999,8142865.51123
2023-04-30,0.06072,0.06548,0.06058,0.06345,2163124057.0,2023-04-30 23:59:59.999,137675634.95249
2023-05-01,0.06345,0.06417,0.05886,0.05925,832010472.0,2023-05-01 23:59:59.999,50899703.1493
2023-05-02,0.05926,0.0593,0.05743,0.05877,441288748.0,2023-05-02 23:59:59.999,25773929.15208
2023-05-03,0.05877,0.05881,0.05603,0.05852,499575505.0,2023-05-03 23:59:59.999,28638639.26201
2023-05-04,0.05853,0.05899,0.05705,0.05747,272785510.0,2023-05-04 23:59:59.999,15796093.8216
2023-05-05,0.05746,0.05863,0.05698,0.0583,308210844.0,2023-05-05 23:59:59.999,17858872.89316
2023-05-06,0.05829,0.05865,0.05545,0.0569,309207039.0,2023-05-06 23:59:59.999,17661586.61534
2023-05-07,0.05689,0.05741,0.05614,0.05639,220890953.0,2023-05-07 23:59:59.999,12538858.55015
2023-05-08,0.05639,0.05682,0.05126,0.05446,497658369.0,2023-05-08 23:59:59.999,26945167.59986
2023-05-09,0.05445,0.05447,0.05306,0.05399,290866942.0,2023-05-09 23:59:59.999,15637131.86133
2023-05-10,0.05399,0.05524,0.05148,0.05421,399601670.0,2023-05-10 23:59:59.999,21614303.983
2023-05-11,0.05421,0.05426,0.05016,0.05127,726426673.0,2023-05-11 23:59:59.999,37758154.39937
2023-05-12,0.05128,0.05228,0.0498,0.05223,325602633.0,2023-05-12 23:59:59.999,16632032.58387
2023-05-13,0.05223,0.05235,0.05097,0.05132,204658310.0,2023-05-13 23:59:59.999,10558551.12558
2023-05-14,0.05133,0.05236,0.05096,0.0517,259376114.0,2023-05-14 23:59:59.999,13389838.86817
2023-05-15,0.0517,0.05322,0.051,0.0523,280477470.0,2023-05-15 23:59:59.999,14713624.09147
2023-05-16,0.05229,0.0528,0.05147,0.05232,234541783.0,2023-05-16 23:59:59.999,12250011.06258
2023-05-17,0.05232,0.05365,0.05121,0.05333,300391713.0,2023-05-17 23:59:59.999,15727762.42471
2023-05-18,0.05332,0.05336,0.05128,0.05231,251901720.0,2023-05-18 23:59:59.999,13195139.55241
2023-05-19,0.05231,0.05302,0.05206,0.05281,180372005.0,2023-05-19 23:59:59.999,9477808.05265
2023-05-20,0.05281,0.05321,0.05248,0.05294,112525058.0,2023-05-20 23:59:59.999,5947109.4695
2023-05-21,0.05296,0.05311,0.05168,0.05222,133872804.0,2023-05-21 23:59:59.999,7016221.01392
2023-05-22,0.05221,0.05256,0.05141,0.05195,201700491.0,2023-05-22 23:59:59.999,10481827.1602
2023-05-23,0.05195,0.05307,0.05192,0.05224,198931052.0,2023-05-23 23:59:59.999,10413029.87576
2023-05-24,0.05224,0.0523,0.04985,0.05079,245372515.0,2023-05-24 23:59:59.999,12476847.29658
2023-05-25,0.0508,0.05118,0.04945,0.05063,182386775.0,2023-05-25 23:59:59.999,9236964.27849
2023-05-26,0.05063,0.05211,0.05022,0.05196,169427270.0,2023-05-26 23:59:59.999,8658797.7863
2023-05-27,0.05197,0.05247,0.05152,0.05205,147116500.0,2023-05-27 23:59:59.999,7654432.31425
2023-05-28,0.05204,0.05399,0.05177,0.05331,257189783.0,2023-05-28 23:59:59.999,13595839.05451
2023-05-29,0.05331,0.05374,0.05212,0.0527,196377681.0,2023-05-29 23:59:59.999,10377374.22958
2023-05-30,0.0527,0.05307,0.05213,0.05273,191551299.0,2023-05-30 23:59:59.999,10098635.56811
2023-05-31,0.05273,0.05302,0.05079,0.05127,260066139.0,2023-05-31 23:59:59.999,13402860.96518
2023-06-01,0.05127,0.05166,0.05001,0.05019,223375046.0,2023-06-01 23:59:59.999,11374962.51626
2023-06-02,0.0502,0.05097,0.04984,0.05078,278337814.0,2023-06-02 23:59:59.999,14050495.40123
2023-06-03,0.05078,0.05086,0.05006,0.05024,182500781.0,2023-06-03 23:59:59.999,9206296.58339
2023-06-04,0.05024,0.0509,0.05,0.0501,179616220.0,2023-06-04 23:59:59.999,9071423.44832
2023-06-05,0.0501,0.05049,0.04575,0.0487,615383487.0,2023-06-05 23:59:59.999,29906175.89346
2023-06-06,0.0487,0.04984,0.04734,0.04948,404885745.0,2023-06-06 23:59:59.999,19713521.33203
2023-06-07,0.04948,0.04976,0.04778,0.04828,356900298.0,2023-06-07 23:59:59.999,17412413.76675
2023-06-08,0.04829,0.04873,0.04734,0.04864,233768737.0,2023-06-08 23:59:59.999,11256194.88534
2023-06-09,0.04864,0.04904,0.04753,0.04842,237953085.0,2023-06-09 23:59:59.999,11516011.5925
2023-06-10,0.04842,0.04846,0.03936,0.04536,966920341.0,2023-06-10 23:59:59.999,42411968.0627
2023-06-11,0.04536,0.04557,0.04333,0.0443,369319725.0,2023-06-11 23:59:59.999,16333129.85738
2023-06-12,0.04431,0.04535,0.04335,0.04513,363410357.0,2023-06-12 23:59:59.999,16131693.1058
2023-06-13,0.04513,0.04694,0.04465,0.04679,325951266.0,2023-06-13 23:59:59.999,14948849.94679
2023-06-14,0.0468,0.04774,0.04496,0.04531,409836966.0,2023-06-14 23:59:59.999,19062016.23139
2023-06-15,0.04532,0.04626,0.04186,0.04283,600134469.0,2023-06-15 23:59:59.999,26093319.25052
2023-06-16,0.04283,0.04478,0.04195,0.04438,630669219.0,2023-06-16 23:59:59.999,27156629.33185
2023-06-17,0.04437,0.04639,0.04403,0.04571,343761269.0,2023-06-17 23:59:59.999,15634572.53759
2023-06-18,0.0457,0.04633,0.0446,0.04522,288150051.0,2023-06-18 23:59:59.999,13105547.29043
2023-06-19,0.04522,0.04562,0.04416,0.045,263472870.0,2023-06-19 23:59:59.999,11844791.72012
2023-06-20,0.04501,0.04933,0.04468,0.04893,927197504.0,2023-06-20 23:59:59.999,43412649.7433
2023-06-21,0.04893,0.05117,0.04882,0.05035,689963970.0,2023-06-21 23:59:59.999,34438886.23847
2023-06-22,0.05036,0.05214,0.04956,0.05013,697284155.0,2023-06-22 23:59:59.999,35425275.12632
2023-06-23,0.05012,0.05409,0.04989,0.05201,515117270.0,2023-06-23 23:59:59.999,26628668.30269
2023-06-24,0.05202,0.05296,0.05083,0.05117,363975897.0,2023-06-24 23:59:59.999,18900739.08953
2023-06-25,0.05117,0.0586,0.05089,0.05183,956817383.0,2023-06-25 23:59:59.999,51606112.15694
2023-06-26,0.05183,0.05275,0.04894,0.04965,461943611.0,2023-06-26 23:59:59.999,23411077.69559
2023-06-27,0.04966,0.05125,0.0494,0.05055,299144579.0,2023-06-27 23:59:59.999,15089908.02517
2023-06-28,0.05055,0.05063,0.04697,0.04757,389665075.0,2023-06-28 23:59:59.999,19011192.49913
2023-06-29,0.04758,0.04984,0.04745,0.04822,244730710.0,2023-06-29 23:59:59.999,11895786.0176
2023-06-30,0.04823,0.0515,0.04672,0.05061,584674907.0,2023-06-30 23:59:59.999,29039155.40819
2023-07-01,0.0506,0.05198,0.05001,0.05075,236848227.0,2023-07-01 23:59:59.999,11998911.60446
2023-07-02,0.05075,0.05081,0.04929,0.05005,226509970.0,2023-07-02 23:59:59.999,11325332.22196
2023-07-03,0.05005,0.0515,0.04952,0.05026,393439458.0,2023-07-03 23:59:59.999,19950925.73017
2023-07-04,0.05027,0.05043,0.0479,0.04846,464644167.0,2023-07-04 23:59:59.999,22843688.37237
2023-07-05,0.04846,0.04912,0.0459,0.04717,456602467.0,2023-07-05 23:59:59.999,21795204.46424
2023-07-06,0.04718,0.04923,0.0459,0.04607,494575332.0,2023-07-06 23:59:59.999,23431435.222
2023-07-07,0.04607,0.04731,0.0455,0.0471,290926692.0,2023-07-07 23:59:59.999,13559239.28653
2023-07-08,0.0471,0.04757,0.04638,0.04701,225370862.0,2023-07-08 23:59:59.999,10614132.37034
2023-07-09,0.04701,0.04775,0.04662,0.04697,186591462.0,2023-07-09 23:59:59.999,8799309.13922
2023-07-10,0.04698,0.04809,0.0457,0.04747,327252975.0,2023-07-10 23:59:59.999,15388267.94874
2023-07-11,0.04746,0.04841,0.04689,0.04829,227207223.0,2023-07-11 23:59:59.999,10877872.7884
2023-07-12,0.04829,0.04929,0.04774,0.04832,280744016.0,2023-07-12 23:59:59.999,13651379.04471
2023-07-13,0.04833,0.05267,0.04757,0.05247,496480479.0,2023-07-13 23:59:59.999,24928544.53139
2023-07-14,0.05247,0.05446,0.04964,0.05112,624008601.0,2023-07-14 23:59:59.999,32582938.557
2023-07-15,0.05113,0.05345,0.05035,0.05213,338211144.0,2023-07-15 23:59:59.999,17575722.44563
2023-07-16,0.05212,0.05266,0.05062,0.05065,280712930.0,2023-07-16 23:59:59.999,14488361.90835
2023-07-17,0.05063,0.05308,0.04986,0.05191,380973978.0,2023-07-17 23:59:59.999,19667163.41916
2023-07-18,0.0519,0.0551,0.05125,0.05279,2001946792.0,2023-07-18 23:59:59.999,106677976.75272
2023-07-19,0.05278,0.05799,0.05227,0.05609,3000092846.0,2023-07-19 23:59:59.999,166938246.51578
2023-07-20,0.05609,0.06171,0.05569,0.05719,3438152762.0,2023-07-20 23:59:59.999,200274883.60548
2023-07-21,0.05719,0.0572,0.05454,0.05544,782124280.0,2023-07-21 23:59:59.999,43533877.2203
2023-07-22,0.05543,0.05551,0.05278,0.05359,500628829.0,2023-07-22 23:59:59.999,27200665.87701
2023-07-23,0.05359,0.05456,0.05257,0.05342,403228769.0,2023-07-23 23:59:59.999,21520181.52831
2023-07-24,0.05342,0.05488,0.0505,0.05191,790068045.0,2023-07-24 23:59:59.999,41713954.11456
2023-07-25,0.05191,0.05246,0.05131,0.05226,341877996.0,2023-07-25 23:59:59.999,17773087.18728
2023-07-26,0.05225,0.05284,0.05123,0.05235,405113657.0,2023-07-26 23:59:59.999,21061510.97471
2023-07-27,0.05235,0.05324,0.05145,0.05181,407172620.0,2023-07-27 23:59:59.999,21304859.81699
2023-07-28,0.05182,0.05269,0.05084,0.05258,281203575.0,2023-07-28 23:59:59.999,14576609.82526
2023-07-29,0.05257,0.05387,0.05256,0.05386,286947289.0,2023-07-29 23:59:59.999,15314954.80666
2023-07-30,0.05385,0.05426,0.05141,0.05292,304147888.0,2023-07-30 23:59:59.999,16166877.56951
2023-07-31,0.05292,0.05337,0.05155,0.05221,234087745.0,2023-07-31 23:59:59.999,12299260.00455
2023-08-01,0.05221,0.05226,0.04997,0.05182,339696436.0,2023-08-01 23:59:59.999,17375323.7494
2023-08-02,0.05182,0.0539,0.05071,0.05258,1055130426.0,2023-08-02 23:59:59.999,55037133.56808
2023-08-03,0.05258,0.05445,0.05244,0.05343,1552341599.0,2023-08-03 23:59:59.999,82993000.89068
2023-08-04,0.05344,0.05393,0.05245,0.05322,598857323.0,2023-08-04 23:59:59.999,31842755.12318
2023-08-05,0.05321,0.05339,0.05165,0.05251,292514577.0,2023-08-05 23:59:59.999,15287620.4418
2023-08-06,0.05252,0.05963,0.05237,0.05768,2052018817.0,2023-08-06 23:59:59.999,117290880.77835
2023-08-07,0.05769,0.05772,0.05433,0.05647,1075817348.0,2023-08-07 23:59:59.999,59999578.08901
2023-08-08,0.05646,0.06248,0.05626,0.06191,3831176477.0,2023-08-08 23:59:59.999,229693689.79784
2023-08-09,0.06191,0.06372,0.05953,0.0597,2611469725.0,2023-08-09 23:59:59.999,161495949.35297
2023-08-10,0.05969,0.05977,0.05756,0.05763,886688647.0,2023-08-10 23:59:59.999,51978652.14651
2023-08-11,0.05763,0.05764,0.05604,0.05663,508819028.0,2023-08-11 23:59:59.999,28922968.47849
2023-08-12,0.05663,0.05763,0.05564,0.05633,452103833.0,2023-08-12 23:59:59.999,25604608.47544
2023-08-13,0.05634,0.05722,0.05578,0.05694,340860774.0,2023-08-13 23:59:59.999,19251915.93395
2023-08-14,0.05695,0.0678,0.05689,0.06531,7156844862.0,2023-08-14 23:59:59.999,463125688.16414
2023-08-15,0.06531,0.0758,0.06457,0.0676,13741563652.0,2023-08-15 23:59:59.999,971994822.97107
2023-08-16,0.0676,0.06949,0.0612,0.06252,8899826926.0,2023-08-16 23:59:59.999,576935733.62282
2023-08-17,0.06251,0.06369,0.05152,0.05748,4456009999.0,2023-08-17 23:59:59.999,269293612.50193
2023-08-18,0.05747,0.05955,0.05453,0.0591,2364894230.0,2023-08-18 23:59:59.999,134737242.70656
2023-08-19,0.0591,0.06856,0.05908,0.06529,6232340333.0,2023-08-19 23:59:59.999,403280376.73344
2023-08-20,0.06527,0.06634,0.06104,0.06133,2302021009.0,2023-08-20 23:59:59.999,145318130.14889
2023-08-21,0.06133,0.06475,0.06016,0.06119,3704534887.0,2023-08-21 23:59:59.999,231720630.70328
2023-08-22,0.06118,0.06377,0.05695,0.05889,2569228230.0,2023-08-22 23:59:59.999,155679821.9122
2023-08-23,0.0589,0.06204,0.05777,0.06175,2208113421.0,2023-08-23 23:59:59.999,132173025.05847
2023-08-24,0.06175,0.0632,0.05851,0.05927,1612590302.0,2023-08-24 23:59:59.999,98265739.46804
2023-08-25,0.05927,0.06148,0.05815,0.05889,1597312568.0,2023-08-25 23:59:59.999,94769392.93467
2023-08-26,0.05889,0.05913,0.05627,0.05787,776492570.0,2023-08-26 23:59:59.999,44795423.54515
2023-08-27,0.05788,0.05948,0.05733,0.05819,1080961833.0,2023-08-27 23:59:59.999,62849145.47384
2023-08-28,0.05819,0.0585,0.05522,0.05615,1164990938.0,2023-08-28 23:59:59.999,65460458.19026
2023-08-29,0.05615,0.05731,0.05262,0.05624,2130639794.0,2023-08-29 23:59:59.999,117624009.80621
2023-08-30,0.05623,0.05638,0.05301,0.0536,988228713.0,2023-08-30 23:59:59.999,53766252.11935
2023-08-31,0.05359,0.05378,0.05077,0.05237,1113828206.0,2023-08-31 23:59:59.999,58522335.25979
2023-09-01,0.05237,0.05291,0.0487,0.04992,1250091692.0,2023-09-01 23:59:59.999,62965673.46989
2023-09-02,0.04992,0.05062,0.04776,0.04972,974318077.0,2023-09-02 23:59:59.999,47854729.84396
2023-09-03,0.04971,0.05043,0.04809,0.04854,837725079.0,2023-09-03 23:59:59.999,41278426.60902
2023-09-04,0.04855,0.04924,0.04788,0.04844,947350313.0,2023-09-04 23:59:59.999,45876105.05963
2023-09-05,0.04843,0.04995,0.0479,0.04933,834891419.0,2023-09-05 23:59:59.999,40719798.6571
2023-09-06,0.04932,0.05021,0.0475,0.0492,807839543.0,2023-09-06 23:59:59.999,39600232.47527
2023-09-07,0.0492,0.05,0.04851,0.04997,530072675.0,2023-09-07 23:59:59.999,26088186.40522
2023-09-08,0.04997,0.05096,0.04912,0.04991,671510936.0,2023-09-08 23:59:59.999,33533325.97971
2023-09-09,0.04991,0.05025,0.04894,0.04903,285555131.0,2023-09-09 23:59:59.999,14157864.23716
2023-09-10,0.04903,0.04904,0.04608,0.04781,640126965.0,2023-09-10 23:59:59.999,30629742.00683
2023-09-11,0.0478,0.04804,0.0453,0.04644,843994575.0,2023-09-11 23:59:59.999,39070019.20203
2023-09-12,0.04644,0.048,0.04607,0.04695,603860303.0,2023-09-12 23:59:59.999,28349725.36835
2023-09-13,0.04695,0.04992,0.0468,0.04957,898058220.0,2023-09-13 23:59:59.999,43450131.17883
2023-09-14,0.04957,0.0527,0.04948,0.05168,2681856102.0,2023-09-14 23:59:59.999,138471566.791
2023-09-15,0.05169,0.052,0.04963,0.05197,922622754.0,2023-09-15 23:59:59.999,46750830.16344
2023-09-16,0.05198,0.05235,0.0506,0.05165,486849363.0,2023-09-16 23:59:59.999,25030168.33731
2023-09-17,0.05165,0.05175,0.0489,0.04955,422581474.0,2023-09-17 23:59:59.999,21266213.70907
2023-09-18,0.04953,0.05153,0.04897,0.05009,522596034.0,2023-09-18 23:59:59.999,26417197.00605
2023-09-19,0.0501,0.05122,0.04981,0.05102,417386867.0,2023-09-19 23:59:59.999,21068039.50723
2023-09-20,0.05102,0.05138,0.04971,0.05054,435567986.0,2023-09-20 23:59:59.999,21954647.57486
2023-09-21,0.05054,0.05166,0.04942,0.05037,474195399.0,2023-09-21 23:59:59.999,23946995.52286
2023-09-22,0.05037,0.05055,0.04988,0.05042,302878654.0,2023-09-22 23:59:59.999,15206111.0359
2023-09-23,0.05042,0.05205,0.05017,0.05203,530047258.0,2023-09-23 23:59:59.999,27139666.67289
2023-09-24,0.05203,0.05209,0.04946,0.0498,447356608.0,2023-09-24 23:59:59.999,22654891.29823
2023-09-25,0.0498,0.05075,0.04926,0.05044,355393624.0,2023-09-25 23:59:59.999,17850434.67044
2023-09-26,0.05045,0.0505,0.04868,0.04937,313023986.0,2023-09-26 23:59:59.999,15553073.4344
2023-09-27,0.04937,0.05008,0.04875,0.04945,342228542.0,2023-09-27 23:59:59.999,16897892.87312
2023-09-28,0.04945,0.04996,0.04922,0.04985,381763941.0,2023-09-28 23:59:59.999,18939055.12303
2023-09-29,0.04986,0.05007,0.04916,0.04945,313100943.0,2023-09-29 23:59:59.999,15540751.48998
2023-09-30,0.04946,0.05006,0.04941,0.04972,230571878.0,2023-09-30 23:59:59.999,11466900.64396
2023-10-01,0.04972,0.051,0.04956,0.05069,504637211.0,2023-10-01 23:59:59.999,25345723.65827
2023-10-02,0.05069,0.05187,0.04923,0.0499,674446171.0,2023-10-02 23:59:59.999,34229378.82193
2023-10-03,0.04989,0.05184,0.04924,0.04942,618145293.0,2023-10-03 23:59:59.999,31106703.50444
2023-10-04,0.04942,0.04956,0.04782,0.04878,528429867.0,2023-10-04 23:59:59.999,25651830.6358
2023-10-05,0.04877,0.049,0.04775,0.04803,389957595.0,2023-10-05 23:59:59.999,18836352.7972
2023-10-06,0.04803,0.04856,0.04757,0.04842,350600222.0,2023-10-06 23:59:59.999,16892624.51559
2023-10-07,0.04841,0.04862,0.04793,0.04822,223066883.0,2023-10-07 23:59:59.999,10775526.50033
2023-10-08,0.04822,0.0483,0.04774,0.04806,250272742.0,2023-10-08 23:59:59.999,12019010.72264
2023-10-09,0.04806,0.04818,0.04437,0.04646,655284305.0,2023-10-09 23:59:59.999,30539259.09563
2023-10-10,0.04646,0.04756,0.04628,0.04691,485160267.0,2023-10-10 23:59:59.999,22755474.49494
2023-10-11,0.04691,0.04714,0.04555,0.04663,446920270.0,2023-10-11 23:59:59.999,20653111.16549
2023-10-12,0.04662,0.0467,0.04493,0.04559,392143440.0,2023-10-12 23:59:59.999,17966113.32234
2023-10-13,0.0456,0.04725,0.04544,0.04664,330742835.0,2023-10-13 23:59:59.999,15264988.33718
2023-10-14,0.04664,0.04701,0.04644,0.04679,205515839.0,2023-10-14 23:59:59.999,9605269.06426
2023-10-15,0.0468,0.0474,0.04663,0.04678,262285587.0,2023-10-15 23:59:59.999,12316332.69185
2023-10-16,0.04677,0.04885,0.04655,0.04739,461336240.0,2023-10-16 23:59:59.999,21915946.70036
2023-10-17,0.04739,0.04765,0.0456,0.04667,255298288.0,2023-10-17 23:59:59.999,11910103.59805
2023-10-18,0.04667,0.04901,0.0465,0.04738,882989417.0,2023-10-18 23:59:59.999,42327904.44766
2023-10-19,0.04738,0.04739,0.04558,0.04577,434811006.0,2023-10-19 23:59:59.999,20148676.33858
2023-10-20,0.04576,0.04777,0.04567,0.04738,374058109.0,2023-10-20 23:59:59.999,17542397.19736
2023-10-21,0.04738,0.04943,0.04732,0.04901,297126122.0,2023-10-21 23:59:59.999,14369208.89989
2023-10-22,0.049,0.05005,0.04829,0.04998,331265133.0,2023-10-22 23:59:59.999,16235023.04333
2023-10-23,0.04998,0.05305,0.04884,0.05188,608857090.0,2023-10-23 23:59:59.999,30662470.41732
2023-10-24,0.05189,0.05372,0.04974,0.05137,1121211171.0,2023-10-24 23:59:59.999,58043236.01032
2023-10-25,0.05137,0.05266,0.05062,0.05221,579828106.0,2023-10-25 23:59:59.999,29909758.77715
2023-10-26,0.05221,0.05437,0.05112,0.05304,1093738217.0,2023-10-26 23:59:59.999,57904083.77945
2023-10-27,0.05304,0.05313,0.05,0.05093,442638346.0,2023-10-27 23:59:59.999,22734846.01545
2023-10-28,0.05092,0.05244,0.05088,0.05192,210150392.0,2023-10-28 23:59:59.999,10884697.22724
2023-10-29,0.05191,0.05299,0.05108,0.05249,249280862.0,2023-10-29 23:59:59.999,12973458.77252
2023-10-30,0.0525,0.05381,0.0519,0.05374,351712830.0,2023-10-30 23:59:59.999,18560806.82029
2023-10-31,0.05373,0.05403,0.0498,0.05256,464916792.0,2023-10-31 23:59:59.999,24219246.97601
2023-11-01,0.05255,0.05407,0.05053,0.05368,440181118.0,2023-11-01 23:59:59.999,22909275.9552
2023-11-02,0.05367,0.05682,0.05309,0.05551,822029094.0,2023-11-02 23:59:59.999,45149199.02553
2023-11-03,0.05552,0.05572,0.05267,0.05479,513538271.0,2023-11-03 23:59:59.999,27809570.55497
2023-11-04,0.05478,0.05606,0.05421,0.05568,327710858.0,2023-11-04 23:59:59.999,18036403.73026
2023-11-05,0.05568,0.05664,0.05443,0.05606,404371641.0,2023-11-05 23:59:59.999,22558155.6577
2023-11-06,0.05605,0.05899,0.05506,0.05866,448085620.0,2023-11-06 23:59:59.999,25584892.59013
2023-11-07,0.05867,0.06287,0.05594,0.05747,911423859.0,2023-11-07 23:59:59.999,53585699.79585
2023-11-08,0.05748,0.06115,0.05686,0.06053,462694926.0,2023-11-08 23:59:59.999,27457597.08573
2023-11-09,0.06052,0.0629,0.0504,0.05974,881986895.0,2023-11-09 23:59:59.999,52702524.92039
2023-11-10,0.05973,0.06319,0.05911,0.06295,714301882.0,2023-11-10 23:59:59.999,43532228.54639
2023-11-11,0.06295,0.0645,0.0606,0.062,674056394.0,2023-11-11 23:59:59.999,42328106.01654
2023-11-12,0.062,0.06366,0.05961,0.06227,437753356.0,2023-11-12 23:59:59.999,27091534.16403
2023-11-13,0.06227,0.06347,0.05832,0.05904,511936537.0,2023-11-13 23:59:59.999,31190754.09734
2023-11-14,0.05904,0.06035,0.05593,0.05865,477517137.0,2023-11-14 23:59:59.999,28002742.96388
2023-11-15,0.05866,0.06197,0.05817,0.06179,375975190.0,2023-11-15 23:59:59.999,22638029.40211
2023-11-16,0.06178,0.0638,0.0601,0.06097,632380477.0,2023-11-16 23:59:59.999,39198557.74528
2023-11-17,0.06097,0.06832,0.05958,0.06385,1385407414.0,2023-11-17 23:59:59.999,88636092.51126
2023-11-18,0.06385,0.06555,0.05961,0.06166,688080118.0,2023-11-18 23:59:59.999,42717524.45585
2023-11-19,0.06166,0.06282,0.06,0.06248,352232328.0,2023-11-19 23:59:59.999,21588219.38913
2023-11-20,0.06248,0.068,0.06248,0.06613,1067627096.0,2023-11-20 23:59:59.999,70123304.60992
2023-11-21,0.06612,0.06628,0.05773,0.05836,898278184.0,2023-11-21 23:59:59.999,55728580.09455
2023-11-22,0.05836,0.0637,0.0582,0.06251,442826551.0,2023-11-22 23:59:59.999,26850808.80611
2023-11-23,0.06251,0.06321,0.06048,0.06157,308788981.0,2023-11-23 23:59:59.999,19094176.24967
2023-11-24,0.06157,0.06329,0.06134,0.06241,309773414.0,2023-11-24 23:59:59.999,19273322.96495
2023-11-25,0.06242,0.06385,0.06202,0.06362,229016045.0,2023-11-25 23:59:59.999,14457861.38687
2023-11-26,0.06362,0.06398,0.06098,0.06302,334850582.0,2023-11-26 23:59:59.999,21063237.84276
2023-11-27,0.06302,0.06319,0.06007,0.06161,404883683.0,2023-11-27 23:59:59.999,24788546.31045
2023-11-28,0.06161,0.06184,0.05924,0.06118,271382001.0,2023-11-28 23:59:59.999,16474821.35631
2023-11-29,0.06118,0.06153,0.05971,0.06016,264970660.0,2023-11-29 23:59:59.999,16029945.20815
2023-11-30,0.06016,0.06118,0.05986,0.06032,233389510.0,2023-11-30 23:59:59.999,14093827.99665
2023-12-01,0.06032,0.06144,0.05993,0.06089,205144722.0,2023-12-01 23:59:59.999,12468895.74292
2023-12-02,0.06089,0.06267,0.06075,0.06255,271038501.0,2023-12-02 23:59:59.999,16771768.396
2023-12-03,0.06256,0.06275,0.06125,0.06237,240119991.0,2023-12-03 23:59:59.999,14884381.27784
2023-12-04,0.06238,0.06445,0.0607,0.06395,517041043.0,2023-12-04 23:59:59.999,32461800.81202
2023-12-05,0.06395,0.06623,0.06357,0.06617,498471580.0,2023-12-05 23:59:59.999,32416466.19667
2023-12-06,0.06618,0.07142,0.06554,0.06867,1044026532.0,2023-12-06 23:59:59.999,71545956.27694
2023-12-07,0.06868,0.06958,0.06558,0.06923,483412235.0,2023-12-07 23:59:59.999,32856519.50996
2023-12-08,0.06922,0.07485,0.06842,0.07424,540925414.0,2023-12-08 23:59:59.999,38585494.66661
2023-12-09,0.07425,0.07777,0.07366,0.0745,788677919.0,2023-12-09 23:59:59.999,59662200.31931
2023-12-10,0.07451,0.07652,0.07183,0.07518,491285028.0,2023-12-10 23:59:59.999,36619037.21494
2023-12-11,0.07518,0.07622,0.06559,0.07103,801757671.0,2023-12-11 23:59:59.999,57071130.1021
2023-12-12,0.07104,0.07596,0.0708,0.0756,597524018.0,2023-12-12 23:59:59.999,43864118.13569
2023-12-13,0.0756,0.08024,0.07212,0.07702,1139796780.0,2023-12-13 23:59:59.999,86970233.89614
2023-12-14,0.07702,0.08502,0.0764,0.08356,896732760.0,2023-12-14 23:59:59.999,72159586.6279
2023-12-15,0.08357,0.08853,0.07956,0.08028,925994337.0,2023-12-15 23:59:59.999,78210957.67964
2023-12-16,0.08028,0.08348,0.07942,0.08017,478496292.0,2023-12-16 23:59:59.999,39049996.34913
2023-12-17,0.08016,0.08071,0.07787,0.07868,348707198.0,2023-12-17 23:59:59.999,27681790.68938
2023-12-18,0.07868,0.0798,0.07247,0.07969,566185453.0,2023-12-18 23:59:59.999,43181890.69851
2023-12-19,0.07968,0.0818,0.0782,0.08152,395269255.0,2023-12-19 23:59:59.999,31527750.09227
2023-12-20,0.08152,0.09046,0.08063,0.08704,840519182.0,2023-12-20 23:59:59.999,72484704.21417
2023-12-21,0.08704,0.093,0.08521,0.09139,561203487.0,2023-12-21 23:59:59.999,50448021.2787
2023-12-22,0.09138,0.09429,0.08715,0.09078,566385002.0,2023-12-22 23:59:59.999,51143931.02329
2023-12-23,0.09078,0.09185,0.08681,0.09118,301803756.0,2023-12-23 23:59:59.999,26905292.15879
2023-12-24,0.09119,0.09514,0.08807,0.09031,520177107.0,2023-12-24 23:59:59.999,47974220.66735
2023-12-25,0.0903,0.09345,0.08903,0.09242,347626364.0,2023-12-25 23:59:59.999,31588007.97467
2023-12-26,0.09242,0.09291,0.0821,0.09012,578183844.0,2023-12-26 23:59:59.999,51478862.44768
2023-12-27,0.09012,0.09362,0.08598,0.09245,358309700.0,2023-12-27 23:59:59.999,32258060.43636
2023-12-28,0.09247,0.09449,0.0889,0.08954,454709055.0,2023-12-28 23:59:59.999,41715829.30859
2023-12-29,0.08955,0.0915,0.08688,0.0892,362393767.0,2023-12-29 23:59:59.999,32281357.43514
2023-12-30,0.08921,0.0899,0.0862,0.08705,189678554.0,2023-12-30 23:59:59.999,16636366.58574
2023-12-31,0.08705,0.08942,0.08474,0.08598,226284389.0,2023-12-31 23:59:59.999,19796134.59327
2024-01-01,0.08599,0.09336,0.08406,0.09165,280125373.0,2024-01-01 23:59:59.999,24502645.35586
2024-01-02,0.09165,0.10151,0.09112,0.09707,1151613983.0,2024-01-02 23:59:59.999,111368869.3681
2024-01-03,0.09708,0.09941,0.07543,0.08839,1085273857.0,2024-01-03 23:59:59.999,98088898.30428
2024-01-04,0.08839,0.0896,0.0851,0.08791,373961515.0,2024-01-04 23:59:59.999,32692453.57716
2024-01-05,0.08791,0.08848,0.08072,0.08477,416336014.0,2024-01-05 23:59:59.999,35065576.78486
2024-01-06,0.08478,0.08482,0.07825,0.07946,327707710.0,2024-01-06 23:59:59.999,26282142.78853
2024-01-07,0.07945,0.08104,0.07451,0.07524,447544180.0,2024-01-07 23:59:59.999,35091334.96045
2024-01-08,0.07527,0.08241,0.0692,0.08141,674988592.0,2024-01-08 23:59:59.999,51553541.53325
2024-01-09,0.08142,0.08176,0.07524,0.07752,489966033.0,2024-01-09 23:59:59.999,38236688.62034
2024-01-10,0.07751,0.08536,0.07316,0.08336,597861014.0,2024-01-10 23:59:59.999,46725276.63954
2024-01-11,0.08336,0.08737,0.08141,0.08419,441735152.0,2024-01-11 23:59:59.999,37216716.49928
2024-01-12,0.0842,0.08534,0.077,0.08007,543934735.0,2024-01-12 23:59:59.999,44613252.65436
2024-01-13,0.08008,0.08173,0.07754,0.08121,289357413.0,2024-01-13 23:59:59.999,23091938.93666
2024-01-14,0.08122,0.08131,0.07684,0.07705,222991867.0,2024-01-14 23:59:59.999,17743380.73432
2024-01-15,0.07705,0.08033,0.07701,0.07778,226293007.0,2024-01-15 23:59:59.999,17796643.2032
2024-01-16,0.07779,0.08164,0.07741,0.0806,295101176.0,2024-01-16 23:59:59.999,23477631.10417
2024-01-17,0.08058,0.08118,0.07835,0.07897,247886640.0,2024-01-17 23:59:59.999,19809496.93735
2024-01-18,0.07897,0.07962,0.07372,0.07534,314465666.0,2024-01-18 23:59:59.999,24178808.9857
2024-01-19,0.07535,0.07632,0.07218,0.07561,402541522.0,2024-01-19 23:59:59.999,29990977.08413
2024-01-20,0.0756,0.07694,0.07462,0.07644,132885284.0,2024-01-20 23:59:59.999,10079313.47085
2024-01-21,0.07644,0.0776,0.07543,0.07552,145315931.0,2024-01-21 23:59:59.999,11140002.56833
2024-01-22,0.07552,0.07607,0.07079,0.0714,282218697.0,2024-01-22 23:59:59.999,20669491.64121
2024-01-23,0.07141,0.07254,0.06702,0.07068,317546382.0,2024-01-23 23:59:59.999,22039715.66818
2024-01-24,0.07068,0.0728,0.06991,0.07233,196512369.0,2024-01-24 23:59:59.999,14051864.2999
2024-01-25,0.07233,0.07256,0.06979,0.07138,150017391.0,2024-01-25 23:59:59.999,10696582.06082
2024-01-26,0.07138,0.07479,0.07038,0.07446,196632322.0,2024-01-26 23:59:59.999,14342944.75215
2024-01-27,0.07447,0.07546,0.07369,0.07443,107178381.0,2024-01-27 23:59:59.999,7984775.3004
2024-01-28,0.07444,0.07611,0.07259,0.07338,176378984.0,2024-01-28 23:59:59.999,13134174.00013
2024-01-29,0.07339,0.07462,0.07118,0.07445,222821452.0,2024-01-29 23:59:59.999,16301368.92245
2024-01-30,0.07444,0.0752,0.07248,0.07292,225731245.0,2024-01-30 23:59:59.999,16700918.4583
2024-01-31,0.07292,0.07314,0.06877,0.06949,430223180.0,2024-01-31 23:59:59.999,30440716.32616
2024-02-01,0.06949,0.0703,0.06825,0.07019,242543730.0,2024-02-01 23:59:59.999,16785786.29527
2024-02-02,0.0702,0.07133,0.0681,0.06921,335265495.0,2024-02-02 23:59:59.999,23288670.83367
2024-02-03,0.06921,0.07005,0.06835,0.0693,166185820.0,2024-02-03 23:59:59.999,11540516.63618
2024-02-04,0.0693,0.06963,0.0681,0.06834,147910157.0,2024-02-04 23:59:59.999,10179484.87932
2024-02-05,0.06834,0.07084,0.0673,0.06953,209562214.0,2024-02-05 23:59:59.999,14497903.95505
2024-02-06,0.06952,0.07687,0.0691,0.07507,1678130582.0,2024-02-06 23:59:59.999,124077522.26913
2024-02-07,0.07507,0.07692,0.07072,0.07583,966912530.0,2024-02-07 23:59:59.999,71156248.357
2024-02-08,0.07584,0.07855,0.07541,0.07598,530608161.0,2024-02-08 23:59:59.999,40766577.16818
2024-02-09,0.076,0.07985,0.07542,0.07936,409117400.0,2024-02-09 23:59:59.999,31842011.92358
2024-02-10,0.07936,0.08024,0.07732,0.0789,232804144.0,2024-02-10 23:59:59.999,18325097.14515
2024-02-11,0.07891,0.08001,0.07755,0.07833,178162866.0,2024-02-11 23:59:59.999,14029457.31776
2024-02-12,0.07834,0.0804,0.07622,0.07966,241789002.0,2024-02-12 23:59:59.999,18909831.23862
2024-02-13,0.07967,0.08239,0.07827,0.08152,412895283.0,2024-02-13 23:59:59.999,33231150.20736
2024-02-14,0.08152,0.08464,0.0804,0.08255,381568473.0,2024-02-14 23:59:59.999,31453420.7165
2024-02-15,0.08254,0.08461,0.08145,0.08292,414304359.0,2024-02-15 23:59:59.999,34354786.94858
2024-02-16,0.08292,0.08608,0.08207,0.08564,389207880.0,2024-02-16 23:59:59.999,32877826.12329
2024-02-17,0.08562,0.08593,0.08157,0.08356,261995650.0,2024-02-17 23:59:59.999,21875119.7714
2024-02-18,0.08358,0.09226,0.08338,0.08989,582929131.0,2024-02-18 23:59:59.999,51557702.61055
2024-02-19,0.08989,0.11796,0.0896,0.11196,3052312141.0,2024-02-19 23:59:59.999,318150688.41338
2024-02-20,0.11197,0.11367,0.10095,0.10739,2426962538.0,2024-02-20 23:59:59.999,259302095.99638
2024-02-21,0.1074,0.1122,0.09947,0.10475,1658209893.0,2024-02-21 23:59:59.999,175689441.72609
2024-02-22,0.10473,0.11993,0.1002,0.11629,1619797289.0,2024-02-22 23:59:59.999,180591228.72591
2024-02-23,0.11629,0.11712,0.10716,0.10946,1194849867.0,2024-02-23 23:59:59.999,133822512.30229
2024-02-24,0.10946,0.11152,0.10641,0.11016,528982729.0,2024-02-24 23:59:59.999,57578897.73279
2024-02-25,0.11016,0.11206,0.10655,0.10938,401877963.0,2024-02-25 23:59:59.999,43630305.83908
2024-02-26,0.10938,0.114,0.10336,0.11171,672030503.0,2024-02-26 23:59:59.999,72941046.5217
2024-02-27,0.11171,0.11326,0.10706,0.10826,471818896.0,2024-02-27 23:59:59.999,51988860.91848
2024-02-28,0.10826,0.11884,0.103,0.11341,1169361846.0,2024-02-28 23:59:59.999,131588709.55035
2024-02-29,0.11341,0.12435,0.11001,0.11451,934406784.0,2024-02-29 23:59:59.999,109568582.6404
2024-03-01,0.11453,0.1179,0.11352,0.11681,403244483.0,2024-03-01 23:59:59.999,46587338.33463
2024-03-02,0.11681,0.12082,0.11207,0.11557,655955680.0,2024-03-02 23:59:59.999,76085223.08789
2024-03-03,0.11557,0.11562,0.10607,0.11308,589373695.0,2024-03-03 23:59:59.999,66009254.71357
2024-03-04,0.11307,0.11988,0.11161,0.11741,767307517.0,2024-03-04 23:59:59.999,88908570.04344
2024-03-05,0.11742,0.12829,0.09264,0.11135,1713936954.0,2024-03-05 23:59:59.999,200679123.22247
2024-03-06,0.11135,0.12675,0.1082,0.12603,802597944.0,2024-03-06 23:59:59.999,95749499.63467
2024-03-07,0.12603,0.13971,0.12476,0.13394,817897124.0,2024-03-07 23:59:59.999,108771038.76928
2024-03-08,0.13392,0.13502,0.12393,0.13058,640037346.0,2024-03-08 23:59:59.999,82862202.54646
2024-03-09,0.13059,0.13193,0.12856,0.1308,261449298.0,2024-03-09 23:59:59.999,34108960.98177
2024-03-10,0.13079,0.13294,0.12307,0.126,350053075.0,2024-03-10 23:59:59.999,44749182.4359
2024-03-11,0.126,0.13306,0.1203,0.13286,478731541.0,2024-03-11 23:59:59.999,61241596.31552
2024-03-12,0.13286,0.1337,0.12238,0.13331,515138772.0,2024-03-12 23:59:59.999,66759533.9733
2024-03-13,0.13332,0.14091,0.12905,0.13269,542376132.0,2024-03-13 23:59:59.999,73068660.61015
2024-03-14,0.13269,0.13274,0.12,0.12722,436590025.0,2024-03-14 23:59:59.999,55413233.95166
2024-03-15,0.12723,0.12772,0.11046,0.12061,605141176.0,2024-03-15 23:59:59.999,71219467.38399
2024-03-16,0.12062,0.1248,0.1084,0.11091,477943575.0,2024-03-16 23:59:59.999,55957432.19682
2024-03-17,0.11094,0.11993,0.10672,0.11655,351166173.0,2024-03-17 23:59:59.999,39999768.37426
2024-03-18,0.11655,0.11659,0.10851,0.11189,369246551.0,2024-03-18 23:59:59.999,41443093.23545
2024-03-19,0.11188,0.11341,0.09878,0.1014,648292982.0,2024-03-19 23:59:59.999,67764274.06123
2024-03-20,0.10141,0.11252,0.09823,0.11145,561291156.0,2024-03-20 23:59:59.999,59215818.64882
2024-03-21,0.11144,0.11315,0.10778,0.1101,366729833.0,2024-03-21 23:59:59.999,40675254.21401
2024-03-22,0.1101,0.11216,0.10352,0.10669,312858976.0,2024-03-22 23:59:59.999,33576166.14594
2024-03-23,0.1067,0.11003,0.10496,0.10658,193180140.0,2024-03-23 23:59:59.999,20835275.41814
2024-03-24,0.10657,0.1105,0.10555,0.11008,179091844.0,2024-03-24 23:59:59.999,19304590.97705
2024-03-25,0.11011,0.11896,0.10959,0.11719,302961354.0,2024-03-25 23:59:59.999,34573755.11421
2024-03-26,0.1172,0.13091,0.11677,0.12042,624071502.0,2024-03-26 23:59:59.999,76396579.92211
2024-03-27,0.12043,0.12151,0.11206,0.11384,566621757.0,2024-03-27 23:59:59.999,65553399.12125
2024-03-28,0.11384,0.1177,0.11137,0.11634,264202401.0,2024-03-28 23:59:59.999,30354584.28087
2024-03-29,0.11636,0.11818,0.11259,0.11622,278099640.0,2024-03-29 23:59:59.999,32091689.59527
2024-03-30,0.11622,0.11672,0.11291,0.11365,191346038.0,2024-03-30 23:59:59.999,22048319.41386
2024-03-31,0.11365,0.12002,0.11317,0.11591,263207651.0,2024-03-31 23:59:59.999,30707339.40194
2024-04-01,0.11592,0.1168,0.107,0.11011,444257403.0,2024-04-01 23:59:59.999,49192486.33667
2024-04-02,0.1101,0.11011,0.1025,0.10373,394001377.0,2024-04-02 23:59:59.999,41447146.07933
2024-04-03,0.10375,0.10714,0.10044,0.10268,321746715.0,2024-04-03 23:59:59.999,33521376.69691
2024-04-04,0.10267,0.10746,0.10128,0.10527,304778460.0,2024-04-04 23:59:59.999,31997323.94517
2024-04-05,0.10529,0.10547,0.1,0.10467,240726012.0,2024-04-05 23:59:59.999,24783705.61061
2024-04-06,0.10466,0.10699,0.10425,0.10602,125803587.0,2024-04-06 23:59:59.999,13266483.6365
2024-04-07,0.10603,0.10773,0.10447,0.10596,138516314.0,2024-04-07 23:59:59.999,14719417.99436
2024-04-08,0.10596,0.111,0.10254,0.10955,386001745.0,2024-04-08 23:59:59.999,41555629.17893
2024-04-09,0.10955,0.10981,0.10291,0.10349,370758628.0,2024-04-09 23:59:59.999,39463036.65864
2024-04-10,0.10349,0.10452,0.09777,0.10239,410889883.0,2024-04-10 23:59:59.999,41699530.42254
2024-04-11,0.10238,0.10306,0.09819,0.09991,273220909.0,2024-04-11 23:59:59.999,27456628.26917
2024-04-12,0.09992,0.10122,0.075,0.08755,789698506.0,2024-04-12 23:59:59.999,70297348.12269
2024-04-13,0.08754,0.08755,0.06502,0.07851,1111681997.0,2024-04-13 23:59:59.999,87337044.86821
2024-04-14,0.07848,0.0836,0.0741,0.08345,775468888.0,2024-04-14 23:59:59.999,61109111.18838
2024-04-15,0.08345,0.08794,0.07724,0.07948,565645863.0,2024-04-15 23:59:59.999,46792214.07723
2024-04-16,0.07949,0.08114,0.07619,0.07987,437480947.0,2024-04-16 23:59:59.999,34446370.75929
2024-04-17,0.07986,0.08079,0.07556,0.07809,339245581.0,2024-04-17 23:59:59.999,26628133.01177
2024-04-18,0.0781,0.08279,0.07645,0.08217,314476130.0,2024-04-18 23:59:59.999,25172013.13542
2024-04-19,0.08218,0.08413,0.07618,0.08031,439698731.0,2024-04-19 23:59:59.999,35691337.07052
2024-04-20,0.0803,0.08698,0.07938,0.08681,276341606.0,2024-04-20 23:59:59.999,22873272.4478
2024-04-21,0.08682,0.09132,0.0857,0.08875,378645122.0,2024-04-21 23:59:59.999,33784616.39271
2024-04-22,0.08875,0.09329,0.08847,0.09032,308874063.0,2024-04-22 23:59:59.999,27926159.42658
2024-04-23,0.09034,0.15938,0.08733,0.15554,8135734035.0,2024-04-23 23:59:59.999,1034114072.07382
2024-04-24,0.15549,0.18077,0.11753,0.12464,24345884810.0,2024-04-24 23:59:59.999,3441677012.38945
2024-04-25,0.12466,0.1272,0.10936,0.1195,8056028312.0,2024-04-25 23:59:59.999,942979749.08195
2024-04-26,0.1195,0.12384,0.10946,0.111,3805081308.0,2024-04-26 23:59:59.999,439304417.62699
2024-04-27,0.11099,0.11212,0.10425,0.10647,2183691850.0,2024-04-27 23:59:59.999,234607101.73066
2024-04-28,0.10648,0.10895,0.10282,0.10344,1310448333.0,2024-04-28 23:59:59.999,138987516.58588
2024-04-29,0.10343,0.1057,0.10037,0.10314,1672554290.0,2024-04-29 23:59:59.999,172033657.78267
2024-04-30,0.10314,0.10394,0.09062,0.09368,1959582736.0,2024-04-30 23:59:59.999,188075527.35543
2024-05-01,0.09368,0.10922,0.08981,0.09948,3519051961.0,2024-05-01 23:59:59.999,345666449.73803
2024-05-02,0.09949,0.102,0.09514,0.10029,1876907682.0,2024-05-02 23:59:59.999,184206450.75859
2024-05-03,0.10029,0.11575,0.09885,0.11123,2722355590.0,2024-05-03 23:59:59.999,293733225.41891
2024-05-04,0.11123,0.11274,0.10772,0.10896,1076794114.0,2024-05-04 23:59:59.999,118233512.88407
2024-05-05,0.10897,0.11125,0.10572,0.11026,964305354.0,2024-05-05 23:59:59.999,105399809.21473
2024-05-06,0.11025,0.12339,0.11005,0.11372,2133380101.0,2024-05-06 23:59:59.999,249351813.64211
2024-05-07,0.11373,0.11635,0.10771,0.10784,879827114.0,2024-05-07 23:59:59.999,98711549.04562
2024-05-08,0.10785,0.11028,0.10505,0.10585,737699285.0,2024-05-08 23:59:59.999,79216308.34154
2024-05-09,0.10585,0.11164,0.10581,0.1105,635124698.0,2024-05-09 23:59:59.999,69319177.39436
2024-05-10,0.1105,0.1125,0.10486,0.10566,682790734.0,2024-05-10 23:59:59.999,73753943.34522
2024-05-11,0.10567,0.10876,0.10512,0.10667,423025781.0,2024-05-11 23:59:59.999,45222639.42104
2024-05-12,0.10668,0.11194,0.10635,0.1086,498305379.0,2024-05-12 23:59:59.999,54561458.65431
2024-05-13,0.10861,0.11085,0.10238,0.10748,689971697.0,2024-05-13 23:59:59.999,73853348.29288
2024-05-14,0.10747,0.11031,0.10483,0.10531,553932801.0,2024-05-14 23:59:59.999,59579909.2263
2024-05-15,0.10531,0.11284,0.10446,0.11084,502743320.0,2024-05-15 23:59:59.999,54455892.58581
2024-05-16,0.11084,0.11259,0.10764,0.11224,461331243.0,2024-05-16 23:59:59.999,50859562.88796
2024-05-17,0.11224,0.12018,0.1116,0.11482,929496125.0,2024-05-17 23:59:59.999,107974364.27649
2024-05-18,0.11482,0.11679,0.11268,0.11451,502897396.0,2024-05-18 23:59:59.999,57695004.31561
2024-05-19,0.11451,0.11538,0.10967,0.11098,377436550.0,2024-05-19 23:59:59.999,42398124.0312
2024-05-20,0.11098,0.11863,0.10896,0.11752,597125678.0,2024-05-20 23:59:59.999,67663219.64632
2024-05-21,0.11753,0.11894,0.11358,0.11509,434935317.0,2024-05-21 23:59:59.999,50412972.67615
2024-05-22,0.11508,0.1166,0.11169,0.11334,335737995.0,2024-05-22 23:59:59.999,38378296.6449
2024-05-23,0.11335,0.11554,0.10468,0.10897,536906148.0,2024-05-23 23:59:59.999,59207141.23707
2024-05-24,0.10897,0.1103,0.10469,0.10807,309648733.0,2024-05-24 23:59:59.999,33458550.39428
2024-05-25,0.10807,0.1094,0.1077,0.10854,179025599.0,2024-05-25 23:59:59.999,19422009.19013
2024-05-26,0.10853,0.10902,0.10571,0.10682,186078433.0,2024-05-26 23:59:59.999,19955492.50565
2024-05-27,0.10681,0.10973,0.10601,0.10687,268782631.0,2024-05-27 23:59:59.999,28893074.93977
2024-05-28,0.10687,0.10699,0.10271,0.10447,355729034.0,2024-05-28 23:59:59.999,37268254.07937
2024-05-29,0.10448,0.10752,0.10299,0.10332,364366691.0,2024-05-29 23:59:59.999,38370006.9296
2024-05-30,0.10333,0.1052,0.1,0.10067,327846956.0,2024-05-30 23:59:59.999,33484045.28322
2024-05-31,0.1007,0.10192,0.09816,0.10017,295640896.0,2024-05-31 23:59:59.999,29607904.81658
2024-06-01,0.10018,0.10063,0.09974,0.10004,135202077.0,2024-06-01 23:59:59.999,13537745.35824
2024-06-02,0.10003,0.10077,0.09757,0.0992,262639009.0,2024-06-02 23:59:59.999,26102576.90207
2024-06-03,0.09922,0.10394,0.0984,0.10138,301753927.0,2024-06-03 23:59:59.999,30688368.98886
2024-06-04,0.10137,0.10274,0.09984,0.10254,286131727.0,2024-06-04 23:59:59.999,28987612.55478
2024-06-05,0.10254,0.1056,0.10201,0.10455,308513971.0,2024-06-05 23:59:59.999,31947342.82901
2024-06-06,0.10455,0.10519,0.1001,0.10156,190570250.0,2024-06-06 23:59:59.999,19642064.35448
2024-06-07,0.10156,0.1021,0.08315,0.09396,612989023.0,2024-06-07 23:59:59.999,57549827.5746
2024-06-08,0.09398,0.09425,0.08888,0.09022,269191928.0,2024-06-08 23:59:59.999,24513681.02761
2024-06-09,0.09021,0.09161,0.08905,0.09143,168615093.0,2024-06-09 23:59:59.999,15249439.35134
2024-06-10,0.09144,0.09167,0.08846,0.08913,236350701.0,2024-06-10 23:59:59.999,21216698.33514
2024-06-11,0.08914,0.09,0.08364,0.08728,384256995.0,2024-06-11 23:59:59.999,33487182.70975
2024-06-12,0.08729,0.09412,0.08575,0.09175,283137302.0,2024-06-12 23:59:59.999,25638585.12145
2024-06-13,0.09175,0.09244,0.08721,0.08829,226669290.0,2024-06-13 23:59:59.999,20298426.92509
2024-06-14,0.08829,0.09054,0.08457,0.08634,246731914.0,2024-06-14 23:59:59.999,21565354.69143
2024-06-15,0.08634,0.08663,0.08458,0.08486,133885080.0,2024-06-15 23:59:59.999,11470768.57153
2024-06-16,0.08487,0.08693,0.08389,0.08633,148752584.0,2024-06-16 23:59:59.999,12670563.9786
2024-06-17,0.08634,0.08674,0.07823,0.08022,368052995.0,2024-06-17 23:59:59.999,30227833.20582
2024-06-18,0.08022,0.08052,0.07182,0.07763,589996435.0,2024-06-18 23:59:59.999,44801083.7712
2024-06-19,0.07762,0.08206,0.07715,0.08051,265455345.0,2024-06-19 23:59:59.999,21298973.66107
2024-06-20,0.08052,0.08496,0.08008,0.08039,225014661.0,2024-06-20 23:59:59.999,18507332.60816
2024-06-21,0.08038,0.08189,0.07816,0.07875,230179752.0,2024-06-21 23:59:59.999,18399211.98561
2024-06-22,0.07874,0.07877,0.07741,0.07784,109419592.0,2024-06-22 23:59:59.999,8546946.46181
2024-06-23,0.07784,0.07948,0.0758,0.07632,152545139.0,2024-06-23 23:59:59.999,11881101.65473
2024-06-24,0.07632,0.07786,0.07189,0.0775,350409738.0,2024-06-24 23:59:59.999,26362352.40712
2024-06-25,0.0775,0.08078,0.07705,0.07878,211644824.0,2024-06-25 23:59:59.999,16733711.18104
2024-06-26,0.07879,0.07995,0.07484,0.07624,180032855.0,2024-06-26 23:59:59.999,13875928.04358
2024-06-27,0.07624,0.0802,0.07506,0.07871,201161805.0,2024-06-27 23:59:59.999,15623997.44471
2024-06-28,0.0787,0.07994,0.07659,0.07694,175288057.0,2024-06-28 23:59:59.999,13723495.79268
2024-06-29,0.07693,0.0783,0.07602,0.07625,106697219.0,2024-06-29 23:59:59.999,8225124.88249
2024-06-30,0.07626,0.07759,0.07503,0.07664,149067990.0,2024-06-30 23:59:59.999,11350142.26481
2024-07-01,0.07665,0.07859,0.0748,0.07663,232745370.0,2024-07-01 23:59:59.999,17861195.2646
2024-07-02,0.07663,0.07921,0.07603,0.07814,238457851.0,2024-07-02 23:59:59.999,18574992.99315
2024-07-03,0.07815,0.0784,0.07141,0.07217,409367264.0,2024-07-03 23:59:59.999,30309102.76257
2024-07-04,0.07216,0.07253,0.06581,0.06631,528009466.0,2024-07-04 23:59:59.999,36614396.84542
2024-07-05,0.06631,0.06891,0.0585,0.06709,955675872.0,2024-07-05 23:59:59.999,60382856.95088
2024-07-06,0.06709,0.07098,0.06613,0.06992,286852153.0,2024-07-06 23:59:59.999,19637201.0973
2024-07-07,0.06993,0.07003,0.06412,0.06457,270010357.0,2024-07-07 23:59:59.999,18140314.92138
2024-07-08,0.06458,0.06841,0.0623,0.06627,476823702.0,2024-07-08 23:59:59.999,31270643.64759
2024-07-09,0.06628,0.06907,0.06594,0.06778,250375096.0,2024-07-09 23:59:59.999,16883176.41286
2024-07-10,0.06779,0.06928,0.06542,0.06637,205796800.0,2024-07-10 23:59:59.999,13822840.21716
2024-07-11,0.06637,0.06866,0.06526,0.06557,230556644.0,2024-07-11 23:59:59.999,15395071.48279
2024-07-12,0.06559,0.06766,0.06465,0.06731,190210045.0,2024-07-12 23:59:59.999,12581608.66945
2024-07-13,0.06731,0.07209,0.06681,0.07131,254142005.0,2024-07-13 23:59:59.999,17613768.78444
2024-07-14,0.0713,0.07318,0.06933,0.07204,289719717.0,2024-07-14 23:59:59.999,20634918.37108
2024-07-15,0.07204,0.07924,0.07179,0.07812,587545105.0,2024-07-15 23:59:59.999,44546403.63115
2024-07-16,0.07813,0.07923,0.07483,0.07652,1020694727.0,2024-07-16 23:59:59.999,78695687.57121
2024-07-17,0.07652,0.07898,0.07514,0.07524,285798701.0,2024-07-17 23:59:59.999,22029696.47228
2024-07-18,0.07524,0.07623,0.07087,0.0727,305073489.0,2024-07-18 23:59:59.999,22503860.19637
2024-07-19,0.07271,0.07559,0.07125,0.0746,277596965.0,2024-07-19 23:59:59.999,20330346.59516
2024-07-20,0.0746,0.07602,0.07314,0.07456,202016631.0,2024-07-20 23:59:59.999,15052003.5774
2024-07-21,0.07456,0.07581,0.07005,0.07473,243738030.0,2024-07-21 23:59:59.999,17868506.4606
2024-07-22,0.07474,0.07535,0.07047,0.07071,230413589.0,2024-07-22 23:59:59.999,16670854.94365
2024-07-23,0.07072,0.07154,0.06685,0.06819,356597714.0,2024-07-23 23:59:59.999,24737146.36667
2024-07-24,0.06818,0.07024,0.06577,0.06644,206824573.0,2024-07-24 23:59:59.999,14088992.95425
2024-07-25,0.06645,0.06694,0.06372,0.06594,413453423.0,2024-07-25 23:59:59.999,26876350.25894
2024-07-26,0.06594,0.06856,0.06584,0.06835,198898828.0,2024-07-26 23:59:59.999,13405241.35293
2024-07-27,0.06835,0.07021,0.06733,0.06868,178817649.0,2024-07-27 23:59:59.999,12312741.31744
2024-07-28,0.06867,0.06915,0.06668,0.0675,125865424.0,2024-07-28 23:59:59.999,8569396.80797
2024-07-29,0.06749,0.06936,0.06651,0.06702,188603298.0,2024-07-29 23:59:59.999,12834396.75597
2024-07-30,0.06704,0.06819,0.06462,0.0659,179770343.0,2024-07-30 23:59:59.999,11946375.67493
2024-07-31,0.0659,0.06696,0.0622,0.06287,290108731.0,2024-07-31 23:59:59.999,18698494.42323
2024-08-01,0.06287,0.06384,0.05885,0.0633,474409886.0,2024-08-01 23:59:59.999,29214188.33739
2024-08-02,0.0633,0.064,0.05871,0.05949,368527517.0,2024-08-02 23:59:59.999,22388704.42736
2024-08-03,0.0595,0.05979,0.05604,0.05819,328416255.0,2024-08-03 23:59:59.999,19044137.06165
2024-08-04,0.05818,0.05878,0.0532,0.05524,347682294.0,2024-08-04 23:59:59.999,19566128.143
2024-08-05,0.05523,0.05587,0.04512,0.05209,1442220582.0,2024-08-05 23:59:59.999,72157093.30871
2024-08-06,0.0521,0.05639,0.05198,0.05501,471764140.0,2024-08-06 23:59:59.999,25918577.06984
2024-08-07,0.055,0.05705,0.05081,0.0514,457998448.0,2024-08-07 23:59:59.999,24761880.3863
2024-08-08,0.0514,0.0592,0.05066,0.05902,489579055.0,2024-08-08 23:59:59.999,26687960.43627
2024-08-09,0.05901,0.05908,0.05517,0.05625,361882583.0,2024-08-09 23:59:59.999,20637160.56615
2024-08-10,0.05624,0.05701,0.05489,0.05587,208395872.0,2024-08-10 23:59:59.999,11614419.29067
2024-08-11,0.05588,0.0573,0.05247,0.05262,240679201.0,2024-08-11 23:59:59.999,13190107.94491
2024-08-12,0.05261,0.05546,0.05249,0.05383,309078825.0,2024-08-12 23:59:59.999,16634876.62391
2024-08-13,0.05383,0.05458,0.05165,0.05424,282483558.0,2024-08-13 23:59:59.999,15007062.34757
2024-08-14,0.05424,0.05518,0.05276,0.05356,255119677.0,2024-08-14 23:59:59.999,13760915.22099
2024-08-15,0.05356,0.05436,0.05112,0.05187,285283683.0,2024-08-15 23:59:59.999,15061549.5537
2024-08-16,0.05187,0.05266,0.05056,0.05187,237784738.0,2024-08-16 23:59:59.999,12322282.05637
2024-08-17,0.05188,0.05271,0.05111,0.05259,120047536.0,2024-08-17 23:59:59.999,6227535.01425
2024-08-18,0.05259,0.05515,0.05208,0.05309,219780209.0,2024-08-18 23:59:59.999,11789974.77752
2024-08-19,0.0531,0.05432,0.05226,0.05423,289262251.0,2024-08-19 23:59:59.999,15354840.31065
2024-08-20,0.05423,0.05548,0.05294,0.05364,262391971.0,2024-08-20 23:59:59.999,14197941.82679
2024-08-21,0.05363,0.05557,0.05216,0.05471,343052371.0,2024-08-21 23:59:59.999,18441677.40702
2024-08-22,0.05471,0.05569,0.05404,0.05522,292749740.0,2024-08-22 23:59:59.999,16068357.13873
2024-08-23,0.05522,0.05992,0.05509,0.05946,459372348.0,2024-08-23 23:59:59.999,26435202.6779
2024-08-24,0.05947,0.06202,0.05851,0.06039,279674938.0,2024-08-24 23:59:59.999,16814846.21801
2024-08-25,0.06038,0.06056,0.05744,0.05893,263889384.0,2024-08-25 23:59:59.999,15554885.7943
2024-08-26,0.05895,0.05939,0.05553,0.0559,285069434.0,2024-08-26 23:59:59.999,16335305.48831
2024-08-27,0.0559,0.05682,0.05094,0.05245,300739977.0,2024-08-27 23:59:59.999,16296617.48093
2024-08-28,0.05246,0.05393,0.05026,0.05125,344092614.0,2024-08-28 23:59:59.999,17882138.96901
2024-08-29,0.05125,0.05305,0.05034,0.05113,233352850.0,2024-08-29 23:59:59.999,12028664.54769
2024-08-30,0.05113,0.05183,0.04949,0.0513,256172849.0,2024-08-30 23:59:59.999,13019957.77677
2024-08-31,0.05131,0.05166,0.04948,0.04994,141972834.0,2024-08-31 23:59:59.999,7160659.01318
2024-09-01,0.04993,0.05003,0.04746,0.0479,244825021.0,2024-09-01 23:59:59.999,11948169.91223
2024-09-02,0.04789,0.05101,0.04783,0.05077,239964102.0,2024-09-02 23:59:59.999,11880407.65007
2024-09-03,0.05077,0.05168,0.04871,0.04886,236057166.0,2024-09-03 23:59:59.999,11839908.6958
2024-09-04,0.04885,0.0507,0.04693,0.04929,298320877.0,2024-09-04 23:59:59.999,14534000.61902
2024-09-05,0.0493,0.0497,0.04759,0.04813,217983656.0,2024-09-05 23:59:59.999,10554699.49113
2024-09-06,0.04812,0.04886,0.04563,0.04716,384188451.0,2024-09-06 23:59:59.999,18163129.30265
2024-09-07,0.04716,0.04901,0.0469,0.04853,164762298.0,2024-09-07 23:59:59.999,7899907.92794
2024-09-08,0.04851,0.04997,0.04804,0.04947,182914799.0,2024-09-08 23:59:59.999,8994634.30812
2024-09-09,0.04948,0.05159,0.04935,0.05104,261939243.0,2024-09-09 23:59:59.999,13247288.312
2024-09-10,0.05105,0.05122,0.05001,0.05087,212341905.0,2024-09-10 23:59:59.999,10746898.09797
2024-09-11,0.05088,0.05088,0.04862,0.04997,294492597.0,2024-09-11 23:59:59.999,14643784.49335
2024-09-12,0.04998,0.05096,0.04974,0.05053,270165282.0,2024-09-12 23:59:59.999,13603002.10334
2024-09-13,0.05052,0.05288,0.05028,0.05233,291889047.0,2024-09-13 23:59:59.999,15066127.16455
2024-09-14,0.05233,0.05285,0.05115,0.05162,143492722.0,2024-09-14 23:59:59.999,7446223.1497
2024-09-15,0.05161,0.05194,0.04954,0.05003,173404334.0,2024-09-15 23:59:59.999,8854671.9639
2024-09-16,0.05003,0.0506,0.04897,0.04943,251423456.0,2024-09-16 23:59:59.999,12485124.58865
2024-09-17,0.04943,0.05078,0.04883,0.04983,289170675.0,2024-09-17 23:59:59.999,14383386.89122
2024-09-18,0.04984,0.05076,0.04834,0.05072,279115118.0,2024-09-18 23:59:59.999,13765520.02523
2024-09-19,0.05073,0.05338,0.05073,0.05168,608297142.0,2024-09-19 23:59:59.999,31649521.24102
2024-09-20,0.05167,0.0537,0.05087,0.05284,479998591.0,2024-09-20 23:59:59.999,25124012.1984
2024-09-21,0.05284,0.0561,0.05242,0.05604,448281349.0,2024-09-21 23:59:59.999,24354377.40564
2024-09-22,0.05603,0.05605,0.05231,0.05375,283564804.0,2024-09-22 23:59:59.999,15269523.30549
2024-09-23,0.05376,0.05803,0.05258,0.05785,458705874.0,2024-09-23 23:59:59.999,25651324.28774
2024-09-24,0.05786,0.05811,0.05562,0.05769,285807916.0,2024-09-24 23:59:59.999,16294860.20994
2024-09-25,0.05771,0.06042,0.05724,0.05849,404654507.0,2024-09-25 23:59:59.999,23847846.06026
2024-09-26,0.05848,0.06214,0.05682,0.06171,361736437.0,2024-09-26 23:59:59.999,21560161.81457
2024-09-27,0.06171,0.06289,0.06052,0.06181,305064794.0,2024-09-27 23:59:59.999,18786778.97473
2024-09-28,0.06183,0.0638,0.06007,0.06114,255578448.0,2024-09-28 23:59:59.999,15762594.32286
2024-09-29,0.06115,0.06254,0.05967,0.0614,194964555.0,2024-09-29 23:59:59.999,11905932.75706
2024-09-30,0.06141,0.06172,0.05697,0.05742,333465800.0,2024-09-30 23:59:59.999,19816474.58037
2024-10-01,0.05741,0.05942,0.05184,0.0528,538539532.0,2024-10-01 23:59:59.999,29795338.99
2024-10-02,0.05277,0.05475,0.05067,0.05161,483308701.0,2024-10-02 23:59:59.999,25445891.3877
2024-10-03,0.05164,0.05247,0.04991,0.05171,479919916.0,2024-10-03 23:59:59.999,24517971.25249
2024-10-04,0.0517,0.05509,0.0514,0.05476,391804488.0,2024-10-04 23:59:59.999,20821726.99223
2024-10-05,0.05477,0.05512,0.05232,0.05308,188619305.0,2024-10-05 23:59:59.999,10113080.50067
2024-10-06,0.05308,0.05428,0.05227,0.05426,151791480.0,2024-10-06 23:59:59.999,8086556.55873
2024-10-07,0.05426,0.05558,0.05239,0.05242,303792930.0,2024-10-07 23:59:59.999,16448067.06839
2024-10-08,0.05242,0.05322,0.0513,0.05233,277199193.0,2024-10-08 23:59:59.999,14506656.36806
2024-10-09,0.05232,0.05298,0.04992,0.0502,265123000.0,2024-10-09 23:59:59.999,13613752.30136
2024-10-10,0.05021,0.05076,0.04901,0.05034,261880418.0,2024-10-10 23:59:59.999,13072389.41339
2024-10-11,0.05034,0.05184,0.05001,0.05137,223360049.0,2024-10-11 23:59:59.999,11403170.28722
2024-10-12,0.05137,0.05202,0.05096,0.05154,190664485.0,2024-10-12 23:59:59.999,9828160.06375
2024-10-13,0.05154,0.05155,0.04962,0.05123,205556631.0,2024-10-13 23:59:59.999,10422011.07587
2024-10-14,0.05124,0.05371,0.05041,0.05346,397109366.0,2024-10-14 23:59:59.999,20747413.83315
2024-10-15,0.05345,0.0588,0.05306,0.05607,1245364171.0,2024-10-15 23:59:59.999,69381694.19788
2024-10-16,0.05607,0.05799,0.05338,0.05344,608759592.0,2024-10-16 23:59:59.999,33661876.65509
2024-10-17,0.05345,0.054,0.05022,0.05109,614241325.0,2024-10-17 23:59:59.999,31681674.83817
2024-10-18,0.05109,0.05275,0.05058,0.05176,373373064.0,2024-10-18 23:59:59.999,19217346.40716
2024-10-19,0.05176,0.05402,0.05176,0.05339,328714370.0,2024-10-19 23:59:59.999,17357259.75503
2024-10-20,0.05339,0.05644,0.0519,0.05597,399153412.0,2024-10-20 23:59:59.999,21538032.98452
2024-10-21,0.05598,0.05656,0.05284,0.05288,494083169.0,2024-10-21 23:59:59.999,27058267.44767
2024-10-22,0.05287,0.05369,0.05131,0.05257,404811351.0,2024-10-22 23:59:59.999,21177381.44475
2024-10-23,0.05258,0.05266,0.04987,0.05135,351493032.0,2024-10-23 23:59:59.999,18012826.7106
2024-10-24,0.05134,0.05207,0.05025,0.05116,244567487.0,2024-10-24 23:59:59.999,12566676.46109
2024-10-25,0.05117,0.05221,0.04518,0.04772,597132505.0,2024-10-25 23:59:59.999,29595925.57723
2024-10-26,0.04773,0.04849,0.04691,0.04819,321857716.0,2024-10-26 23:59:59.999,15368122.09944
2024-10-27,0.04819,0.04961,0.04797,0.04887,173594268.0,2024-10-27 23:59:59.999,8460000.16122
2024-10-28,0.04887,0.04955,0.04709,0.04883,304030266.0,2024-10-28 23:59:59.999,14699016.42783
2024-10-29,0.04883,0.05062,0.04856,0.04973,403364140.0,2024-10-29 23:59:59.999,19969012.15912
2024-10-30,0.04973,0.04974,0.04809,0.0486,310842736.0,2024-10-30 23:59:59.999,15202142.77446
2024-10-31,0.04859,0.04874,0.04555,0.04627,477533624.0,2024-10-31 23:59:59.999,22444736.36144
2024-11-01,0.04628,0.04702,0.045,0.04559,407993175.0,2024-11-01 23:59:59.999,18761058.70153
2024-11-02,0.04559,0.04605,0.04453,0.0449,238817258.0,2024-11-02 23:59:59.999,10788920.31957
2024-11-03,0.0449,0.04505,0.04154,0.04281,515445548.0,2024-11-03 23:59:59.999,22147008.01401
2024-11-04,0.0428,0.04354,0.0417,0.04251,673304038.0,2024-11-04 23:59:59.999,28832503.00955
2024-11-05,0.04252,0.04629,0.04244,0.04608,768765928.0,2024-11-05 23:59:59.999,34103054.82535
2024-11-06,0.04609,0.0501,0.04605,0.049,664701706.0,2024-11-06 23:59:59.999,32393739.62483
2024-11-07,0.04899,0.04985,0.0478,0.04929,422625493.0,2024-11-07 23:59:59.999,20628703.61874
2024-11-08,0.04929,0.05297,0.04823,0.05216,728377915.0,2024-11-08 23:59:59.999,37030324.05046
2024-11-09,0.05217,0.05311,0.05012,0.05281,381292550.0,2024-11-09 23:59:59.999,19558792.81458
2024-11-10,0.05281,0.0577,0.05221,0.05496,706093386.0,2024-11-10 23:59:59.999,38999278.84475
2024-11-11,0.05496,0.05868,0.05358,0.0584,682084899.0,2024-11-11 23:59:59.999,37991853.01681
2024-11-12,0.05839,0.0762,0.0531,0.06465,5096671416.0,2024-11-12 23:59:59.999,330840330.65164
2024-11-13,0.06467,0.06491,0.05625,0.05945,2347613701.0,2024-11-13 23:59:59.999,139571233.65742
2024-11-14,0.05945,0.06793,0.05852,0.06386,2200301953.0,2024-11-14 23:59:59.999,138144640.52285
2024-11-15,0.06386,0.07427,0.0627,0.07234,3254387653.0,2024-11-15 23:59:59.999,223703895.86316
2024-11-16,0.07235,0.09631,0.07094,0.09004,6220282446.0,2024-11-16 23:59:59.999,535092751.03121
2024-11-17,0.09004,0.09412,0.08289,0.09018,2198046807.0,2024-11-17 23:59:59.999,192440700.36256
2024-11-18,0.09018,0.149,0.08719,0.14391,15453002192.0,2024-11-18 23:59:59.999,1896039272.94854
2024-11-19,0.14394,0.15763,0.12774,0.13297,11488040229.0,2024-11-19 23:59:59.999,1639327057.69855
2024-11-20,0.13295,0.13464,0.11725,0.12172,5725226926.0,2024-11-20 23:59:59.999,712984134.96982
2024-11-21,0.12172,0.13819,0.11813,0.12666,5111764335.0,2024-11-21 23:59:59.999,644712503.11789
2024-11-22,0.12666,0.15595,0.12174,0.14694,6731238708.0,2024-11-22 23:59:59.999,918514642.8537
2024-11-23,0.14693,0.17023,0.14473,0.15445,6290059109.0,2024-11-23 23:59:59.999,969052309.07781
2024-11-24,0.15445,0.16847,0.13605,0.14708,3542761537.0,2024-11-24 23:59:59.999,530159833.85093
2024-11-25,0.14708,0.14806,0.13146,0.13493,2023090739.0,2024-11-25 23:59:59.999,284783218.0905
2024-11-26,0.13493,0.1406,0.126,0.13936,1688868598.0,2024-11-26 23:59:59.999,227747523.93318
2024-11-27,0.13936,0.14744,0.13257,0.14197,1309193947.0,2024-11-27 23:59:59.999,183396940.77995
2024-11-28,0.14195,0.15029,0.13672,0.14491,982082936.0,2024-11-28 23:59:59.999,138966415.64186
2024-11-29,0.14492,0.1869,0.1435,0.17804,3337189504.0,2024-11-29 23:59:59.999,543343758.84462
2024-11-30,0.17806,0.18627,0.16388,0.17029,2379118215.0,2024-11-30 23:59:59.999,405913686.32514
2024-12-01,0.17028,0.2211,0.16434,0.20891,6194764523.0,2024-12-01 23:59:59.999,1218275453.80892
2024-12-02,0.20891,0.32435,0.20746,0.31165,12045480607.0,2024-12-02 23:59:59.999,3139782919.89372
2024-12-03,0.31165,0.39265,0.30872,0.31481,10545244886.0,2024-12-03 23:59:59.999,3648296479.71328
2024-12-04,0.31481,0.33696,0.27787,0.28794,4924340429.0,2024-12-04 23:59:59.999,1525014089.64931
2024-12-05,0.28794,0.31159,0.27791,0.29239,4507139691.0,2024-12-05 23:59:59.999,1342670692.37957
2024-12-06,0.29238,0.3782,0.2753,0.36794,4030232488.0,2024-12-06 23:59:59.999,1282123832.72086
2024-12-07,0.36791,0.37448,0.32,0.33215,3804947835.0,2024-12-07 23:59:59.999,1299806395.84961
2024-12-08,0.33215,0.34213,0.32456,0.3332,1701443110.0,2024-12-08 23:59:59.999,564442901.7504
2024-12-09,0.33321,0.33602,0.22895,0.27998,3031813298.0,2024-12-09 23:59:59.999,899707831.60214
2024-12-10,0.28001,0.30324,0.25263,0.28967,3513220993.0,2024-12-10 23:59:59.999,990157390.61117
2024-12-11,0.28967,0.31033,0.27072,0.29884,1932070372.0,2024-12-11 23:59:59.999,562297969.82632
2024-12-12,0.29884,0.31448,0.28554,0.2914,2045181156.0,2024-12-12 23:59:59.999,612442800.98795
2024-12-13,0.29141,0.33082,0.28873,0.31428,2316762789.0,2024-12-13 23:59:59.999,715841739.11398
2024-12-14,0.31428,0.31534,0.28844,0.29402,1052754000.0,2024-12-14 23:59:59.999,315990700.93446
2024-12-15,0.29403,0.29773,0.28299,0.29583,851389448.0,2024-12-15 23:59:59.999,247707921.40534
2024-12-16,0.29583,0.29856,0.27423,0.28235,1131934729.0,2024-12-16 23:59:59.999,322719107.49358
2024-12-17,0.28236,0.29911,0.27506,0.28465,1768821266.0,2024-12-17 23:59:59.999,507613373.45942
2024-12-18,0.28466,0.31157,0.27005,0.27244,3081614951.0,2024-12-18 23:59:59.999,902827008.74473
2024-12-19,0.27243,0.30144,0.25,0.2674,3215002118.0,2024-12-19 23:59:59.999,889416079.67224
2024-12-20,0.26743,0.2862,0.23348,0.2705,3633082648.0,2024-12-20 23:59:59.999,953297229.40723
2024-12-21,0.27049,0.28282,0.24942,0.25369,1789942015.0,2024-12-21 23:59:59.999,471583751.64537
2024-12-22,0.25369,0.27289,0.24365,0.26546,1516952174.0,2024-12-22 23:59:59.999,394889354.66672
2024-12-23,0.26548,0.29264,0.25546,0.29151,1582187410.0,2024-12-23 23:59:59.999,429170350.01258
2024-12-24,0.29151,0.3389,0.28153,0.32876,2564295305.0,2024-12-24 23:59:59.999,799389451.02982
2024-12-25,0.32876,0.33538,0.30575,0.31306,1537068936.0,2024-12-25 23:59:59.999,484485552.94187
2024-12-26,0.31306,0.31762,0.28306,0.2844,1384898153.0,2024-12-26 23:59:59.999,408982656.31685
2024-12-27,0.28443,0.29666,0.27342,0.27656,1269393484.0,2024-12-27 23:59:59.999,360700189.67718
2024-12-28,0.27657,0.30266,0.27188,0.29432,981806673.0,2024-12-28 23:59:59.999,278071172.8671
2024-12-29,0.29433,0.30454,0.27507,0.2787,864938879.0,2024-12-29 23:59:59.999,249363980.59291
2024-12-30,0.27871,0.29044,0.2658,0.27849,968966895.0,2024-12-30 23:59:59.999,269571505.50785
2024-12-31,0.27848,0.2824,0.2665,0.26881,661914209.0,2024-12-31 23:59:59.999,180794254.3749
2025-01-01,0.26882,0.30058,0.26402,0.29477,1542936492.0,2025-01-01 23:59:59.999,440575845.62315
2025-01-02,0.29477,0.30946,0.28504,0.29213,1040239296.0,2025-01-02 23:59:59.999,306066750.50743
2025-01-03,0.29213,0.32431,0.29197,0.31359,1479712573.0,2025-01-03 23:59:59.999,456816149.55003
2025-01-04,0.31359,0.32045,0.30137,0.30572,847467958.0,2025-01-04 23:59:59.999,261587232.37281
2025-01-05,0.30573,0.31274,0.29561,0.30135,611516976.0,2025-01-05 23:59:59.999,185310078.6709
2025-01-06,0.30138,0.31852,0.29655,0.30817,886887148.0,2025-01-06 23:59:59.999,273166599.99419
2025-01-07,0.30818,0.33031,0.28781,0.28899,1931629952.0,2025-01-07 23:59:59.999,599260754.29823
2025-01-08,0.28899,0.29563,0.266,0.28482,1262312030.0,2025-01-08 23:59:59.999,355146874.9813
2025-01-09,0.28482,0.285,0.26246,0.2685,913103803.0,2025-01-09 23:59:59.999,248389101.14247
2025-01-10,0.26849,0.28523,0.26665,0.28144,828097566.0,2025-01-10 23:59:59.999,228645280.87527
2025-01-11,0.28145,0.29639,0.27523,0.29205,602520197.0,2025-01-11 23:59:59.999,171152806.04084
2025-01-12,0.29205,0.29218,0.27287,0.27791,580011094.0,2025-01-12 23:59:59.999,163966078.04929
2025-01-13,0.27791,0.2888,0.255,0.27492,1195687601.0,2025-01-13 23:59:59.999,322497076.92189
2025-01-14,0.27491,0.29326,0.27241,0.28711,705302608.0,2025-01-14 23:59:59.999,200886371.7181
2025-01-15,0.28711,0.32802,0.28578,0.32222,1822562080.0,2025-01-15 23:59:59.999,561090128.09126
2025-01-16,0.3223,0.38694,0.30783,0.36279,4305456557.0,2025-01-16 23:59:59.999,1525751430.01132
2025-01-17,0.36279,0.4015,0.36153,0.37438,2671895440.0,2025-01-17 23:59:59.999,1012874563.80889
2025-01-18,0.37439,0.38472,0.34029,0.35454,1952200343.0,2025-01-18 23:59:59.999,700499760.69925
2025-01-19,0.35454,0.37081,0.31668,0.32615,2053573265.0,2025-01-19 23:59:59.999,708531101.04015
2025-01-20,0.32615,0.37399,0.31917,0.34192,2275132505.0,2025-01-20 23:59:59.999,793243763.01695
2025-01-21,0.34192,0.34845,0.32538,0.33761,1158895564.0,2025-01-21 23:59:59.999,390365715.23948
2025-01-22,0.33761,0.33797,0.32043,0.32575,766446421.0,2025-01-22 23:59:59.999,250216598.39595
2025-01-23,0.32575,0.33499,0.31207,0.32793,1147881426.0,2025-01-23 23:59:59.999,368933549.56437
2025-01-24,0.32794,0.35074,0.31425,0.32665,1011040363.0,2025-01-24 23:59:59.999,338865935.58573
2025-01-25,0.32664,0.33862,0.32532,0.33203,556590599.0,2025-01-25 23:59:59.999,184888371.04261
2025-01-26,0.33203,0.3543,0.32254,0.32293,773193701.0,2025-01-26 23:59:59.999,261826795.88587
2025-01-27,0.32293,0.32641,0.2908,0.31452,1333975755.0,2025-01-27 23:59:59.999,408995888.43304
2025-01-28,0.31452,0.3228,0.295,0.29882,736205859.0,2025-01-28 23:59:59.999,229976835.96536
2025-01-29,0.29883,0.31785,0.29363,0.30856,700236836.0,2025-01-29 23:59:59.999,213853455.02119
2025-01-30,0.30856,0.32269,0.3059,0.31575,531222197.0,2025-01-30 23:59:59.999,168119373.5477
2025-01-31,0.31575,0.32,0.30165,0.30644,554095833.0,2025-01-31 23:59:59.999,172543592.18274
2025-02-01,0.30644,0.31215,0.2808,0.28479,489238645.0,2025-02-01 23:59:59.999,144954609.47947
2025-02-02,0.2848,0.29378,0.23596,0.25302,1487945487.0,2025-02-02 23:59:59.999,390531507.51047
2025-02-03,0.25303,0.28167,0.17662,0.27463,3321597209.0,2025-02-03 23:59:59.999,776126241.50887
2025-02-04,0.27462,0.27811,0.24258,0.2499,1372686410.0,2025-02-04 23:59:59.999,352801634.08541
2025-02-05,0.24992,0.25824,0.23562,0.23835,753694243.0,2025-02-05 23:59:59.999,187054022.5763
2025-02-06,0.23835,0.24967,0.22609,0.22845,819273530.0,2025-02-06 23:59:59.999,194331521.86753
2025-02-07,0.22845,0.24767,0.22616,0.23248,811113529.0,2025-02-07 23:59:59.999,191820258.08568
2025-02-08,0.23246,0.23619,0.22555,0.23396,444982165.0,2025-02-08 23:59:59.999,102620943.45506
2025-02-09,0.23396,0.24297,0.21931,0.2289,600390898.0,2025-02-09 23:59:59.999,139368265.33878
2025-02-10,0.2289,0.24395,0.22344,0.23179,673543114.0,2025-02-10 23:59:59.999,157817579.23429
2025-02-11,0.2318,0.24869,0.22609,0.22857,801360533.0,2025-02-11 23:59:59.999,189494559.37972
2025-02-12,0.22857,0.2382,0.21348,0.23502,984231412.0,2025-02-12 23:59:59.999,220170195.87019
2025-02-13,0.235,0.23674,0.21812,0.22539,632636592.0,2025-02-13 23:59:59.999,142832286.08099
2025-02-14,0.2254,0.24,0.22339,0.23067,732496259.0,2025-02-14 23:59:59.999,170084663.6109
2025-02-15,0.23066,0.23871,0.2257,0.22897,498755361.0,2025-02-15 23:59:59.999,115793212.57108
2025-02-16,0.22898,0.23028,0.2189,0.21992,381748639.0,2025-02-16 23:59:59.999,85366026.20196
2025-02-17,0.21993,0.22491,0.20904,0.21221,621613308.0,2025-02-17 23:59:59.999,134897683.83384
2025-02-18,0.21222,0.2144,0.1947,0.2068,733638883.0,2025-02-18 23:59:59.999,149365067.08409
2025-02-19,0.20681,0.218,0.20352,0.21563,615974736.0,2025-02-19 23:59:59.999,130579551.21938
2025-02-20,0.21563,0.2261,0.21475,0.22196,564232340.0,2025-02-20 23:59:59.999,124185386.81393
2025-02-21,0.22196,0.23,0.20504,0.21418,745634129.0,2025-02-21 23:59:59.999,162404687.16946
2025-02-22,0.21419,0.22257,0.21167,0.21628,386991825.0,2025-02-22 23:59:59.999,83874811.94859
2025-02-23,0.21628,0.21749,0.2076,0.211,330347342.0,2025-02-23 23:59:59.999,70023708.21908
2025-02-24,0.211,0.22692,0.19539,0.1964,1910142946.0,2025-02-24 23:59:59.999,407322828.35077
2025-02-25,0.1964,0.20114,0.17537,0.19824,1947617658.0,2025-02-25 23:59:59.999,366204746.61469
2025-02-26,0.19824,0.20169,0.18741,0.19607,1070779255.0,2025-02-26 23:59:59.999,209113029.56191
2025-02-27,0.19608,0.20597,0.19368,0.19965,678966295.0,2025-02-27 23:59:59.999,135638013.08004
2025-02-28,0.19966,0.21647,0.17969,0.21352,1335919868.0,2025-02-28 23:59:59.999,263188103.46918
2025-03-01,0.21348,0.265,0.21128,0.25257,3702613868.0,2025-03-01 23:59:59.999,884636159.48764
2025-03-02,0.2526,0.28605,0.24221,0.26401,2926132480.0,2025-03-02 23:59:59.999,747239184.21378
2025-03-03,0.26402,0.28772,0.21964,0.22305,2138433047.0,2025-03-03 23:59:59.999,536986117.19886
2025-03-04,0.22306,0.24746,0.22025,0.24116,2445686176.0,2025-03-04 23:59:59.999,571412703.24677
2025-03-05,0.24117,0.26488,0.2392,0.24883,1296861146.0,2025-03-05 23:59:59.999,325243017.56209
2025-03-06,0.24883,0.25555,0.23429,0.2375,877863495.0,2025-03-06 23:59:59.999,214272149.37952
2025-03-07,0.23751,0.25792,0.22415,0.23242,1524789584.0,2025-03-07 23:59:59.999,368937475.49695
2025-03-08,0.23242,0.23559,0.22252,0.22685,560372422.0,2025-03-08 23:59:59.999,128229441.52425
2025-03-09,0.22685,0.23124,0.19813,0.19935,880104090.0,2025-03-09 23:59:59.999,186301875.59704
2025-03-10,0.19934,0.21825,0.1881,0.18935,1094167268.0,2025-03-10 23:59:59.999,221126742.55791
2025-03-11,0.18936,0.20424,0.17891,0.19696,1251749228.0,2025-03-11 23:59:59.999,243632074.73225
2025-03-12,0.19695,0.21512,0.19271,0.20071,1126638663.0,2025-03-12 23:59:59.999,226414476.24141
2025-03-13,0.2007,0.20319,0.18405,0.18926,877474802.0,2025-03-13 23:59:59.999,169473236.3181
2025-03-14,0.18925,0.19878,0.18769,0.19093,664297583.0,2025-03-14 23:59:59.999,127780468.28366
2025-03-15,0.19093,0.19709,0.19,0.1926,447722250.0,2025-03-15 23:59:59.999,86544390.89107
2025-03-16,0.1926,0.19491,0.18161,0.18456,684407784.0,2025-03-16 23:59:59.999,128641872.25863
2025-03-17,0.18456,0.19582,0.18408,0.19134,581064603.0,2025-03-17 23:59:59.999,111273293.06893
2025-03-18,0.19133,0.19159,0.18205,0.18839,422420484.0,2025-03-18 23:59:59.999,78626916.42221
2025-03-19,0.18838,0.19835,0.18596,0.19745,611756776.0,2025-03-19 23:59:59.999,117427849.46563
2025-03-20,0.19746,0.19911,0.18726,0.18983,480789743.0,2025-03-20 23:59:59.999,92468601.38349
2025-03-21,0.18983,0.19143,0.18189,0.18443,354801388.0,2025-03-21 23:59:59.999,65792314.301
2025-03-22,0.18442,0.18621,0.18077,0.18252,366040962.0,2025-03-22 23:59:59.999,67219423.8983
2025-03-23,0.18253,0.18593,0.17917,0.18582,416807284.0,2025-03-23 23:59:59.999,76254045.62697
2025-03-24,0.18582,0.19559,0.18367,0.19305,468267826.0,2025-03-24 23:59:59.999,89401433.9821
2025-03-25,0.19304,0.20132,0.191,0.19459,443108040.0,2025-03-25 23:59:59.999,86857364.42292
2025-03-26,0.19456,0.20084,0.18935,0.19167,490700358.0,2025-03-26 23:59:59.999,95720199.0073
2025-03-27,0.19168,0.19704,0.1876,0.19343,371339107.0,2025-03-27 23:59:59.999,71463001.27168
2025-03-28,0.19344,0.19466,0.17958,0.18214,525386396.0,2025-03-28 23:59:59.999,96800475.03069
2025-03-29,0.18215,0.18335,0.16638,0.17195,630631781.0,2025-03-29 23:59:59.999,108625583.03464
2025-03-30,0.17196,0.17525,0.16656,0.16766,348732505.0,2025-03-30 23:59:59.999,59671757.36946
2025-03-31,0.16768,0.16818,0.15619,0.16305,694119023.0,2025-03-31 23:59:59.999,112666219.00946
2025-04-01,0.16305,0.17599,0.16167,0.1701,666339626.0,2025-04-01 23:59:59.999,112715566.00798
2025-04-02,0.1701,0.18053,0.15776,0.16122,901235127.0,2025-04-02 23:59:59.999,151934981.16202
2025-04-03,0.16121,0.16672,0.153,0.16253,676566789.0,2025-04-03 23:59:59.999,108110245.74963
2025-04-04,0.16254,0.1682,0.15698,0.16419,668976267.0,2025-04-04 23:59:59.999,109083247.11267
2025-04-05,0.16418,0.16506,0.15865,0.16196,267558755.0,2025-04-05 23:59:59.999,43209690.07351
2025-04-06,0.16195,0.16282,0.13555,0.14001,793845059.0,2025-04-06 23:59:59.999,117695399.05069
2025-04-07,0.14001,0.15452,0.12474,0.15235,1737279976.0,2025-04-07 23:59:59.999,243914232.24097
2025-04-08,0.15236,0.16692,0.14526,0.14599,2152214239.0,2025-04-08 23:59:59.999,335378432.40936
2025-04-09,0.146,0.177,0.14232,0.16866,1960104557.0,2025-04-09 23:59:59.999,306679294.64553
2025-04-10,0.16867,0.18135,0.16334,0.16776,1194566766.0,2025-04-10 23:59:59.999,203485032.33108
2025-04-11,0.16775,0.17667,0.16463,0.16736,983732763.0,2025-04-11 23:59:59.999,167099596.02856
2025-04-12,0.16735,0.17815,0.16041,0.1769,687066604.0,2025-04-12 23:59:59.999,117778454.05996
2025-04-13,0.17693,0.17725,0.16334,0.16515,639985426.0,2025-04-13 23:59:59.999,108554826.01018
2025-04-14,0.16515,0.17273,0.16229,0.16512,757940341.0,2025-04-14 23:59:59.999,126792504.95693
2025-04-15,0.16511,0.1682,0.1565,0.1569,619398548.0,2025-04-15 23:59:59.999,101122316.35248
2025-04-16,0.15691,0.16071,0.1539,0.15735,581196361.0,2025-04-16 23:59:59.999,91534827.06809
2025-04-17,0.15735,0.16586,0.15618,0.16289,372127045.0,2025-04-17 23:59:59.999,59819294.89979
2025-04-18,0.1629,0.16657,0.16182,0.16505,311238498.0,2025-04-18 23:59:59.999,51307906.91683
2025-04-19,0.16504,0.16778,0.16415,0.16684,255621058.0,2025-04-19 23:59:59.999,42456792.82682
2025-04-20,0.16683,0.16882,0.16075,0.16594,303331930.0,2025-04-20 23:59:59.999,49951499.27681
2025-04-21,0.16595,0.17398,0.16595,0.16911,478551291.0,2025-04-21 23:59:59.999,81544093.81343
2025-04-22,0.16911,0.18219,0.16738,0.1812,488413741.0,2025-04-22 23:59:59.999,85584639.54591
2025-04-23,0.18121,0.19021,0.17736,0.18022,713058771.0,2025-04-23 23:59:59.999,130887019.93485
2025-04-24,0.18021,0.18904,0.17526,0.18827,540339934.0,2025-04-24 23:59:59.999,98626358.96131
2025-04-25,0.18828,0.20232,0.18387,0.19247,652135799.0,2025-04-25 23:59:59.999,127086557.89555
2025-04-26,0.19245,0.19794,0.18971,0.19145,311532856.0,2025-04-26 23:59:59.999,60245437.77644
2025-04-27,0.19145,0.19396,0.18479,0.19012,391099900.0,2025-04-27 23:59:59.999,74056458.97364
2025-04-28,0.19013,0.19913,0.18537,0.1907,517281585.0,2025-04-28 23:59:59.999,99722372.89925
2025-04-29,0.1907,0.19187,0.18319,0.18589,323823650.0,2025-04-29 23:59:59.999,60949215.45274
2025-04-30,0.18589,0.18851,0.1757,0.18199,388161972.0,2025-04-30 23:59:59.999,70901969.96735
2025-05-01,0.18198,0.19182,0.18118,0.18585,305858624.0,2025-05-01 23:59:59.999,57258643.79613
2025-05-02,0.18586,0.19053,0.18352,0.18689,305904384.0,2025-05-02 23:59:59.999,57076045.32622
2025-05-03,0.1869,0.18739,0.17898,0.18009,260350118.0,2025-05-03 23:59:59.999,47501914.34812
2025-05-04,0.18009,0.18474,0.17532,0.17603,281207648.0,2025-05-04 23:59:59.999,50286691.56988
2025-05-05,0.17604,0.17841,0.17151,0.17332,283709940.0,2025-05-05 23:59:59.999,49609232.93625
2025-05-06,0.17331,0.17755,0.1692,0.17699,325577547.0,2025-05-06 23:59:59.999,56309074.59805
2025-05-07,0.177,0.1781,0.17243,0.17565,270536266.0,2025-05-07 23:59:59.999,47526362.61874
2025-05-08,0.17565,0.19708,0.17481,0.19523,524514502.0,2025-05-08 23:59:59.999,98616326.65403
2025-05-09,0.19524,0.20652,0.19262,0.20248,631076463.0,2025-05-09 23:59:59.999,126099250.15532
2025-05-10,0.20248,0.21979,0.20013,0.21911,644437814.0,2025-05-10 23:59:59.999,134779549.94036
2025-05-11,0.2191,0.22077,0.20101,0.2068,558943197.0,2025-05-11 23:59:59.999,116406049.55835
2025-05-12,0.2068,0.22871,0.20458,0.215,1229496657.0,2025-05-12 23:59:59.999,266900622.63601
2025-05-13,0.215,0.21852,0.2005,0.21605,665258148.0,2025-05-13 23:59:59.999,139828615.38907
2025-05-14,0.21604,0.21683,0.20359,0.206,573208809.0,2025-05-14 23:59:59.999,120291883.24342
2025-05-15,0.20601,0.20769,0.19322,0.19792,613160838.0,2025-05-15 23:59:59.999,122316274.58541
2025-05-16,0.19791,0.20175,0.19356,0.19541,358357020.0,2025-05-16 23:59:59.999,71242369.75906
2025-05-17,0.19541,0.19584,0.18674,0.19086,373363559.0,2025-05-17 23:59:59.999,71406636.69528
2025-05-18,0.19086,0.2006,0.18647,0.19673,418944116.0,2025-05-18 23:59:59.999,81207911.34638
2025-05-19,0.19673,0.1978,0.18422,0.19366,413638029.0,2025-05-19 23:59:59.999,78543910.82127
2025-05-20,0.19367,0.19837,0.19013,0.19477,333622835.0,2025-05-20 23:59:59.999,64771213.58046
2025-05-21,0.19478,0.20231,0.19216,0.19793,470285450.0,2025-05-21 23:59:59.999,92357765.73131
2025-05-22,0.19794,0.2063,0.19715,0.20464,397122821.0,2025-05-22 23:59:59.999,80506612.5826
2025-05-23,0.20465,0.20935,0.18872,0.19034,586701568.0,2025-05-23 23:59:59.999,117438307.08216
2025-05-24,0.19033,0.19351,0.18667,0.18829,240093761.0,2025-05-24 23:59:59.999,45754452.6215
2025-05-25,0.18829,0.19015,0.18037,0.18793,281605765.0,2025-05-25 23:59:59.999,52141225.01209
2025-05-26,0.18793,0.19313,0.18404,0.18577,246587671.0,2025-05-26 23:59:59.999,46494790.21051
2025-05-27,0.18578,0.19208,0.18202,0.18711,289226061.0,2025-05-27 23:59:59.999,54299055.40723
2025-05-28,0.18712,0.18846,0.18106,0.18593,273714874.0,2025-05-28 23:59:59.999,50609671.16062
2025-05-29,0.18593,0.19062,0.17847,0.17951,345209141.0,2025-05-29 23:59:59.999,63520678.90682
2025-05-30,0.1795,0.18049,0.16489,0.16711,530287804.0,2025-05-30 23:59:59.999,91824562.99285
2025-05-31,0.16712,0.17013,0.16066,0.1673,385676861.0,2025-05-31 23:59:59.999,63512300.88128
2025-06-01,0.16731,0.16965,0.16379,0.16859,218443131.0,2025-06-01 23:59:59.999,36522017.56469
2025-06-02,0.16859,0.17257,0.16637,0.17133,295250438.0,2025-06-02 23:59:59.999,49960718.63674
2025-06-03,0.17132,0.17534,0.17071,0.17175,234883907.0,2025-06-03 23:59:59.999,40666894.0421
2025-06-04,0.17176,0.17385,0.16611,0.16695,214798379.0,2025-06-04 23:59:59.999,36571399.17522
2025-06-05,0.16696,0.16964,0.15575,0.15926,351986555.0,2025-06-05 23:59:59.999,57580676.44596
2025-06-06,0.15926,0.16895,0.15835,0.16431,304359406.0,2025-06-06 23:59:59.999,50133437.56208
2025-06-07,0.16432,0.17041,0.16365,0.16868,193162721.0,2025-06-07 23:59:59.999,32546280.27648
2025-06-08,0.16868,0.17208,0.16639,0.16915,242206682.0,2025-06-08 23:59:59.999,41018951.36066
2025-06-09,0.16914,0.17887,0.16751,0.17787,344543893.0,2025-06-09 23:59:59.999,59415431.83412
2025-06-10,0.17786,0.18385,0.17583,0.1801,342276818.0,2025-06-10 23:59:59.999,61405529.41555
2025-06-11,0.18009,0.18196,0.17081,0.17277,393978840.0,2025-06-11 23:59:59.999,70097452.07956
2025-06-12,0.17276,0.17306,0.16193,0.16274,382131038.0,2025-06-12 23:59:59.999,64171729.60112
2025-06-13,0.16275,0.16281,0.1488,0.15886,623439268.0,2025-06-13 23:59:59.999,96529798.76919
2025-06-14,0.15887,0.15972,0.15108,0.15487,281891846.0,2025-06-14 23:59:59.999,43981390.34012
2025-06-15,0.15486,0.15554,0.15052,0.15431,271633723.0,2025-06-15 23:59:59.999,41658805.47879
2025-06-16,0.15431,0.16324,0.15287,0.1533,460915298.0,2025-06-16 23:59:59.999,73210268.07791
2025-06-17,0.1533,0.15715,0.1466,0.14849,459654034.0,2025-06-17 23:59:59.999,69719240.0162
2025-06-18,0.14849,0.15211,0.14368,0.14778,354206910.0,2025-06-18 23:59:59.999,52175976.91984
2025-06-19,0.14777,0.14953,0.1445,0.14764,256779732.0,2025-06-19 23:59:59.999,37721372.77232
2025-06-20,0.14762,0.15145,0.14069,0.1445,366738876.0,2025-06-20 23:59:59.999,53591113.00455
2025-06-21,0.1445,0.14631,0.13331,0.1379,372573698.0,2025-06-21 23:59:59.999,52322783.61317
2025-06-22,0.13793,0.13976,0.12589,0.13353,785290188.0,2025-06-22 23:59:59.999,103514520.22912
2025-06-23,0.13352,0.15219,0.13299,0.15144,701010039.0,2025-06-23 23:59:59.999,98059777.00703
2025-06-24,0.15145,0.15521,0.15048,0.15391,425550058.0,2025-06-24 23:59:59.999,64891722.37226
2025-06-25,0.15391,0.15607,0.14883,0.14973,365696909.0,2025-06-25 23:59:59.999,55675984.53849
2025-06-26,0.14974,0.15254,0.14185,0.14269,387237557.0,2025-06-26 23:59:59.999,56653422.17547
2025-06-27,0.1427,0.14838,0.14122,0.14591,295709444.0,2025-06-27 23:59:59.999,42726311.03277
2025-06-28,0.14591,0.1487,0.14505,0.1477,202715226.0,2025-06-28 23:59:59.999,29802256.03652
2025-06-29,0.14771,0.1542,0.14648,0.1526,250425551.0,2025-06-29 23:59:59.999,37387615.37894
2025-06-30,0.1526,0.15327,0.14739,0.14993,326719211.0,2025-06-30 23:59:59.999,49103286.55987
2025-07-01,0.14994,0.15156,0.14273,0.1446,321426141.0,2025-07-01 23:59:59.999,47370816.32696
2025-07-02,0.14459,0.15927,0.14296,0.15533,515623118.0,2025-07-02 23:59:59.999,78515735.14045
2025-07-03,0.15533,0.16268,0.15481,0.15892,407594712.0,2025-07-03 23:59:59.999,64885678.12573
2025-07-04,0.15892,0.16259,0.15169,0.15293,368885403.0,2025-07-04 23:59:59.999,57431866.3589
2025-07-05,0.15292,0.15665,0.1524,0.15413,281607153.0,2025-07-05 23:59:59.999,43585829.49381
2025-07-06,0.15413,0.16155,0.15207,0.15921,321396897.0,2025-07-06 23:59:59.999,50281961.66202
2025-07-07,0.15922,0.16118,0.15605,0.15836,325451716.0,2025-07-07 23:59:59.999,51731272.92725
2025-07-08,0.15835,0.16205,0.15501,0.16066,345805463.0,2025-07-08 23:59:59.999,54944373.46538
2025-07-09,0.16066,0.17348,0.15967,0.17081,610758148.0,2025-07-09 23:59:59.999,102627483.79676
2025-07-10,0.17082,0.19021,0.1701,0.18981,729169762.0,2025-07-10 23:59:59.999,130729716.66174
2025-07-11,0.18981,0.20993,0.18791,0.1938,1371344677.0,2025-07-11 23:59:59.999,275411573.63467
2025-07-12,0.1938,0.20665,0.18992,0.19731,943284110.0,2025-07-12 23:59:59.999,187317894.87837
2025-07-13,0.19732,0.25192,0.19616,0.24121,3361273859.0,2025-07-13 23:59:59.999,784680334.00601
2025-07-14,0.24122,0.25809,0.23329,0.23686,2415763504.0,2025-07-14 23:59:59.999,593611350.22533
2025-07-15,0.23686,0.24164,0.22312,0.23301,1428085598.0,2025-07-15 23:59:59.999,331351296.88536
2025-07-16,0.23301,0.24507,0.22855,0.23606,1051544277.0,2025-07-16 23:59:59.999,249507940.76575
2025-07-17,0.23607,0.28545,0.2285,0.27655,2053946565.0,2025-07-17 23:59:59.999,521570072.82279
2025-07-18,0.27654,0.29882,0.25304,0.25933,1996215455.0,2025-07-18 23:59:59.999,551450281.71562
2025-07-19,0.25934,0.27235,0.25546,0.26633,788673264.0,2025-07-19 23:59:59.999,209578048.94576
2025-07-20,0.26633,0.28286,0.26376,0.27073,909811455.0,2025-07-20 23:59:59.999,248187879.32611
2025-07-21,0.27076,0.28845,0.26361,0.27103,1160517207.0,2025-07-21 23:59:59.999,322359305.55932
2025-07-22,0.27102,0.27556,0.25905,0.27537,930411371.0,2025-07-22 23:59:59.999,249103544.97384
2025-07-23,0.27537,0.27546,0.2382,0.24516,1072796271.0,2025-07-23 23:59:59.999,272924531.00266
2025-07-24,0.24515,0.25004,0.2305,0.23892,878946124.0,2025-07-24 23:59:59.999,212420121.11515
2025-07-25,0.23894,0.26444,0.23301,0.25849,1622055110.0,2025-07-25 23:59:59.999,403901306.1791
2025-07-26,0.25849,0.2912,0.25571,0.27976,1591546958.0,2025-07-26 23:59:59.999,440420263.01542
2025-07-27,0.27976,0.30568,0.27629,0.29166,1606617849.0,2025-07-27 23:59:59.999,464920423.19022
2025-07-28,0.29169,0.29245,0.2667,0.27151,989232611.0,2025-07-28 23:59:59.999,276388113.51025
2025-07-29,0.27151,0.27939,0.25704,0.26365,843869184.0,2025-07-29 23:59:59.999,225725842.63716
2025-07-30,0.26365,0.26505,0.24547,0.25569,750596522.0,2025-07-30 23:59:59.999,192623546.65489
2025-07-31,0.25568,0.27888,0.24958,0.25087,1200537488.0,2025-07-31 23:59:59.999,318817427.49523
2025-08-01,0.25086,0.25598,0.23643,0.24099,1235686421.0,2025-08-01 23:59:59.999,305215197.45014
2025-08-02,0.241,0.24483,0.22531,0.22997,700679385.0,2025-08-02 23:59:59.999,164285857.01793
2025-08-03,0.22997,0.251,0.22668,0.24846,644358400.0,2025-08-03 23:59:59.999,156032949.51183
2025-08-04,0.24847,0.25605,0.24527,0.25067,809565965.0,2025-08-04 23:59:59.999,202579661.01897
2025-08-05,0.25068,0.2526,0.23537,0.23918,669486934.0,2025-08-05 23:59:59.999,163007396.74424
2025-08-06,0.23919,0.24984,0.23319,0.2445,555624650.0,2025-08-06 23:59:59.999,134484209.42573
2025-08-07,0.24449,0.26075,0.24145,0.25972,664241486.0,2025-08-07 23:59:59.999,166867202.36375
2025-08-08,0.25972,0.26813,0.25468,0.26173,778675499.0,2025-08-08 23:59:59.999,203897709.98769
2025-08-09,0.26173,0.26974,0.26038,0.26584,529111324.0,2025-08-09 23:59:59.999,140412521.29927
2025-08-10,0.26582,0.27185,0.2543,0.25919,526317573.0,2025-08-10 23:59:59.999,137421019.21479
2025-08-11,0.25924,0.27,0.24322,0.24637,778434753.0,2025-08-11 23:59:59.999,199127651.13384
2025-08-12,0.24636,0.26417,0.24451,0.26096,625315435.0,2025-08-12 23:59:59.999,158584689.92996
2025-08-13,0.26096,0.26782,0.25588,0.26614,643648486.0,2025-08-13 23:59:59.999,169474644.3934
2025-08-14,0.26615,0.2765,0.24376,0.24845,1080540293.0,2025-08-14 23:59:59.999,280198673.54773
2025-08-15,0.24846,0.25839,0.2403,0.24739,626030959.0,2025-08-15 23:59:59.999,155820903.9076
2025-08-16,0.24739,0.25495,0.24698,0.25218,327060176.0,2025-08-16 23:59:59.999,81844958.83354
2025-08-17,0.25219,0.26032,0.2502,0.25194,332410346.0,2025-08-17 23:59:59.999,84668967.10639
2025-08-18,0.25195,0.25278,0.23827,0.24489,608567557.0,2025-08-18 23:59:59.999,148715847.97494
2025-08-19,0.24489,0.24739,0.23025,0.23141,579205292.0,2025-08-19 23:59:59.999,137730025.55219
2025-08-20,0.23141,0.24282,0.22903,0.24157,523481261.0,2025-08-20 23:59:59.999,123199672.06303
2025-08-21,0.24158,0.24316,0.23218,0.23544,380710335.0,2025-08-21 23:59:59.999,90179879.02306
2025-08-22,0.23544,0.25894,0.22788,0.25695,812831354.0,2025-08-22 23:59:59.999,199084871.73256
2025-08-23,0.25695,0.25722,0.24681,0.25337,419866612.0,2025-08-23 23:59:59.999,105410010.4546
2025-08-24,0.25337,0.26081,0.24284,0.24807,714718258.0,2025-08-24 23:59:59.999,178810208.03422
2025-08-25,0.24808,0.25087,0.22652,0.23058,801484596.0,2025-08-25 23:59:59.999,190068006.61324
2025-08-26,0.23058,0.24495,0.22949,0.24165,560718038.0,2025-08-26 23:59:59.999,132706605.59632
2025-08-27,0.24165,0.24352,0.23702,0.2375,408819816.0,2025-08-27 23:59:59.999,98372497.94432
2025-08-28,0.2375,0.24196,0.23519,0.2391,429525594.0,2025-08-28 23:59:59.999,102590412.22772
2025-08-29,0.23911,0.24028,0.22333,0.22784,725802586.0,2025-08-29 23:59:59.999,166782442.4164
2025-08-30,0.22785,0.22939,0.2199,0.22564,485998589.0,2025-08-30 23:59:59.999,109214968.60412
2025-08-31,0.22565,0.22863,0.21735,0.21887,397423340.0,2025-08-31 23:59:59.999,88760489.97114
2025-09-01,0.21888,0.22363,0.21045,0.21459,803571242.0,2025-09-01 23:59:59.999,173684635.31287
2025-09-02,0.2146,0.22076,0.21121,0.22055,579827998.0,2025-09-02 23:59:59.999,125129746.06309
2025-09-03,0.22056,0.22344,0.21755,0.21921,320034531.0,2025-09-03 23:59:59.999,70554958.53196
2025-09-04,0.21921,0.22004,0.21079,0.21339,510785522.0,2025-09-04 23:59:59.999,109460679.62196
2025-09-05,0.21338,0.22402,0.21223,0.21818,451059933.0,2025-09-05 23:59:59.999,98669030.50031
2025-09-06,0.21818,0.21965,0.21356,0.21449,191085516.0,2025-09-06 23:59:59.999,41258539.05547
2025-09-07,0.21448,0.22182,0.21428,0.21946,294682993.0,2025-09-07 23:59:59.999,64546262.62562
2025-09-08,0.21945,0.22785,0.21785,0.22628,351567051.0,2025-09-08 23:59:59.999,78671838.45111
2025-09-09,0.22628,0.23492,0.22367,0.22798,492882530.0,2025-09-09 23:59:59.999,112734036.59456
2025-09-10,0.22799,0.23675,0.22663,0.23414,388393620.0,2025-09-10 23:59:59.999,90264962.01519
2025-09-11,0.23414,0.24142,0.2333,0.23966,416788378.0,2025-09-11 23:59:59.999,98574453.91913
2025-09-12,0.23967,0.2457,0.23772,0.24543,433441433.0,2025-09-12 23:59:59.999,104975154.66016
2025-09-13,0.24544,0.25473,0.24371,0.24811,490099201.0,2025-09-13 23:59:59.999,121815578.17573
2025-09-14,0.24811,0.24836,0.23669,0.24058,428348879.0,2025-09-14 23:59:59.999,103616951.45018
2025-09-15,0.24058,0.24323,0.22981,0.23687,468164099.0,2025-09-15 23:59:59.999,110202297.52356
2025-09-16,0.23687,0.23985,0.23143,0.23788,337229385.0,2025-09-16 23:59:59.999,79665826.66823
2025-09-17,0.23789,0.24555,0.23249,0.24301,540992495.0,2025-09-17 23:59:59.999,128471652.2561
2025-09-18,0.24302,0.25221,0.24154,0.2462,546952432.0,2025-09-18 23:59:59.999,135099751.53608
2025-09-19,0.2462,0.25026,0.23587,0.2387,433806258.0,2025-09-19 23:59:59.999,104845459.99417
2025-09-20,0.2387,0.24686,0.23778,0.24181,289366097.0,2025-09-20 23:59:59.999,70111782.33977
2025-09-21,0.24182,0.24289,0.23316,0.23386,258164115.0,2025-09-21 23:59:59.999,61370296.66951
2025-09-22,0.23385,0.2347,0.20627,0.22207,905374106.0,2025-09-22 23:59:59.999,199203297.06024
2025-09-23,0.22206,0.22519,0.21813,0.21892,384067132.0,2025-09-23 23:59:59.999,85045971.17393
2025-09-24,0.21892,0.2262,0.21619,0.22107,346091453.0,2025-09-24 23:59:59.999,76952392.69941
2025-09-25,0.22111,0.22189,0.20527,0.20738,752523925.0,2025-09-25 23:59:59.999,160293946.12255
2025-09-26,0.20739,0.21629,0.20483,0.21427,451780867.0,2025-09-26 23:59:59.999,94808320.22801
2025-09-27,0.21428,0.21518,0.21126,0.2126,227238011.0,2025-09-27 23:59:59.999,48431280.24125
2025-09-28,0.2126,0.21692,0.2073,0.21597,269257187.0,2025-09-28 23:59:59.999,56962636.21442
2025-09-29,0.21597,0.21999,0.2119,0.21668,325246171.0,2025-09-29 23:59:59.999,70218046.98703
2025-09-30,0.21668,0.21779,0.20893,0.21498,365541093.0,2025-09-30 23:59:59.999,78175692.79725
2025-10-01,0.21499,0.2244,0.21013,0.22425,458769626.0,2025-10-01 23:59:59.999,100383384.15513
2025-10-02,0.22424,0.23029,0.22136,0.2274,426110490.0,2025-10-02 23:59:59.999,96500211.01361
2025-10-03,0.2274,0.22983,0.2201,0.2253,430916139.0,2025-10-03 23:59:59.999,96788577.14565
2025-10-04,0.22531,0.22618,0.21465,0.21693,328860827.0,2025-10-04 23:59:59.999,72163119.80599
2025-10-05,0.21693,0.22674,0.21412,0.21625,482224332.0,2025-10-05 23:59:59.999,106146036.54086
2025-10-06,0.21625,0.23371,0.21496,0.23025,668903412.0,2025-10-06 23:59:59.999,151577996.68367
2025-10-07,0.23025,0.23117,0.21606,0.21804,570206407.0,2025-10-07 23:59:59.999,127017486.95489
2025-10-08,0.21804,0.22234,0.21512,0.21961,375806753.0,2025-10-08 23:59:59.999,82087807.66936
2025-10-09,0.21962,0.21995,0.20858,0.21283,656814277.0,2025-10-09 23:59:59.999,140010669.24819
2025-10-10,0.21284,0.21685,0.0791,0.16373,2250308665.0,2025-10-10 23:59:59.999,381604501.36296
2025-10-11,0.16374,0.17683,0.16066,0.16787,1157346229.0,2025-10-11 23:59:59.999,195573283.79751
2025-10-12,0.16788,0.18821,0.16446,0.18508,673060036.0,2025-10-12 23:59:59.999,118881462.54072
2025-10-13,0.18507,0.19545,0.18233,0.19421,668983465.0,2025-10-13 23:59:59.999,125734530.48493
2025-10-14,0.19421,0.19497,0.1757,0.19005,775734894.0,2025-10-14 23:59:59.999,142552126.93044
2025-10-15,0.19005,0.19172,0.17719,0.17886,478374201.0,2025-10-15 23:59:59.999,88177887.72806
2025-10-16,0.17886,0.18505,0.16856,0.1708,691054849.0,2025-10-16 23:59:59.999,122107971.83784
2025-10-17,0.17079,0.17373,0.15547,0.16248,945847175.0,2025-10-17 23:59:59.999,153056548.72199
2025-10-18,0.16249,0.16761,0.16215,0.16578,322206821.0,2025-10-18 23:59:59.999,53140168.78188
2025-10-19,0.16578,0.17344,0.16234,0.17035,398471936.0,2025-10-19 23:59:59.999,66967870.70908
2025-10-20,0.17034,0.18092,0.16672,0.17544,428449366.0,2025-10-20 23:59:59.999,75351710.0454
2025-10-21,0.17544,0.18192,0.16852,0.17031,502916717.0,2025-10-21 23:59:59.999,87851713.13795
2025-10-22,0.1703,0.17218,0.16112,0.16595,519911567.0,2025-10-22 23:59:59.999,87293926.85897
2025-10-23,0.16597,0.17009,0.16271,0.16498,390664595.0,2025-10-23 23:59:59.999,64887459.49965
2025-10-24,0.16499,0.17273,0.16408,0.1707,347003723.0,2025-10-24 23:59:59.999,58547816.86652
2025-10-25,0.17069,0.17388,0.16839,0.17242,211564529.0,2025-10-25 23:59:59.999,36190967.97697
2025-10-26,0.17241,0.18126,0.17074,0.17984,284377395.0,2025-10-26 23:59:59.999,50377968.02475
2025-10-27,0.17983,0.18474,0.17621,0.18463,555021425.0,2025-10-27 23:59:59.999,100446560.29467
2025-10-28,0.18464,0.21955,0.18376,0.19432,2691240811.0,2025-10-28 23:59:59.999,547616938.03417
2025-10-29,0.19432,0.20666,0.19221,0.20084,1221920622.0,2025-10-29 23:59:59.999,243300342.27048
2025-10-30,0.20085,0.21079,0.18922,0.19639,1338006598.0,2025-10-30 23:59:59.999,267341464.61259
2025-10-31,0.1964,0.20392,0.19003,0.20077,870140009.0,2025-10-31 23:59:59.999,170121408.67815
2025-11-01,0.20076,0.20469,0.19559,0.19622,496728810.0,2025-11-01 23:59:59.999,99397387.54392
2025-11-02,0.19623,0.19794,0.19026,0.19436,453485566.0,2025-11-02 23:59:59.999,88166021.90846
2025-11-03,0.19435,0.19536,0.166,0.17514,1110102663.0,2025-11-03 23:59:59.999,199698759.19092
2025-11-04,0.17514,0.17909,0.15861,0.16844,1360161917.0,2025-11-04 23:59:59.999,230724299.20677
2025-11-05,0.16844,0.17669,0.16019,0.17504,675288285.0,2025-11-05 23:59:59.999,115245054.01156
2025-11-06,0.17504,0.17536,0.16074,0.16306,560034242.0,2025-11-06 23:59:59.999,93683486.13881
2025-11-07,0.16306,0.18105,0.15938,0.17698,771656774.0,2025-11-07 23:59:59.999,130834307.9607
2025-11-08,0.17698,0.18022,0.17139,0.17554,433121460.0,2025-11-08 23:59:59.999,76013926.45532
2025-11-09,0.17554,0.17856,0.16827,0.17649,437546902.0,2025-11-09 23:59:59.999,75516325.55221
2025-11-10,0.1765,0.19858,0.17527,0.19383,922977052.0,2025-11-10 23:59:59.999,175628114.07193
2025-11-11,0.19383,0.19685,0.17703,0.1776,519828433.0,2025-11-11 23:59:59.999,97120428.21322
2025-11-12,0.17761,0.18632,0.1727,0.1739,524003838.0,2025-11-12 23:59:59.999,93796126.19697
2025-11-13,0.1739,0.18084,0.16139,0.16465,697743171.0,2025-11-13 23:59:59.999,120057620.83387
2025-11-14,0.16464,0.16529,0.15056,0.15282,772670389.0,2025-11-14 23:59:59.999,122451217.19516
2025-11-15,0.15282,0.15855,0.15268,0.15472,329231007.0,2025-11-15 23:59:59.999,51386573.91668
2025-11-16,0.15471,0.15573,0.14488,0.14657,443293174.0,2025-11-16 23:59:59.999,66587698.75151
2025-11-17,0.14656,0.15421,0.14185,0.14575,572382427.0,2025-11-17 23:59:59.999,84610612.37723
2025-11-18,0.14575,0.15234,0.14252,0.15053,560470010.0,2025-11-18 23:59:59.999,82238823.00452
2025-11-19,0.15052,0.15188,0.13802,0.1448,592399605.0,2025-11-19 23:59:59.999,85637504.39074
2025-11-20,0.14481,0.14795,0.13417,0.13644,594898346.0,2025-11-20 23:59:59.999,83972365.26669
2025-11-21,0.13643,0.13837,0.12241,0.13074,1173923569.0,2025-11-21 23:59:59.999,153148356.1069
2025-11-22,0.13074,0.13338,0.12628,0.13162,488614889.0,2025-11-22 23:59:59.999,63139236.42484
2025-11-23,0.13163,0.15549,0.13111,0.14789,1001583279.0,2025-11-23 23:59:59.999,144429778.58019
2025-11-24,0.1479,0.15206,0.14064,0.14841,884615106.0,2025-11-24 23:59:59.999,129719233.34187
2025-11-25,0.14841,0.14913,0.13976,0.14486,530219391.0,2025-11-25 23:59:59.999,76305498.03899
2025-11-26,0.14487,0.15046,0.1413,0.14778,452379975.0,2025-11-26 23:59:59.999,65949301.60452
2025-11-27,0.14778,0.14942,0.14405,0.14697,406019592.0,2025-11-27 23:59:59.999,59682526.69611
2025-11-28,0.14697,0.15075,0.14381,0.14528,436968012.0,2025-11-28 23:59:59.999,64194260.41028
2025-11-29,0.14529,0.14617,0.14219,0.1431,248605810.0,2025-11-29 23:59:59.999,35762481.34871
2025-11-30,0.1431,0.14641,0.14081,0.14122,271441371.0,2025-11-30 23:59:59.999,38950750.41597
2025-12-01,0.14122,0.14162,0.12982,0.13312,635397055.0,2025-12-01 23:59:59.999,84946810.82502
2025-12-02,0.13312,0.14657,0.13076,0.14462,574644610.0,2025-12-02 23:59:59.999,79960812.06849
2025-12-03,0.14461,0.15013,0.14213,0.14592,485759669.0,2025-12-03 23:59:59.999,70956198.14793
2025-12-04,0.14594,0.14652,0.13738,0.13925,509657283.0,2025-12-04 23:59:59.999,71973065.61831
2025-12-05,0.13925,0.14003,0.13251,0.13383,474240264.0,2025-12-05 23:59:59.999,64581510.75706
2025-12-06,0.13384,0.13446,0.13236,0.13392,255354883.0,2025-12-06 23:59:59.999,34040982.31548
2025-12-07,0.13392,0.13594,0.12667,0.1309,587533583.0,2025-12-07 23:59:59.999,77676811.98434
2025-12-08,0.13091,0.13737,0.13034,0.13446,412260087.0,2025-12-08 23:59:59.999,55503672.82063
2025-12-09,0.13445,0.14322,0.13225,0.13887,474991497.0,2025-12-09 23:59:59.999,65456974.28624
2025-12-10,0.13887,0.14196,0.13446,0.13465,452431001.0,2025-12-10 23:59:59.999,62111610.21241
2025-12-11,0.13466,0.13486,0.12828,0.1298,453595238.0,2025-12-11 23:59:59.999,59054769.86766
2025-12-12,0.1298,0.13153,0.12308,0.12386,426699546.0,2025-12-12 23:59:59.999,54108111.97027
2025-12-13,0.12386,0.12627,0.12109,0.12288,336042731.0,2025-12-13 23:59:59.999,41496386.88827
2025-12-14,0.12289,0.12438,0.117,0.11813,414779119.0,2025-12-14 23:59:59.999,49921995.34608
2025-12-15,0.11813,0.12172,0.11124,0.1141,613365355.0,2025-12-15 23:59:59.999,71073506.58992
2025-12-16,0.11411,0.1169,0.11167,0.11453,439792507.0,2025-12-16 23:59:59.999,50318385.88671
2025-12-17,0.11453,0.11741,0.10834,0.10984,495293486.0,2025-12-17 23:59:59.999,55557951.1233
2025-12-18,0.10985,0.11422,0.10389,0.10484,679709491.0,2025-12-18 23:59:59.999,73867591.34916
2025-12-19,0.10484,0.11365,0.10283,0.11188,662422853.0,2025-12-19 23:59:59.999,72113044.4019
2025-12-20,0.11187,0.11464,0.11065,0.11368,251583363.0,2025-12-20 23:59:59.999,28296484.14188
2025-12-21,0.11368,0.11394,0.10922,0.11187,273367357.0,2025-12-21 23:59:59.999,30534462.28543
2025-12-22,0.11187,0.1168,0.11046,0.11408,403824007.0,2025-12-22 23:59:59.999,45935544.69256
2025-12-23,0.11407,0.11474,0.10902,0.11038,348524284.0,2025-12-23 23:59:59.999,38703006.62073
2025-12-24,0.11038,0.11115,0.10806,0.10927,268968273.0,2025-12-24 23:59:59.999,29435870.78655
2025-12-25,0.10926,0.11301,0.10832,0.1088,299186324.0,2025-12-25 23:59:59.999,33222896.49182
2025-12-26,0.1088,0.11723,0.10828,0.11159,464575789.0,2025-12-26 23:59:59.999,52442456.29948
2025-12-27,0.11159,0.11576,0.11107,0.11521,216429822.0,2025-12-27 23:59:59.999,24449976.36221
2025-12-28,0.1152,0.11669,0.11351,0.11541,209834272.0,2025-12-28 23:59:59.999,24198111.65014
2025-12-29,0.11541,0.11897,0.1125,0.11277,439912997.0,2025-12-29 23:59:59.999,50716706.72856
2025-12-30,0.11277,0.11344,0.11021,0.11159,317637539.0,2025-12-30 23:59:59.999,35543879.48494
2025-12-31,0.11159,0.11196,0.10569,0.10625,404920489.0,2025-12-31 23:59:59.999,44111656.1577
2026-01-01,0.10626,0.11442,0.10626,0.11429,405290372.0,2026-01-01 23:59:59.999,44464526.58209
2026-01-02,0.11429,0.12232,0.11301,0.12157,610296221.0,2026-01-02 23:59:59.999,72341390.63333
2026-01-03,0.12158,0.12226,0.1171,0.12074,286431515.0,2026-01-03 23:59:59.999,34365796.0631
2026-01-04,0.12074,0.12887,0.12011,0.12536,428087496.0,2026-01-04 23:59:59.999,53215521.87652
2026-01-05,0.12536,0.13255,0.12354,0.1316,601270037.0,2026-01-05 23:59:59.999,76568566.6206
2026-01-06,0.13161,0.13489,0.12411,0.12892,788709611.0,2026-01-06 23:59:59.999,102434762.30145
2026-01-07,0.12891,0.12958,0.12222,0.12362,491667203.0,2026-01-07 23:59:59.999,61551459.2227
2026-01-08,0.12362,0.12427,0.11773,0.12045,549358306.0,2026-01-08 23:59:59.999,66517944.68471
2026-01-09,0.12046,0.12347,0.118,0.12028,488764533.0,2026-01-09 23:59:59.999,58596942.93971
2026-01-10,0.12028,0.12092,0.11717,0.11776,194294897.0,2026-01-10 23:59:59.999,23157514.91736
2026-01-11,0.11776,0.11914,0.11564,0.11722,295954949.0,2026-01-11 23:59:59.999,34756749.86923
2026-01-12,0.11722,0.12033,0.11342,0.11498,492305562.0,2026-01-12 23:59:59.999,57380494.98345
2026-01-13,0.11497,0.12408,0.11455,0.12228,548798563.0,2026-01-13 23:59:59.999,65114461.26511
2026-01-14,0.12227,0.12897,0.12179,0.12331,758830724.0,2026-01-14 23:59:59.999,94777614.00968
2026-01-15,0.12331,0.12345,0.11606,0.11774,454105176.0,2026-01-15 23:59:59.999,54474229.05774
2026-01-16,0.11773,0.11979,0.11427,0.11855,369054301.0,2026-01-16 23:59:59.999,43206026.17528
2026-01-17,0.11856,0.12077,0.11764,0.11879,262408968.0,2026-01-17 23:59:59.999,31207503.5771
2026-01-18,0.1188,0.11933,0.1115,0.11166,301520537.0,2026-01-18 23:59:59.999,35076408.65857
2026-01-19,0.11165,0.11251,0.10019,0.11081,652020017.0,2026-01-19 23:59:59.999,70913222.53365
2026-01-20,0.11081,0.11128,0.10367,0.10559,481772226.0,2026-01-20 23:59:59.999,51756548.20679
2026-01-21,0.10559,0.11152,0.10532,0.1092,669098581.0,2026-01-21 23:59:59.999,72757390.40195
2026-01-22,0.10921,0.11122,0.10675,0.10813,352113222.0,2026-01-22 23:59:59.999,38434289.74664
2026-01-23,0.10813,0.11259,0.10751,0.1094,366203919.0,2026-01-23 23:59:59.999,40237945.45992
2026-01-24,0.10939,0.10987,0.1074,0.10841,191375969.0,2026-01-24 23:59:59.999,20754742.13779
2026-01-25,0.1084,0.10866,0.10098,0.10321,412592463.0,2026-01-25 23:59:59.999,43312657.17668
2026-01-26,0.10322,0.10797,0.10306,0.10654,373602278.0,2026-01-26 23:59:59.999,39653034.53944
2026-01-27,0.10654,0.10859,0.10456,0.10811,337852522.0,2026-01-27 23:59:59.999,35999350.92486
2026-01-28,0.10811,0.10903,0.1061,0.10706,294818759.0,2026-01-28 23:59:59.999,31685004.66098
2026-01-29,0.10706,0.10734,0.09858,0.10106,554499775.0,2026-01-29 23:59:59.999,56513113.2274
2026-01-30,0.10106,0.10157,0.09659,0.0987,683126204.0,2026-01-30 23:59:59.999,67678250.2605
2026-01-31,0.0987,0.09873,0.08351,0.09286,1020864960.0,2026-01-31 23:59:59.999,92895119.35592
2026-02-01,0.09286,0.09345,0.08687,0.08849,683923559.0,2026-02-01 23:59:59.999,61813721.06624
2026-02-02,0.08848,0.0958,0.08603,0.09317,784013234.0,2026-02-02 23:59:59.999,71348837.86004
2026-02-03,0.09317,0.09447,0.08733,0.09064,765597960.0,2026-02-03 23:59:59.999,69698902.7347
2026-02-04,0.09064,0.09355,0.08817,0.08939,740032185.0,2026-02-04 23:59:59.999,67251659.63423
2026-02-05,0.08938,0.09013,0.07583,0.07804,1600101779.0,2026-02-05 23:59:59.999,132104882.07091
2026-02-06,0.07804,0.09811,0.0715,0.09123,1853033454.0,2026-02-06 23:59:59.999,158649820.98821
2026-02-07,0.09122,0.09165,0.08659,0.08995,695732912.0,2026-02-07 23:59:59.999,62149001.88198
2026-02-08,0.08995,0.09598,0.08874,0.09116,514291844.0,2026-02-08 23:59:59.999,47456111.40715
2026-02-09,0.09115,0.09386,0.08774,0.09204,535627520.0,2026-02-09 23:59:59.999,48770945.93151
2026-02-10,0.09205,0.09324,0.0893,0.09069,387995100.0,2026-02-10 23:59:59.999,35253476.93652
2026-02-11,0.09068,0.09123,0.0871,0.08903,408278484.0,2026-02-11 23:59:59.999,36327451.38964
2026-02-12,0.08903,0.09663,0.08903,0.09312,627416050.0,2026-02-12 23:59:59.999,58175359.7921
2026-02-13,0.09312,0.0989,0.09143,0.09875,466588788.0,2026-02-13 23:59:59.999,44236949.71029
2026-02-14,0.09876,0.10748,0.0987,0.10379,823195432.0,2026-02-14 23:59:59.999,84945980.25704
2026-02-15,0.10379,0.10648,0.0979,0.10026,573109383.0,2026-02-15 23:59:59.999,58449206.75896
2026-02-16,0.10026,0.10267,0.09838,0.10157,364538529.0,2026-02-16 23:59:59.999,36674717.20077
2026-02-17,0.10158,0.10346,0.09903,0.10201,326507200.0,2026-02-17 23:59:59.999,32963441.96847
2026-02-18,0.10201,0.10259,0.09867,0.09903,302995030.0,2026-02-18 23:59:59.999,30501643.83994
2026-02-19,0.09903,0.09961,0.09585,0.09759,321125049.0,2026-02-19 23:59:59.999,31341274.41821
2026-02-20,0.09758,0.10148,0.09687,0.09966,390744513.0,2026-02-20 23:59:59.999,38753804.89703
2026-02-21,0.09965,0.10146,0.09867,0.0997,274787534.0,2026-02-21 23:59:59.999,27496607.07457
2026-02-22,0.09971,0.09975,0.09644,0.09818,267114432.0,2026-02-22 23:59:59.999,26141832.24906
2026-02-23,0.09818,0.09839,0.09314,0.09485,518928330.0,2026-02-23 23:59:59.999,49471177.84513
2026-02-24,0.09484,0.09639,0.09265,0.09494,349938918.0,2026-02-24 23:59:59.999,33006683.79716
2026-02-25,0.09495,0.1069,0.09479,0.10175,605708995.0,2026-02-25 23:59:59.999,61077749.05828
2026-02-26,0.10176,0.1039,0.09917,0.10256,499619691.0,2026-02-26 23:59:59.999,50839693.15224
2026-02-27,0.10256,0.10512,0.09833,0.10034,414785757.0,2026-02-27 23:59:59.999,42057046.31855
2026-02-28,0.10034,0.10138,0.0943,0.10012,485670536.0,2026-02-28 23:59:59.999,47328826.48059
2026-03-01,0.10012,0.10329,0.09562,0.09693,408282310.0,2026-03-01 23:59:59.999,40523875.61979
2026-03-02,0.09693,0.10291,0.09633,0.09795,499698505.0,2026-03-02 23:59:59.999,49527462.87303
2026-03-03,0.09796,0.09824,0.09419,0.0969,434322913.0,2026-03-03 23:59:59.999,41768660.83274
2026-03-04,0.09689,0.10416,0.09663,0.10105,562216681.0,2026-03-04 23:59:59.999,56558327.69663
2026-03-05,0.10105,0.10161,0.09802,0.09953,341415980.0,2026-03-05 23:59:59.999,34207688.59957
2026-03-06,0.09953,0.10082,0.09611,0.0975,289617261.0,2026-03-06 23:59:59.999,28445820.97053
2026-03-07,0.09752,0.098,0.09506,0.09573,184195876.0,2026-03-07 23:59:59.999,17756962.92453
2026-03-08,0.09574,0.09665,0.09281,0.09385,290066280.0,2026-03-08 23:59:59.999,27472815.27387
2026-03-09,0.09386,0.09661,0.09368,0.09425,372059158.0,2026-03-09 23:59:59.999,35348411.36432
2026-03-10,0.09425,0.0989,0.09411,0.0951,361868736.0,2026-03-10 23:59:59.999,34867694.92489
2026-03-11,0.0951,0.09616,0.09319,0.09416,305202712.0,2026-03-11 23:59:59.999,28812499.60477
2026-03-12,0.09416,0.09536,0.09296,0.09476,280020688.0,2026-03-12 23:59:59.999,26380179.13063
2026-03-13,0.09476,0.09987,0.09443,0.09502,470887665.0,2026-03-13 23:59:59.999,45679474.89843
2026-03-14,0.09501,0.09525,0.09121,0.09346,331948754.0,2026-03-14 23:59:59.999,30815614.21587
2026-03-15,0.09347,0.09712,0.09285,0.09626,431178782.0,2026-03-15 23:59:59.999,41172993.56655
2026-03-16,0.09626,0.10107,0.09535,0.10024,591397746.0,2026-03-16 23:59:59.999,58248676.23152
2026-03-17,0.10023,0.1016,0.0977,0.09865,349630530.0,2026-03-17 23:59:59.999,34688834.77966
2026-03-18,0.09866,0.10078,0.09442,0.09571,394497407.0,2026-03-18 23:59:59.999,38350657.74244
2026-03-19,0.09571,0.09646,0.09132,0.09282,334698099.0,2026-03-19 23:59:59.999,31215682.03169
2026-03-20,0.09281,0.09471,0.09215,0.09311,244959548.0,2026-03-20 23:59:59.999,22854529.98392
2026-03-21,0.09312,0.09369,0.09108,0.09149,193680760.0,2026-03-21 23:59:59.999,17980204.77387
2026-03-22,0.09149,0.09226,0.08799,0.08914,403482015.0,2026-03-22 23:59:59.999,36289821.43809
2026-03-23,0.08915,0.09519,0.08868,0.09316,593426726.0,2026-03-23 23:59:59.999,54665743.01534
2026-03-24,0.09316,0.0945,0.09159,0.09414,337698863.0,2026-03-24 23:59:59.999,31446104.25652
2026-03-25,0.09414,0.09585,0.09382,0.09468,255117773.0,2026-03-25 23:59:59.999,24198244.60311
2026-03-26,0.09467,0.09471,0.09039,0.09107,264892255.0,2026-03-26 23:59:59.999,24323699.75754
2026-03-27,0.09106,0.0917,0.08845,0.08904,268759621.0,2026-03-27 23:59:59.999,24110911.78577
2026-03-28,0.08905,0.09187,0.0883,0.08976,194321265.0,2026-03-28 23:59:59.999,17527833.21823
2026-03-29,0.08975,0.09034,0.08592,0.08799,225372208.0,2026-03-29 23:59:59.999,19980332.77968
2026-03-30,0.088,0.09095,0.08683,0.0872,264113014.0,2026-03-30 23:59:59.999,23495194.96203
2026-03-31,0.08721,0.08836,0.08353,0.08757,509837969.0,2026-03-31 23:59:59.999,43845728.21664
2026-04-01,0.08757,0.0912,0.0874,0.08838,390580252.0,2026-04-01 23:59:59.999,34950489.41402
2026-04-02,0.08839,0.08953,0.08479,0.08794,317980553.0,2026-04-02 23:59:59.999,27627776.55577
2026-04-03,0.08795,0.09032,0.08722,0.08764,236087574.0,2026-04-03 23:59:59.999,20900882.39458
2026-04-04,0.08764,0.08784,0.08662,0.08744,157973949.0,2026-04-04 23:59:59.999,13778908.87973
2026-04-05,0.08744,0.0881,0.086,0.08799,198079364.0,2026-04-05 23:59:59.999,17217560.68558
2026-04-06,0.08799,0.09012,0.0869,0.08734,257428035.0,2026-04-06 23:59:59.999,22824848.16562
2026-04-07,0.08733,0.09296,0.08572,0.09184,331528794.0,2026-04-07 23:59:59.999,29356858.89836
2026-04-08,0.09184,0.09483,0.0884,0.08894,548621104.0,2026-04-08 23:59:59.999,50325965.97358
2026-04-09,0.08895,0.09166,0.08758,0.08929,286536282.0,2026-04-09 23:59:59.999,25586354.71539
2026-04-10,0.08929,0.09046,0.08763,0.08945,297339162.0,2026-04-10 23:59:59.999,26452930.88737
2026-04-11,0.08945,0.08981,0.08781,0.08826,198568151.0,2026-04-11 23:59:59.999,17576166.70059
2026-04-12,0.08825,0.08855,0.08497,0.08511,235619623.0,2026-04-12 23:59:59.999,20330647.6843
2026-04-13,0.0851,0.08809,0.08431,0.08775,385891719.0,2026-04-13 23:59:59.999,33023775.58619
2026-04-14,0.08774,0.08781,0.08432,0.08498,272383282.0,2026-04-14 23:59:59.999,23499744.4061
2026-04-15,0.08498,0.0874,0.08474,0.08705,225134815.0,2026-04-15 23:59:59.999,19349548.36334
2026-04-16,0.08706,0.09163,0.08627,0.09063,424197785.0,2026-04-16 23:59:59.999,37627009.27824
2026-04-17,0.09063,0.09349,0.0885,0.09065,433370325.0,2026-04-17 23:59:59.999,39549560.64685
2026-04-18,0.09065,0.09104,0.08784,0.08872,268896584.0,2026-04-18 23:59:59.999,23983259.4761
2026-04-19,0.08872,0.08958,0.08686,0.08718,277346882.0,2026-04-19 23:59:59.999,24465076.69496
2026-04-20,0.08718,0.09049,0.0871,0.08966,269098431.0,2026-04-20 23:59:59.999,23956668.66458
2026-04-21,0.08967,0.09132,0.08867,0.09029,257468488.0,2026-04-21 23:59:59.999,23171809.79081
2026-04-22,0.09029,0.09345,0.08978,0.09075,339798206.0,2026-04-22 23:59:59.999,31108333.09195
2026-04-23,0.09075,0.0914,0.08962,0.09074,224196748.0,2026-04-23 23:59:59.999,20296524.67923
2026-04-24,0.09076,0.09215,0.09003,0.09088,213692873.0,2026-04-24 23:59:59.999,19444209.2355
2026-04-25,0.09087,0.09214,0.09008,0.09118,223411011.0,2026-04-25 23:59:59.999,20360957.07338
2026-04-26,0.09117,0.09317,0.09046,0.09224,212736229.0,2026-04-26 23:59:59.999,19614195.17434
2026-04-27,0.09224,0.09309,0.0888,0.08969,352652455.0,2026-04-27 23:59:59.999,31952710.37934
2026-04-28,0.08968,0.08969,0.0881,0.08885,196720869.0,2026-04-28 23:59:59.999,17494859.0734
2026-04-29,0.08884,0.09103,0.08689,0.0886,290275597.0,2026-04-29 23:59:59.999,25886587.1547
2026-04-30,0.0886,0.08922,0.08722,0.08729,193844806.0,2026-04-30 23:59:59.999,17086367.31092
2026-05-01,0.0873,0.08857,0.08729,0.08811,175975531.0,2026-05-01 23:59:59.999,15473401.94097
2026-05-02,0.08811,0.08911,0.08751,0.08853,167965672.0,2026-05-02 23:59:59.999,14797664.56607
2026-05-03,0.08852,0.08865,0.08724,0.08764,130804852.0,2026-05-03 23:59:59.999,11507981.54879
2026-05-04,0.08764,0.08955,0.08712,0.08769,324011169.0,2026-05-04 23:59:59.999,28592411.74883
2026-05-05,0.08769,0.09112,0.08768,0.09024,400434041.0,2026-05-05 23:59:59.999,35889093.81862
2026-05-06,0.09023,0.09314,0.09012,0.09134,447017079.0,2026-05-06 23:59:59.999,40873460.65112
2026-05-07,0.09135,0.09168,0.08893,0.09006,370521992.0,2026-05-07 23:59:59.999,33467327.00385
2026-05-08,0.09007,0.09342,0.08938,0.09264,346100914.0,2026-05-08 23:59:59.999,31583341.62134
2026-05-09,0.09264,0.09512,0.09139,0.09284,341129607.0,2026-05-09 23:59:59.999,31798543.1471
2026-05-10,0.09284,0.09963,0.09213,0.09746,652476043.0,2026-05-10 23:59:59.999,62720258.90168
2026-05-11,0.09745,0.09767,0.0949,0.09683,413485704.0,2026-05-11 23:59:59.999,39794695.07606
2026-05-12,0.09684,0.09725,0.09255,0.09377,388845024.0,2026-05-12 23:59:59.999,36754113.06295
2026-05-13,0.09377,0.09558,0.09143,0.09335,385681173.0,2026-05-13 23:59:59.999,35967970.47119
2026-05-14,0.09334,0.09846,0.09239,0.09495,416758502.0,2026-05-14 23:59:59.999,39649390.17184
2026-05-15,0.09491,0.0957,0.09118,0.09279,423633467.0,2026-05-15 23:59:59.999,39519558.54658
2026-05-16,0.0928,0.09306,0.08984,0.09118,257137417.0,2026-05-16 23:59:59.999,23492567.36845
2026-05-17,0.09117,0.09201,0.08788,0.09006,190049450.0,2026-05-17 23:59:59.999,17222996.56075
2026-05-18,0.09006,0.09029,0.08802,0.09015,266341460.0,2026-05-18 23:59:59.999,23737116.43768
2026-05-19,0.09015,0.09096,0.08785,0.08851,219221637.0,2026-05-19 23:59:59.999,19554811.88212
2026-05-20,0.08851,0.08962,0.08793,0.08877,178511392.0,2026-05-20 23:59:59.999,15869434.15045
2026-05-21,0.08878,0.09075,0.08777,0.08991,263586597.0,2026-05-21 23:59:59.999,23503920.31715
2026-05-22,0.08992,0.09097,0.08744,0.08784,374403186.0,2026-05-22 23:59:59.999,33458649.56206
2026-05-23,0.08785,0.09111,0.08534,0.08966,375221253.0,2026-05-23 23:59:59.999,32995233.438
2026-05-24,0.08967,0.08997,0.08712,0.08837,186721934.0,2026-05-24 23:59:59.999,16590922.65974
2026-05-25,0.08838,0.08985,0.08787,0.08807,236426031.0,2026-05-25 23:59:59.999,21039182.03785
2026-05-26,0.08808,0.08925,0.08628,0.08649,271700375.0,2026-05-26 23:59:59.999,23777366.32626
2026-05-27,0.0865,0.08692,0.08505,0.08564,264199063.0,2026-05-27 23:59:59.999,22697091.89815
2026-05-28,0.08563,0.09253,0.0817,0.09097,1229610443.0,2026-05-28 23:59:59.999,107915530.56907
