open_time,open,high,low,close,volume,close_time,quote_asset_volume
2020-02-12,0.338,0.3725,0.3218,0.3306,25630878.8,2020-02-12 23:59:59.999,8845420.65183
2020-02-13,0.3315,0.3489,0.3033,0.3227,29301543.1,2020-02-13 23:59:59.999,9586387.38981
2020-02-14,0.3226,0.3289,0.3109,0.3242,21486527.0,2020-02-14 23:59:59.999,6896943.81757
2020-02-15,0.3245,0.3269,0.2781,0.2875,18981443.4,2020-02-15 23:59:59.999,5741663.74931
2020-02-16,0.2876,0.2976,0.1798,0.2775,14929658.1,2020-02-16 23:59:59.999,4114004.12362
2020-02-17,0.2775,0.2863,0.2528,0.2831,10481882.6,2020-02-17 23:59:59.999,2819143.88299
2020-02-18,0.2833,0.2933,0.2653,0.2906,11115592.7,2020-02-18 23:59:59.999,3126621.58287
2020-02-19,0.2906,0.2946,0.2485,0.2666,8257363.5,2020-02-19 23:59:59.999,2338952.42655
2020-02-20,0.2665,0.2717,0.2526,0.2654,6719465.8,2020-02-20 23:59:59.999,1767945.52495
2020-02-21,0.265,0.275,0.2629,0.2681,6929361.0,2020-02-21 23:59:59.999,1866995.56241
2020-02-22,0.2681,0.2737,0.26,0.2702,6285019.8,2020-02-22 23:59:59.999,1680636.80245
2020-02-23,0.2702,0.2855,0.27,0.2785,6109610.9,2020-02-23 23:59:59.999,1693742.44732
2020-02-24,0.2785,0.2808,0.2477,0.2622,8093321.5,2020-02-24 23:59:59.999,2164330.98608
2020-02-25,0.2625,0.2634,0.2455,0.2482,7605390.3,2020-02-25 23:59:59.999,1926352.44151
2020-02-26,0.2478,0.2502,0.2066,0.2159,13568333.1,2020-02-26 23:59:59.999,3077819.79423
2020-02-27,0.216,0.2295,0.2025,0.215,8524737.3,2020-02-27 23:59:59.999,1839593.096
2020-02-28,0.2152,0.2207,0.2029,0.2155,4818995.3,2020-02-28 23:59:59.999,1025109.14108
2020-02-29,0.2155,0.2211,0.2115,0.2127,4515851.5,2020-02-29 23:59:59.999,979084.13519
2020-03-01,0.2127,0.2219,0.2057,0.2101,3799723.6,2020-03-01 23:59:59.999,812572.26637
2020-03-02,0.21,0.2266,0.2084,0.2244,4608701.6,2020-03-02 23:59:59.999,1012181.95144
2020-03-03,0.2245,0.2282,0.2181,0.2239,3925245.3,2020-03-03 23:59:59.999,874270.15744
2020-03-04,0.2238,0.2258,0.2168,0.2224,3214156.6,2020-03-04 23:59:59.999,714179.83149
2020-03-05,0.2227,0.2376,0.2224,0.2276,6797011.1,2020-03-05 23:59:59.999,1575951.57608
2020-03-06,0.2276,0.2341,0.2239,0.2328,3414170.3,2020-03-06 23:59:59.999,785188.07073
2020-03-07,0.233,0.2376,0.2197,0.2234,5423214.1,2020-03-07 23:59:59.999,1242951.66044
2020-03-08,0.2232,0.2234,0.188,0.1918,6854768.3,2020-03-08 23:59:59.999,1412839.72585
2020-03-09,0.1917,0.1989,0.1779,0.1918,7393990.8,2020-03-09 23:59:59.999,1389867.13427
2020-03-10,0.1921,0.1998,0.1866,0.198,8294932.5,2020-03-10 23:59:59.999,1605476.0126
2020-03-11,0.1976,0.2017,0.1823,0.1949,7098789.6,2020-03-11 23:59:59.999,1370123.89301
2020-03-12,0.195,0.196,0.1063,0.1085,16066767.6,2020-03-12 23:59:59.999,2413011.01535
2020-03-13,0.1079,0.141,0.0733,0.1291,11933314.4,2020-03-13 23:59:59.999,1364721.60019
2020-03-14,0.1291,0.1302,0.1176,0.1235,7322536.1,2020-03-14 23:59:59.999,912035.58549
2020-03-15,0.124,0.1329,0.1178,0.1213,6311992.3,2020-03-15 23:59:59.999,782847.53225
2020-03-16,0.1215,0.1215,0.0898,0.1082,13544000.6,2020-03-16 23:59:59.999,1411284.63906
2020-03-17,0.1081,0.1254,0.1066,0.1198,7355313.2,2020-03-17 23:59:59.999,842625.9118
2020-03-18,0.1198,0.1285,0.1115,0.1258,7196853.7,2020-03-18 23:59:59.999,850970.4608
2020-03-19,0.126,0.1595,0.1227,0.1483,11274459.7,2020-03-19 23:59:59.999,1593307.65505
2020-03-20,0.148,0.1637,0.125,0.1411,14282017.0,2020-03-20 23:59:59.999,2116794.24198
2020-03-21,0.141,0.1476,0.1299,0.138,6816315.4,2020-03-21 23:59:59.999,938119.18585
2020-03-22,0.1381,0.1427,0.125,0.1257,7784853.2,2020-03-22 23:59:59.999,1040754.31173
2020-03-23,0.1254,0.1436,0.1221,0.1429,3540130.3,2020-03-23 23:59:59.999,469260.44193
2020-03-24,0.1432,0.1454,0.137,0.1442,2498592.2,2020-03-24 23:59:59.999,353997.05507
2020-03-25,0.144,0.1466,0.1365,0.1406,2258917.6,2020-03-25 23:59:59.999,318991.81455
2020-03-26,0.1405,0.1455,0.1381,0.1451,2063712.7,2020-03-26 23:59:59.999,291730.65247
2020-03-27,0.1452,0.1491,0.1354,0.1361,3207187.5,2020-03-27 23:59:59.999,462745.2656
2020-03-28,0.1357,0.14,0.1309,0.1388,5169594.8,2020-03-28 23:59:59.999,701084.92499
2020-03-29,0.1388,0.1391,0.1304,0.1312,2839042.1,2020-03-29 23:59:59.999,382366.81395
2020-03-30,0.1311,0.1458,0.1308,0.1406,4508533.0,2020-03-30 23:59:59.999,633979.766
2020-03-31,0.1406,0.1455,0.1403,0.1433,2447526.5,2020-03-31 23:59:59.999,349118.53187
2020-04-01,0.1433,0.1469,0.1372,0.146,3227289.6,2020-04-01 23:59:59.999,456743.02229
2020-04-02,0.1462,0.1549,0.1432,0.1474,4260544.0,2020-04-02 23:59:59.999,627329.61136
2020-04-03,0.1472,0.1541,0.146,0.1493,3229568.4,2020-04-03 23:59:59.999,484982.86406
2020-04-04,0.1489,0.1522,0.1452,0.1495,2577305.9,2020-04-04 23:59:59.999,381711.48324
2020-04-05,0.1495,0.15,0.1453,0.1484,2090633.0,2020-04-05 23:59:59.999,309362.8358
2020-04-06,0.1485,0.1668,0.1484,0.1656,3753962.8,2020-04-06 23:59:59.999,593668.49327
2020-04-07,0.1659,0.1756,0.16,0.1632,5343353.5,2020-04-07 23:59:59.999,903031.89979
2020-04-08,0.1634,0.1727,0.1625,0.1718,4126833.0,2020-04-08 23:59:59.999,693995.0945
2020-04-09,0.1719,0.1733,0.1666,0.1724,3509184.9,2020-04-09 23:59:59.999,599032.93039
2020-04-10,0.1724,0.1725,0.1513,0.1606,5666958.8,2020-04-10 23:59:59.999,907399.47114
2020-04-11,0.1606,0.1639,0.1547,0.1597,4308635.7,2020-04-11 23:59:59.999,687963.73604
2020-04-12,0.1599,0.1673,0.1559,0.1616,6028823.0,2020-04-12 23:59:59.999,978614.61403
2020-04-13,0.1616,0.1617,0.154,0.1592,9330425.2,2020-04-13 23:59:59.999,1468145.39845
2020-04-14,0.1592,0.1627,0.1549,0.1579,4569705.4,2020-04-14 23:59:59.999,727516.92892
2020-04-15,0.1579,0.1592,0.1466,0.1481,9015778.3,2020-04-15 23:59:59.999,1394171.96738
2020-04-16,0.1479,0.161,0.1416,0.1574,12663149.1,2020-04-16 23:59:59.999,1942358.32438
2020-04-17,0.1575,0.1592,0.1545,0.1559,6320400.6,2020-04-17 23:59:59.999,991101.34627
2020-04-18,0.1559,0.1649,0.1556,0.1626,7618435.5,2020-04-18 23:59:59.999,1220072.21247
2020-04-19,0.1627,0.1629,0.1545,0.1558,8853498.2,2020-04-19 23:59:59.999,1401172.97542
2020-04-20,0.1559,0.1602,0.146,0.1481,21366835.8,2020-04-20 23:59:59.999,3299019.62775
2020-04-21,0.1481,0.1531,0.1475,0.1514,16500302.5,2020-04-21 23:59:59.999,2482434.28844
2020-04-22,0.1513,0.1576,0.1502,0.1559,7461387.0,2020-04-22 23:59:59.999,1151034.65761
2020-04-23,0.1559,0.1644,0.1525,0.1588,12430995.5,2020-04-23 23:59:59.999,1966522.3965
2020-04-24,0.1588,0.168,0.1586,0.1674,16039288.8,2020-04-24 23:59:59.999,2636203.12943
2020-04-25,0.1675,0.1741,0.1651,0.1698,9739019.2,2020-04-25 23:59:59.999,1652697.02459
2020-04-26,0.1698,0.1786,0.1695,0.176,9704542.8,2020-04-26 23:59:59.999,1693060.91044
2020-04-27,0.1762,0.177,0.166,0.1737,6631036.3,2020-04-27 23:59:59.999,1141058.79555
2020-04-28,0.1739,0.1746,0.1678,0.1738,8477692.3,2020-04-28 23:59:59.999,1448513.59757
2020-04-29,0.1738,0.1894,0.1735,0.1859,13358826.7,2020-04-29 23:59:59.999,2432937.29812
2020-04-30,0.186,0.1918,0.1719,0.1759,13533039.2,2020-04-30 23:59:59.999,2453355.16375
2020-05-01,0.1758,0.1871,0.1753,0.1815,8911144.8,2020-05-01 23:59:59.999,1626611.85046
2020-05-02,0.1816,0.1924,0.181,0.1914,10692395.3,2020-05-02 23:59:59.999,2001166.04374
2020-05-03,0.1914,0.1954,0.1781,0.1825,11620085.6,2020-05-03 23:59:59.999,2164126.4919
2020-05-04,0.1825,0.1887,0.1715,0.1827,19060097.3,2020-05-04 23:59:59.999,3425857.57339
2020-05-05,0.1827,0.1879,0.1792,0.1876,9039740.0,2020-05-05 23:59:59.999,1664257.16553
2020-05-06,0.1876,0.1898,0.1763,0.1768,10702397.0,2020-05-06 23:59:59.999,1984220.3096
2020-05-07,0.1772,0.189,0.175,0.1846,16206854.5,2020-05-07 23:59:59.999,2969695.64536
2020-05-08,0.1847,0.2057,0.1813,0.2026,23388340.8,2020-05-08 23:59:59.999,4541140.33382
2020-05-09,0.2026,0.2161,0.197,0.1976,41703487.7,2020-05-09 23:59:59.999,8615098.16173
2020-05-10,0.1975,0.1977,0.1632,0.1839,46746832.5,2020-05-10 23:59:59.999,8351155.58157
2020-05-11,0.1835,0.1868,0.1665,0.1766,25241820.9,2020-05-11 23:59:59.999,4496714.35165
2020-05-12,0.1767,0.1888,0.176,0.186,15760822.5,2020-05-12 23:59:59.999,2896453.43954
2020-05-13,0.1857,0.196,0.1841,0.1919,14728362.5,2020-05-13 23:59:59.999,2823923.78447
2020-05-14,0.1921,0.215,0.1877,0.2089,25504625.7,2020-05-14 23:59:59.999,5132194.4838
2020-05-15,0.2089,0.2112,0.1956,0.1976,33084216.5,2020-05-15 23:59:59.999,6762295.79799
2020-05-16,0.1978,0.202,0.1952,0.197,13273184.7,2020-05-16 23:59:59.999,2642482.92781
2020-05-17,0.197,0.2062,0.1962,0.1993,12743483.1,2020-05-17 23:59:59.999,2568148.85199
2020-05-18,0.1992,0.2069,0.1984,0.2039,8073196.6,2020-05-18 23:59:59.999,1639452.23064
2020-05-19,0.2039,0.204,0.1991,0.2023,9475856.9,2020-05-19 23:59:59.999,1910803.53156
2020-05-20,0.2025,0.2052,0.195,0.1994,11059801.6,2020-05-20 23:59:59.999,2221575.0344
2020-05-21,0.1993,0.2016,0.1807,0.1878,12363765.4,2020-05-21 23:59:59.999,2353846.48822
2020-05-22,0.1878,0.2046,0.185,0.2021,11570744.6,2020-05-22 23:59:59.999,2272316.30217
2020-05-23,0.2021,0.2087,0.1983,0.1992,10526490.2,2020-05-23 23:59:59.999,2132463.07098
2020-05-24,0.1991,0.2029,0.1893,0.1898,8276445.1,2020-05-24 23:59:59.999,1631640.00451
2020-05-25,0.1898,0.1986,0.1884,0.1979,8546509.3,2020-05-25 23:59:59.999,1658544.14018
2020-05-26,0.198,0.1986,0.1884,0.194,8339965.9,2020-05-26 23:59:59.999,1615230.57949
2020-05-27,0.194,0.1999,0.1925,0.1963,8520292.6,2020-05-27 23:59:59.999,1670960.81836
2020-05-28,0.1964,0.204,0.1938,0.2031,7315559.3,2020-05-28 23:59:59.999,1451482.78211
2020-05-29,0.2033,0.2047,0.196,0.2013,7633913.7,2020-05-29 23:59:59.999,1529140.47503
2020-05-30,0.2012,0.2193,0.1992,0.2188,16044607.6,2020-05-30 23:59:59.999,3359824.27505
2020-05-31,0.2188,0.2418,0.2137,0.2197,44007551.4,2020-05-31 23:59:59.999,10053764.75816
2020-06-01,0.2196,0.2387,0.218,0.2363,22164077.8,2020-06-01 23:59:59.999,5030825.39568
2020-06-02,0.2363,0.2494,0.212,0.2339,22587845.5,2020-06-02 23:59:59.999,5291404.03449
2020-06-03,0.2341,0.2529,0.231,0.2513,24614680.9,2020-06-03 23:59:59.999,5956072.81055
2020-06-04,0.2515,0.2585,0.2378,0.2494,30623436.6,2020-06-04 23:59:59.999,7622710.10501
2020-06-05,0.2492,0.2564,0.2388,0.2409,25960622.7,2020-06-05 23:59:59.999,6429417.43509
2020-06-06,0.2409,0.2486,0.2352,0.2436,20749007.3,2020-06-06 23:59:59.999,5026180.61551
2020-06-07,0.2435,0.2472,0.2312,0.2409,23147534.4,2020-06-07 23:59:59.999,5560427.32409
2020-06-08,0.2409,0.2427,0.2364,0.2414,9556005.0,2020-06-08 23:59:59.999,2296781.49851
2020-06-09,0.2415,0.2518,0.235,0.2467,21999928.7,2020-06-09 23:59:59.999,5415836.65334
2020-06-10,0.2467,0.2509,0.24,0.2505,12350159.6,2020-06-10 23:59:59.999,3032718.70517
2020-06-11,0.2505,0.2514,0.215,0.2223,24842037.9,2020-06-11 23:59:59.999,5823532.66381
2020-06-12,0.2222,0.2308,0.2185,0.2249,14484026.0,2020-06-12 23:59:59.999,3263058.40558
2020-06-13,0.2249,0.2299,0.2222,0.229,9831079.4,2020-06-13 23:59:59.999,2227970.04772
2020-06-14,0.2287,0.2294,0.2202,0.2214,9231687.0,2020-06-14 23:59:59.999,2077489.70725
2020-06-15,0.2214,0.2224,0.2027,0.2177,23943272.2,2020-06-15 23:59:59.999,5122052.51604
2020-06-16,0.2177,0.2227,0.2144,0.2193,10774075.1,2020-06-16 23:59:59.999,2353321.84842
2020-06-17,0.2195,0.2286,0.218,0.2244,15626986.9,2020-06-17 23:59:59.999,3489166.3653
2020-06-18,0.2245,0.2281,0.2211,0.2237,8138201.7,2020-06-18 23:59:59.999,1830137.90744
2020-06-19,0.2237,0.2241,0.2171,0.2191,11620258.5,2020-06-19 23:59:59.999,2561883.22496
2020-06-20,0.2188,0.2207,0.2109,0.2178,10725013.9,2020-06-20 23:59:59.999,2308789.87844
2020-06-21,0.2175,0.2217,0.2161,0.2176,5647424.8,2020-06-21 23:59:59.999,1236335.75203
2020-06-22,0.2176,0.2341,0.2173,0.232,10173807.3,2020-06-22 23:59:59.999,2304548.525
2020-06-23,0.2322,0.2332,0.2265,0.2287,8688700.6,2020-06-23 23:59:59.999,1996985.10339
2020-06-24,0.2289,0.2353,0.2146,0.2204,14583259.5,2020-06-24 23:59:59.999,3271901.43937
2020-06-25,0.2204,0.2227,0.2086,0.2201,7832061.4,2020-06-25 23:59:59.999,1701660.93358
2020-06-26,0.2201,0.221,0.2107,0.215,7786422.7,2020-06-26 23:59:59.999,1675329.52674
2020-06-27,0.2151,0.2177,0.1936,0.203,13377351.3,2020-06-27 23:59:59.999,2765598.36767
2020-06-28,0.203,0.2129,0.2003,0.2083,11668168.3,2020-06-28 23:59:59.999,2418346.88987
2020-06-29,0.2081,0.2165,0.2037,0.2143,14889595.2,2020-06-29 23:59:59.999,3106642.87856
2020-06-30,0.2144,0.2261,0.2091,0.2254,21885971.0,2020-06-30 23:59:59.999,4767118.32858
2020-07-01,0.2254,0.2335,0.222,0.23,31649395.2,2020-07-01 23:59:59.999,7184384.82462
2020-07-02,0.2303,0.2399,0.2183,0.2292,38543941.7,2020-07-02 23:59:59.999,8854302.58913
2020-07-03,0.2292,0.233,0.2224,0.2248,14231684.4,2020-07-03 23:59:59.999,3246830.26806
2020-07-04,0.2248,0.2424,0.2239,0.2405,25807205.3,2020-07-04 23:59:59.999,6054967.43341
2020-07-05,0.2407,0.2418,0.2256,0.2355,21953364.3,2020-07-05 23:59:59.999,5153220.28207
2020-07-06,0.2356,0.2493,0.235,0.2465,26180042.1,2020-07-06 23:59:59.999,6358749.61895
2020-07-07,0.2464,0.2484,0.2382,0.2451,16643695.9,2020-07-07 23:59:59.999,4035746.97824
2020-07-08,0.2451,0.2623,0.242,0.2569,31626107.5,2020-07-08 23:59:59.999,8018319.63738
2020-07-09,0.2566,0.2687,0.2463,0.2549,35622201.9,2020-07-09 23:59:59.999,9164594.56676
2020-07-10,0.2549,0.2553,0.2383,0.251,23580981.5,2020-07-10 23:59:59.999,5802301.84818
2020-07-11,0.2511,0.2534,0.2448,0.2496,11720774.8,2020-07-11 23:59:59.999,2923368.8958
2020-07-12,0.2497,0.2539,0.2442,0.2512,14164573.6,2020-07-12 23:59:59.999,3528686.01776
2020-07-13,0.2515,0.2639,0.2417,0.2493,24774061.6,2020-07-13 23:59:59.999,6318025.11263
2020-07-14,0.2491,0.2546,0.2433,0.2493,12275988.7,2020-07-14 23:59:59.999,3061808.50767
2020-07-15,0.2491,0.2509,0.2431,0.2454,11572653.9,2020-07-15 23:59:59.999,2862795.68933
2020-07-16,0.2455,0.2475,0.2288,0.2414,17388216.8,2020-07-16 23:59:59.999,4118425.28914
2020-07-17,0.2413,0.2431,0.2373,0.2407,6663593.2,2020-07-17 23:59:59.999,1602490.52378
2020-07-18,0.2407,0.242,0.238,0.2384,6466890.1,2020-07-18 23:59:59.999,1552714.94174
2020-07-19,0.2384,0.2501,0.2375,0.2482,11783873.1,2020-07-19 23:59:59.999,2870992.11629
2020-07-20,0.2484,0.2557,0.2459,0.25,24173149.9,2020-07-20 23:59:59.999,6078420.14659
2020-07-21,0.2501,0.27,0.2497,0.2652,46220352.3,2020-07-21 23:59:59.999,12196253.10117
2020-07-22,0.2653,0.2796,0.263,0.2781,25751187.8,2020-07-22 23:59:59.999,6995406.50925
2020-07-23,0.2783,0.2856,0.2738,0.2797,26957363.9,2020-07-23 23:59:59.999,7531272.5669
2020-07-24,0.2797,0.2798,0.266,0.2673,15348637.0,2020-07-24 23:59:59.999,4160185.22147
2020-07-25,0.2672,0.2775,0.267,0.2761,14780273.0,2020-07-25 23:59:59.999,4042507.05447
2020-07-26,0.2763,0.2808,0.2683,0.2694,15887037.7,2020-07-26 23:59:59.999,4357417.46342
2020-07-27,0.2694,0.2758,0.2517,0.2719,39833688.0,2020-07-27 23:59:59.999,10534933.10126
2020-07-28,0.2719,0.281,0.2668,0.2717,35530076.0,2020-07-28 23:59:59.999,9742157.77078
2020-07-29,0.2718,0.2935,0.2703,0.2861,30528952.3,2020-07-29 23:59:59.999,8634902.75067
2020-07-30,0.2862,0.3078,0.2828,0.3006,66561300.1,2020-07-30 23:59:59.999,19808893.77854
2020-07-31,0.3006,0.3043,0.2935,0.2996,19911538.9,2020-07-31 23:59:59.999,5965029.0856
2020-08-01,0.2995,0.3183,0.2971,0.3143,32449323.7,2020-08-01 23:59:59.999,9943633.91658
2020-08-02,0.3147,0.3229,0.2681,0.2888,43221601.8,2020-08-02 23:59:59.999,12768778.75848
2020-08-03,0.2889,0.3073,0.285,0.3013,21360766.5,2020-08-03 23:59:59.999,6401830.59592
2020-08-04,0.3011,0.312,0.2974,0.3078,21763395.6,2020-08-04 23:59:59.999,6631787.54449
2020-08-05,0.3078,0.3104,0.3022,0.3052,14458343.2,2020-08-05 23:59:59.999,4433530.3803
2020-08-06,0.3052,0.3235,0.2992,0.3164,38965082.7,2020-08-06 23:59:59.999,12232132.51746
2020-08-07,0.3165,0.3333,0.3077,0.3192,36281893.0,2020-08-07 23:59:59.999,11686709.62906
2020-08-08,0.3192,0.337,0.3153,0.3316,16520041.8,2020-08-08 23:59:59.999,5431680.76821
2020-08-09,0.332,0.3489,0.3298,0.3477,26785771.7,2020-08-09 23:59:59.999,9135534.44446
2020-08-10,0.3481,0.3878,0.345,0.3836,36087076.2,2020-08-10 23:59:59.999,12975321.49651
2020-08-11,0.3831,0.4148,0.355,0.3681,82550769.9,2020-08-11 23:59:59.999,32110190.84112
2020-08-12,0.3681,0.3869,0.3441,0.3857,37575370.0,2020-08-12 23:59:59.999,13781346.75679
2020-08-13,0.3857,0.4043,0.3657,0.3772,39162390.8,2020-08-13 23:59:59.999,14997163.28722
2020-08-14,0.3771,0.4177,0.3745,0.4084,48120195.4,2020-08-14 23:59:59.999,19133388.66897
2020-08-15,0.4081,0.4426,0.3943,0.42,50190782.5,2020-08-15 23:59:59.999,21145882.92472
2020-08-16,0.4201,0.4342,0.4013,0.4242,30839759.5,2020-08-16 23:59:59.999,12934516.29311
2020-08-17,0.4246,0.4287,0.4079,0.413,26776103.0,2020-08-17 23:59:59.999,11190995.17041
2020-08-18,0.4126,0.4192,0.3819,0.3945,21809622.3,2020-08-18 23:59:59.999,8700368.80787
2020-08-19,0.3945,0.4009,0.3569,0.3726,34476587.0,2020-08-19 23:59:59.999,12927469.69065
2020-08-20,0.3722,0.4004,0.3672,0.3996,21558830.9,2020-08-20 23:59:59.999,8326580.68077
2020-08-21,0.3993,0.4418,0.3706,0.3714,64661133.4,2020-08-21 23:59:59.999,26698926.39273
2020-08-22,0.3711,0.4055,0.3647,0.4036,28705145.6,2020-08-22 23:59:59.999,11114996.14846
2020-08-23,0.4036,0.4078,0.3775,0.3851,18039711.2,2020-08-23 23:59:59.999,7039667.88005
2020-08-24,0.3851,0.3999,0.3759,0.3932,15051081.2,2020-08-24 23:59:59.999,5874019.22626
2020-08-25,0.3931,0.3942,0.35,0.3621,29373990.9,2020-08-25 23:59:59.999,10874505.13274
2020-08-26,0.3621,0.3651,0.345,0.3567,20795077.9,2020-08-26 23:59:59.999,7423625.57422
2020-08-27,0.3568,0.3603,0.3207,0.3394,27452511.0,2020-08-27 23:59:59.999,9294908.48887
2020-08-28,0.3394,0.3552,0.3327,0.3493,16133608.1,2020-08-28 23:59:59.999,5591964.38151
2020-08-29,0.3493,0.3719,0.3456,0.3665,14579432.8,2020-08-29 23:59:59.999,5259343.60605
2020-08-30,0.3665,0.3756,0.3578,0.3651,14369366.6,2020-08-30 23:59:59.999,5257680.57306
2020-08-31,0.365,0.3725,0.3557,0.3617,14258214.2,2020-08-31 23:59:59.999,5197722.31965
2020-09-01,0.3616,0.3774,0.3546,0.3653,19913082.9,2020-09-01 23:59:59.999,7325686.67247
2020-09-02,0.365,0.3691,0.319,0.3378,30711842.4,2020-09-02 23:59:59.999,10414674.06268
2020-09-03,0.3377,0.3421,0.2613,0.2736,41934890.8,2020-09-03 23:59:59.999,12906545.33763
2020-09-04,0.273,0.298,0.263,0.2879,48875837.1,2020-09-04 23:59:59.999,13799500.34173
2020-09-05,0.2879,0.2955,0.2481,0.2644,44822125.1,2020-09-05 23:59:59.999,12098805.23482
2020-09-06,0.2643,0.2925,0.2518,0.2855,35996758.6,2020-09-06 23:59:59.999,9945815.07196
2020-09-07,0.2855,0.2884,0.2611,0.2834,24785006.0,2020-09-07 23:59:59.999,6773321.74069
2020-09-08,0.2834,0.2962,0.2634,0.2755,34350850.1,2020-09-08 23:59:59.999,9507891.27819
2020-09-09,0.2757,0.295,0.2701,0.2847,18735669.1,2020-09-09 23:59:59.999,5332425.02306
2020-09-10,0.2847,0.3038,0.2843,0.2992,21069817.4,2020-09-10 23:59:59.999,6238959.46045
2020-09-11,0.2992,0.3013,0.2805,0.2923,20256834.6,2020-09-11 23:59:59.999,5884142.77469
2020-09-12,0.2922,0.3003,0.2822,0.2979,20385931.1,2020-09-12 23:59:59.999,5906156.32426
2020-09-13,0.298,0.3002,0.2709,0.2807,22252381.2,2020-09-13 23:59:59.999,6315953.20261
2020-09-14,0.2807,0.2919,0.2712,0.284,17930095.5,2020-09-14 23:59:59.999,5074560.86036
2020-09-15,0.284,0.2888,0.27,0.2732,15701664.5,2020-09-15 23:59:59.999,4386929.53609
2020-09-16,0.2731,0.2806,0.2671,0.2708,13587995.1,2020-09-16 23:59:59.999,3722616.82622
2020-09-17,0.271,0.2852,0.2675,0.2808,13678994.4,2020-09-17 23:59:59.999,3775885.60646
2020-09-18,0.2807,0.2823,0.2684,0.2737,11346910.6,2020-09-18 23:59:59.999,3115142.33103
2020-09-19,0.2737,0.2797,0.2708,0.2721,5811495.0,2020-09-19 23:59:59.999,1595289.58453
2020-09-20,0.2722,0.2728,0.2541,0.2627,10862480.6,2020-09-20 23:59:59.999,2857582.17289
2020-09-21,0.2627,0.2686,0.2316,0.24,24245270.0,2020-09-21 23:59:59.999,6037169.85647
2020-09-22,0.2401,0.2472,0.2301,0.2435,15128517.5,2020-09-22 23:59:59.999,3612745.85648
2020-09-23,0.2435,0.2535,0.2286,0.2327,18041579.1,2020-09-23 23:59:59.999,4349922.28191
2020-09-24,0.2328,0.2524,0.2298,0.247,13125329.0,2020-09-24 23:59:59.999,3192642.6524
2020-09-25,0.2469,0.2618,0.2378,0.2558,17393053.7,2020-09-25 23:59:59.999,4351112.50609
2020-09-26,0.256,0.2649,0.2499,0.263,11329070.9,2020-09-26 23:59:59.999,2925985.90953
2020-09-27,0.263,0.2679,0.2503,0.2592,9715600.3,2020-09-27 23:59:59.999,2516511.46015
2020-09-28,0.2593,0.2817,0.2593,0.2687,22658226.2,2020-09-28 23:59:59.999,6145915.4406
2020-09-29,0.2687,0.2797,0.2618,0.274,15076806.9,2020-09-29 23:59:59.999,4095860.20388
2020-09-30,0.2742,0.2887,0.2622,0.2834,16302940.5,2020-09-30 23:59:59.999,4529732.48978
2020-10-01,0.2836,0.2893,0.2632,0.2723,14578627.1,2020-10-01 23:59:59.999,4018668.96093
2020-10-02,0.272,0.2788,0.2515,0.268,19098352.3,2020-10-02 23:59:59.999,5039909.19206
2020-10-03,0.2683,0.2803,0.2649,0.2657,13906699.0,2020-10-03 23:59:59.999,3806976.04636
2020-10-04,0.2657,0.2777,0.2631,0.2751,9393059.2,2020-10-04 23:59:59.999,2546964.66771
2020-10-05,0.2748,0.2792,0.2669,0.271,8716342.5,2020-10-05 23:59:59.999,2370927.86298
2020-10-06,0.271,0.2715,0.2506,0.2533,13159952.4,2020-10-06 23:59:59.999,3434247.68146
2020-10-07,0.2532,0.259,0.2426,0.2575,12120152.0,2020-10-07 23:59:59.999,3054337.27846
2020-10-08,0.2572,0.2635,0.245,0.2627,14951040.3,2020-10-08 23:59:59.999,3826127.54612
2020-10-09,0.2628,0.2715,0.2594,0.2697,12549434.5,2020-10-09 23:59:59.999,3330964.56804
2020-10-10,0.27,0.2785,0.2673,0.2725,16379792.4,2020-10-10 23:59:59.999,4474027.12078
2020-10-11,0.2725,0.286,0.2708,0.282,13451401.2,2020-10-11 23:59:59.999,3756054.86137
2020-10-12,0.282,0.2946,0.272,0.288,15794764.5,2020-10-12 23:59:59.999,4484323.10629
2020-10-13,0.288,0.294,0.2801,0.2849,9764480.5,2020-10-13 23:59:59.999,2800253.21678
2020-10-14,0.2847,0.2882,0.2686,0.2735,10088122.6,2020-10-14 23:59:59.999,2812899.82504
2020-10-15,0.2735,0.2773,0.2648,0.2769,11119376.4,2020-10-15 23:59:59.999,3018993.52722
2020-10-16,0.2769,0.2812,0.2617,0.2641,9124647.3,2020-10-16 23:59:59.999,2464128.50103
2020-10-17,0.2639,0.2731,0.26,0.2697,8187365.0,2020-10-17 23:59:59.999,2184596.53483
2020-10-18,0.2698,0.2755,0.2691,0.2724,4674968.6,2020-10-18 23:59:59.999,1274274.11394
2020-10-19,0.2724,0.2799,0.266,0.2766,12435753.1,2020-10-19 23:59:59.999,3420314.70922
2020-10-20,0.2767,0.2773,0.2619,0.2637,8126496.5,2020-10-20 23:59:59.999,2181337.10739
2020-10-21,0.2636,0.2867,0.263,0.2807,14022533.0,2020-10-21 23:59:59.999,3890999.60487
2020-10-22,0.2806,0.2935,0.2802,0.283,13752161.0,2020-10-22 23:59:59.999,3943708.58825
2020-10-23,0.283,0.2836,0.2708,0.2768,12492673.3,2020-10-23 23:59:59.999,3476480.88061
2020-10-24,0.2766,0.2888,0.2739,0.2881,9825242.0,2020-10-24 23:59:59.999,2784377.11183
2020-10-25,0.2882,0.2916,0.2749,0.2788,11735652.8,2020-10-25 23:59:59.999,3308106.90398
2020-10-26,0.2788,0.2867,0.2655,0.2739,16472996.7,2020-10-26 23:59:59.999,4542301.25878
2020-10-27,0.2736,0.2874,0.2716,0.2779,14210458.2,2020-10-27 23:59:59.999,3970500.69542
2020-10-28,0.2778,0.2799,0.2638,0.2692,14696532.4,2020-10-28 23:59:59.999,3975402.27223
2020-10-29,0.269,0.2742,0.2542,0.2594,14915481.1,2020-10-29 23:59:59.999,3924980.19762
2020-10-30,0.2595,0.2624,0.2452,0.2572,12263040.3,2020-10-30 23:59:59.999,3109650.57845
2020-10-31,0.2571,0.2645,0.2531,0.2537,10037102.9,2020-10-31 23:59:59.999,2602614.43047
2020-11-01,0.2537,0.2558,0.2482,0.2527,9893944.3,2020-11-01 23:59:59.999,2486155.53017
2020-11-02,0.2527,0.2595,0.2436,0.2464,12858461.5,2020-11-02 23:59:59.999,3227335.19415
2020-11-03,0.2464,0.2476,0.2361,0.2452,13744268.8,2020-11-03 23:59:59.999,3308794.40027
2020-11-04,0.2453,0.2472,0.2262,0.2359,15691520.9,2020-11-04 23:59:59.999,3706557.85697
2020-11-05,0.2363,0.2529,0.2286,0.2487,24977705.8,2020-11-05 23:59:59.999,6007209.14958
2020-11-06,0.2488,0.2692,0.2478,0.2667,30572121.9,2020-11-06 23:59:59.999,7947400.84317
2020-11-07,0.2668,0.2772,0.2502,0.2571,41051852.3,2020-11-07 23:59:59.999,10827894.06748
2020-11-08,0.2571,0.2688,0.2528,0.2659,17145343.9,2020-11-08 23:59:59.999,4514851.27791
2020-11-09,0.2658,0.2685,0.245,0.2518,31149792.5,2020-11-09 23:59:59.999,7890754.88975
2020-11-10,0.2519,0.2584,0.2488,0.2548,13716782.0,2020-11-10 23:59:59.999,3486702.07146
2020-11-11,0.2549,0.2609,0.2507,0.2512,16878716.5,2020-11-11 23:59:59.999,4314915.72871
2020-11-12,0.2513,0.2595,0.2474,0.2487,12769643.9,2020-11-12 23:59:59.999,3221201.87703
2020-11-13,0.2488,0.2583,0.246,0.2571,15359810.3,2020-11-13 23:59:59.999,3880697.18524
2020-11-14,0.2571,0.2593,0.2472,0.2517,12103738.4,2020-11-14 23:59:59.999,3051911.19228
2020-11-15,0.2517,0.2585,0.2451,0.2506,16141326.2,2020-11-15 23:59:59.999,4060721.15912
2020-11-16,0.2504,0.2581,0.2484,0.2535,15372060.6,2020-11-16 23:59:59.999,3907414.37572
2020-11-17,0.2537,0.2684,0.2533,0.2663,18931649.7,2020-11-17 23:59:59.999,4970390.43922
2020-11-18,0.2664,0.2705,0.2468,0.2573,28491262.9,2020-11-18 23:59:59.999,7339756.20832
2020-11-19,0.2573,0.2585,0.2505,0.254,17673454.1,2020-11-19 23:59:59.999,4498636.68738
2020-11-20,0.2541,0.2667,0.2517,0.2663,24113589.6,2020-11-20 23:59:59.999,6247450.84538
2020-11-21,0.2663,0.3273,0.2661,0.3268,63357937.5,2020-11-21 23:59:59.999,18880825.05357
2020-11-22,0.3269,0.3411,0.2883,0.3201,77084428.4,2020-11-22 23:59:59.999,24125387.18055
2020-11-23,0.3199,0.3645,0.3132,0.3616,72668077.2,2020-11-23 23:59:59.999,24948009.33334
2020-11-24,0.3615,0.4251,0.3473,0.3857,133560796.0,2020-11-24 23:59:59.999,50953624.68689
2020-11-25,0.3856,0.4073,0.3364,0.3556,100644275.6,2020-11-25 23:59:59.999,37680230.22034
2020-11-26,0.3556,0.3621,0.2747,0.3045,121834743.5,2020-11-26 23:59:59.999,37890492.26008
2020-11-27,0.3045,0.3245,0.2897,0.313,44595152.1,2020-11-27 23:59:59.999,13690867.603
2020-11-28,0.3131,0.3516,0.3026,0.3392,46009523.5,2020-11-28 23:59:59.999,15151533.97324
2020-11-29,0.339,0.3555,0.327,0.3435,34258974.2,2020-11-29 23:59:59.999,11743275.63557
2020-11-30,0.3436,0.3657,0.333,0.3524,41346519.4,2020-11-30 23:59:59.999,14520176.06223
2020-12-01,0.3525,0.3614,0.316,0.3264,61482283.9,2020-12-01 23:59:59.999,20766368.05359
2020-12-02,0.3263,0.3463,0.3193,0.3448,37606526.5,2020-12-02 23:59:59.999,12598667.79787
2020-12-03,0.3447,0.3569,0.3405,0.3487,26177912.4,2020-12-03 23:59:59.999,9143868.45344
2020-12-04,0.3485,0.3511,0.3179,0.3219,26011773.0,2020-12-04 23:59:59.999,8683760.46595
2020-12-05,0.3218,0.3454,0.3187,0.3421,18225921.7,2020-12-05 23:59:59.999,6098504.29088
2020-12-06,0.3419,0.3464,0.3264,0.3381,15890793.9,2020-12-06 23:59:59.999,5329103.96566
2020-12-07,0.3382,0.339,0.3119,0.3189,20780119.5,2020-12-07 23:59:59.999,6783749.51996
2020-12-08,0.3189,0.3238,0.2945,0.2994,20912150.2,2020-12-08 23:59:59.999,6500971.91307
2020-12-09,0.2996,0.3117,0.285,0.3087,15432038.6,2020-12-09 23:59:59.999,4629055.99828
2020-12-10,0.3089,0.31,0.2839,0.2843,17097073.6,2020-12-10 23:59:59.999,5044815.30822
2020-12-11,0.2847,0.285,0.2672,0.2738,20323741.2,2020-12-11 23:59:59.999,5593930.1101
2020-12-12,0.2742,0.2961,0.2729,0.2901,16302511.6,2020-12-12 23:59:59.999,4714975.00692
2020-12-13,0.2902,0.305,0.2857,0.3011,18682567.5,2020-12-13 23:59:59.999,5568365.71809
2020-12-14,0.301,0.3057,0.291,0.302,15012278.1,2020-12-14 23:59:59.999,4475354.87504
2020-12-15,0.3019,0.309,0.2941,0.3047,16646073.8,2020-12-15 23:59:59.999,5044918.23683
2020-12-16,0.3047,0.334,0.2956,0.3295,29275235.4,2020-12-16 23:59:59.999,9236521.01041
2020-12-17,0.3294,0.343,0.3127,0.3204,43437121.8,2020-12-17 23:59:59.999,14275476.96222
2020-12-18,0.3208,0.3324,0.3136,0.3241,21421450.7,2020-12-18 23:59:59.999,6918425.6963
2020-12-19,0.3241,0.346,0.3228,0.3412,22348437.0,2020-12-19 23:59:59.999,7472208.51451
2020-12-20,0.3412,0.345,0.3173,0.3248,23049072.5,2020-12-20 23:59:59.999,7648273.2139
2020-12-21,0.325,0.3325,0.2985,0.3046,21871837.6,2020-12-21 23:59:59.999,6840176.28928
2020-12-22,0.3043,0.3124,0.2868,0.3077,20481381.0,2020-12-22 23:59:59.999,6173260.11087
2020-12-23,0.3071,0.3292,0.2472,0.2644,47923053.1,2020-12-23 23:59:59.999,14214620.5586
2020-12-24,0.2645,0.2943,0.2585,0.2933,26250128.9,2020-12-24 23:59:59.999,7215755.3084
2020-12-25,0.2934,0.3081,0.2878,0.2924,25289894.8,2020-12-25 23:59:59.999,7481294.80979
2020-12-26,0.2924,0.3024,0.2805,0.2864,24191159.9,2020-12-26 23:59:59.999,7018132.82645
2020-12-27,0.2865,0.3159,0.2724,0.2982,38922544.7,2020-12-27 23:59:59.999,11564899.51532
2020-12-28,0.2978,0.3199,0.2942,0.3065,26445422.2,2020-12-28 23:59:59.999,8172521.45602
2020-12-29,0.3064,0.3122,0.2849,0.3027,22716440.6,2020-12-29 23:59:59.999,6710160.24602
2020-12-30,0.3026,0.3067,0.2883,0.2953,17880492.7,2020-12-30 23:59:59.999,5292605.33251
2020-12-31,0.2953,0.3053,0.281,0.2966,28550565.3,2020-12-31 23:59:59.999,8330115.51596
2021-01-01,0.2965,0.3037,0.2888,0.2917,18137811.6,2021-01-01 23:59:59.999,5399436.05647
2021-01-02,0.2918,0.2972,0.2774,0.2867,29408490.8,2021-01-02 23:59:59.999,8474114.77309
2021-01-03,0.2867,0.3154,0.2779,0.3106,45273500.9,2021-01-03 23:59:59.999,13457300.83356
2021-01-04,0.311,0.353,0.28,0.3439,90195543.2,2021-01-04 23:59:59.999,28271453.53916
2021-01-05,0.3439,0.3861,0.3163,0.3531,122781405.4,2021-01-05 23:59:59.999,43455403.02117
2021-01-06,0.3533,0.401,0.3423,0.3819,90971307.2,2021-01-06 23:59:59.999,34376167.0216
2021-01-07,0.3824,0.4069,0.3582,0.3844,68275925.3,2021-01-07 23:59:59.999,26353794.59497
2021-01-08,0.3845,0.3869,0.3452,0.3699,45500882.7,2021-01-08 23:59:59.999,16595571.32353
2021-01-09,0.3702,0.4811,0.3701,0.4334,125851796.1,2021-01-09 23:59:59.999,55069583.94859
2021-01-10,0.4334,0.4776,0.3817,0.4281,77257743.4,2021-01-10 23:59:59.999,33276915.35753
2021-01-11,0.4281,0.4292,0.3285,0.3681,69357115.7,2021-01-11 23:59:59.999,25499680.35509
2021-01-12,0.3683,0.385,0.3475,0.3591,35219604.8,2021-01-12 23:59:59.999,12935581.30063
2021-01-13,0.3597,0.4179,0.3472,0.4155,53659715.8,2021-01-13 23:59:59.999,21055951.97034
2021-01-14,0.4157,0.4515,0.4021,0.4261,46533436.0,2021-01-14 23:59:59.999,19728406.78008
2021-01-15,0.4261,0.4565,0.3856,0.4329,65602243.9,2021-01-15 23:59:59.999,27721627.29048
2021-01-16,0.4328,0.4592,0.4137,0.4256,50424634.7,2021-01-16 23:59:59.999,22130997.1676
2021-01-17,0.4255,0.4482,0.398,0.4368,42594495.5,2021-01-17 23:59:59.999,18003706.54425
2021-01-18,0.4372,0.4885,0.4177,0.4786,77359379.5,2021-01-18 23:59:59.999,35865916.53321
2021-01-19,0.4787,0.51,0.4623,0.4703,54398252.6,2021-01-19 23:59:59.999,26339685.85424
2021-01-20,0.4697,0.4855,0.4296,0.4726,45776197.7,2021-01-20 23:59:59.999,21007173.50781
2021-01-21,0.4727,0.4974,0.4128,0.4194,63408118.9,2021-01-21 23:59:59.999,29350612.55301
2021-01-22,0.4194,0.4729,0.392,0.4548,42228486.7,2021-01-22 23:59:59.999,18584967.35799
2021-01-23,0.4552,0.4763,0.4445,0.451,32578440.7,2021-01-23 23:59:59.999,14967725.65993
2021-01-24,0.451,0.4817,0.4431,0.4565,31711273.8,2021-01-24 23:59:59.999,14612587.81997
2021-01-25,0.4564,0.4708,0.429,0.4322,27291376.0,2021-01-25 23:59:59.999,12387910.79196
2021-01-26,0.432,0.4407,0.4117,0.4326,28291498.0,2021-01-26 23:59:59.999,12030733.92127
2021-01-27,0.4325,0.4331,0.3786,0.3922,32390372.3,2021-01-27 23:59:59.999,12951162.74452
2021-01-28,0.3922,0.4163,0.3877,0.4038,24915280.8,2021-01-28 23:59:59.999,10099260.41278
2021-01-29,0.404,0.4273,0.3936,0.4127,38551099.0,2021-01-29 23:59:59.999,15820553.13544
2021-01-30,0.4123,0.451,0.4004,0.4293,30736830.1,2021-01-30 23:59:59.999,13005862.4667
2021-01-31,0.4296,0.4426,0.3951,0.4083,29291501.5,2021-01-31 23:59:59.999,12310626.54563
2021-02-01,0.4085,0.4286,0.3931,0.4164,26138905.1,2021-02-01 23:59:59.999,10823086.07745
2021-02-02,0.4164,0.435,0.4102,0.4305,24292314.8,2021-02-02 23:59:59.999,10286022.12481
2021-02-03,0.4305,0.4574,0.4269,0.4532,34036418.1,2021-02-03 23:59:59.999,15123319.34894
2021-02-04,0.4531,0.4559,0.4194,0.4406,31814035.0,2021-02-04 23:59:59.999,13930011.17211
2021-02-05,0.4404,0.5438,0.4404,0.5164,115323176.9,2021-02-05 23:59:59.999,57638676.47753
2021-02-06,0.5171,0.6193,0.4993,0.5642,133467932.3,2021-02-06 23:59:59.999,75534362.46683
2021-02-07,0.5647,0.5999,0.53,0.5584,63895877.7,2021-02-07 23:59:59.999,36368017.6081
2021-02-08,0.5587,0.7493,0.545,0.7209,97312356.3,2021-02-08 23:59:59.999,62260184.40329
2021-02-09,0.7212,0.814,0.708,0.7532,95285976.4,2021-02-09 23:59:59.999,71376394.6285
2021-02-10,0.7537,0.9248,0.7094,0.8861,115835268.5,2021-02-10 23:59:59.999,92054051.20617
2021-02-11,0.8866,1.3343,0.871,1.1771,256381215.2,2021-02-11 23:59:59.999,296496170.36328
2021-02-12,1.1772,1.3,1.092,1.238,98066990.8,2021-02-12 23:59:59.999,116389272.99114
2021-02-13,1.2373,1.4229,1.19,1.3144,90144372.8,2021-02-13 23:59:59.999,118388562.21417
2021-02-14,1.3148,1.33,1.14,1.1881,56133030.9,2021-02-14 23:59:59.999,69167999.50067
2021-02-15,1.1904,1.4023,0.9536,1.27,130423232.1,2021-02-15 23:59:59.999,157241761.94804
2021-02-16,1.27,1.3885,1.21,1.2557,73234375.8,2021-02-16 23:59:59.999,95486255.10218
2021-02-17,1.2564,1.3469,1.1786,1.2993,54237877.0,2021-02-17 23:59:59.999,69663697.27455
2021-02-18,1.3001,1.5779,1.28,1.4965,99755693.5,2021-02-18 23:59:59.999,143588254.55323
2021-02-19,1.4979,1.5884,1.4048,1.4888,68207460.1,2021-02-19 23:59:59.999,102277201.43547
2021-02-20,1.4902,1.5683,1.3011,1.3777,55358036.1,2021-02-20 23:59:59.999,81252314.17306
2021-02-21,1.3791,1.4591,1.3286,1.4088,30425199.6,2021-02-21 23:59:59.999,42711513.73031
2021-02-22,1.4088,1.4179,1.0028,1.3073,74153864.4,2021-02-22 23:59:59.999,92798024.43903
2021-02-23,1.3085,1.3167,0.8778,1.0911,71792146.5,2021-02-23 23:59:59.999,77103078.1643
2021-02-24,1.0899,1.3147,1.0274,1.1934,52669985.7,2021-02-24 23:59:59.999,63115081.13542
2021-02-25,1.1944,1.2503,1.0852,1.0992,37757500.0,2021-02-25 23:59:59.999,45024082.77749
2021-02-26,1.0976,1.1745,1.0215,1.1183,31264230.2,2021-02-26 23:59:59.999,34395646.90257
2021-02-27,1.1184,1.2357,1.1148,1.1473,28353802.9,2021-02-27 23:59:59.999,33311381.06423
2021-02-28,1.148,1.1573,1.0255,1.1232,26165697.1,2021-02-28 23:59:59.999,28856188.57499
2021-03-01,1.1232,1.2474,1.1165,1.2134,25310964.1,2021-03-01 23:59:59.999,30297094.71939
2021-03-02,1.2129,1.2316,1.125,1.1811,29873455.8,2021-03-02 23:59:59.999,35446349.55671
2021-03-03,1.1812,1.2619,1.1704,1.217,30513042.6,2021-03-03 23:59:59.999,37391146.16909
2021-03-04,1.2169,1.315,1.1715,1.2695,48737792.0,2021-03-04 23:59:59.999,60384549.22425
2021-03-05,1.2684,1.4587,1.192,1.3262,102264512.9,2021-03-05 23:59:59.999,139490961.723
2021-03-06,1.3256,1.3498,1.28,1.2825,32293062.9,2021-03-06 23:59:59.999,42339230.82814
2021-03-07,1.2826,1.3495,1.2629,1.313,29409996.6,2021-03-07 23:59:59.999,38285000.26621
2021-03-08,1.3125,1.3462,1.2856,1.3034,21361668.9,2021-03-08 23:59:59.999,28025958.21059
2021-03-09,1.3039,1.4316,1.2922,1.4265,32795018.1,2021-03-09 23:59:59.999,44460998.50006
2021-03-10,1.4273,1.4319,1.2902,1.3082,31287496.3,2021-03-10 23:59:59.999,42128186.61648
2021-03-11,1.3079,1.5368,1.2645,1.3907,70893736.4,2021-03-11 23:59:59.999,99461621.81458
2021-03-12,1.391,1.4427,1.285,1.3225,50530181.7,2021-03-12 23:59:59.999,68568412.70409
2021-03-13,1.3231,1.4094,1.2817,1.381,29551258.8,2021-03-13 23:59:59.999,40008562.42041
2021-03-14,1.3817,1.3937,1.3102,1.3105,20776470.9,2021-03-14 23:59:59.999,28086056.33577
2021-03-15,1.3106,1.3626,1.2175,1.2798,42662896.0,2021-03-15 23:59:59.999,55265803.48269
2021-03-16,1.2809,1.3929,1.2697,1.3317,28040586.7,2021-03-16 23:59:59.999,37385031.7055
2021-03-17,1.332,1.3697,1.2939,1.354,20322739.0,2021-03-17 23:59:59.999,27165631.10823
2021-03-18,1.3545,1.372,1.3121,1.326,19566971.3,2021-03-18 23:59:59.999,26248184.99927
2021-03-19,1.3259,1.362,1.3054,1.3355,17334423.2,2021-03-19 23:59:59.999,23115726.4781
2021-03-20,1.3355,1.4933,1.3285,1.4117,45926196.4,2021-03-20 23:59:59.999,65638839.35613
2021-03-21,1.4113,1.4499,1.3461,1.4125,30113038.8,2021-03-21 23:59:59.999,41890067.167
2021-03-22,1.4128,1.5747,1.3704,1.483,62559751.6,2021-03-22 23:59:59.999,92362725.74258
2021-03-23,1.4812,1.782,1.465,1.6587,153420001.5,2021-03-23 23:59:59.999,253195662.53269
2021-03-24,1.6596,1.7548,1.3362,1.4068,76177654.9,2021-03-24 23:59:59.999,120720227.40365
2021-03-25,1.406,1.4276,1.2828,1.3369,70405199.3,2021-03-25 23:59:59.999,95708958.69774
2021-03-26,1.3371,1.4986,1.3355,1.4483,39637647.6,2021-03-26 23:59:59.999,56979102.15
2021-03-27,1.4482,1.48,1.3554,1.3984,37185341.2,2021-03-27 23:59:59.999,52591527.9018
2021-03-28,1.3984,1.4503,1.3667,1.3938,27568247.3,2021-03-28 23:59:59.999,38871528.32382
2021-03-29,1.3942,1.5149,1.3703,1.5122,46695336.1,2021-03-29 23:59:59.999,67989182.65503
2021-03-30,1.5127,1.582,1.4741,1.5277,42455665.1,2021-03-30 23:59:59.999,65027176.80448
2021-03-31,1.5283,1.5635,1.4133,1.5406,36990953.6,2021-03-31 23:59:59.999,55249250.36079
2021-04-01,1.5396,1.653,1.5257,1.5799,36626312.7,2021-04-01 23:59:59.999,58119713.45329
2021-04-02,1.5803,1.6435,1.5497,1.6286,24086366.5,2021-04-02 23:59:59.999,38470733.5784
2021-04-03,1.6291,1.6473,1.4769,1.4802,27877104.1,2021-04-03 23:59:59.999,43859515.79575
2021-04-04,1.4802,1.5636,1.4562,1.5538,20091678.7,2021-04-04 23:59:59.999,30664151.46483
2021-04-05,1.5545,1.776,1.5165,1.7252,61169192.0,2021-04-05 23:59:59.999,103244254.33701
2021-04-06,1.7253,1.8642,1.6615,1.8058,53173524.9,2021-04-06 23:59:59.999,93539769.5399
2021-04-07,1.8073,1.826,1.57,1.6617,42548883.6,2021-04-07 23:59:59.999,71272540.37928
2021-04-08,1.6617,1.9435,1.6438,1.8833,66265565.3,2021-04-08 23:59:59.999,122703894.93863
2021-04-09,1.8815,2.0085,1.8618,1.8703,42892077.1,2021-04-09 23:59:59.999,82904401.33247
2021-04-10,1.8703,2.1167,1.8638,2.0868,55810289.8,2021-04-10 23:59:59.999,111291011.42354
2021-04-11,2.0868,2.1583,1.9957,2.1011,44819749.5,2021-04-11 23:59:59.999,93141560.87164
2021-04-12,2.1008,2.1071,1.9612,2.001,30747561.0,2021-04-12 23:59:59.999,62132588.90295
2021-04-13,2.0013,2.2147,1.9626,2.1791,49920756.9,2021-04-13 23:59:59.999,103707842.47006
2021-04-14,2.1795,2.2656,1.9802,2.121,51084091.3,2021-04-14 23:59:59.999,107966512.69034
2021-04-15,2.1213,2.227,2.065,2.1854,30760368.1,2021-04-15 23:59:59.999,65935929.39384
2021-04-16,2.1875,2.6864,2.1667,2.5145,78647742.1,2021-04-16 23:59:59.999,187993041.76924
2021-04-17,2.5142,2.6249,2.3305,2.3336,49846947.8,2021-04-17 23:59:59.999,122845517.28411
2021-04-18,2.3334,2.4342,1.4417,2.371,122134150.8,2021-04-18 23:59:59.999,245446458.6609
2021-04-19,2.3702,2.4863,2.0605,2.0871,73078307.9,2021-04-19 23:59:59.999,166165512.35753
2021-04-20,2.0881,2.3012,1.83,2.1992,82904257.1,2021-04-20 23:59:59.999,169551017.33533
2021-04-21,2.1983,2.2912,2.036,2.0627,48574876.5,2021-04-21 23:59:59.999,105502121.46877
2021-04-22,2.0624,2.1642,1.7601,1.8256,67217169.8,2021-04-22 23:59:59.999,136030695.32204
2021-04-23,1.8235,1.9287,1.5152,1.8693,91116749.1,2021-04-23 23:59:59.999,156139126.22756
2021-04-24,1.8693,1.8755,1.6412,1.6663,46121888.3,2021-04-24 23:59:59.999,79845933.83933
2021-04-25,1.6643,1.812,1.55,1.6378,52923438.0,2021-04-25 23:59:59.999,89127024.14751
2021-04-26,1.6375,2.044,1.6115,1.9863,64624533.2,2021-04-26 23:59:59.999,123599842.67455
2021-04-27,1.9869,2.2217,1.943,2.2092,48930564.8,2021-04-27 23:59:59.999,103707535.54968
2021-04-28,2.208,2.3036,2.0264,2.188,56939625.7,2021-04-28 23:59:59.999,123024185.35609
2021-04-29,2.1877,2.1955,1.9792,2.1019,40266960.1,2021-04-29 23:59:59.999,84580402.84066
2021-04-30,2.1023,2.1619,2.0463,2.152,34644478.4,2021-04-30 23:59:59.999,72908433.41205
2021-05-01,2.1521,2.1618,2.063,2.1133,31327061.4,2021-05-01 23:59:59.999,66391906.36764
2021-05-02,2.1134,2.1239,2.0051,2.0452,28574508.0,2021-05-02 23:59:59.999,58774701.82129
2021-05-03,2.0453,2.1753,2.0408,2.0854,39872958.5,2021-05-03 23:59:59.999,84913885.05075
2021-05-04,2.0861,2.0946,1.81,1.8309,62301458.2,2021-05-04 23:59:59.999,120253447.87819
2021-05-05,1.831,2.0538,1.8137,2.0321,46599238.2,2021-05-05 23:59:59.999,92027553.02968
2021-05-06,2.0312,2.33,1.99,2.2238,106220871.7,2021-05-06 23:59:59.999,230854381.11058
2021-05-07,2.2241,2.3914,2.092,2.1834,88106297.5,2021-05-07 23:59:59.999,198847264.89461
2021-05-08,2.1849,2.2485,2.0999,2.1604,36782585.5,2021-05-08 23:59:59.999,80175247.96808
2021-05-09,2.1612,2.2713,2.0386,2.2629,45679326.2,2021-05-09 23:59:59.999,99121388.53468
2021-05-10,2.2628,2.3093,1.8411,2.011,61447300.1,2021-05-10 23:59:59.999,131373845.58754
2021-05-11,2.0119,2.1152,1.9433,2.1133,38881680.0,2021-05-11 23:59:59.999,79402615.76113
2021-05-12,2.1133,2.1685,1.7154,1.7981,54087266.7,2021-05-12 23:59:59.999,108629297.00626
2021-05-13,1.7982,1.9902,1.5476,1.9533,87389422.3,2021-05-13 23:59:59.999,160594289.18423
2021-05-14,1.9539,2.0185,1.8702,1.9531,35993907.6,2021-05-14 23:59:59.999,70043149.32969
2021-05-15,1.9529,1.9771,1.8067,1.8563,44699351.9,2021-05-15 23:59:59.999,84376139.29949
2021-05-16,1.8563,2.2026,1.8325,1.9926,91397779.4,2021-05-16 23:59:59.999,187077252.73951
2021-05-17,1.9921,1.9982,1.7201,1.848,66416086.4,2021-05-17 23:59:59.999,123972620.4952
2021-05-18,1.8466,2.0246,1.8222,1.8834,41417567.4,2021-05-18 23:59:59.999,79335583.19839
2021-05-19,1.8841,1.9089,0.7398,1.124,142513155.4,2021-05-19 23:59:59.999,196684296.00647
2021-05-20,1.1241,1.3901,1.0071,1.3183,112406792.1,2021-05-20 23:59:59.999,140755292.87833
2021-05-21,1.3184,1.3988,0.909,1.1053,119002984.1,2021-05-21 23:59:59.999,140466492.00447
2021-05-22,1.1046,1.1308,0.9436,1.02,79049940.8,2021-05-22 23:59:59.999,82005808.42582
2021-05-23,1.02,1.0631,0.67,0.9031,141363722.1,2021-05-23 23:59:59.999,119298453.5943
2021-05-24,0.9027,1.0917,0.8693,1.0632,101522920.9,2021-05-24 23:59:59.999,101720642.27496
2021-05-25,1.0635,1.114,0.9666,1.0728,62565756.1,2021-05-25 23:59:59.999,65548999.47506
2021-05-26,1.0728,1.285,1.0546,1.282,70611875.8,2021-05-26 23:59:59.999,82419862.24496
2021-05-27,1.282,1.2825,1.1227,1.169,59185195.9,2021-05-27 23:59:59.999,70534903.24349
2021-05-28,1.1695,1.2091,0.9861,1.0387,58961156.2,2021-05-28 23:59:59.999,63185579.7797
2021-05-29,1.0386,1.1104,0.9169,0.9714,45456817.0,2021-05-29 23:59:59.999,45665451.23496
2021-05-30,0.9712,1.0888,0.9132,1.0281,40404017.3,2021-05-30 23:59:59.999,40943847.73117
2021-05-31,1.0278,1.1127,0.9756,1.1095,40895328.3,2021-05-31 23:59:59.999,43349486.81694
2021-06-01,1.1099,1.1667,1.0765,1.1159,39989749.0,2021-06-01 23:59:59.999,44495165.62083
2021-06-02,1.1159,1.3062,1.0953,1.2679,57288429.4,2021-06-02 23:59:59.999,69820258.93197
2021-06-03,1.268,1.43,1.2504,1.3746,74809242.1,2021-06-03 23:59:59.999,101629667.23332
2021-06-04,1.3745,1.3751,1.1687,1.2485,54386046.5,2021-06-04 23:59:59.999,67861506.27183
2021-06-05,1.2487,1.3623,1.1663,1.2096,47893507.4,2021-06-05 23:59:59.999,60624149.04553
2021-06-06,1.2093,1.2636,1.2007,1.2475,27546235.5,2021-06-06 23:59:59.999,33987672.79188
2021-06-07,1.2477,1.3222,1.08,1.0899,53933060.2,2021-06-07 23:59:59.999,66045398.77137
2021-06-08,1.0901,1.1481,1.0142,1.1401,75745127.9,2021-06-08 23:59:59.999,82258199.80903
2021-06-09,1.1401,1.2109,1.0617,1.1796,63146564.3,2021-06-09 23:59:59.999,72943702.23298
2021-06-10,1.1799,1.1842,1.0814,1.1078,37828310.8,2021-06-10 23:59:59.999,42793907.00568
2021-06-11,1.108,1.165,1.0183,1.0373,47279504.9,2021-06-11 23:59:59.999,52384727.08488
2021-06-12,1.0371,1.0648,0.9745,1.0167,38634707.3,2021-06-12 23:59:59.999,39421120.88933
2021-06-13,1.0164,1.1048,0.9972,1.0887,32619485.0,2021-06-13 23:59:59.999,34002133.55445
2021-06-14,1.0891,1.1418,1.0568,1.1279,32421517.6,2021-06-14 23:59:59.999,35739932.12545
2021-06-15,1.1283,1.1717,1.0923,1.1153,25655762.2,2021-06-15 23:59:59.999,29027467.93171
2021-06-16,1.1156,1.1279,1.0513,1.0658,26003189.0,2021-06-16 23:59:59.999,28341883.73096
2021-06-17,1.0658,1.1196,1.0587,1.099,19890649.8,2021-06-17 23:59:59.999,21796343.48982
2021-06-18,1.099,1.0991,0.9861,1.0109,32561698.6,2021-06-18 23:59:59.999,33594247.01642
2021-06-19,1.0109,1.0253,0.96,0.9625,29944967.4,2021-06-19 23:59:59.999,29774566.49453
2021-06-20,0.9623,0.9808,0.8749,0.9593,37983933.0,2021-06-20 23:59:59.999,35364849.31485
2021-06-21,0.9594,0.9645,0.7412,0.7488,71914454.6,2021-06-21 23:59:59.999,59933397.36107
2021-06-22,0.7487,0.8045,0.618,0.7143,105912036.5,2021-06-22 23:59:59.999,75631384.18857
2021-06-23,0.7143,0.8339,0.6829,0.7941,65467549.5,2021-06-23 23:59:59.999,51150750.81459
2021-06-24,0.7942,0.8486,0.7438,0.8383,48299909.2,2021-06-24 23:59:59.999,38958110.09496
2021-06-25,0.8383,0.86,0.7534,0.7695,47484768.5,2021-06-25 23:59:59.999,37843895.56128
2021-06-26,0.7695,0.7984,0.7277,0.7848,38124405.6,2021-06-26 23:59:59.999,29003989.80862
2021-06-27,0.785,0.7995,0.7394,0.7959,31004921.9,2021-06-27 23:59:59.999,23938407.64592
2021-06-28,0.7958,0.8351,0.7845,0.819,32850930.3,2021-06-28 23:59:59.999,26572160.23264
2021-06-29,0.8189,0.8932,0.8159,0.8423,39025893.0,2021-06-29 23:59:59.999,33331200.75542
2021-06-30,0.8429,0.8726,0.7836,0.866,38100153.3,2021-06-30 23:59:59.999,31364415.59982
2021-07-01,0.8663,0.867,0.775,0.7984,35284226.6,2021-07-01 23:59:59.999,28323072.25321
2021-07-02,0.7982,0.8314,0.7615,0.8258,37658403.5,2021-07-02 23:59:59.999,30003304.78463
2021-07-03,0.8258,0.8448,0.7983,0.8295,25224371.5,2021-07-03 23:59:59.999,20771528.01173
2021-07-04,0.8296,0.8759,0.7965,0.8442,28225763.0,2021-07-04 23:59:59.999,23637147.53636
2021-07-05,0.844,0.8687,0.8039,0.8218,39584155.8,2021-07-05 23:59:59.999,33084491.41868
2021-07-06,0.8219,0.88,0.8193,0.8509,34794412.5,2021-07-06 23:59:59.999,29701486.34858
2021-07-07,0.851,0.9334,0.8365,0.8872,58134076.9,2021-07-07 23:59:59.999,52269233.2666
2021-07-08,0.887,0.8899,0.8002,0.8144,35363028.3,2021-07-08 23:59:59.999,29681307.50423
2021-07-09,0.8143,0.842,0.7762,0.8189,36984750.5,2021-07-09 23:59:59.999,30130097.58423
2021-07-10,0.8189,0.8351,0.7673,0.7907,29574673.5,2021-07-10 23:59:59.999,23750468.96238
2021-07-11,0.7908,0.8462,0.7772,0.839,30016980.6,2021-07-11 23:59:59.999,24662027.45402
2021-07-12,0.8389,0.8441,0.7787,0.7917,26303188.2,2021-07-12 23:59:59.999,21281243.06829
2021-07-13,0.7915,0.8103,0.7315,0.7548,32651992.5,2021-07-13 23:59:59.999,25084191.84354
2021-07-14,0.7548,0.7577,0.6932,0.7386,36297789.9,2021-07-14 23:59:59.999,26380535.98427
2021-07-15,0.7385,0.7536,0.681,0.6917,31861205.4,2021-07-15 23:59:59.999,22523129.69689
2021-07-16,0.6916,0.7137,0.651,0.6559,41553045.2,2021-07-16 23:59:59.999,28242563.36061
2021-07-17,0.6559,0.714,0.6462,0.6862,54860653.3,2021-07-17 23:59:59.999,37617503.56655
2021-07-18,0.6862,0.7144,0.665,0.6818,38498497.7,2021-07-18 23:59:59.999,26467686.94293
2021-07-19,0.6817,0.6853,0.6193,0.6243,37863500.4,2021-07-19 23:59:59.999,24631561.55292
2021-07-20,0.6246,0.6367,0.5727,0.5889,57300973.8,2021-07-20 23:59:59.999,34057296.34161
2021-07-21,0.5887,0.6529,0.5734,0.6476,54411984.6,2021-07-21 23:59:59.999,34042937.62356
2021-07-22,0.6475,0.663,0.6279,0.6505,43118258.3,2021-07-22 23:59:59.999,27710271.74832
2021-07-23,0.6506,0.69,0.6413,0.6831,52764942.5,2021-07-23 23:59:59.999,35134669.68411
2021-07-24,0.6834,0.7409,0.6771,0.7321,53310309.0,2021-07-24 23:59:59.999,37823043.77078
2021-07-25,0.7318,0.7614,0.7055,0.7406,43683798.8,2021-07-25 23:59:59.999,32071485.32358
2021-07-26,0.7405,0.8344,0.7328,0.7557,72562750.9,2021-07-26 23:59:59.999,57493949.78874
2021-07-27,0.7558,0.8955,0.7346,0.8771,99585118.1,2021-07-27 23:59:59.999,83513637.55114
2021-07-28,0.8771,0.8829,0.8226,0.8397,53520426.8,2021-07-28 23:59:59.999,45394933.62579
2021-07-29,0.8406,0.8815,0.8179,0.8481,38342423.7,2021-07-29 23:59:59.999,32342501.64126
2021-07-30,0.8482,0.861,0.7863,0.8331,46690900.6,2021-07-30 23:59:59.999,38009494.82292
2021-07-31,0.8328,0.937,0.8203,0.9312,78272757.4,2021-07-31 23:59:59.999,68394644.03738
2021-08-01,0.9308,0.9589,0.852,0.8714,64612466.9,2021-08-01 23:59:59.999,59527047.26731
2021-08-02,0.8718,0.9275,0.8585,0.8941,38889732.9,2021-08-02 23:59:59.999,34919344.35905
2021-08-03,0.8939,0.9053,0.8458,0.8496,38131458.8,2021-08-03 23:59:59.999,33366977.26931
2021-08-04,0.8497,0.8869,0.835,0.874,35940171.4,2021-08-04 23:59:59.999,30962518.31504
2021-08-05,0.874,0.8861,0.823,0.8777,45410978.0,2021-08-05 23:59:59.999,38965123.79018
2021-08-06,0.8778,0.9472,0.8476,0.9175,49295734.7,2021-08-06 23:59:59.999,44383941.339
2021-08-07,0.9175,0.9614,0.9013,0.9371,47864964.1,2021-08-07 23:59:59.999,44475150.91407
2021-08-08,0.9377,0.9457,0.8563,0.8776,36844437.2,2021-08-08 23:59:59.999,33279522.22249
2021-08-09,0.8776,0.9328,0.85,0.9186,40319837.2,2021-08-09 23:59:59.999,36277236.48197
2021-08-10,0.9186,0.9994,0.9005,0.9784,80431534.4,2021-08-10 23:59:59.999,76476592.00671
2021-08-11,0.9781,1.0868,0.9661,1.0532,91535474.8,2021-08-11 23:59:59.999,95486247.05749
2021-08-12,1.0534,1.1175,0.9764,1.0507,75518710.8,2021-08-12 23:59:59.999,78748569.89475
2021-08-13,1.051,1.1142,1.0332,1.1088,76589488.2,2021-08-13 23:59:59.999,82485810.34904
2021-08-14,1.1089,1.1686,1.0758,1.1598,69259581.5,2021-08-14 23:59:59.999,77847815.44444
2021-08-15,1.1603,1.1808,1.0956,1.1662,44429991.6,2021-08-15 23:59:59.999,50558490.16378
2021-08-16,1.1657,1.2187,1.095,1.1018,49571867.4,2021-08-16 23:59:59.999,57667178.01537
2021-08-17,1.1016,1.139,0.9936,1.0172,54818993.0,2021-08-17 23:59:59.999,59102453.50382
2021-08-18,1.0174,1.0545,0.9587,0.9991,66533472.3,2021-08-18 23:59:59.999,67384996.71593
2021-08-19,0.9992,1.0586,0.95,1.0572,52340345.3,2021-08-19 23:59:59.999,52395257.56997
2021-08-20,1.0574,1.1162,1.0357,1.1062,44994563.8,2021-08-20 23:59:59.999,48630814.53379
2021-08-21,1.1064,1.1193,1.0575,1.0717,36540757.5,2021-08-21 23:59:59.999,39754082.14155
2021-08-22,1.0711,1.172,1.0629,1.166,61173229.5,2021-08-22 23:59:59.999,68496861.86428
2021-08-23,1.166,1.19,1.1221,1.1549,52046132.2,2021-08-23 23:59:59.999,60047094.65129
2021-08-24,1.1548,1.1762,1.0469,1.0577,52332497.8,2021-08-24 23:59:59.999,58363730.85231
2021-08-25,1.0576,1.0898,1.0024,1.0819,55778123.6,2021-08-25 23:59:59.999,58719910.55316
2021-08-26,1.0819,1.0919,0.9555,0.9703,51077198.4,2021-08-26 23:59:59.999,51577249.48723
2021-08-27,0.9703,1.0468,0.935,1.0417,46733588.2,2021-08-27 23:59:59.999,46572138.12691
2021-08-28,1.0419,1.0478,1.0015,1.014,32998451.3,2021-08-28 23:59:59.999,33600614.79951
2021-08-29,1.0143,1.0353,0.98,1.0047,35719860.7,2021-08-29 23:59:59.999,35971213.55473
2021-08-30,1.0045,1.024,0.956,0.9659,42168430.3,2021-08-30 23:59:59.999,41783866.7372
2021-08-31,0.9655,1.027,0.9517,0.989,33705990.5,2021-08-31 23:59:59.999,33484841.38729
2021-09-01,0.989,1.1475,0.962,1.1339,122614744.6,2021-09-01 23:59:59.999,134098936.10045
2021-09-02,1.1339,1.6788,1.1225,1.544,647153162.8,2021-09-02 23:59:59.999,912937446.39088
2021-09-03,1.5434,1.65,1.4876,1.5727,254246623.7,2021-09-03 23:59:59.999,396158101.8919
2021-09-04,1.5732,2.0834,1.5459,1.9858,310640651.6,2021-09-04 23:59:59.999,558812921.15399
2021-09-05,1.9867,1.9912,1.7316,1.801,149117183.6,2021-09-05 23:59:59.999,273090167.67368
2021-09-06,1.8012,1.9835,1.7613,1.8017,140215957.7,2021-09-06 23:59:59.999,262466282.37036
2021-09-07,1.8019,1.884,1.2054,1.5178,159555092.8,2021-09-07 23:59:59.999,258422620.41094
2021-09-08,1.5179,1.7202,1.419,1.5177,125469735.3,2021-09-08 23:59:59.999,195133850.87233
2021-09-09,1.5177,1.6244,1.4818,1.5647,94565490.0,2021-09-09 23:59:59.999,147032204.69545
2021-09-10,1.5648,1.768,1.4875,1.5363,121192445.6,2021-09-10 23:59:59.999,198940872.31662
2021-09-11,1.5364,1.5671,1.4741,1.4995,50763872.3,2021-09-11 23:59:59.999,77355129.04735
2021-09-12,1.5006,1.5481,1.443,1.5118,36414388.9,2021-09-12 23:59:59.999,54563225.95763
2021-09-13,1.511,1.5246,1.2977,1.4001,48702769.2,2021-09-13 23:59:59.999,68214795.16519
2021-09-14,1.4003,1.568,1.3769,1.5601,92311469.2,2021-09-14 23:59:59.999,139082248.83588
2021-09-15,1.5597,1.6621,1.513,1.6073,63536112.4,2021-09-15 23:59:59.999,101613118.42826
2021-09-16,1.6073,1.6377,1.4695,1.522,50870217.7,2021-09-16 23:59:59.999,78858506.39646
2021-09-17,1.5221,1.76,1.4835,1.7414,170524258.7,2021-09-17 23:59:59.999,280145807.91546
2021-09-18,1.7416,1.7499,1.6035,1.6638,72817215.4,2021-09-18 23:59:59.999,121651850.10678
2021-09-19,1.6641,1.6644,1.5003,1.5312,39884926.7,2021-09-19 23:59:59.999,62931921.28341
2021-09-20,1.5313,1.5366,1.26,1.2978,78115862.9,2021-09-20 23:59:59.999,107233193.48119
2021-09-21,1.2976,1.3489,1.1719,1.217,74529779.5,2021-09-21 23:59:59.999,94733342.04016
2021-09-22,1.2173,1.3737,1.1916,1.3583,67446749.6,2021-09-22 23:59:59.999,88476362.20617
2021-09-23,1.3582,1.3997,1.3178,1.3813,49024634.5,2021-09-23 23:59:59.999,66772107.87779
2021-09-24,1.3811,1.3853,1.1814,1.2573,57720746.1,2021-09-24 23:59:59.999,73446379.31579
2021-09-25,1.2574,1.2724,1.204,1.2221,44923481.7,2021-09-25 23:59:59.999,55497574.04151
2021-09-26,1.2222,1.2283,1.1069,1.1695,49783151.1,2021-09-26 23:59:59.999,58652490.64096
2021-09-27,1.1698,1.2141,1.1302,1.1318,37735072.0,2021-09-27 23:59:59.999,44385812.00128
2021-09-28,1.1318,1.1562,1.0433,1.0472,48243159.2,2021-09-28 23:59:59.999,53536360.91682
2021-09-29,1.0466,1.1102,1.016,1.0424,71676110.1,2021-09-29 23:59:59.999,76475465.96053
2021-09-30,1.0423,1.1581,1.0269,1.1432,81447920.9,2021-09-30 23:59:59.999,89927508.00244
2021-10-01,1.1432,1.3529,1.1315,1.3133,89074826.6,2021-10-01 23:59:59.999,110433138.07015
2021-10-02,1.3138,1.3445,1.1879,1.2645,100307598.4,2021-10-02 23:59:59.999,125931255.99678
2021-10-03,1.2648,1.3306,1.2108,1.2193,75830162.4,2021-10-03 23:59:59.999,96774778.82127
2021-10-04,1.2192,1.233,1.1515,1.1939,76461940.3,2021-10-04 23:59:59.999,91922226.7444
2021-10-05,1.194,1.2423,1.1705,1.2239,50871057.1,2021-10-05 23:59:59.999,61604757.11378
2021-10-06,1.2243,1.3436,1.1855,1.2863,100860559.7,2021-10-06 23:59:59.999,127477037.15056
2021-10-07,1.2865,1.3039,1.2406,1.2801,60005708.4,2021-10-07 23:59:59.999,76194187.51177
2021-10-08,1.2806,1.3546,1.264,1.3344,63164151.9,2021-10-08 23:59:59.999,83135382.5901
2021-10-09,1.3344,1.3821,1.2932,1.3794,58920104.7,2021-10-09 23:59:59.999,79346423.11733
2021-10-10,1.3796,1.5162,1.3564,1.401,142614023.4,2021-10-10 23:59:59.999,205086447.86071
2021-10-11,1.4004,1.5925,1.3917,1.4404,168630055.7,2021-10-11 23:59:59.999,250662389.07202
2021-10-12,1.4404,1.4412,1.2751,1.34,90604907.3,2021-10-12 23:59:59.999,120736761.43485
2021-10-13,1.3394,1.3607,1.2936,1.3598,57665317.5,2021-10-13 23:59:59.999,76344771.1883
2021-10-14,1.3599,1.388,1.331,1.3521,43490255.9,2021-10-14 23:59:59.999,59126419.17292
2021-10-15,1.3518,1.3561,1.255,1.2888,55386061.5,2021-10-15 23:59:59.999,72031190.62141
2021-10-16,1.289,1.343,1.267,1.2935,55624076.1,2021-10-16 23:59:59.999,72384542.99748
2021-10-17,1.2935,1.3078,1.1968,1.2472,39054656.3,2021-10-17 23:59:59.999,49288362.84698
2021-10-18,1.2473,1.2532,1.2008,1.238,38229265.7,2021-10-18 23:59:59.999,47003057.63417
2021-10-19,1.2377,1.254,1.213,1.2422,27655307.3,2021-10-19 23:59:59.999,34175837.97491
2021-10-20,1.2421,1.314,1.2206,1.2993,45147431.1,2021-10-20 23:59:59.999,57063899.5532
2021-10-21,1.2994,1.32,1.249,1.2805,63354448.6,2021-10-21 23:59:59.999,81675652.40389
2021-10-22,1.2805,1.3761,1.2768,1.3467,66578308.2,2021-10-22 23:59:59.999,89032007.69108
2021-10-23,1.347,1.3491,1.3022,1.3275,31792211.2,2021-10-23 23:59:59.999,42161525.49754
2021-10-24,1.3274,1.3573,1.2671,1.304,43600683.3,2021-10-24 23:59:59.999,57380207.27584
2021-10-25,1.3042,1.3498,1.2931,1.3455,31280057.9,2021-10-25 23:59:59.999,41593451.19613
2021-10-26,1.3455,1.429,1.337,1.3729,61155779.3,2021-10-26 23:59:59.999,84868412.84533
2021-10-27,1.373,1.3954,1.0957,1.1959,85058124.2,2021-10-27 23:59:59.999,106313150.34699
2021-10-28,1.1959,1.267,1.1798,1.2489,46305054.1,2021-10-28 23:59:59.999,57086435.2764
2021-10-29,1.2488,1.3053,1.2431,1.2985,33779080.8,2021-10-29 23:59:59.999,43152292.3814
2021-10-30,1.2985,1.447,1.2405,1.4027,88085466.6,2021-10-30 23:59:59.999,119193779.14652
2021-10-31,1.4026,1.5153,1.3212,1.4742,104622545.7,2021-10-31 23:59:59.999,148497101.88674
2021-11-01,1.4742,1.49,1.3677,1.4103,48857463.8,2021-11-01 23:59:59.999,68941375.76895
2021-11-02,1.4106,1.412,1.373,1.4007,31303304.0,2021-11-02 23:59:59.999,43518372.41435
2021-11-03,1.4009,1.4063,1.3013,1.3706,44938850.0,2021-11-03 23:59:59.999,61130632.04619
2021-11-04,1.3706,1.389,1.3202,1.3477,39033604.9,2021-11-04 23:59:59.999,52869634.35806
2021-11-05,1.3484,1.3914,1.3285,1.3785,33096613.1,2021-11-05 23:59:59.999,45107786.05347
2021-11-06,1.3784,1.3789,1.28,1.344,25474907.2,2021-11-06 23:59:59.999,33882994.65751
2021-11-07,1.3441,1.3498,1.3255,1.3449,14863128.7,2021-11-07 23:59:59.999,19911928.67276
2021-11-08,1.3449,1.3947,1.32,1.386,30778969.2,2021-11-08 23:59:59.999,42090940.25861
2021-11-09,1.386,1.4553,1.36,1.4112,57522860.2,2021-11-09 23:59:59.999,81406889.36398
2021-11-10,1.4116,1.4418,1.1939,1.2969,82792862.6,2021-11-10 23:59:59.999,111883454.52669
2021-11-11,1.2958,1.3488,1.2791,1.3278,40277931.5,2021-11-11 23:59:59.999,53108030.09799
2021-11-12,1.3281,1.3386,1.245,1.2838,34320484.2,2021-11-12 23:59:59.999,44259258.05277
2021-11-13,1.2837,1.3351,1.2666,1.3173,27830448.0,2021-11-13 23:59:59.999,36392136.3229
2021-11-14,1.3162,1.329,1.2808,1.3054,16627457.0,2021-11-14 23:59:59.999,21649357.37958
2021-11-15,1.3054,1.3399,1.2808,1.3266,30201673.1,2021-11-15 23:59:59.999,39820382.62966
2021-11-16,1.3269,1.4459,1.1,1.3463,214380669.0,2021-11-16 23:59:59.999,284044730.55521
2021-11-17,1.3464,1.4791,1.2824,1.4457,255911884.3,2021-11-17 23:59:59.999,358096021.25204
2021-11-18,1.4456,1.47,1.2247,1.2464,100421325.0,2021-11-18 23:59:59.999,134246070.48291
2021-11-19,1.2471,1.3194,1.2115,1.3004,46414722.4,2021-11-19 23:59:59.999,58758162.64579
2021-11-20,1.3005,1.3293,1.2515,1.3102,31435984.2,2021-11-20 23:59:59.999,40723423.49731
2021-11-21,1.3103,1.3844,1.281,1.3518,40800925.8,2021-11-21 23:59:59.999,54322861.08271
2021-11-22,1.3521,1.5687,1.293,1.4266,326223247.3,2021-11-22 23:59:59.999,481098542.31307
2021-11-23,1.4268,1.4684,1.3523,1.4587,94379919.3,2021-11-23 23:59:59.999,132811243.94952
2021-11-24,1.4587,1.54,1.38,1.4997,93740114.3,2021-11-24 23:59:59.999,137819060.95216
2021-11-25,1.4996,1.6666,1.48,1.5821,91125965.3,2021-11-25 23:59:59.999,143732313.45643
2021-11-26,1.582,1.5905,1.3401,1.3682,73968172.8,2021-11-26 23:59:59.999,105708109.99562
2021-11-27,1.3681,1.42,1.3464,1.37,33221477.9,2021-11-27 23:59:59.999,46225725.57284
2021-11-28,1.3699,1.3725,1.2365,1.3473,48621314.4,2021-11-28 23:59:59.999,63205534.16105
2021-11-29,1.3472,1.425,1.322,1.4099,53608360.2,2021-11-29 23:59:59.999,74068995.85282
2021-11-30,1.4099,1.4567,1.352,1.4544,54361841.6,2021-11-30 23:59:59.999,76818809.7292
2021-12-01,1.455,1.471,1.3647,1.3887,40206604.3,2021-12-01 23:59:59.999,56979839.00411
2021-12-02,1.389,1.5561,1.3328,1.515,147618144.4,2021-12-02 23:59:59.999,220012801.76788
2021-12-03,1.515,1.5187,1.341,1.4112,72297946.2,2021-12-03 23:59:59.999,104723237.22313
2021-12-04,1.4115,1.4115,0.9609,1.1905,93715158.4,2021-12-04 23:59:59.999,110359169.36881
2021-12-05,1.19,1.2182,1.0911,1.15,53096685.5,2021-12-05 23:59:59.999,61250245.81081
2021-12-06,1.1497,1.1731,1.0231,1.1675,59704412.6,2021-12-06 23:59:59.999,65669437.19562
2021-12-07,1.167,1.2166,1.1462,1.1727,45509951.8,2021-12-07 23:59:59.999,53875728.91338
2021-12-08,1.1724,1.2202,1.1402,1.1976,38015649.3,2021-12-08 23:59:59.999,45162076.4714
2021-12-09,1.1976,1.2365,1.1263,1.138,51509326.0,2021-12-09 23:59:59.999,60957895.34813
2021-12-10,1.1379,1.2015,1.1025,1.1066,50624328.2,2021-12-10 23:59:59.999,58120338.12668
2021-12-11,1.106,1.1617,1.0861,1.1435,27567780.5,2021-12-11 23:59:59.999,31307830.79582
2021-12-12,1.1428,1.1521,1.1054,1.1364,24461400.8,2021-12-12 23:59:59.999,27624685.44627
2021-12-13,1.1373,1.1455,1.0025,1.0283,40923133.4,2021-12-13 23:59:59.999,43815622.24335
2021-12-14,1.0284,1.0696,1.0074,1.0605,41556356.7,2021-12-14 23:59:59.999,43413237.42078
2021-12-15,1.0605,1.1273,0.9935,1.1058,41007972.4,2021-12-15 23:59:59.999,43342814.22379
2021-12-16,1.1061,1.1865,1.0991,1.1386,37892377.9,2021-12-16 23:59:59.999,43447038.72476
2021-12-17,1.1383,1.2017,1.0796,1.1107,52869804.3,2021-12-17 23:59:59.999,60430914.67932
2021-12-18,1.111,1.1341,1.0876,1.129,22947208.0,2021-12-18 23:59:59.999,25591956.97832
2021-12-19,1.1294,1.1307,1.0578,1.0633,24186483.3,2021-12-19 23:59:59.999,26410198.03362
2021-12-20,1.0628,1.082,1.0175,1.0775,34998418.6,2021-12-20 23:59:59.999,36844040.65314
2021-12-21,1.0774,1.3261,1.0667,1.3107,116317399.4,2021-12-21 23:59:59.999,140917354.88892
2021-12-22,1.3114,1.3432,1.2568,1.2705,100013943.6,2021-12-22 23:59:59.999,129296534.72679
2021-12-23,1.2705,1.3115,1.2261,1.2929,47570487.8,2021-12-23 23:59:59.999,60321270.27943
2021-12-24,1.2932,1.3188,1.245,1.2843,34821332.3,2021-12-24 23:59:59.999,44719948.01771
2021-12-25,1.2844,1.3684,1.2682,1.3143,44590420.6,2021-12-25 23:59:59.999,59400210.6503
2021-12-26,1.3144,1.4443,1.2653,1.3907,58839440.8,2021-12-26 23:59:59.999,81292924.81581
2021-12-27,1.3909,1.4318,1.3662,1.3797,42171730.0,2021-12-27 23:59:59.999,59147266.38584
2021-12-28,1.3801,1.5247,1.3,1.4268,198279791.0,2021-12-28 23:59:59.999,287528587.51147
2021-12-29,1.4268,1.5482,1.426,1.4797,193133299.8,2021-12-29 23:59:59.999,288728376.74821
2021-12-30,1.4797,1.538,1.416,1.4251,101767067.8,2021-12-30 23:59:59.999,151332848.41717
2021-12-31,1.4251,1.465,1.3312,1.3636,75347806.4,2021-12-31 23:59:59.999,105729301.32418
2022-01-01,1.3641,1.4279,1.341,1.4104,45777789.2,2022-01-01 23:59:59.999,63159242.6869
2022-01-02,1.41,1.4129,1.3621,1.3723,30471621.9,2022-01-02 23:59:59.999,42174542.95177
2022-01-03,1.3723,1.406,1.3347,1.3846,38721832.8,2022-01-03 23:59:59.999,52995230.86218
2022-01-04,1.3848,1.394,1.2703,1.2766,50401109.1,2022-01-04 23:59:59.999,66935695.74692
2022-01-05,1.277,1.2963,1.0922,1.1693,69197338.7,2022-01-05 23:59:59.999,85430871.24979
2022-01-06,1.1692,1.2111,1.1251,1.1838,59374193.7,2022-01-06 23:59:59.999,69965547.8928
2022-01-07,1.1836,1.1882,1.0839,1.113,47202348.1,2022-01-07 23:59:59.999,53206377.36177
2022-01-08,1.1125,1.1374,1.0259,1.0752,41694918.6,2022-01-08 23:59:59.999,45255165.05463
2022-01-09,1.0756,1.1024,1.0308,1.0709,39406988.2,2022-01-09 23:59:59.999,42095976.3771
2022-01-10,1.0708,1.122,1.002,1.1093,81933521.6,2022-01-10 23:59:59.999,87773849.46284
2022-01-11,1.1087,1.1523,1.0713,1.14,76768772.5,2022-01-11 23:59:59.999,85656571.76759
2022-01-12,1.14,1.1969,1.1326,1.1877,38336885.1,2022-01-12 23:59:59.999,44867608.4953
2022-01-13,1.1876,1.2019,1.1011,1.1074,51499415.9,2022-01-13 23:59:59.999,59474044.92969
2022-01-14,1.1071,1.1285,1.0766,1.1207,27104056.4,2022-01-14 23:59:59.999,29946640.91621
2022-01-15,1.1207,1.1554,1.1151,1.126,24751215.2,2022-01-15 23:59:59.999,28164377.60013
2022-01-16,1.1259,1.1604,1.1155,1.1365,20198728.8,2022-01-16 23:59:59.999,22995568.47452
2022-01-17,1.1364,1.1899,1.116,1.1613,57689053.3,2022-01-17 23:59:59.999,66381235.84515
2022-01-18,1.1612,1.1952,1.0744,1.1005,65201691.1,2022-01-18 23:59:59.999,73611633.571
2022-01-19,1.1004,1.1047,1.0373,1.0492,40315913.9,2022-01-19 23:59:59.999,42731755.27156
2022-01-20,1.0487,1.1123,1.0082,1.0166,56904314.7,2022-01-20 23:59:59.999,60917951.19981
2022-01-21,1.0163,1.0355,0.8337,0.8559,87607335.5,2022-01-21 23:59:59.999,82204137.73429
2022-01-22,0.8555,0.8774,0.6949,0.779,92143699.1,2022-01-22 23:59:59.999,71927772.45494
2022-01-23,0.7793,0.8392,0.7652,0.8147,55921697.0,2022-01-23 23:59:59.999,44669004.11671
2022-01-24,0.8144,0.8144,0.6928,0.7897,68714800.0,2022-01-24 23:59:59.999,51344087.66938
2022-01-25,0.7894,0.8225,0.7685,0.8096,51272196.6,2022-01-25 23:59:59.999,41161715.88805
2022-01-26,0.81,0.8676,0.7901,0.8025,45159710.8,2022-01-26 23:59:59.999,37406889.33095
2022-01-27,0.8024,0.8317,0.7663,0.8011,35359751.4,2022-01-27 23:59:59.999,28218003.56465
2022-01-28,0.801,0.8216,0.774,0.8166,28744172.0,2022-01-28 23:59:59.999,23024612.05046
2022-01-29,0.8164,0.8465,0.8134,0.8303,20294153.2,2022-01-29 23:59:59.999,16800753.26411
2022-01-30,0.8306,0.8519,0.8004,0.813,18599706.1,2022-01-30 23:59:59.999,15374412.22383
2022-01-31,0.8127,0.8387,0.7808,0.8329,23799522.8,2022-01-31 23:59:59.999,19316748.05713
2022-02-01,0.8332,0.8632,0.8303,0.8385,27050159.4,2022-02-01 23:59:59.999,22864779.31075
2022-02-02,0.8385,0.9101,0.831,0.8389,56674542.2,2022-02-02 23:59:59.999,49318547.50284
2022-02-03,0.8392,0.93,0.821,0.9262,80499023.9,2022-02-03 23:59:59.999,70260338.69383
2022-02-04,0.9257,0.9621,0.9008,0.9572,67042294.6,2022-02-04 23:59:59.999,62151890.63079
2022-02-05,0.9568,0.9805,0.9179,0.9474,38280391.8,2022-02-05 23:59:59.999,36565709.71479
2022-02-06,0.9474,0.9595,0.9121,0.9579,25518071.4,2022-02-06 23:59:59.999,23969027.23082
2022-02-07,0.958,1.0166,0.9307,0.9979,33466182.4,2022-02-07 23:59:59.999,32604295.43867
2022-02-08,0.9981,1.01,0.9381,0.9868,48926340.6,2022-02-08 23:59:59.999,47631633.78583
2022-02-09,0.9868,1.0533,0.984,1.0201,90012540.4,2022-02-09 23:59:59.999,92431630.26625
2022-02-10,1.0203,1.022,0.9418,0.9478,58933864.6,2022-02-10 23:59:59.999,58047474.19616
2022-02-11,0.9479,0.977,0.855,0.8744,36389738.4,2022-02-11 23:59:59.999,33989848.44487
2022-02-12,0.8743,0.8966,0.844,0.8738,24611943.7,2022-02-12 23:59:59.999,21489130.16155
2022-02-13,0.874,0.8976,0.8457,0.8475,19645219.2,2022-02-13 23:59:59.999,17146663.36977
2022-02-14,0.8477,0.8633,0.8132,0.845,27076431.1,2022-02-14 23:59:59.999,22668811.63941
2022-02-15,0.8453,0.9006,0.8445,0.898,29402241.6,2022-02-15 23:59:59.999,25732994.58634
2022-02-16,0.8982,0.9141,0.8673,0.8919,29805288.6,2022-02-16 23:59:59.999,26624955.46831
2022-02-17,0.8914,0.915,0.8076,0.821,24417901.6,2022-02-17 23:59:59.999,21186783.76797
2022-02-18,0.8211,0.8467,0.7918,0.801,19145749.5,2022-02-18 23:59:59.999,15677878.5536
2022-02-19,0.8008,0.8392,0.7808,0.8264,33964583.8,2022-02-19 23:59:59.999,27699120.94327
2022-02-20,0.8263,0.8265,0.7749,0.7854,42590890.4,2022-02-20 23:59:59.999,33940009.38843
2022-02-21,0.7852,0.8242,0.7054,0.7101,49384143.1,2022-02-21 23:59:59.999,37890488.84464
2022-02-22,0.7099,0.7536,0.6923,0.7506,32255907.3,2022-02-22 23:59:59.999,23396781.05963
2022-02-23,0.7505,0.7795,0.7087,0.7109,24771104.0,2022-02-23 23:59:59.999,18608847.95514
2022-02-24,0.7112,0.716,0.6165,0.6947,61484307.9,2022-02-24 23:59:59.999,40521222.57604
2022-02-25,0.6946,0.7454,0.6875,0.7378,31057466.9,2022-02-25 23:59:59.999,22135197.37389
2022-02-26,0.7379,0.7645,0.7306,0.7442,21053918.0,2022-02-26 23:59:59.999,15704907.32311
2022-02-27,0.7446,0.7451,0.6963,0.7094,36655125.1,2022-02-27 23:59:59.999,26498536.39598
2022-02-28,0.7093,0.7975,0.7025,0.796,42299119.8,2022-02-28 23:59:59.999,31659497.19608
2022-03-01,0.7959,0.8159,0.7727,0.7994,34717958.5,2022-03-01 23:59:59.999,27661118.45483
2022-03-02,0.7994,0.8093,0.7666,0.7867,26073203.9,2022-03-02 23:59:59.999,20563142.75815
2022-03-03,0.7866,0.7964,0.7474,0.7586,22071557.0,2022-03-03 23:59:59.999,17062975.63302
2022-03-04,0.7588,0.7623,0.7067,0.7095,21428548.0,2022-03-04 23:59:59.999,15755238.89183
2022-03-05,0.7095,0.7419,0.6923,0.7355,21278851.1,2022-03-05 23:59:59.999,15347466.30668
2022-03-06,0.7354,0.7455,0.6899,0.6921,23655579.3,2022-03-06 23:59:59.999,16982583.53368
2022-03-07,0.6925,0.7276,0.6743,0.6929,32281751.4,2022-03-07 23:59:59.999,22489159.9664
2022-03-08,0.6928,0.7196,0.6889,0.7046,25312794.2,2022-03-08 23:59:59.999,17879935.40453
2022-03-09,0.7046,0.7443,0.7016,0.7389,23760157.0,2022-03-09 23:59:59.999,17373199.39326
2022-03-10,0.7389,0.7876,0.7081,0.7317,91186033.0,2022-03-10 23:59:59.999,67953618.8118
2022-03-11,0.7316,0.7331,0.7,0.7105,32809286.3,2022-03-11 23:59:59.999,23466903.03844
2022-03-12,0.7105,0.7241,0.6974,0.6989,25503803.9,2022-03-12 23:59:59.999,18104732.3946
2022-03-13,0.699,0.7137,0.6733,0.6797,21956529.3,2022-03-13 23:59:59.999,15333307.7815
2022-03-14,0.6797,0.7131,0.6677,0.7115,26954973.9,2022-03-14 23:59:59.999,18543716.97851
2022-03-15,0.7116,0.7191,0.685,0.7027,25040887.1,2022-03-15 23:59:59.999,17527811.7982
2022-03-16,0.7029,0.7267,0.6858,0.7233,31458276.0,2022-03-16 23:59:59.999,22269375.49104
2022-03-17,0.7232,0.727,0.7082,0.7151,19195593.0,2022-03-17 23:59:59.999,13745291.63326
2022-03-18,0.7155,0.7352,0.6972,0.7285,16952590.2,2022-03-18 23:59:59.999,12120031.5779
2022-03-19,0.7284,0.7571,0.7253,0.7503,16085577.0,2022-03-19 23:59:59.999,11938231.70446
2022-03-20,0.7503,0.7872,0.7407,0.7514,39278025.3,2022-03-20 23:59:59.999,29990021.28839
2022-03-21,0.7515,0.7554,0.727,0.7442,26007023.9,2022-03-21 23:59:59.999,19212874.93514
2022-03-22,0.7442,0.7938,0.7403,0.7743,38466059.5,2022-03-22 23:59:59.999,29805814.27377
2022-03-23,0.7746,0.7899,0.7605,0.7816,28246211.3,2022-03-23 23:59:59.999,21846718.32361
2022-03-24,0.7817,0.829,0.7663,0.8047,47588992.4,2022-03-24 23:59:59.999,38029478.74108
2022-03-25,0.8046,0.8183,0.7696,0.7819,32829200.0,2022-03-25 23:59:59.999,26309842.24024
2022-03-26,0.7818,0.8325,0.7751,0.8307,29296079.6,2022-03-26 23:59:59.999,23667299.51479
2022-03-27,0.8307,0.8803,0.8165,0.875,50636033.7,2022-03-27 23:59:59.999,42871944.65938
2022-03-28,0.8751,0.9063,0.839,0.8485,36675458.3,2022-03-28 23:59:59.999,32454781.26354
2022-03-29,0.8485,0.8985,0.84,0.8639,33279346.8,2022-03-29 23:59:59.999,29004740.06792
2022-03-30,0.8638,0.8997,0.8347,0.8933,31157077.8,2022-03-30 23:59:59.999,27261712.37793
2022-03-31,0.8932,0.951,0.8405,0.8529,62250593.3,2022-03-31 23:59:59.999,56084219.49869
2022-04-01,0.8532,0.8922,0.8211,0.8915,30904166.6,2022-04-01 23:59:59.999,26712239.5566
2022-04-02,0.8916,0.9298,0.8779,0.8913,33528502.3,2022-04-02 23:59:59.999,30396257.88579
2022-04-03,0.8914,0.9129,0.8801,0.9017,23451076.0,2022-04-03 23:59:59.999,21091460.78201
2022-04-04,0.9017,0.9022,0.8307,0.8637,28115187.2,2022-04-04 23:59:59.999,24386073.24422
2022-04-05,0.8643,0.8669,0.8171,0.823,25207479.0,2022-04-05 23:59:59.999,21286095.55393
2022-04-06,0.8229,0.8238,0.7312,0.735,46631202.3,2022-04-06 23:59:59.999,35959687.66634
2022-04-07,0.7351,0.7718,0.7173,0.7659,25063037.1,2022-04-07 23:59:59.999,18820890.37428
2022-04-08,0.7658,0.7728,0.7141,0.7213,23853611.6,2022-04-08 23:59:59.999,17876863.12068
2022-04-09,0.7209,0.7468,0.7189,0.746,14945855.6,2022-04-09 23:59:59.999,10934064.25335
2022-04-10,0.746,0.748,0.7104,0.7126,16600122.7,2022-04-10 23:59:59.999,12136062.58164
2022-04-11,0.7126,0.7176,0.6365,0.6488,41642158.5,2022-04-11 23:59:59.999,28110371.21202
2022-04-12,0.6487,0.673,0.6366,0.6646,40529528.9,2022-04-12 23:59:59.999,26594769.68065
2022-04-13,0.6648,0.6859,0.6455,0.6812,43497013.7,2022-04-13 23:59:59.999,28991856.32579
2022-04-14,0.6812,0.684,0.648,0.6626,35851612.0,2022-04-14 23:59:59.999,23948071.94499
2022-04-15,0.6626,0.6767,0.6552,0.6738,26916300.8,2022-04-15 23:59:59.999,17960049.03664
2022-04-16,0.674,0.6796,0.6583,0.6745,18179712.7,2022-04-16 23:59:59.999,12198286.14259
2022-04-17,0.6745,0.6789,0.6416,0.6447,19447329.2,2022-04-17 23:59:59.999,12966440.08849
2022-04-18,0.6447,0.6729,0.61,0.665,38942015.4,2022-04-18 23:59:59.999,25003220.91741
2022-04-19,0.6651,0.6869,0.6565,0.6866,28216467.7,2022-04-19 23:59:59.999,18992974.54024
2022-04-20,0.6866,0.6921,0.6601,0.6778,39750117.2,2022-04-20 23:59:59.999,26964006.27328
2022-04-21,0.6777,0.7027,0.6438,0.6625,45935067.3,2022-04-21 23:59:59.999,31350073.71783
2022-04-22,0.6624,0.693,0.6566,0.6733,43332756.2,2022-04-22 23:59:59.999,29232087.36015
2022-04-23,0.6734,0.6957,0.667,0.6807,40763023.4,2022-04-23 23:59:59.999,27931159.73761
2022-04-24,0.6805,0.6845,0.6502,0.6602,25819679.4,2022-04-24 23:59:59.999,17206909.98091
2022-04-25,0.6606,0.6611,0.6082,0.6493,46209946.8,2022-04-25 23:59:59.999,29116666.19963
2022-04-26,0.6493,0.6561,0.5911,0.5996,36678635.1,2022-04-26 23:59:59.999,22886424.13886
2022-04-27,0.5996,0.6248,0.5889,0.6168,26532457.0,2022-04-27 23:59:59.999,16194694.88271
2022-04-28,0.6168,0.6277,0.6041,0.6161,27647424.1,2022-04-28 23:59:59.999,17040428.31067
2022-04-29,0.6161,0.6179,0.5626,0.5733,30221553.3,2022-04-29 23:59:59.999,17895345.35268
2022-04-30,0.5732,0.5863,0.5117,0.5287,41204602.8,2022-04-30 23:59:59.999,22831518.91777
2022-05-01,0.5287,0.5497,0.5158,0.5446,37288235.6,2022-05-01 23:59:59.999,19912345.20387
2022-05-02,0.5446,0.5526,0.51,0.5325,43084258.6,2022-05-02 23:59:59.999,22732401.32405
2022-05-03,0.5326,0.5473,0.4855,0.5014,61540524.2,2022-05-03 23:59:59.999,31741977.98177
2022-05-04,0.5015,0.5573,0.4977,0.5538,63859002.1,2022-05-04 23:59:59.999,33348881.34506
2022-05-05,0.5538,0.5608,0.485,0.4978,63763832.9,2022-05-05 23:59:59.999,33301524.22662
2022-05-06,0.4978,0.5045,0.4748,0.4932,49286478.8,2022-05-06 23:59:59.999,24201632.8664
2022-05-07,0.4932,0.4993,0.4631,0.476,33312380.2,2022-05-07 23:59:59.999,16232254.46134
2022-05-08,0.476,0.4829,0.4583,0.4654,35812600.9,2022-05-08 23:59:59.999,16806913.62524
2022-05-09,0.4655,0.4761,0.3846,0.3888,88531087.3,2022-05-09 23:59:59.999,37169016.48209
2022-05-10,0.3887,0.4399,0.3722,0.3906,130506682.1,2022-05-10 23:59:59.999,53021245.92956
2022-05-11,0.3903,0.3992,0.2724,0.2968,213216018.0,2022-05-11 23:59:59.999,70441728.06959
2022-05-12,0.297,0.3128,0.2349,0.2944,157839975.7,2022-05-12 23:59:59.999,43037639.19682
2022-05-13,0.2944,0.3593,0.289,0.3156,64103407.3,2022-05-13 23:59:59.999,21137158.22508
2022-05-14,0.3156,0.3564,0.3104,0.3487,65340419.8,2022-05-14 23:59:59.999,21664688.05031
2022-05-15,0.3488,0.3814,0.3383,0.3741,68862876.6,2022-05-15 23:59:59.999,24575991.23446
2022-05-16,0.3741,0.3743,0.3387,0.3581,52402432.7,2022-05-16 23:59:59.999,18670930.96457
2022-05-17,0.3582,0.3977,0.3581,0.3902,90756210.9,2022-05-17 23:59:59.999,34719909.09197
2022-05-18,0.3901,0.3943,0.3311,0.334,64132732.3,2022-05-18 23:59:59.999,23334135.17122
2022-05-19,0.3337,0.3493,0.3167,0.3403,102616302.4,2022-05-19 23:59:59.999,33950197.7498
2022-05-20,0.3403,0.3443,0.3146,0.3189,58519060.2,2022-05-20 23:59:59.999,19276148.24486
2022-05-21,0.3188,0.3351,0.308,0.3289,70985192.6,2022-05-21 23:59:59.999,22960239.70797
2022-05-22,0.3289,0.3532,0.3274,0.3487,49050529.6,2022-05-22 23:59:59.999,16730164.56245
2022-05-23,0.3486,0.3624,0.3236,0.3314,60642182.5,2022-05-23 23:59:59.999,21112673.22736
2022-05-24,0.3312,0.3432,0.3148,0.3395,52820391.0,2022-05-24 23:59:59.999,17524915.94809
2022-05-25,0.3395,0.3467,0.325,0.3341,56135692.0,2022-05-25 23:59:59.999,18789489.27548
2022-05-26,0.3341,0.3413,0.2987,0.3085,70629449.1,2022-05-26 23:59:59.999,22362308.57171
2022-05-27,0.3083,0.3196,0.2942,0.3019,79240804.3,2022-05-27 23:59:59.999,24314906.99685
2022-05-28,0.3018,0.3216,0.2989,0.3191,48545704.6,2022-05-28 23:59:59.999,15091716.93998
2022-05-29,0.3189,0.3281,0.3076,0.3274,54367216.7,2022-05-29 23:59:59.999,17210949.63199
2022-05-30,0.3274,0.3541,0.324,0.3485,65333998.2,2022-05-30 23:59:59.999,22193713.48473
2022-05-31,0.3486,0.3567,0.3377,0.3527,49766298.6,2022-05-31 23:59:59.999,17325578.83536
2022-06-01,0.3528,0.3649,0.3254,0.3303,76886870.0,2022-06-01 23:59:59.999,26887330.03459
2022-06-02,0.3304,0.356,0.329,0.3559,42364629.0,2022-06-02 23:59:59.999,14447061.38896
2022-06-03,0.3557,0.3782,0.3372,0.3462,106574482.5,2022-06-03 23:59:59.999,38023733.74249
2022-06-04,0.3462,0.3531,0.3365,0.349,35313343.1,2022-06-04 23:59:59.999,12213165.42986
2022-06-05,0.3491,0.3557,0.3426,0.348,24633739.0,2022-06-05 23:59:59.999,8587292.35626
2022-06-06,0.3479,0.3869,0.3463,0.3633,80054847.1,2022-06-06 23:59:59.999,29710028.22709
2022-06-07,0.3633,0.3638,0.3331,0.3523,78577174.7,2022-06-07 23:59:59.999,27110181.74765
2022-06-08,0.3523,0.3639,0.3408,0.3491,49087747.5,2022-06-08 23:59:59.999,17316436.93861
2022-06-09,0.3492,0.3582,0.3406,0.3459,37650429.7,2022-06-09 23:59:59.999,13129314.79923
2022-06-10,0.3459,0.3477,0.3175,0.3219,40182120.8,2022-06-10 23:59:59.999,13300852.75491
2022-06-11,0.3219,0.3283,0.2906,0.3003,44843662.8,2022-06-11 23:59:59.999,13764602.33401
2022-06-12,0.3005,0.3033,0.2783,0.2811,56998880.7,2022-06-12 23:59:59.999,16539574.68559
2022-06-13,0.2811,0.2848,0.2421,0.2575,107022434.8,2022-06-13 23:59:59.999,27645104.29035
2022-06-14,0.2575,0.2707,0.238,0.2666,85976059.5,2022-06-14 23:59:59.999,22219499.94098
2022-06-15,0.2666,0.2861,0.2396,0.2855,85076722.1,2022-06-15 23:59:59.999,21809140.06147
2022-06-16,0.2857,0.2911,0.2477,0.2548,50258132.2,2022-06-16 23:59:59.999,13338948.42385
2022-06-17,0.2549,0.2693,0.2526,0.2658,43538977.4,2022-06-17 23:59:59.999,11470317.32004
2022-06-18,0.2659,0.2711,0.2305,0.251,61989390.6,2022-06-18 23:59:59.999,15460833.36058
2022-06-19,0.251,0.2797,0.2394,0.2731,48930606.4,2022-06-19 23:59:59.999,12583044.17301
2022-06-20,0.2733,0.287,0.2632,0.2791,41231282.5,2022-06-20 23:59:59.999,11375751.47683
2022-06-21,0.2792,0.2968,0.2743,0.289,50313767.4,2022-06-21 23:59:59.999,14548808.95205
2022-06-22,0.2891,0.3141,0.2705,0.284,89207820.4,2022-06-22 23:59:59.999,25908484.68034
2022-06-23,0.2841,0.3183,0.282,0.3001,128604526.8,2022-06-23 23:59:59.999,38608340.15869
2022-06-24,0.3002,0.3118,0.2956,0.3047,48167304.2,2022-06-24 23:59:59.999,14638013.32181
2022-06-25,0.3048,0.3128,0.2891,0.3042,42362689.2,2022-06-25 23:59:59.999,12761838.95508
2022-06-26,0.3043,0.3112,0.2815,0.2836,45453134.5,2022-06-26 23:59:59.999,13540202.44857
2022-06-27,0.2834,0.2985,0.2819,0.289,46120127.8,2022-06-27 23:59:59.999,13433681.53337
2022-06-28,0.2889,0.295,0.2726,0.2746,47297942.2,2022-06-28 23:59:59.999,13517859.42208
2022-06-29,0.2748,0.2791,0.2636,0.2704,48370210.2,2022-06-29 23:59:59.999,13125104.61783
2022-06-30,0.2704,0.2709,0.25,0.269,61641637.3,2022-06-30 23:59:59.999,15968160.54323
2022-07-01,0.2691,0.2746,0.2569,0.2635,51224469.8,2022-07-01 23:59:59.999,13560684.14692
2022-07-02,0.2635,0.2714,0.2566,0.2694,35133423.4,2022-07-02 23:59:59.999,9263681.36265
2022-07-03,0.2694,0.2738,0.2614,0.2699,35697114.5,2022-07-03 23:59:59.999,9544237.77836
2022-07-04,0.2697,0.2802,0.263,0.279,39673135.7,2022-07-04 23:59:59.999,10764166.5863
2022-07-05,0.2792,0.2817,0.261,0.2709,52539939.7,2022-07-05 23:59:59.999,14230070.72536
2022-07-06,0.2709,0.2782,0.2676,0.275,38094550.3,2022-07-06 23:59:59.999,10384306.39157
2022-07-07,0.2751,0.2886,0.2725,0.287,40136367.6,2022-07-07 23:59:59.999,11233406.02657
2022-07-08,0.2871,0.2952,0.2759,0.2797,46389463.0,2022-07-08 23:59:59.999,13180054.6836
2022-07-09,0.2797,0.2928,0.2795,0.2884,23509419.9,2022-07-09 23:59:59.999,6747688.14568
2022-07-10,0.2884,0.3092,0.2809,0.297,233601432.6,2022-07-10 23:59:59.999,69962265.54594
2022-07-11,0.2971,0.2971,0.2631,0.2658,94398952.5,2022-07-11 23:59:59.999,26389479.4549
2022-07-12,0.2658,0.2702,0.2526,0.2541,61207633.9,2022-07-12 23:59:59.999,15970892.71521
2022-07-13,0.2542,0.2675,0.2468,0.2653,63544414.9,2022-07-13 23:59:59.999,16392511.82817
2022-07-14,0.2654,0.2719,0.2557,0.2685,41955127.2,2022-07-14 23:59:59.999,11071914.07741
2022-07-15,0.2685,0.2763,0.2656,0.2704,41811804.2,2022-07-15 23:59:59.999,11295846.71956
2022-07-16,0.2704,0.2801,0.2639,0.2783,34340684.3,2022-07-16 23:59:59.999,9359109.66831
2022-07-17,0.2783,0.2852,0.2714,0.2729,33204291.2,2022-07-17 23:59:59.999,9223000.70666
2022-07-18,0.2729,0.2982,0.2727,0.2956,53195564.9,2022-07-18 23:59:59.999,15291307.99542
2022-07-19,0.2956,0.3127,0.2873,0.3085,79365938.1,2022-07-19 23:59:59.999,23888497.08698
2022-07-20,0.3085,0.3173,0.2881,0.292,89549311.9,2022-07-20 23:59:59.999,27451312.83949
2022-07-21,0.2921,0.3021,0.2814,0.2994,57675875.4,2022-07-21 23:59:59.999,16899399.00429
2022-07-22,0.2994,0.3235,0.2956,0.3008,95820689.1,2022-07-22 23:59:59.999,29823472.68194
2022-07-23,0.3008,0.3121,0.291,0.3014,43937964.1,2022-07-23 23:59:59.999,13229558.83002
2022-07-24,0.3013,0.3094,0.2992,0.3018,27934417.8,2022-07-24 23:59:59.999,8491491.29502
2022-07-25,0.3018,0.3041,0.2742,0.2746,50687979.1,2022-07-25 23:59:59.999,14613126.41015
2022-07-26,0.2746,0.2762,0.2644,0.2757,40146821.0,2022-07-26 23:59:59.999,10845486.99382
2022-07-27,0.2757,0.2981,0.2689,0.298,44941052.9,2022-07-27 23:59:59.999,12659985.34045
2022-07-28,0.298,0.3201,0.2921,0.3136,57848628.7,2022-07-28 23:59:59.999,17657586.43783
2022-07-29,0.3136,0.3226,0.3032,0.3093,54621082.2,2022-07-29 23:59:59.999,17137168.54268
2022-07-30,0.3093,0.3359,0.3076,0.3166,74685791.8,2022-07-30 23:59:59.999,24162025.05378
2022-07-31,0.3167,0.3374,0.3133,0.3173,46706202.8,2022-07-31 23:59:59.999,15187284.14654
2022-08-01,0.3174,0.3465,0.3152,0.3361,80249730.1,2022-08-01 23:59:59.999,26628043.32265
2022-08-02,0.336,0.3404,0.3086,0.3197,53040249.3,2022-08-02 23:59:59.999,16936766.4284
2022-08-03,0.3198,0.3344,0.3115,0.3195,39661209.5,2022-08-03 23:59:59.999,12936611.42634
2022-08-04,0.3195,0.331,0.3154,0.3305,41141361.8,2022-08-04 23:59:59.999,13283896.69199
2022-08-05,0.3306,0.3407,0.3279,0.3399,38741114.3,2022-08-05 23:59:59.999,12957636.05336
2022-08-06,0.3402,0.3461,0.3377,0.3412,22542087.2,2022-08-06 23:59:59.999,7722863.78468
2022-08-07,0.341,0.3548,0.335,0.3424,44226518.9,2022-08-07 23:59:59.999,15329809.22073
2022-08-08,0.3425,0.356,0.3371,0.3471,45296051.4,2022-08-08 23:59:59.999,15802543.13805
2022-08-09,0.347,0.3484,0.32,0.3287,44245277.9,2022-08-09 23:59:59.999,14747231.96974
2022-08-10,0.3286,0.3488,0.322,0.3479,38289291.2,2022-08-10 23:59:59.999,12951333.99372
2022-08-11,0.3478,0.3715,0.3474,0.3494,51920395.4,2022-08-11 23:59:59.999,18466855.46029
2022-08-12,0.3494,0.3639,0.3432,0.3631,34120123.2,2022-08-12 23:59:59.999,12081785.39455
2022-08-13,0.3631,0.3636,0.3535,0.3597,21911178.1,2022-08-13 23:59:59.999,7871280.62192
2022-08-14,0.3596,0.3664,0.3424,0.3465,38588004.7,2022-08-14 23:59:59.999,13721593.75721
2022-08-15,0.3465,0.3567,0.3382,0.3443,59772245.3,2022-08-15 23:59:59.999,20718555.80666
2022-08-16,0.3444,0.3469,0.335,0.3387,38101436.3,2022-08-16 23:59:59.999,12998636.75399
2022-08-17,0.3386,0.3539,0.3165,0.3195,56453315.1,2022-08-17 23:59:59.999,18924797.63476
2022-08-18,0.3195,0.3238,0.3031,0.3052,37678162.7,2022-08-18 23:59:59.999,11973770.24827
2022-08-19,0.3052,0.3066,0.2783,0.2825,82289237.8,2022-08-19 23:59:59.999,23750121.82568
2022-08-20,0.2826,0.2924,0.2754,0.2838,41327147.4,2022-08-20 23:59:59.999,11801856.42166
2022-08-21,0.2838,0.2981,0.282,0.2947,34241233.8,2022-08-21 23:59:59.999,9952296.13977
2022-08-22,0.2947,0.2949,0.2761,0.2902,40560692.1,2022-08-22 23:59:59.999,11555734.06856
2022-08-23,0.2903,0.2985,0.2803,0.2976,44105303.3,2022-08-23 23:59:59.999,12856549.86245
2022-08-24,0.2976,0.3063,0.2905,0.2982,48972669.6,2022-08-24 23:59:59.999,14669869.42113
2022-08-25,0.2982,0.3069,0.2977,0.3052,37861460.7,2022-08-25 23:59:59.999,11442780.47473
2022-08-26,0.3052,0.3082,0.2756,0.2785,63919302.8,2022-08-26 23:59:59.999,18866068.30095
2022-08-27,0.2785,0.2817,0.2724,0.2792,34350157.8,2022-08-27 23:59:59.999,9555060.69884
2022-08-28,0.2793,0.2854,0.2712,0.2729,31746843.4,2022-08-28 23:59:59.999,8886620.12207
2022-08-29,0.2729,0.2921,0.2687,0.2907,38765606.6,2022-08-29 23:59:59.999,10854715.47247
2022-08-30,0.2907,0.2962,0.2807,0.2879,43747479.1,2022-08-30 23:59:59.999,12654460.53621
2022-08-31,0.288,0.2967,0.2788,0.2806,44163986.0,2022-08-31 23:59:59.999,12693471.92167
2022-09-01,0.2805,0.2842,0.2739,0.2841,34522537.9,2022-09-01 23:59:59.999,9646290.94542
2022-09-02,0.2841,0.2876,0.277,0.2807,34512460.8,2022-09-02 23:59:59.999,9743847.63157
2022-09-03,0.2808,0.2827,0.2765,0.28,20120357.0,2022-09-03 23:59:59.999,5625448.4052
2022-09-04,0.2801,0.2943,0.2801,0.2905,57092801.7,2022-09-04 23:59:59.999,16508091.64705
2022-09-05,0.2905,0.2936,0.2782,0.2818,55271534.3,2022-09-05 23:59:59.999,15625749.24655
2022-09-06,0.282,0.288,0.2586,0.2589,72702863.8,2022-09-06 23:59:59.999,20091959.08259
2022-09-07,0.2591,0.2795,0.255,0.2759,38631732.6,2022-09-07 23:59:59.999,10323694.65361
2022-09-08,0.2759,0.282,0.2682,0.2789,45649025.2,2022-09-08 23:59:59.999,12519623.74153
2022-09-09,0.279,0.2968,0.2779,0.2919,45914702.7,2022-09-09 23:59:59.999,13272959.5743
2022-09-10,0.2919,0.3,0.2903,0.2949,33602970.9,2022-09-10 23:59:59.999,9903792.42328
2022-09-11,0.295,0.298,0.2859,0.2919,28270360.0,2022-09-11 23:59:59.999,8252110.46253
2022-09-12,0.2919,0.2997,0.2869,0.2913,44357183.3,2022-09-12 23:59:59.999,13012537.97689
2022-09-13,0.2914,0.2935,0.2665,0.2675,58920247.3,2022-09-13 23:59:59.999,16544684.61375
2022-09-14,0.2676,0.2736,0.2643,0.2716,47326505.5,2022-09-14 23:59:59.999,12760776.13878
2022-09-15,0.2716,0.2723,0.2575,0.262,53728627.8,2022-09-15 23:59:59.999,14211492.19481
2022-09-16,0.2621,0.2643,0.2555,0.2622,40399866.2,2022-09-16 23:59:59.999,10516283.40766
2022-09-17,0.2623,0.271,0.2621,0.27,20302775.1,2022-09-17 23:59:59.999,5407292.99782
2022-09-18,0.2701,0.2714,0.243,0.2514,49873573.8,2022-09-18 23:59:59.999,12944418.43752
2022-09-19,0.2515,0.2624,0.2453,0.2594,52703710.8,2022-09-19 23:59:59.999,13381998.76469
2022-09-20,0.2594,0.2644,0.2539,0.2615,53216122.9,2022-09-20 23:59:59.999,13817165.60245
2022-09-21,0.2616,0.2694,0.2481,0.2512,73417448.1,2022-09-21 23:59:59.999,18974823.65621
2022-09-22,0.2512,0.2749,0.2503,0.2721,57075436.1,2022-09-22 23:59:59.999,15079566.52611
2022-09-23,0.2721,0.2889,0.2674,0.2839,97305644.1,2022-09-23 23:59:59.999,26932493.89553
2022-09-24,0.2838,0.2891,0.2773,0.2785,44497772.1,2022-09-24 23:59:59.999,12609343.84355
2022-09-25,0.2786,0.2835,0.2697,0.2737,39306501.8,2022-09-25 23:59:59.999,10877922.86211
2022-09-26,0.2737,0.315,0.2721,0.3109,704059713.2,2022-09-26 23:59:59.999,212207674.73345
2022-09-27,0.3109,0.328,0.3045,0.3064,333226272.3,2022-09-27 23:59:59.999,104290947.43843
2022-09-28,0.3064,0.3147,0.2909,0.2952,222080532.1,2022-09-28 23:59:59.999,66914308.7732
2022-09-29,0.2952,0.3054,0.2881,0.2918,125266198.8,2022-09-29 23:59:59.999,36813145.54766
2022-09-30,0.2918,0.2952,0.2829,0.2871,94082972.0,2022-09-30 23:59:59.999,27219029.44584
2022-10-01,0.2872,0.2985,0.287,0.2927,83341683.7,2022-10-01 23:59:59.999,24432630.65738
2022-10-02,0.2927,0.2942,0.2727,0.2746,67287768.5,2022-10-02 23:59:59.999,18994229.36412
2022-10-03,0.2745,0.2796,0.2715,0.2782,54871551.9,2022-10-03 23:59:59.999,15176797.80154
2022-10-04,0.2782,0.2829,0.2767,0.2815,41235959.5,2022-10-04 23:59:59.999,11558559.33409
2022-10-05,0.2816,0.2826,0.2692,0.2742,58812094.5,2022-10-05 23:59:59.999,16144692.57261
2022-10-06,0.2742,0.277,0.2635,0.2676,71884640.9,2022-10-06 23:59:59.999,19499074.35849
2022-10-07,0.2676,0.2711,0.2614,0.2694,48063255.1,2022-10-07 23:59:59.999,12842453.6104
2022-10-08,0.2695,0.2734,0.2647,0.2673,31716788.4,2022-10-08 23:59:59.999,8553959.12792
2022-10-09,0.2673,0.2763,0.2669,0.2719,63644882.5,2022-10-09 23:59:59.999,17401013.81733
2022-10-10,0.2719,0.2754,0.2585,0.2601,54029581.3,2022-10-10 23:59:59.999,14477553.79544
2022-10-11,0.26,0.2628,0.25,0.2612,49241929.4,2022-10-11 23:59:59.999,12725938.127
2022-10-12,0.2612,0.2639,0.2561,0.2573,32908090.9,2022-10-12 23:59:59.999,8569507.14495
2022-10-13,0.2574,0.2586,0.2363,0.2546,90472604.8,2022-10-13 23:59:59.999,22308855.25063
2022-10-14,0.2546,0.2627,0.246,0.2481,53396542.6,2022-10-14 23:59:59.999,13618036.94557
2022-10-15,0.248,0.2488,0.2428,0.245,37924294.9,2022-10-15 23:59:59.999,9333480.53114
2022-10-16,0.2449,0.2525,0.2446,0.2493,48448948.6,2022-10-16 23:59:59.999,12019272.91172
2022-10-17,0.2493,0.255,0.2462,0.2544,52157391.8,2022-10-17 23:59:59.999,13076638.99155
2022-10-18,0.2544,0.2571,0.2459,0.2494,61282740.6,2022-10-18 23:59:59.999,15388760.88311
2022-10-19,0.2494,0.2528,0.2384,0.2418,65916256.5,2022-10-19 23:59:59.999,16239511.12672
2022-10-20,0.2418,0.2489,0.2379,0.2434,59641403.6,2022-10-20 23:59:59.999,14530635.95387
2022-10-21,0.2434,0.2486,0.2354,0.2477,66796639.7,2022-10-21 23:59:59.999,16196640.64576
2022-10-22,0.2478,0.2493,0.2441,0.2469,27652106.0,2022-10-22 23:59:59.999,6818678.06545
2022-10-23,0.2469,0.2511,0.24,0.2495,47271765.1,2022-10-23 23:59:59.999,11615933.73596
2022-10-24,0.2494,0.2505,0.2421,0.2476,56937543.8,2022-10-24 23:59:59.999,14047325.96397
2022-10-25,0.2476,0.2566,0.2447,0.2521,57839296.2,2022-10-25 23:59:59.999,14489949.27699
2022-10-26,0.2522,0.2588,0.252,0.2569,87939355.7,2022-10-26 23:59:59.999,22541429.97238
2022-10-27,0.2569,0.2644,0.248,0.2504,76089147.0,2022-10-27 23:59:59.999,19560774.4715
2022-10-28,0.2504,0.2574,0.2479,0.2554,72103047.9,2022-10-28 23:59:59.999,18171423.75832
2022-10-29,0.2554,0.2637,0.2551,0.2579,59355275.0,2022-10-29 23:59:59.999,15381451.91842
2022-10-30,0.2578,0.2668,0.2557,0.2599,71817329.6,2022-10-30 23:59:59.999,18733614.16312
2022-10-31,0.26,0.2641,0.2551,0.2579,63582124.5,2022-10-31 23:59:59.999,16491201.64335
2022-11-01,0.2579,0.2623,0.2548,0.2551,43784878.9,2022-11-01 23:59:59.999,11327072.24387
2022-11-02,0.2551,0.2564,0.2443,0.249,75236564.8,2022-11-02 23:59:59.999,18873334.3205
2022-11-03,0.249,0.2578,0.2481,0.2547,51914088.9,2022-11-03 23:59:59.999,13202905.78796
2022-11-04,0.2548,0.2724,0.2532,0.2713,70163924.2,2022-11-04 23:59:59.999,18543445.70425
2022-11-05,0.2712,0.2773,0.2669,0.2719,59038712.4,2022-11-05 23:59:59.999,16134046.3004
2022-11-06,0.2719,0.2774,0.2591,0.2596,54555365.9,2022-11-06 23:59:59.999,14792325.85124
2022-11-07,0.2595,0.2653,0.2528,0.2611,63566521.6,2022-11-07 23:59:59.999,16580139.94391
2022-11-08,0.2611,0.2706,0.2025,0.2341,224724816.7,2022-11-08 23:59:59.999,54767424.80545
2022-11-09,0.2342,0.2347,0.1929,0.2043,155630596.3,2022-11-09 23:59:59.999,33814845.86206
2022-11-10,0.2045,0.242,0.2008,0.2352,109381837.7,2022-11-10 23:59:59.999,24308799.24931
2022-11-11,0.2351,0.24,0.2165,0.2304,61534073.4,2022-11-11 23:59:59.999,14042065.64708
2022-11-12,0.2304,0.2306,0.2153,0.2171,41938967.8,2022-11-12 23:59:59.999,9273829.00976
2022-11-13,0.2172,0.2212,0.2095,0.2138,46382048.6,2022-11-13 23:59:59.999,9993479.07748
2022-11-14,0.2139,0.2221,0.2013,0.2193,64723662.8,2022-11-14 23:59:59.999,13749440.48625
2022-11-15,0.2192,0.2281,0.2153,0.2231,42008873.9,2022-11-15 23:59:59.999,9340330.6952
2022-11-16,0.2231,0.2281,0.2139,0.2181,39084136.6,2022-11-16 23:59:59.999,8625979.59918
2022-11-17,0.218,0.2204,0.2116,0.2185,37091311.2,2022-11-17 23:59:59.999,8039633.44596
2022-11-18,0.2185,0.2216,0.2159,0.218,26323060.4,2022-11-18 23:59:59.999,5756752.6714
2022-11-19,0.2181,0.2243,0.2147,0.2228,27431223.2,2022-11-19 23:59:59.999,6049959.72379
2022-11-20,0.2228,0.233,0.2115,0.2122,56359705.9,2022-11-20 23:59:59.999,12588800.63284
2022-11-21,0.2122,0.2213,0.2037,0.2142,155219763.6,2022-11-21 23:59:59.999,33213200.49837
2022-11-22,0.2143,0.2159,0.2045,0.2149,57165808.8,2022-11-22 23:59:59.999,12034342.22481
2022-11-23,0.2149,0.2202,0.2109,0.2191,50146100.3,2022-11-23 23:59:59.999,10850508.1737
2022-11-24,0.2191,0.2208,0.2116,0.2157,38279966.7,2022-11-24 23:59:59.999,8274855.09755
2022-11-25,0.2156,0.2156,0.2091,0.212,34560810.1,2022-11-25 23:59:59.999,7308096.41709
2022-11-26,0.2121,0.2169,0.2119,0.2143,32760912.4,2022-11-26 23:59:59.999,7017186.51132
2022-11-27,0.2143,0.2199,0.2115,0.2128,42854006.8,2022-11-27 23:59:59.999,9264137.2478
2022-11-28,0.213,0.2149,0.203,0.2072,61539634.4,2022-11-28 23:59:59.999,12752223.87754
2022-11-29,0.2072,0.2124,0.2051,0.2097,40190262.6,2022-11-29 23:59:59.999,8410184.44451
2022-11-30,0.2096,0.2172,0.2094,0.2159,44386492.7,2022-11-30 23:59:59.999,9495851.87321
2022-12-01,0.2158,0.2164,0.2095,0.2119,44311221.5,2022-12-01 23:59:59.999,9441989.59709
2022-12-02,0.2119,0.2155,0.2075,0.2136,60606363.2,2022-12-02 23:59:59.999,12846980.68692
2022-12-03,0.2137,0.2158,0.2096,0.2101,31213167.4,2022-12-03 23:59:59.999,6667878.79098
2022-12-04,0.2101,0.2143,0.2099,0.2118,27917013.7,2022-12-04 23:59:59.999,5907020.38341
2022-12-05,0.2116,0.2165,0.2115,0.2141,48580370.6,2022-12-05 23:59:59.999,10394249.50366
2022-12-06,0.2142,0.217,0.2092,0.2131,43582133.9,2022-12-06 23:59:59.999,9268665.93576
2022-12-07,0.2131,0.2136,0.2031,0.2056,50560865.0,2022-12-07 23:59:59.999,10459200.27972
2022-12-08,0.2057,0.2086,0.201,0.2077,51358960.9,2022-12-08 23:59:59.999,10532007.14376
2022-12-09,0.2077,0.2095,0.2039,0.2056,42731859.9,2022-12-09 23:59:59.999,8841425.50998
2022-12-10,0.2057,0.2104,0.2052,0.2085,35321300.6,2022-12-10 23:59:59.999,7359052.13593
2022-12-11,0.2086,0.2114,0.2064,0.2074,27748927.7,2022-12-11 23:59:59.999,5817679.90437
2022-12-12,0.2075,0.2075,0.1978,0.2026,58212459.4,2022-12-12 23:59:59.999,11730102.6659
2022-12-13,0.2026,0.2051,0.1948,0.2045,61618626.1,2022-12-13 23:59:59.999,12406535.93693
2022-12-14,0.2045,0.2059,0.1907,0.196,114917615.5,2022-12-14 23:59:59.999,22834544.40762
2022-12-15,0.196,0.198,0.181,0.1859,93814485.7,2022-12-15 23:59:59.999,17844489.39353
2022-12-16,0.1859,0.1873,0.161,0.1644,127823073.7,2022-12-16 23:59:59.999,22602782.43127
2022-12-17,0.1645,0.1722,0.1622,0.1706,64797418.3,2022-12-17 23:59:59.999,10869810.11085
2022-12-18,0.1707,0.1722,0.1668,0.1681,34406831.8,2022-12-18 23:59:59.999,5833424.33104
2022-12-19,0.1682,0.1703,0.1556,0.1598,60304786.2,2022-12-19 23:59:59.999,9905436.76494
2022-12-20,0.1598,0.1672,0.1586,0.166,48476519.6,2022-12-20 23:59:59.999,7985461.03694
2022-12-21,0.166,0.1671,0.1616,0.1653,39462984.7,2022-12-21 23:59:59.999,6499939.81673
2022-12-22,0.1653,0.1677,0.1633,0.1674,42214777.9,2022-12-22 23:59:59.999,6992945.87411
2022-12-23,0.1674,0.1706,0.1665,0.1699,36985891.9,2022-12-23 23:59:59.999,6248560.6109
2022-12-24,0.1699,0.171,0.1678,0.1706,21121482.3,2022-12-24 23:59:59.999,3579493.17172
2022-12-25,0.1705,0.1762,0.1702,0.1726,116454934.5,2022-12-25 23:59:59.999,20138485.49165
2022-12-26,0.1726,0.1761,0.1695,0.1761,50262838.3,2022-12-26 23:59:59.999,8656892.24922
2022-12-27,0.1761,0.1769,0.1712,0.173,45737949.3,2022-12-27 23:59:59.999,7957252.34293
2022-12-28,0.173,0.1734,0.1647,0.1697,68208392.3,2022-12-28 23:59:59.999,11515622.36931
2022-12-29,0.1697,0.1721,0.1662,0.1691,47362492.5,2022-12-29 23:59:59.999,8024348.07634
2022-12-30,0.1691,0.1714,0.1661,0.1699,35324973.5,2022-12-30 23:59:59.999,5974797.60321
2022-12-31,0.17,0.173,0.168,0.1689,19669717.7,2022-12-31 23:59:59.999,3363021.18098
2023-01-01,0.1689,0.1721,0.1677,0.1719,21112735.2,2023-01-01 23:59:59.999,3592117.16107
2023-01-02,0.1719,0.1831,0.1691,0.1811,62736719.2,2023-01-02 23:59:59.999,11165466.42235
2023-01-03,0.1811,0.1836,0.1768,0.1782,67568425.4,2023-01-03 23:59:59.999,12166844.56122
2023-01-04,0.1781,0.1814,0.1761,0.1787,78718264.2,2023-01-04 23:59:59.999,14082434.98457
2023-01-05,0.1787,0.1821,0.1766,0.1802,51151881.2,2023-01-05 23:59:59.999,9177357.20124
2023-01-06,0.1803,0.1826,0.1739,0.1821,50748266.7,2023-01-06 23:59:59.999,9037655.23958
2023-01-07,0.1821,0.1844,0.1788,0.1798,27911821.4,2023-01-07 23:59:59.999,5060286.15008
2023-01-08,0.1798,0.1839,0.1768,0.1827,38680496.1,2023-01-08 23:59:59.999,6935732.18762
2023-01-09,0.1827,0.1916,0.1814,0.1864,78367904.5,2023-01-09 23:59:59.999,14637955.10547
2023-01-10,0.1864,0.1913,0.183,0.1903,64598697.1,2023-01-10 23:59:59.999,12083449.87452
2023-01-11,0.1903,0.1932,0.1844,0.1928,62223308.5,2023-01-11 23:59:59.999,11698601.23038
2023-01-12,0.1928,0.1972,0.1867,0.1962,86277830.8,2023-01-12 23:59:59.999,16631090.99676
2023-01-13,0.1962,0.2022,0.1916,0.2021,67502863.8,2023-01-13 23:59:59.999,13256550.58296
2023-01-14,0.2022,0.2164,0.1977,0.213,120453180.1,2023-01-14 23:59:59.999,25032329.46759
2023-01-15,0.2129,0.2206,0.2071,0.2145,103334754.4,2023-01-15 23:59:59.999,22144893.42167
2023-01-16,0.2147,0.2202,0.2039,0.2125,92884091.3,2023-01-16 23:59:59.999,19705566.69958
2023-01-17,0.2125,0.223,0.2082,0.2153,91870758.8,2023-01-17 23:59:59.999,19881133.67479
2023-01-18,0.2153,0.2208,0.1997,0.2007,113235141.1,2023-01-18 23:59:59.999,23903892.64644
2023-01-19,0.2007,0.2073,0.2,0.2052,60529685.6,2023-01-19 23:59:59.999,12321462.71711
2023-01-20,0.2052,0.2204,0.2029,0.2196,62625987.2,2023-01-20 23:59:59.999,13143473.01983
2023-01-21,0.2196,0.2239,0.2136,0.2168,86280459.5,2023-01-21 23:59:59.999,18970726.31334
2023-01-22,0.2168,0.2332,0.2165,0.2242,92794627.2,2023-01-22 23:59:59.999,20910976.37435
2023-01-23,0.2243,0.2308,0.2216,0.2302,78839485.5,2023-01-23 23:59:59.999,17866297.82
2023-01-24,0.2302,0.2419,0.2165,0.2192,112937948.2,2023-01-24 23:59:59.999,26251543.10271
2023-01-25,0.2192,0.2318,0.2108,0.2283,76380100.4,2023-01-25 23:59:59.999,16845894.53523
2023-01-26,0.2284,0.2339,0.2238,0.2319,71896602.4,2023-01-26 23:59:59.999,16427895.58178
2023-01-27,0.2319,0.2523,0.2244,0.2451,221562314.0,2023-01-27 23:59:59.999,53281854.94344
2023-01-28,0.2451,0.2451,0.2324,0.2372,56376154.5,2023-01-28 23:59:59.999,13440742.36734
2023-01-29,0.2371,0.2425,0.2346,0.241,45103993.6,2023-01-29 23:59:59.999,10787875.88848
2023-01-30,0.241,0.2423,0.218,0.2236,83315081.1,2023-01-30 23:59:59.999,19112143.71239
2023-01-31,0.2237,0.2285,0.2201,0.227,55189917.4,2023-01-31 23:59:59.999,12384081.54771
2023-02-01,0.227,0.2342,0.215,0.2334,71129360.7,2023-02-01 23:59:59.999,15934781.90687
2023-02-02,0.2335,0.2406,0.2289,0.2311,71484273.9,2023-02-02 23:59:59.999,16806303.6967
2023-02-03,0.231,0.2389,0.23,0.2387,73524392.9,2023-02-03 23:59:59.999,17246454.77881
2023-02-04,0.2386,0.2474,0.2375,0.2449,67840409.3,2023-02-04 23:59:59.999,16464505.39029
2023-02-05,0.2448,0.256,0.2321,0.238,107747185.8,2023-02-05 23:59:59.999,26247596.08541
2023-02-06,0.238,0.2547,0.2375,0.2414,112804083.8,2023-02-06 23:59:59.999,27793482.38217
2023-02-07,0.2414,0.2518,0.2371,0.251,79152788.2,2023-02-07 23:59:59.999,19229022.35024
2023-02-08,0.251,0.2545,0.236,0.2464,69115993.2,2023-02-08 23:59:59.999,17059264.8375
2023-02-09,0.2464,0.2493,0.2206,0.2287,107900234.5,2023-02-09 23:59:59.999,25526382.64929
2023-02-10,0.2287,0.2349,0.227,0.231,64629499.9,2023-02-10 23:59:59.999,14917159.9791
2023-02-11,0.2309,0.2364,0.227,0.2343,40448900.4,2023-02-11 23:59:59.999,9363003.58747
2023-02-12,0.2342,0.238,0.2283,0.2319,37479478.1,2023-02-12 23:59:59.999,8748490.68773
2023-02-13,0.232,0.2359,0.2207,0.2272,80560551.7,2023-02-13 23:59:59.999,18328973.39577
2023-02-14,0.2273,0.2332,0.2237,0.233,57582751.2,2023-02-14 23:59:59.999,13145350.5005
2023-02-15,0.2328,0.2482,0.2306,0.2479,53019830.2,2023-02-15 23:59:59.999,12623957.20385
2023-02-16,0.2479,0.2502,0.2331,0.234,79131954.2,2023-02-16 23:59:59.999,19414033.48197
2023-02-17,0.2341,0.2486,0.2331,0.2455,76024742.8,2023-02-17 23:59:59.999,18325174.45539
2023-02-18,0.2455,0.2511,0.2434,0.2484,40795819.9,2023-02-18 23:59:59.999,10088649.32381
2023-02-19,0.2484,0.2568,0.2442,0.2517,69045856.4,2023-02-19 23:59:59.999,17299282.98636
2023-02-20,0.2516,0.2747,0.2451,0.2685,108606588.6,2023-02-20 23:59:59.999,28760488.7051
2023-02-21,0.2686,0.2698,0.2506,0.2571,72083911.5,2023-02-21 23:59:59.999,18682527.25158
2023-02-22,0.2571,0.2591,0.244,0.2554,81430837.6,2023-02-22 23:59:59.999,20351432.08284
2023-02-23,0.2554,0.2583,0.2479,0.2539,65396908.7,2023-02-23 23:59:59.999,16623303.61616
2023-02-24,0.254,0.2658,0.2459,0.2526,133085353.0,2023-02-24 23:59:59.999,34141390.41548
2023-02-25,0.2526,0.2672,0.2492,0.256,175447709.8,2023-02-25 23:59:59.999,45548080.0086
2023-02-26,0.256,0.2562,0.2461,0.252,67826364.0,2023-02-26 23:59:59.999,17005445.69339
2023-02-27,0.2519,0.2552,0.2424,0.2473,111435624.3,2023-02-27 23:59:59.999,27679874.70073
2023-02-28,0.2474,0.2479,0.236,0.2398,63854128.1,2023-02-28 23:59:59.999,15506209.30766
2023-03-01,0.2399,0.2522,0.2363,0.2509,68670996.4,2023-03-01 23:59:59.999,16958178.58077
2023-03-02,0.2509,0.2513,0.234,0.2402,64248782.9,2023-03-02 23:59:59.999,15455682.4936
2023-03-03,0.2402,0.2404,0.2145,0.2225,91822345.1,2023-03-03 23:59:59.999,20399435.784
2023-03-04,0.2224,0.2239,0.2109,0.2161,32936717.1,2023-03-04 23:59:59.999,7192062.01071
2023-03-05,0.2162,0.22,0.2136,0.2156,33691967.8,2023-03-05 23:59:59.999,7325496.37912
2023-03-06,0.2156,0.2156,0.2097,0.2127,53332147.5,2023-03-06 23:59:59.999,11339278.37083
2023-03-07,0.2127,0.2154,0.2014,0.2084,84919148.1,2023-03-07 23:59:59.999,17644174.72502
2023-03-08,0.2085,0.2092,0.1956,0.1996,84787054.7,2023-03-08 23:59:59.999,17093574.56848
2023-03-09,0.1997,0.2088,0.1854,0.1909,169798779.4,2023-03-09 23:59:59.999,33726593.91434
2023-03-10,0.1909,0.1914,0.1764,0.1871,132381625.9,2023-03-10 23:59:59.999,24498930.18922
2023-03-11,0.187,0.1925,0.1784,0.1912,100586339.9,2023-03-11 23:59:59.999,18672280.64271
2023-03-12,0.1912,0.2028,0.1882,0.2026,108899174.2,2023-03-12 23:59:59.999,21111824.42046
2023-03-13,0.2026,0.217,0.1972,0.2151,103354086.5,2023-03-13 23:59:59.999,21310162.20385
2023-03-14,0.2151,0.2238,0.2101,0.219,109573822.1,2023-03-14 23:59:59.999,23802580.32247
2023-03-15,0.219,0.2227,0.1981,0.2048,112492670.5,2023-03-15 23:59:59.999,23657188.98934
2023-03-16,0.2047,0.2124,0.2014,0.2117,72901271.0,2023-03-16 23:59:59.999,15049150.05948
2023-03-17,0.2117,0.2301,0.2104,0.2296,86267142.2,2023-03-17 23:59:59.999,18960199.99994
2023-03-18,0.2296,0.2327,0.2154,0.2179,88802015.1,2023-03-18 23:59:59.999,19904087.65728
2023-03-19,0.218,0.2261,0.2166,0.2224,63554363.8,2023-03-19 23:59:59.999,14083612.48012
2023-03-20,0.2225,0.225,0.2105,0.2123,78969809.4,2023-03-20 23:59:59.999,17211645.69898
2023-03-21,0.2123,0.2215,0.2064,0.2197,68195878.2,2023-03-21 23:59:59.999,14673647.51885
2023-03-22,0.2198,0.2199,0.1995,0.2078,94292708.4,2023-03-22 23:59:59.999,19983962.71599
2023-03-23,0.2078,0.2172,0.2051,0.2163,59436584.1,2023-03-23 23:59:59.999,12634907.15609
2023-03-24,0.2164,0.2174,0.204,0.2084,59111516.8,2023-03-24 23:59:59.999,12411747.76009
2023-03-25,0.2085,0.2105,0.2013,0.2048,44124296.9,2023-03-25 23:59:59.999,9054435.34522
2023-03-26,0.2049,0.2135,0.2029,0.2092,43772093.3,2023-03-26 23:59:59.999,9180899.39411
2023-03-27,0.2091,0.2102,0.1946,0.1994,73321268.1,2023-03-27 23:59:59.999,14744963.46095
2023-03-28,0.1994,0.206,0.1968,0.2038,54458070.0,2023-03-28 23:59:59.999,10952495.01413
2023-03-29,0.2039,0.2162,0.2034,0.2153,59693206.9,2023-03-29 23:59:59.999,12594938.87395
2023-03-30,0.2152,0.2174,0.2063,0.211,47528858.1,2023-03-30 23:59:59.999,10059551.59603
2023-03-31,0.211,0.218,0.2064,0.2166,36212241.4,2023-03-31 23:59:59.999,7675749.88485
2023-04-01,0.2166,0.2254,0.2165,0.2234,49544458.7,2023-04-01 23:59:59.999,10974494.24602
2023-04-02,0.2233,0.2267,0.2116,0.2157,37012563.1,2023-04-02 23:59:59.999,8094746.31712
2023-04-03,0.2157,0.2174,0.2071,0.2157,54397120.9,2023-04-03 23:59:59.999,11585156.85822
2023-04-04,0.2158,0.2243,0.2125,0.2217,79298738.7,2023-04-04 23:59:59.999,17360919.14242
2023-04-05,0.2218,0.2303,0.2192,0.2294,55973335.9,2023-04-05 23:59:59.999,12576867.14495
2023-04-06,0.2294,0.2387,0.2235,0.2272,153725116.7,2023-04-06 23:59:59.999,35402782.44754
2023-04-07,0.2272,0.2381,0.2238,0.2285,96632264.2,2023-04-07 23:59:59.999,22193845.78999
2023-04-08,0.2285,0.231,0.2231,0.2246,41686874.2,2023-04-08 23:59:59.999,9465128.39941
2023-04-09,0.2247,0.2266,0.2164,0.2233,54576003.5,2023-04-09 23:59:59.999,12049578.97759
2023-04-10,0.2234,0.2275,0.2185,0.2267,43096289.8,2023-04-10 23:59:59.999,9572434.07305
2023-04-11,0.2268,0.2286,0.2237,0.2267,58531420.0,2023-04-11 23:59:59.999,13240860.89034
2023-04-12,0.2268,0.2272,0.2146,0.2208,96617489.7,2023-04-12 23:59:59.999,21167244.99018
2023-04-13,0.2209,0.224,0.2172,0.223,56741925.7,2023-04-13 23:59:59.999,12523982.76485
2023-04-14,0.2231,0.2288,0.22,0.2275,83172170.7,2023-04-14 23:59:59.999,18738134.67093
2023-04-15,0.2275,0.2286,0.2224,0.2255,54590691.0,2023-04-15 23:59:59.999,12280242.44339
2023-04-16,0.2255,0.2303,0.2208,0.2292,66473061.4,2023-04-16 23:59:59.999,15063835.20913
2023-04-17,0.2293,0.23,0.2196,0.2236,76780394.4,2023-04-17 23:59:59.999,17235494.36833
2023-04-18,0.2237,0.23,0.221,0.2287,45940713.3,2023-04-18 23:59:59.999,10409346.18913
2023-04-19,0.2287,0.2294,0.2022,0.2074,97349535.5,2023-04-19 23:59:59.999,20755019.08788
2023-04-20,0.2074,0.2114,0.201,0.208,93437803.0,2023-04-20 23:59:59.999,19333684.34492
2023-04-21,0.208,0.2106,0.1961,0.1999,83995610.9,2023-04-21 23:59:59.999,17145765.51719
2023-04-22,0.1998,0.2032,0.1974,0.2028,33776045.9,2023-04-22 23:59:59.999,6753150.47355
2023-04-23,0.2028,0.2029,0.1944,0.1996,49106679.8,2023-04-23 23:59:59.999,9782271.07542
2023-04-24,0.1996,0.2015,0.1941,0.1996,54475291.2,2023-04-24 23:59:59.999,10802673.64633
2023-04-25,0.1996,0.2027,0.1934,0.2017,54755752.4,2023-04-25 23:59:59.999,10799957.08479
2023-04-26,0.2017,0.2076,0.187,0.1974,90406141.5,2023-04-26 23:59:59.999,18050594.76752
2023-04-27,0.1974,0.2037,0.1956,0.2013,65026746.6,2023-04-27 23:59:59.999,12963036.41157
2023-04-28,0.2012,0.2017,0.196,0.2001,38148074.2,2023-04-28 23:59:59.999,7614740.84377
2023-04-29,0.2002,0.2027,0.1989,0.2009,25608971.6,2023-04-29 23:59:59.999,5147717.34585
2023-04-30,0.201,0.2029,0.1967,0.197,39495443.7,2023-04-30 23:59:59.999,7887186.60531
2023-05-01,0.1971,0.1986,0.1898,0.1932,54470725.5,2023-05-01 23:59:59.999,10549916.67703
2023-05-02,0.1931,0.1955,0.1911,0.1954,44046375.7,2023-05-02 23:59:59.999,8525099.49189
2023-05-03,0.1954,0.2006,0.1897,0.1996,60908424.4,2023-05-03 23:59:59.999,11821205.72235
2023-05-04,0.1996,0.2003,0.1936,0.1953,39473313.2,2023-05-04 23:59:59.999,7780984.06357
2023-05-05,0.1953,0.2001,0.1945,0.1991,39654996.6,2023-05-05 23:59:59.999,7833340.13464
2023-05-06,0.1991,0.2002,0.1893,0.1919,39567732.6,2023-05-06 23:59:59.999,7661044.22197
2023-05-07,0.192,0.1943,0.19,0.1916,27870860.3,2023-05-07 23:59:59.999,5358195.43905
2023-05-08,0.1916,0.1931,0.1715,0.1799,66715565.8,2023-05-08 23:59:59.999,12106061.0448
2023-05-09,0.1799,0.183,0.1775,0.1792,68179016.2,2023-05-09 23:59:59.999,12337375.25806
2023-05-10,0.1792,0.1838,0.1706,0.18,58374286.2,2023-05-10 23:59:59.999,10454068.35929
2023-05-11,0.18,0.1802,0.173,0.1763,50496119.1,2023-05-11 23:59:59.999,8942991.06117
2023-05-12,0.1764,0.1791,0.1715,0.1791,51978354.8,2023-05-12 23:59:59.999,9121605.38758
2023-05-13,0.179,0.1793,0.175,0.1765,24891110.8,2023-05-13 23:59:59.999,4401872.68198
2023-05-14,0.1764,0.1787,0.1748,0.177,23897651.9,2023-05-14 23:59:59.999,4222052.36497
2023-05-15,0.1771,0.1813,0.1741,0.1797,52827206.8,2023-05-15 23:59:59.999,9432339.58614
2023-05-16,0.1798,0.1817,0.1776,0.1813,43452139.0,2023-05-16 23:59:59.999,7816810.79182
2023-05-17,0.1814,0.1859,0.1783,0.1847,56360707.2,2023-05-17 23:59:59.999,10280553.20732
2023-05-18,0.1847,0.1855,0.1798,0.1822,59336407.6,2023-05-18 23:59:59.999,10883462.75243
2023-05-19,0.1823,0.1842,0.1807,0.1823,61351044.9,2023-05-19 23:59:59.999,11186710.61607
2023-05-20,0.1823,0.1839,0.1773,0.1788,63389442.3,2023-05-20 23:59:59.999,11444467.03072
2023-05-21,0.1788,0.1793,0.1742,0.1767,56310483.9,2023-05-21 23:59:59.999,9936491.8396
2023-05-22,0.1766,0.1847,0.174,0.1837,117280151.9,2023-05-22 23:59:59.999,21156484.59366
2023-05-23,0.1838,0.1929,0.183,0.191,134743310.0,2023-05-23 23:59:59.999,25416673.1747
2023-05-24,0.191,0.1923,0.1846,0.1903,135411621.6,2023-05-24 23:59:59.999,25693700.92749
2023-05-25,0.1902,0.1945,0.1861,0.1941,105467093.8,2023-05-25 23:59:59.999,20100166.04057
2023-05-26,0.1942,0.1969,0.192,0.193,108572164.8,2023-05-26 23:59:59.999,21156023.83581
2023-05-27,0.1929,0.1973,0.1916,0.1969,60152621.2,2023-05-27 23:59:59.999,11704753.10697
2023-05-28,0.1969,0.2052,0.1965,0.2024,90558849.3,2023-05-28 23:59:59.999,18214530.27686
2023-05-29,0.2025,0.211,0.1996,0.2102,154610123.2,2023-05-29 23:59:59.999,31790319.24199
2023-05-30,0.2103,0.2255,0.2015,0.2016,407747348.9,2023-05-30 23:59:59.999,88013149.04428
2023-05-31,0.2015,0.2054,0.1951,0.2001,274161335.2,2023-05-31 23:59:59.999,54828784.45039
2023-06-01,0.2,0.2077,0.198,0.1996,234507679.0,2023-06-01 23:59:59.999,47401269.91106
2023-06-02,0.1996,0.2022,0.196,0.2,126469784.0,2023-06-02 23:59:59.999,25184951.12836
2023-06-03,0.1999,0.2088,0.1981,0.2063,180589723.4,2023-06-03 23:59:59.999,36891096.70091
2023-06-04,0.2063,0.2084,0.2015,0.2034,147195464.8,2023-06-04 23:59:59.999,30152671.03593
2023-06-05,0.2034,0.2051,0.1775,0.1838,200111379.7,2023-06-05 23:59:59.999,38528846.36859
2023-06-06,0.1839,0.1887,0.175,0.1864,132936972.7,2023-06-06 23:59:59.999,24181535.75212
2023-06-07,0.1864,0.1866,0.1765,0.18,93802999.9,2023-06-07 23:59:59.999,16998884.13579
2023-06-08,0.1799,0.1831,0.1768,0.18,65503599.5,2023-06-08 23:59:59.999,11832643.32985
2023-06-09,0.1799,0.1806,0.1747,0.1765,80460891.2,2023-06-09 23:59:59.999,14315708.32889
2023-06-10,0.1766,0.1769,0.135,0.1573,253634484.8,2023-06-10 23:59:59.999,38382203.44213
2023-06-11,0.1573,0.1592,0.1537,0.1584,65831423.9,2023-06-11 23:59:59.999,10309579.01566
2023-06-12,0.1584,0.1592,0.1527,0.1583,80660302.9,2023-06-12 23:59:59.999,12606006.91446
2023-06-13,0.1584,0.1612,0.1545,0.156,59763057.9,2023-06-13 23:59:59.999,9426056.80439
2023-06-14,0.156,0.1585,0.1475,0.1524,74010390.0,2023-06-14 23:59:59.999,11404585.5548
2023-06-15,0.1524,0.1547,0.1467,0.1528,70773840.5,2023-06-15 23:59:59.999,10690014.95654
2023-06-16,0.1529,0.1589,0.1503,0.1576,55333301.1,2023-06-16 23:59:59.999,8527426.73514
2023-06-17,0.1576,0.1637,0.1562,0.1588,46755707.4,2023-06-17 23:59:59.999,7495890.20662
2023-06-18,0.1588,0.1619,0.1567,0.1583,39996466.9,2023-06-18 23:59:59.999,6367756.71233
2023-06-19,0.1583,0.1615,0.1563,0.1585,63481891.3,2023-06-19 23:59:59.999,10076610.82457
2023-06-20,0.1584,0.1653,0.1565,0.1646,70274915.1,2023-06-20 23:59:59.999,11272981.28205
2023-06-21,0.1647,0.1733,0.1641,0.1717,78361084.0,2023-06-21 23:59:59.999,13204902.30251
2023-06-22,0.1717,0.1764,0.1665,0.1695,59493443.3,2023-06-22 23:59:59.999,10247379.83288
2023-06-23,0.1695,0.1802,0.1694,0.1793,57216030.9,2023-06-23 23:59:59.999,10037138.97517
2023-06-24,0.1793,0.1828,0.176,0.1805,42230427.1,2023-06-24 23:59:59.999,7601031.0697
2023-06-25,0.1806,0.1871,0.1787,0.1819,48184532.2,2023-06-25 23:59:59.999,8812428.22864
2023-06-26,0.182,0.1866,0.176,0.18,55211492.9,2023-06-26 23:59:59.999,9994852.109
2023-06-27,0.18,0.1973,0.1794,0.1836,143768076.7,2023-06-27 23:59:59.999,26993993.72271
2023-06-28,0.1837,0.1839,0.1661,0.1741,84031997.3,2023-06-28 23:59:59.999,14832317.54201
2023-06-29,0.1741,0.1786,0.1738,0.1775,38308574.7,2023-06-29 23:59:59.999,6757421.18769
2023-06-30,0.1775,0.1852,0.1681,0.1825,98450615.2,2023-06-30 23:59:59.999,17645954.83301
2023-07-01,0.1825,0.1864,0.1808,0.1862,38047982.0,2023-07-01 23:59:59.999,6991365.04167
2023-07-02,0.1862,0.1867,0.1786,0.184,36478381.1,2023-07-02 23:59:59.999,6675846.17362
2023-07-03,0.184,0.1874,0.1825,0.1861,40272377.8,2023-07-03 23:59:59.999,7457812.1451
2023-07-04,0.1862,0.1915,0.1835,0.1856,46507809.8,2023-07-04 23:59:59.999,8687797.81326
2023-07-05,0.1857,0.191,0.1803,0.1833,54449561.3,2023-07-05 23:59:59.999,10092827.048
2023-07-06,0.1834,0.1894,0.1766,0.1785,56623332.3,2023-07-06 23:59:59.999,10341686.81693
2023-07-07,0.1784,0.1837,0.1757,0.1822,41386106.2,2023-07-07 23:59:59.999,7506664.35945
2023-07-08,0.1823,0.1837,0.1783,0.1814,31621071.6,2023-07-08 23:59:59.999,5739278.36333
2023-07-09,0.1815,0.1829,0.1796,0.1812,29191721.3,2023-07-09 23:59:59.999,5298699.10141
2023-07-10,0.1813,0.1832,0.1754,0.1783,56122537.5,2023-07-10 23:59:59.999,10046884.16538
2023-07-11,0.1783,0.1809,0.1763,0.1808,34185245.9,2023-07-11 23:59:59.999,6105703.57373
2023-07-12,0.1807,0.1847,0.1777,0.1805,42878765.2,2023-07-12 23:59:59.999,7776152.82399
2023-07-13,0.1804,0.1945,0.1789,0.1944,75809570.3,2023-07-13 23:59:59.999,14188387.6152
2023-07-14,0.1943,0.1965,0.1792,0.1884,83577090.1,2023-07-14 23:59:59.999,15878701.57806
2023-07-15,0.1885,0.1956,0.1869,0.1922,45203678.6,2023-07-15 23:59:59.999,8655871.6091
2023-07-16,0.1923,0.1962,0.1879,0.1896,53646431.1,2023-07-16 23:59:59.999,10290990.48667
2023-07-17,0.1896,0.1967,0.1851,0.1931,65472143.3,2023-07-17 23:59:59.999,12541784.45492
2023-07-18,0.1931,0.1941,0.1818,0.1846,43725828.3,2023-07-18 23:59:59.999,8191845.94348
2023-07-19,0.1846,0.1871,0.1805,0.1838,38840670.1,2023-07-19 23:59:59.999,7133359.96571
2023-07-20,0.1838,0.1889,0.1802,0.1833,55609722.8,2023-07-20 23:59:59.999,10259105.40993
2023-07-21,0.1834,0.1854,0.1815,0.1841,31076082.8,2023-07-21 23:59:59.999,5696690.83816
2023-07-22,0.1842,0.1867,0.1825,0.1846,27814234.2,2023-07-22 23:59:59.999,5145435.16022
2023-07-23,0.1845,0.1882,0.1833,0.1867,29203496.8,2023-07-23 23:59:59.999,5429250.75499
2023-07-24,0.1867,0.1873,0.175,0.1777,54201770.9,2023-07-24 23:59:59.999,9773405.13208
2023-07-25,0.1777,0.1782,0.1721,0.1742,36624133.3,2023-07-25 23:59:59.999,6387437.33651
2023-07-26,0.1741,0.1753,0.1695,0.1738,44248723.7,2023-07-26 23:59:59.999,7629300.43149
2023-07-27,0.1739,0.1756,0.1716,0.174,30649376.5,2023-07-27 23:59:59.999,5319438.64528
2023-07-28,0.1741,0.1754,0.1717,0.1753,26947834.5,2023-07-28 23:59:59.999,4678857.29266
2023-07-29,0.1753,0.1797,0.1745,0.1791,32523321.8,2023-07-29 23:59:59.999,5745193.64224
2023-07-30,0.1792,0.1804,0.1704,0.1742,42030371.9,2023-07-30 23:59:59.999,7382943.73992
2023-07-31,0.1742,0.1761,0.1711,0.1737,31523166.9,2023-07-31 23:59:59.999,5481121.23482
2023-08-01,0.1738,0.1768,0.1682,0.1766,40298883.1,2023-08-01 23:59:59.999,6969034.44234
2023-08-02,0.1765,0.1782,0.17,0.1736,45589610.0,2023-08-02 23:59:59.999,7926468.25286
2023-08-03,0.1736,0.1745,0.1687,0.1696,34648720.0,2023-08-03 23:59:59.999,5942435.8554
2023-08-04,0.1696,0.1714,0.167,0.1695,34258603.2,2023-08-04 23:59:59.999,5804191.31709
2023-08-05,0.1695,0.1702,0.1672,0.1702,28154531.1,2023-08-05 23:59:59.999,4755379.21984
2023-08-06,0.1703,0.1714,0.1681,0.1689,24213757.3,2023-08-06 23:59:59.999,4110758.41371
2023-08-07,0.169,0.1731,0.164,0.1707,51690309.9,2023-08-07 23:59:59.999,8782086.20473
2023-08-08,0.1708,0.1769,0.1685,0.1735,47023783.2,2023-08-08 23:59:59.999,8137685.07556
2023-08-09,0.1735,0.1756,0.172,0.174,27480128.9,2023-08-09 23:59:59.999,4779290.50419
2023-08-10,0.1739,0.1745,0.171,0.1713,23429363.6,2023-08-10 23:59:59.999,4037785.61536
2023-08-11,0.1714,0.1728,0.1702,0.1711,19263340.1,2023-08-11 23:59:59.999,3304156.62773
2023-08-12,0.1712,0.1717,0.1703,0.1713,11452813.9,2023-08-12 23:59:59.999,1959942.30986
2023-08-13,0.1714,0.1716,0.1673,0.1683,22516739.9,2023-08-13 23:59:59.999,3824736.41174
2023-08-14,0.1683,0.1704,0.1661,0.1683,26622942.7,2023-08-14 23:59:59.999,4489502.87782
2023-08-15,0.1684,0.1687,0.1526,0.1617,55463376.6,2023-08-15 23:59:59.999,9032739.77185
2023-08-16,0.1617,0.1646,0.1514,0.1557,64914748.9,2023-08-16 23:59:59.999,10302018.03133
2023-08-17,0.1557,0.1578,0.1299,0.1439,103990880.8,2023-08-17 23:59:59.999,15271714.38324
2023-08-18,0.1438,0.1468,0.1416,0.1451,74175049.8,2023-08-18 23:59:59.999,10717842.36497
2023-08-19,0.1451,0.1476,0.1437,0.1462,32061542.0,2023-08-19 23:59:59.999,4667302.61861
2023-08-20,0.1463,0.147,0.1444,0.1468,27719433.9,2023-08-20 23:59:59.999,4047276.26597
2023-08-21,0.1469,0.1504,0.1403,0.1431,122047689.8,2023-08-21 23:59:59.999,17773986.96652
2023-08-22,0.1432,0.1439,0.1379,0.1431,66951839.5,2023-08-22 23:59:59.999,9479009.56295
2023-08-23,0.1431,0.1482,0.1423,0.1464,43395024.1,2023-08-23 23:59:59.999,6299538.5296
2023-08-24,0.1464,0.1474,0.143,0.1454,46375357.0,2023-08-24 23:59:59.999,6735447.9659
2023-08-25,0.1453,0.1466,0.1431,0.1462,65815905.1,2023-08-25 23:59:59.999,9536436.73688
2023-08-26,0.1463,0.1518,0.1456,0.1481,82071885.2,2023-08-26 23:59:59.999,12224946.63555
2023-08-27,0.1482,0.1547,0.1475,0.1499,150825180.7,2023-08-27 23:59:59.999,22726199.2275
2023-08-28,0.1499,0.1503,0.1434,0.149,91364671.8,2023-08-28 23:59:59.999,13418848.37947
2023-08-29,0.149,0.1596,0.1467,0.1562,149708291.8,2023-08-29 23:59:59.999,22968765.86155
2023-08-30,0.1561,0.1574,0.1526,0.1546,51644478.2,2023-08-30 23:59:59.999,8014679.94097
2023-08-31,0.1546,0.1665,0.1541,0.1562,247148501.6,2023-08-31 23:59:59.999,39517717.36955
2023-09-01,0.1561,0.1675,0.1535,0.1661,239729442.7,2023-09-01 23:59:59.999,38734469.29479
2023-09-02,0.166,0.1706,0.1595,0.167,135144098.1,2023-09-02 23:59:59.999,22166548.59095
2023-09-03,0.167,0.1695,0.1634,0.1675,91215770.0,2023-09-03 23:59:59.999,15161926.77581
2023-09-04,0.1675,0.1744,0.1675,0.1715,105517642.7,2023-09-04 23:59:59.999,18031754.90066
2023-09-05,0.1715,0.1727,0.1648,0.1696,89298191.2,2023-09-05 23:59:59.999,15021043.44653
2023-09-06,0.1696,0.1743,0.1672,0.1727,85404691.8,2023-09-06 23:59:59.999,14549501.04691
2023-09-07,0.1728,0.1862,0.1716,0.1812,163124154.3,2023-09-07 23:59:59.999,29186804.24756
2023-09-08,0.1813,0.1825,0.1735,0.1782,72604329.4,2023-09-08 23:59:59.999,12881934.99648
2023-09-09,0.1782,0.1815,0.1744,0.1745,41425464.6,2023-09-09 23:59:59.999,7390102.81506
2023-09-10,0.1745,0.1745,0.1653,0.1713,62293131.3,2023-09-10 23:59:59.999,10665688.6318
2023-09-11,0.1713,0.1723,0.1595,0.1624,112721428.5,2023-09-11 23:59:59.999,18489070.31899
2023-09-12,0.1623,0.1659,0.1594,0.1602,76493849.9,2023-09-12 23:59:59.999,12423978.05436
2023-09-13,0.1601,0.1706,0.1551,0.1682,107611610.1,2023-09-13 23:59:59.999,17719052.73979
2023-09-14,0.1683,0.1703,0.1644,0.1669,60282155.8,2023-09-14 23:59:59.999,10079331.20952
2023-09-15,0.1669,0.1681,0.1554,0.1609,165815647.3,2023-09-15 23:59:59.999,26599883.5598
2023-09-16,0.1609,0.1616,0.1557,0.1569,107012988.3,2023-09-16 23:59:59.999,16943211.59393
2023-09-17,0.1569,0.1573,0.1468,0.1487,104711255.7,2023-09-17 23:59:59.999,15936757.33293
2023-09-18,0.1488,0.1519,0.1461,0.148,104363710.6,2023-09-18 23:59:59.999,15521087.19967
2023-09-19,0.148,0.1505,0.1468,0.1488,65081298.1,2023-09-19 23:59:59.999,9681647.449
2023-09-20,0.1489,0.1505,0.144,0.1485,64308476.3,2023-09-20 23:59:59.999,9522518.94819
2023-09-21,0.1485,0.1499,0.145,0.1474,65890343.5,2023-09-21 23:59:59.999,9704138.80627
2023-09-22,0.1473,0.1489,0.1458,0.1483,37448858.0,2023-09-22 23:59:59.999,5533110.72035
2023-09-23,0.1482,0.1516,0.1472,0.1514,34842447.7,2023-09-23 23:59:59.999,5192373.87155
2023-09-24,0.1514,0.1517,0.1483,0.1485,36586496.4,2023-09-24 23:59:59.999,5489944.94476
2023-09-25,0.1486,0.1512,0.1471,0.1504,38853819.9,2023-09-25 23:59:59.999,5800124.49402
2023-09-26,0.1505,0.1509,0.1471,0.1493,34256358.9,2023-09-26 23:59:59.999,5104827.57937
2023-09-27,0.1492,0.151,0.1474,0.1496,42867652.4,2023-09-27 23:59:59.999,6383348.58704
2023-09-28,0.1496,0.154,0.149,0.1526,43275733.7,2023-09-28 23:59:59.999,6564306.0398
2023-09-29,0.1527,0.1534,0.1496,0.1518,34157080.3,2023-09-29 23:59:59.999,5179647.44452
2023-09-30,0.1518,0.1524,0.1503,0.1508,21477070.0,2023-09-30 23:59:59.999,3244351.67294
2023-10-01,0.1508,0.1587,0.1506,0.1574,50840912.1,2023-10-01 23:59:59.999,7868172.5572
2023-10-02,0.1575,0.1579,0.1463,0.1506,57586880.1,2023-10-02 23:59:59.999,8838911.88729
2023-10-03,0.1507,0.1527,0.1498,0.1517,38215431.7,2023-10-03 23:59:59.999,5778188.00528
2023-10-04,0.1518,0.1564,0.1464,0.1538,67353839.3,2023-10-04 23:59:59.999,10229208.07312
2023-10-05,0.1539,0.1544,0.1501,0.1514,36947250.5,2023-10-05 23:59:59.999,5610922.62997
2023-10-06,0.1515,0.1554,0.1502,0.1539,34762735.1,2023-10-06 23:59:59.999,5304952.22241
2023-10-07,0.1538,0.1551,0.1531,0.1546,20768451.2,2023-10-07 23:59:59.999,3201942.18129
2023-10-08,0.1546,0.1576,0.1522,0.1552,40997284.5,2023-10-08 23:59:59.999,6352857.61184
2023-10-09,0.1552,0.1566,0.1461,0.149,55674321.0,2023-10-09 23:59:59.999,8401969.37197
2023-10-10,0.149,0.1497,0.1445,0.1447,42280615.1,2023-10-10 23:59:59.999,6218041.41757
2023-10-11,0.1448,0.1452,0.138,0.1408,60739746.1,2023-10-11 23:59:59.999,8555377.33803
2023-10-12,0.1408,0.1408,0.1368,0.1388,39046947.0,2023-10-12 23:59:59.999,5423992.71937
2023-10-13,0.1389,0.1451,0.1386,0.1431,49190631.3,2023-10-13 23:59:59.999,6971653.80459
2023-10-14,0.1432,0.147,0.1427,0.1444,32468152.0,2023-10-14 23:59:59.999,4716758.6945
2023-10-15,0.1443,0.1469,0.1437,0.1438,32055646.0,2023-10-15 23:59:59.999,4659269.49462
2023-10-16,0.1438,0.1523,0.1438,0.1474,83172405.9,2023-10-16 23:59:59.999,12187393.45695
2023-10-17,0.1474,0.1612,0.141,0.1477,265231437.4,2023-10-17 23:59:59.999,40546877.76519
2023-10-18,0.1477,0.1486,0.1398,0.1426,82750103.4,2023-10-18 23:59:59.999,11859896.85102
2023-10-19,0.1426,0.1427,0.1382,0.1408,79090104.8,2023-10-19 23:59:59.999,11093901.72458
2023-10-20,0.1407,0.1451,0.1399,0.1438,49547681.8,2023-10-20 23:59:59.999,7087067.5654
2023-10-21,0.1438,0.1506,0.1431,0.1488,41102025.6,2023-10-21 23:59:59.999,6058496.28332
2023-10-22,0.1489,0.1522,0.1464,0.1517,52830377.3,2023-10-22 23:59:59.999,7899666.5639
2023-10-23,0.1517,0.1566,0.1484,0.1559,106501101.4,2023-10-23 23:59:59.999,16193220.92062
2023-10-24,0.156,0.1613,0.1474,0.1539,155722720.8,2023-10-24 23:59:59.999,24113719.11299
2023-10-25,0.1539,0.158,0.1508,0.157,67449287.0,2023-10-25 23:59:59.999,10437853.58222
2023-10-26,0.157,0.1612,0.151,0.1577,80741538.2,2023-10-26 23:59:59.999,12659627.7036
2023-10-27,0.1577,0.1578,0.1483,0.1515,62215405.7,2023-10-27 23:59:59.999,9510743.1519
2023-10-28,0.1516,0.1564,0.1514,0.1559,41007271.0,2023-10-28 23:59:59.999,6331795.6116
2023-10-29,0.1559,0.1596,0.1531,0.1585,41455488.4,2023-10-29 23:59:59.999,6498290.65905
2023-10-30,0.1585,0.1653,0.1566,0.1638,68463809.4,2023-10-30 23:59:59.999,10992649.1091
2023-10-31,0.1639,0.166,0.151,0.1586,96929019.7,2023-10-31 23:59:59.999,15347032.67652
2023-11-01,0.1585,0.1642,0.1532,0.1628,80781842.2,2023-11-01 23:59:59.999,12763759.44728
2023-11-02,0.1628,0.1681,0.1577,0.1633,98429011.4,2023-11-02 23:59:59.999,16052299.94294
2023-11-03,0.1633,0.1656,0.1575,0.1655,61077071.7,2023-11-03 23:59:59.999,9845093.23447
2023-11-04,0.1655,0.1704,0.1637,0.17,67851490.8,2023-11-04 23:59:59.999,11358929.16095
2023-11-05,0.1701,0.1739,0.1665,0.1733,113538888.7,2023-11-05 23:59:59.999,19455798.60905
2023-11-06,0.1734,0.1786,0.1693,0.1766,79352883.0,2023-11-06 23:59:59.999,13908746.69973
2023-11-07,0.1766,0.1803,0.1688,0.1763,134748071.8,2023-11-07 23:59:59.999,23579856.65789
2023-11-08,0.1763,0.1879,0.1744,0.1853,154858093.5,2023-11-08 23:59:59.999,28247321.96533
2023-11-09,0.1853,0.1887,0.1533,0.1789,188352628.1,2023-11-09 23:59:59.999,33650465.76557
2023-11-10,0.1789,0.1866,0.1731,0.1849,104680071.1,2023-11-10 23:59:59.999,18849757.94108
2023-11-11,0.1849,0.1953,0.1785,0.1899,160982382.9,2023-11-11 23:59:59.999,30466518.58672
2023-11-12,0.1899,0.2034,0.185,0.201,186709094.0,2023-11-12 23:59:59.999,36877458.85531
2023-11-13,0.2009,0.205,0.1861,0.1881,138866247.5,2023-11-13 23:59:59.999,27006556.12588
2023-11-14,0.1881,0.1927,0.1758,0.1863,105441545.4,2023-11-14 23:59:59.999,19636643.65971
2023-11-15,0.1863,0.1947,0.183,0.1942,82011622.6,2023-11-15 23:59:59.999,15520156.81206
2023-11-16,0.1942,0.196,0.1803,0.184,99613566.5,2023-11-16 23:59:59.999,18891321.5458
2023-11-17,0.1839,0.1884,0.1753,0.1828,73244865.3,2023-11-17 23:59:59.999,13282870.58123
2023-11-18,0.1829,0.183,0.1716,0.1802,59721611.4,2023-11-18 23:59:59.999,10634421.19201
2023-11-19,0.1802,0.1878,0.1757,0.1869,47963001.5,2023-11-19 23:59:59.999,8761440.3323
2023-11-20,0.187,0.1884,0.1802,0.1851,66388483.6,2023-11-20 23:59:59.999,12298635.18724
2023-11-21,0.1851,0.189,0.1662,0.1666,105136681.0,2023-11-21 23:59:59.999,18791274.60636
2023-11-22,0.1666,0.1797,0.1659,0.178,53798064.4,2023-11-22 23:59:59.999,9325827.5314
2023-11-23,0.1779,0.1836,0.176,0.1796,60474241.2,2023-11-23 23:59:59.999,10851588.98202
2023-11-24,0.1797,0.1837,0.1788,0.1805,49365357.1,2023-11-24 23:59:59.999,8943484.44644
2023-11-25,0.1806,0.1828,0.1791,0.1814,41184500.1,2023-11-25 23:59:59.999,7467024.40263
2023-11-26,0.1814,0.1819,0.1719,0.1774,59793060.2,2023-11-26 23:59:59.999,10649434.97697
2023-11-27,0.1773,0.1788,0.1672,0.171,63498153.3,2023-11-27 23:59:59.999,10953729.70278
2023-11-28,0.1711,0.1744,0.1662,0.1728,53357686.4,2023-11-28 23:59:59.999,9095810.15259
2023-11-29,0.1728,0.2876,0.1717,0.2545,4496587553.8,2023-11-29 23:59:59.999,1077922112.06304
2023-11-30,0.2545,0.2684,0.2215,0.2348,3149772361.1,2023-11-30 23:59:59.999,751820670.95372
2023-12-01,0.2348,0.243,0.223,0.2399,990753642.6,2023-12-01 23:59:59.999,230218265.35173
2023-12-02,0.2398,0.3279,0.2347,0.3115,2592688760.9,2023-12-02 23:59:59.999,747890053.79011
2023-12-03,0.3115,0.372,0.3028,0.327,1874235885.0,2023-12-03 23:59:59.999,622524228.34536
2023-12-04,0.327,0.3698,0.305,0.3314,1126036958.0,2023-12-04 23:59:59.999,382367987.70789
2023-12-05,0.3315,0.3365,0.3067,0.3175,561444230.8,2023-12-05 23:59:59.999,178762985.23456
2023-12-06,0.3176,0.3324,0.2862,0.2905,478036834.2,2023-12-06 23:59:59.999,145233327.03611
2023-12-07,0.2906,0.3099,0.2825,0.2949,380940661.8,2023-12-07 23:59:59.999,112161277.21896
2023-12-08,0.2949,0.3014,0.2838,0.3009,295027925.5,2023-12-08 23:59:59.999,85788849.91426
2023-12-09,0.3009,0.301,0.285,0.2888,228897764.1,2023-12-09 23:59:59.999,67192024.69795
2023-12-10,0.2889,0.2966,0.2803,0.2891,161930931.1,2023-12-10 23:59:59.999,46587690.88776
2023-12-11,0.2891,0.2897,0.24,0.2733,329475102.9,2023-12-11 23:59:59.999,88090809.32002
2023-12-12,0.2733,0.2785,0.2592,0.2681,167471843.4,2023-12-12 23:59:59.999,44852881.93289
2023-12-13,0.2681,0.2824,0.2538,0.2778,325552941.1,2023-12-13 23:59:59.999,87535410.90668
2023-12-14,0.2779,0.307,0.2737,0.2935,416372055.9,2023-12-14 23:59:59.999,121788690.72208
2023-12-15,0.2935,0.3138,0.2883,0.2891,325774483.8,2023-12-15 23:59:59.999,98524763.33561
2023-12-16,0.2892,0.3008,0.2803,0.293,179051588.3,2023-12-16 23:59:59.999,52471828.72323
2023-12-17,0.2931,0.2942,0.2742,0.2767,152532351.7,2023-12-17 23:59:59.999,43324017.29191
2023-12-18,0.2768,0.2782,0.2503,0.2722,242013138.2,2023-12-18 23:59:59.999,63467224.95331
2023-12-19,0.2722,0.2748,0.2594,0.2656,156110518.1,2023-12-19 23:59:59.999,41812906.65858
2023-12-20,0.2656,0.2827,0.2596,0.2804,155430063.0,2023-12-20 23:59:59.999,42399276.76909
2023-12-21,0.2803,0.2841,0.272,0.2839,137557476.2,2023-12-21 23:59:59.999,38221737.2895
2023-12-22,0.284,0.298,0.2755,0.2969,171322604.0,2023-12-22 23:59:59.999,48806211.06823
2023-12-23,0.2969,0.2977,0.2794,0.2914,115136904.0,2023-12-23 23:59:59.999,33009647.14531
2023-12-24,0.2915,0.2939,0.2709,0.2774,127123240.9,2023-12-24 23:59:59.999,36182077.96959
2023-12-25,0.2775,0.2946,0.2756,0.2907,100479185.4,2023-12-25 23:59:59.999,28797249.83716
2023-12-26,0.2908,0.299,0.2519,0.2764,195358679.9,2023-12-26 23:59:59.999,54528606.30756
2023-12-27,0.2765,0.31,0.2664,0.2963,262257569.4,2023-12-27 23:59:59.999,76858573.22794
2023-12-28,0.2962,0.297,0.2748,0.2833,136220495.1,2023-12-28 23:59:59.999,38861501.36755
2023-12-29,0.2834,0.3173,0.2797,0.2994,375201094.9,2023-12-29 23:59:59.999,113195664.90923
2023-12-30,0.2995,0.3285,0.2961,0.3222,497113873.0,2023-12-30 23:59:59.999,157435498.94143
2023-12-31,0.3222,0.3276,0.3021,0.3108,284340944.3,2023-12-31 23:59:59.999,90159342.41387
2024-01-01,0.3108,0.3164,0.2952,0.3158,141057044.7,2024-01-01 23:59:59.999,43240371.78771
2024-01-02,0.3158,0.3158,0.2976,0.3016,115996107.4,2024-01-02 23:59:59.999,35438908.25779
2024-01-03,0.3016,0.3062,0.2177,0.2661,315159595.1,2024-01-03 23:59:59.999,83632117.26702
2024-01-04,0.2662,0.2742,0.2586,0.2635,137570887.0,2024-01-04 23:59:59.999,36363603.21379
2024-01-05,0.2636,0.2641,0.2414,0.2529,142673007.2,2024-01-05 23:59:59.999,35945187.47189
2024-01-06,0.2529,0.2531,0.2337,0.2475,89938408.6,2024-01-06 23:59:59.999,21934830.79078
2024-01-07,0.2475,0.2843,0.2373,0.2405,403337039.0,2024-01-07 23:59:59.999,105541950.26941
2024-01-08,0.2406,0.2507,0.2185,0.2504,242140886.9,2024-01-08 23:59:59.999,56922526.08884
2024-01-09,0.2505,0.2515,0.2271,0.235,162037129.3,2024-01-09 23:59:59.999,38286372.1069
2024-01-10,0.2349,0.2699,0.2275,0.2629,168196540.3,2024-01-10 23:59:59.999,41001968.75975
2024-01-11,0.2628,0.27,0.2557,0.2651,112178174.6,2024-01-11 23:59:59.999,29546438.62488
2024-01-12,0.2651,0.2694,0.2375,0.2464,116816159.3,2024-01-12 23:59:59.999,29997691.63311
2024-01-13,0.2465,0.2524,0.237,0.2495,51184266.2,2024-01-13 23:59:59.999,12620556.44489
2024-01-14,0.2495,0.2496,0.2382,0.2388,48183697.7,2024-01-14 23:59:59.999,11823080.42374
2024-01-15,0.2388,0.2477,0.2385,0.2429,39182906.8,2024-01-15 23:59:59.999,9559513.00222
2024-01-16,0.2429,0.2505,0.2407,0.2479,48326546.5,2024-01-16 23:59:59.999,11902233.80078
2024-01-17,0.248,0.2503,0.2398,0.2447,45904341.3,2024-01-17 23:59:59.999,11245852.43335
2024-01-18,0.2447,0.2461,0.2256,0.2315,73594230.1,2024-01-18 23:59:59.999,17358219.38789
2024-01-19,0.2316,0.2325,0.2161,0.2289,94079398.3,2024-01-19 23:59:59.999,21231829.57412
2024-01-20,0.229,0.2294,0.2238,0.2287,36949560.2,2024-01-20 23:59:59.999,8384509.71319
2024-01-21,0.2286,0.231,0.2251,0.2257,37961294.3,2024-01-21 23:59:59.999,8654466.08254
2024-01-22,0.2257,0.2271,0.2103,0.2132,88856989.9,2024-01-22 23:59:59.999,19348935.10576
2024-01-23,0.2133,0.2191,0.1964,0.2079,111422673.6,2024-01-23 23:59:59.999,22855865.84144
2024-01-24,0.2079,0.2321,0.2049,0.2187,270446747.7,2024-01-24 23:59:59.999,59436331.24406
2024-01-25,0.2187,0.2512,0.2158,0.2434,909186000.3,2024-01-25 23:59:59.999,218290603.09333
2024-01-26,0.2433,0.2615,0.2372,0.2476,624023376.0,2024-01-26 23:59:59.999,155446131.22862
2024-01-27,0.2476,0.2548,0.2377,0.2499,221510477.3,2024-01-27 23:59:59.999,54304399.99322
2024-01-28,0.2499,0.2645,0.2405,0.2415,227753811.0,2024-01-28 23:59:59.999,57994115.74447
2024-01-29,0.2415,0.2644,0.2392,0.2578,265591866.0,2024-01-29 23:59:59.999,67856768.54882
2024-01-30,0.2578,0.2592,0.2462,0.2481,142389290.6,2024-01-30 23:59:59.999,36120665.62251
2024-01-31,0.2482,0.2551,0.2364,0.2399,158677595.9,2024-01-31 23:59:59.999,38718434.14189
2024-02-01,0.2399,0.2497,0.2348,0.2425,142227040.5,2024-02-01 23:59:59.999,34507850.90432
2024-02-02,0.2424,0.2546,0.2404,0.2532,95918442.9,2024-02-02 23:59:59.999,23699245.35096
2024-02-03,0.2532,0.2537,0.2458,0.2481,69871450.2,2024-02-03 23:59:59.999,17385483.75805
2024-02-04,0.2481,0.2482,0.239,0.2401,52072968.1,2024-02-04 23:59:59.999,12689143.64084
2024-02-05,0.2401,0.2465,0.2354,0.2429,64228990.9,2024-02-05 23:59:59.999,15559872.18445
2024-02-06,0.2429,0.2552,0.2404,0.2525,82629592.0,2024-02-06 23:59:59.999,20513695.553
2024-02-07,0.2524,0.2532,0.2416,0.2502,76762662.8,2024-02-07 23:59:59.999,18998401.59681
2024-02-08,0.2502,0.254,0.2427,0.245,86360367.3,2024-02-08 23:59:59.999,21481910.58014
2024-02-09,0.245,0.2562,0.244,0.2534,79393185.0,2024-02-09 23:59:59.999,19900063.94897
2024-02-10,0.2534,0.2703,0.2497,0.2532,159311333.8,2024-02-10 23:59:59.999,41153052.72724
2024-02-11,0.2531,0.2557,0.2499,0.2518,59695054.4,2024-02-11 23:59:59.999,15119672.82449
2024-02-12,0.252,0.2605,0.2452,0.2583,77971581.5,2024-02-12 23:59:59.999,19717807.25731
2024-02-13,0.2583,0.2669,0.2525,0.2605,133593185.3,2024-02-13 23:59:59.999,34759538.5458
2024-02-14,0.2606,0.2772,0.2575,0.2717,109056995.7,2024-02-14 23:59:59.999,29371080.68331
2024-02-15,0.2718,0.2792,0.2676,0.2751,110688640.4,2024-02-15 23:59:59.999,30320461.95451
2024-02-16,0.2752,0.2804,0.2642,0.2707,97237574.0,2024-02-16 23:59:59.999,26537596.08335
2024-02-17,0.2707,0.2726,0.2545,0.2649,81775533.1,2024-02-17 23:59:59.999,21565038.49059
2024-02-18,0.2648,0.2823,0.2602,0.2744,179051586.7,2024-02-18 23:59:59.999,49191267.41031
2024-02-19,0.2745,0.2869,0.2737,0.2835,141181334.7,2024-02-19 23:59:59.999,39602230.20832
2024-02-20,0.2835,0.2941,0.262,0.2847,186812185.5,2024-02-20 23:59:59.999,52930127.18496
2024-02-21,0.2848,0.2949,0.2642,0.276,118587848.5,2024-02-21 23:59:59.999,32952711.26711
2024-02-22,0.276,0.282,0.2668,0.2691,79126750.0,2024-02-22 23:59:59.999,21690722.53667
2024-02-23,0.269,0.2721,0.2573,0.2646,82810708.9,2024-02-23 23:59:59.999,21949654.90153
2024-02-24,0.2647,0.2757,0.2604,0.2737,59554323.9,2024-02-24 23:59:59.999,16118277.72268
2024-02-25,0.2737,0.2766,0.2674,0.2745,42764475.6,2024-02-25 23:59:59.999,11633418.73584
2024-02-26,0.2745,0.2825,0.2636,0.2784,69724534.6,2024-02-26 23:59:59.999,19020811.7278
2024-02-27,0.2785,0.2943,0.2781,0.29,152351264.5,2024-02-27 23:59:59.999,43557517.36484
2024-02-28,0.2901,0.3025,0.2394,0.2906,223481853.6,2024-02-28 23:59:59.999,63675800.3144
2024-02-29,0.2905,0.319,0.2786,0.2913,229844444.2,2024-02-29 23:59:59.999,68669220.02588
2024-03-01,0.2913,0.3162,0.291,0.3151,117399304.8,2024-03-01 23:59:59.999,35444436.46646
2024-03-02,0.3152,0.3365,0.3093,0.3353,130914765.8,2024-03-02 23:59:59.999,42062316.3174
2024-03-03,0.3354,0.3359,0.287,0.3251,123838348.1,2024-03-03 23:59:59.999,39424976.59757
2024-03-04,0.3252,0.3516,0.3165,0.3375,191333495.2,2024-03-04 23:59:59.999,64102568.32881
2024-03-05,0.3376,0.3844,0.2678,0.3346,386360462.8,2024-03-05 23:59:59.999,134060121.95922
2024-03-06,0.3346,0.3521,0.3108,0.3506,178872159.6,2024-03-06 23:59:59.999,60288076.69028
2024-03-07,0.3505,0.3536,0.3354,0.3459,107882176.8,2024-03-07 23:59:59.999,37117298.211
2024-03-08,0.3459,0.3481,0.3129,0.3345,126744758.9,2024-03-08 23:59:59.999,42269016.23477
2024-03-09,0.3343,0.3438,0.3312,0.3437,71851133.5,2024-03-09 23:59:59.999,24320835.49885
2024-03-10,0.3437,0.3648,0.3365,0.3547,137536336.9,2024-03-10 23:59:59.999,48108250.42336
2024-03-11,0.3548,0.3971,0.3294,0.3905,284039194.4,2024-03-11 23:59:59.999,105509493.73393
2024-03-12,0.3906,0.4136,0.3631,0.3932,445974568.0,2024-03-12 23:59:59.999,174010869.83277
2024-03-13,0.3933,0.4186,0.3792,0.4162,183882444.9,2024-03-13 23:59:59.999,73290771.44588
2024-03-14,0.4163,0.4212,0.3645,0.3912,185549871.6,2024-03-14 23:59:59.999,72751900.51167
2024-03-15,0.3912,0.3952,0.3255,0.3566,218507825.2,2024-03-15 23:59:59.999,77101355.15199
2024-03-16,0.3566,0.3657,0.3123,0.3198,131191253.9,2024-03-16 23:59:59.999,44392120.18643
2024-03-17,0.3197,0.3368,0.3,0.3299,113492084.9,2024-03-17 23:59:59.999,36307339.28615
2024-03-18,0.3298,0.3335,0.3065,0.3112,93190198.9,2024-03-18 23:59:59.999,29613446.66008
2024-03-19,0.3111,0.3149,0.2736,0.2827,163505219.4,2024-03-19 23:59:59.999,47424551.18407
2024-03-20,0.2827,0.3162,0.2695,0.3158,123650486.3,2024-03-20 23:59:59.999,36078153.99957
2024-03-21,0.3157,0.332,0.3118,0.328,95792807.3,2024-03-21 23:59:59.999,30878048.93837
2024-03-22,0.3279,0.3309,0.2988,0.3092,82956615.0,2024-03-22 23:59:59.999,25897501.49448
2024-03-23,0.3091,0.3168,0.3034,0.308,56166124.2,2024-03-23 23:59:59.999,17456931.83635
2024-03-24,0.3079,0.3284,0.3048,0.3268,59506073.8,2024-03-24 23:59:59.999,18782965.47311
2024-03-25,0.3268,0.3495,0.3231,0.3446,67486683.4,2024-03-25 23:59:59.999,22601112.36167
2024-03-26,0.3447,0.378,0.3432,0.367,190783127.9,2024-03-26 23:59:59.999,68967594.96112
2024-03-27,0.3671,0.3766,0.3382,0.3506,119952880.9,2024-03-27 23:59:59.999,42416783.09545
2024-03-28,0.3506,0.3632,0.3392,0.3552,71770611.4,2024-03-28 23:59:59.999,25366030.56937
2024-03-29,0.3553,0.3587,0.3395,0.356,76027777.4,2024-03-29 23:59:59.999,26577133.99573
2024-03-30,0.3559,0.3622,0.3414,0.3437,61627317.5,2024-03-30 23:59:59.999,21742763.21247
2024-03-31,0.3437,0.3535,0.3425,0.3516,30210377.9,2024-03-31 23:59:59.999,10505690.4814
2024-04-01,0.3516,0.3521,0.314,0.3267,85818655.2,2024-04-01 23:59:59.999,28240826.73458
2024-04-02,0.3266,0.3272,0.2955,0.299,91838349.6,2024-04-02 23:59:59.999,28119443.49352
2024-04-03,0.2989,0.3124,0.2867,0.2987,81369064.5,2024-04-03 23:59:59.999,24516774.58875
2024-04-04,0.2986,0.3163,0.2905,0.3085,72968646.7,2024-04-04 23:59:59.999,22172583.79119
2024-04-05,0.3085,0.3093,0.2891,0.2987,89806245.0,2024-04-05 23:59:59.999,26901707.91231
2024-04-06,0.2987,0.3056,0.2974,0.3032,46468022.4,2024-04-06 23:59:59.999,14041889.85882
2024-04-07,0.3032,0.311,0.3023,0.3087,38722285.5,2024-04-07 23:59:59.999,11913689.35421
2024-04-08,0.3086,0.3267,0.3015,0.3249,54023393.4,2024-04-08 23:59:59.999,17099876.80734
2024-04-09,0.3248,0.3256,0.3035,0.3048,64123514.6,2024-04-09 23:59:59.999,20213936.17506
2024-04-10,0.3048,0.3067,0.2866,0.3037,68342402.8,2024-04-10 23:59:59.999,20366708.65389
2024-04-11,0.3037,0.3134,0.2948,0.3045,76127808.2,2024-04-11 23:59:59.999,23092854.46848
2024-04-12,0.3045,0.3205,0.2315,0.2643,258090137.4,2024-04-12 23:59:59.999,73846774.59215
2024-04-13,0.2643,0.2643,0.1915,0.2209,245886120.2,2024-04-13 23:59:59.999,56253928.31583
2024-04-14,0.2209,0.2416,0.2112,0.2398,176128708.1,2024-04-14 23:59:59.999,40058107.15542
2024-04-15,0.2397,0.2467,0.2116,0.2213,182381003.4,2024-04-15 23:59:59.999,41877887.13043
2024-04-16,0.2213,0.2282,0.2082,0.2213,156697973.1,2024-04-16 23:59:59.999,34246718.58634
2024-04-17,0.2214,0.2268,0.2066,0.2145,107541458.6,2024-04-17 23:59:59.999,23339727.87829
2024-04-18,0.2146,0.2255,0.2084,0.2221,115435946.3,2024-04-18 23:59:59.999,25247071.91259
2024-04-19,0.2221,0.2323,0.2037,0.2257,134519113.2,2024-04-19 23:59:59.999,29893574.19081
2024-04-20,0.2257,0.2451,0.222,0.2436,62687903.5,2024-04-20 23:59:59.999,14659500.60693
2024-04-21,0.2435,0.245,0.2329,0.2376,66477648.3,2024-04-21 23:59:59.999,15910140.55534
2024-04-22,0.2375,0.2479,0.2367,0.2446,73869355.2,2024-04-22 23:59:59.999,17860838.90298
2024-04-23,0.2446,0.2525,0.237,0.2523,64911420.1,2024-04-23 23:59:59.999,15847121.37934
2024-04-24,0.2522,0.2653,0.2347,0.2391,164415158.0,2024-04-24 23:59:59.999,41390199.66368
2024-04-25,0.2392,0.2437,0.2288,0.2384,76846703.9,2024-04-25 23:59:59.999,18119874.12141
2024-04-26,0.2384,0.239,0.2271,0.231,61790703.6,2024-04-26 23:59:59.999,14383334.54682
2024-04-27,0.2311,0.2367,0.2191,0.2347,62508992.9,2024-04-27 23:59:59.999,14365409.6004
2024-04-28,0.2346,0.2385,0.227,0.2283,45664740.9,2024-04-28 23:59:59.999,10704285.78681
2024-04-29,0.2284,0.2307,0.2186,0.2239,72515706.2,2024-04-29 23:59:59.999,16162434.87481
2024-04-30,0.224,0.2281,0.2043,0.2132,96712314.7,2024-04-30 23:59:59.999,20614304.65813
2024-05-01,0.2131,0.2172,0.1987,0.2133,101395015.6,2024-05-01 23:59:59.999,21057668.02328
2024-05-02,0.2132,0.2229,0.2069,0.2184,59347515.6,2024-05-02 23:59:59.999,12754456.84744
2024-05-03,0.2183,0.2289,0.2161,0.2264,49708452.4,2024-05-03 23:59:59.999,11057738.56341
2024-05-04,0.2264,0.2303,0.2246,0.2267,35335405.6,2024-05-04 23:59:59.999,8038659.91107
2024-05-05,0.2268,0.2315,0.2219,0.2277,43126438.7,2024-05-05 23:59:59.999,9772659.25346
2024-05-06,0.2278,0.2383,0.2231,0.2264,77219401.9,2024-05-06 23:59:59.999,17743764.2021
2024-05-07,0.2266,0.2302,0.2179,0.2181,49647198.3,2024-05-07 23:59:59.999,11187537.35941
2024-05-08,0.2181,0.2226,0.2127,0.2172,69680848.0,2024-05-08 23:59:59.999,15181894.46926
2024-05-09,0.2172,0.2284,0.2149,0.2267,54253781.1,2024-05-09 23:59:59.999,12001198.61239
2024-05-10,0.2267,0.23,0.2101,0.2127,60534454.9,2024-05-10 23:59:59.999,13285000.14935
2024-05-11,0.2126,0.2163,0.2098,0.2101,39316875.0,2024-05-11 23:59:59.999,8369114.65974
2024-05-12,0.2101,0.2121,0.2043,0.2068,28236177.8,2024-05-12 23:59:59.999,5905668.43429
2024-05-13,0.2067,0.2119,0.1992,0.2075,49335300.9,2024-05-13 23:59:59.999,10141528.3585
2024-05-14,0.2076,0.2097,0.1994,0.2005,54834352.2,2024-05-14 23:59:59.999,11235062.5195
2024-05-15,0.2005,0.2165,0.1984,0.2147,56722962.1,2024-05-15 23:59:59.999,11840126.90012
2024-05-16,0.2147,0.217,0.208,0.2118,48102646.7,2024-05-16 23:59:59.999,10234915.7719
2024-05-17,0.2119,0.2221,0.2091,0.2193,45374837.4,2024-05-17 23:59:59.999,9825403.31471
2024-05-18,0.2193,0.2213,0.2145,0.2154,32208862.8,2024-05-18 23:59:59.999,7026921.1835
2024-05-19,0.2154,0.2172,0.203,0.2049,49203315.0,2024-05-19 23:59:59.999,10319254.25067
2024-05-20,0.2049,0.2332,0.2016,0.2316,177878775.4,2024-05-20 23:59:59.999,38829213.57113
2024-05-21,0.2316,0.2375,0.2282,0.2337,76504876.8,2024-05-21 23:59:59.999,17831006.61262
2024-05-22,0.2337,0.2342,0.2223,0.2322,68660213.9,2024-05-22 23:59:59.999,15746750.2852
2024-05-23,0.2322,0.2348,0.2105,0.227,103682303.5,2024-05-23 23:59:59.999,23282011.85453
2024-05-24,0.227,0.2349,0.2205,0.2305,61405064.1,2024-05-24 23:59:59.999,14002614.21825
2024-05-25,0.2304,0.2326,0.2283,0.231,34515578.5,2024-05-25 23:59:59.999,7938597.50815
2024-05-26,0.2309,0.2321,0.2227,0.2241,37664899.0,2024-05-26 23:59:59.999,8545416.82731
2024-05-27,0.2241,0.2343,0.223,0.2306,51239563.2,2024-05-27 23:59:59.999,11760154.17683
2024-05-28,0.2307,0.2319,0.2225,0.2292,60791452.2,2024-05-28 23:59:59.999,13822638.94212
2024-05-29,0.2292,0.2339,0.2226,0.2235,63930322.1,2024-05-29 23:59:59.999,14579813.80178
2024-05-30,0.2234,0.2262,0.2167,0.2187,49469980.0,2024-05-30 23:59:59.999,10961349.11805
2024-05-31,0.2186,0.2217,0.2128,0.218,50596067.3,2024-05-31 23:59:59.999,11034679.7546
2024-06-01,0.218,0.2198,0.216,0.2182,19929317.4,2024-06-01 23:59:59.999,4340556.14169
2024-06-02,0.2181,0.2201,0.2125,0.214,29566385.0,2024-06-02 23:59:59.999,6394639.03824
2024-06-03,0.2141,0.2189,0.2113,0.2152,47484208.5,2024-06-03 23:59:59.999,10270170.17585
2024-06-04,0.2152,0.2332,0.2134,0.2314,121464479.0,2024-06-04 23:59:59.999,27315046.24481
2024-06-05,0.2314,0.2374,0.2279,0.2366,69082040.2,2024-06-05 23:59:59.999,16028377.36429
2024-06-06,0.2366,0.2401,0.227,0.2375,62457218.4,2024-06-06 23:59:59.999,14529043.77904
2024-06-07,0.2374,0.2542,0.198,0.2191,302585970.3,2024-06-07 23:59:59.999,71939351.99127
2024-06-08,0.2191,0.2221,0.2051,0.208,75505619.3,2024-06-08 23:59:59.999,16125744.83284
2024-06-09,0.2079,0.2121,0.2037,0.2116,38675544.8,2024-06-09 23:59:59.999,8076328.15443
2024-06-10,0.2116,0.2132,0.2031,0.2048,55384136.0,2024-06-10 23:59:59.999,11517218.87872
2024-06-11,0.2048,0.2065,0.1908,0.1954,91391960.5,2024-06-11 23:59:59.999,18133013.19164
2024-06-12,0.1955,0.213,0.1902,0.2059,84757941.3,2024-06-12 23:59:59.999,17370361.69949
2024-06-13,0.206,0.2062,0.1935,0.1948,63717018.3,2024-06-13 23:59:59.999,12700097.92557
2024-06-14,0.1948,0.1996,0.1824,0.1879,78440111.3,2024-06-14 23:59:59.999,15014959.06986
2024-06-15,0.1879,0.1927,0.186,0.1901,29845342.0,2024-06-15 23:59:59.999,5655766.16291
2024-06-16,0.1901,0.1934,0.1856,0.1911,29420022.2,2024-06-16 23:59:59.999,5591165.95674
2024-06-17,0.191,0.1924,0.1709,0.1745,102996710.4,2024-06-17 23:59:59.999,18460835.11822
2024-06-18,0.1745,0.1753,0.1481,0.1648,173762201.2,2024-06-18 23:59:59.999,27977635.77212
2024-06-19,0.1648,0.1776,0.1627,0.1741,64058969.5,2024-06-19 23:59:59.999,10964448.34098
2024-06-20,0.1741,0.1858,0.1732,0.1752,70153427.3,2024-06-20 23:59:59.999,12628945.58039
2024-06-21,0.1752,0.1794,0.171,0.1729,58274182.6,2024-06-21 23:59:59.999,10227672.25299
2024-06-22,0.173,0.1757,0.1703,0.1749,27885862.7,2024-06-22 23:59:59.999,4821480.37795
2024-06-23,0.1749,0.1792,0.1706,0.1727,46238006.9,2024-06-23 23:59:59.999,8097253.81439
2024-06-24,0.1726,0.1776,0.1589,0.1766,104169578.5,2024-06-24 23:59:59.999,17637994.77289
2024-06-25,0.1766,0.1825,0.1749,0.1796,38897853.4,2024-06-25 23:59:59.999,6961028.12548
2024-06-26,0.1797,0.1806,0.1713,0.1732,36839315.2,2024-06-26 23:59:59.999,6471784.88537
2024-06-27,0.1733,0.18,0.1703,0.1787,38404021.7,2024-06-27 23:59:59.999,6731650.54866
2024-06-28,0.1786,0.1802,0.1702,0.1707,41631687.2,2024-06-28 23:59:59.999,7304880.86504
2024-06-29,0.1706,0.1729,0.1667,0.1676,19649000.0,2024-06-29 23:59:59.999,3342435.84579
2024-06-30,0.1676,0.1717,0.1661,0.1704,26518280.0,2024-06-30 23:59:59.999,4486734.6215
2024-07-01,0.1703,0.173,0.1681,0.1687,36759258.2,2024-07-01 23:59:59.999,6274616.88054
2024-07-02,0.1688,0.1736,0.168,0.1725,36284714.8,2024-07-02 23:59:59.999,6183523.61093
2024-07-03,0.1725,0.1726,0.1615,0.1627,49330019.4,2024-07-03 23:59:59.999,8199580.7851
2024-07-04,0.1627,0.164,0.1496,0.1505,90037440.3,2024-07-04 23:59:59.999,14026691.16272
2024-07-05,0.1505,0.1518,0.1301,0.151,214929301.7,2024-07-05 23:59:59.999,30373093.2596
2024-07-06,0.1509,0.1606,0.1485,0.1583,53073276.3,2024-07-06 23:59:59.999,8180305.49105
2024-07-07,0.1583,0.1583,0.1434,0.1446,58192507.2,2024-07-07 23:59:59.999,8801014.43671
2024-07-08,0.1445,0.1572,0.1387,0.15,118280188.9,2024-07-08 23:59:59.999,17730775.83963
2024-07-09,0.1499,0.1549,0.1489,0.1536,42925524.7,2024-07-09 23:59:59.999,6536246.11054
2024-07-10,0.1536,0.1577,0.1515,0.1551,33184737.6,2024-07-10 23:59:59.999,5130840.73114
2024-07-11,0.155,0.1609,0.1531,0.1536,40553132.5,2024-07-11 23:59:59.999,6342719.76289
2024-07-12,0.1535,0.1587,0.1519,0.1564,34367572.3,2024-07-12 23:59:59.999,5348955.85093
2024-07-13,0.1565,0.161,0.1557,0.1584,25930310.8,2024-07-13 23:59:59.999,4106452.60062
2024-07-14,0.1585,0.1644,0.1583,0.1636,27049864.2,2024-07-14 23:59:59.999,4348666.13693
2024-07-15,0.1635,0.1719,0.1634,0.1714,31311349.7,2024-07-15 23:59:59.999,5204938.94267
2024-07-16,0.1714,0.1734,0.1635,0.1709,45717260.0,2024-07-16 23:59:59.999,7738810.31827
2024-07-17,0.1709,0.1772,0.1694,0.1722,42250172.3,2024-07-17 23:59:59.999,7322219.6326
2024-07-18,0.1723,0.1775,0.1662,0.1703,40361694.8,2024-07-18 23:59:59.999,6948707.85636
2024-07-19,0.1702,0.1766,0.1666,0.1758,29027975.8,2024-07-19 23:59:59.999,5000889.12982
2024-07-20,0.1758,0.1772,0.1728,0.1751,25257803.5,2024-07-20 23:59:59.999,4422905.72881
2024-07-21,0.1751,0.1897,0.1692,0.18,134024584.7,2024-07-21 23:59:59.999,23914214.72633
2024-07-22,0.18,0.181,0.1708,0.1729,53485273.8,2024-07-22 23:59:59.999,9320411.39787
2024-07-23,0.1728,0.1745,0.1642,0.1694,61451928.6,2024-07-23 23:59:59.999,10439199.37779
2024-07-24,0.1693,0.1728,0.1641,0.1653,37995934.6,2024-07-24 23:59:59.999,6435136.604
2024-07-25,0.1654,0.1656,0.1518,0.1581,75077999.8,2024-07-25 23:59:59.999,11799272.59292
2024-07-26,0.1581,0.1654,0.1574,0.165,24757721.2,2024-07-26 23:59:59.999,4010607.94283
2024-07-27,0.1649,0.1693,0.1625,0.1659,34322800.8,2024-07-27 23:59:59.999,5704383.93818
2024-07-28,0.1658,0.1663,0.1614,0.1629,20640129.4,2024-07-28 23:59:59.999,3385764.11056
2024-07-29,0.163,0.1685,0.16,0.1611,47472225.3,2024-07-29 23:59:59.999,7796526.81774
2024-07-30,0.161,0.1629,0.1543,0.1559,38460351.7,2024-07-30 23:59:59.999,6114175.88902
2024-07-31,0.156,0.1581,0.1502,0.1509,37058794.9,2024-07-31 23:59:59.999,5756621.93478
2024-08-01,0.151,0.1525,0.1397,0.149,62815768.3,2024-08-01 23:59:59.999,9183484.07815
2024-08-02,0.1488,0.1495,0.1361,0.1395,60881802.5,2024-08-02 23:59:59.999,8642812.63023
2024-08-03,0.1394,0.1409,0.1317,0.134,59696519.0,2024-08-03 23:59:59.999,8121141.43272
2024-08-04,0.134,0.1368,0.1235,0.1277,62936992.9,2024-08-04 23:59:59.999,8203343.16637
2024-08-05,0.1276,0.1289,0.1028,0.1203,356555514.8,2024-08-05 23:59:59.999,40602751.7831
2024-08-06,0.1203,0.1294,0.1201,0.1258,72219293.1,2024-08-06 23:59:59.999,9075566.74585
2024-08-07,0.1257,0.1302,0.1214,0.1243,64902385.4,2024-08-07 23:59:59.999,8145320.50713
2024-08-08,0.1243,0.1373,0.122,0.1363,55403365.2,2024-08-08 23:59:59.999,7252491.96426
2024-08-09,0.1363,0.137,0.1316,0.1349,45359215.5,2024-08-09 23:59:59.999,6080520.73418
2024-08-10,0.1349,0.1374,0.1333,0.1364,21623004.7,2024-08-10 23:59:59.999,2928446.78704
2024-08-11,0.1364,0.139,0.1293,0.1301,30441058.7,2024-08-11 23:59:59.999,4086904.34991
2024-08-12,0.1301,0.137,0.1285,0.135,59251824.0,2024-08-12 23:59:59.999,7894902.09404
2024-08-13,0.1351,0.1372,0.1315,0.1361,34865684.4,2024-08-13 23:59:59.999,4681449.17593
2024-08-14,0.1361,0.1378,0.1327,0.1338,50288352.7,2024-08-14 23:59:59.999,6811412.38651
2024-08-15,0.1339,0.1363,0.1275,0.1284,47538955.8,2024-08-15 23:59:59.999,6276608.76215
2024-08-16,0.1285,0.1304,0.1247,0.1282,42318273.8,2024-08-16 23:59:59.999,5409065.015
2024-08-17,0.1281,0.13,0.1269,0.13,27712617.6,2024-08-17 23:59:59.999,3559893.6277
2024-08-18,0.1299,0.1333,0.1281,0.1293,24157179.4,2024-08-18 23:59:59.999,3154011.03098
2024-08-19,0.1294,0.1323,0.1282,0.1319,38094469.1,2024-08-19 23:59:59.999,4970055.63522
2024-08-20,0.1319,0.1354,0.1308,0.1332,28746043.0,2024-08-20 23:59:59.999,3829175.9753
2024-08-21,0.1332,0.1408,0.1323,0.1382,34276967.8,2024-08-21 23:59:59.999,4652265.80132
2024-08-22,0.1382,0.1403,0.1358,0.14,27280236.9,2024-08-22 23:59:59.999,3785018.65113
2024-08-23,0.14,0.148,0.1396,0.1466,47390538.0,2024-08-23 23:59:59.999,6784660.59728
2024-08-24,0.1465,0.1496,0.1439,0.1465,42118124.8,2024-08-24 23:59:59.999,6175890.15321
2024-08-25,0.1466,0.1473,0.1399,0.143,62852639.8,2024-08-25 23:59:59.999,9025591.55412
2024-08-26,0.143,0.1439,0.1358,0.1363,41329596.5,2024-08-26 23:59:59.999,5795033.54327
2024-08-27,0.1363,0.1387,0.124,0.1274,59194053.0,2024-08-27 23:59:59.999,7809619.77048
2024-08-28,0.1274,0.1294,0.12,0.1248,70357783.4,2024-08-28 23:59:59.999,8814302.69647
2024-08-29,0.1247,0.1307,0.1234,0.1253,42829412.6,2024-08-29 23:59:59.999,5417247.30114
2024-08-30,0.1252,0.1278,0.1189,0.1252,39910736.9,2024-08-30 23:59:59.999,4945849.77537
2024-08-31,0.1251,0.126,0.1227,0.1242,21859378.5,2024-08-31 23:59:59.999,2716451.90487
2024-09-01,0.1241,0.1248,0.1191,0.1203,48813813.7,2024-09-01 23:59:59.999,5977621.16068
2024-09-02,0.1203,0.129,0.1197,0.128,46542240.2,2024-09-02 23:59:59.999,5802092.47393
2024-09-03,0.1279,0.1299,0.1214,0.1218,43046683.6,2024-09-03 23:59:59.999,5431163.47129
2024-09-04,0.1218,0.1264,0.1153,0.1243,52695102.8,2024-09-04 23:59:59.999,6361851.28421
2024-09-05,0.1242,0.1251,0.1192,0.1203,34484804.0,2024-09-05 23:59:59.999,4180954.69184
2024-09-06,0.1202,0.1228,0.113,0.1171,75449368.4,2024-09-06 23:59:59.999,8926698.06809
2024-09-07,0.1171,0.1203,0.1164,0.1183,35593834.2,2024-09-07 23:59:59.999,4209415.35272
2024-09-08,0.1183,0.1225,0.1172,0.1206,36827919.1,2024-09-08 23:59:59.999,4421154.61766
2024-09-09,0.1206,0.1287,0.1205,0.1269,42515320.0,2024-09-09 23:59:59.999,5279840.96445
2024-09-10,0.127,0.1315,0.1253,0.1294,37817502.6,2024-09-10 23:59:59.999,4850300.2484
2024-09-11,0.1294,0.1296,0.123,0.1258,44047469.7,2024-09-11 23:59:59.999,5555771.44522
2024-09-12,0.1258,0.1306,0.1253,0.1302,28737398.5,2024-09-12 23:59:59.999,3665443.52086
2024-09-13,0.1303,0.1319,0.1269,0.131,32967729.4,2024-09-13 23:59:59.999,4277180.35124
2024-09-14,0.1309,0.1312,0.1268,0.1281,22015891.7,2024-09-14 23:59:59.999,2830696.67221
2024-09-15,0.1282,0.1294,0.1217,0.123,34348087.1,2024-09-15 23:59:59.999,4341828.2088
2024-09-16,0.1229,0.1237,0.1188,0.1202,38279450.3,2024-09-16 23:59:59.999,4632679.50344
2024-09-17,0.1201,0.1247,0.1189,0.1226,34295517.2,2024-09-17 23:59:59.999,4198160.6077
2024-09-18,0.1227,0.1253,0.1186,0.1251,47115729.5,2024-09-18 23:59:59.999,5735226.19828
2024-09-19,0.1252,0.1334,0.1252,0.1321,53252785.2,2024-09-19 23:59:59.999,6911443.2158
2024-09-20,0.132,0.1388,0.1301,0.1387,67259208.5,2024-09-20 23:59:59.999,9088348.00342
2024-09-21,0.1388,0.1441,0.1368,0.1438,47100473.0,2024-09-21 23:59:59.999,6618559.56697
2024-09-22,0.1438,0.1484,0.1347,0.1388,71588053.2,2024-09-22 23:59:59.999,10075034.18034
2024-09-23,0.1388,0.1433,0.136,0.1416,41884205.0,2024-09-23 23:59:59.999,5915608.03651
2024-09-24,0.1417,0.1447,0.1379,0.1433,53690960.8,2024-09-24 23:59:59.999,7572024.955
2024-09-25,0.1434,0.146,0.142,0.1425,40838859.3,2024-09-25 23:59:59.999,5881314.08357
2024-09-26,0.1426,0.148,0.1395,0.1465,49637859.7,2024-09-26 23:59:59.999,7193404.30019
2024-09-27,0.1465,0.15,0.1455,0.1489,42040839.4,2024-09-27 23:59:59.999,6222307.39914
2024-09-28,0.149,0.1524,0.1403,0.1431,50893752.1,2024-09-28 23:59:59.999,7433073.92657
2024-09-29,0.1431,0.1459,0.1393,0.1429,51182407.8,2024-09-29 23:59:59.999,7287382.80351
2024-09-30,0.1428,0.1432,0.1317,0.1332,62448942.2,2024-09-30 23:59:59.999,8609289.15443
2024-10-01,0.1332,0.1376,0.1173,0.1225,174687323.7,2024-10-01 23:59:59.999,22404726.06227
2024-10-02,0.1225,0.1256,0.1146,0.1175,92793317.2,2024-10-02 23:59:59.999,11188943.2999
2024-10-03,0.1174,0.1203,0.1131,0.1181,83153928.4,2024-10-03 23:59:59.999,9696325.60592
2024-10-04,0.1182,0.1238,0.1168,0.123,65621603.4,2024-10-04 23:59:59.999,7883580.08289
2024-10-05,0.1231,0.1246,0.12,0.1224,32256461.1,2024-10-05 23:59:59.999,3962502.16521
2024-10-06,0.1225,0.1257,0.1214,0.125,27402857.1,2024-10-06 23:59:59.999,3390699.89383
2024-10-07,0.125,0.1278,0.1227,0.1229,47394167.1,2024-10-07 23:59:59.999,5946718.24566
2024-10-08,0.1229,0.1246,0.119,0.1207,49283029.9,2024-10-08 23:59:59.999,5986275.9567
2024-10-09,0.1208,0.1224,0.1159,0.1179,43775713.2,2024-10-09 23:59:59.999,5207594.32122
2024-10-10,0.1178,0.1189,0.1145,0.1174,45279629.2,2024-10-10 23:59:59.999,5306643.25704
2024-10-11,0.1175,0.1226,0.1169,0.1219,41308896.7,2024-10-11 23:59:59.999,4953658.86218
2024-10-12,0.1219,0.1252,0.1216,0.1242,32036083.5,2024-10-12 23:59:59.999,3964854.21699
2024-10-13,0.1242,0.1282,0.1222,0.1258,55011017.2,2024-10-13 23:59:59.999,6887111.99099
2024-10-14,0.1258,0.131,0.1236,0.1304,65133667.7,2024-10-14 23:59:59.999,8353125.95933
2024-10-15,0.1305,0.1348,0.1231,0.1267,182586831.7,2024-10-15 23:59:59.999,23674075.22934
2024-10-16,0.1267,0.1268,0.1212,0.1215,64754014.3,2024-10-16 23:59:59.999,7982385.03704
2024-10-17,0.1216,0.1226,0.1167,0.1179,56859957.3,2024-10-17 23:59:59.999,6779907.19407
2024-10-18,0.1178,0.1206,0.1175,0.1203,50242558.8,2024-10-18 23:59:59.999,5982164.94762
2024-10-19,0.1203,0.1228,0.119,0.1205,41496829.0,2024-10-19 23:59:59.999,5005356.88768
2024-10-20,0.1205,0.1253,0.1202,0.125,76112296.8,2024-10-20 23:59:59.999,9392996.53804
2024-10-21,0.125,0.1261,0.1198,0.1215,100262000.2,2024-10-21 23:59:59.999,12359893.54652
2024-10-22,0.1216,0.1227,0.1177,0.1206,70151519.8,2024-10-22 23:59:59.999,8437540.11974
2024-10-23,0.1206,0.1209,0.1126,0.1156,64971803.0,2024-10-23 23:59:59.999,7569232.43647
2024-10-24,0.1156,0.119,0.1141,0.1182,47336076.5,2024-10-24 23:59:59.999,5511520.22342
2024-10-25,0.1183,0.1186,0.1024,0.1084,104467868.2,2024-10-25 23:59:59.999,11669492.18148
2024-10-26,0.1084,0.1096,0.1059,0.1089,55604506.5,2024-10-26 23:59:59.999,5998624.11552
2024-10-27,0.109,0.1133,0.1086,0.1118,28386736.0,2024-10-27 23:59:59.999,3147580.16345
2024-10-28,0.1119,0.1138,0.1078,0.1128,44546835.3,2024-10-28 23:59:59.999,4933920.28311
2024-10-29,0.1128,0.1189,0.1128,0.1185,58691628.0,2024-10-29 23:59:59.999,6802945.0227
2024-10-30,0.1185,0.1202,0.1168,0.1178,47687941.8,2024-10-30 23:59:59.999,5660086.66999
2024-10-31,0.1179,0.1185,0.1108,0.1112,58005731.7,2024-10-31 23:59:59.999,6610876.75266
2024-11-01,0.1112,0.1142,0.1084,0.1105,70691502.3,2024-11-01 23:59:59.999,7832099.64691
2024-11-02,0.1104,0.1119,0.1076,0.109,36546045.6,2024-11-02 23:59:59.999,4003723.87106
2024-11-03,0.1091,0.1093,0.1014,0.1062,79779912.8,2024-11-03 23:59:59.999,8395383.18835
2024-11-04,0.1062,0.1074,0.1008,0.1032,62422182.1,2024-11-04 23:59:59.999,6530252.62353
2024-11-05,0.1032,0.1087,0.1031,0.1079,49246015.0,2024-11-05 23:59:59.999,5237444.32019
2024-11-06,0.1079,0.1185,0.1078,0.1176,90208235.3,2024-11-06 23:59:59.999,10313527.55321
2024-11-07,0.1175,0.1215,0.1163,0.1195,76810350.3,2024-11-07 23:59:59.999,9132260.73742
2024-11-08,0.1196,0.1217,0.117,0.1215,70026609.6,2024-11-08 23:59:59.999,8369112.91312
2024-11-09,0.1216,0.1248,0.1193,0.1244,63809529.3,2024-11-09 23:59:59.999,7779187.43173
2024-11-10,0.1244,0.1415,0.1227,0.1347,242905906.6,2024-11-10 23:59:59.999,32590451.36079
2024-11-11,0.1348,0.1472,0.1328,0.1463,187933834.1,2024-11-11 23:59:59.999,26197347.70011
2024-11-12,0.1464,0.1585,0.1366,0.1466,434077104.9,2024-11-12 23:59:59.999,63774182.54118
2024-11-13,0.1465,0.1496,0.1338,0.1403,238659788.3,2024-11-13 23:59:59.999,33490659.29395
2024-11-14,0.1403,0.1489,0.1361,0.1394,162088389.5,2024-11-14 23:59:59.999,22887936.06243
2024-11-15,0.1394,0.1553,0.1346,0.1534,164991146.3,2024-11-15 23:59:59.999,23973755.69583
2024-11-16,0.1535,0.1734,0.1527,0.172,185474598.8,2024-11-16 23:59:59.999,30196802.843
2024-11-17,0.172,0.1723,0.1517,0.1551,131467840.8,2024-11-17 23:59:59.999,21161372.1127
2024-11-18,0.1553,0.2137,0.1535,0.188,728851475.1,2024-11-18 23:59:59.999,136607985.56722
2024-11-19,0.1879,0.1949,0.171,0.177,283336665.6,2024-11-19 23:59:59.999,51506987.20866
2024-11-20,0.1771,0.1783,0.1636,0.1666,143806969.6,2024-11-20 23:59:59.999,24581018.92384
2024-11-21,0.1667,0.1758,0.1623,0.1725,157278024.1,2024-11-21 23:59:59.999,26762099.57371
2024-11-22,0.1725,0.1989,0.169,0.1983,225071359.5,2024-11-22 23:59:59.999,41152858.75201
2024-11-23,0.1982,0.234,0.1955,0.2159,562764364.3,2024-11-23 23:59:59.999,122783332.23557
2024-11-24,0.2158,0.2423,0.204,0.2359,371221951.9,2024-11-24 23:59:59.999,82378338.36702
2024-11-25,0.2358,0.255,0.2209,0.2257,309725949.9,2024-11-25 23:59:59.999,73291854.65121
2024-11-26,0.2257,0.2338,0.2082,0.2275,194420536.2,2024-11-26 23:59:59.999,42699374.19066
2024-11-27,0.2275,0.2313,0.219,0.23,137753968.9,2024-11-27 23:59:59.999,30966756.57561
2024-11-28,0.23,0.23,0.217,0.2258,92184379.7,2024-11-28 23:59:59.999,20569803.6262
2024-11-29,0.2259,0.2863,0.2231,0.2751,667765889.2,2024-11-29 23:59:59.999,168631882.74299
2024-11-30,0.275,0.2893,0.2581,0.2747,363804642.2,2024-11-30 23:59:59.999,98977281.15786
2024-12-01,0.2747,0.3159,0.2615,0.3089,422989540.9,2024-12-01 23:59:59.999,123004301.34249
2024-12-02,0.309,0.4014,0.309,0.3714,1142379109.1,2024-12-02 23:59:59.999,403466110.69084
2024-12-03,0.3715,0.5975,0.3687,0.4746,2411430296.9,2024-12-03 23:59:59.999,1207499447.46451
2024-12-04,0.4748,0.6301,0.4721,0.4949,1204514014.7,2024-12-04 23:59:59.999,656009479.4429
2024-12-05,0.4949,0.5111,0.4425,0.4613,664721422.1,2024-12-05 23:59:59.999,317834393.1203
2024-12-06,0.4613,0.5061,0.4269,0.49,434793185.5,2024-12-06 23:59:59.999,197324797.39638
2024-12-07,0.4899,0.5596,0.4647,0.4864,552284517.7,2024-12-07 23:59:59.999,276339815.66005
2024-12-08,0.4865,0.4935,0.4621,0.4726,195864898.5,2024-12-08 23:59:59.999,92992552.84905
2024-12-09,0.4727,0.4888,0.3384,0.3903,621213301.4,2024-12-09 23:59:59.999,273150620.70412
2024-12-10,0.3903,0.3966,0.3274,0.3772,564797299.4,2024-12-10 23:59:59.999,207265197.71738
2024-12-11,0.3773,0.412,0.3532,0.4004,324251988.7,2024-12-11 23:59:59.999,123962634.79841
2024-12-12,0.4003,0.4492,0.3922,0.4183,350589225.7,2024-12-12 23:59:59.999,149028157.12838
2024-12-13,0.4183,0.4324,0.4007,0.4214,236997133.3,2024-12-13 23:59:59.999,98385448.50874
2024-12-14,0.4214,0.4214,0.3805,0.3888,135817892.1,2024-12-14 23:59:59.999,54304093.15554
2024-12-15,0.3889,0.4017,0.3759,0.3991,128337728.7,2024-12-15 23:59:59.999,49844869.70988
2024-12-16,0.3992,0.4029,0.3637,0.3811,147563901.3,2024-12-16 23:59:59.999,56665418.95576
2024-12-17,0.3811,0.394,0.3675,0.374,167981160.0,2024-12-17 23:59:59.999,63940229.02274
2024-12-18,0.3739,0.3761,0.3188,0.3254,225822584.6,2024-12-18 23:59:59.999,78758879.16946
2024-12-19,0.3255,0.3428,0.2872,0.299,298961479.4,2024-12-19 23:59:59.999,93502116.51025
2024-12-20,0.299,0.3115,0.2528,0.305,326094436.2,2024-12-20 23:59:59.999,92686404.54967
2024-12-21,0.305,0.3377,0.2843,0.2886,200739402.3,2024-12-21 23:59:59.999,61664153.37452
2024-12-22,0.2887,0.3034,0.2784,0.291,165967031.5,2024-12-22 23:59:59.999,48269291.01461
2024-12-23,0.291,0.338,0.2812,0.3247,202465954.9,2024-12-23 23:59:59.999,61835535.21353
2024-12-24,0.3248,0.3513,0.3107,0.342,211949997.4,2024-12-24 23:59:59.999,70075437.14479
2024-12-25,0.342,0.3492,0.3194,0.3233,133475912.3,2024-12-25 23:59:59.999,44546877.43713
2024-12-26,0.3233,0.326,0.2889,0.293,127418846.1,2024-12-26 23:59:59.999,38542973.04394
2024-12-27,0.2929,0.3216,0.2888,0.2934,208291141.2,2024-12-27 23:59:59.999,62821545.27321
2024-12-28,0.2935,0.3192,0.2902,0.3122,96511821.2,2024-12-28 23:59:59.999,29009757.02247
2024-12-29,0.3123,0.3202,0.2886,0.2915,93251230.9,2024-12-29 23:59:59.999,28338934.01733
2024-12-30,0.2915,0.3047,0.277,0.2877,139497485.0,2024-12-30 23:59:59.999,40656764.73616
2024-12-31,0.2877,0.2961,0.2774,0.2809,101598213.9,2024-12-31 23:59:59.999,29018276.1436
2025-01-01,0.2808,0.3333,0.2803,0.32,272732676.3,2025-01-01 23:59:59.999,84261010.01952
2025-01-02,0.32,0.3569,0.3199,0.3434,432546069.9,2025-01-02 23:59:59.999,147439476.07554
2025-01-03,0.3434,0.3687,0.3379,0.3607,272338567.4,2025-01-03 23:59:59.999,96602420.50455
2025-01-04,0.3608,0.3813,0.3546,0.3569,187527846.6,2025-01-04 23:59:59.999,68305192.02273
2025-01-05,0.357,0.3705,0.3509,0.3583,135509711.4,2025-01-05 23:59:59.999,48789111.85523
2025-01-06,0.3583,0.3998,0.3511,0.3792,224307205.3,2025-01-06 23:59:59.999,85034381.39013
2025-01-07,0.3793,0.3889,0.3378,0.3381,236949897.0,2025-01-07 23:59:59.999,86380323.09031
2025-01-08,0.3382,0.3443,0.2995,0.32,199189153.4,2025-01-08 23:59:59.999,64354681.90981
2025-01-09,0.3201,0.3298,0.2945,0.304,176120958.5,2025-01-09 23:59:59.999,54524099.05783
2025-01-10,0.3039,0.3306,0.2989,0.322,202893134.0,2025-01-10 23:59:59.999,64447224.25887
2025-01-11,0.322,0.3475,0.3178,0.337,425990568.8,2025-01-11 23:59:59.999,141827212.37984
2025-01-12,0.337,0.3497,0.3232,0.3281,197309219.8,2025-01-12 23:59:59.999,66595557.60394
2025-01-13,0.3281,0.3469,0.2899,0.3168,335022032.4,2025-01-13 23:59:59.999,105417973.95716
2025-01-14,0.3169,0.3562,0.3128,0.3488,249128676.6,2025-01-14 23:59:59.999,84030737.40347
2025-01-15,0.3487,0.3889,0.343,0.3847,459101269.3,2025-01-15 23:59:59.999,169084661.31787
2025-01-16,0.3848,0.4094,0.3708,0.3912,406606528.8,2025-01-16 23:59:59.999,160127478.31932
2025-01-17,0.3913,0.4249,0.3904,0.3985,292397493.0,2025-01-17 23:59:59.999,118025654.56172
2025-01-18,0.3985,0.403,0.3569,0.3672,254250825.9,2025-01-18 23:59:59.999,94972719.83298
2025-01-19,0.3673,0.3848,0.3181,0.3254,352418864.8,2025-01-19 23:59:59.999,123399226.25947
2025-01-20,0.3253,0.3672,0.313,0.3298,367239364.5,2025-01-20 23:59:59.999,124465417.10384
2025-01-21,0.3299,0.3462,0.3091,0.3355,196668931.9,2025-01-21 23:59:59.999,63949765.38105
2025-01-22,0.3355,0.3397,0.3203,0.3233,112340930.6,2025-01-22 23:59:59.999,37005289.67089
2025-01-23,0.3233,0.3297,0.3089,0.3206,130144479.1,2025-01-23 23:59:59.999,41278262.1931
2025-01-24,0.3206,0.3404,0.3087,0.3179,112822792.0,2025-01-24 23:59:59.999,36673802.38855
2025-01-25,0.3179,0.3298,0.3159,0.3246,80148133.4,2025-01-25 23:59:59.999,25870421.44012
2025-01-26,0.3246,0.3353,0.3101,0.3106,73934836.2,2025-01-26 23:59:59.999,24086106.39598
2025-01-27,0.3106,0.3112,0.2709,0.3025,201311499.1,2025-01-27 23:59:59.999,58519964.85658
2025-01-28,0.3025,0.3069,0.2769,0.279,97009732.3,2025-01-28 23:59:59.999,28745661.87046
2025-01-29,0.2789,0.3018,0.2762,0.2912,120363025.0,2025-01-29 23:59:59.999,34682850.12119
2025-01-30,0.2913,0.3179,0.289,0.3067,73412706.9,2025-01-30 23:59:59.999,22476844.17434
2025-01-31,0.3067,0.318,0.2974,0.3016,73488056.7,2025-01-31 23:59:59.999,22543177.41524
2025-02-01,0.3015,0.3094,0.2748,0.2779,79029647.6,2025-02-01 23:59:59.999,23239188.30461
2025-02-02,0.278,0.2845,0.2231,0.2383,229623442.4,2025-02-02 23:59:59.999,57866301.36438
2025-02-03,0.2384,0.2501,0.1726,0.2444,540488094.7,2025-02-03 23:59:59.999,116024551.50192
2025-02-04,0.2443,0.2491,0.2154,0.2291,213341298.8,2025-02-04 23:59:59.999,49150061.7135
2025-02-05,0.2292,0.2358,0.2202,0.2227,100980178.9,2025-02-05 23:59:59.999,23070933.78437
2025-02-06,0.2226,0.2296,0.2067,0.2093,103686157.7,2025-02-06 23:59:59.999,22564157.6943
2025-02-07,0.2093,0.2344,0.2083,0.2164,132818763.1,2025-02-07 23:59:59.999,29415219.52614
2025-02-08,0.2164,0.2274,0.2117,0.2254,70858071.1,2025-02-08 23:59:59.999,15443927.86609
2025-02-09,0.2253,0.2319,0.2094,0.2209,70177373.3,2025-02-09 23:59:59.999,15568749.69674
2025-02-10,0.2209,0.2385,0.2128,0.2302,92699882.5,2025-02-10 23:59:59.999,21076662.22259
2025-02-11,0.2301,0.251,0.2297,0.2331,114855852.0,2025-02-11 23:59:59.999,27578270.20139
2025-02-12,0.2332,0.254,0.221,0.247,132890357.4,2025-02-12 23:59:59.999,30824122.66117
2025-02-13,0.2471,0.2486,0.2311,0.2372,66342022.2,2025-02-13 23:59:59.999,15792009.73913
2025-02-14,0.2373,0.2527,0.2343,0.2451,85895225.2,2025-02-14 23:59:59.999,20954132.21068
2025-02-15,0.2451,0.2497,0.2313,0.235,60150404.7,2025-02-15 23:59:59.999,14446394.84631
2025-02-16,0.235,0.2369,0.2264,0.2289,51975198.3,2025-02-16 23:59:59.999,11985502.70226
2025-02-17,0.2288,0.2396,0.2221,0.2264,65020217.8,2025-02-17 23:59:59.999,14981567.18105
2025-02-18,0.2266,0.2283,0.2078,0.2174,68115123.3,2025-02-18 23:59:59.999,14752074.56857
2025-02-19,0.2175,0.2249,0.2141,0.2238,53960300.6,2025-02-19 23:59:59.999,11872592.43445
2025-02-20,0.2238,0.23,0.2215,0.2292,65846428.9,2025-02-20 23:59:59.999,14856440.0904
2025-02-21,0.2292,0.2417,0.214,0.2178,81606758.8,2025-02-21 23:59:59.999,18628037.16914
2025-02-22,0.2177,0.2306,0.2161,0.229,42236219.2,2025-02-22 23:59:59.999,9412167.94744
2025-02-23,0.229,0.2322,0.2213,0.2265,41616635.7,2025-02-23 23:59:59.999,9421680.38482
2025-02-24,0.2266,0.2289,0.1942,0.1984,128511420.1,2025-02-24 23:59:59.999,27105603.92309
2025-02-25,0.1984,0.2034,0.1813,0.2004,186715051.0,2025-02-25 23:59:59.999,35939337.83009
2025-02-26,0.2004,0.2103,0.1951,0.2061,103824959.2,2025-02-26 23:59:59.999,20967817.13095
2025-02-27,0.206,0.211,0.1976,0.2034,58949052.5,2025-02-27 23:59:59.999,12072876.22695
2025-02-28,0.2035,0.2065,0.1828,0.2027,118327340.6,2025-02-28 23:59:59.999,22927486.54065
2025-03-01,0.2026,0.2099,0.1971,0.2075,69115500.4,2025-03-01 23:59:59.999,13996488.23475
2025-03-02,0.2075,0.3152,0.2035,0.2638,509020316.0,2025-03-02 23:59:59.999,130423075.97553
2025-03-03,0.2639,0.2653,0.2081,0.2114,287653233.5,2025-03-03 23:59:59.999,67840413.60777
2025-03-04,0.2115,0.2135,0.1894,0.2094,216324392.8,2025-03-04 23:59:59.999,43818548.50118
2025-03-05,0.2093,0.2269,0.2078,0.2188,122281869.4,2025-03-05 23:59:59.999,26466475.34511
2025-03-06,0.2188,0.227,0.2067,0.2114,94811915.0,2025-03-06 23:59:59.999,20613653.9346
2025-03-07,0.2115,0.2179,0.1974,0.2052,126462884.7,2025-03-07 23:59:59.999,26504832.41625
2025-03-08,0.2051,0.2068,0.1945,0.1963,47801928.2,2025-03-08 23:59:59.999,9535373.17765
2025-03-09,0.1963,0.1982,0.1717,0.1759,107018366.4,2025-03-09 23:59:59.999,19516555.82909
2025-03-10,0.176,0.1911,0.1639,0.1681,135023199.1,2025-03-10 23:59:59.999,24028609.04549
2025-03-11,0.1681,0.1807,0.158,0.1751,122967779.4,2025-03-11 23:59:59.999,20994008.89161
2025-03-12,0.1751,0.1847,0.1699,0.1819,86479686.4,2025-03-12 23:59:59.999,15388095.46282
2025-03-13,0.1819,0.1863,0.1717,0.1761,73227766.8,2025-03-13 23:59:59.999,13121434.4764
2025-03-14,0.1762,0.1867,0.1756,0.1814,43773734.5,2025-03-14 23:59:59.999,7920963.82102
2025-03-15,0.1814,0.1868,0.1798,0.1852,32087964.5,2025-03-15 23:59:59.999,5879096.91367
2025-03-16,0.1852,0.1862,0.1716,0.1731,54160103.8,2025-03-16 23:59:59.999,9677380.97942
2025-03-17,0.1731,0.1856,0.1729,0.1831,50772060.5,2025-03-17 23:59:59.999,9176594.20028
2025-03-18,0.1832,0.1842,0.1728,0.1828,42703016.0,2025-03-18 23:59:59.999,7626906.85967
2025-03-19,0.1827,0.1946,0.1822,0.1914,86167525.1,2025-03-19 23:59:59.999,16220635.19625
2025-03-20,0.1913,0.1919,0.1803,0.1834,46551726.9,2025-03-20 23:59:59.999,8622437.18905
2025-03-21,0.1833,0.1853,0.1763,0.1788,44359619.4,2025-03-21 23:59:59.999,7996014.90882
2025-03-22,0.1787,0.1851,0.1776,0.1823,38811949.7,2025-03-22 23:59:59.999,7050483.12857
2025-03-23,0.1822,0.1854,0.1805,0.1849,30613341.3,2025-03-23 23:59:59.999,5614014.39193
2025-03-24,0.1848,0.1938,0.1813,0.1904,47881302.5,2025-03-24 23:59:59.999,9070967.09709
2025-03-25,0.1904,0.2042,0.1867,0.2038,66380972.7,2025-03-25 23:59:59.999,12983800.62592
2025-03-26,0.2038,0.2108,0.1961,0.1973,69730415.8,2025-03-26 23:59:59.999,14165439.7724
2025-03-27,0.1974,0.2026,0.1904,0.1967,47012427.8,2025-03-27 23:59:59.999,9243670.93876
2025-03-28,0.1966,0.1981,0.18,0.1836,62986047.1,2025-03-28 23:59:59.999,11793408.21685
2025-03-29,0.1837,0.1848,0.1689,0.1723,52506339.6,2025-03-29 23:59:59.999,9184734.69728
2025-03-30,0.1722,0.1773,0.167,0.1696,54770878.8,2025-03-30 23:59:59.999,9499253.84678
2025-03-31,0.1697,0.1729,0.1634,0.1691,62769237.3,2025-03-31 23:59:59.999,10578157.34421
2025-04-01,0.1691,0.1801,0.1687,0.1745,59466039.7,2025-04-01 23:59:59.999,10369778.12295
2025-04-02,0.1745,0.1783,0.1594,0.1623,88912311.5,2025-04-02 23:59:59.999,15168449.00341
2025-04-03,0.1624,0.1694,0.1537,0.1633,73103913.4,2025-04-03 23:59:59.999,11678061.26596
2025-04-04,0.1633,0.1697,0.158,0.1654,67501623.0,2025-04-04 23:59:59.999,11114520.60672
2025-04-05,0.1653,0.1702,0.1628,0.1654,30770339.8,2025-04-05 23:59:59.999,5108987.16028
2025-04-06,0.1655,0.1668,0.1429,0.1468,67462906.1,2025-04-06 23:59:59.999,10350518.29513
2025-04-07,0.1468,0.1565,0.1306,0.1499,198039452.1,2025-04-07 23:59:59.999,28663163.96393
2025-04-08,0.1499,0.1572,0.1423,0.1431,76483338.1,2025-04-08 23:59:59.999,11451763.91516
2025-04-09,0.1432,0.1643,0.1384,0.1613,116582933.5,2025-04-09 23:59:59.999,17803340.80061
2025-04-10,0.1613,0.1617,0.1517,0.1565,62636337.6,2025-04-10 23:59:59.999,9819140.10386
2025-04-11,0.1565,0.1646,0.1552,0.1611,50746355.9,2025-04-11 23:59:59.999,8144363.11241
2025-04-12,0.1611,0.1721,0.1586,0.1712,44643828.5,2025-04-12 23:59:59.999,7391902.11237
2025-04-13,0.1712,0.1716,0.1596,0.1622,64058785.3,2025-04-13 23:59:59.999,10618216.37234
2025-04-14,0.1622,0.1681,0.1597,0.1615,59099196.2,2025-04-14 23:59:59.999,9669024.43708
2025-04-15,0.1616,0.1655,0.1562,0.1572,39684579.0,2025-04-15 23:59:59.999,6400964.21089
2025-04-16,0.1572,0.1598,0.1527,0.1553,44117099.9,2025-04-16 23:59:59.999,6916829.19982
2025-04-17,0.1553,0.1606,0.1545,0.1564,32157580.7,2025-04-17 23:59:59.999,5060009.4402
2025-04-18,0.1565,0.1622,0.1546,0.1587,26981789.0,2025-04-18 23:59:59.999,4295891.63823
2025-04-19,0.1587,0.1674,0.1586,0.1661,30137618.0,2025-04-19 23:59:59.999,4914743.39597
2025-04-20,0.166,0.169,0.1614,0.1649,36098441.0,2025-04-20 23:59:59.999,5964045.21958
2025-04-21,0.1649,0.1732,0.1645,0.1683,60674395.8,2025-04-21 23:59:59.999,10297060.60714
2025-04-22,0.1684,0.1885,0.1654,0.1857,83091107.2,2025-04-22 23:59:59.999,14714912.02087
2025-04-23,0.1858,0.1976,0.1855,0.1953,82269633.0,2025-04-23 23:59:59.999,15839812.84535
2025-04-24,0.1953,0.203,0.1857,0.2013,76954775.0,2025-04-24 23:59:59.999,14988575.25026
2025-04-25,0.2012,0.212,0.195,0.2098,81588104.7,2025-04-25 23:59:59.999,16658825.06176
2025-04-26,0.2098,0.2185,0.2083,0.2113,66500717.1,2025-04-26 23:59:59.999,14202908.47176
2025-04-27,0.2113,0.241,0.2025,0.2195,167391001.0,2025-04-27 23:59:59.999,36784881.5242
2025-04-28,0.2196,0.2293,0.2095,0.222,126454273.5,2025-04-28 23:59:59.999,27937176.37287
2025-04-29,0.222,0.2267,0.204,0.2083,78641820.5,2025-04-29 23:59:59.999,16915722.39937
2025-04-30,0.2083,0.212,0.197,0.2064,62503893.5,2025-04-30 23:59:59.999,12841023.25381
2025-05-01,0.2064,0.2134,0.2042,0.209,39727543.8,2025-05-01 23:59:59.999,8334786.75149
2025-05-02,0.2089,0.2201,0.2073,0.2152,52946015.5,2025-05-02 23:59:59.999,11329324.70245
2025-05-03,0.2152,0.2152,0.2033,0.2067,41610519.7,2025-05-03 23:59:59.999,8683499.09004
2025-05-04,0.2067,0.2147,0.2001,0.207,87363988.0,2025-05-04 23:59:59.999,18086768.78931
2025-05-05,0.207,0.2105,0.1989,0.203,55574462.8,2025-05-05 23:59:59.999,11372063.26559
2025-05-06,0.2032,0.2054,0.1835,0.1967,84634556.5,2025-05-06 23:59:59.999,16372051.16403
2025-05-07,0.1967,0.2102,0.1953,0.2063,75625083.8,2025-05-07 23:59:59.999,15397655.52558
2025-05-08,0.2063,0.2319,0.2042,0.2309,67293787.8,2025-05-08 23:59:59.999,14712123.67157
2025-05-09,0.2308,0.2458,0.2277,0.2376,85056018.7,2025-05-09 23:59:59.999,20021441.6629
2025-05-10,0.2376,0.2571,0.2363,0.2564,85422702.7,2025-05-10 23:59:59.999,21058528.17634
2025-05-11,0.2564,0.2757,0.2407,0.2471,124811535.9,2025-05-11 23:59:59.999,32203548.15049
2025-05-12,0.2471,0.2646,0.2308,0.2425,143210534.3,2025-05-12 23:59:59.999,36175792.48867
2025-05-13,0.2425,0.2564,0.2274,0.2517,72754868.4,2025-05-13 23:59:59.999,17556631.7667
2025-05-14,0.2516,0.2552,0.2374,0.2392,60986641.2,2025-05-14 23:59:59.999,15052500.20208
2025-05-15,0.2393,0.2431,0.2212,0.2269,75744700.0,2025-05-15 23:59:59.999,17445102.35278
2025-05-16,0.2269,0.2367,0.2202,0.2223,52161874.7,2025-05-16 23:59:59.999,12022055.26159
2025-05-17,0.2223,0.2234,0.2117,0.2145,38666761.6,2025-05-17 23:59:59.999,8362406.38786
2025-05-18,0.2145,0.2326,0.2136,0.2299,44747060.7,2025-05-18 23:59:59.999,9996959.64222
2025-05-19,0.2301,0.2311,0.2128,0.2226,44430278.4,2025-05-19 23:59:59.999,9762285.47767
2025-05-20,0.2226,0.2288,0.215,0.2241,33490533.4,2025-05-20 23:59:59.999,7411795.17349
2025-05-21,0.2241,0.2327,0.2179,0.2264,58803204.5,2025-05-21 23:59:59.999,13148060.01197
2025-05-22,0.2265,0.2378,0.2261,0.2311,50325028.1,2025-05-22 23:59:59.999,11705763.88605
2025-05-23,0.2311,0.2366,0.2067,0.2083,82473747.9,2025-05-23 23:59:59.999,18352778.47402
2025-05-24,0.2083,0.2124,0.2053,0.2071,40067094.8,2025-05-24 23:59:59.999,8384688.01175
2025-05-25,0.207,0.2097,0.1983,0.2095,35636817.8,2025-05-25 23:59:59.999,7258260.46626
2025-05-26,0.2096,0.2136,0.2039,0.206,37897930.3,2025-05-26 23:59:59.999,7906914.41571
2025-05-27,0.206,0.2138,0.1994,0.2084,32261692.2,2025-05-27 23:59:59.999,6721560.52654
2025-05-28,0.2083,0.214,0.2011,0.2076,40090256.5,2025-05-28 23:59:59.999,8304162.83949
2025-05-29,0.2076,0.2127,0.1971,0.1979,47686275.0,2025-05-29 23:59:59.999,9774348.46762
2025-05-30,0.198,0.1989,0.1749,0.1777,91926119.5,2025-05-30 23:59:59.999,17151246.41799
2025-05-31,0.1777,0.1831,0.1708,0.1813,46505361.4,2025-05-31 23:59:59.999,8249707.76389
2025-06-01,0.1813,0.1851,0.1764,0.1843,34081260.3,2025-06-01 23:59:59.999,6157197.82295
2025-06-02,0.1844,0.1892,0.1796,0.1884,34990371.3,2025-06-02 23:59:59.999,6420781.51461
2025-06-03,0.1885,0.1918,0.1862,0.1865,34848552.9,2025-06-03 23:59:59.999,6586718.50948
2025-06-04,0.1865,0.1896,0.1798,0.1813,35176347.4,2025-06-04 23:59:59.999,6527879.00492
2025-06-05,0.1814,0.1842,0.1663,0.1701,64962014.0,2025-06-05 23:59:59.999,11433189.74931
2025-06-06,0.1701,0.1797,0.1695,0.1751,38036343.1,2025-06-06 23:59:59.999,6630404.9981
2025-06-07,0.1751,0.1814,0.1744,0.1797,24033944.2,2025-06-07 23:59:59.999,4312217.10015
2025-06-08,0.1797,0.1838,0.1765,0.1811,39508891.6,2025-06-08 23:59:59.999,7126366.259
2025-06-09,0.1811,0.1902,0.1782,0.1901,32770608.7,2025-06-09 23:59:59.999,6005148.67046
2025-06-10,0.1901,0.1992,0.1868,0.1969,44753261.9,2025-06-10 23:59:59.999,8646556.21229
2025-06-11,0.1968,0.1987,0.1869,0.1887,68678815.6,2025-06-11 23:59:59.999,13294891.59316
2025-06-12,0.1888,0.189,0.1745,0.1752,52105216.9,2025-06-12 23:59:59.999,9468658.57186
2025-06-13,0.1751,0.1751,0.1614,0.1718,85610260.3,2025-06-13 23:59:59.999,14334331.08072
2025-06-14,0.1718,0.1723,0.1654,0.1693,27667570.1,2025-06-14 23:59:59.999,4685810.1937
2025-06-15,0.1692,0.1713,0.1662,0.17,22384826.7,2025-06-15 23:59:59.999,3786748.53817
2025-06-16,0.17,0.1776,0.1683,0.1688,55346764.0,2025-06-16 23:59:59.999,9605438.1375
2025-06-17,0.1687,0.1721,0.1596,0.1623,66918195.0,2025-06-17 23:59:59.999,11082549.6626
2025-06-18,0.1623,0.1658,0.1574,0.1644,43072503.7,2025-06-18 23:59:59.999,6969346.66111
2025-06-19,0.1644,0.1666,0.1608,0.1644,26926301.0,2025-06-19 23:59:59.999,4417590.49817
2025-06-20,0.1645,0.1676,0.155,0.1588,45927060.0,2025-06-20 23:59:59.999,7415425.43686
2025-06-21,0.1589,0.1612,0.1457,0.1517,47377447.2,2025-06-21 23:59:59.999,7291132.69032
2025-06-22,0.1517,0.1539,0.139,0.1469,77123923.4,2025-06-22 23:59:59.999,11226120.36446
2025-06-23,0.1469,0.1629,0.1457,0.1612,70195940.5,2025-06-23 23:59:59.999,10670057.39189
2025-06-24,0.1612,0.1655,0.1606,0.1633,46922252.7,2025-06-24 23:59:59.999,7628061.04911
2025-06-25,0.1634,0.1638,0.1558,0.1566,44439172.2,2025-06-25 23:59:59.999,7092362.50682
2025-06-26,0.1567,0.1607,0.1507,0.1523,49935960.5,2025-06-26 23:59:59.999,7727574.7842
2025-06-27,0.1524,0.1561,0.1501,0.1542,45645274.9,2025-06-27 23:59:59.999,6979794.18663
2025-06-28,0.1542,0.1594,0.1529,0.1586,29562749.9,2025-06-28 23:59:59.999,4598642.46251
2025-06-29,0.1585,0.1641,0.1557,0.1635,31019025.3,2025-06-29 23:59:59.999,4919370.82739
2025-06-30,0.1636,0.1645,0.1565,0.1592,43000446.0,2025-06-30 23:59:59.999,6885091.79519
2025-07-01,0.1592,0.1598,0.1496,0.1511,34867771.6,2025-07-01 23:59:59.999,5374329.93527
2025-07-02,0.1512,0.1674,0.1483,0.1636,71049739.0,2025-07-02 23:59:59.999,11380881.77109
2025-07-03,0.1636,0.1685,0.161,0.1638,64560302.4,2025-07-03 23:59:59.999,10645318.75885
2025-07-04,0.1638,0.1646,0.1517,0.1551,51383523.9,2025-07-04 23:59:59.999,8064363.48272
2025-07-05,0.1552,0.1564,0.1529,0.1561,25471404.7,2025-07-05 23:59:59.999,3943236.88877
2025-07-06,0.1561,0.1617,0.1546,0.1595,41575338.5,2025-07-06 23:59:59.999,6558084.37634
2025-07-07,0.1595,0.162,0.1553,0.1578,43367950.7,2025-07-07 23:59:59.999,6887820.74075
2025-07-08,0.1578,0.1616,0.1547,0.1605,38642623.3,2025-07-08 23:59:59.999,6100575.50652
2025-07-09,0.1605,0.1729,0.1584,0.1722,85991007.7,2025-07-09 23:59:59.999,14327442.54915
2025-07-10,0.1723,0.183,0.16,0.182,137780737.9,2025-07-10 23:59:59.999,23695661.22174
2025-07-11,0.182,0.1993,0.1784,0.1876,132829884.3,2025-07-11 23:59:59.999,25124691.88784
2025-07-12,0.1877,0.1986,0.181,0.1877,104571982.3,2025-07-12 23:59:59.999,19904982.85567
2025-07-13,0.1877,0.2304,0.1867,0.2173,346606912.0,2025-07-13 23:59:59.999,73445936.81247
2025-07-14,0.2174,0.2424,0.2138,0.2204,242615342.5,2025-07-14 23:59:59.999,54714231.98726
2025-07-15,0.2204,0.2253,0.2104,0.2248,154621836.8,2025-07-15 23:59:59.999,33608447.78009
2025-07-16,0.2247,0.242,0.22,0.2289,141635634.4,2025-07-16 23:59:59.999,32191241.69323
2025-07-17,0.229,0.247,0.2195,0.2418,180953685.0,2025-07-17 23:59:59.999,41980416.1229
2025-07-18,0.2418,0.2568,0.2249,0.2289,172190183.5,2025-07-18 23:59:59.999,41549127.04293
2025-07-19,0.229,0.2347,0.2219,0.2343,75278588.5,2025-07-19 23:59:59.999,17178197.29986
2025-07-20,0.2343,0.2484,0.2317,0.2408,87955843.1,2025-07-20 23:59:59.999,21166835.26954
2025-07-21,0.2408,0.2506,0.2337,0.2375,117886950.9,2025-07-21 23:59:59.999,28628286.0858
2025-07-22,0.2374,0.2396,0.2221,0.2328,131312544.2,2025-07-22 23:59:59.999,30069750.86698
2025-07-23,0.2329,0.2329,0.2011,0.2079,191233069.0,2025-07-23 23:59:59.999,40943518.33035
2025-07-24,0.208,0.2114,0.1938,0.2002,140718988.4,2025-07-24 23:59:59.999,28496947.95476
2025-07-25,0.2002,0.2083,0.1939,0.2069,90699663.7,2025-07-25 23:59:59.999,18226617.93221
2025-07-26,0.2069,0.2156,0.2058,0.211,66149359.9,2025-07-26 23:59:59.999,13966191.62166
2025-07-27,0.2109,0.2231,0.2094,0.2215,85944119.4,2025-07-27 23:59:59.999,18737443.02717
2025-07-28,0.2216,0.2236,0.2021,0.2036,90577958.7,2025-07-28 23:59:59.999,19363336.22845
2025-07-29,0.2035,0.2111,0.1984,0.2035,91339435.0,2025-07-29 23:59:59.999,18592451.44327
2025-07-30,0.2035,0.2037,0.189,0.1996,106128801.2,2025-07-30 23:59:59.999,21012005.10203
2025-07-31,0.1996,0.2057,0.1878,0.1884,81811749.8,2025-07-31 23:59:59.999,16150143.59102
2025-08-01,0.1883,0.1888,0.174,0.1795,135357599.4,2025-08-01 23:59:59.999,24765622.85949
2025-08-02,0.1795,0.1822,0.1715,0.1762,69698805.3,2025-08-02 23:59:59.999,12323279.05751
2025-08-03,0.1763,0.185,0.1735,0.184,51551701.0,2025-08-03 23:59:59.999,9324776.05218
2025-08-04,0.184,0.1924,0.1839,0.1896,50183620.6,2025-08-04 23:59:59.999,9423121.08279
2025-08-05,0.1896,0.1898,0.1791,0.1834,78074050.0,2025-08-05 23:59:59.999,14355317.31858
2025-08-06,0.1834,0.1894,0.1784,0.1876,62082413.0,2025-08-06 23:59:59.999,11472717.11672
2025-08-07,0.1876,0.1994,0.1865,0.1993,75959479.3,2025-08-07 23:59:59.999,14654342.42543
2025-08-08,0.1994,0.2038,0.196,0.2013,108298928.5,2025-08-08 23:59:59.999,21642652.4861
2025-08-09,0.2013,0.2118,0.2007,0.2064,84841970.4,2025-08-09 23:59:59.999,17598777.01141
2025-08-10,0.2064,0.2136,0.201,0.2065,86768755.7,2025-08-10 23:59:59.999,17925199.23254
2025-08-11,0.2065,0.217,0.1963,0.1975,122193257.2,2025-08-11 23:59:59.999,25243505.00378
2025-08-12,0.1976,0.2142,0.196,0.2115,82898312.6,2025-08-12 23:59:59.999,16925884.39398
2025-08-13,0.2114,0.2183,0.2086,0.2174,86710343.1,2025-08-13 23:59:59.999,18579173.55208
2025-08-14,0.2175,0.2292,0.1948,0.1995,204852349.5,2025-08-14 23:59:59.999,43126774.51785
2025-08-15,0.1994,0.2049,0.1921,0.1986,104591673.3,2025-08-15 23:59:59.999,20787575.77103
2025-08-16,0.1986,0.2119,0.1981,0.208,86934352.3,2025-08-16 23:59:59.999,17680978.65905
2025-08-17,0.208,0.2157,0.2059,0.2084,66147648.4,2025-08-17 23:59:59.999,13952479.66496
2025-08-18,0.2084,0.2092,0.1963,0.2012,93536929.0,2025-08-18 23:59:59.999,18831210.41
2025-08-19,0.2012,0.2043,0.1911,0.1917,96258592.5,2025-08-19 23:59:59.999,19080951.35539
2025-08-20,0.1916,0.2004,0.1903,0.1983,65417259.1,2025-08-20 23:59:59.999,12800391.23763
2025-08-21,0.1983,0.2016,0.1918,0.1932,64057804.8,2025-08-21 23:59:59.999,12570746.15839
2025-08-22,0.1932,0.2144,0.1862,0.2122,122344493.2,2025-08-22 23:59:59.999,24630724.01593
2025-08-23,0.2122,0.2126,0.2049,0.2077,54257548.0,2025-08-23 23:59:59.999,11286563.92034
2025-08-24,0.2076,0.2141,0.1974,0.203,123279234.3,2025-08-24 23:59:59.999,25225977.51212
2025-08-25,0.203,0.2072,0.1849,0.1888,133693033.4,2025-08-25 23:59:59.999,26026415.99887
2025-08-26,0.1887,0.1985,0.1872,0.1967,88631732.7,2025-08-26 23:59:59.999,17057519.91381
2025-08-27,0.1967,0.1998,0.1932,0.1947,57156014.1,2025-08-27 23:59:59.999,11211157.90295
2025-08-28,0.1948,0.2037,0.1924,0.2025,63801679.7,2025-08-28 23:59:59.999,12675215.75303
2025-08-29,0.2025,0.2034,0.1885,0.192,74392202.3,2025-08-29 23:59:59.999,14401692.41659
2025-08-30,0.192,0.1948,0.1889,0.1928,34959463.5,2025-08-30 23:59:59.999,6704094.39017
2025-08-31,0.1928,0.1962,0.1889,0.1891,40573021.7,2025-08-31 23:59:59.999,7831215.70412
2025-09-01,0.189,0.1942,0.1798,0.1843,93213330.6,2025-09-01 23:59:59.999,17361762.88844
2025-09-02,0.1844,0.1889,0.1817,0.1872,53562330.6,2025-09-02 23:59:59.999,9947692.18949
2025-09-03,0.1873,0.1916,0.1834,0.1884,36121559.1,2025-09-03 23:59:59.999,6785694.43865
2025-09-04,0.1884,0.1898,0.1807,0.1818,44654285.5,2025-09-04 23:59:59.999,8226955.82812
2025-09-05,0.1818,0.1883,0.1807,0.1839,46821898.3,2025-09-05 23:59:59.999,8637248.90594
2025-09-06,0.1838,0.1854,0.1803,0.1818,19506040.4,2025-09-06 23:59:59.999,3561942.71766
2025-09-07,0.1817,0.1866,0.1812,0.1854,39568325.2,2025-09-07 23:59:59.999,7283929.3218
2025-09-08,0.1855,0.1936,0.1846,0.1906,55222084.2,2025-09-08 23:59:59.999,10478777.51734
2025-09-09,0.1906,0.1963,0.1866,0.1897,63981180.3,2025-09-09 23:59:59.999,12239439.36642
2025-09-10,0.1897,0.197,0.1882,0.1949,48526875.9,2025-09-10 23:59:59.999,9380517.89035
2025-09-11,0.195,0.2015,0.1761,0.1948,104832649.1,2025-09-11 23:59:59.999,20398654.79413
2025-09-12,0.1949,0.2,0.1929,0.1991,55753143.4,2025-09-12 23:59:59.999,10958155.73939
2025-09-13,0.1991,0.2038,0.1964,0.2021,63056407.2,2025-09-13 23:59:59.999,12662498.95536
2025-09-14,0.2022,0.2022,0.1921,0.1937,44699663.7,2025-09-14 23:59:59.999,8771903.8035
2025-09-15,0.1938,0.1964,0.1839,0.1876,59442495.9,2025-09-15 23:59:59.999,11229239.22152
2025-09-16,0.1876,0.1903,0.184,0.1885,35778266.7,2025-09-16 23:59:59.999,6720037.97273
2025-09-17,0.1886,0.1955,0.1838,0.194,57039051.7,2025-09-17 23:59:59.999,10718130.00527
2025-09-18,0.1942,0.1979,0.1918,0.1955,44593584.5,2025-09-18 23:59:59.999,8693452.59466
2025-09-19,0.1956,0.1976,0.1854,0.187,43620984.8,2025-09-19 23:59:59.999,8307560.70984
2025-09-20,0.1871,0.1897,0.185,0.1873,24790978.5,2025-09-20 23:59:59.999,4647303.93381
2025-09-21,0.1872,0.1883,0.1827,0.1837,33041319.6,2025-09-21 23:59:59.999,6116609.7662
2025-09-22,0.1837,0.1945,0.1466,0.1712,200172787.7,2025-09-22 23:59:59.999,34529535.63286
2025-09-23,0.1712,0.1736,0.1669,0.1694,58599089.9,2025-09-23 23:59:59.999,10013061.74817
2025-09-24,0.1695,0.1743,0.1662,0.1705,58674168.9,2025-09-24 23:59:59.999,10041065.77589
2025-09-25,0.1705,0.1708,0.1582,0.1596,84560711.1,2025-09-25 23:59:59.999,13849689.15619
2025-09-26,0.1597,0.1683,0.1593,0.1666,56573922.9,2025-09-26 23:59:59.999,9213952.6566
2025-09-27,0.1666,0.1672,0.1628,0.1649,27603168.8,2025-09-27 23:59:59.999,4560075.64867
2025-09-28,0.1649,0.1672,0.1602,0.1668,28467103.0,2025-09-28 23:59:59.999,4655397.82278
2025-09-29,0.1668,0.1691,0.162,0.1674,43243981.6,2025-09-29 23:59:59.999,7182235.5673
2025-09-30,0.1673,0.1677,0.161,0.1649,46545438.3,2025-09-30 23:59:59.999,7646373.26064
2025-10-01,0.165,0.1783,0.1637,0.1783,57689234.3,2025-10-01 23:59:59.999,9929473.43412
2025-10-02,0.1783,0.1841,0.1777,0.183,61808243.4,2025-10-02 23:59:59.999,11196731.58171
2025-10-03,0.1831,0.1913,0.1807,0.1905,69300391.5,2025-10-03 23:59:59.999,12917040.88442
2025-10-04,0.1905,0.1935,0.1827,0.1862,51714538.3,2025-10-04 23:59:59.999,9658241.20716
2025-10-05,0.186,0.1949,0.1849,0.1879,61713105.3,2025-10-05 23:59:59.999,11720503.97916
2025-10-06,0.1879,0.1955,0.1866,0.1921,45070024.9,2025-10-06 23:59:59.999,8634184.23247
2025-10-07,0.1921,0.1935,0.1805,0.183,73751642.8,2025-10-07 23:59:59.999,13761007.4827
2025-10-08,0.1829,0.1896,0.1813,0.1869,46262923.0,2025-10-08 23:59:59.999,8592039.92191
2025-10-09,0.1869,0.1872,0.1751,0.1796,59631299.2,2025-10-09 23:59:59.999,10718033.44899
2025-10-10,0.1795,0.1838,0.0781,0.1465,333450044.1,2025-10-10 23:59:59.999,47879475.14329
2025-10-11,0.1465,0.1494,0.1325,0.1379,154640569.1,2025-10-11 23:59:59.999,21980491.30216
2025-10-12,0.1379,0.1582,0.1353,0.1547,101121637.2,2025-10-12 23:59:59.999,14867164.58724
2025-10-13,0.1546,0.1632,0.1519,0.1616,94223190.3,2025-10-13 23:59:59.999,14782612.24235
2025-10-14,0.1616,0.1622,0.1417,0.1514,124062452.2,2025-10-14 23:59:59.999,18478431.54417
2025-10-15,0.1515,0.1558,0.1421,0.1447,52639682.8,2025-10-15 23:59:59.999,7813098.2067
2025-10-16,0.1448,0.1489,0.1364,0.1389,76289405.2,2025-10-16 23:59:59.999,10931037.16771
2025-10-17,0.1389,0.1414,0.1276,0.1378,98257675.0,2025-10-17 23:59:59.999,13232192.88528
2025-10-18,0.1378,0.1419,0.1367,0.1415,38244613.3,2025-10-18 23:59:59.999,5344190.11213
2025-10-19,0.1416,0.1475,0.1381,0.1436,49679417.6,2025-10-19 23:59:59.999,7094365.03134
2025-10-20,0.1435,0.1505,0.1409,0.1469,49307847.4,2025-10-20 23:59:59.999,7247629.61606
2025-10-21,0.1469,0.1537,0.1409,0.1424,61131896.8,2025-10-21 23:59:59.999,8988911.96711
2025-10-22,0.1423,0.1446,0.1345,0.1393,81613651.4,2025-10-22 23:59:59.999,11487768.94488
2025-10-23,0.1393,0.1449,0.1391,0.1437,44361014.5,2025-10-23 23:59:59.999,6305017.5604
2025-10-24,0.1436,0.1489,0.1429,0.1462,35375055.8,2025-10-24 23:59:59.999,5144763.64925
2025-10-25,0.1461,0.1493,0.1433,0.1466,25398066.5,2025-10-25 23:59:59.999,3711786.61903
2025-10-26,0.1467,0.1519,0.145,0.1503,32478743.9,2025-10-26 23:59:59.999,4817609.22136
2025-10-27,0.1503,0.1524,0.1453,0.1461,43795646.6,2025-10-27 23:59:59.999,6527189.09656
2025-10-28,0.1462,0.155,0.1415,0.1439,87256624.5,2025-10-28 23:59:59.999,12955157.91756
2025-10-29,0.1438,0.1479,0.1386,0.1425,60497565.0,2025-10-29 23:59:59.999,8723355.73969
2025-10-30,0.1423,0.1438,0.1308,0.1365,75383297.1,2025-10-30 23:59:59.999,10294220.87763
2025-10-31,0.1365,0.1413,0.1348,0.1372,49484472.6,2025-10-31 23:59:59.999,6818992.6775
2025-11-01,0.1373,0.1418,0.1363,0.1416,32322039.1,2025-11-01 23:59:59.999,4501484.16202
2025-11-02,0.1417,0.1438,0.1374,0.1418,34380690.4,2025-11-02 23:59:59.999,4832873.9745
2025-11-03,0.1417,0.1424,0.121,0.1266,96136497.4,2025-11-03 23:59:59.999,12512063.41107
2025-11-04,0.1266,0.1307,0.1168,0.1267,145438161.4,2025-11-04 23:59:59.999,18065636.60101
2025-11-05,0.1266,0.1318,0.1207,0.1294,79773419.6,2025-11-05 23:59:59.999,10178448.47502
2025-11-06,0.1295,0.1302,0.1226,0.1263,66433869.5,2025-11-06 23:59:59.999,8431628.09977
2025-11-07,0.1263,0.1489,0.1262,0.1431,110133743.1,2025-11-07 23:59:59.999,14942437.8658
2025-11-08,0.1431,0.1474,0.1385,0.1419,73233276.8,2025-11-08 23:59:59.999,10499040.6961
2025-11-09,0.1419,0.1428,0.1346,0.1411,46952255.1,2025-11-09 23:59:59.999,6527063.04808
2025-11-10,0.1412,0.1514,0.1402,0.1491,62064313.2,2025-11-10 23:59:59.999,9108593.69154
2025-11-11,0.1491,0.152,0.1409,0.1416,76800850.3,2025-11-11 23:59:59.999,11277563.2343
2025-11-12,0.1417,0.1482,0.136,0.1394,62487493.9,2025-11-12 23:59:59.999,8891469.20037
2025-11-13,0.1393,0.1461,0.1324,0.1369,64327082.4,2025-11-13 23:59:59.999,8991645.36525
2025-11-14,0.1368,0.1377,0.1279,0.1305,76763850.3,2025-11-14 23:59:59.999,10183621.32316
2025-11-15,0.1304,0.136,0.1303,0.1334,33538610.3,2025-11-15 23:59:59.999,4476319.23356
2025-11-16,0.1334,0.1351,0.1249,0.1288,52131872.4,2025-11-16 23:59:59.999,6777503.82265
2025-11-17,0.1287,0.1319,0.1201,0.1242,89838918.8,2025-11-17 23:59:59.999,11351859.28346
2025-11-18,0.1243,0.1301,0.1218,0.1277,63051474.8,2025-11-18 23:59:59.999,7895548.58443
2025-11-19,0.1277,0.1308,0.1187,0.1238,72477214.5,2025-11-19 23:59:59.999,9041899.03855
2025-11-20,0.1239,0.1296,0.1146,0.1177,89182228.8,2025-11-20 23:59:59.999,10846252.91099
2025-11-21,0.1176,0.12,0.105,0.1139,140111272.4,2025-11-21 23:59:59.999,15740349.66614
2025-11-22,0.1139,0.1168,0.1098,0.1149,53840989.9,2025-11-22 23:59:59.999,6089915.88268
2025-11-23,0.1149,0.1181,0.1138,0.1153,48740626.1,2025-11-23 23:59:59.999,5640049.52184
2025-11-24,0.1154,0.1207,0.112,0.1185,72359506.0,2025-11-24 23:59:59.999,8410889.84929
2025-11-25,0.1185,0.1193,0.1146,0.1183,49181967.4,2025-11-25 23:59:59.999,5756434.43332
2025-11-26,0.1184,0.1186,0.1135,0.1172,36711639.2,2025-11-26 23:59:59.999,4269835.2637
2025-11-27,0.1172,0.1212,0.117,0.118,32072880.8,2025-11-27 23:59:59.999,3812263.70109
2025-11-28,0.118,0.1194,0.1124,0.1136,44819120.1,2025-11-28 23:59:59.999,5193120.68773
2025-11-29,0.1137,0.1157,0.1113,0.1123,29361134.7,2025-11-29 23:59:59.999,3324293.75497
2025-11-30,0.1123,0.1134,0.1083,0.1085,31372928.1,2025-11-30 23:59:59.999,3490910.38866
2025-12-01,0.1084,0.1088,0.0951,0.0986,134867128.6,2025-12-01 23:59:59.999,13353382.31874
2025-12-02,0.0986,0.1063,0.0944,0.1039,76979374.3,2025-12-02 23:59:59.999,7700371.90237
2025-12-03,0.1039,0.1072,0.0999,0.104,85909582.9,2025-12-03 23:59:59.999,8860835.65437
2025-12-04,0.1041,0.105,0.0985,0.1006,77155098.5,2025-12-04 23:59:59.999,7897887.33267
2025-12-05,0.1006,0.105,0.0973,0.1,106821586.8,2025-12-05 23:59:59.999,10845905.90548
2025-12-06,0.0999,0.1044,0.0987,0.1027,47864783.8,2025-12-06 23:59:59.999,4843847.61487
2025-12-07,0.1027,0.1049,0.0981,0.1011,72822036.5,2025-12-07 23:59:59.999,7409677.85806
2025-12-08,0.101,0.1049,0.1004,0.1033,47104392.3,2025-12-08 23:59:59.999,4858191.54948
2025-12-09,0.1033,0.1107,0.1015,0.1068,51020883.4,2025-12-09 23:59:59.999,5388929.98035
2025-12-10,0.1068,0.1099,0.1037,0.1042,50223598.5,2025-12-10 23:59:59.999,5342132.15379
2025-12-11,0.1043,0.1045,0.0996,0.1016,49991404.6,2025-12-11 23:59:59.999,5063748.96829
2025-12-12,0.1016,0.1025,0.0967,0.1,44751416.4,2025-12-12 23:59:59.999,4459735.94467
2025-12-13,0.1,0.1012,0.0993,0.1,20925750.8,2025-12-13 23:59:59.999,2101542.56245
2025-12-14,0.1,0.1005,0.0929,0.0943,49588588.2,2025-12-14 23:59:59.999,4798044.00943
2025-12-15,0.0944,0.0964,0.0878,0.0916,103377050.9,2025-12-15 23:59:59.999,9490413.66521
2025-12-16,0.0916,0.0936,0.0899,0.0928,56535792.1,2025-12-16 23:59:59.999,5191486.29788
2025-12-17,0.0928,0.0948,0.0874,0.0899,81700054.3,2025-12-17 23:59:59.999,7439916.93371
2025-12-18,0.0899,0.0916,0.0831,0.0845,84799114.7,2025-12-18 23:59:59.999,7421668.7489
2025-12-19,0.0846,0.0904,0.0834,0.0897,72785777.3,2025-12-19 23:59:59.999,6361404.2333
2025-12-20,0.0897,0.0924,0.0892,0.0903,39550144.9,2025-12-20 23:59:59.999,3587416.73655
2025-12-21,0.0904,0.0906,0.0859,0.0868,43413733.7,2025-12-21 23:59:59.999,3815254.37593
2025-12-22,0.0868,0.0887,0.0846,0.0858,69352126.8,2025-12-22 23:59:59.999,6008286.45781
2025-12-23,0.0858,0.0865,0.0815,0.0841,69896398.1,2025-12-23 23:59:59.999,5841865.29173
2025-12-24,0.0842,0.0847,0.0815,0.0838,47087283.9,2025-12-24 23:59:59.999,3904332.65039
2025-12-25,0.0838,0.0852,0.0818,0.0821,30356255.2,2025-12-25 23:59:59.999,2544574.34824
2025-12-26,0.0821,0.0855,0.0813,0.0837,47541107.3,2025-12-26 23:59:59.999,3988536.36421
2025-12-27,0.0836,0.0877,0.0834,0.0872,30867264.6,2025-12-27 23:59:59.999,2638367.93785
2025-12-28,0.0873,0.0878,0.0849,0.0857,23905103.2,2025-12-28 23:59:59.999,2066778.19526
2025-12-29,0.0857,0.0875,0.0826,0.0828,50399435.1,2025-12-29 23:59:59.999,4297385.97231
2025-12-30,0.0829,0.0851,0.0822,0.084,36711477.3,2025-12-30 23:59:59.999,3071758.07465
2025-12-31,0.084,0.0846,0.0805,0.0807,42955225.7,2025-12-31 23:59:59.999,3533865.58974
2026-01-01,0.0807,0.0852,0.0793,0.0848,51464875.1,2026-01-01 23:59:59.999,4227294.03091
2026-01-02,0.0849,0.0953,0.0844,0.0946,102905127.4,2026-01-02 23:59:59.999,9285799.98423
2026-01-03,0.0947,0.0968,0.092,0.0938,49665616.6,2026-01-03 23:59:59.999,4670259.52401
2026-01-04,0.0939,0.1035,0.0938,0.1018,99586549.8,2026-01-04 23:59:59.999,9925518.34585
2026-01-05,0.1018,0.1082,0.0998,0.1067,74619632.4,2026-01-05 23:59:59.999,7721417.50098
2026-01-06,0.1068,0.1181,0.1064,0.1125,186237342.0,2026-01-06 23:59:59.999,21017578.40832
2026-01-07,0.1125,0.1129,0.1057,0.1073,65484485.3,2026-01-07 23:59:59.999,7143486.27429
2026-01-08,0.1072,0.1374,0.1006,0.1065,458658723.6,2026-01-08 23:59:59.999,50685949.81393
2026-01-09,0.1065,0.1099,0.1024,0.105,152574298.9,2026-01-09 23:59:59.999,16070956.16236
2026-01-10,0.105,0.1052,0.1006,0.1012,59157963.9,2026-01-10 23:59:59.999,6075680.18403
2026-01-11,0.1013,0.1016,0.0967,0.0984,52406404.3,2026-01-11 23:59:59.999,5223252.26579
2026-01-12,0.0984,0.1015,0.0945,0.0949,66587765.2,2026-01-12 23:59:59.999,6499264.96643
2026-01-13,0.0949,0.106,0.0945,0.1037,80563823.4,2026-01-13 23:59:59.999,8024295.58362
2026-01-14,0.1038,0.1077,0.1006,0.1008,88877174.0,2026-01-14 23:59:59.999,9232356.61379
2026-01-15,0.1009,0.1011,0.0945,0.0962,72927087.3,2026-01-15 23:59:59.999,7128150.37843
2026-01-16,0.0962,0.098,0.0924,0.0947,60751283.0,2026-01-16 23:59:59.999,5795862.87506
2026-01-17,0.0948,0.0978,0.0937,0.0952,42837310.8,2026-01-17 23:59:59.999,4091121.0738
2026-01-18,0.0952,0.0964,0.0878,0.0879,51665197.6,2026-01-18 23:59:59.999,4764350.21466
2026-01-19,0.0879,0.0879,0.0785,0.0854,98642497.2,2026-01-19 23:59:59.999,8394037.24073
2026-01-20,0.0854,0.0863,0.0807,0.0829,78975529.7,2026-01-20 23:59:59.999,6631431.99279
2026-01-21,0.0828,0.0904,0.0827,0.0874,133878966.9,2026-01-21 23:59:59.999,11692205.7832
2026-01-22,0.0874,0.094,0.0857,0.0878,110093383.4,2026-01-22 23:59:59.999,9878308.59109
2026-01-23,0.0877,0.0911,0.0863,0.0896,73980933.6,2026-01-23 23:59:59.999,6564424.09323
2026-01-24,0.0896,0.0897,0.0871,0.0883,23554900.7,2026-01-24 23:59:59.999,2079976.68431
2026-01-25,0.0883,0.0888,0.0815,0.0831,56261841.6,2026-01-25 23:59:59.999,4756409.96689
2026-01-26,0.0831,0.0878,0.0828,0.0864,50797856.2,2026-01-26 23:59:59.999,4356651.56608
2026-01-27,0.0863,0.0881,0.0836,0.0874,45218052.3,2026-01-27 23:59:59.999,3869397.26781
2026-01-28,0.0874,0.0878,0.0846,0.0859,44734447.4,2026-01-28 23:59:59.999,3844307.09228
2026-01-29,0.0858,0.0861,0.0791,0.0815,88274830.8,2026-01-29 23:59:59.999,7228232.18192
2026-01-30,0.0815,0.0826,0.0746,0.0777,152170605.4,2026-01-30 23:59:59.999,12028762.9224
2026-01-31,0.0777,0.078,0.0647,0.0733,147024235.1,2026-01-31 23:59:59.999,10516600.21305
2026-02-01,0.0732,0.0752,0.0695,0.0707,105211044.7,2026-02-01 23:59:59.999,7650177.32484
2026-02-02,0.0708,0.0757,0.0685,0.0744,107410897.5,2026-02-02 23:59:59.999,7749580.48347
2026-02-03,0.0744,0.0765,0.0702,0.073,142796451.5,2026-02-03 23:59:59.999,10477736.52235
2026-02-04,0.073,0.0791,0.0725,0.0778,171585346.8,2026-02-04 23:59:59.999,12978870.5708
2026-02-05,0.0778,0.0782,0.066,0.067,286565472.8,2026-02-05 23:59:59.999,20402024.25265
2026-02-06,0.067,0.0765,0.0621,0.0734,196297970.6,2026-02-06 23:59:59.999,13540998.92695
2026-02-07,0.0734,0.0735,0.0695,0.0708,108043090.4,2026-02-07 23:59:59.999,7741470.70601
2026-02-08,0.0709,0.0718,0.0686,0.0691,52005769.1,2026-02-08 23:59:59.999,3651235.11943
2026-02-09,0.0691,0.0704,0.0674,0.0686,52197915.0,2026-02-09 23:59:59.999,3609199.57591
2026-02-10,0.0686,0.0691,0.066,0.0673,58340095.8,2026-02-10 23:59:59.999,3928107.88178
2026-02-11,0.0674,0.0675,0.0632,0.0646,79259133.2,2026-02-11 23:59:59.999,5152280.18708
2026-02-12,0.0646,0.0691,0.0645,0.0672,81940287.0,2026-02-12 23:59:59.999,5476221.91508
2026-02-13,0.0671,0.069,0.0656,0.0683,66385155.9,2026-02-13 23:59:59.999,4467876.91522
2026-02-14,0.0683,0.0734,0.0683,0.0721,73762197.7,2026-02-14 23:59:59.999,5203374.32319
2026-02-15,0.072,0.0732,0.0679,0.0687,64182655.0,2026-02-15 23:59:59.999,4513858.26384
2026-02-16,0.0687,0.0707,0.0678,0.0706,34885880.4,2026-02-16 23:59:59.999,2406717.6389
2026-02-17,0.0706,0.0714,0.0681,0.0688,61938242.3,2026-02-17 23:59:59.999,4308053.70277
2026-02-18,0.0688,0.0698,0.0662,0.0666,40310008.6,2026-02-18 23:59:59.999,2743481.78952
2026-02-19,0.0667,0.0689,0.0661,0.0677,77899145.9,2026-02-19 23:59:59.999,5259283.345
2026-02-20,0.0677,0.0718,0.0668,0.0704,66514549.0,2026-02-20 23:59:59.999,4619501.07818
2026-02-21,0.0704,0.0709,0.0685,0.0686,30746365.0,2026-02-21 23:59:59.999,2148274.10663
2026-02-22,0.0685,0.0688,0.0671,0.0681,68204780.4,2026-02-22 23:59:59.999,4639318.46796
2026-02-23,0.068,0.0681,0.0651,0.0661,99585097.9,2026-02-23 23:59:59.999,6606209.64619
2026-02-24,0.0661,0.0667,0.0648,0.0656,48129477.8,2026-02-24 23:59:59.999,3161239.77486
2026-02-25,0.0657,0.0736,0.0654,0.0711,78859854.9,2026-02-25 23:59:59.999,5487055.77462
2026-02-26,0.0711,0.0713,0.0672,0.0694,61702984.6,2026-02-26 23:59:59.999,4299750.31879
2026-02-27,0.0694,0.071,0.0658,0.067,63407240.6,2026-02-27 23:59:59.999,4334155.69752
2026-02-28,0.067,0.069,0.0634,0.0685,87100371.2,2026-02-28 23:59:59.999,5690736.81108
2026-03-01,0.0685,0.0703,0.0646,0.0658,78080861.9,2026-03-01 23:59:59.999,5266595.95477
2026-03-02,0.0659,0.0694,0.0648,0.0668,68869550.2,2026-03-02 23:59:59.999,4604089.76828
2026-03-03,0.0668,0.0669,0.0644,0.0658,59205365.4,2026-03-03 23:59:59.999,3886910.64494
2026-03-04,0.0659,0.07,0.0648,0.0683,71200716.8,2026-03-04 23:59:59.999,4796870.62835
2026-03-05,0.0683,0.0684,0.0652,0.066,58421022.5,2026-03-05 23:59:59.999,3913134.75988
2026-03-06,0.066,0.0664,0.064,0.0646,65015099.3,2026-03-06 23:59:59.999,4252004.97803
2026-03-07,0.0646,0.0652,0.0629,0.0634,38523610.1,2026-03-07 23:59:59.999,2470724.09654
2026-03-08,0.0634,0.0644,0.0623,0.0637,47117331.3,2026-03-08 23:59:59.999,2991871.30613
2026-03-09,0.0636,0.0658,0.0629,0.0633,54868366.1,2026-03-09 23:59:59.999,3542736.02095
2026-03-10,0.0632,0.066,0.0626,0.0631,76194450.7,2026-03-10 23:59:59.999,4879317.26279
2026-03-11,0.0631,0.0648,0.0628,0.0631,72766018.5,2026-03-11 23:59:59.999,4619357.86814
2026-03-12,0.0631,0.0639,0.0623,0.0634,53195078.1,2026-03-12 23:59:59.999,3359812.8536
2026-03-13,0.0634,0.0657,0.0631,0.0637,88540108.2,2026-03-13 23:59:59.999,5693156.74286
2026-03-14,0.0637,0.0641,0.0625,0.0637,44897942.2,2026-03-14 23:59:59.999,2836868.84303
2026-03-15,0.0636,0.0652,0.063,0.0645,57816369.1,2026-03-15 23:59:59.999,3703383.90936
2026-03-16,0.0645,0.0678,0.064,0.0677,77433298.3,2026-03-16 23:59:59.999,5085504.03919
2026-03-17,0.0677,0.068,0.0653,0.0666,62368450.0,2026-03-17 23:59:59.999,4150946.90365
2026-03-18,0.0666,0.0675,0.0615,0.0632,92329480.0,2026-03-18 23:59:59.999,5931052.47921
2026-03-19,0.0633,0.0641,0.0611,0.0622,73439382.9,2026-03-19 23:59:59.999,4570853.64508
2026-03-20,0.0623,0.0627,0.0613,0.0617,48577851.5,2026-03-20 23:59:59.999,3016830.20584
2026-03-21,0.0617,0.062,0.0591,0.0597,50540925.2,2026-03-21 23:59:59.999,3073077.55551
2026-03-22,0.0597,0.0597,0.0561,0.0571,121246079.6,2026-03-22 23:59:59.999,7047156.4753
2026-03-23,0.0571,0.0594,0.0564,0.059,80215556.6,2026-03-23 23:59:59.999,4664792.69731
2026-03-24,0.059,0.0591,0.0578,0.059,49510691.6,2026-03-24 23:59:59.999,2895752.30881
2026-03-25,0.059,0.0597,0.0583,0.0597,39013207.0,2026-03-25 23:59:59.999,2301605.60609
2026-03-26,0.0597,0.0599,0.0566,0.0573,76554754.5,2026-03-26 23:59:59.999,4423427.1446
2026-03-27,0.0574,0.0577,0.0543,0.055,78634111.6,2026-03-27 23:59:59.999,4372998.04326
2026-03-28,0.0549,0.0563,0.0546,0.0548,56242619.7,2026-03-28 23:59:59.999,3119743.23161
2026-03-29,0.0549,0.0554,0.0512,0.0533,70175472.4,2026-03-29 23:59:59.999,3759585.61263
2026-03-30,0.0533,0.0561,0.0533,0.0546,57700983.0,2026-03-30 23:59:59.999,3173314.54687
2026-03-31,0.0546,0.0557,0.0541,0.0545,52684638.3,2026-03-31 23:59:59.999,2882470.08416
2026-04-01,0.0546,0.0608,0.0545,0.0589,187301143.1,2026-04-01 23:59:59.999,10897238.86191
2026-04-02,0.0589,0.0606,0.0575,0.059,133564068.2,2026-04-02 23:59:59.999,7841999.3273
2026-04-03,0.0591,0.0645,0.0579,0.0639,137851581.8,2026-04-03 23:59:59.999,8520386.01363
2026-04-04,0.0639,0.0639,0.0606,0.0611,77441239.6,2026-04-04 23:59:59.999,4813748.9399
2026-04-05,0.0611,0.0611,0.0575,0.0591,53430264.6,2026-04-05 23:59:59.999,3145742.28149
2026-04-06,0.0592,0.0598,0.057,0.0575,60592718.8,2026-04-06 23:59:59.999,3555360.87162
2026-04-07,0.0576,0.0603,0.0543,0.0597,116750751.6,2026-04-07 23:59:59.999,6652558.98082
2026-04-08,0.0596,0.061,0.058,0.0581,76334235.6,2026-04-08 23:59:59.999,4564706.84466
2026-04-09,0.0582,0.0583,0.0565,0.057,52265957.5,2026-04-09 23:59:59.999,2997136.77665
2026-04-10,0.057,0.058,0.0566,0.0573,51844907.3,2026-04-10 23:59:59.999,2967530.48745
2026-04-11,0.0574,0.0578,0.0563,0.0572,37065635.2,2026-04-11 23:59:59.999,2112294.83815
2026-04-12,0.0573,0.0575,0.0541,0.0543,50932258.8,2026-04-12 23:59:59.999,2832057.64272
2026-04-13,0.0544,0.0564,0.0528,0.0562,93888017.2,2026-04-13 23:59:59.999,5079224.86899
2026-04-14,0.0563,0.0572,0.0544,0.0548,54513833.5,2026-04-14 23:59:59.999,3038073.13531
2026-04-15,0.0548,0.0561,0.0543,0.0556,36837640.1,2026-04-15 23:59:59.999,2028146.90587
2026-04-16,0.0557,0.0596,0.0553,0.0589,73016939.0,2026-04-16 23:59:59.999,4156124.04266
2026-04-17,0.0589,0.0619,0.0576,0.0599,68320214.3,2026-04-17 23:59:59.999,4076411.37549
2026-04-18,0.0598,0.0603,0.0566,0.0566,50461072.8,2026-04-18 23:59:59.999,2949408.8337
2026-04-19,0.0566,0.0578,0.0559,0.0562,46517261.8,2026-04-19 23:59:59.999,2642115.2558
2026-04-20,0.0563,0.059,0.0562,0.058,37773233.9,2026-04-20 23:59:59.999,2182646.12096
2026-04-21,0.058,0.0589,0.057,0.058,36097905.0,2026-04-21 23:59:59.999,2093764.07679
2026-04-22,0.058,0.0593,0.0574,0.0577,30182758.9,2026-04-22 23:59:59.999,1766988.19074
2026-04-23,0.0577,0.0581,0.0558,0.057,60997426.6,2026-04-23 23:59:59.999,3468181.79107
2026-04-24,0.057,0.0586,0.0562,0.0579,59816422.7,2026-04-24 23:59:59.999,3420189.40588
2026-04-25,0.0579,0.0595,0.0571,0.0576,46697476.4,2026-04-25 23:59:59.999,2721603.05263
2026-04-26,0.0576,0.0582,0.0567,0.0577,31322771.9,2026-04-26 23:59:59.999,1806745.05106
2026-04-27,0.0578,0.0584,0.0561,0.0568,41506953.2,2026-04-27 23:59:59.999,2368065.98945
2026-04-28,0.0569,0.0569,0.0554,0.0558,32944998.1,2026-04-28 23:59:59.999,1847449.08559
2026-04-29,0.0558,0.0577,0.054,0.0551,57874214.6,2026-04-29 23:59:59.999,3234725.58802
2026-04-30,0.0551,0.0557,0.054,0.0543,33463291.2,2026-04-30 23:59:59.999,1827328.49035
2026-05-01,0.0544,0.0555,0.0541,0.0546,36356519.6,2026-05-01 23:59:59.999,1991755.65626
2026-05-02,0.0546,0.0555,0.0542,0.0553,32836133.5,2026-05-02 23:59:59.999,1799150.35108
2026-05-03,0.0553,0.0554,0.0542,0.0545,35817963.9,2026-05-03 23:59:59.999,1959321.83802
2026-05-04,0.0545,0.056,0.0539,0.0548,63946007.6,2026-05-04 23:59:59.999,3509823.7672
2026-05-05,0.0547,0.0582,0.0547,0.0576,72530258.3,2026-05-05 23:59:59.999,4116989.42772
2026-05-06,0.0575,0.0606,0.0573,0.0591,99048269.7,2026-05-06 23:59:59.999,5846423.32814
2026-05-07,0.0591,0.0593,0.0576,0.0581,68401385.1,2026-05-07 23:59:59.999,3993153.54779
2026-05-08,0.0581,0.0632,0.0575,0.0618,80261162.5,2026-05-08 23:59:59.999,4844072.67979
2026-05-09,0.0617,0.0654,0.061,0.0613,86759424.8,2026-05-09 23:59:59.999,5466227.2387
2026-05-10,0.0614,0.0651,0.0604,0.0628,89160285.1,2026-05-10 23:59:59.999,5557540.72237
2026-05-11,0.0629,0.0666,0.0622,0.0652,126968235.7,2026-05-11 23:59:59.999,8208527.68736
2026-05-12,0.0652,0.0654,0.0616,0.0623,61816190.5,2026-05-12 23:59:59.999,3902184.93502
2026-05-13,0.0623,0.0657,0.0602,0.0604,76322248.2,2026-05-13 23:59:59.999,4797150.52162
2026-05-14,0.0604,0.0638,0.0591,0.0622,83562884.5,2026-05-14 23:59:59.999,5128397.35239
2026-05-15,0.0622,0.0627,0.0577,0.0581,65085954.8,2026-05-15 23:59:59.999,3877832.94287
2026-05-16,0.0581,0.0584,0.0549,0.0563,55330951.2,2026-05-16 23:59:59.999,3113029.79823
2026-05-17,0.0564,0.0568,0.053,0.055,45686517.7,2026-05-17 23:59:59.999,2541263.00425
2026-05-18,0.055,0.0563,0.0542,0.0562,46625003.6,2026-05-18 23:59:59.999,2573227.86174
2026-05-19,0.0562,0.0566,0.055,0.0557,31499579.2,2026-05-19 23:59:59.999,1758536.92882
2026-05-20,0.0557,0.0566,0.0553,0.0559,33067134.4,2026-05-20 23:59:59.999,1851543.25874
2026-05-21,0.0559,0.0581,0.0556,0.0569,45026040.8,2026-05-21 23:59:59.999,2544404.07416
2026-05-22,0.0569,0.0589,0.0566,0.0578,70632962.9,2026-05-22 23:59:59.999,4086951.92921
2026-05-23,0.0578,0.0588,0.0548,0.0579,73881899.9,2026-05-23 23:59:59.999,4197066.03633
2026-05-24,0.058,0.0582,0.0552,0.0561,38895477.2,2026-05-24 23:59:59.999,2215294.90196
2026-05-25,0.0562,0.0588,0.0557,0.0574,36280201.2,2026-05-25 23:59:59.999,2085497.02526
2026-05-26,0.0573,0.0587,0.0561,0.0562,43902309.5,2026-05-26 23:59:59.999,2512070.20778
2026-05-27,0.0562,0.0568,0.0546,0.0553,46513278.5,2026-05-27 23:59:59.999,2594227.4517
2026-05-28,0.0552,0.0604,0.0534,0.0598,128781801.7,2026-05-28 23:59:59.999,7341505.70597
