open_time,open,high,low,close,volume,close_time,quote_asset_volume
2021-11-11,68.955,73.408,61.253,63.55,678017.3,2021-11-11 23:59:59.999,45041425.0436
2021-11-12,63.55,64.805,57.2,58.889,455525.3,2021-11-12 23:59:59.999,27480524.009
2021-11-13,58.911,75.785,58.911,68.096,2638218.4,2021-11-13 23:59:59.999,183971026.2818
2021-11-14,68.082,69.699,63.065,64.796,835479.2,2021-11-14 23:59:59.999,54376198.2663
2021-11-15,64.803,73.308,63.5,65.616,1348123.7,2021-11-15 23:59:59.999,92532015.2478
2021-11-16,65.604,68.778,58.614,61.142,1358423.1,2021-11-16 23:59:59.999,86070897.1512
2021-11-17,61.132,62.496,53.885,55.872,859277.0,2021-11-17 23:59:59.999,49428662.2614
2021-11-18,55.882,57.795,45.75,47.033,802788.9,2021-11-18 23:59:59.999,40967693.6031
2021-11-19,47.028,57.108,46.717,53.735,953561.0,2021-11-19 23:59:59.999,49398682.2517
2021-11-20,53.74,54.901,50.551,52.377,477764.1,2021-11-20 23:59:59.999,25343518.5336
2021-11-21,52.361,54.992,49.725,50.08,422603.3,2021-11-21 23:59:59.999,21939771.1658
2021-11-22,50.064,52.312,47.25,47.501,412130.5,2021-11-22 23:59:59.999,20434346.5449
2021-11-23,47.496,54.208,47.13,50.42,411541.6,2021-11-23 23:59:59.999,20682179.3787
2021-11-24,50.431,50.633,45.119,46.072,371879.0,2021-11-24 23:59:59.999,17687483.5625
2021-11-25,46.063,65.0,46.063,60.476,2538196.0,2021-11-25 23:59:59.999,147380977.5322
2021-11-26,60.476,70.56,53.245,54.928,2432962.3,2021-11-26 23:59:59.999,148065403.5795
2021-11-27,55.057,68.802,54.236,59.256,1401395.7,2021-11-27 23:59:59.999,87926509.8958
2021-11-28,59.301,59.467,51.0,58.081,715986.6,2021-11-28 23:59:59.999,39448832.0271
2021-11-29,58.101,58.391,54.0,55.051,474511.3,2021-11-29 23:59:59.999,26543972.6997
2021-11-30,55.061,56.199,51.042,52.142,480019.1,2021-11-30 23:59:59.999,25534939.7129
2021-12-01,52.162,57.45,51.942,55.896,686997.8,2021-12-01 23:59:59.999,37429157.1747
2021-12-02,55.89,60.1,52.364,53.307,1048419.4,2021-12-02 23:59:59.999,58012624.4104
2021-12-03,53.294,53.661,44.074,47.194,505468.2,2021-12-03 23:59:59.999,25311066.8422
2021-12-04,47.186,47.381,31.297,42.41,898443.1,2021-12-04 23:59:59.999,35509542.8842
2021-12-05,42.427,48.711,39.714,41.461,1680121.0,2021-12-05 23:59:59.999,74908828.5307
2021-12-06,41.471,43.917,37.551,43.188,653141.0,2021-12-06 23:59:59.999,26169943.7129
2021-12-07,43.214,44.046,40.708,41.281,457839.4,2021-12-07 23:59:59.999,19455908.8996
2021-12-08,41.282,41.639,39.041,41.498,490597.7,2021-12-08 23:59:59.999,19876735.9944
2021-12-09,41.499,42.206,37.201,37.715,471653.1,2021-12-09 23:59:59.999,18910170.9724
2021-12-10,37.69,39.647,35.368,35.56,309023.4,2021-12-10 23:59:59.999,11689083.2359
2021-12-11,35.583,38.6,34.954,38.304,569124.2,2021-12-11 23:59:59.999,21299958.2952
2021-12-12,38.367,39.382,37.13,38.667,432118.5,2021-12-12 23:59:59.999,16494101.5691
2021-12-13,38.673,39.7,32.006,32.582,611320.9,2021-12-13 23:59:59.999,21452521.4183
2021-12-14,32.575,33.932,31.555,33.284,672434.1,2021-12-14 23:59:59.999,22047789.9135
2021-12-15,33.249,35.582,31.027,35.243,529536.0,2021-12-15 23:59:59.999,17749511.826
2021-12-16,35.239,39.891,35.006,36.77,1465420.1,2021-12-16 23:59:59.999,55152314.9286
2021-12-17,36.749,38.391,34.297,36.095,560544.2,2021-12-17 23:59:59.999,20454042.4275
2021-12-18,36.075,37.206,35.309,36.365,215033.9,2021-12-18 23:59:59.999,7828355.8336
2021-12-19,36.374,37.862,34.98,35.062,385864.7,2021-12-19 23:59:59.999,14073184.6719
2021-12-20,35.062,35.221,32.324,34.036,413307.6,2021-12-20 23:59:59.999,13914130.4286
2021-12-21,34.055,37.452,33.702,36.538,351752.0,2021-12-21 23:59:59.999,12539192.6713
2021-12-22,36.537,41.934,36.537,41.312,645367.4,2021-12-22 23:59:59.999,25068925.8991
2021-12-23,41.306,46.25,40.081,44.475,1889885.3,2021-12-23 23:59:59.999,83552664.7479
2021-12-24,44.476,46.867,43.72,44.199,772692.0,2021-12-24 23:59:59.999,34995242.7314
2021-12-25,44.206,48.044,44.02,44.552,505996.6,2021-12-25 23:59:59.999,23232917.6842
2021-12-26,44.522,45.017,42.659,43.501,391895.4,2021-12-26 23:59:59.999,17040977.4048
2021-12-27,43.505,46.789,43.113,43.654,639844.7,2021-12-27 23:59:59.999,28976763.9155
2021-12-28,43.667,43.67,38.001,38.44,494276.6,2021-12-28 23:59:59.999,20101979.5295
2021-12-29,38.422,54.5,38.395,42.508,6601061.5,2021-12-29 23:59:59.999,291190539.2381
2021-12-30,42.496,42.587,39.351,40.178,1757620.2,2021-12-30 23:59:59.999,71155553.4092
2021-12-31,40.173,42.772,38.61,39.641,1078546.9,2021-12-31 23:59:59.999,43780513.9238
2022-01-01,39.634,41.87,39.607,41.086,745100.5,2022-01-01 23:59:59.999,30247707.1456
2022-01-02,41.094,41.263,39.791,40.646,696306.1,2022-01-02 23:59:59.999,28104507.1153
2022-01-03,40.635,42.8,40.0,41.903,683008.6,2022-01-03 23:59:59.999,28408647.8214
2022-01-04,41.893,46.021,40.7,42.845,746716.1,2022-01-04 23:59:59.999,32356450.5914
2022-01-05,42.823,51.65,39.63,42.455,4103727.6,2022-01-05 23:59:59.999,198459153.9424
2022-01-06,42.459,46.723,40.309,41.814,2298534.2,2022-01-06 23:59:59.999,99491248.963
2022-01-07,41.814,41.919,36.303,37.149,1132260.7,2022-01-07 23:59:59.999,43453485.0128
2022-01-08,37.185,38.564,33.754,34.986,710204.3,2022-01-08 23:59:59.999,25953632.0021
2022-01-09,34.991,38.124,34.649,37.044,515978.5,2022-01-09 23:59:59.999,18869868.5823
2022-01-10,37.05,37.43,32.164,33.339,675144.8,2022-01-10 23:59:59.999,23261901.429
2022-01-11,33.34,37.161,33.008,36.853,586307.9,2022-01-11 23:59:59.999,20521480.7409
2022-01-12,36.857,39.395,36.262,39.168,393367.1,2022-01-12 23:59:59.999,14872643.8473
2022-01-13,39.165,39.29,35.539,35.703,359470.2,2022-01-13 23:59:59.999,13580726.2061
2022-01-14,35.709,37.297,34.61,36.175,536375.7,2022-01-14 23:59:59.999,19151272.0038
2022-01-15,36.175,36.98,35.562,36.151,454074.8,2022-01-15 23:59:59.999,16391991.2705
2022-01-16,36.156,36.838,35.228,36.313,304269.1,2022-01-16 23:59:59.999,10991894.5304
2022-01-17,36.319,36.508,33.681,34.42,402126.6,2022-01-17 23:59:59.999,13950367.6896
2022-01-18,34.428,35.22,33.012,34.09,294831.8,2022-01-18 23:59:59.999,10008045.0222
2022-01-19,34.084,34.434,32.009,32.44,396388.9,2022-01-19 23:59:59.999,13098025.3489
2022-01-20,32.433,34.372,30.006,30.162,472758.4,2022-01-20 23:59:59.999,15513784.7252
2022-01-21,30.156,30.73,24.352,24.827,985653.3,2022-01-21 23:59:59.999,27267957.1792
2022-01-22,24.817,25.493,20.665,23.83,879774.9,2022-01-22 23:59:59.999,20568424.6927
2022-01-23,23.834,26.212,23.166,24.372,906880.4,2022-01-23 23:59:59.999,22244032.1583
2022-01-24,24.354,24.372,20.325,23.4,755055.7,2022-01-24 23:59:59.999,16743389.4658
2022-01-25,23.389,24.241,22.585,23.694,601107.2,2022-01-25 23:59:59.999,14081277.255
2022-01-26,23.707,26.655,23.454,24.037,523245.8,2022-01-26 23:59:59.999,13020892.5854
2022-01-27,24.053,25.633,22.65,24.335,461214.4,2022-01-27 23:59:59.999,11096757.2391
2022-01-28,24.341,25.96,24.07,25.779,581204.4,2022-01-28 23:59:59.999,14484728.9828
2022-01-29,25.778,27.408,25.656,27.044,428414.3,2022-01-29 23:59:59.999,11401110.6145
2022-01-30,27.059,27.543,25.502,26.251,333380.8,2022-01-30 23:59:59.999,8858045.6242
2022-01-31,26.253,27.848,24.863,26.963,518381.3,2022-01-31 23:59:59.999,13766375.3872
2022-02-01,26.97,27.613,26.34,26.613,395453.8,2022-02-01 23:59:59.999,10634642.1294
2022-02-02,26.599,28.419,26.094,26.531,728685.3,2022-02-02 23:59:59.999,19980836.1039
2022-02-03,26.525,27.306,24.91,25.456,648805.3,2022-02-03 23:59:59.999,16884938.7224
2022-02-04,25.471,29.887,25.042,29.672,903122.9,2022-02-04 23:59:59.999,24369493.8811
2022-02-05,29.669,30.697,28.588,29.703,771113.6,2022-02-05 23:59:59.999,23030100.7901
2022-02-06,29.699,31.358,28.983,31.281,566801.8,2022-02-06 23:59:59.999,16982280.5521
2022-02-07,31.284,32.389,30.211,31.903,572382.9,2022-02-07 23:59:59.999,17866640.7209
2022-02-08,31.902,33.767,29.056,30.702,553581.0,2022-02-08 23:59:59.999,17148783.7335
2022-02-09,30.706,34.627,29.924,33.845,1469434.3,2022-02-09 23:59:59.999,48588954.8981
2022-02-10,33.842,34.75,31.391,33.86,1200683.9,2022-02-10 23:59:59.999,40324790.3731
2022-02-11,33.884,36.35,29.352,29.913,1387585.2,2022-02-11 23:59:59.999,46842500.4019
2022-02-12,29.911,30.417,28.035,28.555,889427.7,2022-02-12 23:59:59.999,25885642.7353
2022-02-13,28.562,28.696,25.53,25.839,1274245.4,2022-02-13 23:59:59.999,34328343.5688
2022-02-14,25.849,27.117,25.181,26.408,1072796.6,2022-02-14 23:59:59.999,27936006.1319
2022-02-15,26.405,28.789,26.322,28.63,745782.1,2022-02-15 23:59:59.999,20734823.0181
2022-02-16,28.626,29.252,27.126,28.618,582100.2,2022-02-16 23:59:59.999,16546876.0081
2022-02-17,28.613,28.949,25.268,25.498,590657.0,2022-02-17 23:59:59.999,16061857.4741
2022-02-18,25.518,26.628,24.613,24.936,542199.2,2022-02-18 23:59:59.999,13878329.306
2022-02-19,24.926,25.847,23.977,25.375,415020.8,2022-02-19 23:59:59.999,10399274.8779
2022-02-20,25.369,25.435,23.253,23.671,407011.2,2022-02-20 23:59:59.999,9772699.8013
2022-02-21,23.678,25.296,21.779,21.853,656503.6,2022-02-21 23:59:59.999,15791972.065
2022-02-22,21.858,23.847,21.483,23.719,587574.3,2022-02-22 23:59:59.999,13477685.4807
2022-02-23,23.696,24.99,22.09,22.147,581543.8,2022-02-23 23:59:59.999,13840222.8386
2022-02-24,22.157,22.602,18.785,22.266,1155229.1,2022-02-24 23:59:59.999,23644717.7485
2022-02-25,22.267,25.44,22.228,25.224,1422236.8,2022-02-25 23:59:59.999,33901661.507
2022-02-26,25.216,25.988,24.153,24.401,664193.5,2022-02-26 23:59:59.999,16627001.1846
2022-02-27,24.401,25.684,23.124,23.974,510414.1,2022-02-27 23:59:59.999,12454136.9529
2022-02-28,23.971,26.367,23.566,26.326,513515.3,2022-02-28 23:59:59.999,12725875.0679
2022-03-01,26.321,28.499,25.665,27.247,788316.3,2022-03-01 23:59:59.999,21343592.8483
2022-03-02,27.261,27.378,25.639,26.537,475417.4,2022-03-02 23:59:59.999,12574351.157
2022-03-03,26.54,27.402,24.741,25.166,501574.0,2022-03-03 23:59:59.999,13207184.8435
2022-03-04,25.163,25.276,22.619,22.874,1004070.3,2022-03-04 23:59:59.999,24015274.231
2022-03-05,22.877,23.722,22.16,23.352,633835.0,2022-03-05 23:59:59.999,14654980.3239
2022-03-06,23.352,23.572,21.958,22.05,512866.0,2022-03-06 23:59:59.999,11628191.6262
2022-03-07,22.055,23.449,21.347,22.372,525765.8,2022-03-07 23:59:59.999,11751300.5327
2022-03-08,22.37,23.811,22.243,23.257,617648.9,2022-03-08 23:59:59.999,14332161.5212
2022-03-09,23.265,25.412,23.172,25.057,451127.7,2022-03-09 23:59:59.999,11063356.2355
2022-03-10,25.054,25.245,22.929,24.147,369065.4,2022-03-10 23:59:59.999,8820696.7875
2022-03-11,24.143,24.388,22.592,22.811,387407.8,2022-03-11 23:59:59.999,9102476.5892
2022-03-12,22.8,23.638,22.734,22.921,312888.5,2022-03-12 23:59:59.999,7235681.7859
2022-03-13,22.917,23.428,22.102,22.206,279695.5,2022-03-13 23:59:59.999,6412420.5512
2022-03-14,22.203,23.425,21.998,23.406,365892.8,2022-03-14 23:59:59.999,8330242.6786
2022-03-15,23.41,23.503,22.121,23.073,330134.6,2022-03-15 23:59:59.999,7514594.5648
2022-03-16,23.072,24.337,22.73,24.334,366336.7,2022-03-16 23:59:59.999,8571063.2677
2022-03-17,24.334,25.165,23.503,24.716,447958.1,2022-03-17 23:59:59.999,10920733.236
2022-03-18,24.699,25.888,24.03,25.662,500151.3,2022-03-18 23:59:59.999,12420140.993
2022-03-19,25.662,28.16,25.306,27.63,681976.2,2022-03-19 23:59:59.999,18462943.284
2022-03-20,27.616,28.011,25.666,26.281,379861.3,2022-03-20 23:59:59.999,10098268.9403
2022-03-21,26.292,27.71,25.522,26.725,522123.9,2022-03-21 23:59:59.999,13979758.2398
2022-03-22,26.72,29.32,26.613,28.025,857758.1,2022-03-22 23:59:59.999,24211327.2344
2022-03-23,28.032,28.813,27.067,28.456,622039.3,2022-03-23 23:59:59.999,17459461.4959
2022-03-24,28.455,29.04,27.768,27.966,504082.2,2022-03-24 23:59:59.999,14299932.5298
2022-03-25,27.976,28.669,27.147,27.769,321681.7,2022-03-25 23:59:59.999,9006521.0969
2022-03-26,27.775,28.289,26.936,27.408,347094.4,2022-03-26 23:59:59.999,9550589.0836
2022-03-27,27.413,29.506,27.0,29.148,475936.0,2022-03-27 23:59:59.999,13414648.4668
2022-03-28,29.147,30.998,27.512,28.792,879999.1,2022-03-28 23:59:59.999,26440709.7671
2022-03-29,28.79,30.425,28.579,29.367,476462.8,2022-03-29 23:59:59.999,14091057.5248
2022-03-30,29.363,30.998,28.236,30.706,439526.3,2022-03-30 23:59:59.999,13168604.2046
2022-03-31,30.698,32.215,27.35,27.781,768486.6,2022-03-31 23:59:59.999,22946809.3972
2022-04-01,27.78,29.185,26.325,28.857,758267.6,2022-04-01 23:59:59.999,21333544.5587
2022-04-02,28.849,31.0,28.652,29.305,602250.2,2022-04-02 23:59:59.999,18100441.1747
2022-04-03,29.309,29.961,28.402,29.601,386857.5,2022-04-03 23:59:59.999,11301861.0709
2022-04-04,29.626,29.629,26.48,27.928,439113.3,2022-04-04 23:59:59.999,12327329.0597
2022-04-05,27.94,28.455,27.169,27.343,323936.8,2022-04-05 23:59:59.999,9025844.4101
2022-04-06,27.35,27.38,23.847,24.083,592143.2,2022-04-06 23:59:59.999,15030445.0987
2022-04-07,24.077,25.416,23.409,25.29,392607.1,2022-04-07 23:59:59.999,9664157.4465
2022-04-08,25.281,25.573,23.69,23.887,425951.6,2022-04-08 23:59:59.999,10575255.363
2022-04-09,23.887,25.347,23.81,25.331,307514.9,2022-04-09 23:59:59.999,7594011.1413
2022-04-10,25.331,25.52,24.049,24.111,314902.2,2022-04-10 23:59:59.999,7853724.1673
2022-04-11,24.133,24.274,22.0,22.294,404556.0,2022-04-11 23:59:59.999,9366734.6495
2022-04-12,22.305,24.112,22.169,23.854,508481.8,2022-04-12 23:59:59.999,11903774.9556
2022-04-13,23.862,24.789,23.54,24.37,382167.9,2022-04-13 23:59:59.999,9223907.2721
2022-04-14,24.366,24.922,23.593,23.872,380805.7,2022-04-14 23:59:59.999,9264516.6085
2022-04-15,23.876,24.101,22.792,23.302,338130.7,2022-04-15 23:59:59.999,7913155.0256
2022-04-16,23.308,23.557,22.646,22.873,278310.8,2022-04-16 23:59:59.999,6431618.111
2022-04-17,22.87,23.31,22.11,22.18,289333.1,2022-04-17 23:59:59.999,6616663.8951
2022-04-18,22.169,23.421,21.405,23.357,496539.8,2022-04-18 23:59:59.999,11134361.2242
2022-04-19,23.357,24.073,22.967,24.062,257323.3,2022-04-19 23:59:59.999,6053162.4396
2022-04-20,24.07,24.237,22.92,23.373,282224.2,2022-04-20 23:59:59.999,6690420.7471
2022-04-21,23.373,29.0,23.352,25.702,4978802.5,2022-04-21 23:59:59.999,133779287.4043
2022-04-22,25.706,28.7,25.342,25.806,2560887.4,2022-04-22 23:59:59.999,67322190.6357
2022-04-23,25.807,26.701,25.364,26.255,1060939.5,2022-04-23 23:59:59.999,27613136.4381
2022-04-24,26.251,27.222,25.575,26.103,917710.0,2022-04-24 23:59:59.999,24272386.536
2022-04-25,26.1,26.719,24.603,26.344,924376.4,2022-04-25 23:59:59.999,23867354.6712
2022-04-26,26.338,26.95,23.142,23.461,872145.0,2022-04-26 23:59:59.999,22163389.6319
2022-04-27,23.459,24.877,23.421,24.67,482685.3,2022-04-27 23:59:59.999,11771294.7588
2022-04-28,24.67,25.284,24.231,24.391,484653.0,2022-04-28 23:59:59.999,12021351.8009
2022-04-29,24.398,24.701,22.941,23.41,432110.6,2022-04-29 23:59:59.999,10373006.2394
2022-04-30,23.411,23.993,21.776,21.966,521414.4,2022-04-30 23:59:59.999,12156463.6016
2022-05-01,21.948,23.87,21.714,23.026,877433.7,2022-05-01 23:59:59.999,20293628.2347
2022-05-02,23.014,23.495,21.501,22.024,806328.6,2022-05-02 23:59:59.999,18022827.3537
2022-05-03,22.034,25.163,21.473,21.783,1977409.4,2022-05-03 23:59:59.999,46080416.655
2022-05-04,21.782,23.981,21.679,23.979,890878.2,2022-05-04 23:59:59.999,20360968.4462
2022-05-05,23.979,24.117,20.933,21.518,739882.9,2022-05-05 23:59:59.999,16435693.1462
2022-05-06,21.513,22.043,20.738,21.764,747150.1,2022-05-06 23:59:59.999,16100266.5643
2022-05-07,21.762,22.4,20.43,21.737,816908.1,2022-05-07 23:59:59.999,17673549.6444
2022-05-08,21.751,22.567,19.854,20.244,1720831.5,2022-05-08 23:59:59.999,36558930.7228
2022-05-09,20.248,20.565,17.338,17.413,1230177.6,2022-05-09 23:59:59.999,23396581.3407
2022-05-10,17.405,19.525,17.005,17.629,1349918.9,2022-05-10 23:59:59.999,24793089.6508
2022-05-11,17.629,18.041,12.903,14.449,1622340.3,2022-05-11 23:59:59.999,26001367.2445
2022-05-12,14.456,15.357,11.55,14.165,1652018.1,2022-05-12 23:59:59.999,22342054.772
2022-05-13,14.165,16.532,14.051,14.71,842342.1,2022-05-13 23:59:59.999,12926783.9057
2022-05-14,14.705,15.519,14.066,14.971,551834.5,2022-05-14 23:59:59.999,8199496.6995
2022-05-15,14.972,15.88,14.013,15.794,554534.6,2022-05-15 23:59:59.999,8276173.5904
2022-05-16,15.79,15.791,14.169,14.565,566737.4,2022-05-16 23:59:59.999,8331062.4028
2022-05-17,14.576,15.734,14.439,15.229,610967.2,2022-05-17 23:59:59.999,9219602.1303
2022-05-18,15.22,15.536,13.208,13.666,748796.0,2022-05-18 23:59:59.999,10609849.4144
2022-05-19,13.67,14.58,13.309,14.341,952184.7,2022-05-19 23:59:59.999,13237179.6628
2022-05-20,14.354,15.779,13.963,15.556,2558304.4,2022-05-20 23:59:59.999,38124113.3896
2022-05-21,15.554,16.12,14.73,15.018,2303845.4,2022-05-21 23:59:59.999,35200631.8376
2022-05-22,15.02,15.914,14.538,15.362,1030690.2,2022-05-22 23:59:59.999,15617770.0484
2022-05-23,15.365,15.855,13.933,14.154,1087687.4,2022-05-23 23:59:59.999,16507152.9557
2022-05-24,14.159,14.695,13.049,13.584,1349656.9,2022-05-24 23:59:59.999,18605321.5406
2022-05-25,13.584,13.837,13.078,13.351,1230188.1,2022-05-25 23:59:59.999,16486703.6916
2022-05-26,13.351,13.779,11.556,12.128,1222514.6,2022-05-26 23:59:59.999,15321520.9175
2022-05-27,12.113,12.85,11.655,12.057,1268898.8,2022-05-27 23:59:59.999,15427522.0671
2022-05-28,12.063,12.405,11.754,12.242,662036.3,2022-05-28 23:59:59.999,8033104.1643
2022-05-29,12.245,12.85,11.717,12.692,626570.8,2022-05-29 23:59:59.999,7684085.9979
2022-05-30,12.692,13.592,12.6,13.503,1012219.9,2022-05-30 23:59:59.999,13292865.114
2022-05-31,13.506,13.761,12.487,12.859,1021648.1,2022-05-31 23:59:59.999,13440683.1207
2022-06-01,12.855,13.364,11.972,12.115,982469.1,2022-06-01 23:59:59.999,12483015.44
2022-06-02,12.123,12.379,11.748,12.247,1266839.8,2022-06-02 23:59:59.999,15245250.6398
2022-06-03,12.248,12.3,11.498,12.015,598039.5,2022-06-03 23:59:59.999,7128012.1618
2022-06-04,12.024,12.458,11.642,12.41,663592.6,2022-06-04 23:59:59.999,8024296.3854
2022-06-05,12.413,12.533,12.086,12.365,495001.0,2022-06-05 23:59:59.999,6098619.1313
2022-06-06,12.359,13.049,12.301,12.58,589505.8,2022-06-06 23:59:59.999,7483746.2173
2022-06-07,12.582,12.794,11.532,12.09,1264397.8,2022-06-07 23:59:59.999,15251128.1715
2022-06-08,12.096,13.119,11.744,12.311,1722061.9,2022-06-08 23:59:59.999,21455611.9237
2022-06-09,12.315,12.91,11.844,12.04,1214154.7,2022-06-09 23:59:59.999,15037495.5481
2022-06-10,12.04,12.299,11.024,11.219,1126532.7,2022-06-10 23:59:59.999,13165188.7109
2022-06-11,11.212,11.613,10.02,10.225,1499356.5,2022-06-11 23:59:59.999,16401605.4405
2022-06-12,10.228,10.302,9.287,9.35,954843.6,2022-06-12 23:59:59.999,9293506.0888
2022-06-13,9.35,9.581,7.62,8.401,1745319.7,2022-06-13 23:59:59.999,14553415.7226
2022-06-14,8.397,8.711,7.67,8.054,1321967.8,2022-06-14 23:59:59.999,10805195.846
2022-06-15,8.052,8.482,7.03,8.461,1637543.7,2022-06-15 23:59:59.999,12444718.1162
2022-06-16,8.46,8.564,6.993,7.147,1545146.7,2022-06-16 23:59:59.999,11663056.1995
2022-06-17,7.145,7.79,7.085,7.697,975141.9,2022-06-17 23:59:59.999,7377000.4467
2022-06-18,7.702,7.878,6.422,7.091,1229250.2,2022-06-18 23:59:59.999,8686838.926
2022-06-19,7.088,7.64,6.69,7.572,1248418.4,2022-06-19 23:59:59.999,8969378.3574
2022-06-20,7.572,8.25,7.152,8.061,1285992.7,2022-06-20 23:59:59.999,10001007.6009
2022-06-21,8.059,8.857,7.967,8.384,1478077.3,2022-06-21 23:59:59.999,12514378.099
2022-06-22,8.381,8.407,7.73,7.889,1284463.3,2022-06-22 23:59:59.999,10331462.7688
2022-06-23,7.89,8.694,7.879,8.625,1323012.3,2022-06-23 23:59:59.999,11062870.2862
2022-06-24,8.624,10.999,8.585,10.573,3687379.8,2022-06-24 23:59:59.999,37116173.4803
2022-06-25,10.571,10.63,9.138,9.613,3386238.9,2022-06-25 23:59:59.999,33647309.6839
2022-06-26,9.612,9.999,9.007,9.079,1293696.6,2022-06-26 23:59:59.999,12383988.1376
2022-06-27,9.085,9.862,8.935,9.408,1435454.7,2022-06-27 23:59:59.999,13635968.7738
2022-06-28,9.421,9.747,8.81,9.098,1341201.4,2022-06-28 23:59:59.999,12563040.1717
2022-06-29,9.098,10.768,9.047,10.34,5559811.8,2022-06-29 23:59:59.999,55692323.7154
2022-06-30,10.342,10.35,8.91,9.325,4607543.1,2022-06-30 23:59:59.999,43744563.3659
2022-07-01,9.323,9.689,8.307,8.38,4505317.5,2022-07-01 23:59:59.999,39456128.6749
2022-07-02,8.388,8.527,7.999,8.325,2468642.7,2022-07-02 23:59:59.999,20350115.1945
2022-07-03,8.325,8.374,8.03,8.203,1480299.2,2022-07-03 23:59:59.999,12134458.8128
2022-07-04,8.204,8.556,7.924,8.513,1911705.7,2022-07-04 23:59:59.999,15826705.1543
2022-07-05,8.514,8.623,7.958,8.322,1001479.5,2022-07-05 23:59:59.999,8284783.4382
2022-07-06,8.322,8.81,8.13,8.705,911926.6,2022-07-06 23:59:59.999,7754642.4573
2022-07-07,8.703,9.028,8.436,8.952,972510.0,2022-07-07 23:59:59.999,8434381.6127
2022-07-08,8.962,9.499,8.919,9.07,1979976.5,2022-07-08 23:59:59.999,18311300.3994
2022-07-09,9.067,9.62,9.044,9.469,751840.6,2022-07-09 23:59:59.999,7049073.7412
2022-07-10,9.464,9.516,8.796,9.155,698887.3,2022-07-10 23:59:59.999,6359445.3717
2022-07-11,9.159,9.185,8.201,8.204,806182.6,2022-07-11 23:59:59.999,7125502.7857
2022-07-12,8.204,8.267,7.718,7.743,1169493.1,2022-07-12 23:59:59.999,9408885.5317
2022-07-13,7.742,8.171,7.468,8.108,807936.1,2022-07-13 23:59:59.999,6354287.8246
2022-07-14,8.105,8.378,7.705,8.325,664671.2,2022-07-14 23:59:59.999,5318595.2449
2022-07-15,8.323,8.705,8.148,8.574,841528.3,2022-07-15 23:59:59.999,7098295.1072
2022-07-16,8.57,8.934,8.313,8.759,722190.1,2022-07-16 23:59:59.999,6210536.0818
2022-07-17,8.758,9.242,8.559,9.059,854931.3,2022-07-17 23:59:59.999,7658440.5198
2022-07-18,9.066,10.251,8.987,9.595,1888999.0,2022-07-18 23:59:59.999,18352155.6339
2022-07-19,9.588,10.121,9.105,9.726,1230716.7,2022-07-19 23:59:59.999,11800270.3521
2022-07-20,9.722,10.003,8.837,8.993,833249.9,2022-07-20 23:59:59.999,7991847.8054
2022-07-21,8.993,9.299,8.679,9.208,655046.6,2022-07-21 23:59:59.999,5908203.4673
2022-07-22,9.209,9.375,8.737,8.924,541823.7,2022-07-22 23:59:59.999,4957605.1453
2022-07-23,8.926,9.303,8.784,8.99,542085.2,2022-07-23 23:59:59.999,4903404.6567
2022-07-24,8.986,9.452,8.924,9.078,556247.1,2022-07-24 23:59:59.999,5113438.672
2022-07-25,9.072,9.196,8.371,8.425,589626.9,2022-07-25 23:59:59.999,5128930.2779
2022-07-26,8.423,8.427,7.934,8.262,549713.0,2022-07-26 23:59:59.999,4493751.2536
2022-07-27,8.263,8.82,8.084,8.769,614316.5,2022-07-27 23:59:59.999,5138057.9338
2022-07-28,8.766,16.175,8.692,11.969,15082954.5,2022-07-28 23:59:59.999,194400889.0522
2022-07-29,11.974,15.5,11.24,12.491,27580919.8,2022-07-29 23:59:59.999,370219808.1452
2022-07-30,12.489,13.447,11.55,11.627,5343341.6,2022-07-30 23:59:59.999,66877963.9748
2022-07-31,11.621,12.475,11.417,11.484,1883860.8,2022-07-31 23:59:59.999,22512619.0799
2022-08-01,11.485,11.969,10.93,11.199,1571589.0,2022-08-01 23:59:59.999,17886107.7362
2022-08-02,11.203,11.695,10.402,10.999,1420065.2,2022-08-02 23:59:59.999,15673523.699
2022-08-03,10.999,11.685,10.566,10.779,1376837.3,2022-08-03 23:59:59.999,15365160.0515
2022-08-04,10.78,12.413,10.745,11.058,2621604.2,2022-08-04 23:59:59.999,30047002.0876
2022-08-05,11.059,12.832,11.026,12.002,2999192.8,2022-08-05 23:59:59.999,36030402.703
2022-08-06,12.004,12.3,11.503,11.637,1217061.5,2022-08-06 23:59:59.999,14555497.397
2022-08-07,11.633,11.913,11.349,11.72,842305.8,2022-08-07 23:59:59.999,9852304.537
2022-08-08,11.721,12.093,11.414,11.704,1045938.1,2022-08-08 23:59:59.999,12365406.4796
2022-08-09,11.702,12.051,10.933,11.308,1243276.8,2022-08-09 23:59:59.999,14296455.1221
2022-08-10,11.307,12.625,10.972,12.145,1536841.8,2022-08-10 23:59:59.999,17998106.7246
2022-08-11,12.144,12.259,11.6,11.776,822184.9,2022-08-11 23:59:59.999,9842199.4481
2022-08-12,11.777,14.4,11.265,12.381,6919336.0,2022-08-12 23:59:59.999,90265803.6452
2022-08-13,12.382,12.543,11.955,12.192,1117434.7,2022-08-13 23:59:59.999,13730512.4612
2022-08-14,12.192,12.577,11.664,11.799,954989.9,2022-08-14 23:59:59.999,11594237.6303
2022-08-15,11.8,12.212,11.54,11.938,920644.2,2022-08-15 23:59:59.999,10914032.6954
2022-08-16,11.938,12.57,11.758,12.327,1692546.4,2022-08-16 23:59:59.999,20654259.6874
2022-08-17,12.326,12.76,11.142,11.356,1959486.1,2022-08-17 23:59:59.999,23533619.7328
2022-08-18,11.36,11.965,10.346,11.03,1882403.7,2022-08-18 23:59:59.999,21797345.0449
2022-08-19,11.03,11.067,9.568,9.803,2162305.1,2022-08-19 23:59:59.999,21922057.6324
2022-08-20,9.802,10.68,9.61,9.986,1848959.6,2022-08-20 23:59:59.999,18742370.0239
2022-08-21,9.981,10.508,9.923,10.357,858747.2,2022-08-21 23:59:59.999,8748227.2125
2022-08-22,10.357,10.386,9.671,10.085,1313406.2,2022-08-22 23:59:59.999,13110519.0776
2022-08-23,10.089,10.747,9.678,10.632,1415477.8,2022-08-23 23:59:59.999,14432590.8269
2022-08-24,10.64,11.43,10.354,11.123,1900243.8,2022-08-24 23:59:59.999,20637014.261
2022-08-25,11.126,11.845,10.97,11.353,2255215.9,2022-08-25 23:59:59.999,25754967.56
2022-08-26,11.355,12.14,10.406,10.533,2514763.0,2022-08-26 23:59:59.999,28681832.0211
2022-08-27,10.532,10.831,9.814,9.983,1073287.9,2022-08-27 23:59:59.999,11117288.1062
2022-08-28,9.992,10.123,9.409,9.509,1427549.2,2022-08-28 23:59:59.999,14166039.5624
2022-08-29,9.509,10.287,9.348,10.246,1017036.7,2022-08-29 23:59:59.999,9995881.1731
2022-08-30,10.247,10.589,9.711,10.095,942213.2,2022-08-30 23:59:59.999,9627106.987
2022-08-31,10.093,10.626,10.033,10.099,638596.0,2022-08-31 23:59:59.999,6611280.058
2022-09-01,10.099,10.407,9.649,10.071,755263.9,2022-09-01 23:59:59.999,7559235.5475
2022-09-02,10.078,10.45,9.837,10.169,635465.5,2022-09-02 23:59:59.999,6432798.195
2022-09-03,10.168,10.234,9.866,10.172,527012.6,2022-09-03 23:59:59.999,5301658.0888
2022-09-04,10.178,10.745,10.091,10.519,845633.0,2022-09-04 23:59:59.999,8811839.0641
2022-09-05,10.52,11.007,10.23,10.795,953358.4,2022-09-05 23:59:59.999,10109821.655
2022-09-06,10.793,10.949,9.44,9.451,1182942.2,2022-09-06 23:59:59.999,12140057.0195
2022-09-07,9.453,10.311,9.281,10.183,988057.1,2022-09-07 23:59:59.999,9598766.1879
2022-09-08,10.184,10.695,9.719,9.911,1255707.4,2022-09-08 23:59:59.999,12647804.1718
2022-09-09,9.918,10.813,9.889,10.706,1182298.7,2022-09-09 23:59:59.999,12294051.4848
2022-09-10,10.714,11.434,10.577,10.921,1633451.2,2022-09-10 23:59:59.999,18092180.3322
2022-09-11,10.916,11.37,10.807,11.215,1036056.5,2022-09-11 23:59:59.999,11566908.3803
2022-09-12,11.216,11.535,10.365,11.009,943252.9,2022-09-12 23:59:59.999,10425847.0302
2022-09-13,11.008,11.212,9.634,9.702,1221260.2,2022-09-13 23:59:59.999,12686614.1215
2022-09-14,9.703,10.02,9.536,9.964,890389.3,2022-09-14 23:59:59.999,8699147.6819
2022-09-15,9.963,9.995,9.21,9.272,1114968.0,2022-09-15 23:59:59.999,10673000.6215
2022-09-16,9.273,9.658,9.1,9.382,938821.9,2022-09-16 23:59:59.999,8842013.2226
2022-09-17,9.381,9.693,9.37,9.619,420446.8,2022-09-17 23:59:59.999,4011361.8278
2022-09-18,9.616,9.669,8.27,8.667,697972.4,2022-09-18 23:59:59.999,6403601.6738
2022-09-19,8.667,9.296,8.306,9.085,851424.7,2022-09-19 23:59:59.999,7557880.0349
2022-09-20,9.083,9.199,8.772,9.006,707095.9,2022-09-20 23:59:59.999,6365713.5783
2022-09-21,9.004,9.496,8.533,8.723,1021359.2,2022-09-21 23:59:59.999,9179166.8346
2022-09-22,8.72,9.64,8.703,9.459,887813.2,2022-09-22 23:59:59.999,8153578.2747
2022-09-23,9.459,9.695,8.948,9.555,883337.6,2022-09-23 23:59:59.999,8238125.066
2022-09-24,9.556,9.783,9.252,9.343,544384.1,2022-09-24 23:59:59.999,5218619.1163
2022-09-25,9.351,9.622,9.122,9.232,493710.7,2022-09-25 23:59:59.999,4636890.2451
2022-09-26,9.231,9.374,8.893,9.063,754204.9,2022-09-26 23:59:59.999,6858753.2548
2022-09-27,9.064,9.517,8.791,8.877,999503.2,2022-09-27 23:59:59.999,9208961.645
2022-09-28,8.877,8.966,8.535,8.856,701686.8,2022-09-28 23:59:59.999,6137447.3423
2022-09-29,8.857,9.089,8.758,9.022,888834.5,2022-09-29 23:59:59.999,7938442.9884
2022-09-30,9.022,9.216,8.936,9.013,933809.4,2022-09-30 23:59:59.999,8469542.1799
2022-10-01,9.012,9.11,8.925,9.013,377760.1,2022-10-01 23:59:59.999,3414482.7221
2022-10-02,9.012,9.077,8.681,8.728,411021.2,2022-10-02 23:59:59.999,3662247.026
2022-10-03,8.728,9.045,8.61,9.012,483494.0,2022-10-03 23:59:59.999,4273107.6703
2022-10-04,9.007,9.879,8.968,9.284,2675137.4,2022-10-04 23:59:59.999,25533995.7377
2022-10-05,9.285,9.307,8.927,9.237,1072855.7,2022-10-05 23:59:59.999,9784169.4346
2022-10-06,9.238,9.533,9.236,9.421,1932045.4,2022-10-06 23:59:59.999,18126927.174
2022-10-07,9.419,9.5,9.121,9.265,766314.1,2022-10-07 23:59:59.999,7145921.8683
2022-10-08,9.267,9.403,9.152,9.204,514938.3,2022-10-08 23:59:59.999,4792234.8262
2022-10-09,9.206,9.393,9.198,9.362,328072.6,2022-10-09 23:59:59.999,3050896.1551
2022-10-10,9.361,9.54,9.076,9.092,652832.6,2022-10-10 23:59:59.999,6100068.3821
2022-10-11,9.089,9.089,8.73,8.823,640466.5,2022-10-11 23:59:59.999,5707933.5261
2022-10-12,8.822,9.019,8.633,8.831,651724.3,2022-10-12 23:59:59.999,5791392.6274
2022-10-13,8.83,8.852,7.859,8.66,1360726.8,2022-10-13 23:59:59.999,11360353.526
2022-10-14,8.654,8.921,8.315,8.422,602660.4,2022-10-14 23:59:59.999,5227345.8706
2022-10-15,8.422,8.564,8.291,8.44,529013.7,2022-10-15 23:59:59.999,4468268.811
2022-10-16,8.44,8.777,8.407,8.682,437594.2,2022-10-16 23:59:59.999,3759123.1795
2022-10-17,8.686,8.966,8.606,8.872,657403.5,2022-10-17 23:59:59.999,5800892.7799
2022-10-18,8.877,9.0,8.503,8.682,753798.8,2022-10-18 23:59:59.999,6594448.0003
2022-10-19,8.683,8.722,8.288,8.383,614458.1,2022-10-19 23:59:59.999,5254868.3904
2022-10-20,8.384,8.888,8.29,8.804,1222077.2,2022-10-20 23:59:59.999,10621853.3598
2022-10-21,8.8,8.928,8.319,8.757,1623106.1,2022-10-21 23:59:59.999,14089192.3849
2022-10-22,8.758,8.984,8.639,8.799,688637.8,2022-10-22 23:59:59.999,6074577.4181
2022-10-23,8.798,9.078,8.713,8.95,798816.1,2022-10-23 23:59:59.999,7101417.622
2022-10-24,8.948,9.006,8.653,8.687,790332.4,2022-10-24 23:59:59.999,6933261.6237
2022-10-25,8.688,9.137,8.511,8.936,935538.0,2022-10-25 23:59:59.999,8250166.7344
2022-10-26,8.937,9.45,8.936,9.3,1376735.5,2022-10-26 23:59:59.999,12773250.7222
2022-10-27,9.299,9.573,8.955,9.004,1168216.6,2022-10-27 23:59:59.999,10809009.7094
2022-10-28,9.012,9.4,8.923,9.274,945244.0,2022-10-28 23:59:59.999,8676737.8848
2022-10-29,9.274,9.75,9.274,9.423,1317694.3,2022-10-29 23:59:59.999,12527158.7086
2022-10-30,9.424,9.782,9.136,9.327,882522.7,2022-10-30 23:59:59.999,8354150.8126
2022-10-31,9.327,9.655,9.105,9.344,964513.4,2022-10-31 23:59:59.999,9025491.6107
2022-11-01,9.343,9.684,9.331,9.403,648773.3,2022-11-01 23:59:59.999,6148140.4674
2022-11-02,9.404,9.538,8.88,9.147,1106736.7,2022-11-02 23:59:59.999,10257088.2661
2022-11-03,9.149,11.6,9.126,10.233,6254758.5,2022-11-03 23:59:59.999,65123420.2191
2022-11-04,10.237,10.756,10.061,10.628,1143762.3,2022-11-04 23:59:59.999,11923635.9817
2022-11-05,10.637,10.78,10.107,10.36,895828.4,2022-11-05 23:59:59.999,9364009.916
2022-11-06,10.351,11.131,9.757,9.798,2247748.8,2022-11-06 23:59:59.999,23523550.7763
2022-11-07,9.802,11.7,9.575,10.976,10262786.6,2022-11-07 23:59:59.999,114384632.1112
2022-11-08,10.974,11.027,7.152,8.602,8874199.0,2022-11-08 23:59:59.999,86774933.3692
2022-11-09,8.603,8.655,6.731,7.081,3804003.6,2022-11-09 23:59:59.999,29720851.0878
2022-11-10,7.089,8.554,6.969,8.033,2740348.7,2022-11-10 23:59:59.999,21505202.4753
2022-11-11,8.034,8.157,7.157,7.672,1538691.2,2022-11-11 23:59:59.999,11773155.2459
2022-11-12,7.678,7.692,6.653,6.81,1369586.5,2022-11-12 23:59:59.999,9611355.2269
2022-11-13,6.808,7.156,6.565,6.7,1349923.1,2022-11-13 23:59:59.999,9300487.3808
2022-11-14,6.697,7.013,6.316,6.945,1211598.2,2022-11-14 23:59:59.999,8124218.2059
2022-11-15,6.945,7.572,6.856,7.343,1179460.4,2022-11-15 23:59:59.999,8565944.1409
2022-11-16,7.346,7.44,6.878,7.135,924026.6,2022-11-16 23:59:59.999,6591239.9947
2022-11-17,7.137,7.314,7.034,7.286,1262470.1,2022-11-17 23:59:59.999,9134588.3606
2022-11-18,7.286,7.467,7.232,7.273,973614.3,2022-11-18 23:59:59.999,7170776.7506
2022-11-19,7.274,7.457,7.025,7.399,787424.6,2022-11-19 23:59:59.999,5707455.3473
2022-11-20,7.403,7.439,6.887,6.926,1059763.4,2022-11-20 23:59:59.999,7679405.2308
2022-11-21,6.921,7.119,6.68,6.945,1177437.4,2022-11-21 23:59:59.999,8124621.9527
2022-11-22,6.948,7.217,6.796,7.157,839003.0,2022-11-22 23:59:59.999,5903786.1598
2022-11-23,7.156,7.436,7.094,7.332,729120.7,2022-11-23 23:59:59.999,5302150.2628
2022-11-24,7.332,7.525,7.26,7.412,912464.5,2022-11-24 23:59:59.999,6739322.6291
2022-11-25,7.41,7.551,7.15,7.5,909501.2,2022-11-25 23:59:59.999,6706426.1454
2022-11-26,7.5,7.747,7.293,7.368,915909.8,2022-11-26 23:59:59.999,6883382.2928
2022-11-27,7.364,7.724,7.356,7.427,644108.3,2022-11-27 23:59:59.999,4868461.7375
2022-11-28,7.432,7.567,7.086,7.452,777924.2,2022-11-28 23:59:59.999,5721672.8936
2022-11-29,7.451,7.579,7.333,7.421,617178.3,2022-11-29 23:59:59.999,4603769.2562
2022-11-30,7.423,7.659,7.288,7.537,775528.4,2022-11-30 23:59:59.999,5818513.0437
2022-12-01,7.538,7.817,7.398,7.509,895531.9,2022-12-01 23:59:59.999,6768692.0154
2022-12-02,7.509,7.682,7.422,7.62,818534.1,2022-12-02 23:59:59.999,6204138.0243
2022-12-03,7.622,7.66,7.299,7.329,826310.9,2022-12-03 23:59:59.999,6208374.7529
2022-12-04,7.328,7.539,7.325,7.473,598152.5,2022-12-04 23:59:59.999,4438123.6896
2022-12-05,7.472,7.677,7.4,7.565,947803.3,2022-12-05 23:59:59.999,7162513.0614
2022-12-06,7.568,7.84,7.479,7.559,1171945.5,2022-12-06 23:59:59.999,8922605.707
2022-12-07,7.558,7.678,7.115,7.162,945940.7,2022-12-07 23:59:59.999,6927374.2143
2022-12-08,7.163,7.372,6.978,7.265,1425390.6,2022-12-08 23:59:59.999,10259939.5282
2022-12-09,7.265,7.322,7.159,7.235,772763.1,2022-12-09 23:59:59.999,5601460.7736
2022-12-10,7.234,7.397,7.203,7.306,962714.5,2022-12-10 23:59:59.999,7034373.2073
2022-12-11,7.303,7.328,7.006,7.03,584360.4,2022-12-11 23:59:59.999,4228561.0568
2022-12-12,7.027,7.05,6.726,6.814,756509.3,2022-12-12 23:59:59.999,5165829.0585
2022-12-13,6.814,6.839,6.544,6.696,1239970.1,2022-12-13 23:59:59.999,8274917.0157
2022-12-14,6.697,6.958,6.651,6.729,1234673.2,2022-12-14 23:59:59.999,8414723.4779
2022-12-15,6.732,6.761,6.448,6.476,774172.8,2022-12-15 23:59:59.999,5141084.201
2022-12-16,6.48,6.608,5.452,5.582,2017214.1,2022-12-16 23:59:59.999,12217328.4964
2022-12-17,5.581,5.803,5.559,5.772,879434.2,2022-12-17 23:59:59.999,4975161.1875
2022-12-18,5.771,5.829,5.66,5.692,505172.4,2022-12-18 23:59:59.999,2896120.8108
2022-12-19,5.692,5.777,5.295,5.394,939434.4,2022-12-19 23:59:59.999,5200755.6312
2022-12-20,5.391,5.771,5.367,5.701,1199248.1,2022-12-20 23:59:59.999,6801138.7831
2022-12-21,5.701,5.761,5.522,5.661,1015856.7,2022-12-21 23:59:59.999,5758260.5601
2022-12-22,5.66,5.705,5.458,5.675,829913.9,2022-12-22 23:59:59.999,4665021.0655
2022-12-23,5.675,5.707,5.538,5.627,723631.4,2022-12-23 23:59:59.999,4070677.1899
2022-12-24,5.627,5.632,5.495,5.616,632712.0,2022-12-24 23:59:59.999,3523020.6404
2022-12-25,5.615,5.675,5.521,5.631,827217.9,2022-12-25 23:59:59.999,4638709.5881
2022-12-26,5.632,5.646,5.365,5.431,1345084.5,2022-12-26 23:59:59.999,7358978.8681
2022-12-27,5.43,5.455,5.046,5.078,3259160.8,2022-12-27 23:59:59.999,17054337.4952
2022-12-28,5.078,5.098,4.606,4.677,4304684.4,2022-12-28 23:59:59.999,20744533.4805
2022-12-29,4.677,4.763,4.307,4.584,3347732.0,2022-12-29 23:59:59.999,15220483.7227
2022-12-30,4.583,4.742,4.3,4.431,5024333.2,2022-12-30 23:59:59.999,22670761.7428
2022-12-31,4.432,4.715,4.392,4.539,2261190.3,2022-12-31 23:59:59.999,10235697.8009
2023-01-01,4.536,4.614,4.465,4.581,1514856.4,2023-01-01 23:59:59.999,6869493.7619
2023-01-02,4.581,4.712,4.499,4.678,1684970.1,2023-01-02 23:59:59.999,7784673.4514
2023-01-03,4.677,4.794,4.626,4.698,1597619.3,2023-01-03 23:59:59.999,7541198.2962
2023-01-04,4.698,4.845,4.619,4.707,1798024.4,2023-01-04 23:59:59.999,8548987.7114
2023-01-05,4.708,4.776,4.447,4.493,3069561.0,2023-01-05 23:59:59.999,13998061.8549
2023-01-06,4.492,4.524,4.254,4.442,4297677.3,2023-01-06 23:59:59.999,18821725.7098
2023-01-07,4.442,4.591,4.413,4.538,3166278.2,2023-01-07 23:59:59.999,14301132.1162
2023-01-08,4.539,4.729,4.43,4.716,3279723.5,2023-01-08 23:59:59.999,14989988.8956
2023-01-09,4.715,5.007,4.704,4.883,3674527.3,2023-01-09 23:59:59.999,17915135.4841
2023-01-10,4.884,5.321,4.749,4.98,4802430.8,2023-01-10 23:59:59.999,24137795.2696
2023-01-11,4.98,5.063,4.774,5.023,2290820.6,2023-01-11 23:59:59.999,11226776.0131
2023-01-12,5.025,5.314,4.884,5.252,3381428.4,2023-01-12 23:59:59.999,17353274.667
2023-01-13,5.251,5.561,5.156,5.553,2512271.1,2023-01-13 23:59:59.999,13442328.935
2023-01-14,5.551,6.215,5.489,6.012,4146303.0,2023-01-14 23:59:59.999,24305726.7064
2023-01-15,6.014,6.162,5.745,6.049,2674911.8,2023-01-15 23:59:59.999,15964700.2191
2023-01-16,6.05,6.33,5.841,6.125,2197033.9,2023-01-16 23:59:59.999,13349849.548
2023-01-17,6.127,6.351,5.966,6.026,1795971.4,2023-01-17 23:59:59.999,11133190.7176
2023-01-18,6.027,6.258,5.353,5.401,2037857.5,2023-01-18 23:59:59.999,11929648.1465
2023-01-19,5.396,5.532,5.301,5.467,1668338.0,2023-01-19 23:59:59.999,9066763.3433
2023-01-20,5.468,6.48,5.431,6.383,2718113.5,2023-01-20 23:59:59.999,15992406.1649
2023-01-21,6.381,6.72,6.181,6.312,3054829.7,2023-01-21 23:59:59.999,19547989.5863
2023-01-22,6.314,6.92,6.279,6.584,2382818.1,2023-01-22 23:59:59.999,15651800.337
2023-01-23,6.578,6.846,6.501,6.7,1692990.0,2023-01-23 23:59:59.999,11303287.9663
2023-01-24,6.701,6.939,6.357,6.68,2267466.6,2023-01-24 23:59:59.999,15258350.8186
2023-01-25,6.679,8.761,6.26,7.48,19734508.5,2023-01-25 23:59:59.999,154284760.9808
2023-01-26,7.482,7.808,7.26,7.538,4562474.8,2023-01-26 23:59:59.999,34543343.564
2023-01-27,7.536,7.72,7.261,7.596,2738566.0,2023-01-27 23:59:59.999,20562301.6997
2023-01-28,7.595,7.776,7.276,7.351,1537292.4,2023-01-28 23:59:59.999,11576124.8595
2023-01-29,7.351,7.524,7.272,7.464,1275147.7,2023-01-29 23:59:59.999,9459300.7093
2023-01-30,7.466,7.58,6.81,7.139,2135762.9,2023-01-30 23:59:59.999,15369857.5378
2023-01-31,7.139,7.943,6.948,7.369,3857245.0,2023-01-31 23:59:59.999,28743103.0652
2023-02-01,7.368,7.612,6.858,7.535,2628303.3,2023-02-01 23:59:59.999,19094379.7505
2023-02-02,7.535,7.845,7.418,7.59,1811367.7,2023-02-02 23:59:59.999,13899171.2086
2023-02-03,7.589,8.722,7.418,8.393,7139965.5,2023-02-03 23:59:59.999,58250713.071
2023-02-04,8.391,8.693,8.321,8.564,2332448.3,2023-02-04 23:59:59.999,19819365.7733
2023-02-05,8.564,8.844,8.137,8.485,3523804.8,2023-02-05 23:59:59.999,30154324.9684
2023-02-06,8.49,9.221,8.489,8.91,3450481.5,2023-02-06 23:59:59.999,30515071.948
2023-02-07,8.907,11.45,8.792,10.357,8217926.2,2023-02-07 23:59:59.999,83744291.699
2023-02-08,10.352,10.583,9.821,10.23,2373986.7,2023-02-08 23:59:59.999,24149509.7386
2023-02-09,10.232,10.748,8.362,8.821,6441084.0,2023-02-09 23:59:59.999,64035519.8224
2023-02-10,8.824,9.325,8.41,8.987,3602934.5,2023-02-10 23:59:59.999,31482400.9762
2023-02-11,8.984,9.675,8.773,9.503,3303808.1,2023-02-11 23:59:59.999,30791607.2602
2023-02-12,9.503,9.521,8.909,9.036,1509039.4,2023-02-12 23:59:59.999,13907305.4274
2023-02-13,9.036,9.432,8.455,8.687,3707213.1,2023-02-13 23:59:59.999,32950184.8087
2023-02-14,8.687,9.409,8.682,9.139,2002615.1,2023-02-14 23:59:59.999,18006035.4882
2023-02-15,9.135,9.572,8.775,9.529,2766677.9,2023-02-15 23:59:59.999,25225257.1562
2023-02-16,9.527,9.892,9.047,9.113,2427078.3,2023-02-16 23:59:59.999,23299016.8937
2023-02-17,9.111,9.666,8.932,9.08,1944228.8,2023-02-17 23:59:59.999,18014315.8589
2023-02-18,9.079,9.4,8.861,9.055,1732243.1,2023-02-18 23:59:59.999,15805314.0534
2023-02-19,9.051,9.31,8.698,8.909,1776509.1,2023-02-19 23:59:59.999,16067534.4653
2023-02-20,8.908,9.294,8.73,9.063,1544831.5,2023-02-20 23:59:59.999,14085662.1173
2023-02-21,9.066,9.283,8.416,8.655,1946928.2,2023-02-21 23:59:59.999,17169821.5713
2023-02-22,8.655,8.78,8.104,8.399,1689859.0,2023-02-22 23:59:59.999,14101897.5115
2023-02-23,8.397,8.674,8.117,8.286,1338505.8,2023-02-23 23:59:59.999,11266253.419
2023-02-24,8.287,8.465,7.473,7.649,1662969.1,2023-02-24 23:59:59.999,13299564.3379
2023-02-25,7.649,7.723,7.113,7.528,1996665.7,2023-02-25 23:59:59.999,14895474.8863
2023-02-26,7.529,7.866,7.458,7.776,929866.7,2023-02-26 23:59:59.999,7088823.9383
2023-02-27,7.773,7.928,7.362,7.612,1292627.3,2023-02-27 23:59:59.999,9912508.7021
2023-02-28,7.615,7.658,7.021,7.039,2849738.2,2023-02-28 23:59:59.999,21137567.3275
2023-03-01,7.038,7.366,6.843,7.216,2775663.1,2023-03-01 23:59:59.999,19817173.9368
2023-03-02,7.215,7.296,6.77,6.985,1995358.0,2023-03-02 23:59:59.999,14034385.7244
2023-03-03,6.985,7.002,5.899,6.407,2924963.2,2023-03-03 23:59:59.999,18807295.2629
2023-03-04,6.407,6.472,5.839,6.01,1795042.7,2023-03-04 23:59:59.999,11076386.2633
2023-03-05,6.01,6.293,5.876,5.917,1669046.3,2023-03-05 23:59:59.999,10191539.1322
2023-03-06,5.918,6.206,5.821,6.173,2252899.3,2023-03-06 23:59:59.999,13595933.9088
2023-03-07,6.173,6.234,5.76,6.0,1765855.2,2023-03-07 23:59:59.999,10605750.0938
2023-03-08,6.0,6.022,5.523,5.643,2036845.5,2023-03-08 23:59:59.999,11814324.4674
2023-03-09,5.643,5.857,5.23,5.42,2393318.2,2023-03-09 23:59:59.999,13382320.1765
2023-03-10,5.42,5.421,5.003,5.286,2320019.8,2023-03-10 23:59:59.999,12201930.9967
2023-03-11,5.288,5.451,4.754,4.975,2312933.9,2023-03-11 23:59:59.999,11681695.928
2023-03-12,4.976,5.552,4.845,5.537,2400542.8,2023-03-12 23:59:59.999,12208108.0165
2023-03-13,5.538,5.771,5.275,5.696,3124970.8,2023-03-13 23:59:59.999,17418271.3991
2023-03-14,5.699,6.31,5.48,6.134,4011117.3,2023-03-14 23:59:59.999,23666149.3599
2023-03-15,6.134,6.297,5.544,5.649,2960728.1,2023-03-15 23:59:59.999,17639258.3717
2023-03-16,5.648,5.75,5.473,5.719,2263657.2,2023-03-16 23:59:59.999,12745661.4966
2023-03-17,5.718,6.427,5.625,6.333,4618212.0,2023-03-17 23:59:59.999,28399435.7833
2023-03-18,6.333,6.539,6.066,6.112,2278025.2,2023-03-18 23:59:59.999,14405841.808
2023-03-19,6.111,6.522,6.033,6.337,1572599.3,2023-03-19 23:59:59.999,9846558.51
2023-03-20,6.337,6.611,6.08,6.283,3428157.3,2023-03-20 23:59:59.999,21771653.0083
2023-03-21,6.282,6.706,6.065,6.593,4641344.7,2023-03-21 23:59:59.999,29621712.1101
2023-03-22,6.593,6.645,5.94,6.121,2572179.7,2023-03-22 23:59:59.999,16346311.6845
2023-03-23,6.123,7.35,6.051,7.3,7133917.3,2023-03-23 23:59:59.999,48784332.9235
2023-03-24,7.301,7.302,6.611,6.81,3857762.1,2023-03-24 23:59:59.999,26635609.4255
2023-03-25,6.811,6.873,6.563,6.834,1921576.6,2023-03-25 23:59:59.999,12949342.6056
2023-03-26,6.835,7.189,6.724,7.039,3885626.1,2023-03-26 23:59:59.999,27140582.913
2023-03-27,7.04,7.116,6.287,6.399,3685102.2,2023-03-27 23:59:59.999,24661055.5944
2023-03-28,6.4,6.753,6.172,6.71,2861571.6,2023-03-28 23:59:59.999,18183999.6284
2023-03-29,6.71,7.1,6.678,6.932,2213728.4,2023-03-29 23:59:59.999,15274215.5428
2023-03-30,6.933,7.052,6.721,6.809,1594056.5,2023-03-30 23:59:59.999,10981669.9235
2023-03-31,6.81,7.057,6.676,6.98,1251144.2,2023-03-31 23:59:59.999,8596233.2669
2023-04-01,6.982,7.291,6.937,7.003,1570664.3,2023-04-01 23:59:59.999,11120205.3881
2023-04-02,7.002,7.125,6.737,6.898,1410182.7,2023-04-02 23:59:59.999,9783690.5128
2023-04-03,6.9,7.062,6.601,6.979,1721454.5,2023-04-03 23:59:59.999,11726348.1722
2023-04-04,6.978,7.094,6.88,7.022,1399652.5,2023-04-04 23:59:59.999,9784290.748
2023-04-05,7.024,7.299,6.959,7.127,1188564.2,2023-04-05 23:59:59.999,8495862.4496
2023-04-06,7.126,7.136,6.791,7.006,1140759.2,2023-04-06 23:59:59.999,7916180.2082
2023-04-07,7.007,7.099,6.84,6.975,1156861.5,2023-04-07 23:59:59.999,8043185.9751
2023-04-08,6.976,7.079,6.814,6.99,845361.5,2023-04-08 23:59:59.999,5901446.2097
2023-04-09,6.99,7.176,6.832,7.103,1108341.9,2023-04-09 23:59:59.999,7742862.2728
2023-04-10,7.103,7.307,6.964,7.276,1025482.2,2023-04-10 23:59:59.999,7299839.6543
2023-04-11,7.276,7.281,6.764,6.809,1844828.7,2023-04-11 23:59:59.999,12954585.7387
2023-04-12,6.809,6.859,6.395,6.465,3697679.8,2023-04-12 23:59:59.999,24228575.9976
2023-04-13,6.466,6.547,6.215,6.413,3626430.5,2023-04-13 23:59:59.999,23128363.9913
2023-04-14,6.413,6.644,6.274,6.558,3139272.2,2023-04-14 23:59:59.999,20424119.8229
2023-04-15,6.557,6.588,6.402,6.551,1481225.4,2023-04-15 23:59:59.999,9610748.208
2023-04-16,6.55,6.747,6.387,6.696,2186809.5,2023-04-16 23:59:59.999,14511432.5064
2023-04-17,6.696,6.747,6.332,6.482,2383955.1,2023-04-17 23:59:59.999,15490271.8974
2023-04-18,6.484,6.613,6.348,6.59,1367367.0,2023-04-18 23:59:59.999,8939051.5529
2023-04-19,6.591,6.627,5.757,5.919,2278838.4,2023-04-19 23:59:59.999,13943965.2315
2023-04-20,5.918,6.008,5.66,5.836,1835842.7,2023-04-20 23:59:59.999,10797348.6363
2023-04-21,5.837,5.96,5.454,5.533,1846958.7,2023-04-21 23:59:59.999,10638331.0021
2023-04-22,5.534,5.738,5.438,5.734,1062114.2,2023-04-22 23:59:59.999,5916656.5384
2023-04-23,5.735,5.759,5.466,5.647,1137044.6,2023-04-23 23:59:59.999,6420535.5654
2023-04-24,5.646,5.772,5.529,5.652,1524371.8,2023-04-24 23:59:59.999,8598801.1943
2023-04-25,5.654,5.731,5.369,5.688,1489421.5,2023-04-25 23:59:59.999,8242403.073
2023-04-26,5.688,6.006,5.312,5.602,3011990.8,2023-04-26 23:59:59.999,17285827.9562
2023-04-27,5.601,5.819,5.512,5.736,2616059.7,2023-04-27 23:59:59.999,14896216.0947
2023-04-28,5.735,5.759,5.527,5.604,1435826.8,2023-04-28 23:59:59.999,8082635.4858
2023-04-29,5.603,5.718,5.535,5.672,1074469.8,2023-04-29 23:59:59.999,6072708.4289
2023-04-30,5.673,5.687,5.475,5.501,1395436.3,2023-04-30 23:59:59.999,7820593.4245
2023-05-01,5.501,5.553,5.226,5.309,1443956.2,2023-05-01 23:59:59.999,7774505.3897
2023-05-02,5.309,5.44,5.261,5.416,1343237.4,2023-05-02 23:59:59.999,7181898.5691
2023-05-03,5.415,5.572,5.25,5.526,1556842.6,2023-05-03 23:59:59.999,8353660.8181
2023-05-04,5.526,5.552,5.397,5.487,1037249.5,2023-05-04 23:59:59.999,5678121.7395
2023-05-05,5.486,5.594,5.382,5.575,1218794.2,2023-05-05 23:59:59.999,6711074.3156
2023-05-06,5.574,5.606,5.205,5.259,1691604.4,2023-05-06 23:59:59.999,9142992.8702
2023-05-07,5.26,5.295,5.125,5.149,1095077.8,2023-05-07 23:59:59.999,5680506.9869
2023-05-08,5.149,5.2,4.435,4.642,2168643.1,2023-05-08 23:59:59.999,10423971.0449
2023-05-09,4.642,4.825,4.621,4.816,1149907.9,2023-05-09 23:59:59.999,5434768.8286
2023-05-10,4.816,4.982,4.627,4.916,2090673.0,2023-05-10 23:59:59.999,10090189.426
2023-05-11,4.915,4.916,4.583,4.721,1324727.5,2023-05-11 23:59:59.999,6289942.5185
2023-05-12,4.721,4.838,4.546,4.831,1239081.3,2023-05-12 23:59:59.999,5806837.8655
2023-05-13,4.832,4.846,4.649,4.694,863422.3,2023-05-13 23:59:59.999,4075731.4327
2023-05-14,4.693,4.693,4.441,4.468,2206563.6,2023-05-14 23:59:59.999,10055155.5947
2023-05-15,4.468,4.74,4.376,4.645,2702456.5,2023-05-15 23:59:59.999,12415790.8551
2023-05-16,4.646,4.715,4.557,4.684,1820612.6,2023-05-16 23:59:59.999,8453582.2703
2023-05-17,4.683,5.023,4.646,5.005,2439633.1,2023-05-17 23:59:59.999,11702764.0023
2023-05-18,5.006,5.02,4.77,4.979,2072438.5,2023-05-18 23:59:59.999,10232332.01
2023-05-19,4.981,5.089,4.938,5.036,1978655.8,2023-05-19 23:59:59.999,9932812.6537
2023-05-20,5.035,5.148,4.96,5.038,1756746.7,2023-05-20 23:59:59.999,8898230.6564
2023-05-21,5.038,5.044,4.745,4.799,1722253.5,2023-05-21 23:59:59.999,8409552.0297
2023-05-22,4.8,4.924,4.691,4.915,1590226.7,2023-05-22 23:59:59.999,7698195.6445
2023-05-23,4.914,5.184,4.877,5.131,1885855.3,2023-05-23 23:59:59.999,9540141.7299
2023-05-24,5.131,5.218,4.95,5.117,2586093.4,2023-05-24 23:59:59.999,13180167.0155
2023-05-25,5.118,5.166,5.018,5.042,1388850.2,2023-05-25 23:59:59.999,7071962.2951
2023-05-26,5.045,5.103,4.904,4.918,1428087.7,2023-05-26 23:59:59.999,7155939.753
2023-05-27,4.918,4.953,4.812,4.826,1559668.0,2023-05-27 23:59:59.999,7633322.9423
2023-05-28,4.827,5.441,4.78,5.115,2929734.1,2023-05-28 23:59:59.999,14682144.8791
2023-05-29,5.116,5.13,4.97,5.047,1682491.3,2023-05-29 23:59:59.999,8498848.7603
2023-05-30,5.048,5.119,4.991,5.071,823040.5,2023-05-30 23:59:59.999,4168177.4993
2023-05-31,5.069,5.099,4.84,4.955,1000193.1,2023-05-31 23:59:59.999,4955582.9395
2023-06-01,4.956,5.135,4.883,5.029,1117443.2,2023-06-01 23:59:59.999,5627014.3449
2023-06-02,5.031,5.257,4.94,5.217,1012710.1,2023-06-02 23:59:59.999,5188634.7613
2023-06-03,5.216,5.306,5.166,5.21,714006.5,2023-06-03 23:59:59.999,3746723.8466
2023-06-04,5.211,5.263,5.1,5.108,640081.9,2023-06-04 23:59:59.999,3322800.1474
2023-06-05,5.108,5.117,4.1,4.546,1983587.6,2023-06-05 23:59:59.999,9319716.0018
2023-06-06,4.548,5.36,4.452,5.248,3674428.8,2023-06-06 23:59:59.999,18255224.6064
2023-06-07,5.25,5.58,4.672,4.763,24321530.3,2023-06-07 23:59:59.999,127479539.4769
2023-06-08,4.763,4.838,4.63,4.682,4653536.1,2023-06-08 23:59:59.999,21944066.955
2023-06-09,4.683,4.735,4.563,4.614,2334354.9,2023-06-09 23:59:59.999,10868730.6293
2023-06-10,4.615,4.623,3.151,3.753,6841690.8,2023-06-10 23:59:59.999,26128361.5288
2023-06-11,3.753,3.852,3.67,3.736,2090285.3,2023-06-11 23:59:59.999,7869403.019
2023-06-12,3.737,3.839,3.612,3.818,2191811.7,2023-06-12 23:59:59.999,8191111.5864
2023-06-13,3.817,3.939,3.786,3.878,1673740.7,2023-06-13 23:59:59.999,6446329.2463
2023-06-14,3.879,3.964,3.651,3.788,1766992.3,2023-06-14 23:59:59.999,6771702.1402
2023-06-15,3.788,3.908,3.749,3.88,1780142.7,2023-06-15 23:59:59.999,6798504.776
2023-06-16,3.88,3.97,3.792,3.889,1316301.5,2023-06-16 23:59:59.999,5101633.238
2023-06-17,3.89,4.05,3.857,3.968,1259732.8,2023-06-17 23:59:59.999,4997118.7091
2023-06-18,3.968,3.988,3.82,3.874,1209314.8,2023-06-18 23:59:59.999,4759203.333
2023-06-19,3.875,3.986,3.839,3.943,1610191.7,2023-06-19 23:59:59.999,6319055.508
2023-06-20,3.943,4.159,3.877,4.151,1679167.2,2023-06-20 23:59:59.999,6714446.4164
2023-06-21,4.153,4.385,4.137,4.362,1821522.6,2023-06-21 23:59:59.999,7745510.6684
2023-06-22,4.363,4.513,4.244,4.356,2002122.6,2023-06-22 23:59:59.999,8784390.8557
2023-06-23,4.356,4.411,4.121,4.288,3186477.0,2023-06-23 23:59:59.999,13654621.3614
2023-06-24,4.289,4.351,4.136,4.304,1676818.7,2023-06-24 23:59:59.999,7157299.1735
2023-06-25,4.305,4.506,4.284,4.422,1484893.3,2023-06-25 23:59:59.999,6550516.4735
2023-06-26,4.423,4.49,4.227,4.289,1915852.8,2023-06-26 23:59:59.999,8352572.8039
2023-06-27,4.29,4.554,4.269,4.461,1720767.5,2023-06-27 23:59:59.999,7615519.4939
2023-06-28,4.462,4.466,4.04,4.159,2110125.2,2023-06-28 23:59:59.999,8944269.9985
2023-06-29,4.16,4.228,4.116,4.148,1533240.7,2023-06-29 23:59:59.999,6387059.0193
2023-06-30,4.149,5.012,4.043,4.804,11632822.9,2023-06-30 23:59:59.999,53704197.573
2023-07-01,4.804,4.869,4.566,4.737,3005709.8,2023-07-01 23:59:59.999,14074900.6713
2023-07-02,4.737,4.769,4.563,4.755,1855465.6,2023-07-02 23:59:59.999,8678184.2747
2023-07-03,4.755,5.052,4.752,4.808,3283484.4,2023-07-03 23:59:59.999,15961167.365
2023-07-04,4.808,4.816,4.625,4.674,1228416.2,2023-07-04 23:59:59.999,5811547.4931
2023-07-05,4.675,4.82,4.525,4.596,1774813.6,2023-07-05 23:59:59.999,8251882.454
2023-07-06,4.596,4.799,4.401,4.42,1659730.5,2023-07-06 23:59:59.999,7626388.8242
2023-07-07,4.418,4.476,4.343,4.435,1112415.0,2023-07-07 23:59:59.999,4916603.8975
2023-07-08,4.436,4.464,4.254,4.331,1362672.1,2023-07-08 23:59:59.999,5917570.775
2023-07-09,4.331,4.381,4.265,4.274,1039021.2,2023-07-09 23:59:59.999,4503758.8251
2023-07-10,4.273,4.408,4.115,4.349,1985517.4,2023-07-10 23:59:59.999,8486297.2251
2023-07-11,4.35,4.377,4.271,4.344,895176.6,2023-07-11 23:59:59.999,3875309.689
2023-07-12,4.343,4.422,4.23,4.302,1167655.5,2023-07-12 23:59:59.999,5061079.9457
2023-07-13,4.302,4.842,4.243,4.793,1962047.9,2023-07-13 23:59:59.999,8964082.2469
2023-07-14,4.796,4.902,4.473,4.668,2083442.4,2023-07-14 23:59:59.999,9835498.4279
2023-07-15,4.669,4.734,4.587,4.638,723163.4,2023-07-15 23:59:59.999,3366226.6201
2023-07-16,4.638,4.658,4.414,4.44,859341.5,2023-07-16 23:59:59.999,3896045.2414
2023-07-17,4.441,4.529,4.322,4.448,1396902.8,2023-07-17 23:59:59.999,6199483.0233
2023-07-18,4.449,4.472,4.135,4.163,1758575.8,2023-07-18 23:59:59.999,7479158.8299
2023-07-19,4.164,4.229,3.95,3.989,3681800.9,2023-07-19 23:59:59.999,14955135.9437
2023-07-20,3.989,4.101,3.942,4.027,3191147.6,2023-07-20 23:59:59.999,12819897.0618
2023-07-21,4.028,4.096,3.979,4.057,1617603.9,2023-07-21 23:59:59.999,6544343.9188
2023-07-22,4.057,4.124,3.988,4.037,1422978.7,2023-07-22 23:59:59.999,5777267.1044
2023-07-23,4.038,4.227,3.995,4.166,1699694.8,2023-07-23 23:59:59.999,7045948.5054
2023-07-24,4.166,4.183,3.922,3.998,2522169.1,2023-07-24 23:59:59.999,10274974.4648
2023-07-25,3.998,4.06,3.925,4.005,1470994.1,2023-07-25 23:59:59.999,5856632.533
2023-07-26,4.006,4.157,3.901,4.124,1410597.8,2023-07-26 23:59:59.999,5709280.8462
2023-07-27,4.125,4.263,4.077,4.209,1380332.4,2023-07-27 23:59:59.999,5778041.6025
2023-07-28,4.208,4.236,4.14,4.178,1299174.1,2023-07-28 23:59:59.999,5449650.8169
2023-07-29,4.178,4.24,4.051,4.2,1391857.9,2023-07-29 23:59:59.999,5758656.8901
2023-07-30,4.2,4.241,3.919,4.042,1654372.9,2023-07-30 23:59:59.999,6752585.2838
2023-07-31,4.042,4.135,3.974,4.007,1316527.7,2023-07-31 23:59:59.999,5334693.2408
2023-08-01,4.008,4.099,3.843,4.098,979191.6,2023-08-01 23:59:59.999,3907185.266
2023-08-02,4.098,4.154,3.826,3.96,1554436.6,2023-08-02 23:59:59.999,6188818.2654
2023-08-03,3.96,4.004,3.849,3.925,1440666.1,2023-08-03 23:59:59.999,5679289.4546
2023-08-04,3.925,3.967,3.851,3.894,1117210.6,2023-08-04 23:59:59.999,4370979.2715
2023-08-05,3.892,3.969,3.824,3.943,858858.1,2023-08-05 23:59:59.999,3345950.5386
2023-08-06,3.941,4.134,3.937,4.096,1543017.5,2023-08-06 23:59:59.999,6266869.7635
2023-08-07,4.096,5.44,4.082,5.36,158590437.3,2023-08-07 23:59:59.999,806417921.8331
2023-08-08,5.356,5.69,4.656,4.733,113876863.6,2023-08-08 23:59:59.999,583219540.5516
2023-08-09,4.734,4.916,4.538,4.695,30037922.7,2023-08-09 23:59:59.999,141958914.9771
2023-08-10,4.695,4.924,4.523,4.669,18361803.3,2023-08-10 23:59:59.999,85764797.9537
2023-08-11,4.669,6.438,4.622,6.185,211456807.4,2023-08-11 23:59:59.999,1236469336.4135
2023-08-12,6.184,7.962,5.789,7.622,172881421.7,2023-08-12 23:59:59.999,1123122262.1542
2023-08-13,7.624,9.13,6.757,7.127,292275844.4,2023-08-13 23:59:59.999,2277414843.3518
2023-08-14,7.125,7.766,6.374,7.34,179567594.6,2023-08-14 23:59:59.999,1286528954.3212
2023-08-15,7.339,7.577,6.425,6.807,83998616.4,2023-08-15 23:59:59.999,594553510.386
2023-08-16,6.808,7.164,6.216,6.533,67256528.0,2023-08-16 23:59:59.999,451605619.5346
2023-08-17,6.533,6.998,6.02,6.637,61182871.3,2023-08-17 23:59:59.999,409690760.6214
2023-08-18,6.637,6.638,5.818,6.332,42770018.7,2023-08-18 23:59:59.999,265286992.664
2023-08-19,6.331,7.378,6.154,6.35,49565216.3,2023-08-19 23:59:59.999,328015314.159
2023-08-20,6.352,6.432,6.009,6.175,20388197.9,2023-08-20 23:59:59.999,127126091.6351
2023-08-21,6.174,6.377,5.87,6.034,22172830.2,2023-08-21 23:59:59.999,135604518.1677
2023-08-22,6.034,6.169,5.567,5.803,24154116.6,2023-08-22 23:59:59.999,139922787.8655
2023-08-23,5.803,6.69,5.785,6.369,57164784.8,2023-08-23 23:59:59.999,364360575.6374
2023-08-24,6.369,7.219,6.36,6.807,76472594.9,2023-08-24 23:59:59.999,525016821.0016
2023-08-25,6.806,6.932,6.442,6.6,39894211.0,2023-08-25 23:59:59.999,266139090.7678
2023-08-26,6.598,7.248,6.446,6.989,43356280.1,2023-08-26 23:59:59.999,303339041.6619
2023-08-27,6.989,7.93,6.945,7.888,78413658.6,2023-08-27 23:59:59.999,587592775.2119
2023-08-28,7.89,7.902,6.912,7.19,45208178.5,2023-08-28 23:59:59.999,331195375.8217
2023-08-29,7.189,7.48,6.836,7.175,35646848.0,2023-08-29 23:59:59.999,254191954.9777
2023-08-30,7.175,7.749,6.96,7.461,26393709.2,2023-08-30 23:59:59.999,195222252.7407
2023-08-31,7.461,7.548,6.853,6.908,18392735.5,2023-08-31 23:59:59.999,132319072.2515
2023-09-01,6.908,7.28,6.898,7.16,13055455.8,2023-09-01 23:59:59.999,92852570.1796
2023-09-02,7.16,7.351,6.624,6.808,13752676.1,2023-09-02 23:59:59.999,96586209.9387
2023-09-03,6.808,6.917,6.562,6.795,9661602.0,2023-09-03 23:59:59.999,64873928.4508
2023-09-04,6.795,7.88,6.754,7.828,63366453.3,2023-09-04 23:59:59.999,478996142.5965
2023-09-05,7.826,7.897,7.214,7.437,27987643.6,2023-09-05 23:59:59.999,210282604.3155
2023-09-06,7.436,7.455,6.98,7.269,12703534.6,2023-09-06 23:59:59.999,92048301.5469
2023-09-07,7.268,7.328,6.65,6.806,12419327.8,2023-09-07 23:59:59.999,85793181.012
2023-09-08,6.806,7.082,6.583,6.79,12461672.7,2023-09-08 23:59:59.999,84480860.6671
2023-09-09,6.789,6.879,6.023,6.349,9667030.3,2023-09-09 23:59:59.999,62116536.4494
2023-09-10,6.349,6.495,5.818,6.321,12259529.1,2023-09-10 23:59:59.999,76922632.7312
2023-09-11,6.322,6.369,5.752,5.847,8827366.7,2023-09-11 23:59:59.999,53411895.6839
2023-09-12,5.847,6.166,5.796,5.921,6469690.3,2023-09-12 23:59:59.999,38655564.9698
2023-09-13,5.921,6.298,5.786,6.003,8785620.4,2023-09-13 23:59:59.999,52621328.5995
2023-09-14,6.003,6.096,5.883,5.932,3925065.6,2023-09-14 23:59:59.999,23389664.0431
2023-09-15,5.933,6.195,5.79,6.137,6506318.7,2023-09-15 23:59:59.999,39066279.9803
2023-09-16,6.137,6.268,5.984,6.068,4959790.3,2023-09-16 23:59:59.999,30336437.9513
2023-09-17,6.069,6.074,5.682,5.779,4223737.1,2023-09-17 23:59:59.999,24796986.3679
2023-09-18,5.78,5.926,5.712,5.765,3937603.6,2023-09-18 23:59:59.999,22990334.7816
2023-09-19,5.764,5.946,5.713,5.926,3796729.4,2023-09-19 23:59:59.999,22257441.9518
2023-09-20,5.927,5.944,5.702,5.861,3211788.6,2023-09-20 23:59:59.999,18700086.4289
2023-09-21,5.862,5.992,5.508,5.568,4276476.8,2023-09-21 23:59:59.999,24418963.1141
2023-09-22,5.568,5.726,5.417,5.698,3024545.3,2023-09-22 23:59:59.999,16996092.0371
2023-09-23,5.699,5.793,5.474,5.636,2205300.6,2023-09-23 23:59:59.999,12401706.2751
2023-09-24,5.637,5.64,5.411,5.429,2181255.3,2023-09-24 23:59:59.999,12041327.6166
2023-09-25,5.429,5.543,5.42,5.529,1969120.6,2023-09-25 23:59:59.999,10816951.0788
2023-09-26,5.53,5.568,5.43,5.552,1963980.4,2023-09-26 23:59:59.999,10797293.5512
2023-09-27,5.553,5.632,5.375,5.425,2809549.4,2023-09-27 23:59:59.999,15485528.628
2023-09-28,5.424,5.583,5.403,5.566,2567867.5,2023-09-28 23:59:59.999,14132880.405
2023-09-29,5.566,5.602,5.46,5.549,1990106.4,2023-09-29 23:59:59.999,11024136.9638
2023-09-30,5.55,5.578,5.424,5.439,2778351.5,2023-09-30 23:59:59.999,15316846.0509
2023-10-01,5.439,7.074,5.43,6.678,49807021.0,2023-10-01 23:59:59.999,329332079.0351
2023-10-02,6.678,6.734,6.356,6.63,20522010.7,2023-10-02 23:59:59.999,134426008.7942
2023-10-03,6.63,6.864,5.917,5.979,14427928.2,2023-10-03 23:59:59.999,90851620.0699
2023-10-04,5.98,6.038,5.7,5.887,5633737.8,2023-10-04 23:59:59.999,33354223.6869
2023-10-05,5.888,5.937,5.698,5.731,3080541.7,2023-10-05 23:59:59.999,17945134.4941
2023-10-06,5.732,6.34,5.712,6.037,11158277.7,2023-10-06 23:59:59.999,68125944.4991
2023-10-07,6.037,6.217,5.915,5.952,4985297.2,2023-10-07 23:59:59.999,30192080.7675
2023-10-08,5.953,6.23,5.891,6.018,5593207.9,2023-10-08 23:59:59.999,33983146.5218
2023-10-09,6.018,6.048,5.542,5.799,4782605.8,2023-10-09 23:59:59.999,27873407.0457
2023-10-10,5.8,5.973,5.739,5.841,3085055.6,2023-10-10 23:59:59.999,18045066.9713
2023-10-11,5.841,5.893,5.538,5.72,3400778.8,2023-10-11 23:59:59.999,19287239.6441
2023-10-12,5.72,5.747,5.502,5.704,2510636.5,2023-10-12 23:59:59.999,14131540.0432
2023-10-13,5.704,5.842,5.66,5.683,2594830.2,2023-10-13 23:59:59.999,14864885.4742
2023-10-14,5.684,5.811,5.643,5.663,2521973.8,2023-10-14 23:59:59.999,14424919.6463
2023-10-15,5.664,5.818,5.643,5.728,2778312.3,2023-10-15 23:59:59.999,15942191.9108
2023-10-16,5.727,5.971,5.723,5.856,3329082.2,2023-10-16 23:59:59.999,19400175.647
2023-10-17,5.854,5.874,5.525,5.61,2087738.3,2023-10-17 23:59:59.999,11929269.1586
2023-10-18,5.611,5.684,5.432,5.48,1987988.5,2023-10-18 23:59:59.999,11042689.2542
2023-10-19,5.48,5.494,5.319,5.381,1909680.4,2023-10-19 23:59:59.999,10302660.5033
2023-10-20,5.381,5.566,5.342,5.515,1657599.0,2023-10-20 23:59:59.999,9088824.5754
2023-10-21,5.515,6.072,5.456,5.79,6050261.3,2023-10-21 23:59:59.999,35076374.358
2023-10-22,5.789,5.835,5.5,5.808,3198636.4,2023-10-22 23:59:59.999,18281450.0854
2023-10-23,5.807,6.113,5.734,6.066,5932856.6,2023-10-23 23:59:59.999,34952887.0881
2023-10-24,6.066,6.606,5.918,6.227,7440430.4,2023-10-24 23:59:59.999,46210999.7259
2023-10-25,6.229,6.435,6.083,6.288,4117848.9,2023-10-25 23:59:59.999,25840644.6897
2023-10-26,6.288,6.465,5.922,6.307,5549807.7,2023-10-26 23:59:59.999,34716161.0814
2023-10-27,6.308,6.318,6.011,6.146,2297552.7,2023-10-27 23:59:59.999,14180074.3215
2023-10-28,6.146,6.496,6.129,6.36,2664275.3,2023-10-28 23:59:59.999,16868810.9635
2023-10-29,6.361,6.445,6.23,6.396,2161226.1,2023-10-29 23:59:59.999,13751550.2002
2023-10-30,6.396,6.547,6.213,6.443,3046806.0,2023-10-30 23:59:59.999,19503190.997
2023-10-31,6.442,6.533,5.954,6.166,3139616.7,2023-10-31 23:59:59.999,19700701.799
2023-11-01,6.165,6.61,5.971,6.563,4352630.1,2023-11-01 23:59:59.999,27325410.3722
2023-11-02,6.563,6.689,6.289,6.609,4333229.0,2023-11-02 23:59:59.999,28251593.6984
2023-11-03,6.609,6.829,6.263,6.656,5489711.6,2023-11-03 23:59:59.999,36100167.1657
2023-11-04,6.655,6.7,6.456,6.58,1934014.9,2023-11-04 23:59:59.999,12713855.7293
2023-11-05,6.581,6.741,6.435,6.573,2362692.3,2023-11-05 23:59:59.999,15636495.5441
2023-11-06,6.574,6.996,6.527,6.845,3134839.5,2023-11-06 23:59:59.999,21197907.5683
2023-11-07,6.845,7.243,6.545,6.746,5965689.3,2023-11-07 23:59:59.999,40994539.906
2023-11-08,6.747,6.982,6.669,6.945,2348176.7,2023-11-08 23:59:59.999,16078920.1427
2023-11-09,6.945,7.071,5.761,6.552,6124495.9,2023-11-09 23:59:59.999,40235390.2246
2023-11-10,6.553,6.714,6.256,6.632,3167277.0,2023-11-10 23:59:59.999,20606114.7559
2023-11-11,6.632,6.988,6.37,6.838,4047637.0,2023-11-11 23:59:59.999,27101729.956
2023-11-12,6.839,7.047,6.515,7.013,3588388.5,2023-11-12 23:59:59.999,24535680.8453
2023-11-13,7.012,7.5,6.726,6.751,5928024.5,2023-11-13 23:59:59.999,41806102.5967
2023-11-14,6.751,7.192,6.47,7.012,5032026.5,2023-11-14 23:59:59.999,34443802.2908
2023-11-15,7.012,7.56,6.834,7.397,5523439.7,2023-11-15 23:59:59.999,40159423.9536
2023-11-16,7.398,7.609,6.92,7.411,4836511.5,2023-11-16 23:59:59.999,35271185.3337
2023-11-17,7.41,7.698,6.745,7.0,4794549.5,2023-11-17 23:59:59.999,34611366.6514
2023-11-18,7.0,7.0,6.488,6.871,2453461.0,2023-11-18 23:59:59.999,16686052.4314
2023-11-19,6.873,7.199,6.716,7.171,1998505.8,2023-11-19 23:59:59.999,13982320.3815
2023-11-20,7.172,7.327,6.817,6.952,2309818.1,2023-11-20 23:59:59.999,16292961.4211
2023-11-21,6.952,7.088,6.16,6.273,3329808.9,2023-11-21 23:59:59.999,22275986.6024
2023-11-22,6.272,6.532,6.199,6.47,2757306.4,2023-11-22 23:59:59.999,17521217.3831
2023-11-23,6.471,6.592,6.308,6.472,1797640.4,2023-11-23 23:59:59.999,11638313.5074
2023-11-24,6.473,6.649,6.391,6.469,2195659.9,2023-11-24 23:59:59.999,14393873.3874
2023-11-25,6.469,6.708,6.408,6.702,1466110.7,2023-11-25 23:59:59.999,9655436.2357
2023-11-26,6.702,6.719,6.223,6.397,2138957.9,2023-11-26 23:59:59.999,13941579.8434
2023-11-27,6.396,6.466,6.073,6.268,2638680.6,2023-11-27 23:59:59.999,16445674.6282
2023-11-28,6.268,6.418,6.074,6.317,1853110.9,2023-11-28 23:59:59.999,11607643.1709
2023-11-29,6.316,6.372,6.167,6.288,1341607.2,2023-11-29 23:59:59.999,8420017.0424
2023-11-30,6.287,6.428,6.243,6.393,1628019.7,2023-11-30 23:59:59.999,10312217.7352
2023-12-01,6.392,6.427,6.302,6.356,1187913.7,2023-12-01 23:59:59.999,7556983.9333
2023-12-02,6.356,6.815,6.346,6.655,2767107.8,2023-12-02 23:59:59.999,18149852.2558
2023-12-03,6.656,6.665,6.414,6.492,2023179.9,2023-12-03 23:59:59.999,13233552.6735
2023-12-04,6.492,6.94,6.085,6.884,4970850.4,2023-12-04 23:59:59.999,32873386.0698
2023-12-05,6.885,7.057,6.445,6.631,5973604.0,2023-12-05 23:59:59.999,40039254.4644
2023-12-06,6.631,6.784,6.349,6.565,3589526.3,2023-12-06 23:59:59.999,23673829.1164
2023-12-07,6.565,6.966,6.468,6.865,2969041.5,2023-12-07 23:59:59.999,20004989.5407
2023-12-08,6.865,7.04,6.745,7.015,2198850.8,2023-12-08 23:59:59.999,15159932.0885
2023-12-09,7.015,7.219,6.64,6.723,2911894.3,2023-12-09 23:59:59.999,20418746.1877
2023-12-10,6.724,6.947,6.61,6.89,2184180.6,2023-12-10 23:59:59.999,14882056.5144
2023-12-11,6.892,6.926,5.982,6.209,4415663.5,2023-12-11 23:59:59.999,27975014.6869
2023-12-12,6.21,6.415,6.144,6.342,2457267.1,2023-12-12 23:59:59.999,15451612.3007
2023-12-13,6.343,6.411,5.962,6.369,2261710.4,2023-12-13 23:59:59.999,13997010.7153
2023-12-14,6.37,6.788,6.17,6.715,3588532.8,2023-12-14 23:59:59.999,23424251.1598
2023-12-15,6.716,6.91,6.556,6.791,4131268.3,2023-12-15 23:59:59.999,27854541.3477
2023-12-16,6.791,8.085,6.653,7.624,18503449.7,2023-12-16 23:59:59.999,140288278.3899
2023-12-17,7.624,8.658,7.302,8.338,11399736.0,2023-12-17 23:59:59.999,90186524.2725
2023-12-18,8.338,8.374,6.95,7.31,9176934.8,2023-12-18 23:59:59.999,68413114.3351
2023-12-19,7.311,7.977,7.105,7.823,7163918.7,2023-12-19 23:59:59.999,53913349.396
2023-12-20,7.823,10.683,7.738,9.449,38159334.6,2023-12-20 23:59:59.999,358176610.5879
2023-12-21,9.448,9.847,9.172,9.291,12454070.7,2023-12-21 23:59:59.999,117960487.2302
2023-12-22,9.291,9.575,8.801,8.916,5522723.0,2023-12-22 23:59:59.999,50450490.8396
2023-12-23,8.916,9.774,8.754,8.961,5321052.0,2023-12-23 23:59:59.999,48656258.141
2023-12-24,8.96,9.696,8.781,9.08,4612520.3,2023-12-24 23:59:59.999,42823207.3572
2023-12-25,9.08,9.335,8.811,9.28,2791832.1,2023-12-25 23:59:59.999,25323848.9345
2023-12-26,9.28,9.418,8.072,8.609,4185266.3,2023-12-26 23:59:59.999,36480991.4477
2023-12-27,8.61,8.674,8.258,8.584,2255807.0,2023-12-27 23:59:59.999,19202612.8119
2023-12-28,8.583,8.839,8.329,8.537,2796806.5,2023-12-28 23:59:59.999,24014385.1031
2023-12-29,8.537,8.581,7.942,8.21,2384804.1,2023-12-29 23:59:59.999,19839157.2864
2023-12-30,8.208,8.466,8.062,8.336,1866001.7,2023-12-30 23:59:59.999,15453213.0156
2023-12-31,8.335,8.432,7.672,7.96,1869306.5,2023-12-31 23:59:59.999,15305278.194
2024-01-01,7.96,8.315,7.774,8.29,1582535.6,2024-01-01 23:59:59.999,12689199.045
2024-01-02,8.291,8.655,8.196,8.515,2873057.1,2024-01-02 23:59:59.999,24183185.3373
2024-01-03,8.515,8.707,6.0,7.122,6126532.9,2024-01-03 23:59:59.999,46517285.3918
2024-01-04,7.122,7.499,6.992,7.382,1870631.5,2024-01-04 23:59:59.999,13640923.2608
2024-01-05,7.381,7.438,6.735,7.112,2681773.2,2024-01-05 23:59:59.999,18903303.6202
2024-01-06,7.111,7.123,6.448,6.962,2130811.7,2024-01-06 23:59:59.999,14530001.4709
2024-01-07,6.959,7.063,6.33,6.43,1846775.1,2024-01-07 23:59:59.999,12497559.1481
2024-01-08,6.429,7.023,5.93,6.958,3021693.3,2024-01-08 23:59:59.999,19571735.7051
2024-01-09,6.958,7.123,6.198,6.604,3433119.7,2024-01-09 23:59:59.999,22941859.0926
2024-01-10,6.604,7.572,6.383,7.339,2843571.7,2024-01-10 23:59:59.999,19492413.8763
2024-01-11,7.34,7.76,7.153,7.62,3106262.7,2024-01-11 23:59:59.999,23209988.1938
2024-01-12,7.613,9.517,7.441,7.812,21078355.1,2024-01-12 23:59:59.999,179180259.008
2024-01-13,7.811,8.442,7.46,7.883,8089048.2,2024-01-13 23:59:59.999,64905731.9046
2024-01-14,7.883,8.418,7.669,7.788,4212666.5,2024-01-14 23:59:59.999,33648603.865
2024-01-15,7.79,8.108,7.732,7.916,2520534.4,2024-01-15 23:59:59.999,19914743.1245
2024-01-16,7.915,7.998,7.551,7.888,2672595.3,2024-01-16 23:59:59.999,20816993.2821
2024-01-17,7.888,8.08,7.645,7.801,2360701.1,2024-01-17 23:59:59.999,18572244.3152
2024-01-18,7.802,7.881,7.06,7.232,2466965.1,2024-01-18 23:59:59.999,18465564.9353
2024-01-19,7.233,7.369,6.792,7.189,1744085.7,2024-01-19 23:59:59.999,12407464.8358
2024-01-20,7.189,7.651,7.107,7.626,2189056.0,2024-01-20 23:59:59.999,16206920.5107
2024-01-21,7.625,7.746,7.484,7.561,2138833.8,2024-01-21 23:59:59.999,16277115.9819
2024-01-22,7.56,7.668,6.891,7.033,2308848.0,2024-01-22 23:59:59.999,16788962.3437
2024-01-23,7.032,7.135,6.352,6.753,2112229.7,2024-01-23 23:59:59.999,14128839.9733
2024-01-24,6.752,6.897,6.606,6.791,1174039.1,2024-01-24 23:59:59.999,7904413.8734
2024-01-25,6.792,6.795,6.536,6.705,1436010.9,2024-01-25 23:59:59.999,9575163.7347
2024-01-26,6.705,7.24,6.625,7.119,1872192.5,2024-01-26 23:59:59.999,13037431.805
2024-01-27,7.122,7.237,6.986,7.222,1033114.1,2024-01-27 23:59:59.999,7355831.8741
2024-01-28,7.223,7.286,7.026,7.121,1337091.3,2024-01-28 23:59:59.999,9587503.0747
2024-01-29,7.125,7.373,6.977,7.337,1101173.1,2024-01-29 23:59:59.999,7907783.025
2024-01-30,7.337,7.418,7.12,7.168,1031020.9,2024-01-30 23:59:59.999,7530132.6304
2024-01-31,7.168,7.246,6.885,7.012,1427851.1,2024-01-31 23:59:59.999,10109255.0075
2024-02-01,7.012,7.134,6.848,7.062,1194351.1,2024-02-01 23:59:59.999,8339440.228
2024-02-02,7.064,7.332,6.99,7.242,1060822.9,2024-02-02 23:59:59.999,7560112.4034
2024-02-03,7.243,7.853,7.158,7.259,4846187.1,2024-02-03 23:59:59.999,36082134.6059
2024-02-04,7.258,7.287,7.023,7.059,1571926.8,2024-02-04 23:59:59.999,11286411.3801
2024-02-05,7.06,7.176,6.861,7.013,1281930.4,2024-02-05 23:59:59.999,9017537.6219
2024-02-06,7.011,7.106,6.915,6.996,781716.4,2024-02-06 23:59:59.999,5487719.0925
2024-02-07,6.999,7.339,6.951,7.319,1166262.5,2024-02-07 23:59:59.999,8332248.0341
2024-02-08,7.317,7.415,7.201,7.295,927208.9,2024-02-08 23:59:59.999,6777968.2363
2024-02-09,7.294,7.535,7.294,7.509,1073410.8,2024-02-09 23:59:59.999,7955674.1108
2024-02-10,7.508,7.63,7.312,7.487,1181543.4,2024-02-10 23:59:59.999,8827883.9704
2024-02-11,7.486,7.644,7.356,7.41,1330616.9,2024-02-11 23:59:59.999,9968833.5549
2024-02-12,7.41,7.736,7.308,7.688,2123238.7,2024-02-12 23:59:59.999,16003364.0611
2024-02-13,7.687,7.758,7.42,7.634,1937714.5,2024-02-13 23:59:59.999,14783712.3002
2024-02-14,7.633,8.095,7.587,7.96,3014513.2,2024-02-14 23:59:59.999,23787455.9733
2024-02-15,7.96,8.156,7.876,8.111,2299898.9,2024-02-15 23:59:59.999,18489160.3066
2024-02-16,8.11,14.89,8.089,14.384,137656564.2,2024-02-16 23:59:59.999,1778137926.7354
2024-02-17,14.384,20.333,13.327,17.95,131762898.1,2024-02-17 23:59:59.999,2230427044.3282
2024-02-18,17.949,20.699,16.177,17.842,57314746.2,2024-02-18 23:59:59.999,1039528916.3686
2024-02-19,17.843,19.309,16.555,17.22,24940526.1,2024-02-19 23:59:59.999,441022292.985
2024-02-20,17.219,17.797,14.0,14.588,20055673.4,2024-02-20 23:59:59.999,310046543.7545
2024-02-21,14.59,16.171,13.851,15.563,22717142.3,2024-02-21 23:59:59.999,337056698.9135
2024-02-22,15.564,17.35,14.347,14.859,19473534.3,2024-02-22 23:59:59.999,304329429.3122
2024-02-23,14.86,15.313,13.539,13.744,11514194.7,2024-02-23 23:59:59.999,167361230.9119
2024-02-24,13.746,14.312,13.325,14.095,6492616.3,2024-02-24 23:59:59.999,89176065.9568
2024-02-25,14.095,16.039,13.652,14.563,13408522.8,2024-02-25 23:59:59.999,196665605.3545
2024-02-26,14.564,14.888,13.881,14.417,9363945.0,2024-02-26 23:59:59.999,134329794.2039
2024-02-27,14.417,15.274,13.979,14.316,8017685.8,2024-02-27 23:59:59.999,116079793.8691
2024-02-28,14.315,15.524,11.3,13.87,13492160.6,2024-02-28 23:59:59.999,192065224.327
2024-02-29,13.871,14.228,13.028,13.448,7053451.3,2024-02-29 23:59:59.999,96840572.4742
2024-03-01,13.448,15.516,13.446,14.459,7647679.0,2024-03-01 23:59:59.999,110048458.3176
2024-03-02,14.459,14.668,13.935,14.615,3904897.9,2024-03-02 23:59:59.999,55897012.9669
2024-03-03,14.616,15.29,12.2,14.29,6536420.0,2024-03-03 23:59:59.999,93082802.174
2024-03-04,14.291,14.48,13.437,14.239,5080179.7,2024-03-04 23:59:59.999,71170267.652
2024-03-05,14.242,15.911,11.235,13.138,10154793.6,2024-03-05 23:59:59.999,142824033.1833
2024-03-06,13.138,14.89,12.577,14.782,6867408.1,2024-03-06 23:59:59.999,95952099.3985
2024-03-07,14.783,16.9,14.448,16.128,7871193.9,2024-03-07 23:59:59.999,120972636.0229
2024-03-08,16.134,24.521,14.95,23.307,23618310.3,2024-03-08 23:59:59.999,473900489.027
2024-03-09,23.303,26.975,21.627,23.303,27251120.2,2024-03-09 23:59:59.999,662413672.2086
2024-03-10,23.307,23.5,21.05,22.045,7299597.0,2024-03-10 23:59:59.999,162526267.9373
2024-03-11,22.048,22.715,20.25,20.914,5758794.4,2024-03-11 23:59:59.999,123118962.2102
2024-03-12,20.916,21.56,19.2,20.282,5262308.3,2024-03-12 23:59:59.999,107273681.8994
2024-03-13,20.282,21.095,19.728,20.362,2486252.5,2024-03-13 23:59:59.999,50728555.0249
2024-03-14,20.367,27.472,20.252,27.211,18192451.6,2024-03-14 23:59:59.999,435468225.8723
2024-03-15,27.213,27.378,22.08,23.736,12919933.4,2024-03-15 23:59:59.999,315000506.1192
2024-03-16,23.737,23.902,19.687,20.163,4808358.6,2024-03-16 23:59:59.999,105086895.9018
2024-03-17,20.163,24.224,19.109,22.049,6283801.0,2024-03-17 23:59:59.999,136855383.3954
2024-03-18,22.05,22.059,19.021,19.326,4069211.3,2024-03-18 23:59:59.999,82814166.358
2024-03-19,19.325,19.506,16.726,17.471,4855217.3,2024-03-19 23:59:59.999,86770154.5548
2024-03-20,17.47,19.226,16.4,19.007,3531825.8,2024-03-20 23:59:59.999,62699957.2895
2024-03-21,19.009,19.25,18.112,18.965,2460136.1,2024-03-21 23:59:59.999,46171474.935
2024-03-22,18.966,19.926,17.622,18.305,3012366.1,2024-03-22 23:59:59.999,56298246.9103
2024-03-23,18.305,19.716,18.145,18.838,2194469.3,2024-03-23 23:59:59.999,41835488.716
2024-03-24,18.837,21.476,18.541,20.486,2471432.6,2024-03-24 23:59:59.999,49136533.9822
2024-03-25,20.491,20.667,19.824,20.344,2081209.6,2024-03-25 23:59:59.999,42160316.4686
2024-03-26,20.344,22.013,20.151,20.544,2636082.7,2024-03-26 23:59:59.999,55510266.0378
2024-03-27,20.545,21.626,19.557,19.763,2791777.5,2024-03-27 23:59:59.999,57351313.655
2024-03-28,19.761,19.977,18.935,19.367,1624367.1,2024-03-28 23:59:59.999,31504564.9296
2024-03-29,19.365,19.44,18.526,18.827,1372357.7,2024-03-29 23:59:59.999,26053754.9252
2024-03-30,18.826,19.05,18.363,18.567,958967.0,2024-03-30 23:59:59.999,17912769.3484
2024-03-31,18.571,18.95,18.48,18.761,729739.9,2024-03-31 23:59:59.999,13648671.6093
2024-04-01,18.76,19.025,17.215,18.018,1767039.3,2024-04-01 23:59:59.999,31757620.8159
2024-04-02,18.019,18.052,16.21,16.566,2331477.1,2024-04-02 23:59:59.999,39173836.4013
2024-04-03,16.568,17.259,15.828,16.339,1458116.3,2024-04-03 23:59:59.999,24195005.7535
2024-04-04,16.34,17.236,15.905,16.779,994571.5,2024-04-04 23:59:59.999,16512743.8415
2024-04-05,16.784,16.789,15.5,16.261,1265493.6,2024-04-05 23:59:59.999,20408131.428
2024-04-06,16.261,17.389,16.18,17.138,1269010.1,2024-04-06 23:59:59.999,21428178.3829
2024-04-07,17.139,17.391,16.782,17.096,930221.7,2024-04-07 23:59:59.999,15915297.1475
2024-04-08,17.094,17.865,16.678,17.743,1038010.2,2024-04-08 23:59:59.999,18084453.5313
2024-04-09,17.742,17.763,16.079,16.158,1339876.6,2024-04-09 23:59:59.999,22706881.743
2024-04-10,16.154,16.264,14.85,15.665,1532938.6,2024-04-10 23:59:59.999,23859017.4173
2024-04-11,15.665,16.182,15.288,15.425,1159029.6,2024-04-11 23:59:59.999,18164433.0332
2024-04-12,15.424,15.804,10.465,12.274,4003681.8,2024-04-12 23:59:59.999,52068432.4181
2024-04-13,12.272,12.684,9.1,10.949,5951732.5,2024-04-13 23:59:59.999,65483778.8444
2024-04-14,10.945,12.26,10.498,12.078,3419500.0,2024-04-14 23:59:59.999,38803780.583
2024-04-15,12.078,13.335,11.318,11.94,3312439.1,2024-04-15 23:59:59.999,41132676.4754
2024-04-16,11.941,12.648,11.392,12.038,3378448.4,2024-04-16 23:59:59.999,40713902.5006
2024-04-17,12.035,12.231,10.952,11.648,2657156.5,2024-04-17 23:59:59.999,30944217.9407
2024-04-18,11.648,14.193,11.249,13.343,8558387.9,2024-04-18 23:59:59.999,112313230.2029
2024-04-19,13.343,13.531,11.972,12.965,5408615.2,2024-04-19 23:59:59.999,69515158.2335
2024-04-20,12.965,16.2,12.814,16.046,3531591.2,2024-04-20 23:59:59.999,50189719.0772
2024-04-21,16.045,16.155,14.739,15.231,4631833.1,2024-04-21 23:59:59.999,71260263.2729
2024-04-22,15.229,15.8,14.924,15.63,2665646.5,2024-04-22 23:59:59.999,40885891.1729
2024-04-23,15.63,16.648,15.139,15.226,3088461.1,2024-04-23 23:59:59.999,48282723.3355
2024-04-24,15.226,15.58,13.975,14.163,1923681.4,2024-04-24 23:59:59.999,28579850.9135
2024-04-25,14.162,15.633,13.82,14.876,2441061.3,2024-04-25 23:59:59.999,36010655.5581
2024-04-26,14.877,15.021,13.888,14.036,1410441.4,2024-04-26 23:59:59.999,20506558.8942
2024-04-27,14.037,14.374,13.365,13.955,1422728.9,2024-04-27 23:59:59.999,19792648.3853
2024-04-28,13.959,14.568,13.402,13.477,1069190.9,2024-04-28 23:59:59.999,14976427.6095
2024-04-29,13.481,13.624,12.862,13.358,1275873.7,2024-04-29 23:59:59.999,16812523.2395
2024-04-30,13.359,13.529,12.069,12.365,1802604.0,2024-04-30 23:59:59.999,22754758.7946
2024-05-01,12.366,12.702,11.548,12.391,1675429.4,2024-05-01 23:59:59.999,20304458.0178
2024-05-02,12.393,12.842,11.963,12.635,1120246.7,2024-05-02 23:59:59.999,13925441.9693
2024-05-03,12.633,14.152,12.515,13.551,1793698.3,2024-05-03 23:59:59.999,23973422.9348
2024-05-04,13.549,13.861,13.396,13.653,1106286.7,2024-05-04 23:59:59.999,15073515.6414
2024-05-05,13.652,15.461,13.26,15.044,8046676.4,2024-05-05 23:59:59.999,118040806.7195
2024-05-06,15.044,16.658,14.746,15.282,5658127.1,2024-05-06 23:59:59.999,88355779.6645
2024-05-07,15.282,16.643,15.192,15.674,5159045.7,2024-05-07 23:59:59.999,82460363.5346
2024-05-08,15.674,15.873,13.837,13.976,4313633.7,2024-05-08 23:59:59.999,64347854.6177
2024-05-09,13.976,17.325,13.943,17.108,8222275.2,2024-05-09 23:59:59.999,131090732.485
2024-05-10,17.108,19.991,16.753,16.871,19194603.5,2024-05-10 23:59:59.999,348686994.2268
2024-05-11,16.875,18.858,16.728,17.793,8184553.9,2024-05-11 23:59:59.999,143816821.6998
2024-05-12,17.793,18.6,17.565,17.92,5984529.9,2024-05-12 23:59:59.999,107940589.1968
2024-05-13,17.924,18.141,16.637,17.84,6266892.8,2024-05-13 23:59:59.999,108702891.6512
2024-05-14,17.835,18.183,15.962,17.296,5662357.0,2024-05-14 23:59:59.999,97362073.3987
2024-05-15,17.296,20.968,16.939,20.368,10537320.9,2024-05-15 23:59:59.999,205089575.6199
2024-05-16,20.36,20.631,19.112,19.527,4711975.6,2024-05-16 23:59:59.999,94100234.203
2024-05-17,19.528,19.995,18.709,19.425,3403531.8,2024-05-17 23:59:59.999,65840639.3935
2024-05-18,19.426,19.845,18.795,18.909,2041552.2,2024-05-18 23:59:59.999,39191389.8957
2024-05-19,18.908,19.754,18.341,18.812,3848924.4,2024-05-19 23:59:59.999,73117474.9345
2024-05-20,18.812,21.498,18.735,20.857,6355402.6,2024-05-20 23:59:59.999,129012843.2481
2024-05-21,20.856,22.449,20.454,20.693,4070835.2,2024-05-21 23:59:59.999,86651920.5274
2024-05-22,20.692,25.961,20.668,23.572,8254849.1,2024-05-22 23:59:59.999,194316177.0573
2024-05-23,23.571,24.36,21.287,22.909,4847123.4,2024-05-23 23:59:59.999,110781319.2505
2024-05-24,22.907,23.196,21.728,22.469,2484336.9,2024-05-24 23:59:59.999,55455702.3514
2024-05-25,22.469,23.676,22.097,22.451,1841747.5,2024-05-25 23:59:59.999,42036512.8163
2024-05-26,22.451,23.558,22.301,22.804,2316558.4,2024-05-26 23:59:59.999,53140415.7992
2024-05-27,22.805,23.132,20.882,21.304,2885320.9,2024-05-27 23:59:59.999,62011043.6404
2024-05-28,21.301,23.009,20.368,21.75,3024606.1,2024-05-28 23:59:59.999,65352263.9597
2024-05-29,21.747,22.708,20.914,21.064,2218379.0,2024-05-29 23:59:59.999,48196157.8961
2024-05-30,21.064,22.181,19.848,21.249,2042504.3,2024-05-30 23:59:59.999,43158892.5966
2024-05-31,21.25,23.162,20.81,22.766,2504917.2,2024-05-31 23:59:59.999,55889359.9745
2024-06-01,22.766,23.6,22.637,23.057,1279187.4,2024-06-01 23:59:59.999,29599876.7371
2024-06-02,23.055,23.828,21.431,21.488,1552403.5,2024-06-02 23:59:59.999,34890957.8192
2024-06-03,21.488,22.332,20.839,21.033,1702975.6,2024-06-03 23:59:59.999,36510329.7213
2024-06-04,21.034,22.28,21.006,21.568,1282348.5,2024-06-04 23:59:59.999,27759267.1641
2024-06-05,21.569,22.114,21.101,21.406,1151437.3,2024-06-05 23:59:59.999,24801692.9022
2024-06-06,21.407,25.114,21.35,24.005,6018792.3,2024-06-06 23:59:59.999,142680784.8228
2024-06-07,24.003,24.599,20.231,23.351,4045501.5,2024-06-07 23:59:59.999,93599499.0673
2024-06-08,23.345,24.139,21.868,22.941,3269543.2,2024-06-08 23:59:59.999,76016489.8576
2024-06-09,22.941,23.897,21.68,22.171,2750289.7,2024-06-09 23:59:59.999,62150574.7101
2024-06-10,22.171,23.904,20.889,22.891,5473312.3,2024-06-10 23:59:59.999,122614530.2277
2024-06-11,22.893,23.382,19.668,20.117,4680674.6,2024-06-11 23:59:59.999,99893344.059
2024-06-12,20.118,26.35,18.719,25.009,9243644.3,2024-06-12 23:59:59.999,219372289.1309
2024-06-13,25.012,25.072,23.411,23.796,6573685.8,2024-06-13 23:59:59.999,159608322.5134
2024-06-14,23.798,24.822,22.004,23.574,5477227.0,2024-06-14 23:59:59.999,128029070.1619
2024-06-15,23.576,23.942,21.62,21.951,3327115.8,2024-06-15 23:59:59.999,74935581.0469
2024-06-16,21.952,23.44,21.458,22.005,3715250.9,2024-06-16 23:59:59.999,82851156.3262
2024-06-17,22.006,22.007,19.804,20.341,3013630.5,2024-06-17 23:59:59.999,62647951.0089
2024-06-18,20.341,20.37,16.0,18.27,3871676.4,2024-06-18 23:59:59.999,70910201.5533
2024-06-19,18.271,19.294,17.88,18.768,2468300.6,2024-06-19 23:59:59.999,45953251.3306
2024-06-20,18.769,20.199,18.328,18.835,2494707.6,2024-06-20 23:59:59.999,47832660.6557
2024-06-21,18.834,19.22,17.508,17.917,1801577.2,2024-06-21 23:59:59.999,32813675.5039
2024-06-22,17.92,18.083,17.346,17.484,947840.1,2024-06-22 23:59:59.999,16822744.8753
2024-06-23,17.487,17.939,16.454,16.637,1283381.6,2024-06-23 23:59:59.999,22221601.2722
2024-06-24,16.638,16.856,14.864,16.497,2301655.6,2024-06-24 23:59:59.999,36913097.0706
2024-06-25,16.497,17.654,16.28,17.338,1614671.2,2024-06-25 23:59:59.999,27366327.2171
2024-06-26,17.338,17.789,16.379,16.56,1300008.0,2024-06-26 23:59:59.999,22181675.1199
2024-06-27,16.562,17.349,16.112,16.884,1130330.5,2024-06-27 23:59:59.999,18814578.7674
2024-06-28,16.883,17.355,16.326,16.37,1098893.9,2024-06-28 23:59:59.999,18464172.8678
2024-06-29,16.366,16.78,15.346,15.409,950202.7,2024-06-29 23:59:59.999,15351822.7445
2024-06-30,15.41,16.873,15.086,16.728,1518421.0,2024-06-30 23:59:59.999,24141983.9766
2024-07-01,16.726,17.195,16.405,16.427,1322344.2,2024-07-01 23:59:59.999,22310784.7046
2024-07-02,16.429,16.807,16.1,16.494,910974.7,2024-07-02 23:59:59.999,14972531.7139
2024-07-03,16.495,16.546,15.2,15.25,1283629.5,2024-07-03 23:59:59.999,20166547.3901
2024-07-04,15.249,15.365,12.739,12.816,2014207.5,2024-07-04 23:59:59.999,28117707.0936
2024-07-05,12.822,12.869,11.211,12.209,3413013.8,2024-07-05 23:59:59.999,41099530.9843
2024-07-06,12.211,13.79,12.013,13.636,1637764.0,2024-07-06 23:59:59.999,20745787.3263
2024-07-07,13.64,13.767,12.5,12.924,1852543.1,2024-07-07 23:59:59.999,24418297.3257
2024-07-08,12.923,14.037,12.216,13.077,3308622.0,2024-07-08 23:59:59.999,43913352.7049
2024-07-09,13.077,13.598,12.993,13.141,1352942.4,2024-07-09 23:59:59.999,17955263.4073
2024-07-10,13.144,13.771,12.844,13.397,1252809.0,2024-07-10 23:59:59.999,16751190.1643
2024-07-11,13.396,14.659,13.101,13.469,2181787.7,2024-07-11 23:59:59.999,30349576.6535
2024-07-12,13.47,13.998,12.812,13.609,1911697.6,2024-07-12 23:59:59.999,25789224.202
2024-07-13,13.612,13.988,13.226,13.572,1227673.2,2024-07-13 23:59:59.999,16746088.1044
2024-07-14,13.568,14.535,13.365,14.393,996547.5,2024-07-14 23:59:59.999,13787615.6056
2024-07-15,14.393,15.371,14.181,15.293,1429621.0,2024-07-15 23:59:59.999,21006375.7088
2024-07-16,15.297,15.809,13.96,15.346,1981839.2,2024-07-16 23:59:59.999,29544651.1834
2024-07-17,15.346,17.35,15.337,16.646,5478859.5,2024-07-17 23:59:59.999,90290004.2021
2024-07-18,16.65,17.094,15.708,16.302,2105085.1,2024-07-18 23:59:59.999,34388689.8729
2024-07-19,16.303,16.821,15.647,16.68,1438637.3,2024-07-19 23:59:59.999,23401543.3115
2024-07-20,16.681,17.421,16.314,17.089,1155618.8,2024-07-20 23:59:59.999,19489930.965
2024-07-21,17.09,17.514,15.798,17.123,1571897.3,2024-07-21 23:59:59.999,26361081.5079
2024-07-22,17.119,17.333,15.731,15.87,954118.0,2024-07-22 23:59:59.999,15674534.9312
2024-07-23,15.87,16.169,15.101,15.222,973859.7,2024-07-23 23:59:59.999,15200521.2091
2024-07-24,15.22,15.824,14.881,15.03,688482.8,2024-07-24 23:59:59.999,10623125.4334
2024-07-25,15.025,15.134,13.619,14.311,1199272.8,2024-07-25 23:59:59.999,17144906.2153
2024-07-26,14.311,15.162,14.282,15.095,797322.4,2024-07-26 23:59:59.999,11829456.546
2024-07-27,15.091,15.732,14.839,15.525,793931.1,2024-07-27 23:59:59.999,12117955.0148
2024-07-28,15.525,15.618,14.704,14.872,592165.3,2024-07-28 23:59:59.999,8980486.7466
2024-07-29,14.874,15.7,14.412,14.49,858375.9,2024-07-29 23:59:59.999,12923640.8998
2024-07-30,14.489,14.791,14.204,14.523,682195.3,2024-07-30 23:59:59.999,9916270.9356
2024-07-31,14.523,14.898,13.982,13.997,887766.7,2024-07-31 23:59:59.999,12883878.793
2024-08-01,13.997,14.16,12.817,13.878,1043047.4,2024-08-01 23:59:59.999,14109767.1813
2024-08-02,13.877,13.97,12.548,12.639,941268.6,2024-08-02 23:59:59.999,12379100.5391
2024-08-03,12.638,12.71,11.309,11.693,1067616.3,2024-08-03 23:59:59.999,12830590.9505
2024-08-04,11.691,11.95,10.464,10.85,1085815.2,2024-08-04 23:59:59.999,12169056.6703
2024-08-05,10.849,10.989,8.283,9.924,4272988.4,2024-08-05 23:59:59.999,40545709.801
2024-08-06,9.924,10.907,9.898,10.52,1233899.9,2024-08-06 23:59:59.999,12984834.2541
2024-08-07,10.516,10.903,9.771,9.968,1255732.2,2024-08-07 23:59:59.999,13002010.2818
2024-08-08,9.97,11.384,9.788,11.332,1309966.6,2024-08-08 23:59:59.999,13930042.7466
2024-08-09,11.329,11.38,10.751,11.039,751739.3,2024-08-09 23:59:59.999,8310558.6412
2024-08-10,11.038,11.705,10.798,11.605,838471.0,2024-08-10 23:59:59.999,9422762.4641
2024-08-11,11.605,12.798,11.007,11.129,4404842.6,2024-08-11 23:59:59.999,53433850.3169
2024-08-12,11.128,12.15,10.881,11.816,2255484.5,2024-08-12 23:59:59.999,26154451.3515
2024-08-13,11.819,11.899,11.23,11.651,1215920.8,2024-08-13 23:59:59.999,14081961.7178
2024-08-14,11.651,11.802,11.002,11.229,1315712.1,2024-08-14 23:59:59.999,15062827.5479
2024-08-15,11.23,11.599,10.431,10.608,1489883.3,2024-08-15 23:59:59.999,16391455.9524
2024-08-16,10.609,10.773,10.175,10.577,953205.1,2024-08-16 23:59:59.999,10036810.897
2024-08-17,10.575,10.756,10.484,10.665,542677.3,2024-08-17 23:59:59.999,5754685.6242
2024-08-18,10.659,11.074,10.409,10.689,821370.1,2024-08-18 23:59:59.999,8851902.352
2024-08-19,10.691,11.02,10.446,10.995,938287.4,2024-08-19 23:59:59.999,10051273.1702
2024-08-20,10.991,11.48,10.78,11.117,1240021.1,2024-08-20 23:59:59.999,13857371.1288
2024-08-21,11.117,11.7,11.001,11.546,964942.1,2024-08-21 23:59:59.999,10963977.8733
2024-08-22,11.548,13.09,11.226,12.753,3838975.4,2024-08-22 23:59:59.999,47548592.2614
2024-08-23,12.752,15.587,12.502,15.471,10194432.1,2024-08-23 23:59:59.999,146164845.0905
2024-08-24,15.472,16.246,15.265,15.627,4423324.2,2024-08-24 23:59:59.999,69311121.7088
2024-08-25,15.627,15.635,14.626,15.192,1986165.3,2024-08-25 23:59:59.999,30220336.4947
2024-08-26,15.196,15.377,14.048,14.212,1506878.5,2024-08-26 23:59:59.999,21987718.5939
2024-08-27,14.213,15.091,12.946,13.381,2478213.2,2024-08-27 23:59:59.999,35085153.4053
2024-08-28,13.381,13.536,12.287,12.667,1630299.8,2024-08-28 23:59:59.999,21142605.1029
2024-08-29,12.666,13.194,12.24,12.495,1094862.0,2024-08-29 23:59:59.999,13971770.881
2024-08-30,12.49,12.74,11.913,12.53,1032086.0,2024-08-30 23:59:59.999,12753694.138
2024-08-31,12.532,12.696,11.959,12.213,625109.4,2024-08-31 23:59:59.999,7699352.7034
2024-09-01,12.209,12.359,11.474,11.581,1182090.7,2024-09-01 23:59:59.999,14208567.0498
2024-09-02,11.577,12.939,11.498,12.638,1187672.3,2024-09-02 23:59:59.999,14411507.7837
2024-09-03,12.635,12.711,11.649,11.668,835447.7,2024-09-03 23:59:59.999,10232021.3752
2024-09-04,11.67,12.063,11.034,11.781,1244828.5,2024-09-04 23:59:59.999,14282074.8318
2024-09-05,11.781,12.074,11.171,11.293,1037634.8,2024-09-05 23:59:59.999,12060168.0297
2024-09-06,11.29,11.684,10.385,10.918,1338156.0,2024-09-06 23:59:59.999,14857015.5765
2024-09-07,10.919,11.42,10.703,10.954,929391.6,2024-09-07 23:59:59.999,10261686.8782
2024-09-08,10.956,11.56,10.912,11.402,927907.4,2024-09-08 23:59:59.999,10445896.9695
2024-09-09,11.399,12.071,11.228,11.899,1035265.7,2024-09-09 23:59:59.999,11996432.7255
2024-09-10,11.9,12.043,11.59,11.867,774352.5,2024-09-10 23:59:59.999,9167190.0048
2024-09-11,11.868,11.883,11.134,11.621,1049665.9,2024-09-11 23:59:59.999,12027470.8128
2024-09-12,11.62,12.806,11.616,12.493,2005672.8,2024-09-12 23:59:59.999,24545671.7738
2024-09-13,12.491,13.02,12.088,12.831,1931309.6,2024-09-13 23:59:59.999,24293667.5833
2024-09-14,12.833,12.999,12.333,12.48,810688.7,2024-09-14 23:59:59.999,10259763.5618
2024-09-15,12.479,12.62,11.874,12.0,799205.1,2024-09-15 23:59:59.999,9873840.6918
2024-09-16,12.001,12.051,11.323,11.496,919697.8,2024-09-16 23:59:59.999,10789196.2752
2024-09-17,11.493,12.78,11.338,12.488,1400522.9,2024-09-17 23:59:59.999,17087527.5633
2024-09-18,12.491,12.787,11.761,12.76,1370044.2,2024-09-18 23:59:59.999,16802903.3801
2024-09-19,12.762,13.921,12.762,13.419,1772017.2,2024-09-19 23:59:59.999,23716386.2899
2024-09-20,13.417,13.97,13.19,13.65,1383061.2,2024-09-20 23:59:59.999,18777137.0312
2024-09-21,13.652,13.826,13.28,13.747,700742.8,2024-09-21 23:59:59.999,9474109.1206
2024-09-22,13.748,13.838,12.932,13.43,1074422.7,2024-09-22 23:59:59.999,14357997.544
2024-09-23,13.433,15.761,13.104,15.011,3876868.4,2024-09-23 23:59:59.999,57353243.7522
2024-09-24,15.011,15.182,14.46,14.858,1562940.1,2024-09-24 23:59:59.999,23072145.0496
2024-09-25,14.857,15.498,14.413,14.531,2162593.9,2024-09-25 23:59:59.999,32301869.714
2024-09-26,14.531,15.119,14.287,15.028,1511215.0,2024-09-26 23:59:59.999,22317973.8015
2024-09-27,15.03,15.502,14.628,15.366,1353415.3,2024-09-27 23:59:59.999,20385400.8809
2024-09-28,15.366,15.825,14.535,15.0,1083341.1,2024-09-28 23:59:59.999,16239715.9681
2024-09-29,15.003,15.234,14.485,14.802,1217440.2,2024-09-29 23:59:59.999,18086491.8591
2024-09-30,14.803,14.922,13.676,13.807,1361069.4,2024-09-30 23:59:59.999,19581292.8454
2024-10-01,13.806,14.402,11.858,12.229,2048589.4,2024-10-01 23:59:59.999,26929292.8725
2024-10-02,12.228,12.772,11.551,11.945,1558764.0,2024-10-02 23:59:59.999,19132104.7018
2024-10-03,11.944,12.273,11.531,11.844,1153611.3,2024-10-03 23:59:59.999,13729358.9905
2024-10-04,11.845,12.434,11.787,12.172,991275.4,2024-10-04 23:59:59.999,12018135.5229
2024-10-05,12.171,12.622,12.036,12.253,727157.9,2024-10-05 23:59:59.999,8965423.7786
2024-10-06,12.253,12.53,12.021,12.496,734052.7,2024-10-06 23:59:59.999,9001726.4306
2024-10-07,12.498,13.061,12.179,12.204,1318767.2,2024-10-07 23:59:59.999,16654606.6647
2024-10-08,12.205,12.484,11.682,11.972,732924.4,2024-10-08 23:59:59.999,8852700.9419
2024-10-09,11.972,12.084,11.311,11.489,634985.6,2024-10-09 23:59:59.999,7458380.4961
2024-10-10,11.491,11.702,11.068,11.551,724561.6,2024-10-10 23:59:59.999,8289948.8536
2024-10-11,11.553,12.373,11.491,12.174,851977.3,2024-10-11 23:59:59.999,10228158.4869
2024-10-12,12.174,12.649,12.071,12.484,799584.6,2024-10-12 23:59:59.999,9916801.7023
2024-10-13,12.485,12.571,11.56,12.107,738425.6,2024-10-13 23:59:59.999,8903719.5546
2024-10-14,12.108,12.966,11.904,12.861,1653472.8,2024-10-14 23:59:59.999,20852963.2502
2024-10-15,12.866,13.331,11.966,12.648,2453694.1,2024-10-15 23:59:59.999,31006406.9592
2024-10-16,12.649,13.15,12.236,12.335,1944831.8,2024-10-16 23:59:59.999,24617852.007
2024-10-17,12.337,12.596,11.659,11.883,1032694.9,2024-10-17 23:59:59.999,12465222.1895
2024-10-18,11.883,12.432,11.808,12.332,697427.7,2024-10-18 23:59:59.999,8442587.3327
2024-10-19,12.331,13.684,12.021,13.168,2349198.0,2024-10-19 23:59:59.999,30425042.7046
2024-10-20,13.172,13.28,12.682,13.253,1850396.5,2024-10-20 23:59:59.999,24142569.3225
2024-10-21,13.258,13.342,12.497,12.608,1018532.4,2024-10-21 23:59:59.999,13112710.8988
2024-10-22,12.609,12.908,12.06,12.33,772005.7,2024-10-22 23:59:59.999,9597495.6096
2024-10-23,12.333,12.353,11.434,11.854,842392.9,2024-10-23 23:59:59.999,10004492.9909
2024-10-24,11.858,12.086,11.577,11.83,648540.9,2024-10-24 23:59:59.999,7698880.9893
2024-10-25,11.83,11.905,10.033,10.705,1098139.6,2024-10-25 23:59:59.999,12317105.6571
2024-10-26,10.705,11.026,10.483,10.872,855400.7,2024-10-26 23:59:59.999,9240548.972
2024-10-27,10.87,11.192,10.68,11.076,398313.6,2024-10-27 23:59:59.999,4348702.4717
2024-10-28,11.076,11.179,10.462,11.02,609886.7,2024-10-28 23:59:59.999,6614918.6752
2024-10-29,11.021,11.474,10.989,11.319,814408.5,2024-10-29 23:59:59.999,9146857.118
2024-10-30,11.319,11.565,10.951,11.055,840328.3,2024-10-30 23:59:59.999,9430860.1869
2024-10-31,11.053,11.098,10.362,10.561,786042.5,2024-10-31 23:59:59.999,8455253.7754
2024-11-01,10.563,10.847,10.159,10.333,714555.7,2024-11-01 23:59:59.999,7499315.4708
2024-11-02,10.338,10.459,9.817,9.955,536581.0,2024-11-02 23:59:59.999,5407290.6676
2024-11-03,9.959,10.026,8.904,9.402,962095.3,2024-11-03 23:59:59.999,9053834.5938
2024-11-04,9.401,9.508,8.809,9.064,1014718.2,2024-11-04 23:59:59.999,9373213.9797
2024-11-05,9.064,9.749,9.042,9.535,812397.8,2024-11-05 23:59:59.999,7649465.4259
2024-11-06,9.536,11.16,9.53,11.008,1617634.4,2024-11-06 23:59:59.999,16901499.1953
2024-11-07,11.009,11.289,10.601,10.962,1034420.1,2024-11-07 23:59:59.999,11305235.9475
2024-11-08,10.967,11.079,10.302,10.642,841599.1,2024-11-08 23:59:59.999,9011403.7673
2024-11-09,10.645,11.313,10.483,11.21,980415.4,2024-11-09 23:59:59.999,10698223.2278
2024-11-10,11.211,12.722,10.695,12.067,3823965.8,2024-11-10 23:59:59.999,45323689.4554
2024-11-11,12.062,12.766,11.572,12.459,2451745.9,2024-11-11 23:59:59.999,29512214.7432
2024-11-12,12.461,12.913,10.773,11.399,3166407.0,2024-11-12 23:59:59.999,37691478.3796
2024-11-13,11.402,11.643,10.253,10.873,2390724.6,2024-11-13 23:59:59.999,25792561.9038
2024-11-14,10.873,11.331,9.944,10.081,1625857.4,2024-11-14 23:59:59.999,17364665.9208
2024-11-15,10.079,10.55,9.669,10.5,1546970.6,2024-11-15 23:59:59.999,15599347.9377
2024-11-16,10.499,11.488,10.405,11.387,1430055.8,2024-11-16 23:59:59.999,15801925.1537
2024-11-17,11.387,11.496,10.355,10.585,1328968.1,2024-11-17 23:59:59.999,14554013.4361
2024-11-18,10.59,11.28,10.481,11.034,1424639.7,2024-11-18 23:59:59.999,15553967.0611
2024-11-19,11.035,11.129,10.25,10.605,1198977.4,2024-11-19 23:59:59.999,12897409.5065
2024-11-20,10.606,10.61,9.765,9.955,1397373.5,2024-11-20 23:59:59.999,14268416.7139
2024-11-21,9.957,10.774,9.562,10.653,1611600.2,2024-11-21 23:59:59.999,16556473.1168
2024-11-22,10.654,11.055,10.172,11.035,1416924.6,2024-11-22 23:59:59.999,15014362.8001
2024-11-23,11.035,12.504,10.9,12.183,3010837.4,2024-11-23 23:59:59.999,35282940.1527
2024-11-24,12.183,13.705,11.528,12.989,3801011.0,2024-11-24 23:59:59.999,48074260.0978
2024-11-25,12.992,13.321,12.224,12.999,2560290.5,2024-11-25 23:59:59.999,32983151.2353
2024-11-26,12.997,13.703,11.82,12.807,2608843.1,2024-11-26 23:59:59.999,33188216.8135
2024-11-27,12.811,14.278,12.445,14.224,2568586.3,2024-11-27 23:59:59.999,34111536.7756
2024-11-28,14.227,15.49,13.65,15.27,4217461.7,2024-11-28 23:59:59.999,61362290.2356
2024-11-29,15.27,15.298,14.392,14.951,2561392.9,2024-11-29 23:59:59.999,37780255.9155
2024-11-30,14.952,16.626,14.622,15.7,2867788.6,2024-11-30 23:59:59.999,45287523.0518
2024-12-01,15.701,15.941,15.148,15.579,1640884.5,2024-12-01 23:59:59.999,25555342.2904
2024-12-02,15.583,16.238,14.339,16.122,2796561.8,2024-12-02 23:59:59.999,42912855.7608
2024-12-03,16.12,16.957,14.593,16.883,3164472.3,2024-12-03 23:59:59.999,50823680.5431
2024-12-04,16.883,18.596,16.245,17.476,3447853.3,2024-12-04 23:59:59.999,59842305.4405
2024-12-05,17.48,20.792,16.515,19.592,5448696.5,2024-12-05 23:59:59.999,101846628.5124
2024-12-06,19.593,24.9,19.031,23.011,13652833.7,2024-12-06 23:59:59.999,308689672.2863
2024-12-07,23.011,23.707,21.423,21.663,3513705.2,2024-12-07 23:59:59.999,78780701.8582
2024-12-08,21.673,22.335,20.362,21.161,2871577.0,2024-12-08 23:59:59.999,60619880.0932
2024-12-09,21.161,21.166,13.963,17.072,6072534.9,2024-12-09 23:59:59.999,112369816.9271
2024-12-10,17.072,17.433,14.281,15.499,4480275.5,2024-12-10 23:59:59.999,70649003.4342
2024-12-11,15.5,17.328,14.796,17.261,3205521.0,2024-12-11 23:59:59.999,52393227.3082
2024-12-12,17.26,18.78,16.921,17.468,3179045.4,2024-12-12 23:59:59.999,56794027.521
2024-12-13,17.47,17.759,16.748,17.356,1974845.8,2024-12-13 23:59:59.999,33890577.0365
2024-12-14,17.357,17.68,15.744,16.173,1619260.2,2024-12-14 23:59:59.999,26816521.6155
2024-12-15,16.175,17.065,15.654,16.782,1690523.6,2024-12-15 23:59:59.999,27675158.701
2024-12-16,16.787,17.292,15.75,16.248,1584564.1,2024-12-16 23:59:59.999,26045703.7087
2024-12-17,16.248,16.292,14.971,15.285,2113174.9,2024-12-17 23:59:59.999,33351924.9013
2024-12-18,15.288,15.354,13.2,13.594,2980887.4,2024-12-18 23:59:59.999,43144328.676
2024-12-19,13.597,13.812,11.814,12.369,3642648.1,2024-12-19 23:59:59.999,47242048.3356
2024-12-20,12.361,13.375,10.868,13.304,4738123.7,2024-12-20 23:59:59.999,58209301.8478
2024-12-21,13.303,15.025,13.236,13.565,7156055.9,2024-12-21 23:59:59.999,100682869.7981
2024-12-22,13.566,16.72,13.416,15.518,18619448.4,2024-12-22 23:59:59.999,285498689.7318
2024-12-23,15.517,16.002,14.608,15.559,9410602.5,2024-12-23 23:59:59.999,142834230.9418
2024-12-24,15.559,20.291,15.544,19.601,20344464.9,2024-12-24 23:59:59.999,378860129.0368
2024-12-25,19.603,21.436,18.579,19.258,12108159.8,2024-12-25 23:59:59.999,238445352.6537
2024-12-26,19.259,19.381,17.296,17.644,9739614.4,2024-12-26 23:59:59.999,176220545.383
2024-12-27,17.65,17.996,16.249,16.425,5649138.4,2024-12-27 23:59:59.999,96111189.2236
2024-12-28,16.427,16.92,15.517,16.463,3264255.5,2024-12-28 23:59:59.999,52436777.7302
2024-12-29,16.464,17.041,15.77,16.022,3212642.7,2024-12-29 23:59:59.999,52797870.7676
2024-12-30,16.022,16.322,14.849,15.129,3051843.4,2024-12-30 23:59:59.999,47363969.0453
2024-12-31,15.128,15.771,14.604,15.02,2235279.4,2024-12-31 23:59:59.999,33828575.1582
2025-01-01,15.02,15.685,14.437,15.499,1748334.3,2025-01-01 23:59:59.999,26244010.1707
2025-01-02,15.501,16.82,15.372,16.476,4346824.3,2025-01-02 23:59:59.999,69614164.2582
2025-01-03,16.476,17.282,15.537,17.133,2962936.3,2025-01-03 23:59:59.999,48740510.8227
2025-01-04,17.134,17.24,16.355,16.709,1710725.1,2025-01-04 23:59:59.999,28719045.2481
2025-01-05,16.71,17.018,16.033,16.597,1492598.6,2025-01-05 23:59:59.999,24545719.3346
2025-01-06,16.597,17.327,15.967,16.75,1784873.9,2025-01-06 23:59:59.999,29869196.7727
2025-01-07,16.75,16.75,14.586,14.608,2118063.7,2025-01-07 23:59:59.999,33143686.0514
2025-01-08,14.605,14.784,12.946,13.491,2377630.2,2025-01-08 23:59:59.999,32658447.0784
2025-01-09,13.488,13.902,12.904,13.516,3287201.3,2025-01-09 23:59:59.999,43913827.9875
2025-01-10,13.515,14.134,13.21,13.907,1900984.9,2025-01-10 23:59:59.999,26009860.9858
2025-01-11,13.906,14.118,13.469,13.737,944936.4,2025-01-11 23:59:59.999,12992795.2872
2025-01-12,13.737,13.83,13.255,13.46,713096.3,2025-01-12 23:59:59.999,9691861.627
2025-01-13,13.462,13.881,11.928,13.044,2122196.1,2025-01-13 23:59:59.999,26882832.5356
2025-01-14,13.044,13.606,12.924,13.527,1048651.2,2025-01-14 23:59:59.999,13832996.9154
2025-01-15,13.531,15.249,13.254,15.169,2421358.8,2025-01-15 23:59:59.999,33995417.73
2025-01-16,15.169,15.366,14.268,14.501,2208592.3,2025-01-16 23:59:59.999,32570000.9601
2025-01-17,14.503,15.24,14.503,15.082,1835912.2,2025-01-17 23:59:59.999,27454561.8098
2025-01-18,15.083,15.319,13.329,13.702,2258620.0,2025-01-18 23:59:59.999,31513577.4963
2025-01-19,13.702,14.205,12.123,12.442,3750584.5,2025-01-19 23:59:59.999,48762854.6608
2025-01-20,12.442,13.69,11.828,12.265,3377216.7,2025-01-20 23:59:59.999,42621061.0401
2025-01-21,12.264,12.831,11.55,12.528,2041183.4,2025-01-21 23:59:59.999,24804258.153
2025-01-22,12.527,13.061,12.239,12.449,1629137.9,2025-01-22 23:59:59.999,20567025.4474
2025-01-23,12.45,12.508,11.707,12.04,1853856.5,2025-01-23 23:59:59.999,22406732.5681
2025-01-24,12.042,12.592,11.589,11.789,1298709.1,2025-01-24 23:59:59.999,15771339.1854
2025-01-25,11.79,12.114,11.513,11.934,868310.7,2025-01-25 23:59:59.999,10271316.5348
2025-01-26,11.934,12.256,11.469,11.539,871670.3,2025-01-26 23:59:59.999,10401102.1882
2025-01-27,11.538,11.575,10.428,11.428,2222210.7,2025-01-27 23:59:59.999,24547374.456
2025-01-28,11.428,11.546,10.277,10.369,961755.9,2025-01-28 23:59:59.999,10565711.3579
2025-01-29,10.369,11.141,10.225,10.663,1251732.2,2025-01-29 23:59:59.999,13391626.9685
2025-01-30,10.663,11.549,10.505,11.257,1019349.2,2025-01-30 23:59:59.999,11347961.629
2025-01-31,11.258,12.002,10.971,11.366,1185311.0,2025-01-31 23:59:59.999,13580253.2688
2025-02-01,11.366,11.552,10.17,10.238,1309358.9,2025-02-01 23:59:59.999,14300949.5245
2025-02-02,10.239,10.538,8.527,9.109,2669077.6,2025-02-02 23:59:59.999,25732802.6016
2025-02-03,9.114,9.138,6.52,9.056,5459913.6,2025-02-03 23:59:59.999,43818820.3773
2025-02-04,9.056,9.159,7.937,8.213,2414561.9,2025-02-04 23:59:59.999,20138772.3248
2025-02-05,8.216,8.495,7.855,8.037,1445065.7,2025-02-05 23:59:59.999,11814176.9576
2025-02-06,8.036,8.261,7.562,7.641,1686622.9,2025-02-06 23:59:59.999,13240707.0205
2025-02-07,7.641,8.399,7.615,7.891,1686826.6,2025-02-07 23:59:59.999,13484574.4594
2025-02-08,7.89,7.995,7.622,7.938,1205000.6,2025-02-08 23:59:59.999,9390143.7237
2025-02-09,7.938,8.237,7.466,7.867,1467416.4,2025-02-09 23:59:59.999,11594098.2174
2025-02-10,7.866,8.068,7.536,8.06,1405641.6,2025-02-10 23:59:59.999,11051622.2198
2025-02-11,8.059,8.472,7.753,7.894,1421000.6,2025-02-11 23:59:59.999,11571227.6708
2025-02-12,7.892,8.146,7.431,8.135,1633863.8,2025-02-12 23:59:59.999,12748211.1758
2025-02-13,8.134,8.599,7.611,7.864,2703626.0,2025-02-13 23:59:59.999,22082863.973
2025-02-14,7.864,8.342,7.825,8.125,1327882.4,2025-02-14 23:59:59.999,10719032.9979
2025-02-15,8.125,8.236,7.69,7.798,978159.4,2025-02-15 23:59:59.999,7806442.6427
2025-02-16,7.795,8.309,7.728,8.041,1468002.2,2025-02-16 23:59:59.999,11796181.2158
2025-02-17,8.042,8.298,7.647,7.782,1676506.5,2025-02-17 23:59:59.999,13336824.956
2025-02-18,7.782,7.817,6.801,7.123,2712514.1,2025-02-18 23:59:59.999,19649221.944
2025-02-19,7.122,7.372,6.953,7.085,1731808.4,2025-02-19 23:59:59.999,12373141.7119
2025-02-20,7.085,7.501,7.059,7.48,1847018.5,2025-02-20 23:59:59.999,13433679.1431
2025-02-21,7.48,7.925,7.073,7.119,2588142.6,2025-02-21 23:59:59.999,19529062.9827
2025-02-22,7.121,7.614,7.068,7.571,1220675.1,2025-02-22 23:59:59.999,8987670.7664
2025-02-23,7.57,7.596,7.244,7.398,920897.2,2025-02-23 23:59:59.999,6823311.4699
2025-02-24,7.399,7.436,6.168,6.283,2316629.8,2025-02-24 23:59:59.999,15791814.5783
2025-02-25,6.281,6.736,5.898,6.61,2577388.1,2025-02-25 23:59:59.999,16139392.4716
2025-02-26,6.612,8.067,6.575,6.995,9400035.1,2025-02-26 23:59:59.999,68903298.2715
2025-02-27,6.996,7.2,6.741,6.909,2288634.9,2025-02-27 23:59:59.999,16040596.1741
2025-02-28,6.91,6.919,6.222,6.632,3901956.4,2025-02-28 23:59:59.999,25263640.6223
2025-03-01,6.633,6.699,6.3,6.509,1723300.4,2025-03-01 23:59:59.999,11173336.9867
2025-03-02,6.51,7.523,6.398,7.507,2979189.9,2025-03-02 23:59:59.999,20687677.4432
2025-03-03,7.506,7.533,6.089,6.186,3525962.3,2025-03-03 23:59:59.999,23843158.2231
2025-03-04,6.185,6.228,5.624,6.099,2927113.3,2025-03-04 23:59:59.999,17440546.8581
2025-03-05,6.101,6.339,5.966,6.311,1080156.4,2025-03-05 23:59:59.999,6657350.081
2025-03-06,6.312,6.441,6.013,6.081,1038323.5,2025-03-06 23:59:59.999,6478225.559
2025-03-07,6.08,6.323,5.739,6.02,1455439.6,2025-03-07 23:59:59.999,8825643.8421
2025-03-08,6.019,6.091,5.851,5.929,733024.4,2025-03-08 23:59:59.999,4365811.7558
2025-03-09,5.93,6.071,5.323,5.472,1587281.1,2025-03-09 23:59:59.999,8988601.2676
2025-03-10,5.474,5.745,4.781,4.945,2175160.9,2025-03-10 23:59:59.999,11566953.3258
2025-03-11,4.946,5.314,4.577,5.229,2121914.5,2025-03-11 23:59:59.999,10581594.3654
2025-03-12,5.228,5.529,5.054,5.356,1697046.8,2025-03-12 23:59:59.999,8946055.6081
2025-03-13,5.356,5.432,5.053,5.171,1012843.3,2025-03-13 23:59:59.999,5325364.7093
2025-03-14,5.172,5.448,5.148,5.391,1160294.2,2025-03-14 23:59:59.999,6132173.5076
2025-03-15,5.39,5.603,5.331,5.548,755051.0,2025-03-15 23:59:59.999,4128483.5017
2025-03-16,5.548,5.755,5.261,5.318,1754891.8,2025-03-16 23:59:59.999,9658427.6445
2025-03-17,5.319,6.082,5.316,5.73,2193520.5,2025-03-17 23:59:59.999,12445539.5126
2025-03-18,5.731,5.753,5.405,5.652,1790623.6,2025-03-18 23:59:59.999,9999037.856
2025-03-19,5.652,5.77,5.535,5.705,1286642.8,2025-03-19 23:59:59.999,7292840.0927
2025-03-20,5.704,5.807,5.359,5.418,1426644.9,2025-03-20 23:59:59.999,7903170.6708
2025-03-21,5.418,5.52,5.299,5.446,1028628.4,2025-03-21 23:59:59.999,5562594.6316
2025-03-22,5.445,6.01,5.369,5.612,1847037.2,2025-03-22 23:59:59.999,10507702.9267
2025-03-23,5.611,5.674,5.341,5.457,1476115.0,2025-03-23 23:59:59.999,8137207.5655
2025-03-24,5.458,5.983,5.382,5.874,2939889.1,2025-03-24 23:59:59.999,16993295.2605
2025-03-25,5.873,6.036,5.722,5.937,2656296.4,2025-03-25 23:59:59.999,15661856.0446
2025-03-26,5.937,6.032,5.575,5.652,2121365.9,2025-03-26 23:59:59.999,12376843.245
2025-03-27,5.652,5.819,5.504,5.576,1459029.2,2025-03-27 23:59:59.999,8284962.3526
2025-03-28,5.576,5.586,4.909,5.087,2683528.7,2025-03-28 23:59:59.999,13752711.023
2025-03-29,5.085,5.11,4.555,4.713,1560044.1,2025-03-29 23:59:59.999,7469901.8581
2025-03-30,4.714,4.905,4.661,4.84,1030106.4,2025-03-30 23:59:59.999,4956215.9139
2025-03-31,4.841,4.991,4.706,4.802,2190692.7,2025-03-31 23:59:59.999,10662242.5512
2025-04-01,4.802,5.076,4.766,4.858,1535017.7,2025-04-01 23:59:59.999,7559038.865
2025-04-02,4.856,4.944,4.448,4.498,2396431.0,2025-04-02 23:59:59.999,11343136.9237
2025-04-03,4.499,4.699,4.259,4.492,1640163.6,2025-04-03 23:59:59.999,7264841.6396
2025-04-04,4.493,4.644,4.191,4.404,3201607.5,2025-04-04 23:59:59.999,14025381.5832
2025-04-05,4.405,4.457,4.205,4.34,1434941.5,2025-04-05 23:59:59.999,6170358.7943
2025-04-06,4.341,4.365,3.776,3.886,1920475.9,2025-04-06 23:59:59.999,7747829.5845
2025-04-07,3.888,4.039,3.467,3.875,2683507.8,2025-04-07 23:59:59.999,10115615.8679
2025-04-08,3.877,4.086,3.204,3.487,12913629.2,2025-04-08 23:59:59.999,46568367.2206
2025-04-09,3.485,4.142,3.412,3.993,12821559.6,2025-04-09 23:59:59.999,48915986.4574
2025-04-10,3.992,4.042,3.715,3.862,4317698.7,2025-04-10 23:59:59.999,16670949.0852
2025-04-11,3.861,3.992,3.823,3.928,1858638.1,2025-04-11 23:59:59.999,7258586.9417
2025-04-12,3.927,4.138,3.826,4.095,1482863.2,2025-04-12 23:59:59.999,5916471.5789
2025-04-13,4.095,4.109,3.812,3.854,1422388.8,2025-04-13 23:59:59.999,5631957.0651
2025-04-14,3.854,4.026,3.824,3.907,1403295.7,2025-04-14 23:59:59.999,5504781.1422
2025-04-15,3.908,4.005,3.774,3.797,1055656.3,2025-04-15 23:59:59.999,4106892.8809
2025-04-16,3.796,3.845,3.665,3.799,1143629.0,2025-04-16 23:59:59.999,4321869.0395
2025-04-17,3.799,3.902,3.717,3.834,1557777.1,2025-04-17 23:59:59.999,5942612.4473
2025-04-18,3.835,3.952,3.789,3.9,864923.9,2025-04-18 23:59:59.999,3360023.7701
2025-04-19,3.9,4.096,3.891,4.022,1020438.7,2025-04-19 23:59:59.999,4095129.9301
2025-04-20,4.022,4.194,3.997,4.162,1126934.0,2025-04-20 23:59:59.999,4629919.1114
2025-04-21,4.161,4.31,4.088,4.11,1709100.6,2025-04-21 23:59:59.999,7197390.5023
2025-04-22,4.111,5.961,4.026,5.484,29477300.5,2025-04-22 23:59:59.999,159326313.2483
2025-04-23,5.48,6.239,5.034,5.12,17580183.2,2025-04-23 23:59:59.999,97520762.1672
2025-04-24,5.12,5.191,4.844,5.172,3673694.4,2025-04-24 23:59:59.999,18483798.8972
2025-04-25,5.173,5.682,5.036,5.382,5104347.3,2025-04-25 23:59:59.999,27401391.1782
2025-04-26,5.384,5.759,5.341,5.42,2517486.8,2025-04-26 23:59:59.999,13902283.5928
2025-04-27,5.42,5.433,5.063,5.08,1336276.9,2025-04-27 23:59:59.999,6952782.3247
2025-04-28,5.08,5.35,4.953,5.226,1858700.9,2025-04-28 23:59:59.999,9609155.4452
2025-04-29,5.226,5.341,4.863,4.982,1294722.6,2025-04-29 23:59:59.999,6661853.9102
2025-04-30,4.981,5.08,4.873,5.033,1181667.0,2025-04-30 23:59:59.999,5900133.3012
2025-05-01,5.034,5.196,4.923,5.076,1223070.2,2025-05-01 23:59:59.999,6201478.26
2025-05-02,5.076,5.159,4.73,4.867,1812661.5,2025-05-02 23:59:59.999,8950410.7106
2025-05-03,4.866,4.882,4.652,4.757,1339456.5,2025-05-03 23:59:59.999,6425175.262
2025-05-04,4.757,4.787,4.619,4.684,1037151.5,2025-05-04 23:59:59.999,4882481.3207
2025-05-05,4.684,4.798,4.621,4.671,1350714.8,2025-05-05 23:59:59.999,6374790.6766
2025-05-06,4.67,4.764,4.37,4.592,1850444.8,2025-05-06 23:59:59.999,8463914.6626
2025-05-07,4.591,4.723,4.472,4.633,1310934.1,2025-05-07 23:59:59.999,6008833.4773
2025-05-08,4.634,5.218,4.609,5.208,2143948.4,2025-05-08 23:59:59.999,10540745.0911
2025-05-09,5.207,5.675,5.164,5.545,3821138.9,2025-05-09 23:59:59.999,20729432.3579
2025-05-10,5.546,6.291,5.417,6.257,5251627.3,2025-05-10 23:59:59.999,30563911.3418
2025-05-11,6.256,6.4,5.78,5.988,3930789.8,2025-05-11 23:59:59.999,23939665.2447
2025-05-12,5.989,6.311,5.579,6.022,3168809.4,2025-05-12 23:59:59.999,19053052.851
2025-05-13,6.022,6.407,5.613,6.26,2337557.0,2025-05-13 23:59:59.999,13957553.9316
2025-05-14,6.26,6.699,5.932,6.158,4156303.1,2025-05-14 23:59:59.999,26038054.3718
2025-05-15,6.158,6.26,5.528,5.679,3139952.3,2025-05-15 23:59:59.999,18438120.2764
2025-05-16,5.681,5.997,5.504,5.541,2151126.1,2025-05-16 23:59:59.999,12465592.1509
2025-05-17,5.54,5.556,5.237,5.337,1455334.4,2025-05-17 23:59:59.999,7813098.4348
2025-05-18,5.338,5.809,5.176,5.657,2022255.9,2025-05-18 23:59:59.999,11167858.2533
2025-05-19,5.661,5.714,5.103,5.307,2172591.5,2025-05-19 23:59:59.999,11445280.1484
2025-05-20,5.309,5.47,5.163,5.378,1416927.2,2025-05-20 23:59:59.999,7514244.7449
2025-05-21,5.377,5.713,5.28,5.573,1910360.5,2025-05-21 23:59:59.999,10422159.2635
2025-05-22,5.575,6.08,5.553,6.02,1784758.9,2025-05-22 23:59:59.999,10458323.8759
2025-05-23,6.021,6.17,5.338,5.384,2645643.4,2025-05-23 23:59:59.999,15174907.3505
2025-05-24,5.386,5.624,5.34,5.444,1092289.0,2025-05-24 23:59:59.999,6002143.8729
2025-05-25,5.444,5.476,5.082,5.451,1250264.7,2025-05-25 23:59:59.999,6596705.6636
2025-05-26,5.45,5.591,5.375,5.48,1379060.4,2025-05-26 23:59:59.999,7565109.9382
2025-05-27,5.48,5.73,5.297,5.584,1585025.3,2025-05-27 23:59:59.999,8812292.8524
2025-05-28,5.583,5.708,5.3,5.545,1560435.3,2025-05-28 23:59:59.999,8578997.5546
2025-05-29,5.544,5.765,5.386,5.472,1779095.4,2025-05-29 23:59:59.999,9927211.1465
2025-05-30,5.47,13.476,5.129,11.67,375552983.7,2025-05-30 23:59:59.999,3937216728.209
2025-05-31,11.67,13.0,8.638,9.632,197572574.2,2025-05-31 23:59:59.999,2087895450.8671
2025-06-01,9.632,9.843,8.374,8.927,77150548.3,2025-06-01 23:59:59.999,694394547.6618
2025-06-02,8.926,9.008,7.991,8.442,37917560.3,2025-06-02 23:59:59.999,315473002.564
2025-06-03,8.443,8.793,7.808,7.863,21345267.7,2025-06-03 23:59:59.999,175341732.0524
2025-06-04,7.864,10.777,7.51,10.419,85269861.5,2025-06-04 23:59:59.999,806730540.793
2025-06-05,10.418,10.668,7.815,7.882,92541129.6,2025-06-05 23:59:59.999,814554578.2345
2025-06-06,7.882,8.087,7.082,7.191,41016753.7,2025-06-06 23:59:59.999,315191223.3605
2025-06-07,7.191,7.797,7.176,7.53,29125397.2,2025-06-07 23:59:59.999,217429440.0208
2025-06-08,7.531,8.417,7.477,7.893,55801236.5,2025-06-08 23:59:59.999,447945942.3575
2025-06-09,7.892,8.184,7.464,8.079,21188186.8,2025-06-09 23:59:59.999,163567949.5418
2025-06-10,8.08,8.821,7.835,8.21,34173337.7,2025-06-10 23:59:59.999,283171922.5611
2025-06-11,8.209,8.349,7.658,7.674,16346859.2,2025-06-11 23:59:59.999,131940355.5924
2025-06-12,7.675,8.33,7.251,7.353,24533701.8,2025-06-12 23:59:59.999,190021471.0893
2025-06-13,7.353,7.388,6.714,7.001,22004837.3,2025-06-13 23:59:59.999,154146306.6219
2025-06-14,7.0,7.27,6.627,6.808,14409870.2,2025-06-14 23:59:59.999,99767414.288
2025-06-15,6.808,6.99,6.7,6.901,9171325.0,2025-06-15 23:59:59.999,62628327.2493
2025-06-16,6.902,6.983,6.432,6.465,10719787.7,2025-06-16 23:59:59.999,73056285.3216
2025-06-17,6.465,6.61,6.13,6.265,11371033.8,2025-06-17 23:59:59.999,72222605.6446
2025-06-18,6.265,6.462,6.015,6.289,10392554.2,2025-06-18 23:59:59.999,64644368.2009
2025-06-19,6.289,6.387,6.124,6.192,6741568.2,2025-06-19 23:59:59.999,41977671.4187
2025-06-20,6.193,6.364,5.8,5.867,8277378.7,2025-06-20 23:59:59.999,50435754.7998
2025-06-21,5.868,6.108,5.487,5.651,7031900.5,2025-06-21 23:59:59.999,41341833.1389
2025-06-22,5.65,5.71,5.293,5.469,10807080.3,2025-06-22 23:59:59.999,59122882.1207
2025-06-23,5.469,6.141,5.307,6.103,8626503.3,2025-06-23 23:59:59.999,48600776.4969
2025-06-24,6.103,6.769,5.979,6.056,13976899.6,2025-06-24 23:59:59.999,88195449.7764
2025-06-25,6.056,6.172,5.637,5.654,7394383.5,2025-06-25 23:59:59.999,43440146.244
2025-06-26,5.653,5.813,5.446,5.527,6230244.1,2025-06-26 23:59:59.999,35008063.7463
2025-06-27,5.526,6.599,5.436,6.046,34825935.0,2025-06-27 23:59:59.999,215509214.6185
2025-06-28,6.047,6.049,5.752,5.902,13540993.4,2025-06-28 23:59:59.999,79360292.0302
2025-06-29,5.902,6.972,5.892,6.618,47159866.3,2025-06-29 23:59:59.999,311664708.948
2025-06-30,6.617,6.758,6.146,6.18,15311273.6,2025-06-30 23:59:59.999,97313835.364
2025-07-01,6.179,6.274,5.905,6.107,12005311.5,2025-07-01 23:59:59.999,72689129.0484
2025-07-02,6.108,6.384,5.881,6.308,9363282.9,2025-07-02 23:59:59.999,57293052.2052
2025-07-03,6.309,6.425,6.131,6.271,6795317.4,2025-07-03 23:59:59.999,42682089.9558
2025-07-04,6.271,6.301,5.871,5.966,5557297.2,2025-07-04 23:59:59.999,33599354.8847
2025-07-05,5.965,6.65,5.947,6.275,23014415.4,2025-07-05 23:59:59.999,145102874.5549
2025-07-06,6.274,6.304,6.012,6.217,10995489.2,2025-07-06 23:59:59.999,67541470.2353
2025-07-07,6.218,6.308,6.028,6.07,6002230.4,2025-07-07 23:59:59.999,37074829.3959
2025-07-08,6.071,6.178,5.968,6.171,4013898.4,2025-07-08 23:59:59.999,24357036.4323
2025-07-09,6.171,6.317,6.068,6.295,4822305.0,2025-07-09 23:59:59.999,29796122.6554
2025-07-10,6.295,6.758,6.232,6.716,6585496.2,2025-07-10 23:59:59.999,42385280.535
2025-07-11,6.718,7.055,6.495,6.585,9093216.1,2025-07-11 23:59:59.999,62184455.3594
2025-07-12,6.587,6.741,6.309,6.466,4548723.3,2025-07-12 23:59:59.999,29792977.1485
2025-07-13,6.466,6.756,6.444,6.561,4148772.5,2025-07-13 23:59:59.999,27382674.4999
2025-07-14,6.561,7.084,6.522,6.788,7885479.0,2025-07-14 23:59:59.999,53738594.3672
2025-07-15,6.789,6.975,6.435,6.966,5904574.8,2025-07-15 23:59:59.999,39445184.037
2025-07-16,6.965,7.249,6.789,7.07,4983099.9,2025-07-16 23:59:59.999,34771648.952
2025-07-17,7.07,7.272,6.795,7.237,5534246.8,2025-07-17 23:59:59.999,38940490.6749
2025-07-18,7.237,7.899,7.092,7.272,7073183.0,2025-07-18 23:59:59.999,52479416.0078
2025-07-19,7.275,7.348,7.002,7.251,2639774.4,2025-07-19 23:59:59.999,18940976.9975
2025-07-20,7.251,7.709,7.212,7.62,3761299.1,2025-07-20 23:59:59.999,28147346.9611
2025-07-21,7.622,7.95,7.411,7.793,4701238.8,2025-07-21 23:59:59.999,36282077.0519
2025-07-22,7.793,7.9,7.268,7.73,5084066.2,2025-07-22 23:59:59.999,38270258.6452
2025-07-23,7.729,7.74,6.71,7.016,5120893.8,2025-07-23 23:59:59.999,36679699.4639
2025-07-24,7.017,7.185,6.441,6.842,5232409.4,2025-07-24 23:59:59.999,35841790.4538
2025-07-25,6.843,6.947,6.51,6.91,4542980.8,2025-07-25 23:59:59.999,30578184.2394
2025-07-26,6.911,6.964,6.792,6.838,1713376.1,2025-07-26 23:59:59.999,11789210.6779
2025-07-27,6.837,7.257,6.809,7.223,2200694.5,2025-07-27 23:59:59.999,15430656.992
2025-07-28,7.223,7.385,6.652,6.724,3848276.1,2025-07-28 23:59:59.999,27326585.7665
2025-07-29,6.725,6.95,6.469,6.612,3360968.0,2025-07-29 23:59:59.999,22547451.9883
2025-07-30,6.613,6.645,6.176,6.559,3049900.6,2025-07-30 23:59:59.999,19685108.6986
2025-07-31,6.56,6.768,6.179,6.217,2332259.2,2025-07-31 23:59:59.999,15235411.2908
2025-08-01,6.217,6.239,5.759,5.957,4193663.3,2025-08-01 23:59:59.999,25349963.8377
2025-08-02,5.957,6.057,5.732,5.854,2606927.1,2025-08-02 23:59:59.999,15441167.2297
2025-08-03,5.855,6.129,5.757,6.095,1247532.8,2025-08-03 23:59:59.999,7491610.9854
2025-08-04,6.096,6.478,6.079,6.46,1814775.1,2025-08-04 23:59:59.999,11375407.7279
2025-08-05,6.46,6.474,5.991,6.136,2087237.0,2025-08-05 23:59:59.999,13018305.5014
2025-08-06,6.136,6.293,5.968,6.227,2023119.6,2025-08-06 23:59:59.999,12433962.2166
2025-08-07,6.227,6.567,6.153,6.564,1887543.1,2025-08-07 23:59:59.999,12002403.878
2025-08-08,6.565,6.791,6.475,6.712,2148552.5,2025-08-08 23:59:59.999,14217888.7164
2025-08-09,6.713,7.007,6.662,6.926,2287801.5,2025-08-09 23:59:59.999,15742484.717
2025-08-10,6.926,7.085,6.66,6.885,2342962.0,2025-08-10 23:59:59.999,16076998.4551
2025-08-11,6.886,7.29,6.372,6.429,3590805.4,2025-08-11 23:59:59.999,24570982.0571
2025-08-12,6.428,6.985,6.284,6.895,2825307.5,2025-08-12 23:59:59.999,18694954.3921
2025-08-13,6.896,7.191,6.793,7.131,2382070.3,2025-08-13 23:59:59.999,16701220.6896
2025-08-14,7.131,7.229,6.345,6.492,3842612.4,2025-08-14 23:59:59.999,25823807.6219
2025-08-15,6.492,6.666,6.19,6.429,2522419.7,2025-08-15 23:59:59.999,16261710.8323
2025-08-16,6.428,6.92,6.389,6.804,2389987.1,2025-08-16 23:59:59.999,15880799.3754
2025-08-17,6.804,7.404,6.753,6.758,10506403.9,2025-08-17 23:59:59.999,74561866.2198
2025-08-18,6.757,6.875,6.294,6.336,5228430.8,2025-08-18 23:59:59.999,33909030.7794
2025-08-19,6.335,6.41,6.04,6.085,3368525.0,2025-08-19 23:59:59.999,20904004.2339
2025-08-20,6.087,6.471,6.033,6.428,2612756.3,2025-08-20 23:59:59.999,16341387.0153
2025-08-21,6.428,6.48,6.178,6.253,1428843.6,2025-08-21 23:59:59.999,9008538.7136
2025-08-22,6.253,6.877,6.007,6.843,3583454.4,2025-08-22 23:59:59.999,23135107.4049
2025-08-23,6.844,6.866,6.563,6.752,1844265.9,2025-08-23 23:59:59.999,12424945.2339
2025-08-24,6.752,6.865,6.513,6.592,2412693.7,2025-08-24 23:59:59.999,16022439.5689
2025-08-25,6.593,6.7,5.75,5.91,3542182.3,2025-08-25 23:59:59.999,21785634.7249
2025-08-26,5.91,6.971,5.862,6.729,12478380.7,2025-08-26 23:59:59.999,81616340.9753
2025-08-27,6.728,8.45,6.573,7.346,73870393.4,2025-08-27 23:59:59.999,566114594.5997
2025-08-28,7.347,9.143,7.224,7.642,59563768.1,2025-08-28 23:59:59.999,489450863.0823
2025-08-29,7.64,8.115,6.805,6.929,15418648.4,2025-08-29 23:59:59.999,114149623.7981
2025-08-30,6.93,7.367,6.748,7.078,9288981.9,2025-08-30 23:59:59.999,65845914.4853
2025-08-31,7.077,7.231,6.836,6.853,5122786.9,2025-08-31 23:59:59.999,36070696.1034
2025-09-01,6.853,6.916,6.47,6.614,4490400.1,2025-09-01 23:59:59.999,30069438.0569
2025-09-02,6.614,6.83,6.558,6.7,3002494.1,2025-09-02 23:59:59.999,20089893.8605
2025-09-03,6.7,7.414,6.6,7.151,6657052.0,2025-09-03 23:59:59.999,46901211.9571
2025-09-04,7.152,7.152,6.534,6.612,4623390.9,2025-09-04 23:59:59.999,31352779.7061
2025-09-05,6.611,6.981,6.607,6.839,3525927.4,2025-09-05 23:59:59.999,24011165.0252
2025-09-06,6.839,7.361,6.802,6.942,8412251.5,2025-09-06 23:59:59.999,59516864.2763
2025-09-07,6.942,7.206,6.902,6.982,5287029.2,2025-09-07 23:59:59.999,37185810.1755
2025-09-08,6.981,7.13,6.917,7.037,3334139.9,2025-09-08 23:59:59.999,23387782.2454
2025-09-09,7.037,7.319,6.916,7.103,4475856.3,2025-09-09 23:59:59.999,31915326.0041
2025-09-10,7.104,7.198,6.937,7.068,2202468.6,2025-09-10 23:59:59.999,15612111.5991
2025-09-11,7.069,7.29,6.981,7.188,2769985.0,2025-09-11 23:59:59.999,19754520.0022
2025-09-12,7.188,7.354,7.043,7.335,2301470.5,2025-09-12 23:59:59.999,16567689.0112
2025-09-13,7.334,7.488,7.158,7.348,2771208.9,2025-09-13 23:59:59.999,20324885.5672
2025-09-14,7.347,7.355,6.943,6.991,2078901.2,2025-09-14 23:59:59.999,14825078.1954
2025-09-15,6.99,7.066,6.622,6.744,2759858.8,2025-09-15 23:59:59.999,18810649.7529
2025-09-16,6.744,6.83,6.61,6.774,1721642.5,2025-09-16 23:59:59.999,11576941.6224
2025-09-17,6.773,7.13,6.674,7.062,2262212.1,2025-09-17 23:59:59.999,15445876.2152
2025-09-18,7.063,7.245,6.961,7.144,2171529.9,2025-09-18 23:59:59.999,15444876.4525
2025-09-19,7.144,7.204,6.708,6.753,1929848.1,2025-09-19 23:59:59.999,13358004.6686
2025-09-20,6.752,6.927,6.687,6.88,1288258.8,2025-09-20 23:59:59.999,8796341.2644
2025-09-21,6.879,6.921,6.67,6.711,1132082.7,2025-09-21 23:59:59.999,7696565.468
2025-09-22,6.711,6.75,5.843,6.302,3312598.2,2025-09-22 23:59:59.999,20953218.1027
2025-09-23,6.302,6.466,6.112,6.283,2260623.6,2025-09-23 23:59:59.999,14314063.6703
2025-09-24,6.283,6.374,6.113,6.196,1795390.3,2025-09-24 23:59:59.999,11231705.8901
2025-09-25,6.197,6.207,5.76,5.879,2988136.7,2025-09-25 23:59:59.999,17872032.8775
2025-09-26,5.879,6.136,5.868,6.134,1922316.3,2025-09-26 23:59:59.999,11519051.5947
2025-09-27,6.134,6.137,6.013,6.03,1001859.2,2025-09-27 23:59:59.999,6081876.6176
2025-09-28,6.031,6.203,5.9,6.191,1392803.9,2025-09-28 23:59:59.999,8390830.1701
2025-09-29,6.191,6.232,6.016,6.154,1460569.9,2025-09-29 23:59:59.999,8961181.0487
2025-09-30,6.153,6.163,5.88,6.045,1521736.7,2025-09-30 23:59:59.999,9174713.0491
2025-10-01,6.044,6.74,5.998,6.489,3629939.1,2025-10-01 23:59:59.999,23197951.677
2025-10-02,6.49,6.801,6.442,6.597,3094050.2,2025-10-02 23:59:59.999,20415421.8619
2025-10-03,6.599,6.725,6.453,6.653,2032144.3,2025-10-03 23:59:59.999,13359031.019
2025-10-04,6.653,6.671,6.382,6.485,1310540.3,2025-10-04 23:59:59.999,8523181.6022
2025-10-05,6.485,6.675,6.353,6.411,1912980.2,2025-10-05 23:59:59.999,12503856.4872
2025-10-06,6.412,6.729,6.373,6.63,1610118.1,2025-10-06 23:59:59.999,10565187.9244
2025-10-07,6.63,6.667,6.241,6.265,2230710.8,2025-10-07 23:59:59.999,14352868.2
2025-10-08,6.265,6.498,6.21,6.464,1225505.2,2025-10-08 23:59:59.999,7779063.2617
2025-10-09,6.465,6.486,6.087,6.245,1600136.5,2025-10-09 23:59:59.999,9983995.4272
2025-10-10,6.246,6.742,2.11,4.46,12578415.9,2025-10-10 23:59:59.999,65289640.1516
2025-10-11,4.456,5.079,4.436,4.621,7474532.8,2025-10-11 23:59:59.999,35066058.4506
2025-10-12,4.622,5.31,4.5,5.28,8073362.3,2025-10-12 23:59:59.999,39344756.0347
2025-10-13,5.279,5.589,5.169,5.561,4028072.7,2025-10-13 23:59:59.999,21593243.0709
2025-10-14,5.561,5.582,5.008,5.368,3642837.6,2025-10-14 23:59:59.999,19095919.4979
2025-10-15,5.367,5.547,5.075,5.169,2635203.3,2025-10-15 23:59:59.999,14024249.7118
2025-10-16,5.169,5.289,4.909,4.967,2710235.9,2025-10-16 23:59:59.999,13865819.3016
2025-10-17,4.968,5.038,4.598,4.859,3072957.8,2025-10-17 23:59:59.999,14776194.6418
2025-10-18,4.861,5.006,4.85,4.924,1033486.7,2025-10-18 23:59:59.999,5092327.005
2025-10-19,4.925,5.147,4.843,5.045,1188383.7,2025-10-19 23:59:59.999,5930380.4321
2025-10-20,5.044,5.284,4.954,5.164,1583868.0,2025-10-20 23:59:59.999,8187987.6406
2025-10-21,5.162,5.285,4.93,4.941,1982098.5,2025-10-21 23:59:59.999,10087314.0317
2025-10-22,4.941,4.995,4.6,4.796,2280784.5,2025-10-22 23:59:59.999,11052157.1346
2025-10-23,4.797,4.976,4.781,4.914,1048857.2,2025-10-23 23:59:59.999,5117743.3969
2025-10-24,4.915,5.236,4.91,5.161,3759297.4,2025-10-24 23:59:59.999,18968319.4645
2025-10-25,5.161,5.166,4.997,5.064,925714.2,2025-10-25 23:59:59.999,4685713.713
2025-10-26,5.065,5.283,5.02,5.215,1241521.1,2025-10-26 23:59:59.999,6398011.7746
2025-10-27,5.215,5.357,5.032,5.06,2068921.3,2025-10-27 23:59:59.999,10746725.5798
2025-10-28,5.06,5.161,4.843,4.959,1582727.2,2025-10-28 23:59:59.999,7953222.0331
2025-10-29,4.959,5.078,4.807,4.954,1558593.8,2025-10-29 23:59:59.999,7727369.032
2025-10-30,4.955,5.011,4.41,4.612,2592153.0,2025-10-30 23:59:59.999,12125367.6251
2025-10-31,4.612,4.768,4.601,4.696,1570615.4,2025-10-31 23:59:59.999,7362500.5177
2025-11-01,4.696,5.786,4.681,5.414,23707047.7,2025-11-01 23:59:59.999,129221694.303
2025-11-02,5.413,6.373,5.352,5.644,42894820.3,2025-11-02 23:59:59.999,251605370.6005
2025-11-03,5.644,5.653,4.548,4.904,16026389.5,2025-11-03 23:59:59.999,80641577.6481
2025-11-04,4.904,5.283,4.634,4.797,14778330.9,2025-11-04 23:59:59.999,74198781.5956
2025-11-05,4.797,5.239,4.58,5.077,9846230.8,2025-11-05 23:59:59.999,49474968.0389
2025-11-06,5.077,5.545,4.953,5.298,7811822.3,2025-11-06 23:59:59.999,40431351.968
2025-11-07,5.297,5.8,5.084,5.655,8190556.4,2025-11-07 23:59:59.999,44306892.4308
2025-11-08,5.655,5.763,5.34,5.397,5096523.7,2025-11-08 23:59:59.999,28291182.1268
2025-11-09,5.397,5.423,5.109,5.347,2886944.1,2025-11-09 23:59:59.999,15235440.0789
2025-11-10,5.347,5.479,5.138,5.276,2611156.2,2025-11-10 23:59:59.999,13858591.5187
2025-11-11,5.277,5.529,5.039,5.107,5588541.9,2025-11-11 23:59:59.999,29681944.5409
2025-11-12,5.107,5.303,4.832,4.981,3115489.8,2025-11-12 23:59:59.999,15867710.1004
2025-11-13,4.982,5.044,4.636,4.764,2739984.3,2025-11-13 23:59:59.999,13374610.1891
2025-11-14,4.763,4.796,4.478,4.556,2956184.6,2025-11-14 23:59:59.999,13639837.4856
2025-11-15,4.555,4.713,4.542,4.675,1436613.4,2025-11-15 23:59:59.999,6671206.6351
2025-11-16,4.676,4.676,4.357,4.477,1879784.1,2025-11-16 23:59:59.999,8502439.8724
2025-11-17,4.477,4.893,4.332,4.388,4802170.0,2025-11-17 23:59:59.999,22251916.7362
2025-11-18,4.388,4.542,4.285,4.454,2482810.8,2025-11-18 23:59:59.999,10932407.389
2025-11-19,4.454,4.47,4.174,4.335,1920308.4,2025-11-19 23:59:59.999,8302951.2332
2025-11-20,4.336,4.572,4.208,4.292,5119279.4,2025-11-20 23:59:59.999,22354047.4559
2025-11-21,4.292,4.451,3.769,4.038,4880928.2,2025-11-21 23:59:59.999,20264412.9456
2025-11-22,4.038,4.138,3.77,3.97,2510407.9,2025-11-22 23:59:59.999,9878403.1248
2025-11-23,3.97,4.143,3.947,3.995,1409643.8,2025-11-23 23:59:59.999,5689364.7624
2025-11-24,3.996,4.171,3.909,4.122,1901994.3,2025-11-24 23:59:59.999,7666153.4405
2025-11-25,4.122,4.122,3.973,4.091,1260324.8,2025-11-25 23:59:59.999,5098640.0767
2025-11-26,4.092,4.391,3.969,4.136,3578258.2,2025-11-26 23:59:59.999,14806683.7635
2025-11-27,4.135,4.238,4.089,4.186,2437999.9,2025-11-27 23:59:59.999,10126692.1733
2025-11-28,4.186,4.235,4.054,4.096,1548461.3,2025-11-28 23:59:59.999,6444623.2167
2025-11-29,4.096,4.121,3.973,4.006,953791.2,2025-11-29 23:59:59.999,3864588.2902
2025-11-30,4.006,4.082,3.965,4.002,903654.3,2025-11-30 23:59:59.999,3637919.3946
2025-12-01,4.002,4.005,3.615,3.754,2596254.9,2025-12-01 23:59:59.999,9649844.7451
2025-12-02,3.755,4.019,3.669,3.918,1870166.4,2025-12-02 23:59:59.999,7177386.6228
2025-12-03,3.918,4.084,3.9,4.051,1808250.3,2025-12-03 23:59:59.999,7208545.2879
2025-12-04,4.051,4.066,3.844,3.907,1224450.1,2025-12-04 23:59:59.999,4871147.707
2025-12-05,3.907,3.937,3.677,3.732,1584935.4,2025-12-05 23:59:59.999,6033745.1312
2025-12-06,3.732,3.907,3.693,3.849,1363127.0,2025-12-06 23:59:59.999,5164164.1664
2025-12-07,3.85,3.883,3.656,3.753,1161726.0,2025-12-07 23:59:59.999,4392872.9185
2025-12-08,3.754,3.901,3.745,3.812,845984.9,2025-12-08 23:59:59.999,3237472.423
2025-12-09,3.812,4.011,3.722,3.928,1252252.5,2025-12-09 23:59:59.999,4829104.6754
2025-12-10,3.928,3.966,3.764,3.796,1211742.0,2025-12-10 23:59:59.999,4655102.7927
2025-12-11,3.796,3.799,3.555,3.67,1736400.8,2025-12-11 23:59:59.999,6330418.4724
2025-12-12,3.671,3.725,3.433,3.546,1373406.1,2025-12-12 23:59:59.999,4939034.4175
2025-12-13,3.546,3.661,3.545,3.641,861022.6,2025-12-13 23:59:59.999,3111510.4979
2025-12-14,3.641,3.648,3.416,3.461,829838.9,2025-12-14 23:59:59.999,2928684.0116
2025-12-15,3.461,3.537,3.198,3.327,1970689.9,2025-12-15 23:59:59.999,6650701.9205
2025-12-16,3.328,3.356,3.23,3.319,1102613.5,2025-12-16 23:59:59.999,3640797.4033
2025-12-17,3.319,3.357,3.11,3.145,1253379.1,2025-12-17 23:59:59.999,4054127.3941
2025-12-18,3.145,3.238,2.961,3.01,1807836.5,2025-12-18 23:59:59.999,5595649.8471
2025-12-19,3.01,3.187,2.969,3.145,1425572.4,2025-12-19 23:59:59.999,4431575.4692
2025-12-20,3.146,3.171,3.095,3.159,785030.9,2025-12-20 23:59:59.999,2457580.3583
2025-12-21,3.16,3.195,2.967,3.083,1403461.7,2025-12-21 23:59:59.999,4303746.2012
2025-12-22,3.082,3.143,2.998,3.027,1196665.2,2025-12-22 23:59:59.999,3678697.6733
2025-12-23,3.027,3.038,2.913,2.941,1901109.6,2025-12-23 23:59:59.999,5629783.6533
2025-12-24,2.941,2.949,2.837,2.901,1097917.6,2025-12-24 23:59:59.999,3165827.9573
2025-12-25,2.902,2.935,2.803,2.807,1027553.2,2025-12-25 23:59:59.999,2970531.505
2025-12-26,2.807,2.894,2.771,2.822,1209271.4,2025-12-26 23:59:59.999,3432974.1904
2025-12-27,2.821,3.218,2.82,3.007,13332387.9,2025-12-27 23:59:59.999,40702973.3922
2025-12-28,3.007,3.007,2.863,2.882,2708662.6,2025-12-28 23:59:59.999,7950975.2131
2025-12-29,2.882,2.992,2.833,2.836,2502574.4,2025-12-29 23:59:59.999,7264421.6236
2025-12-30,2.835,3.033,2.816,3.006,2997190.9,2025-12-30 23:59:59.999,8798680.7717
2025-12-31,3.006,3.039,2.827,2.899,2426963.1,2025-12-31 23:59:59.999,7142882.4255
2026-01-01,2.9,3.029,2.887,3.016,1271008.9,2026-01-01 23:59:59.999,3765575.6616
2026-01-02,3.016,3.123,2.976,3.119,1672486.2,2026-01-02 23:59:59.999,5083407.9508
2026-01-03,3.118,3.202,3.063,3.168,1473193.0,2026-01-03 23:59:59.999,4605644.8031
2026-01-04,3.167,3.359,3.115,3.196,5640578.5,2026-01-04 23:59:59.999,18110518.9076
2026-01-05,3.196,3.395,3.176,3.367,3458117.2,2026-01-05 23:59:59.999,11362316.0514
2026-01-06,3.367,3.503,3.227,3.425,2803981.8,2026-01-06 23:59:59.999,9448080.3121
2026-01-07,3.424,3.43,3.174,3.225,1626559.6,2026-01-07 23:59:59.999,5360932.1997
2026-01-08,3.225,3.269,3.048,3.118,1688207.8,2026-01-08 23:59:59.999,5305213.361
2026-01-09,3.119,3.21,3.069,3.129,1776204.9,2026-01-09 23:59:59.999,5557701.5999
2026-01-10,3.13,3.524,3.075,3.269,5512890.7,2026-01-10 23:59:59.999,18341105.1988
2026-01-11,3.268,3.268,3.083,3.14,2332633.5,2026-01-11 23:59:59.999,7421892.3961
2026-01-12,3.14,3.185,3.031,3.051,1591551.7,2026-01-12 23:59:59.999,4942824.2719
2026-01-13,3.051,3.578,3.039,3.432,2438158.2,2026-01-13 23:59:59.999,8018784.0904
2026-01-14,3.432,3.52,3.315,3.349,2699236.1,2026-01-14 23:59:59.999,9172622.9172
2026-01-15,3.349,3.361,3.103,3.16,1888781.2,2026-01-15 23:59:59.999,6105187.5246
2026-01-16,3.16,3.281,3.123,3.27,1473618.5,2026-01-16 23:59:59.999,4726574.6734
2026-01-17,3.271,3.362,3.212,3.252,1281179.3,2026-01-17 23:59:59.999,4205270.3585
2026-01-18,3.253,3.315,3.082,3.088,1651575.1,2026-01-18 23:59:59.999,5335348.7599
2026-01-19,3.087,3.089,2.703,2.973,2667545.8,2026-01-19 23:59:59.999,7824600.6512
2026-01-20,2.973,2.976,2.765,2.816,1655954.3,2026-01-20 23:59:59.999,4777237.927
2026-01-21,2.816,2.927,2.754,2.878,1729078.5,2026-01-21 23:59:59.999,4933172.6652
2026-01-22,2.878,2.921,2.778,2.814,797653.9,2026-01-22 23:59:59.999,2270233.0449
2026-01-23,2.815,2.916,2.788,2.841,1072568.6,2026-01-23 23:59:59.999,3057316.8854
2026-01-24,2.841,3.766,2.841,3.621,67425777.8,2026-01-24 23:59:59.999,231507123.1618
2026-01-25,3.62,3.799,3.001,3.076,26912294.3,2026-01-25 23:59:59.999,89395927.4358
2026-01-26,3.075,3.346,2.991,3.226,15236910.1,2026-01-26 23:59:59.999,48473188.1362
2026-01-27,3.226,3.378,3.156,3.225,8180903.3,2026-01-27 23:59:59.999,26546569.1526
2026-01-28,3.224,3.26,3.138,3.163,3348371.2,2026-01-28 23:59:59.999,10705853.3345
2026-01-29,3.164,3.19,2.93,3.003,3920044.5,2026-01-29 23:59:59.999,11973029.9316
2026-01-30,3.002,3.032,2.875,2.921,3373611.7,2026-01-30 23:59:59.999,9958385.2542
2026-01-31,2.921,2.921,2.38,2.632,4812955.9,2026-01-31 23:59:59.999,12885797.296
2026-02-01,2.632,2.678,2.486,2.536,2290681.9,2026-02-01 23:59:59.999,5926493.5195
2026-02-02,2.537,2.764,2.47,2.641,3932546.5,2026-02-02 23:59:59.999,10295463.4831
2026-02-03,2.64,2.729,2.525,2.634,2958800.8,2026-02-03 23:59:59.999,7772078.4912
2026-02-04,2.633,2.674,2.514,2.587,2191721.8,2026-02-04 23:59:59.999,5697954.3574
2026-02-05,2.587,2.64,2.205,2.242,5431473.9,2026-02-05 23:59:59.999,13054356.8853
2026-02-06,2.241,2.501,2.016,2.457,5248162.5,2026-02-06 23:59:59.999,11915116.5008
2026-02-07,2.456,2.504,2.349,2.472,2944903.8,2026-02-07 23:59:59.999,7197163.7113
2026-02-08,2.473,2.476,2.372,2.393,1628005.6,2026-02-08 23:59:59.999,3954519.5966
2026-02-09,2.392,2.448,2.292,2.418,1677621.0,2026-02-09 23:59:59.999,4000349.0305
2026-02-10,2.418,2.431,2.338,2.365,1497774.9,2026-02-10 23:59:59.999,3566227.4578
2026-02-11,2.365,2.384,2.252,2.356,2169904.4,2026-02-11 23:59:59.999,5031036.4944
2026-02-12,2.356,2.432,2.286,2.343,1810905.1,2026-02-12 23:59:59.999,4284883.1269
2026-02-13,2.344,2.667,2.344,2.49,27640653.0,2026-02-13 23:59:59.999,69714074.2045
2026-02-14,2.489,2.534,2.431,2.506,4712680.1,2026-02-14 23:59:59.999,11672567.6534
2026-02-15,2.506,2.553,2.324,2.385,4080719.0,2026-02-15 23:59:59.999,10000559.1345
2026-02-16,2.385,2.553,2.377,2.469,6703494.2,2026-02-16 23:59:59.999,16570966.5128
2026-02-17,2.469,2.515,2.433,2.468,3065896.7,2026-02-17 23:59:59.999,7573615.1196
2026-02-18,2.468,2.472,2.325,2.35,1869807.1,2026-02-18 23:59:59.999,4503055.0981
2026-02-19,2.35,2.376,2.256,2.324,1929268.0,2026-02-19 23:59:59.999,4464104.7888
2026-02-20,2.324,2.366,2.267,2.362,2200290.1,2026-02-20 23:59:59.999,5108889.169
2026-02-21,2.361,2.387,2.333,2.344,1332181.0,2026-02-21 23:59:59.999,3146847.8147
2026-02-22,2.343,2.343,2.242,2.263,1273816.8,2026-02-22 23:59:59.999,2914735.884
2026-02-23,2.263,2.273,2.152,2.197,2146522.9,2026-02-23 23:59:59.999,4730415.8826
2026-02-24,2.197,2.398,2.175,2.221,11728686.0,2026-02-24 23:59:59.999,26762237.9661
2026-02-25,2.22,2.474,2.196,2.406,4564266.5,2026-02-25 23:59:59.999,10695980.5498
2026-02-26,2.405,2.423,2.28,2.346,2462321.4,2026-02-26 23:59:59.999,5788585.9172
2026-02-27,2.346,2.439,2.251,2.3,2467110.6,2026-02-27 23:59:59.999,5806773.1087
2026-02-28,2.3,2.351,2.161,2.326,2654489.4,2026-02-28 23:59:59.999,5952412.7042
2026-03-01,2.326,2.41,2.236,2.285,2295669.7,2026-03-01 23:59:59.999,5343718.9325
2026-03-02,2.285,2.404,2.251,2.34,2184140.1,2026-03-02 23:59:59.999,5071701.579
2026-03-03,2.341,2.345,2.259,2.289,1658512.8,2026-03-03 23:59:59.999,3818890.1877
2026-03-04,2.29,2.417,2.251,2.369,2162670.7,2026-03-04 23:59:59.999,5053380.3995
2026-03-05,2.369,2.443,2.299,2.342,2345894.5,2026-03-05 23:59:59.999,5541836.0838
2026-03-06,2.343,2.379,2.248,2.262,1562881.5,2026-03-06 23:59:59.999,3622903.6554
2026-03-07,2.262,2.282,2.187,2.218,1063804.2,2026-03-07 23:59:59.999,2376722.3748
2026-03-08,2.218,2.277,2.186,2.22,4414182.9,2026-03-08 23:59:59.999,9854926.4921
2026-03-09,2.22,2.314,2.207,2.257,1887310.4,2026-03-09 23:59:59.999,4293251.2097
2026-03-10,2.257,2.33,2.233,2.268,1380751.3,2026-03-10 23:59:59.999,3154987.08
2026-03-11,2.269,2.295,2.235,2.262,1253166.8,2026-03-11 23:59:59.999,2840894.6493
2026-03-12,2.262,2.287,2.21,2.27,1446789.3,2026-03-12 23:59:59.999,3256249.8377
2026-03-13,2.269,2.356,2.25,2.282,1967764.1,2026-03-13 23:59:59.999,4521497.4287
2026-03-14,2.281,2.322,2.232,2.259,1136223.3,2026-03-14 23:59:59.999,2570252.6312
2026-03-15,2.259,2.326,2.235,2.324,1304967.9,2026-03-15 23:59:59.999,2983132.6756
2026-03-16,2.324,2.443,2.294,2.429,2251092.7,2026-03-16 23:59:59.999,5311643.4387
2026-03-17,2.429,2.448,2.353,2.387,1648457.3,2026-03-17 23:59:59.999,3950440.3188
2026-03-18,2.387,2.398,2.235,2.282,1667604.8,2026-03-18 23:59:59.999,3875289.0748
2026-03-19,2.282,2.296,2.191,2.231,1244882.9,2026-03-19 23:59:59.999,2780648.8924
2026-03-20,2.231,2.251,2.2,2.242,1093424.5,2026-03-20 23:59:59.999,2435490.4654
2026-03-21,2.242,2.251,2.146,2.168,952090.3,2026-03-21 23:59:59.999,2110560.4791
2026-03-22,2.169,2.197,2.105,2.129,1196272.4,2026-03-22 23:59:59.999,2579619.2869
2026-03-23,2.128,2.232,2.12,2.222,1931249.9,2026-03-23 23:59:59.999,4203788.234
2026-03-24,2.222,2.231,2.179,2.21,1084076.2,2026-03-24 23:59:59.999,2387310.4358
2026-03-25,2.211,2.243,2.198,2.224,900456.8,2026-03-25 23:59:59.999,1999683.1025
2026-03-26,2.224,2.226,2.104,2.137,1545514.7,2026-03-26 23:59:59.999,3319537.709
2026-03-27,2.137,2.151,2.065,2.075,1385923.5,2026-03-27 23:59:59.999,2911394.5387
2026-03-28,2.075,2.116,2.047,2.06,831572.8,2026-03-28 23:59:59.999,1733013.5676
2026-03-29,2.059,2.074,1.982,2.032,1511883.0,2026-03-29 23:59:59.999,3082791.9682
2026-03-30,2.033,2.129,2.032,2.041,1391983.5,2026-03-30 23:59:59.999,2899022.9626
2026-03-31,2.042,2.126,2.03,2.12,2654969.4,2026-03-31 23:59:59.999,5534446.8539
2026-04-01,2.12,2.133,2.079,2.083,1439931.3,2026-04-01 23:59:59.999,3026473.5165
2026-04-02,2.083,2.096,1.979,2.017,1689903.9,2026-04-02 23:59:59.999,3409726.6686
2026-04-03,2.017,2.042,1.999,2.021,924987.6,2026-04-03 23:59:59.999,1869093.4124
2026-04-04,2.022,2.033,2.004,2.022,697222.6,2026-04-04 23:59:59.999,1407763.4728
2026-04-05,2.023,2.037,1.988,2.037,825828.0,2026-04-05 23:59:59.999,1658231.1745
2026-04-06,2.038,2.111,2.019,2.035,2632076.3,2026-04-06 23:59:59.999,5443035.3838
2026-04-07,2.035,2.088,1.866,2.08,2551498.7,2026-04-07 23:59:59.999,5069816.3013
2026-04-08,2.08,2.084,1.998,2.006,1424061.9,2026-04-08 23:59:59.999,2915489.3684
2026-04-09,2.006,2.032,1.966,2.001,1562401.5,2026-04-09 23:59:59.999,3119031.9124
2026-04-10,2.001,2.745,1.979,2.213,33262112.5,2026-04-10 23:59:59.999,79699956.3917
2026-04-11,2.213,2.323,2.121,2.134,16371619.0,2026-04-11 23:59:59.999,35799515.7103
2026-04-12,2.134,2.184,2.036,2.066,7760801.7,2026-04-12 23:59:59.999,16280270.9284
2026-04-13,2.065,2.123,2.02,2.113,3404108.9,2026-04-13 23:59:59.999,6992654.2322
2026-04-14,2.113,2.159,2.046,2.077,2935250.0,2026-04-14 23:59:59.999,6183281.6823
2026-04-15,2.077,2.115,2.054,2.11,1907158.5,2026-04-15 23:59:59.999,3973202.8612
2026-04-16,2.111,2.242,2.105,2.224,4118878.2,2026-04-16 23:59:59.999,8946623.6474
2026-04-17,2.224,2.266,2.154,2.219,3158409.0,2026-04-17 23:59:59.999,6985354.0693
2026-04-18,2.218,2.273,2.109,2.126,3212845.5,2026-04-18 23:59:59.999,7035970.7649
2026-04-19,2.126,2.145,2.054,2.059,2144430.2,2026-04-19 23:59:59.999,4485796.5947
2026-04-20,2.059,2.129,2.057,2.115,1346040.5,2026-04-20 23:59:59.999,2814804.9455
2026-04-21,2.115,2.122,2.072,2.111,1243050.6,2026-04-21 23:59:59.999,2606188.9307
2026-04-22,2.111,2.167,2.104,2.112,1340594.1,2026-04-22 23:59:59.999,2868780.1319
2026-04-23,2.112,2.132,2.076,2.127,1442895.1,2026-04-23 23:59:59.999,3032625.2525
2026-04-24,2.128,2.154,2.108,2.134,1099455.4,2026-04-24 23:59:59.999,2346476.2751
2026-04-25,2.133,2.266,2.127,2.196,6040452.7,2026-04-25 23:59:59.999,13227674.4825
2026-04-26,2.195,2.339,2.153,2.174,6761503.9,2026-04-26 23:59:59.999,15015729.018
2026-04-27,2.173,2.209,2.092,2.134,2779077.9,2026-04-27 23:59:59.999,5952102.3288
2026-04-28,2.133,2.135,2.08,2.122,1634880.1,2026-04-28 23:59:59.999,3454514.3318
2026-04-29,2.123,2.166,2.03,2.082,2272444.1,2026-04-29 23:59:59.999,4783097.0772
2026-04-30,2.082,2.102,2.058,2.092,1518077.4,2026-04-30 23:59:59.999,3157661.9382
2026-05-01,2.091,2.116,2.076,2.113,1507503.8,2026-05-01 23:59:59.999,3166075.1478
2026-05-02,2.112,2.202,2.103,2.17,1829963.4,2026-05-02 23:59:59.999,3943690.1582
2026-05-03,2.171,2.171,2.115,2.124,1932748.1,2026-05-03 23:59:59.999,4132326.3229
2026-05-04,2.124,2.182,2.102,2.128,2264708.7,2026-05-04 23:59:59.999,4852339.6641
2026-05-05,2.129,2.196,2.129,2.183,1262867.6,2026-05-05 23:59:59.999,2731326.2604
2026-05-06,2.182,2.349,2.169,2.24,8782397.6,2026-05-06 23:59:59.999,19829012.8771
2026-05-07,2.24,2.278,2.194,2.26,3687687.0,2026-05-07 23:59:59.999,8261314.6671
2026-05-08,2.26,2.353,2.234,2.347,3505029.3,2026-05-08 23:59:59.999,7987053.9204
2026-05-09,2.347,2.391,2.295,2.312,2466695.1,2026-05-09 23:59:59.999,5775563.8894
2026-05-10,2.312,2.431,2.281,2.386,2789610.3,2026-05-10 23:59:59.999,6576087.216
2026-05-11,2.385,2.394,2.317,2.352,2397165.3,2026-05-11 23:59:59.999,5632504.3453
2026-05-12,2.351,2.367,2.208,2.254,2454578.6,2026-05-12 23:59:59.999,5595066.3869
2026-05-13,2.254,2.322,2.168,2.192,2134325.7,2026-05-13 23:59:59.999,4791458.118
2026-05-14,2.193,2.253,2.154,2.215,1628978.6,2026-05-14 23:59:59.999,3589782.7152
2026-05-15,2.214,2.237,2.084,2.115,2175904.3,2026-05-15 23:59:59.999,4669456.3444
2026-05-16,2.114,2.126,2.028,2.075,1703674.1,2026-05-16 23:59:59.999,3527346.9952
2026-05-17,2.074,2.109,1.95,2.041,1608067.8,2026-05-17 23:59:59.999,3319033.3406
2026-05-18,2.041,2.061,1.99,2.047,2094429.1,2026-05-18 23:59:59.999,4246423.9837
2026-05-19,2.048,2.061,1.996,2.009,987224.7,2026-05-19 23:59:59.999,2003121.4102
2026-05-20,2.009,2.06,1.998,2.034,1196176.9,2026-05-20 23:59:59.999,2426968.8973
2026-05-21,2.034,2.26,2.018,2.158,9201488.0,2026-05-21 23:59:59.999,19836613.2335
2026-05-22,2.158,2.35,2.068,2.088,15391540.8,2026-05-22 23:59:59.999,34272753.5981
2026-05-23,2.089,2.248,2.056,2.204,7745413.7,2026-05-23 23:59:59.999,16636715.7553
2026-05-24,2.203,2.303,2.13,2.18,4523131.7,2026-05-24 23:59:59.999,10029944.2557
2026-05-25,2.18,2.373,2.167,2.304,6021256.2,2026-05-25 23:59:59.999,13846872.4313
2026-05-26,2.304,2.428,2.252,2.285,6516539.6,2026-05-26 23:59:59.999,15125535.9837
2026-05-27,2.285,2.306,2.133,2.151,3652662.3,2026-05-27 23:59:59.999,8161087.0414
2026-05-28,2.151,2.177,2.045,2.107,3062102.5,2026-05-28 23:59:59.999,6452377.2546
