open_time,open,high,low,close,volume,close_time,quote_asset_volume
2020-10-15,1.0625,1.2231,1.0625,1.122,16485482.0,2020-10-15 23:59:59.999,19016012.2335
2020-10-16,1.121,1.1585,0.8112,0.8156,30730886.0,2020-10-16 23:59:59.999,28569589.6831
2020-10-17,0.8175,0.866,0.7195,0.8079,31125587.0,2020-10-17 23:59:59.999,24658885.1663
2020-10-18,0.8079,0.874,0.7988,0.8702,14539580.0,2020-10-18 23:59:59.999,12101577.9944
2020-10-19,0.8702,0.8718,0.7704,0.8014,13018718.0,2020-10-19 23:59:59.999,10681273.8438
2020-10-20,0.8013,0.8114,0.6695,0.6769,14388068.0,2020-10-20 23:59:59.999,10497291.3847
2020-10-21,0.6769,0.75,0.6727,0.706,19065607.0,2020-10-21 23:59:59.999,13611568.5228
2020-10-22,0.7058,0.789,0.7036,0.7495,17870686.0,2020-10-22 23:59:59.999,13520520.8125
2020-10-23,0.749,0.7557,0.6882,0.7289,11171339.0,2020-10-23 23:59:59.999,8123106.614
2020-10-24,0.7281,0.76,0.7057,0.7407,9673111.0,2020-10-24 23:59:59.999,7063327.6849
2020-10-25,0.7407,0.8586,0.7292,0.845,36973244.0,2020-10-25 23:59:59.999,29600417.3294
2020-10-26,0.8454,0.8547,0.7403,0.7796,24297500.0,2020-10-26 23:59:59.999,19214889.2733
2020-10-27,0.7798,0.8091,0.7454,0.7618,14518909.0,2020-10-27 23:59:59.999,11294692.9865
2020-10-28,0.7612,0.7808,0.6807,0.7015,15840356.0,2020-10-28 23:59:59.999,11478086.1781
2020-10-29,0.7017,0.726,0.671,0.6908,14042372.0,2020-10-29 23:59:59.999,9859388.298
2020-10-30,0.6905,0.7058,0.6117,0.6308,18959525.0,2020-10-30 23:59:59.999,12217658.1295
2020-10-31,0.6311,0.6573,0.6174,0.6395,13347997.0,2020-10-31 23:59:59.999,8508738.5906
2020-11-01,0.6395,0.6576,0.6003,0.6363,14991880.0,2020-11-01 23:59:59.999,9439481.1565
2020-11-02,0.636,0.652,0.598,0.6059,20899718.0,2020-11-02 23:59:59.999,13061857.6249
2020-11-03,0.6058,0.6124,0.5563,0.5626,8741653.0,2020-11-03 23:59:59.999,5084301.3376
2020-11-04,0.5627,0.5644,0.5249,0.5339,12733792.0,2020-11-04 23:59:59.999,6934833.0139
2020-11-05,0.534,0.717,0.5327,0.692,36309260.0,2020-11-05 23:59:59.999,23325500.1863
2020-11-06,0.692,0.7635,0.6852,0.7196,29378439.0,2020-11-06 23:59:59.999,21273769.1566
2020-11-07,0.7197,0.7938,0.6678,0.6965,24562003.0,2020-11-07 23:59:59.999,17780993.9208
2020-11-08,0.6963,0.8281,0.6805,0.8157,18380187.0,2020-11-08 23:59:59.999,14222536.233
2020-11-09,0.8151,0.9288,0.7972,0.9273,28751849.0,2020-11-09 23:59:59.999,24370632.9864
2020-11-10,0.9268,0.975,0.8781,0.9443,23227408.0,2020-11-10 23:59:59.999,21383615.4948
2020-11-11,0.9457,0.9929,0.8523,0.8579,15473582.0,2020-11-11 23:59:59.999,14171088.6387
2020-11-12,0.8576,0.8797,0.7569,0.7892,14558119.0,2020-11-12 23:59:59.999,11894885.8164
2020-11-13,0.7891,0.9177,0.7789,0.8987,19993943.0,2020-11-13 23:59:59.999,17034880.9008
2020-11-14,0.8996,0.9041,0.8216,0.8684,15233703.0,2020-11-14 23:59:59.999,13131716.5857
2020-11-15,0.8685,0.8869,0.7975,0.8307,14395683.0,2020-11-15 23:59:59.999,12012432.6142
2020-11-16,0.8297,0.9007,0.817,0.8674,13291644.0,2020-11-16 23:59:59.999,11509844.7903
2020-11-17,0.8666,0.9844,0.865,0.9329,16592553.0,2020-11-17 23:59:59.999,15451777.1912
2020-11-18,0.933,0.9486,0.8016,0.8332,15224773.0,2020-11-18 23:59:59.999,13060724.6748
2020-11-19,0.8337,0.8783,0.8085,0.8455,10232314.0,2020-11-19 23:59:59.999,8647102.4807
2020-11-20,0.8455,0.9497,0.8362,0.948,11567501.0,2020-11-20 23:59:59.999,10494170.7008
2020-11-21,0.9476,1.2175,0.9445,1.1876,39120520.0,2020-11-21 23:59:59.999,43049894.8598
2020-11-22,1.1878,1.1911,0.9977,1.0804,17861364.0,2020-11-22 23:59:59.999,19421674.0782
2020-11-23,1.0802,1.2279,1.058,1.1722,11203208.0,2020-11-23 23:59:59.999,12936273.9278
2020-11-24,1.1726,1.3041,1.1414,1.2465,13365512.0,2020-11-24 23:59:59.999,16261659.9986
2020-11-25,1.2479,1.308,1.078,1.1056,11288527.0,2020-11-25 23:59:59.999,13381228.3588
2020-11-26,1.1042,1.1328,0.9013,1.0092,24877029.0,2020-11-26 23:59:59.999,24380874.5474
2020-11-27,1.0101,1.05,0.94,0.9958,7439001.0,2020-11-27 23:59:59.999,7396783.6021
2020-11-28,0.9965,1.0377,0.959,1.0208,4576862.0,2020-11-28 23:59:59.999,4618572.0742
2020-11-29,1.0208,1.0448,0.9909,1.0143,4462075.0,2020-11-29 23:59:59.999,4534406.8819
2020-11-30,1.0155,1.0981,1.0155,1.0784,7741073.0,2020-11-30 23:59:59.999,8190323.7676
2020-12-01,1.0786,1.1335,0.9889,1.0613,12849239.0,2020-12-01 23:59:59.999,13653265.4839
2020-12-02,1.0611,1.2139,1.0411,1.1773,6918865.0,2020-12-02 23:59:59.999,7967914.0918
2020-12-03,1.177,1.1945,1.136,1.1561,2976312.0,2020-12-03 23:59:59.999,3459083.0087
2020-12-04,1.1559,1.2237,1.0938,1.1035,8757931.0,2020-12-04 23:59:59.999,10133545.8084
2020-12-05,1.1021,1.1427,1.0208,1.1115,9288692.0,2020-12-05 23:59:59.999,9947210.7501
2020-12-06,1.112,1.1264,1.0064,1.0323,5851691.0,2020-12-06 23:59:59.999,6163906.0422
2020-12-07,1.0325,1.0541,1.0115,1.0125,4962891.0,2020-12-07 23:59:59.999,5095745.0966
2020-12-08,1.0127,1.0223,0.9144,0.9329,6205357.0,2020-12-08 23:59:59.999,5965782.012
2020-12-09,0.9326,1.0145,0.91,0.9958,11846901.0,2020-12-09 23:59:59.999,11477789.2966
2020-12-10,0.996,1.0443,0.9557,0.9564,5691242.0,2020-12-10 23:59:59.999,5726650.4663
2020-12-11,0.9565,0.9593,0.8665,0.8686,7135302.0,2020-12-11 23:59:59.999,6440953.7648
2020-12-12,0.8684,0.9266,0.8684,0.9176,4956350.0,2020-12-12 23:59:59.999,4501654.3569
2020-12-13,0.918,0.9799,0.9174,0.9535,4644701.0,2020-12-13 23:59:59.999,4446698.9346
2020-12-14,0.953,1.011,0.9426,0.9942,4240962.0,2020-12-14 23:59:59.999,4159549.3972
2020-12-15,0.9942,1.0187,0.9756,1.0062,2931395.0,2020-12-15 23:59:59.999,2929076.0889
2020-12-16,1.0064,1.0498,0.9636,1.0487,4653826.0,2020-12-16 23:59:59.999,4687744.9114
2020-12-17,1.0488,1.0706,0.9858,0.9959,6326392.0,2020-12-17 23:59:59.999,6544302.7824
2020-12-18,0.9957,1.0239,0.9741,1.0064,3651438.0,2020-12-18 23:59:59.999,3676657.0287
2020-12-19,1.0065,1.1227,0.9964,1.0488,6910249.0,2020-12-19 23:59:59.999,7403355.7672
2020-12-20,1.0491,1.0817,1.0238,1.0598,4853875.0,2020-12-20 23:59:59.999,5112706.3636
2020-12-21,1.0596,1.6607,1.0446,1.2212,75692192.0,2020-12-21 23:59:59.999,99354423.3987
2020-12-22,1.2223,1.2405,1.0788,1.1593,23499600.0,2020-12-22 23:59:59.999,26946305.6812
2020-12-23,1.1598,1.1826,0.9,0.962,13571517.0,2020-12-23 23:59:59.999,14262994.2307
2020-12-24,0.9623,1.077,0.9146,1.062,7084071.0,2020-12-24 23:59:59.999,7019095.7295
2020-12-25,1.0632,1.078,0.9956,1.0198,5294304.0,2020-12-25 23:59:59.999,5478806.187
2020-12-26,1.0188,1.0645,0.9812,1.0253,4950058.0,2020-12-26 23:59:59.999,5051492.7562
2020-12-27,1.0257,1.2466,0.9979,1.1971,14412680.0,2020-12-27 23:59:59.999,15866367.0926
2020-12-28,1.1978,1.2555,1.1588,1.2235,11941837.0,2020-12-28 23:59:59.999,14449652.0808
2020-12-29,1.2227,1.242,1.1014,1.1656,7108295.0,2020-12-29 23:59:59.999,8206523.905
2020-12-30,1.166,1.267,1.1659,1.2092,6389068.0,2020-12-30 23:59:59.999,7826527.1392
2020-12-31,1.2099,1.421,1.1668,1.394,8686636.0,2020-12-31 23:59:59.999,11286865.3703
2021-01-01,1.3932,1.4989,1.2861,1.3607,12579544.0,2021-01-01 23:59:59.999,17823146.8327
2021-01-02,1.3604,1.4309,1.3078,1.4135,6429439.0,2021-01-02 23:59:59.999,8873759.517
2021-01-03,1.4146,1.5962,1.4123,1.4802,10758544.0,2021-01-03 23:59:59.999,16094789.3672
2021-01-04,1.4794,1.5767,1.2743,1.3891,10675285.0,2021-01-04 23:59:59.999,15126999.3435
2021-01-05,1.3906,1.5356,1.333,1.5008,9815357.0,2021-01-05 23:59:59.999,14083389.1901
2021-01-06,1.502,1.6073,1.4175,1.5466,7454020.0,2021-01-06 23:59:59.999,11325214.8033
2021-01-07,1.5467,1.5752,1.4662,1.5006,6250737.0,2021-01-07 23:59:59.999,9489391.3078
2021-01-08,1.5016,1.9575,1.428,1.7408,20701616.0,2021-01-08 23:59:59.999,35313846.9867
2021-01-09,1.7387,1.85,1.6416,1.7637,13939428.0,2021-01-09 23:59:59.999,24349164.8137
2021-01-10,1.7634,1.9626,1.6246,1.7449,10353474.0,2021-01-10 23:59:59.999,18178753.1402
2021-01-11,1.7466,1.7598,1.3498,1.4834,9938953.0,2021-01-11 23:59:59.999,15203543.4335
2021-01-12,1.484,1.6187,1.4248,1.4346,6593162.0,2021-01-12 23:59:59.999,9984548.4721
2021-01-13,1.434,1.6108,1.3934,1.6091,4322978.0,2021-01-13 23:59:59.999,6558213.2176
2021-01-14,1.6107,1.7755,1.5833,1.729,6258906.0,2021-01-14 23:59:59.999,10689044.6498
2021-01-15,1.731,1.921,1.69,1.8362,9806424.0,2021-01-15 23:59:59.999,17948848.5371
2021-01-16,1.8366,2.2659,1.8366,2.0885,10181307.0,2021-01-16 23:59:59.999,20942033.075
2021-01-17,2.0895,2.7767,2.01,2.5074,21346874.0,2021-01-17 23:59:59.999,53796390.9461
2021-01-18,2.5067,2.6671,2.3268,2.4153,9358764.0,2021-01-18 23:59:59.999,23127237.8116
2021-01-19,2.4149,2.484,2.1648,2.1648,5002086.0,2021-01-19 23:59:59.999,11645301.8697
2021-01-20,2.1648,2.6012,2.1145,2.486,13178849.0,2021-01-20 23:59:59.999,31072536.988
2021-01-21,2.4884,2.5747,2.1289,2.1688,7983760.0,2021-01-21 23:59:59.999,18437219.7079
2021-01-22,2.1663,2.5329,2.0,2.3723,7431093.0,2021-01-22 23:59:59.999,17172968.762
2021-01-23,2.3728,2.53,2.311,2.3899,5384957.0,2021-01-23 23:59:59.999,13012521.1417
2021-01-24,2.3887,2.7464,2.3575,2.564,7288601.0,2021-01-24 23:59:59.999,18723836.2992
2021-01-25,2.565,2.6877,2.4267,2.4513,3889462.0,2021-01-25 23:59:59.999,9938766.7932
2021-01-26,2.4495,2.5707,2.18,2.384,7664017.0,2021-01-26 23:59:59.999,17811652.5024
2021-01-27,2.3865,2.3865,2.0155,2.034,7145114.0,2021-01-27 23:59:59.999,15404609.8026
2021-01-28,2.0327,2.3214,2.0052,2.2517,5617574.0,2021-01-28 23:59:59.999,12361469.6676
2021-01-29,2.2515,2.3534,2.1083,2.2055,3882134.0,2021-01-29 23:59:59.999,8510364.7298
2021-01-30,2.2048,2.26,2.06,2.1761,4924696.0,2021-01-30 23:59:59.999,10615510.4298
2021-01-31,2.1746,2.4296,2.0549,2.1444,5933530.0,2021-01-31 23:59:59.999,13301937.77
2021-02-01,2.1428,2.3602,2.0911,2.2711,8190622.0,2021-02-01 23:59:59.999,18413964.7914
2021-02-02,2.2659,2.5629,2.224,2.4646,7061847.0,2021-02-02 23:59:59.999,17156871.8485
2021-02-03,2.4646,2.6537,2.4019,2.5657,7947312.0,2021-02-03 23:59:59.999,20218533.2543
2021-02-04,2.5645,2.6756,2.4039,2.5003,7073447.0,2021-02-04 23:59:59.999,17922783.4861
2021-02-05,2.5007,2.9625,2.4946,2.8684,6767447.0,2021-02-05 23:59:59.999,18871203.1439
2021-02-06,2.8699,2.9075,2.4949,2.6953,8082656.0,2021-02-06 23:59:59.999,21955869.3898
2021-02-07,2.6942,3.5241,2.6,3.4079,15771708.0,2021-02-07 23:59:59.999,47959504.0765
2021-02-08,3.4084,3.62,3.055,3.4719,8670510.0,2021-02-08 23:59:59.999,28871834.9152
2021-02-09,3.4724,3.4993,3.2143,3.3148,4314793.0,2021-02-09 23:59:59.999,14412402.9713
2021-02-10,3.315,3.75,3.0601,3.2522,13921041.0,2021-02-10 23:59:59.999,47462305.2904
2021-02-11,3.2501,3.5486,3.164,3.4623,8483611.0,2021-02-11 23:59:59.999,28794324.8828
2021-02-12,3.4636,4.9855,3.4165,4.735,16159074.0,2021-02-12 23:59:59.999,69774228.8433
2021-02-13,4.7366,5.5998,4.4727,4.8401,16281379.0,2021-02-13 23:59:59.999,81507553.1769
2021-02-14,4.844,4.8871,4.1585,4.3231,7125712.0,2021-02-14 23:59:59.999,32211099.1561
2021-02-15,4.3253,4.4059,3.4535,4.0308,12396381.0,2021-02-15 23:59:59.999,49830578.3126
2021-02-16,4.0336,4.4486,3.8665,4.0899,6926035.0,2021-02-16 23:59:59.999,28811238.0883
2021-02-17,4.0896,4.4,3.8315,4.2396,6593521.0,2021-02-17 23:59:59.999,27039341.8923
2021-02-18,4.243,4.6816,4.0336,4.4507,8968943.0,2021-02-18 23:59:59.999,39078475.8829
2021-02-19,4.4557,4.5865,4.1015,4.3961,7491579.0,2021-02-19 23:59:59.999,32377148.5293
2021-02-20,4.3979,4.7565,3.7255,4.0041,9420704.0,2021-02-20 23:59:59.999,40814487.7176
2021-02-21,4.0026,4.2089,3.8647,4.1076,5806179.0,2021-02-21 23:59:59.999,23609495.4664
2021-02-22,4.1087,4.1146,2.9444,3.7397,12954660.0,2021-02-22 23:59:59.999,46844912.8274
2021-02-23,3.7365,3.7716,2.6292,3.3644,15205514.0,2021-02-23 23:59:59.999,48349367.773
2021-02-24,3.3672,3.6498,3.1711,3.5746,5935948.0,2021-02-24 23:59:59.999,19873969.3994
2021-02-25,3.5751,4.7076,3.466,3.9001,12431581.0,2021-02-25 23:59:59.999,51111315.1278
2021-02-26,3.9001,4.8804,3.7877,4.2287,21550286.0,2021-02-26 23:59:59.999,92996155.7391
2021-02-27,4.2324,4.4812,3.8895,4.0107,7414674.0,2021-02-27 23:59:59.999,31048199.2152
2021-02-28,4.0059,4.0185,3.4146,3.8179,9616367.0,2021-02-28 23:59:59.999,35073414.8258
2021-03-01,3.8242,4.3054,3.7908,4.1977,6891888.0,2021-03-01 23:59:59.999,28111396.0557
2021-03-02,4.2016,4.2481,3.8519,4.0411,5566186.0,2021-03-02 23:59:59.999,22752891.986
2021-03-03,4.0373,4.3027,3.9964,4.1683,5801007.0,2021-03-03 23:59:59.999,24148538.9907
2021-03-04,4.1659,4.6594,4.1135,4.5391,10020201.0,2021-03-04 23:59:59.999,43548737.0193
2021-03-05,4.5395,4.6053,4.0608,4.1666,6676258.0,2021-03-05 23:59:59.999,28217895.3855
2021-03-06,4.1648,4.2502,3.9301,4.0549,3343156.0,2021-03-06 23:59:59.999,13714176.3156
2021-03-07,4.0549,4.412,4.0549,4.2811,5083517.0,2021-03-07 23:59:59.999,21569464.508
2021-03-08,4.2831,4.6396,4.1215,4.584,6411788.0,2021-03-08 23:59:59.999,28081516.1566
2021-03-09,4.585,5.82,4.5703,5.4209,18961009.0,2021-03-09 23:59:59.999,101917757.204
2021-03-10,5.4216,6.2097,4.9193,5.3191,19130111.0,2021-03-10 23:59:59.999,106063361.0617
2021-03-11,5.3132,6.312,5.1168,6.0837,15441647.0,2021-03-11 23:59:59.999,87610636.6774
2021-03-12,6.0826,7.4739,5.9054,6.9297,19059098.0,2021-03-12 23:59:59.999,130306884.6853
2021-03-13,6.9338,7.5995,6.5262,7.4075,10737109.0,2021-03-13 23:59:59.999,76092492.0708
2021-03-14,7.4157,7.4255,6.6168,6.6203,7981779.0,2021-03-14 23:59:59.999,55404787.5428
2021-03-15,6.6252,6.8733,5.8615,5.9105,10209695.0,2021-03-15 23:59:59.999,64691637.2218
2021-03-16,5.9075,6.8996,5.5989,6.3931,10624397.0,2021-03-16 23:59:59.999,66107240.3497
2021-03-17,6.3974,6.4423,5.9563,6.2427,6697292.0,2021-03-17 23:59:59.999,41442418.9026
2021-03-18,6.2483,6.6054,6.0093,6.066,7170572.0,2021-03-18 23:59:59.999,44908395.5278
2021-03-19,6.0643,6.4511,5.8699,6.1785,5763754.0,2021-03-19 23:59:59.999,35560506.067
2021-03-20,6.1792,6.612,6.13,6.2868,7181997.0,2021-03-20 23:59:59.999,45973998.096
2021-03-21,6.2875,6.3219,5.8158,6.0519,5851529.0,2021-03-21 23:59:59.999,35413356.7807
2021-03-22,6.0526,6.0736,5.2514,5.4118,6469082.0,2021-03-22 23:59:59.999,36979127.0318
2021-03-23,5.4126,5.866,5.1124,5.3125,7927744.0,2021-03-23 23:59:59.999,43863484.9195
2021-03-24,5.3137,5.6954,4.78,4.8546,7836674.0,2021-03-24 23:59:59.999,41589185.1436
2021-03-25,4.8541,5.0929,4.4712,4.8141,7555591.0,2021-03-25 23:59:59.999,35993788.6353
2021-03-26,4.8148,5.5834,4.8148,5.4832,7571138.0,2021-03-26 23:59:59.999,39515339.8996
2021-03-27,5.4813,5.6516,5.2511,5.336,6014337.0,2021-03-27 23:59:59.999,32384746.9486
2021-03-28,5.3316,5.999,5.2744,5.6116,8814718.0,2021-03-28 23:59:59.999,49283811.133
2021-03-29,5.6105,5.9624,5.5216,5.8124,7216071.0,2021-03-29 23:59:59.999,41575614.1075
2021-03-30,5.8176,6.7,5.7354,6.3669,19638815.0,2021-03-30 23:59:59.999,123230286.1687
2021-03-31,6.3681,6.4198,5.6621,6.0119,8643049.0,2021-03-31 23:59:59.999,52866754.4222
2021-04-01,6.0117,6.3,5.8346,5.9833,6730525.0,2021-04-01 23:59:59.999,40568615.0313
2021-04-02,5.9822,6.1791,5.8892,6.0062,5781626.0,2021-04-02 23:59:59.999,34698776.9251
2021-04-03,6.0075,6.4344,5.56,5.6976,8258049.0,2021-04-03 23:59:59.999,49769523.9746
2021-04-04,5.6946,6.1195,5.579,6.0947,5100466.0,2021-04-04 23:59:59.999,30279943.8854
2021-04-05,6.0983,6.3325,5.8524,6.1483,5794633.0,2021-04-05 23:59:59.999,35510565.9333
2021-04-06,6.1488,7.3656,6.1434,6.787,18250259.0,2021-04-06 23:59:59.999,124470922.1373
2021-04-07,6.7818,7.0017,5.6682,6.1358,14864059.0,2021-04-07 23:59:59.999,93744003.2007
2021-04-08,6.1338,6.8855,6.0316,6.8231,10919132.0,2021-04-08 23:59:59.999,69989044.7608
2021-04-09,6.8261,6.9653,6.32,6.424,6210079.0,2021-04-09 23:59:59.999,41010849.4935
2021-04-10,6.4269,6.75,6.3289,6.5181,6663475.0,2021-04-10 23:59:59.999,43717902.9412
2021-04-11,6.518,7.4497,6.4881,6.7937,10388246.0,2021-04-11 23:59:59.999,72251257.8407
2021-04-12,6.7937,7.3751,6.5902,6.7345,8554769.0,2021-04-12 23:59:59.999,59393039.7237
2021-04-13,6.7338,6.9354,6.4096,6.5234,7490096.0,2021-04-13 23:59:59.999,49700363.0754
2021-04-14,6.5234,6.85,6.155,6.3513,8253799.0,2021-04-14 23:59:59.999,53638424.4698
2021-04-15,6.3564,6.7638,6.2643,6.5442,6149976.0,2021-04-15 23:59:59.999,40316645.8769
2021-04-16,6.5462,6.5907,5.8975,5.9552,9542353.0,2021-04-16 23:59:59.999,59512047.8649
2021-04-17,5.9568,6.33,5.7158,5.8844,8196857.0,2021-04-17 23:59:59.999,49416972.2855
2021-04-18,5.8865,5.9503,3.9467,5.1612,17684541.0,2021-04-18 23:59:59.999,87025637.6023
2021-04-19,5.1596,5.3528,4.5873,4.7344,8646747.0,2021-04-19 23:59:59.999,43151137.0876
2021-04-20,4.7335,5.1514,4.3476,4.9395,8872244.0,2021-04-20 23:59:59.999,42614215.2262
2021-04-21,4.9374,5.0826,4.634,4.7792,6731022.0,2021-04-21 23:59:59.999,32863899.1464
2021-04-22,4.7763,5.4865,4.6627,4.7917,10759802.0,2021-04-22 23:59:59.999,54262635.473
2021-04-23,4.7888,4.9645,4.0,4.6509,13423754.0,2021-04-23 23:59:59.999,58070264.3381
2021-04-24,4.6484,4.6619,4.0958,4.2455,6648130.0,2021-04-24 23:59:59.999,28873809.6183
2021-04-25,4.2468,4.8672,4.2243,4.6477,8721037.0,2021-04-25 23:59:59.999,39899195.2698
2021-04-26,4.6512,5.1953,4.5897,5.0247,6830415.0,2021-04-26 23:59:59.999,33893272.0038
2021-04-27,5.0246,5.261,4.8,5.1592,10294990.0,2021-04-27 23:59:59.999,51993286.557
2021-04-28,5.1574,5.2288,4.73,4.9163,7986934.0,2021-04-28 23:59:59.999,39735208.1581
2021-04-29,4.9222,5.64,4.7567,5.4989,12817298.0,2021-04-29 23:59:59.999,67075145.0502
2021-04-30,5.4994,5.6791,5.2618,5.5705,9108274.0,2021-04-30 23:59:59.999,49561816.1627
2021-05-01,5.5675,5.7837,5.3001,5.5139,6281456.0,2021-05-01 23:59:59.999,34626315.988
2021-05-02,5.516,5.5216,5.1592,5.2828,4900361.0,2021-05-02 23:59:59.999,25980877.5511
2021-05-03,5.2809,5.5724,5.2753,5.4837,5808551.0,2021-05-03 23:59:59.999,31596748.1509
2021-05-04,5.4881,5.5012,4.79,4.8191,6938214.0,2021-05-04 23:59:59.999,35205760.2834
2021-05-05,4.8189,5.2594,4.7616,5.2524,4910956.0,2021-05-05 23:59:59.999,24951087.7784
2021-05-06,5.2525,5.5922,5.0258,5.2173,7597515.0,2021-05-06 23:59:59.999,40117913.5046
2021-05-07,5.2173,5.5213,5.0525,5.3285,6945252.0,2021-05-07 23:59:59.999,36822252.2812
2021-05-08,5.3318,5.5844,5.1524,5.2425,5820042.0,2021-05-08 23:59:59.999,31159630.0098
2021-05-09,5.2432,5.2828,4.8833,5.0726,5009459.0,2021-05-09 23:59:59.999,25535934.2715
2021-05-10,5.0731,5.2923,4.3256,4.696,6562840.0,2021-05-10 23:59:59.999,32146154.7387
2021-05-11,4.6961,4.9651,4.615,4.9507,4534672.0,2021-05-11 23:59:59.999,21656472.2251
2021-05-12,4.9513,5.9855,4.6132,4.7507,16724134.0,2021-05-12 23:59:59.999,91470794.4741
2021-05-13,4.7612,5.6492,4.5015,5.4968,13682450.0,2021-05-13 23:59:59.999,70307324.4845
2021-05-14,5.4925,5.9577,5.454,5.7404,10336161.0,2021-05-14 23:59:59.999,59180139.33
2021-05-15,5.7435,7.35,5.6271,5.9553,27604151.0,2021-05-15 23:59:59.999,182502183.3506
2021-05-16,5.9534,6.6092,5.5541,5.8783,10834208.0,2021-05-16 23:59:59.999,66140744.7379
2021-05-17,5.8777,5.9739,5.01,5.7256,11299991.0,2021-05-17 23:59:59.999,62845497.9043
2021-05-18,5.7257,6.2979,5.4952,5.6838,9822118.0,2021-05-18 23:59:59.999,57279433.6654
2021-05-19,5.6783,5.8778,2.8242,3.6075,19432500.0,2021-05-19 23:59:59.999,86715549.6436
2021-05-20,3.6068,4.3741,3.1905,4.1913,14819497.0,2021-05-20 23:59:59.999,57580372.1133
2021-05-21,4.1867,4.3766,3.0238,3.4647,12648553.0,2021-05-21 23:59:59.999,46843499.5832
2021-05-22,3.4656,3.5336,2.9657,3.1647,10423151.0,2021-05-22 23:59:59.999,34067015.2031
2021-05-23,3.1655,3.3685,2.2007,2.6598,15597622.0,2021-05-23 23:59:59.999,41537098.9809
2021-05-24,2.66,3.2773,2.5749,3.2672,11952105.0,2021-05-24 23:59:59.999,34971153.7479
2021-05-25,3.267,3.4338,2.821,3.3329,10427952.0,2021-05-25 23:59:59.999,32673957.684
2021-05-26,3.3331,3.6452,3.2413,3.5374,14086928.0,2021-05-26 23:59:59.999,48589769.8713
2021-05-27,3.537,3.54,3.1255,3.3017,10863655.0,2021-05-27 23:59:59.999,35684258.4186
2021-05-28,3.3017,3.3369,2.7007,2.9205,11434604.0,2021-05-28 23:59:59.999,34198397.1635
2021-05-29,2.9215,2.973,2.5235,2.6936,9545058.0,2021-05-29 23:59:59.999,26168150.1597
2021-05-30,2.694,3.2841,2.525,3.1147,20018114.0,2021-05-30 23:59:59.999,61859937.1376
2021-05-31,3.1165,3.3762,2.88,3.355,13777091.0,2021-05-31 23:59:59.999,43214217.9129
2021-06-01,3.3556,3.3841,3.034,3.2366,8056958.0,2021-06-01 23:59:59.999,25560525.6278
2021-06-02,3.2363,3.5139,3.146,3.3139,12997587.0,2021-06-02 23:59:59.999,43964582.6371
2021-06-03,3.3139,3.6529,3.2652,3.6114,10252295.0,2021-06-03 23:59:59.999,35740478.3327
2021-06-04,3.6131,3.6189,3.001,3.1698,9913909.0,2021-06-04 23:59:59.999,31896474.6206
2021-06-05,3.1705,3.429,2.9895,3.2841,8878831.0,2021-06-05 23:59:59.999,28684974.8538
2021-06-06,3.2858,3.32,3.1026,3.2023,6259813.0,2021-06-06 23:59:59.999,20063168.7047
2021-06-07,3.2026,3.3082,2.905,2.9234,7552633.0,2021-06-07 23:59:59.999,23773580.1691
2021-06-08,2.9234,2.9861,2.6802,2.8977,8665485.0,2021-06-08 23:59:59.999,24765192.6824
2021-06-09,2.8971,3.3368,2.7778,3.2264,12037536.0,2021-06-09 23:59:59.999,36846552.807
2021-06-10,3.2269,3.2476,2.8772,2.968,8855360.0,2021-06-10 23:59:59.999,27635837.7066
2021-06-11,2.9685,3.2022,2.8915,3.0217,7951560.0,2021-06-11 23:59:59.999,24387675.1352
2021-06-12,3.0221,3.0237,2.7856,2.9104,6567784.0,2021-06-12 23:59:59.999,19035305.73
2021-06-13,2.9098,3.1581,2.8567,3.1325,4782527.0,2021-06-13 23:59:59.999,14261524.9623
2021-06-14,3.1325,3.3623,3.0548,3.2225,7319295.0,2021-06-14 23:59:59.999,23364678.6601
2021-06-15,3.222,3.3197,3.1613,3.2166,6508048.0,2021-06-15 23:59:59.999,21073659.699
2021-06-16,3.2165,3.2418,2.979,3.0759,6140922.0,2021-06-16 23:59:59.999,19081214.0055
2021-06-17,3.0759,3.2026,2.9973,3.0845,6102789.0,2021-06-17 23:59:59.999,18874575.4607
2021-06-18,3.0846,3.32,2.8585,2.9287,20887356.0,2021-06-18 23:59:59.999,65089482.4332
2021-06-19,2.9281,2.9795,2.8414,2.8604,8204740.0,2021-06-19 23:59:59.999,23907899.0148
2021-06-20,2.8633,2.9108,2.65,2.8816,6543865.0,2021-06-20 23:59:59.999,18289740.172
2021-06-21,2.8818,2.9289,2.2339,2.2394,11809671.0,2021-06-21 23:59:59.999,30010826.7446
2021-06-22,2.2397,2.3984,1.9169,2.1303,13506589.0,2021-06-22 23:59:59.999,29397936.9679
2021-06-23,2.1291,2.3955,2.0224,2.146,11774228.0,2021-06-23 23:59:59.999,25928135.7997
2021-06-24,2.1436,2.254,2.0201,2.1688,12818726.0,2021-06-24 23:59:59.999,27359144.086
2021-06-25,2.1684,2.2295,1.8759,1.8897,13998682.0,2021-06-25 23:59:59.999,28447476.0827
2021-06-26,1.8894,1.919,1.7441,1.8847,17695701.0,2021-06-26 23:59:59.999,32406119.967
2021-06-27,1.8844,1.9584,1.8068,1.9583,12333387.0,2021-06-27 23:59:59.999,23101458.6812
2021-06-28,1.9586,2.0613,1.9204,1.9733,13700778.0,2021-06-28 23:59:59.999,27124125.0158
2021-06-29,1.973,2.1886,1.9596,2.0936,13884470.0,2021-06-29 23:59:59.999,28905579.509
2021-06-30,2.0921,2.1201,1.9133,2.0868,12338527.0,2021-06-30 23:59:59.999,24772693.5763
2021-07-01,2.0877,2.1659,1.915,2.0692,16954381.0,2021-07-01 23:59:59.999,34634220.1759
2021-07-02,2.0687,2.1963,1.9322,2.1028,18702602.0,2021-07-02 23:59:59.999,38339446.412
2021-07-03,2.1031,2.2888,2.09,2.2534,16637779.0,2021-07-03 23:59:59.999,36851300.4302
2021-07-04,2.2529,2.3438,2.1567,2.2889,10182808.0,2021-07-04 23:59:59.999,23037863.7362
2021-07-05,2.2894,2.304,2.1055,2.1668,8655298.0,2021-07-05 23:59:59.999,19044346.9321
2021-07-06,2.1662,2.322,2.165,2.2521,7906480.0,2021-07-06 23:59:59.999,17748898.7005
2021-07-07,2.2521,2.4011,2.2322,2.3064,10251025.0,2021-07-07 23:59:59.999,23972854.1505
2021-07-08,2.3057,2.3129,2.0403,2.0966,9193957.0,2021-07-08 23:59:59.999,19785286.5644
2021-07-09,2.0971,2.1195,2.0038,2.0902,6942527.0,2021-07-09 23:59:59.999,14425480.3144
2021-07-10,2.0902,2.1377,2.026,2.1107,5704169.0,2021-07-10 23:59:59.999,11860997.0462
2021-07-11,2.1105,2.2456,2.075,2.1715,12442096.0,2021-07-11 23:59:59.999,27085121.8008
2021-07-12,2.1724,2.2279,2.029,2.0868,5551471.0,2021-07-12 23:59:59.999,11873156.6971
2021-07-13,2.0873,2.0973,1.92,1.9459,6035311.0,2021-07-13 23:59:59.999,12162982.9853
2021-07-14,1.9454,2.084,1.8546,1.993,11462661.0,2021-07-14 23:59:59.999,22644274.7762
2021-07-15,1.9932,2.0243,1.8561,1.9253,10399453.0,2021-07-15 23:59:59.999,20134472.1215
2021-07-16,1.9253,1.9834,1.8154,1.8367,7724262.0,2021-07-16 23:59:59.999,14630441.2374
2021-07-17,1.8372,2.0365,1.7952,1.9357,16312479.0,2021-07-17 23:59:59.999,31604487.3668
2021-07-18,1.9353,1.9917,1.85,1.9044,9174941.0,2021-07-18 23:59:59.999,17593330.2691
2021-07-19,1.9052,1.917,1.7126,1.7293,7241499.0,2021-07-19 23:59:59.999,13003159.0024
2021-07-20,1.7292,1.7571,1.5421,1.6772,12632907.0,2021-07-20 23:59:59.999,20865654.7842
2021-07-21,1.6777,1.8369,1.6157,1.826,10239436.0,2021-07-21 23:59:59.999,17962863.8053
2021-07-22,1.826,1.94,1.764,1.9313,10099440.0,2021-07-22 23:59:59.999,18781552.8957
2021-07-23,1.9313,1.9431,1.8115,1.9374,7498768.0,2021-07-23 23:59:59.999,14139493.4013
2021-07-24,1.9369,2.1944,1.9134,2.136,16969038.0,2021-07-24 23:59:59.999,35144363.5263
2021-07-25,2.1374,2.3087,2.0375,2.1548,19357221.0,2021-07-25 23:59:59.999,42008168.2531
2021-07-26,2.154,2.5153,2.1306,2.1442,22397602.0,2021-07-26 23:59:59.999,51934787.3651
2021-07-27,2.1445,2.3545,2.0646,2.2325,17050928.0,2021-07-27 23:59:59.999,37535023.5793
2021-07-28,2.2322,2.3037,2.1303,2.2252,12522698.0,2021-07-28 23:59:59.999,27680039.514
2021-07-29,2.2234,2.3071,2.1846,2.2548,10039325.0,2021-07-29 23:59:59.999,22506823.8972
2021-07-30,2.2553,2.365,2.1432,2.3218,10412198.0,2021-07-30 23:59:59.999,23377873.5403
2021-07-31,2.3218,2.5068,2.2957,2.399,13023494.0,2021-07-31 23:59:59.999,31539047.1817
2021-08-01,2.3993,2.5529,2.3753,2.3906,12220047.0,2021-08-01 23:59:59.999,30182965.48
2021-08-02,2.3906,2.4667,2.3205,2.3532,11716311.0,2021-08-02 23:59:59.999,28036731.1322
2021-08-03,2.3545,2.4006,2.2224,2.3416,10774753.0,2021-08-03 23:59:59.999,24912963.4071
2021-08-04,2.3409,2.495,2.2584,2.4574,11524669.0,2021-08-04 23:59:59.999,27427745.9888
2021-08-05,2.4565,2.5917,2.3251,2.5166,16818102.0,2021-08-05 23:59:59.999,41606205.9991
2021-08-06,2.5166,2.5912,2.4278,2.5259,10269230.0,2021-08-06 23:59:59.999,25676758.1726
2021-08-07,2.526,2.7957,2.4811,2.7846,22556621.0,2021-08-07 23:59:59.999,60694276.7001
2021-08-08,2.7848,2.7884,2.5214,2.5606,10832152.0,2021-08-08 23:59:59.999,28824753.5845
2021-08-09,2.5609,2.7527,2.463,2.6892,9372197.0,2021-08-09 23:59:59.999,24729840.9337
2021-08-10,2.6899,2.9498,2.649,2.8615,15596172.0,2021-08-10 23:59:59.999,43798762.1923
2021-08-11,2.8612,3.0507,2.8223,2.9764,11368869.0,2021-08-11 23:59:59.999,33393480.5022
2021-08-12,2.9766,3.4649,2.9641,3.3429,47323647.0,2021-08-12 23:59:59.999,152771605.6857
2021-08-13,3.343,3.4934,3.225,3.4169,19321346.0,2021-08-13 23:59:59.999,64726074.8173
2021-08-14,3.4169,3.4449,3.16,3.2511,12754046.0,2021-08-14 23:59:59.999,42106005.6438
2021-08-15,3.2509,3.2843,3.0147,3.2347,11915877.0,2021-08-15 23:59:59.999,37638411.395
2021-08-16,3.2325,3.5728,3.221,3.4663,20245902.0,2021-08-16 23:59:59.999,69011607.6975
2021-08-17,3.464,4.004,3.3736,3.7286,41221043.0,2021-08-17 23:59:59.999,155932239.703
2021-08-18,3.7283,4.5669,3.5868,4.4328,69883045.0,2021-08-18 23:59:59.999,294165122.3631
2021-08-19,4.4328,4.8283,4.1517,4.4899,35983459.0,2021-08-19 23:59:59.999,161255227.5549
2021-08-20,4.4897,4.6235,4.3123,4.4164,17460946.0,2021-08-20 23:59:59.999,77134523.8947
2021-08-21,4.4173,6.269,4.317,6.1879,59690949.0,2021-08-21 23:59:59.999,318114841.7147
2021-08-22,6.1923,6.5953,5.336,5.467,65448957.0,2021-08-22 23:59:59.999,384849097.5337
2021-08-23,5.4664,5.8888,5.369,5.5036,26034478.0,2021-08-23 23:59:59.999,146187961.518
2021-08-24,5.5026,5.7589,4.8754,5.0502,24573104.0,2021-08-24 23:59:59.999,131412006.064
2021-08-25,5.0496,5.6143,4.8146,5.6027,22699555.0,2021-08-25 23:59:59.999,118760812.6547
2021-08-26,5.5984,5.7667,4.8,4.8707,23243017.0,2021-08-26 23:59:59.999,121116926.9283
2021-08-27,4.8706,5.3963,4.607,5.323,18452027.0,2021-08-27 23:59:59.999,91965901.8003
2021-08-28,5.3244,5.8142,5.0609,5.725,24867858.0,2021-08-28 23:59:59.999,135752548.0234
2021-08-29,5.7303,6.2321,5.5409,5.5492,37824221.0,2021-08-29 23:59:59.999,223541974.9566
2021-08-30,5.55,5.8883,5.2337,5.3349,20124093.0,2021-08-30 23:59:59.999,112044437.6737
2021-08-31,5.334,5.5329,5.1515,5.2867,14471110.0,2021-08-31 23:59:59.999,77047376.6398
2021-09-01,5.2858,5.6084,5.1225,5.5037,11050799.0,2021-09-01 23:59:59.999,59711667.8354
2021-09-02,5.5028,5.6917,5.4066,5.5016,11318049.0,2021-09-02 23:59:59.999,62596850.4693
2021-09-03,5.502,6.8879,5.4787,6.1815,62726784.0,2021-09-03 23:59:59.999,398675415.8
2021-09-04,6.1824,6.3849,6.011,6.0874,21075803.0,2021-09-04 23:59:59.999,130522382.2348
2021-09-05,6.0878,6.1978,5.8751,6.15,16997997.0,2021-09-05 23:59:59.999,102452866.5313
2021-09-06,6.1495,6.4467,5.7125,6.1032,19752372.0,2021-09-06 23:59:59.999,120911994.033
2021-09-07,6.1045,8.8888,4.7379,8.6751,150446606.0,2021-09-07 23:59:59.999,1051444246.4506
2021-09-08,8.6791,11.0716,7.3473,10.3838,223595884.0,2021-09-08 23:59:59.999,2089412801.7014
2021-09-09,10.3843,11.9,9.632,9.7419,98818464.0,2021-09-09 23:59:59.999,1066154216.2883
2021-09-10,9.742,10.4279,8.5555,9.9389,60176720.0,2021-09-10 23:59:59.999,564992003.7504
2021-09-11,9.942,10.0192,8.7665,9.0519,39143075.0,2021-09-11 23:59:59.999,359812380.1198
2021-09-12,9.0532,9.8096,8.3,8.9476,37908195.0,2021-09-12 23:59:59.999,342091670.5527
2021-09-13,8.9489,9.049,7.6868,8.2112,30462142.0,2021-09-13 23:59:59.999,251959870.8689
2021-09-14,8.2113,9.3439,8.0747,8.6199,32476730.0,2021-09-14 23:59:59.999,285288994.5435
2021-09-15,8.6172,9.695,8.5419,9.2532,27844880.0,2021-09-15 23:59:59.999,253454914.4513
2021-09-16,9.2558,9.3838,8.4325,8.7307,18626462.0,2021-09-16 23:59:59.999,166094497.6164
2021-09-17,8.7312,8.96,8.1105,8.325,15620335.0,2021-09-17 23:59:59.999,132703974.3707
2021-09-18,8.3267,9.4511,8.12,9.0748,26009849.0,2021-09-18 23:59:59.999,233335280.6296
2021-09-19,9.0764,10.3925,8.7,10.0701,47280920.0,2021-09-19 23:59:59.999,451021442.3751
2021-09-20,10.0659,10.4449,7.344,7.6892,80745653.0,2021-09-20 23:59:59.999,692948948.6981
2021-09-21,7.6878,8.0,6.3321,6.6998,51782326.0,2021-09-21 23:59:59.999,382468150.372
2021-09-22,6.7008,7.8198,6.5161,7.7614,35945688.0,2021-09-22 23:59:59.999,255885968.1707
2021-09-23,7.7572,9.427,7.3556,9.1819,47357623.0,2021-09-23 23:59:59.999,395579763.7877
2021-09-24,9.1811,9.296,7.4102,7.9659,53659816.0,2021-09-24 23:59:59.999,438608187.6496
2021-09-25,7.9651,8.4322,7.4504,7.611,26814319.0,2021-09-25 23:59:59.999,210300807.9738
2021-09-26,7.6068,7.6749,6.6,7.2919,28283221.0,2021-09-26 23:59:59.999,204401204.0113
2021-09-27,7.2924,7.7782,6.8455,6.8833,18058812.0,2021-09-27 23:59:59.999,131805510.4776
2021-09-28,6.8827,7.1282,6.3539,6.4161,19375412.0,2021-09-28 23:59:59.999,131480932.2917
2021-09-29,6.416,7.3321,6.3642,6.642,26560831.0,2021-09-29 23:59:59.999,180228773.9472
2021-09-30,6.6415,6.9966,6.5527,6.9231,19987830.0,2021-09-30 23:59:59.999,135309598.8151
2021-10-01,6.9249,7.9839,6.8198,7.8358,29165673.0,2021-10-01 23:59:59.999,217442900.8483
2021-10-02,7.8353,8.2954,7.5272,7.8103,19963102.0,2021-10-02 23:59:59.999,157545544.28
2021-10-03,7.8101,8.5025,7.62,8.0439,21818660.0,2021-10-03 23:59:59.999,177109177.4801
2021-10-04,8.0439,8.2095,7.3561,7.6348,23677679.0,2021-10-04 23:59:59.999,183729419.4924
2021-10-05,7.6343,8.2586,7.5697,7.9938,21009203.0,2021-10-05 23:59:59.999,166460379.4889
2021-10-06,7.9927,8.0186,7.1355,7.797,19769350.0,2021-10-06 23:59:59.999,150871010.5276
2021-10-07,7.7978,8.495,7.5023,8.2951,29740780.0,2021-10-07 23:59:59.999,240667300.0778
2021-10-08,8.2941,8.7669,8.0,8.118,23854200.0,2021-10-08 23:59:59.999,199657223.4083
2021-10-09,8.1185,8.4233,7.9207,8.0501,12232133.0,2021-10-09 23:59:59.999,99757942.4163
2021-10-10,8.0512,8.0551,7.3105,7.3901,14771358.0,2021-10-10 23:59:59.999,114296760.3889
2021-10-11,7.3902,7.8275,7.2001,7.4215,14641604.0,2021-10-11 23:59:59.999,109892215.9607
2021-10-12,7.4202,7.4219,6.7679,7.2758,16912331.0,2021-10-12 23:59:59.999,119982159.2376
2021-10-13,7.2739,7.4,6.9111,7.2494,13556804.0,2021-10-13 23:59:59.999,96845745.0392
2021-10-14,7.2512,8.189,7.2045,8.0572,22250425.0,2021-10-14 23:59:59.999,172210095.414
2021-10-15,8.0532,8.29,7.6288,7.8761,26826844.0,2021-10-15 23:59:59.999,212250040.8343
2021-10-16,7.8756,8.1956,7.725,7.8713,13531816.0,2021-10-16 23:59:59.999,107886503.0617
2021-10-17,7.8736,8.099,7.596,7.802,10083715.0,2021-10-17 23:59:59.999,79247577.5082
2021-10-18,7.8023,7.94,7.623,7.8547,10272871.0,2021-10-18 23:59:59.999,80145605.1934
2021-10-19,7.8547,8.2757,7.75,8.1911,17301069.0,2021-10-19 23:59:59.999,139437031.2535
2021-10-20,8.1912,8.9056,8.135,8.7473,28855171.0,2021-10-20 23:59:59.999,245646323.2661
2021-10-21,8.7477,9.79,8.5835,9.486,45727623.0,2021-10-21 23:59:59.999,424995515.2137
2021-10-22,9.4832,9.689,8.821,9.1178,23774472.0,2021-10-22 23:59:59.999,218564136.0186
2021-10-23,9.1175,9.4374,8.8301,9.3169,12034055.0,2021-10-23 23:59:59.999,110109951.4893
2021-10-24,9.3174,9.9747,9.1457,9.6101,19675735.0,2021-10-24 23:59:59.999,187429915.0245
2021-10-25,9.6101,12.744,9.5493,12.3435,85923020.0,2021-10-25 23:59:59.999,990638196.3499
2021-10-26,12.3435,13.2451,11.85,12.3243,62745097.0,2021-10-26 23:59:59.999,785143070.3604
2021-10-27,12.3278,12.8023,10.267,10.861,42870554.0,2021-10-27 23:59:59.999,489489902.7332
2021-10-28,10.8622,12.6288,10.6548,11.3631,34170892.0,2021-10-28 23:59:59.999,405113268.4737
2021-10-29,11.3601,11.619,10.9922,11.5867,17285154.0,2021-10-29 23:59:59.999,195867614.4417
2021-10-30,11.586,11.5944,10.0692,10.5023,15833985.0,2021-10-30 23:59:59.999,171079711.9681
2021-10-31,10.4991,10.7314,9.7,10.1702,16677099.0,2021-10-31 23:59:59.999,168767790.4471
2021-11-01,10.1723,10.7248,9.8434,10.1519,20508067.0,2021-11-01 23:59:59.999,210860492.3641
2021-11-02,10.1519,11.012,10.0255,10.4796,17005457.0,2021-11-02 23:59:59.999,180025894.9371
2021-11-03,10.4798,11.3099,10.201,10.9798,22796066.0,2021-11-03 23:59:59.999,245674298.7949
2021-11-04,10.9772,11.5414,10.2961,10.611,19214050.0,2021-11-04 23:59:59.999,209215745.8767
2021-11-05,10.6114,10.9202,10.1181,10.3723,11695747.0,2021-11-05 23:59:59.999,124026373.6212
2021-11-06,10.3718,10.4108,9.78,10.2044,11512977.0,2021-11-06 23:59:59.999,116401001.8472
2021-11-07,10.2056,10.57,10.0693,10.3532,9816073.0,2021-11-07 23:59:59.999,100861547.1296
2021-11-08,10.3511,10.8362,10.0784,10.7271,15709883.0,2021-11-08 23:59:59.999,163919660.9113
2021-11-09,10.7299,11.8212,10.5,11.3914,26404510.0,2021-11-09 23:59:59.999,292709424.2753
2021-11-10,11.3914,11.8272,9.8,10.7844,29834212.0,2021-11-10 23:59:59.999,333729418.2565
2021-11-11,10.7799,12.5549,10.5717,12.0467,33280344.0,2021-11-11 23:59:59.999,393542677.4915
2021-11-12,12.0465,12.6765,10.9035,11.4071,21968154.0,2021-11-12 23:59:59.999,256662679.1718
2021-11-13,11.4057,11.4385,10.8442,11.1637,10719963.0,2021-11-13 23:59:59.999,119300612.8485
2021-11-14,11.1633,11.918,11.13,11.8743,16332433.0,2021-11-14 23:59:59.999,187745062.2499
2021-11-15,11.8745,11.9996,11.046,11.089,10516116.0,2021-11-15 23:59:59.999,121422090.4104
2021-11-16,11.0896,11.1392,8.8979,9.6827,29250082.0,2021-11-16 23:59:59.999,293206646.5258
2021-11-17,9.6818,9.8325,9.12,9.4194,16847980.0,2021-11-17 23:59:59.999,160439689.8707
2021-11-18,9.4194,9.8981,8.4043,8.8052,22363515.0,2021-11-18 23:59:59.999,204587230.2131
2021-11-19,8.8056,9.5811,8.6515,9.4228,15189620.0,2021-11-19 23:59:59.999,140206568.946
2021-11-20,9.4224,9.888,9.28,9.8088,13369804.0,2021-11-20 23:59:59.999,128212485.3907
2021-11-21,9.8072,9.9449,9.3539,9.6825,9936946.0,2021-11-21 23:59:59.999,95363237.0271
2021-11-22,9.6826,9.7733,9.0038,9.2818,12486614.0,2021-11-22 23:59:59.999,116061382.8365
2021-11-23,9.2818,10.0,9.0875,9.9866,13122066.0,2021-11-23 23:59:59.999,124390507.3547
2021-11-24,9.9859,10.3468,9.04,9.2848,15863343.0,2021-11-24 23:59:59.999,152236280.8047
2021-11-25,9.2833,9.5066,9.1188,9.2934,11547190.0,2021-11-25 23:59:59.999,107659598.7949
2021-11-26,9.2932,9.3886,7.7459,8.2768,19427099.0,2021-11-26 23:59:59.999,164894975.0317
2021-11-27,8.2744,8.5439,8.1679,8.3176,6669633.0,2021-11-27 23:59:59.999,55803038.6441
2021-11-28,8.3171,8.75,7.5222,8.3993,15423805.0,2021-11-28 23:59:59.999,124308922.1026
2021-11-29,8.3973,8.5395,8.105,8.4293,8077377.0,2021-11-29 23:59:59.999,67370532.6928
2021-11-30,8.428,9.0213,8.2087,8.7568,17947072.0,2021-11-30 23:59:59.999,155519495.5861
2021-12-01,8.7575,8.9269,8.3608,8.508,9891926.0,2021-12-01 23:59:59.999,85569114.4343
2021-12-02,8.5081,8.5683,8.0645,8.2452,9448682.0,2021-12-02 23:59:59.999,78057227.417
2021-12-03,8.2444,9.6134,8.2109,9.1345,33540222.0,2021-12-03 23:59:59.999,299060214.6255
2021-12-04,9.1356,9.1703,6.1366,7.9706,55917996.0,2021-12-04 23:59:59.999,440512504.8335
2021-12-05,7.9746,8.177,7.1107,7.3452,15858160.0,2021-12-05 23:59:59.999,121388656.4209
2021-12-06,7.3453,7.428,6.6322,7.2558,18250196.0,2021-12-06 23:59:59.999,128525546.4863
2021-12-07,7.2565,7.6848,7.0989,7.591,16070905.0,2021-12-07 23:59:59.999,118512964.1345
2021-12-08,7.5929,9.8869,7.4808,9.3429,74931978.0,2021-12-08 23:59:59.999,656377396.0589
2021-12-09,9.3398,10.117,8.857,9.7659,93092068.0,2021-12-09 23:59:59.999,876408986.9233
2021-12-10,9.7658,10.3886,9.1061,10.0114,83635401.0,2021-12-10 23:59:59.999,814902018.0605
2021-12-11,10.009,11.84,9.5178,11.6293,90050424.0,2021-12-11 23:59:59.999,966060662.3516
2021-12-12,11.6339,11.85,10.5125,10.5651,51736187.0,2021-12-12 23:59:59.999,569134393.0863
2021-12-13,10.5653,10.7195,8.96,9.1038,47038349.0,2021-12-13 23:59:59.999,456352339.375
2021-12-14,9.1037,9.6863,8.9142,9.3297,33043644.0,2021-12-14 23:59:59.999,308705667.0956
2021-12-15,9.3292,17.5589,9.0325,9.8456,132579608.0,2021-12-15 23:59:59.999,1439632658.861
2021-12-16,9.8492,10.288,9.2017,9.2353,42672862.0,2021-12-16 23:59:59.999,416352233.3396
2021-12-17,9.2348,9.3496,8.2763,8.4077,35950579.0,2021-12-17 23:59:59.999,314287327.7529
2021-12-18,8.4064,8.5497,8.0837,8.4206,21200275.0,2021-12-18 23:59:59.999,176962717.501
2021-12-19,8.4204,9.6887,8.352,9.0216,60382811.0,2021-12-19 23:59:59.999,552214550.4641
2021-12-20,9.0229,9.0867,8.2629,8.5106,36063892.0,2021-12-20 23:59:59.999,310366294.5858
2021-12-21,8.5133,9.3714,8.5004,9.2532,29380074.0,2021-12-21 23:59:59.999,260304078.9717
2021-12-22,9.2512,11.83,9.0679,10.8299,107040276.0,2021-12-22 23:59:59.999,1154705317.1077
2021-12-23,10.8317,14.2885,10.7029,13.7134,215570350.0,2021-12-23 23:59:59.999,2843392314.2423
2021-12-24,13.7183,15.9489,13.5069,14.9432,162066026.0,2021-12-24 23:59:59.999,2394762604.2063
2021-12-25,14.9434,15.6998,14.2092,15.2204,77925886.0,2021-12-25 23:59:59.999,1162433487.4357
2021-12-26,15.2205,16.29,14.5042,16.2491,58389625.0,2021-12-26 23:59:59.999,891820629.9895
2021-12-27,16.2479,16.4661,14.5474,14.752,45554870.0,2021-12-27 23:59:59.999,700860665.9499
2021-12-28,14.7545,14.8148,13.029,13.3132,67420735.0,2021-12-28 23:59:59.999,941494115.3999
2021-12-29,13.3151,15.2198,13.1267,14.8898,90307570.0,2021-12-29 23:59:59.999,1281103763.2327
2021-12-30,14.8911,15.517,14.044,15.4168,99006932.0,2021-12-30 23:59:59.999,1481890383.9354
2021-12-31,15.42,15.7146,14.1434,14.5989,51887915.0,2021-12-31 23:59:59.999,786402412.6283
2022-01-01,14.5988,15.3183,14.4103,15.169,26024019.0,2022-01-01 23:59:59.999,384934867.149
2022-01-02,15.1704,15.2639,14.2299,14.3832,26006551.0,2022-01-02 23:59:59.999,381730189.8133
2022-01-03,14.383,16.4796,13.9052,16.469,56601206.0,2022-01-03 23:59:59.999,853023550.1145
2022-01-04,16.4692,17.65,15.9295,16.0387,115749726.0,2022-01-04 23:59:59.999,1952369489.9302
2022-01-05,16.0421,17.2855,13.9489,15.2978,77743342.0,2022-01-05 23:59:59.999,1256961442.5282
2022-01-06,15.2977,16.2984,14.7392,15.9227,77130564.0,2022-01-06 23:59:59.999,1200386886.0789
2022-01-07,15.9251,16.06,14.2316,15.0606,64209600.0,2022-01-07 23:59:59.999,976989460.0276
2022-01-08,15.0584,15.532,13.2938,13.8162,46744717.0,2022-01-08 23:59:59.999,673012078.4683
2022-01-09,13.8148,14.3124,13.0948,13.5152,39084855.0,2022-01-09 23:59:59.999,532801973.5524
2022-01-10,13.5153,15.5377,13.188,15.45,120693719.0,2022-01-10 23:59:59.999,1746522121.5771
2022-01-11,15.45,18.486,15.27,18.0296,147857401.0,2022-01-11 23:59:59.999,2472684547.2613
2022-01-12,18.0341,18.86,17.4,17.5788,83871649.0,2022-01-12 23:59:59.999,1513189787.7789
2022-01-13,17.58,19.884,17.1659,19.602,94150746.0,2022-01-13 23:59:59.999,1772416889.0466
2022-01-14,19.6048,20.6424,18.43,20.1838,88444023.0,2022-01-14 23:59:59.999,1715595337.1214
2022-01-15,20.1817,20.2912,19.03,19.2696,35364005.0,2022-01-15 23:59:59.999,689663956.9497
2022-01-16,19.2681,20.4466,18.7538,20.1371,44000696.0,2022-01-16 23:59:59.999,867074815.0551
2022-01-17,20.1373,20.187,17.34,17.6768,51277557.0,2022-01-17 23:59:59.999,954386438.9737
2022-01-18,17.6768,18.222,16.7643,17.6899,56361523.0,2022-01-18 23:59:59.999,987020172.1525
2022-01-19,17.69,17.839,16.1579,16.2053,58938374.0,2022-01-19 23:59:59.999,1009452120.2256
2022-01-20,16.2053,17.54,15.133,15.24,51139955.0,2022-01-20 23:59:59.999,845801519.0493
2022-01-21,15.241,15.678,11.925,13.211,84322357.0,2022-01-21 23:59:59.999,1186099706.0923
2022-01-22,13.21,13.522,10.086,11.396,97835129.0,2022-01-22 23:59:59.999,1136069098.8227
2022-01-23,11.395,12.538,10.81,11.689,68302788.0,2022-01-23 23:59:59.999,798821418.049
2022-01-24,11.687,11.697,9.504,10.704,93274070.0,2022-01-24 23:59:59.999,959933744.2188
2022-01-25,10.701,12.494,9.959,12.112,78435136.0,2022-01-25 23:59:59.999,871063129.6444
2022-01-26,12.113,12.933,10.698,11.27,86138032.0,2022-01-26 23:59:59.999,1021942583.7825
2022-01-27,11.271,11.747,9.932,10.524,65432273.0,2022-01-27 23:59:59.999,714967793.878
2022-01-28,10.524,10.883,10.052,10.763,48205152.0,2022-01-28 23:59:59.999,502949097.414
2022-01-29,10.763,11.36,10.64,11.04,33887761.0,2022-01-29 23:59:59.999,373429948.76
2022-01-30,11.039,11.154,10.251,10.345,26895199.0,2022-01-30 23:59:59.999,289748087.173
2022-01-31,10.347,11.395,10.014,11.112,37235842.0,2022-01-31 23:59:59.999,396869161.3533
2022-02-01,11.112,11.528,10.941,11.207,29758171.0,2022-02-01 23:59:59.999,333520772.3666
2022-02-02,11.206,11.955,10.841,10.855,48530080.0,2022-02-02 23:59:59.999,552640883.6243
2022-02-03,10.856,10.988,10.42,10.951,38335581.0,2022-02-03 23:59:59.999,410303355.5842
2022-02-04,10.948,13.17,10.821,12.977,62726965.0,2022-02-04 23:59:59.999,752515467.6979
2022-02-05,12.976,13.633,12.564,12.817,55150559.0,2022-02-05 23:59:59.999,719850357.4235
2022-02-06,12.816,13.975,12.736,13.484,41589391.0,2022-02-06 23:59:59.999,554898698.1176
2022-02-07,13.484,14.079,13.057,13.5,38355256.0,2022-02-07 23:59:59.999,520260600.6179
2022-02-08,13.497,13.749,12.19,12.767,40183266.0,2022-02-08 23:59:59.999,517392823.2229
2022-02-09,12.768,13.106,12.085,12.983,28193561.0,2022-02-09 23:59:59.999,357943986.0189
2022-02-10,12.984,12.995,11.701,11.778,32436982.0,2022-02-10 23:59:59.999,400245864.2593
2022-02-11,11.777,12.31,10.629,10.844,33115027.0,2022-02-11 23:59:59.999,382650696.5077
2022-02-12,10.842,11.242,10.387,10.788,26002727.0,2022-02-12 23:59:59.999,281128514.5902
2022-02-13,10.791,10.927,10.115,10.369,20472745.0,2022-02-13 23:59:59.999,217303856.3699
2022-02-14,10.37,10.672,10.03,10.555,26325300.0,2022-02-14 23:59:59.999,272190794.1049
2022-02-15,10.555,11.59,10.485,11.501,27030645.0,2022-02-15 23:59:59.999,299335205.7173
2022-02-16,11.501,11.507,10.814,11.212,23822701.0,2022-02-16 23:59:59.999,265796959.6866
2022-02-17,11.212,11.721,10.363,10.441,48478837.0,2022-02-17 23:59:59.999,536950131.2163
2022-02-18,10.442,10.937,10.107,10.265,28927865.0,2022-02-18 23:59:59.999,303964225.1262
2022-02-19,10.266,10.47,9.823,10.037,22787228.0,2022-02-19 23:59:59.999,230775024.7881
2022-02-20,10.041,10.075,9.077,9.287,31647302.0,2022-02-20 23:59:59.999,300219920.537
2022-02-21,9.287,9.834,8.47,8.536,48405963.0,2022-02-21 23:59:59.999,447411329.985
2022-02-22,8.536,9.021,8.189,8.953,37661439.0,2022-02-22 23:59:59.999,323791595.8362
2022-02-23,8.952,9.44,8.51,8.546,37062142.0,2022-02-23 23:59:59.999,335013890.7665
2022-02-24,8.547,8.824,7.377,8.48,73090091.0,2022-02-24 23:59:59.999,581374887.3539
2022-02-25,8.481,9.047,8.22,8.932,35952411.0,2022-02-25 23:59:59.999,309740836.546
2022-02-26,8.931,9.396,8.875,9.114,28883182.0,2022-02-26 23:59:59.999,265065628.285
2022-02-27,9.113,9.171,8.271,8.503,30215216.0,2022-02-27 23:59:59.999,264472930.771
2022-02-28,8.502,9.777,8.3,9.749,32537493.0,2022-02-28 23:59:59.999,288997490.524
2022-03-01,9.749,11.95,9.48,11.805,96715700.0,2022-03-01 23:59:59.999,1048908354.0385
2022-03-02,11.805,11.915,10.846,11.08,63850630.0,2022-03-02 23:59:59.999,720416818.949
2022-03-03,11.08,11.63,10.698,11.021,50414728.0,2022-03-03 23:59:59.999,563459154.983
2022-03-04,11.022,11.788,10.3,10.418,66858159.0,2022-03-04 23:59:59.999,741057511.77
2022-03-05,10.418,10.75,10.05,10.493,32043261.0,2022-03-05 23:59:59.999,334874969.841
2022-03-06,10.493,10.867,10.075,10.083,45270774.0,2022-03-06 23:59:59.999,475277245.691
2022-03-07,10.085,10.329,9.31,9.651,48322881.0,2022-03-07 23:59:59.999,477465823.341
2022-03-08,9.65,9.95,9.532,9.726,27335644.0,2022-03-08 23:59:59.999,267129826.381
2022-03-09,9.728,11.73,9.68,11.598,64056398.0,2022-03-09 23:59:59.999,706173655.722
2022-03-10,11.595,11.99,10.51,11.04,79779950.0,2022-03-10 23:59:59.999,883604816.783
2022-03-11,11.037,11.359,10.211,10.241,48828831.0,2022-03-11 23:59:59.999,523365319.069
2022-03-12,10.24,10.618,10.219,10.32,21781012.0,2022-03-12 23:59:59.999,226888049.692
2022-03-13,10.318,10.474,9.708,9.844,26978274.0,2022-03-13 23:59:59.999,274786971.47
2022-03-14,9.843,10.177,9.665,10.124,31642716.0,2022-03-14 23:59:59.999,313595052.74
2022-03-15,10.123,10.398,9.818,10.109,38461203.0,2022-03-15 23:59:59.999,389057899.898
2022-03-16,10.11,10.84,9.913,10.807,37141430.0,2022-03-16 23:59:59.999,381798463.797
2022-03-17,10.808,11.185,10.653,10.72,25250731.0,2022-03-17 23:59:59.999,274984715.779
2022-03-18,10.721,11.496,10.404,11.357,25101134.0,2022-03-18 23:59:59.999,271841161.074
2022-03-19,11.357,11.56,11.056,11.291,21554304.0,2022-03-19 23:59:59.999,243649174.483
2022-03-20,11.291,11.336,10.575,10.651,18298915.0,2022-03-20 23:59:59.999,199144816.203
2022-03-21,10.651,11.284,10.51,10.851,26020309.0,2022-03-21 23:59:59.999,284487631.189
2022-03-22,10.852,11.496,10.795,11.059,27127664.0,2022-03-22 23:59:59.999,304669512.298
2022-03-23,11.059,12.721,10.868,12.491,57500022.0,2022-03-23 23:59:59.999,684516274.421
2022-03-24,12.491,13.199,11.9,12.888,50974882.0,2022-03-24 23:59:59.999,631468812.898
2022-03-25,12.887,12.888,11.917,12.219,35514665.0,2022-03-25 23:59:59.999,442910631.405
2022-03-26,12.22,13.544,12.134,12.711,50426281.0,2022-03-26 23:59:59.999,658615795.662
2022-03-27,12.711,13.224,12.476,13.185,27473534.0,2022-03-27 23:59:59.999,353438576.839
2022-03-28,13.185,13.5,12.5,12.634,30738931.0,2022-03-28 23:59:59.999,404700736.206
2022-03-29,12.634,14.433,12.6,14.087,56502188.0,2022-03-29 23:59:59.999,769803358.613
2022-03-30,14.088,14.717,13.517,14.035,42151098.0,2022-03-30 23:59:59.999,597015432.068
2022-03-31,14.035,14.389,13.014,13.306,34122910.0,2022-03-31 23:59:59.999,467871031.218
2022-04-01,13.306,14.762,12.524,14.739,36236776.0,2022-04-01 23:59:59.999,492821888.886
2022-04-02,14.738,16.294,14.367,14.834,59107221.0,2022-04-02 23:59:59.999,914975552.286
2022-04-03,14.835,17.465,14.57,16.802,76648752.0,2022-04-03 23:59:59.999,1258422744.272
2022-04-04,16.803,18.048,15.3,17.121,103016734.0,2022-04-04 23:59:59.999,1715509781.9468
2022-04-05,17.117,17.655,15.839,16.141,62832757.0,2022-04-05 23:59:59.999,1060387090.53
2022-04-06,16.141,17.079,15.052,15.246,117737408.0,2022-04-06 23:59:59.999,1896008804.96
2022-04-07,15.245,17.513,14.56,17.437,80523971.0,2022-04-07 23:59:59.999,1255413247.452
2022-04-08,17.438,19.79,17.057,17.524,218236492.0,2022-04-08 23:59:59.999,4033736693.8159
2022-04-09,17.524,18.179,16.1,17.541,97400679.0,2022-04-09 23:59:59.999,1644949669.937
2022-04-10,17.539,17.666,15.7,15.796,74257182.0,2022-04-10 23:59:59.999,1239698523.224
2022-04-11,15.796,16.445,14.911,16.037,128673812.0,2022-04-11 23:59:59.999,2013817835.85
2022-04-12,16.037,17.176,15.547,16.519,121534867.0,2022-04-12 23:59:59.999,1984218211.692
2022-04-13,16.519,17.0,15.591,16.83,78230327.0,2022-04-13 23:59:59.999,1280706260.025
2022-04-14,16.83,17.768,15.913,16.369,79910726.0,2022-04-14 23:59:59.999,1351482501.035
2022-04-15,16.368,16.557,15.651,16.018,48744168.0,2022-04-15 23:59:59.999,779958278.725
2022-04-16,16.017,16.298,15.517,15.929,31606818.0,2022-04-16 23:59:59.999,503383519.923
2022-04-17,15.93,16.828,15.58,15.675,45632898.0,2022-04-17 23:59:59.999,735794745.744
2022-04-18,15.675,16.348,14.67,16.165,80848305.0,2022-04-18 23:59:59.999,1250247473.835
2022-04-19,16.164,17.542,16.152,17.417,85144007.0,2022-04-19 23:59:59.999,1448276666.265
2022-04-20,17.418,17.835,16.3,16.643,66480947.0,2022-04-20 23:59:59.999,1132950374.998
2022-04-21,16.643,17.151,15.078,15.629,70758802.0,2022-04-21 23:59:59.999,1155124944.369
2022-04-22,15.63,15.833,15.05,15.561,47484814.0,2022-04-22 23:59:59.999,734033967.793
2022-04-23,15.561,15.92,15.102,15.319,33710861.0,2022-04-23 23:59:59.999,524592576.936
2022-04-24,15.318,15.585,14.806,15.005,34173577.0,2022-04-24 23:59:59.999,518697568.407
2022-04-25,15.005,15.051,13.55,14.27,82261545.0,2022-04-25 23:59:59.999,1158694154.471
2022-04-26,14.271,15.198,12.338,12.672,90547475.0,2022-04-26 23:59:59.999,1263506847.149
2022-04-27,12.672,13.27,12.421,12.873,71857130.0,2022-04-27 23:59:59.999,924913445.123
2022-04-28,12.872,13.144,12.22,12.392,69347563.0,2022-04-28 23:59:59.999,877857293.254
2022-04-29,12.393,12.535,11.104,11.281,66119759.0,2022-04-29 23:59:59.999,781676629.12
2022-04-30,11.281,11.789,10.05,10.324,70914579.0,2022-04-30 23:59:59.999,785185989.8465
2022-05-01,10.323,12.25,10.116,11.826,121434460.0,2022-05-01 23:59:59.999,1373884341.325
2022-05-02,11.825,12.189,11.077,11.839,111263447.0,2022-05-02 23:59:59.999,1295201977.152
2022-05-03,11.84,12.167,11.3,11.991,67265848.0,2022-05-03 23:59:59.999,793789404.37
2022-05-04,11.99,13.056,11.858,12.97,79748806.0,2022-05-04 23:59:59.999,982922068.911
2022-05-05,12.972,13.193,10.698,11.207,85923950.0,2022-05-05 23:59:59.999,1014201990.729
2022-05-06,11.206,11.322,10.401,10.772,73280348.0,2022-05-06 23:59:59.999,789089843.958
2022-05-07,10.771,10.852,10.05,10.427,49207719.0,2022-05-07 23:59:59.999,518228711.5335
2022-05-08,10.428,11.25,9.823,11.133,96651696.0,2022-05-08 23:59:59.999,1017369628.416
2022-05-09,11.135,11.665,9.317,9.383,223366003.0,2022-05-09 23:59:59.999,2404926238.679
2022-05-10,9.385,10.937,8.825,9.562,173818149.0,2022-05-10 23:59:59.999,1721771012.08
2022-05-11,9.563,9.887,5.188,6.484,269857152.0,2022-05-11 23:59:59.999,2056663832.7317
2022-05-12,6.487,7.344,5.229,6.411,229476483.0,2022-05-12 23:59:59.999,1417440795.3496
2022-05-13,6.411,7.65,6.076,6.518,150327909.0,2022-05-13 23:59:59.999,1043447975.904
2022-05-14,6.518,6.881,5.936,6.671,92142609.0,2022-05-14 23:59:59.999,588006811.2527
2022-05-15,6.671,7.508,6.495,7.341,76901346.0,2022-05-15 23:59:59.999,525987401.8046
2022-05-16,7.34,7.34,6.427,6.534,89385608.0,2022-05-16 23:59:59.999,602156917.404
2022-05-17,6.534,6.983,6.268,6.67,77714504.0,2022-05-17 23:59:59.999,518168831.713
2022-05-18,6.67,6.776,5.863,5.918,90424609.0,2022-05-18 23:59:59.999,563311996.6257
2022-05-19,5.918,6.266,5.559,6.101,113723921.0,2022-05-19 23:59:59.999,673236017.094
2022-05-20,6.1,6.271,5.627,5.749,96279585.0,2022-05-20 23:59:59.999,569635498.724
2022-05-21,5.749,6.199,5.607,6.131,59040259.0,2022-05-21 23:59:59.999,346052524.848
2022-05-22,6.131,6.382,5.987,6.234,62509048.0,2022-05-22 23:59:59.999,385687010.428
2022-05-23,6.233,6.531,5.729,5.842,80079558.0,2022-05-23 23:59:59.999,498792200.129
2022-05-24,5.842,6.031,5.513,5.963,75948866.0,2022-05-24 23:59:59.999,438801020.197
2022-05-25,5.962,6.09,5.679,5.752,73753191.0,2022-05-25 23:59:59.999,429362526.377
2022-05-26,5.752,5.826,5.045,5.228,112981348.0,2022-05-26 23:59:59.999,607968684.9422
2022-05-27,5.228,5.307,4.666,4.8,147911251.0,2022-05-27 23:59:59.999,731433676.4517
2022-05-28,4.799,5.05,4.711,4.988,70353406.0,2022-05-28 23:59:59.999,343472471.831
2022-05-29,4.988,5.218,4.772,5.177,72860039.0,2022-05-29 23:59:59.999,365656031.643
2022-05-30,5.177,5.826,5.095,5.754,90151311.0,2022-05-30 23:59:59.999,497681546.842
2022-05-31,5.754,6.547,5.716,5.953,126253378.0,2022-05-31 23:59:59.999,772139461.0017
2022-06-01,5.954,5.989,5.235,5.338,112093001.0,2022-06-01 23:59:59.999,636048816.245
2022-06-02,5.338,5.647,5.15,5.601,79410322.0,2022-06-02 23:59:59.999,425670382.235
2022-06-03,5.601,5.634,5.128,5.247,64527015.0,2022-06-03 23:59:59.999,343524640.288
2022-06-04,5.247,5.399,5.1,5.327,52924433.0,2022-06-04 23:59:59.999,278271947.609
2022-06-05,5.326,5.509,5.203,5.326,40586897.0,2022-06-05 23:59:59.999,216187557.017
2022-06-06,5.326,5.76,5.304,5.48,61667958.0,2022-06-06 23:59:59.999,341317836.149
2022-06-07,5.482,5.491,5.041,5.191,71662820.0,2022-06-07 23:59:59.999,373046867.796
2022-06-08,5.192,5.355,5.056,5.062,39169663.0,2022-06-08 23:59:59.999,203566889.228
2022-06-09,5.062,5.218,4.98,5.08,35818420.0,2022-06-09 23:59:59.999,182699773.111
2022-06-10,5.081,5.112,4.44,4.49,62977569.0,2022-06-10 23:59:59.999,301732530.0122
2022-06-11,4.491,4.677,3.98,4.097,81833763.0,2022-06-11 23:59:59.999,351674523.362
2022-06-12,4.098,4.15,3.682,3.69,120623923.0,2022-06-12 23:59:59.999,469952125.44
2022-06-13,3.69,3.734,3.078,3.516,212753369.0,2022-06-13 23:59:59.999,713619640.292
2022-06-14,3.516,3.692,3.166,3.377,140714240.0,2022-06-14 23:59:59.999,482776129.527
2022-06-15,3.378,3.873,3.032,3.811,157462926.0,2022-06-15 23:59:59.999,517537815.564
2022-06-16,3.811,3.834,3.125,3.219,94123900.0,2022-06-16 23:59:59.999,320685313.889
2022-06-17,3.219,3.496,3.169,3.37,83423988.0,2022-06-17 23:59:59.999,279736368.74
2022-06-18,3.37,3.41,2.86,3.09,93220929.0,2022-06-18 23:59:59.999,290505301.4128
2022-06-19,3.09,3.339,2.97,3.285,77490894.0,2022-06-19 23:59:59.999,242794252.449
2022-06-20,3.285,3.564,3.108,3.406,81548623.0,2022-06-20 23:59:59.999,272435449.484
2022-06-21,3.406,3.703,3.38,3.516,81521177.0,2022-06-21 23:59:59.999,289822484.754
2022-06-22,3.516,3.526,3.261,3.276,61076166.0,2022-06-22 23:59:59.999,205462238.784
2022-06-23,3.276,3.583,3.269,3.552,58762578.0,2022-06-23 23:59:59.999,202180018.211
2022-06-24,3.552,4.111,3.55,3.993,81428289.0,2022-06-24 23:59:59.999,307788192.909
2022-06-25,3.993,4.397,3.93,4.171,131980217.0,2022-06-25 23:59:59.999,550293223.42
2022-06-26,4.171,4.33,3.763,3.788,82351562.0,2022-06-26 23:59:59.999,337576674.094
2022-06-27,3.787,3.995,3.628,3.736,74440742.0,2022-06-27 23:59:59.999,284541649.702
2022-06-28,3.735,3.781,3.385,3.415,88757512.0,2022-06-28 23:59:59.999,319873676.88
2022-06-29,3.414,3.559,3.326,3.428,91745809.0,2022-06-29 23:59:59.999,316782656.6
2022-06-30,3.427,3.435,3.12,3.335,85969829.0,2022-06-30 23:59:59.999,278897494.956
2022-07-01,3.335,3.458,3.227,3.351,72416499.0,2022-07-01 23:59:59.999,241421357.165
2022-07-02,3.35,3.424,3.214,3.311,45749456.0,2022-07-02 23:59:59.999,151220918.281
2022-07-03,3.311,3.348,3.198,3.318,42312281.0,2022-07-03 23:59:59.999,138470449.784
2022-07-04,3.318,3.556,3.205,3.519,55449801.0,2022-07-04 23:59:59.999,187005040.209
2022-07-05,3.519,3.592,3.26,3.391,73674276.0,2022-07-05 23:59:59.999,252286428.589
2022-07-06,3.391,3.547,3.307,3.498,57997128.0,2022-07-06 23:59:59.999,199033392.957
2022-07-07,3.498,3.777,3.433,3.701,55363415.0,2022-07-07 23:59:59.999,198941069.425
2022-07-08,3.703,3.848,3.481,3.584,64157978.0,2022-07-08 23:59:59.999,232380133.28
2022-07-09,3.584,3.881,3.583,3.791,66430885.0,2022-07-09 23:59:59.999,249735726.595
2022-07-10,3.792,3.826,3.5,3.524,43906949.0,2022-07-10 23:59:59.999,159279031.792
2022-07-11,3.523,3.533,3.204,3.223,55406448.0,2022-07-11 23:59:59.999,188081289.277
2022-07-12,3.222,3.336,3.171,3.183,49943151.0,2022-07-12 23:59:59.999,163006185.396
2022-07-13,3.182,3.341,3.02,3.334,69344120.0,2022-07-13 23:59:59.999,221596813.219
2022-07-14,3.333,3.53,3.212,3.488,58239242.0,2022-07-14 23:59:59.999,195118079.145
2022-07-15,3.487,3.635,3.429,3.499,51503952.0,2022-07-15 23:59:59.999,181296863.716
2022-07-16,3.497,3.669,3.371,3.641,44597290.0,2022-07-16 23:59:59.999,156384290.606
2022-07-17,3.642,3.764,3.501,3.522,50713069.0,2022-07-17 23:59:59.999,183937925.458
2022-07-18,3.522,4.116,3.513,4.059,90312617.0,2022-07-18 23:59:59.999,352153260.7
2022-07-19,4.059,4.666,4.008,4.529,178252837.0,2022-07-19 23:59:59.999,782532808.873
2022-07-20,4.529,4.625,4.137,4.182,95451598.0,2022-07-20 23:59:59.999,423267351.039
2022-07-21,4.181,4.496,4.041,4.372,69590259.0,2022-07-21 23:59:59.999,295247590.126
2022-07-22,4.372,4.758,4.278,4.316,83572145.0,2022-07-22 23:59:59.999,379398895.127
2022-07-23,4.317,4.471,4.131,4.302,51389890.0,2022-07-23 23:59:59.999,221366079.258
2022-07-24,4.303,4.493,4.252,4.348,48398733.0,2022-07-24 23:59:59.999,211672163.732
2022-07-25,4.348,4.383,3.774,3.783,55838022.0,2022-07-25 23:59:59.999,225940245.537
2022-07-26,3.784,3.805,3.562,3.751,56628771.0,2022-07-26 23:59:59.999,208112976.103
2022-07-27,3.752,4.158,3.633,4.147,60110956.0,2022-07-27 23:59:59.999,231077952.68
2022-07-28,4.147,4.457,4.017,4.366,79578825.0,2022-07-28 23:59:59.999,334796082.619
2022-07-29,4.367,4.587,4.18,4.365,65868841.0,2022-07-29 23:59:59.999,289183061.208
2022-07-30,4.366,4.689,4.284,4.356,69760970.0,2022-07-30 23:59:59.999,312302977.201
2022-07-31,4.356,4.588,4.209,4.226,53021940.0,2022-07-31 23:59:59.999,234333472.543
2022-08-01,4.227,4.369,4.115,4.267,50504053.0,2022-08-01 23:59:59.999,214584799.923
2022-08-02,4.267,4.457,4.03,4.309,80805317.0,2022-08-02 23:59:59.999,344808610.08
2022-08-03,4.309,4.661,4.153,4.51,65706740.0,2022-08-03 23:59:59.999,289943287.89
2022-08-04,4.509,4.75,4.317,4.417,72079545.0,2022-08-04 23:59:59.999,325991491.734
2022-08-05,4.417,5.3,4.391,5.193,152296076.0,2022-08-05 23:59:59.999,761514311.133
2022-08-06,5.194,5.195,4.871,4.901,71652868.0,2022-08-06 23:59:59.999,359850126.433
2022-08-07,4.902,5.186,4.803,4.976,72726932.0,2022-08-07 23:59:59.999,367614460.571
2022-08-08,4.977,5.733,4.974,5.486,123423853.0,2022-08-08 23:59:59.999,670559380.834
2022-08-09,5.486,5.609,5.154,5.362,85741262.0,2022-08-09 23:59:59.999,459991677.547
2022-08-10,5.362,6.074,5.174,5.902,148425074.0,2022-08-10 23:59:59.999,838979022.6887
2022-08-11,5.903,5.96,5.702,5.755,69561342.0,2022-08-11 23:59:59.999,406385125.073
2022-08-12,5.755,6.068,5.623,5.971,83184870.0,2022-08-12 23:59:59.999,488030306.018
2022-08-13,5.972,6.117,5.822,5.881,47284630.0,2022-08-13 23:59:59.999,280922462.774
2022-08-14,5.882,5.935,5.518,5.612,39339321.0,2022-08-14 23:59:59.999,225920188.56
2022-08-15,5.613,5.817,5.29,5.395,55378211.0,2022-08-15 23:59:59.999,306755797.38
2022-08-16,5.396,5.517,5.229,5.263,47905193.0,2022-08-16 23:59:59.999,257008895.592
2022-08-17,5.262,5.51,4.921,4.987,60869083.0,2022-08-17 23:59:59.999,315813347.966
2022-08-18,4.986,5.199,4.806,4.851,61710365.0,2022-08-18 23:59:59.999,312364175.473
2022-08-19,4.851,4.937,4.191,4.246,101962956.0,2022-08-19 23:59:59.999,457620925.329
2022-08-20,4.246,4.443,4.013,4.147,69196582.0,2022-08-20 23:59:59.999,295071727.801
2022-08-21,4.146,4.305,4.078,4.226,50427292.0,2022-08-21 23:59:59.999,211958944.501
2022-08-22,4.225,4.232,3.924,4.117,65704945.0,2022-08-22 23:59:59.999,267277645.578
2022-08-23,4.116,4.416,4.002,4.305,81967308.0,2022-08-23 23:59:59.999,346845462.441
2022-08-24,4.305,4.4,4.141,4.266,62062520.0,2022-08-24 23:59:59.999,264941790.527
2022-08-25,4.267,4.445,4.2,4.31,44531699.0,2022-08-25 23:59:59.999,192415102.749
2022-08-26,4.31,4.435,3.887,3.934,90388889.0,2022-08-26 23:59:59.999,379207082.334
2022-08-27,3.934,3.976,3.82,3.914,42581452.0,2022-08-27 23:59:59.999,166625714.267
2022-08-28,3.914,3.941,3.734,3.762,39650010.0,2022-08-28 23:59:59.999,153394182.086
2022-08-29,3.762,4.057,3.69,4.032,48705324.0,2022-08-29 23:59:59.999,188897508.759
2022-08-30,4.031,4.29,3.951,4.197,80704097.0,2022-08-30 23:59:59.999,331802755.108
2022-08-31,4.198,4.575,4.187,4.369,123759094.0,2022-08-31 23:59:59.999,538649511.916
2022-09-01,4.369,4.428,4.182,4.345,65487983.0,2022-09-01 23:59:59.999,280592738.323
2022-09-02,4.344,4.387,4.11,4.175,55577652.0,2022-09-02 23:59:59.999,236525534.112
2022-09-03,4.174,4.212,4.117,4.168,22324348.0,2022-09-03 23:59:59.999,93005420.026
2022-09-04,4.169,4.249,4.084,4.239,26357046.0,2022-09-04 23:59:59.999,110129202.542
2022-09-05,4.238,4.282,4.112,4.23,32470974.0,2022-09-05 23:59:59.999,136026086.032
2022-09-06,4.23,4.537,3.952,4.07,105580129.0,2022-09-06 23:59:59.999,454326430.031
2022-09-07,4.07,4.426,4.03,4.376,68639922.0,2022-09-07 23:59:59.999,287091524.195
2022-09-08,4.376,4.716,4.376,4.686,103294092.0,2022-09-08 23:59:59.999,466285019.981
2022-09-09,4.686,4.905,4.614,4.809,64878002.0,2022-09-09 23:59:59.999,308438199.364
2022-09-10,4.81,4.909,4.65,4.812,44924243.0,2022-09-10 23:59:59.999,214373002.303
2022-09-11,4.812,5.046,4.625,4.893,53717582.0,2022-09-11 23:59:59.999,260051216.658
2022-09-12,4.893,5.282,4.706,5.088,130532827.0,2022-09-12 23:59:59.999,658659890.892
2022-09-13,5.088,5.093,4.4,4.415,84058613.0,2022-09-13 23:59:59.999,401018995.546
2022-09-14,4.416,4.546,4.324,4.505,56226286.0,2022-09-14 23:59:59.999,250508572.463
2022-09-15,4.505,4.517,4.127,4.182,57929166.0,2022-09-15 23:59:59.999,250135554.194
2022-09-16,4.183,4.248,4.089,4.203,42224036.0,2022-09-16 23:59:59.999,176492976.535
2022-09-17,4.203,4.39,4.2,4.377,31268047.0,2022-09-17 23:59:59.999,134422624.871
2022-09-18,4.378,4.408,3.8,3.912,46296284.0,2022-09-18 23:59:59.999,193745603.506
2022-09-19,3.912,4.076,3.793,4.053,55800197.0,2022-09-19 23:59:59.999,220650668.099
2022-09-20,4.053,4.089,3.795,3.818,51875050.0,2022-09-20 23:59:59.999,204602257.266
2022-09-21,3.818,4.04,3.541,3.636,78070890.0,2022-09-21 23:59:59.999,297100733.741
2022-09-22,3.636,3.897,3.617,3.863,50942313.0,2022-09-22 23:59:59.999,193205399.644
2022-09-23,3.863,3.948,3.612,3.786,66957996.0,2022-09-23 23:59:59.999,252108487.799
2022-09-24,3.786,3.87,3.663,3.695,36357690.0,2022-09-24 23:59:59.999,137891066.532
2022-09-25,3.694,3.767,3.605,3.645,31068080.0,2022-09-25 23:59:59.999,114977204.697
2022-09-26,3.646,3.729,3.552,3.683,52246775.0,2022-09-26 23:59:59.999,190502520.151
2022-09-27,3.683,3.818,3.55,3.614,58559648.0,2022-09-27 23:59:59.999,216791191.539
2022-09-28,3.614,3.642,3.442,3.577,55310954.0,2022-09-28 23:59:59.999,195645168.463
2022-09-29,3.577,3.609,3.502,3.584,43146000.0,2022-09-29 23:59:59.999,153661779.535
2022-09-30,3.584,3.641,3.511,3.557,48530028.0,2022-09-30 23:59:59.999,173799686.122
2022-10-01,3.557,3.592,3.524,3.555,20509694.0,2022-10-01 23:59:59.999,73006109.848
2022-10-02,3.554,3.615,3.46,3.477,30468887.0,2022-10-02 23:59:59.999,108015423.036
2022-10-03,3.478,3.563,3.406,3.539,41823776.0,2022-10-03 23:59:59.999,145693697.136
2022-10-04,3.54,3.655,3.524,3.621,37055206.0,2022-10-04 23:59:59.999,133173201.0
2022-10-05,3.621,3.727,3.542,3.694,73503475.0,2022-10-05 23:59:59.999,267577022.372
2022-10-06,3.694,3.762,3.58,3.62,50202842.0,2022-10-06 23:59:59.999,184443723.513
2022-10-07,3.62,3.626,3.509,3.55,34928247.0,2022-10-07 23:59:59.999,124566687.028
2022-10-08,3.549,3.575,3.459,3.494,20021286.0,2022-10-08 23:59:59.999,70634575.593
2022-10-09,3.493,3.532,3.482,3.516,16107577.0,2022-10-09 23:59:59.999,56510577.957
2022-10-10,3.517,3.549,3.199,3.215,46456019.0,2022-10-10 23:59:59.999,158395316.074
2022-10-11,3.215,3.238,3.07,3.172,57214669.0,2022-10-11 23:59:59.999,182092628.859
2022-10-12,3.171,3.214,3.117,3.153,33791407.0,2022-10-12 23:59:59.999,107216474.469
2022-10-13,3.152,3.158,2.707,3.037,127124800.0,2022-10-13 23:59:59.999,374466894.369
2022-10-14,3.037,3.18,2.952,3.002,61036370.0,2022-10-14 23:59:59.999,187889535.56
2022-10-15,3.002,3.016,2.913,2.923,28474612.0,2022-10-15 23:59:59.999,84744516.422
2022-10-16,2.922,3.036,2.918,2.999,29599632.0,2022-10-16 23:59:59.999,88501182.024
2022-10-17,2.999,3.071,2.96,3.06,34282735.0,2022-10-17 23:59:59.999,103559394.387
2022-10-18,3.06,3.098,2.888,2.964,56138894.0,2022-10-18 23:59:59.999,167871470.743
2022-10-19,2.964,2.972,2.79,2.825,50156933.0,2022-10-19 23:59:59.999,144935703.921
2022-10-20,2.824,2.941,2.778,2.87,63155052.0,2022-10-20 23:59:59.999,181364076.242
2022-10-21,2.87,2.917,2.72,2.886,64640103.0,2022-10-21 23:59:59.999,182362025.646
2022-10-22,2.886,2.946,2.823,2.918,31721599.0,2022-10-22 23:59:59.999,91490465.775
2022-10-23,2.918,2.999,2.844,2.981,42701433.0,2022-10-23 23:59:59.999,124755406.19
2022-10-24,2.982,3.014,2.873,2.917,59499534.0,2022-10-24 23:59:59.999,174302229.904
2022-10-25,2.917,3.084,2.886,2.999,94074197.0,2022-10-25 23:59:59.999,280768508.158
2022-10-26,2.999,3.111,2.995,3.053,75135989.0,2022-10-26 23:59:59.999,229608662.534
2022-10-27,3.054,3.173,2.937,2.961,86012140.0,2022-10-27 23:59:59.999,263641364.029
2022-10-28,2.961,3.064,2.888,3.021,62581721.0,2022-10-28 23:59:59.999,185586384.065
2022-10-29,3.02,3.17,3.018,3.086,63543620.0,2022-10-29 23:59:59.999,196126052.661
2022-10-30,3.086,3.235,3.051,3.098,62576122.0,2022-10-30 23:59:59.999,196260861.223
2022-10-31,3.099,3.186,3.04,3.102,61446404.0,2022-10-31 23:59:59.999,190497499.063
2022-11-01,3.103,3.163,3.004,3.011,54953900.0,2022-11-01 23:59:59.999,169973379.523
2022-11-02,3.011,3.028,2.82,2.898,74450670.0,2022-11-02 23:59:59.999,219398740.31
2022-11-03,2.898,3.123,2.88,3.027,82926837.0,2022-11-03 23:59:59.999,250899637.391
2022-11-04,3.026,3.306,3.006,3.305,93032587.0,2022-11-04 23:59:59.999,297273463.516
2022-11-05,3.306,3.442,3.254,3.33,66180242.0,2022-11-05 23:59:59.999,221283102.366
2022-11-06,3.33,3.361,3.069,3.091,50151131.0,2022-11-06 23:59:59.999,162921701.09
2022-11-07,3.091,3.144,2.966,3.05,61897058.0,2022-11-07 23:59:59.999,190565837.157
2022-11-08,3.049,3.071,2.34,2.63,160409510.0,2022-11-08 23:59:59.999,445912196.6322
2022-11-09,2.629,2.657,1.959,2.024,169304581.0,2022-11-09 23:59:59.999,384522526.7124
2022-11-10,2.023,2.375,1.985,2.313,129977076.0,2022-11-10 23:59:59.999,286861095.258
2022-11-11,2.313,2.319,2.035,2.13,87909176.0,2022-11-11 23:59:59.999,189628547.948
2022-11-12,2.13,2.137,1.949,2.0,70496063.0,2022-11-12 23:59:59.999,142563032.053
2022-11-13,2.0,2.078,1.883,1.952,77609962.0,2022-11-13 23:59:59.999,153365337.5785
2022-11-14,1.953,2.024,1.796,1.97,98996718.0,2022-11-14 23:59:59.999,190155211.779
2022-11-15,1.97,2.044,1.929,1.979,67878057.0,2022-11-15 23:59:59.999,135142504.279
2022-11-16,1.979,2.016,1.888,1.922,61759974.0,2022-11-16 23:59:59.999,120559480.756
2022-11-17,1.923,1.937,1.814,1.83,69922317.0,2022-11-17 23:59:59.999,129905677.315
2022-11-18,1.83,1.869,1.749,1.783,69278790.0,2022-11-18 23:59:59.999,125545860.963
2022-11-19,1.783,1.788,1.7,1.747,60483010.0,2022-11-19 23:59:59.999,105206339.012
2022-11-20,1.747,1.76,1.55,1.568,100004283.0,2022-11-20 23:59:59.999,166377843.707
2022-11-21,1.568,1.583,1.43,1.558,194038681.0,2022-11-21 23:59:59.999,294703210.864
2022-11-22,1.559,1.647,1.49,1.626,166834897.0,2022-11-22 23:59:59.999,262587919.731
2022-11-23,1.626,1.699,1.58,1.69,113342629.0,2022-11-23 23:59:59.999,185066252.0
2022-11-24,1.691,1.733,1.623,1.643,84977527.0,2022-11-24 23:59:59.999,142248062.075
2022-11-25,1.643,1.657,1.594,1.646,51917061.0,2022-11-25 23:59:59.999,84308306.349
2022-11-26,1.647,1.7,1.585,1.609,56831573.0,2022-11-26 23:59:59.999,93816458.529
2022-11-27,1.609,1.675,1.596,1.614,51748925.0,2022-11-27 23:59:59.999,84553622.56
2022-11-28,1.615,1.625,1.481,1.59,92164482.0,2022-11-28 23:59:59.999,142144787.892
2022-11-29,1.591,1.639,1.561,1.607,63699627.0,2022-11-29 23:59:59.999,102241601.9
2022-11-30,1.606,1.747,1.606,1.721,121681336.0,2022-11-30 23:59:59.999,206789963.026
2022-12-01,1.721,1.767,1.686,1.742,103962198.0,2022-12-01 23:59:59.999,179025798.569
2022-12-02,1.741,1.799,1.708,1.754,91037341.0,2022-12-02 23:59:59.999,159332962.701
2022-12-03,1.753,1.754,1.658,1.667,48540106.0,2022-12-03 23:59:59.999,82882283.686
2022-12-04,1.667,1.74,1.666,1.722,43175311.0,2022-12-04 23:59:59.999,73170403.337
2022-12-05,1.722,1.779,1.68,1.716,61076072.0,2022-12-05 23:59:59.999,106348872.723
2022-12-06,1.716,1.79,1.714,1.787,61741008.0,2022-12-06 23:59:59.999,107981505.554
2022-12-07,1.788,1.828,1.663,1.691,92979517.0,2022-12-07 23:59:59.999,161427563.609
2022-12-08,1.69,1.714,1.635,1.705,73788624.0,2022-12-08 23:59:59.999,123634522.267
2022-12-09,1.704,1.737,1.68,1.696,49296900.0,2022-12-09 23:59:59.999,84103543.485
2022-12-10,1.696,1.729,1.684,1.704,27765549.0,2022-12-10 23:59:59.999,47389968.216
2022-12-11,1.704,1.712,1.617,1.632,38077250.0,2022-12-11 23:59:59.999,63803490.745
2022-12-12,1.632,1.641,1.56,1.63,57387461.0,2022-12-12 23:59:59.999,92272772.574
2022-12-13,1.63,1.766,1.555,1.71,99450195.0,2022-12-13 23:59:59.999,165542036.742
2022-12-14,1.71,1.735,1.65,1.66,75084157.0,2022-12-14 23:59:59.999,128029838.64
2022-12-15,1.66,1.669,1.584,1.591,57680600.0,2022-12-15 23:59:59.999,93567051.355
2022-12-16,1.591,1.609,1.341,1.368,98300252.0,2022-12-16 23:59:59.999,146481184.538
2022-12-17,1.368,1.402,1.34,1.393,64684462.0,2022-12-17 23:59:59.999,89173203.95
2022-12-18,1.394,1.397,1.345,1.363,42472174.0,2022-12-18 23:59:59.999,58117149.535
2022-12-19,1.363,1.383,1.225,1.258,127112677.0,2022-12-19 23:59:59.999,167748765.4266
2022-12-20,1.259,1.35,1.253,1.341,81214681.0,2022-12-20 23:59:59.999,106897733.863
2022-12-21,1.34,1.352,1.275,1.306,61656928.0,2022-12-21 23:59:59.999,80655528.125
2022-12-22,1.306,1.326,1.27,1.321,64082773.0,2022-12-22 23:59:59.999,83321540.91
2022-12-23,1.321,1.365,1.313,1.341,67487762.0,2022-12-23 23:59:59.999,90775189.919
2022-12-24,1.341,1.352,1.325,1.336,28852182.0,2022-12-24 23:59:59.999,38543669.042
2022-12-25,1.337,1.34,1.295,1.331,37329050.0,2022-12-25 23:59:59.999,49233411.769
2022-12-26,1.331,1.364,1.329,1.361,39291913.0,2022-12-26 23:59:59.999,53030532.413
2022-12-27,1.361,1.382,1.327,1.362,60572300.0,2022-12-27 23:59:59.999,81840370.746
2022-12-28,1.362,1.363,1.292,1.315,70499860.0,2022-12-28 23:59:59.999,93362374.568
2022-12-29,1.315,1.332,1.264,1.295,64228087.0,2022-12-29 23:59:59.999,83773639.458
2022-12-30,1.295,1.303,1.234,1.276,64828273.0,2022-12-30 23:59:59.999,82172659.04
2022-12-31,1.276,1.284,1.245,1.255,27737500.0,2022-12-31 23:59:59.999,35067614.011
2023-01-01,1.256,1.283,1.236,1.274,36913807.0,2023-01-01 23:59:59.999,46446989.627
2023-01-02,1.275,1.324,1.255,1.313,57741659.0,2023-01-02 23:59:59.999,74967294.677
2023-01-03,1.313,1.361,1.303,1.334,64675124.0,2023-01-03 23:59:59.999,85840734.984
2023-01-04,1.334,1.61,1.328,1.549,474090096.0,2023-01-04 23:59:59.999,724315759.443
2023-01-05,1.549,1.65,1.505,1.523,252319643.0,2023-01-05 23:59:59.999,393879930.521
2023-01-06,1.524,1.616,1.48,1.59,167167715.0,2023-01-06 23:59:59.999,255507005.679
2023-01-07,1.591,1.602,1.542,1.559,68450879.0,2023-01-07 23:59:59.999,107225832.278
2023-01-08,1.559,1.66,1.512,1.646,121134345.0,2023-01-08 23:59:59.999,192404219.428
2023-01-09,1.646,1.726,1.62,1.641,190596238.0,2023-01-09 23:59:59.999,319955114.545
2023-01-10,1.64,1.668,1.592,1.644,96333115.0,2023-01-10 23:59:59.999,157182376.886
2023-01-11,1.644,1.84,1.553,1.82,206198482.0,2023-01-11 23:59:59.999,348397561.453
2023-01-12,1.82,1.887,1.706,1.831,307214839.0,2023-01-12 23:59:59.999,555189269.654
2023-01-13,1.831,2.006,1.777,1.955,183216165.0,2023-01-13 23:59:59.999,340783770.744
2023-01-14,1.955,2.359,1.946,2.253,308476302.0,2023-01-14 23:59:59.999,669499891.457
2023-01-15,2.253,2.277,2.107,2.242,123347557.0,2023-01-15 23:59:59.999,268775143.732
2023-01-16,2.243,2.447,2.068,2.193,181044527.0,2023-01-16 23:59:59.999,404363001.997
2023-01-17,2.192,2.266,2.145,2.157,123575443.0,2023-01-17 23:59:59.999,273355456.351
2023-01-18,2.157,2.236,1.941,1.973,149747350.0,2023-01-18 23:59:59.999,313313881.731
2023-01-19,1.973,2.159,1.97,2.095,103481157.0,2023-01-19 23:59:59.999,213203234.081
2023-01-20,2.095,2.41,2.047,2.389,113441035.0,2023-01-20 23:59:59.999,247649845.652
2023-01-21,2.388,2.478,2.293,2.325,117125960.0,2023-01-21 23:59:59.999,278599781.437
2023-01-22,2.326,2.598,2.319,2.399,134831791.0,2023-01-22 23:59:59.999,331813477.02
2023-01-23,2.399,2.71,2.395,2.545,144975826.0,2023-01-23 23:59:59.999,374688064.848
2023-01-24,2.544,2.624,2.308,2.356,88185538.0,2023-01-24 23:59:59.999,220269940.102
2023-01-25,2.355,2.637,2.278,2.547,102553661.0,2023-01-25 23:59:59.999,248805845.311
2023-01-26,2.548,2.72,2.493,2.523,117690155.0,2023-01-26 23:59:59.999,305065151.595
2023-01-27,2.524,2.59,2.354,2.561,98010323.0,2023-01-27 23:59:59.999,242881624.859
2023-01-28,2.562,2.686,2.437,2.471,76291877.0,2023-01-28 23:59:59.999,193875670.511
2023-01-29,2.472,2.609,2.433,2.575,62916818.0,2023-01-29 23:59:59.999,160221585.859
2023-01-30,2.575,2.587,2.2,2.306,94950280.0,2023-01-30 23:59:59.999,227995340.563
2023-01-31,2.306,2.38,2.272,2.327,68117327.0,2023-01-31 23:59:59.999,158210688.042
2023-02-01,2.327,2.434,2.163,2.428,105511902.0,2023-02-01 23:59:59.999,241262631.815
2023-02-02,2.428,2.585,2.405,2.446,111794708.0,2023-02-02 23:59:59.999,278390431.512
2023-02-03,2.445,2.523,2.403,2.51,67799260.0,2023-02-03 23:59:59.999,166892125.265
2023-02-04,2.509,2.581,2.426,2.502,55920842.0,2023-02-04 23:59:59.999,140082314.926
2023-02-05,2.503,2.558,2.328,2.386,74034545.0,2023-02-05 23:59:59.999,180520573.431
2023-02-06,2.386,2.429,2.278,2.307,56751824.0,2023-02-06 23:59:59.999,134262237.419
2023-02-07,2.306,2.512,2.3,2.494,65917025.0,2023-02-07 23:59:59.999,156730592.038
2023-02-08,2.493,2.845,2.473,2.64,251212166.0,2023-02-08 23:59:59.999,671234727.698
2023-02-09,2.64,2.644,2.192,2.266,178041967.0,2023-02-09 23:59:59.999,438637625.966
2023-02-10,2.267,2.304,2.194,2.247,91857731.0,2023-02-10 23:59:59.999,206786602.698
2023-02-11,2.246,2.294,2.2,2.283,42940405.0,2023-02-11 23:59:59.999,96386339.351
2023-02-12,2.283,2.373,2.186,2.236,62701809.0,2023-02-12 23:59:59.999,144131518.55
2023-02-13,2.236,2.251,2.086,2.184,93487794.0,2023-02-13 23:59:59.999,201736281.604
2023-02-14,2.185,2.259,2.106,2.246,80126764.0,2023-02-14 23:59:59.999,175482119.965
2023-02-15,2.246,2.53,2.204,2.516,98559151.0,2023-02-15 23:59:59.999,229900743.081
2023-02-16,2.515,2.558,2.301,2.311,129384193.0,2023-02-16 23:59:59.999,320577357.354
2023-02-17,2.311,2.485,2.298,2.456,84039610.0,2023-02-17 23:59:59.999,202549517.736
2023-02-18,2.456,2.695,2.456,2.577,108388594.0,2023-02-18 23:59:59.999,278815091.814
2023-02-19,2.576,2.693,2.51,2.577,100961000.0,2023-02-19 23:59:59.999,262045701.358
2023-02-20,2.577,2.766,2.477,2.705,102136222.0,2023-02-20 23:59:59.999,273464223.049
2023-02-21,2.704,2.718,2.486,2.569,83144804.0,2023-02-21 23:59:59.999,216149975.548
2023-02-22,2.568,2.574,2.395,2.507,68839317.0,2023-02-22 23:59:59.999,169675969.753
2023-02-23,2.506,2.566,2.414,2.468,59536003.0,2023-02-23 23:59:59.999,148691870.455
2023-02-24,2.468,2.491,2.25,2.311,64696093.0,2023-02-24 23:59:59.999,153583268.381
2023-02-25,2.312,2.336,2.189,2.285,53230222.0,2023-02-25 23:59:59.999,121118816.548
2023-02-26,2.286,2.384,2.268,2.375,35076193.0,2023-02-26 23:59:59.999,81585919.691
2023-02-27,2.374,2.424,2.285,2.345,55854497.0,2023-02-27 23:59:59.999,130927629.883
2023-02-28,2.346,2.355,2.211,2.229,46743564.0,2023-02-28 23:59:59.999,106433815.346
2023-03-01,2.229,2.367,2.201,2.318,47999751.0,2023-03-01 23:59:59.999,110542220.835
2023-03-02,2.319,2.333,2.205,2.258,46006023.0,2023-03-02 23:59:59.999,103441614.128
2023-03-03,2.257,2.259,2.01,2.097,61586913.0,2023-03-03 23:59:59.999,129797595.586
2023-03-04,2.098,2.116,1.977,2.05,37806195.0,2023-03-04 23:59:59.999,77859521.259
2023-03-05,2.05,2.115,2.014,2.028,38103388.0,2023-03-05 23:59:59.999,78908263.023
2023-03-06,2.028,2.077,1.982,2.054,59775063.0,2023-03-06 23:59:59.999,121378348.41
2023-03-07,2.054,2.094,1.94,2.001,63707133.0,2023-03-07 23:59:59.999,127482534.563
2023-03-08,2.0,2.014,1.81,1.839,79661815.0,2023-03-08 23:59:59.999,152199554.718
2023-03-09,1.839,1.913,1.72,1.788,95010911.0,2023-03-09 23:59:59.999,174227755.767
2023-03-10,1.787,1.811,1.668,1.795,121849235.0,2023-03-10 23:59:59.999,214535698.19
2023-03-11,1.794,1.856,1.689,1.795,98025609.0,2023-03-11 23:59:59.999,173338177.883
2023-03-12,1.794,1.966,1.762,1.943,89138495.0,2023-03-12 23:59:59.999,163738425.71
2023-03-13,1.942,2.046,1.89,2.035,103534276.0,2023-03-13 23:59:59.999,204114652.104
2023-03-14,2.035,2.212,1.973,2.117,106281568.0,2023-03-14 23:59:59.999,222409315.144
2023-03-15,2.116,2.157,1.864,1.921,94243235.0,2023-03-15 23:59:59.999,189881688.926
2023-03-16,1.922,1.979,1.889,1.961,66722942.0,2023-03-16 23:59:59.999,129438473.476
2023-03-17,1.96,2.165,1.934,2.164,64551682.0,2023-03-17 23:59:59.999,132120713.677
2023-03-18,2.164,2.216,2.059,2.079,68117293.0,2023-03-18 23:59:59.999,146525450.524
2023-03-19,2.08,2.197,2.077,2.131,63225476.0,2023-03-19 23:59:59.999,135511557.299
2023-03-20,2.131,2.169,1.964,1.993,79072052.0,2023-03-20 23:59:59.999,162952803.186
2023-03-21,1.993,2.083,1.922,2.068,73649339.0,2023-03-21 23:59:59.999,148235986.848
2023-03-22,2.067,2.079,1.872,1.947,79190628.0,2023-03-22 23:59:59.999,157988113.47
2023-03-23,1.946,2.074,1.919,2.044,57296670.0,2023-03-23 23:59:59.999,114782819.205
2023-03-24,2.044,2.052,1.924,1.962,59963613.0,2023-03-24 23:59:59.999,119199676.941
2023-03-25,1.963,1.997,1.889,1.921,30967441.0,2023-03-25 23:59:59.999,60151286.071
2023-03-26,1.921,1.982,1.912,1.958,25334901.0,2023-03-26 23:59:59.999,49329575.469
2023-03-27,1.958,1.965,1.811,1.844,44826054.0,2023-03-27 23:59:59.999,84257226.223
2023-03-28,1.844,1.903,1.807,1.88,43141940.0,2023-03-28 23:59:59.999,79838020.305
2023-03-29,1.881,2.004,1.875,1.998,43005458.0,2023-03-29 23:59:59.999,83738391.16
2023-03-30,1.997,2.038,1.9,1.926,43842583.0,2023-03-30 23:59:59.999,85704165.424
2023-03-31,1.925,2.009,1.883,1.989,35723378.0,2023-03-31 23:59:59.999,69731912.533
2023-04-01,1.989,2.01,1.957,1.987,23077845.0,2023-04-01 23:59:59.999,45691254.878
2023-04-02,1.987,2.01,1.885,1.918,30967654.0,2023-04-02 23:59:59.999,60314759.474
2023-04-03,1.917,2.017,1.851,1.947,61473891.0,2023-04-03 23:59:59.999,118536903.622
2023-04-04,1.948,2.012,1.915,1.997,33344389.0,2023-04-04 23:59:59.999,65600569.566
2023-04-05,1.997,2.081,1.981,2.026,45695408.0,2023-04-05 23:59:59.999,92916903.228
2023-04-06,2.026,2.03,1.939,1.987,33381311.0,2023-04-06 23:59:59.999,66320504.217
2023-04-07,1.988,2.028,1.95,2.015,33124647.0,2023-04-07 23:59:59.999,65906140.995
2023-04-08,2.016,2.02,1.95,1.968,19269735.0,2023-04-08 23:59:59.999,38300351.289
2023-04-09,1.969,2.04,1.928,2.004,30877890.0,2023-04-09 23:59:59.999,61045489.154
2023-04-10,2.005,2.071,1.964,2.067,36861970.0,2023-04-10 23:59:59.999,74232018.79
2023-04-11,2.068,2.106,2.036,2.051,42185987.0,2023-04-11 23:59:59.999,87320658.881
2023-04-12,2.052,2.244,1.968,2.225,173795834.0,2023-04-12 23:59:59.999,372538042.239
2023-04-13,2.225,2.228,2.157,2.201,100608005.0,2023-04-13 23:59:59.999,220447599.303
2023-04-14,2.202,2.278,2.15,2.221,89912622.0,2023-04-14 23:59:59.999,199761965.486
2023-04-15,2.221,2.407,2.174,2.318,103566993.0,2023-04-15 23:59:59.999,239719611.375
2023-04-16,2.319,2.359,2.264,2.323,49670730.0,2023-04-16 23:59:59.999,114413244.93
2023-04-17,2.324,2.34,2.236,2.29,68043416.0,2023-04-17 23:59:59.999,155311399.315
2023-04-18,2.291,2.403,2.235,2.348,61674828.0,2023-04-18 23:59:59.999,144383419.104
2023-04-19,2.347,2.407,2.066,2.146,87140926.0,2023-04-19 23:59:59.999,194067475.191
2023-04-20,2.147,2.199,2.013,2.047,70151024.0,2023-04-20 23:59:59.999,148063120.459
2023-04-21,2.047,2.067,1.869,1.925,57198134.0,2023-04-21 23:59:59.999,113467571.259
2023-04-22,1.925,1.948,1.893,1.943,26288156.0,2023-04-22 23:59:59.999,50560176.896
2023-04-23,1.943,1.95,1.835,1.91,35263573.0,2023-04-23 23:59:59.999,67143273.175
2023-04-24,1.911,1.943,1.846,1.883,39048962.0,2023-04-24 23:59:59.999,74174494.545
2023-04-25,1.883,1.988,1.841,1.959,51400335.0,2023-04-25 23:59:59.999,97557962.034
2023-04-26,1.96,2.027,1.77,1.89,71170595.0,2023-04-26 23:59:59.999,136918443.027
2023-04-27,1.889,1.956,1.871,1.922,55540949.0,2023-04-27 23:59:59.999,106265598.703
2023-04-28,1.922,1.94,1.87,1.915,28509669.0,2023-04-28 23:59:59.999,54367782.46
2023-04-29,1.916,1.958,1.908,1.936,21670402.0,2023-04-29 23:59:59.999,41950274.443
2023-04-30,1.937,1.986,1.889,1.929,47116387.0,2023-04-30 23:59:59.999,91542637.605
2023-05-01,1.928,1.953,1.8,1.835,44846481.0,2023-05-01 23:59:59.999,83838805.686
2023-05-02,1.835,1.853,1.809,1.834,28900948.0,2023-05-02 23:59:59.999,52961816.073
2023-05-03,1.835,1.929,1.778,1.898,47665420.0,2023-05-03 23:59:59.999,87398641.915
2023-05-04,1.898,1.901,1.822,1.84,34388309.0,2023-05-04 23:59:59.999,63790784.167
2023-05-05,1.84,1.89,1.8,1.865,40483928.0,2023-05-05 23:59:59.999,75092838.2
2023-05-06,1.865,1.88,1.738,1.765,44184494.0,2023-05-06 23:59:59.999,79333052.661
2023-05-07,1.766,1.784,1.725,1.737,27315455.0,2023-05-07 23:59:59.999,48123813.283
2023-05-08,1.736,1.747,1.553,1.641,68546944.0,2023-05-08 23:59:59.999,113305094.995
2023-05-09,1.642,1.653,1.603,1.62,29179764.0,2023-05-09 23:59:59.999,47457998.076
2023-05-10,1.621,1.687,1.539,1.659,67609558.0,2023-05-10 23:59:59.999,110630504.016
2023-05-11,1.659,1.661,1.552,1.594,53691881.0,2023-05-11 23:59:59.999,85917448.689
2023-05-12,1.594,1.655,1.539,1.647,66197067.0,2023-05-12 23:59:59.999,106111228.222
2023-05-13,1.647,1.673,1.614,1.659,32019853.0,2023-05-13 23:59:59.999,52631407.152
2023-05-14,1.659,1.676,1.637,1.655,29229981.0,2023-05-14 23:59:59.999,48436633.106
2023-05-15,1.656,1.704,1.633,1.654,43701787.0,2023-05-15 23:59:59.999,73026784.91
2023-05-16,1.654,1.671,1.623,1.656,35684928.0,2023-05-16 23:59:59.999,58859093.449
2023-05-17,1.657,1.719,1.638,1.699,46809569.0,2023-05-17 23:59:59.999,78351481.233
2023-05-18,1.699,1.702,1.618,1.655,36742897.0,2023-05-18 23:59:59.999,61253582.409
2023-05-19,1.656,1.694,1.65,1.663,31003370.0,2023-05-19 23:59:59.999,51740910.745
2023-05-20,1.664,1.668,1.648,1.659,17298636.0,2023-05-20 23:59:59.999,28652594.07
2023-05-21,1.66,1.667,1.605,1.608,22655711.0,2023-05-21 23:59:59.999,36936999.906
2023-05-22,1.609,1.628,1.57,1.61,35441133.0,2023-05-22 23:59:59.999,56838716.094
2023-05-23,1.611,1.679,1.598,1.643,36836087.0,2023-05-23 23:59:59.999,60563539.299
2023-05-24,1.643,1.646,1.54,1.57,49130917.0,2023-05-24 23:59:59.999,77940261.153
2023-05-25,1.57,1.584,1.526,1.562,39683158.0,2023-05-25 23:59:59.999,62047096.349
2023-05-26,1.562,1.598,1.529,1.575,39144848.0,2023-05-26 23:59:59.999,61307975.348
2023-05-27,1.576,1.657,1.57,1.63,32204170.0,2023-05-27 23:59:59.999,51754885.923
2023-05-28,1.63,1.687,1.624,1.665,37320603.0,2023-05-28 23:59:59.999,61543106.01
2023-05-29,1.666,1.677,1.615,1.626,38235239.0,2023-05-29 23:59:59.999,62733847.413
2023-05-30,1.625,1.647,1.6,1.608,35954300.0,2023-05-30 23:59:59.999,58401495.375
2023-05-31,1.608,1.621,1.542,1.564,53885984.0,2023-05-31 23:59:59.999,84764913.767
2023-06-01,1.565,1.575,1.53,1.546,37706331.0,2023-06-01 23:59:59.999,58729716.608
2023-06-02,1.546,1.629,1.533,1.614,48167765.0,2023-06-02 23:59:59.999,76662251.855
2023-06-03,1.614,1.64,1.596,1.617,26534714.0,2023-06-03 23:59:59.999,42936536.271
2023-06-04,1.616,1.648,1.603,1.615,22856016.0,2023-06-04 23:59:59.999,37313520.306
2023-06-05,1.616,1.658,1.423,1.496,90223814.0,2023-06-05 23:59:59.999,140420843.64
2023-06-06,1.495,1.54,1.447,1.532,58179674.0,2023-06-06 23:59:59.999,87118209.493
2023-06-07,1.532,1.533,1.4,1.413,69097724.0,2023-06-07 23:59:59.999,100280289.259
2023-06-08,1.413,1.424,1.383,1.414,50488548.0,2023-06-08 23:59:59.999,71054824.771
2023-06-09,1.413,1.433,1.366,1.386,44743656.0,2023-06-09 23:59:59.999,62771780.852
2023-06-10,1.385,1.386,1.102,1.2,150563531.0,2023-06-10 23:59:59.999,185873150.755
2023-06-11,1.201,1.237,1.185,1.208,54646586.0,2023-06-11 23:59:59.999,65704119.646
2023-06-12,1.208,1.215,1.164,1.198,56617770.0,2023-06-12 23:59:59.999,67536608.644
2023-06-13,1.198,1.246,1.184,1.198,58337764.0,2023-06-13 23:59:59.999,70547827.265
2023-06-14,1.199,1.242,1.142,1.176,75969071.0,2023-06-14 23:59:59.999,90983252.955
2023-06-15,1.175,1.225,1.16,1.195,73693628.0,2023-06-15 23:59:59.999,87183408.023
2023-06-16,1.195,1.238,1.171,1.214,55735540.0,2023-06-16 23:59:59.999,67037999.464
2023-06-17,1.213,1.279,1.203,1.258,58505719.0,2023-06-17 23:59:59.999,73275529.649
2023-06-18,1.258,1.278,1.207,1.236,52494555.0,2023-06-18 23:59:59.999,65606224.389
2023-06-19,1.236,1.243,1.191,1.239,52053287.0,2023-06-19 23:59:59.999,63686971.036
2023-06-20,1.239,1.311,1.216,1.298,64734646.0,2023-06-20 23:59:59.999,81110246.58
2023-06-21,1.297,1.357,1.291,1.336,97286736.0,2023-06-21 23:59:59.999,128593976.097
2023-06-22,1.336,1.38,1.301,1.324,74237596.0,2023-06-22 23:59:59.999,99995894.478
2023-06-23,1.324,1.409,1.317,1.382,69532645.0,2023-06-23 23:59:59.999,94395141.121
2023-06-24,1.381,1.458,1.371,1.411,78952867.0,2023-06-24 23:59:59.999,111722966.036
2023-06-25,1.412,1.462,1.388,1.397,58659355.0,2023-06-25 23:59:59.999,83711775.801
2023-06-26,1.398,1.635,1.351,1.484,509175510.0,2023-06-26 23:59:59.999,789339199.304
2023-06-27,1.484,1.507,1.444,1.476,137242467.0,2023-06-27 23:59:59.999,202990179.975
2023-06-28,1.476,1.479,1.321,1.362,111437703.0,2023-06-28 23:59:59.999,155624312.012
2023-06-29,1.362,1.396,1.336,1.348,74872958.0,2023-06-29 23:59:59.999,101875800.632
2023-06-30,1.349,1.444,1.268,1.385,151216344.0,2023-06-30 23:59:59.999,206730505.978
2023-07-01,1.385,1.485,1.352,1.484,109101566.0,2023-07-01 23:59:59.999,155030932.074
2023-07-02,1.484,1.488,1.425,1.466,105061845.0,2023-07-02 23:59:59.999,152908866.332
2023-07-03,1.467,1.487,1.427,1.457,81982825.0,2023-07-03 23:59:59.999,119650895.744
2023-07-04,1.456,1.457,1.38,1.397,64140128.0,2023-07-04 23:59:59.999,91194451.272
2023-07-05,1.398,1.416,1.331,1.353,68260732.0,2023-07-05 23:59:59.999,93269438.496
2023-07-06,1.354,1.393,1.284,1.309,78063683.0,2023-07-06 23:59:59.999,104426395.372
2023-07-07,1.308,1.368,1.294,1.33,71537017.0,2023-07-07 23:59:59.999,95889489.765
2023-07-08,1.331,1.398,1.325,1.381,84810965.0,2023-07-08 23:59:59.999,116117585.502
2023-07-09,1.382,1.392,1.316,1.325,58593573.0,2023-07-09 23:59:59.999,78874804.914
2023-07-10,1.326,1.361,1.284,1.329,71356309.0,2023-07-10 23:59:59.999,93820476.476
2023-07-11,1.329,1.352,1.304,1.328,43980210.0,2023-07-11 23:59:59.999,58358259.86
2023-07-12,1.329,1.371,1.304,1.328,59859385.0,2023-07-12 23:59:59.999,80369245.259
2023-07-13,1.328,1.469,1.313,1.464,98794853.0,2023-07-13 23:59:59.999,138103238.217
2023-07-14,1.464,1.595,1.446,1.497,209348596.0,2023-07-14 23:59:59.999,319169506.388
2023-07-15,1.497,1.527,1.459,1.491,48514085.0,2023-07-15 23:59:59.999,72385086.26
2023-07-16,1.491,1.512,1.435,1.446,46131879.0,2023-07-16 23:59:59.999,68216197.363
2023-07-17,1.445,1.507,1.421,1.499,86738182.0,2023-07-17 23:59:59.999,126989835.439
2023-07-18,1.499,1.514,1.44,1.469,63173437.0,2023-07-18 23:59:59.999,92773968.976
2023-07-19,1.47,1.52,1.455,1.465,51226468.0,2023-07-19 23:59:59.999,76100962.409
2023-07-20,1.465,1.607,1.457,1.528,120256000.0,2023-07-20 23:59:59.999,185742566.662
2023-07-21,1.529,1.533,1.472,1.48,50903164.0,2023-07-21 23:59:59.999,76292944.9
2023-07-22,1.48,1.49,1.42,1.443,33639876.0,2023-07-22 23:59:59.999,49128917.093
2023-07-23,1.443,1.478,1.431,1.453,30635675.0,2023-07-23 23:59:59.999,44535297.083
2023-07-24,1.453,1.463,1.336,1.378,57633835.0,2023-07-24 23:59:59.999,80654623.268
2023-07-25,1.379,1.382,1.33,1.347,44391918.0,2023-07-25 23:59:59.999,60132939.123
2023-07-26,1.347,1.379,1.316,1.364,52550487.0,2023-07-26 23:59:59.999,70549276.482
2023-07-27,1.363,1.389,1.348,1.377,42607615.0,2023-07-27 23:59:59.999,58392711.747
2023-07-28,1.377,1.405,1.368,1.389,32350543.0,2023-07-28 23:59:59.999,44810729.322
2023-07-29,1.389,1.414,1.385,1.405,19234365.0,2023-07-29 23:59:59.999,26954651.75
2023-07-30,1.404,1.418,1.359,1.394,37263778.0,2023-07-30 23:59:59.999,52075419.073
2023-07-31,1.394,1.418,1.35,1.369,40934833.0,2023-07-31 23:59:59.999,56746551.222
2023-08-01,1.37,1.416,1.317,1.414,61647653.0,2023-08-01 23:59:59.999,84761563.579
2023-08-02,1.414,1.424,1.38,1.397,47807807.0,2023-08-02 23:59:59.999,66847279.059
2023-08-03,1.397,1.419,1.349,1.36,43323681.0,2023-08-03 23:59:59.999,59985733.179
2023-08-04,1.359,1.366,1.324,1.338,41427578.0,2023-08-04 23:59:59.999,55932337.123
2023-08-05,1.339,1.358,1.329,1.353,23258596.0,2023-08-05 23:59:59.999,31270002.44
2023-08-06,1.352,1.372,1.334,1.338,25681226.0,2023-08-06 23:59:59.999,34715830.848
2023-08-07,1.338,1.363,1.3,1.338,44414413.0,2023-08-07 23:59:59.999,59310386.29
2023-08-08,1.338,1.376,1.329,1.36,40228645.0,2023-08-08 23:59:59.999,54493371.013
2023-08-09,1.36,1.372,1.333,1.349,32793422.0,2023-08-09 23:59:59.999,44366740.687
2023-08-10,1.35,1.353,1.326,1.336,29293248.0,2023-08-10 23:59:59.999,39192613.954
2023-08-11,1.336,1.339,1.318,1.332,21230033.0,2023-08-11 23:59:59.999,28230278.794
2023-08-12,1.332,1.357,1.329,1.342,20979154.0,2023-08-12 23:59:59.999,28178981.199
2023-08-13,1.343,1.357,1.333,1.339,17446751.0,2023-08-13 23:59:59.999,23438121.516
2023-08-14,1.339,1.355,1.326,1.335,25549319.0,2023-08-14 23:59:59.999,34282589.376
2023-08-15,1.335,1.342,1.212,1.28,51961512.0,2023-08-15 23:59:59.999,67438475.167
2023-08-16,1.279,1.29,1.178,1.21,68713863.0,2023-08-16 23:59:59.999,84631954.023
2023-08-17,1.21,1.228,1.0,1.116,103547783.0,2023-08-17 23:59:59.999,120318446.12
2023-08-18,1.117,1.154,1.108,1.141,61896475.0,2023-08-18 23:59:59.999,70176468.138
2023-08-19,1.141,1.19,1.129,1.164,41809772.0,2023-08-19 23:59:59.999,48347267.261
2023-08-20,1.165,1.175,1.146,1.167,26496535.0,2023-08-20 23:59:59.999,30762726.627
2023-08-21,1.167,1.173,1.106,1.131,46810991.0,2023-08-21 23:59:59.999,53468336.7
2023-08-22,1.131,1.17,1.092,1.169,77770267.0,2023-08-22 23:59:59.999,87815652.092
2023-08-23,1.168,1.229,1.144,1.21,82061334.0,2023-08-23 23:59:59.999,97418683.025
2023-08-24,1.209,1.216,1.169,1.193,50984482.0,2023-08-24 23:59:59.999,60566249.919
2023-08-25,1.193,1.213,1.157,1.19,48479544.0,2023-08-25 23:59:59.999,57243919.779
2023-08-26,1.189,1.206,1.186,1.19,14987250.0,2023-08-26 23:59:59.999,17933696.663
2023-08-27,1.191,1.229,1.168,1.177,36107316.0,2023-08-27 23:59:59.999,43273576.67
2023-08-28,1.177,1.2,1.145,1.194,37486171.0,2023-08-28 23:59:59.999,43969479.622
2023-08-29,1.194,1.257,1.16,1.226,58227059.0,2023-08-29 23:59:59.999,70812271.356
2023-08-30,1.227,1.23,1.186,1.202,25929844.0,2023-08-30 23:59:59.999,31255668.581
2023-08-31,1.202,1.204,1.124,1.154,42429233.0,2023-08-31 23:59:59.999,49672283.172
2023-09-01,1.154,1.162,1.112,1.126,38934638.0,2023-09-01 23:59:59.999,44395226.039
2023-09-02,1.126,1.132,1.104,1.119,18245343.0,2023-09-02 23:59:59.999,20476051.498
2023-09-03,1.12,1.134,1.111,1.124,18306821.0,2023-09-03 23:59:59.999,20559971.557
2023-09-04,1.124,1.148,1.106,1.127,35187380.0,2023-09-04 23:59:59.999,39726832.221
2023-09-05,1.126,1.154,1.109,1.127,30380674.0,2023-09-05 23:59:59.999,34237727.902
2023-09-06,1.127,1.146,1.103,1.129,39241417.0,2023-09-06 23:59:59.999,44138709.477
2023-09-07,1.13,1.154,1.121,1.153,33658677.0,2023-09-07 23:59:59.999,38258423.343
2023-09-08,1.153,1.165,1.125,1.15,26245960.0,2023-09-08 23:59:59.999,30082514.413
2023-09-09,1.15,1.186,1.147,1.164,22497666.0,2023-09-09 23:59:59.999,26225710.927
2023-09-10,1.165,1.167,1.094,1.15,51201248.0,2023-09-10 23:59:59.999,58401360.82
2023-09-11,1.15,1.154,1.082,1.1,56020475.0,2023-09-11 23:59:59.999,62514246.514
2023-09-12,1.101,1.133,1.064,1.07,53472559.0,2023-09-12 23:59:59.999,58671758.452
2023-09-13,1.069,1.106,1.066,1.088,44558759.0,2023-09-13 23:59:59.999,48300999.473
2023-09-14,1.089,1.119,1.083,1.107,30633551.0,2023-09-14 23:59:59.999,33676686.554
2023-09-15,1.106,1.132,1.095,1.129,30500732.0,2023-09-15 23:59:59.999,33940801.222
2023-09-16,1.129,1.142,1.115,1.127,21779307.0,2023-09-16 23:59:59.999,24560953.539
2023-09-17,1.128,1.128,1.071,1.094,28106903.0,2023-09-17 23:59:59.999,31021202.955
2023-09-18,1.095,1.127,1.078,1.098,39033303.0,2023-09-18 23:59:59.999,43227227.679
2023-09-19,1.098,1.132,1.088,1.121,32468865.0,2023-09-19 23:59:59.999,36217512.421
2023-09-20,1.121,1.132,1.093,1.12,34263390.0,2023-09-20 23:59:59.999,38118638.793
2023-09-21,1.119,1.152,1.1,1.125,59564486.0,2023-09-21 23:59:59.999,67090640.326
2023-09-22,1.124,1.133,1.101,1.121,29535575.0,2023-09-22 23:59:59.999,32952519.09
2023-09-23,1.122,1.125,1.106,1.115,16536041.0,2023-09-23 23:59:59.999,18430780.044
2023-09-24,1.115,1.115,1.086,1.094,17468328.0,2023-09-24 23:59:59.999,19292825.819
2023-09-25,1.095,1.115,1.081,1.101,23099321.0,2023-09-25 23:59:59.999,25488344.177
2023-09-26,1.101,1.105,1.07,1.079,34091422.0,2023-09-26 23:59:59.999,37164264.362
2023-09-27,1.08,1.098,1.056,1.077,37878770.0,2023-09-27 23:59:59.999,40815555.592
2023-09-28,1.077,1.11,1.073,1.108,33893577.0,2023-09-28 23:59:59.999,36915522.854
2023-09-29,1.108,1.129,1.093,1.12,32839190.0,2023-09-29 23:59:59.999,36417984.086
2023-09-30,1.121,1.149,1.119,1.133,31618645.0,2023-09-30 23:59:59.999,35882047.306
2023-10-01,1.134,1.171,1.127,1.16,39246929.0,2023-10-01 23:59:59.999,45064063.776
2023-10-02,1.161,1.172,1.098,1.114,45236682.0,2023-10-02 23:59:59.999,51425535.418
2023-10-03,1.114,1.123,1.092,1.099,30856683.0,2023-10-03 23:59:59.999,34169046.164
2023-10-04,1.099,1.105,1.056,1.098,43360483.0,2023-10-04 23:59:59.999,47013689.21
2023-10-05,1.097,1.11,1.069,1.072,35497801.0,2023-10-05 23:59:59.999,38716383.683
2023-10-06,1.072,1.101,1.071,1.092,27541069.0,2023-10-06 23:59:59.999,29958392.91
2023-10-07,1.092,1.107,1.082,1.089,17592964.0,2023-10-07 23:59:59.999,19233153.801
2023-10-08,1.09,1.1,1.074,1.093,19547475.0,2023-10-08 23:59:59.999,21279484.747
2023-10-09,1.092,1.096,1.001,1.039,50139072.0,2023-10-09 23:59:59.999,52619341.649
2023-10-10,1.039,1.057,1.03,1.042,27993259.0,2023-10-10 23:59:59.999,29191830.391
2023-10-11,1.043,1.045,1.005,1.027,37488171.0,2023-10-11 23:59:59.999,38301501.521
2023-10-12,1.027,1.028,0.993,1.011,36309729.0,2023-10-12 23:59:59.999,36646066.945
2023-10-13,1.012,1.022,0.997,1.008,37177211.0,2023-10-13 23:59:59.999,37439495.501
2023-10-14,1.008,1.017,1.003,1.011,18358354.0,2023-10-14 23:59:59.999,18540668.573
2023-10-15,1.011,1.036,1.007,1.027,26081982.0,2023-10-15 23:59:59.999,26629784.59
2023-10-16,1.027,1.071,1.02,1.032,57217732.0,2023-10-16 23:59:59.999,59540835.659
2023-10-17,1.033,1.041,0.995,1.007,37922488.0,2023-10-17 23:59:59.999,38771668.682
2023-10-18,1.008,1.02,0.984,0.998,32619662.0,2023-10-18 23:59:59.999,32672826.454
2023-10-19,0.997,1.002,0.97,0.986,47263297.0,2023-10-19 23:59:59.999,46394946.236
2023-10-20,0.987,1.02,0.98,1.006,46898286.0,2023-10-20 23:59:59.999,47027508.739
2023-10-21,1.005,1.051,0.997,1.041,45432992.0,2023-10-21 23:59:59.999,46623199.5
2023-10-22,1.041,1.057,1.013,1.056,51892207.0,2023-10-22 23:59:59.999,53774458.186
2023-10-23,1.056,1.114,1.045,1.1,103969990.0,2023-10-23 23:59:59.999,111371486.516
2023-10-24,1.1,1.169,1.086,1.138,141980878.0,2023-10-24 23:59:59.999,159878817.747
2023-10-25,1.137,1.164,1.105,1.144,98671749.0,2023-10-25 23:59:59.999,112409182.442
2023-10-26,1.144,1.218,1.13,1.192,132432661.0,2023-10-26 23:59:59.999,155790539.962
2023-10-27,1.192,1.258,1.157,1.221,89065128.0,2023-10-27 23:59:59.999,107977863.499
2023-10-28,1.221,1.265,1.208,1.219,58009984.0,2023-10-28 23:59:59.999,71558979.638
2023-10-29,1.219,1.278,1.196,1.278,40768362.0,2023-10-29 23:59:59.999,50306830.651
2023-10-30,1.278,1.327,1.247,1.322,52625482.0,2023-10-30 23:59:59.999,67374853.108
2023-10-31,1.321,1.339,1.247,1.332,64829050.0,2023-10-31 23:59:59.999,84239021.296
2023-11-01,1.333,1.57,1.323,1.528,221969428.0,2023-11-01 23:59:59.999,323727813.21
2023-11-02,1.529,1.569,1.447,1.527,172382544.0,2023-11-02 23:59:59.999,257954873.353
2023-11-03,1.527,1.564,1.45,1.475,109224060.0,2023-11-03 23:59:59.999,163677188.632
2023-11-04,1.474,1.537,1.456,1.514,49070319.0,2023-11-04 23:59:59.999,73454106.468
2023-11-05,1.513,1.679,1.497,1.638,122085804.0,2023-11-05 23:59:59.999,197035643.832
2023-11-06,1.638,1.678,1.557,1.585,87148700.0,2023-11-06 23:59:59.999,139699946.812
2023-11-07,1.585,1.586,1.406,1.445,124245020.0,2023-11-07 23:59:59.999,185013203.766
2023-11-08,1.445,1.491,1.418,1.469,83022173.0,2023-11-08 23:59:59.999,120881312.664
2023-11-09,1.468,1.57,1.261,1.436,149970060.0,2023-11-09 23:59:59.999,218794161.429
2023-11-10,1.437,1.587,1.4,1.556,103925535.0,2023-11-10 23:59:59.999,153458973.103
2023-11-11,1.556,1.637,1.468,1.6,106080946.0,2023-11-11 23:59:59.999,165719420.418
2023-11-12,1.6,1.802,1.522,1.704,140536887.0,2023-11-12 23:59:59.999,236827724.0
2023-11-13,1.704,1.748,1.59,1.591,124381691.0,2023-11-13 23:59:59.999,209613906.433
2023-11-14,1.592,1.626,1.441,1.538,94590921.0,2023-11-14 23:59:59.999,147759150.906
2023-11-15,1.538,1.744,1.534,1.703,102840216.0,2023-11-15 23:59:59.999,170678282.672
2023-11-16,1.703,1.86,1.647,1.723,157550457.0,2023-11-16 23:59:59.999,276568579.934
2023-11-17,1.724,1.948,1.714,1.871,195583167.0,2023-11-17 23:59:59.999,361579129.838
2023-11-18,1.871,1.897,1.677,1.77,122156991.0,2023-11-18 23:59:59.999,215126388.104
2023-11-19,1.771,2.054,1.713,1.987,127146290.0,2023-11-19 23:59:59.999,238555341.348
2023-11-20,1.988,2.187,1.963,1.996,224284623.0,2023-11-20 23:59:59.999,466086722.616
2023-11-21,1.997,2.052,1.728,1.75,156619962.0,2023-11-21 23:59:59.999,294675153.665
2023-11-22,1.751,1.868,1.742,1.824,92939262.0,2023-11-22 23:59:59.999,169106590.368
2023-11-23,1.824,1.856,1.765,1.808,69520705.0,2023-11-23 23:59:59.999,125731270.83
2023-11-24,1.807,1.914,1.775,1.832,72574915.0,2023-11-24 23:59:59.999,133516569.088
2023-11-25,1.832,1.911,1.817,1.884,46998583.0,2023-11-25 23:59:59.999,87371711.94
2023-11-26,1.883,1.915,1.783,1.828,59221388.0,2023-11-26 23:59:59.999,109595883.889
2023-11-27,1.829,1.834,1.728,1.78,60585670.0,2023-11-27 23:59:59.999,107090219.043
2023-11-28,1.781,1.826,1.73,1.821,51835003.0,2023-11-28 23:59:59.999,92362651.142
2023-11-29,1.822,1.891,1.793,1.798,52937270.0,2023-11-29 23:59:59.999,97330469.154
2023-11-30,1.799,1.89,1.785,1.882,55500226.0,2023-11-30 23:59:59.999,102658389.331
2023-12-01,1.881,1.908,1.855,1.894,42585873.0,2023-12-01 23:59:59.999,79989440.554
2023-12-02,1.893,2.034,1.891,2.011,59568013.0,2023-12-02 23:59:59.999,117931471.876
2023-12-03,2.011,2.028,1.953,1.982,46749928.0,2023-12-03 23:59:59.999,92791356.685
2023-12-04,1.981,2.196,1.977,2.151,125897248.0,2023-12-04 23:59:59.999,265676607.121
2023-12-05,2.15,2.324,2.133,2.257,135533182.0,2023-12-05 23:59:59.999,303493572.452
2023-12-06,2.258,2.398,2.242,2.287,103490719.0,2023-12-06 23:59:59.999,239789375.271
2023-12-07,2.288,2.377,2.213,2.268,82873087.0,2023-12-07 23:59:59.999,188844462.56
2023-12-08,2.268,2.396,2.192,2.38,85110004.0,2023-12-08 23:59:59.999,193755693.172
2023-12-09,2.379,2.62,2.379,2.424,128861167.0,2023-12-09 23:59:59.999,323287863.634
2023-12-10,2.425,2.599,2.383,2.522,80685504.0,2023-12-10 23:59:59.999,199775147.547
2023-12-11,2.521,2.544,2.141,2.241,140980575.0,2023-12-11 23:59:59.999,327052974.971
2023-12-12,2.24,2.467,2.223,2.307,126478117.0,2023-12-12 23:59:59.999,294034492.524
2023-12-13,2.306,2.344,2.101,2.332,103542304.0,2023-12-13 23:59:59.999,229248043.426
2023-12-14,2.332,2.359,2.161,2.326,84610038.0,2023-12-14 23:59:59.999,193174036.25
2023-12-15,2.325,2.329,2.182,2.192,76460520.0,2023-12-15 23:59:59.999,172127726.397
2023-12-16,2.192,2.45,2.16,2.391,88010762.0,2023-12-16 23:59:59.999,205149223.481
2023-12-17,2.391,2.485,2.261,2.268,88325851.0,2023-12-17 23:59:59.999,209634999.479
2023-12-18,2.268,2.319,2.067,2.291,83042423.0,2023-12-18 23:59:59.999,181231805.178
2023-12-19,2.291,2.498,2.264,2.433,110893625.0,2023-12-19 23:59:59.999,265597592.948
2023-12-20,2.434,3.056,2.424,2.848,320386020.0,2023-12-20 23:59:59.999,896962110.292
2023-12-21,2.848,3.625,2.783,3.541,261396768.0,2023-12-21 23:59:59.999,860844604.929
2023-12-22,3.541,3.815,3.273,3.362,181853113.0,2023-12-22 23:59:59.999,635827735.469
2023-12-23,3.363,3.985,3.207,3.909,140275629.0,2023-12-23 23:59:59.999,488967259.311
2023-12-24,3.909,4.107,3.61,3.803,137320333.0,2023-12-24 23:59:59.999,527108900.281
2023-12-25,3.802,4.388,3.725,4.252,131624243.0,2023-12-25 23:59:59.999,530245728.271
2023-12-26,4.253,4.632,3.9,4.307,152603878.0,2023-12-26 23:59:59.999,664597274.501
2023-12-27,4.307,4.407,3.997,4.089,82410226.0,2023-12-27 23:59:59.999,342831234.775
2023-12-28,4.09,4.324,3.731,3.758,93260329.0,2023-12-28 23:59:59.999,372720087.386
2023-12-29,3.759,3.977,3.518,3.623,89773075.0,2023-12-29 23:59:59.999,337556884.64
2023-12-30,3.623,3.781,3.545,3.679,55499021.0,2023-12-30 23:59:59.999,203896150.144
2023-12-31,3.679,3.888,3.52,3.653,54261080.0,2023-12-31 23:59:59.999,201468205.037
2024-01-01,3.654,3.839,3.573,3.798,44213730.0,2024-01-01 23:59:59.999,163304024.026
2024-01-02,3.798,4.336,3.744,3.926,122488647.0,2024-01-02 23:59:59.999,493267429.484
2024-01-03,3.926,4.092,2.836,3.772,133768772.0,2024-01-03 23:59:59.999,496049009.012
2024-01-04,3.771,4.05,3.572,3.911,81853747.0,2024-01-04 23:59:59.999,310768513.165
2024-01-05,3.911,3.951,3.449,3.55,70411478.0,2024-01-05 23:59:59.999,257221930.783
2024-01-06,3.551,3.705,3.165,3.475,88766748.0,2024-01-06 23:59:59.999,302961813.597
2024-01-07,3.476,3.539,3.151,3.213,55565720.0,2024-01-07 23:59:59.999,187115710.456
2024-01-08,3.214,3.477,2.916,3.415,102536707.0,2024-01-08 23:59:59.999,328441508.102
2024-01-09,3.416,3.538,3.026,3.22,105070743.0,2024-01-09 23:59:59.999,344143965.741
2024-01-10,3.219,3.686,3.083,3.601,85838957.0,2024-01-10 23:59:59.999,282887766.606
2024-01-11,3.601,3.839,3.508,3.613,93181901.0,2024-01-11 23:59:59.999,340686681.681
2024-01-12,3.612,3.68,3.3,3.46,82388394.0,2024-01-12 23:59:59.999,291680838.418
2024-01-13,3.459,3.521,3.298,3.407,40298784.0,2024-01-13 23:59:59.999,137654720.733
2024-01-14,3.406,3.523,3.291,3.309,41142995.0,2024-01-14 23:59:59.999,140268953.355
2024-01-15,3.308,3.428,3.243,3.306,38266244.0,2024-01-15 23:59:59.999,127671217.248
2024-01-16,3.305,3.348,3.173,3.239,46090471.0,2024-01-16 23:59:59.999,150650290.584
2024-01-17,3.239,3.368,3.155,3.311,55891132.0,2024-01-17 23:59:59.999,183700088.91
2024-01-18,3.311,3.377,2.985,3.083,65341928.0,2024-01-18 23:59:59.999,208273677.367
2024-01-19,3.082,3.1,2.783,3.009,60217507.0,2024-01-19 23:59:59.999,178043550.198
2024-01-20,3.009,3.009,2.866,2.966,27292710.0,2024-01-20 23:59:59.999,80048923.16
2024-01-21,2.965,3.045,2.917,2.923,24594885.0,2024-01-21 23:59:59.999,73362461.216
2024-01-22,2.923,2.949,2.589,2.65,71780696.0,2024-01-22 23:59:59.999,197343712.903
2024-01-23,2.649,2.726,2.448,2.65,81815060.0,2024-01-23 23:59:59.999,210865302.684
2024-01-24,2.65,2.694,2.543,2.68,59066438.0,2024-01-24 23:59:59.999,153664537.833
2024-01-25,2.68,2.744,2.601,2.695,51093449.0,2024-01-25 23:59:59.999,136637391.462
2024-01-26,2.695,3.007,2.646,2.917,75955768.0,2024-01-26 23:59:59.999,217722321.272
2024-01-27,2.917,2.961,2.826,2.911,38836250.0,2024-01-27 23:59:59.999,112481762.198
2024-01-28,2.911,3.075,2.858,2.879,62390529.0,2024-01-28 23:59:59.999,185655234.191
2024-01-29,2.879,3.062,2.852,3.009,46670598.0,2024-01-29 23:59:59.999,137543297.239
2024-01-30,3.009,3.234,2.957,3.01,75147066.0,2024-01-30 23:59:59.999,231973100.743
2024-01-31,3.011,3.029,2.785,2.821,62491933.0,2024-01-31 23:59:59.999,181234953.167
2024-02-01,2.821,2.881,2.727,2.854,42004016.0,2024-02-01 23:59:59.999,117666725.883
2024-02-02,2.854,2.945,2.831,2.899,39482744.0,2024-02-02 23:59:59.999,113935276.665
2024-02-03,2.9,2.948,2.795,2.814,26089546.0,2024-02-03 23:59:59.999,74427749.414
2024-02-04,2.814,2.818,2.747,2.753,25671027.0,2024-02-04 23:59:59.999,71439265.185
2024-02-05,2.753,2.815,2.694,2.751,36382886.0,2024-02-05 23:59:59.999,100416316.005
2024-02-06,2.75,2.78,2.682,2.736,34473421.0,2024-02-06 23:59:59.999,94251290.914
2024-02-07,2.737,2.894,2.683,2.87,39462095.0,2024-02-07 23:59:59.999,109731948.655
2024-02-08,2.87,3.0,2.869,2.922,47074776.0,2024-02-08 23:59:59.999,138399833.901
2024-02-09,2.923,3.058,2.92,2.994,51842748.0,2024-02-09 23:59:59.999,154882316.195
2024-02-10,2.995,3.147,2.962,3.043,47293051.0,2024-02-10 23:59:59.999,144203054.017
2024-02-11,3.042,3.218,3.034,3.126,58955469.0,2024-02-11 23:59:59.999,185511100.74
2024-02-12,3.126,3.401,3.075,3.382,84736376.0,2024-02-12 23:59:59.999,273556621.779
2024-02-13,3.382,3.449,3.166,3.215,55930086.0,2024-02-13 23:59:59.999,183502467.486
2024-02-14,3.215,3.458,3.168,3.335,54019896.0,2024-02-14 23:59:59.999,180182541.273
2024-02-15,3.336,3.414,3.264,3.403,59280749.0,2024-02-15 23:59:59.999,198168276.193
2024-02-16,3.403,3.465,3.17,3.281,57669626.0,2024-02-16 23:59:59.999,191437412.919
2024-02-17,3.282,3.353,3.134,3.335,36353640.0,2024-02-17 23:59:59.999,117978575.041
2024-02-18,3.335,3.587,3.266,3.525,60558577.0,2024-02-18 23:59:59.999,208330990.158
2024-02-19,3.525,3.623,3.47,3.534,53272514.0,2024-02-19 23:59:59.999,189008941.181
2024-02-20,3.535,3.56,3.2,3.399,70595552.0,2024-02-20 23:59:59.999,240438749.431
2024-02-21,3.399,3.401,3.084,3.243,51050808.0,2024-02-21 23:59:59.999,163397199.415
2024-02-22,3.242,3.353,3.12,3.252,49369708.0,2024-02-22 23:59:59.999,160579073.741
2024-02-23,3.253,3.433,3.147,3.368,69452666.0,2024-02-23 23:59:59.999,227813872.277
2024-02-24,3.367,3.943,3.296,3.868,94134169.0,2024-02-24 23:59:59.999,340048411.548
2024-02-25,3.868,3.885,3.661,3.708,61795387.0,2024-02-25 23:59:59.999,231748024.045
2024-02-26,3.708,4.209,3.647,4.103,115452385.0,2024-02-26 23:59:59.999,456392436.978
2024-02-27,4.102,4.153,3.845,3.947,76727209.0,2024-02-27 23:59:59.999,306847331.91
2024-02-28,3.947,4.117,3.38,3.903,117465032.0,2024-02-28 23:59:59.999,457075473.828
2024-02-29,3.902,4.1,3.718,3.881,86992305.0,2024-02-29 23:59:59.999,342943880.458
2024-03-01,3.882,4.132,3.878,3.961,57616130.0,2024-03-01 23:59:59.999,229589073.929
2024-03-02,3.961,4.503,3.882,4.49,73908345.0,2024-03-02 23:59:59.999,307801989.437
2024-03-03,4.491,4.513,3.757,4.439,85474937.0,2024-03-03 23:59:59.999,364722993.301
2024-03-04,4.439,4.786,4.224,4.344,87969569.0,2024-03-04 23:59:59.999,394627466.674
2024-03-05,4.344,4.49,3.439,4.25,130100463.0,2024-03-05 23:59:59.999,548101138.451
2024-03-06,4.25,5.968,4.001,5.901,195733187.0,2024-03-06 23:59:59.999,980622187.169
2024-03-07,5.901,6.2,5.424,5.529,155134813.0,2024-03-07 23:59:59.999,883886743.585
2024-03-08,5.529,5.764,5.075,5.749,105540389.0,2024-03-08 23:59:59.999,574021734.118
2024-03-09,5.748,6.501,5.603,6.198,97523526.0,2024-03-09 23:59:59.999,594155559.237
2024-03-10,6.199,6.303,5.758,5.954,51525363.0,2024-03-10 23:59:59.999,309982235.571
2024-03-11,5.955,7.32,5.592,6.689,139732753.0,2024-03-11 23:59:59.999,945345340.321
2024-03-12,6.69,8.098,6.643,8.083,153716464.0,2024-03-12 23:59:59.999,1116488792.777
2024-03-13,8.082,8.55,7.6,7.771,113274999.0,2024-03-13 23:59:59.999,910613875.752
2024-03-14,7.77,8.931,7.611,8.874,132186362.0,2024-03-14 23:59:59.999,1064613576.183
2024-03-15,8.875,9.038,7.05,7.492,178774232.0,2024-03-15 23:59:59.999,1393134615.672
2024-03-16,7.492,7.979,6.513,6.734,139788247.0,2024-03-16 23:59:59.999,1019078852.675
2024-03-17,6.733,8.449,6.632,8.25,132411408.0,2024-03-17 23:59:59.999,1005539677.465
2024-03-18,8.25,8.592,6.862,7.03,143022088.0,2024-03-18 23:59:59.999,1092279430.706
2024-03-19,7.029,7.113,6.207,6.353,173403301.0,2024-03-19 23:59:59.999,1160015879.521
2024-03-20,6.353,7.022,6.01,6.916,124764620.0,2024-03-20 23:59:59.999,809436332.819
2024-03-21,6.916,7.0,6.42,6.455,77273270.0,2024-03-21 23:59:59.999,515081396.904
2024-03-22,6.455,6.835,6.213,6.495,86126494.0,2024-03-22 23:59:59.999,560441746.59
2024-03-23,6.496,6.809,6.363,6.622,44609552.0,2024-03-23 23:59:59.999,296715001.251
2024-03-24,6.623,7.014,6.432,7.008,36316416.0,2024-03-24 23:59:59.999,242008423.781
2024-03-25,7.008,7.773,6.977,7.46,80513031.0,2024-03-25 23:59:59.999,594884090.733
2024-03-26,7.46,8.11,7.428,7.672,87827406.0,2024-03-26 23:59:59.999,685519823.69
2024-03-27,7.672,7.91,7.105,7.262,68851128.0,2024-03-27 23:59:59.999,518326684.693
2024-03-28,7.262,7.452,7.122,7.198,35992473.0,2024-03-28 23:59:59.999,262106012.692
2024-03-29,7.198,7.21,6.857,6.984,31088083.0,2024-03-29 23:59:59.999,218701232.348
2024-03-30,6.985,7.33,6.911,6.948,28844180.0,2024-03-30 23:59:59.999,205473313.933
2024-03-31,6.948,7.372,6.913,7.303,28602607.0,2024-03-31 23:59:59.999,205553941.734
2024-04-01,7.303,7.383,6.571,6.739,50764276.0,2024-04-01 23:59:59.999,348221778.809
2024-04-02,6.74,6.742,6.112,6.22,47597743.0,2024-04-02 23:59:59.999,300606006.756
2024-04-03,6.22,6.913,6.0,6.602,73548525.0,2024-04-03 23:59:59.999,486972272.889
2024-04-04,6.601,7.041,6.341,6.731,58083436.0,2024-04-04 23:59:59.999,391777193.707
2024-04-05,6.732,7.509,6.48,7.228,91663615.0,2024-04-05 23:59:59.999,642341507.081
2024-04-06,7.227,7.318,6.9,7.026,45500385.0,2024-04-06 23:59:59.999,321632586.305
2024-04-07,7.026,7.147,6.822,6.922,37018011.0,2024-04-07 23:59:59.999,258427243.988
2024-04-08,6.922,7.585,6.84,7.368,60212137.0,2024-04-08 23:59:59.999,439559409.908
2024-04-09,7.368,7.713,7.167,7.232,77164156.0,2024-04-09 23:59:59.999,571852379.257
2024-04-10,7.231,7.325,6.648,6.989,58430798.0,2024-04-10 23:59:59.999,405262228.126
2024-04-11,6.99,7.337,6.739,6.801,48130109.0,2024-04-11 23:59:59.999,336763076.997
2024-04-12,6.802,6.922,5.065,5.785,90464213.0,2024-04-12 23:59:59.999,554716842.08
2024-04-13,5.785,5.859,4.195,5.215,145692219.0,2024-04-13 23:59:59.999,749630704.874
2024-04-14,5.214,5.729,4.919,5.714,105453784.0,2024-04-14 23:59:59.999,563795879.1
2024-04-15,5.713,5.858,4.973,5.217,80462088.0,2024-04-15 23:59:59.999,437441187.948
2024-04-16,5.218,5.538,4.898,5.49,85169393.0,2024-04-16 23:59:59.999,440643914.779
2024-04-17,5.489,5.658,5.182,5.405,90332498.0,2024-04-17 23:59:59.999,487982353.824
2024-04-18,5.405,5.882,5.217,5.704,75582055.0,2024-04-18 23:59:59.999,420587960.06
2024-04-19,5.704,5.863,5.222,5.583,66863406.0,2024-04-19 23:59:59.999,373097857.875
2024-04-20,5.584,6.253,5.502,6.214,45219684.0,2024-04-20 23:59:59.999,263561585.529
2024-04-21,6.213,6.482,6.048,6.442,44837087.0,2024-04-21 23:59:59.999,280999057.945
2024-04-22,6.441,7.246,6.339,7.025,76337637.0,2024-04-22 23:59:59.999,525064941.272
2024-04-23,7.026,7.278,6.836,6.89,66263035.0,2024-04-23 23:59:59.999,466963911.467
2024-04-24,6.89,7.333,6.703,6.856,80150631.0,2024-04-24 23:59:59.999,560415087.11
2024-04-25,6.856,7.235,6.6,7.126,79752166.0,2024-04-25 23:59:59.999,550765453.883
2024-04-26,7.125,7.53,6.888,6.926,82793009.0,2024-04-26 23:59:59.999,595896597.677
2024-04-27,6.925,7.641,6.7,7.135,93190572.0,2024-04-27 23:59:59.999,664976954.502
2024-04-28,7.135,7.455,7.022,7.04,53078407.0,2024-04-28 23:59:59.999,385183573.245
2024-04-29,7.04,7.109,6.667,6.862,48714593.0,2024-04-29 23:59:59.999,334059634.834
2024-04-30,6.862,6.951,5.832,6.186,74887952.0,2024-04-30 23:59:59.999,473917206.453
2024-05-01,6.186,6.429,5.722,6.136,80648440.0,2024-05-01 23:59:59.999,487634380.259
2024-05-02,6.137,6.212,5.863,6.081,53591912.0,2024-05-02 23:59:59.999,323772915.57
2024-05-03,6.081,6.934,6.021,6.869,57327807.0,2024-05-03 23:59:59.999,372652077.56
2024-05-04,6.869,6.988,6.781,6.863,34188186.0,2024-05-04 23:59:59.999,234484184.658
2024-05-05,6.863,7.531,6.68,7.487,51874321.0,2024-05-05 23:59:59.999,370674939.347
2024-05-06,7.486,7.602,7.162,7.311,57339418.0,2024-05-06 23:59:59.999,422546133.148
2024-05-07,7.311,8.244,7.11,7.117,69554909.0,2024-05-07 23:59:59.999,520300401.841
2024-05-08,7.116,7.297,6.779,6.803,46701812.0,2024-05-08 23:59:59.999,330584315.915
2024-05-09,6.803,7.498,6.8,7.476,54405464.0,2024-05-09 23:59:59.999,390999906.37
2024-05-10,7.477,7.65,7.113,7.25,48356188.0,2024-05-10 23:59:59.999,357232066.995
2024-05-11,7.252,7.33,6.991,7.017,33069760.0,2024-05-11 23:59:59.999,236196236.22
2024-05-12,7.017,7.069,6.825,6.881,23387042.0,2024-05-12 23:59:59.999,162840414.394
2024-05-13,6.882,7.373,6.539,7.289,57742835.0,2024-05-13 23:59:59.999,406437393.528
2024-05-14,7.289,7.39,6.927,7.019,53695723.0,2024-05-14 23:59:59.999,384263050.086
2024-05-15,7.018,8.093,6.885,8.049,69948385.0,2024-05-15 23:59:59.999,524696629.169
2024-05-16,8.049,8.299,7.849,8.017,56704193.0,2024-05-16 23:59:59.999,458099932.516
2024-05-17,8.018,8.521,7.911,8.033,54190346.0,2024-05-17 23:59:59.999,442148863.801
2024-05-18,8.033,8.117,7.807,7.917,25942818.0,2024-05-18 23:59:59.999,206499103.429
2024-05-19,7.917,7.994,7.657,7.774,30356229.0,2024-05-19 23:59:59.999,237690349.912
2024-05-20,7.775,8.326,7.702,8.29,54267932.0,2024-05-20 23:59:59.999,435318291.588
2024-05-21,8.291,8.338,7.761,7.817,41115610.0,2024-05-21 23:59:59.999,330374144.312
2024-05-22,7.818,8.271,7.7,7.989,44737713.0,2024-05-22 23:59:59.999,355212309.822
2024-05-23,7.988,8.185,7.27,7.694,60676678.0,2024-05-23 23:59:59.999,472005901.327
2024-05-24,7.694,8.076,7.59,7.913,31022612.0,2024-05-24 23:59:59.999,242191200.106
2024-05-25,7.913,8.265,7.863,8.237,25862733.0,2024-05-25 23:59:59.999,208103127.327
2024-05-26,8.237,8.386,7.78,7.815,27808121.0,2024-05-26 23:59:59.999,224416099.104
2024-05-27,7.815,7.978,7.701,7.83,27137827.0,2024-05-27 23:59:59.999,212574291.691
2024-05-28,7.831,8.0,7.524,7.709,39435799.0,2024-05-28 23:59:59.999,305548476.679
2024-05-29,7.708,7.835,7.55,7.59,21662453.0,2024-05-29 23:59:59.999,166822728.405
2024-05-30,7.589,7.665,7.219,7.285,27245459.0,2024-05-30 23:59:59.999,201982563.129
2024-05-31,7.286,7.445,7.084,7.251,23475264.0,2024-05-31 23:59:59.999,170438511.907
2024-06-01,7.251,7.475,7.179,7.383,11703975.0,2024-06-01 23:59:59.999,85421842.431
2024-06-02,7.382,7.51,7.124,7.196,17772481.0,2024-06-02 23:59:59.999,130339193.267
2024-06-03,7.196,7.392,7.087,7.123,19994618.0,2024-06-03 23:59:59.999,145055926.032
2024-06-04,7.123,7.479,7.012,7.428,21960716.0,2024-06-04 23:59:59.999,159075474.591
2024-06-05,7.428,7.716,7.426,7.665,20321436.0,2024-06-05 23:59:59.999,154038427.563
2024-06-06,7.665,7.689,7.236,7.333,16977753.0,2024-06-06 23:59:59.999,126650305.286
2024-06-07,7.334,7.462,6.004,6.871,41448635.0,2024-06-07 23:59:59.999,286452403.578
2024-06-08,6.871,6.907,6.476,6.564,17732615.0,2024-06-08 23:59:59.999,118768677.462
2024-06-09,6.565,6.689,6.512,6.585,12359951.0,2024-06-09 23:59:59.999,81523952.877
2024-06-10,6.585,6.637,6.334,6.394,19595037.0,2024-06-10 23:59:59.999,126786353.483
2024-06-11,6.394,6.408,5.991,6.061,27297216.0,2024-06-11 23:59:59.999,168353805.574
2024-06-12,6.061,6.72,5.868,6.402,33847600.0,2024-06-12 23:59:59.999,215816862.607
2024-06-13,6.401,6.405,5.853,5.918,25425562.0,2024-06-13 23:59:59.999,155758557.382
2024-06-14,5.919,6.007,5.369,5.585,36186934.0,2024-06-14 23:59:59.999,206782434.134
2024-06-15,5.584,5.697,5.506,5.604,13145465.0,2024-06-15 23:59:59.999,73828585.933
2024-06-16,5.604,5.737,5.493,5.639,13181676.0,2024-06-16 23:59:59.999,74063160.592
2024-06-17,5.639,5.732,4.977,5.163,39157713.0,2024-06-17 23:59:59.999,207223152.095
2024-06-18,5.163,5.188,4.405,4.725,61529780.0,2024-06-18 23:59:59.999,289545321.33
2024-06-19,4.725,5.11,4.659,4.96,35356414.0,2024-06-19 23:59:59.999,175375569.396
2024-06-20,4.961,5.496,4.917,5.161,54353056.0,2024-06-20 23:59:59.999,284963316.21
2024-06-21,5.161,5.438,5.088,5.404,48635740.0,2024-06-21 23:59:59.999,257122208.941
2024-06-22,5.404,5.426,5.11,5.181,24143296.0,2024-06-22 23:59:59.999,126763358.891
2024-06-23,5.181,5.446,5.095,5.192,31985364.0,2024-06-23 23:59:59.999,168870109.769
2024-06-24,5.192,5.598,5.024,5.369,92376005.0,2024-06-24 23:59:59.999,489392179.027
2024-06-25,5.369,5.635,5.305,5.42,37105008.0,2024-06-25 23:59:59.999,204631833.767
2024-06-26,5.419,5.515,5.153,5.174,28567694.0,2024-06-26 23:59:59.999,150735597.708
2024-06-27,5.173,5.37,5.072,5.218,28499093.0,2024-06-27 23:59:59.999,148446581.311
2024-06-28,5.218,5.243,4.856,4.957,32059383.0,2024-06-28 23:59:59.999,162897616.207
2024-06-29,4.957,5.048,4.916,4.961,14217378.0,2024-06-29 23:59:59.999,70889595.327
2024-06-30,4.962,5.364,4.874,5.303,27342113.0,2024-06-30 23:59:59.999,140231439.618
2024-07-01,5.303,5.394,5.208,5.266,22101153.0,2024-07-01 23:59:59.999,117440755.438
2024-07-02,5.266,5.598,5.235,5.522,30876184.0,2024-07-02 23:59:59.999,167917119.982
2024-07-03,5.522,5.581,4.99,5.032,37216792.0,2024-07-03 23:59:59.999,194635406.387
2024-07-04,5.031,5.094,4.595,4.621,53834594.0,2024-07-04 23:59:59.999,260801331.971
2024-07-05,4.621,4.627,3.865,4.421,78057765.0,2024-07-05 23:59:59.999,334937786.138
2024-07-06,4.421,4.851,4.368,4.807,25017276.0,2024-07-06 23:59:59.999,114484234.514
2024-07-07,4.807,4.824,4.375,4.398,25062806.0,2024-07-07 23:59:59.999,116136569.884
2024-07-08,4.398,4.756,4.16,4.464,46004354.0,2024-07-08 23:59:59.999,206107995.569
2024-07-09,4.464,4.603,4.368,4.532,32170516.0,2024-07-09 23:59:59.999,144870968.011
2024-07-10,4.531,4.745,4.456,4.622,20538923.0,2024-07-10 23:59:59.999,94940239.941
2024-07-11,4.622,5.055,4.54,4.927,39899866.0,2024-07-11 23:59:59.999,193413101.918
2024-07-12,4.927,5.185,4.74,5.181,35999132.0,2024-07-12 23:59:59.999,178137277.531
2024-07-13,5.182,5.333,5.1,5.2,21003557.0,2024-07-13 23:59:59.999,108858964.318
2024-07-14,5.199,5.484,5.189,5.398,24276851.0,2024-07-14 23:59:59.999,129928793.006
2024-07-15,5.398,5.997,5.36,5.913,30207909.0,2024-07-15 23:59:59.999,170478847.654
2024-07-16,5.913,6.274,5.859,6.245,46073704.0,2024-07-16 23:59:59.999,280256624.719
2024-07-17,6.244,6.488,6.003,6.068,36703020.0,2024-07-17 23:59:59.999,228588484.161
2024-07-18,6.068,6.232,5.866,6.036,22202053.0,2024-07-18 23:59:59.999,134979342.536
2024-07-19,6.037,6.441,5.856,6.429,26935022.0,2024-07-19 23:59:59.999,166282999.583
2024-07-20,6.43,6.439,6.233,6.283,12658884.0,2024-07-20 23:59:59.999,80079721.271
2024-07-21,6.284,6.38,5.909,6.335,23613358.0,2024-07-21 23:59:59.999,145922514.609
2024-07-22,6.335,6.462,5.988,6.028,19131966.0,2024-07-22 23:59:59.999,118646683.42
2024-07-23,6.029,6.088,5.689,5.759,21345387.0,2024-07-23 23:59:59.999,125230318.481
2024-07-24,5.759,5.999,5.54,5.615,21222449.0,2024-07-24 23:59:59.999,122607064.552
2024-07-25,5.614,5.727,5.129,5.411,37960402.0,2024-07-25 23:59:59.999,207263181.909
2024-07-26,5.411,5.818,5.388,5.712,21318508.0,2024-07-26 23:59:59.999,120302590.695
2024-07-27,5.711,5.937,5.523,5.673,24153699.0,2024-07-27 23:59:59.999,138593200.441
2024-07-28,5.673,5.677,5.394,5.44,13789992.0,2024-07-28 23:59:59.999,76133496.431
2024-07-29,5.44,5.709,5.248,5.268,23813864.0,2024-07-29 23:59:59.999,130540635.389
2024-07-30,5.269,5.368,5.062,5.148,18894782.0,2024-07-30 23:59:59.999,98743608.092
2024-07-31,5.149,5.296,4.964,4.987,18992586.0,2024-07-31 23:59:59.999,97599478.021
2024-08-01,4.988,5.13,4.63,4.975,32108050.0,2024-08-01 23:59:59.999,157694295.148
2024-08-02,4.976,5.046,4.569,4.6,37308080.0,2024-08-02 23:59:59.999,178615834.946
2024-08-03,4.6,4.725,4.234,4.361,32268868.0,2024-08-03 23:59:59.999,144236655.079
2024-08-04,4.36,4.448,3.985,4.131,34605460.0,2024-08-04 23:59:59.999,145505928.928
2024-08-05,4.131,4.187,3.074,3.522,150872306.0,2024-08-05 23:59:59.999,525624089.65
2024-08-06,3.522,3.808,3.487,3.675,54679169.0,2024-08-06 23:59:59.999,200704138.895
2024-08-07,3.675,3.875,3.5,3.567,42900884.0,2024-08-07 23:59:59.999,157698521.634
2024-08-08,3.567,4.085,3.459,4.063,40233442.0,2024-08-08 23:59:59.999,152772986.312
2024-08-09,4.063,4.164,3.91,4.052,35019350.0,2024-08-09 23:59:59.999,141033490.206
2024-08-10,4.052,4.254,3.958,4.16,21694863.0,2024-08-10 23:59:59.999,88735157.49
2024-08-11,4.159,4.218,3.831,3.864,28324190.0,2024-08-11 23:59:59.999,113412387.869
2024-08-12,3.863,4.132,3.825,4.108,32668271.0,2024-08-12 23:59:59.999,130435351.283
2024-08-13,4.107,4.406,3.931,4.304,28280469.0,2024-08-13 23:59:59.999,117550857.944
2024-08-14,4.304,4.327,4.104,4.165,25400854.0,2024-08-14 23:59:59.999,107145189.737
2024-08-15,4.165,4.246,3.932,4.023,30158200.0,2024-08-15 23:59:59.999,123261459.657
2024-08-16,4.023,4.071,3.821,3.964,26080879.0,2024-08-16 23:59:59.999,103183758.742
2024-08-17,3.964,4.021,3.919,3.99,11910001.0,2024-08-17 23:59:59.999,47303772.126
2024-08-18,3.99,4.064,3.886,3.896,15410210.0,2024-08-18 23:59:59.999,61530880.257
2024-08-19,3.897,4.005,3.83,3.998,19897903.0,2024-08-19 23:59:59.999,77538117.616
2024-08-20,3.998,4.144,3.943,3.998,21908113.0,2024-08-20 23:59:59.999,88938039.818
2024-08-21,3.997,4.299,3.955,4.245,28524467.0,2024-08-21 23:59:59.999,117436010.995
2024-08-22,4.244,4.383,4.162,4.302,21453953.0,2024-08-22 23:59:59.999,91570084.566
2024-08-23,4.302,4.849,4.301,4.837,40967196.0,2024-08-23 23:59:59.999,189402657.95
2024-08-24,4.836,5.253,4.735,5.038,28119295.0,2024-08-24 23:59:59.999,139772801.171
2024-08-25,5.038,5.074,4.777,4.916,24945740.0,2024-08-25 23:59:59.999,122883050.667
2024-08-26,4.916,5.002,4.701,4.78,25965947.0,2024-08-26 23:59:59.999,125972397.088
2024-08-27,4.78,5.009,4.426,4.524,41387637.0,2024-08-27 23:59:59.999,195403958.175
2024-08-28,4.523,4.6,4.215,4.341,43930782.0,2024-08-28 23:59:59.999,194576881.973
2024-08-29,4.341,4.54,4.12,4.208,28015856.0,2024-08-29 23:59:59.999,121472448.875
2024-08-30,4.207,4.304,3.934,4.111,32880923.0,2024-08-30 23:59:59.999,135699429.292
2024-08-31,4.111,4.161,3.973,4.029,16102908.0,2024-08-31 23:59:59.999,65420183.037
2024-09-01,4.03,4.073,3.805,3.846,26788796.0,2024-09-01 23:59:59.999,105800677.816
2024-09-02,3.845,4.03,3.83,3.988,25940698.0,2024-09-02 23:59:59.999,101849846.736
2024-09-03,3.987,4.075,3.706,3.725,29796247.0,2024-09-03 23:59:59.999,115366148.664
2024-09-04,3.725,3.94,3.549,3.886,35862975.0,2024-09-04 23:59:59.999,134784693.317
2024-09-05,3.885,3.924,3.692,3.71,22039946.0,2024-09-05 23:59:59.999,83837033.61
2024-09-06,3.71,3.81,3.42,3.547,43581574.0,2024-09-06 23:59:59.999,158018162.583
2024-09-07,3.548,3.753,3.54,3.664,18090377.0,2024-09-07 23:59:59.999,66031117.178
2024-09-08,3.665,3.817,3.641,3.754,18861511.0,2024-09-08 23:59:59.999,70277359.528
2024-09-09,3.754,4.106,3.747,4.013,24423131.0,2024-09-09 23:59:59.999,95609818.973
2024-09-10,4.013,4.08,3.936,4.031,17851048.0,2024-09-10 23:59:59.999,71609571.099
2024-09-11,4.031,4.052,3.811,3.966,25468052.0,2024-09-11 23:59:59.999,100343096.331
2024-09-12,3.965,4.3,3.964,4.246,30962711.0,2024-09-12 23:59:59.999,129439865.649
2024-09-13,4.245,4.367,4.112,4.285,23736351.0,2024-09-13 23:59:59.999,100488270.554
2024-09-14,4.285,4.305,4.15,4.191,13614318.0,2024-09-14 23:59:59.999,57213212.217
2024-09-15,4.191,4.261,3.993,4.015,18321690.0,2024-09-15 23:59:59.999,75992770.564
2024-09-16,4.015,4.029,3.846,3.877,20920323.0,2024-09-16 23:59:59.999,82193947.663
2024-09-17,3.877,4.302,3.829,4.131,32532756.0,2024-09-17 23:59:59.999,133525700.547
2024-09-18,4.132,4.277,3.932,4.25,36764142.0,2024-09-18 23:59:59.999,149457444.328
2024-09-19,4.25,4.584,4.25,4.363,44950951.0,2024-09-19 23:59:59.999,200790644.426
2024-09-20,4.362,4.51,4.255,4.384,38270398.0,2024-09-20 23:59:59.999,168271553.986
2024-09-21,4.383,4.692,4.283,4.664,26857877.0,2024-09-21 23:59:59.999,120066113.708
2024-09-22,4.665,4.685,4.38,4.522,33822299.0,2024-09-22 23:59:59.999,152759611.233
2024-09-23,4.522,5.273,4.394,5.173,86851468.0,2024-09-23 23:59:59.999,428087074.983
2024-09-24,5.173,5.4,5.052,5.344,63249603.0,2024-09-24 23:59:59.999,330407853.38
2024-09-25,5.345,5.461,5.108,5.142,40772721.0,2024-09-25 23:59:59.999,214767324.787
2024-09-26,5.142,5.872,5.115,5.544,67002754.0,2024-09-26 23:59:59.999,371496446.232
2024-09-27,5.544,5.752,5.361,5.452,44294684.0,2024-09-27 23:59:59.999,244790373.684
2024-09-28,5.452,5.577,5.325,5.56,28074293.0,2024-09-28 23:59:59.999,153432330.172
2024-09-29,5.559,5.627,5.35,5.5,27750568.0,2024-09-29 23:59:59.999,152034217.318
2024-09-30,5.501,5.515,5.221,5.283,43982243.0,2024-09-30 23:59:59.999,235186462.21
2024-10-01,5.283,5.56,4.59,4.834,72796368.0,2024-10-01 23:59:59.999,368706927.414
2024-10-02,4.835,5.003,4.519,4.623,41935384.0,2024-10-02 23:59:59.999,200187672.903
2024-10-03,4.624,4.767,4.416,4.637,38567440.0,2024-10-03 23:59:59.999,176301401.106
2024-10-04,4.637,4.86,4.585,4.827,26930260.0,2024-10-04 23:59:59.999,127404316.032
2024-10-05,4.827,4.868,4.632,4.775,22895362.0,2024-10-05 23:59:59.999,108630625.608
2024-10-06,4.776,4.966,4.714,4.949,15533133.0,2024-10-06 23:59:59.999,74950427.366
2024-10-07,4.948,5.324,4.915,5.042,39699873.0,2024-10-07 23:59:59.999,205149192.568
2024-10-08,5.042,5.158,4.853,4.89,28296424.0,2024-10-08 23:59:59.999,141298485.025
2024-10-09,4.891,4.987,4.548,4.605,27333807.0,2024-10-09 23:59:59.999,130106636.939
2024-10-10,4.605,4.683,4.421,4.59,25248606.0,2024-10-10 23:59:59.999,115011838.578
2024-10-11,4.59,4.806,4.544,4.734,25472929.0,2024-10-11 23:59:59.999,119921270.184
2024-10-12,4.734,4.92,4.675,4.845,22332109.0,2024-10-12 23:59:59.999,107462673.812
2024-10-13,4.845,4.874,4.557,4.699,24039077.0,2024-10-13 23:59:59.999,112894559.742
2024-10-14,4.699,5.079,4.625,5.025,34834472.0,2024-10-14 23:59:59.999,170169650.268
2024-10-15,5.025,5.286,4.865,5.063,63593194.0,2024-10-15 23:59:59.999,320618709.56
2024-10-16,5.064,5.079,4.882,4.943,26515315.0,2024-10-16 23:59:59.999,131823265.782
2024-10-17,4.942,5.035,4.647,4.768,26892217.0,2024-10-17 23:59:59.999,129117893.913
2024-10-18,4.767,4.942,4.729,4.892,22310538.0,2024-10-18 23:59:59.999,107822507.198
2024-10-19,4.893,4.942,4.756,4.814,16779996.0,2024-10-19 23:59:59.999,81400365.24
2024-10-20,4.814,5.019,4.708,4.98,19618553.0,2024-10-20 23:59:59.999,95219754.913
2024-10-21,4.98,5.06,4.751,4.778,25088855.0,2024-10-21 23:59:59.999,123006511.35
2024-10-22,4.778,4.845,4.62,4.678,24638235.0,2024-10-22 23:59:59.999,116053763.145
2024-10-23,4.679,4.689,4.443,4.648,23268496.0,2024-10-23 23:59:59.999,106589097.633
2024-10-24,4.648,4.776,4.533,4.717,23391825.0,2024-10-24 23:59:59.999,109029064.154
2024-10-25,4.717,4.737,3.95,4.166,43828416.0,2024-10-25 23:59:59.999,192972694.226
2024-10-26,4.167,4.275,4.094,4.234,20788854.0,2024-10-26 23:59:59.999,87360591.058
2024-10-27,4.233,4.38,4.186,4.305,14563850.0,2024-10-27 23:59:59.999,62160201.872
2024-10-28,4.305,4.358,4.068,4.296,25061054.0,2024-10-28 23:59:59.999,105690186.654
2024-10-29,4.295,4.518,4.285,4.436,33762258.0,2024-10-29 23:59:59.999,149699278.134
2024-10-30,4.435,4.439,4.267,4.308,33874268.0,2024-10-30 23:59:59.999,147471711.356
2024-10-31,4.309,4.332,4.016,4.052,33297445.0,2024-10-31 23:59:59.999,138577720.383
2024-11-01,4.052,4.159,3.86,3.926,42432944.0,2024-11-01 23:59:59.999,169749183.264
2024-11-02,3.926,3.986,3.765,3.806,24100367.0,2024-11-02 23:59:59.999,93599358.89
2024-11-03,3.806,3.836,3.552,3.685,40383558.0,2024-11-03 23:59:59.999,148110719.745
2024-11-04,3.685,3.756,3.502,3.618,35287181.0,2024-11-04 23:59:59.999,128522395.524
2024-11-05,3.619,3.935,3.608,3.807,31165400.0,2024-11-05 23:59:59.999,118072922.716
2024-11-06,3.807,4.291,3.805,4.234,56031027.0,2024-11-06 23:59:59.999,230674395.715
2024-11-07,4.233,4.35,4.082,4.234,35965764.0,2024-11-07 23:59:59.999,151441176.654
2024-11-08,4.234,4.395,4.153,4.334,40824877.0,2024-11-08 23:59:59.999,173954196.913
2024-11-09,4.335,4.697,4.242,4.643,39540782.0,2024-11-09 23:59:59.999,175263454.684
2024-11-10,4.644,4.957,4.446,4.726,73043919.0,2024-11-10 23:59:59.999,346578238.944
2024-11-11,4.726,5.59,4.702,5.568,131627312.0,2024-11-11 23:59:59.999,693458010.837
2024-11-12,5.567,5.76,4.93,5.341,119296107.0,2024-11-12 23:59:59.999,638003566.193
2024-11-13,5.342,5.552,4.956,5.171,104363612.0,2024-11-13 23:59:59.999,547565368.674
2024-11-14,5.172,5.656,5.016,5.42,90999751.0,2024-11-14 23:59:59.999,484433683.816
2024-11-15,5.419,5.682,5.175,5.562,87508730.0,2024-11-15 23:59:59.999,478275605.992
2024-11-16,5.562,6.391,5.458,5.949,95424158.0,2024-11-16 23:59:59.999,574206019.351
2024-11-17,5.95,6.162,5.604,5.708,60366454.0,2024-11-17 23:59:59.999,356322325.869
2024-11-18,5.708,6.3,5.65,6.024,59176734.0,2024-11-18 23:59:59.999,352114299.62
2024-11-19,6.024,6.104,5.613,5.784,42653487.0,2024-11-19 23:59:59.999,249517242.964
2024-11-20,5.785,5.85,5.336,5.478,51286422.0,2024-11-20 23:59:59.999,287935254.984
2024-11-21,5.479,5.863,5.301,5.793,58722240.0,2024-11-21 23:59:59.999,329473639.09
2024-11-22,5.792,6.189,5.48,6.141,61527610.0,2024-11-22 23:59:59.999,353326113.546
2024-11-23,6.142,6.589,6.014,6.197,82487112.0,2024-11-23 23:59:59.999,515883786.971
2024-11-24,6.197,7.011,6.006,6.881,98848324.0,2024-11-24 23:59:59.999,640667734.429
2024-11-25,6.879,7.26,6.356,6.466,89636565.0,2024-11-25 23:59:59.999,610194792.551
2024-11-26,6.465,6.679,5.962,6.523,71644080.0,2024-11-26 23:59:59.999,449212057.222
2024-11-27,6.523,6.889,6.394,6.821,57799412.0,2024-11-27 23:59:59.999,386301718.564
2024-11-28,6.82,7.18,6.465,7.022,47269656.0,2024-11-28 23:59:59.999,319749140.57
2024-11-29,7.022,7.048,6.783,6.969,34246366.0,2024-11-29 23:59:59.999,236568730.565
2024-11-30,6.969,7.244,6.787,7.011,39731961.0,2024-11-30 23:59:59.999,278533362.391
2024-12-01,7.011,7.169,6.777,6.921,35840668.0,2024-12-01 23:59:59.999,248660475.579
2024-12-02,6.92,7.5,6.41,7.488,82648281.0,2024-12-02 23:59:59.999,563932202.678
2024-12-03,7.488,7.632,6.737,7.39,79408402.0,2024-12-03 23:59:59.999,573963756.246
2024-12-04,7.389,7.722,7.161,7.477,63357149.0,2024-12-04 23:59:59.999,472875258.043
2024-12-05,7.478,8.041,7.032,7.624,82356383.0,2024-12-05 23:59:59.999,628923067.78
2024-12-06,7.623,8.255,7.523,8.029,61331669.0,2024-12-06 23:59:59.999,485266898.153
2024-12-07,8.03,8.064,7.661,7.727,27956971.0,2024-12-07 23:59:59.999,218292683.357
2024-12-08,7.727,7.867,7.45,7.826,28675499.0,2024-12-08 23:59:59.999,219378482.492
2024-12-09,7.826,7.843,5.777,6.499,95938571.0,2024-12-09 23:59:59.999,656188210.618
2024-12-10,6.499,6.839,5.933,6.422,86828882.0,2024-12-10 23:59:59.999,553023561.08
2024-12-11,6.422,6.925,6.145,6.845,35589896.0,2024-12-11 23:59:59.999,235351156.993
2024-12-12,6.845,7.321,6.775,6.912,48045955.0,2024-12-12 23:59:59.999,339437346.308
2024-12-13,6.911,7.075,6.739,6.936,33433586.0,2024-12-13 23:59:59.999,230456412.547
2024-12-14,6.935,7.043,6.484,6.678,27960703.0,2024-12-14 23:59:59.999,187849325.256
2024-12-15,6.679,6.904,6.464,6.857,24996105.0,2024-12-15 23:59:59.999,167408950.361
2024-12-16,6.858,7.054,6.522,6.617,37666973.0,2024-12-16 23:59:59.999,254083866.505
2024-12-17,6.617,7.01,6.328,6.379,50790298.0,2024-12-17 23:59:59.999,339502556.863
2024-12-18,6.379,6.426,5.604,5.684,66467733.0,2024-12-18 23:59:59.999,403139066.725
2024-12-19,5.684,5.869,4.986,5.198,84783934.0,2024-12-19 23:59:59.999,459903924.766
2024-12-20,5.199,5.459,4.532,5.353,78134975.0,2024-12-20 23:59:59.999,390041167.852
2024-12-21,5.352,5.656,4.924,5.018,47145301.0,2024-12-21 23:59:59.999,246644962.196
2024-12-22,5.019,5.137,4.836,5.035,37528399.0,2024-12-22 23:59:59.999,188034522.17
2024-12-23,5.036,5.699,4.912,5.437,44785261.0,2024-12-23 23:59:59.999,233704139.55
2024-12-24,5.436,5.659,5.282,5.55,32170144.0,2024-12-24 23:59:59.999,176619071.095
2024-12-25,5.549,5.645,5.353,5.444,21772102.0,2024-12-25 23:59:59.999,119788620.983
2024-12-26,5.444,5.496,4.994,5.084,25063883.0,2024-12-26 23:59:59.999,129552255.836
2024-12-27,5.084,5.311,5.025,5.114,24401765.0,2024-12-27 23:59:59.999,125835166.019
2024-12-28,5.114,5.368,5.065,5.341,14606335.0,2024-12-28 23:59:59.999,76002098.533
2024-12-29,5.341,5.476,5.081,5.126,17384092.0,2024-12-29 23:59:59.999,91853063.281
2024-12-30,5.126,5.282,4.949,5.044,28349152.0,2024-12-30 23:59:59.999,145086865.884
2024-12-31,5.045,5.158,4.873,4.91,22415981.0,2024-12-31 23:59:59.999,112600067.345
2025-01-01,4.91,5.332,4.875,5.285,22697701.0,2025-01-01 23:59:59.999,115421833.173
2025-01-02,5.285,5.569,5.28,5.445,25972587.0,2025-01-02 23:59:59.999,140974259.924
2025-01-03,5.446,5.829,5.386,5.816,28347277.0,2025-01-03 23:59:59.999,160061391.501
2025-01-04,5.817,5.933,5.729,5.789,18435152.0,2025-01-04 23:59:59.999,107124814.848
2025-01-05,5.789,5.985,5.623,5.907,20020364.0,2025-01-05 23:59:59.999,115674157.968
2025-01-06,5.906,6.232,5.778,6.01,25852871.0,2025-01-06 23:59:59.999,154543553.278
2025-01-07,6.01,6.025,5.341,5.36,31902692.0,2025-01-07 23:59:59.999,180864488.029
2025-01-08,5.36,5.445,4.858,5.148,35746973.0,2025-01-08 23:59:59.999,183714415.792
2025-01-09,5.149,5.216,4.833,4.974,28031817.0,2025-01-09 23:59:59.999,140329246.077
2025-01-10,4.974,5.149,4.884,5.082,23864712.0,2025-01-10 23:59:59.999,120198569.209
2025-01-11,5.081,5.166,4.982,5.082,10472530.0,2025-01-11 23:59:59.999,52959082.881
2025-01-12,5.082,5.123,4.906,4.97,10864008.0,2025-01-12 23:59:59.999,54620621.678
2025-01-13,4.969,5.093,4.401,4.747,54060196.0,2025-01-13 23:59:59.999,251688274.47
2025-01-14,4.747,5.054,4.699,5.05,21197601.0,2025-01-14 23:59:59.999,103691296.837
2025-01-15,5.051,5.334,4.858,5.313,34405192.0,2025-01-15 23:59:59.999,175285066.229
2025-01-16,5.313,5.356,5.081,5.157,30176529.0,2025-01-16 23:59:59.999,157438001.943
2025-01-17,5.158,5.794,5.157,5.751,33319269.0,2025-01-17 23:59:59.999,182887286.63
2025-01-18,5.752,5.882,5.302,5.442,34977018.0,2025-01-18 23:59:59.999,191963199.693
2025-01-19,5.442,5.651,4.879,4.977,67060275.0,2025-01-19 23:59:59.999,350127330.694
2025-01-20,4.977,5.674,4.751,5.098,88514922.0,2025-01-20 23:59:59.999,457500398.091
2025-01-21,5.098,5.347,4.876,5.25,35942232.0,2025-01-21 23:59:59.999,183297108.383
2025-01-22,5.25,5.3,5.065,5.096,21354921.0,2025-01-22 23:59:59.999,110512752.659
2025-01-23,5.096,5.126,4.853,4.977,36852643.0,2025-01-23 23:59:59.999,183337994.1
2025-01-24,4.978,5.175,4.838,4.998,26921225.0,2025-01-24 23:59:59.999,135503647.303
2025-01-25,4.998,5.023,4.861,4.925,16040079.0,2025-01-25 23:59:59.999,79145504.476
2025-01-26,4.925,5.143,4.741,4.754,22255535.0,2025-01-26 23:59:59.999,110804317.457
2025-01-27,4.754,4.768,4.351,4.637,44408113.0,2025-01-27 23:59:59.999,202111743.003
2025-01-28,4.638,4.679,4.249,4.281,22906810.0,2025-01-28 23:59:59.999,103066956.262
2025-01-29,4.28,4.581,4.26,4.416,27072872.0,2025-01-29 23:59:59.999,119988618.363
2025-01-30,4.415,4.675,4.364,4.601,18591082.0,2025-01-30 23:59:59.999,84964706.743
2025-01-31,4.602,4.847,4.531,4.619,22226432.0,2025-01-31 23:59:59.999,103905272.526
2025-02-01,4.619,4.685,4.222,4.254,20970718.0,2025-02-01 23:59:59.999,93319443.331
2025-02-02,4.255,4.34,3.498,3.747,66028015.0,2025-02-02 23:59:59.999,256613835.531
2025-02-03,3.747,3.794,2.705,3.77,134196212.0,2025-02-03 23:59:59.999,448368637.234
2025-02-04,3.771,3.795,3.274,3.392,58757385.0,2025-02-04 23:59:59.999,203070489.862
2025-02-05,3.392,3.477,3.236,3.277,33003207.0,2025-02-05 23:59:59.999,111037924.933
2025-02-06,3.276,3.382,3.113,3.141,32753597.0,2025-02-06 23:59:59.999,106282740.46
2025-02-07,3.141,3.404,3.105,3.203,31552289.0,2025-02-07 23:59:59.999,102687003.071
2025-02-08,3.202,3.312,3.156,3.282,26291728.0,2025-02-08 23:59:59.999,84525321.947
2025-02-09,3.282,3.474,3.031,3.176,34286877.0,2025-02-09 23:59:59.999,112122402.545
2025-02-10,3.177,3.306,3.062,3.207,37524252.0,2025-02-10 23:59:59.999,120181067.926
2025-02-11,3.207,3.387,3.126,3.198,36628946.0,2025-02-11 23:59:59.999,119997712.539
2025-02-12,3.198,3.469,3.094,3.429,48694919.0,2025-02-12 23:59:59.999,157587269.096
2025-02-13,3.429,3.444,3.249,3.374,31793050.0,2025-02-13 23:59:59.999,105835921.829
2025-02-14,3.374,3.628,3.336,3.551,38706170.0,2025-02-14 23:59:59.999,135431349.748
2025-02-15,3.551,3.607,3.372,3.402,21433948.0,2025-02-15 23:59:59.999,74616601.522
2025-02-16,3.402,3.552,3.357,3.413,26142147.0,2025-02-16 23:59:59.999,89993815.553
2025-02-17,3.412,3.504,3.216,3.255,40763346.0,2025-02-17 23:59:59.999,137124536.851
2025-02-18,3.256,3.309,3.023,3.138,34937775.0,2025-02-18 23:59:59.999,110241215.872
2025-02-19,3.138,3.191,3.056,3.156,22412019.0,2025-02-19 23:59:59.999,70169198.076
2025-02-20,3.155,3.505,3.141,3.465,49152404.0,2025-02-20 23:59:59.999,161492440.501
2025-02-21,3.465,3.632,3.217,3.308,51024759.0,2025-02-21 23:59:59.999,176364415.199
2025-02-22,3.309,3.642,3.289,3.466,34060916.0,2025-02-22 23:59:59.999,119052483.855
2025-02-23,3.466,3.498,3.347,3.431,20600105.0,2025-02-23 23:59:59.999,70568349.836
2025-02-24,3.431,3.46,3.022,3.063,41804773.0,2025-02-24 23:59:59.999,136663773.331
2025-02-25,3.063,3.092,2.75,3.007,74598413.0,2025-02-25 23:59:59.999,218004820.509
2025-02-26,3.007,3.104,2.88,3.021,43493711.0,2025-02-26 23:59:59.999,130756584.174
2025-02-27,3.022,3.177,2.998,3.056,33439087.0,2025-02-27 23:59:59.999,102900305.612
2025-02-28,3.057,3.102,2.763,3.065,59562906.0,2025-02-28 23:59:59.999,174475291.313
2025-03-01,3.066,3.323,3.048,3.27,43166914.0,2025-03-01 23:59:59.999,137055200.63
2025-03-02,3.271,3.562,3.172,3.553,60593459.0,2025-03-02 23:59:59.999,203184938.863
2025-03-03,3.553,3.564,2.912,2.969,69680371.0,2025-03-03 23:59:59.999,223028902.451
2025-03-04,2.969,2.978,2.557,2.81,99574588.0,2025-03-04 23:59:59.999,277758416.985
2025-03-05,2.81,3.046,2.774,2.987,47074065.0,2025-03-05 23:59:59.999,135737116.233
2025-03-06,2.987,3.247,2.951,3.054,67717293.0,2025-03-06 23:59:59.999,211097092.113
2025-03-07,3.055,3.098,2.882,2.941,77986972.0,2025-03-07 23:59:59.999,233131094.095
2025-03-08,2.941,2.973,2.825,2.883,34234455.0,2025-03-08 23:59:59.999,99021943.404
2025-03-09,2.884,2.9,2.492,2.55,45799269.0,2025-03-09 23:59:59.999,122552459.875
2025-03-10,2.55,2.675,2.238,2.283,75402301.0,2025-03-10 23:59:59.999,186580242.082
2025-03-11,2.283,2.563,2.137,2.449,72572029.0,2025-03-11 23:59:59.999,173080499.984
2025-03-12,2.448,2.574,2.345,2.554,51387057.0,2025-03-12 23:59:59.999,126585869.235
2025-03-13,2.554,2.656,2.478,2.57,42466068.0,2025-03-13 23:59:59.999,108968213.68
2025-03-14,2.571,2.714,2.551,2.607,91814484.0,2025-03-14 23:59:59.999,243498710.156
2025-03-15,2.607,2.695,2.601,2.641,25995419.0,2025-03-15 23:59:59.999,68739381.812
2025-03-16,2.641,2.667,2.483,2.514,37189264.0,2025-03-16 23:59:59.999,95650972.72
2025-03-17,2.514,2.684,2.505,2.635,27817496.0,2025-03-17 23:59:59.999,71857646.547
2025-03-18,2.636,2.653,2.5,2.584,29177684.0,2025-03-18 23:59:59.999,74531329.299
2025-03-19,2.584,2.823,2.558,2.79,66407025.0,2025-03-19 23:59:59.999,178410782.877
2025-03-20,2.791,2.814,2.674,2.74,27035416.0,2025-03-20 23:59:59.999,73678526.893
2025-03-21,2.739,2.783,2.682,2.713,21592120.0,2025-03-21 23:59:59.999,58880100.346
2025-03-22,2.714,2.793,2.71,2.73,16796613.0,2025-03-22 23:59:59.999,46220522.157
2025-03-23,2.73,2.795,2.711,2.778,18187337.0,2025-03-23 23:59:59.999,50184623.227
2025-03-24,2.777,3.03,2.756,2.92,36573748.0,2025-03-24 23:59:59.999,106589732.394
2025-03-25,2.921,3.075,2.895,3.024,26455169.0,2025-03-25 23:59:59.999,79023693.571
2025-03-26,3.024,3.073,2.931,2.982,29073158.0,2025-03-26 23:59:59.999,87464054.376
2025-03-27,2.983,3.09,2.934,3.009,30427284.0,2025-03-27 23:59:59.999,91615397.928
2025-03-28,3.01,3.04,2.666,2.73,37951366.0,2025-03-28 23:59:59.999,107500798.375
2025-03-29,2.73,2.769,2.518,2.564,38230986.0,2025-03-29 23:59:59.999,100420580.512
2025-03-30,2.565,2.775,2.544,2.591,39688126.0,2025-03-30 23:59:59.999,105044421.954
2025-03-31,2.592,2.629,2.466,2.507,44545687.0,2025-03-31 23:59:59.999,113508189.929
2025-04-01,2.507,2.699,2.48,2.648,35903981.0,2025-04-01 23:59:59.999,94031210.266
2025-04-02,2.649,2.744,2.401,2.447,61208955.0,2025-04-02 23:59:59.999,158668800.997
2025-04-03,2.448,2.548,2.361,2.508,50839884.0,2025-04-03 23:59:59.999,123886139.709
2025-04-04,2.509,2.571,2.398,2.506,53112549.0,2025-04-04 23:59:59.999,131734457.671
2025-04-05,2.507,2.532,2.402,2.441,22710856.0,2025-04-05 23:59:59.999,55918098.821
2025-04-06,2.441,2.453,2.108,2.16,54917714.0,2025-04-06 23:59:59.999,123909187.123
2025-04-07,2.16,2.259,1.976,2.116,152604076.0,2025-04-07 23:59:59.999,319056419.147
2025-04-08,2.117,2.168,1.873,1.905,93601505.0,2025-04-08 23:59:59.999,190130732.466
2025-04-09,1.905,2.144,1.818,2.101,142258481.0,2025-04-09 23:59:59.999,279720263.555
2025-04-10,2.102,2.105,1.931,2.001,66734090.0,2025-04-10 23:59:59.999,135038690.848
2025-04-11,2.001,2.121,1.998,2.087,48530198.0,2025-04-11 23:59:59.999,99944086.822
2025-04-12,2.088,2.234,2.059,2.21,44042802.0,2025-04-12 23:59:59.999,94957089.402
2025-04-13,2.211,2.245,2.075,2.094,51410787.0,2025-04-13 23:59:59.999,111305991.408
2025-04-14,2.093,2.21,2.074,2.113,54523325.0,2025-04-14 23:59:59.999,116848523.748
2025-04-15,2.113,2.144,2.012,2.036,42893153.0,2025-04-15 23:59:59.999,89414442.997
2025-04-16,2.036,2.06,1.911,1.965,58855990.0,2025-04-16 23:59:59.999,117208222.74
2025-04-17,1.965,2.095,1.956,2.051,39662138.0,2025-04-17 23:59:59.999,80565071.126
2025-04-18,2.051,2.09,2.024,2.053,28996764.0,2025-04-18 23:59:59.999,59641951.598
2025-04-19,2.053,2.198,2.047,2.181,31693553.0,2025-04-19 23:59:59.999,67004931.122
2025-04-20,2.182,2.275,2.143,2.243,33159007.0,2025-04-20 23:59:59.999,72775257.504
2025-04-21,2.243,2.335,2.198,2.215,45508692.0,2025-04-21 23:59:59.999,103700150.412
2025-04-22,2.215,2.425,2.147,2.403,51947634.0,2025-04-22 23:59:59.999,117233351.516
2025-04-23,2.403,2.549,2.39,2.469,46836328.0,2025-04-23 23:59:59.999,116016429.289
2025-04-24,2.469,2.588,2.358,2.542,45113517.0,2025-04-24 23:59:59.999,111161379.696
2025-04-25,2.542,2.648,2.484,2.618,42965827.0,2025-04-25 23:59:59.999,111342425.091
2025-04-26,2.618,2.727,2.551,2.62,39543498.0,2025-04-26 23:59:59.999,104127394.693
2025-04-27,2.621,2.656,2.485,2.487,31927917.0,2025-04-27 23:59:59.999,81657413.631
2025-04-28,2.488,2.627,2.418,2.584,58723291.0,2025-04-28 23:59:59.999,148778325.353
2025-04-29,2.584,2.618,2.484,2.528,41145431.0,2025-04-29 23:59:59.999,105501120.758
2025-04-30,2.528,2.549,2.373,2.462,34764403.0,2025-04-30 23:59:59.999,85825833.003
2025-05-01,2.462,2.606,2.457,2.54,30175992.0,2025-05-01 23:59:59.999,76920014.754
2025-05-02,2.541,2.634,2.484,2.508,28850713.0,2025-05-02 23:59:59.999,73723784.173
2025-05-03,2.509,2.513,2.396,2.419,29283817.0,2025-05-03 23:59:59.999,72199472.409
2025-05-04,2.42,2.453,2.302,2.319,27908865.0,2025-05-04 23:59:59.999,66210329.403
2025-05-05,2.318,2.395,2.283,2.313,28613602.0,2025-05-05 23:59:59.999,66921975.255
2025-05-06,2.313,2.347,2.229,2.327,40827129.0,2025-05-06 23:59:59.999,93611351.808
2025-05-07,2.327,2.383,2.221,2.284,48233472.0,2025-05-07 23:59:59.999,110898602.091
2025-05-08,2.283,2.742,2.273,2.734,68461292.0,2025-05-08 23:59:59.999,172702218.479
2025-05-09,2.734,2.987,2.722,2.901,76684337.0,2025-05-09 23:59:59.999,220205999.997
2025-05-10,2.901,3.382,2.873,3.348,62867847.0,2025-05-10 23:59:59.999,192287555.813
2025-05-11,3.348,3.369,3.063,3.14,57506417.0,2025-05-11 23:59:59.999,184941340.113
2025-05-12,3.14,3.34,3.009,3.185,77001184.0,2025-05-12 23:59:59.999,245207517.696
2025-05-13,3.185,3.292,2.99,3.208,54058955.0,2025-05-13 23:59:59.999,168963828.259
2025-05-14,3.208,3.293,3.017,3.049,44642250.0,2025-05-14 23:59:59.999,139949292.002
2025-05-15,3.048,3.097,2.811,2.881,61520444.0,2025-05-15 23:59:59.999,179673032.542
2025-05-16,2.881,2.988,2.766,2.793,42047402.0,2025-05-16 23:59:59.999,121342267.0
2025-05-17,2.794,2.805,2.655,2.69,40549823.0,2025-05-17 23:59:59.999,110650827.141
2025-05-18,2.691,2.943,2.637,2.864,58658008.0,2025-05-18 23:59:59.999,163170425.031
2025-05-19,2.865,2.877,2.642,2.768,52085732.0,2025-05-19 23:59:59.999,142196825.339
2025-05-20,2.768,2.887,2.672,2.811,43909433.0,2025-05-20 23:59:59.999,121673801.233
2025-05-21,2.811,2.965,2.754,2.862,72107240.0,2025-05-21 23:59:59.999,203689410.941
2025-05-22,2.862,3.102,2.861,3.077,57144559.0,2025-05-22 23:59:59.999,171317824.564
2025-05-23,3.077,3.161,2.78,2.795,68593891.0,2025-05-23 23:59:59.999,204328738.779
2025-05-24,2.795,2.857,2.753,2.774,32895326.0,2025-05-24 23:59:59.999,92521331.506
2025-05-25,2.774,2.813,2.633,2.794,38155504.0,2025-05-25 23:59:59.999,103644209.937
2025-05-26,2.795,2.869,2.733,2.766,41940217.0,2025-05-26 23:59:59.999,117510055.617
2025-05-27,2.767,2.925,2.691,2.816,47672894.0,2025-05-27 23:59:59.999,135373809.511
2025-05-28,2.816,2.898,2.734,2.87,46304880.0,2025-05-28 23:59:59.999,130506863.198
2025-05-29,2.869,2.989,2.732,2.753,69960913.0,2025-05-29 23:59:59.999,201370135.364
2025-05-30,2.753,2.768,2.407,2.441,80419057.0,2025-05-30 23:59:59.999,207907429.298
2025-05-31,2.441,2.465,2.331,2.419,55642454.0,2025-05-31 23:59:59.999,133748114.122
2025-06-01,2.418,2.473,2.349,2.46,32163129.0,2025-06-01 23:59:59.999,77692718.685
2025-06-02,2.46,2.515,2.372,2.502,39636064.0,2025-06-02 23:59:59.999,96253325.467
2025-06-03,2.502,2.59,2.474,2.506,40724670.0,2025-06-03 23:59:59.999,103172515.009
2025-06-04,2.505,2.576,2.417,2.433,37151566.0,2025-06-04 23:59:59.999,93075921.581
2025-06-05,2.433,2.518,2.222,2.244,61943333.0,2025-06-05 23:59:59.999,146749031.59
2025-06-06,2.245,2.365,2.24,2.313,41445587.0,2025-06-06 23:59:59.999,95531699.729
2025-06-07,2.312,2.463,2.299,2.422,35840949.0,2025-06-07 23:59:59.999,86522665.63
2025-06-08,2.422,2.462,2.37,2.42,31139913.0,2025-06-08 23:59:59.999,75178851.163
2025-06-09,2.42,2.551,2.37,2.543,42068584.0,2025-06-09 23:59:59.999,103305872.784
2025-06-10,2.543,2.665,2.5,2.662,54672412.0,2025-06-10 23:59:59.999,141511099.971
2025-06-11,2.662,2.73,2.556,2.572,58353127.0,2025-06-11 23:59:59.999,154083566.576
2025-06-12,2.573,2.58,2.362,2.367,59163411.0,2025-06-12 23:59:59.999,146169666.39
2025-06-13,2.367,2.368,2.156,2.237,126205255.0,2025-06-13 23:59:59.999,281055204.364
2025-06-14,2.238,2.247,2.157,2.231,46523966.0,2025-06-14 23:59:59.999,102866001.972
2025-06-15,2.231,2.272,2.168,2.227,43403593.0,2025-06-15 23:59:59.999,96344554.859
2025-06-16,2.227,2.386,2.204,2.272,61167957.0,2025-06-16 23:59:59.999,141570220.624
2025-06-17,2.272,2.299,2.094,2.138,93161788.0,2025-06-17 23:59:59.999,204254079.6
2025-06-18,2.138,2.201,2.07,2.186,64127783.0,2025-06-18 23:59:59.999,136820063.383
2025-06-19,2.186,2.212,2.14,2.18,43068822.0,2025-06-19 23:59:59.999,93811104.863
2025-06-20,2.18,2.199,2.016,2.073,58399037.0,2025-06-20 23:59:59.999,123613609.357
2025-06-21,2.074,2.104,1.902,1.972,59165486.0,2025-06-21 23:59:59.999,119075933.281
2025-06-22,1.972,2.008,1.791,1.895,121776115.0,2025-06-22 23:59:59.999,229474370.346
2025-06-23,1.896,2.147,1.861,2.121,102577067.0,2025-06-23 23:59:59.999,201529800.241
2025-06-24,2.122,2.229,2.11,2.19,63756583.0,2025-06-24 23:59:59.999,138584281.268
2025-06-25,2.19,2.197,2.113,2.136,44195254.0,2025-06-25 23:59:59.999,95419943.917
2025-06-26,2.137,2.19,2.023,2.048,56071741.0,2025-06-26 23:59:59.999,117463816.535
2025-06-27,2.049,2.128,2.021,2.111,53396291.0,2025-06-27 23:59:59.999,110904140.38
2025-06-28,2.112,2.182,2.088,2.164,26730352.0,2025-06-28 23:59:59.999,56807012.955
2025-06-29,2.164,2.296,2.109,2.257,47972537.0,2025-06-29 23:59:59.999,104706607.063
2025-06-30,2.257,2.276,2.11,2.146,59064022.0,2025-06-30 23:59:59.999,128386049.1
2025-07-01,2.147,2.164,2.016,2.039,42547194.0,2025-07-01 23:59:59.999,88687005.345
2025-07-02,2.038,2.271,2.02,2.221,69826800.0,2025-07-02 23:59:59.999,151100970.421
2025-07-03,2.22,2.361,2.213,2.275,69951597.0,2025-07-03 23:59:59.999,160440733.85
2025-07-04,2.274,2.298,2.097,2.132,51917091.0,2025-07-04 23:59:59.999,112821717.7
2025-07-05,2.132,2.16,2.094,2.147,29709881.0,2025-07-05 23:59:59.999,63188496.418
2025-07-06,2.147,2.223,2.111,2.179,35282279.0,2025-07-06 23:59:59.999,76266793.22
2025-07-07,2.18,2.214,2.131,2.157,41024893.0,2025-07-07 23:59:59.999,88820788.464
2025-07-08,2.157,2.258,2.118,2.244,40722280.0,2025-07-08 23:59:59.999,88713711.893
2025-07-09,2.244,2.36,2.203,2.338,55844301.0,2025-07-09 23:59:59.999,127262816.919
2025-07-10,2.339,2.536,2.318,2.515,59230452.0,2025-07-10 23:59:59.999,142570907.434
2025-07-11,2.515,2.641,2.45,2.506,79481349.0,2025-07-11 23:59:59.999,203567404.57
2025-07-12,2.505,2.555,2.407,2.482,58318628.0,2025-07-12 23:59:59.999,145384993.188
2025-07-13,2.483,2.591,2.468,2.529,47849314.0,2025-07-13 23:59:59.999,121066314.796
2025-07-14,2.53,2.696,2.523,2.578,62904331.0,2025-07-14 23:59:59.999,165045437.296
2025-07-15,2.579,2.673,2.477,2.671,69296639.0,2025-07-15 23:59:59.999,177105019.815
2025-07-16,2.671,2.82,2.609,2.73,60713129.0,2025-07-16 23:59:59.999,164582310.078
2025-07-17,2.731,2.864,2.658,2.816,83433587.0,2025-07-17 23:59:59.999,231800210.639
2025-07-18,2.816,3.043,2.72,2.803,96753043.0,2025-07-18 23:59:59.999,280162306.964
2025-07-19,2.804,2.947,2.737,2.916,49756498.0,2025-07-19 23:59:59.999,142295060.495
2025-07-20,2.916,3.07,2.881,2.974,55663447.0,2025-07-20 23:59:59.999,165906139.81
2025-07-21,2.975,3.101,2.909,3.021,68814977.0,2025-07-21 23:59:59.999,207435910.072
2025-07-22,3.022,3.053,2.85,3.031,85284968.0,2025-07-22 23:59:59.999,251325602.335
2025-07-23,3.032,3.039,2.654,2.752,87764789.0,2025-07-23 23:59:59.999,248655799.346
2025-07-24,2.752,2.827,2.577,2.715,85399344.0,2025-07-24 23:59:59.999,232019042.721
2025-07-25,2.716,2.868,2.601,2.853,69023440.0,2025-07-25 23:59:59.999,187477563.762
2025-07-26,2.853,2.935,2.831,2.882,34567151.0,2025-07-26 23:59:59.999,99555068.436
2025-07-27,2.882,2.978,2.877,2.963,36551710.0,2025-07-27 23:59:59.999,106572357.623
2025-07-28,2.962,3.017,2.717,2.749,56858074.0,2025-07-28 23:59:59.999,163455405.884
2025-07-29,2.749,2.832,2.655,2.72,59455921.0,2025-07-29 23:59:59.999,162426440.41
2025-07-30,2.721,2.735,2.507,2.656,59457234.0,2025-07-30 23:59:59.999,156718043.112
2025-07-31,2.655,2.736,2.522,2.533,55226261.0,2025-07-31 23:59:59.999,145627265.012
2025-08-01,2.534,2.547,2.349,2.413,82709999.0,2025-08-01 23:59:59.999,203670110.798
2025-08-02,2.413,2.451,2.3,2.346,40855662.0,2025-08-02 23:59:59.999,97052316.711
2025-08-03,2.346,2.459,2.312,2.442,22831338.0,2025-08-03 23:59:59.999,54945122.232
2025-08-04,2.442,2.568,2.44,2.553,36089348.0,2025-08-04 23:59:59.999,90482545.274
2025-08-05,2.552,2.557,2.389,2.466,53693657.0,2025-08-05 23:59:59.999,133213081.208
2025-08-06,2.466,2.527,2.383,2.487,40538081.0,2025-08-06 23:59:59.999,99971370.499
2025-08-07,2.488,2.655,2.466,2.649,43554548.0,2025-08-07 23:59:59.999,111663039.791
2025-08-08,2.649,2.733,2.606,2.711,58688490.0,2025-08-08 23:59:59.999,156434992.612
2025-08-09,2.712,2.858,2.704,2.829,43268936.0,2025-08-09 23:59:59.999,120949184.216
2025-08-10,2.83,2.869,2.692,2.751,47299983.0,2025-08-10 23:59:59.999,130729812.27
2025-08-11,2.751,2.829,2.575,2.6,65014123.0,2025-08-11 23:59:59.999,175582198.312
2025-08-12,2.599,2.825,2.564,2.787,61565649.0,2025-08-12 23:59:59.999,165582452.293
2025-08-13,2.788,3.049,2.754,2.997,78646716.0,2025-08-13 23:59:59.999,228628980.731
2025-08-14,2.998,3.06,2.688,2.756,109551502.0,2025-08-14 23:59:59.999,315725243.978
2025-08-15,2.756,2.847,2.624,2.705,69594135.0,2025-08-15 23:59:59.999,190143422.521
2025-08-16,2.705,2.764,2.68,2.741,31537274.0,2025-08-16 23:59:59.999,85992979.195
2025-08-17,2.741,2.842,2.685,2.7,43811833.0,2025-08-17 23:59:59.999,120700985.789
2025-08-18,2.7,2.7,2.541,2.574,70872591.0,2025-08-18 23:59:59.999,183797925.485
2025-08-19,2.574,2.6,2.416,2.422,60539180.0,2025-08-19 23:59:59.999,151231046.099
2025-08-20,2.422,2.563,2.411,2.546,53063764.0,2025-08-20 23:59:59.999,131570354.361
2025-08-21,2.545,2.569,2.434,2.444,36851803.0,2025-08-21 23:59:59.999,91717849.71
2025-08-22,2.445,2.721,2.367,2.689,93822681.0,2025-08-22 23:59:59.999,238707514.924
2025-08-23,2.688,2.718,2.604,2.699,38460134.0,2025-08-23 23:59:59.999,102841551.019
2025-08-24,2.7,2.788,2.575,2.654,64576919.0,2025-08-24 23:59:59.999,172199464.202
2025-08-25,2.654,2.688,2.346,2.394,83917815.0,2025-08-25 23:59:59.999,209236433.657
2025-08-26,2.394,2.547,2.373,2.525,54398755.0,2025-08-26 23:59:59.999,133600796.362
2025-08-27,2.525,2.576,2.491,2.517,47834050.0,2025-08-27 23:59:59.999,121062311.395
2025-08-28,2.517,2.567,2.474,2.544,41790475.0,2025-08-28 23:59:59.999,105362865.205
2025-08-29,2.544,2.551,2.388,2.428,58301531.0,2025-08-29 23:59:59.999,142930881.679
2025-08-30,2.429,2.463,2.39,2.433,21172351.0,2025-08-30 23:59:59.999,51450430.502
2025-08-31,2.434,2.481,2.362,2.365,26353876.0,2025-08-31 23:59:59.999,64081616.788
2025-09-01,2.365,2.453,2.276,2.34,54626230.0,2025-09-01 23:59:59.999,128758723.616
2025-09-02,2.339,2.439,2.317,2.437,36879766.0,2025-09-02 23:59:59.999,87552586.815
2025-09-03,2.438,2.493,2.419,2.467,30864755.0,2025-09-03 23:59:59.999,75782933.856
2025-09-04,2.468,2.476,2.357,2.374,31311796.0,2025-09-04 23:59:59.999,75309773.641
2025-09-05,2.373,2.479,2.364,2.399,51728946.0,2025-09-05 23:59:59.999,124882393.581
2025-09-06,2.399,2.411,2.373,2.401,17936424.0,2025-09-06 23:59:59.999,42906365.235
2025-09-07,2.401,2.486,2.398,2.464,24603305.0,2025-09-07 23:59:59.999,60277432.301
2025-09-08,2.464,2.597,2.451,2.577,40152174.0,2025-09-08 23:59:59.999,101477164.69
2025-09-09,2.577,2.795,2.575,2.634,75172396.0,2025-09-09 23:59:59.999,201304814.167
2025-09-10,2.635,2.733,2.616,2.726,44343240.0,2025-09-10 23:59:59.999,118820471.805
2025-09-11,2.725,2.77,2.672,2.745,34668371.0,2025-09-11 23:59:59.999,94303287.367
2025-09-12,2.745,2.813,2.685,2.79,38036039.0,2025-09-12 23:59:59.999,104577362.581
2025-09-13,2.79,2.888,2.759,2.81,45620753.0,2025-09-13 23:59:59.999,128903615.375
2025-09-14,2.809,2.817,2.671,2.704,37700770.0,2025-09-14 23:59:59.999,102961440.023
2025-09-15,2.704,2.776,2.575,2.625,51764403.0,2025-09-15 23:59:59.999,137124680.631
2025-09-16,2.625,2.735,2.577,2.707,44872925.0,2025-09-16 23:59:59.999,120137411.737
2025-09-17,2.707,2.836,2.647,2.823,58925606.0,2025-09-17 23:59:59.999,160767155.256
2025-09-18,2.824,3.265,2.801,3.175,117443163.0,2025-09-18 23:59:59.999,358608260.113
2025-09-19,3.174,3.338,3.089,3.119,128787882.0,2025-09-19 23:59:59.999,412336499.829
2025-09-20,3.119,3.279,3.049,3.154,71830602.0,2025-09-20 23:59:59.999,225834046.44
2025-09-21,3.155,3.168,3.068,3.127,37911570.0,2025-09-21 23:59:59.999,118318161.708
2025-09-22,3.127,3.16,2.72,2.961,108030025.0,2025-09-22 23:59:59.999,315023601.484
2025-09-23,2.961,3.132,2.854,2.918,95286870.0,2025-09-23 23:59:59.999,286268764.735
2025-09-24,2.918,3.117,2.863,3.021,75241392.0,2025-09-24 23:59:59.999,226777772.917
2025-09-25,3.021,3.035,2.704,2.727,114170263.0,2025-09-25 23:59:59.999,326418663.594
2025-09-26,2.727,2.796,2.622,2.775,73482960.0,2025-09-26 23:59:59.999,199151658.146
2025-09-27,2.775,2.776,2.683,2.726,24528259.0,2025-09-27 23:59:59.999,66760986.285
2025-09-28,2.726,2.814,2.646,2.798,35123749.0,2025-09-28 23:59:59.999,95268155.668
2025-09-29,2.798,2.833,2.69,2.773,53488171.0,2025-09-29 23:59:59.999,148297653.854
2025-09-30,2.773,2.788,2.561,2.626,59530938.0,2025-09-30 23:59:59.999,157293868.735
2025-10-01,2.627,2.875,2.613,2.832,68989231.0,2025-10-01 23:59:59.999,191015019.017
2025-10-02,2.833,2.985,2.82,2.967,59812095.0,2025-10-02 23:59:59.999,173522671.344
2025-10-03,2.968,3.081,2.887,3.032,59700195.0,2025-10-03 23:59:59.999,177621462.035
2025-10-04,3.031,3.043,2.876,2.958,38226476.0,2025-10-04 23:59:59.999,112893519.728
2025-10-05,2.959,3.179,2.93,2.955,72647795.0,2025-10-05 23:59:59.999,221425847.785
2025-10-06,2.956,3.087,2.93,3.049,53142781.0,2025-10-06 23:59:59.999,159683686.207
2025-10-07,3.049,3.072,2.901,2.947,75545783.0,2025-10-07 23:59:59.999,225289433.549
2025-10-08,2.946,3.023,2.897,2.964,57577310.0,2025-10-08 23:59:59.999,170165236.044
2025-10-09,2.964,2.967,2.807,2.878,64354950.0,2025-10-09 23:59:59.999,185452960.636
2025-10-10,2.879,3.227,1.543,2.378,290202424.0,2025-10-10 23:59:59.999,785952336.922
2025-10-11,2.377,2.578,2.182,2.298,128857000.0,2025-10-11 23:59:59.999,307001299.581
2025-10-12,2.298,2.517,2.216,2.455,118810754.0,2025-10-12 23:59:59.999,280198948.526
2025-10-13,2.454,2.68,2.41,2.618,88183177.0,2025-10-13 23:59:59.999,222855667.166
2025-10-14,2.619,2.636,2.336,2.46,102525263.0,2025-10-14 23:59:59.999,251272650.592
2025-10-15,2.459,2.52,2.289,2.323,74815722.0,2025-10-15 23:59:59.999,178761329.464
2025-10-16,2.324,2.378,2.181,2.198,86064137.0,2025-10-16 23:59:59.999,197067981.47
2025-10-17,2.197,2.234,2.055,2.149,99288780.0,2025-10-17 23:59:59.999,212883695.77
2025-10-18,2.149,2.186,2.11,2.164,34753750.0,2025-10-18 23:59:59.999,74753686.081
2025-10-19,2.165,2.298,2.133,2.257,57631496.0,2025-10-19 23:59:59.999,127956112.749
2025-10-20,2.257,2.337,2.21,2.259,54179177.0,2025-10-20 23:59:59.999,123692244.075
2025-10-21,2.258,2.363,2.162,2.217,81772349.0,2025-10-21 23:59:59.999,184522440.753
2025-10-22,2.216,2.244,2.093,2.164,80288564.0,2025-10-22 23:59:59.999,175597588.093
2025-10-23,2.164,2.243,2.143,2.201,50045695.0,2025-10-23 23:59:59.999,109387162.824
2025-10-24,2.201,2.304,2.19,2.271,50443056.0,2025-10-24 23:59:59.999,113042199.176
2025-10-25,2.27,2.298,2.223,2.278,27279413.0,2025-10-25 23:59:59.999,61626717.598
2025-10-26,2.277,2.398,2.251,2.368,41718324.0,2025-10-26 23:59:59.999,97311837.727
2025-10-27,2.368,2.418,2.309,2.331,54848584.0,2025-10-27 23:59:59.999,129861925.234
2025-10-28,2.33,2.382,2.198,2.233,66941519.0,2025-10-28 23:59:59.999,154222084.331
2025-10-29,2.233,2.347,2.223,2.274,67345758.0,2025-10-29 23:59:59.999,153843657.816
2025-10-30,2.275,2.305,2.028,2.097,90730990.0,2025-10-30 23:59:59.999,195658837.007
2025-10-31,2.098,2.158,2.067,2.097,53516459.0,2025-10-31 23:59:59.999,113001199.049
2025-11-01,2.098,2.184,2.086,2.171,39823858.0,2025-11-01 23:59:59.999,85546959.772
2025-11-02,2.172,2.201,2.101,2.189,31980468.0,2025-11-02 23:59:59.999,68844944.179
2025-11-03,2.189,2.202,1.82,1.91,119848357.0,2025-11-03 23:59:59.999,237387727.219
2025-11-04,1.91,1.95,1.719,1.83,138276512.0,2025-11-04 23:59:59.999,254972292.405
2025-11-05,1.83,1.972,1.735,1.95,88254178.0,2025-11-05 23:59:59.999,164793828.508
2025-11-06,1.951,2.102,1.886,2.094,129637355.0,2025-11-06 23:59:59.999,258205393.571
2025-11-07,2.094,2.963,2.072,2.766,303770523.0,2025-11-07 23:59:59.999,763316741.937
2025-11-08,2.767,3.184,2.583,2.932,237220054.0,2025-11-08 23:59:59.999,671381334.11
2025-11-09,2.932,3.082,2.667,3.073,193292897.0,2025-11-09 23:59:59.999,554961773.005
2025-11-10,3.073,3.152,2.751,2.785,143796781.0,2025-11-10 23:59:59.999,420820646.717
2025-11-11,2.786,2.834,2.527,2.546,91090879.0,2025-11-11 23:59:59.999,244806434.512
2025-11-12,2.547,2.662,2.476,2.533,65252830.0,2025-11-12 23:59:59.999,167622857.657
2025-11-13,2.532,2.604,2.39,2.446,60784741.0,2025-11-13 23:59:59.999,151889047.346
2025-11-14,2.447,2.461,2.304,2.353,71566072.0,2025-11-14 23:59:59.999,171198295.232
2025-11-15,2.354,2.622,2.35,2.406,81066383.0,2025-11-15 23:59:59.999,202436537.708
2025-11-16,2.405,2.561,2.228,2.288,89968059.0,2025-11-16 23:59:59.999,214649912.756
2025-11-17,2.288,2.351,2.174,2.27,87328595.0,2025-11-17 23:59:59.999,198077401.779
2025-11-18,2.27,2.354,2.201,2.276,87731719.0,2025-11-18 23:59:59.999,199224887.988
2025-11-19,2.275,2.405,2.147,2.375,94087795.0,2025-11-19 23:59:59.999,211609510.672
2025-11-20,2.375,2.412,2.065,2.073,113069294.0,2025-11-20 23:59:59.999,254363048.807
2025-11-21,2.074,2.09,1.816,1.863,141154622.0,2025-11-21 23:59:59.999,273216400.557
2025-11-22,1.863,1.901,1.797,1.84,57380609.0,2025-11-22 23:59:59.999,105560048.917
2025-11-23,1.84,1.914,1.813,1.821,47623242.0,2025-11-23 23:59:59.999,88540201.288
2025-11-24,1.821,1.986,1.796,1.905,82540179.0,2025-11-24 23:59:59.999,156381417.713
2025-11-25,1.904,1.948,1.815,1.912,76553872.0,2025-11-25 23:59:59.999,143982624.531
2025-11-26,1.912,1.959,1.836,1.936,51123381.0,2025-11-26 23:59:59.999,97080122.026
2025-11-27,1.936,1.954,1.897,1.904,32358186.0,2025-11-27 23:59:59.999,62331511.903
2025-11-28,1.905,1.955,1.846,1.877,46190048.0,2025-11-28 23:59:59.999,87640381.504
2025-11-29,1.877,1.904,1.829,1.849,30915784.0,2025-11-29 23:59:59.999,57717596.369
2025-11-30,1.849,1.867,1.801,1.803,39192993.0,2025-11-30 23:59:59.999,72251073.9
2025-12-01,1.803,1.81,1.583,1.624,88071189.0,2025-12-01 23:59:59.999,146467678.262
2025-12-02,1.625,1.834,1.622,1.804,74808167.0,2025-12-02 23:59:59.999,130210024.931
2025-12-03,1.804,1.871,1.755,1.845,61592797.0,2025-12-03 23:59:59.999,111467543.089
2025-12-04,1.844,1.898,1.746,1.795,55395927.0,2025-12-04 23:59:59.999,101717893.221
2025-12-05,1.796,1.817,1.657,1.68,63420291.0,2025-12-05 23:59:59.999,109373026.729
2025-12-06,1.681,1.747,1.667,1.707,32141325.0,2025-12-06 23:59:59.999,54803939.112
2025-12-07,1.708,1.772,1.637,1.701,49983285.0,2025-12-07 23:59:59.999,85030750.409
2025-12-08,1.701,1.802,1.689,1.744,45165291.0,2025-12-08 23:59:59.999,79483232.154
2025-12-09,1.743,1.885,1.691,1.81,65949262.0,2025-12-09 23:59:59.999,118086267.69
2025-12-10,1.81,1.864,1.733,1.758,60215176.0,2025-12-10 23:59:59.999,107453359.918
2025-12-11,1.758,1.762,1.628,1.673,69556322.0,2025-12-11 23:59:59.999,116403562.981
2025-12-12,1.672,1.719,1.582,1.636,60135649.0,2025-12-12 23:59:59.999,99372577.302
2025-12-13,1.636,1.684,1.631,1.664,31176611.0,2025-12-13 23:59:59.999,51673954.634
2025-12-14,1.663,1.67,1.569,1.59,39803297.0,2025-12-14 23:59:59.999,64180542.147
2025-12-15,1.591,1.646,1.487,1.542,78666758.0,2025-12-15 23:59:59.999,122656750.449
2025-12-16,1.542,1.62,1.505,1.569,67117808.0,2025-12-16 23:59:59.999,104149670.211
2025-12-17,1.57,1.613,1.465,1.481,87472768.0,2025-12-17 23:59:59.999,133749757.051
2025-12-18,1.481,1.6,1.418,1.428,114588876.0,2025-12-18 23:59:59.999,171091619.488
2025-12-19,1.427,1.56,1.404,1.538,86348434.0,2025-12-19 23:59:59.999,129063537.232
2025-12-20,1.538,1.546,1.503,1.522,32986918.0,2025-12-20 23:59:59.999,50133148.512
2025-12-21,1.523,1.536,1.453,1.508,53924476.0,2025-12-21 23:59:59.999,80395702.138
2025-12-22,1.509,1.586,1.49,1.504,76567494.0,2025-12-22 23:59:59.999,117651794.581
2025-12-23,1.505,1.531,1.461,1.486,75292327.0,2025-12-23 23:59:59.999,112534448.178
2025-12-24,1.486,1.489,1.434,1.453,58983464.0,2025-12-24 23:59:59.999,86027476.746
2025-12-25,1.454,1.513,1.431,1.436,55690833.0,2025-12-25 23:59:59.999,82553347.622
2025-12-26,1.436,1.563,1.43,1.518,78970416.0,2025-12-26 23:59:59.999,119645583.137
2025-12-27,1.518,1.605,1.499,1.593,38711040.0,2025-12-27 23:59:59.999,59672416.429
2025-12-28,1.593,1.615,1.553,1.581,42424615.0,2025-12-28 23:59:59.999,67190226.042
2025-12-29,1.581,1.611,1.51,1.522,65732568.0,2025-12-29 23:59:59.999,101979276.707
2025-12-30,1.522,1.561,1.511,1.515,43782558.0,2025-12-30 23:59:59.999,67109155.135
2025-12-31,1.514,1.531,1.467,1.513,51684543.0,2025-12-31 23:59:59.999,77905967.665
2026-01-01,1.513,1.635,1.5,1.627,59382426.0,2026-01-01 23:59:59.999,93154421.747
2026-01-02,1.627,1.697,1.613,1.69,59235599.0,2026-01-02 23:59:59.999,97798803.857
2026-01-03,1.691,1.718,1.657,1.709,35294797.0,2026-01-03 23:59:59.999,59695174.755
2026-01-04,1.709,1.742,1.69,1.727,45324250.0,2026-01-04 23:59:59.999,77859535.727
2026-01-05,1.728,1.8,1.706,1.771,71798378.0,2026-01-05 23:59:59.999,125821347.105
2026-01-06,1.772,1.84,1.726,1.808,66909724.0,2026-01-06 23:59:59.999,119593580.124
2026-01-07,1.808,1.808,1.699,1.721,45412114.0,2026-01-07 23:59:59.999,79375223.978
2026-01-08,1.721,1.728,1.656,1.684,51162631.0,2026-01-08 23:59:59.999,86615817.693
2026-01-09,1.684,1.755,1.66,1.703,47624362.0,2026-01-09 23:59:59.999,80971519.768
2026-01-10,1.702,1.733,1.673,1.687,24397758.0,2026-01-10 23:59:59.999,41479148.06
2026-01-11,1.688,1.738,1.669,1.701,33335086.0,2026-01-11 23:59:59.999,56724340.872
2026-01-12,1.701,1.769,1.643,1.672,74783945.0,2026-01-12 23:59:59.999,127146452.747
2026-01-13,1.673,1.894,1.672,1.858,87237517.0,2026-01-13 23:59:59.999,156029323.602
2026-01-14,1.858,1.878,1.783,1.798,64289421.0,2026-01-14 23:59:59.999,117895358.976
2026-01-15,1.799,1.814,1.697,1.72,58227525.0,2026-01-15 23:59:59.999,102355799.241
2026-01-16,1.721,1.755,1.672,1.731,43893911.0,2026-01-16 23:59:59.999,75160112.288
2026-01-17,1.731,1.809,1.72,1.751,40976525.0,2026-01-17 23:59:59.999,72651416.372
2026-01-18,1.75,1.767,1.623,1.627,51357223.0,2026-01-18 23:59:59.999,87641312.928
2026-01-19,1.627,1.627,1.44,1.597,95820594.0,2026-01-19 23:59:59.999,149877702.117
2026-01-20,1.596,1.604,1.487,1.505,72510900.0,2026-01-20 23:59:59.999,111808597.424
2026-01-21,1.505,1.574,1.481,1.527,67458551.0,2026-01-21 23:59:59.999,103144286.468
2026-01-22,1.528,1.559,1.494,1.513,38518290.0,2026-01-22 23:59:59.999,58945824.318
2026-01-23,1.512,1.55,1.489,1.507,43117335.0,2026-01-23 23:59:59.999,65440382.4
2026-01-24,1.507,1.52,1.487,1.504,19010517.0,2026-01-24 23:59:59.999,28604098.759
2026-01-25,1.505,1.516,1.408,1.436,50526325.0,2026-01-25 23:59:59.999,73883119.934
2026-01-26,1.436,1.487,1.43,1.461,40537071.0,2026-01-26 23:59:59.999,59192108.188
2026-01-27,1.462,1.505,1.446,1.49,35367004.0,2026-01-27 23:59:59.999,52107795.321
2026-01-28,1.489,1.501,1.457,1.489,39265000.0,2026-01-28 23:59:59.999,58085125.256
2026-01-29,1.489,1.496,1.341,1.375,76702504.0,2026-01-29 23:59:59.999,107358810.83
2026-01-30,1.375,1.381,1.287,1.321,89116383.0,2026-01-30 23:59:59.999,118319709.68
2026-01-31,1.322,1.328,1.09,1.206,128873195.0,2026-01-31 23:59:59.999,156516189.908
2026-02-01,1.206,1.216,1.141,1.173,72251084.0,2026-02-01 23:59:59.999,85595105.876
2026-02-02,1.172,1.238,1.135,1.2,81355579.0,2026-02-02 23:59:59.999,96620669.355
2026-02-03,1.2,1.236,1.122,1.176,96889288.0,2026-02-03 23:59:59.999,114703486.802
2026-02-04,1.176,1.205,1.127,1.159,83003691.0,2026-02-04 23:59:59.999,96516584.743
2026-02-05,1.158,1.167,0.962,0.976,208877098.0,2026-02-05 23:59:59.999,220986387.945
2026-02-06,0.976,1.113,0.84,1.087,224147438.0,2026-02-06 23:59:59.999,220304355.978
2026-02-07,1.087,1.104,1.039,1.073,91894321.0,2026-02-07 23:59:59.999,98897187.458
2026-02-08,1.074,1.079,1.027,1.037,42610961.0,2026-02-08 23:59:59.999,44969266.281
2026-02-09,1.038,1.05,0.985,1.029,67604394.0,2026-02-09 23:59:59.999,68878009.869
2026-02-10,1.03,1.037,0.98,0.991,57254672.0,2026-02-10 23:59:59.999,57159357.365
2026-02-11,0.991,1.003,0.938,0.961,62873184.0,2026-02-11 23:59:59.999,60765706.697
2026-02-12,0.961,1.011,0.933,0.962,77076203.0,2026-02-12 23:59:59.999,74364865.637
2026-02-13,0.963,1.03,0.954,1.023,66859853.0,2026-02-13 23:59:59.999,66432421.484
2026-02-14,1.023,1.102,1.014,1.085,68563143.0,2026-02-14 23:59:59.999,72424791.964
2026-02-15,1.084,1.09,1.031,1.055,70520152.0,2026-02-15 23:59:59.999,74948586.15
2026-02-16,1.055,1.074,1.023,1.056,60415105.0,2026-02-16 23:59:59.999,63379595.315
2026-02-17,1.056,1.067,1.027,1.044,52929969.0,2026-02-17 23:59:59.999,55430223.45
2026-02-18,1.044,1.065,1.004,1.017,53603081.0,2026-02-18 23:59:59.999,55499758.451
2026-02-19,1.017,1.022,0.98,1.007,57098714.0,2026-02-19 23:59:59.999,57251540.583
2026-02-20,1.007,1.055,1.0,1.053,72270637.0,2026-02-20 23:59:59.999,74216790.207
2026-02-21,1.053,1.108,1.041,1.058,69001527.0,2026-02-21 23:59:59.999,73878079.79
2026-02-22,1.057,1.057,1.003,1.022,44762725.0,2026-02-22 23:59:59.999,45875724.572
2026-02-23,1.021,1.029,0.963,0.98,88600010.0,2026-02-23 23:59:59.999,87899415.4
2026-02-24,0.981,0.993,0.951,0.965,71113042.0,2026-02-24 23:59:59.999,69267456.174
2026-02-25,0.966,1.262,0.964,1.173,175191628.0,2026-02-25 23:59:59.999,195248420.911
2026-02-26,1.173,1.184,1.083,1.126,130585793.0,2026-02-26 23:59:59.999,148052776.163
2026-02-27,1.127,1.146,1.071,1.094,93490521.0,2026-02-27 23:59:59.999,104248786.466
2026-02-28,1.093,1.173,1.027,1.171,138534351.0,2026-02-28 23:59:59.999,150951133.215
2026-03-01,1.17,1.211,1.112,1.149,135018099.0,2026-03-01 23:59:59.999,156392325.431
2026-03-02,1.15,1.414,1.141,1.357,279015401.0,2026-03-02 23:59:59.999,352801022.765
2026-03-03,1.358,1.453,1.316,1.356,257175309.0,2026-03-03 23:59:59.999,352572264.257
2026-03-04,1.356,1.414,1.301,1.31,154781188.0,2026-03-04 23:59:59.999,209577644.21
2026-03-05,1.31,1.328,1.243,1.272,120534264.0,2026-03-05 23:59:59.999,154299179.619
2026-03-06,1.272,1.299,1.212,1.225,82103102.0,2026-03-06 23:59:59.999,102916731.267
2026-03-07,1.226,1.247,1.201,1.214,37476300.0,2026-03-07 23:59:59.999,45811167.989
2026-03-08,1.214,1.255,1.187,1.21,71477165.0,2026-03-08 23:59:59.999,87349384.207
2026-03-09,1.211,1.282,1.202,1.233,105540940.0,2026-03-09 23:59:59.999,131072524.06
2026-03-10,1.234,1.332,1.223,1.284,102841643.0,2026-03-10 23:59:59.999,132193626.973
2026-03-11,1.283,1.323,1.266,1.298,82536915.0,2026-03-11 23:59:59.999,106567408.988
2026-03-12,1.298,1.37,1.276,1.367,95469728.0,2026-03-12 23:59:59.999,126162584.677
2026-03-13,1.366,1.422,1.321,1.334,111926393.0,2026-03-13 23:59:59.999,152194949.213
2026-03-14,1.335,1.34,1.298,1.323,51968460.0,2026-03-14 23:59:59.999,68365222.767
2026-03-15,1.324,1.377,1.316,1.348,84348017.0,2026-03-15 23:59:59.999,113431203.335
2026-03-16,1.349,1.509,1.338,1.49,144345685.0,2026-03-16 23:59:59.999,204411516.135
2026-03-17,1.49,1.509,1.423,1.452,88490650.0,2026-03-17 23:59:59.999,128952882.461
2026-03-18,1.451,1.469,1.372,1.385,101208659.0,2026-03-18 23:59:59.999,143366534.841
2026-03-19,1.386,1.396,1.321,1.334,83804787.0,2026-03-19 23:59:59.999,113067791.113
2026-03-20,1.334,1.365,1.307,1.315,83491224.0,2026-03-20 23:59:59.999,111518659.118
2026-03-21,1.314,1.332,1.27,1.28,41720540.0,2026-03-21 23:59:59.999,54746254.811
2026-03-22,1.28,1.306,1.259,1.273,63166337.0,2026-03-22 23:59:59.999,81217313.188
2026-03-23,1.273,1.332,1.25,1.31,89069002.0,2026-03-23 23:59:59.999,115489457.368
2026-03-24,1.31,1.329,1.272,1.29,62422990.0,2026-03-24 23:59:59.999,81056495.867
2026-03-25,1.291,1.311,1.264,1.279,65151040.0,2026-03-25 23:59:59.999,83961055.174
2026-03-26,1.278,1.279,1.201,1.223,62607839.0,2026-03-26 23:59:59.999,77098604.183
2026-03-27,1.223,1.24,1.168,1.179,68410224.0,2026-03-27 23:59:59.999,81764882.914
2026-03-28,1.179,1.191,1.16,1.172,38075341.0,2026-03-28 23:59:59.999,44741224.45
2026-03-29,1.173,1.177,1.129,1.164,60818202.0,2026-03-29 23:59:59.999,70566586.462
2026-03-30,1.164,1.224,1.148,1.16,74115195.0,2026-03-30 23:59:59.999,87794921.466
2026-03-31,1.161,1.203,1.159,1.188,72488752.0,2026-03-31 23:59:59.999,85656717.688
2026-04-01,1.188,1.229,1.177,1.19,64156879.0,2026-04-01 23:59:59.999,77291952.991
2026-04-02,1.191,1.205,1.138,1.162,76735733.0,2026-04-02 23:59:59.999,88982465.817
2026-04-03,1.162,1.228,1.157,1.208,64945856.0,2026-04-03 23:59:59.999,78083204.408
2026-04-04,1.207,1.287,1.205,1.254,63161779.0,2026-04-04 23:59:59.999,78825256.556
2026-04-05,1.254,1.27,1.222,1.246,60868244.0,2026-04-05 23:59:59.999,75741787.073
2026-04-06,1.247,1.302,1.235,1.248,79138746.0,2026-04-06 23:59:59.999,100636555.328
2026-04-07,1.248,1.34,1.22,1.309,89106321.0,2026-04-07 23:59:59.999,112381044.795
2026-04-08,1.308,1.391,1.284,1.329,101387883.0,2026-04-08 23:59:59.999,136172608.375
2026-04-09,1.329,1.391,1.319,1.366,97032505.0,2026-04-09 23:59:59.999,130826376.39
2026-04-10,1.366,1.394,1.343,1.36,83269358.0,2026-04-10 23:59:59.999,113699981.426
2026-04-11,1.36,1.424,1.329,1.402,78814049.0,2026-04-11 23:59:59.999,108448699.235
2026-04-12,1.402,1.407,1.323,1.345,68726090.0,2026-04-12 23:59:59.999,92559829.736
2026-04-13,1.346,1.42,1.344,1.417,83343005.0,2026-04-13 23:59:59.999,115310338.039
2026-04-14,1.417,1.438,1.35,1.359,79411638.0,2026-04-14 23:59:59.999,110596687.829
2026-04-15,1.359,1.421,1.341,1.409,59715345.0,2026-04-15 23:59:59.999,82524144.402
2026-04-16,1.409,1.442,1.365,1.431,77408422.0,2026-04-16 23:59:59.999,109305735.751
2026-04-17,1.431,1.441,1.37,1.406,76977853.0,2026-04-17 23:59:59.999,108649959.544
2026-04-18,1.406,1.421,1.341,1.343,76395493.0,2026-04-18 23:59:59.999,105753109.477
2026-04-19,1.342,1.388,1.321,1.325,67167386.0,2026-04-19 23:59:59.999,90620870.794
2026-04-20,1.325,1.372,1.324,1.361,57021207.0,2026-04-20 23:59:59.999,77100625.414
2026-04-21,1.361,1.398,1.348,1.385,63766549.0,2026-04-21 23:59:59.999,87402504.562
2026-04-22,1.385,1.431,1.376,1.401,54052305.0,2026-04-22 23:59:59.999,76202340.072
2026-04-23,1.401,1.414,1.369,1.405,66218116.0,2026-04-23 23:59:59.999,92283337.25
2026-04-24,1.405,1.432,1.395,1.408,42834914.0,2026-04-24 23:59:59.999,60481660.642
2026-04-25,1.407,1.421,1.387,1.401,25379637.0,2026-04-25 23:59:59.999,35640422.922
2026-04-26,1.4,1.413,1.378,1.394,28351870.0,2026-04-26 23:59:59.999,39535513.407
2026-04-27,1.394,1.413,1.339,1.364,49578333.0,2026-04-27 23:59:59.999,68072838.998
2026-04-28,1.363,1.366,1.328,1.347,35535087.0,2026-04-28 23:59:59.999,47932310.565
2026-04-29,1.347,1.374,1.291,1.327,52959289.0,2026-04-29 23:59:59.999,70745684.178
2026-04-30,1.327,1.341,1.289,1.297,28229434.0,2026-04-30 23:59:59.999,37212275.577
2026-05-01,1.297,1.319,1.276,1.288,38886820.0,2026-05-01 23:59:59.999,50424468.241
2026-05-02,1.287,1.303,1.276,1.298,26877810.0,2026-05-02 23:59:59.999,34658781.212
2026-05-03,1.298,1.302,1.266,1.275,30040056.0,2026-05-03 23:59:59.999,38419389.708
2026-05-04,1.275,1.312,1.244,1.262,80392605.0,2026-05-04 23:59:59.999,102187198.847
2026-05-05,1.261,1.317,1.256,1.295,49468854.0,2026-05-05 23:59:59.999,63449501.729
2026-05-06,1.295,1.546,1.287,1.488,198418310.0,2026-05-06 23:59:59.999,287169212.381
2026-05-07,1.487,1.527,1.451,1.47,105901016.0,2026-05-07 23:59:59.999,157212024.574
2026-05-08,1.469,1.605,1.454,1.596,108380496.0,2026-05-08 23:59:59.999,167221826.043
2026-05-09,1.596,1.617,1.549,1.566,63881702.0,2026-05-09 23:59:59.999,100866761.666
2026-05-10,1.566,1.631,1.534,1.563,68676428.0,2026-05-10 23:59:59.999,108109767.822
2026-05-11,1.563,1.574,1.51,1.547,70007522.0,2026-05-11 23:59:59.999,107677618.839
2026-05-12,1.547,1.65,1.503,1.607,127622922.0,2026-05-12 23:59:59.999,200592691.778
2026-05-13,1.607,1.69,1.549,1.575,121152732.0,2026-05-13 23:59:59.999,195657962.303
2026-05-14,1.574,1.633,1.537,1.572,76712370.0,2026-05-14 23:59:59.999,121180940.024
2026-05-15,1.572,1.593,1.508,1.543,62789089.0,2026-05-15 23:59:59.999,97328425.66
2026-05-16,1.544,1.554,1.477,1.496,47203922.0,2026-05-16 23:59:59.999,71000497.896
2026-05-17,1.496,1.559,1.462,1.508,50450271.0,2026-05-17 23:59:59.999,76594951.686
2026-05-18,1.507,1.628,1.477,1.625,87764522.0,2026-05-18 23:59:59.999,134680396.823
2026-05-19,1.625,1.687,1.58,1.602,105329178.0,2026-05-19 23:59:59.999,171534649.292
2026-05-20,1.603,1.731,1.579,1.702,104132637.0,2026-05-20 23:59:59.999,173083800.794
2026-05-21,1.702,1.966,1.694,1.926,188752936.0,2026-05-21 23:59:59.999,342552620.144
2026-05-22,1.926,2.336,1.917,2.101,531036731.0,2026-05-22 23:59:59.999,1156908261.285
2026-05-23,2.102,2.473,2.01,2.451,381351059.0,2026-05-23 23:59:59.999,856872447.171
2026-05-24,2.45,2.509,2.325,2.394,276407056.0,2026-05-24 23:59:59.999,666317008.149
2026-05-25,2.393,2.82,2.332,2.77,308967796.0,2026-05-25 23:59:59.999,797980348.026
2026-05-26,2.769,2.978,2.523,2.553,385421439.0,2026-05-26 23:59:59.999,1063356740.749
2026-05-27,2.552,2.738,2.45,2.488,262682044.0,2026-05-27 23:59:59.999,669194914.67
2026-05-28,2.487,2.507,2.269,2.418,227470168.0,2026-05-28 23:59:59.999,541619150.048
