open_time,open,high,low,close,volume,close_time,quote_asset_volume
2020-07-31,1.1255,1.2599,1.1255,1.1805,10125417.1,2020-07-31 23:59:59.999,12125381.82464
2020-08-01,1.1808,1.2387,1.1242,1.1437,12050419.9,2020-08-01 23:59:59.999,14311139.02054
2020-08-02,1.1432,1.1633,0.9,1.0882,14280854.1,2020-08-02 23:59:59.999,15449049.53213
2020-08-03,1.0882,1.129,1.051,1.0715,9708546.4,2020-08-03 23:59:59.999,10612180.01007
2020-08-04,1.0709,1.2387,1.0679,1.2137,14329527.5,2020-08-04 23:59:59.999,16698804.13864
2020-08-05,1.2157,1.2678,1.148,1.1727,9448169.7,2020-08-05 23:59:59.999,11275643.61147
2020-08-06,1.1726,1.4042,1.1714,1.3665,17007182.6,2020-08-06 23:59:59.999,22215482.15845
2020-08-07,1.367,1.37,1.212,1.2936,13017706.7,2020-08-07 23:59:59.999,17014098.90617
2020-08-08,1.2932,1.58,1.2792,1.5253,18425573.3,2020-08-08 23:59:59.999,26845177.31875
2020-08-09,1.525,1.8048,1.4651,1.7213,18989979.3,2020-08-09 23:59:59.999,30989182.94502
2020-08-10,1.7203,1.7802,1.4807,1.599,19494401.7,2020-08-10 23:59:59.999,31202275.53709
2020-08-11,1.5992,1.6451,1.35,1.4727,20688639.7,2020-08-11 23:59:59.999,30440273.52601
2020-08-12,1.4732,1.895,1.4336,1.7857,24126302.7,2020-08-12 23:59:59.999,39211255.30952
2020-08-13,1.788,2.1658,1.7738,1.8813,28372885.6,2020-08-13 23:59:59.999,54894973.56577
2020-08-14,1.8853,1.9708,1.8028,1.851,18217488.8,2020-08-14 23:59:59.999,34075938.24828
2020-08-15,1.8524,2.0814,1.8211,1.8602,18516039.8,2020-08-15 23:59:59.999,35505885.97888
2020-08-16,1.8602,1.9191,1.7246,1.8767,22381867.4,2020-08-16 23:59:59.999,41189441.2993
2020-08-17,1.8794,1.9153,1.66,1.7037,25067938.9,2020-08-17 23:59:59.999,45364639.20162
2020-08-18,1.7017,1.7825,1.499,1.5704,26420416.7,2020-08-18 23:59:59.999,44043099.70594
2020-08-19,1.5706,1.6356,1.3811,1.4946,29567677.1,2020-08-19 23:59:59.999,45011896.79032
2020-08-20,1.4948,1.6913,1.4946,1.6865,25065495.0,2020-08-20 23:59:59.999,40360817.55439
2020-08-21,1.6861,1.757,1.4037,1.4153,25596873.3,2020-08-21 23:59:59.999,40433137.76006
2020-08-22,1.4156,1.5316,1.35,1.5162,20515306.8,2020-08-22 23:59:59.999,29915590.71844
2020-08-23,1.5161,1.5984,1.4134,1.5654,18614793.1,2020-08-23 23:59:59.999,28006621.06011
2020-08-24,1.5672,1.675,1.5176,1.6176,15957948.5,2020-08-24 23:59:59.999,25198820.67937
2020-08-25,1.6169,1.798,1.47,1.4838,23564948.0,2020-08-25 23:59:59.999,38434713.22133
2020-08-26,1.484,1.6342,1.4632,1.5821,21666875.2,2020-08-26 23:59:59.999,33535878.29162
2020-08-27,1.5843,1.6601,1.3682,1.4579,22758882.2,2020-08-27 23:59:59.999,34537357.14485
2020-08-28,1.4593,1.5176,1.4245,1.4719,16120515.5,2020-08-28 23:59:59.999,23729786.52528
2020-08-29,1.4716,1.583,1.4651,1.5705,11881374.8,2020-08-29 23:59:59.999,17975024.50154
2020-08-30,1.5693,1.6848,1.523,1.6284,15494388.8,2020-08-30 23:59:59.999,24626891.99138
2020-08-31,1.6279,1.7177,1.5808,1.6039,13841467.1,2020-08-31 23:59:59.999,22730876.30255
2020-09-01,1.6035,1.6274,1.4841,1.4906,15893921.3,2020-09-01 23:59:59.999,24845409.76509
2020-09-02,1.4911,1.5008,1.25,1.3974,15360818.2,2020-09-02 23:59:59.999,21752759.61601
2020-09-03,1.398,1.4082,0.9475,1.0517,23109116.1,2020-09-03 23:59:59.999,28258671.9728
2020-09-04,1.0513,1.1406,0.9501,1.0845,21284298.1,2020-09-04 23:59:59.999,22350363.341
2020-09-05,1.0847,1.1848,0.8152,0.9243,23213642.2,2020-09-05 23:59:59.999,23816205.0107
2020-09-06,0.9259,1.0459,0.8564,0.9959,20045451.6,2020-09-06 23:59:59.999,19284683.27905
2020-09-07,0.995,1.0086,0.8613,0.9822,17792778.9,2020-09-07 23:59:59.999,16806213.59335
2020-09-08,0.9822,1.0064,0.8815,0.9081,16825309.6,2020-09-08 23:59:59.999,15931730.07154
2020-09-09,0.9084,1.0553,0.8833,1.0253,15199665.2,2020-09-09 23:59:59.999,14746849.35433
2020-09-10,1.0253,1.1179,1.0237,1.0352,15723682.4,2020-09-10 23:59:59.999,16746704.75426
2020-09-11,1.0352,1.1582,0.9805,1.1338,16837030.8,2020-09-11 23:59:59.999,17964710.3154
2020-09-12,1.1331,1.211,1.1063,1.1941,16937787.1,2020-09-12 23:59:59.999,19734033.13744
2020-09-13,1.1952,1.1953,1.094,1.1325,16105441.5,2020-09-13 23:59:59.999,18421981.81183
2020-09-14,1.1322,1.1343,1.0457,1.108,15517889.6,2020-09-14 23:59:59.999,16911917.5798
2020-09-15,1.1077,1.14,0.9767,0.9819,14421630.1,2020-09-15 23:59:59.999,15556592.42453
2020-09-16,0.9816,1.3184,0.9144,1.2039,30424878.4,2020-09-16 23:59:59.999,35069592.62116
2020-09-17,1.2062,1.3926,1.1391,1.2553,33558014.1,2020-09-17 23:59:59.999,41530403.68929
2020-09-18,1.2561,1.2752,1.0697,1.0985,19574616.7,2020-09-18 23:59:59.999,23092298.29122
2020-09-19,1.0989,1.1052,1.0403,1.0533,9772555.5,2020-09-19 23:59:59.999,10509941.6562
2020-09-20,1.053,1.1063,0.9614,0.9896,10412046.9,2020-09-20 23:59:59.999,10847343.81061
2020-09-21,0.9904,0.9946,0.8616,0.8863,17610809.6,2020-09-21 23:59:59.999,16431258.43382
2020-09-22,0.8868,0.987,0.8717,0.9415,17933654.0,2020-09-22 23:59:59.999,16685084.06691
2020-09-23,0.9421,0.9555,0.817,0.8202,16481474.5,2020-09-23 23:59:59.999,14851136.18553
2020-09-24,0.8209,0.925,0.8084,0.8866,15525739.6,2020-09-24 23:59:59.999,13353350.85261
2020-09-25,0.8864,0.9383,0.8393,0.9296,15545847.9,2020-09-25 23:59:59.999,13810946.62067
2020-09-26,0.9299,0.9823,0.8811,0.9823,15039823.7,2020-09-26 23:59:59.999,13964227.39674
2020-09-27,0.9806,0.9989,0.8936,0.9549,14543119.7,2020-09-27 23:59:59.999,13742432.68573
2020-09-28,0.9557,0.9859,0.8807,0.8965,15168312.7,2020-09-28 23:59:59.999,14338313.43249
2020-09-29,0.8956,0.9521,0.8671,0.9424,14202965.1,2020-09-29 23:59:59.999,12806433.35426
2020-09-30,0.9418,0.9781,0.8817,0.9042,13821922.2,2020-09-30 23:59:59.999,12705762.45794
2020-10-01,0.9046,0.9662,0.8702,0.9134,15068251.5,2020-10-01 23:59:59.999,13867677.31669
2020-10-02,0.9128,0.9192,0.7892,0.8694,16388900.2,2020-10-02 23:59:59.999,13909471.97614
2020-10-03,0.8695,0.8875,0.8335,0.8365,11045612.8,2020-10-03 23:59:59.999,9587348.92814
2020-10-04,0.8363,0.8779,0.8263,0.8651,10813714.5,2020-10-04 23:59:59.999,9238008.78797
2020-10-05,0.8657,0.906,0.8274,0.9005,12683107.9,2020-10-05 23:59:59.999,11058647.70894
2020-10-06,0.9009,0.9027,0.7639,0.7744,15779151.7,2020-10-06 23:59:59.999,13227085.80598
2020-10-07,0.7746,0.7968,0.7199,0.7945,15781248.8,2020-10-07 23:59:59.999,12037747.37413
2020-10-08,0.7945,0.8013,0.7236,0.7896,15198622.6,2020-10-08 23:59:59.999,11730475.35816
2020-10-09,0.7896,0.841,0.7623,0.832,15850767.2,2020-10-09 23:59:59.999,12735671.28278
2020-10-10,0.8324,0.9535,0.832,0.9168,18360966.6,2020-10-10 23:59:59.999,16138940.11612
2020-10-11,0.9166,0.973,0.8968,0.9251,15484394.6,2020-10-11 23:59:59.999,14424888.70321
2020-10-12,0.9246,0.9671,0.8923,0.9338,14708752.4,2020-10-12 23:59:59.999,13737943.95165
2020-10-13,0.9338,1.0513,0.9048,1.0392,16359298.7,2020-10-13 23:59:59.999,15879723.76817
2020-10-14,1.0396,1.0805,0.9363,0.9656,24262830.2,2020-10-14 23:59:59.999,24544728.97331
2020-10-15,0.9669,0.9669,0.8757,0.8927,19500517.8,2020-10-15 23:59:59.999,17780317.83126
2020-10-16,0.8927,0.8979,0.8233,0.8335,14837710.8,2020-10-16 23:59:59.999,12614684.20612
2020-10-17,0.8335,0.8726,0.8146,0.871,13210134.2,2020-10-17 23:59:59.999,11206687.34423
2020-10-18,0.8712,0.9087,0.8407,0.9054,11430586.0,2020-10-18 23:59:59.999,9880783.60148
2020-10-19,0.9049,0.9105,0.8513,0.8545,12065537.8,2020-10-19 23:59:59.999,10575036.8227
2020-10-20,0.8546,0.855,0.7725,0.7842,13284454.0,2020-10-20 23:59:59.999,10744601.43144
2020-10-21,0.7841,0.8899,0.7813,0.8599,17041408.6,2020-10-21 23:59:59.999,14279196.56007
2020-10-22,0.8607,0.929,0.8601,0.8902,13409166.6,2020-10-22 23:59:59.999,12071079.45294
2020-10-23,0.8902,0.9311,0.8619,0.8874,10646203.1,2020-10-23 23:59:59.999,9556147.15086
2020-10-24,0.8872,0.9354,0.8769,0.9283,9798016.2,2020-10-24 23:59:59.999,8941442.27142
2020-10-25,0.9279,0.9728,0.9027,0.9048,12520787.2,2020-10-25 23:59:59.999,11768785.26491
2020-10-26,0.9054,0.9374,0.8593,0.883,14040080.5,2020-10-26 23:59:59.999,12710601.91268
2020-10-27,0.8827,0.8899,0.8425,0.8615,12334977.7,2020-10-27 23:59:59.999,10724782.8186
2020-10-28,0.8614,0.8676,0.782,0.8041,16874580.0,2020-10-28 23:59:59.999,13890727.50018
2020-10-29,0.8048,0.8281,0.747,0.7542,12594094.5,2020-10-29 23:59:59.999,9973625.06092
2020-10-30,0.7532,0.7827,0.7125,0.7689,14659675.8,2020-10-30 23:59:59.999,10948829.51301
2020-10-31,0.7693,0.7797,0.726,0.7282,9516442.3,2020-10-31 23:59:59.999,7182831.41171
2020-11-01,0.728,0.7606,0.7222,0.7538,9004879.0,2020-11-01 23:59:59.999,6647471.59077
2020-11-02,0.7538,0.7826,0.7265,0.7291,11991187.6,2020-11-02 23:59:59.999,9033646.89216
2020-11-03,0.7288,0.7341,0.6928,0.7077,11699581.6,2020-11-03 23:59:59.999,8351662.37485
2020-11-04,0.7075,0.7125,0.6445,0.6745,11769811.9,2020-11-04 23:59:59.999,7990004.02117
2020-11-05,0.6749,0.703,0.6444,0.6851,13767541.3,2020-11-05 23:59:59.999,9351626.12837
2020-11-06,0.6851,0.7931,0.6804,0.7879,15675833.3,2020-11-06 23:59:59.999,11654654.30173
2020-11-07,0.7885,0.8597,0.6896,0.7346,21495305.0,2020-11-07 23:59:59.999,16780169.79537
2020-11-08,0.7345,0.9056,0.7194,0.8844,19871311.1,2020-11-08 23:59:59.999,16247940.4803
2020-11-09,0.8843,0.944,0.8322,0.885,27770190.9,2020-11-09 23:59:59.999,24712091.47942
2020-11-10,0.8852,1.0252,0.8657,1.0021,21338117.0,2020-11-10 23:59:59.999,20526126.93547
2020-11-11,1.0021,1.0795,0.923,0.927,19960551.5,2020-11-11 23:59:59.999,19969171.40991
2020-11-12,0.9272,1.0025,0.9054,0.9172,20670016.6,2020-11-12 23:59:59.999,19542759.49267
2020-11-13,0.917,1.0189,0.9094,0.9887,15266329.5,2020-11-13 23:59:59.999,14871045.1249
2020-11-14,0.9885,1.0095,0.9303,0.9963,16539158.7,2020-11-14 23:59:59.999,16039132.21592
2020-11-15,0.9965,1.0986,0.973,1.0121,18379293.3,2020-11-15 23:59:59.999,19006449.1394
2020-11-16,1.0131,1.0796,0.9972,1.024,14044553.3,2020-11-16 23:59:59.999,14510770.33245
2020-11-17,1.0241,1.0824,1.018,1.0395,15286869.2,2020-11-17 23:59:59.999,16014635.27032
2020-11-18,1.0393,1.0528,0.9176,0.9793,19219667.1,2020-11-18 23:59:59.999,18704182.35183
2020-11-19,0.9791,1.0172,0.9318,0.9644,16622887.7,2020-11-19 23:59:59.999,16216840.90113
2020-11-20,0.9644,1.0449,0.9534,0.9764,15563384.7,2020-11-20 23:59:59.999,15490008.5779
2020-11-21,0.9772,1.0831,0.9759,1.0429,19530039.5,2020-11-21 23:59:59.999,20010246.12969
2020-11-22,1.0438,1.0541,0.9539,1.0276,20161345.8,2020-11-22 23:59:59.999,20402612.7271
2020-11-23,1.0275,1.1725,1.0084,1.165,22037530.2,2020-11-23 23:59:59.999,24572369.31524
2020-11-24,1.1658,1.2258,1.0973,1.2114,21964086.2,2020-11-24 23:59:59.999,25826405.86237
2020-11-25,1.2126,1.244,1.0518,1.0869,19319222.0,2020-11-25 23:59:59.999,22770243.6754
2020-11-26,1.0881,1.1057,0.8537,0.9398,29430259.3,2020-11-26 23:59:59.999,27702627.6453
2020-11-27,0.9401,0.9552,0.8614,0.923,18347532.5,2020-11-27 23:59:59.999,16651291.03068
2020-11-28,0.9231,1.0079,0.9061,0.9911,13072534.9,2020-11-28 23:59:59.999,12467499.93875
2020-11-29,0.991,1.0253,0.9611,0.9726,12502778.0,2020-11-29 23:59:59.999,12339029.95482
2020-11-30,0.9731,1.0318,0.957,1.0309,15271850.6,2020-11-30 23:59:59.999,15120632.96589
2020-12-01,1.0309,1.0855,0.9332,0.9365,17010675.0,2020-12-01 23:59:59.999,17037269.16863
2020-12-02,0.9364,1.0253,0.9222,0.9933,15215517.2,2020-12-02 23:59:59.999,14912775.05823
2020-12-03,0.9932,1.0549,0.9801,1.0547,7364943.6,2020-12-03 23:59:59.999,7495409.35968
2020-12-04,1.0548,1.0639,0.9193,0.9295,7710364.5,2020-12-04 23:59:59.999,7706936.01449
2020-12-05,0.9294,0.9911,0.9129,0.9813,5565048.5,2020-12-05 23:59:59.999,5366370.1649
2020-12-06,0.9813,0.9877,0.9254,0.9776,4726028.1,2020-12-06 23:59:59.999,4511327.62901
2020-12-07,0.9777,1.0224,0.9638,0.9751,4764489.2,2020-12-07 23:59:59.999,4700147.66257
2020-12-08,0.9753,0.976,0.8898,0.9275,6999637.7,2020-12-08 23:59:59.999,6568659.41483
2020-12-09,0.928,0.959,0.8705,0.9244,5844532.5,2020-12-09 23:59:59.999,5405881.79345
2020-12-10,0.9243,0.929,0.8664,0.8685,4791328.3,2020-12-10 23:59:59.999,4286238.09515
2020-12-11,0.8688,0.8717,0.8053,0.8374,5767914.1,2020-12-11 23:59:59.999,4822524.40006
2020-12-12,0.8368,0.8794,0.8349,0.8746,4848781.9,2020-12-12 23:59:59.999,4162122.91383
2020-12-13,0.8749,0.907,0.8732,0.8947,4329780.7,2020-12-13 23:59:59.999,3861255.26675
2020-12-14,0.8942,0.9257,0.8663,0.9238,4334601.7,2020-12-14 23:59:59.999,3872228.02105
2020-12-15,0.9232,0.975,0.8965,0.961,6867583.6,2020-12-15 23:59:59.999,6465304.62842
2020-12-16,0.9604,0.9893,0.9328,0.9409,6894254.2,2020-12-16 23:59:59.999,6591931.02523
2020-12-17,0.9414,1.0389,0.9339,1.0182,14779157.7,2020-12-17 23:59:59.999,14559420.5118
2020-12-18,1.0181,1.0539,0.9846,1.0081,8883839.8,2020-12-18 23:59:59.999,9088778.34672
2020-12-19,1.0082,1.0675,0.9895,0.9972,6081794.5,2020-12-19 23:59:59.999,6281972.92831
2020-12-20,0.9973,0.9976,0.9151,0.9262,7093588.9,2020-12-20 23:59:59.999,6827925.54327
2020-12-21,0.9266,0.937,0.8673,0.8973,9173550.5,2020-12-21 23:59:59.999,8266027.80609
2020-12-22,0.8972,0.9236,0.8361,0.8879,7909740.2,2020-12-22 23:59:59.999,7001356.04936
2020-12-23,0.8875,0.9025,0.6713,0.7295,10426985.3,2020-12-23 23:59:59.999,8264818.79207
2020-12-24,0.7304,0.8233,0.6799,0.8151,10017223.5,2020-12-24 23:59:59.999,7439700.0518
2020-12-25,0.8148,0.8551,0.7708,0.7822,6467893.4,2020-12-25 23:59:59.999,5242542.87467
2020-12-26,0.7829,0.8185,0.7428,0.7753,6483406.2,2020-12-26 23:59:59.999,5056020.69983
2020-12-27,0.7749,0.8368,0.7251,0.7987,9399971.9,2020-12-27 23:59:59.999,7384131.23332
2020-12-28,0.7985,0.87,0.7871,0.8067,7681843.2,2020-12-28 23:59:59.999,6406881.41756
2020-12-29,0.8067,0.8264,0.7301,0.7669,8537948.1,2020-12-29 23:59:59.999,6568790.95757
2020-12-30,0.7669,0.7741,0.7156,0.7521,5584730.3,2020-12-30 23:59:59.999,4152580.22268
2020-12-31,0.752,0.7646,0.7111,0.7332,6203309.3,2020-12-31 23:59:59.999,4565432.68959
2021-01-01,0.7333,0.7996,0.7224,0.7483,7065329.8,2021-01-01 23:59:59.999,5395060.40343
2021-01-02,0.748,0.7548,0.7032,0.716,7758437.6,2021-01-02 23:59:59.999,5650889.51437
2021-01-03,0.7161,0.8101,0.7136,0.7963,11707075.2,2021-01-03 23:59:59.999,8870362.26787
2021-01-04,0.7965,0.8833,0.732,0.8258,15007603.1,2021-01-04 23:59:59.999,12034021.594
2021-01-05,0.826,0.8971,0.7656,0.8541,12450391.3,2021-01-05 23:59:59.999,10474010.75415
2021-01-06,0.8542,1.06,0.8256,1.0369,18386312.2,2021-01-06 23:59:59.999,17575764.30809
2021-01-07,1.037,1.369,1.0268,1.0954,27701822.8,2021-01-07 23:59:59.999,33551611.49473
2021-01-08,1.0956,1.3252,0.9673,1.1633,26680627.6,2021-01-08 23:59:59.999,30797197.72626
2021-01-09,1.1652,1.4537,1.1285,1.3386,18587989.7,2021-01-09 23:59:59.999,24627722.3425
2021-01-10,1.339,1.3967,1.0652,1.1694,19145824.9,2021-01-10 23:59:59.999,23648411.33633
2021-01-11,1.1702,1.1758,0.828,0.96,26777085.1,2021-01-11 23:59:59.999,25887422.17015
2021-01-12,0.9596,1.05,0.9044,0.9363,15182445.4,2021-01-12 23:59:59.999,14707264.42552
2021-01-13,0.9367,1.0564,0.8848,1.0226,15749784.4,2021-01-13 23:59:59.999,15339562.68615
2021-01-14,1.0234,1.085,0.9692,1.0434,14055160.0,2021-01-14 23:59:59.999,14521010.70195
2021-01-15,1.0432,1.1519,0.9739,1.0831,16925437.0,2021-01-15 23:59:59.999,18166952.91108
2021-01-16,1.0833,1.2319,1.0707,1.1355,14068572.4,2021-01-16 23:59:59.999,16147541.78138
2021-01-17,1.135,1.2444,1.0445,1.2105,15409893.3,2021-01-17 23:59:59.999,17607085.82709
2021-01-18,1.2103,1.3033,1.1218,1.2751,15543009.4,2021-01-18 23:59:59.999,19082889.09076
2021-01-19,1.276,1.2979,1.1245,1.1325,10878726.4,2021-01-19 23:59:59.999,13222363.20971
2021-01-20,1.1321,1.3738,1.0855,1.3558,23114879.4,2021-01-20 23:59:59.999,27801303.53474
2021-01-21,1.3544,1.4124,1.1011,1.1235,20804914.2,2021-01-21 23:59:59.999,26959621.79355
2021-01-22,1.1218,1.2252,1.0416,1.1845,10716668.2,2021-01-22 23:59:59.999,12468315.67117
2021-01-23,1.1838,1.3811,1.1689,1.3321,14930946.5,2021-01-23 23:59:59.999,19306304.00542
2021-01-24,1.3318,1.3708,1.2558,1.2983,8141590.9,2021-01-24 23:59:59.999,10729187.19871
2021-01-25,1.2975,1.5343,1.2969,1.362,14324152.5,2021-01-25 23:59:59.999,20437315.52691
2021-01-26,1.3605,1.461,1.29,1.3465,11630658.3,2021-01-26 23:59:59.999,16064797.27864
2021-01-27,1.3469,1.3504,1.1243,1.1587,12968219.1,2021-01-27 23:59:59.999,15717542.61193
2021-01-28,1.1576,1.2939,1.1259,1.181,11121105.7,2021-01-28 23:59:59.999,13609754.09134
2021-01-29,1.1815,1.2872,1.1559,1.1995,11146601.2,2021-01-29 23:59:59.999,13538664.60775
2021-01-30,1.1997,1.2855,1.1448,1.2695,11611873.3,2021-01-30 23:59:59.999,14286868.3338
2021-01-31,1.2691,1.352,1.1693,1.1966,9416137.3,2021-01-31 23:59:59.999,11886828.90834
2021-02-01,1.1955,1.305,1.1561,1.2564,8321094.3,2021-02-01 23:59:59.999,10226950.6081
2021-02-02,1.2561,1.38,1.2205,1.3052,10672183.2,2021-02-02 23:59:59.999,14077670.13296
2021-02-03,1.3061,1.405,1.2725,1.3663,9552769.9,2021-02-03 23:59:59.999,12873241.60979
2021-02-04,1.3667,1.5174,1.3048,1.4628,16815455.9,2021-02-04 23:59:59.999,23523311.64093
2021-02-05,1.4629,1.5972,1.4124,1.5605,15194271.4,2021-02-05 23:59:59.999,23075565.02226
2021-02-06,1.5606,1.68,1.4623,1.4967,17335519.1,2021-02-06 23:59:59.999,26880921.24195
2021-02-07,1.4957,1.58,1.377,1.4834,14699004.8,2021-02-07 23:59:59.999,21727368.46014
2021-02-08,1.4821,1.637,1.4383,1.5479,11181609.6,2021-02-08 23:59:59.999,17318826.01674
2021-02-09,1.5482,1.7649,1.5076,1.6981,16458746.1,2021-02-09 23:59:59.999,27350038.13406
2021-02-10,1.7003,1.909,1.5699,1.8045,20422302.7,2021-02-10 23:59:59.999,36169215.93754
2021-02-11,1.8041,1.97,1.7431,1.8468,13220453.0,2021-02-11 23:59:59.999,24698303.02644
2021-02-12,1.8505,2.15,1.7509,2.0267,15271717.3,2021-02-12 23:59:59.999,29728513.43253
2021-02-13,2.0265,2.2976,1.85,2.2401,17767411.2,2021-02-13 23:59:59.999,36422881.97277
2021-02-14,2.2439,2.6,2.0564,2.3149,25326478.8,2021-02-14 23:59:59.999,59437615.42181
2021-02-15,2.3151,2.5155,1.9181,2.0873,18355304.0,2021-02-15 23:59:59.999,40354575.56399
2021-02-16,2.0879,2.186,1.8943,1.9797,13934798.4,2021-02-16 23:59:59.999,28720131.38621
2021-02-17,1.9803,2.2379,1.7687,2.1246,18987419.1,2021-02-17 23:59:59.999,38532058.97674
2021-02-18,2.1246,2.2781,2.0918,2.1292,13450681.5,2021-02-18 23:59:59.999,29145655.62164
2021-02-19,2.1307,2.3123,1.996,2.1513,14177008.0,2021-02-19 23:59:59.999,30545717.14223
2021-02-20,2.1517,2.253,1.8521,1.9689,12909220.0,2021-02-20 23:59:59.999,27348037.5014
2021-02-21,1.9716,2.3632,1.9163,2.2023,20575548.2,2021-02-21 23:59:59.999,45084666.01458
2021-02-22,2.2042,2.2117,1.5367,1.8452,19980453.4,2021-02-22 23:59:59.999,38120558.52596
2021-02-23,1.8456,1.8657,1.1769,1.4294,24859066.5,2021-02-23 23:59:59.999,36219966.50702
2021-02-24,1.4309,1.5653,1.3339,1.4367,15385547.0,2021-02-24 23:59:59.999,22602868.49197
2021-02-25,1.4375,1.5837,1.3122,1.3282,13042307.1,2021-02-25 23:59:59.999,19056065.02142
2021-02-26,1.33,1.448,1.197,1.3344,15463359.3,2021-02-26 23:59:59.999,20570597.95263
2021-02-27,1.3343,1.5363,1.3332,1.4386,18005748.4,2021-02-27 23:59:59.999,25829494.89358
2021-02-28,1.4369,1.5169,1.2153,1.3029,10603918.9,2021-02-28 23:59:59.999,14014733.94851
2021-03-01,1.3038,1.4358,1.2944,1.4059,7864049.9,2021-03-01 23:59:59.999,10723716.10544
2021-03-02,1.4057,1.4791,1.3125,1.3642,10621940.0,2021-03-02 23:59:59.999,14899189.53006
2021-03-03,1.3652,1.6702,1.3433,1.5828,13725260.1,2021-03-03 23:59:59.999,21000881.74582
2021-03-04,1.5818,1.7111,1.5204,1.624,13045002.6,2021-03-04 23:59:59.999,21215304.64276
2021-03-05,1.625,1.6841,1.4977,1.6395,9408332.3,2021-03-05 23:59:59.999,14970035.23678
2021-03-06,1.6383,1.7591,1.5916,1.7432,10235077.8,2021-03-06 23:59:59.999,17230956.99423
2021-03-07,1.7431,1.95,1.7303,1.9463,12403638.0,2021-03-07 23:59:59.999,22592478.73839
2021-03-08,1.9472,2.1,1.7737,2.0729,15627428.5,2021-03-08 23:59:59.999,30284829.57179
2021-03-09,2.0729,2.1557,1.9449,2.0,10342856.1,2021-03-09 23:59:59.999,21013447.47021
2021-03-10,2.0002,2.395,1.8949,2.1442,21662616.1,2021-03-10 23:59:59.999,47519455.19351
2021-03-11,2.1429,2.5533,2.0432,2.536,15162911.6,2021-03-11 23:59:59.999,34666742.22856
2021-03-12,2.5353,2.61,2.2283,2.3057,14083080.1,2021-03-12 23:59:59.999,33899384.59794
2021-03-13,2.3055,2.5178,2.2308,2.4087,10727564.6,2021-03-13 23:59:59.999,25592565.50412
2021-03-14,2.4082,2.4316,2.2204,2.2215,10700737.0,2021-03-14 23:59:59.999,25059873.01679
2021-03-15,2.2218,2.3849,2.066,2.3039,10387945.3,2021-03-15 23:59:59.999,23151341.12229
2021-03-16,2.3035,2.8471,2.154,2.764,16087306.9,2021-03-16 23:59:59.999,40207505.87504
2021-03-17,2.7638,2.8,2.3056,2.4517,18746249.9,2021-03-17 23:59:59.999,45697528.26331
2021-03-18,2.452,2.4731,2.2799,2.2844,9874854.3,2021-03-18 23:59:59.999,23617484.95359
2021-03-19,2.2846,2.435,2.2201,2.3215,7955560.1,2021-03-19 23:59:59.999,18688402.36264
2021-03-20,2.3203,2.4066,2.1901,2.2077,6385277.3,2021-03-20 23:59:59.999,14833080.44529
2021-03-21,2.2081,2.2628,2.0628,2.1668,9428992.8,2021-03-21 23:59:59.999,20470788.51838
2021-03-22,2.1685,2.3335,2.0398,2.069,12095180.5,2021-03-22 23:59:59.999,26699366.01573
2021-03-23,2.0674,2.177,1.9819,1.9945,8699388.1,2021-03-23 23:59:59.999,17997334.68837
2021-03-24,1.9943,2.2592,1.82,1.8997,12171458.4,2021-03-24 23:59:59.999,25330882.12341
2021-03-25,1.8997,1.9251,1.7029,1.7946,21102586.2,2021-03-25 23:59:59.999,38088723.30319
2021-03-26,1.7941,2.1494,1.7908,2.096,15257328.7,2021-03-26 23:59:59.999,30606165.0441
2021-03-27,2.096,2.2924,1.9818,2.2234,15085948.7,2021-03-27 23:59:59.999,32226947.45106
2021-03-28,2.2233,2.4568,2.1877,2.3687,13897760.1,2021-03-28 23:59:59.999,32386217.36789
2021-03-29,2.3684,2.4543,2.2222,2.4258,13172531.5,2021-03-29 23:59:59.999,30902682.43813
2021-03-30,2.4255,2.6465,2.395,2.4946,11237964.7,2021-03-30 23:59:59.999,28345461.97221
2021-03-31,2.4956,2.7291,2.1923,2.6736,19115935.2,2021-03-31 23:59:59.999,48217633.3021
2021-04-01,2.673,2.8128,2.5524,2.5907,10639699.9,2021-04-01 23:59:59.999,28566955.38558
2021-04-02,2.5915,2.9006,2.5507,2.7825,12659317.7,2021-04-02 23:59:59.999,34993826.11278
2021-04-03,2.7822,2.7947,2.4447,2.5354,16271060.2,2021-04-03 23:59:59.999,43012103.96825
2021-04-04,2.5361,3.0911,2.4868,3.0596,15883521.9,2021-04-04 23:59:59.999,45089339.75522
2021-04-05,3.0595,3.1745,2.8251,2.9805,12979660.1,2021-04-05 23:59:59.999,39020417.72273
2021-04-06,2.9808,3.2391,2.8513,2.989,11063784.3,2021-04-06 23:59:59.999,33801098.11911
2021-04-07,2.9912,3.0401,2.6133,2.7025,13910530.7,2021-04-07 23:59:59.999,39004621.65451
2021-04-08,2.7041,2.9731,2.661,2.8547,10535280.5,2021-04-08 23:59:59.999,30086495.24235
2021-04-09,2.8548,3.0869,2.835,2.9075,11373480.6,2021-04-09 23:59:59.999,33576128.96954
2021-04-10,2.9079,2.9991,2.6811,2.7377,7821330.8,2021-04-10 23:59:59.999,22347717.50586
2021-04-11,2.7388,2.8728,2.6846,2.7568,8362860.6,2021-04-11 23:59:59.999,23335128.19846
2021-04-12,2.7571,2.9031,2.6275,2.6591,8187763.2,2021-04-12 23:59:59.999,22465791.44001
2021-04-13,2.6591,2.6848,2.5317,2.6243,8884459.9,2021-04-13 23:59:59.999,23121027.47962
2021-04-14,2.6243,2.7006,2.4335,2.5552,11097879.3,2021-04-14 23:59:59.999,28389258.37422
2021-04-15,2.5554,2.7884,2.5062,2.73,10851395.0,2021-04-15 23:59:59.999,29014901.09815
2021-04-16,2.732,2.9918,2.451,2.9082,18665071.9,2021-04-16 23:59:59.999,50694478.6051
2021-04-17,2.9082,3.0667,2.7334,2.7727,11201436.8,2021-04-17 23:59:59.999,32429723.02044
2021-04-18,2.7738,2.7958,1.8047,2.3679,27339797.3,2021-04-18 23:59:59.999,62331728.97679
2021-04-19,2.3689,2.7767,2.1431,2.58,28093715.8,2021-04-19 23:59:59.999,68122829.66772
2021-04-20,2.5806,2.9268,2.3555,2.7594,36463978.7,2021-04-20 23:59:59.999,96848756.08518
2021-04-21,2.7591,3.0358,2.5173,2.5427,18952616.5,2021-04-21 23:59:59.999,53311249.78796
2021-04-22,2.5431,2.5958,2.168,2.1991,19065018.2,2021-04-22 23:59:59.999,46946287.79222
2021-04-23,2.1998,2.248,1.73,2.0209,23920999.8,2021-04-23 23:59:59.999,46109251.40078
2021-04-24,2.0212,2.1652,1.839,1.8526,23651748.7,2021-04-24 23:59:59.999,47368144.74726
2021-04-25,1.8532,2.2175,1.8118,2.1358,22916705.3,2021-04-25 23:59:59.999,46876510.62067
2021-04-26,2.1367,2.9565,2.1031,2.8665,30990718.1,2021-04-26 23:59:59.999,77375587.66861
2021-04-27,2.8685,3.2873,2.8624,2.9875,31741918.7,2021-04-27 23:59:59.999,98352537.0606
2021-04-28,2.9861,3.1589,2.7,2.7395,23297506.6,2021-04-28 23:59:59.999,67409323.39261
2021-04-29,2.7414,2.79,2.591,2.7549,13578217.2,2021-04-29 23:59:59.999,36777099.451
2021-04-30,2.7534,3.18,2.6737,3.0455,29584431.5,2021-04-30 23:59:59.999,89957198.66909
2021-05-01,3.0451,3.1401,2.8666,3.0726,11972253.8,2021-05-01 23:59:59.999,36119917.61603
2021-05-02,3.074,3.4699,2.8765,3.431,18798572.2,2021-05-02 23:59:59.999,60438888.98908
2021-05-03,3.4316,3.4932,3.2714,3.2943,13205840.4,2021-05-03 23:59:59.999,45027969.68134
2021-05-04,3.2953,5.1124,3.1412,4.3189,57819824.7,2021-05-04 23:59:59.999,237604906.54888
2021-05-05,4.323,4.8569,4.0334,4.2594,32656732.8,2021-05-05 23:59:59.999,143835855.08313
2021-05-06,4.2596,5.6617,4.0621,4.353,58899484.1,2021-05-06 23:59:59.999,293191435.80451
2021-05-07,4.3537,4.992,4.0135,4.1935,32511726.0,2021-05-07 23:59:59.999,142106947.20145
2021-05-08,4.195,4.9553,4.1467,4.9248,25018694.8,2021-05-08 23:59:59.999,113937351.44697
2021-05-09,4.9283,12.0084,4.92,10.0193,189459933.0,2021-05-09 23:59:59.999,1391687050.92619
2021-05-10,10.0102,16.4,9.05,11.5714,197322267.7,2021-05-10 23:59:59.999,2348378720.63386
2021-05-11,11.5679,12.532,9.579,9.6331,71440988.9,2021-05-11 23:59:59.999,764935912.03463
2021-05-12,9.6325,9.95,6.9,7.0326,51629250.6,2021-05-12 23:59:59.999,452819552.35477
2021-05-13,7.0301,7.7961,6.41,7.1237,39533262.8,2021-05-13 23:59:59.999,282875370.79072
2021-05-14,7.1258,11.4,6.8749,9.3816,97225237.3,2021-05-14 23:59:59.999,941222712.82129
2021-05-15,9.3821,9.9851,8.1084,8.238,40477335.9,2021-05-15 23:59:59.999,360477286.88371
2021-05-16,8.2288,9.2,7.3,7.9129,24579720.5,2021-05-16 23:59:59.999,202683859.54334
2021-05-17,7.9183,8.6421,6.9169,7.3008,27444299.4,2021-05-17 23:59:59.999,212983653.2701
2021-05-18,7.2969,8.1757,7.0372,7.1902,21354320.6,2021-05-18 23:59:59.999,159242673.42762
2021-05-19,7.1923,7.33,2.5962,4.5097,41292376.9,2021-05-19 23:59:59.999,224894750.54295
2021-05-20,4.5108,8.0,4.052,6.9836,54967977.9,2021-05-20 23:59:59.999,341997138.64413
2021-05-21,6.9861,8.9,5.7992,6.348,96911659.4,2021-05-21 23:59:59.999,730950208.07126
2021-05-22,6.3537,7.2999,5.2916,5.8767,45077727.7,2021-05-22 23:59:59.999,283983883.2108
2021-05-23,5.8754,6.294,4.0,5.3466,43650467.2,2021-05-23 23:59:59.999,226027286.2468
2021-05-24,5.3453,6.163,4.9739,5.8672,29320539.2,2021-05-24 23:59:59.999,164117235.8082
2021-05-25,5.8674,6.3051,5.0826,5.4486,24104442.8,2021-05-25 23:59:59.999,134117477.11374
2021-05-26,5.447,6.2779,5.2915,5.7996,22349813.9,2021-05-26 23:59:59.999,128078670.32169
2021-05-27,5.8012,5.8672,5.1684,5.4562,16811615.3,2021-05-27 23:59:59.999,93190826.90754
2021-05-28,5.451,5.5934,4.45,4.7546,19509237.5,2021-05-28 23:59:59.999,96742250.70434
2021-05-29,4.7554,5.1351,4.1849,4.4834,15957938.9,2021-05-29 23:59:59.999,74825355.57018
2021-05-30,4.4833,4.8998,4.1608,4.6066,15076075.6,2021-05-30 23:59:59.999,69660919.94831
2021-05-31,4.6088,5.0816,4.3467,4.844,12667631.9,2021-05-31 23:59:59.999,60083081.90075
2021-06-01,4.8461,5.8618,4.7699,5.3146,32056250.2,2021-06-01 23:59:59.999,170043597.62962
2021-06-02,5.313,5.72,5.02,5.2697,19062606.0,2021-06-02 23:59:59.999,102078629.22334
2021-06-03,5.2705,5.6169,5.2117,5.3865,14241392.0,2021-06-03 23:59:59.999,76407297.69618
2021-06-04,5.3879,5.3898,4.5113,4.7137,15649291.7,2021-06-04 23:59:59.999,75544626.39999
2021-06-05,4.7152,4.98,4.3624,4.5442,13947227.3,2021-06-05 23:59:59.999,65509101.2761
2021-06-06,4.5464,4.7969,4.5286,4.7348,11065399.6,2021-06-06 23:59:59.999,51615943.16463
2021-06-07,4.7345,4.9186,4.1642,4.2348,11924971.3,2021-06-07 23:59:59.999,55044444.63764
2021-06-08,4.2333,4.3248,3.5657,4.0664,16750720.8,2021-06-08 23:59:59.999,66441293.34424
2021-06-09,4.0643,4.2374,3.7888,4.1525,13712010.8,2021-06-09 23:59:59.999,55397910.41181
2021-06-10,4.1533,4.2228,3.6856,3.7049,12444814.4,2021-06-10 23:59:59.999,49132530.34096
2021-06-11,3.7065,3.8201,3.2763,3.3741,13581753.5,2021-06-11 23:59:59.999,48712213.67907
2021-06-12,3.3725,3.385,3.018,3.1796,17007487.6,2021-06-12 23:59:59.999,54093068.22174
2021-06-13,3.1797,3.4921,3.128,3.3979,12711984.5,2021-06-13 23:59:59.999,41900537.43745
2021-06-14,3.3982,3.7151,3.2801,3.6646,15790562.6,2021-06-14 23:59:59.999,55775455.926
2021-06-15,3.6639,4.5998,3.6275,4.0761,69252573.2,2021-06-15 23:59:59.999,294663682.30547
2021-06-16,4.0761,4.0966,3.7001,3.758,23414654.8,2021-06-16 23:59:59.999,90914522.73377
2021-06-17,3.7588,4.0348,3.53,3.6368,17872232.1,2021-06-17 23:59:59.999,67447449.60304
2021-06-18,3.6377,3.6393,3.178,3.3932,19537110.1,2021-06-18 23:59:59.999,66669628.44541
2021-06-19,3.3918,3.6884,3.3192,3.3265,28454842.3,2021-06-19 23:59:59.999,100473817.28031
2021-06-20,3.3271,3.557,3.0968,3.4267,17157516.9,2021-06-20 23:59:59.999,56837417.69265
2021-06-21,3.4273,3.4515,2.647,2.6494,25078065.3,2021-06-21 23:59:59.999,75644810.15992
2021-06-22,2.6491,2.8341,2.19,2.5708,31200184.8,2021-06-22 23:59:59.999,79336182.8414
2021-06-23,2.5711,3.1141,2.4414,2.8122,25295083.2,2021-06-23 23:59:59.999,71532633.03696
2021-06-24,2.8122,2.9469,2.662,2.8102,14816884.4,2021-06-24 23:59:59.999,41535184.78477
2021-06-25,2.8097,2.8832,2.4851,2.5292,15348518.2,2021-06-25 23:59:59.999,40565688.46775
2021-06-26,2.5297,2.7419,2.4703,2.7121,23775278.4,2021-06-26 23:59:59.999,62246076.87077
2021-06-27,2.7107,2.9038,2.5818,2.8914,18902839.6,2021-06-27 23:59:59.999,51008493.4478
2021-06-28,2.8908,2.9544,2.7705,2.9007,14388870.9,2021-06-28 23:59:59.999,41253195.80959
2021-06-29,2.9016,3.1979,2.8638,3.0527,16285328.0,2021-06-29 23:59:59.999,49436491.80004
2021-06-30,3.0527,3.1361,2.7467,2.9414,14091214.7,2021-06-30 23:59:59.999,40826282.53894
2021-07-01,2.9424,3.0918,2.7251,2.7691,14498443.2,2021-07-01 23:59:59.999,41257082.37694
2021-07-02,2.7685,2.8232,2.66,2.8141,8580077.7,2021-07-02 23:59:59.999,23462071.335
2021-07-03,2.8143,3.0043,2.7359,2.9639,9693162.5,2021-07-03 23:59:59.999,27844746.37965
2021-07-04,2.965,3.0282,2.7872,2.9702,10940225.1,2021-07-04 23:59:59.999,32024558.21671
2021-07-05,2.9698,3.0238,2.6644,2.7351,11047532.7,2021-07-05 23:59:59.999,31180165.7377
2021-07-06,2.7343,2.9758,2.7302,2.8389,11515716.0,2021-07-06 23:59:59.999,32802103.88867
2021-07-07,2.8397,3.7323,2.7911,3.6688,36551847.7,2021-07-07 23:59:59.999,120013411.94641
2021-07-08,3.6693,3.6899,2.9135,3.0288,44404445.0,2021-07-08 23:59:59.999,144301514.82361
2021-07-09,3.0299,3.1924,2.8115,3.0266,22264031.3,2021-07-09 23:59:59.999,66713650.24958
2021-07-10,3.0266,3.1267,2.861,2.9779,14565997.9,2021-07-10 23:59:59.999,43273632.5236
2021-07-11,2.9797,3.15,2.876,3.0223,13114546.3,2021-07-11 23:59:59.999,39615478.81927
2021-07-12,3.023,3.0784,2.8481,2.9105,13578729.6,2021-07-12 23:59:59.999,40175323.48446
2021-07-13,2.9101,2.9195,2.7207,2.7657,11167730.9,2021-07-13 23:59:59.999,31419895.83195
2021-07-14,2.7671,2.8113,2.5195,2.7485,13994787.2,2021-07-14 23:59:59.999,37683729.16554
2021-07-15,2.749,2.7715,2.5477,2.6068,11991824.4,2021-07-15 23:59:59.999,31619318.38212
2021-07-16,2.6071,2.6947,2.4478,2.4758,11081506.4,2021-07-16 23:59:59.999,28502594.04189
2021-07-17,2.4758,2.5439,2.3921,2.4623,7962875.0,2021-07-17 23:59:59.999,19596658.80796
2021-07-18,2.4619,2.5732,2.3909,2.4361,9543273.7,2021-07-18 23:59:59.999,23739577.05632
2021-07-19,2.4363,2.45,2.2251,2.2873,9026173.0,2021-07-19 23:59:59.999,21029714.39901
2021-07-20,2.2874,2.3539,2.0704,2.1335,12410405.0,2021-07-20 23:59:59.999,26797622.44506
2021-07-21,2.1338,2.4149,2.0604,2.3524,12404344.5,2021-07-21 23:59:59.999,28424613.01359
2021-07-22,2.3522,2.43,2.2658,2.3586,11886299.2,2021-07-22 23:59:59.999,27836707.24149
2021-07-23,2.3594,2.4383,2.273,2.4176,12031208.6,2021-07-23 23:59:59.999,28513510.31967
2021-07-24,2.4181,2.6605,2.3858,2.4851,13108594.8,2021-07-24 23:59:59.999,33034658.60553
2021-07-25,2.4864,2.5952,2.3908,2.5325,10756192.1,2021-07-25 23:59:59.999,26605935.69583
2021-07-26,2.5326,2.8579,2.5138,2.5467,18797044.4,2021-07-26 23:59:59.999,51090774.95166
2021-07-27,2.5458,2.6942,2.4503,2.6634,13599314.2,2021-07-27 23:59:59.999,35158697.08687
2021-07-28,2.6638,2.6925,2.5101,2.6736,12535497.6,2021-07-28 23:59:59.999,32726556.0016
2021-07-29,2.6736,2.829,2.6021,2.7861,15584555.6,2021-07-29 23:59:59.999,42345881.40554
2021-07-30,2.7858,3.5271,2.6602,3.3353,33042056.0,2021-07-30 23:59:59.999,101264122.48442
2021-07-31,3.337,3.8477,3.28,3.3112,74288050.9,2021-07-31 23:59:59.999,263817370.01433
2021-08-01,3.313,3.7962,3.2551,3.3612,35738164.5,2021-08-01 23:59:59.999,124944424.25038
2021-08-02,3.3602,3.5703,3.2549,3.4259,16820808.6,2021-08-02 23:59:59.999,57412250.6617
2021-08-03,3.4262,3.4463,3.1665,3.2727,15701864.0,2021-08-03 23:59:59.999,51507619.84481
2021-08-04,3.2716,3.4248,3.1477,3.3675,13707202.0,2021-08-04 23:59:59.999,45041037.01011
2021-08-05,3.3662,3.5422,3.27,3.3622,16700865.7,2021-08-05 23:59:59.999,56741779.11543
2021-08-06,3.362,3.5676,3.257,3.411,16104055.9,2021-08-06 23:59:59.999,54976337.01337
2021-08-07,3.4108,3.9479,3.362,3.7251,32894584.8,2021-08-07 23:59:59.999,123065877.10558
2021-08-08,3.7232,3.7495,3.3447,3.4437,18142465.2,2021-08-08 23:59:59.999,64698217.37275
2021-08-09,3.4445,3.7893,3.3094,3.7053,19925429.8,2021-08-09 23:59:59.999,72247531.64838
2021-08-10,3.7049,3.8747,3.555,3.6716,14923143.9,2021-08-10 23:59:59.999,55523425.94797
2021-08-11,3.6734,4.2271,3.6625,3.8266,21725011.0,2021-08-11 23:59:59.999,85804165.07187
2021-08-12,3.8271,4.1532,3.6308,3.8094,15897980.3,2021-08-12 23:59:59.999,61509204.90022
2021-08-13,3.812,4.1834,3.7426,4.1718,12405537.3,2021-08-13 23:59:59.999,49899542.26147
2021-08-14,4.172,4.3224,3.9654,4.1457,12270390.7,2021-08-14 23:59:59.999,50509257.3382
2021-08-15,4.1453,4.1952,3.9046,4.1177,10035127.1,2021-08-15 23:59:59.999,40569077.52798
2021-08-16,4.1185,4.5053,4.0656,4.119,15095156.3,2021-08-16 23:59:59.999,64366924.75232
2021-08-17,4.1192,4.8828,3.9671,4.1526,30524648.5,2021-08-17 23:59:59.999,135796724.72406
2021-08-18,4.1554,4.5778,3.8819,4.132,31636589.3,2021-08-18 23:59:59.999,135372325.53571
2021-08-19,4.1324,4.4729,4.0279,4.4399,16396912.4,2021-08-19 23:59:59.999,69199703.25118
2021-08-20,4.4396,4.91,4.3717,4.6138,16394729.2,2021-08-20 23:59:59.999,75456215.27351
2021-08-21,4.6151,4.8055,4.4428,4.4981,14503478.4,2021-08-21 23:59:59.999,66944127.16706
2021-08-22,4.4977,5.255,4.4832,5.1594,24916322.1,2021-08-22 23:59:59.999,122490052.93936
2021-08-23,5.1575,5.495,4.9227,5.3767,26964577.7,2021-08-23 23:59:59.999,141245320.18552
2021-08-24,5.3768,5.5461,4.7161,4.8923,22685431.6,2021-08-24 23:59:59.999,117258969.76588
2021-08-25,4.8918,5.1633,4.67,5.0663,13962088.7,2021-08-25 23:59:59.999,69036929.2294
2021-08-26,5.0643,5.1449,4.4544,4.471,12385058.0,2021-08-26 23:59:59.999,58411444.48892
2021-08-27,4.473,4.8772,4.2219,4.6951,13042491.7,2021-08-27 23:59:59.999,59000366.02098
2021-08-28,4.6962,4.7163,4.4343,4.5066,9214069.5,2021-08-28 23:59:59.999,42089442.09631
2021-08-29,4.5073,4.6252,4.304,4.4529,10780281.3,2021-08-29 23:59:59.999,48536730.44878
2021-08-30,4.4518,4.9359,4.27,4.6303,15043343.3,2021-08-30 23:59:59.999,69116527.71815
2021-08-31,4.629,4.7752,4.3608,4.4762,13972803.5,2021-08-31 23:59:59.999,63721361.61028
2021-09-01,4.4763,4.9654,4.3402,4.8785,17233711.7,2021-09-01 23:59:59.999,80782193.9257
2021-09-02,4.8791,5.3899,4.77,5.1839,23864670.2,2021-09-02 23:59:59.999,120865784.15565
2021-09-03,5.1842,5.6392,5.1308,5.3675,23205334.5,2021-09-03 23:59:59.999,125220874.26084
2021-09-04,5.3674,5.8071,5.2685,5.3288,14357034.7,2021-09-04 23:59:59.999,79339642.71799
2021-09-05,5.3289,5.573,5.2554,5.368,9913449.6,2021-09-05 23:59:59.999,53635069.41691
2021-09-06,5.368,5.7177,4.8091,5.224,16357047.8,2021-09-06 23:59:59.999,87937293.83543
2021-09-07,5.2234,5.2999,3.1466,4.1294,24216559.2,2021-09-07 23:59:59.999,108591092.50807
2021-09-08,4.1322,4.2847,3.5922,4.0324,17221126.6,2021-09-08 23:59:59.999,69070405.58498
2021-09-09,4.0317,4.287,3.8841,4.0955,16902017.7,2021-09-09 23:59:59.999,69436937.3961
2021-09-10,4.0961,4.402,3.7401,3.9004,12435614.1,2021-09-10 23:59:59.999,50705554.18934
2021-09-11,3.9001,4.1895,3.82,3.9366,8299934.3,2021-09-11 23:59:59.999,33320981.66077
2021-09-12,3.9368,4.3149,3.8245,4.1353,9515412.4,2021-09-12 23:59:59.999,38707377.2746
2021-09-13,4.1355,4.1744,3.6,3.8512,10448246.3,2021-09-13 23:59:59.999,40158359.64231
2021-09-14,3.8513,4.0341,3.7913,4.0294,6488056.3,2021-09-14 23:59:59.999,25482325.40537
2021-09-15,4.0292,4.5129,3.9723,4.2493,12737274.2,2021-09-15 23:59:59.999,53853153.61291
2021-09-16,4.2483,4.306,3.9317,4.0243,9039869.7,2021-09-16 23:59:59.999,37487256.88299
2021-09-17,4.0237,4.0713,3.7889,3.8497,8373354.0,2021-09-17 23:59:59.999,32911174.24134
2021-09-18,3.8492,4.1722,3.7854,3.9298,8750052.8,2021-09-18 23:59:59.999,34617119.33804
2021-09-19,3.93,3.9405,3.7357,3.8453,7686989.3,2021-09-19 23:59:59.999,29589879.52616
2021-09-20,3.8459,3.8568,3.1298,3.2507,14861529.3,2021-09-20 23:59:59.999,50732320.8961
2021-09-21,3.2522,3.4169,2.8806,3.0248,13901929.4,2021-09-21 23:59:59.999,44442629.03606
2021-09-22,3.0251,3.4596,2.9337,3.3814,11806733.8,2021-09-22 23:59:59.999,38022047.46138
2021-09-23,3.3814,3.5067,3.267,3.4739,8878898.1,2021-09-23 23:59:59.999,30117681.05342
2021-09-24,3.4716,3.4932,2.9001,3.1829,13110043.9,2021-09-24 23:59:59.999,41342383.31983
2021-09-25,3.1829,3.5837,3.0708,3.423,24888775.2,2021-09-25 23:59:59.999,83813554.4908
2021-09-26,3.4228,3.4781,3.0048,3.2488,18565771.5,2021-09-26 23:59:59.999,60617523.88628
2021-09-27,3.2479,3.688,3.1926,3.3195,19935390.2,2021-09-27 23:59:59.999,68896404.85973
2021-09-28,3.3186,3.3469,3.1403,3.1907,17463623.4,2021-09-28 23:59:59.999,56701230.2064
2021-09-29,3.1898,3.4751,3.1599,3.2702,11199973.1,2021-09-29 23:59:59.999,37255749.91586
2021-09-30,3.2702,3.5243,3.2491,3.4718,10513673.8,2021-09-30 23:59:59.999,35890778.34549
2021-10-01,3.4739,3.8157,3.4554,3.7626,12735214.2,2021-10-01 23:59:59.999,46698684.85945
2021-10-02,3.7626,4.0361,3.6977,3.8495,10535452.7,2021-10-02 23:59:59.999,41087582.11008
2021-10-03,3.8496,4.0999,3.7502,3.9028,9001946.6,2021-10-03 23:59:59.999,35529866.90507
2021-10-04,3.9019,3.905,3.63,3.7576,7966743.1,2021-10-04 23:59:59.999,30144603.99558
2021-10-05,3.7586,4.0863,3.7226,4.0571,13912165.7,2021-10-05 23:59:59.999,54554585.86491
2021-10-06,4.0566,4.21,3.6938,4.0074,13121050.8,2021-10-06 23:59:59.999,52087442.2215
2021-10-07,4.0073,4.0374,3.8207,3.8603,8365135.3,2021-10-07 23:59:59.999,32764238.69219
2021-10-08,3.8605,3.9709,3.7662,3.8033,9126226.9,2021-10-08 23:59:59.999,35217013.74795
2021-10-09,3.8049,3.94,3.7613,3.8443,9631574.7,2021-10-09 23:59:59.999,36906175.93985
2021-10-10,3.8444,3.8454,3.5461,3.5662,7565614.2,2021-10-10 23:59:59.999,28331113.88547
2021-10-11,3.5653,3.8889,3.5199,3.7392,13363054.5,2021-10-11 23:59:59.999,49964571.05948
2021-10-12,3.7388,3.99,3.6134,3.9676,28570222.4,2021-10-12 23:59:59.999,108667286.5935
2021-10-13,3.9661,4.7286,3.8643,4.4092,41297556.0,2021-10-13 23:59:59.999,178495141.50044
2021-10-14,4.41,4.5539,4.2373,4.3077,15759192.5,2021-10-14 23:59:59.999,68926850.0873
2021-10-15,4.3078,4.9798,4.1707,4.5626,26116171.5,2021-10-15 23:59:59.999,121326707.01673
2021-10-16,4.5627,4.8275,4.5075,4.5597,12781675.3,2021-10-16 23:59:59.999,59779097.01366
2021-10-17,4.5603,4.759,4.2282,4.7564,10483256.2,2021-10-17 23:59:59.999,47463653.77301
2021-10-18,4.7562,4.7754,4.4125,4.5644,10690222.2,2021-10-18 23:59:59.999,49020737.54366
2021-10-19,4.5641,4.5977,4.278,4.3152,9108978.4,2021-10-19 23:59:59.999,40239797.65572
2021-10-20,4.3151,4.5038,4.2966,4.4153,8778724.8,2021-10-20 23:59:59.999,38733341.76816
2021-10-21,4.4158,4.5132,4.1542,4.1768,9881062.6,2021-10-21 23:59:59.999,42991710.74656
2021-10-22,4.1759,4.2816,4.0586,4.1312,7436912.7,2021-10-22 23:59:59.999,31127210.47158
2021-10-23,4.1318,4.2148,3.9897,4.1752,8319703.5,2021-10-23 23:59:59.999,34057231.90445
2021-10-24,4.1753,4.201,3.92,4.0481,8053412.5,2021-10-24 23:59:59.999,32843490.54874
2021-10-25,4.048,4.335,4.0221,4.2755,15067466.7,2021-10-25 23:59:59.999,63787912.71453
2021-10-26,4.2752,4.4068,4.159,4.234,12040826.7,2021-10-26 23:59:59.999,51862781.34797
2021-10-27,4.2352,4.396,3.5496,3.8007,14101744.6,2021-10-27 23:59:59.999,55681103.8026
2021-10-28,3.8009,4.0854,3.7746,3.9827,7622383.5,2021-10-28 23:59:59.999,30205412.31346
2021-10-29,3.9833,4.2559,3.9546,4.1234,10611696.6,2021-10-29 23:59:59.999,43987986.49024
2021-10-30,4.1214,4.3099,3.9702,4.1624,10843918.2,2021-10-30 23:59:59.999,44721450.29632
2021-10-31,4.1624,4.5675,4.1605,4.4026,12083285.2,2021-10-31 23:59:59.999,52606885.02226
2021-11-01,4.4024,4.5483,4.1716,4.3394,8142527.0,2021-11-01 23:59:59.999,35374083.08799
2021-11-02,4.3383,6.5946,4.2803,5.299,44256329.2,2021-11-02 23:59:59.999,242372225.57737
2021-11-03,5.2973,5.5605,4.6556,5.015,33578474.6,2021-11-03 23:59:59.999,171942461.39105
2021-11-04,5.0151,5.344,4.7443,4.9197,14068563.8,2021-11-04 23:59:59.999,70337573.83452
2021-11-05,4.9197,5.3,4.7913,4.9498,11183448.6,2021-11-05 23:59:59.999,55870007.21099
2021-11-06,4.9467,5.128,4.6469,4.7962,8252361.6,2021-11-06 23:59:59.999,40123026.55084
2021-11-07,4.7963,4.9209,4.7553,4.7894,6043962.8,2021-11-07 23:59:59.999,29228058.36363
2021-11-08,4.7887,5.145,4.6756,4.975,11417591.0,2021-11-08 23:59:59.999,55855946.75365
2021-11-09,4.9748,5.1917,4.8218,4.8986,11870539.6,2021-11-09 23:59:59.999,59107635.77284
2021-11-10,4.8978,4.9891,4.0669,4.522,13367684.2,2021-11-10 23:59:59.999,62679144.40625
2021-11-11,4.5207,4.658,4.456,4.5495,9051634.4,2021-11-11 23:59:59.999,41301281.96874
2021-11-12,4.5507,4.6402,4.2189,4.3638,9622029.4,2021-11-12 23:59:59.999,42508616.39765
2021-11-13,4.3635,4.5849,4.3181,4.4927,7480541.7,2021-11-13 23:59:59.999,33291484.0518
2021-11-14,4.4925,4.64,4.3172,4.4372,7764304.8,2021-11-14 23:59:59.999,34625574.73894
2021-11-15,4.4378,4.8404,4.4157,4.4419,23600373.0,2021-11-15 23:59:59.999,109823760.02947
2021-11-16,4.4416,4.4419,3.775,4.0828,16070335.7,2021-11-16 23:59:59.999,66644883.64254
2021-11-17,4.084,4.2284,3.9215,4.1405,9406993.0,2021-11-17 23:59:59.999,38364466.74774
2021-11-18,4.142,4.1867,3.7937,3.8461,9940685.3,2021-11-18 23:59:59.999,39532803.13694
2021-11-19,3.8462,4.0355,3.7363,3.9641,7642738.5,2021-11-19 23:59:59.999,29823221.88503
2021-11-20,3.9649,4.3219,3.9022,4.2144,11018572.0,2021-11-20 23:59:59.999,45300671.42132
2021-11-21,4.2152,4.3853,4.1468,4.1664,9463702.2,2021-11-21 23:59:59.999,40214304.46601
2021-11-22,4.1691,4.1943,3.8737,3.9355,9432083.2,2021-11-22 23:59:59.999,38114514.12354
2021-11-23,3.936,4.0731,3.8251,4.0367,8339663.9,2021-11-23 23:59:59.999,33080914.77616
2021-11-24,4.0366,4.1493,3.8512,3.9317,8537442.5,2021-11-24 23:59:59.999,34018968.94507
2021-11-25,3.9314,4.2696,3.9001,4.2291,7647185.7,2021-11-25 23:59:59.999,31452638.12372
2021-11-26,4.2288,4.2862,3.6409,3.7049,11274916.6,2021-11-26 23:59:59.999,43508808.30162
2021-11-27,3.7048,4.5429,3.6854,4.0153,30596677.9,2021-11-27 23:59:59.999,129266021.3641
2021-11-28,4.0145,4.0493,3.7312,4.0359,10309972.1,2021-11-28 23:59:59.999,40331813.6835
2021-11-29,4.0334,4.4036,3.9621,4.0666,10143847.7,2021-11-29 23:59:59.999,41700343.77089
2021-11-30,4.0667,4.1731,3.9219,4.0215,9572726.6,2021-11-30 23:59:59.999,38798704.49748
2021-12-01,4.023,4.2504,3.9836,4.1209,9735276.7,2021-12-01 23:59:59.999,40008124.42248
2021-12-02,4.1214,4.2586,3.9018,4.1482,12449796.8,2021-12-02 23:59:59.999,51110504.63742
2021-12-03,4.1476,5.633,4.1,4.2997,121995148.1,2021-12-03 23:59:59.999,608935945.05975
2021-12-04,4.3004,4.5877,3.1375,3.6621,53285822.7,2021-12-04 23:59:59.999,207512541.07034
2021-12-05,3.6613,3.6982,3.2342,3.3767,16461458.4,2021-12-05 23:59:59.999,56669153.02529
2021-12-06,3.3781,3.4558,2.9646,3.3731,18888492.0,2021-12-06 23:59:59.999,60757280.65751
2021-12-07,3.3731,3.4827,3.2407,3.2956,11586262.7,2021-12-07 23:59:59.999,39137265.91457
2021-12-08,3.2964,3.4119,3.1287,3.3612,9441259.7,2021-12-08 23:59:59.999,31115940.87922
2021-12-09,3.3612,3.4039,3.012,3.0143,11613348.9,2021-12-09 23:59:59.999,37022398.78657
2021-12-10,3.0135,3.1024,2.7879,2.8017,15547659.1,2021-12-10 23:59:59.999,46151641.53283
2021-12-11,2.8019,3.0479,2.7363,2.975,10965054.7,2021-12-11 23:59:59.999,31624199.60961
2021-12-12,2.9739,3.0777,2.9178,3.037,9494600.4,2021-12-12 23:59:59.999,28385210.96446
2021-12-13,3.037,3.178,2.6823,2.7113,27324669.5,2021-12-13 23:59:59.999,80059164.34556
2021-12-14,2.7111,2.8011,2.648,2.7695,12401558.6,2021-12-14 23:59:59.999,33880187.22373
2021-12-15,2.7698,2.9088,2.538,2.7806,15912029.6,2021-12-15 23:59:59.999,43236612.06909
2021-12-16,2.7801,2.9967,2.7688,2.8281,10113251.0,2021-12-16 23:59:59.999,29194322.67854
2021-12-17,2.8289,3.0558,2.6587,2.7633,12274872.1,2021-12-17 23:59:59.999,34612208.80716
2021-12-18,2.762,2.9175,2.7072,2.7969,6925376.2,2021-12-18 23:59:59.999,19467803.07428
2021-12-19,2.7964,2.8742,2.7098,2.7162,6888517.2,2021-12-19 23:59:59.999,19205992.72847
2021-12-20,2.7161,2.7863,2.5509,2.7691,8985718.4,2021-12-20 23:59:59.999,23870824.4667
2021-12-21,2.7692,3.0549,2.7252,2.9475,29106825.9,2021-12-21 23:59:59.999,85464269.13895
2021-12-22,2.9471,3.2863,2.9344,3.0771,12836346.3,2021-12-22 23:59:59.999,39255358.58764
2021-12-23,3.0767,3.2986,2.9994,3.2827,11166738.4,2021-12-23 23:59:59.999,35139456.08034
2021-12-24,3.2827,3.2877,3.0405,3.09,7501407.6,2021-12-24 23:59:59.999,23914802.17034
2021-12-25,3.0902,3.1834,3.0608,3.1333,5218783.5,2021-12-25 23:59:59.999,16374428.23491
2021-12-26,3.1358,3.1683,2.9449,3.0868,8183364.9,2021-12-26 23:59:59.999,24933268.33394
2021-12-27,3.088,3.4689,3.0688,3.3955,15404083.9,2021-12-27 23:59:59.999,50633830.82237
2021-12-28,3.3949,3.4179,2.9865,3.0286,24060260.6,2021-12-28 23:59:59.999,76799822.66764
2021-12-29,3.0281,3.2537,2.9314,3.0326,15642611.4,2021-12-29 23:59:59.999,48307781.47246
2021-12-30,3.0327,3.186,2.9536,3.0862,15920504.9,2021-12-30 23:59:59.999,49274918.16757
2021-12-31,3.0859,3.135,2.9073,2.9385,9767876.9,2021-12-31 23:59:59.999,29600950.68351
2022-01-01,2.9385,3.1042,2.9385,3.1023,6646853.8,2022-01-01 23:59:59.999,19999133.40163
2022-01-02,3.102,3.3106,3.0584,3.2022,13894662.1,2022-01-02 23:59:59.999,44464360.6333
2022-01-03,3.2016,3.2893,3.0993,3.2541,10638082.4,2022-01-03 23:59:59.999,34038625.21042
2022-01-04,3.2541,3.622,3.2408,3.4296,27057073.8,2022-01-04 23:59:59.999,93510090.71998
2022-01-05,3.4291,3.6008,2.9343,3.1051,16966088.8,2022-01-05 23:59:59.999,57422234.1453
2022-01-06,3.1045,3.1631,2.8991,3.0122,11448286.3,2022-01-06 23:59:59.999,34462782.77661
2022-01-07,3.0123,3.0285,2.7652,2.8314,16377974.8,2022-01-07 23:59:59.999,47282461.96905
2022-01-08,2.8312,2.9463,2.6445,2.7551,13023784.0,2022-01-08 23:59:59.999,36352685.64513
2022-01-09,2.7546,3.0249,2.7276,2.8703,13284487.7,2022-01-09 23:59:59.999,38156231.27
2022-01-10,2.8701,2.9761,2.6122,2.7333,13798268.4,2022-01-10 23:59:59.999,38790220.2464
2022-01-11,2.7346,2.8768,2.7009,2.8014,7240350.4,2022-01-11 23:59:59.999,20141607.70026
2022-01-12,2.8024,2.9259,2.7801,2.8977,7467925.7,2022-01-12 23:59:59.999,21348506.01139
2022-01-13,2.899,2.9765,2.7235,2.7318,9068416.1,2022-01-13 23:59:59.999,25724601.39997
2022-01-14,2.7321,2.8941,2.6533,2.7672,13085517.3,2022-01-14 23:59:59.999,35865234.95692
2022-01-15,2.7672,2.818,2.7139,2.7594,8081297.6,2022-01-15 23:59:59.999,22371723.50919
2022-01-16,2.7594,2.7947,2.6964,2.7043,6724601.8,2022-01-16 23:59:59.999,18434906.61969
2022-01-17,2.7046,2.717,2.5612,2.5987,7868708.4,2022-01-17 23:59:59.999,20682300.53271
2022-01-18,2.5991,2.6324,2.491,2.5542,7867354.3,2022-01-18 23:59:59.999,20061701.24378
2022-01-19,2.5534,2.5789,2.43,2.4713,6874982.6,2022-01-19 23:59:59.999,17265851.14697
2022-01-20,2.4736,2.6076,2.3208,2.3417,7291045.9,2022-01-20 23:59:59.999,18223447.59788
2022-01-21,2.3409,2.3602,1.9335,2.0008,13817145.4,2022-01-21 23:59:59.999,30079192.15237
2022-01-22,1.9992,2.0412,1.6244,1.7681,14457261.5,2022-01-22 23:59:59.999,26120226.19498
2022-01-23,1.7702,1.8999,1.7155,1.8213,9509573.9,2022-01-23 23:59:59.999,17128611.58898
2022-01-24,1.8206,1.8229,1.5167,1.7543,12030787.6,2022-01-24 23:59:59.999,19899808.56002
2022-01-25,1.754,1.8118,1.6878,1.7678,9369469.9,2022-01-25 23:59:59.999,16412685.05408
2022-01-26,1.7672,1.9361,1.6993,1.7347,11717201.9,2022-01-26 23:59:59.999,21187695.05144
2022-01-27,1.7353,1.87,1.6335,1.7674,19837937.7,2022-01-27 23:59:59.999,35113048.60528
2022-01-28,1.7675,1.8426,1.7244,1.8226,12391617.7,2022-01-28 23:59:59.999,22056918.92138
2022-01-29,1.8225,1.9392,1.8159,1.9152,8271940.3,2022-01-29 23:59:59.999,15617268.74795
2022-01-30,1.9158,1.9562,1.8463,1.9041,7725108.9,2022-01-30 23:59:59.999,14778722.40998
2022-01-31,1.904,1.9983,1.782,1.9483,9569423.6,2022-01-31 23:59:59.999,18171479.33183
2022-02-01,1.9479,2.007,1.9154,1.9768,9380527.3,2022-02-01 23:59:59.999,18457700.43526
2022-02-02,1.9775,2.0341,1.852,1.8733,12687308.1,2022-02-02 23:59:59.999,24723373.32564
2022-02-03,1.8735,1.8889,1.7754,1.8815,9578471.7,2022-02-03 23:59:59.999,17511940.07901
2022-02-04,1.8811,2.1019,1.868,2.0985,10238835.9,2022-02-04 23:59:59.999,20345857.47638
2022-02-05,2.0989,2.2019,2.0779,2.1643,9565391.0,2022-02-05 23:59:59.999,20537894.08688
2022-02-06,2.1641,2.2317,2.0954,2.1852,7168627.2,2022-02-06 23:59:59.999,15524487.91432
2022-02-07,2.1848,2.3178,2.1462,2.2704,9566200.4,2022-02-07 23:59:59.999,21619305.01002
2022-02-08,2.2702,2.3247,2.0852,2.1966,11099824.5,2022-02-08 23:59:59.999,24307267.52517
2022-02-09,2.1963,2.49,2.16,2.2825,17706114.1,2022-02-09 23:59:59.999,41139300.93661
2022-02-10,2.2825,2.2933,2.1221,2.1572,15161193.3,2022-02-10 23:59:59.999,33802061.79093
2022-02-11,2.1573,2.2838,2.0104,2.0684,12637515.4,2022-02-11 23:59:59.999,27465287.24154
2022-02-12,2.0683,2.1118,1.9669,2.0238,9190051.1,2022-02-12 23:59:59.999,18750525.76069
2022-02-13,2.0243,2.0598,1.9291,1.9987,6601332.7,2022-02-13 23:59:59.999,13284647.44673
2022-02-14,1.9984,2.0107,1.8662,1.9418,9685045.8,2022-02-14 23:59:59.999,18741680.60911
2022-02-15,1.9424,2.1565,1.9417,2.1483,8626741.8,2022-02-15 23:59:59.999,17885241.6689
2022-02-16,2.1491,2.1899,2.0862,2.1308,10141977.0,2022-02-16 23:59:59.999,21710372.49082
2022-02-17,2.1305,2.1569,1.8776,1.9008,9629783.5,2022-02-17 23:59:59.999,19497640.80064
2022-02-18,1.9019,1.9476,1.7974,1.8222,13827168.9,2022-02-18 23:59:59.999,25897241.90146
2022-02-19,1.8218,1.8703,1.7619,1.8208,8098337.1,2022-02-19 23:59:59.999,14725004.92667
2022-02-20,1.8202,1.8345,1.6932,1.7333,10553620.3,2022-02-20 23:59:59.999,18570260.08061
2022-02-21,1.7335,1.8466,1.5602,1.5711,16953743.9,2022-02-21 23:59:59.999,29081246.53469
2022-02-22,1.5719,1.7038,1.5088,1.694,17456391.9,2022-02-22 23:59:59.999,28281009.83952
2022-02-23,1.693,1.7607,1.5832,1.5878,12867942.2,2022-02-23 23:59:59.999,21747026.77205
2022-02-24,1.5884,1.6128,1.36,1.5626,16968487.3,2022-02-24 23:59:59.999,24891806.87901
2022-02-25,1.5624,1.6754,1.5277,1.6539,9828467.5,2022-02-25 23:59:59.999,15678699.5316
2022-02-26,1.6539,1.724,1.6474,1.6738,7830704.8,2022-02-26 23:59:59.999,13211036.58439
2022-02-27,1.6734,1.7466,1.5636,1.604,10304821.3,2022-02-27 23:59:59.999,17087318.5519
2022-02-28,1.6032,1.8608,1.5734,1.8562,9810480.9,2022-02-28 23:59:59.999,16594256.6982
2022-03-01,1.8558,2.0346,1.8201,1.9928,11969163.7,2022-03-01 23:59:59.999,23021837.15013
2022-03-02,1.9933,1.999,1.8812,1.9213,10897950.3,2022-03-02 23:59:59.999,21266312.51811
2022-03-03,1.9213,1.9791,1.8069,1.8484,7996393.3,2022-03-03 23:59:59.999,15195515.70282
2022-03-04,1.8488,1.9185,1.6978,1.7193,9769840.2,2022-03-04 23:59:59.999,17960566.71529
2022-03-05,1.7198,1.843,1.6667,1.8171,6881262.6,2022-03-05 23:59:59.999,12199725.01322
2022-03-06,1.8172,1.8279,1.6891,1.7159,7630545.2,2022-03-06 23:59:59.999,13363885.8827
2022-03-07,1.7164,1.8112,1.632,1.699,10126002.0,2022-03-07 23:59:59.999,17373425.19617
2022-03-08,1.6981,1.8159,1.6691,1.6878,10833728.1,2022-03-08 23:59:59.999,18909207.90529
2022-03-09,1.6875,1.8143,1.6835,1.796,14272249.6,2022-03-09 23:59:59.999,25163230.98365
2022-03-10,1.795,1.8048,1.6128,1.6665,11868208.1,2022-03-10 23:59:59.999,20033946.98203
2022-03-11,1.6661,1.7082,1.6007,1.6315,6495688.5,2022-03-11 23:59:59.999,10729876.442
2022-03-12,1.6315,1.6841,1.621,1.6267,7996240.2,2022-03-12 23:59:59.999,13236273.23709
2022-03-13,1.6268,1.6885,1.5889,1.5956,6852772.3,2022-03-13 23:59:59.999,11335980.55539
2022-03-14,1.5956,1.708,1.5749,1.693,7355417.8,2022-03-14 23:59:59.999,12180742.17583
2022-03-15,1.6933,1.7359,1.6033,1.7079,6603992.9,2022-03-15 23:59:59.999,11047991.93548
2022-03-16,1.7083,1.8511,1.6967,1.8198,9263768.7,2022-03-16 23:59:59.999,16368132.80374
2022-03-17,1.8199,1.8454,1.7585,1.8114,5881638.1,2022-03-17 23:59:59.999,10608055.18191
2022-03-18,1.8115,1.8554,1.7438,1.8532,5928089.4,2022-03-18 23:59:59.999,10639301.00971
2022-03-19,1.854,1.9951,1.829,1.9325,8169391.7,2022-03-19 23:59:59.999,15560738.7662
2022-03-20,1.9325,1.9399,1.8084,1.8798,6396422.9,2022-03-20 23:59:59.999,12011074.43912
2022-03-21,1.8798,2.0001,1.8216,1.8975,8867089.6,2022-03-21 23:59:59.999,17053906.08053
2022-03-22,1.8975,2.038,1.8832,1.9319,9327613.5,2022-03-22 23:59:59.999,18324449.66109
2022-03-23,1.9321,2.1172,1.9008,2.0871,17832425.8,2022-03-23 23:59:59.999,36158281.12131
2022-03-24,2.0872,2.1406,2.0243,2.1148,9714665.7,2022-03-24 23:59:59.999,20283484.99256
2022-03-25,2.1146,2.1775,2.0166,2.0831,9115508.6,2022-03-25 23:59:59.999,19260880.29869
2022-03-26,2.0824,2.25,2.0622,2.1636,21637010.3,2022-03-26 23:59:59.999,47113726.81185
2022-03-27,2.1636,2.3127,2.1182,2.2788,8252945.3,2022-03-27 23:59:59.999,18119930.02835
2022-03-28,2.2793,2.3764,2.1699,2.2043,7774366.9,2022-03-28 23:59:59.999,17989412.11234
2022-03-29,2.2048,2.4043,2.1943,2.3064,8812142.0,2022-03-29 23:59:59.999,20326030.25437
2022-03-30,2.3059,2.47,2.2022,2.4215,10620910.6,2022-03-30 23:59:59.999,25383793.70076
2022-03-31,2.4216,2.4915,2.207,2.2432,13363856.3,2022-03-31 23:59:59.999,31521968.24876
2022-04-01,2.2427,2.6134,2.1489,2.5233,18878726.6,2022-04-01 23:59:59.999,44973665.74718
2022-04-02,2.5224,2.5814,2.3876,2.4084,13289728.7,2022-04-02 23:59:59.999,33105867.32307
2022-04-03,2.4085,2.592,2.3373,2.5541,21001431.6,2022-04-03 23:59:59.999,52925469.77983
2022-04-04,2.555,2.6067,2.3302,2.4478,14985373.2,2022-04-04 23:59:59.999,37386953.14151
2022-04-05,2.4481,2.5458,2.3205,2.3404,7867705.9,2022-04-05 23:59:59.999,19312434.38372
2022-04-06,2.3405,2.3437,1.9853,2.0005,13854240.9,2022-04-06 23:59:59.999,30193562.12454
2022-04-07,2.0002,2.22,1.95,2.1022,28111573.4,2022-04-07 23:59:59.999,59239122.28442
2022-04-08,2.1017,2.1568,1.9555,1.9765,11122920.6,2022-04-08 23:59:59.999,23235595.45763
2022-04-09,1.9762,2.0664,1.9682,2.06,5373403.5,2022-04-09 23:59:59.999,10836686.79528
2022-04-10,2.0599,2.0932,1.9551,1.9625,5479867.7,2022-04-10 23:59:59.999,11166948.58358
2022-04-11,1.9619,1.9856,1.7831,1.8202,17959337.4,2022-04-11 23:59:59.999,33734794.71196
2022-04-12,1.8206,2.051,1.8132,1.9796,23829025.2,2022-04-12 23:59:59.999,46423704.04808
2022-04-13,1.9797,2.0722,1.9406,2.0648,14591121.2,2022-04-13 23:59:59.999,29237456.97269
2022-04-14,2.0648,2.182,1.98,2.0736,25143087.9,2022-04-14 23:59:59.999,52673427.27801
2022-04-15,2.0736,2.1211,2.0255,2.0937,9435163.5,2022-04-15 23:59:59.999,19526612.26891
2022-04-16,2.0944,2.1228,2.0131,2.0564,5797330.8,2022-04-16 23:59:59.999,11960399.08988
2022-04-17,2.056,2.1227,1.9279,1.9325,8944014.6,2022-04-17 23:59:59.999,18367420.51534
2022-04-18,1.9327,1.983,1.816,1.9818,11493604.4,2022-04-18 23:59:59.999,21777530.81226
2022-04-19,1.9813,2.0748,1.9578,2.073,6362642.0,2022-04-19 23:59:59.999,12783832.8006
2022-04-20,2.0738,2.14,1.9923,2.0311,9220687.1,2022-04-20 23:59:59.999,19087544.0082
2022-04-21,2.0307,2.1436,1.9174,1.957,8762196.3,2022-04-21 23:59:59.999,18071465.21777
2022-04-22,1.9576,2.0943,1.94,1.9875,10721198.8,2022-04-22 23:59:59.999,21788645.04472
2022-04-23,1.9875,2.0004,1.9131,1.9342,8230561.7,2022-04-23 23:59:59.999,16161231.00428
2022-04-24,1.9341,1.9611,1.8752,1.8919,6994213.4,2022-04-24 23:59:59.999,13432890.73289
2022-04-25,1.8921,1.9165,1.756,1.909,11534268.9,2022-04-25 23:59:59.999,21169230.21829
2022-04-26,1.9092,1.9355,1.71,1.7393,7972371.6,2022-04-26 23:59:59.999,14744198.28421
2022-04-27,1.7398,1.8476,1.7236,1.787,9749704.6,2022-04-27 23:59:59.999,17517754.55588
2022-04-28,1.7871,1.8311,1.7374,1.7905,7526738.6,2022-04-28 23:59:59.999,13462180.47456
2022-04-29,1.79,1.803,1.603,1.6457,7100598.9,2022-04-29 23:59:59.999,12168670.12721
2022-04-30,1.6455,1.6911,1.387,1.4652,9482267.8,2022-04-30 23:59:59.999,14937469.09444
2022-05-01,1.4656,1.6219,1.4372,1.5429,14595300.4,2022-05-01 23:59:59.999,22353494.46916
2022-05-02,1.543,1.5851,1.4514,1.5132,9258628.6,2022-05-02 23:59:59.999,14063972.17846
2022-05-03,1.5127,1.5736,1.4509,1.4831,7605427.8,2022-05-03 23:59:59.999,11557365.3856
2022-05-04,1.4839,1.6467,1.4755,1.6435,10773677.0,2022-05-04 23:59:59.999,16740133.49451
2022-05-05,1.6435,1.6629,1.4084,1.4803,11952673.3,2022-05-05 23:59:59.999,18211660.00068
2022-05-06,1.48,1.5209,1.4271,1.4944,14566931.7,2022-05-06 23:59:59.999,21551928.95297
2022-05-07,1.4944,1.4993,1.332,1.3683,10436175.0,2022-05-07 23:59:59.999,15113330.07848
2022-05-08,1.3684,1.395,1.3096,1.3418,11444074.7,2022-05-08 23:59:59.999,15521339.84726
2022-05-09,1.3419,1.3855,1.0801,1.0925,22320117.2,2022-05-09 23:59:59.999,27249141.31509
2022-05-10,1.0936,1.2941,1.0506,1.1551,34370141.6,2022-05-10 23:59:59.999,41070299.20998
2022-05-11,1.1551,1.2127,0.7583,0.8242,45895899.1,2022-05-11 23:59:59.999,46110374.2987
2022-05-12,0.8248,0.8825,0.6199,0.7221,45188270.9,2022-05-12 23:59:59.999,32810669.10016
2022-05-13,0.7222,0.9138,0.7147,0.8151,18997287.9,2022-05-13 23:59:59.999,15865816.78974
2022-05-14,0.8145,0.8846,0.7456,0.8743,16528602.1,2022-05-14 23:59:59.999,13490650.85891
2022-05-15,0.8747,0.8967,0.818,0.8954,21212235.9,2022-05-15 23:59:59.999,18129644.56529
2022-05-16,0.8951,0.8952,0.7846,0.8154,19929323.2,2022-05-16 23:59:59.999,16449472.77936
2022-05-17,0.8159,0.9393,0.8142,0.9093,19632112.7,2022-05-17 23:59:59.999,17154009.27802
2022-05-18,0.9092,0.9461,0.8178,0.8253,33156295.3,2022-05-18 23:59:59.999,29370435.16331
2022-05-19,0.8252,0.9267,0.7795,0.9123,19835052.9,2022-05-19 23:59:59.999,16999363.16014
2022-05-20,0.9126,0.9455,0.8356,0.8947,27118059.2,2022-05-20 23:59:59.999,24315444.20633
2022-05-21,0.8946,0.9492,0.8719,0.8887,26251867.7,2022-05-21 23:59:59.999,23738198.13354
2022-05-22,0.8885,0.9433,0.874,0.9344,20695877.9,2022-05-22 23:59:59.999,18846909.67442
2022-05-23,0.9335,0.9872,0.8598,0.8747,26414644.5,2022-05-23 23:59:59.999,24763215.70844
2022-05-24,0.8746,0.9181,0.8232,0.911,25392800.9,2022-05-24 23:59:59.999,22346966.51779
2022-05-25,0.9107,0.9216,0.8411,0.866,29518045.0,2022-05-25 23:59:59.999,25885278.82706
2022-05-26,0.8664,0.8876,0.763,0.7899,26476018.5,2022-05-26 23:59:59.999,21647692.5449
2022-05-27,0.7898,0.8046,0.7379,0.7704,30046531.6,2022-05-27 23:59:59.999,23334506.89347
2022-05-28,0.7705,0.8104,0.754,0.8008,14425987.9,2022-05-28 23:59:59.999,11400230.29375
2022-05-29,0.8011,0.8472,0.7744,0.8454,16256662.5,2022-05-29 23:59:59.999,13141242.55354
2022-05-30,0.8454,0.9944,0.8296,0.9856,25716420.8,2022-05-30 23:59:59.999,23739559.08677
2022-05-31,0.986,1.013,0.914,0.9811,18917095.9,2022-05-31 23:59:59.999,18229908.05193
2022-06-01,0.981,1.0547,0.8635,0.8911,29583474.8,2022-06-01 23:59:59.999,28681877.71977
2022-06-02,0.8917,0.9284,0.858,0.9212,17824171.8,2022-06-02 23:59:59.999,15867098.69634
2022-06-03,0.9213,0.9287,0.8533,0.8823,10369937.8,2022-06-03 23:59:59.999,9205167.63813
2022-06-04,0.8825,0.8944,0.8491,0.8637,9913787.6,2022-06-04 23:59:59.999,8613868.30328
2022-06-05,0.8633,0.8852,0.8325,0.8632,9649373.3,2022-06-05 23:59:59.999,8268479.2653
2022-06-06,0.8636,0.94,0.8588,0.8818,12776045.8,2022-06-06 23:59:59.999,11520360.36206
2022-06-07,0.8814,1.1094,0.8061,0.9468,26170529.5,2022-06-07 23:59:59.999,23935511.31834
2022-06-08,0.9465,0.9853,0.8895,0.8941,24152586.5,2022-06-08 23:59:59.999,22583803.29701
2022-06-09,0.8939,0.9699,0.8753,0.9111,32221079.2,2022-06-09 23:59:59.999,29992679.49828
2022-06-10,0.9108,0.9142,0.844,0.8788,15958833.8,2022-06-10 23:59:59.999,14089885.76147
2022-06-11,0.8793,0.9025,0.7563,0.7955,20852803.5,2022-06-11 23:59:59.999,17208283.61291
2022-06-12,0.796,0.8073,0.7047,0.7063,17812191.3,2022-06-12 23:59:59.999,13467867.92804
2022-06-13,0.7063,0.7369,0.6235,0.6904,32072730.7,2022-06-13 23:59:59.999,21681750.05154
2022-06-14,0.6897,0.7334,0.6272,0.6803,29760475.5,2022-06-14 23:59:59.999,20380441.86751
2022-06-15,0.6802,0.7303,0.6123,0.7276,27095252.6,2022-06-15 23:59:59.999,17854481.35905
2022-06-16,0.7275,0.7352,0.604,0.6163,18563957.4,2022-06-16 23:59:59.999,12210400.84319
2022-06-17,0.6164,0.6655,0.6121,0.6383,13349769.4,2022-06-17 23:59:59.999,8560594.33081
2022-06-18,0.6383,0.6599,0.5621,0.6162,60339125.4,2022-06-18 23:59:59.999,37703448.77276
2022-06-19,0.6159,0.695,0.5845,0.6873,63535499.2,2022-06-19 23:59:59.999,41885908.36394
2022-06-20,0.687,0.714,0.6605,0.6858,31882270.6,2022-06-20 23:59:59.999,21795468.37069
2022-06-21,0.6858,0.745,0.6686,0.6959,19844307.2,2022-06-21 23:59:59.999,14052712.34912
2022-06-22,0.6956,0.7049,0.6616,0.6686,16246113.9,2022-06-22 23:59:59.999,11064791.62242
2022-06-23,0.6695,0.7948,0.6671,0.7577,61318035.5,2022-06-23 23:59:59.999,46050842.68398
2022-06-24,0.7576,0.8287,0.7422,0.7894,40512026.0,2022-06-24 23:59:59.999,31508077.5019
2022-06-25,0.7889,0.8083,0.749,0.7787,15883286.6,2022-06-25 23:59:59.999,12411666.9576
2022-06-26,0.7788,0.8414,0.7213,0.7265,27900169.4,2022-06-26 23:59:59.999,21985220.23232
2022-06-27,0.7266,0.8045,0.7256,0.7718,20639284.5,2022-06-27 23:59:59.999,15955204.03331
2022-06-28,0.7723,0.7795,0.7156,0.7253,13314090.2,2022-06-28 23:59:59.999,10010744.07011
2022-06-29,0.7251,0.897,0.7213,0.8304,91390405.7,2022-06-29 23:59:59.999,74069300.21107
2022-06-30,0.8305,1.1599,0.781,1.0391,996359327.5,2022-06-30 23:59:59.999,969140699.81588
2022-07-01,1.0391,1.4293,1.0172,1.3266,1261673080.2,2022-07-01 23:59:59.999,1504654760.82034
2022-07-02,1.3263,1.38,1.1343,1.1445,532459480.1,2022-07-02 23:59:59.999,658509743.79986
2022-07-03,1.1445,1.1568,1.0407,1.0583,207468818.5,2022-07-03 23:59:59.999,225437607.23835
2022-07-04,1.0583,1.0727,0.9813,1.0079,191671217.4,2022-07-04 23:59:59.999,194195547.03451
2022-07-05,1.0077,1.0983,0.9826,1.0406,169125979.2,2022-07-05 23:59:59.999,177052830.41167
2022-07-06,1.0411,1.057,0.99,1.0027,93025740.3,2022-07-06 23:59:59.999,94700113.22795
2022-07-07,1.0026,1.0231,0.9915,1.0093,63326036.0,2022-07-07 23:59:59.999,63878559.43718
2022-07-08,1.0095,1.0311,0.9229,0.9437,87566546.8,2022-07-08 23:59:59.999,84620467.00027
2022-07-09,0.9437,1.0438,0.9428,1.0077,64767391.2,2022-07-09 23:59:59.999,64946998.06045
2022-07-10,1.0077,1.0145,0.9207,0.9368,52556943.4,2022-07-10 23:59:59.999,50283384.48774
2022-07-11,0.9368,0.9369,0.8463,0.8589,47592081.7,2022-07-11 23:59:59.999,42745170.15921
2022-07-12,0.8587,0.92,0.853,0.8536,58925097.4,2022-07-12 23:59:59.999,52161608.7641
2022-07-13,0.8534,0.8848,0.7965,0.853,69216481.8,2022-07-13 23:59:59.999,57458783.97911
2022-07-14,0.8527,0.9525,0.8456,0.9307,60303851.8,2022-07-14 23:59:59.999,53825103.75167
2022-07-15,0.9307,0.9344,0.8744,0.898,38611170.2,2022-07-15 23:59:59.999,35004990.66247
2022-07-16,0.8979,0.97,0.8801,0.9421,41464427.0,2022-07-16 23:59:59.999,38447799.55631
2022-07-17,0.9418,0.9757,0.9227,0.9392,33432633.5,2022-07-17 23:59:59.999,31788916.9961
2022-07-18,0.9393,1.0076,0.9365,0.9806,33621684.0,2022-07-18 23:59:59.999,32812818.02047
2022-07-19,0.9808,1.0283,0.9495,1.0062,32344097.8,2022-07-19 23:59:59.999,32077732.91719
2022-07-20,1.0063,1.0412,0.9138,0.9303,33707907.9,2022-07-20 23:59:59.999,33278830.88838
2022-07-21,0.9302,0.9525,0.8947,0.9441,25120216.8,2022-07-21 23:59:59.999,23258972.32191
2022-07-22,0.9441,0.979,0.8927,0.9067,19193267.2,2022-07-22 23:59:59.999,18082083.57292
2022-07-23,0.9065,0.9329,0.8742,0.907,14206429.8,2022-07-23 23:59:59.999,12836353.46608
2022-07-24,0.9073,0.9466,0.8981,0.9029,15447465.5,2022-07-24 23:59:59.999,14225263.21785
2022-07-25,0.903,0.9116,0.8353,0.837,22601508.5,2022-07-25 23:59:59.999,19817893.01329
2022-07-26,0.837,0.8562,0.8034,0.847,14611964.3,2022-07-26 23:59:59.999,12140273.06157
2022-07-27,0.8472,0.8908,0.8252,0.8875,19070165.3,2022-07-27 23:59:59.999,16295614.10278
2022-07-28,0.8875,0.9593,0.8762,0.9401,21334284.1,2022-07-28 23:59:59.999,19563315.85356
2022-07-29,0.9402,1.018,0.9202,0.9821,22251350.5,2022-07-29 23:59:59.999,21446467.73564
2022-07-30,0.9819,1.0878,0.9658,0.9791,27114428.5,2022-07-30 23:59:59.999,27857675.7041
2022-07-31,0.9793,1.0848,0.972,0.9926,25080816.0,2022-07-31 23:59:59.999,25922227.20477
2022-08-01,0.9921,1.0805,0.9883,1.0287,22073282.6,2022-08-01 23:59:59.999,22948491.41721
2022-08-02,1.0289,1.0438,0.9434,0.9968,17511647.0,2022-08-02 23:59:59.999,17404304.68115
2022-08-03,0.9971,1.1454,0.9932,1.0147,74839806.7,2022-08-03 23:59:59.999,81398077.03547
2022-08-04,1.0147,1.0586,1.005,1.0332,24688412.7,2022-08-04 23:59:59.999,25438319.276
2022-08-05,1.0333,1.0791,1.026,1.0749,14161314.2,2022-08-05 23:59:59.999,14901324.53308
2022-08-06,1.0746,1.1,1.0596,1.0949,8921947.2,2022-08-06 23:59:59.999,9567924.44723
2022-08-07,1.0945,1.0951,1.0265,1.0435,14861375.0,2022-08-07 23:59:59.999,15557004.95243
2022-08-08,1.0436,1.0971,1.0426,1.0642,12620832.5,2022-08-08 23:59:59.999,13533243.17531
2022-08-09,1.0641,1.1472,1.0013,1.0313,37222871.5,2022-08-09 23:59:59.999,40087084.74675
2022-08-10,1.0313,1.56,1.0045,1.4728,372228108.2,2022-08-10 23:59:59.999,513326993.99334
2022-08-11,1.4726,1.8291,1.417,1.4833,519312335.5,2022-08-11 23:59:59.999,808377062.85635
2022-08-12,1.4832,1.59,1.3812,1.4229,114830068.1,2022-08-12 23:59:59.999,167953961.53066
2022-08-13,1.4227,1.45,1.371,1.4171,41544081.0,2022-08-13 23:59:59.999,58780387.91789
2022-08-14,1.4177,1.4694,1.3121,1.4522,40257820.4,2022-08-14 23:59:59.999,56408894.80771
2022-08-15,1.4522,1.6636,1.4148,1.4653,198917263.6,2022-08-15 23:59:59.999,309184560.94365
2022-08-16,1.4653,1.4953,1.416,1.4695,56873674.3,2022-08-16 23:59:59.999,82827882.50404
2022-08-17,1.4693,1.5452,1.3875,1.4092,60711163.7,2022-08-17 23:59:59.999,88262966.50824
2022-08-18,1.4102,1.4496,1.3546,1.3908,36343760.6,2022-08-18 23:59:59.999,51585397.70937
2022-08-19,1.3908,1.398,1.1734,1.2293,54849495.0,2022-08-19 23:59:59.999,68387467.14063
2022-08-20,1.2293,1.3983,1.2283,1.3642,120509548.4,2022-08-20 23:59:59.999,161733806.17591
2022-08-21,1.3642,1.3685,1.2613,1.299,44149893.8,2022-08-21 23:59:59.999,57660109.5515
2022-08-22,1.299,1.417,1.2397,1.3558,67702488.1,2022-08-22 23:59:59.999,89991091.682
2022-08-23,1.3557,1.3687,1.2559,1.3032,40256563.9,2022-08-23 23:59:59.999,52060785.44613
2022-08-24,1.3031,1.6945,1.2609,1.5397,178571277.8,2022-08-24 23:59:59.999,269755263.47065
2022-08-25,1.5395,1.585,1.3849,1.3885,88062449.8,2022-08-25 23:59:59.999,129438318.68287
2022-08-26,1.3885,1.4089,1.2298,1.2472,56818950.0,2022-08-26 23:59:59.999,75438479.23968
2022-08-27,1.247,1.3881,1.2339,1.3713,89267878.7,2022-08-27 23:59:59.999,119515496.75601
2022-08-28,1.3716,1.3731,1.1825,1.1985,57645799.0,2022-08-28 23:59:59.999,74193767.58473
2022-08-29,1.1984,1.2667,1.1858,1.2578,35660381.1,2022-08-29 23:59:59.999,43924052.18294
2022-08-30,1.2573,1.2951,1.155,1.1878,44650094.3,2022-08-30 23:59:59.999,54951049.83401
2022-08-31,1.1881,1.2481,1.1302,1.1376,31518689.6,2022-08-31 23:59:59.999,37890998.26245
2022-09-01,1.1377,1.1484,1.0791,1.1399,33864752.4,2022-09-01 23:59:59.999,37878309.56048
2022-09-02,1.1399,1.1529,1.0773,1.1026,25732749.3,2022-09-02 23:59:59.999,28919699.77861
2022-09-03,1.1028,1.1371,1.085,1.129,17643239.8,2022-09-03 23:59:59.999,19662905.19975
2022-09-04,1.1291,1.1427,1.0998,1.1233,14885936.9,2022-09-04 23:59:59.999,16708637.92605
2022-09-05,1.1232,1.1442,1.0954,1.1385,18727639.8,2022-09-05 23:59:59.999,20925376.86536
2022-09-06,1.1385,1.1737,1.015,1.0164,28288505.4,2022-09-06 23:59:59.999,31435685.7617
2022-09-07,1.0163,1.2727,1.005,1.233,78929782.8,2022-09-07 23:59:59.999,92794702.28747
2022-09-08,1.2332,1.27,1.1829,1.2122,72388006.1,2022-09-08 23:59:59.999,88620545.14585
2022-09-09,1.2121,1.3618,1.2046,1.3495,38753866.6,2022-09-09 23:59:59.999,49466479.81566
2022-09-10,1.3495,1.3748,1.3,1.3203,23983303.6,2022-09-10 23:59:59.999,31909076.49716
2022-09-11,1.3196,1.3841,1.2775,1.3133,18288064.2,2022-09-11 23:59:59.999,24279300.57866
2022-09-12,1.3124,1.4399,1.2808,1.3929,40149221.4,2022-09-12 23:59:59.999,54509720.74723
2022-09-13,1.3929,1.4498,1.2422,1.2431,55149062.8,2022-09-13 23:59:59.999,74802619.4536
2022-09-14,1.243,1.271,1.1835,1.2272,22193595.7,2022-09-14 23:59:59.999,27354004.97603
2022-09-15,1.2273,1.32,1.1895,1.2119,30396448.1,2022-09-15 23:59:59.999,37614595.81026
2022-09-16,1.2123,1.3022,1.194,1.2297,43097586.3,2022-09-16 23:59:59.999,54198948.91611
2022-09-17,1.2296,1.2649,1.2136,1.243,15126054.5,2022-09-17 23:59:59.999,18753722.76251
2022-09-18,1.2431,1.3327,1.1881,1.223,56183571.4,2022-09-18 23:59:59.999,72165022.99879
2022-09-19,1.2226,1.2552,1.1262,1.1746,34742806.8,2022-09-19 23:59:59.999,40780353.04899
2022-09-20,1.1745,1.2492,1.1623,1.2016,48046779.5,2022-09-20 23:59:59.999,58303372.16713
2022-09-21,1.2017,1.2935,1.1704,1.204,44445213.9,2022-09-21 23:59:59.999,54121954.6085
2022-09-22,1.2045,1.254,1.1795,1.2403,28620100.8,2022-09-22 23:59:59.999,34761546.75378
2022-09-23,1.2403,1.3077,1.2065,1.266,35757100.7,2022-09-23 23:59:59.999,44821438.93094
2022-09-24,1.2656,1.2789,1.1613,1.1702,21894078.1,2022-09-24 23:59:59.999,26615572.42148
2022-09-25,1.1704,1.193,1.1426,1.1634,17776382.8,2022-09-25 23:59:59.999,20890947.75509
2022-09-26,1.1634,1.1968,1.1178,1.1968,25925820.2,2022-09-26 23:59:59.999,29915214.74961
2022-09-27,1.1967,1.2336,1.1465,1.185,26390947.1,2022-09-27 23:59:59.999,31624149.27828
2022-09-28,1.1849,1.2016,1.1248,1.1861,18299790.5,2022-09-28 23:59:59.999,21296541.36946
2022-09-29,1.1861,1.2131,1.161,1.2067,15868359.8,2022-09-29 23:59:59.999,18780546.26322
2022-09-30,1.2071,1.2313,1.1803,1.1916,16200698.9,2022-09-30 23:59:59.999,19515757.23204
2022-10-01,1.1917,1.2158,1.1874,1.1963,7677591.4,2022-10-01 23:59:59.999,9224066.77253
2022-10-02,1.1963,1.2065,1.164,1.1887,9812327.6,2022-10-02 23:59:59.999,11665265.24682
2022-10-03,1.1887,1.253,1.1739,1.2269,21447563.1,2022-10-03 23:59:59.999,26116823.73908
2022-10-04,1.2267,1.2994,1.226,1.2656,19435206.1,2022-10-04 23:59:59.999,24626805.83516
2022-10-05,1.2656,1.2952,1.2379,1.2532,14013203.9,2022-10-05 23:59:59.999,17679059.18991
2022-10-06,1.2533,1.2778,1.2322,1.2589,11487616.8,2022-10-06 23:59:59.999,14429925.74365
2022-10-07,1.2587,1.2951,1.2257,1.2366,21175033.9,2022-10-07 23:59:59.999,26793718.377
2022-10-08,1.2367,1.242,1.1942,1.2096,9257267.9,2022-10-08 23:59:59.999,11245513.98067
2022-10-09,1.2096,1.235,1.2002,1.2223,8500886.4,2022-10-09 23:59:59.999,10377031.07543
2022-10-10,1.2221,1.2437,1.1637,1.1692,17399387.3,2022-10-10 23:59:59.999,21007630.47532
2022-10-11,1.1691,1.1693,1.0954,1.1049,14885384.0,2022-10-11 23:59:59.999,16808608.89358
2022-10-12,1.1048,1.1241,1.0791,1.0839,13033274.0,2022-10-12 23:59:59.999,14384755.80125
2022-10-13,1.0838,1.1142,0.995,1.0871,22219525.2,2022-10-13 23:59:59.999,23365337.34233
2022-10-14,1.0869,1.1215,1.0587,1.0695,12239395.4,2022-10-14 23:59:59.999,13427860.24823
2022-10-15,1.0694,1.0848,1.062,1.0746,7673597.6,2022-10-15 23:59:59.999,8255027.30586
2022-10-16,1.0746,1.112,1.0738,1.1036,7326836.5,2022-10-16 23:59:59.999,8030379.7186
2022-10-17,1.1035,1.1498,1.0856,1.1347,13394317.6,2022-10-17 23:59:59.999,15092672.06699
2022-10-18,1.135,1.1441,1.0817,1.0956,11211922.2,2022-10-18 23:59:59.999,12466288.70586
2022-10-19,1.0958,1.1013,1.0551,1.0653,9229814.2,2022-10-19 23:59:59.999,10029098.12994
2022-10-20,1.0655,1.0903,1.046,1.0615,9094179.7,2022-10-20 23:59:59.999,9734652.65811
2022-10-21,1.0614,1.0667,1.0175,1.0614,9271508.4,2022-10-21 23:59:59.999,9719386.85609
2022-10-22,1.0614,1.0804,1.0505,1.0661,7729721.1,2022-10-22 23:59:59.999,8234744.78212
2022-10-23,1.0665,1.0889,1.0448,1.0837,7826316.6,2022-10-23 23:59:59.999,8339800.48962
2022-10-24,1.0836,1.0883,1.0385,1.0412,6924719.5,2022-10-24 23:59:59.999,7324890.28652
2022-10-25,1.0412,1.0951,1.033,1.0549,12055421.5,2022-10-25 23:59:59.999,12744530.37313
2022-10-26,1.055,1.1021,1.0521,1.083,10503282.4,2022-10-26 23:59:59.999,11377503.73008
2022-10-27,1.083,1.1226,1.056,1.0663,13398269.0,2022-10-27 23:59:59.999,14585570.79866
2022-10-28,1.0664,1.0778,1.0202,1.0509,15868003.4,2022-10-28 23:59:59.999,16558393.89428
2022-10-29,1.0507,1.0944,1.0496,1.0744,16024280.6,2022-10-29 23:59:59.999,17151166.89327
2022-10-30,1.0745,1.1798,1.0417,1.0548,44141210.1,2022-10-30 23:59:59.999,49605822.39248
2022-10-31,1.0549,1.0681,1.0271,1.0582,19615734.6,2022-10-31 23:59:59.999,20601471.92028
2022-11-01,1.0584,1.1262,1.056,1.0795,35094586.4,2022-11-01 23:59:59.999,38141629.63171
2022-11-02,1.0794,1.0797,1.007,1.0392,16581308.8,2022-11-02 23:59:59.999,17425670.88228
2022-11-03,1.0392,1.2666,1.0334,1.1453,44155279.1,2022-11-03 23:59:59.999,51159147.98603
2022-11-04,1.1449,1.2957,1.131,1.2699,29016170.9,2022-11-04 23:59:59.999,35288707.55768
2022-11-05,1.2706,1.348,1.2377,1.2694,23229390.4,2022-11-05 23:59:59.999,30016104.45842
2022-11-06,1.2695,1.2863,1.1681,1.1798,15005641.0,2022-11-06 23:59:59.999,18677723.71643
2022-11-07,1.1796,1.2511,1.1519,1.1662,21718469.0,2022-11-07 23:59:59.999,26257247.06937
2022-11-08,1.1663,1.189,0.8609,0.9813,40051070.7,2022-11-08 23:59:59.999,42505839.40382
2022-11-09,0.9806,0.991,0.7565,0.7915,30188434.7,2022-11-09 23:59:59.999,26748055.48407
2022-11-10,0.7912,0.9536,0.7733,0.9271,28436790.2,2022-11-10 23:59:59.999,24831473.37432
2022-11-11,0.9273,0.9361,0.8437,0.8967,14273259.4,2022-11-11 23:59:59.999,12734173.2493
2022-11-12,0.8963,0.9041,0.834,0.8379,10454718.2,2022-11-12 23:59:59.999,8996312.74811
2022-11-13,0.8378,0.8499,0.7633,0.7924,14552529.3,2022-11-13 23:59:59.999,11621047.83285
2022-11-14,0.7927,0.8788,0.7463,0.827,23171367.6,2022-11-14 23:59:59.999,18724079.38744
2022-11-15,0.8268,0.8863,0.8129,0.8798,16212343.8,2022-11-15 23:59:59.999,13839829.83148
2022-11-16,0.8796,0.9203,0.8601,0.8662,28801375.4,2022-11-16 23:59:59.999,25507055.19542
2022-11-17,0.8666,0.8965,0.8607,0.8839,13160916.9,2022-11-17 23:59:59.999,11598766.95998
2022-11-18,0.8842,0.8972,0.8476,0.8526,9863763.2,2022-11-18 23:59:59.999,8576708.37944
2022-11-19,0.8525,0.8664,0.8344,0.8595,8158625.1,2022-11-19 23:59:59.999,6963529.11527
2022-11-20,0.8598,1.23,0.8573,1.029,486012866.3,2022-11-20 23:59:59.999,520615862.46565
2022-11-21,1.0288,1.656,0.9733,1.175,708772397.8,2022-11-21 23:59:59.999,805867762.99271
2022-11-22,1.1753,1.2,1.0284,1.0531,268644570.0,2022-11-22 23:59:59.999,300740155.58887
2022-11-23,1.0527,1.1987,1.0202,1.0962,122305296.1,2022-11-23 23:59:59.999,136737943.8947
2022-11-24,1.0964,1.3434,1.0958,1.1387,248846674.6,2022-11-24 23:59:59.999,307776034.04621
2022-11-25,1.1384,1.1579,1.0682,1.0853,88362942.1,2022-11-25 23:59:59.999,97260945.74855
2022-11-26,1.0856,1.1825,1.0626,1.1087,72389558.4,2022-11-26 23:59:59.999,79919896.70144
2022-11-27,1.1087,1.1233,1.051,1.0686,36697675.3,2022-11-27 23:59:59.999,39941622.90965
2022-11-28,1.0686,1.1224,1.006,1.0454,67610801.4,2022-11-28 23:59:59.999,71520989.29769
2022-11-29,1.0451,1.0795,1.0277,1.0565,36340424.2,2022-11-29 23:59:59.999,38396833.69772
2022-11-30,1.0564,1.1,1.0467,1.0851,30833181.8,2022-11-30 23:59:59.999,33117104.64851
2022-12-01,1.0851,1.2281,1.0646,1.0891,70627749.1,2022-12-01 23:59:59.999,78720889.38171
2022-12-02,1.0891,1.1015,1.05,1.1,22129278.4,2022-12-02 23:59:59.999,23867116.86952
2022-12-03,1.1001,1.1345,1.0668,1.0746,24003851.5,2022-12-03 23:59:59.999,26108264.5222
2022-12-04,1.0745,1.1051,1.0672,1.0881,13219695.3,2022-12-04 23:59:59.999,14316045.60357
2022-12-05,1.0881,1.103,1.0357,1.0642,16567358.3,2022-12-05 23:59:59.999,17808698.41023
2022-12-06,1.064,1.0815,1.0271,1.0494,17216993.8,2022-12-06 23:59:59.999,18089335.35564
2022-12-07,1.0492,1.0582,0.9956,1.0226,17175917.9,2022-12-07 23:59:59.999,17606162.5591
2022-12-08,1.0228,1.0514,1.0107,1.0462,14029427.0,2022-12-08 23:59:59.999,14470084.55601
2022-12-09,1.0467,1.1475,1.0387,1.1053,161334031.7,2022-12-09 23:59:59.999,179713935.89281
2022-12-10,1.1054,1.1276,1.0881,1.1001,53802292.9,2022-12-10 23:59:59.999,59542681.01886
2022-12-11,1.1001,1.1272,1.0312,1.0706,36909017.0,2022-12-11 23:59:59.999,40620692.88792
2022-12-12,1.0707,1.1662,1.0362,1.1353,65209568.8,2022-12-12 23:59:59.999,72411327.54903
2022-12-13,1.1352,1.1794,1.1049,1.151,93072328.8,2022-12-13 23:59:59.999,106349323.42632
2022-12-14,1.1511,1.1888,1.1125,1.1544,46549188.9,2022-12-14 23:59:59.999,54124394.12892
2022-12-15,1.1542,1.2092,1.141,1.1714,61025002.1,2022-12-15 23:59:59.999,72133787.25707
2022-12-16,1.1716,1.234,1.0724,1.0874,119386845.3,2022-12-16 23:59:59.999,140656600.49879
2022-12-17,1.0874,1.2222,1.0804,1.2002,110555126.0,2022-12-17 23:59:59.999,127025330.39861
2022-12-18,1.2002,1.2003,1.1353,1.1745,57832656.2,2022-12-18 23:59:59.999,67152343.72631
2022-12-19,1.1746,1.2315,1.1058,1.1702,154253727.5,2022-12-19 23:59:59.999,180672025.03869
2022-12-20,1.1704,1.229,1.1641,1.2007,94994174.0,2022-12-20 23:59:59.999,114301967.41832
2022-12-21,1.2009,1.2852,1.1749,1.2514,102107768.6,2022-12-21 23:59:59.999,125972265.80294
2022-12-22,1.2514,1.3034,1.2237,1.2831,116768971.3,2022-12-22 23:59:59.999,148190139.08421
2022-12-23,1.2831,1.2831,1.2001,1.2208,54862613.5,2022-12-23 23:59:59.999,67683180.95484
2022-12-24,1.2211,1.2999,1.1827,1.2724,145844091.9,2022-12-24 23:59:59.999,184736107.45842
2022-12-25,1.2721,1.424,1.2321,1.316,192152963.9,2022-12-25 23:59:59.999,248598495.82595
2022-12-26,1.3159,1.3499,1.261,1.3259,105189963.2,2022-12-26 23:59:59.999,138350677.09119
2022-12-27,1.3258,1.385,1.3008,1.3441,91975333.1,2022-12-27 23:59:59.999,123479056.38029
2022-12-28,1.3441,1.383,1.2913,1.3029,156189207.8,2022-12-28 23:59:59.999,209687132.98416
2022-12-29,1.3029,1.3268,1.2542,1.2922,70677053.6,2022-12-29 23:59:59.999,90871402.58247
2022-12-30,1.2918,1.3165,1.2161,1.2409,55835566.2,2022-12-30 23:59:59.999,70236516.96613
2022-12-31,1.2412,1.2599,1.2201,1.2229,30169246.6,2022-12-31 23:59:59.999,37292835.80711
2023-01-01,1.223,1.2251,1.1601,1.1699,48222774.3,2023-01-01 23:59:59.999,57321139.6017
2023-01-02,1.1698,1.1987,1.1351,1.167,64718082.3,2023-01-02 23:59:59.999,75445037.25431
2023-01-03,1.1667,1.1982,1.1387,1.1737,51206546.1,2023-01-03 23:59:59.999,59945811.13474
2023-01-04,1.1736,1.2179,1.155,1.184,43668374.0,2023-01-04 23:59:59.999,51962562.91149
2023-01-05,1.1838,1.1982,1.1369,1.1577,28903769.3,2023-01-05 23:59:59.999,33598936.70423
2023-01-06,1.1576,1.2633,1.1428,1.2437,108074057.8,2023-01-06 23:59:59.999,130586655.43944
2023-01-07,1.2438,1.3039,1.2055,1.2985,62089164.4,2023-01-07 23:59:59.999,78188239.08162
2023-01-08,1.2985,1.3499,1.2579,1.3311,107337422.0,2023-01-08 23:59:59.999,139808955.93725
2023-01-09,1.3307,1.533,1.3154,1.3691,89857575.8,2023-01-09 23:59:59.999,126156648.30291
2023-01-10,1.3691,1.5185,1.3396,1.4506,75244784.5,2023-01-10 23:59:59.999,109117585.36966
2023-01-11,1.4506,1.5388,1.3549,1.4257,103941263.4,2023-01-11 23:59:59.999,151545411.56448
2023-01-12,1.426,1.5199,1.314,1.4818,91492661.0,2023-01-12 23:59:59.999,130649370.6128
2023-01-13,1.4818,1.6333,1.45,1.595,100821689.5,2023-01-13 23:59:59.999,156405147.22981
2023-01-14,1.595,1.7364,1.4704,1.6094,68425878.4,2023-01-14 23:59:59.999,111338991.32884
2023-01-15,1.6104,1.7962,1.5555,1.6142,63624821.4,2023-01-15 23:59:59.999,104855670.81208
2023-01-16,1.6144,1.7264,1.5216,1.6269,42366369.7,2023-01-16 23:59:59.999,69140003.99906
2023-01-17,1.6272,1.7291,1.58,1.6684,53699974.0,2023-01-17 23:59:59.999,88717063.05596
2023-01-18,1.6685,1.722,1.4619,1.5065,46013555.9,2023-01-18 23:59:59.999,73696783.3958
2023-01-19,1.5064,1.5715,1.5063,1.5444,19616213.0,2023-01-19 23:59:59.999,30250129.05185
2023-01-20,1.5443,1.6446,1.485,1.6345,30074642.2,2023-01-20 23:59:59.999,46542580.07866
2023-01-21,1.6345,1.8023,1.5981,1.722,61733513.1,2023-01-21 23:59:59.999,105933398.19294
2023-01-22,1.7221,1.8018,1.628,1.6688,44577139.0,2023-01-22 23:59:59.999,77264118.66675
2023-01-23,1.6688,1.8175,1.6647,1.7697,39436372.3,2023-01-23 23:59:59.999,69525643.72547
2023-01-24,1.7698,1.82,1.5847,1.6376,24067264.5,2023-01-24 23:59:59.999,42215477.60088
2023-01-25,1.6377,1.72,1.5849,1.6733,27151117.8,2023-01-25 23:59:59.999,44339493.89282
2023-01-26,1.6733,1.7971,1.6206,1.7443,51399667.1,2023-01-26 23:59:59.999,88630145.17564
2023-01-27,1.7445,1.7778,1.694,1.7445,24924812.4,2023-01-27 23:59:59.999,43194851.67389
2023-01-28,1.7442,1.8426,1.7257,1.8051,42230803.7,2023-01-28 23:59:59.999,75959029.37505
2023-01-29,1.805,1.8697,1.7743,1.8094,33147415.4,2023-01-29 23:59:59.999,60508945.50141
2023-01-30,1.8096,1.8284,1.5628,1.6504,32612869.8,2023-01-30 23:59:59.999,55875015.06818
2023-01-31,1.6506,1.7545,1.6389,1.7251,22007318.5,2023-01-31 23:59:59.999,37392418.82819
2023-02-01,1.7252,1.8092,1.6106,1.7847,22028117.1,2023-02-01 23:59:59.999,37534627.70986
2023-02-02,1.7847,1.8628,1.7093,1.7197,21133829.0,2023-02-02 23:59:59.999,38117099.51041
2023-02-03,1.7185,1.8469,1.69,1.8122,22310208.1,2023-02-03 23:59:59.999,39412347.40624
2023-02-04,1.8122,1.8707,1.7864,1.8401,21306810.1,2023-02-04 23:59:59.999,38975422.3671
2023-02-05,1.8402,2.1161,1.6821,2.0538,106561069.6,2023-02-05 23:59:59.999,208056468.76035
2023-02-06,2.0539,2.1395,1.9351,2.0015,55744510.7,2023-02-06 23:59:59.999,112760130.99532
2023-02-07,2.0017,2.3265,2.0015,2.2554,82308746.9,2023-02-07 23:59:59.999,181846331.6738
2023-02-08,2.2552,2.3382,2.0201,2.0915,38143877.8,2023-02-08 23:59:59.999,82545836.60696
2023-02-09,2.0915,2.221,1.8769,1.9215,45543730.2,2023-02-09 23:59:59.999,94726103.17082
2023-02-10,1.9219,2.0452,1.8876,1.9455,28222345.4,2023-02-10 23:59:59.999,55563419.43918
2023-02-11,1.9458,2.0338,1.9082,2.0165,16741956.7,2023-02-11 23:59:59.999,33131663.82526
2023-02-12,2.0167,2.1378,1.9,1.9217,24703335.6,2023-02-12 23:59:59.999,50107011.99911
2023-02-13,1.9218,1.9331,1.8086,1.8881,21293377.9,2023-02-13 23:59:59.999,39661920.77221
2023-02-14,1.8886,2.0612,1.882,2.0411,40771839.5,2023-02-14 23:59:59.999,80988932.39228
2023-02-15,2.0411,2.1536,2.0078,2.133,24284295.0,2023-02-15 23:59:59.999,50634286.8684
2023-02-16,2.133,2.1787,1.9701,1.9766,24920675.3,2023-02-16 23:59:59.999,52208141.90077
2023-02-17,1.9764,2.1096,1.9611,2.0717,15042284.2,2023-02-17 23:59:59.999,30643158.62147
2023-02-18,2.0717,2.1294,2.0338,2.0667,10691877.5,2023-02-18 23:59:59.999,22207075.69104
2023-02-19,2.0666,2.1412,1.9872,2.0057,12748691.1,2023-02-19 23:59:59.999,26289564.72761
2023-02-20,2.0054,2.111,1.9369,2.0876,12946647.0,2023-02-20 23:59:59.999,26608296.12615
2023-02-21,2.0877,2.314,1.992,2.1202,48388949.5,2023-02-21 23:59:59.999,102696682.10159
2023-02-22,2.1204,2.1529,1.931,2.0071,18940306.7,2023-02-22 23:59:59.999,38061211.42305
2023-02-23,2.0071,2.0774,1.938,1.9752,13452065.5,2023-02-23 23:59:59.999,27013766.47927
2023-02-24,1.9755,1.9976,1.8414,1.9006,13971581.1,2023-02-24 23:59:59.999,27002356.23355
2023-02-25,1.9009,1.9183,1.8298,1.9028,9459244.5,2023-02-25 23:59:59.999,17774055.85909
2023-02-26,1.9029,1.95,1.8825,1.9371,8980158.9,2023-02-26 23:59:59.999,17227892.49391
2023-02-27,1.9368,1.97,1.8676,1.9336,13144187.4,2023-02-27 23:59:59.999,25126991.07024
2023-02-28,1.9336,1.9877,1.8521,1.8703,12799497.3,2023-02-28 23:59:59.999,24555028.84789
2023-03-01,1.8706,2.0052,1.8625,1.9999,16975144.2,2023-03-01 23:59:59.999,33378525.86246
2023-03-02,1.9997,2.0161,1.8725,1.9051,8875619.7,2023-03-02 23:59:59.999,17070596.46648
2023-03-03,1.9053,1.908,1.7038,1.8214,11609798.6,2023-03-03 23:59:59.999,20962850.73064
2023-03-04,1.8214,1.8436,1.6684,1.7147,7233132.3,2023-03-04 23:59:59.999,12805011.53905
2023-03-05,1.7149,1.7919,1.692,1.7292,9384626.2,2023-03-05 23:59:59.999,16480883.80065
2023-03-06,1.7291,1.7396,1.675,1.7197,9097909.8,2023-03-06 23:59:59.999,15494657.78502
2023-03-07,1.7197,1.7408,1.5902,1.6543,12606232.8,2023-03-07 23:59:59.999,20908256.00147
2023-03-08,1.6542,1.667,1.4669,1.5027,14398113.2,2023-03-08 23:59:59.999,22360178.06743
2023-03-09,1.5027,1.5564,1.2981,1.3228,21531284.4,2023-03-09 23:59:59.999,30862850.31026
2023-03-10,1.3227,1.3325,1.1953,1.3033,40214151.6,2023-03-10 23:59:59.999,51180277.88366
2023-03-11,1.3033,1.3425,1.2028,1.2831,18714233.8,2023-03-11 23:59:59.999,23588619.15745
2023-03-12,1.2832,1.4343,1.2612,1.4305,15683421.7,2023-03-12 23:59:59.999,20727033.13785
2023-03-13,1.4306,1.5093,1.3742,1.4935,18597132.5,2023-03-13 23:59:59.999,26873006.33821
2023-03-14,1.4935,1.7037,1.4641,1.6126,22345559.0,2023-03-14 23:59:59.999,35355533.49087
2023-03-15,1.6126,1.6488,1.4513,1.4901,15819951.9,2023-03-15 23:59:59.999,24662725.95958
2023-03-16,1.4899,1.5493,1.47,1.5133,12615690.2,2023-03-16 23:59:59.999,18990920.6897
2023-03-17,1.5132,1.663,1.4864,1.6617,10326412.7,2023-03-17 23:59:59.999,16230448.62838
2023-03-18,1.6614,1.7014,1.5422,1.5698,13547791.7,2023-03-18 23:59:59.999,22173891.37061
2023-03-19,1.5705,1.6472,1.5575,1.605,8616818.3,2023-03-19 23:59:59.999,13868055.74146
2023-03-20,1.6051,1.7088,1.56,1.7004,23789307.2,2023-03-20 23:59:59.999,38745639.87921
2023-03-21,1.7004,1.8849,1.6737,1.805,163690510.1,2023-03-21 23:59:59.999,296399661.77397
2023-03-22,1.8049,2.174,1.7742,2.0153,147821393.7,2023-03-22 23:59:59.999,296947927.73706
2023-03-23,2.0151,2.25,1.9501,2.1799,69410622.9,2023-03-23 23:59:59.999,145268865.7369
2023-03-24,2.1802,2.2798,2.1088,2.1289,55225040.3,2023-03-24 23:59:59.999,121521408.61244
2023-03-25,2.1283,2.2434,1.7957,1.8254,88966716.2,2023-03-25 23:59:59.999,172392182.16381
2023-03-26,1.8253,1.8557,1.7746,1.8082,45958438.0,2023-03-26 23:59:59.999,83583153.22111
2023-03-27,1.8082,1.8188,1.6311,1.6506,49317986.6,2023-03-27 23:59:59.999,85713124.7829
2023-03-28,1.6504,1.6957,1.6045,1.6839,32538999.1,2023-03-28 23:59:59.999,53459336.10508
2023-03-29,1.684,1.7972,1.668,1.7646,24762680.1,2023-03-29 23:59:59.999,43224122.6443
2023-03-30,1.7643,1.8,1.6426,1.6789,19589144.1,2023-03-30 23:59:59.999,33436103.50462
2023-03-31,1.6792,1.7396,1.635,1.7188,14185258.9,2023-03-31 23:59:59.999,23903277.24341
2023-04-01,1.7188,1.7598,1.6789,1.7383,8508891.5,2023-04-01 23:59:59.999,14644602.00014
2023-04-02,1.7382,1.7525,1.6244,1.6559,14659717.8,2023-04-02 23:59:59.999,24547627.77202
2023-04-03,1.6559,1.7146,1.5774,1.6744,26121802.2,2023-04-03 23:59:59.999,43026803.98639
2023-04-04,1.6743,1.6923,1.6275,1.6784,10330739.0,2023-04-04 23:59:59.999,17207062.97986
2023-04-05,1.6784,1.72,1.6319,1.6979,10166228.5,2023-04-05 23:59:59.999,17081011.28272
2023-04-06,1.6977,1.7093,1.633,1.6979,10503338.2,2023-04-06 23:59:59.999,17620799.94376
2023-04-07,1.6978,1.7062,1.6303,1.6736,8392536.3,2023-04-07 23:59:59.999,13997373.44595
2023-04-08,1.6737,1.692,1.635,1.6726,7107680.2,2023-04-08 23:59:59.999,11851521.14776
2023-04-09,1.6726,1.7225,1.6337,1.7093,7716079.3,2023-04-09 23:59:59.999,12908335.33542
2023-04-10,1.7091,1.744,1.6805,1.7424,8678558.4,2023-04-10 23:59:59.999,14820436.66919
2023-04-11,1.7425,1.7689,1.717,1.7569,8179207.2,2023-04-11 23:59:59.999,14268051.92613
2023-04-12,1.7568,1.7793,1.671,1.7777,14173865.4,2023-04-12 23:59:59.999,24680373.99161
2023-04-13,1.7777,1.808,1.7305,1.7904,10147232.7,2023-04-13 23:59:59.999,17941802.4941
2023-04-14,1.79,1.8634,1.7395,1.8551,11485586.2,2023-04-14 23:59:59.999,20771968.61405
2023-04-15,1.8553,1.8805,1.8032,1.8432,10570764.1,2023-04-15 23:59:59.999,19529024.71459
2023-04-16,1.8429,1.8645,1.8,1.8508,6485339.2,2023-04-16 23:59:59.999,11905770.91077
2023-04-17,1.8507,1.8558,1.766,1.8133,12306410.5,2023-04-17 23:59:59.999,22186428.73573
2023-04-18,1.8134,1.9411,1.7851,1.8788,19583518.8,2023-04-18 23:59:59.999,36666326.46346
2023-04-19,1.8791,1.8834,1.6208,1.6606,15445340.0,2023-04-19 23:59:59.999,26864824.30167
2023-04-20,1.6604,1.6976,1.5838,1.6113,10265041.9,2023-04-20 23:59:59.999,16857118.66862
2023-04-21,1.6119,1.6324,1.4469,1.5006,12525423.0,2023-04-21 23:59:59.999,19404261.03433
2023-04-22,1.5007,1.5574,1.478,1.5541,13608831.9,2023-04-22 23:59:59.999,20602393.23794
2023-04-23,1.5535,1.5543,1.4813,1.5261,7969531.7,2023-04-23 23:59:59.999,12155544.3211
2023-04-24,1.5264,1.5548,1.4872,1.5317,6985587.6,2023-04-24 23:59:59.999,10653874.54215
2023-04-25,1.5316,1.5676,1.4725,1.5652,8818021.4,2023-04-25 23:59:59.999,13311195.46397
2023-04-26,1.5652,1.6663,1.4616,1.5767,17118916.7,2023-04-26 23:59:59.999,27154526.17626
2023-04-27,1.5764,1.6578,1.5416,1.6082,12127159.5,2023-04-27 23:59:59.999,19335180.87385
2023-04-28,1.6079,1.6094,1.5541,1.6005,5954139.5,2023-04-28 23:59:59.999,9447071.41344
2023-04-29,1.6004,1.901,1.5939,1.8759,109783721.5,2023-04-29 23:59:59.999,196901868.43356
2023-04-30,1.8762,1.99,1.8065,1.8696,387173418.5,2023-04-30 23:59:59.999,736698080.74893
2023-05-01,1.8696,1.94,1.81,1.8661,150589990.3,2023-05-01 23:59:59.999,283109328.86404
2023-05-02,1.8663,2.12,1.8478,1.9799,235992604.7,2023-05-02 23:59:59.999,470758151.19549
2023-05-03,1.9801,2.0118,1.7872,1.8514,144659109.4,2023-05-03 23:59:59.999,269175804.52351
2023-05-04,1.8517,1.8517,1.6924,1.7069,70645735.7,2023-05-04 23:59:59.999,125300027.87487
2023-05-05,1.7072,1.7493,1.5822,1.6901,70538778.4,2023-05-05 23:59:59.999,120565419.93165
2023-05-06,1.69,1.8206,1.5685,1.8031,129689084.7,2023-05-06 23:59:59.999,224951309.41811
2023-05-07,1.8035,1.8414,1.7082,1.758,193251860.7,2023-05-07 23:59:59.999,343926560.41754
2023-05-08,1.758,1.8597,1.6519,1.6735,227609621.2,2023-05-08 23:59:59.999,401642477.21552
2023-05-09,1.6734,1.71,1.5297,1.5371,84814149.8,2023-05-09 23:59:59.999,136257290.70971
2023-05-10,1.5368,1.6011,1.407,1.5757,101006665.8,2023-05-10 23:59:59.999,153737884.54463
2023-05-11,1.5756,1.5807,1.4205,1.4453,58254117.0,2023-05-11 23:59:59.999,87279062.85899
2023-05-12,1.4453,1.535,1.4001,1.5244,51725425.3,2023-05-12 23:59:59.999,76557930.30639
2023-05-13,1.5243,1.5394,1.469,1.4981,31718697.5,2023-05-13 23:59:59.999,47830456.00909
2023-05-14,1.4981,1.5096,1.4618,1.4942,25036423.6,2023-05-14 23:59:59.999,37144422.55105
2023-05-15,1.4938,1.5468,1.4632,1.5255,24419929.6,2023-05-15 23:59:59.999,37073250.39796
2023-05-16,1.5257,1.5555,1.5,1.535,23487300.4,2023-05-16 23:59:59.999,35902026.74093
2023-05-17,1.5349,1.6289,1.5215,1.609,31027755.0,2023-05-17 23:59:59.999,48818610.98928
2023-05-18,1.6092,1.6348,1.5651,1.5807,27271644.4,2023-05-18 23:59:59.999,43683591.00372
2023-05-19,1.5809,1.6413,1.5661,1.619,24598857.5,2023-05-19 23:59:59.999,39608128.79306
2023-05-20,1.6193,1.6203,1.5717,1.5845,13500639.1,2023-05-20 23:59:59.999,21453817.31845
2023-05-21,1.5848,1.7488,1.5704,1.6189,135184351.2,2023-05-21 23:59:59.999,226748189.23398
2023-05-22,1.6188,1.67,1.5644,1.5822,59840041.7,2023-05-22 23:59:59.999,96103309.96158
2023-05-23,1.5821,1.6219,1.5654,1.6031,28396687.7,2023-05-23 23:59:59.999,45434215.69623
2023-05-24,1.6031,1.6215,1.5321,1.5687,28162909.2,2023-05-24 23:59:59.999,44332523.62984
2023-05-25,1.5687,1.5737,1.5125,1.536,19116111.2,2023-05-25 23:59:59.999,29544580.35833
2023-05-26,1.5359,1.5641,1.5143,1.557,17132437.3,2023-05-26 23:59:59.999,26397869.39124
2023-05-27,1.5572,1.5976,1.5507,1.5845,15872840.3,2023-05-27 23:59:59.999,25007806.87437
2023-05-28,1.5842,1.6351,1.5706,1.5916,18272465.7,2023-05-28 23:59:59.999,29146678.87981
2023-05-29,1.5912,1.6028,1.5407,1.5648,18197085.9,2023-05-29 23:59:59.999,28588133.7032
2023-05-30,1.5649,1.616,1.5484,1.5794,19487096.1,2023-05-30 23:59:59.999,30832281.17849
2023-05-31,1.5793,1.5997,1.5026,1.5172,16381361.1,2023-05-31 23:59:59.999,25141122.96541
2023-06-01,1.5171,1.5349,1.4812,1.514,11679455.2,2023-06-01 23:59:59.999,17664998.25114
2023-06-02,1.5138,1.5435,1.4941,1.5405,10645075.8,2023-06-02 23:59:59.999,16262038.21362
2023-06-03,1.5404,1.5481,1.5167,1.5206,10185589.1,2023-06-03 23:59:59.999,15633034.7109
2023-06-04,1.5206,1.5851,1.506,1.527,15990872.2,2023-06-04 23:59:59.999,24739836.19646
2023-06-05,1.5269,1.5305,1.2961,1.3484,25938665.7,2023-06-05 23:59:59.999,37006058.38102
2023-06-06,1.3481,1.4196,1.3301,1.4033,9271103.5,2023-06-06 23:59:59.999,12735927.92058
2023-06-07,1.4033,1.4087,1.3214,1.3417,8790803.7,2023-06-07 23:59:59.999,11987125.63895
2023-06-08,1.3417,1.5165,1.3167,1.3924,110780865.5,2023-06-08 23:59:59.999,160847762.65408
2023-06-09,1.3924,1.3994,1.3521,1.3659,23384343.0,2023-06-09 23:59:59.999,32249889.40515
2023-06-10,1.366,1.3728,0.9935,1.1776,38609283.5,2023-06-10 23:59:59.999,45110848.16335
2023-06-11,1.1776,1.2449,1.1749,1.2219,16279218.2,2023-06-11 23:59:59.999,19547956.52412
2023-06-12,1.2218,1.2586,1.1813,1.2528,14625769.5,2023-06-12 23:59:59.999,17909027.27624
2023-06-13,1.2534,1.2779,1.2292,1.254,12749899.6,2023-06-13 23:59:59.999,15974442.10823
2023-06-14,1.254,1.2553,1.1326,1.1814,14815574.9,2023-06-14 23:59:59.999,17940598.78774
2023-06-15,1.1815,1.2301,1.1527,1.2204,12484472.6,2023-06-15 23:59:59.999,14810392.73754
2023-06-16,1.2204,1.2495,1.18,1.2271,9955746.1,2023-06-16 23:59:59.999,12062407.34078
2023-06-17,1.2271,1.2735,1.2156,1.2389,6676025.1,2023-06-17 23:59:59.999,8314631.4007
2023-06-18,1.2389,1.2583,1.215,1.2271,7487980.3,2023-06-18 23:59:59.999,9270956.94297
2023-06-19,1.2266,1.2446,1.2067,1.239,6736210.6,2023-06-19 23:59:59.999,8260244.13882
2023-06-20,1.239,1.2873,1.2131,1.2815,8902461.2,2023-06-20 23:59:59.999,11134487.07878
2023-06-21,1.2819,1.3653,1.2761,1.34,16565387.9,2023-06-21 23:59:59.999,21882947.02373
2023-06-22,1.3404,1.3922,1.3163,1.3352,11225333.5,2023-06-22 23:59:59.999,15227933.42481
2023-06-23,1.3352,1.4146,1.3348,1.3886,15648250.9,2023-06-23 23:59:59.999,21416302.92686
2023-06-24,1.3891,1.43,1.3499,1.3871,15622636.5,2023-06-24 23:59:59.999,21709971.45416
2023-06-25,1.3875,1.4352,1.3799,1.3981,8383261.5,2023-06-25 23:59:59.999,11800755.44681
2023-06-26,1.3982,1.415,1.3157,1.3561,15423330.0,2023-06-26 23:59:59.999,21188929.07313
2023-06-27,1.3561,1.4056,1.347,1.3853,7907690.0,2023-06-27 23:59:59.999,10928346.5723
2023-06-28,1.3854,1.4016,1.246,1.2876,11098341.5,2023-06-28 23:59:59.999,14699536.6934
2023-06-29,1.2873,1.3173,1.2753,1.2899,6213996.9,2023-06-29 23:59:59.999,8056396.5441
2023-06-30,1.2899,1.3576,1.2132,1.3258,12228147.0,2023-06-30 23:59:59.999,16020415.23344
2023-07-01,1.3259,1.3556,1.3008,1.3547,5537615.3,2023-07-01 23:59:59.999,7368425.04164
2023-07-02,1.3542,1.3662,1.3045,1.3463,6384646.3,2023-07-02 23:59:59.999,8487997.37117
2023-07-03,1.3464,1.3812,1.3325,1.3663,15441677.6,2023-07-03 23:59:59.999,21011809.61576
2023-07-04,1.3664,1.3768,1.335,1.3605,8798780.1,2023-07-04 23:59:59.999,11964275.68165
2023-07-05,1.3604,1.4058,1.2745,1.2975,12047152.5,2023-07-05 23:59:59.999,16072707.51071
2023-07-06,1.2975,1.3263,1.2246,1.2268,11530717.0,2023-07-06 23:59:59.999,14690360.00108
2023-07-07,1.2264,1.2552,1.2111,1.2416,6916100.6,2023-07-07 23:59:59.999,8546379.33243
2023-07-08,1.2418,1.2549,1.1921,1.2282,6936124.3,2023-07-08 23:59:59.999,8501953.0711
2023-07-09,1.2283,1.2384,1.2063,1.2118,4748642.1,2023-07-09 23:59:59.999,5799741.49004
2023-07-10,1.2118,1.2419,1.1636,1.2209,16236481.7,2023-07-10 23:59:59.999,19489422.73211
2023-07-11,1.221,1.2305,1.1962,1.2205,5263425.4,2023-07-11 23:59:59.999,6395396.73992
2023-07-12,1.2204,1.241,1.194,1.2173,5931348.2,2023-07-12 23:59:59.999,7237363.21704
2023-07-13,1.2174,1.2907,1.2047,1.2892,9886397.1,2023-07-13 23:59:59.999,12412712.8496
2023-07-14,1.2891,1.3351,1.2192,1.267,12619987.7,2023-07-14 23:59:59.999,16163528.09977
2023-07-15,1.267,1.3022,1.2493,1.2683,6525960.5,2023-07-15 23:59:59.999,8307240.50088
2023-07-16,1.2683,1.2734,1.2133,1.2202,5497827.6,2023-07-16 23:59:59.999,6829843.59891
2023-07-17,1.2201,1.2748,1.21,1.2509,11404695.0,2023-07-17 23:59:59.999,14206560.55747
2023-07-18,1.2512,1.2602,1.1885,1.212,6066102.8,2023-07-18 23:59:59.999,7412680.52831
2023-07-19,1.212,1.2259,1.1886,1.2007,5401561.9,2023-07-19 23:59:59.999,6521034.26223
2023-07-20,1.2007,1.2455,1.1908,1.2094,7678217.8,2023-07-20 23:59:59.999,9343717.99239
2023-07-21,1.2093,1.2323,1.2012,1.2155,4231332.8,2023-07-21 23:59:59.999,5145707.14506
2023-07-22,1.2155,1.2323,1.1778,1.1923,4084218.9,2023-07-22 23:59:59.999,4946317.5688
2023-07-23,1.1922,1.2187,1.1831,1.2071,3224945.5,2023-07-23 23:59:59.999,3879075.78243
2023-07-24,1.2071,1.2208,1.1263,1.154,8864459.1,2023-07-24 23:59:59.999,10331274.51661
2023-07-25,1.1542,1.1633,1.134,1.1467,4582774.4,2023-07-25 23:59:59.999,5258562.25055
2023-07-26,1.1467,1.186,1.12,1.1618,9732741.3,2023-07-26 23:59:59.999,11232663.89566
2023-07-27,1.1618,1.2135,1.1528,1.176,7540539.3,2023-07-27 23:59:59.999,8931935.57134
2023-07-28,1.1761,1.2414,1.172,1.202,13369319.7,2023-07-28 23:59:59.999,16170008.32023
2023-07-29,1.2021,1.2098,1.1862,1.1953,4899459.6,2023-07-29 23:59:59.999,5866955.88902
2023-07-30,1.1954,1.2119,1.1559,1.188,5598495.0,2023-07-30 23:59:59.999,6679116.07751
2023-07-31,1.188,1.2254,1.1764,1.1853,7462891.5,2023-07-31 23:59:59.999,8984181.25103
2023-08-01,1.1853,1.22,1.141,1.219,8053111.5,2023-08-01 23:59:59.999,9613441.21826
2023-08-02,1.219,1.2265,1.1809,1.1898,5053816.2,2023-08-02 23:59:59.999,6064441.38176
2023-08-03,1.1899,1.2016,1.1561,1.16,4847679.5,2023-08-03 23:59:59.999,5688133.13385
2023-08-04,1.1603,1.1784,1.1502,1.1565,3961863.2,2023-08-04 23:59:59.999,4613882.75658
2023-08-05,1.1565,1.1631,1.145,1.1622,1980314.8,2023-08-05 23:59:59.999,2284213.1032
2023-08-06,1.1621,1.2113,1.1602,1.2047,5282457.9,2023-08-06 23:59:59.999,6318544.40638
2023-08-07,1.2047,1.3351,1.2,1.2258,38902139.1,2023-08-07 23:59:59.999,48988130.91213
2023-08-08,1.2258,1.242,1.21,1.2312,10116665.5,2023-08-08 23:59:59.999,12397096.72162
2023-08-09,1.2312,1.296,1.2234,1.2439,20196851.9,2023-08-09 23:59:59.999,25231591.36186
2023-08-10,1.2439,1.3145,1.2352,1.2595,29913936.7,2023-08-10 23:59:59.999,37855805.53412
2023-08-11,1.2594,1.3088,1.23,1.2767,13445368.9,2023-08-11 23:59:59.999,17211161.66058
2023-08-12,1.2767,1.3146,1.2623,1.2662,8243143.8,2023-08-12 23:59:59.999,10555330.36495
2023-08-13,1.2664,1.302,1.2664,1.2859,4761522.9,2023-08-13 23:59:59.999,6101406.36018
2023-08-14,1.2857,1.3043,1.273,1.2827,5160647.9,2023-08-14 23:59:59.999,6636685.07987
2023-08-15,1.2827,1.2834,1.1444,1.2031,7247382.6,2023-08-15 23:59:59.999,8844540.72703
2023-08-16,1.203,1.211,1.1029,1.1386,6740207.1,2023-08-16 23:59:59.999,7783517.71537
2023-08-17,1.1386,1.144,0.8946,1.0218,13826031.4,2023-08-17 23:59:59.999,14630531.15822
2023-08-18,1.0221,1.0508,1.0078,1.0256,10272568.3,2023-08-18 23:59:59.999,10592639.80013
2023-08-19,1.0252,1.0647,1.0215,1.0531,6468232.7,2023-08-19 23:59:59.999,6767213.32102
2023-08-20,1.0529,1.0637,1.0276,1.0514,4690160.9,2023-08-20 23:59:59.999,4913021.64035
2023-08-21,1.0512,1.057,0.9897,1.0333,6510358.0,2023-08-21 23:59:59.999,6668791.21679
2023-08-22,1.0332,1.0408,0.9761,1.0342,8251026.9,2023-08-22 23:59:59.999,8342926.0913
2023-08-23,1.0342,1.0612,1.015,1.0464,5224752.7,2023-08-23 23:59:59.999,5418966.99534
2023-08-24,1.0461,1.0494,0.9896,1.0061,5493043.1,2023-08-24 23:59:59.999,5603288.91277
2023-08-25,1.0064,1.012,0.9736,1.0096,6364541.8,2023-08-25 23:59:59.999,6322286.02168
2023-08-26,1.0096,1.0198,0.982,0.9837,3432521.6,2023-08-26 23:59:59.999,3440826.07192
2023-08-27,0.9836,0.9867,0.9258,0.9615,32981335.2,2023-08-27 23:59:59.999,31168474.82511
2023-08-28,0.9614,0.9885,0.9507,0.9845,16585251.4,2023-08-28 23:59:59.999,16085935.92189
2023-08-29,0.9846,1.069,0.9401,1.0387,17838206.4,2023-08-29 23:59:59.999,18083690.08642
2023-08-30,1.0387,1.0472,1.0167,1.0361,6654602.3,2023-08-30 23:59:59.999,6870749.42094
2023-08-31,1.0358,1.047,0.9851,0.9925,7589569.7,2023-08-31 23:59:59.999,7720420.57717
2023-09-01,0.9926,1.0031,0.9609,0.9731,6840602.4,2023-09-01 23:59:59.999,6721154.53173
2023-09-02,0.9732,1.1604,0.9678,1.1239,95022830.8,2023-09-02 23:59:59.999,103524716.68599
2023-09-03,1.1235,1.1813,1.0665,1.1356,74829754.7,2023-09-03 23:59:59.999,83516341.76655
2023-09-04,1.1357,1.1876,1.0437,1.077,31804990.5,2023-09-04 23:59:59.999,34909165.58629
2023-09-05,1.077,1.1142,1.0606,1.1012,12244495.0,2023-09-05 23:59:59.999,13323936.42165
2023-09-06,1.1012,1.1231,1.0675,1.1047,8474344.4,2023-09-06 23:59:59.999,9302930.46685
2023-09-07,1.1048,1.1072,1.0681,1.0966,4681294.3,2023-09-07 23:59:59.999,5086273.42442
2023-09-08,1.0969,1.123,1.0578,1.0993,7544032.8,2023-09-08 23:59:59.999,8240256.4886
2023-09-09,1.0993,1.1073,1.0544,1.0607,6399372.9,2023-09-09 23:59:59.999,6889880.44899
2023-09-10,1.0605,1.0606,0.9856,1.0309,8317104.3,2023-09-10 23:59:59.999,8458163.5692
2023-09-11,1.031,1.0506,0.964,0.9907,10187584.5,2023-09-11 23:59:59.999,10269558.68465
2023-09-12,0.9908,1.0395,0.9779,0.9902,6669260.5,2023-09-12 23:59:59.999,6717536.46916
2023-09-13,0.9902,1.0275,0.9831,1.01,7135907.1,2023-09-13 23:59:59.999,7200740.70164
2023-09-14,1.0098,1.0347,0.9991,1.0132,4478422.6,2023-09-14 23:59:59.999,4552481.73894
2023-09-15,1.0133,1.0473,1.001,1.0447,4810526.0,2023-09-15 23:59:59.999,4897724.90355
2023-09-16,1.0449,1.0683,1.0399,1.0499,4031550.5,2023-09-16 23:59:59.999,4247577.36785
2023-09-17,1.0498,1.0525,0.9839,0.9962,4833747.8,2023-09-17 23:59:59.999,4917333.01314
2023-09-18,0.9959,1.0492,0.983,1.0154,6327478.8,2023-09-18 23:59:59.999,6460700.2749
2023-09-19,1.0153,1.0639,1.0051,1.0392,7515219.9,2023-09-19 23:59:59.999,7812937.67658
2023-09-20,1.0392,1.0567,1.0169,1.0337,6815246.1,2023-09-20 23:59:59.999,7041539.84471
2023-09-21,1.0338,1.0474,0.9984,1.0235,5588629.8,2023-09-21 23:59:59.999,5724885.24394
2023-09-22,1.0234,1.0346,1.0004,1.0151,5422322.9,2023-09-22 23:59:59.999,5513052.76514
2023-09-23,1.0153,1.0304,1.0008,1.0097,6056692.8,2023-09-23 23:59:59.999,6144418.91204
2023-09-24,1.0097,1.0155,0.9864,0.9915,5451691.8,2023-09-24 23:59:59.999,5475121.1926
2023-09-25,0.9914,1.0123,0.9769,0.9985,4986008.1,2023-09-25 23:59:59.999,4983546.31304
2023-09-26,0.9984,1.0059,0.9505,0.9716,7799352.7,2023-09-26 23:59:59.999,7612815.6063
2023-09-27,0.9715,0.9818,0.9509,0.9591,5520920.3,2023-09-27 23:59:59.999,5333728.45776
2023-09-28,0.959,1.0064,0.9553,1.0016,7415834.6,2023-09-28 23:59:59.999,7303215.50239
2023-09-29,1.0015,1.0086,0.9828,1.0072,4597305.2,2023-09-29 23:59:59.999,4593621.77959
2023-09-30,1.0072,1.0125,0.9971,1.0068,2741056.3,2023-09-30 23:59:59.999,2755414.76035
2023-10-01,1.0067,1.062,1.003,1.0516,6603996.7,2023-10-01 23:59:59.999,6835221.88133
2023-10-02,1.052,1.0739,1.0068,1.0339,8429149.1,2023-10-02 23:59:59.999,8841925.64853
2023-10-03,1.034,1.0681,1.0194,1.0253,10820301.7,2023-10-03 23:59:59.999,11333372.37177
2023-10-04,1.0253,1.0298,0.9684,1.0251,6733256.4,2023-10-04 23:59:59.999,6773096.74597
2023-10-05,1.025,1.0342,0.9971,1.0061,4687132.4,2023-10-05 23:59:59.999,4759862.45049
2023-10-06,1.0064,1.022,0.986,1.0116,5224805.4,2023-10-06 23:59:59.999,5264967.18949
2023-10-07,1.0117,1.0172,0.9949,1.0141,2964282.5,2023-10-07 23:59:59.999,2988283.18675
2023-10-08,1.0137,1.0196,0.9825,1.0167,6923618.5,2023-10-08 23:59:59.999,6984519.73209
2023-10-09,1.0168,1.0181,0.9425,0.9561,6563289.5,2023-10-09 23:59:59.999,6397976.3013
2023-10-10,0.9561,0.9815,0.9472,0.969,5953309.5,2023-10-10 23:59:59.999,5753224.14414
2023-10-11,0.9687,0.9762,0.9462,0.9613,5103040.5,2023-10-11 23:59:59.999,4895421.76591
2023-10-12,0.9612,0.9612,0.9299,0.9432,6605973.5,2023-10-12 23:59:59.999,6233592.18593
2023-10-13,0.9433,0.9544,0.915,0.9387,8508803.2,2023-10-13 23:59:59.999,7952064.08327
2023-10-14,0.9386,0.9594,0.9352,0.9502,4131316.7,2023-10-14 23:59:59.999,3918488.10336
2023-10-15,0.95,0.9997,0.9428,0.9906,6723262.4,2023-10-15 23:59:59.999,6527057.57755
2023-10-16,0.9907,1.1456,0.9866,1.0526,67648164.5,2023-10-16 23:59:59.999,73269904.68666
2023-10-17,1.0526,1.0838,0.974,0.9913,23980978.9,2023-10-17 23:59:59.999,24694871.34021
2023-10-18,0.9913,1.0145,0.9489,0.9546,6788491.1,2023-10-18 23:59:59.999,6661060.11167
2023-10-19,0.9545,0.9702,0.9403,0.9501,4392952.5,2023-10-19 23:59:59.999,4190789.77436
2023-10-20,0.9503,0.9921,0.9437,0.9642,4473742.7,2023-10-20 23:59:59.999,4332693.48145
2023-10-21,0.9642,1.0139,0.9564,0.9999,4817309.8,2023-10-21 23:59:59.999,4750547.8137
2023-10-22,0.9997,1.0153,0.9721,1.0121,4295321.5,2023-10-22 23:59:59.999,4289371.1373
2023-10-23,1.0122,1.0792,0.999,1.0725,7387699.1,2023-10-23 23:59:59.999,7609386.84464
2023-10-24,1.0725,1.1294,1.039,1.099,8573902.8,2023-10-24 23:59:59.999,9342350.29791
2023-10-25,1.099,1.1477,1.0697,1.1212,6864635.1,2023-10-25 23:59:59.999,7625620.34298
2023-10-26,1.1209,1.1495,1.0548,1.1036,7339454.8,2023-10-26 23:59:59.999,8107270.18166
2023-10-27,1.1035,1.1188,1.0659,1.0833,4294844.4,2023-10-27 23:59:59.999,4696436.06121
2023-10-28,1.0835,1.1559,1.08,1.1244,6609905.6,2023-10-28 23:59:59.999,7480995.47538
2023-10-29,1.1244,1.1865,1.106,1.1654,7997691.4,2023-10-29 23:59:59.999,9262215.15985
2023-10-30,1.1652,1.1821,1.1213,1.1703,6922321.9,2023-10-30 23:59:59.999,8035134.7427
2023-10-31,1.1703,1.1954,1.1021,1.1338,11338878.4,2023-10-31 23:59:59.999,13237514.86533
2023-11-01,1.1338,1.1799,1.0863,1.1662,12621375.4,2023-11-01 23:59:59.999,14232714.76629
2023-11-02,1.1657,1.2225,1.1501,1.1756,12886855.5,2023-11-02 23:59:59.999,15269249.34691
2023-11-03,1.1765,1.1946,1.1124,1.1889,6786680.5,2023-11-03 23:59:59.999,7840942.59294
2023-11-04,1.189,1.2145,1.1742,1.207,6162740.1,2023-11-04 23:59:59.999,7341290.22165
2023-11-05,1.2071,1.2403,1.1811,1.2212,7291807.9,2023-11-05 23:59:59.999,8853293.849
2023-11-06,1.2214,1.2618,1.1935,1.2553,9594892.1,2023-11-06 23:59:59.999,11842686.3381
2023-11-07,1.2553,1.2606,1.1821,1.2374,6756104.3,2023-11-07 23:59:59.999,8312184.20202
2023-11-08,1.2372,1.2475,1.2104,1.2329,5287053.4,2023-11-08 23:59:59.999,6512975.4589
2023-11-09,1.2327,1.319,1.1001,1.2457,14508479.8,2023-11-09 23:59:59.999,18165920.1913
2023-11-10,1.2457,1.3125,1.2238,1.2839,5339994.5,2023-11-10 23:59:59.999,11806412.30655
2023-11-11,1.2837,1.34,1.2262,1.3128,9464909.0,2023-11-11 23:59:59.999,12158601.99773
2023-11-12,1.3125,1.3596,1.2503,1.3154,14228990.8,2023-11-12 23:59:59.999,18713708.42471
2023-11-13,1.315,1.3469,1.2301,1.232,10115237.8,2023-11-13 23:59:59.999,13081266.59033
2023-11-14,1.2316,1.2649,1.15,1.2085,9698531.1,2023-11-14 23:59:59.999,11804251.31143
2023-11-15,1.2086,1.4,1.2044,1.3583,17232305.6,2023-11-15 23:59:59.999,22929651.5465
2023-11-16,1.3581,1.503,1.3415,1.4043,37905961.5,2023-11-16 23:59:59.999,53729620.0218
2023-11-17,1.4047,1.4586,1.3245,1.4312,22309157.1,2023-11-17 23:59:59.999,31447503.45443
2023-11-18,1.4313,1.4313,1.3105,1.4149,11966510.1,2023-11-18 23:59:59.999,16545588.64579
2023-11-19,1.4148,1.5085,1.363,1.4599,14955822.5,2023-11-19 23:59:59.999,21656663.18115
2023-11-20,1.4601,1.6505,1.4225,1.494,24459335.3,2023-11-20 23:59:59.999,37541628.04408
2023-11-21,1.4937,1.5355,1.3155,1.3208,16248411.5,2023-11-21 23:59:59.999,23479618.9447
2023-11-22,1.321,1.4898,1.3151,1.4701,11118222.3,2023-11-22 23:59:59.999,15813928.64083
2023-11-23,1.4701,1.4839,1.401,1.4095,5159648.9,2023-11-23 23:59:59.999,7420150.77531
2023-11-24,1.4094,1.6299,1.3811,1.5775,24961201.3,2023-11-24 23:59:59.999,38010598.45375
2023-11-25,1.5775,1.6141,1.5277,1.5502,9851792.3,2023-11-25 23:59:59.999,15356715.36312
2023-11-26,1.5498,1.5809,1.4486,1.5274,8532564.5,2023-11-26 23:59:59.999,13036407.93258
2023-11-27,1.527,1.5485,1.4307,1.4586,10520718.6,2023-11-27 23:59:59.999,15681042.68619
2023-11-28,1.4585,1.4945,1.42,1.4818,6433612.7,2023-11-28 23:59:59.999,9375936.44515
2023-11-29,1.4818,1.5794,1.4692,1.5674,12889928.1,2023-11-29 23:59:59.999,19874179.55823
2023-11-30,1.5674,1.5876,1.4646,1.4803,9225558.5,2023-11-30 23:59:59.999,13987075.55882
2023-12-01,1.4802,1.5135,1.4673,1.5132,5262226.0,2023-12-01 23:59:59.999,7841378.54354
2023-12-02,1.5131,1.6959,1.5102,1.5846,17604020.7,2023-12-02 23:59:59.999,27884783.0955
2023-12-03,1.5847,1.6009,1.53,1.5548,10378736.3,2023-12-03 23:59:59.999,16262676.10221
2023-12-04,1.5548,1.6014,1.4102,1.5183,15895497.9,2023-12-04 23:59:59.999,24092474.57203
2023-12-05,1.5183,1.5462,1.4641,1.5384,8573159.4,2023-12-05 23:59:59.999,12930547.15699
2023-12-06,1.5385,1.558,1.4727,1.4984,7236321.7,2023-12-06 23:59:59.999,11013535.18859
2023-12-07,1.498,1.5828,1.4819,1.5638,5997921.7,2023-12-07 23:59:59.999,9237220.51165
2023-12-08,1.5637,1.6609,1.5455,1.6095,11655167.7,2023-12-08 23:59:59.999,18591865.46213
2023-12-09,1.6094,1.636,1.5446,1.563,6191431.4,2023-12-09 23:59:59.999,9915756.93722
2023-12-10,1.5631,1.6192,1.5337,1.6015,4681544.1,2023-12-10 23:59:59.999,7422660.91152
2023-12-11,1.6018,1.612,1.353,1.4672,8455759.4,2023-12-11 23:59:59.999,12445956.15777
2023-12-12,1.4672,1.6572,1.4616,1.6405,8337913.7,2023-12-12 23:59:59.999,12854721.99855
2023-12-13,1.6403,1.6568,1.5255,1.5708,13571656.3,2023-12-13 23:59:59.999,21394782.32266
2023-12-14,1.571,1.7378,1.56,1.6999,13839685.4,2023-12-14 23:59:59.999,23249009.44937
2023-12-15,1.6995,1.7551,1.6803,1.6974,10275813.9,2023-12-15 23:59:59.999,17685234.93434
2023-12-16,1.6977,1.7895,1.6683,1.7259,9960061.3,2023-12-16 23:59:59.999,17280635.9534
2023-12-17,1.7258,1.7438,1.6494,1.6533,6345192.8,2023-12-17 23:59:59.999,10712683.8126
2023-12-18,1.6535,1.6701,1.5176,1.6306,6341676.9,2023-12-18 23:59:59.999,10127865.25575
2023-12-19,1.6306,1.6524,1.5375,1.5966,5481168.8,2023-12-19 23:59:59.999,8735041.95267
2023-12-20,1.5965,1.7361,1.5753,1.6935,10042641.2,2023-12-20 23:59:59.999,16766147.50938
2023-12-21,1.6933,1.7264,1.6527,1.6846,7945918.1,2023-12-21 23:59:59.999,13482159.71482
2023-12-22,1.6846,1.7343,1.6558,1.7103,6508788.3,2023-12-22 23:59:59.999,11087726.25985
2023-12-23,1.7104,1.7565,1.653,1.743,5541959.2,2023-12-23 23:59:59.999,9467431.08293
2023-12-24,1.7429,1.7459,1.6174,1.6673,5845737.1,2023-12-24 23:59:59.999,9907576.14402
2023-12-25,1.6666,1.7308,1.6584,1.7031,4348968.8,2023-12-25 23:59:59.999,7396322.03221
2023-12-26,1.7035,1.8361,1.62,1.7612,13451059.5,2023-12-26 23:59:59.999,23584651.56198
2023-12-27,1.7615,1.8666,1.7022,1.8211,7930471.7,2023-12-27 23:59:59.999,14284650.37324
2023-12-28,1.8211,1.8476,1.7048,1.7786,5915320.1,2023-12-28 23:59:59.999,10528675.33391
2023-12-29,1.7787,1.8285,1.6954,1.7818,6532502.5,2023-12-29 23:59:59.999,11623623.61807
2023-12-30,1.7818,1.8222,1.7175,1.7503,4890834.6,2023-12-30 23:59:59.999,8629994.62862
2023-12-31,1.7502,1.7844,1.67,1.7231,3921130.6,2023-12-31 23:59:59.999,6857243.06865
2024-01-01,1.7234,1.7583,1.6146,1.688,6476890.3,2024-01-01 23:59:59.999,10841649.24924
2024-01-02,1.688,1.7431,1.631,1.6786,5413723.8,2024-01-02 23:59:59.999,9160520.57898
2024-01-03,1.6786,1.7085,1.269,1.5215,9878041.7,2024-01-03 23:59:59.999,15149993.13622
2024-01-04,1.5213,1.609,1.492,1.5579,5671214.9,2024-01-04 23:59:59.999,8844076.22906
2024-01-05,1.5584,1.5735,1.4672,1.5256,5261644.0,2024-01-05 23:59:59.999,7977524.61011
2024-01-06,1.5257,1.5265,1.3867,1.4441,4417345.6,2024-01-06 23:59:59.999,6370091.55839
2024-01-07,1.4436,1.4723,1.3317,1.3524,4005758.7,2024-01-07 23:59:59.999,5656456.50898
2024-01-08,1.3526,1.4173,1.2356,1.4139,5968116.7,2024-01-08 23:59:59.999,7957777.46598
2024-01-09,1.4139,1.4181,1.276,1.3331,5413386.3,2024-01-09 23:59:59.999,7228468.84369
2024-01-10,1.3328,1.4754,1.3,1.4431,5928006.8,2024-01-10 23:59:59.999,8087856.2482
2024-01-11,1.4432,1.5154,1.4274,1.4872,5484058.0,2024-01-11 23:59:59.999,8076933.10952
2024-01-12,1.4876,1.5245,1.384,1.4453,6264302.3,2024-01-12 23:59:59.999,9222103.55074
2024-01-13,1.4451,1.4786,1.3977,1.459,3183605.7,2024-01-13 23:59:59.999,4614910.51968
2024-01-14,1.459,1.4776,1.4248,1.4331,4810891.4,2024-01-14 23:59:59.999,6997602.30096
2024-01-15,1.4331,1.6052,1.4274,1.5138,19387983.8,2024-01-15 23:59:59.999,29811333.7332
2024-01-16,1.5139,1.57,1.4873,1.5395,9074284.4,2024-01-16 23:59:59.999,13783312.27555
2024-01-17,1.5398,1.5704,1.5105,1.5421,5501930.6,2024-01-17 23:59:59.999,8494145.13437
2024-01-18,1.5423,1.5998,1.4821,1.5601,9576215.2,2024-01-18 23:59:59.999,14847468.73135
2024-01-19,1.5599,2.2668,1.5156,2.0653,99897396.8,2024-01-19 23:59:59.999,186431389.00452
2024-01-20,2.0653,2.2222,1.7935,1.8479,105126184.0,2024-01-20 23:59:59.999,204494236.90785
2024-01-21,1.8479,2.5532,1.8299,2.2336,127262586.8,2024-01-21 23:59:59.999,285347037.41924
2024-01-22,2.2337,2.2702,1.9631,2.1842,73397725.5,2024-01-22 23:59:59.999,153788135.50986
2024-01-23,2.1849,2.3267,1.9514,2.1362,66082744.8,2024-01-23 23:59:59.999,140688635.68298
2024-01-24,2.1363,2.4356,2.1304,2.3185,59648140.3,2024-01-24 23:59:59.999,137186248.74918
2024-01-25,2.319,2.3942,2.0625,2.0798,32978933.4,2024-01-25 23:59:59.999,73671004.4172
2024-01-26,2.0795,2.2325,2.0599,2.1968,20488728.7,2024-01-26 23:59:59.999,44453488.1457
2024-01-27,2.1969,2.3486,2.1263,2.3466,16930367.9,2024-01-27 23:59:59.999,37043275.10229
2024-01-28,2.3472,2.7343,2.1992,2.4807,102140108.0,2024-01-28 23:59:59.999,257247873.04499
2024-01-29,2.4808,2.5685,2.3222,2.4991,51948054.9,2024-01-29 23:59:59.999,126581449.79016
2024-01-30,2.4994,2.5231,2.3347,2.4242,27795244.6,2024-01-30 23:59:59.999,66908090.56908
2024-01-31,2.4254,2.4775,2.2522,2.2777,24702446.7,2024-01-31 23:59:59.999,58419459.95256
2024-02-01,2.2776,2.4455,2.234,2.388,19155655.7,2024-02-01 23:59:59.999,44660619.1223
2024-02-02,2.3876,2.4679,2.3315,2.3997,12927158.3,2024-02-02 23:59:59.999,31011976.12232
2024-02-03,2.3998,2.4269,2.3201,2.3318,7037986.1,2024-02-03 23:59:59.999,16741652.32787
2024-02-04,2.3318,2.3384,2.1585,2.1688,11275793.2,2024-02-04 23:59:59.999,25156063.81244
2024-02-05,2.1689,2.212,2.137,2.1721,7329929.2,2024-02-05 23:59:59.999,15947753.00445
2024-02-06,2.173,2.2068,2.1016,2.1472,6874941.6,2024-02-06 23:59:59.999,14805642.62614
2024-02-07,2.1472,2.407,2.0842,2.3228,15302997.6,2024-02-07 23:59:59.999,34328227.4419
2024-02-08,2.3227,2.3554,2.1723,2.1873,9195039.9,2024-02-08 23:59:59.999,20729900.764
2024-02-09,2.1873,2.2957,2.1873,2.2252,9414009.5,2024-02-09 23:59:59.999,21068961.03901
2024-02-10,2.2252,2.2932,2.203,2.2346,6060409.6,2024-02-10 23:59:59.999,13603679.2159
2024-02-11,2.2345,2.2669,2.155,2.1696,5595623.7,2024-02-11 23:59:59.999,12375175.16101
2024-02-12,2.1696,2.3283,2.151,2.2791,9281305.1,2024-02-12 23:59:59.999,20726284.50401
2024-02-13,2.2791,2.2995,2.1575,2.215,6452821.1,2024-02-13 23:59:59.999,14377887.02423
2024-02-14,2.2149,2.3129,2.1875,2.3088,6966968.0,2024-02-14 23:59:59.999,15841967.8551
2024-02-15,2.309,2.5019,2.3016,2.4287,15413549.2,2024-02-15 23:59:59.999,37001991.94894
2024-02-16,2.429,2.8575,2.4116,2.6635,31668400.7,2024-02-16 23:59:59.999,83833167.55931
2024-02-17,2.6625,3.1155,2.54,3.0278,29823342.5,2024-02-17 23:59:59.999,82622741.0773
2024-02-18,3.0278,3.7281,2.9934,3.3358,69160527.8,2024-02-18 23:59:59.999,237233274.52948
2024-02-19,3.3359,3.5147,3.2126,3.4125,23356466.0,2024-02-19 23:59:59.999,79003568.36825
2024-02-20,3.4121,4.08,3.21,4.001,60149139.3,2024-02-20 23:59:59.999,225107495.86196
2024-02-21,4.001,4.08,3.5793,3.9841,41933036.3,2024-02-21 23:59:59.999,161389282.09993
2024-02-22,3.9845,4.3844,3.72,4.1135,31598859.2,2024-02-22 23:59:59.999,129480338.84841
2024-02-23,4.1134,4.2795,3.67,3.7576,20103102.0,2024-02-23 23:59:59.999,79925971.44178
2024-02-24,3.758,3.8235,3.6,3.6799,11349631.6,2024-02-24 23:59:59.999,42044087.67274
2024-02-25,3.6812,3.9289,3.6,3.652,11905301.6,2024-02-25 23:59:59.999,44479595.30504
2024-02-26,3.652,3.98,3.5668,3.8981,12790003.5,2024-02-26 23:59:59.999,48014643.66512
2024-02-27,3.8982,4.11,3.7762,3.826,8253775.3,2024-02-27 23:59:59.999,32434754.21007
2024-02-28,3.8264,4.311,3.4187,4.0405,15775371.3,2024-02-28 23:59:59.999,62873127.11548
2024-02-29,4.0405,4.3074,3.9257,4.0889,10214299.9,2024-02-29 23:59:59.999,42210378.0212
2024-03-01,4.0893,4.2176,4.0042,4.055,7822200.7,2024-03-01 23:59:59.999,32110229.9265
2024-03-02,4.0551,4.1261,3.8454,3.9285,8394759.7,2024-03-02 23:59:59.999,33086941.63128
2024-03-03,3.9283,3.9811,3.3033,3.8306,10372071.2,2024-03-03 23:59:59.999,39422269.81292
2024-03-04,3.8304,3.922,3.6208,3.7264,7837151.2,2024-03-04 23:59:59.999,29608355.47166
2024-03-05,3.7271,3.8454,2.8,3.3329,13137456.4,2024-03-05 23:59:59.999,45627814.34456
2024-03-06,3.3323,3.9328,3.2088,3.8467,14690044.6,2024-03-06 23:59:59.999,52819600.83111
2024-03-07,3.8464,4.0441,3.8158,3.875,11515991.3,2024-03-07 23:59:59.999,45186552.78453
2024-03-08,3.875,3.9581,3.5019,3.7093,9157769.0,2024-03-08 23:59:59.999,34302789.09351
2024-03-09,3.7095,4.7794,3.684,4.6164,25426929.9,2024-03-09 23:59:59.999,110957589.73721
2024-03-10,4.616,4.7929,4.1412,4.3281,14268114.8,2024-03-10 23:59:59.999,64065952.79048
2024-03-11,4.3281,4.508,4.1,4.2715,9079182.1,2024-03-11 23:59:59.999,39076773.67499
2024-03-12,4.2721,4.4387,3.9042,4.3982,9623839.3,2024-03-12 23:59:59.999,40585171.69084
2024-03-13,4.4002,4.5163,4.2344,4.4381,6748114.8,2024-03-13 23:59:59.999,29724769.53497
2024-03-14,4.4383,4.5135,3.9193,4.1759,9838493.2,2024-03-14 23:59:59.999,41143983.79125
2024-03-15,4.1765,4.228,3.5639,3.9335,9264759.8,2024-03-15 23:59:59.999,35917366.06062
2024-03-16,3.933,4.0059,3.3653,3.4674,6658135.0,2024-03-16 23:59:59.999,24736036.68036
2024-03-17,3.4691,4.426,3.3291,4.1781,16053639.5,2024-03-17 23:59:59.999,64794559.97023
2024-03-18,4.1785,4.2482,3.7226,3.7758,12130081.7,2024-03-18 23:59:59.999,47652527.1898
2024-03-19,3.776,3.8299,3.2864,3.5225,10939816.2,2024-03-19 23:59:59.999,38747847.5502
2024-03-20,3.5214,3.9409,3.3126,3.8756,9217561.1,2024-03-20 23:59:59.999,33582314.84593
2024-03-21,3.8751,4.0449,3.8125,3.9186,6805712.7,2024-03-21 23:59:59.999,26796288.35031
2024-03-22,3.9177,3.9954,3.5306,3.5896,5843004.2,2024-03-22 23:59:59.999,21990073.50536
2024-03-23,3.5896,3.724,3.5458,3.5928,5006549.5,2024-03-23 23:59:59.999,18284500.93081
2024-03-24,3.5925,3.8052,3.5362,3.7815,3857121.9,2024-03-24 23:59:59.999,14036282.26787
2024-03-25,3.7817,3.945,3.7712,3.866,3657879.0,2024-03-25 23:59:59.999,14118030.68998
2024-03-26,3.8656,3.9748,3.6898,3.7293,5445785.4,2024-03-26 23:59:59.999,20867167.6836
2024-03-27,3.73,4.1116,3.622,3.7197,11183439.3,2024-03-27 23:59:59.999,43265230.72591
2024-03-28,3.7198,4.1055,3.6397,3.9857,8749749.8,2024-03-28 23:59:59.999,34208046.55102
2024-03-29,3.9854,4.07,3.867,4.007,7114810.0,2024-03-29 23:59:59.999,28338960.75258
2024-03-30,4.0071,4.0533,3.7911,3.8556,4732792.7,2024-03-30 23:59:59.999,18607350.35531
2024-03-31,3.8552,3.9881,3.8307,3.8934,3333664.5,2024-03-31 23:59:59.999,13037007.88435
2024-04-01,3.8933,3.9611,3.5396,3.6416,6049104.8,2024-04-01 23:59:59.999,22523887.04783
2024-04-02,3.6426,3.6762,3.1749,3.3094,7155378.2,2024-04-02 23:59:59.999,23920718.06407
2024-04-03,3.3086,3.3786,3.1491,3.2578,4823037.6,2024-04-03 23:59:59.999,15817991.742
2024-04-04,3.2569,3.4576,3.1406,3.3432,4513064.2,2024-04-04 23:59:59.999,14981773.11657
2024-04-05,3.3432,3.3511,3.1435,3.2759,3203992.2,2024-04-05 23:59:59.999,10434444.78694
2024-04-06,3.2753,3.4181,3.2622,3.3671,2508374.4,2024-04-06 23:59:59.999,8420709.20653
2024-04-07,3.3658,3.4588,3.3432,3.4045,2339408.5,2024-04-07 23:59:59.999,7971756.41759
2024-04-08,3.4044,3.6136,3.307,3.6035,2721761.4,2024-04-08 23:59:59.999,9479804.78668
2024-04-09,3.6035,3.7,3.4489,3.5035,5203350.7,2024-04-09 23:59:59.999,18591222.89874
2024-04-10,3.5026,3.535,3.2242,3.5035,3668776.9,2024-04-10 23:59:59.999,12497016.04702
2024-04-11,3.5032,3.5235,3.2906,3.3105,2679030.9,2024-04-11 23:59:59.999,9098421.78704
2024-04-12,3.3116,3.3887,2.3172,2.7174,7579417.5,2024-04-12 23:59:59.999,21746426.48753
2024-04-13,2.7174,2.7753,1.9368,2.28,10240881.1,2024-04-13 23:59:59.999,24458449.63657
2024-04-14,2.2811,2.5562,2.1681,2.5183,8234570.6,2024-04-14 23:59:59.999,19678683.08811
2024-04-15,2.5183,2.6149,2.245,2.3455,6192780.4,2024-04-15 23:59:59.999,15195574.29699
2024-04-16,2.3453,2.4114,2.2385,2.3846,6156799.7,2024-04-16 23:59:59.999,14346385.24936
2024-04-17,2.3841,2.4345,2.2433,2.3606,4845601.9,2024-04-17 23:59:59.999,11383053.14911
2024-04-18,2.3606,2.5246,2.2894,2.5048,4481184.4,2024-04-18 23:59:59.999,10856947.27134
2024-04-19,2.5054,2.8754,2.3153,2.7168,10914738.4,2024-04-19 23:59:59.999,29243071.32971
2024-04-20,2.7168,2.9614,2.6623,2.9584,8775604.6,2024-04-20 23:59:59.999,24729011.77336
2024-04-21,2.9578,3.1143,2.9299,3.0057,6101650.6,2024-04-21 23:59:59.999,18397638.4401
2024-04-22,3.0057,3.102,2.988,3.0336,3593295.8,2024-04-22 23:59:59.999,10921078.50683
2024-04-23,3.0336,3.0935,2.9359,2.968,3500548.9,2024-04-23 23:59:59.999,10567697.37139
2024-04-24,2.968,3.2669,2.768,2.8173,6137442.3,2024-04-24 23:59:59.999,18706449.85108
2024-04-25,2.8176,2.9582,2.7098,2.873,4197128.5,2024-04-25 23:59:59.999,11942650.61654
2024-04-26,2.8724,2.8862,2.71,2.7423,2694332.0,2024-04-26 23:59:59.999,7489250.59272
2024-04-27,2.7428,2.8161,2.5998,2.8046,2632643.4,2024-04-27 23:59:59.999,7145363.81557
2024-04-28,2.8052,2.9564,2.7243,2.7525,2673446.2,2024-04-28 23:59:59.999,7607636.73277
2024-04-29,2.7525,2.7828,2.6603,2.7264,2666813.3,2024-04-29 23:59:59.999,7253909.6457
2024-04-30,2.7259,2.7712,2.38,2.4995,3223563.0,2024-04-30 23:59:59.999,8130577.75101
2024-05-01,2.4991,2.5376,2.3124,2.5219,3762189.4,2024-05-01 23:59:59.999,9152122.69377
2024-05-02,2.5217,2.5608,2.4288,2.5244,2550531.5,2024-05-02 23:59:59.999,6344652.68679
2024-05-03,2.5241,2.6768,2.4729,2.6389,3329755.0,2024-05-03 23:59:59.999,8622872.95072
2024-05-04,2.6387,2.7047,2.6058,2.6429,2536295.1,2024-05-04 23:59:59.999,6726336.91853
2024-05-05,2.6424,2.8822,2.5788,2.8241,5579915.2,2024-05-05 23:59:59.999,15282765.24256
2024-05-06,2.8235,3.2494,2.7991,2.9867,22389656.5,2024-05-06 23:59:59.999,68666650.14932
2024-05-07,2.9869,3.2399,2.9771,3.0925,15781005.4,2024-05-07 23:59:59.999,49212917.37001
2024-05-08,3.0929,3.2558,2.85,2.9379,11637818.3,2024-05-08 23:59:59.999,35691968.52163
2024-05-09,2.937,3.4362,2.937,3.2748,12625891.0,2024-05-09 23:59:59.999,40711962.10506
2024-05-10,3.2749,3.4839,3.2123,3.2855,10501172.0,2024-05-10 23:59:59.999,35040235.92062
2024-05-11,3.2841,3.4342,3.2715,3.3827,6126011.0,2024-05-11 23:59:59.999,20638603.50279
2024-05-12,3.3828,3.4533,3.2533,3.3182,5531613.5,2024-05-12 23:59:59.999,18575241.10983
2024-05-13,3.3183,3.4086,2.9616,3.0046,9794676.1,2024-05-13 23:59:59.999,30502286.4541
2024-05-14,3.0044,3.0873,2.8889,2.9393,4905682.6,2024-05-14 23:59:59.999,14689609.24532
2024-05-15,2.9394,3.3442,2.8669,3.3179,5375842.3,2024-05-15 23:59:59.999,16819441.0482
2024-05-16,3.3186,3.4786,3.2015,3.2952,4455906.4,2024-05-16 23:59:59.999,14870218.42448
2024-05-17,3.2942,3.3312,3.207,3.2674,3417091.4,2024-05-17 23:59:59.999,11175129.54088
2024-05-18,3.2663,3.3063,3.1612,3.1895,2340027.8,2024-05-18 23:59:59.999,7545978.09796
2024-05-19,3.1895,3.2086,3.0239,3.0525,2254970.8,2024-05-19 23:59:59.999,7032454.17665
2024-05-20,3.0527,3.3163,2.9862,3.2975,3503638.8,2024-05-20 23:59:59.999,10991963.02005
2024-05-21,3.2977,3.4163,3.2525,3.3293,3947675.5,2024-05-21 23:59:59.999,13174390.02385
2024-05-22,3.3298,3.5112,3.2065,3.2793,5832876.9,2024-05-22 23:59:59.999,19453293.41874
2024-05-23,3.2788,3.2949,2.9141,3.07,4632112.8,2024-05-23 23:59:59.999,14387502.23698
2024-05-24,3.069,3.194,2.9853,3.1538,2303511.2,2024-05-24 23:59:59.999,7143462.72987
2024-05-25,3.1542,3.2143,3.13,3.1818,2073088.4,2024-05-25 23:59:59.999,6575039.41935
2024-05-26,3.1823,3.1992,3.05,3.0902,1805690.4,2024-05-26 23:59:59.999,5649783.78763
2024-05-27,3.0902,3.1986,3.0817,3.1581,1974607.2,2024-05-27 23:59:59.999,6212204.90911
2024-05-28,3.1581,3.1627,2.976,3.0881,2704499.5,2024-05-28 23:59:59.999,8309655.32943
2024-05-29,3.0881,3.267,3.0285,3.2015,4836368.8,2024-05-29 23:59:59.999,15226016.51958
2024-05-30,3.2014,3.5286,3.1659,3.4068,11113546.2,2024-05-30 23:59:59.999,37272226.60106
2024-05-31,3.407,3.5084,3.2656,3.4087,5253760.8,2024-05-31 23:59:59.999,17874442.40667
2024-06-01,3.4093,3.5046,3.3037,3.3069,2445257.3,2024-06-01 23:59:59.999,8293313.84431
2024-06-02,3.3083,3.6079,3.2626,3.4628,6250871.0,2024-06-02 23:59:59.999,21670243.38309
2024-06-03,3.4627,3.4977,3.316,3.3489,3104320.0,2024-06-03 23:59:59.999,10602167.9722
2024-06-04,3.3485,3.419,3.2723,3.3979,1945609.9,2024-06-04 23:59:59.999,6507094.36915
2024-06-05,3.3977,3.4447,3.3386,3.3877,1458295.5,2024-06-05 23:59:59.999,4948998.16358
2024-06-06,3.387,3.4036,3.27,3.3095,1537664.5,2024-06-06 23:59:59.999,5136958.35489
2024-06-07,3.3093,3.3925,2.7514,3.047,3478585.2,2024-06-07 23:59:59.999,10949444.3054
2024-06-08,3.0467,3.083,2.8434,2.8672,2316860.3,2024-06-08 23:59:59.999,6882787.76429
2024-06-09,2.867,2.8808,2.7887,2.8678,1472482.9,2024-06-09 23:59:59.999,4186918.58487
2024-06-10,2.8684,2.9303,2.7451,2.8071,2426068.8,2024-06-10 23:59:59.999,6911035.11222
2024-06-11,2.8071,2.8297,2.576,2.652,3007446.1,2024-06-11 23:59:59.999,8096085.18883
2024-06-12,2.652,2.8557,2.5748,2.7233,2404209.3,2024-06-12 23:59:59.999,6596509.84865
2024-06-13,2.7245,2.7559,2.5016,2.5161,2319170.1,2024-06-13 23:59:59.999,6070349.05068
2024-06-14,2.5156,2.5502,2.318,2.427,2736270.6,2024-06-14 23:59:59.999,6727008.76376
2024-06-15,2.4267,2.488,2.4009,2.4111,1453611.9,2024-06-15 23:59:59.999,3561137.49827
2024-06-16,2.4114,2.4254,2.343,2.3956,2117428.5,2024-06-16 23:59:59.999,5045009.70018
2024-06-17,2.3953,2.4291,2.1516,2.226,3522100.1,2024-06-17 23:59:59.999,7972806.91221
2024-06-18,2.224,2.2347,1.9,2.0345,4777234.2,2024-06-18 23:59:59.999,9801303.29366
2024-06-19,2.0341,2.179,2.0044,2.1426,3466819.4,2024-06-19 23:59:59.999,7357235.16054
2024-06-20,2.1421,2.3634,2.1264,2.1856,5549095.7,2024-06-20 23:59:59.999,12427808.32884
2024-06-21,2.1857,2.2312,2.1171,2.1659,3369595.1,2024-06-21 23:59:59.999,7346594.93057
2024-06-22,2.1655,2.1692,2.0917,2.1054,2194916.7,2024-06-22 23:59:59.999,4659316.24363
2024-06-23,2.1049,2.1628,2.0206,2.0522,1841430.0,2024-06-23 23:59:59.999,3883720.13793
2024-06-24,2.0515,2.1598,1.961,2.1447,3778781.7,2024-06-24 23:59:59.999,7763322.85483
2024-06-25,2.1449,2.2053,2.1082,2.1507,2815372.2,2024-06-25 23:59:59.999,6077725.31587
2024-06-26,2.1502,2.1841,2.0706,2.1165,2160801.2,2024-06-26 23:59:59.999,4597669.55334
2024-06-27,2.1163,2.1977,2.0722,2.1938,2904047.5,2024-06-27 23:59:59.999,6216485.00232
2024-06-28,2.1939,2.2238,2.0481,2.0567,2306042.5,2024-06-28 23:59:59.999,4914235.82996
2024-06-29,2.0567,2.1022,2.0117,2.0156,1651807.9,2024-06-29 23:59:59.999,3404063.20851
2024-06-30,2.0155,2.1219,1.9913,2.1094,1992370.2,2024-06-30 23:59:59.999,4082577.35703
2024-07-01,2.1101,2.135,2.0546,2.0643,1779744.1,2024-07-01 23:59:59.999,3738351.34815
2024-07-02,2.0638,2.1002,2.0254,2.0797,2030120.2,2024-07-02 23:59:59.999,4188769.14006
2024-07-03,2.0805,2.0842,1.93,1.9613,1947799.1,2024-07-03 23:59:59.999,3896353.51993
2024-07-04,1.9609,1.9657,1.7193,1.733,3715979.2,2024-07-04 23:59:59.999,6787166.36331
2024-07-05,1.7328,1.7387,1.5227,1.6782,4123473.4,2024-07-05 23:59:59.999,6679250.1307
2024-07-06,1.6783,1.7867,1.6552,1.7756,1757099.9,2024-07-06 23:59:59.999,3023480.57706
2024-07-07,1.7756,1.7804,1.66,1.67,1788989.7,2024-07-07 23:59:59.999,3089748.58575
2024-07-08,1.6699,1.7758,1.584,1.7062,2414678.0,2024-07-08 23:59:59.999,4103497.97932
2024-07-09,1.7062,1.7858,1.6908,1.7703,1671278.2,2024-07-09 23:59:59.999,2914596.28279
2024-07-10,1.7695,1.8194,1.7412,1.7913,1527023.1,2024-07-10 23:59:59.999,2717906.13296
2024-07-11,1.7908,1.8448,1.7518,1.7568,1404052.2,2024-07-11 23:59:59.999,2520981.81599
2024-07-12,1.7567,1.7985,1.7053,1.7965,1223384.3,2024-07-12 23:59:59.999,2149675.91565
2024-07-13,1.7965,1.8354,1.7641,1.8036,1035762.8,2024-07-13 23:59:59.999,1856755.27011
2024-07-14,1.8031,1.8886,1.7964,1.8807,1176738.3,2024-07-14 23:59:59.999,2167444.89592
2024-07-15,1.8803,2.0284,1.8641,1.994,1825019.2,2024-07-15 23:59:59.999,3526178.1899
2024-07-16,1.9946,2.0433,1.9131,2.0235,2450776.5,2024-07-16 23:59:59.999,4861757.41831
2024-07-17,2.0231,2.0969,1.9952,2.0333,1969917.3,2024-07-17 23:59:59.999,4036054.39677
2024-07-18,2.0333,2.0721,1.8786,1.9429,2257454.8,2024-07-18 23:59:59.999,4436319.32111
2024-07-19,1.9429,2.0575,1.8807,2.0496,2326660.1,2024-07-19 23:59:59.999,4576267.96635
2024-07-20,2.0497,2.052,2.0,2.0157,1226801.4,2024-07-20 23:59:59.999,2488368.87435
2024-07-21,2.0158,2.1,1.9408,2.0869,2238846.0,2024-07-21 23:59:59.999,4526495.51347
2024-07-22,2.086,2.1061,1.9055,1.9198,2008708.4,2024-07-22 23:59:59.999,4001286.20519
2024-07-23,1.92,1.9734,1.7934,1.8135,2604731.4,2024-07-23 23:59:59.999,4885279.97036
2024-07-24,1.8137,1.8425,1.7367,1.7539,1779445.7,2024-07-24 23:59:59.999,3203584.40567
2024-07-25,1.7544,1.7624,1.6407,1.7228,2458760.2,2024-07-25 23:59:59.999,4187728.92939
2024-07-26,1.7228,1.8278,1.7177,1.8092,1461515.6,2024-07-26 23:59:59.999,2607806.01808
2024-07-27,1.8094,1.8252,1.733,1.7877,1412990.8,2024-07-27 23:59:59.999,2531130.00084
2024-07-28,1.7872,1.7903,1.7349,1.7563,908463.8,2024-07-28 23:59:59.999,1600613.90159
2024-07-29,1.7564,1.8765,1.7463,1.7525,2600251.0,2024-07-29 23:59:59.999,4693760.48908
2024-07-30,1.7525,1.7782,1.6535,1.6908,1713449.0,2024-07-30 23:59:59.999,2961392.9769
2024-07-31,1.69,1.7144,1.623,1.6278,1959573.4,2024-07-31 23:59:59.999,3286111.47209
2024-08-01,1.6278,1.6512,1.4956,1.6144,3319251.1,2024-08-01 23:59:59.999,5232388.29254
2024-08-02,1.6145,1.6363,1.4874,1.5048,4798282.8,2024-08-02 23:59:59.999,7541327.1669
2024-08-03,1.5053,1.5169,1.3532,1.3999,3759901.3,2024-08-03 23:59:59.999,5385016.00503
2024-08-04,1.3999,1.4351,1.2825,1.3358,3135990.2,2024-08-04 23:59:59.999,4270011.065
2024-08-05,1.3357,1.3567,1.09,1.2683,9697691.9,2024-08-05 23:59:59.999,11786061.71617
2024-08-06,1.2696,1.3742,1.2681,1.3338,3041064.4,2024-08-06 23:59:59.999,4050930.77146
2024-08-07,1.3333,1.3858,1.2767,1.302,3331441.2,2024-08-07 23:59:59.999,4435499.20889
2024-08-08,1.302,1.4899,1.2782,1.4806,2740961.3,2024-08-08 23:59:59.999,3836924.37464
2024-08-09,1.4804,1.4822,1.4089,1.4536,1710840.1,2024-08-09 23:59:59.999,2468135.4458
2024-08-10,1.4536,1.4737,1.429,1.4489,1136748.3,2024-08-10 23:59:59.999,1644344.21027
2024-08-11,1.4486,1.4743,1.3528,1.3632,2063011.7,2024-08-11 23:59:59.999,2929678.59637
2024-08-12,1.3632,1.4643,1.3587,1.4514,2431953.9,2024-08-12 23:59:59.999,3440363.97564
2024-08-13,1.4516,1.4743,1.402,1.4561,1671486.1,2024-08-13 23:59:59.999,2399345.11236
2024-08-14,1.4558,1.472,1.4012,1.4452,1456202.4,2024-08-14 23:59:59.999,2096202.29099
2024-08-15,1.4452,1.4632,1.3604,1.3736,2644440.8,2024-08-15 23:59:59.999,3753296.23927
2024-08-16,1.3737,1.4027,1.3409,1.3893,1904617.3,2024-08-16 23:59:59.999,2625848.97488
2024-08-17,1.3894,1.441,1.3713,1.4406,1394545.5,2024-08-17 23:59:59.999,1954928.71092
2024-08-18,1.4402,1.4966,1.4202,1.4721,1734360.8,2024-08-18 23:59:59.999,2536737.10105
2024-08-19,1.4722,1.6199,1.433,1.5692,7593800.9,2024-08-19 23:59:59.999,11724498.47639
2024-08-20,1.5692,1.63,1.5108,1.557,5866919.3,2024-08-20 23:59:59.999,9190153.47517
2024-08-21,1.5567,1.6482,1.5552,1.6372,3350893.9,2024-08-21 23:59:59.999,5394561.13459
2024-08-22,1.6372,1.6892,1.6105,1.6667,2616137.4,2024-08-22 23:59:59.999,4332984.65934
2024-08-23,1.6663,1.7814,1.6392,1.7577,2962840.9,2024-08-23 23:59:59.999,5008691.64154
2024-08-24,1.7578,1.8387,1.7427,1.7953,2354996.6,2024-08-24 23:59:59.999,4238876.91178
2024-08-25,1.7956,1.7999,1.7178,1.7292,1865833.3,2024-08-25 23:59:59.999,3266896.40694
2024-08-26,1.7292,1.753,1.6482,1.6495,2130436.0,2024-08-26 23:59:59.999,3613377.9061
2024-08-27,1.6494,1.7194,1.5305,1.5626,2603523.6,2024-08-27 23:59:59.999,4249309.32042
2024-08-28,1.5629,1.5934,1.4794,1.5315,2542070.3,2024-08-28 23:59:59.999,3918814.99369
2024-08-29,1.5315,1.6183,1.4904,1.5181,3461317.0,2024-08-29 23:59:59.999,5384110.36769
2024-08-30,1.5173,1.5349,1.4269,1.5077,2564256.8,2024-08-30 23:59:59.999,3825146.06698
2024-08-31,1.5074,1.523,1.4718,1.4873,1195588.8,2024-08-31 23:59:59.999,1784372.54033
2024-09-01,1.4875,1.4939,1.4253,1.4324,1991245.9,2024-09-01 23:59:59.999,2914744.7007
2024-09-02,1.432,1.5213,1.42,1.5126,1809689.6,2024-09-02 23:59:59.999,2660881.97789
2024-09-03,1.5125,1.5479,1.4694,1.4899,2473654.7,2024-09-03 23:59:59.999,3742713.44536
2024-09-04,1.4899,1.5436,1.4162,1.513,3212796.2,2024-09-04 23:59:59.999,4792591.52049
2024-09-05,1.5133,1.5223,1.3993,1.4176,2397269.1,2024-09-05 23:59:59.999,3486475.37573
2024-09-06,1.4176,1.4675,1.3071,1.3698,4335246.4,2024-09-06 23:59:59.999,6076158.45167
2024-09-07,1.3704,1.3874,1.3139,1.3356,3220731.1,2024-09-07 23:59:59.999,4342404.04186
2024-09-08,1.3359,1.4209,1.3248,1.3988,2113461.0,2024-09-08 23:59:59.999,2904328.52373
2024-09-09,1.3991,1.4654,1.3925,1.4476,2051424.5,2024-09-09 23:59:59.999,2933646.12156
2024-09-10,1.4481,1.5347,1.4398,1.5038,3086959.6,2024-09-10 23:59:59.999,4628234.21626
2024-09-11,1.5044,1.5065,1.4325,1.4429,2485789.2,2024-09-11 23:59:59.999,3633712.49014
2024-09-12,1.4426,1.5125,1.4424,1.5104,1587176.5,2024-09-12 23:59:59.999,2338763.36462
2024-09-13,1.5114,1.5245,1.4507,1.5141,1572200.4,2024-09-13 23:59:59.999,2344805.05096
2024-09-14,1.5148,1.5355,1.4826,1.4918,1927123.8,2024-09-14 23:59:59.999,2898152.12053
2024-09-15,1.4918,1.5303,1.4155,1.4377,1945492.7,2024-09-15 23:59:59.999,2898990.28922
2024-09-16,1.4377,1.4405,1.3883,1.3995,1568612.3,2024-09-16 23:59:59.999,2217205.00004
2024-09-17,1.4,1.462,1.3894,1.4352,1529058.6,2024-09-17 23:59:59.999,2186264.52602
2024-09-18,1.4353,1.4957,1.3965,1.4952,2639688.9,2024-09-18 23:59:59.999,3808623.72149
2024-09-19,1.4953,1.5909,1.4899,1.5642,2851800.4,2024-09-19 23:59:59.999,4399782.10188
2024-09-20,1.5645,1.6491,1.5456,1.6276,2756048.6,2024-09-20 23:59:59.999,4429543.30176
2024-09-21,1.6276,1.6721,1.596,1.6637,1420477.2,2024-09-21 23:59:59.999,2321941.23867
2024-09-22,1.6636,1.6665,1.5707,1.6111,2150188.7,2024-09-22 23:59:59.999,3476320.71485
2024-09-23,1.6116,1.7087,1.574,1.6563,5885246.4,2024-09-23 23:59:59.999,9826222.01643
2024-09-24,1.6563,1.7199,1.6223,1.7003,5487662.6,2024-09-24 23:59:59.999,9226753.24234
2024-09-25,1.7001,1.7293,1.6344,1.6447,2891765.7,2024-09-25 23:59:59.999,4880691.24107
2024-09-26,1.6444,1.7408,1.6079,1.7285,3704712.1,2024-09-26 23:59:59.999,6202363.4487
2024-09-27,1.7279,1.7746,1.7083,1.7514,1937448.3,2024-09-27 23:59:59.999,3373368.08398
2024-09-28,1.7515,1.7853,1.6699,1.7149,1670935.4,2024-09-28 23:59:59.999,2868917.74966
2024-09-29,1.7152,1.7826,1.6435,1.7676,2518778.6,2024-09-29 23:59:59.999,4333051.47077
2024-09-30,1.7674,1.7868,1.606,1.6241,4376497.3,2024-09-30 23:59:59.999,7535295.44519
2024-10-01,1.624,1.7057,1.4206,1.4501,5818806.1,2024-10-01 23:59:59.999,8992972.7719
2024-10-02,1.4501,1.5114,1.3543,1.3987,3478870.9,2024-10-02 23:59:59.999,5020347.22799
2024-10-03,1.3983,1.4773,1.3351,1.4557,4778464.7,2024-10-03 23:59:59.999,6705252.27726
2024-10-04,1.4555,1.5255,1.429,1.4975,7700703.9,2024-10-04 23:59:59.999,11370599.14881
2024-10-05,1.4974,1.5027,1.4303,1.4798,2113795.7,2024-10-05 23:59:59.999,3116178.47689
2024-10-06,1.4798,1.5197,1.4522,1.5189,1756474.9,2024-10-06 23:59:59.999,2610957.40833
2024-10-07,1.5189,1.5575,1.4799,1.487,2791344.5,2024-10-07 23:59:59.999,4256052.40223
2024-10-08,1.487,1.5102,1.4392,1.4568,1790347.3,2024-10-08 23:59:59.999,2636785.57159
2024-10-09,1.4568,1.4772,1.3612,1.3744,2225170.5,2024-10-09 23:59:59.999,3173268.5761
2024-10-10,1.3742,1.4085,1.3378,1.4083,1855262.7,2024-10-10 23:59:59.999,2554301.08435
2024-10-11,1.4078,1.4639,1.3976,1.4627,1783426.8,2024-10-11 23:59:59.999,2559402.84189
2024-10-12,1.4627,1.504,1.4508,1.4805,1415300.3,2024-10-12 23:59:59.999,2097526.7619
2024-10-13,1.4805,1.4931,1.4143,1.4599,1349241.3,2024-10-13 23:59:59.999,1959059.79461
2024-10-14,1.4608,1.5737,1.4439,1.5667,3027869.8,2024-10-14 23:59:59.999,4614884.45133
2024-10-15,1.5665,1.5891,1.484,1.5487,3164781.1,2024-10-15 23:59:59.999,4882980.14541
2024-10-16,1.5484,1.5655,1.4963,1.5092,2275688.4,2024-10-16 23:59:59.999,3483788.0842
2024-10-17,1.51,1.5297,1.4285,1.4715,1922577.7,2024-10-17 23:59:59.999,2838260.36735
2024-10-18,1.4715,1.5428,1.4698,1.5412,1508225.6,2024-10-18 23:59:59.999,2272599.39141
2024-10-19,1.5412,1.5929,1.5408,1.5554,1636381.1,2024-10-19 23:59:59.999,2560656.94213
2024-10-20,1.5556,1.8358,1.5244,1.6793,15406114.2,2024-10-20 23:59:59.999,26366617.18614
2024-10-21,1.6788,1.8325,1.6279,1.76,16970269.4,2024-10-21 23:59:59.999,29187792.61796
2024-10-22,1.7602,1.799,1.6448,1.6663,10127727.3,2024-10-22 23:59:59.999,17230579.73061
2024-10-23,1.6665,1.6808,1.5459,1.5995,4029705.9,2024-10-23 23:59:59.999,6454443.13539
2024-10-24,1.599,1.6729,1.5675,1.587,4665666.2,2024-10-24 23:59:59.999,7484284.80043
2024-10-25,1.5875,1.6073,1.3545,1.4339,3667054.9,2024-10-25 23:59:59.999,5538939.95403
2024-10-26,1.4339,1.4701,1.4078,1.4559,2020638.3,2024-10-26 23:59:59.999,2905278.28798
2024-10-27,1.4558,1.598,1.4392,1.5507,8275135.0,2024-10-27 23:59:59.999,12714088.75441
2024-10-28,1.5505,1.6399,1.4715,1.5892,15654261.7,2024-10-28 23:59:59.999,24630536.4004
2024-10-29,1.5892,1.64,1.5682,1.6089,4841267.1,2024-10-29 23:59:59.999,7742312.44022
2024-10-30,1.6093,1.6205,1.5459,1.5539,2387200.6,2024-10-30 23:59:59.999,3780867.98521
2024-10-31,1.554,1.5608,1.4891,1.5068,2356274.6,2024-10-31 23:59:59.999,3607747.21716
2024-11-01,1.5068,1.5461,1.4624,1.4991,2250752.1,2024-11-01 23:59:59.999,3372361.27224
2024-11-02,1.499,1.5561,1.4574,1.5438,3608382.9,2024-11-02 23:59:59.999,5467334.13991
2024-11-03,1.5434,1.5434,1.383,1.4581,6012826.6,2024-11-03 23:59:59.999,8723085.98236
2024-11-04,1.4574,1.4966,1.3862,1.4262,3119259.1,2024-11-04 23:59:59.999,4542189.77518
2024-11-05,1.4265,1.5371,1.4245,1.5105,2095018.3,2024-11-05 23:59:59.999,3112584.36735
2024-11-06,1.5112,1.6481,1.5108,1.6331,3407442.7,2024-11-06 23:59:59.999,5446355.06259
2024-11-07,1.6333,1.664,1.5989,1.6362,2414627.3,2024-11-07 23:59:59.999,3945554.20591
2024-11-08,1.6355,1.6576,1.5953,1.6388,2074086.3,2024-11-08 23:59:59.999,3361608.85917
2024-11-09,1.6389,1.746,1.6303,1.7018,3690162.5,2024-11-09 23:59:59.999,6210642.36996
2024-11-10,1.7016,1.8,1.6346,1.7404,5282470.3,2024-11-10 23:59:59.999,9208049.17285
2024-11-11,1.7409,1.873,1.7138,1.8674,6348445.2,2024-11-11 23:59:59.999,11408003.25675
2024-11-12,1.8669,1.902,1.68,1.7909,7741143.5,2024-11-12 23:59:59.999,13827037.62326
2024-11-13,1.7909,1.827,1.6445,1.7067,6831075.5,2024-11-13 23:59:59.999,11795188.13888
2024-11-14,1.7074,1.757,1.5548,1.5857,6936120.6,2024-11-14 23:59:59.999,11419555.17468
2024-11-15,1.5856,1.6802,1.5397,1.6671,3809609.0,2024-11-15 23:59:59.999,6165707.24
2024-11-16,1.6676,1.7973,1.6571,1.7887,4442103.8,2024-11-16 23:59:59.999,7690829.70366
2024-11-17,1.7889,1.9051,1.6848,1.7179,8801170.6,2024-11-17 23:59:59.999,15919418.40223
2024-11-18,1.7182,1.879,1.7069,1.8397,5515741.2,2024-11-18 23:59:59.999,9978227.82013
2024-11-19,1.8394,1.8451,1.7242,1.7818,3431530.9,2024-11-19 23:59:59.999,6094841.42477
2024-11-20,1.782,1.8086,1.6783,1.7036,3596104.3,2024-11-20 23:59:59.999,6259256.23519
2024-11-21,1.7039,1.85,1.6775,1.8354,4351314.0,2024-11-21 23:59:59.999,7659783.0747
2024-11-22,1.8353,1.8943,1.777,1.8911,3628483.9,2024-11-22 23:59:59.999,6656134.62517
2024-11-23,1.8911,2.0549,1.8614,1.9852,7398155.3,2024-11-23 23:59:59.999,14534431.01056
2024-11-24,1.9857,2.1046,1.925,2.0835,7605058.4,2024-11-24 23:59:59.999,15320052.41536
2024-11-25,2.084,2.1755,1.9876,2.094,8975488.5,2024-11-25 23:59:59.999,18859248.48588
2024-11-26,2.0939,2.2525,1.9977,2.126,8252547.7,2024-11-26 23:59:59.999,17305649.2664
2024-11-27,2.1268,2.26,2.0628,2.2547,6081710.2,2024-11-27 23:59:59.999,13257309.32668
2024-11-28,2.2541,2.3767,2.1304,2.3258,9049525.7,2024-11-28 23:59:59.999,20259645.36792
2024-11-29,2.3263,2.3957,2.2472,2.3588,5459488.8,2024-11-29 23:59:59.999,12697164.28156
2024-11-30,2.3583,2.4644,2.3,2.4245,4476901.9,2024-11-30 23:59:59.999,10646905.13331
2024-12-01,2.4247,2.4473,2.3306,2.3659,3214795.3,2024-12-01 23:59:59.999,7677865.74929
2024-12-02,2.3658,2.3975,2.2024,2.3804,5194498.2,2024-12-02 23:59:59.999,11933230.53113
2024-12-03,2.3805,2.565,2.3047,2.5424,6662247.3,2024-12-03 23:59:59.999,16308771.37416
2024-12-04,2.543,2.8678,2.4898,2.7897,7084143.0,2024-12-04 23:59:59.999,18924631.1171
2024-12-05,2.7895,2.9805,2.644,2.8974,11522905.7,2024-12-05 23:59:59.999,33069964.51688
2024-12-06,2.8973,3.0288,2.7751,2.8965,4875940.7,2024-12-06 23:59:59.999,14215044.37682
2024-12-07,2.8964,2.9131,2.7826,2.7967,2374852.4,2024-12-07 23:59:59.999,6746569.30725
2024-12-08,2.7963,2.8572,2.7154,2.8534,2107575.2,2024-12-08 23:59:59.999,5858789.93128
2024-12-09,2.854,2.8584,2.0771,2.3667,8538128.3,2024-12-09 23:59:59.999,21528342.01125
2024-12-10,2.367,2.4292,2.0966,2.2723,5939846.4,2024-12-10 23:59:59.999,13421962.62091
2024-12-11,2.2723,2.5199,2.1742,2.4714,3336410.8,2024-12-11 23:59:59.999,7840582.09252
2024-12-12,2.4714,2.6567,2.4547,2.5976,3414655.9,2024-12-12 23:59:59.999,8793302.62073
2024-12-13,2.5975,2.665,2.5216,2.6279,3022045.7,2024-12-13 23:59:59.999,7856494.16082
2024-12-14,2.628,2.6694,2.4558,2.5083,2235810.9,2024-12-14 23:59:59.999,5741545.79182
2024-12-15,2.5084,2.5817,2.4225,2.5607,1829311.9,2024-12-15 23:59:59.999,4593071.50547
2024-12-16,2.5609,2.64,2.3578,2.4288,2453772.2,2024-12-16 23:59:59.999,6071063.0523
2024-12-17,2.4289,2.4645,2.2623,2.2785,2377169.9,2024-12-17 23:59:59.999,5659527.26104
2024-12-18,2.2796,2.3059,2.0141,2.0609,3659446.8,2024-12-18 23:59:59.999,8063338.05797
2024-12-19,2.0609,2.1264,1.8124,1.8819,5804800.4,2024-12-19 23:59:59.999,11452579.60459
2024-12-20,1.882,2.0227,1.6535,1.9968,6011060.1,2024-12-20 23:59:59.999,10976070.72061
2024-12-21,1.9962,2.1196,1.9026,1.9344,3336585.3,2024-12-21 23:59:59.999,6653529.23056
2024-12-22,1.9344,2.0162,1.8738,1.9349,2715222.9,2024-12-22 23:59:59.999,5272879.51563
2024-12-23,1.9348,2.2029,1.8777,2.164,3202439.1,2024-12-23 23:59:59.999,6520405.71363
2024-12-24,2.1641,2.426,2.1005,2.3102,5231741.0,2024-12-24 23:59:59.999,11884902.38248
2024-12-25,2.3102,2.3786,2.2253,2.2666,3104398.4,2024-12-25 23:59:59.999,7130398.21692
2024-12-26,2.2666,2.294,2.0538,2.0977,2669870.0,2024-12-26 23:59:59.999,5777387.14801
2024-12-27,2.0977,2.2052,2.0533,2.0724,2515641.7,2024-12-27 23:59:59.999,5348969.58405
2024-12-28,2.0728,2.7594,2.0636,2.5047,32053181.4,2024-12-28 23:59:59.999,78427715.98469
2024-12-29,2.5047,2.5167,2.2837,2.3299,13854968.0,2024-12-29 23:59:59.999,33251666.86619
2024-12-30,2.3299,2.4428,2.1953,2.316,6642843.6,2024-12-30 23:59:59.999,15426519.64999
2024-12-31,2.3168,2.3327,2.1774,2.1861,5014177.6,2024-12-31 23:59:59.999,11393167.99262
2025-01-01,2.1863,2.2306,2.124,2.2035,2667542.3,2025-01-01 23:59:59.999,5796888.57737
2025-01-02,2.2035,2.6132,2.1871,2.5295,10474294.2,2025-01-02 23:59:59.999,25641799.61706
2025-01-03,2.5294,2.5769,2.4031,2.5326,7016610.9,2025-01-03 23:59:59.999,17333331.19913
2025-01-04,2.5325,2.5564,2.4016,2.4536,2937754.8,2025-01-04 23:59:59.999,7277925.94483
2025-01-05,2.4536,2.504,2.3975,2.4652,2450169.7,2025-01-05 23:59:59.999,6002450.43911
2025-01-06,2.4651,2.5287,2.4115,2.465,3487311.9,2025-01-06 23:59:59.999,8611337.43009
2025-01-07,2.4652,2.4658,2.1846,2.1861,3878196.4,2025-01-07 23:59:59.999,9094270.05274
2025-01-08,2.1862,2.2071,1.9891,2.1127,4277746.5,2025-01-08 23:59:59.999,8987705.17439
2025-01-09,2.1136,2.1399,1.9643,2.0202,2848141.5,2025-01-09 23:59:59.999,5846597.95896
2025-01-10,2.0205,2.1325,2.009,2.106,2624533.8,2025-01-10 23:59:59.999,5431532.90687
2025-01-11,2.1058,2.1197,2.0501,2.0772,1713701.0,2025-01-11 23:59:59.999,3563503.59979
2025-01-12,2.0781,2.1102,2.0339,2.086,2002780.5,2025-01-12 23:59:59.999,4156198.06252
2025-01-13,2.0859,2.1216,1.7413,1.9568,4333350.0,2025-01-13 23:59:59.999,8360695.4411
2025-01-14,1.9571,2.0596,1.9402,2.0518,3220286.0,2025-01-14 23:59:59.999,6473132.3898
2025-01-15,2.0511,2.1436,1.9764,2.1315,3529800.4,2025-01-15 23:59:59.999,7271275.98217
2025-01-16,2.1316,2.1576,2.0563,2.105,3141751.9,2025-01-16 23:59:59.999,6640886.64025
2025-01-17,2.1055,2.2355,2.099,2.1916,2733776.3,2025-01-17 23:59:59.999,5993740.70695
2025-01-18,2.1915,2.2034,1.9926,2.05,3344008.1,2025-01-18 23:59:59.999,6913549.52384
2025-01-19,2.0498,2.0973,1.8369,1.8694,5328808.6,2025-01-19 23:59:59.999,10372254.92613
2025-01-20,1.8686,2.0067,1.7938,1.8618,5869212.6,2025-01-20 23:59:59.999,11071047.29465
2025-01-21,1.8623,1.9494,1.7958,1.9186,3098702.6,2025-01-21 23:59:59.999,5793722.54569
2025-01-22,1.9185,1.9588,1.8494,1.856,2486202.2,2025-01-22 23:59:59.999,4750936.37386
2025-01-23,1.8559,1.9061,1.7936,1.8821,2993951.4,2025-01-23 23:59:59.999,5510307.0805
2025-01-24,1.8821,1.9147,1.7971,1.8089,2619000.8,2025-01-24 23:59:59.999,4871299.31624
2025-01-25,1.8089,1.8358,1.748,1.8182,1867219.1,2025-01-25 23:59:59.999,3346297.03579
2025-01-26,1.8187,1.9108,1.8094,1.8253,2318441.9,2025-01-26 23:59:59.999,4307573.23225
2025-01-27,1.8251,1.8423,1.6543,1.7484,4354832.9,2025-01-27 23:59:59.999,7473020.41712
2025-01-28,1.7485,1.7647,1.5536,1.5609,3526704.2,2025-01-28 23:59:59.999,5877289.84712
2025-01-29,1.561,1.6732,1.5479,1.5788,2760626.1,2025-01-29 23:59:59.999,4446937.4916
2025-01-30,1.579,1.7613,1.5636,1.6145,4733158.6,2025-01-30 23:59:59.999,7894569.19725
2025-01-31,1.6145,1.7793,1.5709,1.6211,6617770.8,2025-01-31 23:59:59.999,10980652.14824
2025-02-01,1.6211,1.8793,1.5798,1.7699,18982961.3,2025-02-01 23:59:59.999,33027029.43828
2025-02-02,1.77,1.8788,1.3366,1.4049,32805985.4,2025-02-02 23:59:59.999,55080521.25075
2025-02-03,1.4056,1.4996,1.0463,1.4866,19724149.5,2025-02-03 23:59:59.999,25108359.88155
2025-02-04,1.4866,1.4972,1.2683,1.3119,6451559.5,2025-02-04 23:59:59.999,8702365.20493
2025-02-05,1.3121,1.3434,1.2511,1.2749,4307231.4,2025-02-05 23:59:59.999,5603560.58792
2025-02-06,1.2748,1.2916,1.157,1.1794,4103054.7,2025-02-06 23:59:59.999,4986059.20491
2025-02-07,1.1794,1.308,1.1623,1.2009,4925247.2,2025-02-07 23:59:59.999,6093566.70795
2025-02-08,1.2009,1.3542,1.1906,1.2986,3332428.3,2025-02-08 23:59:59.999,4141777.02278
2025-02-09,1.2987,1.4803,1.27,1.334,13189619.7,2025-02-09 23:59:59.999,18245707.79612
2025-02-10,1.3342,1.372,1.2704,1.3264,5433072.2,2025-02-10 23:59:59.999,7197307.63804
2025-02-11,1.3261,1.4074,1.2867,1.3077,2930090.0,2025-02-11 23:59:59.999,3950541.83081
2025-02-12,1.3079,1.391,1.2387,1.3747,3917755.4,2025-02-12 23:59:59.999,5139556.36944
2025-02-13,1.3745,1.4065,1.2978,1.3289,2802964.6,2025-02-13 23:59:59.999,3758186.09326
2025-02-14,1.329,1.3886,1.2991,1.3411,3170679.6,2025-02-14 23:59:59.999,4237704.99518
2025-02-15,1.3412,1.3504,1.2538,1.2743,2239372.7,2025-02-15 23:59:59.999,2909138.31324
2025-02-16,1.2742,1.3523,1.2658,1.3033,4501613.4,2025-02-16 23:59:59.999,5918058.43756
2025-02-17,1.303,1.3265,1.2409,1.2644,3453388.3,2025-02-17 23:59:59.999,4448145.28333
2025-02-18,1.2648,1.2717,1.162,1.2412,5049006.2,2025-02-18 23:59:59.999,6143539.97563
2025-02-19,1.2413,1.3445,1.2287,1.309,5824539.1,2025-02-19 23:59:59.999,7598589.74818
2025-02-20,1.3095,1.3396,1.2901,1.3135,3520501.0,2025-02-20 23:59:59.999,4630730.77645
2025-02-21,1.3135,1.3985,1.2422,1.2581,5256973.3,2025-02-21 23:59:59.999,6951617.29051
2025-02-22,1.2583,1.3472,1.2287,1.3222,3469631.2,2025-02-22 23:59:59.999,4477854.51524
2025-02-23,1.3217,1.3442,1.2573,1.3073,3794527.8,2025-02-23 23:59:59.999,4937246.21292
2025-02-24,1.3072,1.3236,1.158,1.1938,7023300.8,2025-02-24 23:59:59.999,8785690.21671
2025-02-25,1.194,1.2094,1.113,1.1889,5516028.0,2025-02-25 23:59:59.999,6407786.54064
2025-02-26,1.1885,1.2173,1.122,1.184,4150447.3,2025-02-26 23:59:59.999,4859904.83894
2025-02-27,1.1843,1.2657,1.1666,1.2005,4170023.6,2025-02-27 23:59:59.999,5057208.39651
2025-02-28,1.2005,1.2343,1.0993,1.2144,4882941.4,2025-02-28 23:59:59.999,5662528.26629
2025-03-01,1.2144,1.2205,1.1439,1.1856,2136287.8,2025-03-01 23:59:59.999,2521539.10043
2025-03-02,1.1855,1.2926,1.169,1.2823,4975111.0,2025-03-02 23:59:59.999,6109312.6053
2025-03-03,1.2828,1.2893,1.0884,1.0965,3816236.3,2025-03-03 23:59:59.999,4553217.55424
2025-03-04,1.0965,1.2935,0.9881,1.2441,17222970.2,2025-03-04 23:59:59.999,20326204.85187
2025-03-05,1.244,1.2865,1.2065,1.2431,13245273.5,2025-03-05 23:59:59.999,16450595.78445
2025-03-06,1.243,1.2552,1.1688,1.2063,5577286.1,2025-03-06 23:59:59.999,6771304.98543
2025-03-07,1.2063,1.2453,1.1495,1.16,6083519.9,2025-03-07 23:59:59.999,7266030.06145
2025-03-08,1.1599,1.19,1.1407,1.1452,4804498.3,2025-03-08 23:59:59.999,5567149.7614
2025-03-09,1.1453,1.1576,1.0896,1.0967,5478859.9,2025-03-09 23:59:59.999,6163160.20582
2025-03-10,1.0963,1.2278,1.0658,1.1133,10169938.0,2025-03-10 23:59:59.999,11665481.70617
2025-03-11,1.1134,1.2411,1.087,1.2131,8441131.1,2025-03-11 23:59:59.999,9817134.33914
2025-03-12,1.2129,1.2182,1.1307,1.1949,3994057.4,2025-03-12 23:59:59.999,4677384.2238
2025-03-13,1.1948,1.2354,1.131,1.1679,4138769.5,2025-03-13 23:59:59.999,4911852.91814
2025-03-14,1.1682,1.2628,1.1649,1.2354,6334215.9,2025-03-14 23:59:59.999,7793461.14795
2025-03-15,1.2354,1.2867,1.2161,1.2647,2172676.2,2025-03-15 23:59:59.999,2693715.56357
2025-03-16,1.2647,1.296,1.2265,1.2435,4656566.5,2025-03-16 23:59:59.999,5856777.16462
2025-03-17,1.2436,1.4856,1.2402,1.3578,11883859.7,2025-03-17 23:59:59.999,16305384.17989
2025-03-18,1.3578,1.398,1.2568,1.2778,11063225.8,2025-03-18 23:59:59.999,14623160.00424
2025-03-19,1.278,1.3928,1.2748,1.3867,4392906.9,2025-03-19 23:59:59.999,5873739.9886
2025-03-20,1.3868,1.3973,1.3086,1.3166,2660261.3,2025-03-20 23:59:59.999,3572857.58075
2025-03-21,1.3167,1.3895,1.2962,1.3231,2771260.3,2025-03-21 23:59:59.999,3676957.54406
2025-03-22,1.3227,1.3847,1.3035,1.3505,2502182.2,2025-03-22 23:59:59.999,3380815.33144
2025-03-23,1.3507,1.384,1.3132,1.3586,2510723.5,2025-03-23 23:59:59.999,3391398.84237
2025-03-24,1.3587,1.4713,1.3321,1.4096,4807496.2,2025-03-24 23:59:59.999,6739351.21301
2025-03-25,1.41,1.449,1.3855,1.4205,2016316.5,2025-03-25 23:59:59.999,2853864.28874
2025-03-26,1.4203,1.4475,1.3671,1.3961,2071675.4,2025-03-26 23:59:59.999,2915761.21333
2025-03-27,1.3964,1.4216,1.3635,1.3786,1672680.4,2025-03-27 23:59:59.999,2330758.85037
2025-03-28,1.3787,1.3976,1.2412,1.2666,2846119.9,2025-03-28 23:59:59.999,3698943.38663
2025-03-29,1.2663,1.278,1.2057,1.2203,1847716.0,2025-03-29 23:59:59.999,2277803.23795
2025-03-30,1.2204,1.2492,1.192,1.2124,2459307.8,2025-03-30 23:59:59.999,2994365.9158
2025-03-31,1.2126,1.2253,1.1665,1.1984,1808177.7,2025-03-31 23:59:59.999,2170831.95662
2025-04-01,1.1985,1.2536,1.1844,1.1984,1783497.8,2025-04-01 23:59:59.999,2168620.27688
2025-04-02,1.1986,1.206,1.0827,1.0907,3035436.2,2025-04-02 23:59:59.999,3519078.19398
2025-04-03,1.0904,1.1335,1.0531,1.1103,2618303.3,2025-04-03 23:59:59.999,2872301.23749
2025-04-04,1.1105,1.1507,1.0809,1.1375,2499645.2,2025-04-04 23:59:59.999,2797618.84551
2025-04-05,1.1376,1.1631,1.1297,1.1479,1687991.0,2025-04-05 23:59:59.999,1927924.11726
2025-04-06,1.1481,1.152,1.0065,1.0289,3242879.9,2025-04-06 23:59:59.999,3497221.64456
2025-04-07,1.0296,1.1094,0.9554,1.0578,5418609.2,2025-04-07 23:59:59.999,5602175.8246
2025-04-08,1.058,1.0911,0.9912,0.9978,2305511.2,2025-04-08 23:59:59.999,2393835.41257
2025-04-09,0.9983,1.122,0.9558,1.1031,3431744.8,2025-04-09 23:59:59.999,3599109.15788
2025-04-10,1.1031,1.1066,1.0334,1.0642,2472164.4,2025-04-10 23:59:59.999,2659529.98247
2025-04-11,1.0643,1.1225,1.0232,1.0652,4563690.2,2025-04-11 23:59:59.999,4875370.91548
2025-04-12,1.0654,1.1257,1.063,1.1165,2417858.2,2025-04-12 23:59:59.999,2646757.06642
2025-04-13,1.1165,1.1193,1.0564,1.0734,2077977.4,2025-04-13 23:59:59.999,2261386.31311
2025-04-14,1.0733,1.1056,1.0472,1.0617,1891533.7,2025-04-14 23:59:59.999,2039216.20084
2025-04-15,1.0616,1.1048,1.0435,1.049,2222632.0,2025-04-15 23:59:59.999,2376050.69311
2025-04-16,1.0489,1.0643,1.0139,1.0401,2375928.2,2025-04-16 23:59:59.999,2481737.76738
2025-04-17,1.0404,1.1189,1.0338,1.0688,2485997.8,2025-04-17 23:59:59.999,2650772.57894
2025-04-18,1.069,1.0973,1.0598,1.0663,1555497.2,2025-04-18 23:59:59.999,1678470.81721
2025-04-19,1.0663,1.1215,1.0657,1.1086,1792245.8,2025-04-19 23:59:59.999,1964764.36136
2025-04-20,1.1089,1.1521,1.1041,1.1411,1505919.5,2025-04-20 23:59:59.999,1698630.18826
2025-04-21,1.1413,1.166,1.122,1.1338,1583877.5,2025-04-21 23:59:59.999,1818132.8782
2025-04-22,1.1339,1.2153,1.1194,1.1931,1957033.7,2025-04-22 23:59:59.999,2280528.20453
2025-04-23,1.1934,1.2384,1.178,1.2088,2633032.1,2025-04-23 23:59:59.999,3177651.85526
2025-04-24,1.2087,1.243,1.1755,1.2399,1989968.8,2025-04-24 23:59:59.999,2404842.96479
2025-04-25,1.2401,1.2739,1.2093,1.2631,1766561.5,2025-04-25 23:59:59.999,2200707.83858
2025-04-26,1.2632,1.2966,1.2396,1.2885,2623625.7,2025-04-26 23:59:59.999,3346762.98641
2025-04-27,1.2885,1.3007,1.216,1.2186,1564609.9,2025-04-27 23:59:59.999,1959304.16793
2025-04-28,1.2185,1.2701,1.189,1.2501,1603261.0,2025-04-28 23:59:59.999,1977766.53775
2025-04-29,1.2502,1.2654,1.197,1.2109,1279844.9,2025-04-29 23:59:59.999,1583483.56312
2025-04-30,1.21,1.2575,1.1914,1.2189,1512215.4,2025-04-30 23:59:59.999,1849639.39319
2025-05-01,1.2189,1.2892,1.2177,1.227,1897307.6,2025-05-01 23:59:59.999,2365837.44816
2025-05-02,1.2268,1.232,1.1636,1.164,1853037.0,2025-05-02 23:59:59.999,2216287.37555
2025-05-03,1.1643,1.1741,1.0924,1.1199,1697240.4,2025-05-03 23:59:59.999,1934491.44553
2025-05-04,1.12,1.1384,1.0963,1.1092,1614730.0,2025-05-04 23:59:59.999,1798354.96077
2025-05-05,1.1094,1.1401,1.0804,1.1004,2158169.2,2025-05-05 23:59:59.999,2393511.9529
2025-05-06,1.1006,1.1077,1.0397,1.0948,2076764.7,2025-05-06 23:59:59.999,2236748.88286
2025-05-07,1.0947,1.112,1.0471,1.0649,2046532.9,2025-05-07 23:59:59.999,2217349.86566
2025-05-08,1.0647,1.2306,1.0645,1.2279,3364025.5,2025-05-08 23:59:59.999,3887148.80903
2025-05-09,1.228,1.2786,1.2198,1.2742,2648222.0,2025-05-09 23:59:59.999,3297309.57159
2025-05-10,1.2745,1.3469,1.2661,1.3445,2461960.8,2025-05-10 23:59:59.999,3195216.94446
2025-05-11,1.3445,1.446,1.3146,1.3561,4381186.0,2025-05-11 23:59:59.999,5997726.88019
2025-05-12,1.3564,1.4162,1.2729,1.3571,3571093.8,2025-05-12 23:59:59.999,4857864.57515
2025-05-13,1.3568,1.416,1.2808,1.4044,2482900.4,2025-05-13 23:59:59.999,3370790.99038
2025-05-14,1.4044,1.4158,1.3087,1.322,1826043.9,2025-05-14 23:59:59.999,2484001.88297
2025-05-15,1.3222,1.3511,1.2393,1.2644,2923707.4,2025-05-15 23:59:59.999,3770176.33999
2025-05-16,1.2643,1.3095,1.2467,1.2561,2270343.3,2025-05-16 23:59:59.999,2900511.94623
2025-05-17,1.2563,1.26,1.1866,1.1966,1710454.9,2025-05-17 23:59:59.999,2074403.77195
2025-05-18,1.197,1.2605,1.1462,1.2211,2327487.7,2025-05-18 23:59:59.999,2821375.75466
2025-05-19,1.2201,1.2371,1.1356,1.194,3254036.8,2025-05-19 23:59:59.999,3813288.37372
2025-05-20,1.1942,1.2427,1.1611,1.2109,2006675.6,2025-05-20 23:59:59.999,2407247.46082
2025-05-21,1.2109,1.2662,1.1787,1.2243,4625940.5,2025-05-21 23:59:59.999,5604222.35924
2025-05-22,1.2243,1.3128,1.2106,1.2988,2236742.1,2025-05-22 23:59:59.999,2838745.27084
2025-05-23,1.2988,1.3285,1.183,1.1868,3662166.4,2025-05-23 23:59:59.999,4631688.74152
2025-05-24,1.1865,1.1978,1.152,1.1594,2128089.8,2025-05-24 23:59:59.999,2503701.11921
2025-05-25,1.1593,1.1726,1.118,1.1675,1515127.7,2025-05-25 23:59:59.999,1732690.3137
2025-05-26,1.1678,1.1892,1.148,1.1568,1569790.0,2025-05-26 23:59:59.999,1835537.73898
2025-05-27,1.1571,1.2109,1.1275,1.1927,1559381.4,2025-05-27 23:59:59.999,1840197.92135
2025-05-28,1.1925,1.1979,1.118,1.1572,2147407.8,2025-05-28 23:59:59.999,2487433.47434
2025-05-29,1.1572,1.19,1.087,1.0932,2470889.7,2025-05-29 23:59:59.999,2812200.01977
2025-05-30,1.0931,1.2496,1.0313,1.0355,23387052.2,2025-05-30 23:59:59.999,27079461.52205
2025-05-31,1.0349,1.0516,0.9935,1.0317,5044120.6,2025-05-31 23:59:59.999,5170120.47805
2025-06-01,1.0314,1.0495,0.9795,1.0384,4580867.7,2025-06-01 23:59:59.999,4640311.93714
2025-06-02,1.0386,1.0395,0.988,1.0309,3071402.8,2025-06-02 23:59:59.999,3099171.04029
2025-06-03,1.0309,1.1257,1.0101,1.0234,8890851.0,2025-06-03 23:59:59.999,9492348.30821
2025-06-04,1.0235,1.0851,1.0023,1.0126,8769566.1,2025-06-04 23:59:59.999,9149262.47428
2025-06-05,1.0131,1.0745,0.9399,0.9468,16442905.0,2025-06-05 23:59:59.999,16873516.48206
2025-06-06,0.9468,1.0215,0.9424,1.0024,7280556.9,2025-06-06 23:59:59.999,7190767.76058
2025-06-07,1.0024,1.108,0.9891,1.0902,13231105.8,2025-06-07 23:59:59.999,14037748.90057
2025-06-08,1.0901,1.1098,1.0664,1.073,7165137.3,2025-06-08 23:59:59.999,7770248.76088
2025-06-09,1.0729,1.124,1.054,1.123,3193615.8,2025-06-09 23:59:59.999,3458613.87073
2025-06-10,1.1233,1.1499,1.0765,1.11,6251336.6,2025-06-10 23:59:59.999,6925958.86331
2025-06-11,1.1101,1.1159,1.052,1.0672,4551438.0,2025-06-11 23:59:59.999,4965893.61201
2025-06-12,1.0671,1.0693,0.991,0.9945,3926308.3,2025-06-12 23:59:59.999,4053154.37784
2025-06-13,0.9942,0.9942,0.9204,0.9562,3356830.0,2025-06-13 23:59:59.999,3186284.5329
2025-06-14,0.9563,0.9725,0.927,0.9429,5869017.3,2025-06-14 23:59:59.999,5576254.82858
2025-06-15,0.9429,0.9607,0.9324,0.9462,2334633.9,2025-06-15 23:59:59.999,2213631.39515
2025-06-16,0.946,0.9909,0.9388,0.9447,2161671.4,2025-06-16 23:59:59.999,2094586.51048
2025-06-17,0.9449,0.9492,0.8822,0.9003,2732523.0,2025-06-17 23:59:59.999,2503094.66435
2025-06-18,0.9004,0.9113,0.8613,0.9018,2138297.1,2025-06-18 23:59:59.999,1903216.61806
2025-06-19,0.902,0.9214,0.8845,0.9148,2066525.8,2025-06-19 23:59:59.999,1871460.59124
2025-06-20,0.9147,0.9281,0.8622,0.8832,3339281.6,2025-06-20 23:59:59.999,3011701.37088
2025-06-21,0.8832,0.9022,0.8018,0.829,2690854.2,2025-06-21 23:59:59.999,2308387.75451
2025-06-22,0.829,0.8462,0.7712,0.8146,2842298.6,2025-06-22 23:59:59.999,2309593.06056
2025-06-23,0.8146,0.9204,0.814,0.9162,9604890.2,2025-06-23 23:59:59.999,8269091.81012
2025-06-24,0.9166,0.9353,0.9088,0.926,1779002.7,2025-06-24 23:59:59.999,1634628.50941
2025-06-25,0.926,0.9393,0.8949,0.902,2103349.9,2025-06-25 23:59:59.999,1920687.5157
2025-06-26,0.9021,0.9243,0.8836,0.8867,2096972.1,2025-06-26 23:59:59.999,1896636.05332
2025-06-27,0.8865,0.9269,0.8743,0.8953,1942992.3,2025-06-27 23:59:59.999,1740194.6169
2025-06-28,0.8953,0.9251,0.88,0.9209,1445311.5,2025-06-28 23:59:59.999,1297425.55702
2025-06-29,0.9209,0.9705,0.9145,0.962,3126148.0,2025-06-29 23:59:59.999,2943118.14408
2025-06-30,0.9618,0.9633,0.8959,0.9228,2127518.6,2025-06-30 23:59:59.999,1981036.62525
2025-07-01,0.9227,0.9322,0.8779,0.8865,1869019.4,2025-07-01 23:59:59.999,1681066.38035
2025-07-02,0.8865,0.945,0.8688,0.93,2596470.2,2025-07-02 23:59:59.999,2355973.22153
2025-07-03,0.9298,0.9615,0.9281,0.9492,1854181.1,2025-07-03 23:59:59.999,1756363.36398
2025-07-04,0.9492,0.9531,0.8715,0.8803,2385308.7,2025-07-04 23:59:59.999,2151282.09894
2025-07-05,0.8803,0.8989,0.8796,0.8897,1264729.9,2025-07-05 23:59:59.999,1124951.14853
2025-07-06,0.8897,0.9197,0.859,0.9089,1913720.9,2025-07-06 23:59:59.999,1705058.46357
2025-07-07,0.9092,0.9209,0.8909,0.9007,1438337.5,2025-07-07 23:59:59.999,1303801.01905
2025-07-08,0.9006,0.9224,0.8899,0.9183,1151033.5,2025-07-08 23:59:59.999,1041424.20669
2025-07-09,0.918,0.9612,0.9064,0.9564,2037375.3,2025-07-09 23:59:59.999,1908431.60215
2025-07-10,0.9567,1.0198,0.9452,1.0149,1997709.8,2025-07-10 23:59:59.999,1944208.94362
2025-07-11,1.0147,1.0629,0.9946,1.0316,2379531.9,2025-07-11 23:59:59.999,2468704.79153
2025-07-12,1.0316,1.0726,1.0092,1.0387,2931447.3,2025-07-12 23:59:59.999,3058028.57
2025-07-13,1.0387,1.1438,1.0278,1.062,3220141.1,2025-07-13 23:59:59.999,3454261.55999
2025-07-14,1.0621,1.115,1.0515,1.0647,2435252.1,2025-07-14 23:59:59.999,2639804.08705
2025-07-15,1.065,1.1115,1.031,1.1112,2087147.0,2025-07-15 23:59:59.999,2223279.32316
2025-07-16,1.1107,1.1479,1.0899,1.1222,1976898.2,2025-07-16 23:59:59.999,2212201.82744
2025-07-17,1.122,1.1559,1.0868,1.128,2750054.4,2025-07-17 23:59:59.999,3088979.73716
2025-07-18,1.1275,1.191,1.1057,1.1312,3698703.4,2025-07-18 23:59:59.999,4279977.3566
2025-07-19,1.1311,1.1545,1.104,1.1452,1607952.1,2025-07-19 23:59:59.999,1812793.54463
2025-07-20,1.1457,1.2155,1.1369,1.1926,2601747.2,2025-07-20 23:59:59.999,3069861.7633
2025-07-21,1.1922,1.3455,1.1693,1.2567,18375368.9,2025-07-21 23:59:59.999,23459302.88874
2025-07-22,1.2572,1.2663,1.1513,1.2305,6915956.3,2025-07-22 23:59:59.999,8358535.07866
2025-07-23,1.2304,1.2316,1.075,1.1105,5205712.7,2025-07-23 23:59:59.999,6023948.20351
2025-07-24,1.1106,1.1278,1.0078,1.0648,3600923.4,2025-07-24 23:59:59.999,3854873.23179
2025-07-25,1.0652,1.0932,1.0323,1.0921,2207357.6,2025-07-25 23:59:59.999,2347805.89025
2025-07-26,1.0918,1.0965,1.0634,1.0681,1503338.6,2025-07-26 23:59:59.999,1626838.81655
2025-07-27,1.0683,1.105,1.0619,1.097,1769579.2,2025-07-27 23:59:59.999,1920684.46034
2025-07-28,1.0966,1.13,1.0358,1.0434,2551798.4,2025-07-28 23:59:59.999,2776941.70446
2025-07-29,1.0436,1.0737,1.011,1.032,2002106.6,2025-07-29 23:59:59.999,2082423.18709
2025-07-30,1.0317,1.0352,0.956,1.0191,2439043.6,2025-07-30 23:59:59.999,2435500.88118
2025-07-31,1.0189,1.0432,0.9487,0.9575,2163956.6,2025-07-31 23:59:59.999,2167533.57512
2025-08-01,0.9574,0.9796,0.9078,0.9275,2989965.9,2025-08-01 23:59:59.999,2827037.04689
2025-08-02,0.9276,0.9493,0.89,0.9139,1668656.2,2025-08-02 23:59:59.999,1532506.79305
2025-08-03,0.9143,0.9518,0.9044,0.9448,1168371.1,2025-08-03 23:59:59.999,1097836.61629
2025-08-04,0.9448,0.9887,0.9432,0.9833,1845602.3,2025-08-04 23:59:59.999,1783258.73984
2025-08-05,0.9836,0.9852,0.9144,0.936,1761317.1,2025-08-05 23:59:59.999,1682588.65508
2025-08-06,0.9358,0.9611,0.9159,0.9436,1586103.7,2025-08-06 23:59:59.999,1490996.72586
2025-08-07,0.9438,0.9878,0.9384,0.9873,2434300.8,2025-08-07 23:59:59.999,2346378.9936
2025-08-08,0.9875,1.0184,0.9774,1.0107,2283605.3,2025-08-08 23:59:59.999,2273155.75904
2025-08-09,1.0109,1.0597,1.008,1.0423,3379036.8,2025-08-09 23:59:59.999,3519958.19667
2025-08-10,1.0421,1.0663,0.9939,1.0341,2828819.3,2025-08-10 23:59:59.999,2910294.69
2025-08-11,1.034,1.0545,0.9419,0.9474,3803182.0,2025-08-11 23:59:59.999,3790433.43773
2025-08-12,0.9474,1.0505,0.9447,1.0267,4393034.7,2025-08-12 23:59:59.999,4410918.34362
2025-08-13,1.027,1.0598,1.0233,1.0504,3341111.9,2025-08-13 23:59:59.999,3483015.94748
2025-08-14,1.0506,1.0711,0.9154,0.9385,5281382.9,2025-08-14 23:59:59.999,5177149.6035
2025-08-15,0.9385,0.9671,0.9148,0.9454,2884774.2,2025-08-15 23:59:59.999,2729533.73806
2025-08-16,0.9454,1.0212,0.9428,0.9983,4978949.7,2025-08-16 23:59:59.999,4905819.73301
2025-08-17,0.9983,1.0493,0.9792,0.99,4414351.9,2025-08-17 23:59:59.999,4473552.77742
2025-08-18,0.9902,0.9982,0.9282,0.9584,3547474.7,2025-08-18 23:59:59.999,3389998.731
2025-08-19,0.9581,1.048,0.9323,0.9784,21493857.1,2025-08-19 23:59:59.999,21461430.0894
2025-08-20,0.9784,1.0665,0.96,1.037,16544736.4,2025-08-20 23:59:59.999,16901895.5882
2025-08-21,1.0366,1.0684,0.983,0.9983,6621354.5,2025-08-21 23:59:59.999,6778133.45985
2025-08-22,0.9985,1.103,0.953,1.0718,7308997.7,2025-08-22 23:59:59.999,7578144.69861
2025-08-23,1.0718,1.0815,1.0419,1.0667,4167325.5,2025-08-23 23:59:59.999,4414121.13815
2025-08-24,1.0665,1.075,1.0064,1.018,4385356.8,2025-08-24 23:59:59.999,4536165.0983
2025-08-25,1.0181,1.0416,0.9237,0.944,4632476.8,2025-08-25 23:59:59.999,4535427.99889
2025-08-26,0.9435,1.0332,0.9326,1.0295,6963741.8,2025-08-26 23:59:59.999,6916680.44061
2025-08-27,1.0295,1.638,1.0145,1.6204,114195145.6,2025-08-27 23:59:59.999,141107868.21084
2025-08-28,1.6203,1.7318,1.25,1.2988,250330479.8,2025-08-28 23:59:59.999,370947516.35613
2025-08-29,1.2989,1.3198,1.1768,1.194,33838202.2,2025-08-29 23:59:59.999,42527253.45097
2025-08-30,1.194,1.2682,1.1675,1.1832,15692363.4,2025-08-30 23:59:59.999,18937987.97933
2025-08-31,1.1833,1.398,1.1767,1.2184,43031478.0,2025-08-31 23:59:59.999,54522594.63503
2025-09-01,1.2183,1.317,1.1429,1.1724,28659236.1,2025-09-01 23:59:59.999,34921988.44205
2025-09-02,1.1724,1.319,1.1673,1.273,23200427.9,2025-09-02 23:59:59.999,28392639.67674
2025-09-03,1.273,1.3539,1.2307,1.2865,34189512.0,2025-09-03 23:59:59.999,44315172.33127
2025-09-04,1.2866,1.2947,1.2161,1.2579,13799442.9,2025-09-04 23:59:59.999,17358324.42079
2025-09-05,1.2576,1.3176,1.2349,1.2371,10841026.7,2025-09-05 23:59:59.999,13893753.52669
2025-09-06,1.2367,1.3899,1.2344,1.3053,21486642.1,2025-09-06 23:59:59.999,28314750.43454
2025-09-07,1.3053,1.3532,1.2821,1.2921,11438783.6,2025-09-07 23:59:59.999,15025911.2091
2025-09-08,1.2921,1.3778,1.2486,1.2662,12285185.4,2025-09-08 23:59:59.999,16149996.25008
2025-09-09,1.2662,1.3495,1.2572,1.2686,12326524.3,2025-09-09 23:59:59.999,16103127.57398
2025-09-10,1.2688,1.2878,1.2336,1.2376,6636131.4,2025-09-10 23:59:59.999,8402988.27846
2025-09-11,1.238,1.3179,1.2242,1.2672,8320213.2,2025-09-11 23:59:59.999,10570579.12394
2025-09-12,1.2671,1.3067,1.2453,1.2735,5541731.8,2025-09-12 23:59:59.999,7051762.40367
2025-09-13,1.2735,1.2986,1.2485,1.2662,7590630.4,2025-09-13 23:59:59.999,9675115.31833
2025-09-14,1.2662,1.2884,1.1947,1.2447,8178453.3,2025-09-14 23:59:59.999,10163442.20841
2025-09-15,1.2447,1.2576,1.1833,1.2327,10113756.8,2025-09-15 23:59:59.999,12386082.23234
2025-09-16,1.2327,1.2644,1.2105,1.2343,6278588.8,2025-09-16 23:59:59.999,7778368.28886
2025-09-17,1.2343,1.2849,1.1915,1.2351,8885256.5,2025-09-17 23:59:59.999,10983225.83066
2025-09-18,1.2353,1.2519,1.2127,1.2337,5061193.4,2025-09-18 23:59:59.999,6247986.36442
2025-09-19,1.2331,1.2513,1.1778,1.1869,4043108.5,2025-09-19 23:59:59.999,4886445.87392
2025-09-20,1.1869,1.2046,1.1601,1.1906,2879817.4,2025-09-20 23:59:59.999,3412315.36001
2025-09-21,1.1906,1.2237,1.18,1.1807,3016480.1,2025-09-21 23:59:59.999,3619576.3575
2025-09-22,1.1807,1.1883,1.0108,1.0779,5285440.7,2025-09-22 23:59:59.999,5810573.10349
2025-09-23,1.0779,1.1155,1.0479,1.0855,4644226.8,2025-09-23 23:59:59.999,5051390.7739
2025-09-24,1.0855,1.0982,1.0207,1.0653,3950466.9,2025-09-24 23:59:59.999,4219391.21608
2025-09-25,1.0653,1.0672,0.952,0.9787,5115723.1,2025-09-25 23:59:59.999,5167597.76911
2025-09-26,0.979,1.0159,0.9782,1.0043,3247222.5,2025-09-26 23:59:59.999,3242266.29818
2025-09-27,1.0043,1.0324,0.9781,1.0189,3277301.2,2025-09-27 23:59:59.999,3306233.88716
2025-09-28,1.0189,1.16,1.004,1.0605,31916126.1,2025-09-28 23:59:59.999,34483630.61034
2025-09-29,1.0604,1.075,1.0104,1.0257,7674567.2,2025-09-29 23:59:59.999,8009756.80115
2025-09-30,1.0256,1.0496,0.9968,1.0221,4605113.4,2025-09-30 23:59:59.999,4709192.66601
2025-10-01,1.022,1.1418,1.0088,1.1368,5217139.4,2025-10-01 23:59:59.999,5593704.80151
2025-10-02,1.137,1.1872,1.0959,1.1111,8229364.0,2025-10-02 23:59:59.999,9422325.82078
2025-10-03,1.1113,1.1387,1.0811,1.1212,3397938.5,2025-10-03 23:59:59.999,3755362.34155
2025-10-04,1.1213,1.1272,1.0647,1.0855,2969558.6,2025-10-04 23:59:59.999,3241748.61315
2025-10-05,1.0856,1.1306,1.0611,1.1022,4619184.6,2025-10-05 23:59:59.999,5066736.18061
2025-10-06,1.1022,1.2087,1.0964,1.1135,9293436.2,2025-10-06 23:59:59.999,10563812.00436
2025-10-07,1.1136,1.1577,1.054,1.0666,4874300.3,2025-10-07 23:59:59.999,5360364.82171
2025-10-08,1.0664,1.0913,1.05,1.0808,2182198.3,2025-10-08 23:59:59.999,2344051.97541
2025-10-09,1.0812,1.1093,1.0297,1.0911,3370321.4,2025-10-09 23:59:59.999,3585217.10461
2025-10-10,1.0913,1.1534,0.7185,0.8586,17122585.7,2025-10-10 23:59:59.999,16314613.16483
2025-10-11,0.8589,0.8854,0.7564,0.8049,10707679.5,2025-10-11 23:59:59.999,8773014.73331
2025-10-12,0.805,0.9,0.7874,0.8805,5367090.5,2025-10-12 23:59:59.999,4525993.73528
2025-10-13,0.8808,1.1024,0.8577,0.9824,18795941.4,2025-10-13 23:59:59.999,18539900.66612
2025-10-14,0.9825,1.0118,0.8759,0.9291,10944646.3,2025-10-14 23:59:59.999,10148629.25461
2025-10-15,0.9291,0.9518,0.8665,0.8815,5515854.5,2025-10-15 23:59:59.999,5040369.61202
2025-10-16,0.8816,0.905,0.8278,0.8534,3752109.2,2025-10-16 23:59:59.999,3276748.88524
2025-10-17,0.8533,0.8987,0.8006,0.8637,11271064.0,2025-10-17 23:59:59.999,9686310.11871
2025-10-18,0.8639,0.8849,0.8467,0.8564,2725206.0,2025-10-18 23:59:59.999,2359926.11092
2025-10-19,0.8567,0.9241,0.8329,0.8917,5758143.6,2025-10-19 23:59:59.999,5093345.2761
2025-10-20,0.8913,0.9037,0.8715,0.8843,2578986.5,2025-10-20 23:59:59.999,2298250.97527
2025-10-21,0.8849,0.9115,0.847,0.8585,3445005.8,2025-10-21 23:59:59.999,3024323.83707
2025-10-22,0.8581,0.8729,0.8116,0.8365,2993676.7,2025-10-22 23:59:59.999,2544903.70635
2025-10-23,0.8368,0.8882,0.8351,0.8587,6317668.3,2025-10-23 23:59:59.999,5448879.51131
2025-10-24,0.8589,0.8859,0.8456,0.8711,2575355.6,2025-10-24 23:59:59.999,2227124.577
2025-10-25,0.8712,0.8728,0.8559,0.866,1423096.7,2025-10-25 23:59:59.999,1232173.77431
2025-10-26,0.8658,0.9009,0.858,0.8942,2476867.2,2025-10-26 23:59:59.999,2181198.14268
2025-10-27,0.8938,0.9085,0.8676,0.8717,2143159.6,2025-10-27 23:59:59.999,1906219.41233
2025-10-28,0.8717,0.9362,0.8256,0.8507,11426517.3,2025-10-28 23:59:59.999,10164762.30759
2025-10-29,0.8504,0.8812,0.8431,0.8557,4139084.2,2025-10-29 23:59:59.999,3567735.477
2025-10-30,0.8562,0.8682,0.7625,0.7973,7795184.9,2025-10-30 23:59:59.999,6321199.01166
2025-10-31,0.7974,0.8429,0.7958,0.8318,2252699.6,2025-10-31 23:59:59.999,1853374.09176
2025-11-01,0.832,0.9258,0.8245,0.8924,11777290.4,2025-11-01 23:59:59.999,10314158.02325
2025-11-02,0.8924,0.928,0.8684,0.8995,5363361.7,2025-11-02 23:59:59.999,4818922.89264
2025-11-03,0.8994,0.9001,0.74,0.7874,5275104.2,2025-11-03 23:59:59.999,4265014.65189
2025-11-04,0.7874,0.8498,0.7256,0.7665,9883996.8,2025-11-04 23:59:59.999,7821750.41699
2025-11-05,0.7663,0.7832,0.7313,0.769,3610868.2,2025-11-05 23:59:59.999,2768326.80609
2025-11-06,0.7692,0.7698,0.725,0.7584,3683539.8,2025-11-06 23:59:59.999,2776084.55715
2025-11-07,0.7586,0.9091,0.7534,0.8726,12462249.5,2025-11-07 23:59:59.999,10586024.31114
2025-11-08,0.8732,1.0346,0.8579,0.9149,32494613.4,2025-11-08 23:59:59.999,30409415.61934
2025-11-09,0.9148,0.9157,0.8509,0.8844,8458374.9,2025-11-09 23:59:59.999,7482859.47468
2025-11-10,0.8848,0.8976,0.8566,0.8697,5691192.9,2025-11-10 23:59:59.999,4987638.65427
2025-11-11,0.8696,0.889,0.8271,0.8286,4719761.2,2025-11-11 23:59:59.999,4054580.73737
2025-11-12,0.8293,0.8562,0.7835,0.8168,3640101.7,2025-11-12 23:59:59.999,2998185.94668
2025-11-13,0.8169,0.84,0.771,0.7893,2432379.1,2025-11-13 23:59:59.999,1971260.52026
2025-11-14,0.7889,0.7953,0.7345,0.7496,3497543.6,2025-11-14 23:59:59.999,2678665.83047
2025-11-15,0.7496,0.7866,0.7481,0.7725,2781580.3,2025-11-15 23:59:59.999,2144089.28568
2025-11-16,0.7731,0.8144,0.7462,0.7771,11870328.3,2025-11-16 23:59:59.999,9374265.40081
2025-11-17,0.7764,0.8173,0.7482,0.7651,8623998.1,2025-11-17 23:59:59.999,6736583.64557
2025-11-18,0.7651,0.8041,0.7495,0.7739,5881296.6,2025-11-18 23:59:59.999,4570990.50514
2025-11-19,0.7741,0.7815,0.7266,0.7658,3999059.3,2025-11-19 23:59:59.999,3004579.74999
2025-11-20,0.7658,0.795,0.7293,0.7335,5813586.6,2025-11-20 23:59:59.999,4432238.18191
2025-11-21,0.7335,0.7495,0.6499,0.7035,5920589.0,2025-11-21 23:59:59.999,4140736.56771
2025-11-22,0.7035,0.7288,0.6859,0.721,2799477.7,2025-11-22 23:59:59.999,1974080.8614
2025-11-23,0.7208,0.7339,0.7108,0.7124,2138388.3,2025-11-23 23:59:59.999,1542971.14578
2025-11-24,0.7127,0.7388,0.6993,0.7296,2678642.2,2025-11-24 23:59:59.999,1922216.16571
2025-11-25,0.7297,0.7365,0.7101,0.7323,2005057.2,2025-11-25 23:59:59.999,1452971.14052
2025-11-26,0.7326,0.7375,0.706,0.727,2746511.9,2025-11-26 23:59:59.999,1986557.3621
2025-11-27,0.7267,0.7277,0.7077,0.7143,1832381.3,2025-11-27 23:59:59.999,1315042.00989
2025-11-28,0.7143,0.719,0.6845,0.705,2254929.6,2025-11-28 23:59:59.999,1585777.36915
2025-11-29,0.7051,0.7675,0.7045,0.7223,9270146.7,2025-11-29 23:59:59.999,6824656.36043
2025-11-30,0.7222,0.7284,0.7113,0.7129,2369995.3,2025-11-30 23:59:59.999,1706991.98162
2025-12-01,0.7124,0.7154,0.6535,0.687,6693750.4,2025-12-01 23:59:59.999,4524905.1281
2025-12-02,0.6868,0.7162,0.6682,0.704,2891435.5,2025-12-02 23:59:59.999,1993757.81747
2025-12-03,0.7039,0.7451,0.69,0.7424,3677079.1,2025-12-03 23:59:59.999,2643911.6657
2025-12-04,0.7421,0.7845,0.7165,0.7359,7321727.5,2025-12-04 23:59:59.999,5494761.99652
2025-12-05,0.7356,0.7747,0.7233,0.7295,5036654.6,2025-12-05 23:59:59.999,3779926.74234
2025-12-06,0.7295,0.7389,0.7192,0.7323,1482450.7,2025-12-06 23:59:59.999,1080358.41828
2025-12-07,0.7322,0.7472,0.714,0.7225,2444687.7,2025-12-07 23:59:59.999,1792516.72188
2025-12-08,0.723,0.774,0.7217,0.7335,2433490.3,2025-12-08 23:59:59.999,1814269.36901
2025-12-09,0.7336,0.765,0.7236,0.7585,1844043.6,2025-12-09 23:59:59.999,1375051.08365
2025-12-10,0.7587,0.7622,0.7319,0.7366,1958479.4,2025-12-10 23:59:59.999,1457778.51855
2025-12-11,0.7365,0.744,0.7105,0.7319,5703528.7,2025-12-11 23:59:59.999,4164642.35014
2025-12-12,0.7319,0.74,0.7092,0.7225,2003671.0,2025-12-12 23:59:59.999,1457300.51237
2025-12-13,0.7226,0.7297,0.7191,0.7236,1098713.6,2025-12-13 23:59:59.999,797017.26615
2025-12-14,0.7236,0.727,0.6758,0.6833,1878200.7,2025-12-14 23:59:59.999,1315977.83388
2025-12-15,0.6834,0.7495,0.663,0.6785,5348358.3,2025-12-15 23:59:59.999,3778596.17991
2025-12-16,0.6785,0.7069,0.6633,0.6879,2789820.2,2025-12-16 23:59:59.999,1917227.49427
2025-12-17,0.6879,0.6942,0.635,0.6377,5597044.0,2025-12-17 23:59:59.999,3746590.0598
2025-12-18,0.6379,0.6383,0.5873,0.5977,3566718.6,2025-12-18 23:59:59.999,2189301.86353
2025-12-19,0.5976,0.6346,0.5875,0.631,1961333.5,2025-12-19 23:59:59.999,1209645.27332
2025-12-20,0.6312,0.6459,0.6289,0.6428,1151255.8,2025-12-20 23:59:59.999,733645.3339
2025-12-21,0.6428,0.649,0.6185,0.6291,1463355.5,2025-12-21 23:59:59.999,929066.38539
2025-12-22,0.6294,0.6539,0.6192,0.6429,2137097.7,2025-12-22 23:59:59.999,1362601.14556
2025-12-23,0.6432,0.6505,0.6287,0.6462,1180956.6,2025-12-23 23:59:59.999,754377.88871
2025-12-24,0.6461,0.6472,0.621,0.6383,1262089.2,2025-12-24 23:59:59.999,796605.28807
2025-12-25,0.6384,0.6593,0.6329,0.6356,1773447.2,2025-12-25 23:59:59.999,1147813.85767
2025-12-26,0.6358,0.6508,0.6309,0.6444,1227435.2,2025-12-26 23:59:59.999,788801.99438
2025-12-27,0.6443,0.6666,0.6388,0.6655,1080188.2,2025-12-27 23:59:59.999,703452.80193
2025-12-28,0.6655,0.6736,0.6535,0.6592,1237784.3,2025-12-28 23:59:59.999,820726.68657
2025-12-29,0.6597,0.6726,0.6424,0.6472,1352895.6,2025-12-29 23:59:59.999,887796.91701
2025-12-30,0.6473,0.6495,0.633,0.6398,1511420.8,2025-12-30 23:59:59.999,965920.92384
2025-12-31,0.6397,0.6588,0.622,0.6348,2755892.5,2025-12-31 23:59:59.999,1761552.38478
2026-01-01,0.6347,0.6552,0.6294,0.6532,1611983.3,2026-01-01 23:59:59.999,1033085.07825
2026-01-02,0.6533,0.6801,0.645,0.6798,2085417.2,2026-01-02 23:59:59.999,1371431.40778
2026-01-03,0.6798,0.6994,0.6646,0.6785,1737206.2,2026-01-03 23:59:59.999,1180222.57629
2026-01-04,0.6783,0.7042,0.6778,0.6909,1709648.2,2026-01-04 23:59:59.999,1181360.22328
2026-01-05,0.6915,0.729,0.681,0.7186,2413889.8,2026-01-05 23:59:59.999,1696687.42902
2026-01-06,0.7185,0.7416,0.6944,0.7285,2445875.5,2026-01-06 23:59:59.999,1765382.84565
2026-01-07,0.7282,0.7307,0.692,0.7004,1454411.8,2026-01-07 23:59:59.999,1032179.14735
2026-01-08,0.7007,0.7273,0.6581,0.6955,8433062.9,2026-01-08 23:59:59.999,5808050.25153
2026-01-09,0.6957,0.7161,0.69,0.7002,3211596.1,2026-01-09 23:59:59.999,2258738.49252
2026-01-10,0.7001,0.706,0.6824,0.6954,2052713.9,2026-01-10 23:59:59.999,1423387.32756
2026-01-11,0.6953,0.7523,0.6853,0.7032,10803136.1,2026-01-11 23:59:59.999,7779648.9619
2026-01-12,0.7033,0.7118,0.6618,0.6623,3502802.6,2026-01-12 23:59:59.999,2409176.19142
2026-01-13,0.6622,0.7056,0.6583,0.6957,2936024.6,2026-01-13 23:59:59.999,1999725.0884
2026-01-14,0.6953,0.7053,0.6815,0.6872,2693235.3,2026-01-14 23:59:59.999,1872014.34305
2026-01-15,0.6871,0.6874,0.6499,0.6616,1915775.7,2026-01-15 23:59:59.999,1280408.05574
2026-01-16,0.6616,0.6786,0.6482,0.678,1374880.3,2026-01-16 23:59:59.999,911173.04467
2026-01-17,0.678,0.6921,0.67,0.6859,1680876.5,2026-01-17 23:59:59.999,1149158.06963
2026-01-18,0.6855,0.7023,0.6632,0.6637,1797850.5,2026-01-18 23:59:59.999,1233478.2498
2026-01-19,0.6637,0.6637,0.606,0.6402,3538925.8,2026-01-19 23:59:59.999,2262786.95537
2026-01-20,0.6402,0.6451,0.5842,0.5941,2887537.2,2026-01-20 23:59:59.999,1772649.76532
2026-01-21,0.594,0.6244,0.5916,0.613,2304662.9,2026-01-21 23:59:59.999,1401813.63395
2026-01-22,0.613,0.6236,0.5917,0.6001,1236613.2,2026-01-22 23:59:59.999,752562.51023
2026-01-23,0.6006,0.6218,0.5978,0.605,1614446.1,2026-01-23 23:59:59.999,986380.96894
2026-01-24,0.6051,0.6238,0.6006,0.6066,1443723.0,2026-01-24 23:59:59.999,882189.06835
2026-01-25,0.6066,0.6118,0.5602,0.5776,2762939.3,2026-01-25 23:59:59.999,1625129.59598
2026-01-26,0.5775,0.5925,0.5743,0.5902,1710088.0,2026-01-26 23:59:59.999,998546.38185
2026-01-27,0.5901,0.5995,0.5732,0.5982,1650147.6,2026-01-27 23:59:59.999,968273.07318
2026-01-28,0.5986,0.5991,0.5778,0.5908,1381713.6,2026-01-28 23:59:59.999,813211.63193
2026-01-29,0.591,0.5932,0.5368,0.5546,2933531.0,2026-01-29 23:59:59.999,1642931.91669
2026-01-30,0.5546,0.5613,0.531,0.558,2838018.0,2026-01-30 23:59:59.999,1549629.59802
2026-01-31,0.5581,0.5587,0.456,0.5064,4549712.8,2026-01-31 23:59:59.999,2301442.61043
2026-02-01,0.5058,0.5198,0.4871,0.496,2741055.2,2026-02-01 23:59:59.999,1386185.052
2026-02-02,0.4963,0.5175,0.4817,0.514,2858994.1,2026-02-02 23:59:59.999,1435339.25268
2026-02-03,0.514,0.52,0.479,0.5014,3102304.5,2026-02-03 23:59:59.999,1561510.64553
2026-02-04,0.5014,0.5154,0.4822,0.5025,2606098.0,2026-02-04 23:59:59.999,1304543.17141
2026-02-05,0.5025,0.5054,0.415,0.4163,6108529.4,2026-02-05 23:59:59.999,2766096.72077
2026-02-06,0.4169,0.4739,0.3828,0.4664,4357689.1,2026-02-06 23:59:59.999,1880262.27336
2026-02-07,0.4664,0.4716,0.448,0.4596,2515918.5,2026-02-07 23:59:59.999,1159865.87861
2026-02-08,0.4597,0.4598,0.4399,0.4446,2100503.9,2026-02-08 23:59:59.999,947371.03033
2026-02-09,0.4445,0.4551,0.434,0.4435,1886017.6,2026-02-09 23:59:59.999,841788.68223
2026-02-10,0.4436,0.4445,0.4262,0.4397,1852667.7,2026-02-10 23:59:59.999,808307.00369
2026-02-11,0.4399,0.4409,0.4172,0.432,2577049.2,2026-02-11 23:59:59.999,1103454.99215
2026-02-12,0.4314,0.4478,0.4235,0.4385,2485096.1,2026-02-12 23:59:59.999,1080976.08438
2026-02-13,0.4386,0.4595,0.429,0.4506,2831836.9,2026-02-13 23:59:59.999,1262997.4125
2026-02-14,0.4506,0.4656,0.446,0.4601,1945494.6,2026-02-14 23:59:59.999,885132.55153
2026-02-15,0.4602,0.4649,0.4398,0.4518,2112840.2,2026-02-15 23:59:59.999,952749.3353
2026-02-16,0.4518,0.4532,0.4331,0.4501,2265265.0,2026-02-16 23:59:59.999,1006719.75067
2026-02-17,0.4501,0.4558,0.4407,0.4428,2037671.2,2026-02-17 23:59:59.999,910697.61542
2026-02-18,0.443,0.4446,0.4171,0.4217,2454429.4,2026-02-18 23:59:59.999,1057650.56082
2026-02-19,0.4221,0.4293,0.4068,0.4211,2932010.2,2026-02-19 23:59:59.999,1228650.34643
2026-02-20,0.4212,0.4296,0.4119,0.4279,2481988.3,2026-02-20 23:59:59.999,1049841.39741
2026-02-21,0.4279,0.433,0.4201,0.4206,1604692.7,2026-02-21 23:59:59.999,685788.38158
2026-02-22,0.4204,0.4211,0.4022,0.4039,1681817.8,2026-02-22 23:59:59.999,690531.40852
2026-02-23,0.4039,0.4048,0.3831,0.3899,2922240.5,2026-02-23 23:59:59.999,1147049.11617
2026-02-24,0.3899,0.398,0.3817,0.3941,2197642.0,2026-02-24 23:59:59.999,857536.16088
2026-02-25,0.3942,0.4225,0.3933,0.4093,2309548.9,2026-02-25 23:59:59.999,938734.47777
2026-02-26,0.4094,0.4112,0.3904,0.397,2359131.8,2026-02-26 23:59:59.999,946884.82775
2026-02-27,0.397,0.4055,0.3743,0.384,2643360.9,2026-02-27 23:59:59.999,1035485.02073
2026-02-28,0.384,0.3942,0.3606,0.3941,3056840.9,2026-02-28 23:59:59.999,1140101.89587
2026-03-01,0.3937,0.4041,0.37,0.3802,2410075.6,2026-03-01 23:59:59.999,933205.72418
2026-03-02,0.3802,0.3995,0.3745,0.3862,2034088.4,2026-03-02 23:59:59.999,785334.35811
2026-03-03,0.3865,0.3964,0.3551,0.3586,5599885.3,2026-03-03 23:59:59.999,2107920.65597
2026-03-04,0.3586,0.4011,0.3513,0.385,7567285.5,2026-03-04 23:59:59.999,2833415.36479
2026-03-05,0.3849,0.4164,0.3735,0.3747,8602324.6,2026-03-05 23:59:59.999,3373835.14327
2026-03-06,0.3748,0.3927,0.3693,0.3722,5296648.9,2026-03-06 23:59:59.999,2016609.23401
2026-03-07,0.3722,0.3852,0.3609,0.3686,4586904.4,2026-03-07 23:59:59.999,1713262.08429
2026-03-08,0.3687,0.3806,0.3584,0.3724,3700345.1,2026-03-08 23:59:59.999,1356585.73906
2026-03-09,0.3725,0.3905,0.3708,0.376,3926650.6,2026-03-09 23:59:59.999,1490879.68106
2026-03-10,0.3762,0.3991,0.3754,0.3891,2326472.7,2026-03-10 23:59:59.999,903887.78552
2026-03-11,0.3891,0.4054,0.3853,0.3963,3074604.1,2026-03-11 23:59:59.999,1211735.84887
2026-03-12,0.3963,0.4031,0.3887,0.3988,2224098.0,2026-03-12 23:59:59.999,882573.49242
2026-03-13,0.3987,0.4172,0.398,0.4074,2650772.5,2026-03-13 23:59:59.999,1077395.97543
2026-03-14,0.4074,0.4075,0.3885,0.3955,2597862.9,2026-03-14 23:59:59.999,1033157.70093
2026-03-15,0.3953,0.4092,0.3918,0.4059,2055700.6,2026-03-15 23:59:59.999,817273.31019
2026-03-16,0.4062,0.4439,0.4018,0.4416,5653362.8,2026-03-16 23:59:59.999,2416348.03487
2026-03-17,0.4418,0.489,0.4279,0.462,14820429.9,2026-03-17 23:59:59.999,6839926.02829
2026-03-18,0.4621,0.4759,0.4251,0.4352,7246764.8,2026-03-18 23:59:59.999,3270694.61473
2026-03-19,0.4352,0.4414,0.4125,0.4175,3036345.3,2026-03-19 23:59:59.999,1287747.11806
2026-03-20,0.4176,0.426,0.4019,0.4124,2598795.5,2026-03-20 23:59:59.999,1079366.01868
2026-03-21,0.4124,0.4154,0.3861,0.3898,2026846.6,2026-03-21 23:59:59.999,816886.35794
2026-03-22,0.3896,0.4,0.3828,0.388,2869999.4,2026-03-22 23:59:59.999,1119767.7028
2026-03-23,0.3881,0.4355,0.3847,0.4206,5065407.4,2026-03-23 23:59:59.999,2081056.13451
2026-03-24,0.4205,0.4326,0.416,0.4267,2812786.1,2026-03-24 23:59:59.999,1191077.71629
2026-03-25,0.4267,0.4307,0.415,0.422,2814734.3,2026-03-25 23:59:59.999,1191426.87509
2026-03-26,0.422,0.4237,0.3987,0.4069,1944573.0,2026-03-26 23:59:59.999,795150.27241
2026-03-27,0.407,0.4103,0.3887,0.3911,2180163.8,2026-03-27 23:59:59.999,867927.36309
2026-03-28,0.3913,0.4157,0.3852,0.4011,3645639.1,2026-03-28 23:59:59.999,1472818.33012
2026-03-29,0.4008,0.406,0.3552,0.3866,3522967.0,2026-03-29 23:59:59.999,1360302.25728
2026-03-30,0.3866,0.409,0.3864,0.3916,2445847.5,2026-03-30 23:59:59.999,973415.48588
2026-03-31,0.3915,0.4246,0.3845,0.4197,5335246.9,2026-03-31 23:59:59.999,2162245.88707
2026-04-01,0.42,0.4289,0.4075,0.4231,2652050.8,2026-04-01 23:59:59.999,1104573.95489
2026-04-02,0.4229,0.4402,0.4066,0.4308,4188993.0,2026-04-02 23:59:59.999,1774632.27993
2026-04-03,0.4309,0.4444,0.4186,0.4208,2913685.8,2026-04-03 23:59:59.999,1261264.9457
2026-04-04,0.4207,0.4254,0.411,0.4142,1696490.7,2026-04-04 23:59:59.999,708761.66072
2026-04-05,0.4146,0.4205,0.3995,0.4192,2005321.3,2026-04-05 23:59:59.999,822467.35082
2026-04-06,0.4191,0.4329,0.4162,0.4214,1946471.7,2026-04-06 23:59:59.999,825179.34951
2026-04-07,0.4214,0.4344,0.4036,0.4341,1436817.8,2026-04-07 23:59:59.999,595634.43401
2026-04-08,0.4344,0.4393,0.4193,0.4233,1764156.4,2026-04-08 23:59:59.999,754452.76664
2026-04-09,0.4233,0.4436,0.4085,0.4263,3817636.1,2026-04-09 23:59:59.999,1628568.30044
2026-04-10,0.4263,0.4394,0.4193,0.4318,2190747.4,2026-04-10 23:59:59.999,939926.02267
2026-04-11,0.4318,0.432,0.4208,0.4219,1696764.4,2026-04-11 23:59:59.999,722014.38722
2026-04-12,0.4218,0.4237,0.4057,0.4063,1470663.5,2026-04-12 23:59:59.999,607441.71539
2026-04-13,0.406,0.4187,0.4032,0.4176,1451253.5,2026-04-13 23:59:59.999,593934.66063
2026-04-14,0.4176,0.4213,0.4023,0.4061,2210703.3,2026-04-14 23:59:59.999,914618.38404
2026-04-15,0.4061,0.4325,0.4061,0.4168,5061253.1,2026-04-15 23:59:59.999,2108988.36947
2026-04-16,0.4171,0.4408,0.4162,0.4402,2625445.4,2026-04-16 23:59:59.999,1119369.86068
2026-04-17,0.4406,0.4604,0.4305,0.4535,2826353.2,2026-04-17 23:59:59.999,1260665.87262
2026-04-18,0.4532,0.4795,0.4302,0.4365,6386125.8,2026-04-18 23:59:59.999,2915108.63394
2026-04-19,0.4368,0.4731,0.4271,0.4493,6807537.0,2026-04-19 23:59:59.999,3068067.32862
2026-04-20,0.4494,0.4838,0.4424,0.4617,9719350.8,2026-04-20 23:59:59.999,4495658.30687
2026-04-21,0.4617,0.4627,0.447,0.4541,3030835.7,2026-04-21 23:59:59.999,1374248.69255
2026-04-22,0.4543,0.4631,0.4465,0.4491,2251396.1,2026-04-22 23:59:59.999,1028851.5368
2026-04-23,0.4491,0.4535,0.4355,0.4463,2647570.6,2026-04-23 23:59:59.999,1173128.87274
2026-04-24,0.446,0.4597,0.4402,0.45,2257384.2,2026-04-24 23:59:59.999,1009604.41869
2026-04-25,0.4501,0.4871,0.4495,0.4601,7943714.1,2026-04-25 23:59:59.999,3729461.38948
2026-04-26,0.4602,0.475,0.4467,0.4573,3330634.8,2026-04-26 23:59:59.999,1530615.28745
2026-04-27,0.4574,0.4634,0.4381,0.4441,2507521.4,2026-04-27 23:59:59.999,1123814.71016
2026-04-28,0.4442,0.4484,0.4392,0.4439,1602889.9,2026-04-28 23:59:59.999,710678.44594
2026-04-29,0.4438,0.4517,0.4232,0.4346,2390665.4,2026-04-29 23:59:59.999,1052379.19134
2026-04-30,0.4346,0.4361,0.4244,0.426,1253944.8,2026-04-30 23:59:59.999,538637.85752
2026-05-01,0.4258,0.445,0.4255,0.4389,2019890.3,2026-05-01 23:59:59.999,882061.8843
2026-05-02,0.4387,0.4681,0.4344,0.4575,3010864.6,2026-05-02 23:59:59.999,1361543.37605
2026-05-03,0.4577,0.5227,0.4511,0.4885,23627370.2,2026-05-03 23:59:59.999,11633734.23021
2026-05-04,0.4887,0.4949,0.4541,0.4562,9720688.0,2026-05-04 23:59:59.999,4622416.29812
2026-05-05,0.4562,0.4716,0.4532,0.4632,3846756.7,2026-05-05 23:59:59.999,1780795.24667
2026-05-06,0.4632,0.4878,0.4622,0.4747,3627242.3,2026-05-06 23:59:59.999,1723407.84211
2026-05-07,0.4745,0.4839,0.4652,0.4758,3676371.4,2026-05-07 23:59:59.999,1743846.13546
2026-05-08,0.4758,0.4967,0.4689,0.4951,2596557.2,2026-05-08 23:59:59.999,1253596.20483
2026-05-09,0.4954,0.5035,0.4891,0.4919,3698722.3,2026-05-09 23:59:59.999,1836702.41493
2026-05-10,0.4915,0.5087,0.4819,0.4991,2432505.4,2026-05-10 23:59:59.999,1200881.0602
2026-05-11,0.4991,0.5264,0.4859,0.5137,3540115.1,2026-05-11 23:59:59.999,1798003.42521
2026-05-12,0.5135,0.5165,0.4889,0.4897,2975321.2,2026-05-12 23:59:59.999,1493208.93819
2026-05-13,0.4897,0.5016,0.4578,0.4647,2602333.6,2026-05-13 23:59:59.999,1253806.02444
2026-05-14,0.4647,0.4785,0.4587,0.4659,1842003.9,2026-05-14 23:59:59.999,861738.49065
2026-05-15,0.4659,0.4723,0.4366,0.4468,2441316.8,2026-05-15 23:59:59.999,1103713.10415
2026-05-16,0.4468,0.4504,0.4239,0.4302,1704960.8,2026-05-16 23:59:59.999,738719.81782
2026-05-17,0.4302,0.437,0.4075,0.4191,1836411.2,2026-05-17 23:59:59.999,783847.0741
2026-05-18,0.419,0.4242,0.4076,0.4179,1910606.8,2026-05-18 23:59:59.999,794980.8272
2026-05-19,0.4178,0.4205,0.4092,0.4129,1551520.9,2026-05-19 23:59:59.999,643574.16809
2026-05-20,0.4128,0.4264,0.4121,0.4229,1916769.0,2026-05-20 23:59:59.999,803730.79898
2026-05-21,0.4229,0.4379,0.4207,0.4337,3109454.2,2026-05-21 23:59:59.999,1337926.4604
2026-05-22,0.4336,0.4426,0.4148,0.4186,2453003.8,2026-05-22 23:59:59.999,1064919.17494
2026-05-23,0.4186,0.4398,0.4094,0.4329,2322689.1,2026-05-23 23:59:59.999,977613.87578
2026-05-24,0.4326,0.4339,0.4111,0.4179,1108752.0,2026-05-24 23:59:59.999,470581.13724
2026-05-25,0.4181,0.445,0.4173,0.4323,2237996.0,2026-05-25 23:59:59.999,967775.08792
2026-05-26,0.4321,0.4553,0.4234,0.4404,6130681.1,2026-05-26 23:59:59.999,2704979.46974
2026-05-27,0.4405,0.46,0.4268,0.448,3958073.0,2026-05-27 23:59:59.999,1741504.60189
2026-05-28,0.4478,0.466,0.4149,0.4537,6127924.0,2026-05-28 23:59:59.999,2670504.23314
