open_time,open,high,low,close,volume,close_time,quote_asset_volume
2021-12-31,0.41367,0.44481,0.39,0.42808,128977083.0,2021-12-31 23:59:59.999,54772673.26112
2022-01-01,0.42764,0.4549,0.42452,0.44578,240478619.0,2022-01-01 23:59:59.999,106661306.12154
2022-01-02,0.44578,0.44747,0.40586,0.41585,167262476.0,2022-01-02 23:59:59.999,70779678.9386
2022-01-03,0.41576,0.44009,0.39,0.42633,211215630.0,2022-01-03 23:59:59.999,88344044.71934
2022-01-04,0.42633,0.448,0.40012,0.40239,145069607.0,2022-01-04 23:59:59.999,62075122.47105
2022-01-05,0.40254,0.42576,0.33998,0.38361,201737306.0,2022-01-05 23:59:59.999,79037049.68721
2022-01-06,0.38375,0.4075,0.35487,0.39763,234779291.0,2022-01-06 23:59:59.999,89608091.09025
2022-01-07,0.39723,0.4,0.35072,0.35737,179561134.0,2022-01-07 23:59:59.999,66246800.07259
2022-01-08,0.35737,0.3866,0.33149,0.34268,246055424.0,2022-01-08 23:59:59.999,87266364.71986
2022-01-09,0.34283,0.34879,0.31768,0.33852,255889167.0,2022-01-09 23:59:59.999,85320799.61917
2022-01-10,0.33835,0.36785,0.30303,0.36072,488728270.0,2022-01-10 23:59:59.999,168017842.4702
2022-01-11,0.36072,0.448,0.36072,0.44667,1413372522.0,2022-01-11 23:59:59.999,573050266.65429
2022-01-12,0.44665,0.538,0.44134,0.51929,1790544359.0,2022-01-12 23:59:59.999,854053676.15547
2022-01-13,0.51926,0.5388,0.47406,0.49381,866690894.0,2022-01-13 23:59:59.999,438015741.61529
2022-01-14,0.49381,0.5796,0.475,0.56556,1011392729.0,2022-01-14 23:59:59.999,534499322.89331
2022-01-15,0.56535,0.59443,0.54899,0.5646,878919226.0,2022-01-15 23:59:59.999,504783316.43575
2022-01-16,0.56452,0.56622,0.5165,0.52309,555791676.0,2022-01-16 23:59:59.999,300567043.76458
2022-01-17,0.52309,0.548,0.48451,0.49725,765334993.0,2022-01-17 23:59:59.999,394708206.68343
2022-01-18,0.49725,0.53388,0.45804,0.48233,674193249.0,2022-01-18 23:59:59.999,328098561.46264
2022-01-19,0.4823,0.51385,0.45269,0.45355,607741762.0,2022-01-19 23:59:59.999,288678737.16226
2022-01-20,0.45364,0.48341,0.40977,0.42044,710496306.0,2022-01-20 23:59:59.999,323205843.72425
2022-01-21,0.42039,0.43408,0.35231,0.3674,816804140.0,2022-01-21 23:59:59.999,328574679.94899
2022-01-22,0.36712,0.38675,0.27915,0.307,992976152.0,2022-01-22 23:59:59.999,322667666.06609
2022-01-23,0.30712,0.36962,0.3045,0.35109,762359280.0,2022-01-23 23:59:59.999,259462500.93018
2022-01-24,0.35107,0.35138,0.28761,0.3264,880339325.0,2022-01-24 23:59:59.999,277256641.57432
2022-01-25,0.32615,0.338,0.29676,0.31759,615550005.0,2022-01-25 23:59:59.999,195990335.69347
2022-01-26,0.3173,0.36442,0.3023,0.31377,731929464.0,2022-01-26 23:59:59.999,241026879.10195
2022-01-27,0.31365,0.32699,0.29405,0.3113,418473832.0,2022-01-27 23:59:59.999,129435347.17709
2022-01-28,0.31129,0.31546,0.2892,0.31032,457387964.0,2022-01-28 23:59:59.999,138720520.08203
2022-01-29,0.31044,0.34323,0.3074,0.32539,479907679.0,2022-01-29 23:59:59.999,157082263.57755
2022-01-30,0.32539,0.33207,0.30754,0.31371,250766820.0,2022-01-30 23:59:59.999,80589335.75067
2022-01-31,0.31379,0.32718,0.29715,0.32249,307026541.0,2022-01-31 23:59:59.999,95669765.19165
2022-02-01,0.32247,0.3417,0.32,0.32699,319847421.0,2022-02-01 23:59:59.999,105366135.68201
2022-02-02,0.32694,0.3543,0.32133,0.32773,563208253.0,2022-02-02 23:59:59.999,189984937.45208
2022-02-03,0.3278,0.33705,0.30792,0.33617,365999186.0,2022-02-03 23:59:59.999,117261109.16971
2022-02-04,0.33594,0.35792,0.32189,0.35537,432540034.0,2022-02-04 23:59:59.999,147471641.86901
2022-02-05,0.35549,0.37523,0.345,0.34947,370015096.0,2022-02-05 23:59:59.999,133210938.00609
2022-02-06,0.34945,0.36765,0.34222,0.365,312685292.0,2022-02-06 23:59:59.999,110964675.04078
2022-02-07,0.36502,0.39631,0.3523,0.38237,469487901.0,2022-02-07 23:59:59.999,177627012.5892
2022-02-08,0.38244,0.3891,0.35365,0.36486,310521809.0,2022-02-08 23:59:59.999,114550984.57931
2022-02-09,0.36489,0.385,0.35624,0.3761,261109850.0,2022-02-09 23:59:59.999,97419208.51331
2022-02-10,0.37608,0.37789,0.34144,0.34381,282686460.0,2022-02-10 23:59:59.999,102212914.38902
2022-02-11,0.34389,0.35256,0.30856,0.3171,224415285.0,2022-02-11 23:59:59.999,75392352.92549
2022-02-12,0.31701,0.3255,0.299,0.31299,217622908.0,2022-02-12 23:59:59.999,67977619.48807
2022-02-13,0.3127,0.31853,0.28665,0.28916,209865492.0,2022-02-13 23:59:59.999,63734496.53934
2022-02-14,0.2892,0.29945,0.27562,0.29202,296988273.0,2022-02-14 23:59:59.999,85557448.62196
2022-02-15,0.29214,0.31989,0.29165,0.3182,285931789.0,2022-02-15 23:59:59.999,88477909.24516
2022-02-16,0.31824,0.32159,0.29912,0.30807,226059747.0,2022-02-16 23:59:59.999,69813284.10371
2022-02-17,0.30804,0.31493,0.28,0.28774,314709108.0,2022-02-17 23:59:59.999,94110418.25031
2022-02-18,0.28765,0.29659,0.26442,0.26807,257014611.0,2022-02-18 23:59:59.999,72328837.978
2022-02-19,0.26816,0.2732,0.25348,0.26363,325207192.0,2022-02-19 23:59:59.999,85502924.07024
2022-02-20,0.26361,0.2643,0.2378,0.24381,301936179.0,2022-02-20 23:59:59.999,74435806.21048
2022-02-21,0.24381,0.26354,0.22107,0.22331,455093469.0,2022-02-21 23:59:59.999,112194020.73346
2022-02-22,0.22331,0.232,0.21114,0.22965,326831893.0,2022-02-22 23:59:59.999,72701148.02284
2022-02-23,0.22976,0.24648,0.22044,0.22127,308175164.0,2022-02-23 23:59:59.999,72152739.47104
2022-02-24,0.22132,0.22306,0.18148,0.21401,703513504.0,2022-02-24 23:59:59.999,139767122.55241
2022-02-25,0.21401,0.23167,0.20626,0.22631,403561474.0,2022-02-25 23:59:59.999,87877443.14417
2022-02-26,0.22637,0.242,0.22314,0.22919,304852137.0,2022-02-26 23:59:59.999,70888962.74261
2022-02-27,0.22919,0.23976,0.21175,0.21337,307680077.0,2022-02-27 23:59:59.999,69283144.29316
2022-02-28,0.21338,0.263,0.209,0.25686,578023034.0,2022-02-28 23:59:59.999,137417650.48923
2022-03-01,0.25684,0.27462,0.251,0.25916,471317971.0,2022-03-01 23:59:59.999,122262509.93172
2022-03-02,0.25931,0.27324,0.25213,0.26329,366243571.0,2022-03-02 23:59:59.999,96184769.16873
2022-03-03,0.26321,0.27293,0.24213,0.25018,354747587.0,2022-03-03 23:59:59.999,91643598.90461
2022-03-04,0.25018,0.25128,0.23051,0.23724,227256609.0,2022-03-04 23:59:59.999,55003994.4132
2022-03-05,0.23715,0.24698,0.23078,0.24282,204105772.0,2022-03-05 23:59:59.999,49090744.36127
2022-03-06,0.2428,0.24937,0.232,0.23446,227479075.0,2022-03-06 23:59:59.999,54791937.16021
2022-03-07,0.23446,0.23659,0.21419,0.217,263126467.0,2022-03-07 23:59:59.999,59462956.54107
2022-03-08,0.21695,0.22358,0.21281,0.22237,248121374.0,2022-03-08 23:59:59.999,54308715.78828
2022-03-09,0.22244,0.24891,0.22244,0.23965,346137803.0,2022-03-09 23:59:59.999,82225849.07828
2022-03-10,0.23963,0.24565,0.21902,0.2268,248731719.0,2022-03-10 23:59:59.999,56483791.32835
2022-03-11,0.2268,0.23018,0.216,0.2163,213003824.0,2022-03-11 23:59:59.999,47600187.99898
2022-03-12,0.21631,0.22447,0.2157,0.2174,111196817.0,2022-03-12 23:59:59.999,24586800.0807
2022-03-13,0.21737,0.22252,0.21,0.213,112415341.0,2022-03-13 23:59:59.999,24359001.50439
2022-03-14,0.21295,0.2173,0.2053,0.21368,152351876.0,2022-03-14 23:59:59.999,32213730.55735
2022-03-15,0.21374,0.2145,0.20213,0.20946,156981991.0,2022-03-15 23:59:59.999,32738271.77187
2022-03-16,0.20944,0.23054,0.20625,0.22824,252610594.0,2022-03-16 23:59:59.999,55048897.17104
2022-03-17,0.22824,0.22991,0.22204,0.22583,166051256.0,2022-03-17 23:59:59.999,37522066.18507
2022-03-18,0.22583,0.23112,0.21761,0.22944,151419461.0,2022-03-18 23:59:59.999,33857768.18482
2022-03-19,0.22944,0.2532,0.22855,0.24749,241438915.0,2022-03-19 23:59:59.999,58536432.51012
2022-03-20,0.2475,0.24881,0.22704,0.23189,189471230.0,2022-03-20 23:59:59.999,45017652.32146
2022-03-21,0.23191,0.24256,0.224,0.2387,181832408.0,2022-03-21 23:59:59.999,42696057.62892
2022-03-22,0.23869,0.2762,0.23618,0.2529,577923725.0,2022-03-22 23:59:59.999,150323966.75036
2022-03-23,0.25288,0.272,0.24813,0.26495,361205477.0,2022-03-23 23:59:59.999,94293863.51997
2022-03-24,0.2649,0.27228,0.2612,0.26599,219086359.0,2022-03-24 23:59:59.999,58483886.55999
2022-03-25,0.26598,0.2797,0.25584,0.26109,283956306.0,2022-03-25 23:59:59.999,76967697.9417
2022-03-26,0.2611,0.26666,0.25917,0.26485,103342580.0,2022-03-26 23:59:59.999,27175731.64234
2022-03-27,0.26484,0.29397,0.26053,0.28785,253989695.0,2022-03-27 23:59:59.999,70105192.85336
2022-03-28,0.28787,0.29172,0.26682,0.27029,292029231.0,2022-03-28 23:59:59.999,83199106.35077
2022-03-29,0.27017,0.2857,0.2646,0.27306,254976642.0,2022-03-29 23:59:59.999,70414011.44112
2022-03-30,0.27298,0.29955,0.27033,0.28452,423538830.0,2022-03-30 23:59:59.999,122347905.50621
2022-03-31,0.28458,0.295,0.26642,0.2709,278572811.0,2022-03-31 23:59:59.999,78800094.33204
2022-04-01,0.27082,0.28246,0.257,0.27735,237326723.0,2022-04-01 23:59:59.999,64083763.20197
2022-04-02,0.2773,0.28835,0.26724,0.26798,219676376.0,2022-04-02 23:59:59.999,61353520.81193
2022-04-03,0.26803,0.31324,0.2652,0.30653,522718470.0,2022-04-03 23:59:59.999,153972648.34821
2022-04-04,0.30653,0.31783,0.28522,0.30924,925908244.0,2022-04-04 23:59:59.999,282083543.00982
2022-04-05,0.30919,0.33097,0.2961,0.29916,597011536.0,2022-04-05 23:59:59.999,188854114.98372
2022-04-06,0.29936,0.32116,0.23608,0.24122,787036277.0,2022-04-06 23:59:59.999,222718591.50455
2022-04-07,0.24122,0.264,0.2361,0.257,752322116.0,2022-04-07 23:59:59.999,190431037.585
2022-04-08,0.25692,0.27581,0.24894,0.25292,633606076.0,2022-04-08 23:59:59.999,167026555.70403
2022-04-09,0.2528,0.26976,0.25234,0.26391,351323501.0,2022-04-09 23:59:59.999,91798161.73916
2022-04-10,0.26392,0.26582,0.2504,0.25211,237457817.0,2022-04-10 23:59:59.999,61625372.32125
2022-04-11,0.25207,0.25537,0.22109,0.22595,361657914.0,2022-04-11 23:59:59.999,86337603.19036
2022-04-12,0.22604,0.24453,0.22022,0.23157,316424460.0,2022-04-12 23:59:59.999,73595952.38489
2022-04-13,0.23159,0.24191,0.22718,0.24071,245711396.0,2022-04-13 23:59:59.999,57872476.86739
2022-04-14,0.24075,0.25005,0.22793,0.2315,265328891.0,2022-04-14 23:59:59.999,63375235.52775
2022-04-15,0.23149,0.235,0.22827,0.23259,133615039.0,2022-04-15 23:59:59.999,31027842.09291
2022-04-16,0.23261,0.23431,0.22626,0.23197,100922892.0,2022-04-16 23:59:59.999,23331093.73879
2022-04-17,0.23195,0.23305,0.22006,0.22123,110890482.0,2022-04-17 23:59:59.999,25438228.43504
2022-04-18,0.2213,0.23149,0.21064,0.23104,206242264.0,2022-04-18 23:59:59.999,45518299.21115
2022-04-19,0.23105,0.23981,0.22751,0.23734,180429922.0,2022-04-19 23:59:59.999,42122270.51658
2022-04-20,0.23728,0.24176,0.222,0.22901,271644631.0,2022-04-20 23:59:59.999,63177641.31284
2022-04-21,0.22896,0.23322,0.212,0.2179,205486452.0,2022-04-21 23:59:59.999,46419318.27845
2022-04-22,0.21792,0.22429,0.216,0.21791,131617558.0,2022-04-22 23:59:59.999,28872352.58472
2022-04-23,0.21789,0.22239,0.21601,0.21837,106541621.0,2022-04-23 23:59:59.999,23408581.72419
2022-04-24,0.21834,0.22138,0.21408,0.21597,82139785.0,2022-04-24 23:59:59.999,17858668.21705
2022-04-25,0.21596,0.247,0.1987,0.23305,969611266.0,2022-04-25 23:59:59.999,220848581.93944
2022-04-26,0.23315,0.24888,0.20585,0.21116,1193772599.0,2022-04-26 23:59:59.999,276998040.9148
2022-04-27,0.21118,0.23154,0.20976,0.21883,458407392.0,2022-04-27 23:59:59.999,102445994.28048
2022-04-28,0.21883,0.22257,0.21099,0.21399,271888355.0,2022-04-28 23:59:59.999,59075325.33126
2022-04-29,0.214,0.21552,0.19321,0.19717,217878651.0,2022-04-29 23:59:59.999,44637397.98972
2022-04-30,0.19717,0.19917,0.15356,0.16636,399119747.0,2022-04-30 23:59:59.999,72209131.33184
2022-05-01,0.16638,0.185,0.15917,0.17756,465957748.0,2022-05-01 23:59:59.999,79773231.59836
2022-05-02,0.17755,0.18108,0.16357,0.17023,393171469.0,2022-05-02 23:59:59.999,67727976.25451
2022-05-03,0.17023,0.17644,0.16487,0.16836,235976824.0,2022-05-03 23:59:59.999,40382933.81078
2022-05-04,0.16835,0.18825,0.16747,0.18797,297182623.0,2022-05-04 23:59:59.999,52187797.06
2022-05-05,0.18798,0.18999,0.1615,0.16723,361675347.0,2022-05-05 23:59:59.999,62913849.4432
2022-05-06,0.16722,0.16843,0.1563,0.16142,254134415.0,2022-05-06 23:59:59.999,41193631.95061
2022-05-07,0.16142,0.16207,0.14902,0.15418,167699769.0,2022-05-07 23:59:59.999,26440651.22622
2022-05-08,0.15423,0.15672,0.1486,0.14953,307034129.0,2022-05-08 23:59:59.999,46854212.09538
2022-05-09,0.14957,0.15219,0.1203,0.12098,537431649.0,2022-05-09 23:59:59.999,72695939.43792
2022-05-10,0.12094,0.14184,0.115,0.12807,584903402.0,2022-05-10 23:59:59.999,76178728.35427
2022-05-11,0.12812,0.13172,0.07464,0.0786,1137999509.0,2022-05-11 23:59:59.999,109288158.79732
2022-05-12,0.07859,0.08438,0.05417,0.06533,1212970481.0,2022-05-12 23:59:59.999,78867633.50684
2022-05-13,0.06537,0.08284,0.06413,0.07047,640693926.0,2022-05-13 23:59:59.999,47727419.20384
2022-05-14,0.07042,0.07489,0.06313,0.07399,477233515.0,2022-05-14 23:59:59.999,32801975.31506
2022-05-15,0.07397,0.088,0.07006,0.08586,739577045.0,2022-05-15 23:59:59.999,57584430.89148
2022-05-16,0.0858,0.08643,0.07514,0.07634,950853996.0,2022-05-16 23:59:59.999,75709072.15176
2022-05-17,0.07638,0.0876,0.07626,0.08427,979177672.0,2022-05-17 23:59:59.999,80736511.98439
2022-05-18,0.08429,0.08673,0.06792,0.06839,1137489723.0,2022-05-18 23:59:59.999,85512379.99843
2022-05-19,0.06834,0.07296,0.06436,0.06997,1395708932.0,2022-05-19 23:59:59.999,95832258.27587
2022-05-20,0.06997,0.0717,0.06291,0.06597,1164959457.0,2022-05-20 23:59:59.999,78158912.59605
2022-05-21,0.06598,0.06943,0.06472,0.06793,974697261.0,2022-05-21 23:59:59.999,65021616.29405
2022-05-22,0.06791,0.07004,0.06551,0.06837,593509328.0,2022-05-22 23:59:59.999,40223278.18905
2022-05-23,0.06838,0.07228,0.064,0.06592,936340925.0,2022-05-23 23:59:59.999,65032394.81427
2022-05-24,0.06591,0.0693,0.06067,0.06893,763354781.0,2022-05-24 23:59:59.999,50006392.79305
2022-05-25,0.06892,0.07125,0.06615,0.06938,1063883385.0,2022-05-25 23:59:59.999,72916570.56432
2022-05-26,0.06936,0.07594,0.06045,0.0635,1836243755.0,2022-05-26 23:59:59.999,125364288.42698
2022-05-27,0.0635,0.06468,0.05934,0.0611,959344341.0,2022-05-27 23:59:59.999,59303056.88726
2022-05-28,0.06111,0.06292,0.06023,0.06222,425035069.0,2022-05-28 23:59:59.999,26257718.64117
2022-05-29,0.06222,0.06565,0.06066,0.06561,446269835.0,2022-05-29 23:59:59.999,28210899.62515
2022-05-30,0.06559,0.07345,0.06442,0.07236,778921837.0,2022-05-30 23:59:59.999,54663604.01701
2022-05-31,0.07237,0.07995,0.06969,0.07921,1022685545.0,2022-05-31 23:59:59.999,76008189.49325
2022-06-01,0.0792,0.07929,0.065,0.06762,995335000.0,2022-06-01 23:59:59.999,72996636.20222
2022-06-02,0.06764,0.0692,0.06563,0.06849,552849599.0,2022-06-02 23:59:59.999,37254117.20952
2022-06-03,0.06848,0.06865,0.0632,0.06619,465326939.0,2022-06-03 23:59:59.999,30593045.05946
2022-06-04,0.06619,0.0693,0.0647,0.06822,519694547.0,2022-06-04 23:59:59.999,35040767.48591
2022-06-05,0.0682,0.06871,0.06614,0.06657,306502540.0,2022-06-05 23:59:59.999,20637084.00263
2022-06-06,0.06657,0.07163,0.06627,0.06817,565959238.0,2022-06-06 23:59:59.999,39104303.65768
2022-06-07,0.06818,0.072,0.06223,0.06948,893203779.0,2022-06-07 23:59:59.999,59261787.68057
2022-06-08,0.06943,0.07109,0.06487,0.06593,476910840.0,2022-06-08 23:59:59.999,32402396.56492
2022-06-09,0.06594,0.06812,0.06488,0.06593,323837137.0,2022-06-09 23:59:59.999,21528114.11896
2022-06-10,0.0659,0.06747,0.06101,0.06235,471110571.0,2022-06-10 23:59:59.999,30140789.667
2022-06-11,0.06235,0.06377,0.05667,0.05773,444043328.0,2022-06-11 23:59:59.999,26639983.77394
2022-06-12,0.05774,0.05894,0.05228,0.0531,668331826.0,2022-06-12 23:59:59.999,36825482.92622
2022-06-13,0.0531,0.05381,0.04342,0.04891,1133006958.0,2022-06-13 23:59:59.999,53771979.33862
2022-06-14,0.04889,0.05379,0.04548,0.05074,850857408.0,2022-06-14 23:59:59.999,42949569.65223
2022-06-15,0.05075,0.05417,0.04581,0.05412,834846552.0,2022-06-15 23:59:59.999,40848824.08433
2022-06-16,0.05411,0.05478,0.04589,0.04719,546415407.0,2022-06-16 23:59:59.999,27200158.15787
2022-06-17,0.04717,0.0498,0.04671,0.04774,364275037.0,2022-06-17 23:59:59.999,17561900.41578
2022-06-18,0.04777,0.04874,0.04156,0.04475,592034580.0,2022-06-18 23:59:59.999,26695693.64465
2022-06-19,0.04472,0.04846,0.04227,0.04768,530173012.0,2022-06-19 23:59:59.999,24009130.68045
2022-06-20,0.04766,0.04965,0.04507,0.04808,452629593.0,2022-06-20 23:59:59.999,21564596.75108
2022-06-21,0.04807,0.05444,0.04715,0.05334,1070279972.0,2022-06-21 23:59:59.999,55379919.41659
2022-06-22,0.05337,0.05568,0.04966,0.0505,1756848491.0,2022-06-22 23:59:59.999,91952043.11459
2022-06-23,0.05051,0.05397,0.05036,0.05324,663926798.0,2022-06-23 23:59:59.999,34876944.49642
2022-06-24,0.05324,0.05679,0.05304,0.05505,675048142.0,2022-06-24 23:59:59.999,36973667.31031
2022-06-25,0.05506,0.05667,0.05224,0.05507,506664802.0,2022-06-25 23:59:59.999,27658971.01518
2022-06-26,0.05504,0.05672,0.0506,0.05091,487506681.0,2022-06-26 23:59:59.999,26504611.42889
2022-06-27,0.05089,0.05373,0.04977,0.05175,438642061.0,2022-06-27 23:59:59.999,22779591.42143
2022-06-28,0.05175,0.05387,0.04971,0.05052,490350092.0,2022-06-28 23:59:59.999,25408198.81229
2022-06-29,0.05053,0.05158,0.04876,0.05079,482016211.0,2022-06-29 23:59:59.999,24183962.09268
2022-06-30,0.0508,0.05092,0.0457,0.0487,534333012.0,2022-06-30 23:59:59.999,25497892.13099
2022-07-01,0.04875,0.05077,0.04711,0.04905,498059787.0,2022-07-01 23:59:59.999,24447074.0527
2022-07-02,0.04904,0.04969,0.04727,0.04897,364460797.0,2022-07-02 23:59:59.999,17672341.90235
2022-07-03,0.04897,0.04914,0.04661,0.04816,358037167.0,2022-07-03 23:59:59.999,17059348.12241
2022-07-04,0.04815,0.05149,0.04722,0.05117,392237482.0,2022-07-04 23:59:59.999,19452569.44304
2022-07-05,0.05116,0.05173,0.04873,0.04957,337917868.0,2022-07-05 23:59:59.999,16981433.29561
2022-07-06,0.04957,0.05219,0.04848,0.05157,387912495.0,2022-07-06 23:59:59.999,19549683.48763
2022-07-07,0.05157,0.05339,0.05109,0.05258,331213138.0,2022-07-07 23:59:59.999,17326161.01584
2022-07-08,0.05259,0.05464,0.0501,0.05078,446866480.0,2022-07-08 23:59:59.999,23027476.7919
2022-07-09,0.05079,0.05419,0.05076,0.05316,299463990.0,2022-07-09 23:59:59.999,15855507.78298
2022-07-10,0.05317,0.054,0.05077,0.05109,268063710.0,2022-07-10 23:59:59.999,13945755.06155
2022-07-11,0.05109,0.05112,0.04643,0.0466,305720223.0,2022-07-11 23:59:59.999,14952320.32981
2022-07-12,0.0466,0.04833,0.04629,0.04709,336684017.0,2022-07-12 23:59:59.999,15956000.41429
2022-07-13,0.04708,0.04957,0.04491,0.04952,467823459.0,2022-07-13 23:59:59.999,22050838.27443
2022-07-14,0.04951,0.05029,0.04731,0.04955,357020656.0,2022-07-14 23:59:59.999,17466206.18925
2022-07-15,0.04954,0.05222,0.04884,0.05058,456544387.0,2022-07-15 23:59:59.999,23254925.12031
2022-07-16,0.05057,0.05296,0.04964,0.05198,290198173.0,2022-07-16 23:59:59.999,14851616.23177
2022-07-17,0.05198,0.05383,0.05083,0.05195,560716524.0,2022-07-17 23:59:59.999,29341296.47831
2022-07-18,0.05195,0.05845,0.05192,0.05682,645044197.0,2022-07-18 23:59:59.999,35877213.82528
2022-07-19,0.05681,0.06156,0.05454,0.06018,726685135.0,2022-07-19 23:59:59.999,42799861.1722
2022-07-20,0.06018,0.0628,0.05543,0.05584,565373352.0,2022-07-20 23:59:59.999,33666486.5486
2022-07-21,0.05584,0.05689,0.05279,0.05577,477854232.0,2022-07-21 23:59:59.999,26184419.88715
2022-07-22,0.05578,0.0582,0.0526,0.05375,441916098.0,2022-07-22 23:59:59.999,24710128.41839
2022-07-23,0.05374,0.05557,0.05197,0.05378,344581958.0,2022-07-23 23:59:59.999,18485731.03193
2022-07-24,0.05379,0.05623,0.0523,0.05275,513724322.0,2022-07-24 23:59:59.999,27766477.79048
2022-07-25,0.05276,0.05331,0.04768,0.04789,436953799.0,2022-07-25 23:59:59.999,22007416.99883
2022-07-26,0.04789,0.04904,0.04634,0.04897,333633294.0,2022-07-26 23:59:59.999,15825092.12547
2022-07-27,0.04896,0.053,0.04751,0.05292,402062884.0,2022-07-27 23:59:59.999,19912179.96082
2022-07-28,0.05293,0.07271,0.05151,0.07199,3363712701.0,2022-07-28 23:59:59.999,211370368.93691
2022-07-29,0.07201,0.08615,0.06709,0.07953,4109717655.0,2022-07-29 23:59:59.999,311078757.52739
2022-07-30,0.07953,0.0886,0.07265,0.08493,2118256217.0,2022-07-30 23:59:59.999,168132164.43679
2022-07-31,0.08495,0.09557,0.08136,0.08381,2192755707.0,2022-07-31 23:59:59.999,191791234.21053
2022-08-01,0.08383,0.0935,0.07765,0.08046,1165302097.0,2022-08-01 23:59:59.999,98661919.83245
2022-08-02,0.08043,0.08943,0.07603,0.0862,1249800755.0,2022-08-02 23:59:59.999,103671092.62788
2022-08-03,0.08621,0.0881,0.0799,0.0809,963886803.0,2022-08-03 23:59:59.999,81284252.94427
2022-08-04,0.08092,0.08458,0.0774,0.08092,803591534.0,2022-08-04 23:59:59.999,64728122.09406
2022-08-05,0.08092,0.086,0.08014,0.0833,808903434.0,2022-08-05 23:59:59.999,66851634.07962
2022-08-06,0.08328,0.09071,0.0826,0.08575,1128924106.0,2022-08-06 23:59:59.999,98688360.52839
2022-08-07,0.08575,0.11114,0.08319,0.10711,4123276752.0,2022-08-07 23:59:59.999,413122940.18405
2022-08-08,0.10714,0.11386,0.10218,0.1127,4464492893.0,2022-08-08 23:59:59.999,476916939.58837
2022-08-09,0.1127,0.11639,0.09832,0.10295,2806624702.0,2022-08-09 23:59:59.999,302345282.32395
2022-08-10,0.10295,0.10986,0.09679,0.1041,1635486573.0,2022-08-10 23:59:59.999,168115856.60247
2022-08-11,0.1041,0.1056,0.09728,0.09819,868229219.0,2022-08-11 23:59:59.999,88319978.69175
2022-08-12,0.0982,0.102,0.09553,0.10041,659612370.0,2022-08-12 23:59:59.999,64936293.24027
2022-08-13,0.10042,0.10335,0.09606,0.09693,567628977.0,2022-08-13 23:59:59.999,56491789.10922
2022-08-14,0.09693,0.10199,0.0906,0.09287,697418747.0,2022-08-14 23:59:59.999,67145069.30433
2022-08-15,0.09287,0.099,0.091,0.09513,834996489.0,2022-08-15 23:59:59.999,78988581.74066
2022-08-16,0.09512,0.09597,0.08908,0.08985,694175534.0,2022-08-16 23:59:59.999,64381556.66536
2022-08-17,0.08986,0.09377,0.08455,0.08593,733721480.0,2022-08-17 23:59:59.999,64800906.19015
2022-08-18,0.08594,0.08762,0.07332,0.07686,667397737.0,2022-08-18 23:59:59.999,55159442.03746
2022-08-19,0.07685,0.07787,0.0687,0.07178,1191112345.0,2022-08-19 23:59:59.999,87177133.14093
2022-08-20,0.07177,0.0736,0.06594,0.06816,915018538.0,2022-08-20 23:59:59.999,63327898.6679
2022-08-21,0.06817,0.07086,0.06709,0.06843,523371067.0,2022-08-21 23:59:59.999,36084102.69144
2022-08-22,0.06842,0.06864,0.06347,0.06823,716965133.0,2022-08-22 23:59:59.999,47411501.61008
2022-08-23,0.06823,0.07356,0.06678,0.07292,1261851467.0,2022-08-23 23:59:59.999,89213790.7359
2022-08-24,0.07292,0.07442,0.06953,0.0709,748382233.0,2022-08-24 23:59:59.999,53985250.54222
2022-08-25,0.07089,0.07342,0.06869,0.06966,539125464.0,2022-08-25 23:59:59.999,38296720.29963
2022-08-26,0.06965,0.07047,0.06215,0.06319,745294036.0,2022-08-26 23:59:59.999,49880286.7355
2022-08-27,0.06318,0.066,0.06255,0.06435,463728922.0,2022-08-27 23:59:59.999,29811026.85497
2022-08-28,0.06435,0.0663,0.0621,0.06238,438254087.0,2022-08-28 23:59:59.999,28339175.69567
2022-08-29,0.06237,0.06673,0.05988,0.06637,585155617.0,2022-08-29 23:59:59.999,37319088.2579
2022-08-30,0.06639,0.06756,0.06143,0.06326,559419709.0,2022-08-30 23:59:59.999,36214441.26459
2022-08-31,0.06326,0.06592,0.06168,0.06207,461531691.0,2022-08-31 23:59:59.999,29653643.76792
2022-09-01,0.06206,0.06439,0.06024,0.06412,532054814.0,2022-09-01 23:59:59.999,33004563.11681
2022-09-02,0.06413,0.06695,0.06286,0.06487,712675014.0,2022-09-02 23:59:59.999,46293109.32826
2022-09-03,0.06487,0.06597,0.06162,0.06271,370358504.0,2022-09-03 23:59:59.999,23579977.13783
2022-09-04,0.06273,0.06479,0.06199,0.06461,358073791.0,2022-09-04 23:59:59.999,22765934.53766
2022-09-05,0.06461,0.0655,0.06235,0.06394,290835837.0,2022-09-05 23:59:59.999,18482303.20926
2022-09-06,0.06396,0.06557,0.0575,0.05769,614590199.0,2022-09-06 23:59:59.999,38125393.57622
2022-09-07,0.05769,0.06135,0.05604,0.06014,485306623.0,2022-09-07 23:59:59.999,28503301.14767
2022-09-08,0.06014,0.06078,0.05861,0.06032,339561603.0,2022-09-08 23:59:59.999,20315854.23297
2022-09-09,0.06032,0.07018,0.06027,0.06955,656679233.0,2022-09-09 23:59:59.999,42379317.29077
2022-09-10,0.06955,0.06988,0.06476,0.06581,544361071.0,2022-09-10 23:59:59.999,36347703.7968
2022-09-11,0.06581,0.06779,0.06365,0.06513,445769137.0,2022-09-11 23:59:59.999,29249111.90574
2022-09-12,0.06513,0.0683,0.06293,0.06456,556879194.0,2022-09-12 23:59:59.999,36501946.4792
2022-09-13,0.06456,0.06544,0.059,0.05942,483754697.0,2022-09-13 23:59:59.999,29936849.35308
2022-09-14,0.05942,0.06102,0.05813,0.0604,353441187.0,2022-09-14 23:59:59.999,21148072.97149
2022-09-15,0.06041,0.06143,0.05809,0.05907,423476567.0,2022-09-15 23:59:59.999,25217079.91017
2022-09-16,0.05909,0.06177,0.05828,0.06099,409073030.0,2022-09-16 23:59:59.999,24600157.85206
2022-09-17,0.06099,0.06243,0.06091,0.0622,222903095.0,2022-09-17 23:59:59.999,13737325.76589
2022-09-18,0.06222,0.06255,0.0537,0.05715,399276993.0,2022-09-18 23:59:59.999,23992516.51024
2022-09-19,0.05716,0.05854,0.05533,0.05806,363765087.0,2022-09-19 23:59:59.999,20723268.59291
2022-09-20,0.05804,0.05899,0.05627,0.0568,316880262.0,2022-09-20 23:59:59.999,18243637.55742
2022-09-21,0.05679,0.05943,0.05332,0.05445,508591428.0,2022-09-21 23:59:59.999,28805432.08812
2022-09-22,0.05445,0.05919,0.05429,0.05838,355236635.0,2022-09-22 23:59:59.999,20325548.46611
2022-09-23,0.05838,0.06652,0.05638,0.06473,804695692.0,2022-09-23 23:59:59.999,49180661.23403
2022-09-24,0.06473,0.06648,0.06027,0.06091,1035590783.0,2022-09-24 23:59:59.999,65490625.83744
2022-09-25,0.06091,0.06219,0.05908,0.06069,365051550.0,2022-09-25 23:59:59.999,22254164.46361
2022-09-26,0.06071,0.0635,0.06012,0.06171,596573554.0,2022-09-26 23:59:59.999,36898258.08671
2022-09-27,0.06171,0.0634,0.05956,0.06038,439531187.0,2022-09-27 23:59:59.999,27213106.25495
2022-09-28,0.06038,0.06199,0.05733,0.06084,432990720.0,2022-09-28 23:59:59.999,25871346.79434
2022-09-29,0.06085,0.06259,0.0603,0.06196,538412458.0,2022-09-29 23:59:59.999,33085452.63027
2022-09-30,0.06196,0.06231,0.0597,0.06098,318183312.0,2022-09-30 23:59:59.999,19502858.37293
2022-10-01,0.061,0.06154,0.06027,0.06045,118988085.0,2022-10-01 23:59:59.999,7253231.28605
2022-10-02,0.06043,0.06097,0.0578,0.05828,174780173.0,2022-10-02 23:59:59.999,10404252.90271
2022-10-03,0.05828,0.06035,0.05762,0.06005,246386122.0,2022-10-03 23:59:59.999,14611554.22079
2022-10-04,0.06005,0.06185,0.05962,0.06104,245143250.0,2022-10-04 23:59:59.999,14905804.1721
2022-10-05,0.06105,0.06149,0.05922,0.06061,239048604.0,2022-10-05 23:59:59.999,14421927.47573
2022-10-06,0.0606,0.06115,0.05886,0.05924,248147549.0,2022-10-06 23:59:59.999,14934635.8788
2022-10-07,0.05923,0.0598,0.05817,0.05894,202304930.0,2022-10-07 23:59:59.999,11940479.53282
2022-10-08,0.05895,0.0592,0.05793,0.05842,119163375.0,2022-10-08 23:59:59.999,6980817.26795
2022-10-09,0.05841,0.05942,0.0583,0.05907,132651670.0,2022-10-09 23:59:59.999,7806269.55435
2022-10-10,0.05907,0.05995,0.05674,0.05693,235503435.0,2022-10-10 23:59:59.999,13814290.58519
2022-10-11,0.0569,0.05698,0.0545,0.05582,248907142.0,2022-10-11 23:59:59.999,13949768.651
2022-10-12,0.05582,0.05662,0.05547,0.05589,124930948.0,2022-10-12 23:59:59.999,7005050.70995
2022-10-13,0.0559,0.05615,0.05013,0.05503,506186584.0,2022-10-13 23:59:59.999,26891260.65161
2022-10-14,0.05503,0.05691,0.05362,0.05422,225497181.0,2022-10-14 23:59:59.999,12446206.1084
2022-10-15,0.05422,0.05558,0.05384,0.05481,135840009.0,2022-10-15 23:59:59.999,7439583.92948
2022-10-16,0.05481,0.05688,0.0547,0.05596,139439337.0,2022-10-16 23:59:59.999,7774601.44787
2022-10-17,0.05594,0.05832,0.05541,0.05816,224265060.0,2022-10-17 23:59:59.999,12788948.78306
2022-10-18,0.05815,0.05877,0.05614,0.057,268139543.0,2022-10-18 23:59:59.999,15401086.74976
2022-10-19,0.05699,0.0597,0.05616,0.05759,542043556.0,2022-10-19 23:59:59.999,31508340.44606
2022-10-20,0.05759,0.05869,0.05528,0.05604,479894346.0,2022-10-20 23:59:59.999,27558766.25087
2022-10-21,0.05604,0.05779,0.05401,0.05765,282291739.0,2022-10-21 23:59:59.999,15747737.83202
2022-10-22,0.05765,0.059,0.057,0.05839,306191314.0,2022-10-22 23:59:59.999,17833600.89926
2022-10-23,0.0584,0.0605,0.05773,0.06001,360624245.0,2022-10-23 23:59:59.999,21252066.01977
2022-10-24,0.06001,0.06067,0.05841,0.05929,348201332.0,2022-10-24 23:59:59.999,20795116.12781
2022-10-25,0.0593,0.06213,0.05781,0.06049,369116320.0,2022-10-25 23:59:59.999,22128845.53094
2022-10-26,0.0605,0.06584,0.06025,0.06325,843619829.0,2022-10-26 23:59:59.999,52971753.42793
2022-10-27,0.06326,0.06629,0.06061,0.06168,524558918.0,2022-10-27 23:59:59.999,33318748.93831
2022-10-28,0.0617,0.06381,0.0605,0.0627,323649140.0,2022-10-28 23:59:59.999,20070827.30972
2022-10-29,0.06269,0.06553,0.06258,0.0637,328791812.0,2022-10-29 23:59:59.999,21000605.87457
2022-10-30,0.06371,0.06577,0.06114,0.06192,285563379.0,2022-10-30 23:59:59.999,18185834.64264
2022-10-31,0.06193,0.0626,0.06005,0.06052,299292816.0,2022-10-31 23:59:59.999,18320789.87087
2022-11-01,0.06052,0.06163,0.05955,0.05991,349557613.0,2022-11-01 23:59:59.999,21200192.54372
2022-11-02,0.05991,0.06064,0.05646,0.05811,394327775.0,2022-11-02 23:59:59.999,23111015.61778
2022-11-03,0.05811,0.06377,0.058,0.06149,529334892.0,2022-11-03 23:59:59.999,32668633.53719
2022-11-04,0.06148,0.07276,0.06107,0.07211,776150401.0,2022-11-04 23:59:59.999,51923233.42969
2022-11-05,0.07211,0.07248,0.06724,0.06842,489090720.0,2022-11-05 23:59:59.999,33937516.6908
2022-11-06,0.06843,0.07004,0.06417,0.06429,394977128.0,2022-11-06 23:59:59.999,26711273.48059
2022-11-07,0.06422,0.06973,0.0631,0.06696,501797703.0,2022-11-07 23:59:59.999,33208046.82263
2022-11-08,0.06696,0.06871,0.0498,0.05652,968617594.0,2022-11-08 23:59:59.999,57937004.28791
2022-11-09,0.05649,0.05683,0.04424,0.04661,894600159.0,2022-11-09 23:59:59.999,45518607.99244
2022-11-10,0.0466,0.05434,0.04568,0.05229,685783529.0,2022-11-10 23:59:59.999,34401602.21618
2022-11-11,0.05231,0.0532,0.04681,0.04947,413868542.0,2022-11-11 23:59:59.999,20664668.36275
2022-11-12,0.04948,0.04952,0.04583,0.04658,244041384.0,2022-11-12 23:59:59.999,11493554.12546
2022-11-13,0.04658,0.04814,0.045,0.04602,285747181.0,2022-11-13 23:59:59.999,13300168.25097
2022-11-14,0.04601,0.04775,0.043,0.04633,336782835.0,2022-11-14 23:59:59.999,15260027.52758
2022-11-15,0.04631,0.0489,0.04539,0.04692,278350332.0,2022-11-15 23:59:59.999,13135741.82047
2022-11-16,0.0469,0.04776,0.045,0.04646,257295057.0,2022-11-16 23:59:59.999,11960793.11811
2022-11-17,0.04644,0.0471,0.0457,0.04661,220708500.0,2022-11-17 23:59:59.999,10280664.31503
2022-11-18,0.04661,0.048,0.0462,0.04681,226901524.0,2022-11-18 23:59:59.999,10684439.32598
2022-11-19,0.04682,0.04692,0.04533,0.0465,163390790.0,2022-11-19 23:59:59.999,7549591.73466
2022-11-20,0.04649,0.04667,0.0434,0.04368,212947845.0,2022-11-20 23:59:59.999,9656141.51235
2022-11-21,0.04365,0.04457,0.04198,0.04388,304440284.0,2022-11-21 23:59:59.999,13261011.31949
2022-11-22,0.04388,0.0467,0.04251,0.04604,340992463.0,2022-11-22 23:59:59.999,15225805.2832
2022-11-23,0.04603,0.0471,0.04538,0.04698,303188159.0,2022-11-23 23:59:59.999,14009477.35032
2022-11-24,0.04697,0.04719,0.0457,0.04634,282679453.0,2022-11-24 23:59:59.999,13124394.42785
2022-11-25,0.04635,0.0464,0.0444,0.04527,260714167.0,2022-11-25 23:59:59.999,11751935.40914
2022-11-26,0.04528,0.04698,0.04491,0.04553,225976691.0,2022-11-26 23:59:59.999,10400804.20936
2022-11-27,0.04553,0.04824,0.04548,0.0462,289265721.0,2022-11-27 23:59:59.999,13566956.21035
2022-11-28,0.0462,0.04724,0.04414,0.0453,276787771.0,2022-11-28 23:59:59.999,12462377.29444
2022-11-29,0.04529,0.04643,0.04479,0.04568,216429663.0,2022-11-29 23:59:59.999,9907910.16008
2022-11-30,0.04567,0.04795,0.04566,0.04754,280211592.0,2022-11-30 23:59:59.999,13120756.55082
2022-12-01,0.04754,0.048,0.04626,0.04673,234254114.0,2022-12-01 23:59:59.999,11053052.95775
2022-12-02,0.04672,0.0482,0.04565,0.0478,265093901.0,2022-12-02 23:59:59.999,12449155.56009
2022-12-03,0.0478,0.04805,0.04632,0.04639,172202042.0,2022-12-03 23:59:59.999,8144752.79814
2022-12-04,0.04641,0.04758,0.0464,0.04703,186817336.0,2022-12-04 23:59:59.999,8804652.93544
2022-12-05,0.04702,0.04822,0.04589,0.04622,307529014.0,2022-12-05 23:59:59.999,14480114.49878
2022-12-06,0.04623,0.04655,0.0454,0.04603,207692036.0,2022-12-06 23:59:59.999,9552656.42809
2022-12-07,0.04603,0.04621,0.04354,0.04387,254222011.0,2022-12-07 23:59:59.999,11319703.95514
2022-12-08,0.04388,0.04483,0.04324,0.04453,244571107.0,2022-12-08 23:59:59.999,10768029.41564
2022-12-09,0.04454,0.04529,0.04405,0.04442,183196661.0,2022-12-09 23:59:59.999,8174493.36661
2022-12-10,0.04443,0.04527,0.04432,0.04488,119234256.0,2022-12-10 23:59:59.999,5352662.32955
2022-12-11,0.04489,0.04555,0.04413,0.04441,128926514.0,2022-12-11 23:59:59.999,5802576.09108
2022-12-12,0.04441,0.0455,0.0427,0.04351,350330770.0,2022-12-12 23:59:59.999,15280289.01158
2022-12-13,0.04351,0.04488,0.04197,0.04472,287036043.0,2022-12-13 23:59:59.999,12502871.49777
2022-12-14,0.04473,0.04524,0.04349,0.04382,241888601.0,2022-12-14 23:59:59.999,10775926.26942
2022-12-15,0.04381,0.04392,0.0419,0.0422,229235730.0,2022-12-15 23:59:59.999,9809995.46958
2022-12-16,0.0422,0.04306,0.03636,0.03742,371290130.0,2022-12-16 23:59:59.999,14886618.73721
2022-12-17,0.03742,0.03848,0.03663,0.03822,236313149.0,2022-12-17 23:59:59.999,8908063.56571
2022-12-18,0.0382,0.03894,0.03758,0.03818,159784134.0,2022-12-18 23:59:59.999,6113077.88986
2022-12-19,0.03819,0.03878,0.03483,0.03568,296336828.0,2022-12-19 23:59:59.999,11001723.60807
2022-12-20,0.03568,0.03711,0.03549,0.03647,277771406.0,2022-12-20 23:59:59.999,10119462.82809
2022-12-21,0.03646,0.03655,0.03395,0.03454,402130316.0,2022-12-21 23:59:59.999,14083269.15484
2022-12-22,0.03452,0.03478,0.03337,0.03465,396656986.0,2022-12-22 23:59:59.999,13534525.25371
2022-12-23,0.03465,0.03548,0.03428,0.03438,375449970.0,2022-12-23 23:59:59.999,13127722.79427
2022-12-24,0.03438,0.0354,0.03426,0.0353,263845526.0,2022-12-24 23:59:59.999,9186805.57185
2022-12-25,0.03529,0.03543,0.03458,0.03527,319341533.0,2022-12-25 23:59:59.999,11192095.33018
2022-12-26,0.03528,0.03647,0.03498,0.03641,288784631.0,2022-12-26 23:59:59.999,10341611.26509
2022-12-27,0.03642,0.03674,0.03569,0.03625,287785319.0,2022-12-27 23:59:59.999,10434936.69728
2022-12-28,0.03626,0.03639,0.03408,0.03559,353747906.0,2022-12-28 23:59:59.999,12495547.65517
2022-12-29,0.03559,0.03605,0.03364,0.03445,303764777.0,2022-12-29 23:59:59.999,10560324.01857
2022-12-30,0.03445,0.03462,0.03323,0.03393,277842301.0,2022-12-30 23:59:59.999,9430909.09728
2022-12-31,0.03394,0.03458,0.0339,0.03416,143189228.0,2022-12-31 23:59:59.999,4904439.22419
2023-01-01,0.03417,0.03493,0.034,0.0348,124951953.0,2023-01-01 23:59:59.999,4300280.34171
2023-01-02,0.0348,0.03611,0.03427,0.03584,222431322.0,2023-01-02 23:59:59.999,7906426.97232
2023-01-03,0.03583,0.03613,0.035,0.03554,179580241.0,2023-01-03 23:59:59.999,6392789.61598
2023-01-04,0.03555,0.03721,0.0355,0.03664,320585865.0,2023-01-04 23:59:59.999,11665402.02623
2023-01-05,0.03664,0.03704,0.03597,0.03624,205504844.0,2023-01-05 23:59:59.999,7500094.83562
2023-01-06,0.03625,0.03726,0.03515,0.03706,224948686.0,2023-01-06 23:59:59.999,8123576.38488
2023-01-07,0.03706,0.03745,0.03668,0.03704,145909298.0,2023-01-07 23:59:59.999,5403947.87719
2023-01-08,0.03706,0.0405,0.03641,0.04005,578278828.0,2023-01-08 23:59:59.999,22112837.2149
2023-01-09,0.04003,0.04178,0.03943,0.0399,533866450.0,2023-01-09 23:59:59.999,21615555.60066
2023-01-10,0.03991,0.04071,0.03883,0.04013,375626989.0,2023-01-10 23:59:59.999,14979406.83482
2023-01-11,0.04013,0.04109,0.03818,0.04108,341540978.0,2023-01-11 23:59:59.999,13451926.16243
2023-01-12,0.04107,0.04375,0.03968,0.04216,662852221.0,2023-01-12 23:59:59.999,27381004.93584
2023-01-13,0.04218,0.04542,0.04157,0.0454,412068211.0,2023-01-13 23:59:59.999,17742732.77011
2023-01-14,0.04539,0.04903,0.04322,0.04784,781043699.0,2023-01-14 23:59:59.999,36441081.40214
2023-01-15,0.04784,0.05108,0.0458,0.04955,734114792.0,2023-01-15 23:59:59.999,35513685.22319
2023-01-16,0.04957,0.05049,0.0462,0.04817,593782241.0,2023-01-16 23:59:59.999,28873522.6345
2023-01-17,0.04818,0.05149,0.04733,0.04805,581557559.0,2023-01-17 23:59:59.999,28579500.77804
2023-01-18,0.04806,0.04947,0.0435,0.0448,808912683.0,2023-01-18 23:59:59.999,37648730.10909
2023-01-19,0.0448,0.04545,0.043,0.04516,544220271.0,2023-01-19 23:59:59.999,24075264.80011
2023-01-20,0.04516,0.04939,0.04441,0.04926,384703775.0,2023-01-20 23:59:59.999,17808162.05639
2023-01-21,0.04925,0.05341,0.04865,0.0511,799548022.0,2023-01-21 23:59:59.999,41099106.8248
2023-01-22,0.05111,0.05788,0.05069,0.05386,1106790466.0,2023-01-22 23:59:59.999,60510623.11543
2023-01-23,0.05385,0.0562,0.05338,0.05497,616378692.0,2023-01-23 23:59:59.999,33793890.07856
2023-01-24,0.05498,0.05657,0.05018,0.05108,538236024.0,2023-01-24 23:59:59.999,29137644.36503
2023-01-25,0.0511,0.05676,0.04952,0.05522,618650142.0,2023-01-25 23:59:59.999,32759993.09929
2023-01-26,0.05524,0.05799,0.05377,0.05493,539124202.0,2023-01-26 23:59:59.999,30134735.75956
2023-01-27,0.05494,0.05593,0.05271,0.05586,365968421.0,2023-01-27 23:59:59.999,20105950.33261
2023-01-28,0.05587,0.06075,0.05569,0.05775,837370334.0,2023-01-28 23:59:59.999,48437671.53028
2023-01-29,0.05776,0.05907,0.05673,0.05866,416154043.0,2023-01-29 23:59:59.999,24116332.35984
2023-01-30,0.05866,0.05924,0.05091,0.05247,497919641.0,2023-01-30 23:59:59.999,27290892.225
2023-01-31,0.05248,0.05404,0.05213,0.05339,291380351.0,2023-01-31 23:59:59.999,15481342.2014
2023-02-01,0.05339,0.05696,0.05016,0.05636,457985571.0,2023-02-01 23:59:59.999,24317684.77724
2023-02-02,0.05637,0.0591,0.05415,0.05475,519161483.0,2023-02-02 23:59:59.999,29558061.91851
2023-02-03,0.05477,0.05661,0.05389,0.05633,374782332.0,2023-02-03 23:59:59.999,20747158.95456
2023-02-04,0.05632,0.05738,0.0548,0.05634,273995321.0,2023-02-04 23:59:59.999,15414006.00539
2023-02-05,0.05633,0.05688,0.05226,0.05347,357282612.0,2023-02-05 23:59:59.999,19463667.05523
2023-02-06,0.05348,0.05571,0.05299,0.05384,364358155.0,2023-02-06 23:59:59.999,19890085.52527
2023-02-07,0.05382,0.06548,0.05359,0.06364,1441305215.0,2023-02-07 23:59:59.999,88168216.55459
2023-02-08,0.06365,0.07672,0.0631,0.07189,3584877185.0,2023-02-08 23:59:59.999,253185933.69097
2023-02-09,0.07192,0.07375,0.06135,0.06388,2034741091.0,2023-02-09 23:59:59.999,139795586.23275
2023-02-10,0.06388,0.06486,0.05844,0.06195,1065916747.0,2023-02-10 23:59:59.999,65058172.50399
2023-02-11,0.06194,0.072,0.06076,0.06939,2014904976.0,2023-02-11 23:59:59.999,137083054.70936
2023-02-12,0.06939,0.081,0.06887,0.07594,3401431319.0,2023-02-12 23:59:59.999,260688432.6011
2023-02-13,0.07592,0.07815,0.06647,0.0707,1885483010.0,2023-02-13 23:59:59.999,136319918.97789
2023-02-14,0.0707,0.0835,0.0664,0.08193,2095883218.0,2023-02-14 23:59:59.999,154591288.12915
2023-02-15,0.08196,0.085,0.07676,0.08426,2809709899.0,2023-02-15 23:59:59.999,227181155.74254
2023-02-16,0.08426,0.08594,0.07402,0.07477,1443086286.0,2023-02-16 23:59:59.999,117483035.16637
2023-02-17,0.07476,0.07959,0.0745,0.07746,942623183.0,2023-02-17 23:59:59.999,73069941.28935
2023-02-18,0.07745,0.07903,0.07501,0.07584,596477291.0,2023-02-18 23:59:59.999,45655976.60117
2023-02-19,0.07584,0.07846,0.07191,0.07352,721968138.0,2023-02-19 23:59:59.999,54590226.19194
2023-02-20,0.07353,0.07649,0.0705,0.07577,556829366.0,2023-02-20 23:59:59.999,41605358.14873
2023-02-21,0.07577,0.083,0.07315,0.07409,1653440746.0,2023-02-21 23:59:59.999,129753177.07678
2023-02-22,0.0741,0.07461,0.06812,0.07288,750016030.0,2023-02-22 23:59:59.999,53238014.65855
2023-02-23,0.07288,0.07562,0.07102,0.07185,542370325.0,2023-02-23 23:59:59.999,39771546.79192
2023-02-24,0.07184,0.07229,0.06572,0.06765,520038188.0,2023-02-24 23:59:59.999,35858603.4868
2023-02-25,0.06765,0.06792,0.06301,0.06564,445647993.0,2023-02-25 23:59:59.999,29188730.9979
2023-02-26,0.06563,0.06913,0.06543,0.06811,433418065.0,2023-02-26 23:59:59.999,29292329.42677
2023-02-27,0.0681,0.06961,0.06542,0.06677,470656443.0,2023-02-27 23:59:59.999,31634625.8872
2023-02-28,0.06677,0.06838,0.0631,0.0636,435604022.0,2023-02-28 23:59:59.999,28546140.20875
2023-03-01,0.06361,0.06716,0.0632,0.06643,379156177.0,2023-03-01 23:59:59.999,24967713.23918
2023-03-02,0.06642,0.06662,0.06302,0.06521,339356356.0,2023-03-02 23:59:59.999,21870642.11869
2023-03-03,0.06521,0.06529,0.05547,0.05969,802233182.0,2023-03-03 23:59:59.999,47305655.12247
2023-03-04,0.0597,0.06053,0.05509,0.05684,351301187.0,2023-03-04 23:59:59.999,20270235.80837
2023-03-05,0.05684,0.05921,0.05648,0.05754,471441712.0,2023-03-05 23:59:59.999,27506751.18913
2023-03-06,0.05754,0.05864,0.05611,0.05815,408668338.0,2023-03-06 23:59:59.999,23443710.29241
2023-03-07,0.05816,0.05914,0.05425,0.05588,485912236.0,2023-03-07 23:59:59.999,27405896.01683
2023-03-08,0.05589,0.05624,0.05125,0.05212,525602119.0,2023-03-08 23:59:59.999,28296401.84103
2023-03-09,0.05211,0.05473,0.04761,0.04904,715045769.0,2023-03-09 23:59:59.999,36823820.77867
2023-03-10,0.04903,0.05057,0.046,0.04981,732475282.0,2023-03-10 23:59:59.999,35524198.19655
2023-03-11,0.0498,0.05101,0.04572,0.04869,497936742.0,2023-03-11 23:59:59.999,23853449.85302
2023-03-12,0.04869,0.05402,0.04773,0.05382,604309276.0,2023-03-12 23:59:59.999,30415037.13699
2023-03-13,0.05382,0.05984,0.05323,0.0596,958883856.0,2023-03-13 23:59:59.999,53898933.75336
2023-03-14,0.05961,0.0688,0.05913,0.0659,1376224090.0,2023-03-14 23:59:59.999,88155855.51282
2023-03-15,0.06589,0.06741,0.05707,0.05918,1141580948.0,2023-03-15 23:59:59.999,70536881.19708
2023-03-16,0.05919,0.06021,0.05638,0.05777,795972885.0,2023-03-16 23:59:59.999,46172330.47894
2023-03-17,0.05776,0.06516,0.05694,0.06509,809949985.0,2023-03-17 23:59:59.999,49417934.96307
2023-03-18,0.06507,0.06647,0.06009,0.06073,754176503.0,2023-03-18 23:59:59.999,47768295.99795
2023-03-19,0.06074,0.06546,0.06023,0.06329,487905990.0,2023-03-19 23:59:59.999,30470842.82673
2023-03-20,0.0633,0.06403,0.05865,0.05913,581562901.0,2023-03-20 23:59:59.999,35657254.29962
2023-03-21,0.05911,0.06236,0.05663,0.06083,613381043.0,2023-03-21 23:59:59.999,36472310.63381
2023-03-22,0.06083,0.06101,0.05432,0.05662,651753530.0,2023-03-22 23:59:59.999,38066950.27105
2023-03-23,0.05664,0.05999,0.05613,0.05944,417234344.0,2023-03-23 23:59:59.999,24260372.80933
2023-03-24,0.05943,0.05987,0.05586,0.05679,429103002.0,2023-03-24 23:59:59.999,24839053.48989
2023-03-25,0.0568,0.05769,0.05488,0.05585,243521040.0,2023-03-25 23:59:59.999,13691483.10135
2023-03-26,0.05584,0.05779,0.05517,0.05702,275164096.0,2023-03-26 23:59:59.999,15603545.33314
2023-03-27,0.05701,0.05737,0.0526,0.05357,406101039.0,2023-03-27 23:59:59.999,22185079.30955
2023-03-28,0.05358,0.05674,0.05281,0.05576,398830191.0,2023-03-28 23:59:59.999,21741987.10767
2023-03-29,0.05576,0.0589,0.05547,0.05842,339519447.0,2023-03-29 23:59:59.999,19589072.74412
2023-03-30,0.05843,0.05955,0.0561,0.05822,351607117.0,2023-03-30 23:59:59.999,20278856.55162
2023-03-31,0.05822,0.06191,0.05654,0.06084,635181281.0,2023-03-31 23:59:59.999,37938928.11711
2023-04-01,0.06084,0.06165,0.05963,0.0612,308613476.0,2023-04-01 23:59:59.999,18754071.51759
2023-04-02,0.0612,0.06164,0.0578,0.05874,284734354.0,2023-04-02 23:59:59.999,16983657.11109
2023-04-03,0.05873,0.06145,0.05642,0.05956,537745327.0,2023-04-03 23:59:59.999,31701623.86389
2023-04-04,0.05956,0.06016,0.05826,0.05957,308538734.0,2023-04-04 23:59:59.999,18319086.56385
2023-04-05,0.05957,0.06346,0.05901,0.06122,626175887.0,2023-04-05 23:59:59.999,38527176.95532
2023-04-06,0.06122,0.06168,0.05909,0.06013,320252710.0,2023-04-06 23:59:59.999,19286086.66943
2023-04-07,0.06012,0.06069,0.05818,0.05891,227070023.0,2023-04-07 23:59:59.999,13428575.16236
2023-04-08,0.05892,0.05985,0.05779,0.05858,210133885.0,2023-04-08 23:59:59.999,12387457.68017
2023-04-09,0.05857,0.0602,0.05748,0.0597,187122428.0,2023-04-09 23:59:59.999,10975869.78418
2023-04-10,0.05969,0.06218,0.05925,0.06181,356997348.0,2023-04-10 23:59:59.999,21637673.68315
2023-04-11,0.0618,0.06249,0.0613,0.06151,326457969.0,2023-04-11 23:59:59.999,20226016.95244
2023-04-12,0.06151,0.06211,0.05878,0.06176,473493509.0,2023-04-12 23:59:59.999,28606196.11381
2023-04-13,0.06178,0.066,0.06096,0.06574,466867518.0,2023-04-13 23:59:59.999,29756567.52216
2023-04-14,0.06575,0.07156,0.06523,0.07099,921897810.0,2023-04-14 23:59:59.999,62870444.61346
2023-04-15,0.07101,0.07595,0.06844,0.07244,1305600275.0,2023-04-15 23:59:59.999,95432659.72981
2023-04-16,0.07243,0.0792,0.07155,0.07693,943256599.0,2023-04-16 23:59:59.999,70960657.55468
2023-04-17,0.07693,0.07734,0.07197,0.0732,681399047.0,2023-04-17 23:59:59.999,50620234.19137
2023-04-18,0.07321,0.0815,0.0716,0.07895,1343993527.0,2023-04-18 23:59:59.999,105608643.51948
2023-04-19,0.07894,0.07908,0.06742,0.06928,1034425393.0,2023-04-19 23:59:59.999,75775125.17319
2023-04-20,0.06928,0.07102,0.06625,0.06721,654636698.0,2023-04-20 23:59:59.999,45017178.8217
2023-04-21,0.06722,0.06795,0.0605,0.06134,716136071.0,2023-04-21 23:59:59.999,46229121.17315
2023-04-22,0.06134,0.06573,0.06061,0.06548,472893788.0,2023-04-22 23:59:59.999,29754152.07294
2023-04-23,0.06549,0.06574,0.05985,0.06167,613578989.0,2023-04-23 23:59:59.999,38430978.31545
2023-04-24,0.06166,0.06372,0.05985,0.06149,620281529.0,2023-04-24 23:59:59.999,38427871.41413
2023-04-25,0.0615,0.06408,0.05914,0.06339,623878620.0,2023-04-25 23:59:59.999,38146815.50735
2023-04-26,0.06337,0.06548,0.05684,0.06064,808514027.0,2023-04-26 23:59:59.999,49965565.18017
2023-04-27,0.06065,0.06476,0.06034,0.06314,648077460.0,2023-04-27 23:59:59.999,40452310.06654
2023-04-28,0.06313,0.0633,0.06084,0.06179,362492994.0,2023-04-28 23:59:59.999,22439328.91072
2023-04-29,0.06182,0.06346,0.06132,0.06253,311314998.0,2023-04-29 23:59:59.999,19451472.57933
2023-04-30,0.06253,0.06314,0.06031,0.06051,330607612.0,2023-04-30 23:59:59.999,20413638.92535
2023-05-01,0.0605,0.06117,0.0576,0.05887,340923316.0,2023-05-01 23:59:59.999,20241904.30757
2023-05-02,0.05888,0.06068,0.05816,0.06014,336688290.0,2023-05-02 23:59:59.999,20059092.05767
2023-05-03,0.06014,0.06288,0.05759,0.06204,502874651.0,2023-05-03 23:59:59.999,29977080.75084
2023-05-04,0.06205,0.06244,0.05879,0.05947,340180230.0,2023-05-04 23:59:59.999,20490293.94434
2023-05-05,0.05946,0.0609,0.05873,0.06004,382941357.0,2023-05-05 23:59:59.999,22938257.66175
2023-05-06,0.06,0.06059,0.05626,0.05834,385432551.0,2023-05-06 23:59:59.999,22484261.16578
2023-05-07,0.05834,0.05852,0.05531,0.05557,310944655.0,2023-05-07 23:59:59.999,17760723.47883
2023-05-08,0.05559,0.05611,0.04789,0.05,944981964.0,2023-05-08 23:59:59.999,48536868.64627
2023-05-09,0.05,0.0525,0.04952,0.0523,498422574.0,2023-05-09 23:59:59.999,25600460.67865
2023-05-10,0.0523,0.05641,0.05093,0.05521,812880714.0,2023-05-10 23:59:59.999,43659451.86975
2023-05-11,0.05521,0.05521,0.05082,0.05191,564545318.0,2023-05-11 23:59:59.999,29790333.37058
2023-05-12,0.05191,0.05354,0.04986,0.05349,552549008.0,2023-05-12 23:59:59.999,28752953.05659
2023-05-13,0.05349,0.0535,0.05182,0.05257,245963349.0,2023-05-13 23:59:59.999,12919211.62487
2023-05-14,0.05258,0.05341,0.0516,0.05309,256037197.0,2023-05-14 23:59:59.999,13420181.80266
2023-05-15,0.05306,0.05475,0.05216,0.05322,292422994.0,2023-05-15 23:59:59.999,15675409.55642
2023-05-16,0.05322,0.05442,0.0523,0.05385,267202510.0,2023-05-16 23:59:59.999,14268950.00668
2023-05-17,0.05387,0.05519,0.05182,0.0544,395942279.0,2023-05-17 23:59:59.999,21244246.61922
2023-05-18,0.05441,0.0549,0.05175,0.05325,381562574.0,2023-05-18 23:59:59.999,20519032.3408
2023-05-19,0.05325,0.05388,0.05268,0.05285,379816904.0,2023-05-19 23:59:59.999,20264000.83858
2023-05-20,0.05285,0.05332,0.05195,0.05301,229499397.0,2023-05-20 23:59:59.999,12078255.14699
2023-05-21,0.05302,0.05319,0.05115,0.05157,201102980.0,2023-05-21 23:59:59.999,10510517.52466
2023-05-22,0.05158,0.05243,0.05046,0.05201,251352245.0,2023-05-22 23:59:59.999,12966189.60138
2023-05-23,0.052,0.05325,0.05161,0.05238,215706355.0,2023-05-23 23:59:59.999,11311892.68875
2023-05-24,0.05238,0.05293,0.04999,0.05068,378391990.0,2023-05-24 23:59:59.999,19396483.76232
2023-05-25,0.05069,0.05151,0.0491,0.05087,242664336.0,2023-05-25 23:59:59.999,12290996.80798
2023-05-26,0.05086,0.05192,0.0503,0.05108,199996031.0,2023-05-26 23:59:59.999,10193276.81334
2023-05-27,0.05107,0.05187,0.05059,0.05182,218824320.0,2023-05-27 23:59:59.999,11236087.0929
2023-05-28,0.05182,0.05377,0.0515,0.0532,363271718.0,2023-05-28 23:59:59.999,19108188.27637
2023-05-29,0.05321,0.05371,0.05172,0.05245,268135161.0,2023-05-29 23:59:59.999,14111687.76185
2023-05-30,0.05245,0.05419,0.05202,0.05364,421982370.0,2023-05-30 23:59:59.999,22433637.76775
2023-05-31,0.05363,0.05444,0.051,0.05203,402464449.0,2023-05-31 23:59:59.999,21073722.42101
2023-06-01,0.05203,0.05355,0.05085,0.0527,312871560.0,2023-06-01 23:59:59.999,16364710.47995
2023-06-02,0.05271,0.05429,0.05202,0.05391,350167428.0,2023-06-02 23:59:59.999,18767427.69486
2023-06-03,0.05391,0.05565,0.05335,0.05454,330395636.0,2023-06-03 23:59:59.999,18016925.88776
2023-06-04,0.05453,0.0581,0.05419,0.05694,690019651.0,2023-06-04 23:59:59.999,38982044.12666
2023-06-05,0.05694,0.05735,0.04837,0.05207,918039883.0,2023-06-05 23:59:59.999,49382480.16663
2023-06-06,0.05206,0.05506,0.0513,0.05388,623054022.0,2023-06-06 23:59:59.999,33347084.30316
2023-06-07,0.05388,0.05389,0.04919,0.04968,548913341.0,2023-06-07 23:59:59.999,28354052.69889
2023-06-08,0.04967,0.0512,0.04792,0.04984,413022826.0,2023-06-08 23:59:59.999,20485886.41807
2023-06-09,0.04984,0.05097,0.04897,0.0499,297247636.0,2023-06-09 23:59:59.999,14887578.85494
2023-06-10,0.04991,0.05007,0.03979,0.0442,1311964827.0,2023-06-10 23:59:59.999,57892238.82844
2023-06-11,0.04421,0.04468,0.0422,0.04361,543328528.0,2023-06-11 23:59:59.999,23626650.57901
2023-06-12,0.04362,0.0446,0.0417,0.044,653937596.0,2023-06-12 23:59:59.999,28416782.97332
2023-06-13,0.044,0.04705,0.04368,0.04502,729260245.0,2023-06-13 23:59:59.999,33189092.92161
2023-06-14,0.04502,0.04652,0.04309,0.04413,494785849.0,2023-06-14 23:59:59.999,22273126.19799
2023-06-15,0.04413,0.04561,0.04295,0.04471,402147084.0,2023-06-15 23:59:59.999,17777395.15916
2023-06-16,0.0447,0.04551,0.04359,0.04507,309037755.0,2023-06-16 23:59:59.999,13752427.93123
2023-06-17,0.04506,0.04711,0.04475,0.04631,268666876.0,2023-06-17 23:59:59.999,12394419.69093
2023-06-18,0.0463,0.04745,0.04549,0.04579,330515100.0,2023-06-18 23:59:59.999,15372020.11383
2023-06-19,0.04578,0.04804,0.0452,0.04754,451670239.0,2023-06-19 23:59:59.999,21017194.02816
2023-06-20,0.04755,0.05004,0.04577,0.04995,501622188.0,2023-06-20 23:59:59.999,24026701.73054
2023-06-21,0.04995,0.05236,0.04944,0.05146,652073669.0,2023-06-21 23:59:59.999,33115745.82176
2023-06-22,0.05146,0.05326,0.04955,0.04963,487061737.0,2023-06-22 23:59:59.999,24927994.99494
2023-06-23,0.04964,0.05319,0.04945,0.05119,489102061.0,2023-06-23 23:59:59.999,25035970.48886
2023-06-24,0.0512,0.05178,0.04918,0.05099,368939315.0,2023-06-24 23:59:59.999,18707810.15241
2023-06-25,0.05098,0.05239,0.05001,0.05104,801434737.0,2023-06-25 23:59:59.999,40855120.01142
2023-06-26,0.05104,0.05164,0.04806,0.04874,549348315.0,2023-06-26 23:59:59.999,27553196.36064
2023-06-27,0.04874,0.05044,0.04851,0.04982,354566390.0,2023-06-27 23:59:59.999,17565491.53026
2023-06-28,0.04983,0.04988,0.045,0.04617,468113092.0,2023-06-28 23:59:59.999,22310683.27106
2023-06-29,0.04617,0.04791,0.04584,0.04638,301352413.0,2023-06-29 23:59:59.999,14100482.22142
2023-06-30,0.04638,0.04956,0.0436,0.04942,701837255.0,2023-06-30 23:59:59.999,33360326.96437
2023-07-01,0.04943,0.05164,0.04887,0.05148,403044224.0,2023-07-01 23:59:59.999,20330065.52716
2023-07-02,0.05148,0.05167,0.04954,0.05087,344322911.0,2023-07-02 23:59:59.999,17456912.68915
2023-07-03,0.05088,0.05271,0.05038,0.05239,362543459.0,2023-07-03 23:59:59.999,18809788.15941
2023-07-04,0.05239,0.05301,0.05081,0.05159,318451581.0,2023-07-04 23:59:59.999,16531092.25448
2023-07-05,0.0516,0.05291,0.04862,0.04945,447818672.0,2023-07-05 23:59:59.999,22701292.90354
2023-07-06,0.04946,0.05127,0.0475,0.04752,627198460.0,2023-07-06 23:59:59.999,30768526.59524
2023-07-07,0.04752,0.04824,0.04702,0.04784,332891042.0,2023-07-07 23:59:59.999,15876063.37583
2023-07-08,0.04784,0.04855,0.04657,0.04767,277929556.0,2023-07-08 23:59:59.999,13254564.04837
2023-07-09,0.04767,0.04829,0.04666,0.04675,184896234.0,2023-07-09 23:59:59.999,8782282.46712
2023-07-10,0.04676,0.04909,0.04536,0.0481,415663915.0,2023-07-10 23:59:59.999,19609895.34443
2023-07-11,0.0481,0.04898,0.04749,0.04808,252002622.0,2023-07-11 23:59:59.999,12142024.395
2023-07-12,0.04807,0.04917,0.04768,0.04881,290805787.0,2023-07-12 23:59:59.999,14085694.44407
2023-07-13,0.04882,0.05289,0.04797,0.05271,507253512.0,2023-07-13 23:59:59.999,25679334.14359
2023-07-14,0.0527,0.05484,0.04992,0.0515,668777109.0,2023-07-14 23:59:59.999,35069245.45521
2023-07-15,0.05151,0.05235,0.05062,0.05145,203696678.0,2023-07-15 23:59:59.999,10489829.66473
2023-07-16,0.05144,0.05169,0.0495,0.04988,195419705.0,2023-07-16 23:59:59.999,9913348.79844
2023-07-17,0.04987,0.05143,0.04918,0.0509,366718168.0,2023-07-17 23:59:59.999,18473978.68045
2023-07-18,0.0509,0.05145,0.04836,0.0498,286985787.0,2023-07-18 23:59:59.999,14378834.81578
2023-07-19,0.0498,0.0508,0.04947,0.04974,237300895.0,2023-07-19 23:59:59.999,11885716.35359
2023-07-20,0.04975,0.05233,0.04952,0.05071,387317241.0,2023-07-20 23:59:59.999,19714269.88709
2023-07-21,0.05072,0.0516,0.05017,0.05115,276376149.0,2023-07-21 23:59:59.999,14060438.02739
2023-07-22,0.05117,0.05203,0.05062,0.05124,284537189.0,2023-07-22 23:59:59.999,14622130.01362
2023-07-23,0.05123,0.05444,0.0507,0.05316,712550550.0,2023-07-23 23:59:59.999,37707676.16282
2023-07-24,0.05317,0.05361,0.04866,0.05046,552093756.0,2023-07-24 23:59:59.999,28216162.59767
2023-07-25,0.05046,0.05082,0.04978,0.0503,240789763.0,2023-07-25 23:59:59.999,12100350.13024
2023-07-26,0.0503,0.05187,0.04956,0.05096,387625478.0,2023-07-26 23:59:59.999,19632804.64526
2023-07-27,0.05095,0.05155,0.0493,0.04975,318670842.0,2023-07-27 23:59:59.999,16091526.16645
2023-07-28,0.04975,0.05055,0.04935,0.05002,222477589.0,2023-07-28 23:59:59.999,11111467.71826
2023-07-29,0.05003,0.05041,0.04983,0.05024,125624395.0,2023-07-29 23:59:59.999,6297023.41011
2023-07-30,0.05023,0.05031,0.04729,0.04885,275701740.0,2023-07-30 23:59:59.999,13543477.67073
2023-07-31,0.04886,0.04924,0.04698,0.04767,324948178.0,2023-07-31 23:59:59.999,15684880.91584
2023-08-01,0.04767,0.04854,0.0456,0.04852,325102702.0,2023-08-01 23:59:59.999,15391519.93006
2023-08-02,0.04851,0.04884,0.04646,0.04695,285082930.0,2023-08-02 23:59:59.999,13592346.14016
2023-08-03,0.04695,0.04756,0.04665,0.04693,192506846.0,2023-08-03 23:59:59.999,9081161.76965
2023-08-04,0.04694,0.04764,0.04605,0.04681,186027311.0,2023-08-04 23:59:59.999,8751085.41916
2023-08-05,0.0468,0.04777,0.04639,0.04752,152101005.0,2023-08-05 23:59:59.999,7149232.18824
2023-08-06,0.04752,0.04786,0.04685,0.04716,146906998.0,2023-08-06 23:59:59.999,6949289.89169
2023-08-07,0.04716,0.04774,0.0455,0.04649,267069260.0,2023-08-07 23:59:59.999,12442555.43383
2023-08-08,0.04648,0.04775,0.0458,0.04697,301481000.0,2023-08-08 23:59:59.999,14074665.87898
2023-08-09,0.04698,0.04775,0.04627,0.04694,226808473.0,2023-08-09 23:59:59.999,10673063.23041
2023-08-10,0.04694,0.04727,0.04653,0.04713,158494869.0,2023-08-10 23:59:59.999,7437617.32532
2023-08-11,0.04713,0.04768,0.04676,0.04749,153083154.0,2023-08-11 23:59:59.999,7239825.51266
2023-08-12,0.04749,0.04801,0.04714,0.04746,137372618.0,2023-08-12 23:59:59.999,6541527.42837
2023-08-13,0.04746,0.04783,0.04688,0.04721,139788209.0,2023-08-13 23:59:59.999,6626134.23583
2023-08-14,0.04721,0.04859,0.04691,0.04783,218476290.0,2023-08-14 23:59:59.999,10454207.66366
2023-08-15,0.04783,0.04798,0.04355,0.04567,322777193.0,2023-08-15 23:59:59.999,14986077.33541
2023-08-16,0.04567,0.04599,0.04111,0.04275,518985222.0,2023-08-16 23:59:59.999,22614183.85877
2023-08-17,0.04275,0.04364,0.03577,0.0404,684544957.0,2023-08-17 23:59:59.999,28314219.62484
2023-08-18,0.04041,0.0418,0.0403,0.04111,427611660.0,2023-08-18 23:59:59.999,17582980.07942
2023-08-19,0.0411,0.04173,0.04077,0.04148,209128903.0,2023-08-19 23:59:59.999,8620650.20699
2023-08-20,0.04147,0.04206,0.0411,0.04145,174336897.0,2023-08-20 23:59:59.999,7246134.61689
2023-08-21,0.04145,0.04174,0.03921,0.04019,294453600.0,2023-08-21 23:59:59.999,11898325.00725
2023-08-22,0.04019,0.04045,0.03838,0.04,297329942.0,2023-08-22 23:59:59.999,11739833.16197
2023-08-23,0.04001,0.04163,0.0399,0.0413,268080067.0,2023-08-23 23:59:59.999,10901160.2829
2023-08-24,0.04129,0.04152,0.03951,0.04018,256850470.0,2023-08-24 23:59:59.999,10429348.3825
2023-08-25,0.04017,0.04036,0.039,0.04019,297110038.0,2023-08-25 23:59:59.999,11829140.01698
2023-08-26,0.04019,0.04079,0.04004,0.04009,135955788.0,2023-08-26 23:59:59.999,5501858.83968
2023-08-27,0.0401,0.04037,0.03973,0.04009,120345757.0,2023-08-27 23:59:59.999,4820889.21606
2023-08-28,0.04009,0.04076,0.0394,0.04057,226285112.0,2023-08-28 23:59:59.999,9089048.49447
2023-08-29,0.04058,0.04328,0.03967,0.04243,537652338.0,2023-08-29 23:59:59.999,22437916.90547
2023-08-30,0.04243,0.0425,0.04105,0.04142,290070943.0,2023-08-30 23:59:59.999,12115481.82942
2023-08-31,0.04142,0.04147,0.03868,0.03967,387975948.0,2023-08-31 23:59:59.999,15622831.05099
2023-09-01,0.03966,0.03991,0.03819,0.03886,306881968.0,2023-09-01 23:59:59.999,11983023.33826
2023-09-02,0.03885,0.03973,0.03879,0.03969,188776505.0,2023-09-02 23:59:59.999,7407958.57796
2023-09-03,0.03968,0.0399,0.0391,0.0396,162704741.0,2023-09-03 23:59:59.999,6436009.9081
2023-09-04,0.03961,0.04064,0.03939,0.03975,209706645.0,2023-09-04 23:59:59.999,8383371.37403
2023-09-05,0.03976,0.04098,0.03942,0.04074,210912042.0,2023-09-05 23:59:59.999,8493994.82977
2023-09-06,0.04075,0.04098,0.03936,0.04013,246857033.0,2023-09-06 23:59:59.999,9910817.22485
2023-09-07,0.04012,0.0407,0.03971,0.0405,162240144.0,2023-09-07 23:59:59.999,6515892.63488
2023-09-08,0.0405,0.04078,0.0395,0.0403,160103567.0,2023-09-08 23:59:59.999,6435554.06201
2023-09-09,0.04031,0.04031,0.03986,0.04004,108163390.0,2023-09-09 23:59:59.999,4334399.17596
2023-09-10,0.04003,0.04008,0.0377,0.03868,234143091.0,2023-09-10 23:59:59.999,9109006.5647
2023-09-11,0.03867,0.03887,0.03673,0.03749,306621760.0,2023-09-11 23:59:59.999,11545382.66544
2023-09-12,0.03749,0.03901,0.03742,0.03803,214300162.0,2023-09-12 23:59:59.999,8189991.19069
2023-09-13,0.03803,0.0395,0.03785,0.03928,215994091.0,2023-09-13 23:59:59.999,8381888.23332
2023-09-14,0.03928,0.04031,0.03887,0.03982,248682000.0,2023-09-14 23:59:59.999,9894543.09189
2023-09-15,0.03983,0.04121,0.0396,0.04082,188813098.0,2023-09-15 23:59:59.999,7596093.99547
2023-09-16,0.04083,0.04175,0.04032,0.04057,191831475.0,2023-09-16 23:59:59.999,7856959.78218
2023-09-17,0.04057,0.0408,0.03912,0.03993,194750861.0,2023-09-17 23:59:59.999,7808582.98748
2023-09-18,0.03994,0.04297,0.03956,0.04164,681726043.0,2023-09-18 23:59:59.999,28504673.98351
2023-09-19,0.04164,0.04422,0.04146,0.04325,475567416.0,2023-09-19 23:59:59.999,20472677.08918
2023-09-20,0.04326,0.04446,0.04264,0.0433,430598487.0,2023-09-20 23:59:59.999,18678501.03154
2023-09-21,0.04329,0.04474,0.04215,0.04281,370422866.0,2023-09-21 23:59:59.999,16029668.39609
2023-09-22,0.04281,0.04331,0.04217,0.04278,230328847.0,2023-09-22 23:59:59.999,9859816.69486
2023-09-23,0.04278,0.04317,0.04178,0.042,182703921.0,2023-09-23 23:59:59.999,7727489.58178
2023-09-24,0.042,0.04219,0.04103,0.04127,184437837.0,2023-09-24 23:59:59.999,7688047.59819
2023-09-25,0.04127,0.04186,0.04069,0.04102,222799390.0,2023-09-25 23:59:59.999,9209792.12278
2023-09-26,0.04102,0.04161,0.04063,0.04131,249861545.0,2023-09-26 23:59:59.999,10252963.62109
2023-09-27,0.04132,0.04194,0.04018,0.04121,324346176.0,2023-09-27 23:59:59.999,13316240.8561
2023-09-28,0.04122,0.04186,0.04103,0.04161,241000454.0,2023-09-28 23:59:59.999,9988834.25288
2023-09-29,0.04161,0.04192,0.04097,0.04181,178640748.0,2023-09-29 23:59:59.999,7417239.80957
2023-09-30,0.0418,0.04257,0.04148,0.04161,173250043.0,2023-09-30 23:59:59.999,7257572.70308
2023-10-01,0.04161,0.04425,0.04151,0.04374,270113953.0,2023-10-01 23:59:59.999,11609094.88759
2023-10-02,0.04378,0.04411,0.0411,0.04166,301554635.0,2023-10-02 23:59:59.999,12890904.67749
2023-10-03,0.04167,0.0424,0.04086,0.0412,237417617.0,2023-10-03 23:59:59.999,9875099.56406
2023-10-04,0.04121,0.0415,0.0396,0.04119,260839026.0,2023-10-04 23:59:59.999,10627582.95341
2023-10-05,0.0412,0.04172,0.04035,0.04078,176898869.0,2023-10-05 23:59:59.999,7254587.53294
2023-10-06,0.04079,0.04163,0.04061,0.04114,169502473.0,2023-10-06 23:59:59.999,6970742.64721
2023-10-07,0.04114,0.04153,0.04081,0.04124,110913652.0,2023-10-07 23:59:59.999,4567599.37539
2023-10-08,0.04124,0.04195,0.04057,0.04135,165527637.0,2023-10-08 23:59:59.999,6820945.4774
2023-10-09,0.04135,0.04175,0.0392,0.04025,273239475.0,2023-10-09 23:59:59.999,11011081.85703
2023-10-10,0.04024,0.04042,0.0396,0.04006,159639706.0,2023-10-10 23:59:59.999,6394162.54956
2023-10-11,0.04006,0.04047,0.03912,0.04035,228614010.0,2023-10-11 23:59:59.999,9124578.14763
2023-10-12,0.04035,0.0404,0.03941,0.03991,185758394.0,2023-10-12 23:59:59.999,7418337.14608
2023-10-13,0.03992,0.04063,0.03982,0.04025,180365184.0,2023-10-13 23:59:59.999,7250655.43227
2023-10-14,0.04025,0.04057,0.04006,0.04014,101308174.0,2023-10-14 23:59:59.999,4081883.15838
2023-10-15,0.04015,0.04082,0.04003,0.04067,127258460.0,2023-10-15 23:59:59.999,5151271.08318
2023-10-16,0.04066,0.04315,0.04061,0.04208,312734904.0,2023-10-16 23:59:59.999,13036365.72475
2023-10-17,0.04208,0.04211,0.04,0.04029,225337697.0,2023-10-17 23:59:59.999,9237614.81104
2023-10-18,0.04029,0.04076,0.03983,0.04021,207989060.0,2023-10-18 23:59:59.999,8357896.51619
2023-10-19,0.04022,0.04038,0.0396,0.04009,197815032.0,2023-10-19 23:59:59.999,7918866.93386
2023-10-20,0.04009,0.04151,0.04001,0.04067,187949179.0,2023-10-20 23:59:59.999,7673894.99093
2023-10-21,0.04067,0.04256,0.04055,0.04207,182554620.0,2023-10-21 23:59:59.999,7623231.98679
2023-10-22,0.04208,0.04271,0.0409,0.04215,190820404.0,2023-10-22 23:59:59.999,7975589.54257
2023-10-23,0.04214,0.04553,0.04193,0.04502,431429184.0,2023-10-23 23:59:59.999,18691618.52912
2023-10-24,0.04502,0.04954,0.04469,0.04795,637724895.0,2023-10-24 23:59:59.999,29979378.38077
2023-10-25,0.04793,0.0527,0.04657,0.05103,634130009.0,2023-10-25 23:59:59.999,31214945.98491
2023-10-26,0.05103,0.05359,0.0489,0.05104,610336634.0,2023-10-26 23:59:59.999,31317834.23589
2023-10-27,0.05104,0.0525,0.04953,0.05071,276412329.0,2023-10-27 23:59:59.999,14106082.62165
2023-10-28,0.05073,0.05243,0.05062,0.05136,181179459.0,2023-10-28 23:59:59.999,9371278.99254
2023-10-29,0.05136,0.05334,0.05038,0.05257,189736836.0,2023-10-29 23:59:59.999,9879837.21537
2023-10-30,0.05259,0.05424,0.05124,0.05171,243082690.0,2023-10-30 23:59:59.999,12798334.69841
2023-10-31,0.05172,0.05277,0.04837,0.05075,264722691.0,2023-10-31 23:59:59.999,13418870.91056
2023-11-01,0.05075,0.05791,0.04906,0.05775,486096925.0,2023-11-01 23:59:59.999,26040620.43402
2023-11-02,0.05775,0.06033,0.05502,0.05684,1019997118.0,2023-11-02 23:59:59.999,58831169.75232
2023-11-03,0.05684,0.06449,0.05481,0.06389,812854527.0,2023-11-03 23:59:59.999,48922638.52833
2023-11-04,0.06388,0.07187,0.06253,0.06994,1231821084.0,2023-11-04 23:59:59.999,83510224.62635
2023-11-05,0.06993,0.07048,0.06552,0.06836,595722364.0,2023-11-05 23:59:59.999,40500767.69167
2023-11-06,0.06836,0.07255,0.06654,0.07096,489804055.0,2023-11-06 23:59:59.999,34153517.03706
2023-11-07,0.07096,0.0711,0.06202,0.06595,646136631.0,2023-11-07 23:59:59.999,43089071.2282
2023-11-08,0.06594,0.06675,0.06383,0.06558,332849660.0,2023-11-08 23:59:59.999,21721952.93684
2023-11-09,0.06558,0.07217,0.0574,0.06872,820917751.0,2023-11-09 23:59:59.999,55815848.80972
2023-11-10,0.06873,0.07527,0.06813,0.07428,609670235.0,2023-11-10 23:59:59.999,44150832.41208
2023-11-11,0.07427,0.0777,0.07048,0.07539,515100014.0,2023-11-11 23:59:59.999,38024282.76851
2023-11-12,0.0754,0.07806,0.07135,0.0749,366058028.0,2023-11-12 23:59:59.999,27391537.64781
2023-11-13,0.07491,0.07648,0.06801,0.06872,384315869.0,2023-11-13 23:59:59.999,27531011.90435
2023-11-14,0.06871,0.07482,0.06534,0.06922,452194941.0,2023-11-14 23:59:59.999,31754297.28356
2023-11-15,0.06923,0.07314,0.06904,0.07203,311114375.0,2023-11-15 23:59:59.999,22186539.5635
2023-11-16,0.07202,0.07359,0.06569,0.06681,407991537.0,2023-11-16 23:59:59.999,28257780.5808
2023-11-17,0.0668,0.0693,0.06315,0.06626,362712474.0,2023-11-17 23:59:59.999,23994737.77442
2023-11-18,0.06623,0.06876,0.06174,0.06781,274586686.0,2023-11-18 23:59:59.999,18017850.91349
2023-11-19,0.0678,0.07431,0.06625,0.07393,412090909.0,2023-11-19 23:59:59.999,28991725.99213
2023-11-20,0.07393,0.07548,0.06977,0.07049,412002990.0,2023-11-20 23:59:59.999,30070285.60157
2023-11-21,0.0705,0.07228,0.06355,0.06366,436204542.0,2023-11-21 23:59:59.999,29679253.57656
2023-11-22,0.06369,0.07136,0.06354,0.07114,363511261.0,2023-11-22 23:59:59.999,24856110.40211
2023-11-23,0.07113,0.07238,0.06869,0.07099,227168416.0,2023-11-23 23:59:59.999,16008900.92439
2023-11-24,0.07098,0.07583,0.07098,0.07367,301515654.0,2023-11-24 23:59:59.999,22213695.28523
2023-11-25,0.07367,0.07806,0.0727,0.0777,242677250.0,2023-11-25 23:59:59.999,18237061.01724
2023-11-26,0.07771,0.08326,0.07765,0.08084,1034336041.0,2023-11-26 23:59:59.999,83333713.85106
2023-11-27,0.08085,0.08377,0.07647,0.08218,624156649.0,2023-11-27 23:59:59.999,49814336.40461
2023-11-28,0.08218,0.08693,0.07967,0.08499,722151676.0,2023-11-28 23:59:59.999,60585933.43648
2023-11-29,0.085,0.088,0.08309,0.08494,441094008.0,2023-11-29 23:59:59.999,37651019.42049
2023-11-30,0.08495,0.089,0.08432,0.08743,346414734.0,2023-11-30 23:59:59.999,30040235.88582
2023-12-01,0.08743,0.08887,0.0825,0.0829,365819341.0,2023-12-01 23:59:59.999,31221378.99846
2023-12-02,0.0829,0.08752,0.08188,0.08641,369830834.0,2023-12-02 23:59:59.999,31197208.33878
2023-12-03,0.08642,0.08788,0.08363,0.08445,248884914.0,2023-12-03 23:59:59.999,21260824.5923
2023-12-04,0.08445,0.08882,0.08071,0.08337,387275484.0,2023-12-04 23:59:59.999,32673022.55585
2023-12-05,0.08337,0.08429,0.08015,0.08213,338211036.0,2023-12-05 23:59:59.999,27743049.25241
2023-12-06,0.08213,0.0835,0.07806,0.07969,386080870.0,2023-12-06 23:59:59.999,31216584.82309
2023-12-07,0.07971,0.08321,0.07808,0.08187,277938067.0,2023-12-07 23:59:59.999,22495224.30728
2023-12-08,0.08189,0.08649,0.08126,0.08548,288226398.0,2023-12-08 23:59:59.999,24277933.17065
2023-12-09,0.0855,0.08979,0.0834,0.0848,313194277.0,2023-12-09 23:59:59.999,27141010.48922
2023-12-10,0.08481,0.08728,0.08321,0.08519,196171872.0,2023-12-10 23:59:59.999,16691074.72203
2023-12-11,0.08519,0.0853,0.07391,0.07996,455282869.0,2023-12-11 23:59:59.999,36269367.94266
2023-12-12,0.07997,0.08292,0.07862,0.08154,310688089.0,2023-12-12 23:59:59.999,25178218.37916
2023-12-13,0.08156,0.08356,0.07684,0.08288,372158853.0,2023-12-13 23:59:59.999,29782893.46569
2023-12-14,0.08289,0.09489,0.08164,0.09341,527959033.0,2023-12-14 23:59:59.999,46360010.56678
2023-12-15,0.09343,0.098,0.08705,0.08738,769285646.0,2023-12-15 23:59:59.999,71948515.15504
2023-12-16,0.08741,0.09572,0.08558,0.09063,420679566.0,2023-12-16 23:59:59.999,38457587.23763
2023-12-17,0.09061,0.0923,0.08664,0.08942,304266466.0,2023-12-17 23:59:59.999,27243673.64609
2023-12-18,0.08942,0.09093,0.08019,0.08933,460116185.0,2023-12-18 23:59:59.999,39244103.43052
2023-12-19,0.08934,0.09842,0.08754,0.0969,775379521.0,2023-12-19 23:59:59.999,72958146.57704
2023-12-20,0.09689,0.10457,0.0918,0.09303,1082525212.0,2023-12-20 23:59:59.999,106169423.24103
2023-12-21,0.09305,0.11198,0.09247,0.10989,767743045.0,2023-12-21 23:59:59.999,77438018.69793
2023-12-22,0.10987,0.1247,0.10871,0.12003,1526317162.0,2023-12-22 23:59:59.999,180338775.05326
2023-12-23,0.12004,0.12231,0.11335,0.11493,567686689.0,2023-12-23 23:59:59.999,66688475.01974
2023-12-24,0.11493,0.14116,0.11264,0.13421,924076875.0,2023-12-24 23:59:59.999,119096158.39084
2023-12-25,0.13422,0.14035,0.12678,0.13381,674265378.0,2023-12-25 23:59:59.999,89765263.56476
2023-12-26,0.13382,0.14959,0.12,0.13777,901054763.0,2023-12-26 23:59:59.999,124030480.31024
2023-12-27,0.13779,0.13846,0.12773,0.13222,482842167.0,2023-12-27 23:59:59.999,64076447.53432
2023-12-28,0.13222,0.13662,0.12343,0.12703,494607059.0,2023-12-28 23:59:59.999,64150366.60567
2023-12-29,0.12704,0.13477,0.12311,0.12823,433290854.0,2023-12-29 23:59:59.999,56124002.41743
2023-12-30,0.12821,0.13576,0.12664,0.12909,369216888.0,2023-12-30 23:59:59.999,48109853.5342
2023-12-31,0.12911,0.14693,0.12881,0.13758,643279748.0,2023-12-31 23:59:59.999,89766358.08781
2024-01-01,0.1376,0.144,0.1323,0.13968,342372068.0,2024-01-01 23:59:59.999,46735464.77319
2024-01-02,0.13968,0.146,0.13435,0.13478,364659713.0,2024-01-02 23:59:59.999,50886406.67293
2024-01-03,0.13479,0.13682,0.1003,0.12435,614534220.0,2024-01-03 23:59:59.999,76532933.16276
2024-01-04,0.12437,0.13606,0.12155,0.12857,360558965.0,2024-01-04 23:59:59.999,46660663.47082
2024-01-05,0.12859,0.13003,0.11793,0.12345,332577802.0,2024-01-05 23:59:59.999,40722342.53746
2024-01-06,0.12343,0.12661,0.11278,0.1202,368526940.0,2024-01-06 23:59:59.999,44037862.28018
2024-01-07,0.12018,0.12406,0.112,0.11349,311695211.0,2024-01-07 23:59:59.999,36964994.55413
2024-01-08,0.11348,0.12544,0.10595,0.12349,379115962.0,2024-01-08 23:59:59.999,43701661.84869
2024-01-09,0.12353,0.12625,0.11217,0.11664,377077227.0,2024-01-09 23:59:59.999,44571447.02391
2024-01-10,0.11665,0.13239,0.11301,0.12869,362146818.0,2024-01-10 23:59:59.999,43402432.65393
2024-01-11,0.12871,0.13436,0.1231,0.12572,320605303.0,2024-01-11 23:59:59.999,41311895.58576
2024-01-12,0.12571,0.12838,0.11015,0.11541,392800130.0,2024-01-12 23:59:59.999,47562391.19459
2024-01-13,0.11544,0.11608,0.11125,0.11356,224582478.0,2024-01-13 23:59:59.999,25460854.40828
2024-01-14,0.11362,0.11649,0.11044,0.11071,210776296.0,2024-01-14 23:59:59.999,23989121.58342
2024-01-15,0.11073,0.11676,0.11052,0.11462,180188576.0,2024-01-15 23:59:59.999,20549062.80056
2024-01-16,0.11463,0.12095,0.1143,0.11782,231120609.0,2024-01-16 23:59:59.999,27166705.6591
2024-01-17,0.11785,0.12005,0.11546,0.11715,156170082.0,2024-01-17 23:59:59.999,18342596.7169
2024-01-18,0.11717,0.11808,0.10413,0.10669,249175943.0,2024-01-18 23:59:59.999,27574658.8817
2024-01-19,0.10671,0.10714,0.09652,0.10321,280878242.0,2024-01-19 23:59:59.999,28726849.8616
2024-01-20,0.10322,0.10335,0.09923,0.10291,151556777.0,2024-01-20 23:59:59.999,15341400.69094
2024-01-21,0.10291,0.10449,0.09996,0.10033,100671285.0,2024-01-21 23:59:59.999,10290390.07339
2024-01-22,0.10032,0.10117,0.09242,0.09451,257301267.0,2024-01-22 23:59:59.999,24958309.90028
2024-01-23,0.09451,0.09677,0.08797,0.09646,254230059.0,2024-01-23 23:59:59.999,23441542.21748
2024-01-24,0.09644,0.10034,0.09415,0.09965,188470465.0,2024-01-24 23:59:59.999,18225817.41464
2024-01-25,0.09965,0.10045,0.09556,0.09837,158720875.0,2024-01-25 23:59:59.999,15615724.13102
2024-01-26,0.09834,0.10559,0.09736,0.10337,144054443.0,2024-01-26 23:59:59.999,14761654.34751
2024-01-27,0.10334,0.10747,0.10228,0.10663,105140193.0,2024-01-27 23:59:59.999,11002375.62357
2024-01-28,0.10658,0.10989,0.10474,0.10651,158849518.0,2024-01-28 23:59:59.999,17027472.87253
2024-01-29,0.1065,0.1097,0.10326,0.10917,180487532.0,2024-01-29 23:59:59.999,19370767.13667
2024-01-30,0.10915,0.1124,0.10718,0.10818,179848392.0,2024-01-30 23:59:59.999,19727476.08232
2024-01-31,0.10819,0.10862,0.09829,0.10009,249820776.0,2024-01-31 23:59:59.999,25653298.39359
2024-02-01,0.10009,0.10278,0.09878,0.10221,143771150.0,2024-02-01 23:59:59.999,14485223.00577
2024-02-02,0.1022,0.1171,0.10183,0.11569,551045819.0,2024-02-02 23:59:59.999,61672774.8297
2024-02-03,0.11567,0.1234,0.11513,0.11726,1007646772.0,2024-02-03 23:59:59.999,120509569.25615
2024-02-04,0.11725,0.12624,0.11437,0.11488,593337224.0,2024-02-04 23:59:59.999,70947436.31844
2024-02-05,0.1149,0.117,0.11134,0.11251,416036451.0,2024-02-05 23:59:59.999,47433636.34067
2024-02-06,0.11251,0.11381,0.10943,0.11152,224021559.0,2024-02-06 23:59:59.999,25036425.10758
2024-02-07,0.11152,0.12292,0.11024,0.11801,269041695.0,2024-02-07 23:59:59.999,31138377.82355
2024-02-08,0.118,0.11916,0.11465,0.11549,209403354.0,2024-02-08 23:59:59.999,24533509.94377
2024-02-09,0.11548,0.12352,0.11519,0.12077,221730780.0,2024-02-09 23:59:59.999,26657019.79503
2024-02-10,0.12076,0.12469,0.1192,0.12311,182832824.0,2024-02-10 23:59:59.999,22302694.60133
2024-02-11,0.12311,0.12419,0.11815,0.11946,160618535.0,2024-02-11 23:59:59.999,19450617.26402
2024-02-12,0.11946,0.12505,0.11618,0.12373,213050174.0,2024-02-12 23:59:59.999,25736683.39431
2024-02-13,0.12375,0.12779,0.11942,0.12543,251385837.0,2024-02-13 23:59:59.999,31143632.73794
2024-02-14,0.12543,0.13092,0.12405,0.12713,190731545.0,2024-02-14 23:59:59.999,24362107.05207
2024-02-15,0.12711,0.13058,0.12165,0.12391,207584805.0,2024-02-15 23:59:59.999,26310073.13918
2024-02-16,0.12391,0.12735,0.11722,0.12031,226692062.0,2024-02-16 23:59:59.999,27788462.35995
2024-02-17,0.12037,0.122,0.11443,0.12036,166238074.0,2024-02-17 23:59:59.999,19704601.87282
2024-02-18,0.12036,0.12713,0.12015,0.1247,214800508.0,2024-02-18 23:59:59.999,26735317.54165
2024-02-19,0.1247,0.13012,0.12402,0.12772,290010251.0,2024-02-19 23:59:59.999,36837865.06163
2024-02-20,0.12773,0.12889,0.11493,0.1198,416917036.0,2024-02-20 23:59:59.999,50102034.68934
2024-02-21,0.11983,0.1204,0.11235,0.11759,225683428.0,2024-02-21 23:59:59.999,26084222.59991
2024-02-22,0.1176,0.125,0.11515,0.12036,310319558.0,2024-02-22 23:59:59.999,37555598.05903
2024-02-23,0.12036,0.1227,0.11549,0.11889,249368162.0,2024-02-23 23:59:59.999,29798294.15614
2024-02-24,0.11888,0.12321,0.11688,0.1223,154261696.0,2024-02-24 23:59:59.999,18636711.91058
2024-02-25,0.1223,0.12352,0.11879,0.12189,143304179.0,2024-02-25 23:59:59.999,17347852.09351
2024-02-26,0.12191,0.13162,0.11891,0.13029,306430174.0,2024-02-26 23:59:59.999,38296647.54749
2024-02-27,0.1303,0.14319,0.12778,0.13496,552965376.0,2024-02-27 23:59:59.999,75087904.51898
2024-02-28,0.13499,0.14533,0.1201,0.13861,553678314.0,2024-02-28 23:59:59.999,75660822.25031
2024-02-29,0.13861,0.16088,0.1367,0.15022,568775518.0,2024-02-29 23:59:59.999,85604693.16278
2024-03-01,0.15026,0.165,0.14815,0.16211,370198466.0,2024-03-01 23:59:59.999,57899075.72589
2024-03-02,0.16213,0.16819,0.15523,0.15985,261877518.0,2024-03-02 23:59:59.999,41723211.22287
2024-03-03,0.1599,0.16807,0.15,0.16089,326115042.0,2024-03-03 23:59:59.999,52266003.19275
2024-03-04,0.16093,0.17187,0.15357,0.15844,320357952.0,2024-03-04 23:59:59.999,52368475.34058
2024-03-05,0.15842,0.1641,0.12315,0.15289,524641937.0,2024-03-05 23:59:59.999,79580596.73497
2024-03-06,0.15285,0.16541,0.14455,0.1637,317190149.0,2024-03-06 23:59:59.999,49465334.28171
2024-03-07,0.16368,0.17779,0.16291,0.17246,376934496.0,2024-03-07 23:59:59.999,64217174.79421
2024-03-08,0.17247,0.175,0.15585,0.16971,302275851.0,2024-03-08 23:59:59.999,51287726.86124
2024-03-09,0.16969,0.18383,0.1692,0.18204,299494206.0,2024-03-09 23:59:59.999,53022871.76139
2024-03-10,0.18209,0.18561,0.17046,0.17673,250276850.0,2024-03-10 23:59:59.999,44476017.82195
2024-03-11,0.17674,0.184,0.16934,0.17992,294557383.0,2024-03-11 23:59:59.999,52514417.8942
2024-03-12,0.17997,0.18199,0.16346,0.17726,342355146.0,2024-03-12 23:59:59.999,59742516.2025
2024-03-13,0.17726,0.17872,0.16813,0.17121,158412923.0,2024-03-13 23:59:59.999,27431952.76095
2024-03-14,0.17121,0.17274,0.15536,0.16799,267919320.0,2024-03-14 23:59:59.999,43936949.72959
2024-03-15,0.168,0.16907,0.14642,0.15978,329383389.0,2024-03-15 23:59:59.999,51636379.51395
2024-03-16,0.15977,0.16573,0.14465,0.14885,264379229.0,2024-03-16 23:59:59.999,40862081.70145
2024-03-17,0.14885,0.15962,0.14003,0.15379,258149591.0,2024-03-17 23:59:59.999,39451383.17571
2024-03-18,0.15378,0.15378,0.13932,0.14207,259100166.0,2024-03-18 23:59:59.999,37795432.07739
2024-03-19,0.14209,0.14375,0.12579,0.13105,379254367.0,2024-03-19 23:59:59.999,50483852.20916
2024-03-20,0.13105,0.14727,0.12609,0.14644,305140591.0,2024-03-20 23:59:59.999,41613162.6514
2024-03-21,0.14646,0.14941,0.14043,0.14346,181195231.0,2024-03-21 23:59:59.999,26390960.36453
2024-03-22,0.14346,0.14636,0.1337,0.13819,161354539.0,2024-03-22 23:59:59.999,22552525.82826
2024-03-23,0.13819,0.14371,0.13667,0.13863,137687166.0,2024-03-23 23:59:59.999,19374172.70566
2024-03-24,0.13862,0.14834,0.13669,0.14737,151084707.0,2024-03-24 23:59:59.999,21626024.80668
2024-03-25,0.14735,0.155,0.14484,0.15036,152219349.0,2024-03-25 23:59:59.999,22711836.18647
2024-03-26,0.15036,0.15341,0.14539,0.14929,264068061.0,2024-03-26 23:59:59.999,39501027.8814
2024-03-27,0.1493,0.15403,0.13888,0.14069,279785372.0,2024-03-27 23:59:59.999,40532128.10367
2024-03-28,0.14071,0.1438,0.13821,0.14217,136068253.0,2024-03-28 23:59:59.999,19198345.43821
2024-03-29,0.14215,0.1438,0.13655,0.13942,127406929.0,2024-03-29 23:59:59.999,17745870.88012
2024-03-30,0.13943,0.14121,0.13291,0.13446,106411472.0,2024-03-30 23:59:59.999,14650384.01839
2024-03-31,0.13449,0.13827,0.13361,0.13762,89261429.0,2024-03-31 23:59:59.999,12191346.74168
2024-04-01,0.13762,0.1387,0.12667,0.13041,260610608.0,2024-04-01 23:59:59.999,34168149.31406
2024-04-02,0.1304,0.13045,0.11823,0.12229,290199688.0,2024-04-02 23:59:59.999,35464070.92237
2024-04-03,0.1223,0.12956,0.11741,0.12656,243640745.0,2024-04-03 23:59:59.999,30583841.27598
2024-04-04,0.12656,0.13239,0.12383,0.12995,206843019.0,2024-04-04 23:59:59.999,26691899.20672
2024-04-05,0.12996,0.13056,0.12212,0.12807,162024089.0,2024-04-05 23:59:59.999,20581575.23758
2024-04-06,0.12807,0.13054,0.12656,0.129,81324200.0,2024-04-06 23:59:59.999,10432192.42503
2024-04-07,0.12901,0.13109,0.12705,0.12869,116074774.0,2024-04-07 23:59:59.999,14998749.73237
2024-04-08,0.12869,0.1355,0.12449,0.13375,197476701.0,2024-04-08 23:59:59.999,25993767.02808
2024-04-09,0.13377,0.1357,0.1265,0.12713,204906640.0,2024-04-09 23:59:59.999,26899301.34767
2024-04-10,0.12714,0.12796,0.119,0.12314,201843417.0,2024-04-10 23:59:59.999,24914162.16485
2024-04-11,0.12313,0.12635,0.12055,0.12512,177198239.0,2024-04-11 23:59:59.999,21878721.8958
2024-04-12,0.12514,0.13065,0.08868,0.10057,532603771.0,2024-04-12 23:59:59.999,58988438.67349
2024-04-13,0.10056,0.10374,0.07268,0.08762,727959230.0,2024-04-13 23:59:59.999,65263843.76594
2024-04-14,0.08762,0.09617,0.0836,0.09484,425284564.0,2024-04-14 23:59:59.999,38464503.12066
2024-04-15,0.09484,0.10232,0.088,0.09208,363843959.0,2024-04-15 23:59:59.999,34950359.10097
2024-04-16,0.09208,0.09805,0.08663,0.09238,430386416.0,2024-04-16 23:59:59.999,39833651.52404
2024-04-17,0.09238,0.09494,0.0863,0.09076,287036945.0,2024-04-17 23:59:59.999,26028791.13561
2024-04-18,0.0908,0.09616,0.0879,0.09534,250846936.0,2024-04-18 23:59:59.999,23016454.81269
2024-04-19,0.09535,0.10245,0.08774,0.09823,311138284.0,2024-04-19 23:59:59.999,30162096.37338
2024-04-20,0.09824,0.10778,0.0965,0.10571,163414804.0,2024-04-20 23:59:59.999,16719727.97784
2024-04-21,0.10571,0.10689,0.10026,0.10251,151695758.0,2024-04-21 23:59:59.999,15659201.90775
2024-04-22,0.10252,0.10661,0.10163,0.1041,187120380.0,2024-04-22 23:59:59.999,19453015.79437
2024-04-23,0.10411,0.10545,0.10102,0.10267,150272098.0,2024-04-23 23:59:59.999,15488156.33361
2024-04-24,0.10269,0.10983,0.09725,0.09917,310730966.0,2024-04-24 23:59:59.999,32385312.96455
2024-04-25,0.09918,0.10363,0.09709,0.10111,232502258.0,2024-04-25 23:59:59.999,23290121.81422
2024-04-26,0.10114,0.10177,0.09702,0.09792,165760518.0,2024-04-26 23:59:59.999,16477064.30345
2024-04-27,0.09794,0.10098,0.094,0.09902,162469501.0,2024-04-27 23:59:59.999,15940087.97433
2024-04-28,0.09902,0.10127,0.09464,0.0952,128869399.0,2024-04-28 23:59:59.999,12657234.72106
2024-04-29,0.09522,0.09634,0.09177,0.09497,182110220.0,2024-04-29 23:59:59.999,17063756.96541
2024-04-30,0.09497,0.0964,0.08447,0.0899,264658621.0,2024-04-30 23:59:59.999,23632534.65812
2024-05-01,0.08987,0.09269,0.08211,0.09077,268967985.0,2024-05-01 23:59:59.999,23534714.8485
2024-05-02,0.0908,0.09395,0.08775,0.09225,142941650.0,2024-05-02 23:59:59.999,12981645.50723
2024-05-03,0.09226,0.09753,0.09003,0.09622,145490063.0,2024-05-03 23:59:59.999,13695494.15979
2024-05-04,0.09622,0.09785,0.09499,0.09547,114382334.0,2024-05-04 23:59:59.999,10993252.23241
2024-05-05,0.09551,0.10011,0.09396,0.09814,160258052.0,2024-05-05 23:59:59.999,15479579.87199
2024-05-06,0.09815,0.10336,0.09662,0.09694,182326991.0,2024-05-06 23:59:59.999,18125315.30714
2024-05-07,0.09698,0.09821,0.09179,0.09195,159365410.0,2024-05-07 23:59:59.999,15257461.54277
2024-05-08,0.09195,0.09229,0.08709,0.08898,202793959.0,2024-05-08 23:59:59.999,18214318.3537
2024-05-09,0.08897,0.09146,0.08656,0.09046,168785840.0,2024-05-09 23:59:59.999,15036299.46036
2024-05-10,0.09045,0.0926,0.08477,0.08644,216335181.0,2024-05-10 23:59:59.999,19150536.10022
2024-05-11,0.08645,0.0883,0.08503,0.08536,109199156.0,2024-05-11 23:59:59.999,9449713.89958
2024-05-12,0.08536,0.08618,0.0828,0.08335,99304427.0,2024-05-12 23:59:59.999,8415102.22339
2024-05-13,0.08335,0.08701,0.08033,0.08405,187614906.0,2024-05-13 23:59:59.999,15762499.65746
2024-05-14,0.08404,0.0848,0.08056,0.08117,135749754.0,2024-05-14 23:59:59.999,11215608.3603
2024-05-15,0.08117,0.08799,0.08055,0.08739,173302972.0,2024-05-15 23:59:59.999,14706420.19407
2024-05-16,0.08741,0.08977,0.08455,0.08651,147874324.0,2024-05-16 23:59:59.999,12913542.18215
2024-05-17,0.08653,0.09338,0.08614,0.09271,152226262.0,2024-05-17 23:59:59.999,13834141.60156
2024-05-18,0.09273,0.09524,0.09158,0.0928,122608035.0,2024-05-18 23:59:59.999,11450922.70414
2024-05-19,0.09281,0.09369,0.08745,0.08808,118824280.0,2024-05-19 23:59:59.999,10743367.53672
2024-05-20,0.08807,0.09734,0.08607,0.09679,230428880.0,2024-05-20 23:59:59.999,21016753.18377
2024-05-21,0.0968,0.09787,0.0912,0.09273,236491106.0,2024-05-21 23:59:59.999,22265232.63782
2024-05-22,0.09272,0.09519,0.09054,0.0921,189241649.0,2024-05-22 23:59:59.999,17549815.09889
2024-05-23,0.0921,0.09315,0.08223,0.08842,237512421.0,2024-05-23 23:59:59.999,21000663.83389
2024-05-24,0.08838,0.09039,0.08543,0.08779,116678964.0,2024-05-24 23:59:59.999,10254994.7506
2024-05-25,0.08778,0.09025,0.08749,0.08868,76084413.0,2024-05-25 23:59:59.999,6764465.36823
2024-05-26,0.08868,0.08924,0.08575,0.08672,84319301.0,2024-05-26 23:59:59.999,7388476.05223
2024-05-27,0.08674,0.09533,0.08669,0.09286,161324829.0,2024-05-27 23:59:59.999,14746912.70139
2024-05-28,0.09287,0.09461,0.08896,0.09209,218827769.0,2024-05-28 23:59:59.999,20116394.37715
2024-05-29,0.09208,0.09773,0.09145,0.09222,232393624.0,2024-05-29 23:59:59.999,21957477.2003
2024-05-30,0.09221,0.10121,0.08973,0.09952,374359577.0,2024-05-30 23:59:59.999,36061074.32214
2024-05-31,0.09951,0.10508,0.09757,0.10226,526654763.0,2024-05-31 23:59:59.999,53251891.91542
2024-06-01,0.10225,0.10266,0.09755,0.10093,199773368.0,2024-06-01 23:59:59.999,20012201.11641
2024-06-02,0.10093,0.10315,0.09649,0.09762,147344796.0,2024-06-02 23:59:59.999,14720910.46308
2024-06-03,0.09764,0.10787,0.09642,0.10742,315552058.0,2024-06-03 23:59:59.999,32685009.43615
2024-06-04,0.1074,0.1207,0.10532,0.11666,845455138.0,2024-06-04 23:59:59.999,96016241.01126
2024-06-05,0.11667,0.1178,0.11307,0.1167,271658481.0,2024-06-05 23:59:59.999,31289489.98835
2024-06-06,0.11669,0.12416,0.11403,0.11608,477531698.0,2024-06-06 23:59:59.999,56505321.7229
2024-06-07,0.11605,0.11885,0.1033,0.10838,361834559.0,2024-06-07 23:59:59.999,40793814.18463
2024-06-08,0.10838,0.1106,0.10063,0.10365,205502871.0,2024-06-08 23:59:59.999,21663999.67808
2024-06-09,0.10364,0.11823,0.10338,0.1176,359953529.0,2024-06-09 23:59:59.999,39842493.79589
2024-06-10,0.11761,0.125,0.11357,0.12468,1314607641.0,2024-06-10 23:59:59.999,156960455.84328
2024-06-11,0.12466,0.1279,0.10824,0.12058,1236009681.0,2024-06-11 23:59:59.999,147262031.63838
2024-06-12,0.12057,0.13713,0.11973,0.12947,1168901144.0,2024-06-12 23:59:59.999,149401905.56604
2024-06-13,0.1295,0.13229,0.1165,0.12065,692409454.0,2024-06-13 23:59:59.999,86074584.93597
2024-06-14,0.12066,0.13478,0.1137,0.11577,915708340.0,2024-06-14 23:59:59.999,113263728.31748
2024-06-15,0.11578,0.12699,0.11461,0.12027,623490975.0,2024-06-15 23:59:59.999,75812497.51922
2024-06-16,0.12028,0.12416,0.11514,0.1175,388581138.0,2024-06-16 23:59:59.999,46354171.89021
2024-06-17,0.1175,0.11803,0.10082,0.10148,485707625.0,2024-06-17 23:59:59.999,52335150.3372
2024-06-18,0.10151,0.10226,0.08868,0.09623,638667546.0,2024-06-18 23:59:59.999,60922080.59529
2024-06-19,0.09622,0.09979,0.09504,0.09616,286104072.0,2024-06-19 23:59:59.999,27840269.03894
2024-06-20,0.09616,0.10232,0.09249,0.09395,393039890.0,2024-06-20 23:59:59.999,38481304.96722
2024-06-21,0.09397,0.09563,0.09109,0.09191,253495281.0,2024-06-21 23:59:59.999,23703032.62244
2024-06-22,0.09191,0.0932,0.08983,0.09114,140674079.0,2024-06-22 23:59:59.999,12881815.6991
2024-06-23,0.09114,0.09288,0.08752,0.08982,164781462.0,2024-06-23 23:59:59.999,14864116.68815
2024-06-24,0.08982,0.09232,0.08194,0.09177,333695540.0,2024-06-24 23:59:59.999,29401357.20315
2024-06-25,0.09177,0.0942,0.08996,0.09274,167554310.0,2024-06-25 23:59:59.999,15420253.33069
2024-06-26,0.09273,0.09391,0.08778,0.09227,502968550.0,2024-06-26 23:59:59.999,45348407.71404
2024-06-27,0.09227,0.098,0.08989,0.09727,244106750.0,2024-06-27 23:59:59.999,23028417.09626
2024-06-28,0.09727,0.1009,0.0961,0.09671,256893513.0,2024-06-28 23:59:59.999,25212565.16446
2024-06-29,0.09671,0.09841,0.09505,0.09565,148740296.0,2024-06-29 23:59:59.999,14354030.06315
2024-06-30,0.09566,0.10074,0.09389,0.09956,289606458.0,2024-06-30 23:59:59.999,28226715.21194
2024-07-01,0.09957,0.10358,0.09734,0.09761,637993325.0,2024-07-01 23:59:59.999,63681983.50408
2024-07-02,0.09762,0.1027,0.09569,0.10244,195907452.0,2024-07-02 23:59:59.999,19345561.01857
2024-07-03,0.10243,0.10368,0.09212,0.09281,310320388.0,2024-07-03 23:59:59.999,30302232.66863
2024-07-04,0.09281,0.09325,0.08272,0.08399,289352701.0,2024-07-04 23:59:59.999,25257405.95024
2024-07-05,0.08399,0.08615,0.07152,0.08215,503356107.0,2024-07-05 23:59:59.999,39939237.83154
2024-07-06,0.08215,0.08677,0.08062,0.08532,212086729.0,2024-07-06 23:59:59.999,17692627.61671
2024-07-07,0.08532,0.08537,0.0773,0.0779,200119626.0,2024-07-07 23:59:59.999,16272285.13694
2024-07-08,0.0779,0.08246,0.07409,0.07887,270561063.0,2024-07-08 23:59:59.999,21159132.42105
2024-07-09,0.07888,0.08179,0.07835,0.08076,141997272.0,2024-07-09 23:59:59.999,11422752.56434
2024-07-10,0.08078,0.08354,0.07939,0.08136,117418536.0,2024-07-10 23:59:59.999,9600301.20309
2024-07-11,0.08137,0.08492,0.07705,0.07779,185705732.0,2024-07-11 23:59:59.999,15084669.28688
2024-07-12,0.07779,0.07929,0.07611,0.0785,154141160.0,2024-07-12 23:59:59.999,12012385.94579
2024-07-13,0.07851,0.08269,0.07837,0.08127,242258855.0,2024-07-13 23:59:59.999,19469995.78672
2024-07-14,0.08127,0.08496,0.08091,0.08463,103610339.0,2024-07-14 23:59:59.999,8538582.38301
2024-07-15,0.08463,0.09275,0.0843,0.09223,173813850.0,2024-07-15 23:59:59.999,15246512.30661
2024-07-16,0.09223,0.09418,0.08731,0.09192,239848275.0,2024-07-16 23:59:59.999,21912090.19046
2024-07-17,0.09193,0.09516,0.08962,0.09025,164073740.0,2024-07-17 23:59:59.999,15173073.79644
2024-07-18,0.09028,0.0929,0.08763,0.09193,148862428.0,2024-07-18 23:59:59.999,13491522.84097
2024-07-19,0.09193,0.0947,0.08898,0.09416,158921675.0,2024-07-19 23:59:59.999,14613921.98887
2024-07-20,0.09416,0.09554,0.09176,0.09497,82248929.0,2024-07-20 23:59:59.999,7712879.37433
2024-07-21,0.09497,0.09845,0.09003,0.09694,127889338.0,2024-07-21 23:59:59.999,12047174.34111
2024-07-22,0.09694,0.09805,0.09113,0.09213,148112208.0,2024-07-22 23:59:59.999,13942198.9067
2024-07-23,0.09211,0.0944,0.08607,0.08828,164889461.0,2024-07-23 23:59:59.999,14851050.55296
2024-07-24,0.08827,0.09181,0.08618,0.08732,129646267.0,2024-07-24 23:59:59.999,11583653.53036
2024-07-25,0.08729,0.08787,0.08171,0.08482,157455032.0,2024-07-25 23:59:59.999,13336113.83906
2024-07-26,0.0848,0.0897,0.08391,0.08827,89174738.0,2024-07-26 23:59:59.999,7814198.36196
2024-07-27,0.08827,0.09011,0.08512,0.0873,101797565.0,2024-07-27 23:59:59.999,8936563.7613
2024-07-28,0.08728,0.08764,0.08421,0.08514,63183958.0,2024-07-28 23:59:59.999,5428034.02094
2024-07-29,0.08513,0.08876,0.08221,0.08265,122004914.0,2024-07-29 23:59:59.999,10399501.84499
2024-07-30,0.08267,0.08669,0.08086,0.08226,138267645.0,2024-07-30 23:59:59.999,11537984.16552
2024-07-31,0.08225,0.08369,0.07967,0.0811,144593192.0,2024-07-31 23:59:59.999,11819417.05464
2024-08-01,0.08109,0.08187,0.07218,0.07877,236169559.0,2024-08-01 23:59:59.999,18146191.05672
2024-08-02,0.07877,0.07892,0.07037,0.0715,180089494.0,2024-08-02 23:59:59.999,13285018.56999
2024-08-03,0.07149,0.07234,0.06519,0.06692,210959637.0,2024-08-03 23:59:59.999,14461329.41042
2024-08-04,0.06689,0.06894,0.06127,0.06432,200160839.0,2024-08-04 23:59:59.999,13048209.45586
2024-08-05,0.06432,0.06504,0.04906,0.05684,798825899.0,2024-08-05 23:59:59.999,43937838.14044
2024-08-06,0.05684,0.0626,0.05674,0.05998,250798198.0,2024-08-06 23:59:59.999,15120972.51709
2024-08-07,0.05997,0.06236,0.05634,0.05707,229949240.0,2024-08-07 23:59:59.999,13693533.33882
2024-08-08,0.05708,0.06523,0.05602,0.06445,188810704.0,2024-08-08 23:59:59.999,11548192.38168
2024-08-09,0.06445,0.06479,0.0615,0.06296,133085411.0,2024-08-09 23:59:59.999,8379075.76019
2024-08-10,0.06297,0.06457,0.06233,0.06391,81438259.0,2024-08-10 23:59:59.999,5170817.20446
2024-08-11,0.0639,0.06616,0.05884,0.05926,128550542.0,2024-08-11 23:59:59.999,7992051.24123
2024-08-12,0.05926,0.06334,0.05879,0.06185,221847502.0,2024-08-12 23:59:59.999,13598435.25794
2024-08-13,0.06186,0.06295,0.05939,0.06199,124392295.0,2024-08-13 23:59:59.999,7595029.89337
2024-08-14,0.06199,0.06255,0.05908,0.05957,155162399.0,2024-08-14 23:59:59.999,9428419.6369
2024-08-15,0.05959,0.06043,0.05648,0.05756,158422699.0,2024-08-15 23:59:59.999,9249682.19217
2024-08-16,0.05753,0.05826,0.05474,0.0568,179565600.0,2024-08-16 23:59:59.999,10169121.17049
2024-08-17,0.0568,0.0579,0.05606,0.05738,85956586.0,2024-08-17 23:59:59.999,4888563.48096
2024-08-18,0.05736,0.05947,0.05614,0.05764,143888464.0,2024-08-18 23:59:59.999,8342713.55848
2024-08-19,0.05764,0.0587,0.05631,0.05864,116841432.0,2024-08-19 23:59:59.999,6686082.31185
2024-08-20,0.05861,0.0606,0.05791,0.05899,122554101.0,2024-08-20 23:59:59.999,7285316.52102
2024-08-21,0.05897,0.0616,0.05802,0.06054,134889995.0,2024-08-21 23:59:59.999,8028666.24603
2024-08-22,0.06054,0.06237,0.05962,0.06064,126902973.0,2024-08-22 23:59:59.999,7726196.68976
2024-08-23,0.06064,0.06598,0.06053,0.06495,221598823.0,2024-08-23 23:59:59.999,14004170.87639
2024-08-24,0.06494,0.06982,0.06471,0.06758,207795761.0,2024-08-24 23:59:59.999,14006204.9394
2024-08-25,0.06756,0.06781,0.06391,0.06532,174560649.0,2024-08-25 23:59:59.999,11460659.877
2024-08-26,0.06535,0.06608,0.06017,0.06042,184503806.0,2024-08-26 23:59:59.999,11571640.28152
2024-08-27,0.0604,0.06204,0.05547,0.05746,220674248.0,2024-08-27 23:59:59.999,13032038.50298
2024-08-28,0.05746,0.05884,0.054,0.05559,208399775.0,2024-08-28 23:59:59.999,11782006.00242
2024-08-29,0.0556,0.05973,0.05477,0.05604,244256115.0,2024-08-29 23:59:59.999,14004194.91477
2024-08-30,0.05603,0.0565,0.05268,0.05587,156550554.0,2024-08-30 23:59:59.999,8598740.78448
2024-08-31,0.05588,0.05634,0.05475,0.05594,74271275.0,2024-08-31 23:59:59.999,4121806.15882
2024-09-01,0.05593,0.05595,0.05235,0.05274,121815092.0,2024-09-01 23:59:59.999,6640910.99278
2024-09-02,0.05271,0.05601,0.05245,0.05516,106062786.0,2024-09-02 23:59:59.999,5746725.32242
2024-09-03,0.05516,0.05585,0.05209,0.05233,93982462.0,2024-09-03 23:59:59.999,5065087.61045
2024-09-04,0.05232,0.0548,0.0498,0.05358,130299502.0,2024-09-04 23:59:59.999,6833052.39213
2024-09-05,0.05359,0.05403,0.05128,0.05173,79923476.0,2024-09-05 23:59:59.999,4201756.61769
2024-09-06,0.05173,0.05336,0.0483,0.04934,159362595.0,2024-09-06 23:59:59.999,8121038.49814
2024-09-07,0.04934,0.05077,0.0492,0.04963,97526963.0,2024-09-07 23:59:59.999,4875531.65745
2024-09-08,0.04964,0.0512,0.049,0.05036,92579417.0,2024-09-08 23:59:59.999,4641610.88658
2024-09-09,0.05038,0.05433,0.04982,0.05351,250163688.0,2024-09-09 23:59:59.999,13130960.8544
2024-09-10,0.05351,0.05669,0.05295,0.05563,229145791.0,2024-09-10 23:59:59.999,12553502.51473
2024-09-11,0.05564,0.05621,0.05219,0.05434,237905875.0,2024-09-11 23:59:59.999,12827943.11772
2024-09-12,0.05433,0.05733,0.05368,0.05667,133074388.0,2024-09-12 23:59:59.999,7364614.54666
2024-09-13,0.05668,0.06183,0.05426,0.06086,300205952.0,2024-09-13 23:59:59.999,17468262.81602
2024-09-14,0.06087,0.06328,0.05988,0.06116,700491581.0,2024-09-14 23:59:59.999,43319487.63869
2024-09-15,0.06117,0.06236,0.05832,0.05979,291239665.0,2024-09-15 23:59:59.999,17744058.17191
2024-09-16,0.05978,0.06055,0.05681,0.05848,252673780.0,2024-09-16 23:59:59.999,14875055.78835
2024-09-17,0.05847,0.06119,0.05772,0.06026,218474068.0,2024-09-17 23:59:59.999,13111771.532
2024-09-18,0.06025,0.06217,0.05643,0.0618,209444535.0,2024-09-18 23:59:59.999,12513837.39133
2024-09-19,0.0618,0.06611,0.06126,0.06399,230710720.0,2024-09-19 23:59:59.999,14766391.51207
2024-09-20,0.06401,0.06876,0.06351,0.06655,231576230.0,2024-09-20 23:59:59.999,15365964.33165
2024-09-21,0.06656,0.07626,0.06508,0.07458,463716357.0,2024-09-21 23:59:59.999,33327081.85184
2024-09-22,0.07459,0.07462,0.06929,0.0716,417543174.0,2024-09-22 23:59:59.999,30032024.89793
2024-09-23,0.07158,0.07451,0.0699,0.07316,288962000.0,2024-09-23 23:59:59.999,21078012.03778
2024-09-24,0.07317,0.07777,0.07121,0.07593,262765697.0,2024-09-24 23:59:59.999,19553456.19698
2024-09-25,0.07595,0.07676,0.07229,0.07307,153648592.0,2024-09-25 23:59:59.999,11414464.86426
2024-09-26,0.07307,0.07774,0.07164,0.07575,186999956.0,2024-09-26 23:59:59.999,14007685.57828
2024-09-27,0.07574,0.07993,0.07455,0.07847,175530508.0,2024-09-27 23:59:59.999,13686783.39652
2024-09-28,0.07847,0.08166,0.07472,0.07641,209422303.0,2024-09-28 23:59:59.999,16337203.8398
2024-09-29,0.07643,0.08388,0.07383,0.08058,295728839.0,2024-09-29 23:59:59.999,23463781.65523
2024-09-30,0.0806,0.08208,0.07629,0.07693,321992350.0,2024-09-30 23:59:59.999,25575618.2832
2024-10-01,0.07692,0.08126,0.06788,0.06887,423466716.0,2024-10-01 23:59:59.999,31263895.76738
2024-10-02,0.06888,0.07546,0.0668,0.06897,266413403.0,2024-10-02 23:59:59.999,18924589.45588
2024-10-03,0.06897,0.07011,0.06482,0.0663,200771731.0,2024-10-03 23:59:59.999,13453413.33493
2024-10-04,0.06628,0.07207,0.06556,0.06999,190526534.0,2024-10-04 23:59:59.999,12972927.07543
2024-10-05,0.06997,0.07021,0.06573,0.06696,139752274.0,2024-10-05 23:59:59.999,9452717.497
2024-10-06,0.06696,0.07106,0.06619,0.07073,158578484.0,2024-10-06 23:59:59.999,10876740.04214
2024-10-07,0.07075,0.07298,0.06779,0.06828,251566912.0,2024-10-07 23:59:59.999,17787883.39272
2024-10-08,0.06829,0.07066,0.06632,0.06718,224024813.0,2024-10-08 23:59:59.999,15231044.90852
2024-10-09,0.06719,0.06875,0.06417,0.06489,218189890.0,2024-10-09 23:59:59.999,14422706.45555
2024-10-10,0.0649,0.06706,0.06242,0.06467,186341010.0,2024-10-10 23:59:59.999,12091769.62054
2024-10-11,0.06464,0.06945,0.06425,0.06907,168053400.0,2024-10-11 23:59:59.999,11341073.46621
2024-10-12,0.06907,0.07352,0.0689,0.07112,215679232.0,2024-10-12 23:59:59.999,15431195.45057
2024-10-13,0.07113,0.07208,0.06846,0.07065,176948541.0,2024-10-13 23:59:59.999,12484632.18906
2024-10-14,0.07066,0.07701,0.06945,0.07607,347356788.0,2024-10-14 23:59:59.999,25782926.3977
2024-10-15,0.07607,0.07682,0.07068,0.07393,312927772.0,2024-10-15 23:59:59.999,23134417.10265
2024-10-16,0.07389,0.07581,0.07131,0.07197,172811643.0,2024-10-16 23:59:59.999,12654498.33293
2024-10-17,0.07198,0.07294,0.06774,0.06906,168701317.0,2024-10-17 23:59:59.999,11799028.86701
2024-10-18,0.06907,0.0722,0.06874,0.07161,152366623.0,2024-10-18 23:59:59.999,10770011.34903
2024-10-19,0.07161,0.07331,0.07044,0.07087,95449325.0,2024-10-19 23:59:59.999,6833987.46696
2024-10-20,0.07085,0.0764,0.06983,0.07552,187271248.0,2024-10-20 23:59:59.999,13763028.96123
2024-10-21,0.07552,0.07597,0.07206,0.07282,152498894.0,2024-10-21 23:59:59.999,11251493.41429
2024-10-22,0.07283,0.07792,0.07167,0.07348,312720665.0,2024-10-22 23:59:59.999,23321410.72755
2024-10-23,0.07349,0.07416,0.06708,0.06953,206786489.0,2024-10-23 23:59:59.999,14533063.22693
2024-10-24,0.06953,0.07131,0.06852,0.06897,181460300.0,2024-10-24 23:59:59.999,12662102.57671
2024-10-25,0.06898,0.06935,0.06042,0.06376,292888047.0,2024-10-25 23:59:59.999,19511701.16325
2024-10-26,0.06377,0.06524,0.06191,0.06461,150732327.0,2024-10-26 23:59:59.999,9608270.15888
2024-10-27,0.06463,0.06542,0.06335,0.06443,82652541.0,2024-10-27 23:59:59.999,5321179.1769
2024-10-28,0.06445,0.06725,0.06159,0.0668,206251563.0,2024-10-28 23:59:59.999,13344449.84461
2024-10-29,0.0668,0.07156,0.06623,0.06977,377560104.0,2024-10-29 23:59:59.999,26197788.12303
2024-10-30,0.06979,0.07008,0.06731,0.06737,207130662.0,2024-10-30 23:59:59.999,14205762.32473
2024-10-31,0.06739,0.0678,0.06443,0.06492,239881385.0,2024-10-31 23:59:59.999,15878629.27508
2024-11-01,0.06492,0.06595,0.06225,0.06406,222220253.0,2024-11-01 23:59:59.999,14222296.31829
2024-11-02,0.06406,0.06475,0.0618,0.06263,84603519.0,2024-11-02 23:59:59.999,5339114.53189
2024-11-03,0.06262,0.06277,0.05678,0.05962,261462808.0,2024-11-03 23:59:59.999,15519639.38568
2024-11-04,0.05963,0.06073,0.056,0.05754,163074248.0,2024-11-04 23:59:59.999,9598967.43385
2024-11-05,0.05755,0.06231,0.05748,0.06111,241898440.0,2024-11-05 23:59:59.999,14629125.97076
2024-11-06,0.06111,0.06877,0.0611,0.06854,323882723.0,2024-11-06 23:59:59.999,21157622.66337
2024-11-07,0.06854,0.08247,0.06806,0.07785,957909501.0,2024-11-07 23:59:59.999,72787660.80869
2024-11-08,0.07787,0.07986,0.0751,0.0762,534247682.0,2024-11-08 23:59:59.999,41245265.73121
2024-11-09,0.0762,0.08097,0.07575,0.07985,266681381.0,2024-11-09 23:59:59.999,20959268.00905
2024-11-10,0.07986,0.08668,0.07703,0.08183,453987206.0,2024-11-10 23:59:59.999,37148992.93693
2024-11-11,0.08187,0.0881,0.0796,0.08726,361393320.0,2024-11-11 23:59:59.999,30287392.69084
2024-11-12,0.08728,0.09065,0.07779,0.08171,567837086.0,2024-11-12 23:59:59.999,47389019.33184
2024-11-13,0.08171,0.084,0.07361,0.07908,438121322.0,2024-11-13 23:59:59.999,34522495.61913
2024-11-14,0.07908,0.08337,0.07445,0.07567,292228344.0,2024-11-14 23:59:59.999,23084370.11966
2024-11-15,0.07566,0.07975,0.07202,0.07825,258259185.0,2024-11-15 23:59:59.999,19483999.76551
2024-11-16,0.07823,0.08629,0.078,0.08529,318250248.0,2024-11-16 23:59:59.999,26251970.96482
2024-11-17,0.08525,0.08575,0.07757,0.07966,233957378.0,2024-11-17 23:59:59.999,19017468.10997
2024-11-18,0.07968,0.09175,0.07902,0.08588,391079869.0,2024-11-18 23:59:59.999,33138987.50835
2024-11-19,0.08587,0.0875,0.08028,0.08291,240573164.0,2024-11-19 23:59:59.999,20176055.80947
2024-11-20,0.08293,0.08293,0.07439,0.077,325414819.0,2024-11-20 23:59:59.999,25468084.79135
2024-11-21,0.07702,0.08397,0.07485,0.08243,296111055.0,2024-11-21 23:59:59.999,23730062.55933
2024-11-22,0.08243,0.09453,0.07979,0.09307,432928439.0,2024-11-22 23:59:59.999,37076764.7171
2024-11-23,0.09308,0.10105,0.09105,0.09812,613935980.0,2024-11-23 23:59:59.999,59187861.3004
2024-11-24,0.09813,0.10482,0.08949,0.09733,435700362.0,2024-11-24 23:59:59.999,42025033.88625
2024-11-25,0.09736,0.09904,0.08811,0.09075,383751440.0,2024-11-25 23:59:59.999,35886958.68574
2024-11-26,0.09073,0.09521,0.08551,0.09117,361358902.0,2024-11-26 23:59:59.999,32351114.65026
2024-11-27,0.09119,0.09844,0.08925,0.09694,289158649.0,2024-11-27 23:59:59.999,27313821.15054
2024-11-28,0.09695,0.09925,0.09202,0.09771,239532272.0,2024-11-28 23:59:59.999,22905344.5395
2024-11-29,0.09774,0.10227,0.09489,0.10126,199647435.0,2024-11-29 23:59:59.999,19697886.99993
2024-11-30,0.10125,0.10938,0.09999,0.10712,236869513.0,2024-11-30 23:59:59.999,24644647.42848
2024-12-01,0.10711,0.10895,0.10204,0.10515,250314334.0,2024-12-01 23:59:59.999,26459885.93914
2024-12-02,0.10515,0.124,0.10036,0.12362,723870750.0,2024-12-02 23:59:59.999,79836785.11996
2024-12-03,0.12363,0.13531,0.11525,0.13456,756161749.0,2024-12-03 23:59:59.999,94121808.76262
2024-12-04,0.13455,0.13928,0.12585,0.13193,396513769.0,2024-12-04 23:59:59.999,52554763.35189
2024-12-05,0.13193,0.13456,0.12234,0.12818,404314213.0,2024-12-05 23:59:59.999,52320397.26358
2024-12-06,0.12819,0.14184,0.1267,0.1386,362977449.0,2024-12-06 23:59:59.999,49306734.95442
2024-12-07,0.1386,0.14279,0.1321,0.13375,213203434.0,2024-12-07 23:59:59.999,29133127.57814
2024-12-08,0.13376,0.13464,0.12953,0.13347,146405917.0,2024-12-08 23:59:59.999,19343124.63247
2024-12-09,0.13347,0.13352,0.09033,0.10886,606194376.0,2024-12-09 23:59:59.999,69672690.35846
2024-12-10,0.10882,0.11193,0.09713,0.10719,424758810.0,2024-12-10 23:59:59.999,44695735.23039
2024-12-11,0.10719,0.11815,0.10227,0.11541,226722821.0,2024-12-11 23:59:59.999,25249344.01528
2024-12-12,0.11542,0.12171,0.11241,0.11365,265421860.0,2024-12-12 23:59:59.999,31064653.128
2024-12-13,0.11362,0.11548,0.10911,0.11465,225178634.0,2024-12-13 23:59:59.999,25345718.00677
2024-12-14,0.1147,0.11579,0.105,0.10823,146493804.0,2024-12-14 23:59:59.999,16077873.29361
2024-12-15,0.10823,0.11303,0.10467,0.11225,161507610.0,2024-12-15 23:59:59.999,17627840.93276
2024-12-16,0.11227,0.11582,0.10418,0.10768,220240753.0,2024-12-16 23:59:59.999,24152980.1873
2024-12-17,0.1077,0.10845,0.0997,0.1011,204142104.0,2024-12-17 23:59:59.999,21388529.53703
2024-12-18,0.10111,0.10279,0.08981,0.09229,302551782.0,2024-12-18 23:59:59.999,29557768.82737
2024-12-19,0.09227,0.0938,0.07961,0.08322,405313255.0,2024-12-19 23:59:59.999,35186493.415
2024-12-20,0.08321,0.08659,0.07155,0.08522,424158636.0,2024-12-20 23:59:59.999,33765860.89774
2024-12-21,0.08522,0.09106,0.07859,0.08007,233051204.0,2024-12-21 23:59:59.999,19626471.98064
2024-12-22,0.08009,0.08279,0.07668,0.08,173584115.0,2024-12-22 23:59:59.999,13874251.12844
2024-12-23,0.07998,0.0887,0.07779,0.08701,204304269.0,2024-12-23 23:59:59.999,16853285.17181
2024-12-24,0.08701,0.09137,0.08443,0.0887,177409538.0,2024-12-24 23:59:59.999,15534815.40475
2024-12-25,0.08868,0.08939,0.08534,0.08652,127379088.0,2024-12-25 23:59:59.999,11125095.20328
2024-12-26,0.08654,0.08756,0.07957,0.08096,150103378.0,2024-12-26 23:59:59.999,12371016.20411
2024-12-27,0.08096,0.08574,0.08035,0.08192,162307892.0,2024-12-27 23:59:59.999,13406533.84644
2024-12-28,0.08194,0.0963,0.08093,0.09592,802188922.0,2024-12-28 23:59:59.999,72482718.23193
2024-12-29,0.09592,0.09605,0.08771,0.08988,366301721.0,2024-12-29 23:59:59.999,33334871.11239
2024-12-30,0.08987,0.09484,0.08325,0.08563,363302510.0,2024-12-30 23:59:59.999,32127991.03399
2024-12-31,0.08564,0.08567,0.07989,0.08026,317791088.0,2024-12-31 23:59:59.999,26147733.23098
2025-01-01,0.08027,0.08361,0.07864,0.08272,214280930.0,2025-01-01 23:59:59.999,17372375.1239
2025-01-02,0.08273,0.0876,0.08247,0.0858,185817601.0,2025-01-02 23:59:59.999,15867505.79512
2025-01-03,0.08581,0.09166,0.08312,0.09045,218864459.0,2025-01-03 23:59:59.999,19212383.18842
2025-01-04,0.09042,0.0919,0.0884,0.09007,200908286.0,2025-01-04 23:59:59.999,18128227.7361
2025-01-05,0.09006,0.09344,0.0875,0.09209,169490817.0,2025-01-05 23:59:59.999,15234972.05876
2025-01-06,0.09208,0.09597,0.08987,0.09373,268541587.0,2025-01-06 23:59:59.999,25061545.00882
2025-01-07,0.09372,0.09373,0.08225,0.0827,337836838.0,2025-01-07 23:59:59.999,29661655.00229
2025-01-08,0.08269,0.08389,0.0738,0.0789,307487123.0,2025-01-08 23:59:59.999,24232881.20913
2025-01-09,0.07889,0.07969,0.07188,0.07428,250399060.0,2025-01-09 23:59:59.999,18872263.99624
2025-01-10,0.07426,0.07821,0.07284,0.07621,211591979.0,2025-01-10 23:59:59.999,16026752.94724
2025-01-11,0.07621,0.07757,0.07404,0.07595,128114787.0,2025-01-11 23:59:59.999,9717389.60102
2025-01-12,0.07595,0.07655,0.07291,0.07424,97196192.0,2025-01-12 23:59:59.999,7306110.20167
2025-01-13,0.07423,0.0765,0.0659,0.07248,347619248.0,2025-01-13 23:59:59.999,24386645.17208
2025-01-14,0.07249,0.07678,0.07198,0.0761,158994579.0,2025-01-14 23:59:59.999,11808217.90883
2025-01-15,0.07611,0.08135,0.07353,0.08107,240650678.0,2025-01-15 23:59:59.999,18662018.48601
2025-01-16,0.08107,0.08273,0.07788,0.08009,247744099.0,2025-01-16 23:59:59.999,19865467.07371
2025-01-17,0.0801,0.08616,0.08007,0.08476,275356814.0,2025-01-17 23:59:59.999,23233268.9448
2025-01-18,0.08478,0.08581,0.0762,0.07822,238296935.0,2025-01-18 23:59:59.999,19006184.73287
2025-01-19,0.07822,0.08034,0.06723,0.06884,454249195.0,2025-01-19 23:59:59.999,33322670.48717
2025-01-20,0.06882,0.07617,0.06599,0.06818,430285665.0,2025-01-20 23:59:59.999,30164900.81117
2025-01-21,0.06817,0.07095,0.06395,0.06858,261705922.0,2025-01-21 23:59:59.999,17552727.99929
2025-01-22,0.06859,0.06944,0.06592,0.06658,157502617.0,2025-01-22 23:59:59.999,10689481.44899
2025-01-23,0.06659,0.06763,0.06372,0.06654,230681186.0,2025-01-23 23:59:59.999,15125684.17396
2025-01-24,0.06656,0.0675,0.06305,0.06347,172360242.0,2025-01-24 23:59:59.999,11322416.64843
2025-01-25,0.06348,0.06463,0.06207,0.06358,148447518.0,2025-01-25 23:59:59.999,9405358.77496
2025-01-26,0.06358,0.06671,0.06316,0.06336,154711399.0,2025-01-26 23:59:59.999,10081928.3118
2025-01-27,0.06334,0.06368,0.05641,0.0616,369412032.0,2025-01-27 23:59:59.999,22075730.3464
2025-01-28,0.06158,0.06216,0.05612,0.05676,179369619.0,2025-01-28 23:59:59.999,10695400.41657
2025-01-29,0.05677,0.06064,0.05628,0.05813,182233217.0,2025-01-29 23:59:59.999,10648911.11171
2025-01-30,0.05814,0.06282,0.0575,0.06117,215477272.0,2025-01-30 23:59:59.999,13114690.45302
2025-01-31,0.06119,0.0649,0.06036,0.06183,181682389.0,2025-01-31 23:59:59.999,11328435.0469
2025-02-01,0.06184,0.06294,0.0558,0.05632,165650419.0,2025-02-01 23:59:59.999,9842816.77434
2025-02-02,0.05632,0.05759,0.04453,0.0475,444673227.0,2025-02-02 23:59:59.999,22626573.3217
2025-02-03,0.04751,0.04921,0.03363,0.04835,908873469.0,2025-02-03 23:59:59.999,37844638.29158
2025-02-04,0.04835,0.04884,0.04213,0.04415,369753589.0,2025-02-04 23:59:59.999,16455777.14677
2025-02-05,0.04416,0.04441,0.041,0.04206,273798410.0,2025-02-05 23:59:59.999,11708213.33716
2025-02-06,0.04205,0.04296,0.03889,0.03966,280057809.0,2025-02-06 23:59:59.999,11411401.36647
2025-02-07,0.03966,0.04391,0.03903,0.04027,266529662.0,2025-02-07 23:59:59.999,11045403.44072
2025-02-08,0.04027,0.04327,0.03959,0.04279,195190737.0,2025-02-08 23:59:59.999,8057394.78262
2025-02-09,0.04278,0.04519,0.04098,0.04308,202258713.0,2025-02-09 23:59:59.999,8747593.72316
2025-02-10,0.04308,0.04599,0.04144,0.04521,274300986.0,2025-02-10 23:59:59.999,12219083.85714
2025-02-11,0.04521,0.04742,0.04269,0.0436,213137891.0,2025-02-11 23:59:59.999,9593650.0631
2025-02-12,0.04361,0.04698,0.04181,0.04619,255269864.0,2025-02-12 23:59:59.999,11235530.02139
2025-02-13,0.0462,0.04661,0.04289,0.04361,152784211.0,2025-02-13 23:59:59.999,6767923.96307
2025-02-14,0.04362,0.04619,0.04341,0.04501,183178379.0,2025-02-14 23:59:59.999,8191156.33882
2025-02-15,0.045,0.04541,0.04292,0.04389,121292556.0,2025-02-15 23:59:59.999,5338326.24745
2025-02-16,0.04389,0.04467,0.04269,0.04306,124352499.0,2025-02-16 23:59:59.999,5411654.68598
2025-02-17,0.04306,0.04485,0.04126,0.04259,194221054.0,2025-02-17 23:59:59.999,8364459.95649
2025-02-18,0.04258,0.04293,0.03919,0.04111,215763304.0,2025-02-18 23:59:59.999,8838817.75051
2025-02-19,0.04111,0.04197,0.04019,0.0416,159008979.0,2025-02-19 23:59:59.999,6542728.37445
2025-02-20,0.04161,0.04614,0.04154,0.04555,398559445.0,2025-02-20 23:59:59.999,17578282.08511
2025-02-21,0.04555,0.0475,0.04102,0.04171,413693190.0,2025-02-21 23:59:59.999,18267189.08704
2025-02-22,0.04172,0.04389,0.04143,0.04317,222871728.0,2025-02-22 23:59:59.999,9525644.50084
2025-02-23,0.04316,0.04352,0.04152,0.04249,146965033.0,2025-02-23 23:59:59.999,6246471.30753
2025-02-24,0.0425,0.04279,0.03555,0.03658,316292167.0,2025-02-24 23:59:59.999,12399970.66195
2025-02-25,0.03658,0.03881,0.03448,0.0382,473487024.0,2025-02-25 23:59:59.999,17392711.54222
2025-02-26,0.03821,0.03987,0.03717,0.03909,246788746.0,2025-02-26 23:59:59.999,9509847.11434
2025-02-27,0.0391,0.04072,0.03828,0.03932,209990047.0,2025-02-27 23:59:59.999,8303174.5139
2025-02-28,0.03933,0.03996,0.03605,0.03936,315752649.0,2025-02-28 23:59:59.999,11918483.45302
2025-03-01,0.03936,0.04012,0.03774,0.03919,152398932.0,2025-03-01 23:59:59.999,5911862.0489
2025-03-02,0.0392,0.04339,0.03792,0.04297,276075974.0,2025-03-02 23:59:59.999,11233832.09086
2025-03-03,0.04298,0.04323,0.03576,0.03652,369322948.0,2025-03-03 23:59:59.999,14520178.3114
2025-03-04,0.03653,0.03671,0.0323,0.0352,528526118.0,2025-03-04 23:59:59.999,18263032.86521
2025-03-05,0.03521,0.03704,0.03461,0.03648,222444185.0,2025-03-05 23:59:59.999,7989131.50359
2025-03-06,0.03649,0.03772,0.03543,0.03591,222922085.0,2025-03-06 23:59:59.999,8148803.95282
2025-03-07,0.03591,0.03759,0.03379,0.03564,305607325.0,2025-03-07 23:59:59.999,10989903.21389
2025-03-08,0.03564,0.03599,0.03463,0.0352,137261374.0,2025-03-08 23:59:59.999,4833349.56101
2025-03-09,0.0352,0.03537,0.03071,0.03114,286373058.0,2025-03-09 23:59:59.999,9274992.66356
2025-03-10,0.03115,0.03363,0.02798,0.02868,408575089.0,2025-03-10 23:59:59.999,12480584.75986
2025-03-11,0.0287,0.0315,0.02626,0.03049,366875173.0,2025-03-11 23:59:59.999,10696980.88034
2025-03-12,0.03049,0.03228,0.02959,0.03157,238733188.0,2025-03-12 23:59:59.999,7397558.28208
2025-03-13,0.03157,0.03266,0.03016,0.03093,238542525.0,2025-03-13 23:59:59.999,7462447.34245
2025-03-14,0.03093,0.03243,0.03066,0.03164,163238283.0,2025-03-14 23:59:59.999,5141189.49001
2025-03-15,0.03163,0.03316,0.03115,0.03281,156845188.0,2025-03-15 23:59:59.999,5011561.62977
2025-03-16,0.03283,0.03301,0.03082,0.03109,166619768.0,2025-03-16 23:59:59.999,5304493.76773
2025-03-17,0.0311,0.034,0.03101,0.03311,195597228.0,2025-03-17 23:59:59.999,6386011.09785
2025-03-18,0.03312,0.03319,0.0314,0.03257,178219547.0,2025-03-18 23:59:59.999,5768137.81906
2025-03-19,0.03257,0.03421,0.03228,0.0341,179133500.0,2025-03-19 23:59:59.999,5920450.91121
2025-03-20,0.03411,0.03441,0.03177,0.03215,143094433.0,2025-03-20 23:59:59.999,4688350.48185
2025-03-21,0.03215,0.03241,0.03114,0.03163,173552632.0,2025-03-21 23:59:59.999,5523053.54487
2025-03-22,0.03163,0.03281,0.0316,0.03223,111161533.0,2025-03-22 23:59:59.999,3595356.87523
2025-03-23,0.03223,0.03342,0.03205,0.03306,151782826.0,2025-03-23 23:59:59.999,4974763.71401
2025-03-24,0.03306,0.03459,0.03239,0.03427,259474710.0,2025-03-24 23:59:59.999,8799442.84763
2025-03-25,0.03427,0.03493,0.03358,0.03478,195323033.0,2025-03-25 23:59:59.999,6702337.05949
2025-03-26,0.03477,0.03507,0.0328,0.03339,209995408.0,2025-03-26 23:59:59.999,7138027.84137
2025-03-27,0.03339,0.03409,0.0327,0.03302,154050013.0,2025-03-27 23:59:59.999,5146702.34752
2025-03-28,0.03301,0.03321,0.02939,0.03016,245642897.0,2025-03-28 23:59:59.999,7542341.84156
2025-03-29,0.03016,0.03039,0.028,0.02845,165057131.0,2025-03-29 23:59:59.999,4782589.72207
2025-03-30,0.02844,0.02928,0.02772,0.02823,126532208.0,2025-03-30 23:59:59.999,3620636.67564
2025-03-31,0.02824,0.02884,0.0275,0.0283,153542315.0,2025-03-31 23:59:59.999,4332959.98268
2025-04-01,0.0283,0.03059,0.02804,0.02885,347340938.0,2025-04-01 23:59:59.999,10232676.896
2025-04-02,0.02885,0.0289,0.02501,0.02564,495492273.0,2025-04-02 23:59:59.999,13564163.41103
2025-04-03,0.02564,0.02683,0.0238,0.0248,285399288.0,2025-04-03 23:59:59.999,7134630.83556
2025-04-04,0.0248,0.02512,0.02322,0.02398,291458725.0,2025-04-04 23:59:59.999,7034809.77892
2025-04-05,0.02399,0.02497,0.02359,0.02407,144330098.0,2025-04-05 23:59:59.999,3505300.53993
2025-04-06,0.02407,0.0241,0.02057,0.02122,355473005.0,2025-04-06 23:59:59.999,7897602.02137
2025-04-07,0.02124,0.02309,0.01916,0.02218,522093802.0,2025-04-07 23:59:59.999,11115749.52703
2025-04-08,0.02218,0.02292,0.02088,0.02101,215925426.0,2025-04-08 23:59:59.999,4743466.77224
2025-04-09,0.02102,0.02384,0.02018,0.02357,305537869.0,2025-04-09 23:59:59.999,6758852.30327
2025-04-10,0.02358,0.02371,0.0221,0.02272,197984632.0,2025-04-10 23:59:59.999,4546042.60957
2025-04-11,0.02271,0.02448,0.02261,0.02388,280238765.0,2025-04-11 23:59:59.999,6667860.5681
2025-04-12,0.02387,0.02538,0.02373,0.02509,128132566.0,2025-04-12 23:59:59.999,3147547.73625
2025-04-13,0.02508,0.02519,0.02324,0.02362,167366335.0,2025-04-13 23:59:59.999,4069435.81301
2025-04-14,0.02363,0.02449,0.02342,0.0239,133600190.0,2025-04-14 23:59:59.999,3203817.2913
2025-04-15,0.02391,0.02455,0.02314,0.02353,131533692.0,2025-04-15 23:59:59.999,3155830.62233
2025-04-16,0.02352,0.02389,0.0227,0.02321,212840614.0,2025-04-16 23:59:59.999,4986562.60871
2025-04-17,0.02321,0.02485,0.02276,0.02421,253166537.0,2025-04-17 23:59:59.999,6097973.64268
2025-04-18,0.0242,0.02559,0.02402,0.0248,289667594.0,2025-04-18 23:59:59.999,7217392.19386
2025-04-19,0.0248,0.02595,0.02473,0.02552,180051600.0,2025-04-19 23:59:59.999,4559425.18676
2025-04-20,0.02553,0.02649,0.02503,0.02601,193716916.0,2025-04-20 23:59:59.999,5000703.81001
2025-04-21,0.02601,0.02757,0.02592,0.02631,202632163.0,2025-04-21 23:59:59.999,5420372.76092
2025-04-22,0.02632,0.02803,0.0255,0.02789,190869571.0,2025-04-22 23:59:59.999,5095357.14792
2025-04-23,0.0279,0.0298,0.02766,0.02859,294940387.0,2025-04-23 23:59:59.999,8462454.80034
2025-04-24,0.02859,0.02891,0.02701,0.0288,267104178.0,2025-04-24 23:59:59.999,7502197.52725
2025-04-25,0.02881,0.02931,0.0279,0.02837,233724254.0,2025-04-25 23:59:59.999,6696698.86852
2025-04-26,0.02837,0.03148,0.02831,0.03102,502260550.0,2025-04-26 23:59:59.999,15258696.86784
2025-04-27,0.03103,0.0316,0.02915,0.02936,271807461.0,2025-04-27 23:59:59.999,8228538.54972
2025-04-28,0.02937,0.03053,0.0278,0.02986,276590198.0,2025-04-28 23:59:59.999,8138881.51461
2025-04-29,0.02986,0.03041,0.02891,0.02932,247820629.0,2025-04-29 23:59:59.999,7378660.82929
2025-04-30,0.02932,0.02982,0.02792,0.02941,184793254.0,2025-04-30 23:59:59.999,5357015.00991
2025-05-01,0.02941,0.03074,0.02933,0.02995,195532041.0,2025-05-01 23:59:59.999,5892688.10358
2025-05-02,0.02995,0.03263,0.02995,0.03217,468896160.0,2025-05-02 23:59:59.999,14710328.9335
2025-05-03,0.03216,0.03219,0.0288,0.02911,279194746.0,2025-05-03 23:59:59.999,8423561.18806
2025-05-04,0.0291,0.02919,0.02757,0.02769,219539868.0,2025-05-04 23:59:59.999,6231835.57231
2025-05-05,0.02769,0.0288,0.02718,0.02772,167719016.0,2025-05-05 23:59:59.999,4683838.12006
2025-05-06,0.02773,0.02802,0.02551,0.02687,288051792.0,2025-05-06 23:59:59.999,7684173.20354
2025-05-07,0.02689,0.02759,0.02617,0.02733,266399231.0,2025-05-07 23:59:59.999,7191043.24493
2025-05-08,0.02733,0.033,0.02722,0.03141,520582208.0,2025-05-08 23:59:59.999,15425628.48152
2025-05-09,0.03139,0.03542,0.03125,0.0346,418952225.0,2025-05-09 23:59:59.999,14093627.67199
2025-05-10,0.03458,0.0405,0.03452,0.04011,631236733.0,2025-05-10 23:59:59.999,23752963.62516
2025-05-11,0.04011,0.04029,0.03664,0.03833,339301244.0,2025-05-11 23:59:59.999,12977965.13085
2025-05-12,0.03834,0.04421,0.03733,0.04191,784931820.0,2025-05-12 23:59:59.999,32599368.97898
2025-05-13,0.04191,0.04407,0.0391,0.04227,448956908.0,2025-05-13 23:59:59.999,18689403.1127
2025-05-14,0.04227,0.04348,0.03929,0.03991,396901143.0,2025-05-14 23:59:59.999,16375799.98458
2025-05-15,0.03992,0.04031,0.03429,0.0355,547550080.0,2025-05-15 23:59:59.999,20127550.92443
2025-05-16,0.03552,0.03632,0.03403,0.03468,240886502.0,2025-05-16 23:59:59.999,8561907.51512
2025-05-17,0.03468,0.03487,0.03263,0.03269,267981054.0,2025-05-17 23:59:59.999,9006311.87862
2025-05-18,0.0327,0.03662,0.03235,0.03533,420369352.0,2025-05-18 23:59:59.999,14647161.78413
2025-05-19,0.03534,0.03561,0.03179,0.03336,261624742.0,2025-05-19 23:59:59.999,8617938.63861
2025-05-20,0.03337,0.03483,0.03269,0.03448,240851962.0,2025-05-20 23:59:59.999,8106600.84079
2025-05-21,0.03449,0.03498,0.03229,0.03327,313631532.0,2025-05-21 23:59:59.999,10526863.24783
2025-05-22,0.03328,0.03695,0.03311,0.03638,484201519.0,2025-05-22 23:59:59.999,17151095.27619
2025-05-23,0.03638,0.03772,0.03207,0.03253,726595772.0,2025-05-23 23:59:59.999,25581179.97335
2025-05-24,0.03254,0.03359,0.03215,0.03238,237723653.0,2025-05-24 23:59:59.999,7821548.96001
2025-05-25,0.03238,0.03269,0.03056,0.0324,275265687.0,2025-05-25 23:59:59.999,8659868.89659
2025-05-26,0.03241,0.03418,0.03226,0.03326,323673396.0,2025-05-26 23:59:59.999,10718589.92366
2025-05-27,0.03327,0.03501,0.03217,0.03418,344160545.0,2025-05-27 23:59:59.999,11727434.92582
2025-05-28,0.03417,0.03557,0.0325,0.034,464782321.0,2025-05-28 23:59:59.999,15780105.58813
2025-05-29,0.03401,0.0351,0.03182,0.03218,279110666.0,2025-05-29 23:59:59.999,9318845.25911
2025-05-30,0.03218,0.03237,0.0289,0.0291,624989011.0,2025-05-30 23:59:59.999,19256488.95182
2025-05-31,0.0291,0.02919,0.02683,0.02856,403209961.0,2025-05-31 23:59:59.999,11340738.14039
2025-06-01,0.0286,0.02997,0.02796,0.02971,201824480.0,2025-06-01 23:59:59.999,5842110.51056
2025-06-02,0.02972,0.03036,0.02821,0.02996,269874664.0,2025-06-02 23:59:59.999,7876119.01005
2025-06-03,0.02997,0.03076,0.02961,0.02988,204015472.0,2025-06-03 23:59:59.999,6162799.52613
2025-06-04,0.02988,0.03041,0.02794,0.02804,199576323.0,2025-06-04 23:59:59.999,5826358.33818
2025-06-05,0.02804,0.02893,0.02583,0.02633,286768362.0,2025-06-05 23:59:59.999,7896491.0053
2025-06-06,0.02632,0.02784,0.0262,0.02658,144633282.0,2025-06-06 23:59:59.999,3899846.6464
2025-06-07,0.02658,0.02797,0.02658,0.02782,122817103.0,2025-06-07 23:59:59.999,3382983.54214
2025-06-08,0.02781,0.02814,0.02703,0.02751,128595534.0,2025-06-08 23:59:59.999,3553076.52757
2025-06-09,0.02752,0.02928,0.02662,0.02918,245837080.0,2025-06-09 23:59:59.999,6865224.16501
2025-06-10,0.02918,0.03136,0.02845,0.03122,337253130.0,2025-06-10 23:59:59.999,10136752.15894
2025-06-11,0.03121,0.03128,0.02874,0.02902,397211464.0,2025-06-11 23:59:59.999,12040386.74832
2025-06-12,0.02903,0.02909,0.02658,0.02687,442472931.0,2025-06-12 23:59:59.999,12332277.59731
2025-06-13,0.02687,0.02688,0.02469,0.02596,429353869.0,2025-06-13 23:59:59.999,10932326.48008
2025-06-14,0.02596,0.02611,0.02478,0.02536,151568407.0,2025-06-14 23:59:59.999,3864096.30155
2025-06-15,0.02535,0.02576,0.02487,0.02554,140068545.0,2025-06-15 23:59:59.999,3557292.29305
2025-06-16,0.02556,0.02666,0.02458,0.02468,234167020.0,2025-06-16 23:59:59.999,6084898.37352
2025-06-17,0.02467,0.02513,0.02325,0.02382,399627113.0,2025-06-17 23:59:59.999,9630157.76145
2025-06-18,0.02382,0.02439,0.02301,0.02409,218921220.0,2025-06-18 23:59:59.999,5210391.09852
2025-06-19,0.02409,0.02444,0.0233,0.02362,173240392.0,2025-06-19 23:59:59.999,4131484.25571
2025-06-20,0.02362,0.02431,0.02246,0.02318,283164925.0,2025-06-20 23:59:59.999,6643134.72884
2025-06-21,0.02318,0.02364,0.02159,0.02209,257908683.0,2025-06-21 23:59:59.999,5852877.99728
2025-06-22,0.02209,0.02234,0.01965,0.02098,486684007.0,2025-06-22 23:59:59.999,10152300.45347
2025-06-23,0.02098,0.02426,0.02079,0.02417,549473812.0,2025-06-23 23:59:59.999,12172536.66226
2025-06-24,0.02417,0.02474,0.02359,0.02403,431519325.0,2025-06-24 23:59:59.999,10445267.44273
2025-06-25,0.02403,0.02423,0.02287,0.02302,240701240.0,2025-06-25 23:59:59.999,5668495.5642
2025-06-26,0.02302,0.02379,0.02232,0.02268,246715783.0,2025-06-26 23:59:59.999,5668800.52458
2025-06-27,0.02268,0.0232,0.02228,0.0229,219925848.0,2025-06-27 23:59:59.999,4991273.77369
2025-06-28,0.02291,0.02392,0.02274,0.02378,193557329.0,2025-06-28 23:59:59.999,4497688.12122
2025-06-29,0.02378,0.02641,0.0234,0.02596,316006207.0,2025-06-29 23:59:59.999,7824137.31829
2025-06-30,0.02595,0.02684,0.02454,0.02526,572968747.0,2025-06-30 23:59:59.999,14597637.60653
2025-07-01,0.02525,0.02542,0.02253,0.02321,479654545.0,2025-07-01 23:59:59.999,11292120.53766
2025-07-02,0.02321,0.02534,0.02276,0.02521,437932932.0,2025-07-02 23:59:59.999,10567290.68634
2025-07-03,0.02522,0.0262,0.02464,0.0253,312042551.0,2025-07-03 23:59:59.999,7951013.55584
2025-07-04,0.02531,0.02558,0.0229,0.0235,363426016.0,2025-07-04 23:59:59.999,8682169.09425
2025-07-05,0.0235,0.02395,0.02303,0.02353,173330484.0,2025-07-05 23:59:59.999,4071413.97364
2025-07-06,0.02353,0.02442,0.02313,0.0238,206857919.0,2025-07-06 23:59:59.999,4912383.27645
2025-07-07,0.02381,0.02428,0.02318,0.02357,310484079.0,2025-07-07 23:59:59.999,7353188.51327
2025-07-08,0.02356,0.025,0.02315,0.02458,408179899.0,2025-07-08 23:59:59.999,9819233.08265
2025-07-09,0.02458,0.02631,0.02437,0.02603,535479904.0,2025-07-09 23:59:59.999,13591341.20038
2025-07-10,0.02603,0.02866,0.02568,0.02851,479832212.0,2025-07-10 23:59:59.999,12927808.08155
2025-07-11,0.02852,0.03055,0.02788,0.02883,492925154.0,2025-07-11 23:59:59.999,14513381.91208
2025-07-12,0.02885,0.02935,0.02726,0.02811,236664657.0,2025-07-12 23:59:59.999,6701292.02541
2025-07-13,0.02811,0.02945,0.02769,0.02853,266057314.0,2025-07-13 23:59:59.999,7610194.71756
2025-07-14,0.02854,0.02998,0.02698,0.02786,388217306.0,2025-07-14 23:59:59.999,11098225.01419
2025-07-15,0.02785,0.02893,0.02629,0.02872,409957957.0,2025-07-15 23:59:59.999,11198909.36007
2025-07-16,0.02872,0.03044,0.0278,0.02904,680106532.0,2025-07-16 23:59:59.999,19806218.47591
2025-07-17,0.02904,0.02976,0.02757,0.02911,570857446.0,2025-07-17 23:59:59.999,16450806.73122
2025-07-18,0.02912,0.03353,0.02875,0.03137,1237416015.0,2025-07-18 23:59:59.999,39304729.25595
2025-07-19,0.03137,0.03219,0.03017,0.03199,414716228.0,2025-07-19 23:59:59.999,12940011.52461
2025-07-20,0.03198,0.03416,0.03148,0.03303,473355400.0,2025-07-20 23:59:59.999,15613058.10672
2025-07-21,0.03304,0.03444,0.03191,0.03282,444728370.0,2025-07-21 23:59:59.999,14753109.09677
2025-07-22,0.03282,0.03288,0.03039,0.0325,539623750.0,2025-07-22 23:59:59.999,17011898.14568
2025-07-23,0.03251,0.03256,0.02752,0.02855,837633047.0,2025-07-23 23:59:59.999,24841549.60389
2025-07-24,0.02855,0.02895,0.02458,0.02674,842843225.0,2025-07-24 23:59:59.999,22559136.08758
2025-07-25,0.02673,0.02745,0.02568,0.02731,452028681.0,2025-07-25 23:59:59.999,12057999.37924
2025-07-26,0.02733,0.02824,0.02715,0.02762,342357081.0,2025-07-26 23:59:59.999,9459863.84284
2025-07-27,0.02763,0.02904,0.02755,0.02899,357993282.0,2025-07-27 23:59:59.999,10170669.27608
2025-07-28,0.02899,0.03074,0.02693,0.02725,628416564.0,2025-07-28 23:59:59.999,18141599.42558
2025-07-29,0.02726,0.02821,0.0262,0.02682,492444362.0,2025-07-29 23:59:59.999,13327713.31527
2025-07-30,0.02681,0.02691,0.02476,0.02633,381612052.0,2025-07-30 23:59:59.999,9941131.04075
2025-07-31,0.02631,0.02718,0.02449,0.02463,355091550.0,2025-07-31 23:59:59.999,9221599.8655
2025-08-01,0.02462,0.02465,0.02282,0.02376,434354100.0,2025-08-01 23:59:59.999,10456476.37886
2025-08-02,0.02377,0.02425,0.02263,0.02328,259643114.0,2025-08-02 23:59:59.999,6069962.96686
2025-08-03,0.02327,0.02479,0.02293,0.0246,187898257.0,2025-08-03 23:59:59.999,4528433.1368
2025-08-04,0.0246,0.02598,0.02455,0.02588,232220535.0,2025-08-04 23:59:59.999,5853745.16843
2025-08-05,0.02587,0.02604,0.02406,0.02463,308205469.0,2025-08-05 23:59:59.999,7746204.45321
2025-08-06,0.02463,0.02559,0.02395,0.02524,257084722.0,2025-08-06 23:59:59.999,6383166.21135
2025-08-07,0.02525,0.02725,0.02502,0.02714,507563947.0,2025-08-07 23:59:59.999,13397830.40018
2025-08-08,0.02715,0.02856,0.02693,0.02828,551085589.0,2025-08-08 23:59:59.999,15323070.93115
2025-08-09,0.02828,0.0307,0.02821,0.02991,355109012.0,2025-08-09 23:59:59.999,10443336.15732
2025-08-10,0.02992,0.03108,0.02862,0.02963,497009162.0,2025-08-10 23:59:59.999,14783050.80475
2025-08-11,0.02963,0.03046,0.02691,0.02704,602320721.0,2025-08-11 23:59:59.999,17160504.46271
2025-08-12,0.02704,0.02932,0.02651,0.02878,440778801.0,2025-08-12 23:59:59.999,12288982.16819
2025-08-13,0.02877,0.03232,0.02837,0.03184,732457590.0,2025-08-13 23:59:59.999,22561897.94942
2025-08-14,0.03185,0.03224,0.02592,0.02752,986691930.0,2025-08-14 23:59:59.999,28661823.27844
2025-08-15,0.02751,0.02964,0.02662,0.02752,651297329.0,2025-08-15 23:59:59.999,18327898.39689
2025-08-16,0.02753,0.02911,0.02739,0.02876,354265833.0,2025-08-16 23:59:59.999,9999171.72647
2025-08-17,0.02878,0.03039,0.02861,0.02926,441719549.0,2025-08-17 23:59:59.999,13024813.26734
2025-08-18,0.02926,0.02934,0.02676,0.02747,571214082.0,2025-08-18 23:59:59.999,15814311.69991
2025-08-19,0.02747,0.02795,0.02604,0.02643,469024428.0,2025-08-19 23:59:59.999,12629066.32775
2025-08-20,0.02645,0.02817,0.02629,0.02791,386915575.0,2025-08-20 23:59:59.999,10587045.89719
2025-08-21,0.0279,0.0283,0.02646,0.0267,325051761.0,2025-08-21 23:59:59.999,8857961.93019
2025-08-22,0.0267,0.02939,0.02527,0.02906,549844247.0,2025-08-22 23:59:59.999,15074692.94535
2025-08-23,0.02905,0.02919,0.02774,0.02824,281077162.0,2025-08-23 23:59:59.999,7924284.12112
2025-08-24,0.02825,0.0287,0.02671,0.02744,465310189.0,2025-08-24 23:59:59.999,12830166.99675
2025-08-25,0.02744,0.02763,0.02422,0.02476,588710855.0,2025-08-25 23:59:59.999,15114350.52924
2025-08-26,0.02476,0.0264,0.02448,0.026,363022231.0,2025-08-26 23:59:59.999,9257119.33762
2025-08-27,0.026,0.02617,0.02508,0.02542,312573739.0,2025-08-27 23:59:59.999,8007030.24471
2025-08-28,0.02542,0.02672,0.02512,0.02653,357815370.0,2025-08-28 23:59:59.999,9275405.39262
2025-08-29,0.02653,0.02662,0.02427,0.02486,361984495.0,2025-08-29 23:59:59.999,9090257.37803
2025-08-30,0.02487,0.02533,0.02428,0.02484,169323900.0,2025-08-30 23:59:59.999,4208107.79062
2025-08-31,0.02484,0.02586,0.02432,0.02433,214057025.0,2025-08-31 23:59:59.999,5384136.179
2025-09-01,0.02434,0.02467,0.02276,0.02358,405617939.0,2025-09-01 23:59:59.999,9637572.01691
2025-09-02,0.02358,0.02437,0.02334,0.02404,237631665.0,2025-09-02 23:59:59.999,5677528.86928
2025-09-03,0.02405,0.02492,0.0237,0.02442,220834342.0,2025-09-03 23:59:59.999,5368576.54945
2025-09-04,0.02442,0.02458,0.0232,0.02356,199262354.0,2025-09-04 23:59:59.999,4737627.32894
2025-09-05,0.02355,0.02468,0.02353,0.02408,235703281.0,2025-09-05 23:59:59.999,5681079.78939
2025-09-06,0.0241,0.02425,0.02352,0.02383,144617309.0,2025-09-06 23:59:59.999,3452140.26665
2025-09-07,0.02384,0.02467,0.0238,0.02439,191141657.0,2025-09-07 23:59:59.999,4636236.04689
2025-09-08,0.0244,0.02647,0.02429,0.02587,624414729.0,2025-09-08 23:59:59.999,15932036.22855
2025-09-09,0.02588,0.02937,0.02542,0.02768,1266827820.0,2025-09-09 23:59:59.999,35302126.36181
2025-09-10,0.02768,0.0283,0.02653,0.02768,747649548.0,2025-09-10 23:59:59.999,20523123.88504
2025-09-11,0.02768,0.02827,0.02696,0.02789,375373417.0,2025-09-11 23:59:59.999,10394155.93281
2025-09-12,0.0279,0.03091,0.02704,0.03025,792455998.0,2025-09-12 23:59:59.999,23021950.63779
2025-09-13,0.03026,0.03064,0.029,0.02985,499505661.0,2025-09-13 23:59:59.999,14900726.19401
2025-09-14,0.02985,0.0305,0.02804,0.02938,858366536.0,2025-09-14 23:59:59.999,25193106.25633
2025-09-15,0.02938,0.03024,0.0273,0.02801,649864651.0,2025-09-15 23:59:59.999,18602771.22379
2025-09-16,0.02802,0.02852,0.0273,0.02838,366826189.0,2025-09-16 23:59:59.999,10288634.31647
2025-09-17,0.02838,0.03043,0.02734,0.02998,757627956.0,2025-09-17 23:59:59.999,21866437.26812
2025-09-18,0.02998,0.03203,0.02962,0.0318,753535138.0,2025-09-18 23:59:59.999,23055065.12105
2025-09-19,0.03181,0.0322,0.02934,0.03013,554166412.0,2025-09-19 23:59:59.999,16819478.77058
2025-09-20,0.03013,0.03097,0.02967,0.02985,289741865.0,2025-09-20 23:59:59.999,8762325.59646
2025-09-21,0.02985,0.03055,0.029,0.02956,353908003.0,2025-09-21 23:59:59.999,10557320.48281
2025-09-22,0.02957,0.02972,0.02511,0.02668,592193255.0,2025-09-22 23:59:59.999,16049073.82172
2025-09-23,0.02667,0.02763,0.02575,0.02634,407425592.0,2025-09-23 23:59:59.999,10876765.24139
2025-09-24,0.02635,0.02686,0.02571,0.02596,351354439.0,2025-09-24 23:59:59.999,9273127.01461
2025-09-25,0.02598,0.02603,0.02376,0.02408,510762128.0,2025-09-25 23:59:59.999,12670121.83595
2025-09-26,0.02409,0.02606,0.02405,0.02557,340171938.0,2025-09-26 23:59:59.999,8500171.28186
2025-09-27,0.02557,0.02591,0.02518,0.02549,147143261.0,2025-09-27 23:59:59.999,3757106.47888
2025-09-28,0.0255,0.02614,0.02479,0.02605,169144768.0,2025-09-28 23:59:59.999,4305146.1725
2025-09-29,0.02606,0.02607,0.02496,0.02527,264746310.0,2025-09-29 23:59:59.999,6741988.30469
2025-09-30,0.02527,0.02528,0.02413,0.02467,252741043.0,2025-09-30 23:59:59.999,6229153.24022
2025-10-01,0.02468,0.02714,0.02453,0.02648,397138496.0,2025-10-01 23:59:59.999,10364358.86223
2025-10-02,0.02649,0.02742,0.0262,0.02714,338462381.0,2025-10-02 23:59:59.999,9105795.61344
2025-10-03,0.02714,0.02787,0.02641,0.02736,301708920.0,2025-10-03 23:59:59.999,8167433.3915
2025-10-04,0.02735,0.0274,0.02541,0.02595,278232037.0,2025-10-04 23:59:59.999,7284151.60533
2025-10-05,0.02596,0.0274,0.02559,0.0259,302669222.0,2025-10-05 23:59:59.999,8022584.79336
2025-10-06,0.0259,0.02756,0.0257,0.02691,264874328.0,2025-10-06 23:59:59.999,7062010.08297
2025-10-07,0.02691,0.02714,0.02507,0.02533,408695569.0,2025-10-07 23:59:59.999,10596741.32579
2025-10-08,0.02532,0.02649,0.02505,0.02602,292660112.0,2025-10-08 23:59:59.999,7530697.48362
2025-10-09,0.02602,0.02614,0.0243,0.02517,303038337.0,2025-10-09 23:59:59.999,7572320.5011
2025-10-10,0.02517,0.02986,0.01138,0.01942,2448335385.0,2025-10-10 23:59:59.999,58777768.43216
2025-10-11,0.0194,0.0212,0.01779,0.0187,1119890731.0,2025-10-11 23:59:59.999,21774232.01137
2025-10-12,0.0187,0.02145,0.01791,0.0209,780284477.0,2025-10-12 23:59:59.999,15257094.48501
2025-10-13,0.0209,0.02182,0.02008,0.02127,630594798.0,2025-10-13 23:59:59.999,13219777.9388
2025-10-14,0.02128,0.0214,0.01877,0.02028,664857297.0,2025-10-14 23:59:59.999,13233650.84642
2025-10-15,0.02028,0.02095,0.0188,0.01896,495076239.0,2025-10-15 23:59:59.999,9811831.27043
2025-10-16,0.01895,0.01963,0.01775,0.01811,520246675.0,2025-10-16 23:59:59.999,9763986.22597
2025-10-17,0.01812,0.01857,0.01616,0.01754,665989776.0,2025-10-17 23:59:59.999,11529240.05878
2025-10-18,0.01756,0.01827,0.01731,0.01765,273931042.0,2025-10-18 23:59:59.999,4868261.62943
2025-10-19,0.01767,0.01842,0.01742,0.01806,282597664.0,2025-10-19 23:59:59.999,5090649.58526
2025-10-20,0.01806,0.01868,0.01756,0.01807,407292079.0,2025-10-20 23:59:59.999,7418221.63918
2025-10-21,0.01806,0.01872,0.01693,0.01698,523108688.0,2025-10-21 23:59:59.999,9302084.61617
2025-10-22,0.01697,0.01727,0.01569,0.01641,565632881.0,2025-10-22 23:59:59.999,9426839.94376
2025-10-23,0.01641,0.01696,0.01636,0.01657,262382464.0,2025-10-23 23:59:59.999,4369186.47226
2025-10-24,0.01656,0.01691,0.01602,0.0167,341220652.0,2025-10-24 23:59:59.999,5630289.45557
2025-10-25,0.01669,0.01685,0.01626,0.01659,230263918.0,2025-10-25 23:59:59.999,3819092.05098
2025-10-26,0.0166,0.01768,0.01637,0.01739,311477869.0,2025-10-26 23:59:59.999,5322343.48333
2025-10-27,0.01738,0.01783,0.01651,0.0166,382277801.0,2025-10-27 23:59:59.999,6540826.95696
2025-10-28,0.0166,0.01707,0.01575,0.01603,507066146.0,2025-10-28 23:59:59.999,8356147.66396
2025-10-29,0.01603,0.0167,0.01562,0.0162,463983270.0,2025-10-29 23:59:59.999,7530361.57536
2025-10-30,0.0162,0.01638,0.01423,0.0149,694403252.0,2025-10-30 23:59:59.999,10535200.43431
2025-10-31,0.01491,0.01539,0.01451,0.01497,416692146.0,2025-10-31 23:59:59.999,6272350.89303
2025-11-01,0.01496,0.01744,0.01489,0.01695,1049533953.0,2025-11-01 23:59:59.999,17283748.26982
2025-11-02,0.01694,0.0193,0.0168,0.01783,2222748905.0,2025-11-02 23:59:59.999,39992259.76038
2025-11-03,0.01783,0.0179,0.0142,0.0153,1241913399.0,2025-11-03 23:59:59.999,19556200.34247
2025-11-04,0.01531,0.01828,0.01518,0.01645,2458764117.0,2025-11-04 23:59:59.999,41148746.35504
2025-11-05,0.01645,0.01852,0.01547,0.01791,1218234495.0,2025-11-05 23:59:59.999,20715347.09218
2025-11-06,0.0179,0.02213,0.01727,0.02165,2060486915.0,2025-11-06 23:59:59.999,39886745.08414
2025-11-07,0.02166,0.02637,0.02124,0.02435,3510401314.0,2025-11-07 23:59:59.999,83025950.98232
2025-11-08,0.02435,0.02547,0.02181,0.02278,1248641379.0,2025-11-08 23:59:59.999,29038357.375
2025-11-09,0.02279,0.02373,0.02117,0.02273,868402137.0,2025-11-09 23:59:59.999,19422296.49554
2025-11-10,0.02274,0.02378,0.02109,0.02212,973844724.0,2025-11-10 23:59:59.999,21700526.91876
2025-11-11,0.02213,0.02279,0.02001,0.02113,726198890.0,2025-11-11 23:59:59.999,15470298.3966
2025-11-12,0.02113,0.02245,0.01967,0.02,808489995.0,2025-11-12 23:59:59.999,16983045.12118
2025-11-13,0.02,0.02053,0.01839,0.019,766000313.0,2025-11-13 23:59:59.999,15035525.25191
2025-11-14,0.019,0.01952,0.01786,0.01839,663910463.0,2025-11-14 23:59:59.999,12419407.47675
2025-11-15,0.01839,0.02077,0.01832,0.02017,869189670.0,2025-11-15 23:59:59.999,17162660.51329
2025-11-16,0.02016,0.0202,0.01822,0.01873,802933815.0,2025-11-16 23:59:59.999,15550766.29814
2025-11-17,0.01874,0.01977,0.01774,0.01815,1126247631.0,2025-11-17 23:59:59.999,21189620.68688
2025-11-18,0.01814,0.01902,0.01768,0.01855,755300215.0,2025-11-18 23:59:59.999,13853606.93823
2025-11-19,0.01856,0.02047,0.01784,0.02011,1138870085.0,2025-11-19 23:59:59.999,21590218.49809
2025-11-20,0.02012,0.02044,0.01794,0.01809,724334671.0,2025-11-20 23:59:59.999,13859632.8583
2025-11-21,0.01809,0.01852,0.01551,0.01644,966016219.0,2025-11-21 23:59:59.999,16250893.05796
2025-11-22,0.01644,0.01658,0.01557,0.01574,374686645.0,2025-11-22 23:59:59.999,5977432.1894
2025-11-23,0.01574,0.01617,0.0153,0.01545,527505066.0,2025-11-23 23:59:59.999,8312642.4624
2025-11-24,0.01545,0.01611,0.01501,0.01544,481110237.0,2025-11-24 23:59:59.999,7475588.06146
2025-11-25,0.01543,0.01557,0.0147,0.01516,458671095.0,2025-11-25 23:59:59.999,6937993.24697
2025-11-26,0.01516,0.01567,0.01453,0.01556,528247604.0,2025-11-26 23:59:59.999,7995859.11501
2025-11-27,0.01556,0.0159,0.0148,0.01494,336572415.0,2025-11-27 23:59:59.999,5116863.12661
2025-11-28,0.01494,0.01527,0.01451,0.01468,384289549.0,2025-11-28 23:59:59.999,5716934.01999
2025-11-29,0.01468,0.01482,0.01431,0.0144,245002152.0,2025-11-29 23:59:59.999,3569954.77027
2025-11-30,0.0144,0.01456,0.01411,0.01414,274062395.0,2025-11-30 23:59:59.999,3937089.90664
2025-12-01,0.01414,0.01421,0.01287,0.01323,623495397.0,2025-12-01 23:59:59.999,8244145.77995
2025-12-02,0.01322,0.01416,0.01273,0.01376,455939860.0,2025-12-02 23:59:59.999,6145274.56469
2025-12-03,0.01376,0.01436,0.0137,0.01407,361182693.0,2025-12-03 23:59:59.999,5074605.8156
2025-12-04,0.01406,0.01419,0.0134,0.01366,254371832.0,2025-12-04 23:59:59.999,3525511.62137
2025-12-05,0.01367,0.01379,0.01289,0.0132,340886857.0,2025-12-05 23:59:59.999,4547010.17334
2025-12-06,0.01321,0.01354,0.01304,0.01326,226901100.0,2025-12-06 23:59:59.999,3015850.1608
2025-12-07,0.01325,0.01343,0.01262,0.01294,285609696.0,2025-12-07 23:59:59.999,3728895.68627
2025-12-08,0.01294,0.01362,0.01289,0.01312,265461881.0,2025-12-08 23:59:59.999,3518509.18245
2025-12-09,0.01312,0.01389,0.01288,0.01347,342735962.0,2025-12-09 23:59:59.999,4597318.09679
2025-12-10,0.01346,0.01367,0.01283,0.01301,343958028.0,2025-12-10 23:59:59.999,4542738.33925
2025-12-11,0.01301,0.01304,0.01215,0.01256,382286108.0,2025-12-11 23:59:59.999,4781750.42247
2025-12-12,0.01257,0.01277,0.01191,0.01223,259790968.0,2025-12-12 23:59:59.999,3200104.94225
2025-12-13,0.01224,0.01254,0.01216,0.01237,169232358.0,2025-12-13 23:59:59.999,2095797.1974
2025-12-14,0.01237,0.01247,0.01162,0.01174,215166812.0,2025-12-14 23:59:59.999,2586259.7631
2025-12-15,0.01175,0.01242,0.01101,0.0115,423466611.0,2025-12-15 23:59:59.999,4945810.0643
2025-12-16,0.01151,0.01189,0.01118,0.01168,612040782.0,2025-12-16 23:59:59.999,7106541.8071
2025-12-17,0.01167,0.01181,0.01071,0.01091,689344423.0,2025-12-17 23:59:59.999,7764533.52704
2025-12-18,0.0109,0.01092,0.00983,0.01006,638436329.0,2025-12-18 23:59:59.999,6655459.35947
2025-12-19,0.01006,0.01061,0.00991,0.01039,431382956.0,2025-12-19 23:59:59.999,4448450.96889
2025-12-20,0.01039,0.0107,0.01029,0.01054,203817586.0,2025-12-20 23:59:59.999,2131516.46579
2025-12-21,0.01055,0.0106,0.00982,0.0101,298643937.0,2025-12-21 23:59:59.999,3021639.38877
2025-12-22,0.0101,0.01057,0.00997,0.01034,378949086.0,2025-12-22 23:59:59.999,3908299.88786
2025-12-23,0.01034,0.01052,0.00993,0.01029,293487304.0,2025-12-23 23:59:59.999,2998090.6825
2025-12-24,0.0103,0.01042,0.00993,0.01039,242868050.0,2025-12-24 23:59:59.999,2460462.49649
2025-12-25,0.01039,0.01097,0.01026,0.01034,371157114.0,2025-12-25 23:59:59.999,3954590.79361
2025-12-26,0.01034,0.01072,0.01026,0.01061,266333933.0,2025-12-26 23:59:59.999,2810424.87634
2025-12-27,0.0106,0.01168,0.01053,0.01156,628670165.0,2025-12-27 23:59:59.999,7058239.75031
2025-12-28,0.01155,0.01167,0.01111,0.01123,348714127.0,2025-12-28 23:59:59.999,3972691.95865
2025-12-29,0.01123,0.01143,0.01088,0.01098,278346302.0,2025-12-29 23:59:59.999,3095082.37516
2025-12-30,0.01097,0.01103,0.01048,0.01063,335816091.0,2025-12-30 23:59:59.999,3589098.65798
2025-12-31,0.01063,0.01074,0.01006,0.01015,282895423.0,2025-12-31 23:59:59.999,2939443.0488
2026-01-01,0.01015,0.01119,0.01005,0.01111,321020406.0,2026-01-01 23:59:59.999,3422109.98016
2026-01-02,0.01112,0.01158,0.01089,0.01154,341000835.0,2026-01-02 23:59:59.999,3823803.11552
2026-01-03,0.01155,0.01172,0.01118,0.01148,248611620.0,2026-01-03 23:59:59.999,2842695.59678
2026-01-04,0.01148,0.01319,0.01145,0.01254,920476237.0,2026-01-04 23:59:59.999,11559311.17944
2026-01-05,0.01254,0.01294,0.01217,0.01263,669822947.0,2026-01-05 23:59:59.999,8397715.1781
2026-01-06,0.01263,0.01305,0.0121,0.01274,651479130.0,2026-01-06 23:59:59.999,8212727.62575
2026-01-07,0.01273,0.01282,0.01198,0.01215,356133103.0,2026-01-07 23:59:59.999,4399736.15244
2026-01-08,0.01216,0.01233,0.01154,0.01204,382264028.0,2026-01-08 23:59:59.999,4551574.9843
2026-01-09,0.01203,0.01227,0.01176,0.01196,280532510.0,2026-01-09 23:59:59.999,3367544.40274
2026-01-10,0.01196,0.0122,0.01167,0.01188,192864165.0,2026-01-10 23:59:59.999,2305389.48988
2026-01-11,0.01188,0.01199,0.01145,0.01168,194833661.0,2026-01-11 23:59:59.999,2301836.25649
2026-01-12,0.01168,0.01226,0.01147,0.01191,454062169.0,2026-01-12 23:59:59.999,5383864.10361
2026-01-13,0.0119,0.01377,0.0119,0.01323,1648241209.0,2026-01-13 23:59:59.999,21586588.15409
2026-01-14,0.01323,0.01512,0.01306,0.01385,1399820819.0,2026-01-14 23:59:59.999,19891225.67932
2026-01-15,0.01386,0.01482,0.01317,0.01334,1030257769.0,2026-01-15 23:59:59.999,14401954.65834
2026-01-16,0.01334,0.01467,0.01323,0.01434,886243988.0,2026-01-16 23:59:59.999,12371152.03797
2026-01-17,0.01434,0.01473,0.01366,0.01375,519598126.0,2026-01-17 23:59:59.999,7391268.15366
2026-01-18,0.01374,0.01545,0.01365,0.01399,1164967757.0,2026-01-18 23:59:59.999,17056000.60096
2026-01-19,0.01399,0.02022,0.01175,0.01985,10173027894.0,2026-01-19 23:59:59.999,173674413.4552
2026-01-20,0.01983,0.01984,0.01562,0.01654,6892843132.0,2026-01-20 23:59:59.999,122299448.50916
2026-01-21,0.01653,0.0227,0.01601,0.02145,8331327968.0,2026-01-21 23:59:59.999,165524112.73681
2026-01-22,0.02143,0.02207,0.01855,0.0188,5568917730.0,2026-01-22 23:59:59.999,114636202.62224
2026-01-23,0.0188,0.02025,0.01671,0.01713,3662601565.0,2026-01-23 23:59:59.999,65722974.83747
2026-01-24,0.01712,0.01717,0.01612,0.01615,1348881204.0,2026-01-24 23:59:59.999,22406605.85803
2026-01-25,0.01615,0.01907,0.01607,0.01797,4216832242.0,2026-01-25 23:59:59.999,73907360.3197
2026-01-26,0.01798,0.02,0.01747,0.01847,5114887257.0,2026-01-26 23:59:59.999,96818249.18074
2026-01-27,0.01847,0.02162,0.01726,0.02134,2640871590.0,2026-01-27 23:59:59.999,50372815.27828
2026-01-28,0.02135,0.02253,0.01909,0.01939,3956958820.0,2026-01-28 23:59:59.999,83001494.76283
2026-01-29,0.01939,0.0213,0.01871,0.02103,3184516433.0,2026-01-29 23:59:59.999,63457331.03388
2026-01-30,0.02103,0.02269,0.01996,0.02033,5003989956.0,2026-01-30 23:59:59.999,106530484.2221
2026-01-31,0.02033,0.02034,0.01612,0.01741,3852760688.0,2026-01-31 23:59:59.999,70302841.09321
2026-02-01,0.01741,0.01874,0.01687,0.01765,2281550541.0,2026-02-01 23:59:59.999,40740731.82757
2026-02-02,0.01764,0.01828,0.01609,0.01679,2483785374.0,2026-02-02 23:59:59.999,42469653.3415
2026-02-03,0.01678,0.01825,0.01579,0.01638,2903225113.0,2026-02-03 23:59:59.999,49421217.89498
2026-02-04,0.01637,0.01699,0.01521,0.01527,1891999857.0,2026-02-04 23:59:59.999,30559052.98529
2026-02-05,0.01527,0.01563,0.01272,0.01304,3137632209.0,2026-02-05 23:59:59.999,44818748.75439
2026-02-06,0.01304,0.01448,0.01167,0.014,2343258899.0,2026-02-06 23:59:59.999,31576387.72891
2026-02-07,0.01401,0.01414,0.01287,0.01293,1493104964.0,2026-02-07 23:59:59.999,20170367.60571
2026-02-08,0.01294,0.01507,0.01229,0.01442,3416228855.0,2026-02-08 23:59:59.999,46536406.45316
2026-02-09,0.01442,0.01446,0.01309,0.01343,2431238832.0,2026-02-09 23:59:59.999,33234294.22011
2026-02-10,0.01343,0.01377,0.01252,0.01277,1338336050.0,2026-02-10 23:59:59.999,17436745.56459
2026-02-11,0.01277,0.0136,0.01238,0.01246,1431687919.0,2026-02-11 23:59:59.999,18360062.13057
2026-02-12,0.01247,0.01332,0.01242,0.01277,1312645025.0,2026-02-12 23:59:59.999,16799218.24506
2026-02-13,0.01277,0.01309,0.01211,0.01241,1106153720.0,2026-02-13 23:59:59.999,13939451.07797
2026-02-14,0.01241,0.01353,0.01236,0.01331,1343092402.0,2026-02-14 23:59:59.999,17398952.87213
2026-02-15,0.0133,0.01348,0.01203,0.01226,1114503600.0,2026-02-15 23:59:59.999,14241536.41926
2026-02-16,0.01226,0.01257,0.01191,0.01245,1060177007.0,2026-02-16 23:59:59.999,12954320.94675
2026-02-17,0.01245,0.01295,0.01225,0.01269,1067786073.0,2026-02-17 23:59:59.999,13467723.95171
2026-02-18,0.01268,0.01444,0.01253,0.0135,2230756847.0,2026-02-18 23:59:59.999,30517842.81748
2026-02-19,0.01349,0.01378,0.01215,0.01235,1178647153.0,2026-02-19 23:59:59.999,15172608.15809
2026-02-20,0.01236,0.01327,0.01233,0.01319,1147245474.0,2026-02-20 23:59:59.999,14707935.16325
2026-02-21,0.01319,0.014,0.01308,0.01328,907333136.0,2026-02-21 23:59:59.999,12353817.77653
2026-02-22,0.01327,0.01363,0.01256,0.01274,685843063.0,2026-02-22 23:59:59.999,8990383.74935
2026-02-23,0.01273,0.01274,0.01176,0.01225,1010918014.0,2026-02-23 23:59:59.999,12277872.32615
2026-02-24,0.01224,0.0129,0.01178,0.01241,935543813.0,2026-02-24 23:59:59.999,11497119.4058
2026-02-25,0.01242,0.01342,0.01232,0.01288,976060831.0,2026-02-25 23:59:59.999,12629789.54483
2026-02-26,0.01288,0.01316,0.0123,0.01278,657976855.0,2026-02-26 23:59:59.999,8392458.61557
2026-02-27,0.01279,0.01348,0.01211,0.01237,688175789.0,2026-02-27 23:59:59.999,8854059.96912
2026-02-28,0.01236,0.0124,0.0109,0.01174,1432763267.0,2026-02-28 23:59:59.999,16462728.8437
2026-03-01,0.01174,0.0122,0.01083,0.01101,947491911.0,2026-03-01 23:59:59.999,10846441.60549
2026-03-02,0.01101,0.01188,0.01084,0.01164,776920043.0,2026-03-02 23:59:59.999,8863393.77141
2026-03-03,0.01163,0.01207,0.01133,0.01204,787808250.0,2026-03-03 23:59:59.999,9206884.1901
2026-03-04,0.01204,0.01246,0.01172,0.01223,943154156.0,2026-03-04 23:59:59.999,11483555.04894
2026-03-05,0.01223,0.01243,0.01178,0.01198,596536675.0,2026-03-05 23:59:59.999,7268038.47335
2026-03-06,0.01197,0.0121,0.01146,0.01175,519899568.0,2026-03-06 23:59:59.999,6127484.43783
2026-03-07,0.01175,0.01183,0.01139,0.01146,242041916.0,2026-03-07 23:59:59.999,2801150.71945
2026-03-08,0.01146,0.01149,0.011,0.01114,371052289.0,2026-03-08 23:59:59.999,4171345.46077
2026-03-09,0.01114,0.01239,0.01113,0.01216,722216333.0,2026-03-09 23:59:59.999,8537405.70145
2026-03-10,0.01215,0.01253,0.01177,0.01181,711782653.0,2026-03-10 23:59:59.999,8665541.84617
2026-03-11,0.01181,0.01213,0.01161,0.01192,490746535.0,2026-03-11 23:59:59.999,5840211.92488
2026-03-12,0.01193,0.01275,0.01189,0.01261,947739382.0,2026-03-12 23:59:59.999,11737591.44296
2026-03-13,0.01261,0.013,0.01245,0.01255,739237352.0,2026-03-13 23:59:59.999,9387558.26289
2026-03-14,0.01255,0.01264,0.01226,0.01258,376236516.0,2026-03-14 23:59:59.999,4674115.02231
2026-03-15,0.01259,0.01286,0.01237,0.01274,492977961.0,2026-03-15 23:59:59.999,6229661.1077
2026-03-16,0.01273,0.01353,0.01258,0.01321,647807110.0,2026-03-16 23:59:59.999,8389774.56654
2026-03-17,0.01322,0.01332,0.01274,0.01275,467722667.0,2026-03-17 23:59:59.999,6067086.22541
2026-03-18,0.01276,0.01304,0.01204,0.01237,502782267.0,2026-03-18 23:59:59.999,6259877.94345
2026-03-19,0.01237,0.01255,0.01186,0.01203,380278875.0,2026-03-19 23:59:59.999,4617246.00695
2026-03-20,0.01204,0.01237,0.0116,0.01194,328642491.0,2026-03-20 23:59:59.999,3941400.48521
2026-03-21,0.01195,0.01208,0.01136,0.01152,291355746.0,2026-03-21 23:59:59.999,3442179.48694
2026-03-22,0.01152,0.01171,0.01115,0.01122,372681555.0,2026-03-22 23:59:59.999,4271029.46075
2026-03-23,0.01123,0.01174,0.01104,0.01162,522796266.0,2026-03-23 23:59:59.999,5964886.18767
2026-03-24,0.01162,0.01188,0.01126,0.01146,401782491.0,2026-03-24 23:59:59.999,4633838.86269
2026-03-25,0.01147,0.01166,0.0113,0.01158,299310830.0,2026-03-25 23:59:59.999,3436942.99553
2026-03-26,0.01158,0.01159,0.01096,0.01117,418093290.0,2026-03-26 23:59:59.999,4661024.49716
2026-03-27,0.01116,0.01145,0.01039,0.01046,585574868.0,2026-03-27 23:59:59.999,6375346.99449
2026-03-28,0.01047,0.01077,0.01024,0.01046,222037393.0,2026-03-28 23:59:59.999,2333050.31057
2026-03-29,0.01045,0.01052,0.00999,0.01027,263240010.0,2026-03-29 23:59:59.999,2719928.67405
2026-03-30,0.01027,0.01062,0.0101,0.01018,304453052.0,2026-03-30 23:59:59.999,3158130.77584
2026-03-31,0.01018,0.01042,0.00998,0.01027,369061969.0,2026-03-31 23:59:59.999,3761978.98919
2026-04-01,0.01028,0.01061,0.01015,0.01028,377318803.0,2026-04-01 23:59:59.999,3917359.31094
2026-04-02,0.01027,0.0104,0.00968,0.00987,566547872.0,2026-04-02 23:59:59.999,5634095.1308
2026-04-03,0.00987,0.01017,0.00984,0.01,301733354.0,2026-04-03 23:59:59.999,3014157.74651
2026-04-04,0.01,0.01002,0.00976,0.00998,277786567.0,2026-04-04 23:59:59.999,2751590.7276
2026-04-05,0.00997,0.00999,0.00929,0.00944,498313089.0,2026-04-05 23:59:59.999,4733695.27655
2026-04-06,0.00945,0.00991,0.0094,0.00957,567253058.0,2026-04-06 23:59:59.999,5474498.79627
2026-04-07,0.00956,0.01022,0.00934,0.01009,752109788.0,2026-04-07 23:59:59.999,7299719.87714
2026-04-08,0.01009,0.01032,0.00973,0.00976,551534712.0,2026-04-08 23:59:59.999,5529637.1755
2026-04-09,0.00976,0.01032,0.00965,0.01009,538765603.0,2026-04-09 23:59:59.999,5356371.78184
2026-04-10,0.01009,0.01074,0.01005,0.01051,775818679.0,2026-04-10 23:59:59.999,8133111.20019
2026-04-11,0.0105,0.01173,0.01034,0.01148,1290255845.0,2026-04-11 23:59:59.999,14440365.40879
2026-04-12,0.01149,0.0115,0.01047,0.01051,905000211.0,2026-04-12 23:59:59.999,9852528.0135
2026-04-13,0.0105,0.01106,0.01037,0.01099,534177301.0,2026-04-13 23:59:59.999,5695938.7129
2026-04-14,0.01098,0.011,0.01023,0.01039,497182242.0,2026-04-14 23:59:59.999,5299859.57435
2026-04-15,0.01038,0.01084,0.01035,0.01067,288810545.0,2026-04-15 23:59:59.999,3057595.4493
2026-04-16,0.01068,0.01207,0.01058,0.01173,1177903659.0,2026-04-16 23:59:59.999,13441954.03507
2026-04-17,0.01173,0.01219,0.01157,0.01195,484971274.0,2026-04-17 23:59:59.999,5753033.31251
2026-04-18,0.01195,0.01199,0.01105,0.01108,418514257.0,2026-04-18 23:59:59.999,4833725.62089
2026-04-19,0.01108,0.01134,0.01076,0.01082,362232006.0,2026-04-19 23:59:59.999,3996112.43279
2026-04-20,0.01082,0.01119,0.01076,0.01095,372921123.0,2026-04-20 23:59:59.999,4104026.32251
2026-04-21,0.01096,0.01112,0.01053,0.01088,352116002.0,2026-04-21 23:59:59.999,3815895.09777
2026-04-22,0.01088,0.01121,0.01078,0.01088,313213822.0,2026-04-22 23:59:59.999,3447850.68212
2026-04-23,0.01089,0.01094,0.01062,0.01086,239056562.0,2026-04-23 23:59:59.999,2577509.25922
2026-04-24,0.01087,0.01109,0.01046,0.01054,288894506.0,2026-04-24 23:59:59.999,3115277.87209
2026-04-25,0.01054,0.01065,0.01012,0.01019,410021169.0,2026-04-25 23:59:59.999,4264651.54165
2026-04-26,0.01019,0.01031,0.01001,0.01009,313054672.0,2026-04-26 23:59:59.999,3186313.23392
2026-04-27,0.01009,0.01028,0.00977,0.00997,368433584.0,2026-04-27 23:59:59.999,3684311.50637
2026-04-28,0.00997,0.00999,0.00969,0.00989,283943213.0,2026-04-28 23:59:59.999,2790510.9304
2026-04-29,0.00988,0.01013,0.00947,0.00976,443151017.0,2026-04-29 23:59:59.999,4348367.55268
2026-04-30,0.00975,0.01,0.00965,0.00999,228101239.0,2026-04-30 23:59:59.999,2239273.71131
2026-05-01,0.00999,0.01036,0.00978,0.01015,448679363.0,2026-05-01 23:59:59.999,4516487.68882
2026-05-02,0.01015,0.01033,0.01002,0.01015,280633338.0,2026-05-02 23:59:59.999,2858180.76175
2026-05-03,0.01015,0.01027,0.00987,0.0101,407992323.0,2026-05-03 23:59:59.999,4097242.14543
2026-05-04,0.01011,0.01057,0.01005,0.01018,611306774.0,2026-05-04 23:59:59.999,6303726.19405
2026-05-05,0.01018,0.01054,0.01014,0.01043,343294928.0,2026-05-05 23:59:59.999,3540954.60569
2026-05-06,0.01044,0.0111,0.01038,0.01074,618559300.0,2026-05-06 23:59:59.999,6646842.4075
2026-05-07,0.01075,0.01087,0.01041,0.01072,479026022.0,2026-05-07 23:59:59.999,5097634.29434
2026-05-08,0.01072,0.0114,0.0106,0.01137,455461608.0,2026-05-08 23:59:59.999,4982095.42991
2026-05-09,0.01137,0.01151,0.01094,0.01105,381659619.0,2026-05-09 23:59:59.999,4271205.24579
2026-05-10,0.01104,0.01197,0.01073,0.01155,540683436.0,2026-05-10 23:59:59.999,6134655.19756
2026-05-11,0.01155,0.01161,0.01109,0.01126,462791961.0,2026-05-11 23:59:59.999,5243521.81722
2026-05-12,0.01126,0.0113,0.01072,0.011,433214529.0,2026-05-12 23:59:59.999,4768146.60534
2026-05-13,0.011,0.01223,0.01098,0.01194,1690234618.0,2026-05-13 23:59:59.999,19821425.96922
2026-05-14,0.01194,0.0121,0.0113,0.01164,874084532.0,2026-05-14 23:59:59.999,10201182.31067
2026-05-15,0.01165,0.0119,0.01007,0.01037,918973556.0,2026-05-15 23:59:59.999,9888507.77044
2026-05-16,0.01037,0.0105,0.00973,0.01,483293640.0,2026-05-16 23:59:59.999,4856903.69342
2026-05-17,0.01,0.01017,0.00896,0.00967,460932023.0,2026-05-17 23:59:59.999,4525861.81851
2026-05-18,0.00966,0.00976,0.00934,0.0096,538066532.0,2026-05-18 23:59:59.999,5142077.39704
2026-05-19,0.00961,0.00975,0.00938,0.00941,320731957.0,2026-05-19 23:59:59.999,3065062.29937
2026-05-20,0.00941,0.00993,0.00936,0.00979,319450224.0,2026-05-20 23:59:59.999,3086976.87117
2026-05-21,0.00979,0.01003,0.00958,0.00995,363749558.0,2026-05-21 23:59:59.999,3569093.87623
2026-05-22,0.00994,0.01033,0.00948,0.00955,578478090.0,2026-05-22 23:59:59.999,5765956.75233
2026-05-23,0.00955,0.01022,0.00919,0.00998,548285734.0,2026-05-23 23:59:59.999,5232432.32744
2026-05-24,0.00997,0.01,0.00932,0.00954,360079570.0,2026-05-24 23:59:59.999,3481149.10686
2026-05-25,0.00954,0.01009,0.00948,0.00981,341068457.0,2026-05-25 23:59:59.999,3351237.54686
2026-05-26,0.00981,0.01018,0.00958,0.00978,520605592.0,2026-05-26 23:59:59.999,5152361.62231
2026-05-27,0.00979,0.00997,0.00942,0.00954,452631946.0,2026-05-27 23:59:59.999,4397338.72035
2026-05-28,0.00955,0.00958,0.00886,0.00918,676647281.0,2026-05-28 23:59:59.999,6174095.83616
