open_time,open,high,low,close,volume,close_time,quote_asset_volume
2020-09-16,0.416,0.458,0.416,0.4401,2859499.0,2020-09-16 23:59:59.999,1253763.1211
2020-09-17,0.4398,0.4516,0.4071,0.42,2848924.0,2020-09-17 23:59:59.999,1204702.6053
2020-09-18,0.4195,0.444,0.3937,0.4109,3122456.0,2020-09-18 23:59:59.999,1313613.5148
2020-09-19,0.4109,0.4384,0.4024,0.4377,1870275.0,2020-09-19 23:59:59.999,784455.7883
2020-09-20,0.4383,0.4394,0.3879,0.4086,3047050.0,2020-09-20 23:59:59.999,1247647.6333
2020-09-21,0.4083,0.4103,0.334,0.3444,3263631.0,2020-09-21 23:59:59.999,1185285.2369
2020-09-22,0.3442,0.3556,0.305,0.3366,7913293.0,2020-09-22 23:59:59.999,2552948.3977
2020-09-23,0.3364,0.3421,0.3001,0.3013,5018896.0,2020-09-23 23:59:59.999,1618816.0637
2020-09-24,0.3019,0.3385,0.2971,0.338,5126539.0,2020-09-24 23:59:59.999,1623875.0117
2020-09-25,0.338,0.3807,0.3238,0.3639,11619334.0,2020-09-25 23:59:59.999,4168562.9823
2020-09-26,0.3637,0.4028,0.3619,0.3997,14321681.0,2020-09-26 23:59:59.999,5491492.5098
2020-09-27,0.4003,0.4075,0.3675,0.3901,5269527.0,2020-09-27 23:59:59.999,2030370.3947
2020-09-28,0.3902,0.46,0.3888,0.4342,24190208.0,2020-09-28 23:59:59.999,10448663.7586
2020-09-29,0.4337,0.5176,0.4305,0.503,51356304.0,2020-09-29 23:59:59.999,24972427.7422
2020-09-30,0.503,0.5356,0.4845,0.5119,29035853.0,2020-09-30 23:59:59.999,14891178.9174
2020-10-01,0.512,0.5159,0.4476,0.4738,18113795.0,2020-10-01 23:59:59.999,8788841.0175
2020-10-02,0.4737,0.5043,0.4219,0.4689,25570932.0,2020-10-02 23:59:59.999,11811830.7192
2020-10-03,0.4689,0.4766,0.454,0.4602,9770534.0,2020-10-03 23:59:59.999,4556977.9562
2020-10-04,0.4598,0.4693,0.4395,0.4667,8190025.0,2020-10-04 23:59:59.999,3762863.1968
2020-10-05,0.4667,0.5094,0.4662,0.5037,14285542.0,2020-10-05 23:59:59.999,7008935.4503
2020-10-06,0.5039,0.5062,0.4428,0.4525,14868801.0,2020-10-06 23:59:59.999,6923814.7406
2020-10-07,0.4526,0.4798,0.4375,0.4782,15993466.0,2020-10-07 23:59:59.999,7403960.5749
2020-10-08,0.478,0.485,0.4508,0.4812,9712091.0,2020-10-08 23:59:59.999,4562377.3455
2020-10-09,0.4801,0.5321,0.4637,0.5145,12384404.0,2020-10-09 23:59:59.999,6198614.7933
2020-10-10,0.5138,0.6616,0.5111,0.6388,41809724.0,2020-10-10 23:59:59.999,24927886.7227
2020-10-11,0.6388,0.6398,0.567,0.5899,36992201.0,2020-10-11 23:59:59.999,22336766.9329
2020-10-12,0.5909,0.6256,0.5584,0.5825,29002757.0,2020-10-12 23:59:59.999,17189097.087
2020-10-13,0.5817,0.6318,0.5732,0.5834,19475902.0,2020-10-13 23:59:59.999,11733186.5636
2020-10-14,0.5833,0.605,0.5129,0.5174,21371035.0,2020-10-14 23:59:59.999,11924930.3004
2020-10-15,0.5178,0.53,0.467,0.4756,40952309.0,2020-10-15 23:59:59.999,20250753.8521
2020-10-16,0.4758,0.4773,0.4173,0.4285,33913517.0,2020-10-16 23:59:59.999,14878809.444
2020-10-17,0.4291,0.4464,0.41,0.4327,18203943.0,2020-10-17 23:59:59.999,7795696.5295
2020-10-18,0.4327,0.4513,0.4252,0.4462,11081086.0,2020-10-18 23:59:59.999,4850607.7981
2020-10-19,0.446,0.4479,0.3933,0.4027,14469635.0,2020-10-19 23:59:59.999,6014440.6176
2020-10-20,0.4024,0.404,0.3656,0.3713,17170026.0,2020-10-20 23:59:59.999,6575986.2552
2020-10-21,0.3713,0.3955,0.3682,0.3831,15305746.0,2020-10-21 23:59:59.999,5864256.6836
2020-10-22,0.3831,0.4052,0.3715,0.3893,13076853.0,2020-10-22 23:59:59.999,5106174.7632
2020-10-23,0.3893,0.3939,0.3699,0.3828,8600432.0,2020-10-23 23:59:59.999,3291703.1246
2020-10-24,0.3824,0.4003,0.3711,0.3927,9032450.0,2020-10-24 23:59:59.999,3487770.8404
2020-10-25,0.3929,0.417,0.3851,0.4138,18456120.0,2020-10-25 23:59:59.999,7436714.9176
2020-10-26,0.4142,0.4151,0.3541,0.3694,16943737.0,2020-10-26 23:59:59.999,6573182.3848
2020-10-27,0.3695,0.3771,0.3495,0.3603,17805771.0,2020-10-27 23:59:59.999,6480156.6035
2020-10-28,0.3602,0.3632,0.32,0.3306,14080731.0,2020-10-28 23:59:59.999,4776252.3482
2020-10-29,0.3308,0.3447,0.3181,0.3378,11747691.0,2020-10-29 23:59:59.999,3914778.344
2020-10-30,0.3377,0.342,0.31,0.318,13569577.0,2020-10-30 23:59:59.999,4372570.7065
2020-10-31,0.3181,0.333,0.3161,0.3186,8712767.0,2020-10-31 23:59:59.999,2831680.9248
2020-11-01,0.3183,0.3298,0.3111,0.3256,6909145.0,2020-11-01 23:59:59.999,2204450.2123
2020-11-02,0.3259,0.3299,0.3023,0.3033,7302502.0,2020-11-02 23:59:59.999,2292600.863
2020-11-03,0.3035,0.3044,0.2761,0.2847,8784813.0,2020-11-03 23:59:59.999,2503228.9146
2020-11-04,0.2849,0.2875,0.2597,0.271,8956985.0,2020-11-04 23:59:59.999,2441292.6228
2020-11-05,0.2713,0.2856,0.2673,0.2826,10125833.0,2020-11-05 23:59:59.999,2805874.9209
2020-11-06,0.2827,0.3839,0.2816,0.3682,38468244.0,2020-11-06 23:59:59.999,12939300.4421
2020-11-07,0.3681,0.3845,0.3146,0.3273,40771208.0,2020-11-07 23:59:59.999,14367380.4466
2020-11-08,0.3274,0.3647,0.3216,0.3534,25341138.0,2020-11-08 23:59:59.999,8862462.0635
2020-11-09,0.3536,0.3587,0.33,0.3474,15038449.0,2020-11-09 23:59:59.999,5167407.3146
2020-11-10,0.3474,0.3768,0.3445,0.3677,11901707.0,2020-11-10 23:59:59.999,4327135.4866
2020-11-11,0.3677,0.407,0.3636,0.364,17925468.0,2020-11-11 23:59:59.999,6958233.9666
2020-11-12,0.3637,0.3673,0.3355,0.3458,9841522.0,2020-11-12 23:59:59.999,3467997.207
2020-11-13,0.3464,0.3634,0.3433,0.3569,12202323.0,2020-11-13 23:59:59.999,4331852.0047
2020-11-14,0.357,0.3648,0.3388,0.3531,10611277.0,2020-11-14 23:59:59.999,3725721.7774
2020-11-15,0.3531,0.3595,0.327,0.3393,11600249.0,2020-11-15 23:59:59.999,4003333.6958
2020-11-16,0.3392,0.3556,0.3355,0.3443,10353074.0,2020-11-16 23:59:59.999,3587356.0188
2020-11-17,0.3446,0.3632,0.3422,0.3545,14865944.0,2020-11-17 23:59:59.999,5227760.5436
2020-11-18,0.3547,0.3595,0.3079,0.3288,14944593.0,2020-11-18 23:59:59.999,4917776.0354
2020-11-19,0.3288,0.3304,0.3104,0.3205,10609278.0,2020-11-19 23:59:59.999,3395261.1018
2020-11-20,0.3205,0.3359,0.3185,0.3274,13131250.0,2020-11-20 23:59:59.999,4282901.7299
2020-11-21,0.3274,0.3691,0.3237,0.3683,22351828.0,2020-11-21 23:59:59.999,7759516.4934
2020-11-22,0.3687,0.3711,0.3212,0.3463,21918393.0,2020-11-22 23:59:59.999,7599225.4668
2020-11-23,0.3463,0.371,0.3366,0.3691,21186142.0,2020-11-23 23:59:59.999,7517615.9544
2020-11-24,0.3692,0.4043,0.3482,0.4031,32523960.0,2020-11-24 23:59:59.999,12223590.2093
2020-11-25,0.4032,0.4531,0.3838,0.3994,41692849.0,2020-11-25 23:59:59.999,17513399.597
2020-11-26,0.3994,0.4235,0.3098,0.3383,47916101.0,2020-11-26 23:59:59.999,16814894.4397
2020-11-27,0.3383,0.3459,0.3149,0.3286,14788643.0,2020-11-27 23:59:59.999,4866869.7032
2020-11-28,0.3287,0.3476,0.3237,0.3402,10587182.0,2020-11-28 23:59:59.999,3554338.693
2020-11-29,0.3399,0.3456,0.3323,0.3401,8417776.0,2020-11-29 23:59:59.999,2856493.2383
2020-11-30,0.3403,0.357,0.3293,0.3537,12077682.0,2020-11-30 23:59:59.999,4155899.4737
2020-12-01,0.3538,0.3736,0.3258,0.3475,21571057.0,2020-12-01 23:59:59.999,7564776.5315
2020-12-02,0.3472,0.3886,0.3418,0.3822,16544034.0,2020-12-02 23:59:59.999,6080680.1162
2020-12-03,0.3819,0.4004,0.3691,0.3779,11025730.0,2020-12-03 23:59:59.999,4190739.152
2020-12-04,0.3778,0.3903,0.3356,0.3375,14098877.0,2020-12-04 23:59:59.999,5082385.7607
2020-12-05,0.3371,0.3722,0.3344,0.372,8417773.0,2020-12-05 23:59:59.999,2988805.8821
2020-12-06,0.3718,0.3747,0.347,0.3561,5553139.0,2020-12-06 23:59:59.999,1982230.8675
2020-12-07,0.3564,0.3578,0.344,0.3515,3095507.0,2020-12-07 23:59:59.999,1088159.1937
2020-12-08,0.3512,0.3806,0.343,0.3503,19197354.0,2020-12-08 23:59:59.999,6930576.1912
2020-12-09,0.3503,0.3514,0.3183,0.3388,7722207.0,2020-12-09 23:59:59.999,2587448.7853
2020-12-10,0.3391,0.351,0.32,0.3414,8611360.0,2020-12-10 23:59:59.999,2897753.047
2020-12-11,0.342,0.3469,0.3197,0.329,13724150.0,2020-12-11 23:59:59.999,4573484.8209
2020-12-12,0.3285,0.3471,0.3284,0.343,4933205.0,2020-12-12 23:59:59.999,1679845.4901
2020-12-13,0.3434,0.3558,0.3398,0.351,4056761.0,2020-12-13 23:59:59.999,1412876.3875
2020-12-14,0.3508,0.3512,0.3405,0.3461,3743846.0,2020-12-14 23:59:59.999,1295878.6561
2020-12-15,0.3461,0.358,0.3396,0.358,4300714.0,2020-12-15 23:59:59.999,1498688.9758
2020-12-16,0.3577,0.3712,0.3503,0.3637,11069009.0,2020-12-16 23:59:59.999,4023124.3233
2020-12-17,0.3635,0.3796,0.3518,0.3556,14253551.0,2020-12-17 23:59:59.999,5181859.4192
2020-12-18,0.3557,0.3651,0.3469,0.3632,6887401.0,2020-12-18 23:59:59.999,2460868.3896
2020-12-19,0.3633,0.4048,0.3633,0.382,20605220.0,2020-12-19 23:59:59.999,7910822.5593
2020-12-20,0.3822,0.3844,0.3473,0.3588,9839256.0,2020-12-20 23:59:59.999,3624778.1532
2020-12-21,0.3588,0.3715,0.3291,0.3409,12331989.0,2020-12-21 23:59:59.999,4259143.4227
2020-12-22,0.3411,0.3483,0.3266,0.3398,11207667.0,2020-12-22 23:59:59.999,3804608.7725
2020-12-23,0.3399,0.3435,0.2526,0.2777,16867336.0,2020-12-23 23:59:59.999,5089983.5828
2020-12-24,0.2775,0.3097,0.2595,0.3092,22093369.0,2020-12-24 23:59:59.999,6158167.805
2020-12-25,0.3087,0.3142,0.2898,0.3007,14343239.0,2020-12-25 23:59:59.999,4348375.8127
2020-12-26,0.3006,0.3044,0.2849,0.2949,8853743.0,2020-12-26 23:59:59.999,2619636.0246
2020-12-27,0.2949,0.3172,0.2865,0.2979,25800809.0,2020-12-27 23:59:59.999,7770922.8149
2020-12-28,0.2975,0.3221,0.2956,0.3125,16930265.0,2020-12-28 23:59:59.999,5250780.251
2020-12-29,0.3127,0.3179,0.281,0.2987,20221340.0,2020-12-29 23:59:59.999,5928376.4549
2020-12-30,0.2991,0.3022,0.2841,0.2915,6544838.0,2020-12-30 23:59:59.999,1912843.4265
2020-12-31,0.2915,0.2927,0.275,0.2918,14841823.0,2020-12-31 23:59:59.999,4202783.9911
2021-01-01,0.2919,0.3052,0.2869,0.2952,12196475.0,2021-01-01 23:59:59.999,3625592.2997
2021-01-02,0.2955,0.298,0.285,0.2932,7557069.0,2021-01-02 23:59:59.999,2204408.7389
2021-01-03,0.2935,0.3237,0.2921,0.3143,40577550.0,2021-01-03 23:59:59.999,12430225.9911
2021-01-04,0.3143,0.3412,0.2815,0.3042,33972000.0,2021-01-04 23:59:59.999,10552975.7827
2021-01-05,0.3041,0.3221,0.2845,0.3115,30300449.0,2021-01-05 23:59:59.999,9213333.5299
2021-01-06,0.3118,0.3581,0.3063,0.3533,30934970.0,2021-01-06 23:59:59.999,10440519.6276
2021-01-07,0.3536,0.3816,0.326,0.3481,33597040.0,2021-01-07 23:59:59.999,11974170.1184
2021-01-08,0.3482,0.4221,0.3141,0.3807,57572556.0,2021-01-08 23:59:59.999,21310155.0563
2021-01-09,0.3812,0.4389,0.3587,0.3999,51574957.0,2021-01-09 23:59:59.999,20920003.4751
2021-01-10,0.4001,0.482,0.3639,0.4041,80893128.0,2021-01-10 23:59:59.999,35110410.0164
2021-01-11,0.4039,0.4052,0.29,0.3312,58146413.0,2021-01-11 23:59:59.999,19303285.8103
2021-01-12,0.3312,0.3476,0.3068,0.3259,19991128.0,2021-01-12 23:59:59.999,6565452.7611
2021-01-13,0.3262,0.357,0.3139,0.3566,11774817.0,2021-01-13 23:59:59.999,3943928.0129
2021-01-14,0.3563,0.3834,0.343,0.3782,20641469.0,2021-01-14 23:59:59.999,7638010.8544
2021-01-15,0.3783,0.3836,0.3257,0.3597,26870751.0,2021-01-15 23:59:59.999,9545559.5805
2021-01-16,0.3597,0.4166,0.3551,0.3845,40972996.0,2021-01-16 23:59:59.999,15965906.4821
2021-01-17,0.3848,0.4279,0.3619,0.4166,43883064.0,2021-01-17 23:59:59.999,17330043.1437
2021-01-18,0.4171,0.4546,0.3858,0.4282,39115393.0,2021-01-18 23:59:59.999,16188564.5885
2021-01-19,0.4283,0.4461,0.4021,0.4082,33637927.0,2021-01-19 23:59:59.999,14261215.7372
2021-01-20,0.4082,0.4301,0.3705,0.4067,34649164.0,2021-01-20 23:59:59.999,13863362.6676
2021-01-21,0.4066,0.4102,0.3512,0.3555,33432392.0,2021-01-21 23:59:59.999,12442358.7412
2021-01-22,0.3551,0.3992,0.3247,0.3823,35150362.0,2021-01-22 23:59:59.999,13009627.2979
2021-01-23,0.3825,0.4052,0.3656,0.3863,29006912.0,2021-01-23 23:59:59.999,11206460.58
2021-01-24,0.3863,0.419,0.3814,0.4127,39369527.0,2021-01-24 23:59:59.999,15972799.2123
2021-01-25,0.4127,0.4176,0.3815,0.3882,22429696.0,2021-01-25 23:59:59.999,9023277.9706
2021-01-26,0.3877,0.4282,0.3738,0.4274,40544887.0,2021-01-26 23:59:59.999,16262223.1329
2021-01-27,0.4274,0.4285,0.3574,0.3714,26977459.0,2021-01-27 23:59:59.999,10517513.8884
2021-01-28,0.3714,0.4113,0.3625,0.3954,20535707.0,2021-01-28 23:59:59.999,8090653.4127
2021-01-29,0.3954,0.4505,0.3946,0.4457,31877516.0,2021-01-29 23:59:59.999,13325026.5109
2021-01-30,0.4461,0.4537,0.4159,0.4348,19420558.0,2021-01-30 23:59:59.999,8399451.887
2021-01-31,0.4351,0.4636,0.418,0.4302,38759056.0,2021-01-31 23:59:59.999,17112238.7257
2021-02-01,0.4301,0.4588,0.4117,0.4475,20384561.0,2021-02-01 23:59:59.999,8811434.2651
2021-02-02,0.4475,0.46,0.4327,0.4495,19510256.0,2021-02-02 23:59:59.999,8658236.7167
2021-02-03,0.4495,0.4933,0.4493,0.4735,20782490.0,2021-02-03 23:59:59.999,9744494.8919
2021-02-04,0.4738,0.4891,0.4215,0.4647,28886050.0,2021-02-04 23:59:59.999,13128445.4871
2021-02-05,0.4645,0.5499,0.4605,0.5346,44883852.0,2021-02-05 23:59:59.999,23254190.7258
2021-02-06,0.5348,0.5756,0.474,0.5068,38141404.0,2021-02-06 23:59:59.999,20174029.2054
2021-02-07,0.507,0.5278,0.4593,0.5258,34698135.0,2021-02-07 23:59:59.999,17146468.5258
2021-02-08,0.5257,0.5477,0.5055,0.5277,22415579.0,2021-02-08 23:59:59.999,11824887.5311
2021-02-09,0.5281,0.6286,0.524,0.6263,32386047.0,2021-02-09 23:59:59.999,18644713.5344
2021-02-10,0.6272,0.65,0.5301,0.6008,32128448.0,2021-02-10 23:59:59.999,18973677.1845
2021-02-11,0.601,0.75,0.5833,0.6907,50728514.0,2021-02-11 23:59:59.999,34593666.2402
2021-02-12,0.6922,0.7797,0.6559,0.7485,30987284.0,2021-02-12 23:59:59.999,22278537.0726
2021-02-13,0.7485,0.8522,0.6848,0.7755,44776022.0,2021-02-13 23:59:59.999,34483206.7044
2021-02-14,0.7759,0.9294,0.7375,0.9187,73332851.0,2021-02-14 23:59:59.999,60905816.4506
2021-02-15,0.9165,0.92,0.6861,0.8249,48958826.0,2021-02-15 23:59:59.999,40032388.5929
2021-02-16,0.8264,0.8421,0.7512,0.7913,19316243.0,2021-02-16 23:59:59.999,15452851.9384
2021-02-17,0.7913,0.8191,0.7127,0.785,30076404.0,2021-02-17 23:59:59.999,23555242.2309
2021-02-18,0.7857,0.8254,0.761,0.805,15742546.0,2021-02-18 23:59:59.999,12500633.1148
2021-02-19,0.8057,0.8971,0.7403,0.8452,30214136.0,2021-02-19 23:59:59.999,25043656.3366
2021-02-20,0.8465,0.9148,0.7492,0.7956,32870076.0,2021-02-20 23:59:59.999,27951984.1487
2021-02-21,0.7949,0.9202,0.7722,0.8439,29815550.0,2021-02-21 23:59:59.999,25390341.0637
2021-02-22,0.8444,0.849,0.6085,0.7353,37224932.0,2021-02-22 23:59:59.999,27914105.0791
2021-02-23,0.7355,0.7428,0.4503,0.561,67397531.0,2021-02-23 23:59:59.999,38548659.7485
2021-02-24,0.5605,0.6554,0.5225,0.5947,30419268.0,2021-02-24 23:59:59.999,18064080.6943
2021-02-25,0.594,0.6641,0.566,0.5721,20642617.0,2021-02-25 23:59:59.999,12762356.7443
2021-02-26,0.5713,0.6046,0.5335,0.5809,14994390.0,2021-02-26 23:59:59.999,8572825.9342
2021-02-27,0.5802,0.6748,0.5739,0.6366,20723319.0,2021-02-27 23:59:59.999,13131376.8847
2021-02-28,0.6371,0.7197,0.6114,0.6423,81303728.0,2021-02-28 23:59:59.999,54047138.6944
2021-03-01,0.6429,0.6725,0.6171,0.6716,23743341.0,2021-03-01 23:59:59.999,15296246.467
2021-03-02,0.6717,0.6719,0.6036,0.6436,20969114.0,2021-03-02 23:59:59.999,13428795.7453
2021-03-03,0.6441,0.709,0.6348,0.6906,16580215.0,2021-03-03 23:59:59.999,11277046.9009
2021-03-04,0.6914,0.6999,0.6332,0.6666,18967825.0,2021-03-04 23:59:59.999,12717047.1
2021-03-05,0.6666,0.6667,0.6125,0.6546,8735972.0,2021-03-05 23:59:59.999,5546044.2609
2021-03-06,0.6547,0.6971,0.6429,0.683,15547592.0,2021-03-06 23:59:59.999,10473095.6071
2021-03-07,0.6835,0.6992,0.67,0.6954,7638053.0,2021-03-07 23:59:59.999,5252988.4903
2021-03-08,0.6959,0.7003,0.6565,0.6916,8775843.0,2021-03-08 23:59:59.999,5949910.3219
2021-03-09,0.6917,0.75,0.6804,0.7372,27961997.0,2021-03-09 23:59:59.999,20002261.2853
2021-03-10,0.7372,0.7414,0.6698,0.6964,17684647.0,2021-03-10 23:59:59.999,12386832.3452
2021-03-11,0.6972,0.7078,0.6509,0.6959,14874317.0,2021-03-11 23:59:59.999,10162800.4277
2021-03-12,0.6961,0.8115,0.6901,0.7659,71647640.0,2021-03-12 23:59:59.999,54378779.3787
2021-03-13,0.7651,0.8136,0.7184,0.7704,35792012.0,2021-03-13 23:59:59.999,27320673.434
2021-03-14,0.7707,0.8943,0.7405,0.8472,54391304.0,2021-03-14 23:59:59.999,44893217.1621
2021-03-15,0.8467,0.9903,0.8423,0.8767,67483232.0,2021-03-15 23:59:59.999,61083043.3344
2021-03-16,0.8774,0.9883,0.8723,0.925,42092340.0,2021-03-16 23:59:59.999,38890277.3916
2021-03-17,0.9246,0.964,0.8231,0.9412,25927932.0,2021-03-17 23:59:59.999,22635581.8299
2021-03-18,0.9405,0.9898,0.873,0.9284,25918678.0,2021-03-18 23:59:59.999,23856168.7598
2021-03-19,0.9284,1.0408,0.9056,0.9436,36116452.0,2021-03-19 23:59:59.999,35148921.7969
2021-03-20,0.9436,1.0382,0.8945,0.8969,25342071.0,2021-03-20 23:59:59.999,24632858.3891
2021-03-21,0.8978,0.9253,0.8549,0.924,20109261.0,2021-03-21 23:59:59.999,17901648.9927
2021-03-22,0.9242,1.0115,0.9059,0.9106,32120632.0,2021-03-22 23:59:59.999,30858555.1847
2021-03-23,0.9099,2.0176,0.8246,1.7633,380557349.0,2021-03-23 23:59:59.999,592595230.2546
2021-03-24,1.764,1.9748,1.3675,1.4476,225739448.0,2021-03-24 23:59:59.999,382828949.4285
2021-03-25,1.4474,1.7521,1.298,1.4318,240900348.0,2021-03-25 23:59:59.999,363905174.7918
2021-03-26,1.4315,1.6222,1.3405,1.5695,107737217.0,2021-03-26 23:59:59.999,158114882.6613
2021-03-27,1.5694,3.274,1.5685,3.1378,469252422.0,2021-03-27 23:59:59.999,1124719127.3015
2021-03-28,3.1358,3.835,2.6877,2.7217,427023560.0,2021-03-28 23:59:59.999,1417307185.8312
2021-03-29,2.7217,3.0399,2.5838,2.7489,176654783.0,2021-03-29 23:59:59.999,494965661.2178
2021-03-30,2.7493,3.2886,2.6713,2.971,153294744.0,2021-03-30 23:59:59.999,448599585.6915
2021-03-31,2.9713,3.1251,2.5494,2.8258,114587331.0,2021-03-31 23:59:59.999,329934384.0683
2021-04-01,2.8247,3.7455,2.7848,3.0184,190960022.0,2021-04-01 23:59:59.999,628235385.4074
2021-04-02,3.0179,3.3349,2.96,2.9884,84868336.0,2021-04-02 23:59:59.999,266234417.2409
2021-04-03,2.9875,3.1694,2.7285,2.8083,59640982.0,2021-04-03 23:59:59.999,177035105.4435
2021-04-04,2.8085,3.0042,2.76,2.9137,40446308.0,2021-04-04 23:59:59.999,117095106.3456
2021-04-05,2.9137,3.0749,2.8049,2.8281,42057202.0,2021-04-05 23:59:59.999,121457528.1596
2021-04-06,2.8286,2.8634,2.3832,2.5771,54553076.0,2021-04-06 23:59:59.999,143770451.5553
2021-04-07,2.577,2.5883,2.0461,2.3622,78612713.0,2021-04-07 23:59:59.999,180292490.5567
2021-04-08,2.3622,2.7491,2.2891,2.616,63793399.0,2021-04-08 23:59:59.999,160908791.8424
2021-04-09,2.6159,2.7225,2.5041,2.5588,39290205.0,2021-04-09 23:59:59.999,102539346.9981
2021-04-10,2.559,2.5838,2.368,2.4717,26272742.0,2021-04-10 23:59:59.999,65110462.7851
2021-04-11,2.4727,2.4864,2.34,2.4201,19940890.0,2021-04-11 23:59:59.999,47848987.7884
2021-04-12,2.4208,2.6203,2.324,2.4521,40395081.0,2021-04-12 23:59:59.999,99943681.1326
2021-04-13,2.4524,2.5241,2.3654,2.4595,18506196.0,2021-04-13 23:59:59.999,44872588.8915
2021-04-14,2.4596,2.5087,2.15,2.2885,32029910.0,2021-04-14 23:59:59.999,74060863.4999
2021-04-15,2.2891,2.4572,2.2434,2.3463,29562553.0,2021-04-15 23:59:59.999,69560890.1119
2021-04-16,2.3469,2.4065,2.1685,2.3465,38795348.0,2021-04-16 23:59:59.999,89255266.5267
2021-04-17,2.3471,2.6145,2.32,2.3584,45224479.0,2021-04-17 23:59:59.999,111078296.5685
2021-04-18,2.3575,2.3906,1.4753,2.036,55372415.0,2021-04-18 23:59:59.999,109767738.3043
2021-04-19,2.0367,2.099,1.8,1.8472,27146128.0,2021-04-19 23:59:59.999,53101347.4942
2021-04-20,1.8452,1.9818,1.6207,1.922,39690865.0,2021-04-20 23:59:59.999,71426463.9545
2021-04-21,1.9221,2.0,1.8245,1.8293,34597992.0,2021-04-21 23:59:59.999,67009459.2235
2021-04-22,1.8317,1.8893,1.585,1.5959,32526539.0,2021-04-22 23:59:59.999,57764543.1968
2021-04-23,1.5951,2.185,1.2538,2.005,103308635.0,2021-04-23 23:59:59.999,171577847.0611
2021-04-24,2.0036,2.0048,1.6639,1.7296,79228372.0,2021-04-24 23:59:59.999,144221543.6021
2021-04-25,1.7312,1.8172,1.5503,1.6628,33203453.0,2021-04-25 23:59:59.999,56856286.4052
2021-04-26,1.6639,1.9608,1.6281,1.9301,33512304.0,2021-04-26 23:59:59.999,61236990.053
2021-04-27,1.9304,2.1415,1.9053,2.0904,37687935.0,2021-04-27 23:59:59.999,76317535.1248
2021-04-28,2.0895,2.25,1.87,2.02,42897717.0,2021-04-28 23:59:59.999,86331802.0367
2021-04-29,2.0204,2.1062,1.8562,1.9488,28663857.0,2021-04-29 23:59:59.999,56357736.0368
2021-04-30,1.9471,2.1007,1.8944,2.0772,26143589.0,2021-04-30 23:59:59.999,52407622.0975
2021-05-01,2.0776,2.2321,2.0028,2.189,32413106.0,2021-05-01 23:59:59.999,68491620.4217
2021-05-02,2.1898,2.199,1.9838,2.0874,27364867.0,2021-05-02 23:59:59.999,57129596.1003
2021-05-03,2.0869,2.19,2.048,2.0794,27891395.0,2021-05-03 23:59:59.999,58898092.5152
2021-05-04,2.0804,2.083,1.7798,1.8061,33496783.0,2021-05-04 23:59:59.999,64238643.5125
2021-05-05,1.8052,2.0001,1.7718,1.9953,25082214.0,2021-05-05 23:59:59.999,48073637.7654
2021-05-06,1.9941,2.0373,1.8214,1.9039,30711441.0,2021-05-06 23:59:59.999,59377626.3188
2021-05-07,1.9037,2.57,1.8036,2.2371,106133331.0,2021-05-07 23:59:59.999,237829372.7389
2021-05-08,2.2369,2.7356,2.2029,2.2305,173544318.0,2021-05-08 23:59:59.999,424287749.7929
2021-05-09,2.2312,2.3115,2.0901,2.1619,55464067.0,2021-05-09 23:59:59.999,121937668.7678
2021-05-10,2.1631,2.2322,1.7674,1.8585,44223329.0,2021-05-10 23:59:59.999,89896933.2056
2021-05-11,1.8584,2.0757,1.8017,1.9891,34336854.0,2021-05-11 23:59:59.999,66156976.5163
2021-05-12,1.9894,2.1352,1.6172,1.6772,38455574.0,2021-05-12 23:59:59.999,74864151.1609
2021-05-13,1.6818,1.8338,1.5198,1.7001,39272479.0,2021-05-13 23:59:59.999,66980128.8661
2021-05-14,1.6992,1.8848,1.6749,1.8011,23357844.0,2021-05-14 23:59:59.999,41424178.095
2021-05-15,1.8018,1.8296,1.6152,1.628,21500556.0,2021-05-15 23:59:59.999,36615882.4272
2021-05-16,1.6279,1.8269,1.4885,1.5918,27606704.0,2021-05-16 23:59:59.999,46045308.5492
2021-05-17,1.5914,1.5914,1.3968,1.502,27856438.0,2021-05-17 23:59:59.999,41893628.0342
2021-05-18,1.5023,1.6064,1.4791,1.5378,21017582.0,2021-05-18 23:59:59.999,32574881.9248
2021-05-19,1.5379,1.571,0.6504,0.966,80792006.0,2021-05-19 23:59:59.999,91026880.1982
2021-05-20,0.9664,1.1949,0.8544,1.191,71639216.0,2021-05-20 23:59:59.999,76586745.1422
2021-05-21,1.1905,1.4711,0.9356,1.1067,105421283.0,2021-05-21 23:59:59.999,131566608.6286
2021-05-22,1.1086,1.1451,0.9826,1.0299,47438876.0,2021-05-22 23:59:59.999,50022554.9186
2021-05-23,1.0302,1.3167,0.766,0.9016,162928097.0,2021-05-23 23:59:59.999,172153608.1757
2021-05-24,0.9016,1.1078,0.8701,1.0891,75197930.0,2021-05-24 23:59:59.999,75043499.3306
2021-05-25,1.0889,1.1379,0.9553,1.1001,42059524.0,2021-05-25 23:59:59.999,44250344.166
2021-05-26,1.1007,1.2816,1.0684,1.2778,35959232.0,2021-05-26 23:59:59.999,42696982.8782
2021-05-27,1.2784,1.2801,1.1142,1.204,22036147.0,2021-05-27 23:59:59.999,26261153.9062
2021-05-28,1.2042,1.2054,0.9941,1.053,18430155.0,2021-05-28 23:59:59.999,19891485.79
2021-05-29,1.0522,1.109,0.9304,1.0124,17769278.0,2021-05-29 23:59:59.999,17982066.2308
2021-05-30,1.0115,1.062,0.9498,1.0151,23071928.0,2021-05-30 23:59:59.999,23431405.9182
2021-05-31,1.0146,1.1392,0.9603,1.092,22342257.0,2021-05-31 23:59:59.999,23689786.8305
2021-06-01,1.0917,1.0988,1.0243,1.0563,16756447.0,2021-06-01 23:59:59.999,17669653.8895
2021-06-02,1.0568,1.2498,1.0467,1.193,47001341.0,2021-06-02 23:59:59.999,54413155.9848
2021-06-03,1.1933,1.298,1.1431,1.2204,35021867.0,2021-06-03 23:59:59.999,42403483.0862
2021-06-04,1.2194,1.2217,1.0422,1.1112,33406148.0,2021-06-04 23:59:59.999,37446298.2428
2021-06-05,1.1111,1.1773,1.0151,1.0611,20920172.0,2021-06-05 23:59:59.999,23023955.8026
2021-06-06,1.0611,1.1918,1.0602,1.1543,58458261.0,2021-06-06 23:59:59.999,66677835.4271
2021-06-07,1.1543,1.1691,1.0132,1.027,24241349.0,2021-06-07 23:59:59.999,27034838.0666
2021-06-08,1.027,1.054,0.9073,1.0,35638241.0,2021-06-08 23:59:59.999,34647348.1925
2021-06-09,1.0001,1.0365,0.9417,1.0195,20938330.0,2021-06-09 23:59:59.999,20755750.6255
2021-06-10,1.0195,1.0547,0.9485,0.9825,22749171.0,2021-06-10 23:59:59.999,22891405.0215
2021-06-11,0.9824,1.0679,0.924,0.9385,34898146.0,2021-06-11 23:59:59.999,34844061.9887
2021-06-12,0.9382,0.9463,0.8491,0.8923,23763882.0,2021-06-12 23:59:59.999,21279239.9383
2021-06-13,0.8922,0.9608,0.8717,0.9452,22788970.0,2021-06-13 23:59:59.999,20812701.4367
2021-06-14,0.9454,0.9769,0.9173,0.9678,17674848.0,2021-06-14 23:59:59.999,16694469.4235
2021-06-15,0.968,1.0145,0.9318,0.9677,19348223.0,2021-06-15 23:59:59.999,18830648.4913
2021-06-16,0.9675,0.9679,0.8921,0.9036,13172769.0,2021-06-16 23:59:59.999,12214149.1335
2021-06-17,0.9032,0.933,0.8722,0.8915,14703172.0,2021-06-17 23:59:59.999,13280894.4926
2021-06-18,0.8916,0.8937,0.7981,0.8348,15449403.0,2021-06-18 23:59:59.999,13004414.5621
2021-06-19,0.8347,0.8842,0.8022,0.8235,29138581.0,2021-06-19 23:59:59.999,24833091.1685
2021-06-20,0.8231,0.8639,0.7734,0.8207,27773227.0,2021-06-20 23:59:59.999,22704667.639
2021-06-21,0.8209,0.8297,0.6195,0.6207,47465607.0,2021-06-21 23:59:59.999,33812847.241
2021-06-22,0.6206,0.6685,0.5041,0.578,63660722.0,2021-06-22 23:59:59.999,37614510.6094
2021-06-23,0.5784,0.6889,0.5521,0.6584,53643645.0,2021-06-23 23:59:59.999,34814508.2804
2021-06-24,0.6583,0.6866,0.6104,0.6799,30478316.0,2021-06-24 23:59:59.999,19800731.5284
2021-06-25,0.6798,0.6934,0.6016,0.6095,39772272.0,2021-06-25 23:59:59.999,25491730.0144
2021-06-26,0.6097,0.64,0.5802,0.6273,25280952.0,2021-06-26 23:59:59.999,15319722.8495
2021-06-27,0.6272,0.6558,0.6047,0.6546,23574571.0,2021-06-27 23:59:59.999,14765243.0587
2021-06-28,0.6548,0.7105,0.649,0.7105,20843248.0,2021-06-28 23:59:59.999,14003133.6396
2021-06-29,0.7105,0.9309,0.6983,0.8845,169883186.0,2021-06-29 23:59:59.999,143859858.117
2021-06-30,0.8841,0.8879,0.7702,0.8418,67978600.0,2021-06-30 23:59:59.999,55447875.905
2021-07-01,0.8418,0.842,0.7503,0.7933,30964640.0,2021-07-01 23:59:59.999,24309624.1925
2021-07-02,0.7933,0.8836,0.7933,0.8525,88701621.0,2021-07-02 23:59:59.999,75221674.3029
2021-07-03,0.8528,0.8711,0.8145,0.8656,25002648.0,2021-07-03 23:59:59.999,21113338.409
2021-07-04,0.8657,0.938,0.8553,0.8637,37334896.0,2021-07-04 23:59:59.999,33258184.9459
2021-07-05,0.8635,0.897,0.8183,0.8818,32800466.0,2021-07-05 23:59:59.999,27904530.7947
2021-07-06,0.8815,1.0316,0.8776,0.9564,58042460.0,2021-07-06 23:59:59.999,56064803.2452
2021-07-07,0.956,1.1,0.9334,0.967,54249148.0,2021-07-07 23:59:59.999,55990555.6973
2021-07-08,0.9673,1.0921,0.8934,1.0675,66783331.0,2021-07-08 23:59:59.999,64986543.3739
2021-07-09,1.0682,1.0722,0.9332,0.9923,67517715.0,2021-07-09 23:59:59.999,66962227.9114
2021-07-10,0.9923,0.9986,0.9241,0.9461,30635309.0,2021-07-10 23:59:59.999,29347712.5032
2021-07-11,0.9463,0.9714,0.9066,0.9491,25151505.0,2021-07-11 23:59:59.999,23577080.6725
2021-07-12,0.9493,0.9498,0.8669,0.9194,20804005.0,2021-07-12 23:59:59.999,18971289.5299
2021-07-13,0.9197,0.9207,0.8478,0.8887,16976452.0,2021-07-13 23:59:59.999,14931964.5047
2021-07-14,0.8888,1.0326,0.8886,0.9308,106898678.0,2021-07-14 23:59:59.999,102448456.7976
2021-07-15,0.9307,0.9342,0.8471,0.8876,36399964.0,2021-07-15 23:59:59.999,32081212.0146
2021-07-16,0.8884,0.889,0.7948,0.8058,27183024.0,2021-07-16 23:59:59.999,22719409.7736
2021-07-17,0.8062,0.8198,0.7635,0.7912,20192722.0,2021-07-17 23:59:59.999,15817477.9236
2021-07-18,0.7912,0.817,0.7701,0.8067,12463813.0,2021-07-18 23:59:59.999,9912657.1557
2021-07-19,0.8069,0.8718,0.7657,0.7728,76353258.0,2021-07-19 23:59:59.999,62882784.981
2021-07-20,0.7725,0.7867,0.6729,0.7069,46587078.0,2021-07-20 23:59:59.999,32958040.5655
2021-07-21,0.7069,0.7683,0.6735,0.7651,34247828.0,2021-07-21 23:59:59.999,25150987.4773
2021-07-22,0.7653,0.7847,0.7373,0.7824,23886316.0,2021-07-22 23:59:59.999,18097196.062
2021-07-23,0.7823,0.8017,0.7455,0.7979,17202329.0,2021-07-23 23:59:59.999,13351871.2198
2021-07-24,0.7981,0.8537,0.7836,0.8278,19984656.0,2021-07-24 23:59:59.999,16242207.1483
2021-07-25,0.828,0.839,0.7889,0.8342,18755434.0,2021-07-25 23:59:59.999,15322593.7456
2021-07-26,0.8341,0.9553,0.828,0.8555,61562926.0,2021-07-26 23:59:59.999,54954692.1709
2021-07-27,0.8548,0.9862,0.852,0.9234,90509385.0,2021-07-27 23:59:59.999,83180670.0353
2021-07-28,0.9238,1.1158,0.9215,1.0172,135907641.0,2021-07-28 23:59:59.999,141401175.9169
2021-07-29,1.0168,1.0193,0.9559,1.0096,39468597.0,2021-07-29 23:59:59.999,38698379.8239
2021-07-30,1.0091,1.021,0.9289,1.0182,24964092.0,2021-07-30 23:59:59.999,24418079.5525
2021-07-31,1.018,1.0643,0.9865,1.0402,24558946.0,2021-07-31 23:59:59.999,25197048.3814
2021-08-01,1.0406,1.21,1.0172,1.0378,121934972.0,2021-08-01 23:59:59.999,136535350.879
2021-08-02,1.0378,1.0524,0.9966,1.0312,61916101.0,2021-08-02 23:59:59.999,63773818.1431
2021-08-03,1.031,1.0374,0.9641,1.0173,23900828.0,2021-08-03 23:59:59.999,23738053.5366
2021-08-04,1.0175,1.1842,1.0175,1.0925,67141383.0,2021-08-04 23:59:59.999,72470885.2624
2021-08-05,1.0933,1.107,1.0213,1.1034,29305183.0,2021-08-05 23:59:59.999,31189161.4964
2021-08-06,1.1031,1.1563,1.0637,1.1531,23728782.0,2021-08-06 23:59:59.999,26246001.9731
2021-08-07,1.1528,1.194,1.1109,1.194,31049228.0,2021-08-07 23:59:59.999,35629072.6094
2021-08-08,1.1941,1.2121,1.069,1.1163,25632706.0,2021-08-08 23:59:59.999,29024763.3214
2021-08-09,1.1164,1.1687,1.0568,1.1614,26835415.0,2021-08-09 23:59:59.999,30020896.0487
2021-08-10,1.1619,1.1792,1.0981,1.1727,26900562.0,2021-08-10 23:59:59.999,30760535.049
2021-08-11,1.1727,1.2951,1.1514,1.2198,41456039.0,2021-08-11 23:59:59.999,50652864.5924
2021-08-12,1.2193,1.2606,1.1101,1.1591,28730724.0,2021-08-12 23:59:59.999,33634807.451
2021-08-13,1.1592,1.2622,1.1319,1.2612,34528898.0,2021-08-13 23:59:59.999,41797557.0257
2021-08-14,1.2612,1.3595,1.1884,1.3467,51586830.0,2021-08-14 23:59:59.999,65008099.0545
2021-08-15,1.3466,1.3495,1.2423,1.3481,38915634.0,2021-08-15 23:59:59.999,50270454.2278
2021-08-16,1.3477,1.4407,1.3102,1.3202,54496911.0,2021-08-16 23:59:59.999,75357432.3858
2021-08-17,1.3199,1.3625,1.1994,1.2253,35386328.0,2021-08-17 23:59:59.999,45948801.8492
2021-08-18,1.2257,1.2618,1.136,1.1898,38381051.0,2021-08-18 23:59:59.999,46317167.4244
2021-08-19,1.1893,1.2658,1.1505,1.258,24543833.0,2021-08-19 23:59:59.999,29423133.0847
2021-08-20,1.258,1.356,1.2364,1.3042,35898388.0,2021-08-20 23:59:59.999,46054434.9359
2021-08-21,1.3044,1.3645,1.2412,1.3464,29228554.0,2021-08-21 23:59:59.999,38473606.3438
2021-08-22,1.3456,1.3624,1.2692,1.343,23639751.0,2021-08-22 23:59:59.999,31144656.3412
2021-08-23,1.343,1.4388,1.3287,1.4113,44259308.0,2021-08-23 23:59:59.999,61022552.1255
2021-08-24,1.4106,1.4732,1.2752,1.3134,36245846.0,2021-08-24 23:59:59.999,50084002.5288
2021-08-25,1.3134,1.3919,1.2426,1.3919,26087679.0,2021-08-25 23:59:59.999,34423366.2172
2021-08-26,1.392,1.7249,1.3864,1.3998,124354580.0,2021-08-26 23:59:59.999,187598601.7102
2021-08-27,1.3996,1.4651,1.3034,1.4647,38082632.0,2021-08-27 23:59:59.999,52434156.0873
2021-08-28,1.4638,1.5645,1.393,1.5265,44929900.0,2021-08-28 23:59:59.999,66701166.2335
2021-08-29,1.5264,1.5988,1.4308,1.5962,30938103.0,2021-08-29 23:59:59.999,46305354.7459
2021-08-30,1.5964,1.5988,1.4525,1.4725,27103218.0,2021-08-30 23:59:59.999,41252477.104
2021-08-31,1.4729,1.6238,1.4188,1.475,31805049.0,2021-08-31 23:59:59.999,47549458.631
2021-09-01,1.4751,1.53,1.4176,1.5291,19838161.0,2021-09-01 23:59:59.999,29207267.5489
2021-09-02,1.5292,1.6,1.4847,1.5269,24445466.0,2021-09-02 23:59:59.999,37121846.6996
2021-09-03,1.5269,1.5836,1.471,1.5828,27579792.0,2021-09-03 23:59:59.999,42351686.6289
2021-09-04,1.5827,1.79,1.5677,1.735,74657436.0,2021-09-04 23:59:59.999,126608312.4997
2021-09-05,1.735,1.9684,1.6933,1.7201,80828956.0,2021-09-05 23:59:59.999,145315790.911
2021-09-06,1.7208,1.8174,1.5799,1.8134,38143846.0,2021-09-06 23:59:59.999,64996512.4865
2021-09-07,1.8133,2.0386,1.1273,1.437,140215760.0,2021-09-07 23:59:59.999,236298262.1539
2021-09-08,1.4371,1.5456,1.231,1.5324,79307854.0,2021-09-08 23:59:59.999,110423223.695
2021-09-09,1.533,1.586,1.434,1.586,48678687.0,2021-09-09 23:59:59.999,72909680.2254
2021-09-10,1.586,1.587,1.3602,1.4347,34142101.0,2021-09-10 23:59:59.999,49897546.4396
2021-09-11,1.4347,1.4368,1.3622,1.4316,20898467.0,2021-09-11 23:59:59.999,29304568.9825
2021-09-12,1.4316,1.4753,1.365,1.4694,17417189.0,2021-09-12 23:59:59.999,24628565.6001
2021-09-13,1.469,1.5089,1.2707,1.3548,26929703.0,2021-09-13 23:59:59.999,36864689.626
2021-09-14,1.3557,1.4214,1.3188,1.4175,15074714.0,2021-09-14 23:59:59.999,20567315.9547
2021-09-15,1.4177,1.4904,1.3726,1.479,14648020.0,2021-09-15 23:59:59.999,20842414.5742
2021-09-16,1.4792,1.48,1.385,1.4249,14026972.0,2021-09-16 23:59:59.999,20048057.9341
2021-09-17,1.4253,1.4299,1.3516,1.377,10825320.0,2021-09-17 23:59:59.999,15016936.6905
2021-09-18,1.3775,1.4308,1.3482,1.3983,15213541.0,2021-09-18 23:59:59.999,21251253.9872
2021-09-19,1.3988,1.4014,1.3171,1.3416,10634732.0,2021-09-19 23:59:59.999,14478571.4614
2021-09-20,1.3414,1.3415,1.0845,1.139,33704349.0,2021-09-20 23:59:59.999,40013041.5431
2021-09-21,1.1393,1.1732,1.0104,1.0351,36476859.0,2021-09-21 23:59:59.999,40359411.7669
2021-09-22,1.0348,1.1576,1.0103,1.1566,29861600.0,2021-09-22 23:59:59.999,32452447.3786
2021-09-23,1.156,1.205,1.1202,1.2038,22528426.0,2021-09-23 23:59:59.999,26114453.8899
2021-09-24,1.2035,1.2035,1.0117,1.0954,31775507.0,2021-09-24 23:59:59.999,34781234.3246
2021-09-25,1.0958,1.1058,1.0359,1.0915,19735623.0,2021-09-25 23:59:59.999,21328985.0754
2021-09-26,1.0917,1.1438,0.9827,1.0786,42007400.0,2021-09-26 23:59:59.999,45032671.0039
2021-09-27,1.0783,1.1167,1.0189,1.0259,31176261.0,2021-09-27 23:59:59.999,33413432.513
2021-09-28,1.0251,1.0461,0.9722,0.9778,21281700.0,2021-09-28 23:59:59.999,21538728.7543
2021-09-29,0.9778,1.0459,0.9711,1.0097,17573174.0,2021-09-29 23:59:59.999,17804822.0178
2021-09-30,1.0097,1.1075,1.0015,1.0946,25592267.0,2021-09-30 23:59:59.999,27286451.0633
2021-10-01,1.0946,1.2211,1.0691,1.2037,45958554.0,2021-10-01 23:59:59.999,53889786.6479
2021-10-02,1.2041,1.2373,1.1808,1.1896,44544645.0,2021-10-02 23:59:59.999,53957532.5383
2021-10-03,1.1896,1.2367,1.155,1.2165,18237404.0,2021-10-03 23:59:59.999,21966243.9895
2021-10-04,1.2165,1.2592,1.1625,1.2519,38408867.0,2021-10-04 23:59:59.999,46587050.8171
2021-10-05,1.2515,1.3618,1.2081,1.3371,29566949.0,2021-10-05 23:59:59.999,37570746.8729
2021-10-06,1.3372,1.4284,1.2649,1.3549,83727914.0,2021-10-06 23:59:59.999,112131798.2606
2021-10-07,1.3555,1.4876,1.2933,1.3343,28819231.0,2021-10-07 23:59:59.999,38588792.7479
2021-10-08,1.3339,1.4298,1.3082,1.4179,25372005.0,2021-10-08 23:59:59.999,35070027.3312
2021-10-09,1.418,1.4812,1.352,1.3922,28930356.0,2021-10-09 23:59:59.999,40925434.9668
2021-10-10,1.3918,1.5242,1.3661,1.5156,54179206.0,2021-10-10 23:59:59.999,78899949.5992
2021-10-11,1.5155,1.516,1.3551,1.4277,45540870.0,2021-10-11 23:59:59.999,65274868.3163
2021-10-12,1.4282,1.4282,1.2298,1.3059,40216716.0,2021-10-12 23:59:59.999,52252847.8689
2021-10-13,1.3057,1.3519,1.2583,1.344,28371781.0,2021-10-13 23:59:59.999,36854190.5071
2021-10-14,1.3436,1.359,1.324,1.3558,16804291.0,2021-10-14 23:59:59.999,22492305.8296
2021-10-15,1.3555,1.3558,1.2459,1.3152,22715542.0,2021-10-15 23:59:59.999,29590265.5711
2021-10-16,1.3144,1.4088,1.3033,1.3377,69978760.0,2021-10-16 23:59:59.999,95317037.4545
2021-10-17,1.3386,1.3391,1.2266,1.2836,26329278.0,2021-10-17 23:59:59.999,34080001.9244
2021-10-18,1.2836,1.3226,1.2251,1.2772,24943725.0,2021-10-18 23:59:59.999,31788900.7387
2021-10-19,1.2773,1.2804,1.222,1.2692,14140657.0,2021-10-19 23:59:59.999,17737475.7426
2021-10-20,1.2693,1.3453,1.2319,1.2998,21303142.0,2021-10-20 23:59:59.999,27025269.8321
2021-10-21,1.2998,1.3184,1.2098,1.2417,26951121.0,2021-10-21 23:59:59.999,34387696.2553
2021-10-22,1.2421,1.2874,1.2372,1.2705,17928879.0,2021-10-22 23:59:59.999,22638500.7643
2021-10-23,1.2709,1.3092,1.2319,1.278,21431841.0,2021-10-23 23:59:59.999,27108178.5062
2021-10-24,1.2782,1.2877,1.2256,1.2787,12332467.0,2021-10-24 23:59:59.999,15516983.221
2021-10-25,1.2789,1.3294,1.255,1.3286,14929326.0,2021-10-25 23:59:59.999,19355683.349
2021-10-26,1.3286,1.3676,1.2846,1.3049,23397905.0,2021-10-26 23:59:59.999,30957909.1896
2021-10-27,1.3054,1.3502,1.0648,1.137,56262847.0,2021-10-27 23:59:59.999,68414098.8525
2021-10-28,1.1371,1.1985,1.1073,1.196,27469347.0,2021-10-28 23:59:59.999,32023074.6979
2021-10-29,1.1959,1.2512,1.1813,1.2512,19177961.0,2021-10-29 23:59:59.999,23396982.9038
2021-10-30,1.2511,1.3406,1.2034,1.3217,30954663.0,2021-10-30 23:59:59.999,39362424.5389
2021-10-31,1.3218,2.9187,1.2976,2.032,1208565062.0,2021-10-31 23:59:59.999,2645776866.9275
2021-11-01,2.032,2.0546,1.6649,1.8525,351413399.0,2021-11-01 23:59:59.999,638761932.71
2021-11-02,1.8517,2.1764,1.805,1.8587,159475484.0,2021-11-02 23:59:59.999,311233309.6499
2021-11-03,1.8591,1.8602,1.6581,1.7105,69233048.0,2021-11-03 23:59:59.999,120411561.3156
2021-11-04,1.7106,1.7112,1.5649,1.6221,52234392.0,2021-11-04 23:59:59.999,85538435.2143
2021-11-05,1.6215,1.74,1.5832,1.6201,60885172.0,2021-11-05 23:59:59.999,101192535.6829
2021-11-06,1.6192,1.6948,1.56,1.6725,42582354.0,2021-11-06 23:59:59.999,69480517.6892
2021-11-07,1.6726,1.725,1.637,1.6553,35127719.0,2021-11-07 23:59:59.999,58522715.9662
2021-11-08,1.6551,1.6588,1.557,1.6191,35394645.0,2021-11-08 23:59:59.999,56527707.636
2021-11-09,1.6188,1.6509,1.5849,1.6103,33999659.0,2021-11-09 23:59:59.999,55147798.164
2021-11-10,1.6095,1.713,1.3434,1.4889,71267407.0,2021-11-10 23:59:59.999,112870273.1991
2021-11-11,1.4886,1.5415,1.4629,1.5177,28656750.0,2021-11-11 23:59:59.999,43346668.1679
2021-11-12,1.5178,1.7841,1.4841,1.6238,140990910.0,2021-11-12 23:59:59.999,231356442.4504
2021-11-13,1.6239,1.8838,1.6131,1.6588,160134087.0,2021-11-13 23:59:59.999,280923880.8969
2021-11-14,1.6588,1.8153,1.6393,1.7388,69203276.0,2021-11-14 23:59:59.999,118943408.4591
2021-11-15,1.739,1.88,1.7045,1.7717,87589067.0,2021-11-15 23:59:59.999,156825701.4534
2021-11-16,1.7719,1.7725,1.428,1.5997,65740268.0,2021-11-16 23:59:59.999,105670105.5493
2021-11-17,1.6,1.84,1.5847,1.7107,94735715.0,2021-11-17 23:59:59.999,161590386.1159
2021-11-18,1.7112,2.408,1.6647,1.7271,356705419.0,2021-11-18 23:59:59.999,722870047.9076
2021-11-19,1.7278,2.2308,1.6794,2.0775,274318399.0,2021-11-19 23:59:59.999,546462114.4001
2021-11-20,2.0777,2.3785,2.0266,2.157,163527363.0,2021-11-20 23:59:59.999,358571998.7792
2021-11-21,2.1582,2.1597,1.9544,1.9635,54884063.0,2021-11-21 23:59:59.999,111839987.8908
2021-11-22,1.9635,2.1852,1.8172,1.9646,81674745.0,2021-11-22 23:59:59.999,161133291.7352
2021-11-23,1.9645,2.0681,1.8902,2.0287,45077979.0,2021-11-23 23:59:59.999,87888471.8345
2021-11-24,2.0277,2.2392,2.0131,2.2261,83397734.0,2021-11-24 23:59:59.999,176227259.7278
2021-11-25,2.2265,2.3658,2.0633,2.2076,71910872.0,2021-11-25 23:59:59.999,156314828.4957
2021-11-26,2.2076,3.284,2.1622,2.7413,543471926.0,2021-11-26 23:59:59.999,1572480698.3096
2021-11-27,2.7415,3.528,2.7013,2.8367,204467807.0,2021-11-27 23:59:59.999,621970324.3839
2021-11-28,2.836,2.9833,2.5044,2.7806,94808680.0,2021-11-28 23:59:59.999,255557818.3604
2021-11-29,2.7806,3.1129,2.7254,2.9526,95066785.0,2021-11-29 23:59:59.999,276199149.6209
2021-11-30,2.9519,3.0319,2.6121,2.6293,45927969.0,2021-11-30 23:59:59.999,126768852.3993
2021-12-01,2.6318,2.6362,2.4813,2.5685,36523884.0,2021-12-01 23:59:59.999,93950822.2569
2021-12-02,2.5683,2.5684,2.3417,2.4245,29726020.0,2021-12-02 23:59:59.999,71950525.8495
2021-12-03,2.4245,2.4262,2.0583,2.1445,37066671.0,2021-12-03 23:59:59.999,83438186.2566
2021-12-04,2.1441,2.1997,1.3829,1.8422,82558848.0,2021-12-04 23:59:59.999,145094182.4122
2021-12-05,1.8419,1.9864,1.6692,1.74,72459934.0,2021-12-05 23:59:59.999,132921700.0658
2021-12-06,1.7402,1.854,1.5565,1.8237,59590565.0,2021-12-06 23:59:59.999,99107861.7358
2021-12-07,1.8236,1.9328,1.783,1.847,35700973.0,2021-12-07 23:59:59.999,65958354.5639
2021-12-08,1.847,2.0185,1.7389,1.9149,49432692.0,2021-12-08 23:59:59.999,92617395.4253
2021-12-09,1.9149,1.9252,1.6737,1.6832,30802340.0,2021-12-09 23:59:59.999,55060626.8389
2021-12-10,1.6829,1.7434,1.5751,1.5804,33752465.0,2021-12-10 23:59:59.999,56258568.9647
2021-12-11,1.5808,1.6545,1.5467,1.6507,19688077.0,2021-12-11 23:59:59.999,31721753.6622
2021-12-12,1.6503,1.7188,1.6019,1.6902,19590615.0,2021-12-12 23:59:59.999,32339741.8134
2021-12-13,1.6902,1.7051,1.4311,1.4518,36067644.0,2021-12-13 23:59:59.999,55695474.6366
2021-12-14,1.4516,1.4946,1.3813,1.4579,39183367.0,2021-12-14 23:59:59.999,56221408.2783
2021-12-15,1.4579,1.5625,1.3442,1.5557,37939286.0,2021-12-15 23:59:59.999,55151623.8359
2021-12-16,1.5557,1.748,1.5401,1.6062,128902451.0,2021-12-16 23:59:59.999,217908803.7023
2021-12-17,1.6064,1.877,1.5947,1.8028,159533418.0,2021-12-17 23:59:59.999,281850025.782
2021-12-18,1.8025,1.8258,1.7122,1.781,44616809.0,2021-12-18 23:59:59.999,79082498.6429
2021-12-19,1.781,1.8245,1.6714,1.6847,23945668.0,2021-12-19 23:59:59.999,41954498.3372
2021-12-20,1.6851,1.699,1.548,1.6239,30088112.0,2021-12-20 23:59:59.999,48502913.855
2021-12-21,1.6238,1.8218,1.6003,1.8064,53738741.0,2021-12-21 23:59:59.999,93807335.9906
2021-12-22,1.8066,1.9879,1.7766,1.9723,64909732.0,2021-12-22 23:59:59.999,124180651.6745
2021-12-23,1.9711,2.1048,1.916,2.0869,54073586.0,2021-12-23 23:59:59.999,107998472.1209
2021-12-24,2.0882,2.1008,1.9227,1.9565,21486689.0,2021-12-24 23:59:59.999,43498195.6758
2021-12-25,1.9572,2.0579,1.9352,2.0115,14757833.0,2021-12-25 23:59:59.999,29533959.3761
2021-12-26,2.0115,2.0833,1.9329,2.072,24062193.0,2021-12-26 23:59:59.999,48600418.5647
2021-12-27,2.073,2.1856,2.0463,2.0554,24758275.0,2021-12-27 23:59:59.999,52572567.6207
2021-12-28,2.0551,2.0556,1.7978,1.8111,26584779.0,2021-12-28 23:59:59.999,50774142.2277
2021-12-29,1.8107,1.8463,1.6826,1.7123,23070695.0,2021-12-29 23:59:59.999,40821829.5792
2021-12-30,1.7127,1.7973,1.6608,1.7624,19815844.0,2021-12-30 23:59:59.999,34365439.263
2021-12-31,1.7627,1.8288,1.6911,1.7422,18434843.0,2021-12-31 23:59:59.999,32513411.849
2022-01-01,1.7424,1.8389,1.7424,1.833,17059552.0,2022-01-01 23:59:59.999,30812914.4615
2022-01-02,1.8328,2.023,1.7938,1.9222,31824804.0,2022-01-02 23:59:59.999,60901717.3458
2022-01-03,1.9222,1.9793,1.8033,1.8502,24624993.0,2022-01-03 23:59:59.999,46713763.3706
2022-01-04,1.8506,1.8742,1.7627,1.7866,19493719.0,2022-01-04 23:59:59.999,35475149.2069
2022-01-05,1.7864,1.8709,1.525,1.6276,31679326.0,2022-01-05 23:59:59.999,55874633.5022
2022-01-06,1.6284,1.668,1.5452,1.6501,29399811.0,2022-01-06 23:59:59.999,47185136.1895
2022-01-07,1.6501,1.7048,1.5012,1.564,37851067.0,2022-01-07 23:59:59.999,60317381.3421
2022-01-08,1.5647,1.615,1.4419,1.511,22018937.0,2022-01-08 23:59:59.999,33659905.7803
2022-01-09,1.5105,1.6245,1.5003,1.554,25645880.0,2022-01-09 23:59:59.999,40035202.4406
2022-01-10,1.554,1.6046,1.386,1.5101,37433083.0,2022-01-10 23:59:59.999,56338128.3231
2022-01-11,1.5105,1.6,1.4523,1.585,26435067.0,2022-01-11 23:59:59.999,40235384.0482
2022-01-12,1.5851,1.6767,1.5632,1.6677,18293900.0,2022-01-12 23:59:59.999,29605168.3356
2022-01-13,1.667,1.6854,1.5711,1.5789,20725814.0,2022-01-13 23:59:59.999,33892431.08
2022-01-14,1.5791,1.6228,1.5352,1.607,12996138.0,2022-01-14 23:59:59.999,20548908.3284
2022-01-15,1.607,1.729,1.5796,1.6972,33090359.0,2022-01-15 23:59:59.999,55379980.8762
2022-01-16,1.6965,1.7166,1.624,1.6602,19468710.0,2022-01-16 23:59:59.999,32457366.9401
2022-01-17,1.6604,1.7319,1.5577,1.5981,24431076.0,2022-01-17 23:59:59.999,39854523.6711
2022-01-18,1.5987,1.6082,1.477,1.5504,20319932.0,2022-01-18 23:59:59.999,31197158.7566
2022-01-19,1.5503,1.5559,1.4414,1.4589,20624620.0,2022-01-19 23:59:59.999,30759856.2935
2022-01-20,1.4584,1.5211,1.3802,1.3903,18045281.0,2022-01-20 23:59:59.999,26400254.8068
2022-01-21,1.3898,1.3991,1.1404,1.1809,33154271.0,2022-01-21 23:59:59.999,42463908.5746
2022-01-22,1.1807,1.2015,0.9302,1.0359,48023506.0,2022-01-22 23:59:59.999,50553568.2203
2022-01-23,1.0361,1.0939,1.0178,1.0939,30341309.0,2022-01-23 23:59:59.999,32050165.7078
2022-01-24,1.093,1.0975,0.9211,1.02,37321498.0,2022-01-24 23:59:59.999,36983065.7026
2022-01-25,1.0195,1.0238,0.9648,1.0121,22814584.0,2022-01-25 23:59:59.999,22758910.6093
2022-01-26,1.0125,1.1448,0.9975,1.0692,38273138.0,2022-01-26 23:59:59.999,41032287.3545
2022-01-27,1.0695,1.1261,1.0007,1.074,36787107.0,2022-01-27 23:59:59.999,39264737.0603
2022-01-28,1.0739,1.1283,1.0435,1.1261,21898659.0,2022-01-28 23:59:59.999,23691418.8665
2022-01-29,1.1258,1.1639,1.1141,1.1525,15077138.0,2022-01-29 23:59:59.999,17176367.4051
2022-01-30,1.1528,1.1806,1.0952,1.1612,13627213.0,2022-01-30 23:59:59.999,15525016.6547
2022-01-31,1.1609,1.1706,1.0807,1.1608,21974515.0,2022-01-31 23:59:59.999,24729150.2818
2022-02-01,1.1609,1.1751,1.127,1.1479,16450120.0,2022-02-01 23:59:59.999,18935143.0372
2022-02-02,1.1474,1.225,1.1009,1.1091,38842104.0,2022-02-02 23:59:59.999,45347092.8534
2022-02-03,1.1099,1.1599,1.0997,1.1551,27384992.0,2022-02-03 23:59:59.999,30949009.7974
2022-02-04,1.155,1.2503,1.1462,1.2464,23233227.0,2022-02-04 23:59:59.999,27830225.7766
2022-02-05,1.2465,1.358,1.2369,1.3169,20654468.0,2022-02-05 23:59:59.999,27148801.5455
2022-02-06,1.3158,1.3607,1.265,1.3469,16554810.0,2022-02-06 23:59:59.999,21783814.576
2022-02-07,1.3474,1.3978,1.3058,1.3965,17244558.0,2022-02-07 23:59:59.999,23406417.4864
2022-02-08,1.3975,1.4147,1.28,1.3418,28373543.0,2022-02-08 23:59:59.999,37880662.6624
2022-02-09,1.3423,1.3904,1.3166,1.3536,19886023.0,2022-02-09 23:59:59.999,26837776.3795
2022-02-10,1.3536,1.3567,1.2488,1.2618,21390540.0,2022-02-10 23:59:59.999,28071092.8951
2022-02-11,1.2621,1.2857,1.138,1.1585,17962080.0,2022-02-11 23:59:59.999,22191878.7925
2022-02-12,1.1583,1.1769,1.11,1.1541,13390779.0,2022-02-12 23:59:59.999,15366857.1358
2022-02-13,1.1542,1.1733,1.1008,1.1347,11493325.0,2022-02-13 23:59:59.999,13144665.7101
2022-02-14,1.1349,1.1505,1.085,1.1291,15073228.0,2022-02-14 23:59:59.999,16826638.7272
2022-02-15,1.1291,1.2258,1.1286,1.2251,13316512.0,2022-02-15 23:59:59.999,15703168.3112
2022-02-16,1.2251,1.2251,1.1554,1.1908,15175474.0,2022-02-16 23:59:59.999,18076949.1524
2022-02-17,1.1904,1.2064,1.0585,1.0684,15807678.0,2022-02-17 23:59:59.999,17844582.2049
2022-02-18,1.0689,1.1014,1.0205,1.0392,14276901.0,2022-02-18 23:59:59.999,15151031.796
2022-02-19,1.0393,1.0557,0.9896,1.0245,12509395.0,2022-02-19 23:59:59.999,12774686.5179
2022-02-20,1.0245,1.0299,0.9623,0.9767,22607414.0,2022-02-20 23:59:59.999,22420343.3034
2022-02-21,0.9765,1.0248,0.8818,0.8866,28167149.0,2022-02-21 23:59:59.999,27226231.9553
2022-02-22,0.8867,0.9329,0.8502,0.9292,24888861.0,2022-02-22 23:59:59.999,22153211.8303
2022-02-23,0.9289,0.9724,0.8941,0.8994,23862034.0,2022-02-23 23:59:59.999,22379360.8526
2022-02-24,0.8994,0.9122,0.7704,0.8949,36426364.0,2022-02-24 23:59:59.999,30327277.8974
2022-02-25,0.8947,0.9748,0.8816,0.9588,28965344.0,2022-02-25 23:59:59.999,26905109.8494
2022-02-26,0.9592,1.014,0.9549,0.9914,18259565.0,2022-02-26 23:59:59.999,18050790.5395
2022-02-27,0.9917,1.0084,0.9143,0.9378,19992249.0,2022-02-27 23:59:59.999,19281077.4401
2022-02-28,0.9377,1.0426,0.916,1.0405,20472829.0,2022-02-28 23:59:59.999,19771918.0436
2022-03-01,1.0403,1.1118,1.0402,1.0854,30563201.0,2022-03-01 23:59:59.999,32952357.7493
2022-03-02,1.0854,1.089,1.0241,1.0749,18991959.0,2022-03-02 23:59:59.999,20116804.1405
2022-03-03,1.075,1.0771,1.0061,1.0426,14392977.0,2022-03-03 23:59:59.999,14987450.7449
2022-03-04,1.0426,1.0577,0.9316,0.9479,17146683.0,2022-03-04 23:59:59.999,17032191.0473
2022-03-05,0.948,0.9696,0.9144,0.9617,8404667.0,2022-03-05 23:59:59.999,7959289.8109
2022-03-06,0.9616,0.9771,0.9075,0.9131,13446266.0,2022-03-06 23:59:59.999,12703118.3869
2022-03-07,0.9133,0.9369,0.8612,0.8875,16797116.0,2022-03-07 23:59:59.999,15055359.4838
2022-03-08,0.8871,0.943,0.8806,0.9345,18970309.0,2022-03-08 23:59:59.999,17381131.1414
2022-03-09,0.9344,0.9883,0.927,0.9849,13054587.0,2022-03-09 23:59:59.999,12574598.9493
2022-03-10,0.9849,1.1671,0.8961,1.0344,201044279.0,2022-03-10 23:59:59.999,212370162.128
2022-03-11,1.0339,1.054,0.9574,0.9637,102983878.0,2022-03-11 23:59:59.999,103244064.0431
2022-03-12,0.9634,1.0497,0.9606,1.0231,53625556.0,2022-03-12 23:59:59.999,54732360.2064
2022-03-13,1.0231,1.0789,0.9861,0.993,43606236.0,2022-03-13 23:59:59.999,45396820.2645
2022-03-14,0.9931,0.9994,0.96,0.995,27327072.0,2022-03-14 23:59:59.999,26845289.9602
2022-03-15,0.9949,1.0095,0.95,0.9968,24843220.0,2022-03-15 23:59:59.999,24507633.8757
2022-03-16,0.9967,1.0543,0.9772,1.0518,21664958.0,2022-03-16 23:59:59.999,21896041.9373
2022-03-17,1.0519,1.0776,1.0201,1.0577,17015878.0,2022-03-17 23:59:59.999,17863274.5025
2022-03-18,1.0578,1.074,1.0084,1.0724,14259933.0,2022-03-18 23:59:59.999,14812691.7093
2022-03-19,1.0723,1.1031,1.0604,1.0946,13900450.0,2022-03-19 23:59:59.999,15059458.505
2022-03-20,1.0949,1.135,1.0547,1.0773,25013398.0,2022-03-20 23:59:59.999,27310531.905
2022-03-21,1.0773,1.112,1.0413,1.1051,17568710.0,2022-03-21 23:59:59.999,18980150.2439
2022-03-22,1.105,1.1564,1.0901,1.1254,17026892.0,2022-03-22 23:59:59.999,19201479.073
2022-03-23,1.1255,1.1869,1.0959,1.1579,20545659.0,2022-03-23 23:59:59.999,23409816.0456
2022-03-24,1.1579,1.1893,1.1343,1.1794,20541126.0,2022-03-24 23:59:59.999,23985675.7115
2022-03-25,1.1796,1.2009,1.1279,1.1714,16264272.0,2022-03-25 23:59:59.999,19086958.8664
2022-03-26,1.171,1.2763,1.1636,1.2505,35834683.0,2022-03-26 23:59:59.999,43550552.4762
2022-03-27,1.2504,1.3553,1.2403,1.3353,37622241.0,2022-03-27 23:59:59.999,48808037.3124
2022-03-28,1.3353,1.3764,1.2676,1.2975,27117307.0,2022-03-28 23:59:59.999,36396188.779
2022-03-29,1.2974,1.3805,1.2884,1.3507,20839099.0,2022-03-29 23:59:59.999,27827828.4509
2022-03-30,1.3506,1.526,1.274,1.4194,90104553.0,2022-03-30 23:59:59.999,129514908.5741
2022-03-31,1.4197,1.468,1.2813,1.3383,41885673.0,2022-03-31 23:59:59.999,58620277.4646
2022-04-01,1.3386,1.3793,1.2605,1.3784,21066612.0,2022-04-01 23:59:59.999,28060848.6773
2022-04-02,1.3778,1.4694,1.3652,1.4066,22445173.0,2022-04-02 23:59:59.999,31850957.5543
2022-04-03,1.4073,1.488,1.3548,1.4561,26466529.0,2022-04-03 23:59:59.999,37696306.8468
2022-04-04,1.456,1.6421,1.2769,1.3414,173509423.0,2022-04-04 23:59:59.999,254477668.3619
2022-04-05,1.3411,1.3672,1.2722,1.2805,28193308.0,2022-04-05 23:59:59.999,37550156.083
2022-04-06,1.2813,1.2843,1.1072,1.1133,31238478.0,2022-04-06 23:59:59.999,36916280.5829
2022-04-07,1.1134,1.1593,1.0767,1.1519,19373979.0,2022-04-07 23:59:59.999,21872550.4864
2022-04-08,1.1517,1.1849,1.1036,1.1179,25110032.0,2022-04-08 23:59:59.999,29056948.3422
2022-04-09,1.1178,1.156,1.1004,1.1462,11820581.0,2022-04-09 23:59:59.999,13383640.1877
2022-04-10,1.1467,1.1583,1.0931,1.0962,10794239.0,2022-04-10 23:59:59.999,12144914.4776
2022-04-11,1.0965,1.1032,0.9741,0.9877,19681453.0,2022-04-11 23:59:59.999,20192235.5528
2022-04-12,0.9877,1.1302,0.9735,1.0461,70069844.0,2022-04-12 23:59:59.999,73964885.4637
2022-04-13,1.0463,1.1356,1.0387,1.1243,68460615.0,2022-04-13 23:59:59.999,74808247.2011
2022-04-14,1.1244,1.1382,1.0548,1.0801,25128836.0,2022-04-14 23:59:59.999,27747831.5404
2022-04-15,1.08,1.117,1.0503,1.0815,22302313.0,2022-04-15 23:59:59.999,24142857.1957
2022-04-16,1.0815,1.093,1.0457,1.0908,10624747.0,2022-04-16 23:59:59.999,11410725.0284
2022-04-17,1.0907,1.1028,1.0342,1.0385,14066969.0,2022-04-17 23:59:59.999,15153960.3856
2022-04-18,1.0382,1.063,0.981,1.062,22709593.0,2022-04-18 23:59:59.999,23264129.2036
2022-04-19,1.0616,1.2576,1.049,1.2562,61469684.0,2022-04-19 23:59:59.999,70671344.3955
2022-04-20,1.2559,1.3896,1.1744,1.1876,270690062.0,2022-04-20 23:59:59.999,349851884.7732
2022-04-21,1.187,1.2055,1.07,1.1014,57479878.0,2022-04-21 23:59:59.999,66657224.618
2022-04-22,1.1014,1.141,1.0755,1.0867,31048220.0,2022-04-22 23:59:59.999,34469809.6838
2022-04-23,1.0867,1.0952,1.0517,1.0684,15014773.0,2022-04-23 23:59:59.999,16148497.8522
2022-04-24,1.0684,1.1573,1.0517,1.0664,111303028.0,2022-04-24 23:59:59.999,123393397.0327
2022-04-25,1.0663,1.0713,0.9825,1.0543,40542934.0,2022-04-25 23:59:59.999,41389863.9749
2022-04-26,1.054,1.0603,0.9404,0.9585,27361104.0,2022-04-26 23:59:59.999,27531825.2698
2022-04-27,0.9586,0.9946,0.9436,0.9908,19020308.0,2022-04-27 23:59:59.999,18571371.5738
2022-04-28,0.991,1.0313,0.977,1.0049,32302258.0,2022-04-28 23:59:59.999,32471810.6819
2022-04-29,1.005,1.0145,0.9164,0.9418,19856602.0,2022-04-29 23:59:59.999,19124570.0533
2022-04-30,0.9412,0.9588,0.8,0.8418,25167273.0,2022-04-30 23:59:59.999,22675894.2556
2022-05-01,0.8415,0.9159,0.8099,0.9001,25504374.0,2022-05-01 23:59:59.999,22085152.5299
2022-05-02,0.9,0.9135,0.8425,0.8867,24732045.0,2022-05-02 23:59:59.999,21762817.8951
2022-05-03,0.8865,0.9104,0.8437,0.8616,24643458.0,2022-05-03 23:59:59.999,21590971.7988
2022-05-04,0.8617,0.9586,0.8574,0.9548,29674678.0,2022-05-04 23:59:59.999,26787097.0151
2022-05-05,0.9548,0.9657,0.8252,0.8556,29808325.0,2022-05-05 23:59:59.999,26578848.6342
2022-05-06,0.8553,0.8626,0.8061,0.8495,26263436.0,2022-05-06 23:59:59.999,21984711.6823
2022-05-07,0.8495,0.8563,0.7857,0.807,23487740.0,2022-05-07 23:59:59.999,19586063.7404
2022-05-08,0.807,0.8294,0.7738,0.7869,28384895.0,2022-05-08 23:59:59.999,22671606.0449
2022-05-09,0.787,0.8135,0.6108,0.6228,52802326.0,2022-05-09 23:59:59.999,37115487.7183
2022-05-10,0.6221,0.716,0.5969,0.6527,72892272.0,2022-05-10 23:59:59.999,48159626.2347
2022-05-11,0.6524,0.6747,0.453,0.5005,117643590.0,2022-05-11 23:59:59.999,66093802.5633
2022-05-12,0.5009,0.5361,0.364,0.4449,132587804.0,2022-05-12 23:59:59.999,57546837.0425
2022-05-13,0.4448,0.5418,0.4413,0.5002,45084310.0,2022-05-13 23:59:59.999,22923608.6803
2022-05-14,0.5001,0.5539,0.4754,0.5428,41878457.0,2022-05-14 23:59:59.999,21633598.4141
2022-05-15,0.5426,0.5985,0.534,0.5956,33852952.0,2022-05-15 23:59:59.999,18907232.7493
2022-05-16,0.5955,0.5956,0.5212,0.5367,30622914.0,2022-05-16 23:59:59.999,16707425.8251
2022-05-17,0.5368,0.636,0.5348,0.6116,44916111.0,2022-05-17 23:59:59.999,25948175.3624
2022-05-18,0.6121,0.623,0.5284,0.5366,51945260.0,2022-05-18 23:59:59.999,29754733.6327
2022-05-19,0.5366,0.5757,0.4935,0.5555,45078889.0,2022-05-19 23:59:59.999,24107403.8459
2022-05-20,0.5556,0.5788,0.5164,0.5381,37270095.0,2022-05-20 23:59:59.999,20481051.4103
2022-05-21,0.5383,0.5632,0.5139,0.5547,31673396.0,2022-05-21 23:59:59.999,16994872.2165
2022-05-22,0.5549,0.6479,0.5482,0.5895,80675685.0,2022-05-22 23:59:59.999,47720138.1935
2022-05-23,0.5895,0.6243,0.5519,0.5618,42709465.0,2022-05-23 23:59:59.999,25498902.883
2022-05-24,0.5617,0.5868,0.5252,0.5788,37796900.0,2022-05-24 23:59:59.999,21133351.9628
2022-05-25,0.5786,0.5822,0.543,0.5611,37954876.0,2022-05-25 23:59:59.999,21250213.3533
2022-05-26,0.5611,0.5796,0.4952,0.5256,50635421.0,2022-05-26 23:59:59.999,27168629.7387
2022-05-27,0.525,0.5383,0.4882,0.5085,62507651.0,2022-05-27 23:59:59.999,31952723.0494
2022-05-28,0.5086,0.5305,0.4976,0.5233,28116669.0,2022-05-28 23:59:59.999,14577010.7214
2022-05-29,0.5232,0.5568,0.5086,0.5513,30100846.0,2022-05-29 23:59:59.999,16013178.6622
2022-05-30,0.5511,0.6011,0.5367,0.5966,36063918.0,2022-05-30 23:59:59.999,20620330.0124
2022-05-31,0.5965,0.6028,0.5581,0.5842,37369984.0,2022-05-31 23:59:59.999,21836414.309
2022-06-01,0.5837,0.6116,0.5467,0.5674,49989611.0,2022-06-01 23:59:59.999,29167175.7167
2022-06-02,0.5674,0.6126,0.5556,0.5984,80886604.0,2022-06-02 23:59:59.999,47103583.2048
2022-06-03,0.5983,0.5994,0.5537,0.5716,28997417.0,2022-06-03 23:59:59.999,16591829.3211
2022-06-04,0.5712,0.5726,0.5412,0.562,21694912.0,2022-06-04 23:59:59.999,12043585.5065
2022-06-05,0.5619,0.5858,0.5457,0.583,36077998.0,2022-06-05 23:59:59.999,20628763.2113
2022-06-06,0.583,0.63,0.5774,0.608,52208228.0,2022-06-06 23:59:59.999,31754550.4323
2022-06-07,0.6079,0.6089,0.5544,0.5842,38888657.0,2022-06-07 23:59:59.999,22394810.4987
2022-06-08,0.5843,0.6066,0.5646,0.5707,25539031.0,2022-06-08 23:59:59.999,14795604.3337
2022-06-09,0.5706,0.5883,0.5555,0.5604,35227159.0,2022-06-09 23:59:59.999,20087297.3097
2022-06-10,0.5604,0.5625,0.5015,0.5111,35200112.0,2022-06-10 23:59:59.999,18686815.2812
2022-06-11,0.5111,0.5286,0.461,0.4713,32686476.0,2022-06-11 23:59:59.999,16126351.3211
2022-06-12,0.4716,0.4739,0.4193,0.4213,35797567.0,2022-06-12 23:59:59.999,15763697.9953
2022-06-13,0.4214,0.4264,0.3475,0.3708,62731140.0,2022-06-13 23:59:59.999,23574575.5312
2022-06-14,0.371,0.378,0.3338,0.3696,42850216.0,2022-06-14 23:59:59.999,15497106.1266
2022-06-15,0.3696,0.401,0.3289,0.4005,72428584.0,2022-06-15 23:59:59.999,25824495.437
2022-06-16,0.4006,0.4865,0.3746,0.4266,1132334869.0,2022-06-16 23:59:59.999,500461213.8882
2022-06-17,0.4265,0.5,0.4134,0.4738,1343890034.0,2022-06-17 23:59:59.999,630350584.663
2022-06-18,0.4735,0.477,0.4006,0.4307,334707355.0,2022-06-18 23:59:59.999,148712965.9851
2022-06-19,0.4307,0.589,0.4269,0.5295,846299585.0,2022-06-19 23:59:59.999,459259185.9344
2022-06-20,0.5295,0.6582,0.528,0.6408,756458427.0,2022-06-20 23:59:59.999,457169626.6393
2022-06-21,0.6408,0.789,0.6343,0.7156,709026722.0,2022-06-21 23:59:59.999,515700948.5703
2022-06-22,0.7155,0.7385,0.614,0.6175,227026215.0,2022-06-22 23:59:59.999,151577786.0157
2022-06-23,0.6174,1.04,0.614,0.9421,836907695.0,2022-06-23 23:59:59.999,677832268.5688
2022-06-24,0.9419,1.0017,0.8762,0.9807,664135424.0,2022-06-24 23:59:59.999,615288729.5231
2022-06-25,0.9807,0.9937,0.8728,0.9175,222956504.0,2022-06-25 23:59:59.999,202767739.8598
2022-06-26,0.9174,0.9237,0.8161,0.8397,165873908.0,2022-06-26 23:59:59.999,141837435.5244
2022-06-27,0.8402,0.8402,0.756,0.7881,172535037.0,2022-06-27 23:59:59.999,136629033.2274
2022-06-28,0.7882,0.8485,0.723,0.7511,189996490.0,2022-06-28 23:59:59.999,146411274.1569
2022-06-29,0.7512,0.8373,0.7062,0.7233,228258864.0,2022-06-29 23:59:59.999,173798203.3407
2022-06-30,0.7233,0.7247,0.6367,0.6995,162801242.0,2022-06-30 23:59:59.999,109073658.3975
2022-07-01,0.6993,0.7181,0.6352,0.6569,102661858.0,2022-07-01 23:59:59.999,68132911.1968
2022-07-02,0.6571,0.7086,0.6425,0.6747,133626067.0,2022-07-02 23:59:59.999,89952519.4733
2022-07-03,0.6747,0.675,0.6334,0.6507,59371456.0,2022-07-03 23:59:59.999,38758636.6421
2022-07-04,0.6507,0.6759,0.6163,0.6673,86715428.0,2022-07-04 23:59:59.999,55529846.4507
2022-07-05,0.6673,0.7179,0.6242,0.6395,115633244.0,2022-07-05 23:59:59.999,76413315.0406
2022-07-06,0.6395,0.7044,0.6262,0.7023,150403850.0,2022-07-06 23:59:59.999,100338247.8947
2022-07-07,0.7025,0.8068,0.7021,0.8065,657431250.0,2022-07-07 23:59:59.999,500396055.1401
2022-07-08,0.8066,0.81,0.7351,0.7477,212357542.0,2022-07-08 23:59:59.999,161998473.8926
2022-07-09,0.7478,0.7551,0.7124,0.733,105488144.0,2022-07-09 23:59:59.999,77743008.118
2022-07-10,0.733,0.7349,0.6744,0.6819,82335098.0,2022-07-10 23:59:59.999,57656033.8868
2022-07-11,0.6821,0.711,0.6301,0.6431,118489431.0,2022-07-11 23:59:59.999,79406839.1936
2022-07-12,0.643,0.6552,0.606,0.6087,73164868.0,2022-07-12 23:59:59.999,46485858.2692
2022-07-13,0.6089,0.6449,0.5543,0.6372,104752709.0,2022-07-13 23:59:59.999,63856410.5823
2022-07-14,0.6371,0.6527,0.605,0.6472,66766473.0,2022-07-14 23:59:59.999,41909242.6948
2022-07-15,0.6471,0.708,0.6457,0.6839,131018414.0,2022-07-15 23:59:59.999,88899509.8265
2022-07-16,0.6838,0.6929,0.6531,0.6912,55264757.0,2022-07-16 23:59:59.999,37276440.5479
2022-07-17,0.6912,0.7125,0.66,0.6637,63287953.0,2022-07-17 23:59:59.999,43217487.1333
2022-07-18,0.6636,0.7104,0.6606,0.6955,84395366.0,2022-07-18 23:59:59.999,58122190.5515
2022-07-19,0.6953,0.7238,0.6664,0.7119,100848732.0,2022-07-19 23:59:59.999,70039069.9038
2022-07-20,0.7119,0.7552,0.6559,0.6671,108965146.0,2022-07-20 23:59:59.999,77831616.5384
2022-07-21,0.6672,0.6796,0.6302,0.6706,68710012.0,2022-07-21 23:59:59.999,44925109.5989
2022-07-22,0.6705,0.6819,0.6378,0.6441,55114664.0,2022-07-22 23:59:59.999,36521666.5814
2022-07-23,0.6442,0.6753,0.6365,0.6626,51031196.0,2022-07-23 23:59:59.999,33519114.3921
2022-07-24,0.6627,0.6744,0.6504,0.6558,39620642.0,2022-07-24 23:59:59.999,26208224.7129
2022-07-25,0.6559,0.6653,0.5951,0.5962,49116178.0,2022-07-25 23:59:59.999,30747041.0972
2022-07-26,0.596,0.6072,0.5775,0.6063,44001222.0,2022-07-26 23:59:59.999,26061405.1675
2022-07-27,0.6062,0.6507,0.5881,0.6498,46413931.0,2022-07-27 23:59:59.999,28394998.9416
2022-07-28,0.6498,0.6888,0.6219,0.6738,59769273.0,2022-07-28 23:59:59.999,39087124.7412
2022-07-29,0.6741,0.6911,0.6474,0.6682,67473207.0,2022-07-29 23:59:59.999,45402214.8038
2022-07-30,0.6681,0.7323,0.6626,0.6778,93158616.0,2022-07-30 23:59:59.999,65209062.5038
2022-07-31,0.6778,0.7792,0.6639,0.6866,127527774.0,2022-07-31 23:59:59.999,92316349.5525
2022-08-01,0.6865,0.782,0.6837,0.7117,142502373.0,2022-08-01 23:59:59.999,103411899.1727
2022-08-02,0.7116,0.7211,0.6464,0.6568,58155947.0,2022-08-02 23:59:59.999,38814759.0972
2022-08-03,0.6568,0.6807,0.6361,0.6537,36649767.0,2022-08-03 23:59:59.999,24287522.0977
2022-08-04,0.6538,0.676,0.6467,0.6638,36671458.0,2022-08-04 23:59:59.999,24257205.1714
2022-08-05,0.6639,0.6978,0.6634,0.696,44856368.0,2022-08-05 23:59:59.999,30673682.4773
2022-08-06,0.6959,0.7062,0.6877,0.693,29680272.0,2022-08-06 23:59:59.999,20714909.0234
2022-08-07,0.6929,0.7018,0.6781,0.6901,18672989.0,2022-08-07 23:59:59.999,12891533.3771
2022-08-08,0.69,0.7168,0.6851,0.7006,33377288.0,2022-08-08 23:59:59.999,23470872.1727
2022-08-09,0.7005,0.7099,0.6461,0.6623,46001740.0,2022-08-09 23:59:59.999,31298093.526
2022-08-10,0.6623,0.7599,0.6481,0.7203,106383712.0,2022-08-10 23:59:59.999,75656367.5188
2022-08-11,0.7204,0.77,0.706,0.7233,86443975.0,2022-08-11 23:59:59.999,63200180.351
2022-08-12,0.7234,0.7273,0.6978,0.7264,35686591.0,2022-08-12 23:59:59.999,25501356.6319
2022-08-13,0.7266,0.7464,0.7123,0.7225,30981562.0,2022-08-13 23:59:59.999,22520676.5838
2022-08-14,0.7226,0.7533,0.697,0.7085,36210457.0,2022-08-14 23:59:59.999,26248423.1023
2022-08-15,0.7085,0.7293,0.6916,0.7137,47040268.0,2022-08-15 23:59:59.999,33589313.5872
2022-08-16,0.714,0.7207,0.6886,0.6934,34132483.0,2022-08-16 23:59:59.999,23914913.1963
2022-08-17,0.6933,0.7137,0.6512,0.657,39210099.0,2022-08-17 23:59:59.999,26628565.901
2022-08-18,0.657,0.6717,0.6151,0.6376,32407330.0,2022-08-18 23:59:59.999,21252807.0279
2022-08-19,0.6376,0.6412,0.5557,0.5664,62134611.0,2022-08-19 23:59:59.999,36460953.2814
2022-08-20,0.5665,0.5853,0.5506,0.5679,32710113.0,2022-08-20 23:59:59.999,18684052.4681
2022-08-21,0.5679,0.59,0.5646,0.5833,25943357.0,2022-08-21 23:59:59.999,14994053.3171
2022-08-22,0.5832,0.5921,0.5482,0.5703,33541991.0,2022-08-22 23:59:59.999,18920319.1072
2022-08-23,0.5703,0.5798,0.5493,0.5772,28019401.0,2022-08-23 23:59:59.999,15940209.6177
2022-08-24,0.5772,0.6149,0.5588,0.587,83404220.0,2022-08-24 23:59:59.999,49402854.7434
2022-08-25,0.587,0.6449,0.5838,0.6083,142937376.0,2022-08-25 23:59:59.999,88176279.7035
2022-08-26,0.6081,0.6347,0.551,0.5561,118121651.0,2022-08-26 23:59:59.999,71354749.2112
2022-08-27,0.5563,0.5591,0.5322,0.5438,38795820.0,2022-08-27 23:59:59.999,21079662.3554
2022-08-28,0.5438,0.5585,0.5217,0.5265,33100275.0,2022-08-28 23:59:59.999,18021665.988
2022-08-29,0.5264,0.5539,0.5164,0.5515,30187610.0,2022-08-29 23:59:59.999,16127340.1731
2022-08-30,0.5513,0.5646,0.5246,0.5382,31576328.0,2022-08-30 23:59:59.999,17295282.8781
2022-08-31,0.5381,0.5598,0.5365,0.5504,34485061.0,2022-08-31 23:59:59.999,19004969.3939
2022-09-01,0.5505,0.5539,0.5265,0.5491,26880916.0,2022-09-01 23:59:59.999,14573283.1267
2022-09-02,0.549,0.5558,0.5329,0.5388,21388397.0,2022-09-02 23:59:59.999,11666374.033
2022-09-03,0.5386,0.547,0.5296,0.5423,16350741.0,2022-09-03 23:59:59.999,8821117.9603
2022-09-04,0.5421,0.5668,0.537,0.5536,28817215.0,2022-09-04 23:59:59.999,15929006.2941
2022-09-05,0.5535,0.5585,0.5364,0.5538,22309587.0,2022-09-05 23:59:59.999,12207166.9349
2022-09-06,0.5537,0.5636,0.5,0.5013,37720423.0,2022-09-06 23:59:59.999,20172926.5262
2022-09-07,0.5012,0.5219,0.4833,0.5155,33210851.0,2022-09-07 23:59:59.999,16624540.7489
2022-09-08,0.5157,0.5374,0.5037,0.5294,32234131.0,2022-09-08 23:59:59.999,16748917.4201
2022-09-09,0.5294,0.5659,0.5266,0.5573,28785040.0,2022-09-09 23:59:59.999,15822464.0855
2022-09-10,0.5574,0.5694,0.5458,0.5543,23969799.0,2022-09-10 23:59:59.999,13346139.9736
2022-09-11,0.5543,0.5724,0.5403,0.5533,32931012.0,2022-09-11 23:59:59.999,18344119.0414
2022-09-12,0.5533,0.5857,0.544,0.5655,46430539.0,2022-09-12 23:59:59.999,26209836.2228
2022-09-13,0.5656,0.5728,0.5059,0.5072,39697297.0,2022-09-13 23:59:59.999,21500094.2524
2022-09-14,0.5072,0.5192,0.4991,0.5131,25961658.0,2022-09-14 23:59:59.999,13241355.2506
2022-09-15,0.5132,0.5151,0.4822,0.4862,32723759.0,2022-09-15 23:59:59.999,16288978.0652
2022-09-16,0.4862,0.5092,0.4712,0.4982,46094344.0,2022-09-16 23:59:59.999,22750768.3914
2022-09-17,0.4982,0.5102,0.4953,0.5083,16127564.0,2022-09-17 23:59:59.999,8102489.8055
2022-09-18,0.5085,0.5133,0.4446,0.4666,26352179.0,2022-09-18 23:59:59.999,12900249.4427
2022-09-19,0.4666,0.4795,0.4489,0.4748,29480215.0,2022-09-19 23:59:59.999,13636422.2195
2022-09-20,0.4748,0.4781,0.4531,0.4564,25537416.0,2022-09-20 23:59:59.999,11923776.6135
2022-09-21,0.4565,0.4857,0.4348,0.4417,49237008.0,2022-09-21 23:59:59.999,22449869.4702
2022-09-22,0.4417,0.4695,0.4416,0.464,27698352.0,2022-09-22 23:59:59.999,12659291.0927
2022-09-23,0.464,0.4757,0.4466,0.4672,35918771.0,2022-09-23 23:59:59.999,16524976.975
2022-09-24,0.4672,0.4849,0.462,0.4691,30765035.0,2022-09-24 23:59:59.999,14502824.9071
2022-09-25,0.4691,0.4772,0.4495,0.4534,30473097.0,2022-09-25 23:59:59.999,14187393.6577
2022-09-26,0.4533,0.4623,0.4431,0.4592,30201957.0,2022-09-26 23:59:59.999,13732914.3003
2022-09-27,0.4592,0.4906,0.4555,0.4607,52583866.0,2022-09-27 23:59:59.999,24995863.4913
2022-09-28,0.4607,0.4634,0.4381,0.4553,29313662.0,2022-09-28 23:59:59.999,13180422.8346
2022-09-29,0.4552,0.4604,0.4434,0.4538,21867836.0,2022-09-29 23:59:59.999,9856395.703
2022-09-30,0.4537,0.4568,0.4445,0.4486,23848354.0,2022-09-30 23:59:59.999,10756677.9694
2022-10-01,0.4487,0.4526,0.445,0.4488,10857846.0,2022-10-01 23:59:59.999,4873440.2639
2022-10-02,0.4489,0.4516,0.438,0.4418,19742335.0,2022-10-02 23:59:59.999,8796254.7023
2022-10-03,0.4418,0.4645,0.431,0.4502,38512384.0,2022-10-03 23:59:59.999,17321440.898
2022-10-04,0.4503,0.4607,0.4471,0.4583,26026199.0,2022-10-04 23:59:59.999,11840905.7826
2022-10-05,0.4582,0.4595,0.4406,0.4524,26382205.0,2022-10-05 23:59:59.999,11889455.9838
2022-10-06,0.4524,0.4618,0.4437,0.4462,24487497.0,2022-10-06 23:59:59.999,11089958.1851
2022-10-07,0.4463,0.4715,0.4366,0.4522,65576841.0,2022-10-07 23:59:59.999,29845607.0629
2022-10-08,0.4521,0.4932,0.4508,0.4723,434680962.0,2022-10-08 23:59:59.999,208247671.9502
2022-10-09,0.4722,0.4739,0.4553,0.4618,121258666.0,2022-10-09 23:59:59.999,55973592.26
2022-10-10,0.4618,0.4711,0.4405,0.4436,70282341.0,2022-10-10 23:59:59.999,32253749.7607
2022-10-11,0.4435,0.4437,0.4187,0.4242,48617078.0,2022-10-11 23:59:59.999,20850804.2152
2022-10-12,0.424,0.4276,0.4142,0.4186,32378660.0,2022-10-12 23:59:59.999,13653938.9269
2022-10-13,0.4187,0.4204,0.3722,0.4071,77736028.0,2022-10-13 23:59:59.999,30705103.0572
2022-10-14,0.407,0.4251,0.3995,0.4068,37046278.0,2022-10-14 23:59:59.999,15343358.3751
2022-10-15,0.4069,0.4134,0.4018,0.4072,15621421.0,2022-10-15 23:59:59.999,6379694.6934
2022-10-16,0.4072,0.4219,0.4069,0.4153,23533647.0,2022-10-16 23:59:59.999,9758030.0886
2022-10-17,0.4152,0.4254,0.4106,0.4226,22131243.0,2022-10-17 23:59:59.999,9258649.8706
2022-10-18,0.4226,0.4634,0.4224,0.4337,227362463.0,2022-10-18 23:59:59.999,100992295.8043
2022-10-19,0.4337,0.4349,0.3961,0.4027,70281280.0,2022-10-19 23:59:59.999,29112250.3994
2022-10-20,0.4028,0.416,0.3933,0.3982,40602548.0,2022-10-20 23:59:59.999,16447999.5625
2022-10-21,0.3982,0.403,0.38,0.4012,37776491.0,2022-10-21 23:59:59.999,14879593.397
2022-10-22,0.4013,0.4075,0.3955,0.4054,16483257.0,2022-10-22 23:59:59.999,6634351.4873
2022-10-23,0.4054,0.4154,0.3966,0.4128,21069042.0,2022-10-23 23:59:59.999,8546873.4768
2022-10-24,0.4128,0.4155,0.4012,0.4105,26686793.0,2022-10-24 23:59:59.999,10908403.5582
2022-10-25,0.4106,0.4318,0.4079,0.4216,42107752.0,2022-10-25 23:59:59.999,17645821.3525
2022-10-26,0.4217,0.4334,0.4203,0.4303,33503984.0,2022-10-26 23:59:59.999,14323537.8538
2022-10-27,0.4303,0.4504,0.4198,0.4231,61152941.0,2022-10-27 23:59:59.999,26692781.3194
2022-10-28,0.4231,0.4332,0.4106,0.4282,37907810.0,2022-10-28 23:59:59.999,15953208.6211
2022-10-29,0.4281,0.4518,0.4281,0.4435,58092017.0,2022-10-29 23:59:59.999,25623159.8521
2022-10-30,0.4434,0.4579,0.4279,0.4341,51305453.0,2022-10-30 23:59:59.999,22661535.6261
2022-10-31,0.4342,0.4417,0.4254,0.4379,38644924.0,2022-10-31 23:59:59.999,16752279.0664
2022-11-01,0.4379,0.4725,0.4377,0.4515,165693837.0,2022-11-01 23:59:59.999,75752648.7995
2022-11-02,0.4515,0.4814,0.4281,0.4438,120031686.0,2022-11-02 23:59:59.999,54526638.7263
2022-11-03,0.4437,0.5288,0.4433,0.4728,261430288.0,2022-11-03 23:59:59.999,128698206.8621
2022-11-04,0.4729,0.4983,0.4662,0.4953,125252629.0,2022-11-04 23:59:59.999,60280628.4471
2022-11-05,0.4953,0.5008,0.4735,0.4854,59342568.0,2022-11-05 23:59:59.999,29068914.0994
2022-11-06,0.4854,0.487,0.4545,0.4556,52670895.0,2022-11-06 23:59:59.999,25004125.5598
2022-11-07,0.4556,0.4799,0.447,0.4626,59784245.0,2022-11-07 23:59:59.999,27690462.2643
2022-11-08,0.4626,0.4725,0.3098,0.3712,144024567.0,2022-11-08 23:59:59.999,58126449.3944
2022-11-09,0.3712,0.3746,0.275,0.2833,154221287.0,2022-11-09 23:59:59.999,50159495.7772
2022-11-10,0.2834,0.3395,0.276,0.3343,110372245.0,2022-11-10 23:59:59.999,34283079.2432
2022-11-11,0.334,0.3463,0.3005,0.3199,82349530.0,2022-11-11 23:59:59.999,26327388.6411
2022-11-12,0.32,0.3311,0.301,0.3046,49937466.0,2022-11-12 23:59:59.999,15623425.4122
2022-11-13,0.3046,0.3135,0.2868,0.2937,69697069.0,2022-11-13 23:59:59.999,20878053.6647
2022-11-14,0.2937,0.3001,0.2735,0.2975,66291364.0,2022-11-14 23:59:59.999,19144193.7281
2022-11-15,0.2976,0.325,0.2927,0.3088,64313030.0,2022-11-15 23:59:59.999,19872408.0229
2022-11-16,0.3088,0.3223,0.2996,0.3076,60007347.0,2022-11-16 23:59:59.999,18594431.9643
2022-11-17,0.3076,0.3132,0.2941,0.3011,48600643.0,2022-11-17 23:59:59.999,14751848.3803
2022-11-18,0.3012,0.309,0.3001,0.3081,35921217.0,2022-11-18 23:59:59.999,10952389.2511
2022-11-19,0.3081,0.3274,0.3037,0.32,171855097.0,2022-11-19 23:59:59.999,54604460.4475
2022-11-20,0.32,0.3428,0.3081,0.3099,175343003.0,2022-11-20 23:59:59.999,57483398.8889
2022-11-21,0.31,0.3656,0.3004,0.3403,503673348.0,2022-11-21 23:59:59.999,170088884.3347
2022-11-22,0.3403,0.3541,0.3074,0.3346,163313461.0,2022-11-22 23:59:59.999,53393225.5437
2022-11-23,0.3347,0.3538,0.3285,0.3523,72105988.0,2022-11-23 23:59:59.999,24520388.1115
2022-11-24,0.3522,0.354,0.3376,0.3457,48090261.0,2022-11-24 23:59:59.999,16616763.3923
2022-11-25,0.3456,0.3504,0.3281,0.3343,41722787.0,2022-11-25 23:59:59.999,13973017.7729
2022-11-26,0.3347,0.3427,0.3294,0.3336,32448759.0,2022-11-26 23:59:59.999,10920659.5262
2022-11-27,0.3336,0.35,0.3321,0.3346,46702391.0,2022-11-27 23:59:59.999,15880332.8209
2022-11-28,0.3346,0.3375,0.3129,0.3223,51855157.0,2022-11-28 23:59:59.999,16605796.6622
2022-11-29,0.3223,0.3291,0.3176,0.325,44821392.0,2022-11-29 23:59:59.999,14530496.3139
2022-11-30,0.325,0.3433,0.3246,0.3414,42858831.0,2022-11-30 23:59:59.999,14330553.5946
2022-12-01,0.3414,0.3416,0.3311,0.3351,28934172.0,2022-12-01 23:59:59.999,9726912.7118
2022-12-02,0.3351,0.3387,0.3256,0.3376,34240189.0,2022-12-02 23:59:59.999,11429989.9043
2022-12-03,0.3376,0.3398,0.3261,0.3276,43152130.0,2022-12-03 23:59:59.999,14449676.1823
2022-12-04,0.3276,0.3336,0.3273,0.3318,17108164.0,2022-12-04 23:59:59.999,5654042.2911
2022-12-05,0.3319,0.3399,0.3215,0.3274,40141480.0,2022-12-05 23:59:59.999,13377505.1166
2022-12-06,0.3275,0.33,0.3223,0.3285,24102910.0,2022-12-06 23:59:59.999,7865683.7573
2022-12-07,0.3286,0.3305,0.3066,0.3129,30051693.0,2022-12-07 23:59:59.999,9496855.3342
2022-12-08,0.3129,0.3228,0.3094,0.3216,25056055.0,2022-12-08 23:59:59.999,7896490.239
2022-12-09,0.3216,0.3247,0.3168,0.3204,19557628.0,2022-12-09 23:59:59.999,6274956.6679
2022-12-10,0.3204,0.3325,0.3187,0.3267,32289086.0,2022-12-10 23:59:59.999,10455834.1951
2022-12-11,0.3267,0.3285,0.3167,0.3189,20444846.0,2022-12-11 23:59:59.999,6632028.2098
2022-12-12,0.3189,0.3194,0.3023,0.3118,25504077.0,2022-12-12 23:59:59.999,7862363.2049
2022-12-13,0.3118,0.336,0.2977,0.3245,84169405.0,2022-12-13 23:59:59.999,26948912.5454
2022-12-14,0.3246,0.357,0.3243,0.3345,399634814.0,2022-12-14 23:59:59.999,137252705.7544
2022-12-15,0.3346,0.336,0.3171,0.3189,83904701.0,2022-12-15 23:59:59.999,27268949.0072
2022-12-16,0.319,0.3212,0.27,0.2754,82204614.0,2022-12-16 23:59:59.999,24666244.7464
2022-12-17,0.2754,0.2776,0.2625,0.2747,45864580.0,2022-12-17 23:59:59.999,12429752.0186
2022-12-18,0.2747,0.2772,0.2679,0.2731,38871008.0,2022-12-18 23:59:59.999,10597219.8017
2022-12-19,0.2732,0.2768,0.2412,0.2511,53351727.0,2022-12-19 23:59:59.999,14056582.0657
2022-12-20,0.2511,0.2662,0.2511,0.2638,43722882.0,2022-12-20 23:59:59.999,11389109.786
2022-12-21,0.2638,0.2714,0.2611,0.2681,96439945.0,2022-12-21 23:59:59.999,25761417.6404
2022-12-22,0.2681,0.2692,0.2545,0.2653,43023236.0,2022-12-22 23:59:59.999,11310612.2836
2022-12-23,0.2652,0.2666,0.2616,0.2655,24709732.0,2022-12-23 23:59:59.999,6532153.2224
2022-12-24,0.2656,0.2685,0.2632,0.2678,16975016.0,2022-12-24 23:59:59.999,4513962.8653
2022-12-25,0.2678,0.2682,0.2595,0.2647,17916276.0,2022-12-25 23:59:59.999,4724964.9898
2022-12-26,0.2648,0.2654,0.2565,0.2632,22984351.0,2022-12-26 23:59:59.999,5990798.8802
2022-12-27,0.2632,0.2688,0.2538,0.2607,42270537.0,2022-12-27 23:59:59.999,11048619.2228
2022-12-28,0.2607,0.2616,0.2459,0.251,34886150.0,2022-12-28 23:59:59.999,8836493.0304
2022-12-29,0.2509,0.2526,0.2435,0.2487,33107660.0,2022-12-29 23:59:59.999,8214974.0102
2022-12-30,0.2488,0.2493,0.2382,0.2464,23371170.0,2022-12-30 23:59:59.999,5692128.0502
2022-12-31,0.2464,0.2491,0.2439,0.2465,15123817.0,2022-12-31 23:59:59.999,3721813.0369
2023-01-01,0.2464,0.2495,0.2427,0.2493,14025646.0,2023-01-01 23:59:59.999,3446358.4654
2023-01-02,0.2492,0.2545,0.243,0.253,22699449.0,2023-01-02 23:59:59.999,5663578.3913
2023-01-03,0.253,0.2545,0.2477,0.2519,23301535.0,2023-01-03 23:59:59.999,5846805.015
2023-01-04,0.252,0.261,0.2509,0.2585,31529421.0,2023-01-04 23:59:59.999,8113829.5516
2023-01-05,0.2586,0.2622,0.2533,0.2571,31049668.0,2023-01-05 23:59:59.999,7996102.036
2023-01-06,0.2571,0.2596,0.248,0.2586,34728814.0,2023-01-06 23:59:59.999,8799945.2825
2023-01-07,0.2585,0.2651,0.2574,0.2584,45663236.0,2023-01-07 23:59:59.999,11888539.8222
2023-01-08,0.2585,0.2727,0.2561,0.2711,40103246.0,2023-01-08 23:59:59.999,10516029.3454
2023-01-09,0.2711,0.2903,0.2683,0.2775,96479146.0,2023-01-09 23:59:59.999,27069803.817
2023-01-10,0.2776,0.2835,0.2696,0.2831,59029419.0,2023-01-10 23:59:59.999,16444148.3487
2023-01-11,0.283,0.2922,0.2756,0.2921,119007796.0,2023-01-11 23:59:59.999,33734538.8476
2023-01-12,0.292,0.299,0.2784,0.2979,92203220.0,2023-01-12 23:59:59.999,26729985.1531
2023-01-13,0.298,0.3159,0.2934,0.3155,66770054.0,2023-01-13 23:59:59.999,20149328.0078
2023-01-14,0.3155,0.3462,0.3032,0.3393,133828544.0,2023-01-14 23:59:59.999,43768441.4767
2023-01-15,0.3392,0.3519,0.3245,0.3456,117380492.0,2023-01-15 23:59:59.999,39670097.5871
2023-01-16,0.3457,0.3514,0.3247,0.3417,77408933.0,2023-01-16 23:59:59.999,26310083.9358
2023-01-17,0.3417,0.3465,0.3296,0.3399,47622988.0,2023-01-17 23:59:59.999,16161102.2562
2023-01-18,0.3399,0.361,0.3081,0.3187,152082615.0,2023-01-18 23:59:59.999,51629722.5976
2023-01-19,0.3185,0.3448,0.3185,0.3356,100889275.0,2023-01-19 23:59:59.999,33568501.7248
2023-01-20,0.3356,0.3593,0.3291,0.3562,49793343.0,2023-01-20 23:59:59.999,16958348.4076
2023-01-21,0.3562,0.366,0.3435,0.3505,71717442.0,2023-01-21 23:59:59.999,25619696.2313
2023-01-22,0.3506,0.3818,0.3465,0.3642,113164577.0,2023-01-22 23:59:59.999,41110173.7195
2023-01-23,0.3641,0.376,0.3578,0.3701,89091520.0,2023-01-23 23:59:59.999,32782958.1779
2023-01-24,0.37,0.3935,0.3444,0.3482,100613491.0,2023-01-24 23:59:59.999,37572109.3982
2023-01-25,0.3482,0.3624,0.3311,0.3584,75986030.0,2023-01-25 23:59:59.999,26375371.284
2023-01-26,0.3585,0.3692,0.354,0.3673,71852359.0,2023-01-26 23:59:59.999,26021979.9907
2023-01-27,0.3673,0.4111,0.359,0.4108,203629225.0,2023-01-27 23:59:59.999,78739427.6054
2023-01-28,0.4107,0.4127,0.3839,0.3916,55004867.0,2023-01-28 23:59:59.999,21718465.6658
2023-01-29,0.3914,0.3954,0.3844,0.3944,34423564.0,2023-01-29 23:59:59.999,13414453.2897
2023-01-30,0.3943,0.3968,0.3457,0.3556,73156289.0,2023-01-30 23:59:59.999,26932893.8726
2023-01-31,0.3555,0.3657,0.3501,0.3607,44351611.0,2023-01-31 23:59:59.999,15840797.553
2023-02-01,0.3606,0.3937,0.3512,0.39,139829698.0,2023-02-01 23:59:59.999,51831678.5736
2023-02-02,0.39,0.4372,0.39,0.3937,151528517.0,2023-02-02 23:59:59.999,62104665.8444
2023-02-03,0.3937,0.4048,0.387,0.4038,56845627.0,2023-02-03 23:59:59.999,22433149.7735
2023-02-04,0.4038,0.423,0.403,0.4177,84328859.0,2023-02-04 23:59:59.999,34906944.1916
2023-02-05,0.4178,0.4437,0.3919,0.4424,174338908.0,2023-02-05 23:59:59.999,73213257.847
2023-02-06,0.4423,0.4427,0.4146,0.4279,131766618.0,2023-02-06 23:59:59.999,56361461.1405
2023-02-07,0.4279,0.4599,0.412,0.4562,133184938.0,2023-02-07 23:59:59.999,57895534.4701
2023-02-08,0.4562,0.5177,0.426,0.4411,295070725.0,2023-02-08 23:59:59.999,140567872.1243
2023-02-09,0.4409,0.474,0.3743,0.3888,194735104.0,2023-02-09 23:59:59.999,83443975.5392
2023-02-10,0.3886,0.3938,0.3774,0.3857,69773876.0,2023-02-10 23:59:59.999,26956677.5109
2023-02-11,0.3857,0.3973,0.3824,0.3955,41234886.0,2023-02-11 23:59:59.999,16015296.6723
2023-02-12,0.3955,0.4208,0.3879,0.3973,75309304.0,2023-02-12 23:59:59.999,30373169.3659
2023-02-13,0.3973,0.3988,0.3624,0.3813,73701630.0,2023-02-13 23:59:59.999,27921195.7766
2023-02-14,0.3812,0.3938,0.3658,0.3926,60618962.0,2023-02-14 23:59:59.999,23013276.7539
2023-02-15,0.3926,0.423,0.3848,0.4222,64836496.0,2023-02-15 23:59:59.999,26021763.1677
2023-02-16,0.4222,0.4345,0.392,0.395,88298824.0,2023-02-16 23:59:59.999,37209999.4974
2023-02-17,0.395,0.4738,0.395,0.4491,357119475.0,2023-02-17 23:59:59.999,157701139.9682
2023-02-18,0.4491,0.4523,0.43,0.4347,101003777.0,2023-02-18 23:59:59.999,44480947.0429
2023-02-19,0.4346,0.4672,0.4255,0.4414,145771815.0,2023-02-19 23:59:59.999,65452156.7148
2023-02-20,0.4414,0.5246,0.4413,0.4839,410576425.0,2023-02-20 23:59:59.999,203792628.8984
2023-02-21,0.484,0.5008,0.448,0.465,138593414.0,2023-02-21 23:59:59.999,64808262.187
2023-02-22,0.465,0.4678,0.4342,0.4553,87467318.0,2023-02-22 23:59:59.999,39273723.5787
2023-02-23,0.4554,0.4852,0.4553,0.4738,112582641.0,2023-02-23 23:59:59.999,53202712.5171
2023-02-24,0.4737,0.4744,0.4359,0.4462,66035519.0,2023-02-24 23:59:59.999,30203401.5573
2023-02-25,0.4462,0.4474,0.4213,0.4382,40430293.0,2023-02-25 23:59:59.999,17621765.6897
2023-02-26,0.4383,0.4485,0.4335,0.4483,21811873.0,2023-02-26 23:59:59.999,9606556.8703
2023-02-27,0.4482,0.4504,0.4286,0.4405,39936802.0,2023-02-27 23:59:59.999,17586053.4118
2023-02-28,0.4405,0.4418,0.4237,0.4257,32363941.0,2023-02-28 23:59:59.999,14063308.9906
2023-03-01,0.4257,0.4446,0.4211,0.4427,34036367.0,2023-03-01 23:59:59.999,14889469.641
2023-03-02,0.4426,0.4457,0.4133,0.4239,32560681.0,2023-03-02 23:59:59.999,13806520.5029
2023-03-03,0.424,0.4244,0.3768,0.3904,56618337.0,2023-03-03 23:59:59.999,22159115.4978
2023-03-04,0.3903,0.3934,0.366,0.3772,26352886.0,2023-03-04 23:59:59.999,10076909.8518
2023-03-05,0.3771,0.3866,0.3706,0.3738,29755726.0,2023-03-05 23:59:59.999,11305139.9128
2023-03-06,0.3738,0.3798,0.3652,0.3776,28889787.0,2023-03-06 23:59:59.999,10781953.9575
2023-03-07,0.3776,0.3833,0.3563,0.3653,34754021.0,2023-03-07 23:59:59.999,12838578.5659
2023-03-08,0.3652,0.367,0.3331,0.3369,48395240.0,2023-03-08 23:59:59.999,16888225.8274
2023-03-09,0.3369,0.3525,0.306,0.3121,78454385.0,2023-03-09 23:59:59.999,26118515.3182
2023-03-10,0.3121,0.3146,0.2846,0.3063,85277496.0,2023-03-10 23:59:59.999,25654541.6279
2023-03-11,0.3064,0.3149,0.2883,0.3032,53922923.0,2023-03-11 23:59:59.999,16159361.7362
2023-03-12,0.3031,0.3347,0.2952,0.3318,43064532.0,2023-03-12 23:59:59.999,13353351.3181
2023-03-13,0.332,0.3567,0.3181,0.3542,70813036.0,2023-03-13 23:59:59.999,23835519.7778
2023-03-14,0.3542,0.3814,0.3458,0.3689,87843686.0,2023-03-14 23:59:59.999,31987063.7917
2023-03-15,0.3689,0.3764,0.3325,0.3409,62861303.0,2023-03-15 23:59:59.999,22247882.946
2023-03-16,0.3411,0.3492,0.3351,0.3477,45098048.0,2023-03-16 23:59:59.999,15484860.1788
2023-03-17,0.3476,0.3786,0.3428,0.3775,33499275.0,2023-03-17 23:59:59.999,12041551.84
2023-03-18,0.3774,0.3864,0.3638,0.3658,43654964.0,2023-03-18 23:59:59.999,16404284.4292
2023-03-19,0.3658,0.402,0.3658,0.3918,93019161.0,2023-03-19 23:59:59.999,35897455.2461
2023-03-20,0.3918,0.3938,0.3661,0.3695,49463201.0,2023-03-20 23:59:59.999,18814877.8057
2023-03-21,0.3693,0.3753,0.3516,0.3743,47298693.0,2023-03-21 23:59:59.999,17283916.4225
2023-03-22,0.3745,0.3748,0.3432,0.3542,47801839.0,2023-03-22 23:59:59.999,17309458.2022
2023-03-23,0.3541,0.3708,0.3512,0.3685,25980221.0,2023-03-23 23:59:59.999,9391562.9033
2023-03-24,0.3684,0.3694,0.3447,0.353,28782364.0,2023-03-24 23:59:59.999,10245948.5459
2023-03-25,0.353,0.357,0.3426,0.3505,17146344.0,2023-03-25 23:59:59.999,6032032.3476
2023-03-26,0.3505,0.3624,0.3476,0.3559,15935061.0,2023-03-26 23:59:59.999,5667858.0673
2023-03-27,0.356,0.358,0.3264,0.3356,37058411.0,2023-03-27 23:59:59.999,12611289.8314
2023-03-28,0.3358,0.3466,0.3303,0.3451,28394628.0,2023-03-28 23:59:59.999,9565226.671
2023-03-29,0.3452,0.3705,0.344,0.368,40717982.0,2023-03-29 23:59:59.999,14635827.729
2023-03-30,0.368,0.4008,0.3565,0.3751,134629845.0,2023-03-30 23:59:59.999,50577425.7505
2023-03-31,0.375,0.3891,0.3615,0.3889,72444371.0,2023-03-31 23:59:59.999,27241416.7456
2023-04-01,0.3889,0.4219,0.3846,0.3945,148979431.0,2023-04-01 23:59:59.999,60478269.7739
2023-04-02,0.3945,0.4087,0.3749,0.3821,61042400.0,2023-04-02 23:59:59.999,23874678.4579
2023-04-03,0.3821,0.3834,0.3634,0.3738,47308251.0,2023-04-03 23:59:59.999,17686967.5885
2023-04-04,0.3738,0.402,0.37,0.3948,73287273.0,2023-04-04 23:59:59.999,28494240.6663
2023-04-05,0.3948,0.427,0.3887,0.4076,99292888.0,2023-04-05 23:59:59.999,40601100.3638
2023-04-06,0.4076,0.4229,0.39,0.4019,70785973.0,2023-04-06 23:59:59.999,28668333.271
2023-04-07,0.402,0.4349,0.4017,0.4288,213842373.0,2023-04-07 23:59:59.999,89624492.5877
2023-04-08,0.4288,0.4288,0.3976,0.3996,78597053.0,2023-04-08 23:59:59.999,32486712.6229
2023-04-09,0.3996,0.406,0.3847,0.399,56383713.0,2023-04-09 23:59:59.999,22152215.6135
2023-04-10,0.3991,0.4095,0.3844,0.4078,48405242.0,2023-04-10 23:59:59.999,19154897.6571
2023-04-11,0.4078,0.4086,0.3979,0.4034,46259058.0,2023-04-11 23:59:59.999,18607365.6327
2023-04-12,0.4034,0.4034,0.3792,0.3936,53965444.0,2023-04-12 23:59:59.999,21035409.1766
2023-04-13,0.3935,0.4036,0.3904,0.4025,37241540.0,2023-04-13 23:59:59.999,14799501.2429
2023-04-14,0.4025,0.4139,0.3957,0.4089,44300870.0,2023-04-14 23:59:59.999,18000364.7747
2023-04-15,0.4089,0.4097,0.4004,0.4051,23159055.0,2023-04-15 23:59:59.999,9378452.5442
2023-04-16,0.4051,0.414,0.3969,0.4099,32719545.0,2023-04-16 23:59:59.999,13324291.2066
2023-04-17,0.4098,0.4122,0.3911,0.3987,37067626.0,2023-04-17 23:59:59.999,14846539.5352
2023-04-18,0.3986,0.409,0.3922,0.4073,28117638.0,2023-04-18 23:59:59.999,11317586.2437
2023-04-19,0.4073,0.4075,0.3557,0.367,59236760.0,2023-04-19 23:59:59.999,22398162.5546
2023-04-20,0.3669,0.3803,0.3578,0.3756,99357464.0,2023-04-20 23:59:59.999,36775176.1104
2023-04-21,0.3756,0.3826,0.3516,0.3607,141839839.0,2023-04-21 23:59:59.999,52834577.6688
2023-04-22,0.3608,0.3681,0.3545,0.366,33954571.0,2023-04-22 23:59:59.999,12245318.995
2023-04-23,0.3661,0.3664,0.3428,0.3571,29996190.0,2023-04-23 23:59:59.999,10693148.6212
2023-04-24,0.3571,0.3617,0.3429,0.3525,30717234.0,2023-04-24 23:59:59.999,10811202.7975
2023-04-25,0.3526,0.3617,0.3414,0.3608,35861488.0,2023-04-25 23:59:59.999,12510397.3494
2023-04-26,0.3608,0.3723,0.3343,0.3528,52621080.0,2023-04-26 23:59:59.999,18737119.227
2023-04-27,0.3527,0.3627,0.347,0.3592,40900217.0,2023-04-27 23:59:59.999,14536477.6927
2023-04-28,0.3593,0.3606,0.3496,0.3562,18105119.0,2023-04-28 23:59:59.999,6435192.4228
2023-04-29,0.3561,0.3613,0.354,0.361,13901689.0,2023-04-29 23:59:59.999,4975486.1286
2023-04-30,0.3609,0.361,0.3481,0.3503,16407349.0,2023-04-30 23:59:59.999,5828352.8148
2023-05-01,0.3502,0.351,0.3335,0.3401,22592670.0,2023-05-01 23:59:59.999,7730184.7258
2023-05-02,0.3402,0.3428,0.3344,0.342,17164099.0,2023-05-02 23:59:59.999,5815611.047
2023-05-03,0.3419,0.3494,0.3329,0.3469,22322443.0,2023-05-03 23:59:59.999,7579212.9278
2023-05-04,0.347,0.3484,0.3385,0.342,14991644.0,2023-05-04 23:59:59.999,5152728.5794
2023-05-05,0.3421,0.3495,0.3318,0.3465,17979573.0,2023-05-05 23:59:59.999,6183886.2052
2023-05-06,0.3466,0.3494,0.332,0.3359,18255551.0,2023-05-06 23:59:59.999,6201272.886
2023-05-07,0.336,0.3409,0.3302,0.3314,15103845.0,2023-05-07 23:59:59.999,5077196.3407
2023-05-08,0.3316,0.3334,0.2903,0.3066,40167131.0,2023-05-08 23:59:59.999,12470228.711
2023-05-09,0.3067,0.3131,0.304,0.3109,19133662.0,2023-05-09 23:59:59.999,5910036.4789
2023-05-10,0.3108,0.3263,0.3011,0.3177,53704396.0,2023-05-10 23:59:59.999,17017972.8784
2023-05-11,0.3176,0.3205,0.2977,0.3062,34600357.0,2023-05-11 23:59:59.999,10773956.8742
2023-05-12,0.3062,0.3073,0.291,0.3072,29725616.0,2023-05-12 23:59:59.999,8921447.4008
2023-05-13,0.3072,0.3077,0.3007,0.3035,14606808.0,2023-05-13 23:59:59.999,4433785.9038
2023-05-14,0.3035,0.3075,0.2982,0.3044,14499069.0,2023-05-14 23:59:59.999,4396529.9622
2023-05-15,0.3045,0.3147,0.2994,0.3099,20018626.0,2023-05-15 23:59:59.999,6199027.1032
2023-05-16,0.3099,0.313,0.3042,0.3117,20824516.0,2023-05-16 23:59:59.999,6426552.8479
2023-05-17,0.3118,0.3194,0.3044,0.3164,30251952.0,2023-05-17 23:59:59.999,9435138.8171
2023-05-18,0.3165,0.3176,0.3069,0.3139,22871464.0,2023-05-18 23:59:59.999,7181864.4324
2023-05-19,0.3139,0.3171,0.3111,0.3153,19545993.0,2023-05-19 23:59:59.999,6151903.4569
2023-05-20,0.3153,0.3181,0.3117,0.3158,11217314.0,2023-05-20 23:59:59.999,3533501.1099
2023-05-21,0.3159,0.3179,0.3015,0.3037,16125139.0,2023-05-21 23:59:59.999,4985471.4248
2023-05-22,0.3036,0.3085,0.2968,0.3052,63826107.0,2023-05-22 23:59:59.999,19317933.5904
2023-05-23,0.3052,0.3134,0.3032,0.3114,18311258.0,2023-05-23 23:59:59.999,5673361.9707
2023-05-24,0.3115,0.312,0.2919,0.2944,28149955.0,2023-05-24 23:59:59.999,8419676.0722
2023-05-25,0.2945,0.2953,0.2853,0.2935,19137090.0,2023-05-25 23:59:59.999,5583767.9739
2023-05-26,0.2935,0.2962,0.289,0.2936,15401189.0,2023-05-26 23:59:59.999,4505014.3
2023-05-27,0.2936,0.2977,0.2921,0.2966,11672157.0,2023-05-27 23:59:59.999,3444067.8662
2023-05-28,0.2967,0.3078,0.2951,0.3037,18514762.0,2023-05-28 23:59:59.999,5563425.4285
2023-05-29,0.3036,0.3056,0.2989,0.3021,22449247.0,2023-05-29 23:59:59.999,6778167.7523
2023-05-30,0.3022,0.31,0.3003,0.304,23269078.0,2023-05-30 23:59:59.999,7109252.7806
2023-05-31,0.304,0.3072,0.29,0.294,29468369.0,2023-05-31 23:59:59.999,8730935.4826
2023-06-01,0.2941,0.2977,0.289,0.294,16202843.0,2023-06-01 23:59:59.999,4762401.689
2023-06-02,0.2941,0.302,0.2904,0.3012,21376547.0,2023-06-02 23:59:59.999,6380636.0372
2023-06-03,0.3012,0.3058,0.2974,0.2993,20650193.0,2023-06-03 23:59:59.999,6222441.4042
2023-06-04,0.2993,0.3035,0.2961,0.2995,13699989.0,2023-06-04 23:59:59.999,4114383.9833
2023-06-05,0.2994,0.3,0.26,0.2716,51868042.0,2023-06-05 23:59:59.999,14629977.1956
2023-06-06,0.2717,0.2816,0.2629,0.2787,32825120.0,2023-06-06 23:59:59.999,8913409.9785
2023-06-07,0.2788,0.318,0.268,0.2997,635593278.0,2023-06-07 23:59:59.999,191547158.8789
2023-06-08,0.2997,0.3349,0.292,0.3249,1906955693.0,2023-06-08 23:59:59.999,606653117.2052
2023-06-09,0.3249,0.3315,0.283,0.2836,799326971.0,2023-06-09 23:59:59.999,245647990.7884
2023-06-10,0.2835,0.2837,0.2111,0.2332,687432125.0,2023-06-10 23:59:59.999,165397269.6107
2023-06-11,0.2332,0.24,0.2278,0.2335,166748182.0,2023-06-11 23:59:59.999,38981694.834
2023-06-12,0.2335,0.238,0.2265,0.2335,164035910.0,2023-06-12 23:59:59.999,38139007.1929
2023-06-13,0.2335,0.2404,0.2258,0.2308,129364371.0,2023-06-13 23:59:59.999,30294797.9733
2023-06-14,0.2309,0.2385,0.2156,0.222,148324011.0,2023-06-14 23:59:59.999,34023609.402
2023-06-15,0.2221,0.2247,0.2153,0.2239,116403209.0,2023-06-15 23:59:59.999,25694530.1348
2023-06-16,0.2239,0.2283,0.2168,0.2257,73483139.0,2023-06-16 23:59:59.999,16340678.0746
2023-06-17,0.2257,0.2342,0.224,0.2297,57244342.0,2023-06-17 23:59:59.999,13179642.7
2023-06-18,0.2297,0.234,0.223,0.2273,55439626.0,2023-06-18 23:59:59.999,12718915.6637
2023-06-19,0.2272,0.2332,0.2241,0.2324,65177191.0,2023-06-19 23:59:59.999,14903482.1204
2023-06-20,0.2324,0.2448,0.23,0.2413,329821137.0,2023-06-20 23:59:59.999,78592648.0862
2023-06-21,0.2413,0.2548,0.2399,0.2525,134133329.0,2023-06-21 23:59:59.999,33135169.8447
2023-06-22,0.2526,0.2619,0.246,0.2524,119838522.0,2023-06-22 23:59:59.999,30525794.9168
2023-06-23,0.2525,0.2677,0.2522,0.2665,105788081.0,2023-06-23 23:59:59.999,27374840.3896
2023-06-24,0.2666,0.2849,0.2614,0.2775,137257175.0,2023-06-24 23:59:59.999,37501012.4486
2023-06-25,0.2774,0.2854,0.2704,0.274,77053773.0,2023-06-25 23:59:59.999,21448668.5998
2023-06-26,0.274,0.2754,0.2607,0.2667,74400714.0,2023-06-26 23:59:59.999,19951372.3595
2023-06-27,0.2667,0.277,0.2636,0.2761,66056936.0,2023-06-27 23:59:59.999,17870255.4614
2023-06-28,0.2761,0.2831,0.2642,0.2767,386539019.0,2023-06-28 23:59:59.999,106554837.8554
2023-06-29,0.2767,0.3169,0.2721,0.2765,1104749835.0,2023-06-29 23:59:59.999,325307237.9127
2023-06-30,0.2765,0.3108,0.2695,0.3058,461326482.0,2023-06-30 23:59:59.999,133997837.28
2023-07-01,0.3058,0.336,0.2918,0.3174,373097983.0,2023-07-01 23:59:59.999,117530751.207
2023-07-02,0.3174,0.3593,0.3134,0.3346,784479693.0,2023-07-02 23:59:59.999,267633315.8265
2023-07-03,0.3347,0.3598,0.3304,0.3535,282143701.0,2023-07-03 23:59:59.999,98130356.8559
2023-07-04,0.3535,0.5099,0.3479,0.5037,2638710024.0,2023-07-04 23:59:59.999,1182353525.1033
2023-07-05,0.5037,0.5549,0.395,0.4033,5015864075.0,2023-07-05 23:59:59.999,2316798470.5067
2023-07-06,0.4033,0.4068,0.3641,0.3667,1263052753.0,2023-07-06 23:59:59.999,482435347.7294
2023-07-07,0.3667,0.3793,0.3501,0.3569,436568525.0,2023-07-07 23:59:59.999,157798979.0295
2023-07-08,0.3568,0.3629,0.3346,0.3443,281265679.0,2023-07-08 23:59:59.999,97806994.3118
2023-07-09,0.3444,0.3595,0.3316,0.3381,422087438.0,2023-07-09 23:59:59.999,145039949.1794
2023-07-10,0.3382,0.3475,0.3251,0.3416,561169391.0,2023-07-10 23:59:59.999,189415351.7569
2023-07-11,0.3416,0.35,0.3227,0.3261,301122324.0,2023-07-11 23:59:59.999,100727013.3347
2023-07-12,0.3262,0.327,0.3115,0.3166,250981512.0,2023-07-12 23:59:59.999,79996159.8808
2023-07-13,0.3167,0.3249,0.3078,0.3216,368617239.0,2023-07-13 23:59:59.999,116284645.4122
2023-07-14,0.3215,0.327,0.2913,0.3061,363390330.0,2023-07-14 23:59:59.999,114001675.0736
2023-07-15,0.3061,0.3148,0.2998,0.3091,127149388.0,2023-07-15 23:59:59.999,39028613.3722
2023-07-16,0.309,0.3249,0.3056,0.3082,329259753.0,2023-07-16 23:59:59.999,103737998.5904
2023-07-17,0.3081,0.3157,0.2981,0.3135,181304433.0,2023-07-17 23:59:59.999,55913964.1626
2023-07-18,0.3135,0.3158,0.2981,0.3031,103890853.0,2023-07-18 23:59:59.999,31738430.7441
2023-07-19,0.3032,0.3143,0.3015,0.3122,170152212.0,2023-07-19 23:59:59.999,52738215.8953
2023-07-20,0.3123,0.3185,0.3053,0.3117,139662668.0,2023-07-20 23:59:59.999,43668684.0371
2023-07-21,0.3117,0.3168,0.3079,0.3101,79600787.0,2023-07-21 23:59:59.999,24799749.1302
2023-07-22,0.3101,0.3152,0.3054,0.309,73088930.0,2023-07-22 23:59:59.999,22796625.5621
2023-07-23,0.309,0.3245,0.3054,0.3098,122790105.0,2023-07-23 23:59:59.999,38688918.5994
2023-07-24,0.3099,0.3105,0.2746,0.2873,152675721.0,2023-07-24 23:59:59.999,44658622.3652
2023-07-25,0.2872,0.2896,0.2816,0.2884,69754603.0,2023-07-25 23:59:59.999,19925643.6882
2023-07-26,0.2883,0.2939,0.2835,0.2902,113806691.0,2023-07-26 23:59:59.999,32912353.3348
2023-07-27,0.2901,0.2935,0.2848,0.2913,66325727.0,2023-07-27 23:59:59.999,19220917.5231
2023-07-28,0.2914,0.3004,0.289,0.2983,118622560.0,2023-07-28 23:59:59.999,34965929.2379
2023-07-29,0.2983,0.3202,0.2975,0.3122,321173701.0,2023-07-29 23:59:59.999,99438927.1333
2023-07-30,0.3123,0.3202,0.2915,0.3013,254332785.0,2023-07-30 23:59:59.999,78139591.8895
2023-07-31,0.3013,0.3023,0.2923,0.297,109569996.0,2023-07-31 23:59:59.999,32636822.0392
2023-08-01,0.297,0.3023,0.283,0.3021,104852639.0,2023-08-01 23:59:59.999,30896422.3947
2023-08-02,0.3021,0.3027,0.2891,0.2957,63172884.0,2023-08-02 23:59:59.999,18688513.6325
2023-08-03,0.2957,0.2983,0.2903,0.2935,43819339.0,2023-08-03 23:59:59.999,12904446.9489
2023-08-04,0.2936,0.2982,0.283,0.2881,60267882.0,2023-08-04 23:59:59.999,17508713.2503
2023-08-05,0.2881,0.2949,0.2862,0.2902,56516215.0,2023-08-05 23:59:59.999,16362866.4927
2023-08-06,0.2902,0.2939,0.2878,0.2917,44692401.0,2023-08-06 23:59:59.999,13002808.6293
2023-08-07,0.2916,0.2959,0.2812,0.2881,75044901.0,2023-08-07 23:59:59.999,21714713.3346
2023-08-08,0.2882,0.2934,0.2796,0.2897,64353705.0,2023-08-08 23:59:59.999,18436598.4378
2023-08-09,0.2897,0.2938,0.2863,0.2906,50223007.0,2023-08-09 23:59:59.999,14574038.8504
2023-08-10,0.2906,0.2909,0.2862,0.2897,34143472.0,2023-08-10 23:59:59.999,9859742.6074
2023-08-11,0.2897,0.2904,0.2863,0.2897,29525520.0,2023-08-11 23:59:59.999,8517424.7885
2023-08-12,0.2896,0.2944,0.2877,0.291,30286404.0,2023-08-12 23:59:59.999,8790214.1318
2023-08-13,0.291,0.2949,0.2869,0.2885,46333011.0,2023-08-13 23:59:59.999,13468067.4144
2023-08-14,0.2884,0.2949,0.2879,0.2908,38262250.0,2023-08-14 23:59:59.999,11141517.4478
2023-08-15,0.2908,0.2913,0.2443,0.269,77030485.0,2023-08-15 23:59:59.999,20976606.406
2023-08-16,0.269,0.2693,0.2403,0.2491,98877090.0,2023-08-16 23:59:59.999,25195106.2697
2023-08-17,0.2492,0.2545,0.1905,0.2216,166123395.0,2023-08-17 23:59:59.999,38439096.3305
2023-08-18,0.2216,0.2317,0.2209,0.2306,106484896.0,2023-08-18 23:59:59.999,24158763.3468
2023-08-19,0.2305,0.2373,0.2303,0.2362,42176187.0,2023-08-19 23:59:59.999,9865299.8024
2023-08-20,0.2361,0.2383,0.232,0.2367,36833185.0,2023-08-20 23:59:59.999,8677486.958
2023-08-21,0.2367,0.2373,0.2258,0.2324,39414503.0,2023-08-21 23:59:59.999,9150023.1549
2023-08-22,0.2324,0.2356,0.2243,0.2347,55751840.0,2023-08-22 23:59:59.999,12846926.8829
2023-08-23,0.2347,0.2439,0.2328,0.2418,49008210.0,2023-08-23 23:59:59.999,11641068.7462
2023-08-24,0.2417,0.242,0.2348,0.2392,42058212.0,2023-08-24 23:59:59.999,10058293.7812
2023-08-25,0.2391,0.2402,0.2311,0.2394,39386991.0,2023-08-25 23:59:59.999,9297993.0479
2023-08-26,0.2394,0.24,0.2335,0.2342,18527584.0,2023-08-26 23:59:59.999,4393954.4389
2023-08-27,0.2341,0.2354,0.2325,0.2333,20399755.0,2023-08-27 23:59:59.999,4770898.757
2023-08-28,0.2332,0.2334,0.2237,0.2319,39327361.0,2023-08-28 23:59:59.999,8996261.6406
2023-08-29,0.2319,0.2456,0.2248,0.2435,69966531.0,2023-08-29 23:59:59.999,16562802.9438
2023-08-30,0.2435,0.2438,0.2353,0.2379,30090612.0,2023-08-30 23:59:59.999,7185162.6028
2023-08-31,0.2379,0.2396,0.2222,0.2247,60967656.0,2023-08-31 23:59:59.999,14090127.4561
2023-09-01,0.2246,0.2268,0.2187,0.2211,53836171.0,2023-09-01 23:59:59.999,11996036.1981
2023-09-02,0.2211,0.2282,0.2192,0.227,44698754.0,2023-09-02 23:59:59.999,10019656.7319
2023-09-03,0.2269,0.2324,0.2225,0.2265,41283769.0,2023-09-03 23:59:59.999,9371563.7883
2023-09-04,0.2265,0.2426,0.226,0.2331,155890037.0,2023-09-04 23:59:59.999,36477492.8103
2023-09-05,0.2331,0.2343,0.2261,0.2329,52589679.0,2023-09-05 23:59:59.999,12088270.6105
2023-09-06,0.233,0.237,0.2266,0.2328,45736729.0,2023-09-06 23:59:59.999,10625102.8479
2023-09-07,0.2328,0.2396,0.2307,0.2384,40526386.0,2023-09-07 23:59:59.999,9473900.6445
2023-09-08,0.2384,0.27,0.2358,0.2478,308711350.0,2023-09-08 23:59:59.999,77978996.9693
2023-09-09,0.2478,0.297,0.2401,0.2787,967284042.0,2023-09-09 23:59:59.999,269764911.6805
2023-09-10,0.2786,0.3081,0.263,0.3042,2870187641.0,2023-09-10 23:59:59.999,824615979.6266
2023-09-11,0.3041,0.326,0.2791,0.2911,2093975357.0,2023-09-11 23:59:59.999,618566162.2917
2023-09-12,0.2911,0.3055,0.2782,0.2946,794009301.0,2023-09-12 23:59:59.999,230308618.8089
2023-09-13,0.2946,0.3439,0.2946,0.3272,1415517850.0,2023-09-13 23:59:59.999,451096599.8763
2023-09-14,0.3273,0.3376,0.3113,0.32,719035548.0,2023-09-14 23:59:59.999,232564579.3591
2023-09-15,0.32,0.4147,0.3195,0.3984,1212034025.0,2023-09-15 23:59:59.999,439814766.3584
2023-09-16,0.3984,0.42,0.3582,0.3623,889353175.0,2023-09-16 23:59:59.999,345480126.6061
2023-09-17,0.3623,0.3948,0.3424,0.3629,866820752.0,2023-09-17 23:59:59.999,323518255.2614
2023-09-18,0.363,0.3877,0.3367,0.366,701747345.0,2023-09-18 23:59:59.999,252761737.318
2023-09-19,0.3659,0.4287,0.3557,0.4209,1076966868.0,2023-09-19 23:59:59.999,435270255.0988
2023-09-20,0.4209,0.4461,0.379,0.3927,780918365.0,2023-09-20 23:59:59.999,314953280.2064
2023-09-21,0.3927,0.3939,0.3433,0.3571,469071501.0,2023-09-21 23:59:59.999,169265705.2834
2023-09-22,0.3572,0.3628,0.3508,0.3586,234730653.0,2023-09-22 23:59:59.999,83524823.5569
2023-09-23,0.3585,0.3599,0.3315,0.3409,191865772.0,2023-09-23 23:59:59.999,66232134.4459
2023-09-24,0.3409,0.3489,0.3254,0.3304,211319594.0,2023-09-24 23:59:59.999,71122948.7845
2023-09-25,0.3303,0.3855,0.325,0.374,880453222.0,2023-09-25 23:59:59.999,323251405.0384
2023-09-26,0.374,0.3992,0.3704,0.3962,877430078.0,2023-09-26 23:59:59.999,336814100.4213
2023-09-27,0.3962,0.4178,0.3839,0.4001,677124275.0,2023-09-27 23:59:59.999,270064364.699
2023-09-28,0.4001,0.4155,0.3884,0.3979,291925818.0,2023-09-28 23:59:59.999,116245376.4424
2023-09-29,0.3979,0.456,0.3955,0.4462,752022442.0,2023-09-29 23:59:59.999,323751268.4827
2023-09-30,0.4462,0.4491,0.4129,0.4141,412357904.0,2023-09-30 23:59:59.999,176225193.1916
2023-10-01,0.4142,0.5148,0.407,0.4969,999760543.0,2023-10-01 23:59:59.999,472250949.6849
2023-10-02,0.4969,0.5097,0.4545,0.4873,513557856.0,2023-10-02 23:59:59.999,248967269.8188
2023-10-03,0.4874,0.493,0.4338,0.4356,511740673.0,2023-10-03 23:59:59.999,236953302.4249
2023-10-04,0.4356,0.4428,0.4077,0.4168,379635598.0,2023-10-04 23:59:59.999,161566213.0768
2023-10-05,0.4168,0.452,0.415,0.4469,355958342.0,2023-10-05 23:59:59.999,153549435.4797
2023-10-06,0.447,0.4694,0.4406,0.4518,457708587.0,2023-10-06 23:59:59.999,207918520.5772
2023-10-07,0.4518,0.4923,0.4232,0.4803,825693561.0,2023-10-07 23:59:59.999,381277417.8059
2023-10-08,0.4804,0.4964,0.4567,0.4693,782076772.0,2023-10-08 23:59:59.999,372657887.8408
2023-10-09,0.4693,0.5425,0.4663,0.5146,1282151681.0,2023-10-09 23:59:59.999,663879347.7222
2023-10-10,0.5145,0.525,0.4375,0.4524,915167849.0,2023-10-10 23:59:59.999,430543317.3949
2023-10-11,0.4524,0.4527,0.4051,0.4256,668238989.0,2023-10-11 23:59:59.999,282209732.1709
2023-10-12,0.4256,0.4256,0.3945,0.4091,497067346.0,2023-10-12 23:59:59.999,204191640.5434
2023-10-13,0.4091,0.4196,0.4034,0.4125,261621143.0,2023-10-13 23:59:59.999,107376125.2031
2023-10-14,0.4124,0.4129,0.4021,0.4056,140428993.0,2023-10-14 23:59:59.999,57116558.7973
2023-10-15,0.4056,0.4212,0.3864,0.4073,265757976.0,2023-10-15 23:59:59.999,106955597.4209
2023-10-16,0.4073,0.4312,0.3981,0.4027,199302075.0,2023-10-16 23:59:59.999,80866843.4346
2023-10-17,0.4028,0.4036,0.3622,0.3818,238075075.0,2023-10-17 23:59:59.999,90872866.3619
2023-10-18,0.3819,0.3833,0.3528,0.3542,160198888.0,2023-10-18 23:59:59.999,58085174.1602
2023-10-19,0.3542,0.3854,0.3465,0.3677,442246413.0,2023-10-19 23:59:59.999,162351825.2126
2023-10-20,0.3677,0.4015,0.3644,0.3809,327529223.0,2023-10-20 23:59:59.999,126340998.2209
2023-10-21,0.3808,0.39,0.3793,0.3843,120274880.0,2023-10-21 23:59:59.999,46169864.2741
2023-10-22,0.3843,0.3869,0.363,0.3786,91605356.0,2023-10-22 23:59:59.999,34527663.5143
2023-10-23,0.3785,0.4015,0.368,0.3973,125907149.0,2023-10-23 23:59:59.999,48027825.5088
2023-10-24,0.3973,0.4183,0.3762,0.4032,209476761.0,2023-10-24 23:59:59.999,83970610.0627
2023-10-25,0.4032,0.4532,0.3989,0.4297,291239676.0,2023-10-25 23:59:59.999,123995493.8686
2023-10-26,0.4297,0.4309,0.3893,0.4025,185823495.0,2023-10-26 23:59:59.999,76597167.5529
2023-10-27,0.4025,0.4041,0.3869,0.3939,103871281.0,2023-10-27 23:59:59.999,41114668.5875
2023-10-28,0.3939,0.4052,0.3935,0.3979,41125576.0,2023-10-28 23:59:59.999,16430669.4264
2023-10-29,0.398,0.4502,0.3903,0.4276,161958453.0,2023-10-29 23:59:59.999,69075684.3099
2023-10-30,0.4276,0.4604,0.423,0.4461,216649795.0,2023-10-30 23:59:59.999,95955803.8233
2023-10-31,0.4462,0.462,0.3995,0.4275,213158227.0,2023-10-31 23:59:59.999,93129444.3607
2023-11-01,0.4275,0.4514,0.4101,0.4479,159344523.0,2023-11-01 23:59:59.999,68451314.7872
2023-11-02,0.4478,0.4674,0.4315,0.4588,205854193.0,2023-11-02 23:59:59.999,92820520.7209
2023-11-03,0.4587,0.4684,0.4408,0.458,170945709.0,2023-11-03 23:59:59.999,77871203.8106
2023-11-04,0.458,0.4668,0.4423,0.4647,63339203.0,2023-11-04 23:59:59.999,28827183.3707
2023-11-05,0.4647,0.4666,0.441,0.4501,75715821.0,2023-11-05 23:59:59.999,34576685.2161
2023-11-06,0.45,0.4713,0.4412,0.4606,86311629.0,2023-11-06 23:59:59.999,39449654.8678
2023-11-07,0.4606,0.4631,0.4344,0.4565,83355060.0,2023-11-07 23:59:59.999,37476317.0508
2023-11-08,0.4565,0.7292,0.4553,0.6878,1799375225.0,2023-11-08 23:59:59.999,1133830485.9648
2023-11-09,0.6877,0.8979,0.6675,0.7834,1666585765.0,2023-11-09 23:59:59.999,1289032288.111
2023-11-10,0.7834,0.9575,0.7589,0.8064,618323103.0,2023-11-10 23:59:59.999,513634463.9243
2023-11-11,0.8064,0.8137,0.72,0.7558,246773346.0,2023-11-11 23:59:59.999,188061287.0715
2023-11-12,0.7559,0.832,0.7228,0.7561,204158918.0,2023-11-12 23:59:59.999,155976022.4692
2023-11-13,0.7561,0.7595,0.6833,0.7204,144695525.0,2023-11-13 23:59:59.999,104036434.6208
2023-11-14,0.7205,0.837,0.654,0.6799,318081621.0,2023-11-14 23:59:59.999,236875152.7315
2023-11-15,0.6798,0.7242,0.6735,0.7086,117850501.0,2023-11-15 23:59:59.999,82338114.4062
2023-11-16,0.7086,0.7576,0.6487,0.6645,124977499.0,2023-11-16 23:59:59.999,86570587.0651
2023-11-17,0.6645,0.8128,0.6641,0.6996,483680598.0,2023-11-17 23:59:59.999,354070035.0144
2023-11-18,0.6997,0.7742,0.696,0.7503,286800675.0,2023-11-18 23:59:59.999,210813217.0788
2023-11-19,0.7503,0.7511,0.7012,0.7452,102976220.0,2023-11-19 23:59:59.999,74050305.9623
2023-11-20,0.7453,0.7779,0.7248,0.7517,145994100.0,2023-11-20 23:59:59.999,109889614.2576
2023-11-21,0.7517,0.7925,0.661,0.6875,159761099.0,2023-11-21 23:59:59.999,114759477.5561
2023-11-22,0.6875,0.7738,0.6779,0.7517,113869194.0,2023-11-22 23:59:59.999,83503527.7857
2023-11-23,0.7516,0.8242,0.7391,0.7554,138892743.0,2023-11-23 23:59:59.999,108807263.3122
2023-11-24,0.7555,0.7608,0.7207,0.7443,81398648.0,2023-11-24 23:59:59.999,60754541.6516
2023-11-25,0.7442,0.761,0.7255,0.743,52758583.0,2023-11-25 23:59:59.999,39216482.3157
2023-11-26,0.743,0.7522,0.7033,0.7376,54761147.0,2023-11-26 23:59:59.999,40146942.7107
2023-11-27,0.7377,0.7883,0.7034,0.7701,145651984.0,2023-11-27 23:59:59.999,108603802.4351
2023-11-28,0.7701,0.7845,0.7061,0.7671,123533055.0,2023-11-28 23:59:59.999,91643065.8403
2023-11-29,0.7671,0.7729,0.7146,0.7272,73359168.0,2023-11-29 23:59:59.999,54244264.5297
2023-11-30,0.7273,0.7383,0.7105,0.7339,44945486.0,2023-11-30 23:59:59.999,32477971.9769
2023-12-01,0.7338,0.7653,0.7298,0.7443,61950982.0,2023-12-01 23:59:59.999,46142301.4178
2023-12-02,0.7443,0.7688,0.7347,0.7575,46363025.0,2023-12-02 23:59:59.999,34958211.9036
2023-12-03,0.7574,0.8068,0.7444,0.751,93142112.0,2023-12-03 23:59:59.999,71509746.2636
2023-12-04,0.7511,0.7783,0.68,0.7509,80590144.0,2023-12-04 23:59:59.999,60149525.3882
2023-12-05,0.7509,0.9065,0.7454,0.8002,310957450.0,2023-12-05 23:59:59.999,257111543.8074
2023-12-06,0.8003,0.8084,0.7169,0.7261,169051457.0,2023-12-06 23:59:59.999,125992129.7275
2023-12-07,0.726,0.7359,0.6876,0.7193,80835336.0,2023-12-07 23:59:59.999,57719146.3198
2023-12-08,0.7193,0.7282,0.7041,0.727,44943457.0,2023-12-08 23:59:59.999,32139875.507
2023-12-09,0.727,0.7374,0.7033,0.7152,55556939.0,2023-12-09 23:59:59.999,40193810.9602
2023-12-10,0.7153,0.7212,0.6952,0.717,37524771.0,2023-12-10 23:59:59.999,26722970.7275
2023-12-11,0.7171,0.7196,0.605,0.6613,106597171.0,2023-12-11 23:59:59.999,70346443.6443
2023-12-12,0.6613,0.7119,0.6583,0.7118,96081303.0,2023-12-12 23:59:59.999,65809596.2803
2023-12-13,0.7118,0.8342,0.6793,0.7858,530817964.0,2023-12-13 23:59:59.999,409069140.9825
2023-12-14,0.7856,0.8747,0.756,0.8669,296610237.0,2023-12-14 23:59:59.999,241205858.4513
2023-12-15,0.867,1.01,0.8457,0.9523,406016255.0,2023-12-15 23:59:59.999,385582385.8996
2023-12-16,0.9523,1.0045,0.8804,0.9275,221967693.0,2023-12-16 23:59:59.999,207535046.4389
2023-12-17,0.9274,1.1204,0.9264,1.0613,394459900.0,2023-12-17 23:59:59.999,417678037.4483
2023-12-18,1.0614,1.116,0.9833,1.0432,269205685.0,2023-12-18 23:59:59.999,284166312.6255
2023-12-19,1.0431,1.13,1.0214,1.0501,149949435.0,2023-12-19 23:59:59.999,161125052.9687
2023-12-20,1.0501,1.0556,0.991,1.0252,93213751.0,2023-12-20 23:59:59.999,94512533.8397
2023-12-21,1.0251,1.2363,1.0,1.0299,309745579.0,2023-12-21 23:59:59.999,343621183.4941
2023-12-22,1.0299,1.0317,0.9066,0.9233,213934410.0,2023-12-22 23:59:59.999,203293110.1888
2023-12-23,0.9233,0.9242,0.8116,0.8844,259869614.0,2023-12-23 23:59:59.999,221618547.109
2023-12-24,0.8844,0.8845,0.8,0.8167,201946089.0,2023-12-24 23:59:59.999,167703672.9358
2023-12-25,0.8167,0.8357,0.7913,0.8196,107630879.0,2023-12-25 23:59:59.999,87648573.8685
2023-12-26,0.8195,0.8454,0.7199,0.7931,165369956.0,2023-12-26 23:59:59.999,132337934.5051
2023-12-27,0.793,0.7962,0.7313,0.7672,153428496.0,2023-12-27 23:59:59.999,115522389.9827
2023-12-28,0.7672,0.78,0.7038,0.724,120281250.0,2023-12-28 23:59:59.999,87979687.7342
2023-12-29,0.7241,0.7342,0.6857,0.7106,107870646.0,2023-12-29 23:59:59.999,76404004.9601
2023-12-30,0.7107,0.7489,0.71,0.7317,112389915.0,2023-12-30 23:59:59.999,82079203.801
2023-12-31,0.7317,0.7354,0.6623,0.7021,82327705.0,2023-12-31 23:59:59.999,58777232.8076
2024-01-01,0.702,0.7218,0.679,0.7189,52278620.0,2024-01-01 23:59:59.999,36612807.8823
2024-01-02,0.7189,0.7344,0.7,0.7207,79198844.0,2024-01-02 23:59:59.999,56928344.8388
2024-01-03,0.7208,0.7323,0.501,0.637,212622290.0,2024-01-03 23:59:59.999,132651678.1798
2024-01-04,0.637,0.6593,0.6122,0.6476,68985842.0,2024-01-04 23:59:59.999,43595242.8428
2024-01-05,0.6476,0.6831,0.5964,0.6394,131455654.0,2024-01-05 23:59:59.999,84857544.1569
2024-01-06,0.6393,0.6635,0.5865,0.6306,76269000.0,2024-01-06 23:59:59.999,47459579.8954
2024-01-07,0.6306,0.6399,0.5747,0.5828,58783842.0,2024-01-07 23:59:59.999,35982224.8306
2024-01-08,0.5829,0.6167,0.5167,0.6129,98857456.0,2024-01-08 23:59:59.999,55666788.2752
2024-01-09,0.6129,0.6178,0.5446,0.567,85040086.0,2024-01-09 23:59:59.999,48877689.923
2024-01-10,0.5668,0.6257,0.5431,0.6124,91162765.0,2024-01-10 23:59:59.999,52475349.1101
2024-01-11,0.6123,0.6387,0.6005,0.6209,69721448.0,2024-01-11 23:59:59.999,43202023.3103
2024-01-12,0.6208,0.662,0.5823,0.6198,111876863.0,2024-01-12 23:59:59.999,70955385.5667
2024-01-13,0.6197,0.6351,0.5838,0.6275,42194437.0,2024-01-13 23:59:59.999,25858036.2242
2024-01-14,0.6274,0.6296,0.5952,0.5977,33721414.0,2024-01-14 23:59:59.999,20741408.0808
2024-01-15,0.5976,0.6145,0.5919,0.6012,32939812.0,2024-01-15 23:59:59.999,19870532.2672
2024-01-16,0.6011,0.6172,0.5883,0.6133,32779866.0,2024-01-16 23:59:59.999,19822593.7946
2024-01-17,0.6132,0.6154,0.5917,0.6003,31370297.0,2024-01-17 23:59:59.999,18908853.2506
2024-01-18,0.6003,0.6039,0.5543,0.5684,36766795.0,2024-01-18 23:59:59.999,21380204.5324
2024-01-19,0.5685,0.5703,0.5287,0.5608,39429059.0,2024-01-19 23:59:59.999,21814670.732
2024-01-20,0.5609,0.5795,0.5526,0.5752,28381354.0,2024-01-20 23:59:59.999,16112559.7756
2024-01-21,0.5751,0.6105,0.5686,0.5829,90911401.0,2024-01-21 23:59:59.999,54291259.4903
2024-01-22,0.5829,0.5838,0.533,0.5378,66012447.0,2024-01-22 23:59:59.999,36709948.5333
2024-01-23,0.5377,0.5455,0.4881,0.5222,67254449.0,2024-01-23 23:59:59.999,34385411.502
2024-01-24,0.5222,0.5355,0.5117,0.5342,36812023.0,2024-01-24 23:59:59.999,19265460.5111
2024-01-25,0.5343,0.5735,0.5245,0.5401,102528380.0,2024-01-25 23:59:59.999,56167226.1616
2024-01-26,0.54,0.591,0.529,0.5825,114994955.0,2024-01-26 23:59:59.999,65634817.585
2024-01-27,0.5824,0.6417,0.5781,0.6383,132328788.0,2024-01-27 23:59:59.999,80867520.867
2024-01-28,0.6383,0.6434,0.6058,0.6142,106634056.0,2024-01-28 23:59:59.999,66322639.9101
2024-01-29,0.6141,0.7227,0.6064,0.6986,416691661.0,2024-01-29 23:59:59.999,284590672.4554
2024-01-30,0.6985,0.7216,0.6652,0.6705,220152437.0,2024-01-30 23:59:59.999,151678294.9043
2024-01-31,0.6705,0.686,0.6346,0.6514,177334599.0,2024-01-31 23:59:59.999,116911462.3826
2024-02-01,0.6514,0.6684,0.6223,0.6422,102436621.0,2024-02-01 23:59:59.999,65604350.5216
2024-02-02,0.6423,0.6861,0.6385,0.6587,107075294.0,2024-02-02 23:59:59.999,71675053.4017
2024-02-03,0.6587,0.6614,0.6333,0.6369,46943882.0,2024-02-03 23:59:59.999,30214318.3772
2024-02-04,0.637,0.6406,0.6152,0.6175,40730249.0,2024-02-04 23:59:59.999,25677804.1898
2024-02-05,0.6174,0.6358,0.6123,0.6227,55906757.0,2024-02-05 23:59:59.999,34872201.8716
2024-02-06,0.6226,0.6639,0.6151,0.6506,70229910.0,2024-02-06 23:59:59.999,45266347.5079
2024-02-07,0.6506,0.6726,0.6403,0.6627,54284735.0,2024-02-07 23:59:59.999,35767241.9257
2024-02-08,0.6626,0.6834,0.6511,0.6547,43264053.0,2024-02-08 23:59:59.999,28762726.6538
2024-02-09,0.6547,0.6765,0.6546,0.6721,43216797.0,2024-02-09 23:59:59.999,28799426.2867
2024-02-10,0.672,0.6776,0.6431,0.6505,34234103.0,2024-02-10 23:59:59.999,22448014.7798
2024-02-11,0.6507,0.7131,0.6286,0.6417,53444208.0,2024-02-11 23:59:59.999,34789645.9241
2024-02-12,0.6418,0.6653,0.6248,0.6622,49350532.0,2024-02-12 23:59:59.999,31766650.3837
2024-02-13,0.6623,0.6834,0.6426,0.6783,104847893.0,2024-02-13 23:59:59.999,70227730.1285
2024-02-14,0.6783,0.6801,0.651,0.6619,115990916.0,2024-02-14 23:59:59.999,76850102.8872
2024-02-15,0.6619,0.6759,0.6471,0.6643,105524191.0,2024-02-15 23:59:59.999,69692307.3387
2024-02-16,0.6643,0.6918,0.6519,0.6772,108690935.0,2024-02-16 23:59:59.999,72822180.407
2024-02-17,0.6774,0.7619,0.6722,0.7237,290464087.0,2024-02-17 23:59:59.999,208115229.5851
2024-02-18,0.7237,0.7328,0.6907,0.7163,128504924.0,2024-02-18 23:59:59.999,91135372.3791
2024-02-19,0.7164,0.7694,0.6985,0.7672,174142928.0,2024-02-19 23:59:59.999,127246360.213
2024-02-20,0.7672,0.8239,0.6489,0.7414,307750797.0,2024-02-20 23:59:59.999,232709298.2884
2024-02-21,0.7414,0.7417,0.6759,0.7079,99136949.0,2024-02-21 23:59:59.999,69711271.5926
2024-02-22,0.708,0.7434,0.6746,0.7172,114580784.0,2024-02-22 23:59:59.999,81470614.154
2024-02-23,0.7171,0.7507,0.6937,0.7269,146355203.0,2024-02-23 23:59:59.999,105808549.0626
2024-02-24,0.7268,0.75,0.707,0.7289,82254743.0,2024-02-24 23:59:59.999,60138888.1375
2024-02-25,0.7289,0.7499,0.7195,0.736,73713068.0,2024-02-25 23:59:59.999,54174006.0509
2024-02-26,0.7361,0.7407,0.6922,0.7383,73049141.0,2024-02-26 23:59:59.999,52579309.7595
2024-02-27,0.7382,0.7466,0.711,0.7438,78542238.0,2024-02-27 23:59:59.999,57225167.313
2024-02-28,0.7438,0.8025,0.5841,0.7475,266751290.0,2024-02-28 23:59:59.999,199629533.9259
2024-02-29,0.7475,0.7876,0.7285,0.763,124461749.0,2024-02-29 23:59:59.999,94601925.2342
2024-03-01,0.763,0.8237,0.7543,0.8177,85632581.0,2024-03-01 23:59:59.999,67820834.0228
2024-03-02,0.8176,0.8468,0.78,0.8456,87575335.0,2024-03-02 23:59:59.999,70696780.3607
2024-03-03,0.8457,0.8463,0.7284,0.8215,110460453.0,2024-03-03 23:59:59.999,88818463.7806
2024-03-04,0.8216,0.8363,0.7801,0.8174,99986273.0,2024-03-04 23:59:59.999,80815941.4224
2024-03-05,0.8174,0.8183,0.5942,0.729,161049029.0,2024-03-05 23:59:59.999,122027410.6798
2024-03-06,0.7288,0.7738,0.6964,0.7727,84065587.0,2024-03-06 23:59:59.999,62185185.884
2024-03-07,0.7729,0.8227,0.7648,0.8147,87175899.0,2024-03-07 23:59:59.999,69331839.5744
2024-03-08,0.8147,0.939,0.7465,0.8558,342788981.0,2024-03-08 23:59:59.999,295990153.9933
2024-03-09,0.8557,0.922,0.8475,0.8727,160987546.0,2024-03-09 23:59:59.999,142251691.9706
2024-03-10,0.8727,0.8982,0.8227,0.8596,85087202.0,2024-03-10 23:59:59.999,73152153.3913
2024-03-11,0.8597,0.9097,0.817,0.9064,130180728.0,2024-03-11 23:59:59.999,114859884.3498
2024-03-12,0.9065,0.9081,0.8091,0.8826,95817060.0,2024-03-12 23:59:59.999,82803624.7045
2024-03-13,0.8828,0.8999,0.8522,0.8876,61619136.0,2024-03-13 23:59:59.999,54036344.2177
2024-03-14,0.8876,0.901,0.7944,0.8494,100507028.0,2024-03-14 23:59:59.999,85409302.2212
2024-03-15,0.8493,0.8544,0.72,0.7849,124853272.0,2024-03-15 23:59:59.999,96774711.6962
2024-03-16,0.7849,0.7881,0.6892,0.7102,91925884.0,2024-03-16 23:59:59.999,68387188.2168
2024-03-17,0.7101,0.7495,0.6607,0.7364,74429930.0,2024-03-17 23:59:59.999,52679181.7551
2024-03-18,0.7364,0.7366,0.6676,0.6898,63265828.0,2024-03-18 23:59:59.999,44403918.782
2024-03-19,0.6897,0.697,0.6063,0.6303,128227341.0,2024-03-19 23:59:59.999,82196250.4974
2024-03-20,0.6303,0.7152,0.6108,0.7147,113829863.0,2024-03-20 23:59:59.999,75576190.0971
2024-03-21,0.7147,0.7364,0.6991,0.7182,59666353.0,2024-03-21 23:59:59.999,42901769.5466
2024-03-22,0.7182,0.7281,0.676,0.7019,60507220.0,2024-03-22 23:59:59.999,42461319.6293
2024-03-23,0.7019,0.7155,0.6866,0.6997,30251225.0,2024-03-23 23:59:59.999,21351038.1654
2024-03-24,0.6999,0.73,0.6943,0.7258,28428609.0,2024-03-24 23:59:59.999,20197017.8684
2024-03-25,0.7259,0.7779,0.7208,0.7643,38447646.0,2024-03-25 23:59:59.999,28625318.2643
2024-03-26,0.7644,0.8212,0.7624,0.8049,60951469.0,2024-03-26 23:59:59.999,48679927.6255
2024-03-27,0.8049,0.8342,0.7678,0.7766,60209156.0,2024-03-27 23:59:59.999,48002441.2273
2024-03-28,0.7765,0.8534,0.7697,0.8354,83936079.0,2024-03-28 23:59:59.999,68851914.5884
2024-03-29,0.8354,0.8363,0.7971,0.8167,37000612.0,2024-03-29 23:59:59.999,30120701.155
2024-03-30,0.8166,0.8207,0.7795,0.7868,25776281.0,2024-03-30 23:59:59.999,20701882.9431
2024-03-31,0.7869,0.8038,0.7759,0.7944,22538152.0,2024-03-31 23:59:59.999,17778707.3988
2024-04-01,0.7944,0.8091,0.7131,0.7365,55162219.0,2024-04-01 23:59:59.999,41750913.8389
2024-04-02,0.7366,0.7372,0.6627,0.6687,53151531.0,2024-04-02 23:59:59.999,36428509.2797
2024-04-03,0.6687,0.6938,0.6403,0.6707,39196776.0,2024-04-03 23:59:59.999,26493263.0335
2024-04-04,0.6706,0.7153,0.6581,0.704,28454198.0,2024-04-04 23:59:59.999,19606048.8328
2024-04-05,0.704,0.7075,0.661,0.6931,27327827.0,2024-04-05 23:59:59.999,18768813.8184
2024-04-06,0.6931,0.7083,0.6892,0.7008,15734281.0,2024-04-06 23:59:59.999,10981333.2618
2024-04-07,0.7008,0.718,0.6996,0.7118,15318614.0,2024-04-07 23:59:59.999,10880334.0216
2024-04-08,0.7117,0.7455,0.6912,0.7397,22085280.0,2024-04-08 23:59:59.999,15988755.5432
2024-04-09,0.7396,0.7556,0.7026,0.7044,35465750.0,2024-04-09 23:59:59.999,25961053.0282
2024-04-10,0.7045,0.7097,0.6606,0.7031,34257113.0,2024-04-10 23:59:59.999,23622521.818
2024-04-11,0.7031,0.7064,0.684,0.6979,20463897.0,2024-04-11 23:59:59.999,14249301.3244
2024-04-12,0.6979,0.7138,0.5036,0.5919,64064080.0,2024-04-12 23:59:59.999,39540059.897
2024-04-13,0.5918,0.592,0.4055,0.5002,106681883.0,2024-04-13 23:59:59.999,54787558.4602
2024-04-14,0.5001,0.5491,0.4724,0.5417,67157513.0,2024-04-14 23:59:59.999,34398280.1104
2024-04-15,0.5416,0.565,0.5022,0.523,50544649.0,2024-04-15 23:59:59.999,27176979.869
2024-04-16,0.5232,0.5314,0.4968,0.5246,43380395.0,2024-04-16 23:59:59.999,22341479.1745
2024-04-17,0.5246,0.5327,0.4906,0.5091,37397580.0,2024-04-17 23:59:59.999,19217254.5202
2024-04-18,0.5092,0.5376,0.4954,0.5315,40540059.0,2024-04-18 23:59:59.999,20982274.5775
2024-04-19,0.5316,0.5483,0.4878,0.5321,36904660.0,2024-04-19 23:59:59.999,19472791.6529
2024-04-20,0.532,0.5741,0.5253,0.5685,23928632.0,2024-04-20 23:59:59.999,13146671.7204
2024-04-21,0.5685,0.5753,0.5457,0.5547,21458957.0,2024-04-21 23:59:59.999,12046653.7187
2024-04-22,0.5546,0.577,0.5532,0.5712,25245488.0,2024-04-22 23:59:59.999,14306039.6977
2024-04-23,0.5712,0.5833,0.5586,0.583,21670144.0,2024-04-23 23:59:59.999,12362887.6522
2024-04-24,0.5829,0.6016,0.5432,0.5491,36708483.0,2024-04-24 23:59:59.999,21091501.3068
2024-04-25,0.5491,0.5544,0.523,0.5465,34865567.0,2024-04-25 23:59:59.999,18776351.8019
2024-04-26,0.5463,0.5524,0.5264,0.5509,29233321.0,2024-04-26 23:59:59.999,15835268.5308
2024-04-27,0.551,0.5628,0.5269,0.5563,39060768.0,2024-04-27 23:59:59.999,21384427.7555
2024-04-28,0.5564,0.5653,0.5422,0.5444,16044068.0,2024-04-28 23:59:59.999,8936062.9735
2024-04-29,0.5444,0.5676,0.5291,0.5458,42453245.0,2024-04-29 23:59:59.999,23155996.7887
2024-04-30,0.5459,0.5549,0.4872,0.5025,38892180.0,2024-04-30 23:59:59.999,19988470.9642
2024-05-01,0.5025,0.5112,0.4661,0.5076,44478764.0,2024-05-01 23:59:59.999,21819085.6064
2024-05-02,0.5076,0.5413,0.4908,0.5249,28572591.0,2024-05-02 23:59:59.999,14741676.5457
2024-05-03,0.5249,0.5469,0.5125,0.5398,20868881.0,2024-05-03 23:59:59.999,11074980.9887
2024-05-04,0.5397,0.5451,0.533,0.5386,14710444.0,2024-05-04 23:59:59.999,7930819.4733
2024-05-05,0.5386,0.5511,0.5261,0.5418,17104334.0,2024-05-05 23:59:59.999,9205225.3143
2024-05-06,0.5419,0.5586,0.5284,0.5341,24446757.0,2024-05-06 23:59:59.999,13248279.2542
2024-05-07,0.5342,0.5552,0.5262,0.5276,28303630.0,2024-05-07 23:59:59.999,15291805.8282
2024-05-08,0.5275,0.5392,0.5161,0.5255,31867783.0,2024-05-08 23:59:59.999,16776307.7667
2024-05-09,0.5255,0.5426,0.5126,0.5404,17962142.0,2024-05-09 23:59:59.999,9460021.602
2024-05-10,0.5404,0.5532,0.5097,0.5158,24581286.0,2024-05-10 23:59:59.999,13090531.0203
2024-05-11,0.5158,0.5253,0.5107,0.5119,13548985.0,2024-05-11 23:59:59.999,7032063.1544
2024-05-12,0.5119,0.5154,0.4999,0.5032,13684311.0,2024-05-12 23:59:59.999,6971272.5814
2024-05-13,0.5033,0.5233,0.4821,0.5101,25955962.0,2024-05-13 23:59:59.999,13120006.5212
2024-05-14,0.5101,0.5193,0.4914,0.493,22328978.0,2024-05-14 23:59:59.999,11275847.7123
2024-05-15,0.4928,0.5276,0.4871,0.5228,23924451.0,2024-05-15 23:59:59.999,12164716.1831
2024-05-16,0.5229,0.5355,0.5131,0.5262,18978649.0,2024-05-16 23:59:59.999,9980340.598
2024-05-17,0.5262,0.5508,0.5216,0.5459,18149199.0,2024-05-17 23:59:59.999,9779126.3264
2024-05-18,0.546,0.5618,0.5402,0.542,16946360.0,2024-05-18 23:59:59.999,9311705.2996
2024-05-19,0.5421,0.5456,0.5078,0.5098,19329507.0,2024-05-19 23:59:59.999,10165325.6056
2024-05-20,0.5099,0.5692,0.4981,0.5673,44803182.0,2024-05-20 23:59:59.999,23569412.1985
2024-05-21,0.5673,0.5813,0.558,0.567,45830362.0,2024-05-21 23:59:59.999,26217220.5812
2024-05-22,0.567,0.5753,0.5501,0.558,35293505.0,2024-05-22 23:59:59.999,19926063.3963
2024-05-23,0.5581,0.5723,0.5147,0.551,43009054.0,2024-05-23 23:59:59.999,23627111.7401
2024-05-24,0.5508,0.5697,0.5403,0.5667,30349205.0,2024-05-24 23:59:59.999,16908638.9158
2024-05-25,0.5667,0.5736,0.5585,0.563,16849713.0,2024-05-25 23:59:59.999,9536649.1861
2024-05-26,0.5631,0.5649,0.5452,0.5493,13749661.0,2024-05-26 23:59:59.999,7634366.2063
2024-05-27,0.5493,0.5759,0.5428,0.5717,24004283.0,2024-05-27 23:59:59.999,13472138.615
2024-05-28,0.5717,0.585,0.5426,0.5716,44498012.0,2024-05-28 23:59:59.999,25141686.3963
2024-05-29,0.5717,0.5762,0.5451,0.5468,27801850.0,2024-05-29 23:59:59.999,15643176.6483
2024-05-30,0.5468,0.5552,0.5248,0.5362,22694454.0,2024-05-30 23:59:59.999,12265624.074
2024-05-31,0.5361,0.5381,0.5215,0.5331,15947650.0,2024-05-31 23:59:59.999,8482596.4355
2024-06-01,0.5331,0.5338,0.5285,0.5301,10452911.0,2024-06-01 23:59:59.999,5550733.0515
2024-06-02,0.5301,0.535,0.5121,0.5166,16534578.0,2024-06-02 23:59:59.999,8678166.6687
2024-06-03,0.5165,0.5327,0.5107,0.5231,17172032.0,2024-06-03 23:59:59.999,9010377.0484
2024-06-04,0.5231,0.536,0.5147,0.5351,17160893.0,2024-06-04 23:59:59.999,9004801.4503
2024-06-05,0.5351,0.5442,0.5304,0.54,13594774.0,2024-06-05 23:59:59.999,7305013.8483
2024-06-06,0.54,0.57,0.5323,0.5685,60301530.0,2024-06-06 23:59:59.999,33400773.2666
2024-06-07,0.5685,0.5686,0.4682,0.5083,64181831.0,2024-06-07 23:59:59.999,34144251.445
2024-06-08,0.5083,0.5083,0.4667,0.4748,29918811.0,2024-06-08 23:59:59.999,14529846.9604
2024-06-09,0.4749,0.4949,0.4688,0.4908,23708322.0,2024-06-09 23:59:59.999,11408385.5196
2024-06-10,0.4908,0.5132,0.4727,0.4751,68118862.0,2024-06-10 23:59:59.999,33456981.3843
2024-06-11,0.4751,0.4808,0.4334,0.4456,45786092.0,2024-06-11 23:59:59.999,20934862.8907
2024-06-12,0.4456,0.4821,0.4353,0.471,33585677.0,2024-06-12 23:59:59.999,15625951.1216
2024-06-13,0.4709,0.472,0.4462,0.449,25981358.0,2024-06-13 23:59:59.999,11910324.8986
2024-06-14,0.4491,0.4687,0.4321,0.4413,36438758.0,2024-06-14 23:59:59.999,16427010.8064
2024-06-15,0.4413,0.4498,0.4376,0.4454,14868032.0,2024-06-15 23:59:59.999,6609126.5121
2024-06-16,0.4454,0.4472,0.4345,0.442,13545177.0,2024-06-16 23:59:59.999,5987216.2218
2024-06-17,0.442,0.4449,0.3625,0.3792,86295343.0,2024-06-17 23:59:59.999,33847946.4946
2024-06-18,0.3792,0.3813,0.3225,0.362,79574189.0,2024-06-18 23:59:59.999,28137139.4528
2024-06-19,0.362,0.3859,0.3576,0.3806,34423085.0,2024-06-19 23:59:59.999,12894035.0227
2024-06-20,0.3807,0.3993,0.3781,0.3834,31193706.0,2024-06-20 23:59:59.999,12122524.3083
2024-06-21,0.3835,0.3929,0.3763,0.3852,29936921.0,2024-06-21 23:59:59.999,11561980.7488
2024-06-22,0.3853,0.3864,0.3777,0.379,10824679.0,2024-06-22 23:59:59.999,4138572.0769
2024-06-23,0.3791,0.3905,0.367,0.3692,17831044.0,2024-06-23 23:59:59.999,6747702.5437
2024-06-24,0.3691,0.3773,0.3475,0.3768,47182328.0,2024-06-24 23:59:59.999,17218960.6018
2024-06-25,0.3767,0.398,0.3738,0.3915,22067082.0,2024-06-25 23:59:59.999,8505607.8816
2024-06-26,0.3914,0.3968,0.3807,0.3842,19013024.0,2024-06-26 23:59:59.999,7413206.8586
2024-06-27,0.3842,0.3971,0.3761,0.3936,16026071.0,2024-06-27 23:59:59.999,6198917.2201
2024-06-28,0.3935,0.4017,0.3819,0.3829,16430945.0,2024-06-28 23:59:59.999,6454203.6035
2024-06-29,0.383,0.3917,0.3665,0.3706,11521130.0,2024-06-29 23:59:59.999,4346307.1843
2024-06-30,0.3706,0.3866,0.3653,0.3862,13363852.0,2024-06-30 23:59:59.999,5009337.9068
2024-07-01,0.3861,0.3916,0.3713,0.3755,15646993.0,2024-07-01 23:59:59.999,5965287.9705
2024-07-02,0.3755,0.3834,0.3698,0.3756,12386880.0,2024-07-02 23:59:59.999,4655744.1714
2024-07-03,0.3757,0.3774,0.3557,0.3581,20149309.0,2024-07-03 23:59:59.999,7358392.5552
2024-07-04,0.3582,0.3617,0.3192,0.3221,32637515.0,2024-07-04 23:59:59.999,11054862.4796
2024-07-05,0.3221,0.3273,0.278,0.3242,93945511.0,2024-07-05 23:59:59.999,28401902.8913
2024-07-06,0.3242,0.3503,0.3171,0.3409,25966412.0,2024-07-06 23:59:59.999,8553735.4198
2024-07-07,0.3409,0.3432,0.321,0.3234,22328808.0,2024-07-07 23:59:59.999,7471114.2674
2024-07-08,0.3234,0.3502,0.3119,0.3384,45485829.0,2024-07-08 23:59:59.999,15116756.6126
2024-07-09,0.3383,0.3617,0.3348,0.3463,44606104.0,2024-07-09 23:59:59.999,15505973.7302
2024-07-10,0.3463,0.356,0.3413,0.3554,24169699.0,2024-07-10 23:59:59.999,8427171.0204
2024-07-11,0.3554,0.3679,0.3485,0.36,29740160.0,2024-07-11 23:59:59.999,10676033.0743
2024-07-12,0.3599,0.3615,0.3391,0.3526,42857549.0,2024-07-12 23:59:59.999,14962893.031
2024-07-13,0.3525,0.4021,0.3486,0.3909,69979274.0,2024-07-13 23:59:59.999,26801113.4175
2024-07-14,0.3909,0.3991,0.3708,0.3834,49368923.0,2024-07-14 23:59:59.999,18919028.3506
2024-07-15,0.3835,0.401,0.3817,0.3994,31830973.0,2024-07-15 23:59:59.999,12350808.5891
2024-07-16,0.3995,0.4117,0.3843,0.3952,34816460.0,2024-07-16 23:59:59.999,13829171.3669
2024-07-17,0.3953,0.412,0.3944,0.3949,22786556.0,2024-07-17 23:59:59.999,9186536.3253
2024-07-18,0.395,0.4218,0.3806,0.3924,39907893.0,2024-07-18 23:59:59.999,16106510.8217
2024-07-19,0.3924,0.4214,0.3861,0.4158,37541770.0,2024-07-19 23:59:59.999,15108073.664
2024-07-20,0.4159,0.4221,0.407,0.4198,13411846.0,2024-07-20 23:59:59.999,5575005.7337
2024-07-21,0.4198,0.4297,0.4034,0.4245,26549356.0,2024-07-21 23:59:59.999,11132385.515
2024-07-22,0.4245,0.4277,0.3962,0.3998,15266942.0,2024-07-22 23:59:59.999,6267667.0916
2024-07-23,0.3997,0.4076,0.38,0.3899,17420671.0,2024-07-23 23:59:59.999,6855944.5887
2024-07-24,0.3899,0.3986,0.3736,0.3786,10796440.0,2024-07-24 23:59:59.999,4194882.1273
2024-07-25,0.3785,0.3802,0.3468,0.3623,23067842.0,2024-07-25 23:59:59.999,8323311.917
2024-07-26,0.3624,0.3818,0.3617,0.3817,15725089.0,2024-07-26 23:59:59.999,5898308.9694
2024-07-27,0.3818,0.4998,0.3772,0.4826,549547808.0,2024-07-27 23:59:59.999,255196306.165
2024-07-28,0.4827,0.5192,0.4606,0.49,1116879420.0,2024-07-28 23:59:59.999,544741126.7596
2024-07-29,0.4901,0.5163,0.4512,0.4842,481067927.0,2024-07-29 23:59:59.999,232480418.5899
2024-07-30,0.4842,0.4995,0.4353,0.4472,237014111.0,2024-07-30 23:59:59.999,112273833.0278
2024-07-31,0.4472,0.4833,0.4362,0.4387,205905000.0,2024-07-31 23:59:59.999,94713501.9151
2024-08-01,0.4386,0.4485,0.3914,0.4139,131498088.0,2024-08-01 23:59:59.999,55422384.0707
2024-08-02,0.4138,0.4373,0.3876,0.3913,142411006.0,2024-08-02 23:59:59.999,59213507.696
2024-08-03,0.3913,0.3954,0.3343,0.3406,124379631.0,2024-08-03 23:59:59.999,44849965.6391
2024-08-04,0.3407,0.3426,0.3011,0.3089,156608779.0,2024-08-04 23:59:59.999,50550380.694
2024-08-05,0.3089,0.42,0.2578,0.4015,985628488.0,2024-08-05 23:59:59.999,344263083.778
2024-08-06,0.4016,0.419,0.3867,0.401,488079066.0,2024-08-06 23:59:59.999,196320129.9487
2024-08-07,0.4009,0.4011,0.361,0.3711,296359952.0,2024-08-07 23:59:59.999,112940911.6125
2024-08-08,0.3712,0.398,0.3569,0.3975,160310998.0,2024-08-08 23:59:59.999,60131756.0142
2024-08-09,0.3975,0.3985,0.3769,0.3884,74720666.0,2024-08-09 23:59:59.999,28793629.0175
2024-08-10,0.3882,0.39,0.3719,0.3812,40143303.0,2024-08-10 23:59:59.999,15169985.2739
2024-08-11,0.3812,0.3846,0.3422,0.3454,54289475.0,2024-08-11 23:59:59.999,19875569.0859
2024-08-12,0.3454,0.3669,0.3453,0.3569,86888149.0,2024-08-12 23:59:59.999,31088501.4583
2024-08-13,0.3569,0.3636,0.3452,0.3588,51503891.0,2024-08-13 23:59:59.999,18286614.5206
2024-08-14,0.3587,0.3605,0.3425,0.351,42030938.0,2024-08-14 23:59:59.999,14788950.0672
2024-08-15,0.351,0.3715,0.3455,0.3524,167166494.0,2024-08-15 23:59:59.999,60018845.9377
2024-08-16,0.3524,0.3642,0.3414,0.3531,81271753.0,2024-08-16 23:59:59.999,28740726.89
2024-08-17,0.3531,0.3592,0.347,0.3545,29435948.0,2024-08-17 23:59:59.999,10382121.5051
2024-08-18,0.3545,0.3714,0.3486,0.3624,30374523.0,2024-08-18 23:59:59.999,10973983.2582
2024-08-19,0.3624,0.3726,0.3517,0.3598,48537835.0,2024-08-19 23:59:59.999,17504383.3288
2024-08-20,0.3598,0.3672,0.3472,0.3581,41074350.0,2024-08-20 23:59:59.999,14750180.3873
2024-08-21,0.3581,0.3953,0.3579,0.3842,206021926.0,2024-08-21 23:59:59.999,78190237.1427
2024-08-22,0.3842,0.436,0.3796,0.4152,274574797.0,2024-08-22 23:59:59.999,113542954.6067
2024-08-23,0.4152,0.4408,0.4068,0.4335,103634273.0,2024-08-23 23:59:59.999,43594658.2541
2024-08-24,0.4335,0.437,0.4174,0.4268,62431033.0,2024-08-24 23:59:59.999,26647036.8342
2024-08-25,0.4267,0.4401,0.4045,0.4145,64097077.0,2024-08-25 23:59:59.999,26970238.5452
2024-08-26,0.4146,0.4194,0.3945,0.4,42098182.0,2024-08-26 23:59:59.999,17184946.5171
2024-08-27,0.4,0.4075,0.3631,0.3693,43219206.0,2024-08-27 23:59:59.999,16764524.2481
2024-08-28,0.3692,0.3811,0.3538,0.3635,38464741.0,2024-08-28 23:59:59.999,14142743.7793
2024-08-29,0.3635,0.382,0.3613,0.3664,24669305.0,2024-08-29 23:59:59.999,9143139.7203
2024-08-30,0.3663,0.3741,0.3494,0.3671,31684619.0,2024-08-30 23:59:59.999,11540492.9543
2024-08-31,0.3671,0.3692,0.3512,0.3585,15784118.0,2024-08-31 23:59:59.999,5698037.7024
2024-09-01,0.3584,0.3592,0.3341,0.3372,22645777.0,2024-09-01 23:59:59.999,7915095.5468
2024-09-02,0.3371,0.3588,0.3336,0.3561,20901798.0,2024-09-02 23:59:59.999,7224451.5206
2024-09-03,0.356,0.3635,0.3347,0.3357,23696379.0,2024-09-03 23:59:59.999,8245588.4088
2024-09-04,0.3357,0.3486,0.3183,0.3415,28870335.0,2024-09-04 23:59:59.999,9686005.9183
2024-09-05,0.3416,0.345,0.3242,0.3283,20981754.0,2024-09-05 23:59:59.999,7014587.8587
2024-09-06,0.3283,0.343,0.3095,0.3229,42639249.0,2024-09-06 23:59:59.999,13989733.8728
2024-09-07,0.3228,0.3365,0.3206,0.33,23091699.0,2024-09-07 23:59:59.999,7618699.2257
2024-09-08,0.3301,0.3438,0.3282,0.3389,15043306.0,2024-09-08 23:59:59.999,5054235.6767
2024-09-09,0.3389,0.36,0.3346,0.3569,46310765.0,2024-09-09 23:59:59.999,16022663.711
2024-09-10,0.3569,0.3648,0.3508,0.3575,18768256.0,2024-09-10 23:59:59.999,6701761.3791
2024-09-11,0.3576,0.3583,0.3411,0.3538,18925250.0,2024-09-11 23:59:59.999,6619853.9339
2024-09-12,0.3537,0.3647,0.3517,0.3643,13738702.0,2024-09-12 23:59:59.999,4923359.2034
2024-09-13,0.3643,0.3724,0.3575,0.3703,14258657.0,2024-09-13 23:59:59.999,5195389.0779
2024-09-14,0.3703,0.371,0.3568,0.3618,10271647.0,2024-09-14 23:59:59.999,3734014.796
2024-09-15,0.3618,0.3933,0.3549,0.3761,78780922.0,2024-09-15 23:59:59.999,29485707.7241
2024-09-16,0.376,0.4029,0.3617,0.3667,262023519.0,2024-09-16 23:59:59.999,99944193.587
2024-09-17,0.3668,0.3801,0.3629,0.3722,59537828.0,2024-09-17 23:59:59.999,22152563.3671
2024-09-18,0.3722,0.3786,0.3475,0.3756,61382895.0,2024-09-18 23:59:59.999,22304210.3666
2024-09-19,0.3758,0.4106,0.3758,0.4043,72163973.0,2024-09-19 23:59:59.999,28670340.6654
2024-09-20,0.4043,0.4131,0.3959,0.4103,32853791.0,2024-09-20 23:59:59.999,13325544.887
2024-09-21,0.4104,0.4373,0.404,0.4302,38288053.0,2024-09-21 23:59:59.999,16092954.8152
2024-09-22,0.4303,0.4304,0.3968,0.4077,28154998.0,2024-09-22 23:59:59.999,11542768.3734
2024-09-23,0.4078,0.4158,0.3986,0.4126,25993332.0,2024-09-23 23:59:59.999,10620166.2303
2024-09-24,0.4126,0.4295,0.4074,0.4257,25088213.0,2024-09-24 23:59:59.999,10447782.4966
2024-09-25,0.4256,0.4439,0.4224,0.4345,44319764.0,2024-09-25 23:59:59.999,19239550.2832
2024-09-26,0.4346,0.4478,0.4266,0.4466,26759688.0,2024-09-26 23:59:59.999,11734226.9414
2024-09-27,0.4467,0.4513,0.4382,0.4447,26152424.0,2024-09-27 23:59:59.999,11637469.437
2024-09-28,0.4448,0.4507,0.4234,0.4331,17518464.0,2024-09-28 23:59:59.999,7635513.9615
2024-09-29,0.4331,0.4385,0.4172,0.4345,17252052.0,2024-09-29 23:59:59.999,7406950.4433
2024-09-30,0.4348,0.436,0.4039,0.4079,27511045.0,2024-09-30 23:59:59.999,11513383.9829
2024-10-01,0.4078,0.4348,0.3705,0.3762,51327822.0,2024-10-01 23:59:59.999,20680163.0022
2024-10-02,0.3762,0.3912,0.3661,0.3725,31449309.0,2024-10-02 23:59:59.999,11903491.9009
2024-10-03,0.3724,0.3808,0.3549,0.3681,30726192.0,2024-10-03 23:59:59.999,11266788.9814
2024-10-04,0.3682,0.386,0.3655,0.3845,17677355.0,2024-10-04 23:59:59.999,6667630.4878
2024-10-05,0.3845,0.3994,0.3783,0.3853,13162991.0,2024-10-05 23:59:59.999,5123956.7965
2024-10-06,0.3854,0.398,0.3831,0.3963,10160176.0,2024-10-06 23:59:59.999,3978188.9493
2024-10-07,0.3964,0.4033,0.3821,0.3837,18782730.0,2024-10-07 23:59:59.999,7398686.823
2024-10-08,0.3837,0.4002,0.3763,0.4001,24507082.0,2024-10-08 23:59:59.999,9479818.0557
2024-10-09,0.4002,0.4204,0.3852,0.3926,80429228.0,2024-10-09 23:59:59.999,32722721.2422
2024-10-10,0.3925,0.4222,0.3921,0.4186,68565302.0,2024-10-10 23:59:59.999,28057349.3877
2024-10-11,0.4185,0.4346,0.4053,0.4331,49238977.0,2024-10-11 23:59:59.999,20547292.8983
2024-10-12,0.4331,0.4523,0.4285,0.4451,40517584.0,2024-10-12 23:59:59.999,18010787.9324
2024-10-13,0.4449,0.4743,0.4372,0.4637,44185722.0,2024-10-13 23:59:59.999,20085180.6154
2024-10-14,0.4637,0.484,0.4464,0.4747,49877428.0,2024-10-14 23:59:59.999,23152186.9696
2024-10-15,0.4749,0.6152,0.4661,0.6051,498757868.0,2024-10-15 23:59:59.999,279992659.821
2024-10-16,0.6049,0.6299,0.5801,0.5972,532957832.0,2024-10-16 23:59:59.999,320612863.8749
2024-10-17,0.5973,0.6319,0.5503,0.6177,383523586.0,2024-10-17 23:59:59.999,223501253.6102
2024-10-18,0.6177,0.6634,0.5881,0.6294,525799624.0,2024-10-18 23:59:59.999,331861206.9043
2024-10-19,0.6293,0.776,0.5738,0.5909,1049816680.0,2024-10-19 23:59:59.999,680564069.8135
2024-10-20,0.5909,0.5954,0.5384,0.5449,290339440.0,2024-10-20 23:59:59.999,162231330.343
2024-10-21,0.5448,0.5518,0.5125,0.5129,151955847.0,2024-10-21 23:59:59.999,80878738.7855
2024-10-22,0.513,0.5421,0.502,0.5277,154669696.0,2024-10-22 23:59:59.999,80867014.7733
2024-10-23,0.5276,0.5387,0.4757,0.4858,109052046.0,2024-10-23 23:59:59.999,54876439.4939
2024-10-24,0.4858,0.4982,0.4752,0.4921,58236294.0,2024-10-24 23:59:59.999,28342999.369
2024-10-25,0.4921,0.4922,0.4103,0.4364,90189942.0,2024-10-25 23:59:59.999,41414580.0835
2024-10-26,0.4363,0.4498,0.4266,0.4392,54507961.0,2024-10-26 23:59:59.999,23950421.0404
2024-10-27,0.4392,0.4631,0.4372,0.4493,73131093.0,2024-10-27 23:59:59.999,32896217.2856
2024-10-28,0.4493,0.4829,0.4488,0.4684,168063089.0,2024-10-28 23:59:59.999,78631179.0546
2024-10-29,0.4683,0.4917,0.4613,0.4789,80779859.0,2024-10-29 23:59:59.999,38235451.6867
2024-10-30,0.4788,0.4788,0.4631,0.4704,38378117.0,2024-10-30 23:59:59.999,18086255.7425
2024-10-31,0.4705,0.4719,0.4365,0.4408,42457307.0,2024-10-31 23:59:59.999,19206647.555
2024-11-01,0.4409,0.454,0.4307,0.4408,30061991.0,2024-11-01 23:59:59.999,13265418.104
2024-11-02,0.4408,0.462,0.4266,0.4313,58386607.0,2024-11-02 23:59:59.999,26095023.319
2024-11-03,0.4313,0.4339,0.3996,0.4192,38998860.0,2024-11-03 23:59:59.999,16218289.3438
2024-11-04,0.4193,0.4233,0.3974,0.4062,26722563.0,2024-11-04 23:59:59.999,11047376.6619
2024-11-05,0.4062,0.4339,0.406,0.4286,27330384.0,2024-11-05 23:59:59.999,11542325.2105
2024-11-06,0.4284,0.469,0.4284,0.4656,56375093.0,2024-11-06 23:59:59.999,25385329.5513
2024-11-07,0.4657,0.4775,0.4501,0.4653,47030826.0,2024-11-07 23:59:59.999,21850804.6994
2024-11-08,0.4654,0.4698,0.4488,0.4636,27843565.0,2024-11-08 23:59:59.999,12813175.1976
2024-11-09,0.4637,0.4855,0.4528,0.484,32711659.0,2024-11-09 23:59:59.999,15245566.3335
2024-11-10,0.4841,0.507,0.4612,0.4902,73184922.0,2024-11-10 23:59:59.999,35854219.0647
2024-11-11,0.4904,0.5144,0.4709,0.5115,59506638.0,2024-11-11 23:59:59.999,29305245.8042
2024-11-12,0.5116,0.523,0.4578,0.4992,100410954.0,2024-11-12 23:59:59.999,49143569.713
2024-11-13,0.4992,0.5125,0.4517,0.4787,76098179.0,2024-11-13 23:59:59.999,36095538.6146
2024-11-14,0.4786,0.4885,0.4359,0.4453,53534648.0,2024-11-14 23:59:59.999,24809521.9733
2024-11-15,0.4455,0.4776,0.4289,0.4773,41115947.0,2024-11-15 23:59:59.999,18592613.2339
2024-11-16,0.4773,0.5135,0.4735,0.513,44668224.0,2024-11-16 23:59:59.999,22120965.1818
2024-11-17,0.513,0.5131,0.4662,0.4786,43240002.0,2024-11-17 23:59:59.999,21239158.0432
2024-11-18,0.4787,0.5204,0.4735,0.5113,46453650.0,2024-11-18 23:59:59.999,23295519.5929
2024-11-19,0.5111,0.5405,0.4946,0.5136,83189911.0,2024-11-19 23:59:59.999,43021126.4477
2024-11-20,0.5135,0.5135,0.4715,0.4839,44358909.0,2024-11-20 23:59:59.999,21774395.8541
2024-11-21,0.4839,0.5082,0.4672,0.5046,51123535.0,2024-11-21 23:59:59.999,25134310.4842
2024-11-22,0.5047,0.5295,0.4885,0.5294,43992687.0,2024-11-22 23:59:59.999,22247393.7993
2024-11-23,0.5293,0.5632,0.5187,0.556,73488023.0,2024-11-23 23:59:59.999,39765166.6689
2024-11-24,0.5559,0.6088,0.5217,0.583,99092928.0,2024-11-24 23:59:59.999,56018223.0121
2024-11-25,0.5829,0.626,0.5481,0.564,112670178.0,2024-11-25 23:59:59.999,66944806.0536
2024-11-26,0.5639,0.6369,0.5586,0.6213,173154105.0,2024-11-26 23:59:59.999,103806085.1748
2024-11-27,0.6213,0.6293,0.5882,0.6285,66417451.0,2024-11-27 23:59:59.999,40297389.8465
2024-11-28,0.6285,0.6305,0.5895,0.6106,37037125.0,2024-11-28 23:59:59.999,22516158.2996
2024-11-29,0.6106,0.6384,0.5869,0.6337,33554713.0,2024-11-29 23:59:59.999,20608010.9015
2024-11-30,0.6338,0.6521,0.6154,0.6514,35629537.0,2024-11-30 23:59:59.999,22573805.0655
2024-12-01,0.6513,0.6686,0.6223,0.6525,41862861.0,2024-12-01 23:59:59.999,27158433.935
2024-12-02,0.6526,0.6751,0.5961,0.6722,68128109.0,2024-12-02 23:59:59.999,43192996.4269
2024-12-03,0.6721,0.7147,0.6132,0.7119,103536791.0,2024-12-03 23:59:59.999,69243554.5951
2024-12-04,0.7121,0.7332,0.6802,0.714,62502791.0,2024-12-04 23:59:59.999,44365872.7809
2024-12-05,0.7139,0.7181,0.6622,0.6859,59007072.0,2024-12-05 23:59:59.999,40900780.9245
2024-12-06,0.686,0.7298,0.6677,0.7255,50512663.0,2024-12-06 23:59:59.999,35564030.6473
2024-12-07,0.7255,0.737,0.6959,0.7037,31649946.0,2024-12-07 23:59:59.999,22683156.8086
2024-12-08,0.7037,0.7186,0.6769,0.7165,20552309.0,2024-12-08 23:59:59.999,14355305.8456
2024-12-09,0.7164,0.7216,0.4734,0.5746,91006724.0,2024-12-09 23:59:59.999,55448675.1529
2024-12-10,0.5745,0.5841,0.4997,0.5512,69853316.0,2024-12-10 23:59:59.999,37918542.1112
2024-12-11,0.5511,0.595,0.5251,0.5901,33749797.0,2024-12-11 23:59:59.999,18976419.4258
2024-12-12,0.5903,0.6207,0.5837,0.5985,33169031.0,2024-12-12 23:59:59.999,19960117.8526
2024-12-13,0.5985,0.6037,0.5782,0.5951,26565011.0,2024-12-13 23:59:59.999,15664569.9781
2024-12-14,0.595,0.6012,0.5486,0.5604,18149942.0,2024-12-14 23:59:59.999,10476567.6926
2024-12-15,0.5605,0.5869,0.5436,0.585,18376324.0,2024-12-15 23:59:59.999,10407796.8137
2024-12-16,0.5851,0.5982,0.5467,0.5616,20492021.0,2024-12-16 23:59:59.999,11698953.7333
2024-12-17,0.5615,0.5625,0.5252,0.5335,23219837.0,2024-12-17 23:59:59.999,12734660.1621
2024-12-18,0.5336,0.5355,0.4696,0.482,42345654.0,2024-12-18 23:59:59.999,21465495.4515
2024-12-19,0.482,0.4928,0.4289,0.4478,60893473.0,2024-12-19 23:59:59.999,28143782.5474
2024-12-20,0.4479,0.4712,0.3969,0.468,52254741.0,2024-12-20 23:59:59.999,22640036.9067
2024-12-21,0.468,0.492,0.4351,0.4443,22596298.0,2024-12-21 23:59:59.999,10408394.8919
2024-12-22,0.4443,0.4805,0.4391,0.4591,34525495.0,2024-12-22 23:59:59.999,15860978.6754
2024-12-23,0.4591,0.4959,0.4455,0.4903,28996949.0,2024-12-23 23:59:59.999,13669466.7858
2024-12-24,0.4904,0.5258,0.4777,0.5141,25472516.0,2024-12-24 23:59:59.999,12844285.0325
2024-12-25,0.5141,0.517,0.4936,0.4991,18161061.0,2024-12-25 23:59:59.999,9211809.2445
2024-12-26,0.4992,0.5023,0.4545,0.4612,16676903.0,2024-12-26 23:59:59.999,7873529.5441
2024-12-27,0.4613,0.4831,0.456,0.4639,26107749.0,2024-12-27 23:59:59.999,12304572.6349
2024-12-28,0.464,0.5681,0.4635,0.5554,267121079.0,2024-12-28 23:59:59.999,139603122.1463
2024-12-29,0.5554,0.5566,0.4884,0.4941,81260484.0,2024-12-29 23:59:59.999,41515936.0449
2024-12-30,0.494,0.5173,0.4647,0.4825,58719865.0,2024-12-30 23:59:59.999,28815089.1823
2024-12-31,0.4826,0.4874,0.4636,0.4764,27528269.0,2024-12-31 23:59:59.999,13111758.0549
2025-01-01,0.4763,0.4981,0.4741,0.4939,36005119.0,2025-01-01 23:59:59.999,17582229.5731
2025-01-02,0.494,0.5078,0.4895,0.5026,22270116.0,2025-01-02 23:59:59.999,11107857.7058
2025-01-03,0.5026,0.5221,0.4917,0.5207,17966811.0,2025-01-03 23:59:59.999,9119280.9719
2025-01-04,0.5207,0.5279,0.5097,0.5173,16647125.0,2025-01-04 23:59:59.999,8653755.1395
2025-01-05,0.5174,0.5604,0.5091,0.5402,49189207.0,2025-01-05 23:59:59.999,26469541.3733
2025-01-06,0.5402,0.6222,0.533,0.5727,132027312.0,2025-01-06 23:59:59.999,76641472.1565
2025-01-07,0.5726,0.5818,0.5074,0.5114,61105017.0,2025-01-07 23:59:59.999,33275803.3008
2025-01-08,0.5114,0.5273,0.4871,0.5205,57200036.0,2025-01-08 23:59:59.999,28840832.8555
2025-01-09,0.5204,0.5525,0.5144,0.5466,93804341.0,2025-01-09 23:59:59.999,50261535.7785
2025-01-10,0.5465,0.5591,0.5177,0.5497,76557092.0,2025-01-10 23:59:59.999,41120402.3042
2025-01-11,0.5497,0.5759,0.537,0.5518,85700213.0,2025-01-11 23:59:59.999,47830279.0129
2025-01-12,0.5517,0.5635,0.522,0.5282,55571630.0,2025-01-12 23:59:59.999,30219673.2932
2025-01-13,0.5282,0.5525,0.4568,0.504,100039845.0,2025-01-13 23:59:59.999,49840223.8119
2025-01-14,0.504,0.5193,0.4897,0.5184,31089120.0,2025-01-14 23:59:59.999,15739283.816
2025-01-15,0.5185,0.537,0.4918,0.5349,51273022.0,2025-01-15 23:59:59.999,26530930.9982
2025-01-16,0.5349,0.5351,0.5021,0.5123,29594233.0,2025-01-16 23:59:59.999,15310818.7173
2025-01-17,0.5124,0.5364,0.5103,0.5341,27140943.0,2025-01-17 23:59:59.999,14232825.5977
2025-01-18,0.5341,0.5372,0.4849,0.4952,33115392.0,2025-01-18 23:59:59.999,16697666.7457
2025-01-19,0.4952,0.5091,0.4476,0.4566,63159956.0,2025-01-19 23:59:59.999,30149998.9411
2025-01-20,0.4565,0.4997,0.4412,0.4576,70646938.0,2025-01-20 23:59:59.999,32880124.3156
2025-01-21,0.4576,0.4765,0.4359,0.467,27518929.0,2025-01-21 23:59:59.999,12510471.0733
2025-01-22,0.4668,0.4739,0.4558,0.4592,15167224.0,2025-01-22 23:59:59.999,7071382.3818
2025-01-23,0.4593,0.4614,0.435,0.4505,26606731.0,2025-01-23 23:59:59.999,11924335.2074
2025-01-24,0.4505,0.4599,0.434,0.4384,16544263.0,2025-01-24 23:59:59.999,7443165.4699
2025-01-25,0.4384,0.4525,0.4309,0.4476,12251636.0,2025-01-25 23:59:59.999,5422232.1483
2025-01-26,0.4476,0.4633,0.4377,0.4382,13781242.0,2025-01-26 23:59:59.999,6274402.3276
2025-01-27,0.4382,0.4403,0.4003,0.4309,27558717.0,2025-01-27 23:59:59.999,11541004.1933
2025-01-28,0.431,0.4346,0.4011,0.4034,12528283.0,2025-01-28 23:59:59.999,5285240.1644
2025-01-29,0.4035,0.4234,0.3979,0.4116,15933540.0,2025-01-29 23:59:59.999,6534445.0415
2025-01-30,0.4116,0.4358,0.4069,0.4283,10854218.0,2025-01-30 23:59:59.999,4618081.67
2025-01-31,0.4284,0.4465,0.4216,0.4275,15964731.0,2025-01-31 23:59:59.999,6909931.6525
2025-02-01,0.4275,0.4438,0.3892,0.3928,20874080.0,2025-02-01 23:59:59.999,8834105.2932
2025-02-02,0.3929,0.4025,0.3192,0.3411,42513686.0,2025-02-02 23:59:59.999,15330627.8896
2025-02-03,0.3412,0.3577,0.255,0.3541,104822393.0,2025-02-03 23:59:59.999,32869281.3402
2025-02-04,0.3542,0.3585,0.3206,0.3358,32633646.0,2025-02-04 23:59:59.999,10956408.4027
2025-02-05,0.336,0.3397,0.321,0.3287,14364473.0,2025-02-05 23:59:59.999,4764204.1794
2025-02-06,0.3286,0.3337,0.3075,0.3109,18057379.0,2025-02-06 23:59:59.999,5774484.8583
2025-02-07,0.3109,0.339,0.3076,0.3168,17096902.0,2025-02-07 23:59:59.999,5511120.6275
2025-02-08,0.3168,0.33,0.3105,0.329,9718065.0,2025-02-08 23:59:59.999,3096741.2267
2025-02-09,0.329,0.3391,0.3133,0.327,11351612.0,2025-02-09 23:59:59.999,3736935.2275
2025-02-10,0.3269,0.3471,0.3162,0.3468,12615128.0,2025-02-10 23:59:59.999,4199213.8778
2025-02-11,0.3468,0.3611,0.3275,0.3322,22713339.0,2025-02-11 23:59:59.999,7896771.2847
2025-02-12,0.3322,0.3556,0.32,0.3529,19120478.0,2025-02-12 23:59:59.999,6374713.0252
2025-02-13,0.3529,0.3622,0.3433,0.3466,16090390.0,2025-02-13 23:59:59.999,5668160.4663
2025-02-14,0.3466,0.3575,0.3446,0.35,11559061.0,2025-02-14 23:59:59.999,4054285.9342
2025-02-15,0.35,0.3523,0.336,0.3392,9696991.0,2025-02-15 23:59:59.999,3347712.1126
2025-02-16,0.3391,0.4187,0.3345,0.3603,232547444.0,2025-02-16 23:59:59.999,88211852.8106
2025-02-17,0.3603,0.424,0.3541,0.377,603080439.0,2025-02-17 23:59:59.999,238671219.6557
2025-02-18,0.377,0.4016,0.3542,0.3709,346537326.0,2025-02-18 23:59:59.999,130944868.4656
2025-02-19,0.3707,0.3948,0.3538,0.3739,127656116.0,2025-02-19 23:59:59.999,47546223.4845
2025-02-20,0.374,0.4037,0.374,0.3873,148474633.0,2025-02-20 23:59:59.999,57632843.1147
2025-02-21,0.3872,0.4025,0.3605,0.3661,131309199.0,2025-02-21 23:59:59.999,51064279.2457
2025-02-22,0.3661,0.3804,0.3603,0.3748,44769186.0,2025-02-22 23:59:59.999,16549660.8434
2025-02-23,0.3749,0.4047,0.3673,0.3872,118672325.0,2025-02-23 23:59:59.999,46098345.4634
2025-02-24,0.3873,0.3971,0.3264,0.3351,75639465.0,2025-02-24 23:59:59.999,27528705.3991
2025-02-25,0.3351,0.3416,0.31,0.3362,76957012.0,2025-02-25 23:59:59.999,25155912.1524
2025-02-26,0.3362,0.3421,0.3208,0.3309,37319393.0,2025-02-26 23:59:59.999,12436917.6115
2025-02-27,0.3309,0.3446,0.3268,0.3416,32795481.0,2025-02-27 23:59:59.999,11051060.689
2025-02-28,0.3416,0.3417,0.3073,0.3303,46976916.0,2025-02-28 23:59:59.999,15200267.8543
2025-03-01,0.3303,0.3337,0.3187,0.3291,19340464.0,2025-03-01 23:59:59.999,6324210.3291
2025-03-02,0.3292,0.3533,0.3224,0.3506,32139185.0,2025-03-02 23:59:59.999,10849388.7552
2025-03-03,0.3506,0.3513,0.2946,0.2995,36011691.0,2025-03-03 23:59:59.999,11566794.1533
2025-03-04,0.2994,0.3033,0.2754,0.3005,41498206.0,2025-03-04 23:59:59.999,11994011.8191
2025-03-05,0.3005,0.3118,0.294,0.3101,18052849.0,2025-03-05 23:59:59.999,5451796.0515
2025-03-06,0.3102,0.3234,0.3,0.303,25029514.0,2025-03-06 23:59:59.999,7811718.4407
2025-03-07,0.303,0.3131,0.2897,0.3031,23632837.0,2025-03-07 23:59:59.999,7164876.3716
2025-03-08,0.3031,0.3047,0.2926,0.296,20633013.0,2025-03-08 23:59:59.999,6125104.6232
2025-03-09,0.296,0.2974,0.2622,0.2657,22569019.0,2025-03-09 23:59:59.999,6248758.5566
2025-03-10,0.2658,0.2871,0.2525,0.2597,33408533.0,2025-03-10 23:59:59.999,9008944.4828
2025-03-11,0.2598,0.2782,0.244,0.2749,30531175.0,2025-03-11 23:59:59.999,8010217.4614
2025-03-12,0.2749,0.2855,0.2658,0.2811,21540890.0,2025-03-12 23:59:59.999,5970145.4951
2025-03-13,0.281,0.2962,0.2726,0.2806,41019088.0,2025-03-13 23:59:59.999,11700838.2561
2025-03-14,0.2807,0.2961,0.2785,0.2914,19689940.0,2025-03-14 23:59:59.999,5661727.0743
2025-03-15,0.2913,0.2952,0.2849,0.2927,19954357.0,2025-03-15 23:59:59.999,5785884.9496
2025-03-16,0.2927,0.2965,0.2784,0.2811,31152723.0,2025-03-16 23:59:59.999,8905088.0735
2025-03-17,0.2812,0.296,0.2809,0.2937,19046567.0,2025-03-17 23:59:59.999,5523111.4959
2025-03-18,0.2938,0.3049,0.2856,0.2932,45124145.0,2025-03-18 23:59:59.999,13362762.3199
2025-03-19,0.2932,0.3072,0.2911,0.3062,39792074.0,2025-03-19 23:59:59.999,11867736.507
2025-03-20,0.3062,0.3066,0.2898,0.2938,20190336.0,2025-03-20 23:59:59.999,6012994.8258
2025-03-21,0.2939,0.3,0.2795,0.2847,19513270.0,2025-03-21 23:59:59.999,5643193.1836
2025-03-22,0.2847,0.2988,0.2841,0.2953,19605858.0,2025-03-22 23:59:59.999,5688530.6655
2025-03-23,0.2952,0.2983,0.2876,0.2912,8679202.0,2025-03-23 23:59:59.999,2538562.9882
2025-03-24,0.2913,0.3188,0.2868,0.304,45965632.0,2025-03-24 23:59:59.999,14110135.8081
2025-03-25,0.3039,0.3146,0.3022,0.3115,37706178.0,2025-03-25 23:59:59.999,11638256.3631
2025-03-26,0.3114,0.3128,0.3009,0.3049,16110461.0,2025-03-26 23:59:59.999,4956832.257
2025-03-27,0.3048,0.315,0.3029,0.3074,16547695.0,2025-03-27 23:59:59.999,5119116.4262
2025-03-28,0.3073,0.3074,0.274,0.2805,19705270.0,2025-03-28 23:59:59.999,5649922.5832
2025-03-29,0.2804,0.2819,0.2614,0.2657,16288220.0,2025-03-29 23:59:59.999,4387994.6056
2025-03-30,0.2658,0.272,0.2618,0.2661,8373622.0,2025-03-30 23:59:59.999,2243045.6913
2025-03-31,0.2662,0.2691,0.2565,0.2646,11165293.0,2025-03-31 23:59:59.999,2943935.5428
2025-04-01,0.2646,0.2731,0.2629,0.2678,10398105.0,2025-04-01 23:59:59.999,2791521.9408
2025-04-02,0.2678,0.2679,0.243,0.2471,21698523.0,2025-04-02 23:59:59.999,5529710.4165
2025-04-03,0.2472,0.256,0.2343,0.2458,19573047.0,2025-04-03 23:59:59.999,4808547.2788
2025-04-04,0.2458,0.2527,0.2381,0.2489,14550541.0,2025-04-04 23:59:59.999,3580064.5406
2025-04-05,0.2489,0.2585,0.243,0.2488,15802831.0,2025-04-05 23:59:59.999,3949024.2997
2025-04-06,0.2488,0.2597,0.2214,0.2281,45232612.0,2025-04-06 23:59:59.999,11177754.9724
2025-04-07,0.2282,0.246,0.2098,0.2388,38184668.0,2025-04-07 23:59:59.999,8745704.068
2025-04-08,0.2387,0.2462,0.2266,0.2289,21324984.0,2025-04-08 23:59:59.999,5050741.3472
2025-04-09,0.2289,0.2572,0.2184,0.2554,30751434.0,2025-04-09 23:59:59.999,7424722.0481
2025-04-10,0.2553,0.2694,0.2448,0.2602,42336093.0,2025-04-10 23:59:59.999,10896547.1528
2025-04-11,0.2603,0.2717,0.2591,0.2683,20437043.0,2025-04-11 23:59:59.999,5397881.0339
2025-04-12,0.2684,0.2823,0.2637,0.2795,30257533.0,2025-04-12 23:59:59.999,8281463.4376
2025-04-13,0.2795,0.2885,0.2627,0.2656,22510611.0,2025-04-13 23:59:59.999,6198281.1411
2025-04-14,0.2655,0.2709,0.256,0.2582,15414813.0,2025-04-14 23:59:59.999,4058617.4455
2025-04-15,0.2584,0.2696,0.2563,0.2599,14766936.0,2025-04-15 23:59:59.999,3884937.522
2025-04-16,0.2599,0.2776,0.2557,0.2769,31817324.0,2025-04-16 23:59:59.999,8489875.9444
2025-04-17,0.2769,0.2957,0.2712,0.2887,97759712.0,2025-04-17 23:59:59.999,27833309.966
2025-04-18,0.2887,0.3088,0.2806,0.2938,50143715.0,2025-04-18 23:59:59.999,14858959.214
2025-04-19,0.2937,0.3083,0.2925,0.306,24831951.0,2025-04-19 23:59:59.999,7454370.8009
2025-04-20,0.306,0.3075,0.2906,0.2982,24232916.0,2025-04-20 23:59:59.999,7234065.4398
2025-04-21,0.2982,0.3036,0.2897,0.2932,15951633.0,2025-04-21 23:59:59.999,4748431.8625
2025-04-22,0.2933,0.3142,0.2857,0.3138,24448022.0,2025-04-22 23:59:59.999,7270053.035
2025-04-23,0.3137,0.3177,0.3055,0.3132,19430830.0,2025-04-23 23:59:59.999,6080243.1456
2025-04-24,0.3131,0.3144,0.2993,0.3134,19629891.0,2025-04-24 23:59:59.999,6061054.8075
2025-04-25,0.3135,0.3192,0.3075,0.3148,14007765.0,2025-04-25 23:59:59.999,4394553.727
2025-04-26,0.3146,0.3469,0.3146,0.3352,50392428.0,2025-04-26 23:59:59.999,16613575.9568
2025-04-27,0.335,0.3394,0.3077,0.3092,31320383.0,2025-04-27 23:59:59.999,9997095.2688
2025-04-28,0.3092,0.3191,0.2988,0.3134,19407933.0,2025-04-28 23:59:59.999,6036981.2748
2025-04-29,0.3134,0.3216,0.3059,0.3094,14461128.0,2025-04-29 23:59:59.999,4564104.0069
2025-04-30,0.3094,0.3164,0.293,0.3063,16863245.0,2025-04-30 23:59:59.999,5153370.9177
2025-05-01,0.3063,0.3106,0.3022,0.3053,9531873.0,2025-05-01 23:59:59.999,2922691.6533
2025-05-02,0.3052,0.3072,0.2953,0.3011,9087782.0,2025-05-02 23:59:59.999,2739632.9164
2025-05-03,0.3011,0.3127,0.2882,0.2887,28451796.0,2025-05-03 23:59:59.999,8637461.5958
2025-05-04,0.2888,0.2895,0.276,0.2782,14378654.0,2025-05-04 23:59:59.999,4051530.0962
2025-05-05,0.2783,0.2912,0.2752,0.2823,13009895.0,2025-05-05 23:59:59.999,3677136.828
2025-05-06,0.2823,0.2852,0.2611,0.2729,13226046.0,2025-05-06 23:59:59.999,3613604.7347
2025-05-07,0.273,0.2809,0.2696,0.2797,10368567.0,2025-05-07 23:59:59.999,2844922.4462
2025-05-08,0.2796,0.3131,0.2793,0.3102,17720757.0,2025-05-08 23:59:59.999,5275144.9375
2025-05-09,0.3101,0.326,0.3071,0.3215,24419953.0,2025-05-09 23:59:59.999,7776272.2202
2025-05-10,0.3215,0.3397,0.319,0.3397,19356268.0,2025-05-10 23:59:59.999,6311698.5621
2025-05-11,0.3395,0.342,0.3242,0.3339,17163212.0,2025-05-11 23:59:59.999,5734297.1261
2025-05-12,0.3339,0.3503,0.3145,0.3354,28773558.0,2025-05-12 23:59:59.999,9686725.8442
2025-05-13,0.3353,0.3497,0.3153,0.3442,20110167.0,2025-05-13 23:59:59.999,6696318.3118
2025-05-14,0.3444,0.3526,0.3254,0.3287,18136319.0,2025-05-14 23:59:59.999,6130789.0677
2025-05-15,0.3288,0.3347,0.3046,0.3131,24626951.0,2025-05-15 23:59:59.999,7752346.9607
2025-05-16,0.3131,0.3188,0.3029,0.3058,13183653.0,2025-05-16 23:59:59.999,4121758.6958
2025-05-17,0.3059,0.3067,0.2865,0.2915,19711427.0,2025-05-17 23:59:59.999,5806685.8163
2025-05-18,0.2915,0.3059,0.2805,0.3005,20076902.0,2025-05-18 23:59:59.999,5927743.0158
2025-05-19,0.3005,0.3029,0.2787,0.2925,21122492.0,2025-05-19 23:59:59.999,6042713.4969
2025-05-20,0.2925,0.3005,0.2863,0.2998,16775026.0,2025-05-20 23:59:59.999,4925191.536
2025-05-21,0.2998,0.3079,0.2911,0.3031,24307387.0,2025-05-21 23:59:59.999,7263119.3514
2025-05-22,0.3031,0.3183,0.3024,0.318,13133097.0,2025-05-22 23:59:59.999,4106889.9222
2025-05-23,0.318,0.3229,0.2936,0.2952,23487803.0,2025-05-23 23:59:59.999,7212143.2043
2025-05-24,0.2951,0.3002,0.2918,0.2929,8900634.0,2025-05-24 23:59:59.999,2638232.9946
2025-05-25,0.2929,0.2942,0.2811,0.2922,12464423.0,2025-05-25 23:59:59.999,3580844.5616
2025-05-26,0.2923,0.2964,0.2852,0.2877,9996094.0,2025-05-26 23:59:59.999,2906501.3958
2025-05-27,0.2878,0.3017,0.282,0.2978,12534605.0,2025-05-27 23:59:59.999,3691197.1238
2025-05-28,0.2978,0.2997,0.2848,0.2921,11204384.0,2025-05-28 23:59:59.999,3280106.2722
2025-05-29,0.292,0.2973,0.2832,0.2852,12206101.0,2025-05-29 23:59:59.999,3558990.7456
2025-05-30,0.2852,0.2869,0.2591,0.2621,19111368.0,2025-05-30 23:59:59.999,5207732.9651
2025-05-31,0.2621,0.2691,0.253,0.2615,12579794.0,2025-05-31 23:59:59.999,3280033.4942
2025-06-01,0.2614,0.2663,0.2546,0.2651,10944783.0,2025-06-01 23:59:59.999,2854308.6573
2025-06-02,0.2651,0.2743,0.2615,0.2731,21589940.0,2025-06-02 23:59:59.999,5801775.6024
2025-06-03,0.273,0.2778,0.2672,0.2709,18166947.0,2025-06-03 23:59:59.999,4951477.3298
2025-06-04,0.2709,0.2757,0.2645,0.2665,10126816.0,2025-06-04 23:59:59.999,2746523.1392
2025-06-05,0.2666,0.2702,0.2458,0.2461,24719183.0,2025-06-05 23:59:59.999,6435686.8334
2025-06-06,0.2462,0.2612,0.2439,0.2522,15091937.0,2025-06-06 23:59:59.999,3804319.7991
2025-06-07,0.2522,0.26,0.2513,0.259,5308860.0,2025-06-07 23:59:59.999,1367016.1981
2025-06-08,0.259,0.2667,0.2575,0.2639,19479097.0,2025-06-08 23:59:59.999,5120994.7846
2025-06-09,0.264,0.2796,0.2582,0.2791,15691937.0,2025-06-09 23:59:59.999,4206049.3982
2025-06-10,0.279,0.285,0.2732,0.285,21512295.0,2025-06-10 23:59:59.999,6002566.2672
2025-06-11,0.2849,0.286,0.2732,0.2758,14084999.0,2025-06-11 23:59:59.999,3959765.1805
2025-06-12,0.2758,0.2766,0.2583,0.2584,18619178.0,2025-06-12 23:59:59.999,4998217.5397
2025-06-13,0.2584,0.2586,0.2413,0.2539,25620553.0,2025-06-13 23:59:59.999,6337536.5195
2025-06-14,0.2539,0.2543,0.2456,0.2512,16546359.0,2025-06-14 23:59:59.999,4138716.5
2025-06-15,0.2511,0.2554,0.2471,0.2523,14504513.0,2025-06-15 23:59:59.999,3654720.9456
2025-06-16,0.2524,0.2573,0.246,0.2466,13359883.0,2025-06-16 23:59:59.999,3387724.6964
2025-06-17,0.2466,0.2516,0.2365,0.241,13194450.0,2025-06-17 23:59:59.999,3221341.0131
2025-06-18,0.2409,0.2446,0.2332,0.2437,9018627.0,2025-06-18 23:59:59.999,2165016.7536
2025-06-19,0.2436,0.2457,0.2374,0.2447,7315441.0,2025-06-19 23:59:59.999,1766486.2051
2025-06-20,0.2446,0.255,0.2362,0.241,30494570.0,2025-06-20 23:59:59.999,7558181.4297
2025-06-21,0.241,0.248,0.2238,0.2294,28274209.0,2025-06-21 23:59:59.999,6818758.345
2025-06-22,0.2295,0.2323,0.2104,0.2216,19391620.0,2025-06-22 23:59:59.999,4299977.0128
2025-06-23,0.2215,0.2459,0.2206,0.2455,18116066.0,2025-06-23 23:59:59.999,4189853.3417
2025-06-24,0.2455,0.2523,0.2451,0.2503,9650169.0,2025-06-24 23:59:59.999,2394752.6671
2025-06-25,0.2502,0.2538,0.2427,0.2464,19321826.0,2025-06-25 23:59:59.999,4791757.3119
2025-06-26,0.2464,0.2529,0.2355,0.2367,20223424.0,2025-06-26 23:59:59.999,4913573.6717
2025-06-27,0.2367,0.2443,0.235,0.24,13742798.0,2025-06-27 23:59:59.999,3296822.7257
2025-06-28,0.2401,0.2468,0.2364,0.2453,7669068.0,2025-06-28 23:59:59.999,1848520.5022
2025-06-29,0.2454,0.2526,0.2411,0.251,9324619.0,2025-06-29 23:59:59.999,2279711.7495
2025-06-30,0.251,0.253,0.2376,0.2406,12440503.0,2025-06-30 23:59:59.999,3023707.4304
2025-07-01,0.2405,0.2423,0.2305,0.232,23024200.0,2025-07-01 23:59:59.999,5432273.9584
2025-07-02,0.232,0.254,0.228,0.2506,19681714.0,2025-07-02 23:59:59.999,4712403.7709
2025-07-03,0.2506,0.2557,0.2475,0.2516,16934686.0,2025-07-03 23:59:59.999,4266220.0677
2025-07-04,0.2516,0.2528,0.2401,0.2433,16330540.0,2025-07-04 23:59:59.999,4039057.6015
2025-07-05,0.2433,0.2455,0.2379,0.2421,7932790.0,2025-07-05 23:59:59.999,1921921.7794
2025-07-06,0.2421,0.2507,0.24,0.248,8923608.0,2025-07-06 23:59:59.999,2185423.5679
2025-07-07,0.248,0.251,0.243,0.2455,15737932.0,2025-07-07 23:59:59.999,3889324.9527
2025-07-08,0.2455,0.2542,0.2426,0.2541,12299011.0,2025-07-08 23:59:59.999,3048540.6788
2025-07-09,0.2541,0.2672,0.2516,0.2652,19320833.0,2025-07-09 23:59:59.999,5004583.0639
2025-07-10,0.2651,0.2793,0.2604,0.2774,14609692.0,2025-07-10 23:59:59.999,3925158.9203
2025-07-11,0.2773,0.2879,0.2728,0.2857,22593743.0,2025-07-11 23:59:59.999,6380264.7417
2025-07-12,0.2858,0.3357,0.2818,0.2961,141534820.0,2025-07-12 23:59:59.999,43063065.0701
2025-07-13,0.2962,0.3029,0.2901,0.2955,30807530.0,2025-07-13 23:59:59.999,9138388.5081
2025-07-14,0.2956,0.307,0.2888,0.2949,22834552.0,2025-07-14 23:59:59.999,6829434.421
2025-07-15,0.295,0.3023,0.2848,0.3017,16824087.0,2025-07-15 23:59:59.999,4913406.915
2025-07-16,0.3016,0.3086,0.296,0.3025,15120521.0,2025-07-16 23:59:59.999,4561518.6658
2025-07-17,0.3023,0.3052,0.2926,0.3032,15362315.0,2025-07-17 23:59:59.999,4602917.9593
2025-07-18,0.3032,0.316,0.2975,0.3043,17403731.0,2025-07-18 23:59:59.999,5354345.8537
2025-07-19,0.3043,0.3083,0.2949,0.3077,10197743.0,2025-07-19 23:59:59.999,3080034.7635
2025-07-20,0.3076,0.3243,0.307,0.3149,21009628.0,2025-07-20 23:59:59.999,6620504.8199
2025-07-21,0.315,0.3245,0.3094,0.3214,14503724.0,2025-07-21 23:59:59.999,4622353.4391
2025-07-22,0.3213,0.3303,0.3087,0.3246,35090927.0,2025-07-22 23:59:59.999,11203459.7596
2025-07-23,0.3246,0.3249,0.2914,0.2993,24110125.0,2025-07-23 23:59:59.999,7490097.6056
2025-07-24,0.2994,0.3051,0.2771,0.291,21172225.0,2025-07-24 23:59:59.999,6172822.1915
2025-07-25,0.2911,0.296,0.2802,0.2955,12627875.0,2025-07-25 23:59:59.999,3632263.745
2025-07-26,0.2955,0.2977,0.2924,0.2938,5994539.0,2025-07-26 23:59:59.999,1768970.207
2025-07-27,0.2937,0.3065,0.2934,0.3037,17475987.0,2025-07-27 23:59:59.999,5275341.9167
2025-07-28,0.3038,0.3071,0.2782,0.281,13306521.0,2025-07-28 23:59:59.999,3931152.5991
2025-07-29,0.281,0.2896,0.2755,0.283,11853564.0,2025-07-29 23:59:59.999,3352184.5826
2025-07-30,0.283,0.2834,0.2675,0.2816,16183466.0,2025-07-30 23:59:59.999,4481830.0911
2025-07-31,0.2816,0.2865,0.2648,0.2661,11605782.0,2025-07-31 23:59:59.999,3233601.6607
2025-08-01,0.2661,0.2682,0.251,0.2591,18870184.0,2025-08-01 23:59:59.999,4930081.483
2025-08-02,0.2591,0.2629,0.2477,0.2531,9791338.0,2025-08-02 23:59:59.999,2504166.6239
2025-08-03,0.2532,0.26,0.2499,0.2587,6302950.0,2025-08-03 23:59:59.999,1620454.4866
2025-08-04,0.2588,0.273,0.2585,0.2716,17789873.0,2025-08-04 23:59:59.999,4735315.7182
2025-08-05,0.2717,0.2724,0.2545,0.2601,16116980.0,2025-08-05 23:59:59.999,4265308.5042
2025-08-06,0.2601,0.2618,0.2525,0.2596,15348850.0,2025-08-06 23:59:59.999,3958491.2178
2025-08-07,0.2596,0.2711,0.2581,0.2706,15812951.0,2025-08-07 23:59:59.999,4197617.8756
2025-08-08,0.2706,0.2752,0.2655,0.2745,20082318.0,2025-08-08 23:59:59.999,5434527.6787
2025-08-09,0.2745,0.2841,0.2731,0.2809,11929382.0,2025-08-09 23:59:59.999,3336873.1995
2025-08-10,0.281,0.2896,0.274,0.2826,23881639.0,2025-08-10 23:59:59.999,6734264.8112
2025-08-11,0.2826,0.2874,0.2657,0.2682,17090915.0,2025-08-11 23:59:59.999,4731800.647
2025-08-12,0.2681,0.2847,0.2623,0.2812,23734305.0,2025-08-12 23:59:59.999,6497691.2312
2025-08-13,0.2812,0.2912,0.2797,0.2898,21189592.0,2025-08-13 23:59:59.999,6071037.871
2025-08-14,0.2898,0.2925,0.2563,0.2616,32406916.0,2025-08-14 23:59:59.999,8850250.5553
2025-08-15,0.2615,0.2678,0.2503,0.2596,17033657.0,2025-08-15 23:59:59.999,4425167.8731
2025-08-16,0.2595,0.2763,0.2592,0.2741,18312083.0,2025-08-16 23:59:59.999,4919314.5142
2025-08-17,0.2742,0.2781,0.2687,0.2701,13181674.0,2025-08-17 23:59:59.999,3610415.4442
2025-08-18,0.27,0.2702,0.256,0.2618,15672070.0,2025-08-18 23:59:59.999,4096707.4484
2025-08-19,0.2617,0.2664,0.253,0.2541,15586019.0,2025-08-19 23:59:59.999,4052333.9586
2025-08-20,0.2541,0.2651,0.2527,0.2635,11716428.0,2025-08-20 23:59:59.999,3033304.0656
2025-08-21,0.2635,0.2654,0.2537,0.2557,9780963.0,2025-08-21 23:59:59.999,2532785.6243
2025-08-22,0.2556,0.2766,0.2464,0.275,19035592.0,2025-08-22 23:59:59.999,4989909.0347
2025-08-23,0.2751,0.2796,0.2696,0.2729,9164606.0,2025-08-23 23:59:59.999,2509826.2022
2025-08-24,0.2728,0.2804,0.2617,0.268,15965941.0,2025-08-24 23:59:59.999,4294973.0075
2025-08-25,0.268,0.2741,0.2447,0.2488,23406326.0,2025-08-25 23:59:59.999,6066891.4305
2025-08-26,0.2488,0.2613,0.2451,0.2607,11213635.0,2025-08-26 23:59:59.999,2842155.1793
2025-08-27,0.2606,0.2632,0.2557,0.2589,11500680.0,2025-08-27 23:59:59.999,2979568.6117
2025-08-28,0.2589,0.2658,0.2571,0.2658,11238306.0,2025-08-28 23:59:59.999,2939577.2775
2025-08-29,0.2658,0.2664,0.2481,0.2533,11718908.0,2025-08-29 23:59:59.999,2988848.6001
2025-08-30,0.2533,0.2601,0.251,0.2592,7447234.0,2025-08-30 23:59:59.999,1910601.5668
2025-08-31,0.2592,0.2644,0.2542,0.2546,7302088.0,2025-08-31 23:59:59.999,1902334.1404
2025-09-01,0.2547,0.2605,0.243,0.2505,14113976.0,2025-09-01 23:59:59.999,3547156.4468
2025-09-02,0.2504,0.2574,0.2488,0.2559,7949677.0,2025-09-02 23:59:59.999,2019703.01
2025-09-03,0.2561,0.2607,0.2518,0.2583,5778840.0,2025-09-03 23:59:59.999,1482860.3731
2025-09-04,0.2583,0.2589,0.246,0.2486,7449236.0,2025-09-04 23:59:59.999,1869229.1875
2025-09-05,0.2485,0.2568,0.2481,0.2533,8518498.0,2025-09-05 23:59:59.999,2150725.5724
2025-09-06,0.2534,0.2543,0.2475,0.2494,4347727.0,2025-09-06 23:59:59.999,1088800.5795
2025-09-07,0.2494,0.2534,0.2493,0.2523,5629522.0,2025-09-07 23:59:59.999,1416520.6408
2025-09-08,0.2523,0.2599,0.2505,0.2586,7413169.0,2025-09-08 23:59:59.999,1895321.6711
2025-09-09,0.2586,0.2639,0.2545,0.2589,8557855.0,2025-09-09 23:59:59.999,2222038.0567
2025-09-10,0.2589,0.2653,0.2569,0.2634,8305730.0,2025-09-10 23:59:59.999,2178735.0309
2025-09-11,0.2635,0.2654,0.2571,0.2647,8046643.0,2025-09-11 23:59:59.999,2108576.556
2025-09-12,0.2646,0.2711,0.2623,0.271,7610201.0,2025-09-12 23:59:59.999,2028210.8373
2025-09-13,0.2711,0.2751,0.2677,0.2745,9597204.0,2025-09-13 23:59:59.999,2609501.8813
2025-09-14,0.2746,0.2754,0.2612,0.2659,10348251.0,2025-09-14 23:59:59.999,2786882.6254
2025-09-15,0.266,0.2703,0.2517,0.2559,11836448.0,2025-09-15 23:59:59.999,3080419.5061
2025-09-16,0.2559,0.2592,0.2493,0.2579,7197518.0,2025-09-16 23:59:59.999,1831654.4442
2025-09-17,0.2579,0.2608,0.2486,0.2592,10175678.0,2025-09-17 23:59:59.999,2584487.8486
2025-09-18,0.2593,0.2646,0.2577,0.2635,7294793.0,2025-09-18 23:59:59.999,1904903.5686
2025-09-19,0.2635,0.2672,0.2503,0.2519,10146602.0,2025-09-19 23:59:59.999,2623075.5249
2025-09-20,0.2518,0.256,0.2492,0.2557,7374836.0,2025-09-20 23:59:59.999,1862822.7724
2025-09-21,0.2557,0.2569,0.2495,0.2511,8087148.0,2025-09-21 23:59:59.999,2040947.8248
2025-09-22,0.2512,0.2518,0.2197,0.2334,21063119.0,2025-09-22 23:59:59.999,4963227.7067
2025-09-23,0.2334,0.2384,0.2276,0.2333,7825205.0,2025-09-23 23:59:59.999,1827047.8945
2025-09-24,0.2333,0.2386,0.2278,0.2337,6721655.0,2025-09-24 23:59:59.999,1575874.3779
2025-09-25,0.2337,0.2339,0.2165,0.2196,19161143.0,2025-09-25 23:59:59.999,4313501.3335
2025-09-26,0.2196,0.2303,0.2193,0.2283,11195704.0,2025-09-26 23:59:59.999,2503329.1531
2025-09-27,0.2283,0.2284,0.2239,0.2259,4922649.0,2025-09-27 23:59:59.999,1114299.5692
2025-09-28,0.2259,0.2325,0.2224,0.2311,6817940.0,2025-09-28 23:59:59.999,1543887.4537
2025-09-29,0.2312,0.2313,0.2234,0.228,8140419.0,2025-09-29 23:59:59.999,1857143.0274
2025-09-30,0.228,0.2301,0.2231,0.2289,10679168.0,2025-09-30 23:59:59.999,2424643.8415
2025-10-01,0.2288,0.2402,0.2262,0.2402,18222559.0,2025-10-01 23:59:59.999,4268023.4561
2025-10-02,0.2401,0.2462,0.2375,0.2445,10378851.0,2025-10-02 23:59:59.999,2520397.8016
2025-10-03,0.2445,0.2485,0.2396,0.244,10811154.0,2025-10-03 23:59:59.999,2630979.505
2025-10-04,0.244,0.2449,0.2312,0.2339,8888723.0,2025-10-04 23:59:59.999,2105254.799
2025-10-05,0.2339,0.2422,0.2317,0.2325,11049008.0,2025-10-05 23:59:59.999,2625198.1558
2025-10-06,0.2325,0.2393,0.2303,0.2354,11231561.0,2025-10-06 23:59:59.999,2640677.427
2025-10-07,0.2354,0.2365,0.2218,0.2228,14442499.0,2025-10-07 23:59:59.999,3305583.0734
2025-10-08,0.2228,0.2317,0.2194,0.2297,9416550.0,2025-10-08 23:59:59.999,2128014.661
2025-10-09,0.2297,0.23,0.2215,0.2288,12353534.0,2025-10-09 23:59:59.999,2790938.419
2025-10-10,0.2289,0.2347,0.0662,0.1562,75375861.0,2025-10-10 23:59:59.999,12611860.991
2025-10-11,0.1562,0.168,0.1532,0.1604,38813568.0,2025-10-11 23:59:59.999,6228980.3188
2025-10-12,0.1604,0.1852,0.1581,0.1841,22974229.0,2025-10-12 23:59:59.999,3928453.2118
2025-10-13,0.1842,0.2018,0.182,0.2014,39297685.0,2025-10-13 23:59:59.999,7464274.2757
2025-10-14,0.2013,0.214,0.1795,0.1901,64327239.0,2025-10-14 23:59:59.999,12575104.8288
2025-10-15,0.1902,0.1943,0.1785,0.1818,14888707.0,2025-10-15 23:59:59.999,2775246.2243
2025-10-16,0.1817,0.1857,0.1709,0.1743,19632981.0,2025-10-16 23:59:59.999,3512370.6299
2025-10-17,0.1743,0.1752,0.1606,0.17,23271448.0,2025-10-17 23:59:59.999,3907788.8833
2025-10-18,0.1699,0.1753,0.1697,0.1735,9592341.0,2025-10-18 23:59:59.999,1655171.1713
2025-10-19,0.1736,0.1802,0.1714,0.1771,10646364.0,2025-10-19 23:59:59.999,1877923.2555
2025-10-20,0.1772,0.1839,0.1743,0.1808,9814859.0,2025-10-20 23:59:59.999,1774063.2133
2025-10-21,0.1808,0.2218,0.1735,0.1872,252121083.0,2025-10-21 23:59:59.999,51023072.4836
2025-10-22,0.1871,0.1929,0.1678,0.1738,92859049.0,2025-10-22 23:59:59.999,17001885.4665
2025-10-23,0.1739,0.1809,0.1731,0.1767,19264031.0,2025-10-23 23:59:59.999,3400182.5787
2025-10-24,0.1767,0.183,0.1736,0.1783,22886417.0,2025-10-24 23:59:59.999,4082458.7583
2025-10-25,0.1782,0.182,0.1768,0.1798,13274937.0,2025-10-25 23:59:59.999,2379870.2889
2025-10-26,0.1798,0.1876,0.1788,0.1861,13068010.0,2025-10-26 23:59:59.999,2392582.5626
2025-10-27,0.1861,0.1868,0.1769,0.178,15617202.0,2025-10-27 23:59:59.999,2841622.8229
2025-10-28,0.178,0.185,0.1719,0.1731,24902187.0,2025-10-28 23:59:59.999,4453585.7954
2025-10-29,0.173,0.1784,0.168,0.1721,19736768.0,2025-10-29 23:59:59.999,3439929.7334
2025-10-30,0.1722,0.1739,0.1569,0.1614,29218416.0,2025-10-30 23:59:59.999,4824728.4987
2025-10-31,0.1614,0.1693,0.1612,0.1677,11393277.0,2025-10-31 23:59:59.999,1881054.0671
2025-11-01,0.1675,0.1734,0.1667,0.1723,10565668.0,2025-11-01 23:59:59.999,1803721.1443
2025-11-02,0.1722,0.1851,0.1688,0.1733,33907985.0,2025-11-02 23:59:59.999,5998380.4063
2025-11-03,0.1733,0.1734,0.1475,0.1536,25554703.0,2025-11-03 23:59:59.999,4045508.1359
2025-11-04,0.1535,0.1585,0.1384,0.146,35726678.0,2025-11-04 23:59:59.999,5358903.4886
2025-11-05,0.146,0.1497,0.1365,0.1491,12995297.0,2025-11-05 23:59:59.999,1886517.0506
2025-11-06,0.149,0.1786,0.1433,0.1735,119552661.0,2025-11-06 23:59:59.999,19635731.1386
2025-11-07,0.1734,0.2384,0.1672,0.2049,431960367.0,2025-11-07 23:59:59.999,85731724.9434
2025-11-08,0.205,0.2087,0.1778,0.1802,122702978.0,2025-11-08 23:59:59.999,23523211.9106
2025-11-09,0.1801,0.1805,0.1683,0.1757,45383758.0,2025-11-09 23:59:59.999,7918833.7853
2025-11-10,0.1758,0.1825,0.1711,0.1742,32004775.0,2025-11-10 23:59:59.999,5617190.2
2025-11-11,0.1743,0.1856,0.1656,0.1677,57671708.0,2025-11-11 23:59:59.999,10193267.3178
2025-11-12,0.1676,0.175,0.1653,0.1699,27246118.0,2025-11-12 23:59:59.999,4646857.8579
2025-11-13,0.1698,0.1762,0.1601,0.1651,28155912.0,2025-11-13 23:59:59.999,4741815.2081
2025-11-14,0.165,0.1657,0.1578,0.1611,20159831.0,2025-11-14 23:59:59.999,3271324.442
2025-11-15,0.161,0.1662,0.1604,0.1617,12336527.0,2025-11-15 23:59:59.999,2013498.2669
2025-11-16,0.1619,0.1652,0.1574,0.1612,13374966.0,2025-11-16 23:59:59.999,2153598.8605
2025-11-17,0.1612,0.1673,0.1563,0.1588,21060609.0,2025-11-17 23:59:59.999,3403651.2137
2025-11-18,0.1589,0.1634,0.1564,0.1613,19056609.0,2025-11-18 23:59:59.999,3048603.9757
2025-11-19,0.1613,0.1642,0.1541,0.161,25441076.0,2025-11-19 23:59:59.999,4058411.7303
2025-11-20,0.161,0.1632,0.153,0.1564,19101356.0,2025-11-20 23:59:59.999,3023527.7863
2025-11-21,0.1565,0.1596,0.1414,0.1478,23524877.0,2025-11-21 23:59:59.999,3531544.0067
2025-11-22,0.1478,0.1498,0.1436,0.1485,9165591.0,2025-11-22 23:59:59.999,1347909.8986
2025-11-23,0.1486,0.154,0.1478,0.1489,31681215.0,2025-11-23 23:59:59.999,4772624.7429
2025-11-24,0.1489,0.1551,0.1465,0.1539,16465011.0,2025-11-24 23:59:59.999,2481036.5832
2025-11-25,0.1538,0.1577,0.1511,0.1566,11926811.0,2025-11-25 23:59:59.999,1838629.2986
2025-11-26,0.1565,0.1567,0.1501,0.1536,13470261.0,2025-11-26 23:59:59.999,2072426.1046
2025-11-27,0.1537,0.159,0.1531,0.1556,15994754.0,2025-11-27 23:59:59.999,2507296.0762
2025-11-28,0.1557,0.1574,0.1505,0.1527,10943052.0,2025-11-28 23:59:59.999,1688568.3973
2025-11-29,0.1526,0.1556,0.1506,0.1513,10916165.0,2025-11-29 23:59:59.999,1669495.5539
2025-11-30,0.1514,0.152,0.1445,0.148,15230982.0,2025-11-30 23:59:59.999,2278626.0855
2025-12-01,0.148,0.1499,0.1393,0.144,25923977.0,2025-12-01 23:59:59.999,3744636.7227
2025-12-02,0.1439,0.1544,0.1431,0.1529,13843611.0,2025-12-02 23:59:59.999,2070210.7925
2025-12-03,0.153,0.1569,0.1513,0.1525,11994218.0,2025-12-03 23:59:59.999,1847452.5404
2025-12-04,0.1526,0.1542,0.1463,0.1484,9830451.0,2025-12-04 23:59:59.999,1482489.1174
2025-12-05,0.1484,0.1492,0.1396,0.1428,15499963.0,2025-12-05 23:59:59.999,2253872.3116
2025-12-06,0.1427,0.1452,0.1422,0.1444,5899954.0,2025-12-06 23:59:59.999,847760.1387
2025-12-07,0.1444,0.1448,0.1373,0.1413,8050130.0,2025-12-07 23:59:59.999,1142801.5931
2025-12-08,0.1412,0.1457,0.1396,0.1408,7447879.0,2025-12-08 23:59:59.999,1063453.2374
2025-12-09,0.1408,0.148,0.1387,0.1463,13174636.0,2025-12-09 23:59:59.999,1884636.1778
2025-12-10,0.1464,0.1484,0.1399,0.14,18908483.0,2025-12-10 23:59:59.999,2740244.6975
2025-12-11,0.1399,0.1402,0.1348,0.1382,9013974.0,2025-12-11 23:59:59.999,1239369.0869
2025-12-12,0.1381,0.141,0.1351,0.139,12488885.0,2025-12-12 23:59:59.999,1732184.8164
2025-12-13,0.139,0.1402,0.1383,0.1393,5244973.0,2025-12-13 23:59:59.999,730197.9733
2025-12-14,0.1392,0.1397,0.1313,0.1329,9185593.0,2025-12-14 23:59:59.999,1248661.1939
2025-12-15,0.133,0.1361,0.1237,0.1256,13032456.0,2025-12-15 23:59:59.999,1685329.87
2025-12-16,0.1256,0.1259,0.1189,0.1234,13225931.0,2025-12-16 23:59:59.999,1616138.921
2025-12-17,0.1235,0.1238,0.1144,0.1158,11414506.0,2025-12-17 23:59:59.999,1363109.4812
2025-12-18,0.1158,0.1179,0.109,0.111,11827345.0,2025-12-18 23:59:59.999,1347697.1339
2025-12-19,0.1111,0.1191,0.1109,0.1184,10308608.0,2025-12-19 23:59:59.999,1194687.5258
2025-12-20,0.1183,0.1194,0.1173,0.1174,5292829.0,2025-12-20 23:59:59.999,625848.4235
2025-12-21,0.1174,0.1199,0.1127,0.1138,11324544.0,2025-12-21 23:59:59.999,1316126.3738
2025-12-22,0.1139,0.1221,0.1126,0.1163,26527487.0,2025-12-22 23:59:59.999,3121254.4904
2025-12-23,0.1163,0.1168,0.1125,0.1145,11448285.0,2025-12-23 23:59:59.999,1310850.3677
2025-12-24,0.1144,0.115,0.1103,0.113,7129094.0,2025-12-24 23:59:59.999,800372.0667
2025-12-25,0.1131,0.1171,0.1126,0.1137,8712128.0,2025-12-25 23:59:59.999,1005051.5697
2025-12-26,0.1138,0.1173,0.1134,0.1148,11629834.0,2025-12-26 23:59:59.999,1344674.943
2025-12-27,0.1149,0.1653,0.1139,0.1578,580369348.0,2025-12-27 23:59:59.999,87138501.9944
2025-12-28,0.1578,0.1684,0.1374,0.1387,2484020643.0,2025-12-28 23:59:59.999,378014928.4604
2025-12-29,0.1388,0.1468,0.1341,0.1435,416655645.0,2025-12-29 23:59:59.999,58771512.4167
2025-12-30,0.1435,0.1591,0.1327,0.1338,251254047.0,2025-12-30 23:59:59.999,35454216.1485
2025-12-31,0.1338,0.1377,0.1243,0.1277,113694973.0,2025-12-31 23:59:59.999,14865562.8394
2026-01-01,0.1278,0.1323,0.1245,0.1289,73895899.0,2026-01-01 23:59:59.999,9458384.5251
2026-01-02,0.1289,0.1317,0.1259,0.1313,73647941.0,2026-01-02 23:59:59.999,9475763.5812
2026-01-03,0.1314,0.1332,0.1283,0.1325,54842208.0,2026-01-03 23:59:59.999,7190789.3389
2026-01-04,0.1325,0.1331,0.1297,0.1318,39786647.0,2026-01-04 23:59:59.999,5223583.9133
2026-01-05,0.1318,0.1616,0.1282,0.1465,458981768.0,2026-01-05 23:59:59.999,68603961.2742
2026-01-06,0.1464,0.15,0.1399,0.1445,198606018.0,2026-01-06 23:59:59.999,28914354.91
2026-01-07,0.1444,0.146,0.1363,0.1378,72418407.0,2026-01-07 23:59:59.999,10216701.1618
2026-01-08,0.1378,0.1415,0.1334,0.1362,42785083.0,2026-01-08 23:59:59.999,5860187.6065
2026-01-09,0.1362,0.1469,0.1346,0.1423,111888316.0,2026-01-09 23:59:59.999,15879117.9443
2026-01-10,0.1423,0.1425,0.1361,0.1375,30060055.0,2026-01-10 23:59:59.999,4180154.3479
2026-01-11,0.1375,0.1385,0.1313,0.1333,33561355.0,2026-01-11 23:59:59.999,4558524.5998
2026-01-12,0.1334,0.1434,0.1307,0.1371,63336647.0,2026-01-12 23:59:59.999,8660268.3532
2026-01-13,0.1371,0.1476,0.1354,0.1433,83317244.0,2026-01-13 23:59:59.999,11854052.0404
2026-01-14,0.1433,0.1479,0.141,0.1448,36721760.0,2026-01-14 23:59:59.999,5294219.3303
2026-01-15,0.1449,0.1483,0.1368,0.1424,46859454.0,2026-01-15 23:59:59.999,6693421.7542
2026-01-16,0.1424,0.1481,0.1404,0.1456,43403139.0,2026-01-16 23:59:59.999,6284381.0968
2026-01-17,0.1455,0.1489,0.1425,0.1465,22955381.0,2026-01-17 23:59:59.999,3345753.9606
2026-01-18,0.1464,0.1477,0.1367,0.1372,25833278.0,2026-01-18 23:59:59.999,3697829.2838
2026-01-19,0.1372,0.1372,0.1186,0.1335,41043814.0,2026-01-19 23:59:59.999,5370776.2006
2026-01-20,0.1334,0.1354,0.1234,0.1255,19961763.0,2026-01-20 23:59:59.999,2588977.3075
2026-01-21,0.1256,0.131,0.1247,0.129,17616749.0,2026-01-21 23:59:59.999,2258663.4845
2026-01-22,0.129,0.1323,0.1268,0.1289,11982900.0,2026-01-22 23:59:59.999,1551907.4073
2026-01-23,0.1289,0.1314,0.1265,0.1283,11493929.0,2026-01-23 23:59:59.999,1479960.5215
2026-01-24,0.1283,0.1309,0.1269,0.1282,8731197.0,2026-01-24 23:59:59.999,1126145.6705
2026-01-25,0.1281,0.1286,0.1194,0.1216,18374140.0,2026-01-25 23:59:59.999,2279632.108
2026-01-26,0.1217,0.1272,0.1211,0.1265,14110379.0,2026-01-26 23:59:59.999,1756943.561
2026-01-27,0.1265,0.1297,0.1243,0.1276,23959846.0,2026-01-27 23:59:59.999,3052998.6488
2026-01-28,0.1277,0.1278,0.1239,0.1251,12105757.0,2026-01-28 23:59:59.999,1522430.1222
2026-01-29,0.1251,0.1254,0.1145,0.118,22648735.0,2026-01-29 23:59:59.999,2690954.7281
2026-01-30,0.118,0.1188,0.1132,0.1169,20671725.0,2026-01-30 23:59:59.999,2401623.2655
2026-01-31,0.1169,0.1176,0.0993,0.1081,36831945.0,2026-01-31 23:59:59.999,4027884.227
2026-02-01,0.1081,0.1138,0.1057,0.1076,56340502.0,2026-02-01 23:59:59.999,6206212.7375
2026-02-02,0.1077,0.1107,0.1034,0.1101,31062141.0,2026-02-02 23:59:59.999,3345938.4105
2026-02-03,0.1102,0.1137,0.1047,0.1099,40825962.0,2026-02-03 23:59:59.999,4504836.4037
2026-02-04,0.1099,0.1145,0.1072,0.1112,33378301.0,2026-02-04 23:59:59.999,3698587.6036
2026-02-05,0.1112,0.1129,0.0937,0.0948,63218154.0,2026-02-05 23:59:59.999,6394824.4038
2026-02-06,0.0948,0.1069,0.0862,0.1046,50984028.0,2026-02-06 23:59:59.999,4889824.1986
2026-02-07,0.1046,0.1149,0.1007,0.1084,122047400.0,2026-02-07 23:59:59.999,13109588.7426
2026-02-08,0.1084,0.1094,0.1009,0.1016,23184575.0,2026-02-08 23:59:59.999,2446805.9635
2026-02-09,0.1015,0.1023,0.096,0.0995,27592450.0,2026-02-09 23:59:59.999,2743593.8551
2026-02-10,0.0995,0.1004,0.0963,0.0979,15981365.0,2026-02-10 23:59:59.999,1567108.32
2026-02-11,0.0978,0.0981,0.0935,0.0971,20722923.0,2026-02-11 23:59:59.999,1982901.689
2026-02-12,0.097,0.1023,0.0961,0.0985,19065870.0,2026-02-12 23:59:59.999,1881373.4644
2026-02-13,0.0984,0.1041,0.097,0.1036,18471632.0,2026-02-13 23:59:59.999,1863477.6443
2026-02-14,0.1036,0.1069,0.1029,0.1056,19196469.0,2026-02-14 23:59:59.999,2011363.2626
2026-02-15,0.1055,0.109,0.0992,0.1011,21556432.0,2026-02-15 23:59:59.999,2254614.9179
2026-02-16,0.1011,0.1213,0.1009,0.1093,255241106.0,2026-02-16 23:59:59.999,28633402.9199
2026-02-17,0.1093,0.1104,0.1036,0.1045,41950970.0,2026-02-17 23:59:59.999,4473247.026
2026-02-18,0.1046,0.1055,0.0982,0.099,35956979.0,2026-02-18 23:59:59.999,3632479.5953
2026-02-19,0.099,0.1009,0.0932,0.0955,26657896.0,2026-02-19 23:59:59.999,2572010.6213
2026-02-20,0.0955,0.0981,0.0931,0.0978,21202259.0,2026-02-20 23:59:59.999,2029381.6487
2026-02-21,0.0976,0.0995,0.0954,0.0954,14517369.0,2026-02-21 23:59:59.999,1412911.6197
2026-02-22,0.0954,0.0971,0.0915,0.0929,13528155.0,2026-02-22 23:59:59.999,1272861.6286
2026-02-23,0.0929,0.0931,0.0871,0.0879,22581343.0,2026-02-23 23:59:59.999,2015236.1901
2026-02-24,0.0879,0.0976,0.0872,0.0936,93889458.0,2026-02-24 23:59:59.999,8709142.8489
2026-02-25,0.0936,0.1002,0.0933,0.0974,37373227.0,2026-02-25 23:59:59.999,3596708.1172
2026-02-26,0.0975,0.0981,0.0934,0.0959,19180104.0,2026-02-26 23:59:59.999,1837659.5664
2026-02-27,0.0959,0.0975,0.0922,0.0945,16205533.0,2026-02-27 23:59:59.999,1546034.4514
2026-02-28,0.0945,0.0976,0.0891,0.0966,27196175.0,2026-02-28 23:59:59.999,2534419.1407
2026-03-01,0.0965,0.1001,0.0908,0.0932,19878176.0,2026-03-01 23:59:59.999,1896111.3369
2026-03-02,0.0932,0.0986,0.093,0.0948,24496656.0,2026-03-02 23:59:59.999,2335629.9969
2026-03-03,0.0949,0.0985,0.0925,0.0927,23955085.0,2026-03-03 23:59:59.999,2282194.1075
2026-03-04,0.0928,0.0979,0.0913,0.0952,23667187.0,2026-03-04 23:59:59.999,2234321.9223
2026-03-05,0.0952,0.0962,0.0916,0.0945,13143584.0,2026-03-05 23:59:59.999,1240566.1816
2026-03-06,0.0943,0.0955,0.0899,0.0909,11807125.0,2026-03-06 23:59:59.999,1095536.4103
2026-03-07,0.0909,0.0915,0.0885,0.0894,7583634.0,2026-03-07 23:59:59.999,683963.1637
2026-03-08,0.0894,0.0903,0.0871,0.0877,15416866.0,2026-03-08 23:59:59.999,1364834.4353
2026-03-09,0.0876,0.0913,0.0869,0.0891,14411731.0,2026-03-09 23:59:59.999,1288493.7905
2026-03-10,0.0891,0.0916,0.0885,0.0892,14154247.0,2026-03-10 23:59:59.999,1274661.6162
2026-03-11,0.0892,0.0974,0.0892,0.094,85500539.0,2026-03-11 23:59:59.999,8061017.6455
2026-03-12,0.0941,0.097,0.0924,0.0959,19826306.0,2026-03-12 23:59:59.999,1865252.063
2026-03-13,0.0958,0.0975,0.095,0.0964,17862957.0,2026-03-13 23:59:59.999,1722496.4125
2026-03-14,0.0964,0.0974,0.0941,0.0958,7239851.0,2026-03-14 23:59:59.999,692896.2169
2026-03-15,0.0958,0.0975,0.0947,0.097,7764748.0,2026-03-15 23:59:59.999,745630.2752
2026-03-16,0.097,0.1013,0.097,0.1007,19691924.0,2026-03-16 23:59:59.999,1954322.7151
2026-03-17,0.1006,0.1029,0.0979,0.1012,18273881.0,2026-03-17 23:59:59.999,1845605.9005
2026-03-18,0.1012,0.1041,0.0979,0.0993,28142635.0,2026-03-18 23:59:59.999,2847086.9742
2026-03-19,0.0993,0.1071,0.0983,0.1042,44280276.0,2026-03-19 23:59:59.999,4533886.9662
2026-03-20,0.1042,0.1051,0.0994,0.101,21849421.0,2026-03-20 23:59:59.999,2227271.799
2026-03-21,0.101,0.1014,0.0958,0.0966,12547772.0,2026-03-21 23:59:59.999,1240743.8723
2026-03-22,0.0965,0.0977,0.0926,0.0937,11694420.0,2026-03-22 23:59:59.999,1116747.2777
2026-03-23,0.0937,0.1025,0.0935,0.1021,27089868.0,2026-03-23 23:59:59.999,2676668.3681
2026-03-24,0.1021,0.1044,0.1,0.102,27165689.0,2026-03-24 23:59:59.999,2772863.1245
2026-03-25,0.102,0.1031,0.0997,0.1017,11286068.0,2026-03-25 23:59:59.999,1146139.1382
2026-03-26,0.1017,0.1029,0.095,0.0959,19549196.0,2026-03-26 23:59:59.999,1914784.8613
2026-03-27,0.0959,0.1005,0.0916,0.0934,54422418.0,2026-03-27 23:59:59.999,5268347.6236
2026-03-28,0.0933,0.0936,0.0871,0.0874,19396617.0,2026-03-28 23:59:59.999,1756354.8263
2026-03-29,0.0874,0.0892,0.084,0.0867,31478210.0,2026-03-29 23:59:59.999,2725633.5335
2026-03-30,0.0867,0.091,0.0862,0.0905,20757066.0,2026-03-30 23:59:59.999,1852014.1447
2026-03-31,0.0905,0.0919,0.0884,0.0916,13104065.0,2026-03-31 23:59:59.999,1179320.23
2026-04-01,0.0916,0.0939,0.0906,0.0933,14148352.0,2026-04-01 23:59:59.999,1306596.2854
2026-04-02,0.0933,0.0943,0.0903,0.0913,16748641.0,2026-04-02 23:59:59.999,1542097.3104
2026-04-03,0.0914,0.0968,0.0909,0.0931,19440314.0,2026-04-03 23:59:59.999,1815797.0331
2026-04-04,0.0931,0.097,0.0924,0.0948,17605012.0,2026-04-04 23:59:59.999,1667942.904
2026-04-05,0.0947,0.0949,0.092,0.0937,10259607.0,2026-04-05 23:59:59.999,958440.2542
2026-04-06,0.0937,0.0975,0.0934,0.0954,15514337.0,2026-04-06 23:59:59.999,1482719.7648
2026-04-07,0.0954,0.0985,0.0913,0.0978,16795768.0,2026-04-07 23:59:59.999,1582250.2052
2026-04-08,0.0978,0.0983,0.0942,0.0945,10071719.0,2026-04-08 23:59:59.999,974112.4856
2026-04-09,0.0945,0.0999,0.0939,0.095,17767055.0,2026-04-09 23:59:59.999,1709204.4651
2026-04-10,0.095,0.0989,0.0946,0.0986,11489630.0,2026-04-10 23:59:59.999,1114992.9564
2026-04-11,0.0986,0.1017,0.0969,0.0992,17894496.0,2026-04-11 23:59:59.999,1771847.01
2026-04-12,0.0992,0.0996,0.0953,0.0966,14995097.0,2026-04-12 23:59:59.999,1458571.5335
2026-04-13,0.0966,0.1,0.096,0.0996,9921297.0,2026-04-13 23:59:59.999,964638.3647
2026-04-14,0.0997,0.1,0.0962,0.0965,8058164.0,2026-04-14 23:59:59.999,792156.871
2026-04-15,0.0965,0.1007,0.0965,0.1002,7534223.0,2026-04-15 23:59:59.999,743669.6087
2026-04-16,0.1002,0.105,0.0995,0.1042,23689802.0,2026-04-16 23:59:59.999,2442582.1343
2026-04-17,0.1042,0.1083,0.1031,0.1068,14819481.0,2026-04-17 23:59:59.999,1569053.5134
2026-04-18,0.1068,0.1081,0.1014,0.1023,12104914.0,2026-04-18 23:59:59.999,1266748.1802
2026-04-19,0.1024,0.1035,0.0988,0.0991,11398346.0,2026-04-19 23:59:59.999,1154051.6682
2026-04-20,0.0992,0.1018,0.099,0.1001,8208103.0,2026-04-20 23:59:59.999,824290.1268
2026-04-21,0.1002,0.1014,0.099,0.1005,7122298.0,2026-04-21 23:59:59.999,713395.2521
2026-04-22,0.1006,0.1022,0.0994,0.0995,5572094.0,2026-04-22 23:59:59.999,564378.3277
2026-04-23,0.0995,0.1001,0.0976,0.0997,7660891.0,2026-04-23 23:59:59.999,756865.5113
2026-04-24,0.0997,0.1016,0.0996,0.1004,6456079.0,2026-04-24 23:59:59.999,648709.913
2026-04-25,0.1005,0.1043,0.1001,0.1025,14001648.0,2026-04-25 23:59:59.999,1431645.0589
2026-04-26,0.1025,0.1035,0.101,0.102,11662985.0,2026-04-26 23:59:59.999,1190394.6225
2026-04-27,0.102,0.1026,0.0976,0.0988,10202722.0,2026-04-27 23:59:59.999,1016498.2008
2026-04-28,0.0988,0.0998,0.0972,0.0983,7151126.0,2026-04-28 23:59:59.999,704246.9506
2026-04-29,0.0983,0.0998,0.0946,0.0968,8518674.0,2026-04-29 23:59:59.999,831483.6285
2026-04-30,0.0969,0.0976,0.0951,0.0957,6538640.0,2026-04-30 23:59:59.999,630522.6067
2026-05-01,0.0957,0.0967,0.0949,0.0953,7391012.0,2026-05-01 23:59:59.999,708666.7114
2026-05-02,0.0953,0.0972,0.095,0.0966,5344689.0,2026-05-02 23:59:59.999,512962.0228
2026-05-03,0.0967,0.0969,0.0952,0.0962,5181284.0,2026-05-03 23:59:59.999,498024.3384
2026-05-04,0.0961,0.0988,0.0956,0.0969,8737190.0,2026-05-04 23:59:59.999,851637.5609
2026-05-05,0.0969,0.1056,0.0969,0.1028,42590213.0,2026-05-05 23:59:59.999,4341642.5642
2026-05-06,0.1027,0.1468,0.1025,0.1146,1483443413.0,2026-05-06 23:59:59.999,196066799.5419
2026-05-07,0.1145,0.1166,0.1087,0.1161,209068699.0,2026-05-07 23:59:59.999,23612623.6243
2026-05-08,0.116,0.1282,0.1132,0.1214,261899602.0,2026-05-08 23:59:59.999,31180275.6432
2026-05-09,0.1214,0.1231,0.1143,0.1157,100965083.0,2026-05-09 23:59:59.999,11945582.0921
2026-05-10,0.1157,0.1173,0.1126,0.1149,52743199.0,2026-05-10 23:59:59.999,6064746.3207
2026-05-11,0.1149,0.1153,0.1114,0.1128,44187871.0,2026-05-11 23:59:59.999,4992811.1504
2026-05-12,0.1128,0.1138,0.1067,0.1075,58822950.0,2026-05-12 23:59:59.999,6484618.5491
2026-05-13,0.1075,0.1108,0.1043,0.1058,45125508.0,2026-05-13 23:59:59.999,4857136.1
2026-05-14,0.1057,0.111,0.1034,0.1081,38984276.0,2026-05-14 23:59:59.999,4191499.0766
2026-05-15,0.1081,0.144,0.0997,0.1308,1552012550.0,2026-05-15 23:59:59.999,206372706.1408
2026-05-16,0.1308,0.1465,0.1169,0.1205,2183291476.0,2026-05-16 23:59:59.999,282619846.9178
2026-05-17,0.1205,0.1247,0.1068,0.1102,348774332.0,2026-05-17 23:59:59.999,41215537.7017
2026-05-18,0.1102,0.1132,0.1083,0.1116,112037941.0,2026-05-18 23:59:59.999,12420969.599
2026-05-19,0.1116,0.1263,0.1113,0.1153,299608974.0,2026-05-19 23:59:59.999,35530476.7142
2026-05-20,0.1154,0.1166,0.1109,0.1127,89342091.0,2026-05-20 23:59:59.999,10116446.3388
2026-05-21,0.1127,0.1167,0.1122,0.1146,84003991.0,2026-05-21 23:59:59.999,9615011.7103
2026-05-22,0.1147,0.1164,0.1022,0.1033,153033510.0,2026-05-22 23:59:59.999,16751269.6443
2026-05-23,0.1033,0.111,0.1008,0.1051,105054557.0,2026-05-23 23:59:59.999,11066374.5242
2026-05-24,0.1052,0.1079,0.1011,0.1043,55099391.0,2026-05-24 23:59:59.999,5765701.5342
2026-05-25,0.1042,0.1062,0.102,0.1023,42124946.0,2026-05-25 23:59:59.999,4404106.0549
2026-05-26,0.1023,0.1033,0.0984,0.103,57683723.0,2026-05-26 23:59:59.999,5814362.9187
2026-05-27,0.103,0.1089,0.1014,0.1071,154160097.0,2026-05-27 23:59:59.999,16234856.9171
2026-05-28,0.107,0.1088,0.0963,0.0989,72705867.0,2026-05-28 23:59:59.999,7404941.7778
