open_time,open,high,low,close,volume,close_time,quote_asset_volume
2023-03-30,0.02073,0.02148,0.01928,0.01985,123450855.0,2023-03-30 23:59:59.999,2438475.07824
2023-03-31,0.01984,0.02024,0.01913,0.01986,297453426.0,2023-03-31 23:59:59.999,5857550.71373
2023-04-01,0.01985,0.02059,0.01985,0.02032,198207147.0,2023-04-01 23:59:59.999,3994968.02494
2023-04-02,0.02032,0.02083,0.01951,0.01986,249849439.0,2023-04-02 23:59:59.999,5049308.4295
2023-04-03,0.01986,0.02044,0.019,0.01997,227385153.0,2023-04-03 23:59:59.999,4493263.17231
2023-04-04,0.01998,0.02294,0.01987,0.02125,789243896.0,2023-04-04 23:59:59.999,16850788.53837
2023-04-05,0.02124,0.02184,0.02088,0.0214,318821353.0,2023-04-05 23:59:59.999,6826333.02957
2023-04-06,0.0214,0.02141,0.02066,0.02097,198642006.0,2023-04-06 23:59:59.999,4162269.57128
2023-04-07,0.02096,0.02142,0.0206,0.02092,198233533.0,2023-04-07 23:59:59.999,4163047.54014
2023-04-08,0.02092,0.02128,0.0205,0.02081,171718726.0,2023-04-08 23:59:59.999,3591580.84328
2023-04-09,0.02081,0.02135,0.0204,0.02105,178863534.0,2023-04-09 23:59:59.999,3735047.13454
2023-04-10,0.02105,0.02145,0.02048,0.02142,196067314.0,2023-04-10 23:59:59.999,4111901.31549
2023-04-11,0.02141,0.02195,0.02112,0.02138,229978902.0,2023-04-11 23:59:59.999,4938855.58254
2023-04-12,0.02137,0.02145,0.02034,0.02107,367085983.0,2023-04-12 23:59:59.999,7626175.24956
2023-04-13,0.02108,0.02198,0.02088,0.02167,334800352.0,2023-04-13 23:59:59.999,7214897.32868
2023-04-14,0.02166,0.02227,0.02114,0.02176,308085734.0,2023-04-14 23:59:59.999,6715243.68478
2023-04-15,0.02176,0.02374,0.02137,0.02276,704945644.0,2023-04-15 23:59:59.999,15925544.99555
2023-04-16,0.02276,0.02435,0.02265,0.02343,1741293895.0,2023-04-16 23:59:59.999,40975390.26219
2023-04-17,0.02344,0.02348,0.02208,0.02291,415666505.0,2023-04-17 23:59:59.999,9437492.48493
2023-04-18,0.02291,0.02333,0.02242,0.02327,339044644.0,2023-04-18 23:59:59.999,7776296.58485
2023-04-19,0.02326,0.02328,0.01988,0.02058,556114269.0,2023-04-19 23:59:59.999,11841123.6799
2023-04-20,0.02058,0.02112,0.0196,0.01986,431470791.0,2023-04-20 23:59:59.999,8813217.13981
2023-04-21,0.01987,0.02043,0.01859,0.01874,431564026.0,2023-04-21 23:59:59.999,8509719.00903
2023-04-22,0.01875,0.01968,0.01871,0.01957,223981889.0,2023-04-22 23:59:59.999,4314500.80574
2023-04-23,0.01957,0.01967,0.01865,0.01926,195820180.0,2023-04-23 23:59:59.999,3766185.34788
2023-04-24,0.01925,0.0195,0.01851,0.01903,283488006.0,2023-04-24 23:59:59.999,5381317.44661
2023-04-25,0.01904,0.01947,0.01823,0.01932,271734319.0,2023-04-25 23:59:59.999,5084351.87595
2023-04-26,0.01933,0.02012,0.018,0.01921,346143107.0,2023-04-26 23:59:59.999,6690628.78404
2023-04-27,0.01922,0.01999,0.0191,0.01988,517222680.0,2023-04-27 23:59:59.999,10123432.31898
2023-04-28,0.01987,0.01987,0.01917,0.01957,189317623.0,2023-04-28 23:59:59.999,3695439.0221
2023-04-29,0.01958,0.01978,0.0194,0.01957,174931853.0,2023-04-29 23:59:59.999,3432564.5647
2023-04-30,0.01957,0.01958,0.0188,0.01903,207129848.0,2023-04-30 23:59:59.999,3983319.17105
2023-05-01,0.01903,0.01911,0.01823,0.01859,189306070.0,2023-05-01 23:59:59.999,3521843.70022
2023-05-02,0.01859,0.01887,0.01832,0.01875,182049391.0,2023-05-02 23:59:59.999,3390432.23247
2023-05-03,0.01874,0.01914,0.01803,0.01902,258198948.0,2023-05-03 23:59:59.999,4776879.31239
2023-05-04,0.01903,0.01908,0.01829,0.01855,195208984.0,2023-05-04 23:59:59.999,3636938.14724
2023-05-05,0.01855,0.01886,0.01835,0.01869,249219528.0,2023-05-05 23:59:59.999,4637665.89432
2023-05-06,0.01869,0.01882,0.01706,0.01746,323482266.0,2023-05-06 23:59:59.999,5751586.44061
2023-05-07,0.01747,0.01773,0.01707,0.01717,162652002.0,2023-05-07 23:59:59.999,2838831.4893
2023-05-08,0.01716,0.01737,0.01507,0.01555,337791005.0,2023-05-08 23:59:59.999,5417487.12722
2023-05-09,0.01555,0.01584,0.01537,0.01579,163631851.0,2023-05-09 23:59:59.999,2559190.36677
2023-05-10,0.01578,0.01613,0.01502,0.0158,342450672.0,2023-05-10 23:59:59.999,5378603.02039
2023-05-11,0.0158,0.01583,0.01466,0.0151,438527808.0,2023-05-11 23:59:59.999,6694497.81049
2023-05-12,0.0151,0.01549,0.01425,0.01548,310934526.0,2023-05-12 23:59:59.999,4609613.2241
2023-05-13,0.01548,0.01548,0.01479,0.01505,240448080.0,2023-05-13 23:59:59.999,3613155.55917
2023-05-14,0.01504,0.016,0.01489,0.01558,784455328.0,2023-05-14 23:59:59.999,12211439.92518
2023-05-15,0.01558,0.01601,0.01528,0.01583,380516804.0,2023-05-15 23:59:59.999,5968666.24369
2023-05-16,0.01582,0.01624,0.01563,0.01621,358208363.0,2023-05-16 23:59:59.999,5730909.9745
2023-05-17,0.01621,0.01675,0.01581,0.01662,400092799.0,2023-05-17 23:59:59.999,6544392.92858
2023-05-18,0.01662,0.017,0.01613,0.01646,318938352.0,2023-05-18 23:59:59.999,5274259.78785
2023-05-19,0.01646,0.01668,0.0163,0.01653,204498414.0,2023-05-19 23:59:59.999,3378213.99845
2023-05-20,0.01653,0.01666,0.01632,0.01661,147945868.0,2023-05-20 23:59:59.999,2436504.33437
2023-05-21,0.01662,0.01664,0.01584,0.01599,165682093.0,2023-05-21 23:59:59.999,2685687.77125
2023-05-22,0.01598,0.01614,0.01571,0.01602,124845985.0,2023-05-22 23:59:59.999,1992501.64888
2023-05-23,0.01601,0.01638,0.01591,0.01606,153216628.0,2023-05-23 23:59:59.999,2470775.75651
2023-05-24,0.01607,0.01608,0.01513,0.01584,201641088.0,2023-05-24 23:59:59.999,3140800.36677
2023-05-25,0.01584,0.01654,0.01539,0.01614,578926323.0,2023-05-25 23:59:59.999,9261147.84166
2023-05-26,0.01614,0.01615,0.01552,0.01591,242376078.0,2023-05-26 23:59:59.999,3833910.63
2023-05-27,0.0159,0.01599,0.01555,0.01573,148135737.0,2023-05-27 23:59:59.999,2332707.70848
2023-05-28,0.01574,0.01653,0.01564,0.01627,218031787.0,2023-05-28 23:59:59.999,3492627.43859
2023-05-29,0.01628,0.0164,0.01568,0.01579,296724921.0,2023-05-29 23:59:59.999,4760870.75918
2023-05-30,0.01578,0.01589,0.01556,0.0158,148413801.0,2023-05-30 23:59:59.999,2338008.26341
2023-05-31,0.0158,0.01587,0.01487,0.0151,212589275.0,2023-05-31 23:59:59.999,3237031.5539
2023-06-01,0.01511,0.01536,0.01492,0.01517,192556224.0,2023-06-01 23:59:59.999,2926792.60397
2023-06-02,0.01516,0.01548,0.01495,0.01545,188516108.0,2023-06-02 23:59:59.999,2888412.39808
2023-06-03,0.01545,0.01559,0.01524,0.01537,183345863.0,2023-06-03 23:59:59.999,2819992.22508
2023-06-04,0.01536,0.01562,0.01528,0.01534,177316732.0,2023-06-04 23:59:59.999,2744129.99971
2023-06-05,0.01533,0.01534,0.01245,0.01357,437606540.0,2023-06-05 23:59:59.999,6216297.79136
2023-06-06,0.01357,0.01404,0.01316,0.01389,288513261.0,2023-06-06 23:59:59.999,3929757.54003
2023-06-07,0.0139,0.01392,0.01251,0.01275,285842366.0,2023-06-07 23:59:59.999,3763378.75942
2023-06-08,0.01276,0.01296,0.01229,0.01265,201913981.0,2023-06-08 23:59:59.999,2558160.48778
2023-06-09,0.01264,0.01294,0.01244,0.01263,195004337.0,2023-06-09 23:59:59.999,2474394.46452
2023-06-10,0.01264,0.01268,0.0093,0.01026,1492549720.0,2023-06-10 23:59:59.999,15103922.41701
2023-06-11,0.01026,0.01034,0.00983,0.01015,420019658.0,2023-06-11 23:59:59.999,4216609.88746
2023-06-12,0.01014,0.01038,0.0096,0.01031,420142296.0,2023-06-12 23:59:59.999,4245837.75684
2023-06-13,0.01032,0.01048,0.00996,0.01037,336211860.0,2023-06-13 23:59:59.999,3452138.11092
2023-06-14,0.01038,0.01049,0.00966,0.01003,431005802.0,2023-06-14 23:59:59.999,4378607.18902
2023-06-15,0.01003,0.0104,0.00984,0.01019,319512783.0,2023-06-15 23:59:59.999,3214081.75335
2023-06-16,0.01019,0.01058,0.00992,0.01042,335848347.0,2023-06-16 23:59:59.999,3439185.94529
2023-06-17,0.01041,0.01081,0.01032,0.01049,245107829.0,2023-06-17 23:59:59.999,2587663.24712
2023-06-18,0.0105,0.01069,0.01025,0.0103,245408549.0,2023-06-18 23:59:59.999,2569691.6137
2023-06-19,0.0103,0.01069,0.01019,0.01057,293782894.0,2023-06-19 23:59:59.999,3073939.50603
2023-06-20,0.01058,0.01098,0.01042,0.0109,331964049.0,2023-06-20 23:59:59.999,3544266.99096
2023-06-21,0.01089,0.01184,0.01085,0.01165,447453443.0,2023-06-21 23:59:59.999,5112605.13178
2023-06-22,0.01165,0.01214,0.01129,0.01148,356448671.0,2023-06-22 23:59:59.999,4176608.16126
2023-06-23,0.01147,0.01219,0.01138,0.01197,334898920.0,2023-06-23 23:59:59.999,3944371.76214
2023-06-24,0.01196,0.01222,0.01138,0.01197,365026340.0,2023-06-24 23:59:59.999,4336362.70596
2023-06-25,0.01198,0.01228,0.01181,0.01191,262670709.0,2023-06-25 23:59:59.999,3163784.49088
2023-06-26,0.01191,0.01199,0.01134,0.01157,364508704.0,2023-06-26 23:59:59.999,4241661.10128
2023-06-27,0.01156,0.0118,0.01151,0.0116,283822619.0,2023-06-27 23:59:59.999,3306418.02477
2023-06-28,0.01161,0.01163,0.01011,0.01074,544122996.0,2023-06-28 23:59:59.999,5972563.77508
2023-06-29,0.01074,0.01125,0.01071,0.01104,334660618.0,2023-06-29 23:59:59.999,3684634.77616
2023-06-30,0.01104,0.01165,0.01039,0.01149,681785366.0,2023-06-30 23:59:59.999,7667905.16201
2023-07-01,0.0115,0.01191,0.01148,0.01189,349305321.0,2023-07-01 23:59:59.999,4086303.80451
2023-07-02,0.01189,0.01198,0.01147,0.01181,348871931.0,2023-07-02 23:59:59.999,4087412.16007
2023-07-03,0.01182,0.01235,0.01175,0.01203,315094632.0,2023-07-03 23:59:59.999,3805850.87128
2023-07-04,0.01203,0.01231,0.01171,0.01189,640475725.0,2023-07-04 23:59:59.999,7730744.37272
2023-07-05,0.0119,0.01231,0.01131,0.0114,477926456.0,2023-07-05 23:59:59.999,5638005.14907
2023-07-06,0.0114,0.01193,0.01105,0.01105,401553711.0,2023-07-06 23:59:59.999,4597702.68226
2023-07-07,0.01105,0.01124,0.01083,0.01104,296515566.0,2023-07-07 23:59:59.999,3283110.32709
2023-07-08,0.01103,0.01129,0.01088,0.01116,224754951.0,2023-07-08 23:59:59.999,2499837.04377
2023-07-09,0.01116,0.01133,0.01099,0.01107,192792949.0,2023-07-09 23:59:59.999,2149565.07224
2023-07-10,0.01106,0.01128,0.01062,0.01104,412798494.0,2023-07-10 23:59:59.999,4507318.42512
2023-07-11,0.01105,0.01125,0.01093,0.01123,251392208.0,2023-07-11 23:59:59.999,2791459.33039
2023-07-12,0.01124,0.01159,0.01119,0.01147,464623553.0,2023-07-12 23:59:59.999,5305275.00799
2023-07-13,0.01146,0.01239,0.01125,0.01235,493301063.0,2023-07-13 23:59:59.999,5814203.81704
2023-07-14,0.01235,0.01256,0.01145,0.0118,447072115.0,2023-07-14 23:59:59.999,5417848.18947
2023-07-15,0.01181,0.01207,0.01167,0.01186,172991652.0,2023-07-15 23:59:59.999,2052551.40149
2023-07-16,0.01186,0.01194,0.01135,0.01145,198421379.0,2023-07-16 23:59:59.999,2313640.50259
2023-07-17,0.01145,0.01178,0.01119,0.01174,447821577.0,2023-07-17 23:59:59.999,5183605.24501
2023-07-18,0.01174,0.01192,0.01107,0.01136,347735174.0,2023-07-18 23:59:59.999,3972576.70207
2023-07-19,0.01136,0.01151,0.01115,0.0112,332243772.0,2023-07-19 23:59:59.999,3763458.60937
2023-07-20,0.01119,0.01147,0.01104,0.01125,366914936.0,2023-07-20 23:59:59.999,4131914.77488
2023-07-21,0.01124,0.01141,0.01108,0.01115,304288459.0,2023-07-21 23:59:59.999,3412616.15578
2023-07-22,0.01114,0.01131,0.01079,0.01089,236507196.0,2023-07-22 23:59:59.999,2625525.93935
2023-07-23,0.01089,0.01125,0.01082,0.01124,296413522.0,2023-07-23 23:59:59.999,3283116.03071
2023-07-24,0.01125,0.01125,0.01022,0.01062,496094609.0,2023-07-24 23:59:59.999,5340004.61427
2023-07-25,0.01062,0.01077,0.01047,0.0107,317456448.0,2023-07-25 23:59:59.999,3369639.23203
2023-07-26,0.0107,0.01101,0.01055,0.01082,410367470.0,2023-07-26 23:59:59.999,4430751.9919
2023-07-27,0.01082,0.01112,0.01072,0.01091,307498319.0,2023-07-27 23:59:59.999,3347225.84289
2023-07-28,0.01092,0.01102,0.01074,0.01096,235001541.0,2023-07-28 23:59:59.999,2564966.07733
2023-07-29,0.01096,0.01108,0.01088,0.01097,151982991.0,2023-07-29 23:59:59.999,1668559.37036
2023-07-30,0.01097,0.01101,0.01057,0.01072,256231820.0,2023-07-30 23:59:59.999,2765522.09691
2023-07-31,0.01072,0.01087,0.01055,0.01069,290167597.0,2023-07-31 23:59:59.999,3120014.60603
2023-08-01,0.01068,0.01083,0.01034,0.01082,309406489.0,2023-08-01 23:59:59.999,3284006.15717
2023-08-02,0.01083,0.01086,0.01046,0.01056,261581068.0,2023-08-02 23:59:59.999,2786339.968
2023-08-03,0.01056,0.01068,0.01038,0.01042,275398497.0,2023-08-03 23:59:59.999,2897462.39805
2023-08-04,0.01041,0.01054,0.01022,0.0104,326872147.0,2023-08-04 23:59:59.999,3400799.73175
2023-08-05,0.0104,0.01098,0.01024,0.01076,1221094721.0,2023-08-05 23:59:59.999,13011131.70435
2023-08-06,0.01077,0.01199,0.01065,0.01131,3285084316.0,2023-08-06 23:59:59.999,37435281.13961
2023-08-07,0.01131,0.01197,0.0112,0.01165,1479638741.0,2023-08-07 23:59:59.999,17118234.27333
2023-08-08,0.01165,0.01169,0.0112,0.01157,442132704.0,2023-08-08 23:59:59.999,5083039.04896
2023-08-09,0.01158,0.01287,0.01144,0.01222,6297725369.0,2023-08-09 23:59:59.999,77858683.00673
2023-08-10,0.01222,0.01236,0.01159,0.01171,1481699991.0,2023-08-10 23:59:59.999,17635134.48687
2023-08-11,0.01172,0.01242,0.01171,0.01209,1123439179.0,2023-08-11 23:59:59.999,13530196.54019
2023-08-12,0.0121,0.0135,0.0121,0.01246,4866086587.0,2023-08-12 23:59:59.999,62912212.22919
2023-08-13,0.01247,0.01322,0.01242,0.01301,1829073818.0,2023-08-13 23:59:59.999,23413048.36688
2023-08-14,0.013,0.01358,0.01279,0.01311,1859283945.0,2023-08-14 23:59:59.999,24584064.01694
2023-08-15,0.01312,0.01313,0.0108,0.01181,1340892692.0,2023-08-15 23:59:59.999,16420605.23492
2023-08-16,0.01182,0.0119,0.0107,0.01117,1125327447.0,2023-08-16 23:59:59.999,12825579.04739
2023-08-17,0.01118,0.01133,0.00872,0.00994,1110947420.0,2023-08-17 23:59:59.999,11734557.88002
2023-08-18,0.00994,0.01022,0.0098,0.01016,797682771.0,2023-08-18 23:59:59.999,7987388.84571
2023-08-19,0.01015,0.01043,0.01014,0.01035,474361568.0,2023-08-19 23:59:59.999,4870680.56427
2023-08-20,0.01034,0.01046,0.0102,0.01035,310304279.0,2023-08-20 23:59:59.999,3208965.39922
2023-08-21,0.01035,0.01038,0.00981,0.01012,517543043.0,2023-08-21 23:59:59.999,5228245.55046
2023-08-22,0.01012,0.01021,0.00959,0.0101,713889230.0,2023-08-22 23:59:59.999,7079403.75899
2023-08-23,0.01011,0.01031,0.00977,0.01018,708087680.0,2023-08-23 23:59:59.999,7110447.65999
2023-08-24,0.01017,0.0102,0.00983,0.00997,556742194.0,2023-08-24 23:59:59.999,5576131.32635
2023-08-25,0.00997,0.00998,0.00965,0.00991,657613334.0,2023-08-25 23:59:59.999,6452538.81417
2023-08-26,0.00991,0.00993,0.00972,0.00979,261767804.0,2023-08-26 23:59:59.999,2574401.06546
2023-08-27,0.00979,0.00991,0.00972,0.00989,267106023.0,2023-08-27 23:59:59.999,2621779.00208
2023-08-28,0.0099,0.01001,0.00967,0.00994,496328984.0,2023-08-28 23:59:59.999,4901195.11916
2023-08-29,0.00994,0.01036,0.00962,0.0103,550964060.0,2023-08-29 23:59:59.999,5530379.96484
2023-08-30,0.0103,0.01033,0.01,0.01016,380927421.0,2023-08-30 23:59:59.999,3879840.58451
2023-08-31,0.01016,0.01025,0.00957,0.00978,353032918.0,2023-08-31 23:59:59.999,3508885.58721
2023-09-01,0.00977,0.00985,0.00921,0.00938,359105992.0,2023-09-01 23:59:59.999,3415406.68769
2023-09-02,0.00939,0.00948,0.00916,0.00934,267890176.0,2023-09-02 23:59:59.999,2503930.41525
2023-09-03,0.00934,0.0095,0.00926,0.00944,217846891.0,2023-09-03 23:59:59.999,2045095.56217
2023-09-04,0.00945,0.00976,0.00939,0.00959,292182391.0,2023-09-04 23:59:59.999,2789671.89963
2023-09-05,0.00958,0.01136,0.00945,0.01091,4087355214.0,2023-09-05 23:59:59.999,42750823.60396
2023-09-06,0.01091,0.0113,0.01025,0.01084,2610042890.0,2023-09-06 23:59:59.999,27864286.00908
2023-09-07,0.01083,0.0109,0.01011,0.01076,714084952.0,2023-09-07 23:59:59.999,7469789.47036
2023-09-08,0.01076,0.01189,0.01064,0.0112,2557718032.0,2023-09-08 23:59:59.999,28707148.66719
2023-09-09,0.01121,0.01187,0.01084,0.01107,1207587463.0,2023-09-09 23:59:59.999,13637820.08735
2023-09-10,0.01107,0.01108,0.00974,0.01015,957941582.0,2023-09-10 23:59:59.999,9920412.7462
2023-09-11,0.01014,0.0102,0.00931,0.00955,907266962.0,2023-09-11 23:59:59.999,8776129.40765
2023-09-12,0.00954,0.01013,0.00946,0.0095,553577373.0,2023-09-12 23:59:59.999,5400094.56748
2023-09-13,0.0095,0.00998,0.00946,0.00977,407401305.0,2023-09-13 23:59:59.999,3964350.81267
2023-09-14,0.00977,0.01002,0.00964,0.00988,341060956.0,2023-09-14 23:59:59.999,3361727.91774
2023-09-15,0.00989,0.0102,0.00981,0.01019,312372875.0,2023-09-15 23:59:59.999,3117487.96902
2023-09-16,0.01018,0.01037,0.01001,0.01014,232890168.0,2023-09-16 23:59:59.999,2375176.36654
2023-09-17,0.01014,0.01015,0.00955,0.00971,298468133.0,2023-09-17 23:59:59.999,2949399.2443
2023-09-18,0.00971,0.01014,0.00956,0.00978,326884744.0,2023-09-18 23:59:59.999,3238867.06352
2023-09-19,0.00978,0.01022,0.0097,0.01001,318779403.0,2023-09-19 23:59:59.999,3199378.4591
2023-09-20,0.01002,0.01024,0.00987,0.01022,274861910.0,2023-09-20 23:59:59.999,2762015.33774
2023-09-21,0.01023,0.01038,0.00984,0.01002,374200347.0,2023-09-21 23:59:59.999,3772127.26371
2023-09-22,0.01002,0.01023,0.0099,0.01013,196478493.0,2023-09-22 23:59:59.999,1985427.24571
2023-09-23,0.01014,0.01017,0.00981,0.01005,269273912.0,2023-09-23 23:59:59.999,2690469.58248
2023-09-24,0.01005,0.01007,0.00977,0.00982,178285756.0,2023-09-24 23:59:59.999,1777693.1682
2023-09-25,0.00982,0.01013,0.00966,0.01008,221253348.0,2023-09-25 23:59:59.999,2208113.80358
2023-09-26,0.01009,0.01014,0.00979,0.00996,215156963.0,2023-09-26 23:59:59.999,2141898.44606
2023-09-27,0.00996,0.01012,0.00973,0.00989,289261690.0,2023-09-27 23:59:59.999,2873392.5471
2023-09-28,0.00988,0.01019,0.00985,0.01013,289444324.0,2023-09-28 23:59:59.999,2912141.18267
2023-09-29,0.01013,0.01044,0.00996,0.01036,322667748.0,2023-09-29 23:59:59.999,3274249.55597
2023-09-30,0.01036,0.01047,0.01004,0.01029,443072967.0,2023-09-30 23:59:59.999,4550982.7604
2023-10-01,0.01028,0.01074,0.01022,0.01057,357678389.0,2023-10-01 23:59:59.999,3748950.65908
2023-10-02,0.01058,0.0108,0.00974,0.01011,457240878.0,2023-10-02 23:59:59.999,4759202.17381
2023-10-03,0.01011,0.0103,0.00993,0.01005,434896874.0,2023-10-03 23:59:59.999,4400357.06816
2023-10-04,0.01005,0.01006,0.00953,0.00993,389169976.0,2023-10-04 23:59:59.999,3849414.27712
2023-10-05,0.00992,0.00999,0.00972,0.00986,264057209.0,2023-10-05 23:59:59.999,2604871.20564
2023-10-06,0.00986,0.01005,0.00977,0.00997,237992667.0,2023-10-06 23:59:59.999,2359696.5975
2023-10-07,0.00997,0.01003,0.00986,0.00993,120092562.0,2023-10-07 23:59:59.999,1196456.49777
2023-10-08,0.00993,0.01003,0.0098,0.00992,158616311.0,2023-10-08 23:59:59.999,1570960.39336
2023-10-09,0.00992,0.00997,0.00913,0.00948,338685774.0,2023-10-09 23:59:59.999,3229820.6985
2023-10-10,0.00948,0.00961,0.00928,0.00942,267721254.0,2023-10-10 23:59:59.999,2531212.32287
2023-10-11,0.00942,0.00947,0.00912,0.00943,261370472.0,2023-10-11 23:59:59.999,2441896.78357
2023-10-12,0.00942,0.00952,0.00923,0.00939,293325852.0,2023-10-12 23:59:59.999,2744426.95341
2023-10-13,0.0094,0.00961,0.00935,0.00949,268726323.0,2023-10-13 23:59:59.999,2540883.83275
2023-10-14,0.00949,0.00955,0.00938,0.00948,187723144.0,2023-10-14 23:59:59.999,1776696.08798
2023-10-15,0.00949,0.00961,0.00942,0.00947,179286117.0,2023-10-15 23:59:59.999,1705044.54252
2023-10-16,0.00947,0.01057,0.00945,0.01033,1756718872.0,2023-10-16 23:59:59.999,17810909.66639
2023-10-17,0.01032,0.01051,0.0098,0.01006,645169696.0,2023-10-17 23:59:59.999,6535014.68338
2023-10-18,0.01006,0.01024,0.00965,0.00971,398283347.0,2023-10-18 23:59:59.999,3974371.57493
2023-10-19,0.00971,0.00976,0.00941,0.00952,289568759.0,2023-10-19 23:59:59.999,2786220.01574
2023-10-20,0.00953,0.00988,0.00949,0.00973,217793673.0,2023-10-20 23:59:59.999,2120558.33299
2023-10-21,0.00973,0.01009,0.00968,0.00999,232256956.0,2023-10-21 23:59:59.999,2304261.17361
2023-10-22,0.00999,0.01037,0.00987,0.0103,836175777.0,2023-10-22 23:59:59.999,8523716.00185
2023-10-23,0.01031,0.01085,0.01005,0.01076,741572370.0,2023-10-23 23:59:59.999,7697448.47766
2023-10-24,0.01076,0.01124,0.01039,0.0108,927009406.0,2023-10-24 23:59:59.999,9993605.66983
2023-10-25,0.0108,0.01147,0.0107,0.01124,944860626.0,2023-10-25 23:59:59.999,10509807.8675
2023-10-26,0.01124,0.01167,0.0107,0.01137,904317866.0,2023-10-26 23:59:59.999,10226690.01329
2023-10-27,0.01138,0.01143,0.01091,0.01118,497968544.0,2023-10-27 23:59:59.999,5585574.87933
2023-10-28,0.01117,0.01218,0.01113,0.01176,710681204.0,2023-10-28 23:59:59.999,8264666.50143
2023-10-29,0.01176,0.01243,0.01142,0.01208,880569877.0,2023-10-29 23:59:59.999,10556915.52992
2023-10-30,0.01209,0.01219,0.01153,0.01198,535668932.0,2023-10-30 23:59:59.999,6411600.00929
2023-10-31,0.01198,0.01211,0.01102,0.01152,606406974.0,2023-10-31 23:59:59.999,7022310.78176
2023-11-01,0.01152,0.01192,0.0111,0.01186,416837942.0,2023-11-01 23:59:59.999,4770907.41307
2023-11-02,0.01186,0.01212,0.01136,0.01165,362616905.0,2023-11-02 23:59:59.999,4258007.69534
2023-11-03,0.01166,0.01183,0.0112,0.01179,279163891.0,2023-11-03 23:59:59.999,3211137.02742
2023-11-04,0.01178,0.01214,0.01165,0.01198,244670135.0,2023-11-04 23:59:59.999,2914280.0961
2023-11-05,0.01199,0.01249,0.0119,0.01221,509672424.0,2023-11-05 23:59:59.999,6213980.75252
2023-11-06,0.01221,0.01395,0.01205,0.01328,1817390896.0,2023-11-06 23:59:59.999,24002332.27651
2023-11-07,0.01329,0.01342,0.0123,0.01282,801723837.0,2023-11-07 23:59:59.999,10364215.19596
2023-11-08,0.01281,0.01381,0.01266,0.01343,785817700.0,2023-11-08 23:59:59.999,10499760.0317
2023-11-09,0.01343,0.01436,0.01187,0.01353,1070079549.0,2023-11-09 23:59:59.999,14488767.00565
2023-11-10,0.01354,0.01417,0.01319,0.0141,547117020.0,2023-11-10 23:59:59.999,7479045.03035
2023-11-11,0.0141,0.01445,0.01343,0.01396,555542913.0,2023-11-11 23:59:59.999,7786983.97936
2023-11-12,0.01396,0.01436,0.01334,0.01419,497477337.0,2023-11-12 23:59:59.999,6960782.68776
2023-11-13,0.01418,0.01456,0.0132,0.01337,517268853.0,2023-11-13 23:59:59.999,7215920.46011
2023-11-14,0.01337,0.01371,0.0124,0.01316,516124998.0,2023-11-14 23:59:59.999,6819716.87472
2023-11-15,0.01315,0.01385,0.01311,0.01369,291784133.0,2023-11-15 23:59:59.999,3953135.70432
2023-11-16,0.01369,0.01399,0.01277,0.01305,426477599.0,2023-11-16 23:59:59.999,5730047.55037
2023-11-17,0.01304,0.0134,0.01221,0.01289,360769079.0,2023-11-17 23:59:59.999,4611693.06444
2023-11-18,0.01289,0.01291,0.01199,0.01274,261919107.0,2023-11-18 23:59:59.999,3283670.26027
2023-11-19,0.01273,0.01302,0.01237,0.01295,194748859.0,2023-11-19 23:59:59.999,2480232.18766
2023-11-20,0.01295,0.01351,0.01277,0.01303,320526424.0,2023-11-20 23:59:59.999,4205459.11864
2023-11-21,0.01302,0.01354,0.01172,0.01173,778849095.0,2023-11-21 23:59:59.999,9869614.28494
2023-11-22,0.01173,0.01256,0.01171,0.01244,351559539.0,2023-11-22 23:59:59.999,4317140.765
2023-11-23,0.01244,0.01275,0.01233,0.01266,239277387.0,2023-11-23 23:59:59.999,3007046.97612
2023-11-24,0.01267,0.01331,0.01254,0.01326,440158452.0,2023-11-24 23:59:59.999,5708487.82372
2023-11-25,0.01326,0.01405,0.01316,0.01369,577480321.0,2023-11-25 23:59:59.999,7853958.80252
2023-11-26,0.01369,0.01865,0.01349,0.01656,18777548274.0,2023-11-26 23:59:59.999,317571576.80025
2023-11-27,0.01657,0.01676,0.01451,0.01532,4582663020.0,2023-11-27 23:59:59.999,69632200.78791
2023-11-28,0.01531,0.01598,0.01492,0.01518,2944634476.0,2023-11-28 23:59:59.999,45369154.39672
2023-11-29,0.01518,0.01541,0.01458,0.01475,1138767439.0,2023-11-29 23:59:59.999,17019532.82935
2023-11-30,0.01476,0.01512,0.01444,0.01487,790274821.0,2023-11-30 23:59:59.999,11707431.38717
2023-12-01,0.01487,0.01586,0.01471,0.01564,1136279915.0,2023-12-01 23:59:59.999,17304906.39242
2023-12-02,0.01564,0.01665,0.01539,0.01602,1473254088.0,2023-12-02 23:59:59.999,23488592.4023
2023-12-03,0.01602,0.01613,0.01511,0.01528,788934345.0,2023-12-03 23:59:59.999,12242981.44982
2023-12-04,0.01529,0.01584,0.0139,0.01544,1378415901.0,2023-12-04 23:59:59.999,20996114.52177
2023-12-05,0.01543,0.0163,0.0153,0.01601,1268503832.0,2023-12-05 23:59:59.999,20124920.64962
2023-12-06,0.01602,0.01646,0.01533,0.01572,951326278.0,2023-12-06 23:59:59.999,15177466.16288
2023-12-07,0.01573,0.01647,0.01541,0.01613,732532430.0,2023-12-07 23:59:59.999,11702776.81375
2023-12-08,0.01613,0.01671,0.01604,0.0166,507461391.0,2023-12-08 23:59:59.999,8291774.06819
2023-12-09,0.0166,0.01728,0.01636,0.01658,652902329.0,2023-12-09 23:59:59.999,11013736.69934
2023-12-10,0.01658,0.01734,0.01636,0.0169,574467862.0,2023-12-10 23:59:59.999,9678639.29023
2023-12-11,0.01689,0.01697,0.01402,0.01547,881460416.0,2023-12-11 23:59:59.999,13524412.06508
2023-12-12,0.01548,0.01599,0.01492,0.01543,522815576.0,2023-12-12 23:59:59.999,8067274.89459
2023-12-13,0.01543,0.0157,0.01438,0.01565,536742054.0,2023-12-13 23:59:59.999,8045624.23075
2023-12-14,0.01566,0.01616,0.01493,0.01607,457244132.0,2023-12-14 23:59:59.999,7219118.06387
2023-12-15,0.01607,0.01658,0.01565,0.01578,648635513.0,2023-12-15 23:59:59.999,10434550.87416
2023-12-16,0.01577,0.0169,0.01557,0.01636,628376095.0,2023-12-16 23:59:59.999,10303101.75313
2023-12-17,0.01635,0.01641,0.01543,0.0156,475709617.0,2023-12-17 23:59:59.999,7625585.18665
2023-12-18,0.0156,0.01579,0.01404,0.01523,539022654.0,2023-12-18 23:59:59.999,7974907.33618
2023-12-19,0.01523,0.01556,0.01459,0.01476,313478985.0,2023-12-19 23:59:59.999,4725916.44979
2023-12-20,0.01476,0.01638,0.01458,0.01626,680566895.0,2023-12-20 23:59:59.999,10735077.43026
2023-12-21,0.01626,0.01693,0.01604,0.01652,848190891.0,2023-12-21 23:59:59.999,13954290.56149
2023-12-22,0.01651,0.01763,0.01642,0.01753,591847861.0,2023-12-22 23:59:59.999,10044618.51427
2023-12-23,0.01753,0.01791,0.01674,0.01758,559009660.0,2023-12-23 23:59:59.999,9716183.14712
2023-12-24,0.01759,0.01978,0.01712,0.01852,1158732044.0,2023-12-24 23:59:59.999,21246368.12552
2023-12-25,0.01851,0.01987,0.01816,0.01962,1183081977.0,2023-12-25 23:59:59.999,22647456.55413
2023-12-26,0.01962,0.02047,0.01753,0.01938,1173074897.0,2023-12-26 23:59:59.999,22738429.21575
2023-12-27,0.01939,0.02181,0.01826,0.02134,1193791291.0,2023-12-27 23:59:59.999,24183007.0115
2023-12-28,0.02135,0.02139,0.01958,0.0199,854455202.0,2023-12-28 23:59:59.999,17379505.01576
2023-12-29,0.0199,0.0208,0.01837,0.01893,712237763.0,2023-12-29 23:59:59.999,13890164.82804
2023-12-30,0.01893,0.01939,0.01842,0.01849,353201222.0,2023-12-30 23:59:59.999,6635034.79943
2023-12-31,0.01849,0.01958,0.01814,0.01923,613394321.0,2023-12-31 23:59:59.999,11568355.49264
2024-01-01,0.01923,0.01951,0.01813,0.01927,588549896.0,2024-01-01 23:59:59.999,11071420.36691
2024-01-02,0.01928,0.01972,0.01832,0.01856,399014614.0,2024-01-02 23:59:59.999,7555508.91856
2024-01-03,0.01856,0.01954,0.01445,0.01684,1075761983.0,2024-01-03 23:59:59.999,18245365.54649
2024-01-04,0.01683,0.01753,0.01646,0.01689,416362389.0,2024-01-04 23:59:59.999,7087453.97973
2024-01-05,0.01689,0.01706,0.01566,0.01653,535531459.0,2024-01-05 23:59:59.999,8726870.26827
2024-01-06,0.01653,0.01654,0.01498,0.01594,432772525.0,2024-01-06 23:59:59.999,6850203.2516
2024-01-07,0.01595,0.01656,0.01446,0.01501,520101756.0,2024-01-07 23:59:59.999,8169383.84313
2024-01-08,0.01501,0.01622,0.0137,0.01602,773416004.0,2024-01-08 23:59:59.999,11545613.76939
2024-01-09,0.01603,0.01617,0.01426,0.01505,707921286.0,2024-01-09 23:59:59.999,10637276.56872
2024-01-10,0.01505,0.01692,0.0144,0.01658,708375519.0,2024-01-10 23:59:59.999,10831173.68917
2024-01-11,0.01658,0.01749,0.01637,0.01697,475359577.0,2024-01-11 23:59:59.999,8023207.94565
2024-01-12,0.01697,0.01735,0.01548,0.01611,581311613.0,2024-01-12 23:59:59.999,9630490.04578
2024-01-13,0.01612,0.01671,0.0155,0.01641,314489087.0,2024-01-13 23:59:59.999,5103794.63001
2024-01-14,0.0164,0.0166,0.01539,0.01545,354929030.0,2024-01-14 23:59:59.999,5695104.88971
2024-01-15,0.01545,0.01646,0.01543,0.01595,264214789.0,2024-01-15 23:59:59.999,4233130.98581
2024-01-16,0.01595,0.01691,0.01568,0.01661,428619417.0,2024-01-16 23:59:59.999,7000483.51653
2024-01-17,0.01661,0.01668,0.01584,0.01608,415121108.0,2024-01-17 23:59:59.999,6720865.7228
2024-01-18,0.01609,0.01618,0.01445,0.0148,502656632.0,2024-01-18 23:59:59.999,7702977.57151
2024-01-19,0.0148,0.01487,0.01339,0.01435,576190859.0,2024-01-19 23:59:59.999,8170228.31494
2024-01-20,0.01434,0.01507,0.01413,0.01503,277553573.0,2024-01-20 23:59:59.999,4030095.86792
2024-01-21,0.01503,0.01529,0.01454,0.0146,338169850.0,2024-01-21 23:59:59.999,5039715.48991
2024-01-22,0.01459,0.01475,0.01347,0.0137,528500445.0,2024-01-22 23:59:59.999,7461946.84764
2024-01-23,0.01369,0.014,0.01271,0.01356,476155861.0,2024-01-23 23:59:59.999,6315174.10509
2024-01-24,0.01357,0.01382,0.01327,0.01368,304629158.0,2024-01-24 23:59:59.999,4120654.76225
2024-01-25,0.01368,0.0137,0.01304,0.01344,328566243.0,2024-01-25 23:59:59.999,4398917.38339
2024-01-26,0.01343,0.0143,0.0133,0.01402,258024614.0,2024-01-26 23:59:59.999,3595903.6033
2024-01-27,0.01403,0.01436,0.0138,0.01427,171950303.0,2024-01-27 23:59:59.999,2421853.35423
2024-01-28,0.01426,0.01449,0.01364,0.01381,217090468.0,2024-01-28 23:59:59.999,3048733.58693
2024-01-29,0.01382,0.01415,0.01355,0.01403,266884616.0,2024-01-29 23:59:59.999,3721157.68354
2024-01-30,0.01403,0.01415,0.01337,0.01353,309441799.0,2024-01-30 23:59:59.999,4294247.08754
2024-01-31,0.01352,0.01359,0.0128,0.01289,385786854.0,2024-01-31 23:59:59.999,5089150.00858
2024-02-01,0.01289,0.0131,0.01249,0.01294,302701799.0,2024-02-01 23:59:59.999,3877532.92667
2024-02-02,0.01295,0.01323,0.01284,0.013,250396194.0,2024-02-02 23:59:59.999,3252816.26973
2024-02-03,0.01301,0.0131,0.01263,0.0127,213663193.0,2024-02-03 23:59:59.999,2751889.80889
2024-02-04,0.0127,0.0127,0.01213,0.01219,275064225.0,2024-02-04 23:59:59.999,3419996.3765
2024-02-05,0.0122,0.01245,0.01191,0.012169,758121286.0,2024-02-05 23:59:59.999,9257150.183882
2024-02-06,0.012169,0.013257,0.01205,0.012891,1086371543.0,2024-02-06 23:59:59.999,13623041.663195
2024-02-07,0.012891,0.013333,0.012745,0.013114,701357533.0,2024-02-07 23:59:59.999,9142530.08037
2024-02-08,0.013115,0.013281,0.012977,0.013114,308411850.0,2024-02-08 23:59:59.999,4052219.613908
2024-02-09,0.013125,0.013901,0.013111,0.013757,343156821.0,2024-02-09 23:59:59.999,4655316.99861
2024-02-10,0.013755,0.013931,0.013384,0.013774,231170492.0,2024-02-10 23:59:59.999,3174915.411117
2024-02-11,0.013778,0.01396,0.013443,0.013599,222635714.0,2024-02-11 23:59:59.999,3056720.467972
2024-02-12,0.013599,0.01427,0.01321,0.014189,318653729.0,2024-02-12 23:59:59.999,4402259.17558
2024-02-13,0.014188,0.015424,0.014008,0.01491,1128648755.0,2024-02-13 23:59:59.999,16693269.669726
2024-02-14,0.01491,0.016165,0.01475,0.015323,1056992040.0,2024-02-14 23:59:59.999,16314970.63559
2024-02-15,0.015323,0.01594,0.01524,0.015837,448652127.0,2024-02-15 23:59:59.999,7016727.755362
2024-02-16,0.015834,0.016417,0.015323,0.015754,449849492.0,2024-02-16 23:59:59.999,7119714.093999
2024-02-17,0.015754,0.015951,0.014889,0.015664,323723122.0,2024-02-17 23:59:59.999,4984845.676814
2024-02-18,0.015666,0.01651,0.015526,0.01614,278232260.0,2024-02-18 23:59:59.999,4468672.815373
2024-02-19,0.016144,0.017967,0.016128,0.017212,675373040.0,2024-02-19 23:59:59.999,11480429.13829
2024-02-20,0.017213,0.01778,0.015558,0.016986,695918911.0,2024-02-20 23:59:59.999,11726895.769073
2024-02-21,0.016987,0.017041,0.015528,0.016452,407658851.0,2024-02-21 23:59:59.999,6604321.114125
2024-02-22,0.016451,0.017416,0.015975,0.01678,398584477.0,2024-02-22 23:59:59.999,6753315.089633
2024-02-23,0.016784,0.017074,0.016005,0.016462,457997355.0,2024-02-23 23:59:59.999,7584468.365655
2024-02-24,0.016458,0.019687,0.016111,0.018043,1702551732.0,2024-02-24 23:59:59.999,31277692.127
2024-02-25,0.01805,0.019451,0.0178,0.018602,812820146.0,2024-02-25 23:59:59.999,15092364.054918
2024-02-26,0.018605,0.022917,0.018392,0.021161,3792756116.0,2024-02-26 23:59:59.999,80666475.750535
2024-02-27,0.021168,0.021702,0.020045,0.020685,948085853.0,2024-02-27 23:59:59.999,19818618.567125
2024-02-28,0.020688,0.022869,0.01874,0.021007,1675171928.0,2024-02-28 23:59:59.999,35341193.130939
2024-02-29,0.021007,0.022349,0.020452,0.021266,982141214.0,2024-02-29 23:59:59.999,21222374.422329
2024-03-01,0.021272,0.023948,0.0208,0.023852,714962111.0,2024-03-01 23:59:59.999,15782247.653536
2024-03-02,0.02385,0.0285,0.022677,0.027248,3124311466.0,2024-03-02 23:59:59.999,81877472.019057
2024-03-03,0.027248,0.032007,0.02246,0.028032,3242464592.0,2024-03-03 23:59:59.999,91584023.703002
2024-03-04,0.028034,0.029509,0.026285,0.026968,1183312241.0,2024-03-04 23:59:59.999,32908611.631106
2024-03-05,0.026971,0.027875,0.018333,0.023016,1602590216.0,2024-03-05 23:59:59.999,39549295.730821
2024-03-06,0.023017,0.025,0.021928,0.024431,676153800.0,2024-03-06 23:59:59.999,16147435.686533
2024-03-07,0.024425,0.0265,0.023917,0.026141,711049454.0,2024-03-07 23:59:59.999,17886387.667923
2024-03-08,0.026136,0.02634,0.022911,0.025369,653207846.0,2024-03-08 23:59:59.999,16467480.458618
2024-03-09,0.025354,0.029774,0.025279,0.028202,1158563670.0,2024-03-09 23:59:59.999,32251354.700394
2024-03-10,0.028203,0.031332,0.027574,0.028912,1423661334.0,2024-03-10 23:59:59.999,41559350.32071
2024-03-11,0.028914,0.030999,0.026,0.02975,849796564.0,2024-03-11 23:59:59.999,24646251.391759
2024-03-12,0.029747,0.033053,0.027538,0.032011,1010389525.0,2024-03-12 23:59:59.999,30374421.346383
2024-03-13,0.032014,0.032312,0.030029,0.030856,624167554.0,2024-03-13 23:59:59.999,19403573.109037
2024-03-14,0.030857,0.031005,0.027414,0.029347,645932332.0,2024-03-14 23:59:59.999,18915663.77475
2024-03-15,0.029348,0.029715,0.024449,0.02848,1304237429.0,2024-03-15 23:59:59.999,35533135.860953
2024-03-16,0.028481,0.030294,0.024724,0.025561,1070853805.0,2024-03-16 23:59:59.999,29655576.981583
2024-03-17,0.025587,0.026871,0.024263,0.0263,445718008.0,2024-03-17 23:59:59.999,11551058.323844
2024-03-18,0.026301,0.026589,0.023606,0.023995,512710825.0,2024-03-18 23:59:59.999,12725017.510674
2024-03-19,0.023994,0.024297,0.020933,0.021906,838338332.0,2024-03-19 23:59:59.999,18725153.339265
2024-03-20,0.021907,0.024521,0.020859,0.024445,637294673.0,2024-03-20 23:59:59.999,14356032.741276
2024-03-21,0.024441,0.024892,0.02328,0.024644,527680882.0,2024-03-21 23:59:59.999,12810813.686964
2024-03-22,0.024641,0.025426,0.02307,0.024132,710044617.0,2024-03-22 23:59:59.999,17310487.943804
2024-03-23,0.02413,0.028191,0.023502,0.025858,1318896382.0,2024-03-23 23:59:59.999,34546568.102704
2024-03-24,0.025868,0.026722,0.02496,0.025921,829955188.0,2024-03-24 23:59:59.999,21393360.21067
2024-03-25,0.025921,0.027257,0.025602,0.026774,513598950.0,2024-03-25 23:59:59.999,13525634.845038
2024-03-26,0.026773,0.028318,0.026645,0.027793,734651732.0,2024-03-26 23:59:59.999,20300414.677521
2024-03-27,0.027795,0.028039,0.025666,0.026237,433687316.0,2024-03-27 23:59:59.999,11622793.370388
2024-03-28,0.026232,0.026999,0.025552,0.026654,365424855.0,2024-03-28 23:59:59.999,9666947.477031
2024-03-29,0.026658,0.027196,0.025971,0.026817,407781869.0,2024-03-29 23:59:59.999,10892074.94253
2024-03-30,0.026806,0.027158,0.025269,0.025525,335815674.0,2024-03-30 23:59:59.999,8847397.89627
2024-03-31,0.025523,0.026338,0.025355,0.02608,196924336.0,2024-03-31 23:59:59.999,5106343.844711
2024-04-01,0.026078,0.026172,0.0235,0.024383,482609004.0,2024-04-01 23:59:59.999,11844833.560161
2024-04-02,0.024382,0.024383,0.02166,0.022185,442646915.0,2024-04-02 23:59:59.999,9993494.972746
2024-04-03,0.022186,0.022964,0.021201,0.021975,377310770.0,2024-04-03 23:59:59.999,8378795.252849
2024-04-04,0.021975,0.02371,0.021637,0.022986,321839269.0,2024-04-04 23:59:59.999,7320404.370208
2024-04-05,0.022988,0.023426,0.021767,0.022775,360471511.0,2024-04-05 23:59:59.999,8163531.536714
2024-04-06,0.022769,0.023143,0.022358,0.022904,252404614.0,2024-04-06 23:59:59.999,5741000.809106
2024-04-07,0.022904,0.024482,0.022805,0.023945,375883743.0,2024-04-07 23:59:59.999,8977208.176232
2024-04-08,0.023949,0.026122,0.023332,0.025394,454237188.0,2024-04-08 23:59:59.999,11398558.337529
2024-04-09,0.025392,0.025707,0.024217,0.024302,461997737.0,2024-04-09 23:59:59.999,11566926.9967
2024-04-10,0.0243,0.024663,0.022352,0.023832,386951083.0,2024-04-10 23:59:59.999,9112990.978465
2024-04-11,0.023827,0.024134,0.022825,0.023035,246993342.0,2024-04-11 23:59:59.999,5775187.820914
2024-04-12,0.023038,0.02354,0.01568,0.017818,950701284.0,2024-04-12 23:59:59.999,18382383.649115
2024-04-13,0.017819,0.018112,0.012842,0.014741,1247827541.0,2024-04-13 23:59:59.999,19395442.399891
2024-04-14,0.014751,0.016113,0.013831,0.015872,973000946.0,2024-04-14 23:59:59.999,14655193.061507
2024-04-15,0.015872,0.016949,0.014659,0.015215,742097426.0,2024-04-15 23:59:59.999,11714684.154542
2024-04-16,0.015217,0.01581,0.01446,0.015595,705320094.0,2024-04-16 23:59:59.999,10722183.4419
2024-04-17,0.015595,0.015928,0.01461,0.015428,597486111.0,2024-04-17 23:59:59.999,9142551.322839
2024-04-18,0.015419,0.016162,0.015,0.015937,609017078.0,2024-04-18 23:59:59.999,9547800.404384
2024-04-19,0.015937,0.016614,0.01457,0.016101,530285195.0,2024-04-19 23:59:59.999,8396608.203261
2024-04-20,0.016103,0.017918,0.01583,0.017813,407410106.0,2024-04-20 23:59:59.999,6962945.699348
2024-04-21,0.017815,0.017982,0.01705,0.01739,236697065.0,2024-04-21 23:59:59.999,4144439.826876
2024-04-22,0.017397,0.018015,0.017233,0.017648,282490681.0,2024-04-22 23:59:59.999,4978109.127558
2024-04-23,0.017642,0.018197,0.017255,0.01781,239350605.0,2024-04-23 23:59:59.999,4242878.04858
2024-04-24,0.017804,0.019287,0.016803,0.017048,1025263381.0,2024-04-24 23:59:59.999,18570364.401436
2024-04-25,0.017061,0.017782,0.016276,0.017339,355823378.0,2024-04-25 23:59:59.999,6029598.640274
2024-04-26,0.017339,0.017519,0.016705,0.017055,249853954.0,2024-04-26 23:59:59.999,4283715.784502
2024-04-27,0.01706,0.017148,0.016149,0.016902,313425061.0,2024-04-27 23:59:59.999,5231708.049753
2024-04-28,0.016902,0.017479,0.016307,0.016398,194993934.0,2024-04-28 23:59:59.999,3294641.585406
2024-04-29,0.016395,0.016563,0.015626,0.01615,264170861.0,2024-04-29 23:59:59.999,4234225.417631
2024-04-30,0.016153,0.016415,0.014362,0.015111,364227886.0,2024-04-30 23:59:59.999,5489111.563481
2024-05-01,0.015097,0.015556,0.014002,0.01539,411911809.0,2024-05-01 23:59:59.999,6092678.982222
2024-05-02,0.015393,0.016005,0.014816,0.015783,188124444.0,2024-05-02 23:59:59.999,2905302.706163
2024-05-03,0.015781,0.016975,0.015459,0.016707,304267041.0,2024-05-03 23:59:59.999,4940503.897522
2024-05-04,0.016711,0.018122,0.016485,0.017173,707126908.0,2024-05-04 23:59:59.999,12202503.578637
2024-05-05,0.017162,0.01815,0.016773,0.017771,1045054546.0,2024-05-05 23:59:59.999,18396587.979787
2024-05-06,0.017772,0.018676,0.01728,0.017352,401827038.0,2024-05-06 23:59:59.999,7196185.785488
2024-05-07,0.017357,0.017687,0.016658,0.016714,270188496.0,2024-05-07 23:59:59.999,4667909.722408
2024-05-08,0.016712,0.017479,0.016242,0.016682,344651055.0,2024-05-08 23:59:59.999,5750451.25849
2024-05-09,0.016678,0.01791,0.016304,0.017822,306969344.0,2024-05-09 23:59:59.999,5235571.783663
2024-05-10,0.017832,0.017904,0.016547,0.016821,335624469.0,2024-05-10 23:59:59.999,5775009.098903
2024-05-11,0.016821,0.017306,0.016464,0.016546,174182395.0,2024-05-11 23:59:59.999,2935903.979269
2024-05-12,0.016545,0.01676,0.016044,0.016165,160364856.0,2024-05-12 23:59:59.999,2638907.978113
2024-05-13,0.016165,0.017067,0.015211,0.016552,364256126.0,2024-05-13 23:59:59.999,5915686.611779
2024-05-14,0.016552,0.01671,0.01547,0.015579,272770686.0,2024-05-14 23:59:59.999,4409099.19448
2024-05-15,0.015579,0.016972,0.015391,0.016748,307194773.0,2024-05-15 23:59:59.999,4973220.976957
2024-05-16,0.016753,0.016973,0.016016,0.016547,201932313.0,2024-05-16 23:59:59.999,3347176.852461
2024-05-17,0.016549,0.017352,0.016338,0.017033,166353094.0,2024-05-17 23:59:59.999,2808945.139505
2024-05-18,0.01704,0.017302,0.016618,0.016957,143383368.0,2024-05-18 23:59:59.999,2436221.404696
2024-05-19,0.016957,0.017078,0.016032,0.016225,159082379.0,2024-05-19 23:59:59.999,2624463.581109
2024-05-20,0.016225,0.01802,0.015966,0.01802,286290326.0,2024-05-20 23:59:59.999,4889928.025363
2024-05-21,0.018018,0.018895,0.017771,0.018236,361133532.0,2024-05-21 23:59:59.999,6633817.013672
2024-05-22,0.018237,0.018364,0.017307,0.017877,346951598.0,2024-05-22 23:59:59.999,6214835.300023
2024-05-23,0.01788,0.019096,0.01656,0.01793,566759438.0,2024-05-23 23:59:59.999,10148249.058395
2024-05-24,0.017922,0.018444,0.017182,0.018392,292136989.0,2024-05-24 23:59:59.999,5231371.861659
2024-05-25,0.018393,0.018828,0.018193,0.018361,214176862.0,2024-05-25 23:59:59.999,3955327.159785
2024-05-26,0.018361,0.018371,0.017588,0.017842,209253129.0,2024-05-26 23:59:59.999,3763720.497223
2024-05-27,0.017842,0.019015,0.01765,0.018868,320167209.0,2024-05-27 23:59:59.999,5913512.642562
2024-05-28,0.018874,0.019454,0.018192,0.018908,354579566.0,2024-05-28 23:59:59.999,6673194.411207
2024-05-29,0.018912,0.019226,0.018308,0.018455,383883665.0,2024-05-29 23:59:59.999,7231686.564716
2024-05-30,0.018455,0.01912,0.017604,0.018387,319992508.0,2024-05-30 23:59:59.999,5905741.836883
2024-05-31,0.018384,0.02036,0.017855,0.019246,1231873865.0,2024-05-31 23:59:59.999,23793957.935292
2024-06-01,0.019247,0.020223,0.018801,0.018851,789851422.0,2024-06-01 23:59:59.999,15364722.945403
2024-06-02,0.01885,0.01979,0.018466,0.019113,378219324.0,2024-06-02 23:59:59.999,7246905.382777
2024-06-03,0.019114,0.02466,0.019049,0.020845,4056991801.0,2024-06-03 23:59:59.999,88289766.111206
2024-06-04,0.020846,0.021029,0.020061,0.020747,885340366.0,2024-06-04 23:59:59.999,18208893.649156
2024-06-05,0.020747,0.02109,0.020202,0.02053,515321200.0,2024-06-05 23:59:59.999,10596715.23295
2024-06-06,0.020531,0.020917,0.019417,0.019898,333471384.0,2024-06-06 23:59:59.999,6720679.215399
2024-06-07,0.019897,0.02029,0.015986,0.017698,786545060.0,2024-06-07 23:59:59.999,14358004.772434
2024-06-08,0.017696,0.018133,0.016465,0.016711,428487868.0,2024-06-08 23:59:59.999,7376732.113949
2024-06-09,0.01671,0.01712,0.016438,0.016913,227206628.0,2024-06-09 23:59:59.999,3819095.274093
2024-06-10,0.016916,0.016933,0.016108,0.016269,272761273.0,2024-06-10 23:59:59.999,4501337.063866
2024-06-11,0.016267,0.01633,0.015169,0.015483,408452252.0,2024-06-11 23:59:59.999,6424971.414442
2024-06-12,0.015487,0.016708,0.015076,0.015897,335830018.0,2024-06-12 23:59:59.999,5364891.709698
2024-06-13,0.015899,0.015909,0.014867,0.014994,289963728.0,2024-06-13 23:59:59.999,4456013.211735
2024-06-14,0.015002,0.015391,0.013464,0.014484,402251159.0,2024-06-14 23:59:59.999,5903836.397893
2024-06-15,0.014483,0.014898,0.014414,0.014549,208063094.0,2024-06-15 23:59:59.999,3050711.294963
2024-06-16,0.014549,0.014856,0.01426,0.014732,146993226.0,2024-06-16 23:59:59.999,2141256.08607
2024-06-17,0.014732,0.01485,0.013,0.013426,404143880.0,2024-06-17 23:59:59.999,5574463.643481
2024-06-18,0.013424,0.01351,0.011177,0.012308,772356177.0,2024-06-18 23:59:59.999,9424980.848215
2024-06-19,0.012313,0.012729,0.012054,0.012545,297293148.0,2024-06-19 23:59:59.999,3698957.07207
2024-06-20,0.012541,0.013264,0.012451,0.012628,290638295.0,2024-06-20 23:59:59.999,3729686.569715
2024-06-21,0.012627,0.012913,0.012382,0.012537,311824068.0,2024-06-21 23:59:59.999,3945235.482617
2024-06-22,0.012537,0.012609,0.012245,0.012484,201776371.0,2024-06-22 23:59:59.999,2515034.502815
2024-06-23,0.012479,0.01279,0.011903,0.012077,200569781.0,2024-06-23 23:59:59.999,2486549.989099
2024-06-24,0.012076,0.012434,0.011324,0.012399,372538490.0,2024-06-24 23:59:59.999,4464953.564114
2024-06-25,0.0124,0.012798,0.012289,0.012635,198545289.0,2024-06-25 23:59:59.999,2492598.374633
2024-06-26,0.012635,0.01279,0.012132,0.012349,170877321.0,2024-06-26 23:59:59.999,2130318.371984
2024-06-27,0.012351,0.012828,0.012092,0.01275,169632303.0,2024-06-27 23:59:59.999,2121858.453756
2024-06-28,0.012747,0.013116,0.012432,0.012484,305243132.0,2024-06-28 23:59:59.999,3898948.261804
2024-06-29,0.012484,0.012774,0.012127,0.012184,164311355.0,2024-06-29 23:59:59.999,2051523.559919
2024-06-30,0.012185,0.0127,0.011792,0.012615,235615367.0,2024-06-30 23:59:59.999,2879898.110848
2024-07-01,0.012619,0.012857,0.012277,0.012416,167593587.0,2024-07-01 23:59:59.999,2105989.85611
2024-07-02,0.01242,0.01254,0.012059,0.012372,243738990.0,2024-07-02 23:59:59.999,3002263.073265
2024-07-03,0.012374,0.012442,0.011492,0.011662,266031786.0,2024-07-03 23:59:59.999,3165075.148384
2024-07-04,0.011666,0.011755,0.01008,0.010277,449470085.0,2024-07-04 23:59:59.999,4929898.967136
2024-07-05,0.010277,0.010296,0.00865,0.00973,945801843.0,2024-07-05 23:59:59.999,8953998.731198
2024-07-06,0.009727,0.010608,0.009588,0.010476,317370942.0,2024-07-06 23:59:59.999,3209911.159586
2024-07-07,0.010479,0.010626,0.009844,0.009925,395261864.0,2024-07-07 23:59:59.999,4065715.667979
2024-07-08,0.009926,0.01061,0.009448,0.010231,570219889.0,2024-07-08 23:59:59.999,5729727.424121
2024-07-09,0.010227,0.010643,0.010135,0.010613,209019740.0,2024-07-09 23:59:59.999,2178584.288013
2024-07-10,0.010613,0.010788,0.010325,0.010494,222625942.0,2024-07-10 23:59:59.999,2346484.586019
2024-07-11,0.010494,0.01091,0.010251,0.010312,290433520.0,2024-07-11 23:59:59.999,3071962.450658
2024-07-12,0.010312,0.010567,0.010045,0.010552,225764463.0,2024-07-12 23:59:59.999,2338434.248688
2024-07-13,0.010557,0.010781,0.010446,0.01066,172067472.0,2024-07-13 23:59:59.999,1819020.616187
2024-07-14,0.010657,0.012469,0.010561,0.011596,1218952845.0,2024-07-14 23:59:59.999,14244816.568422
2024-07-15,0.011595,0.012277,0.011391,0.011952,1345933632.0,2024-07-15 23:59:59.999,15760932.546851
2024-07-16,0.011958,0.012241,0.011502,0.012094,658087594.0,2024-07-16 23:59:59.999,7840951.405824
2024-07-17,0.012094,0.014138,0.01207,0.013841,2606568520.0,2024-07-17 23:59:59.999,34849927.257206
2024-07-18,0.013838,0.014261,0.01264,0.012976,1828002765.0,2024-07-18 23:59:59.999,24878048.448602
2024-07-19,0.012976,0.013486,0.012628,0.013333,509954672.0,2024-07-19 23:59:59.999,6653950.349816
2024-07-20,0.013335,0.013492,0.013057,0.013206,272379293.0,2024-07-20 23:59:59.999,3608995.841944
2024-07-21,0.013206,0.013445,0.012239,0.01332,432746467.0,2024-07-21 23:59:59.999,5641574.509292
2024-07-22,0.013325,0.013437,0.01231,0.012409,427015922.0,2024-07-22 23:59:59.999,5411507.040384
2024-07-23,0.012409,0.012733,0.011699,0.011933,316908942.0,2024-07-23 23:59:59.999,3869749.866053
2024-07-24,0.01193,0.012384,0.01159,0.011673,213705168.0,2024-07-24 23:59:59.999,2572164.825173
2024-07-25,0.011672,0.011746,0.011,0.011505,380678095.0,2024-07-25 23:59:59.999,4300492.746562
2024-07-26,0.011502,0.012104,0.011441,0.012074,195064793.0,2024-07-26 23:59:59.999,2316173.255507
2024-07-27,0.01207,0.012397,0.011756,0.012005,242670607.0,2024-07-27 23:59:59.999,2932695.583779
2024-07-28,0.012002,0.012096,0.0117,0.011887,150362555.0,2024-07-28 23:59:59.999,1786619.222082
2024-07-29,0.011889,0.012374,0.011704,0.011814,246333277.0,2024-07-29 23:59:59.999,2971339.109155
2024-07-30,0.011819,0.012078,0.011328,0.011423,215604935.0,2024-07-30 23:59:59.999,2533901.239792
2024-07-31,0.011423,0.011714,0.011064,0.011104,253754459.0,2024-07-31 23:59:59.999,2896774.367981
2024-08-01,0.011102,0.011249,0.010023,0.010913,389753351.0,2024-08-01 23:59:59.999,4155843.584596
2024-08-02,0.010916,0.011014,0.009783,0.009929,450659947.0,2024-08-02 23:59:59.999,4673286.044031
2024-08-03,0.009929,0.010094,0.009028,0.009239,456753268.0,2024-08-03 23:59:59.999,4379012.036954
2024-08-04,0.009235,0.009494,0.008542,0.008948,464145329.0,2024-08-04 23:59:59.999,4210039.048273
2024-08-05,0.008945,0.009022,0.007255,0.008306,1938148651.0,2024-08-05 23:59:59.999,15515856.265363
2024-08-06,0.008311,0.008877,0.008292,0.008727,459417790.0,2024-08-06 23:59:59.999,3989363.902472
2024-08-07,0.008726,0.009003,0.0083,0.008439,469611821.0,2024-08-07 23:59:59.999,4073689.6725
2024-08-08,0.008439,0.009308,0.008256,0.009281,439403981.0,2024-08-08 23:59:59.999,3894944.819973
2024-08-09,0.009281,0.009285,0.008871,0.009158,281859586.0,2024-08-09 23:59:59.999,2562212.950555
2024-08-10,0.009158,0.009671,0.009027,0.009476,351365170.0,2024-08-10 23:59:59.999,3294783.167865
2024-08-11,0.009478,0.009623,0.008755,0.008863,437728857.0,2024-08-11 23:59:59.999,4065605.124887
2024-08-12,0.008861,0.009404,0.008739,0.009291,379399380.0,2024-08-12 23:59:59.999,3463287.292412
2024-08-13,0.009291,0.009443,0.008979,0.00939,268747034.0,2024-08-13 23:59:59.999,2473592.583219
2024-08-14,0.009391,0.009554,0.008989,0.009099,249110171.0,2024-08-14 23:59:59.999,2304632.445313
2024-08-15,0.009099,0.009475,0.008581,0.008742,613877819.0,2024-08-15 23:59:59.999,5532925.58995
2024-08-16,0.008742,0.009058,0.008475,0.008955,405205937.0,2024-08-16 23:59:59.999,3564366.739937
2024-08-17,0.008951,0.01031,0.008871,0.010251,2225646215.0,2024-08-17 23:59:59.999,21917543.46069
2024-08-18,0.010252,0.01681,0.009766,0.012786,20756429089.0,2024-08-18 23:59:59.999,289775827.109881
2024-08-19,0.012785,0.01363,0.01165,0.012327,11989082480.0,2024-08-19 23:59:59.999,149732797.570294
2024-08-20,0.012327,0.013494,0.011837,0.012626,7069136799.0,2024-08-20 23:59:59.999,88523342.681752
2024-08-21,0.012625,0.012902,0.012042,0.012586,3067665361.0,2024-08-21 23:59:59.999,38290165.397778
2024-08-22,0.012587,0.013689,0.012268,0.013251,2869229461.0,2024-08-22 23:59:59.999,37165642.260086
2024-08-23,0.013251,0.01425,0.013129,0.014013,2925931657.0,2024-08-23 23:59:59.999,39978722.26844
2024-08-24,0.014013,0.014338,0.013421,0.013677,1536583732.0,2024-08-24 23:59:59.999,21510005.24491
2024-08-25,0.013675,0.013835,0.012703,0.013234,1646886737.0,2024-08-25 23:59:59.999,21758478.376734
2024-08-26,0.013232,0.013821,0.012268,0.012411,1763148978.0,2024-08-26 23:59:59.999,23054416.326241
2024-08-27,0.012411,0.012816,0.011312,0.011698,935205183.0,2024-08-27 23:59:59.999,11409468.296633
2024-08-28,0.011698,0.012118,0.010914,0.011218,913897731.0,2024-08-28 23:59:59.999,10566464.945127
2024-08-29,0.011218,0.01161,0.010812,0.011111,616593248.0,2024-08-29 23:59:59.999,6938234.353287
2024-08-30,0.011108,0.011182,0.010217,0.011006,603720939.0,2024-08-30 23:59:59.999,6519684.966388
2024-08-31,0.011002,0.011069,0.01057,0.010657,303297661.0,2024-08-31 23:59:59.999,3282789.762343
2024-09-01,0.010656,0.010717,0.009953,0.010059,515536144.0,2024-09-01 23:59:59.999,5369442.29183
2024-09-02,0.010056,0.01123,0.010018,0.01102,1606571483.0,2024-09-02 23:59:59.999,17461168.96534
2024-09-03,0.011018,0.011262,0.010356,0.010385,673413408.0,2024-09-03 23:59:59.999,7263964.306591
2024-09-04,0.010387,0.010729,0.009827,0.01044,607279394.0,2024-09-04 23:59:59.999,6271334.077303
2024-09-05,0.010436,0.010472,0.009994,0.010038,429411282.0,2024-09-05 23:59:59.999,4381028.745996
2024-09-06,0.010038,0.010357,0.00937,0.009706,679059052.0,2024-09-06 23:59:59.999,6734908.579266
2024-09-07,0.009705,0.011166,0.009609,0.010913,2453096893.0,2024-09-07 23:59:59.999,25743161.534798
2024-09-08,0.010913,0.011345,0.010437,0.010693,2520461832.0,2024-09-08 23:59:59.999,27310013.935229
2024-09-09,0.010693,0.010946,0.010504,0.01077,983550914.0,2024-09-09 23:59:59.999,10529494.019845
2024-09-10,0.010769,0.010852,0.010478,0.01071,586735950.0,2024-09-10 23:59:59.999,6251201.540166
2024-09-11,0.010712,0.010726,0.010049,0.010376,627916118.0,2024-09-11 23:59:59.999,6499797.366826
2024-09-12,0.010375,0.010746,0.010364,0.010693,398656320.0,2024-09-12 23:59:59.999,4212447.843616
2024-09-13,0.010692,0.011134,0.010563,0.011015,520450429.0,2024-09-13 23:59:59.999,5636589.997781
2024-09-14,0.011017,0.011052,0.010501,0.010733,272268443.0,2024-09-14 23:59:59.999,2943846.99952
2024-09-15,0.010733,0.010987,0.010169,0.010287,362100462.0,2024-09-15 23:59:59.999,3874459.319676
2024-09-16,0.010283,0.010365,0.009845,0.009928,416311695.0,2024-09-16 23:59:59.999,4195123.876398
2024-09-17,0.00993,0.01039,0.009778,0.01024,368291345.0,2024-09-17 23:59:59.999,3731333.915009
2024-09-18,0.01024,0.010728,0.009836,0.01068,553134640.0,2024-09-18 23:59:59.999,5680683.588937
2024-09-19,0.010679,0.011177,0.010647,0.010865,535346235.0,2024-09-19 23:59:59.999,5845239.812328
2024-09-20,0.010865,0.011518,0.010755,0.011171,490204147.0,2024-09-20 23:59:59.999,5470522.903651
2024-09-21,0.011172,0.011466,0.01087,0.011377,453600364.0,2024-09-21 23:59:59.999,5065272.31583
2024-09-22,0.011377,0.011392,0.010398,0.010796,449717240.0,2024-09-22 23:59:59.999,4884385.447577
2024-09-23,0.010797,0.0113,0.010551,0.011018,460169681.0,2024-09-23 23:59:59.999,5069240.451348
2024-09-24,0.01102,0.011737,0.010793,0.011582,725024197.0,2024-09-24 23:59:59.999,8245837.047746
2024-09-25,0.011582,0.011732,0.011161,0.011239,414322894.0,2024-09-25 23:59:59.999,4739575.682414
2024-09-26,0.011243,0.011841,0.011041,0.011618,478853827.0,2024-09-26 23:59:59.999,5527253.233503
2024-09-27,0.011616,0.012201,0.011569,0.012021,462656826.0,2024-09-27 23:59:59.999,5509155.641684
2024-09-28,0.012023,0.012241,0.011403,0.011759,506886287.0,2024-09-28 23:59:59.999,5942290.233661
2024-09-29,0.011764,0.012069,0.011396,0.011871,503605144.0,2024-09-29 23:59:59.999,5926454.650007
2024-09-30,0.011876,0.011942,0.010816,0.01093,569080075.0,2024-09-30 23:59:59.999,6477937.926334
2024-10-01,0.01093,0.011384,0.009534,0.009705,1108529793.0,2024-10-01 23:59:59.999,11421159.236844
2024-10-02,0.009703,0.010274,0.009209,0.009478,691459255.0,2024-10-02 23:59:59.999,6775965.308712
2024-10-03,0.009475,0.009683,0.009121,0.009385,632782928.0,2024-10-03 23:59:59.999,5967142.577809
2024-10-04,0.009389,0.009985,0.009353,0.009782,444229140.0,2024-10-04 23:59:59.999,4314517.029445
2024-10-05,0.009783,0.010056,0.009557,0.009748,431951744.0,2024-10-05 23:59:59.999,4240982.604879
2024-10-06,0.00975,0.010061,0.009618,0.010048,282563766.0,2024-10-06 23:59:59.999,2785520.340245
2024-10-07,0.010047,0.010296,0.009853,0.009866,430266798.0,2024-10-07 23:59:59.999,4332693.30319
2024-10-08,0.009868,0.010071,0.009599,0.009698,402889343.0,2024-10-08 23:59:59.999,3948507.444439
2024-10-09,0.009698,0.009867,0.009277,0.009423,423738469.0,2024-10-09 23:59:59.999,4068515.946896
2024-10-10,0.009421,0.009637,0.009167,0.009554,318664158.0,2024-10-10 23:59:59.999,3006306.295082
2024-10-11,0.009558,0.010145,0.009516,0.01,477281120.0,2024-10-11 23:59:59.999,4722499.172937
2024-10-12,0.010001,0.010313,0.009977,0.010184,274953035.0,2024-10-12 23:59:59.999,2794045.052592
2024-10-13,0.010184,0.010272,0.009711,0.010137,281928190.0,2024-10-13 23:59:59.999,2817074.797002
2024-10-14,0.010141,0.010806,0.009959,0.010704,422785711.0,2024-10-14 23:59:59.999,4409623.581147
2024-10-15,0.010708,0.011008,0.010323,0.010683,1056242864.0,2024-10-15 23:59:59.999,11325848.275309
2024-10-16,0.010688,0.010722,0.010221,0.010415,704034294.0,2024-10-16 23:59:59.999,7332400.404873
2024-10-17,0.010417,0.010543,0.009939,0.010151,349657822.0,2024-10-17 23:59:59.999,3550646.12468
2024-10-18,0.010154,0.010641,0.010026,0.010633,646265535.0,2024-10-18 23:59:59.999,6696390.265921
2024-10-19,0.010627,0.011388,0.010517,0.0108,1256242181.0,2024-10-19 23:59:59.999,13754933.756807
2024-10-20,0.010802,0.01208,0.010585,0.011515,1297540158.0,2024-10-20 23:59:59.999,14862476.470793
2024-10-21,0.011517,0.01159,0.010754,0.011094,681551494.0,2024-10-21 23:59:59.999,7585073.969651
2024-10-22,0.011094,0.011346,0.01058,0.011231,755013762.0,2024-10-22 23:59:59.999,8326539.078238
2024-10-23,0.011227,0.01128,0.010156,0.010369,485399165.0,2024-10-23 23:59:59.999,5187782.361315
2024-10-24,0.010367,0.010786,0.01016,0.010599,349615478.0,2024-10-24 23:59:59.999,3664979.096784
2024-10-25,0.010602,0.010654,0.008693,0.00925,839275359.0,2024-10-25 23:59:59.999,8205295.056776
2024-10-26,0.00925,0.009503,0.009017,0.009403,450347843.0,2024-10-26 23:59:59.999,4186257.022182
2024-10-27,0.009402,0.009657,0.009274,0.009552,260823879.0,2024-10-27 23:59:59.999,2462757.920875
2024-10-28,0.009552,0.009765,0.009162,0.009629,375575558.0,2024-10-28 23:59:59.999,3541339.146714
2024-10-29,0.009634,0.010301,0.009625,0.010141,434964557.0,2024-10-29 23:59:59.999,4342422.928264
2024-10-30,0.010142,0.010359,0.009949,0.010066,361854485.0,2024-10-30 23:59:59.999,3682343.991004
2024-10-31,0.010066,0.010111,0.009433,0.009509,341874974.0,2024-10-31 23:59:59.999,3341827.10201
2024-11-01,0.00951,0.009874,0.00925,0.009461,392139992.0,2024-11-01 23:59:59.999,3729444.414955
2024-11-02,0.009461,0.009629,0.009075,0.009176,253087260.0,2024-11-02 23:59:59.999,2363270.009161
2024-11-03,0.009175,0.009208,0.008385,0.008654,465459074.0,2024-11-03 23:59:59.999,4051831.38035
2024-11-04,0.008658,0.00929,0.008173,0.008461,1345124053.0,2024-11-04 23:59:59.999,11838545.030105
2024-11-05,0.00846,0.008992,0.008453,0.008874,565715240.0,2024-11-05 23:59:59.999,4949788.836569
2024-11-06,0.008876,0.010051,0.008875,0.009862,841840054.0,2024-11-06 23:59:59.999,8069935.798465
2024-11-07,0.009861,0.010169,0.009628,0.010026,536667635.0,2024-11-07 23:59:59.999,5338519.767526
2024-11-08,0.010026,0.010117,0.009696,0.010052,410376027.0,2024-11-08 23:59:59.999,4071814.567604
2024-11-09,0.010052,0.011514,0.009917,0.010744,1175480149.0,2024-11-09 23:59:59.999,12462164.107956
2024-11-10,0.010744,0.011896,0.010564,0.011391,1408371313.0,2024-11-10 23:59:59.999,15832969.179322
2024-11-11,0.011394,0.013968,0.011048,0.011902,4904735300.0,2024-11-11 23:59:59.999,61361134.336464
2024-11-12,0.0119,0.012334,0.01071,0.011482,1765261538.0,2024-11-12 23:59:59.999,20259656.186174
2024-11-13,0.011484,0.011592,0.010425,0.010742,1373160237.0,2024-11-13 23:59:59.999,15061995.832888
2024-11-14,0.010739,0.011231,0.010249,0.010508,789279347.0,2024-11-14 23:59:59.999,8457949.520336
2024-11-15,0.010507,0.011643,0.010126,0.011237,975592363.0,2024-11-15 23:59:59.999,10610245.310786
2024-11-16,0.011236,0.012187,0.011146,0.012071,1038096558.0,2024-11-16 23:59:59.999,12136027.459484
2024-11-17,0.012069,0.012382,0.011182,0.011409,703799992.0,2024-11-17 23:59:59.999,8305696.636079
2024-11-18,0.011411,0.013104,0.011318,0.012793,1749362722.0,2024-11-18 23:59:59.999,21476219.339511
2024-11-19,0.012788,0.013485,0.011762,0.012197,1495399404.0,2024-11-19 23:59:59.999,18921327.126874
2024-11-20,0.012192,0.012197,0.010916,0.011201,756280495.0,2024-11-20 23:59:59.999,8769973.66453
2024-11-21,0.011203,0.012206,0.010768,0.011925,737230346.0,2024-11-21 23:59:59.999,8575103.439858
2024-11-22,0.011925,0.012398,0.011472,0.012323,630680932.0,2024-11-22 23:59:59.999,7506037.221395
2024-11-23,0.012327,0.014273,0.012167,0.013408,3012443195.0,2024-11-23 23:59:59.999,40034039.79023
2024-11-24,0.013405,0.015299,0.013154,0.015018,3304618484.0,2024-11-24 23:59:59.999,47128886.326256
2024-11-25,0.01502,0.015941,0.013391,0.013776,4354307622.0,2024-11-25 23:59:59.999,63489416.575754
2024-11-26,0.013772,0.01512,0.012904,0.01354,1470033148.0,2024-11-26 23:59:59.999,20247999.843337
2024-11-27,0.013545,0.014198,0.013226,0.013929,1128241341.0,2024-11-27 23:59:59.999,15622611.983937
2024-11-28,0.013926,0.014433,0.013285,0.013999,924475227.0,2024-11-28 23:59:59.999,12783108.112232
2024-11-29,0.014001,0.014581,0.013622,0.014461,677594444.0,2024-11-29 23:59:59.999,9540750.215292
2024-11-30,0.014457,0.015515,0.014201,0.015173,838032362.0,2024-11-30 23:59:59.999,12535236.546877
2024-12-01,0.01517,0.01546,0.014666,0.015188,655308553.0,2024-12-01 23:59:59.999,9892772.856772
2024-12-02,0.015191,0.015685,0.013818,0.015586,1211847650.0,2024-12-02 23:59:59.999,17781245.301722
2024-12-03,0.015586,0.017735,0.01503,0.017478,1645458678.0,2024-12-03 23:59:59.999,26715254.452358
2024-12-04,0.017482,0.019,0.017007,0.018037,2118484779.0,2024-12-04 23:59:59.999,38030312.467373
2024-12-05,0.018041,0.019299,0.016898,0.01843,1298566046.0,2024-12-05 23:59:59.999,23610135.065
2024-12-06,0.018423,0.019353,0.017565,0.018854,891153829.0,2024-12-06 23:59:59.999,16580642.210132
2024-12-07,0.01885,0.019051,0.018171,0.018477,530231326.0,2024-12-07 23:59:59.999,9867632.786551
2024-12-08,0.018474,0.022778,0.017718,0.021866,4761751548.0,2024-12-08 23:59:59.999,99718618.609966
2024-12-09,0.021866,0.022238,0.01401,0.016552,5021842523.0,2024-12-09 23:59:59.999,93811822.927418
2024-12-10,0.016551,0.01705,0.014696,0.016765,2259111753.0,2024-12-10 23:59:59.999,36106783.425482
2024-12-11,0.016768,0.019188,0.01596,0.018534,1742000556.0,2024-12-11 23:59:59.999,31224737.297318
2024-12-12,0.018536,0.0208,0.018284,0.018473,1630453803.0,2024-12-12 23:59:59.999,31658370.428705
2024-12-13,0.018474,0.018767,0.017803,0.018345,870638785.0,2024-12-13 23:59:59.999,15917995.53748
2024-12-14,0.018345,0.018559,0.016534,0.017065,629829328.0,2024-12-14 23:59:59.999,10988946.376508
2024-12-15,0.01706,0.017784,0.016441,0.017341,712267286.0,2024-12-15 23:59:59.999,12190536.186082
2024-12-16,0.017341,0.017854,0.016067,0.01705,785870692.0,2024-12-16 23:59:59.999,13313194.910976
2024-12-17,0.017053,0.018125,0.0163,0.016485,1225905879.0,2024-12-17 23:59:59.999,20922072.573824
2024-12-18,0.016487,0.016531,0.01443,0.014937,1082982378.0,2024-12-18 23:59:59.999,16972743.092851
2024-12-19,0.014938,0.015292,0.013137,0.013781,1340504621.0,2024-12-19 23:59:59.999,19098908.386463
2024-12-20,0.013781,0.014349,0.011984,0.013865,1450678752.0,2024-12-20 23:59:59.999,19084450.28398
2024-12-21,0.013861,0.014894,0.0134,0.01374,1191898964.0,2024-12-21 23:59:59.999,16794216.332213
2024-12-22,0.013743,0.014127,0.01305,0.01348,848605885.0,2024-12-22 23:59:59.999,11536679.38737
2024-12-23,0.01348,0.014802,0.013102,0.014485,863405232.0,2024-12-23 23:59:59.999,12014569.338279
2024-12-24,0.014485,0.014664,0.013535,0.01436,858273283.0,2024-12-24 23:59:59.999,12170118.178301
2024-12-25,0.014363,0.014472,0.013713,0.013979,541933176.0,2024-12-25 23:59:59.999,7645933.272742
2024-12-26,0.013981,0.014123,0.012782,0.012977,610108935.0,2024-12-26 23:59:59.999,8100988.403882
2024-12-27,0.012978,0.013897,0.012837,0.013254,578036333.0,2024-12-27 23:59:59.999,7702107.78803
2024-12-28,0.013253,0.01414,0.013138,0.014022,458274810.0,2024-12-28 23:59:59.999,6226327.689619
2024-12-29,0.014025,0.014099,0.013195,0.013378,310558255.0,2024-12-29 23:59:59.999,4241415.502803
2024-12-30,0.013379,0.013945,0.012865,0.013346,763875083.0,2024-12-30 23:59:59.999,10195650.882437
2024-12-31,0.013348,0.013736,0.012798,0.013343,450830028.0,2024-12-31 23:59:59.999,5991543.382832
2025-01-01,0.013344,0.013761,0.012936,0.013674,360257538.0,2025-01-01 23:59:59.999,4821595.778726
2025-01-02,0.013676,0.014424,0.013634,0.014221,404654869.0,2025-01-02 23:59:59.999,5710105.061644
2025-01-03,0.014227,0.014994,0.013965,0.014858,452294822.0,2025-01-03 23:59:59.999,6574002.281069
2025-01-04,0.014857,0.015058,0.014519,0.014943,485427346.0,2025-01-04 23:59:59.999,7177099.415755
2025-01-05,0.014944,0.014954,0.014397,0.014732,345721850.0,2025-01-05 23:59:59.999,5067236.017688
2025-01-06,0.014732,0.015482,0.014363,0.01507,475838815.0,2025-01-06 23:59:59.999,7095345.825636
2025-01-07,0.015068,0.015068,0.01312,0.01313,654036677.0,2025-01-07 23:59:59.999,9180341.24262
2025-01-08,0.013125,0.013267,0.011912,0.012614,660087567.0,2025-01-08 23:59:59.999,8307346.767489
2025-01-09,0.01261,0.012758,0.011867,0.012235,509482430.0,2025-01-09 23:59:59.999,6275454.162735
2025-01-10,0.012236,0.012793,0.012155,0.012586,428828143.0,2025-01-10 23:59:59.999,5356073.159549
2025-01-11,0.01258,0.012723,0.012247,0.012453,322890975.0,2025-01-11 23:59:59.999,4013113.681335
2025-01-12,0.012453,0.012587,0.012102,0.012273,290171254.0,2025-01-12 23:59:59.999,3596185.136324
2025-01-13,0.012278,0.012609,0.010827,0.011601,728062480.0,2025-01-13 23:59:59.999,8313458.931517
2025-01-14,0.011601,0.012017,0.011483,0.011935,365509589.0,2025-01-14 23:59:59.999,4289589.147755
2025-01-15,0.011936,0.012562,0.011528,0.012531,484713576.0,2025-01-15 23:59:59.999,5844435.179116
2025-01-16,0.012533,0.012564,0.011859,0.012151,502683948.0,2025-01-16 23:59:59.999,6138835.446696
2025-01-17,0.012156,0.013028,0.012149,0.012959,542424735.0,2025-01-17 23:59:59.999,6856778.677445
2025-01-18,0.012959,0.013054,0.011464,0.011783,643014594.0,2025-01-18 23:59:59.999,7689176.081218
2025-01-19,0.011784,0.012134,0.010361,0.010573,1124978197.0,2025-01-19 23:59:59.999,12600852.142119
2025-01-20,0.010572,0.011402,0.009931,0.010366,1016745368.0,2025-01-20 23:59:59.999,10801433.787603
2025-01-21,0.010367,0.010904,0.009831,0.010568,516477580.0,2025-01-21 23:59:59.999,5330233.953005
2025-01-22,0.010568,0.010754,0.010035,0.010121,427997733.0,2025-01-22 23:59:59.999,4491825.630571
2025-01-23,0.010121,0.010482,0.009775,0.01031,907577345.0,2025-01-23 23:59:59.999,9146622.065366
2025-01-24,0.010315,0.010516,0.009625,0.009715,603279090.0,2025-01-24 23:59:59.999,6113168.836836
2025-01-25,0.009715,0.009814,0.009149,0.009678,662663735.0,2025-01-25 23:59:59.999,6287805.281676
2025-01-26,0.009677,0.010154,0.009582,0.00961,467252914.0,2025-01-26 23:59:59.999,4599601.09948
2025-01-27,0.009609,0.009654,0.008451,0.009451,932748256.0,2025-01-27 23:59:59.999,8429892.62439
2025-01-28,0.009452,0.009564,0.008585,0.008672,459953575.0,2025-01-28 23:59:59.999,4208568.131054
2025-01-29,0.008674,0.009574,0.008619,0.009015,513499590.0,2025-01-29 23:59:59.999,4620253.726967
2025-01-30,0.009014,0.009551,0.008883,0.009308,374900394.0,2025-01-30 23:59:59.999,3491563.870985
2025-01-31,0.009309,0.00985,0.009183,0.009351,368265262.0,2025-01-31 23:59:59.999,3487604.78017
2025-02-01,0.009351,0.009572,0.008412,0.008475,460369147.0,2025-02-01 23:59:59.999,4142493.317173
2025-02-02,0.008475,0.008674,0.006837,0.00739,1309089469.0,2025-02-02 23:59:59.999,10213287.482391
2025-02-03,0.007387,0.007492,0.005169,0.007373,2311954121.0,2025-02-03 23:59:59.999,14917226.811393
2025-02-04,0.00737,0.007446,0.006463,0.006773,876873479.0,2025-02-04 23:59:59.999,5962123.624738
2025-02-05,0.006773,0.00697,0.00654,0.006679,478510129.0,2025-02-05 23:59:59.999,3250259.335393
2025-02-06,0.006677,0.006813,0.006162,0.006235,610853954.0,2025-02-06 23:59:59.999,3960210.805321
2025-02-07,0.006239,0.006793,0.006181,0.006395,453648743.0,2025-02-07 23:59:59.999,2936306.682192
2025-02-08,0.006398,0.007455,0.0063,0.006869,1305185414.0,2025-02-08 23:59:59.999,8915782.150236
2025-02-09,0.006868,0.007176,0.006505,0.006806,650439548.0,2025-02-09 23:59:59.999,4484908.673573
2025-02-10,0.006804,0.008317,0.006546,0.007408,1839334287.0,2025-02-10 23:59:59.999,13765515.683207
2025-02-11,0.00741,0.007799,0.00708,0.007225,1007889313.0,2025-02-11 23:59:59.999,7509132.588835
2025-02-12,0.007225,0.008231,0.006988,0.008001,1278613030.0,2025-02-12 23:59:59.999,9746833.660495
2025-02-13,0.008002,0.008113,0.007474,0.007766,652180811.0,2025-02-13 23:59:59.999,5072934.108036
2025-02-14,0.007767,0.00794,0.007602,0.007696,453864022.0,2025-02-14 23:59:59.999,3524574.205729
2025-02-15,0.007697,0.007726,0.007299,0.007431,386158805.0,2025-02-15 23:59:59.999,2901498.037017
2025-02-16,0.007431,0.007977,0.007348,0.007523,577280411.0,2025-02-16 23:59:59.999,4420409.282036
2025-02-17,0.007523,0.007876,0.007282,0.007484,402734567.0,2025-02-17 23:59:59.999,3043910.29552
2025-02-18,0.007488,0.00754,0.006758,0.007086,448580311.0,2025-02-18 23:59:59.999,3187453.38225
2025-02-19,0.007085,0.007337,0.007006,0.007215,342957586.0,2025-02-19 23:59:59.999,2465984.072378
2025-02-20,0.007214,0.007433,0.007101,0.007396,341268022.0,2025-02-20 23:59:59.999,2481884.945308
2025-02-21,0.0074,0.007813,0.007026,0.007151,461455221.0,2025-02-21 23:59:59.999,3454914.182532
2025-02-22,0.007149,0.007645,0.007096,0.007601,288257132.0,2025-02-22 23:59:59.999,2125616.437861
2025-02-23,0.007602,0.007662,0.007286,0.007426,227629411.0,2025-02-23 23:59:59.999,1703145.471704
2025-02-24,0.007427,0.007463,0.006285,0.006444,576475116.0,2025-02-24 23:59:59.999,3948152.499916
2025-02-25,0.006441,0.006743,0.005928,0.006651,800002916.0,2025-02-25 23:59:59.999,5114674.730239
2025-02-26,0.006656,0.00684,0.006409,0.006719,461885074.0,2025-02-26 23:59:59.999,3062413.574108
2025-02-27,0.00672,0.006914,0.006496,0.006709,466352690.0,2025-02-27 23:59:59.999,3146816.28216
2025-02-28,0.006708,0.006809,0.006153,0.006704,709619387.0,2025-02-28 23:59:59.999,4579275.337621
2025-03-01,0.006705,0.006798,0.006477,0.006736,365164584.0,2025-03-01 23:59:59.999,2430582.092617
2025-03-02,0.006738,0.007353,0.00655,0.007318,514149534.0,2025-03-02 23:59:59.999,3571693.435052
2025-03-03,0.007319,0.00734,0.006073,0.006181,774739772.0,2025-03-03 23:59:59.999,5133753.879734
2025-03-04,0.006176,0.00621,0.005483,0.005949,1027142694.0,2025-03-04 23:59:59.999,6011033.355955
2025-03-05,0.00595,0.006234,0.005908,0.00619,415319809.0,2025-03-05 23:59:59.999,2513536.134949
2025-03-06,0.006191,0.006364,0.006,0.006071,489056636.0,2025-03-06 23:59:59.999,3018460.070856
2025-03-07,0.006071,0.006254,0.005748,0.005993,573081284.0,2025-03-07 23:59:59.999,3467069.935658
2025-03-08,0.005995,0.006052,0.005805,0.005895,347788522.0,2025-03-08 23:59:59.999,2058898.941486
2025-03-09,0.005897,0.005922,0.005172,0.005281,514493130.0,2025-03-09 23:59:59.999,2854817.166577
2025-03-10,0.005282,0.005595,0.004877,0.005086,731800244.0,2025-03-10 23:59:59.999,3870948.974243
2025-03-11,0.005085,0.005424,0.004631,0.005273,800597139.0,2025-03-11 23:59:59.999,4053874.002638
2025-03-12,0.005276,0.00555,0.0051,0.005426,497287032.0,2025-03-12 23:59:59.999,2652914.002933
2025-03-13,0.005427,0.00549,0.005208,0.005376,388169814.0,2025-03-13 23:59:59.999,2081165.808671
2025-03-14,0.005376,0.005708,0.005365,0.005605,325152301.0,2025-03-14 23:59:59.999,1810685.533035
2025-03-15,0.005606,0.005985,0.005548,0.005961,390016033.0,2025-03-15 23:59:59.999,2237175.604881
2025-03-16,0.00596,0.006021,0.005535,0.005608,558950339.0,2025-03-16 23:59:59.999,3219507.636126
2025-03-17,0.005608,0.006091,0.005598,0.005876,474117814.0,2025-03-17 23:59:59.999,2791457.241448
2025-03-18,0.005874,0.005894,0.005623,0.005882,397230691.0,2025-03-18 23:59:59.999,2283628.77239
2025-03-19,0.005883,0.006104,0.005843,0.006099,469231481.0,2025-03-19 23:59:59.999,2798083.433051
2025-03-20,0.006101,0.006106,0.005834,0.005923,373795513.0,2025-03-20 23:59:59.999,2225942.243399
2025-03-21,0.005923,0.005956,0.005717,0.005742,324111475.0,2025-03-21 23:59:59.999,1881497.070323
2025-03-22,0.005742,0.006186,0.005728,0.005979,272342206.0,2025-03-22 23:59:59.999,1625444.538295
2025-03-23,0.005979,0.006099,0.005819,0.005892,300751520.0,2025-03-23 23:59:59.999,1789518.384658
2025-03-24,0.005894,0.006402,0.005816,0.006327,325355647.0,2025-03-24 23:59:59.999,1999705.719106
2025-03-25,0.006327,0.006359,0.006172,0.006283,347688151.0,2025-03-25 23:59:59.999,2173730.777529
2025-03-26,0.006282,0.006435,0.006075,0.006141,348601657.0,2025-03-26 23:59:59.999,2175953.816942
2025-03-27,0.006142,0.006448,0.006053,0.006149,406766172.0,2025-03-27 23:59:59.999,2537481.454526
2025-03-28,0.006151,0.006195,0.005455,0.005578,559871018.0,2025-03-28 23:59:59.999,3193759.858536
2025-03-29,0.005578,0.00564,0.005116,0.005264,395819531.0,2025-03-29 23:59:59.999,2110977.196549
2025-03-30,0.005264,0.00542,0.005201,0.00529,275573843.0,2025-03-30 23:59:59.999,1468139.664818
2025-03-31,0.005294,0.005355,0.005066,0.005196,363902368.0,2025-03-31 23:59:59.999,1902284.855007
2025-04-01,0.005195,0.00544,0.005133,0.005221,404130421.0,2025-04-01 23:59:59.999,2137513.907211
2025-04-02,0.005221,0.005224,0.004647,0.004734,766508586.0,2025-04-02 23:59:59.999,3822967.631863
2025-04-03,0.004733,0.0049,0.00421,0.004584,977368408.0,2025-04-03 23:59:59.999,4359509.037713
2025-04-04,0.004585,0.00488,0.004406,0.004569,1073661411.0,2025-04-04 23:59:59.999,4960130.568933
2025-04-05,0.00457,0.004666,0.004494,0.004607,249776405.0,2025-04-05 23:59:59.999,1142441.408368
2025-04-06,0.004607,0.004643,0.003978,0.004109,713993256.0,2025-04-06 23:59:59.999,3046182.224148
2025-04-07,0.00411,0.0045,0.003676,0.004284,1234443674.0,2025-04-07 23:59:59.999,5057678.27774
2025-04-08,0.004284,0.004461,0.004048,0.004067,536157266.0,2025-04-08 23:59:59.999,2262416.398878
2025-04-09,0.00407,0.004624,0.003917,0.004562,624747510.0,2025-04-09 23:59:59.999,2678469.273021
2025-04-10,0.004562,0.004568,0.004285,0.004462,473163260.0,2025-04-10 23:59:59.999,2094588.948591
2025-04-11,0.004462,0.004794,0.004436,0.004566,632264233.0,2025-04-11 23:59:59.999,2888131.041282
2025-04-12,0.004566,0.004775,0.004513,0.004707,375744920.0,2025-04-12 23:59:59.999,1747767.762336
2025-04-13,0.004706,0.004723,0.004261,0.004344,489264227.0,2025-04-13 23:59:59.999,2201023.175829
2025-04-14,0.004344,0.00476,0.00433,0.004538,1518615042.0,2025-04-14 23:59:59.999,6919744.673947
2025-04-15,0.004539,0.004648,0.004318,0.004342,594803138.0,2025-04-15 23:59:59.999,2678972.581049
2025-04-16,0.004342,0.004417,0.004121,0.004234,629174645.0,2025-04-16 23:59:59.999,2697452.348599
2025-04-17,0.004233,0.004397,0.004199,0.004337,397341800.0,2025-04-17 23:59:59.999,1706255.808813
2025-04-18,0.004337,0.004564,0.004284,0.00455,428026612.0,2025-04-18 23:59:59.999,1914335.624428
2025-04-19,0.004549,0.005106,0.004544,0.004916,1717666253.0,2025-04-19 23:59:59.999,8416666.801465
2025-04-20,0.004916,0.005333,0.00483,0.005082,1521609955.0,2025-04-20 23:59:59.999,7735399.696029
2025-04-21,0.005082,0.005779,0.005062,0.005312,2841837714.0,2025-04-21 23:59:59.999,15457797.996937
2025-04-22,0.005311,0.005542,0.005076,0.005539,1533138479.0,2025-04-22 23:59:59.999,8120931.600653
2025-04-23,0.005539,0.005712,0.005432,0.005614,765440923.0,2025-04-23 23:59:59.999,4267622.50776
2025-04-24,0.005613,0.005963,0.005379,0.00591,751019392.0,2025-04-24 23:59:59.999,4240656.839772
2025-04-25,0.005909,0.006297,0.005873,0.00607,779913472.0,2025-04-25 23:59:59.999,4756353.428309
2025-04-26,0.006069,0.006255,0.005959,0.00613,465325041.0,2025-04-26 23:59:59.999,2839391.273425
2025-04-27,0.00613,0.006139,0.005724,0.005734,530948919.0,2025-04-27 23:59:59.999,3130105.221442
2025-04-28,0.005734,0.006046,0.005561,0.006001,659196511.0,2025-04-28 23:59:59.999,3873200.655034
2025-04-29,0.006002,0.006149,0.005593,0.005705,678313976.0,2025-04-29 23:59:59.999,4000951.768521
2025-04-30,0.005707,0.006045,0.005647,0.005988,904293717.0,2025-04-30 23:59:59.999,5324987.364603
2025-05-01,0.005987,0.0062,0.005899,0.005994,520281698.0,2025-05-01 23:59:59.999,3155726.464045
2025-05-02,0.005992,0.006067,0.005804,0.005862,389291456.0,2025-05-02 23:59:59.999,2299811.796614
2025-05-03,0.005862,0.005881,0.005231,0.005322,532315952.0,2025-05-03 23:59:59.999,2947504.60167
2025-05-04,0.005322,0.005359,0.004835,0.004952,783852372.0,2025-05-04 23:59:59.999,3962153.577907
2025-05-05,0.004952,0.005026,0.004757,0.004889,511083122.0,2025-05-05 23:59:59.999,2505698.288456
2025-05-06,0.004887,0.004996,0.004531,0.004765,901913726.0,2025-05-06 23:59:59.999,4315251.456282
2025-05-07,0.004765,0.004963,0.004587,0.004813,1260638474.0,2025-05-07 23:59:59.999,5982443.193117
2025-05-08,0.004813,0.005562,0.004793,0.005554,679272383.0,2025-05-08 23:59:59.999,3513740.894038
2025-05-09,0.005554,0.006263,0.005533,0.006172,807197166.0,2025-05-09 23:59:59.999,4740208.973739
2025-05-10,0.006169,0.006646,0.006127,0.006616,1229575465.0,2025-05-10 23:59:59.999,7798401.94247
2025-05-11,0.006615,0.006714,0.006191,0.006423,764501445.0,2025-05-11 23:59:59.999,4915167.403052
2025-05-12,0.006426,0.006876,0.00621,0.00657,1379057650.0,2025-05-12 23:59:59.999,9090095.090982
2025-05-13,0.006569,0.007297,0.00618,0.006932,1964822983.0,2025-05-13 23:59:59.999,13361412.675724
2025-05-14,0.006934,0.007122,0.006485,0.006512,867808761.0,2025-05-14 23:59:59.999,5850707.186177
2025-05-15,0.006517,0.006619,0.005844,0.006093,808230066.0,2025-05-15 23:59:59.999,4995845.554179
2025-05-16,0.006095,0.006225,0.005814,0.005893,455731959.0,2025-05-16 23:59:59.999,2760731.872968
2025-05-17,0.005892,0.00594,0.005589,0.005683,492110342.0,2025-05-17 23:59:59.999,2817459.088875
2025-05-18,0.005683,0.006131,0.005538,0.005956,673787706.0,2025-05-18 23:59:59.999,3929744.312837
2025-05-19,0.005952,0.006012,0.005377,0.005677,606544197.0,2025-05-19 23:59:59.999,3404945.215237
2025-05-20,0.005678,0.005862,0.005547,0.005795,387296367.0,2025-05-20 23:59:59.999,2203030.061211
2025-05-21,0.005798,0.006001,0.005628,0.005895,550180385.0,2025-05-21 23:59:59.999,3185301.337056
2025-05-22,0.005896,0.006428,0.005891,0.006414,488662663.0,2025-05-22 23:59:59.999,3036097.465817
2025-05-23,0.006416,0.006578,0.005701,0.005739,751400026.0,2025-05-23 23:59:59.999,4613954.577558
2025-05-24,0.00574,0.005899,0.005682,0.005723,308559958.0,2025-05-24 23:59:59.999,1791662.808544
2025-05-25,0.005727,0.005758,0.005255,0.005635,588447319.0,2025-05-25 23:59:59.999,3214825.851934
2025-05-26,0.005633,0.005776,0.005479,0.005555,280588608.0,2025-05-26 23:59:59.999,1581189.359574
2025-05-27,0.005553,0.005808,0.0054,0.005667,379419976.0,2025-05-27 23:59:59.999,2154778.889731
2025-05-28,0.005667,0.005794,0.005409,0.005632,406679802.0,2025-05-28 23:59:59.999,2275476.184393
2025-05-29,0.005635,0.005748,0.005205,0.005261,532074581.0,2025-05-29 23:59:59.999,2909519.033991
2025-05-30,0.00526,0.005312,0.004481,0.004558,824404745.0,2025-05-30 23:59:59.999,4039397.80119
2025-05-31,0.004556,0.004761,0.004376,0.004674,504295492.0,2025-05-31 23:59:59.999,2311426.271412
2025-06-01,0.004674,0.004817,0.004548,0.00478,399399661.0,2025-06-01 23:59:59.999,1867872.122518
2025-06-02,0.004779,0.00498,0.004643,0.004918,372471393.0,2025-06-02 23:59:59.999,1776035.945358
2025-06-03,0.004922,0.005055,0.004879,0.004926,298271811.0,2025-06-03 23:59:59.999,1482852.134703
2025-06-04,0.004926,0.005024,0.004706,0.004736,309597435.0,2025-06-04 23:59:59.999,1511289.582969
2025-06-05,0.004739,0.004923,0.004359,0.004407,767525975.0,2025-06-05 23:59:59.999,3584925.214701
2025-06-06,0.004407,0.004672,0.00438,0.004548,327860562.0,2025-06-06 23:59:59.999,1484757.907334
2025-06-07,0.004549,0.004746,0.004515,0.004687,299155768.0,2025-06-07 23:59:59.999,1395242.428821
2025-06-08,0.004687,0.00474,0.004574,0.004658,223511476.0,2025-06-08 23:59:59.999,1044024.345033
2025-06-09,0.004658,0.005063,0.004566,0.005054,441423588.0,2025-06-09 23:59:59.999,2133883.798328
2025-06-10,0.005055,0.005286,0.004992,0.005248,466483498.0,2025-06-10 23:59:59.999,2393070.01432
2025-06-11,0.005248,0.005367,0.004929,0.005005,698485646.0,2025-06-11 23:59:59.999,3579057.863737
2025-06-12,0.005004,0.005006,0.004673,0.004687,547005937.0,2025-06-12 23:59:59.999,2644196.162265
2025-06-13,0.004688,0.004695,0.004184,0.004451,1007872201.0,2025-06-13 23:59:59.999,4375556.128295
2025-06-14,0.004452,0.004482,0.00428,0.00439,309225615.0,2025-06-14 23:59:59.999,1358731.504845
2025-06-15,0.004389,0.004473,0.00432,0.004424,360240979.0,2025-06-15 23:59:59.999,1586444.223566
2025-06-16,0.004426,0.004705,0.004366,0.004412,650088193.0,2025-06-16 23:59:59.999,2965325.043788
2025-06-17,0.004414,0.004529,0.004058,0.004136,652027818.0,2025-06-17 23:59:59.999,2806075.36679
2025-06-18,0.004138,0.004235,0.003951,0.004139,457573861.0,2025-06-18 23:59:59.999,1871331.651113
2025-06-19,0.004137,0.004219,0.004058,0.004145,334855928.0,2025-06-19 23:59:59.999,1390900.747056
2025-06-20,0.004145,0.004275,0.003935,0.004046,525034217.0,2025-06-20 23:59:59.999,2167543.162784
2025-06-21,0.004046,0.004136,0.003688,0.003842,488278941.0,2025-06-21 23:59:59.999,1929949.021431
2025-06-22,0.003841,0.003884,0.003469,0.003679,741496764.0,2025-06-22 23:59:59.999,2728188.857236
2025-06-23,0.003678,0.004142,0.003678,0.004124,607639120.0,2025-06-23 23:59:59.999,2331997.979278
2025-06-24,0.004123,0.004306,0.004109,0.004236,593320973.0,2025-06-24 23:59:59.999,2490700.09535
2025-06-25,0.004236,0.004253,0.004095,0.004128,291568171.0,2025-06-25 23:59:59.999,1217893.167002
2025-06-26,0.004129,0.004284,0.003986,0.004038,635944071.0,2025-06-26 23:59:59.999,2630500.699517
2025-06-27,0.004039,0.004124,0.003952,0.004053,404084576.0,2025-06-27 23:59:59.999,1634425.945144
2025-06-28,0.004053,0.004198,0.004005,0.004169,328844429.0,2025-06-28 23:59:59.999,1344761.532031
2025-06-29,0.004169,0.004425,0.004088,0.004412,443637393.0,2025-06-29 23:59:59.999,1877417.946809
2025-06-30,0.004411,0.004426,0.004127,0.004269,488969679.0,2025-06-30 23:59:59.999,2079808.530096
2025-07-01,0.004269,0.004277,0.003983,0.004036,616180477.0,2025-07-01 23:59:59.999,2530803.886506
2025-07-02,0.004036,0.004561,0.003969,0.004452,631247611.0,2025-07-02 23:59:59.999,2727496.367277
2025-07-03,0.004452,0.004522,0.004331,0.004437,475951975.0,2025-07-03 23:59:59.999,2113853.818639
2025-07-04,0.004437,0.004475,0.004084,0.004142,594526529.0,2025-07-04 23:59:59.999,2519526.581738
2025-07-05,0.004143,0.004194,0.00401,0.004121,402570688.0,2025-07-05 23:59:59.999,1659175.229886
2025-07-06,0.004122,0.004319,0.00408,0.004219,377289048.0,2025-07-06 23:59:59.999,1576201.377328
2025-07-07,0.004219,0.004367,0.004192,0.00429,589656206.0,2025-07-07 23:59:59.999,2507949.794934
2025-07-08,0.004289,0.00441,0.004162,0.004365,901023641.0,2025-07-08 23:59:59.999,3872056.772341
2025-07-09,0.004364,0.004641,0.004289,0.004591,1555343721.0,2025-07-09 23:59:59.999,7007661.639185
2025-07-10,0.004593,0.005006,0.00453,0.004976,929039317.0,2025-07-10 23:59:59.999,4365221.533788
2025-07-11,0.004977,0.005371,0.004889,0.005059,1449714622.0,2025-07-11 23:59:59.999,7475376.16186
2025-07-12,0.005062,0.005239,0.004851,0.005033,816671426.0,2025-07-12 23:59:59.999,4132392.621702
2025-07-13,0.005033,0.005307,0.004976,0.005166,571289923.0,2025-07-13 23:59:59.999,2942670.885525
2025-07-14,0.005168,0.005441,0.005024,0.005117,913526274.0,2025-07-14 23:59:59.999,4789780.929909
2025-07-15,0.005117,0.005417,0.004902,0.005411,807989768.0,2025-07-15 23:59:59.999,4113411.630807
2025-07-16,0.005409,0.005743,0.005291,0.005546,901223304.0,2025-07-16 23:59:59.999,4960413.24235
2025-07-17,0.005544,0.00563,0.005287,0.005519,722723892.0,2025-07-17 23:59:59.999,3959413.568046
2025-07-18,0.005519,0.005924,0.005411,0.005582,697057044.0,2025-07-18 23:59:59.999,3965046.487399
2025-07-19,0.005582,0.005704,0.005391,0.00568,391748003.0,2025-07-19 23:59:59.999,2172896.02344
2025-07-20,0.005678,0.006101,0.005645,0.00593,738228871.0,2025-07-20 23:59:59.999,4355450.481216
2025-07-21,0.005932,0.006146,0.005815,0.006055,481921079.0,2025-07-21 23:59:59.999,2895867.239718
2025-07-22,0.006052,0.006095,0.005631,0.006015,622223163.0,2025-07-22 23:59:59.999,3648428.12002
2025-07-23,0.006014,0.00613,0.005211,0.005453,1100425504.0,2025-07-23 23:59:59.999,6229795.288367
2025-07-24,0.005454,0.005529,0.004984,0.005254,827139067.0,2025-07-24 23:59:59.999,4360583.422972
2025-07-25,0.005255,0.00541,0.00506,0.005395,569109305.0,2025-07-25 23:59:59.999,2978450.46367
2025-07-26,0.005395,0.005492,0.005362,0.005386,387043014.0,2025-07-26 23:59:59.999,2098277.180632
2025-07-27,0.005386,0.005675,0.005367,0.00562,431252441.0,2025-07-27 23:59:59.999,2373502.448967
2025-07-28,0.005622,0.005747,0.005166,0.005217,762751602.0,2025-07-28 23:59:59.999,4210845.084983
2025-07-29,0.005217,0.005412,0.004858,0.005089,646091000.0,2025-07-29 23:59:59.999,3334696.710949
2025-07-30,0.005088,0.005113,0.0047,0.005,606702728.0,2025-07-30 23:59:59.999,2998835.053324
2025-07-31,0.004999,0.00512,0.00466,0.004693,531909501.0,2025-07-31 23:59:59.999,2604849.263414
2025-08-01,0.004693,0.004715,0.0044,0.004561,735623329.0,2025-08-01 23:59:59.999,3376967.594464
2025-08-02,0.00456,0.004621,0.004286,0.004442,495330119.0,2025-08-02 23:59:59.999,2208474.584523
2025-08-03,0.004441,0.004624,0.004375,0.0046,318262122.0,2025-08-03 23:59:59.999,1447705.149529
2025-08-04,0.004598,0.004839,0.004592,0.004825,441823534.0,2025-08-04 23:59:59.999,2077436.973741
2025-08-05,0.004823,0.00505,0.004503,0.004643,2923662725.0,2025-08-05 23:59:59.999,14107534.883213
2025-08-06,0.004644,0.004793,0.004487,0.004737,1209468323.0,2025-08-06 23:59:59.999,5646191.673562
2025-08-07,0.004737,0.004996,0.004683,0.004947,812493565.0,2025-08-07 23:59:59.999,3921403.510849
2025-08-08,0.004947,0.005106,0.004884,0.00505,738986209.0,2025-08-08 23:59:59.999,3683475.170267
2025-08-09,0.00505,0.00534,0.005025,0.005259,618026528.0,2025-08-09 23:59:59.999,3214580.581076
2025-08-10,0.00526,0.005352,0.005019,0.00518,690557407.0,2025-08-10 23:59:59.999,3580795.606855
2025-08-11,0.00518,0.005332,0.004808,0.004866,855706446.0,2025-08-11 23:59:59.999,4318983.7881
2025-08-12,0.004864,0.005252,0.004759,0.005208,801975816.0,2025-08-12 23:59:59.999,4003841.579565
2025-08-13,0.00521,0.005458,0.005147,0.00539,927267341.0,2025-08-13 23:59:59.999,4935424.582918
2025-08-14,0.005391,0.005459,0.004678,0.004792,1159478816.0,2025-08-14 23:59:59.999,5834815.889414
2025-08-15,0.004791,0.004919,0.004582,0.004746,761137756.0,2025-08-15 23:59:59.999,3622857.739243
2025-08-16,0.004745,0.005063,0.004736,0.005012,556264502.0,2025-08-16 23:59:59.999,2729321.629313
2025-08-17,0.005014,0.005149,0.00494,0.004956,437807271.0,2025-08-17 23:59:59.999,2199002.630047
2025-08-18,0.004954,0.004975,0.004644,0.004746,624956266.0,2025-08-18 23:59:59.999,2986370.803661
2025-08-19,0.004746,0.004846,0.004507,0.00455,690431727.0,2025-08-19 23:59:59.999,3218572.396028
2025-08-20,0.004548,0.004868,0.004501,0.00482,542549037.0,2025-08-20 23:59:59.999,2543961.953687
2025-08-21,0.00482,0.004884,0.004587,0.004618,450564189.0,2025-08-21 23:59:59.999,2120533.999513
2025-08-22,0.004618,0.005217,0.004402,0.005106,1031750933.0,2025-08-22 23:59:59.999,4968858.841308
2025-08-23,0.005107,0.005244,0.004965,0.005118,758362666.0,2025-08-23 23:59:59.999,3856721.564561
2025-08-24,0.005119,0.005205,0.004852,0.004979,1087775637.0,2025-08-24 23:59:59.999,5418998.398209
2025-08-25,0.004979,0.005076,0.00441,0.004521,845596920.0,2025-08-25 23:59:59.999,3997035.684176
2025-08-26,0.004521,0.00478,0.004462,0.004745,598932986.0,2025-08-26 23:59:59.999,2764837.636963
2025-08-27,0.004745,0.004795,0.004641,0.004701,555350470.0,2025-08-27 23:59:59.999,2618651.186311
2025-08-28,0.004701,0.004844,0.004554,0.004814,562858805.0,2025-08-28 23:59:59.999,2658896.654175
2025-08-29,0.004815,0.00483,0.004364,0.004488,751358309.0,2025-08-29 23:59:59.999,3416936.262431
2025-08-30,0.004487,0.004606,0.0044,0.00453,347148958.0,2025-08-30 23:59:59.999,1571099.450024
2025-08-31,0.004531,0.004753,0.004431,0.004438,608467998.0,2025-08-31 23:59:59.999,2790600.860921
2025-09-01,0.004437,0.004526,0.004112,0.004232,919121099.0,2025-09-01 23:59:59.999,3980414.850766
2025-09-02,0.004234,0.004397,0.004208,0.00436,484585660.0,2025-09-02 23:59:59.999,2092084.574849
2025-09-03,0.004361,0.004413,0.004284,0.00436,449335332.0,2025-09-03 23:59:59.999,1954586.417598
2025-09-04,0.004361,0.004376,0.004087,0.004142,427662977.0,2025-09-04 23:59:59.999,1793465.735157
2025-09-05,0.004139,0.004352,0.004133,0.004238,505543682.0,2025-09-05 23:59:59.999,2143255.069447
2025-09-06,0.004235,0.004272,0.004147,0.004181,346525433.0,2025-09-06 23:59:59.999,1455061.089916
2025-09-07,0.004183,0.00429,0.004183,0.004252,423101604.0,2025-09-07 23:59:59.999,1794181.463564
2025-09-08,0.004252,0.004448,0.004214,0.004388,580984552.0,2025-09-08 23:59:59.999,2516388.020277
2025-09-09,0.004389,0.00459,0.004311,0.0044,905939452.0,2025-09-09 23:59:59.999,4036322.930758
2025-09-10,0.004399,0.004696,0.004362,0.004555,658061705.0,2025-09-10 23:59:59.999,2982523.319606
2025-09-11,0.004555,0.004811,0.004501,0.004641,1086843844.0,2025-09-11 23:59:59.999,5062970.083029
2025-09-12,0.004642,0.005,0.004555,0.004949,1219890639.0,2025-09-12 23:59:59.999,5839555.753523
2025-09-13,0.004949,0.005699,0.004902,0.005082,3409501084.0,2025-09-13 23:59:59.999,17845698.576257
2025-09-14,0.005081,0.005111,0.004811,0.004879,872854119.0,2025-09-14 23:59:59.999,4340015.631274
2025-09-15,0.004879,0.005019,0.004573,0.004701,791717127.0,2025-09-15 23:59:59.999,3775189.460782
2025-09-16,0.0047,0.0048,0.004542,0.004776,494905733.0,2025-09-16 23:59:59.999,2319163.244307
2025-09-17,0.004775,0.004961,0.004609,0.004918,601671476.0,2025-09-17 23:59:59.999,2857419.075362
2025-09-18,0.004919,0.004977,0.004854,0.004938,364774936.0,2025-09-18 23:59:59.999,1794322.240469
2025-09-19,0.004936,0.005033,0.004611,0.004659,442672529.0,2025-09-19 23:59:59.999,2124599.814094
2025-09-20,0.004659,0.004823,0.004606,0.004775,270011747.0,2025-09-20 23:59:59.999,1277008.640505
2025-09-21,0.004775,0.004933,0.004705,0.004738,339937549.0,2025-09-21 23:59:59.999,1630453.221055
2025-09-22,0.004738,0.004761,0.00402,0.004251,999028702.0,2025-09-22 23:59:59.999,4322100.90737
2025-09-23,0.004252,0.004292,0.004126,0.004201,385936518.0,2025-09-23 23:59:59.999,1630006.624178
2025-09-24,0.004205,0.004293,0.004075,0.004206,477654539.0,2025-09-24 23:59:59.999,2020171.117756
2025-09-25,0.004206,0.004209,0.003854,0.003929,689953927.0,2025-09-25 23:59:59.999,2787521.042817
2025-09-26,0.003933,0.004099,0.003879,0.004052,544145908.0,2025-09-26 23:59:59.999,2170051.251601
2025-09-27,0.004055,0.00411,0.003999,0.004061,320336507.0,2025-09-27 23:59:59.999,1301266.961327
2025-09-28,0.004064,0.004179,0.00394,0.004167,348554027.0,2025-09-28 23:59:59.999,1401811.978356
2025-09-29,0.004167,0.004169,0.003987,0.00408,370197111.0,2025-09-29 23:59:59.999,1518142.960264
2025-09-30,0.004083,0.004116,0.00389,0.004024,409067741.0,2025-09-30 23:59:59.999,1635590.92806
2025-10-01,0.004026,0.004301,0.003974,0.004286,534739379.0,2025-10-01 23:59:59.999,2231266.077798
2025-10-02,0.004288,0.004584,0.004285,0.004517,540795107.0,2025-10-02 23:59:59.999,2409186.026697
2025-10-03,0.00452,0.004663,0.004409,0.004564,441567669.0,2025-10-03 23:59:59.999,1999999.619759
2025-10-04,0.004567,0.004584,0.004315,0.004387,334385419.0,2025-10-04 23:59:59.999,1479804.683524
2025-10-05,0.004389,0.004587,0.004319,0.004353,482466221.0,2025-10-05 23:59:59.999,2145380.175594
2025-10-06,0.004351,0.004579,0.004308,0.004523,582150657.0,2025-10-06 23:59:59.999,2585490.593456
2025-10-07,0.004523,0.004571,0.004194,0.004232,665876728.0,2025-10-07 23:59:59.999,2912753.495082
2025-10-08,0.004232,0.004468,0.00418,0.004381,591188761.0,2025-10-08 23:59:59.999,2540634.842598
2025-10-09,0.004381,0.005298,0.00414,0.004843,7135055778.0,2025-10-09 23:59:59.999,34900027.792645
2025-10-10,0.004844,0.005157,0.002038,0.003351,4840358110.0,2025-10-10 23:59:59.999,20993408.700779
2025-10-11,0.003351,0.003747,0.003169,0.003333,2671292840.0,2025-10-11 23:59:59.999,8993438.144896
2025-10-12,0.003334,0.003805,0.003258,0.003721,1071929897.0,2025-10-12 23:59:59.999,3775399.403344
2025-10-13,0.003723,0.004301,0.003661,0.003997,3298385004.0,2025-10-13 23:59:59.999,13082855.618331
2025-10-14,0.004,0.004708,0.0037,0.004051,4350630820.0,2025-10-14 23:59:59.999,17741230.243601
2025-10-15,0.004051,0.004136,0.003672,0.003739,1672402292.0,2025-10-15 23:59:59.999,6535055.938
2025-10-16,0.003739,0.003924,0.003526,0.003614,1178368480.0,2025-10-16 23:59:59.999,4416447.888297
2025-10-17,0.003616,0.003678,0.003253,0.003517,1131192243.0,2025-10-17 23:59:59.999,3910918.006784
2025-10-18,0.003518,0.004048,0.003516,0.003694,3063942829.0,2025-10-18 23:59:59.999,11598399.063022
2025-10-19,0.003694,0.00378,0.003549,0.003749,1001491095.0,2025-10-19 23:59:59.999,3689315.634379
2025-10-20,0.003748,0.003845,0.003594,0.003651,765203688.0,2025-10-20 23:59:59.999,2839165.759994
2025-10-21,0.003651,0.003742,0.003429,0.00346,821654480.0,2025-10-21 23:59:59.999,2947396.747807
2025-10-22,0.00346,0.003509,0.003177,0.003346,859395829.0,2025-10-22 23:59:59.999,2926071.528515
2025-10-23,0.003347,0.003452,0.003326,0.003369,444641688.0,2025-10-23 23:59:59.999,1504128.801741
2025-10-24,0.003374,0.003499,0.003346,0.003456,429160734.0,2025-10-24 23:59:59.999,1464951.21868
2025-10-25,0.003458,0.003701,0.003393,0.003487,1327423482.0,2025-10-25 23:59:59.999,4696525.94267
2025-10-26,0.003484,0.003616,0.003437,0.003573,535823375.0,2025-10-26 23:59:59.999,1893001.914558
2025-10-27,0.003575,0.003622,0.003366,0.00341,509447665.0,2025-10-27 23:59:59.999,1787853.055877
2025-10-28,0.003408,0.003447,0.003169,0.00327,614253247.0,2025-10-28 23:59:59.999,2051668.273231
2025-10-29,0.00327,0.003388,0.003202,0.00331,449888271.0,2025-10-29 23:59:59.999,1490846.278664
2025-10-30,0.00331,0.003348,0.002921,0.003018,897704868.0,2025-10-30 23:59:59.999,2790751.093155
2025-10-31,0.003019,0.003176,0.003014,0.003084,610093532.0,2025-10-31 23:59:59.999,1881187.699022
2025-11-01,0.003084,0.003192,0.003069,0.003163,392106302.0,2025-11-01 23:59:59.999,1234857.081327
2025-11-02,0.003163,0.003187,0.003017,0.003137,437881172.0,2025-11-02 23:59:59.999,1361571.381854
2025-11-03,0.003142,0.00315,0.002458,0.002733,1090189634.0,2025-11-03 23:59:59.999,3050588.915742
2025-11-04,0.002734,0.002836,0.002486,0.002698,1017304627.0,2025-11-04 23:59:59.999,2741107.597205
2025-11-05,0.002699,0.002865,0.002543,0.002834,692554070.0,2025-11-05 23:59:59.999,1904240.706568
2025-11-06,0.002832,0.003278,0.002701,0.002842,2286842802.0,2025-11-06 23:59:59.999,6709468.034182
2025-11-07,0.002842,0.003288,0.002839,0.0032,1038193334.0,2025-11-07 23:59:59.999,3193301.817165
2025-11-08,0.0032,0.00359,0.003029,0.003258,2914926589.0,2025-11-08 23:59:59.999,9477349.965031
2025-11-09,0.003259,0.003259,0.003032,0.003163,1156967178.0,2025-11-09 23:59:59.999,3651424.473218
2025-11-10,0.003164,0.003213,0.003062,0.003172,559500404.0,2025-11-10 23:59:59.999,1764867.892554
2025-11-11,0.003172,0.003236,0.002957,0.00297,777031758.0,2025-11-11 23:59:59.999,2433556.373845
2025-11-12,0.002971,0.003163,0.002919,0.002994,638080729.0,2025-11-12 23:59:59.999,1928685.93579
2025-11-13,0.002997,0.003086,0.002739,0.002829,725661904.0,2025-11-13 23:59:59.999,2114540.544547
2025-11-14,0.00283,0.002849,0.002666,0.002726,713549158.0,2025-11-14 23:59:59.999,1972208.832305
2025-11-15,0.002725,0.002848,0.002721,0.002774,403674020.0,2025-11-15 23:59:59.999,1120670.546392
2025-11-16,0.002774,0.002797,0.002565,0.002675,644770615.0,2025-11-16 23:59:59.999,1727086.469926
2025-11-17,0.002673,0.002778,0.00257,0.002621,1010121139.0,2025-11-17 23:59:59.999,2700929.235658
2025-11-18,0.002621,0.002699,0.002551,0.002652,1025537055.0,2025-11-18 23:59:59.999,2692896.57238
2025-11-19,0.002652,0.00269,0.002428,0.002591,1585785543.0,2025-11-19 23:59:59.999,4108946.010957
2025-11-20,0.00259,0.002794,0.002499,0.002641,1249640134.0,2025-11-20 23:59:59.999,3318365.543872
2025-11-21,0.00264,0.002724,0.002285,0.0025,1806927531.0,2025-11-21 23:59:59.999,4519495.271867
2025-11-22,0.0025,0.002524,0.00239,0.00243,787770344.0,2025-11-22 23:59:59.999,1923091.563868
2025-11-23,0.002428,0.003056,0.002411,0.002513,6673507964.0,2025-11-23 23:59:59.999,18045854.060402
2025-11-24,0.002513,0.002597,0.002463,0.002537,1529566377.0,2025-11-24 23:59:59.999,3865722.073162
2025-11-25,0.002537,0.002563,0.00243,0.002511,903213515.0,2025-11-25 23:59:59.999,2264143.897993
2025-11-26,0.00251,0.002615,0.002449,0.002581,884074233.0,2025-11-26 23:59:59.999,2238628.9818
2025-11-27,0.00258,0.002608,0.002528,0.002552,535876082.0,2025-11-27 23:59:59.999,1377707.054267
2025-11-28,0.002552,0.00259,0.002489,0.002528,605916109.0,2025-11-28 23:59:59.999,1537697.025435
2025-11-29,0.002529,0.002765,0.002471,0.002488,1088960360.0,2025-11-29 23:59:59.999,2814441.251461
2025-11-30,0.002488,0.002513,0.002369,0.00238,598500213.0,2025-11-30 23:59:59.999,1469348.050935
2025-12-01,0.002379,0.002387,0.002151,0.002211,849985844.0,2025-12-01 23:59:59.999,1895543.734737
2025-12-02,0.002211,0.002387,0.002176,0.002331,761881472.0,2025-12-02 23:59:59.999,1755073.995695
2025-12-03,0.002331,0.00246,0.002293,0.00243,595002294.0,2025-12-03 23:59:59.999,1409759.974652
2025-12-04,0.002431,0.002453,0.002304,0.002332,424127337.0,2025-12-04 23:59:59.999,1014190.525886
2025-12-05,0.002332,0.002379,0.002193,0.002261,613919854.0,2025-12-05 23:59:59.999,1402424.793711
2025-12-06,0.00226,0.002412,0.002248,0.002377,750562219.0,2025-12-06 23:59:59.999,1750459.73529
2025-12-07,0.002378,0.002394,0.002201,0.002282,733009407.0,2025-12-07 23:59:59.999,1693577.548026
2025-12-08,0.00228,0.002407,0.002272,0.00237,777298658.0,2025-12-08 23:59:59.999,1830533.680385
2025-12-09,0.00237,0.002503,0.002312,0.00244,619158031.0,2025-12-09 23:59:59.999,1485174.405473
2025-12-10,0.002439,0.002551,0.002356,0.002372,747335701.0,2025-12-10 23:59:59.999,1801622.323821
2025-12-11,0.002371,0.002374,0.002251,0.002332,393765014.0,2025-12-11 23:59:59.999,908050.674371
2025-12-12,0.002333,0.002377,0.002201,0.002306,465429423.0,2025-12-12 23:59:59.999,1072361.972046
2025-12-13,0.002307,0.002361,0.002303,0.002345,226227922.0,2025-12-13 23:59:59.999,528636.440529
2025-12-14,0.002345,0.002345,0.002178,0.002201,370560703.0,2025-12-14 23:59:59.999,838172.324355
2025-12-15,0.002201,0.002261,0.002071,0.002149,480672956.0,2025-12-15 23:59:59.999,1043736.012336
2025-12-16,0.002149,0.002162,0.002094,0.002132,431619134.0,2025-12-16 23:59:59.999,919595.609506
2025-12-17,0.002131,0.002154,0.001974,0.002003,632201265.0,2025-12-17 23:59:59.999,1308912.774931
2025-12-18,0.002004,0.002058,0.001894,0.001933,919657107.0,2025-12-18 23:59:59.999,1822330.389626
2025-12-19,0.001933,0.002102,0.001899,0.002092,492525522.0,2025-12-19 23:59:59.999,990476.992874
2025-12-20,0.002094,0.002104,0.002063,0.002089,223774727.0,2025-12-20 23:59:59.999,466010.404499
2025-12-21,0.002087,0.002097,0.001899,0.002016,462867173.0,2025-12-21 23:59:59.999,932053.209343
2025-12-22,0.002017,0.002125,0.002,0.002065,535407394.0,2025-12-22 23:59:59.999,1102469.559056
2025-12-23,0.002065,0.002356,0.001977,0.002239,3977688747.0,2025-12-23 23:59:59.999,8725743.556898
2025-12-24,0.002241,0.002247,0.002037,0.002107,1561856433.0,2025-12-24 23:59:59.999,3292466.248318
2025-12-25,0.002107,0.002165,0.002006,0.002011,639789714.0,2025-12-25 23:59:59.999,1343114.708368
2025-12-26,0.002011,0.002089,0.002005,0.002078,525871124.0,2025-12-26 23:59:59.999,1079770.54404
2025-12-27,0.002079,0.002123,0.002035,0.002114,336574751.0,2025-12-27 23:59:59.999,700274.893572
2025-12-28,0.002116,0.002127,0.002049,0.002064,323613056.0,2025-12-28 23:59:59.999,674896.339559
2025-12-29,0.002064,0.002119,0.002032,0.002041,596958920.0,2025-12-29 23:59:59.999,1238861.430139
2025-12-30,0.002039,0.002066,0.002005,0.002052,565977096.0,2025-12-30 23:59:59.999,1154339.301825
2025-12-31,0.002051,0.003534,0.001994,0.002581,9650732150.0,2025-12-31 23:59:59.999,25322775.391473
2026-01-01,0.002579,0.00344,0.002442,0.002711,44053410207.0,2026-01-01 23:59:59.999,127177337.359421
2026-01-02,0.002709,0.002753,0.002575,0.002733,5641231012.0,2026-01-02 23:59:59.999,14983617.217952
2026-01-03,0.002733,0.002859,0.002602,0.002642,2176250537.0,2026-01-03 23:59:59.999,5889896.165839
2026-01-04,0.002641,0.002789,0.002617,0.002632,1856530124.0,2026-01-04 23:59:59.999,4991157.376296
2026-01-05,0.002633,0.0027,0.002572,0.00265,1324772087.0,2026-01-05 23:59:59.999,3474868.200163
2026-01-06,0.00265,0.002725,0.002494,0.002673,1590067021.0,2026-01-06 23:59:59.999,4191654.55108
2026-01-07,0.002673,0.002925,0.002513,0.002545,2127445407.0,2026-01-07 23:59:59.999,5677992.777443
2026-01-08,0.002546,0.002563,0.002402,0.002445,1134872320.0,2026-01-08 23:59:59.999,2802128.787835
2026-01-09,0.002446,0.002484,0.002392,0.00247,726653516.0,2026-01-09 23:59:59.999,1777321.267897
2026-01-10,0.00247,0.00249,0.002408,0.002442,577923994.0,2026-01-10 23:59:59.999,1421426.644867
2026-01-11,0.002442,0.002477,0.002365,0.002391,491757198.0,2026-01-11 23:59:59.999,1196695.633686
2026-01-12,0.00239,0.00245,0.002316,0.00233,710153604.0,2026-01-12 23:59:59.999,1686196.415823
2026-01-13,0.002331,0.002564,0.00233,0.002539,965667220.0,2026-01-13 23:59:59.999,2378807.840781
2026-01-14,0.002537,0.002566,0.002451,0.00249,838047196.0,2026-01-14 23:59:59.999,2104166.78192
2026-01-15,0.00249,0.002494,0.00233,0.00239,719582495.0,2026-01-15 23:59:59.999,1740875.475501
2026-01-16,0.00239,0.002521,0.002361,0.002511,587291786.0,2026-01-16 23:59:59.999,1435826.701858
2026-01-17,0.002511,0.002651,0.002478,0.002538,1462945543.0,2026-01-17 23:59:59.999,3756401.965982
2026-01-18,0.002538,0.002574,0.002358,0.002362,924847725.0,2026-01-18 23:59:59.999,2300753.723788
2026-01-19,0.002363,0.002363,0.001926,0.002229,1513029194.0,2026-01-19 23:59:59.999,3312538.387939
2026-01-20,0.00223,0.002786,0.002184,0.002431,12813608269.0,2026-01-20 23:59:59.999,32543128.595628
2026-01-21,0.002432,0.002552,0.002291,0.002368,5023841292.0,2026-01-21 23:59:59.999,12119360.848488
2026-01-22,0.002367,0.002582,0.002292,0.002347,2778354579.0,2026-01-22 23:59:59.999,6766426.488896
2026-01-23,0.002347,0.002453,0.002281,0.002332,1288444605.0,2026-01-23 23:59:59.999,3041854.736805
2026-01-24,0.002332,0.00236,0.002278,0.002312,567493414.0,2026-01-24 23:59:59.999,1316954.314489
2026-01-25,0.002313,0.002318,0.002089,0.002142,828803420.0,2026-01-25 23:59:59.999,1826622.855953
2026-01-26,0.002143,0.002256,0.002137,0.002204,748437335.0,2026-01-26 23:59:59.999,1647893.746187
2026-01-27,0.002204,0.002215,0.002134,0.002199,649258315.0,2026-01-27 23:59:59.999,1412704.039318
2026-01-28,0.0022,0.002206,0.002113,0.002122,849500307.0,2026-01-28 23:59:59.999,1830735.174175
2026-01-29,0.002124,0.00235,0.001966,0.002162,4457018728.0,2026-01-29 23:59:59.999,9793563.108555
2026-01-30,0.002163,0.00234,0.002051,0.002089,6619879526.0,2026-01-30 23:59:59.999,14472245.56195
2026-01-31,0.002088,0.00209,0.0017,0.00187,2078009557.0,2026-01-31 23:59:59.999,3966662.874651
2026-02-01,0.001871,0.002039,0.001822,0.001861,2136581496.0,2026-02-01 23:59:59.999,4106232.724198
2026-02-02,0.00186,0.001948,0.0018,0.001926,1054344309.0,2026-02-02 23:59:59.999,1983709.099808
2026-02-03,0.001927,0.001946,0.001791,0.001875,832068018.0,2026-02-03 23:59:59.999,1569326.733852
2026-02-04,0.001875,0.001937,0.001806,0.001867,764889516.0,2026-02-04 23:59:59.999,1429595.994735
2026-02-05,0.001867,0.001883,0.001567,0.001598,1820441293.0,2026-02-05 23:59:59.999,3149969.537913
2026-02-06,0.001598,0.001796,0.001441,0.001758,1496006976.0,2026-02-06 23:59:59.999,2418891.641206
2026-02-07,0.001758,0.001776,0.001695,0.001743,871480566.0,2026-02-07 23:59:59.999,1518340.648585
2026-02-08,0.001744,0.001749,0.001678,0.001696,600374416.0,2026-02-08 23:59:59.999,1028370.054292
2026-02-09,0.001696,0.001736,0.001646,0.001699,543924851.0,2026-02-09 23:59:59.999,921795.431866
2026-02-10,0.001699,0.001706,0.001648,0.001662,362417685.0,2026-02-10 23:59:59.999,606076.687088
2026-02-11,0.001662,0.00171,0.001602,0.001672,721719736.0,2026-02-11 23:59:59.999,1193245.61922
2026-02-12,0.001671,0.001728,0.001656,0.001696,609179267.0,2026-02-12 23:59:59.999,1031231.48583
2026-02-13,0.001698,0.001743,0.001663,0.001731,602025369.0,2026-02-13 23:59:59.999,1021234.719346
2026-02-14,0.001731,0.00188,0.001729,0.00182,617374808.0,2026-02-14 23:59:59.999,1107644.840198
2026-02-15,0.00182,0.002015,0.001695,0.001737,3120991418.0,2026-02-15 23:59:59.999,5754469.121215
2026-02-16,0.001736,0.0019,0.001721,0.001767,1337776473.0,2026-02-16 23:59:59.999,2379025.685682
2026-02-17,0.001767,0.001796,0.001736,0.001746,631168789.0,2026-02-17 23:59:59.999,1111691.315498
2026-02-18,0.001747,0.001774,0.001645,0.001659,560074790.0,2026-02-18 23:59:59.999,964206.991459
2026-02-19,0.001659,0.001733,0.001593,0.00166,1390177227.0,2026-02-19 23:59:59.999,2312452.156709
2026-02-20,0.001661,0.001945,0.001657,0.001695,5420059739.0,2026-02-20 23:59:59.999,9708694.53842
2026-02-21,0.001697,0.001732,0.001648,0.001653,884199284.0,2026-02-21 23:59:59.999,1500031.357221
2026-02-22,0.001652,0.001662,0.001612,0.001634,660267114.0,2026-02-22 23:59:59.999,1081528.748007
2026-02-23,0.001634,0.001635,0.001535,0.00157,950807823.0,2026-02-23 23:59:59.999,1506096.630511
2026-02-24,0.001572,0.001594,0.001518,0.001565,668089078.0,2026-02-24 23:59:59.999,1042400.917297
2026-02-25,0.001564,0.001702,0.001563,0.001653,950328458.0,2026-02-25 23:59:59.999,1548754.449778
2026-02-26,0.001652,0.001664,0.001562,0.001612,852360671.0,2026-02-26 23:59:59.999,1382015.947345
2026-02-27,0.001612,0.001795,0.001592,0.001673,4273080016.0,2026-02-27 23:59:59.999,7180566.960873
2026-02-28,0.001675,0.00171,0.001539,0.001623,2729072697.0,2026-02-28 23:59:59.999,4401002.175464
2026-03-01,0.001622,0.001792,0.001571,0.00175,6245480819.0,2026-03-01 23:59:59.999,10618655.227581
2026-03-02,0.001752,0.00186,0.001666,0.001731,7691119375.0,2026-03-02 23:59:59.999,13359218.702615
2026-03-03,0.00173,0.001769,0.001649,0.001666,1910437417.0,2026-03-03 23:59:59.999,3245074.652788
2026-03-04,0.001666,0.001736,0.001651,0.001688,942059612.0,2026-03-04 23:59:59.999,1595729.653644
2026-03-05,0.001689,0.001723,0.001659,0.001688,709177194.0,2026-03-05 23:59:59.999,1199514.858928
2026-03-06,0.001687,0.001711,0.001619,0.001651,566475962.0,2026-03-06 23:59:59.999,944708.699047
2026-03-07,0.001651,0.00166,0.001599,0.001606,383808301.0,2026-03-07 23:59:59.999,623613.674151
2026-03-08,0.001606,0.001768,0.001574,0.001614,1623120687.0,2026-03-08 23:59:59.999,2694416.063897
2026-03-09,0.001614,0.001698,0.001603,0.001664,713656515.0,2026-03-09 23:59:59.999,1187741.299905
2026-03-10,0.001664,0.00184,0.001661,0.001724,1661321443.0,2026-03-10 23:59:59.999,2878454.033945
2026-03-11,0.001724,0.001834,0.001697,0.001712,1724400428.0,2026-03-11 23:59:59.999,3022771.89911
2026-03-12,0.001712,0.001719,0.00166,0.001693,546798660.0,2026-03-12 23:59:59.999,921834.32146
2026-03-13,0.001694,0.001999,0.001691,0.001789,6983157595.0,2026-03-13 23:59:59.999,13168301.958139
2026-03-14,0.001789,0.001845,0.001699,0.001724,3406825963.0,2026-03-14 23:59:59.999,6041483.61317
2026-03-15,0.001725,0.001774,0.001718,0.001754,764961128.0,2026-03-15 23:59:59.999,1335096.862604
2026-03-16,0.001753,0.001848,0.001732,0.001822,1057009452.0,2026-03-16 23:59:59.999,1884377.846403
2026-03-17,0.001821,0.001922,0.00177,0.00181,1694990109.0,2026-03-17 23:59:59.999,3116782.659809
2026-03-18,0.00181,0.001842,0.001729,0.001779,1171594132.0,2026-03-18 23:59:59.999,2094261.885996
2026-03-19,0.001778,0.001805,0.001735,0.001745,795225687.0,2026-03-19 23:59:59.999,1405742.907619
2026-03-20,0.001745,0.001862,0.001741,0.001779,1665567975.0,2026-03-20 23:59:59.999,3003550.105754
2026-03-21,0.001779,0.00183,0.001714,0.001729,531119818.0,2026-03-21 23:59:59.999,944955.87555
2026-03-22,0.001729,0.001737,0.001648,0.001667,650009123.0,2026-03-22 23:59:59.999,1106643.362082
2026-03-23,0.001667,0.001735,0.001607,0.001708,823041275.0,2026-03-23 23:59:59.999,1388824.608403
2026-03-24,0.001709,0.001743,0.001676,0.001718,357969777.0,2026-03-24 23:59:59.999,612075.83474
2026-03-25,0.001718,0.00173,0.001697,0.001721,355715144.0,2026-03-25 23:59:59.999,610370.563097
2026-03-26,0.001721,0.001729,0.001652,0.001696,468307441.0,2026-03-26 23:59:59.999,789379.061177
2026-03-27,0.001696,0.001723,0.001622,0.001624,688859484.0,2026-03-27 23:59:59.999,1154175.079586
2026-03-28,0.001624,0.001663,0.001591,0.001631,670722758.0,2026-03-28 23:59:59.999,1088467.514464
2026-03-29,0.00163,0.001638,0.001533,0.001577,392044957.0,2026-03-29 23:59:59.999,628034.602958
2026-03-30,0.001577,0.001682,0.001573,0.001585,706325619.0,2026-03-30 23:59:59.999,1150763.878181
2026-03-31,0.001585,0.001614,0.001564,0.001602,430889817.0,2026-03-31 23:59:59.999,684790.634997
2026-04-01,0.0016,0.001695,0.001576,0.001653,958966285.0,2026-04-01 23:59:59.999,1575874.730676
2026-04-02,0.001654,0.001657,0.001568,0.001596,567497527.0,2026-04-02 23:59:59.999,908632.123376
2026-04-03,0.001596,0.001646,0.001588,0.001608,639918559.0,2026-04-03 23:59:59.999,1039493.229287
2026-04-04,0.001607,0.001659,0.001578,0.001649,606289702.0,2026-04-04 23:59:59.999,979416.834158
2026-04-05,0.001648,0.001658,0.001572,0.001609,573665702.0,2026-04-05 23:59:59.999,923828.724767
2026-04-06,0.001609,0.001662,0.001585,0.001597,550638294.0,2026-04-06 23:59:59.999,895068.568136
2026-04-07,0.001597,0.001651,0.001556,0.001648,634155733.0,2026-04-07 23:59:59.999,1009631.36689
2026-04-08,0.001647,0.001834,0.001621,0.001658,4091998317.0,2026-04-08 23:59:59.999,7014598.373846
2026-04-09,0.001659,0.001698,0.001606,0.001632,1510969766.0,2026-04-09 23:59:59.999,2488185.660363
2026-04-10,0.001632,0.001656,0.001619,0.001631,576242766.0,2026-04-10 23:59:59.999,942007.561725
2026-04-11,0.001632,0.001654,0.001596,0.001638,545799537.0,2026-04-11 23:59:59.999,884449.198851
2026-04-12,0.001638,0.001698,0.001565,0.00158,1258260039.0,2026-04-12 23:59:59.999,2052617.048421
2026-04-13,0.001579,0.001682,0.001577,0.001674,759899130.0,2026-04-13 23:59:59.999,1237553.594186
2026-04-14,0.001675,0.001687,0.001622,0.001648,636335635.0,2026-04-14 23:59:59.999,1051600.185341
2026-04-15,0.00165,0.001682,0.001622,0.001663,562161934.0,2026-04-15 23:59:59.999,929055.095297
2026-04-16,0.001662,0.001787,0.001657,0.00176,1102445634.0,2026-04-16 23:59:59.999,1899260.031278
2026-04-17,0.00176,0.002172,0.001745,0.001861,4491321124.0,2026-04-17 23:59:59.999,8571230.167211
2026-04-18,0.001862,0.002215,0.001812,0.001827,8292846573.0,2026-04-18 23:59:59.999,16343629.940474
2026-04-19,0.001828,0.00188,0.001718,0.001734,2366028143.0,2026-04-19 23:59:59.999,4252110.56988
2026-04-20,0.001735,0.00184,0.001731,0.001802,1350480206.0,2026-04-20 23:59:59.999,2428970.917179
2026-04-21,0.001803,0.001838,0.00176,0.001807,1185287430.0,2026-04-21 23:59:59.999,2135704.75609
2026-04-22,0.001807,0.001838,0.001749,0.001757,748798555.0,2026-04-22 23:59:59.999,1348930.483126
2026-04-23,0.001758,0.001816,0.001727,0.001812,781422241.0,2026-04-23 23:59:59.999,1381650.09484
2026-04-24,0.001812,0.001928,0.001794,0.001878,1293410751.0,2026-04-24 23:59:59.999,2413967.070184
2026-04-25,0.001876,0.002048,0.001872,0.001895,2373462413.0,2026-04-25 23:59:59.999,4658717.19738
2026-04-26,0.001895,0.001906,0.001843,0.001871,729863558.0,2026-04-26 23:59:59.999,1372568.386152
2026-04-27,0.00187,0.001888,0.001805,0.001835,676587132.0,2026-04-27 23:59:59.999,1243175.38024
2026-04-28,0.001834,0.001877,0.001818,0.001857,476761059.0,2026-04-28 23:59:59.999,879613.742036
2026-04-29,0.001856,0.001911,0.00177,0.001835,923673765.0,2026-04-29 23:59:59.999,1710598.337977
2026-04-30,0.001835,0.001862,0.001805,0.001809,477682589.0,2026-04-30 23:59:59.999,873836.757763
2026-05-01,0.001809,0.001859,0.001805,0.001828,537483667.0,2026-05-01 23:59:59.999,985888.106726
2026-05-02,0.001829,0.001871,0.00182,0.001861,378666403.0,2026-05-02 23:59:59.999,698505.345435
2026-05-03,0.001861,0.001865,0.001824,0.001832,335942124.0,2026-05-03 23:59:59.999,619849.251925
2026-05-04,0.001833,0.001884,0.001821,0.001839,658027476.0,2026-05-04 23:59:59.999,1223772.502707
2026-05-05,0.001839,0.001905,0.001838,0.001884,511149891.0,2026-05-05 23:59:59.999,955984.82937
2026-05-06,0.001883,0.001959,0.001882,0.001925,598315251.0,2026-05-06 23:59:59.999,1150408.854673
2026-05-07,0.001924,0.002038,0.001891,0.001989,1044444525.0,2026-05-07 23:59:59.999,2057888.588901
2026-05-08,0.00199,0.002039,0.00194,0.002034,658895044.0,2026-05-08 23:59:59.999,1305914.509564
2026-05-09,0.002035,0.002102,0.001982,0.001986,811512636.0,2026-05-09 23:59:59.999,1658936.825564
2026-05-10,0.001986,0.002135,0.001958,0.002057,1380521786.0,2026-05-10 23:59:59.999,2841477.998461
2026-05-11,0.002059,0.002089,0.001995,0.002079,618317762.0,2026-05-11 23:59:59.999,1259412.715649
2026-05-12,0.002078,0.002086,0.001971,0.002011,748313390.0,2026-05-12 23:59:59.999,1516966.110111
2026-05-13,0.002011,0.002068,0.001915,0.001979,949209809.0,2026-05-13 23:59:59.999,1886246.284625
2026-05-14,0.001979,0.002106,0.001977,0.002045,1905460969.0,2026-05-14 23:59:59.999,3908010.986381
2026-05-15,0.002046,0.002126,0.001875,0.001943,1177664322.0,2026-05-15 23:59:59.999,2369770.806085
2026-05-16,0.001944,0.001955,0.001829,0.001835,593403628.0,2026-05-16 23:59:59.999,1110540.191181
2026-05-17,0.001834,0.001864,0.001719,0.001776,503069873.0,2026-05-17 23:59:59.999,912165.350315
2026-05-18,0.001776,0.001803,0.00173,0.001782,719666638.0,2026-05-18 23:59:59.999,1271430.023381
2026-05-19,0.001782,0.001793,0.001733,0.001765,567732998.0,2026-05-19 23:59:59.999,1002617.859692
2026-05-20,0.001765,0.001794,0.001754,0.001775,408549215.0,2026-05-20 23:59:59.999,725313.920097
2026-05-21,0.001775,0.001795,0.001757,0.001787,421045398.0,2026-05-21 23:59:59.999,749108.838883
2026-05-22,0.001787,0.001814,0.001502,0.001529,3510624340.0,2026-05-22 23:59:59.999,5704807.795465
2026-05-23,0.001529,0.001565,0.001456,0.001509,1606633187.0,2026-05-23 23:59:59.999,2424006.136158
2026-05-24,0.001509,0.00152,0.001393,0.001436,1134003846.0,2026-05-24 23:59:59.999,1654319.278339
2026-05-25,0.001436,0.001478,0.001414,0.001425,800372398.0,2026-05-25 23:59:59.999,1159782.331971
2026-05-26,0.001425,0.001426,0.001354,0.001366,704233181.0,2026-05-26 23:59:59.999,980774.059489
2026-05-27,0.001366,0.001436,0.001333,0.001381,1278259521.0,2026-05-27 23:59:59.999,1768416.73283
2026-05-28,0.001381,0.001407,0.001297,0.00137,1167527809.0,2026-05-28 23:59:59.999,1575150.154521
