open_time,open,high,low,close,volume,close_time,quote_asset_volume
2020-01-15,0.01684,0.01847,0.0167,0.01734,1092793843.0,2020-01-15 23:59:59.999,19117565.26309
2020-01-16,0.01731,0.01749,0.0159,0.01731,1600347964.0,2020-01-16 23:59:59.999,26734440.59571
2020-01-17,0.01731,0.0182,0.0169,0.01761,1394759133.0,2020-01-17 23:59:59.999,24537228.06806
2020-01-18,0.01761,0.01828,0.01722,0.0177,937007952.0,2020-01-18 23:59:59.999,16582365.71304
2020-01-19,0.0177,0.01819,0.016,0.01666,910254398.0,2020-01-19 23:59:59.999,15408903.74286
2020-01-20,0.01665,0.01678,0.01609,0.01663,772316732.0,2020-01-20 23:59:59.999,12760210.41297
2020-01-21,0.01661,0.01737,0.01652,0.01733,522161411.0,2020-01-21 23:59:59.999,8889225.2842
2020-01-22,0.01733,0.01757,0.01705,0.01742,481534025.0,2020-01-22 23:59:59.999,8328510.25772
2020-01-23,0.01742,0.01745,0.01584,0.0163,624572984.0,2020-01-23 23:59:59.999,10317508.95118
2020-01-24,0.0163,0.0166,0.0156,0.01638,523753385.0,2020-01-24 23:59:59.999,8476512.99664
2020-01-25,0.01638,0.0164,0.01592,0.01612,200265727.0,2020-01-25 23:59:59.999,3231759.08043
2020-01-26,0.01612,0.01687,0.01601,0.01683,313908688.0,2020-01-26 23:59:59.999,5193180.15053
2020-01-27,0.01683,0.0173,0.01673,0.01711,375916161.0,2020-01-27 23:59:59.999,6412594.37609
2020-01-28,0.01711,0.019,0.01711,0.01862,1224036579.0,2020-01-28 23:59:59.999,22263944.15466
2020-01-29,0.01862,0.01982,0.01847,0.01866,1190560214.0,2020-01-29 23:59:59.999,22657733.35494
2020-01-30,0.01866,0.01985,0.01781,0.01953,940192541.0,2020-01-30 23:59:59.999,17728371.86124
2020-01-31,0.01954,0.01984,0.01816,0.0187,1388644213.0,2020-01-31 23:59:59.999,26158231.22199
2020-02-01,0.0187,0.01915,0.0184,0.0191,639379013.0,2020-02-01 23:59:59.999,12027046.48797
2020-02-02,0.0191,0.01998,0.01856,0.0191,1093410839.0,2020-02-02 23:59:59.999,21172849.39379
2020-02-03,0.01911,0.01974,0.01886,0.01921,863670331.0,2020-02-03 23:59:59.999,16588843.71989
2020-02-04,0.01923,0.01954,0.01845,0.01929,593041823.0,2020-02-04 23:59:59.999,11306563.49435
2020-02-05,0.01929,0.02085,0.01925,0.02078,1373450824.0,2020-02-05 23:59:59.999,27564641.83515
2020-02-06,0.02078,0.02354,0.01973,0.02273,3434882952.0,2020-02-06 23:59:59.999,75956780.34741
2020-02-07,0.02275,0.02385,0.02116,0.02209,2708122433.0,2020-02-07 23:59:59.999,61194894.38339
2020-02-08,0.02208,0.0225,0.02016,0.02185,1786654820.0,2020-02-08 23:59:59.999,38843612.50588
2020-02-09,0.02184,0.02277,0.02135,0.02211,1298173744.0,2020-02-09 23:59:59.999,28726347.38176
2020-02-10,0.02211,0.0225,0.02088,0.02216,1615345731.0,2020-02-10 23:59:59.999,35135321.55095
2020-02-11,0.02217,0.02315,0.02148,0.02278,1587590799.0,2020-02-11 23:59:59.999,35405037.66417
2020-02-12,0.02279,0.02435,0.02279,0.02399,2215720257.0,2020-02-12 23:59:59.999,52568386.6097
2020-02-13,0.02399,0.02598,0.02233,0.02397,3445011003.0,2020-02-13 23:59:59.999,83775362.88753
2020-02-14,0.02396,0.02694,0.02372,0.02642,2978364942.0,2020-02-14 23:59:59.999,76435782.11921
2020-02-15,0.02642,0.02665,0.02258,0.02366,2573076408.0,2020-02-15 23:59:59.999,64355270.26687
2020-02-16,0.02366,0.02477,0.02008,0.02227,3046157891.0,2020-02-16 23:59:59.999,68721187.68647
2020-02-17,0.02225,0.02255,0.02006,0.02181,2121016983.0,2020-02-17 23:59:59.999,44795308.89568
2020-02-18,0.02182,0.02301,0.02044,0.02265,1898593032.0,2020-02-18 23:59:59.999,41385801.95114
2020-02-19,0.02266,0.02296,0.0194,0.02019,1627784577.0,2020-02-19 23:59:59.999,35427043.76202
2020-02-20,0.02018,0.02058,0.01879,0.01982,1613962054.0,2020-02-20 23:59:59.999,31981590.62255
2020-02-21,0.01983,0.0206,0.01963,0.02017,1364958223.0,2020-02-21 23:59:59.999,27461636.5623
2020-02-22,0.02017,0.02031,0.01966,0.02003,976261044.0,2020-02-22 23:59:59.999,19526839.69276
2020-02-23,0.02004,0.02145,0.02002,0.02138,892187336.0,2020-02-23 23:59:59.999,18530253.49959
2020-02-24,0.02138,0.0214,0.01913,0.01992,1213319451.0,2020-02-24 23:59:59.999,24596705.36594
2020-02-25,0.01989,0.01999,0.0187,0.01894,1240258045.0,2020-02-25 23:59:59.999,23991902.02471
2020-02-26,0.01895,0.01922,0.01556,0.01636,2378566726.0,2020-02-26 23:59:59.999,40306497.95447
2020-02-27,0.01635,0.01758,0.01582,0.01701,1443789979.0,2020-02-27 23:59:59.999,24440679.45931
2020-02-28,0.01701,0.01742,0.0161,0.01713,1336700976.0,2020-02-28 23:59:59.999,22395217.62804
2020-02-29,0.01711,0.01744,0.01641,0.01648,1056280601.0,2020-02-29 23:59:59.999,17888919.42973
2020-03-01,0.01647,0.01713,0.01612,0.01644,1007721432.0,2020-03-01 23:59:59.999,16773605.04255
2020-03-02,0.01645,0.01787,0.01639,0.0176,1065371308.0,2020-03-02 23:59:59.999,18244318.71464
2020-03-03,0.0176,0.0176,0.01689,0.01724,1061135082.0,2020-03-03 23:59:59.999,18326265.55378
2020-03-04,0.01722,0.01784,0.017,0.01775,1026258007.0,2020-03-04 23:59:59.999,17825186.35788
2020-03-05,0.01776,0.01836,0.01775,0.01792,1182662320.0,2020-03-05 23:59:59.999,21395293.44001
2020-03-06,0.01792,0.01838,0.01787,0.01835,885591217.0,2020-03-06 23:59:59.999,16071884.81021
2020-03-07,0.01836,0.0184,0.01631,0.01702,911824731.0,2020-03-07 23:59:59.999,16002442.78016
2020-03-08,0.01702,0.01702,0.01444,0.01466,1228394210.0,2020-03-08 23:59:59.999,19644048.35137
2020-03-09,0.01467,0.01534,0.01401,0.01503,1609472036.0,2020-03-09 23:59:59.999,23585569.55889
2020-03-10,0.01505,0.01539,0.01461,0.01509,947942366.0,2020-03-10 23:59:59.999,14244635.90454
2020-03-11,0.0151,0.01529,0.0141,0.0149,898101758.0,2020-03-11 23:59:59.999,13286590.81177
2020-03-12,0.01491,0.01496,0.00798,0.00837,2177285867.0,2020-03-12 23:59:59.999,24695181.1249
2020-03-13,0.00838,0.01093,0.00648,0.01027,2526336608.0,2020-03-13 23:59:59.999,23785408.53683
2020-03-14,0.01026,0.01056,0.00953,0.00971,1193270812.0,2020-03-14 23:59:59.999,12029988.23043
2020-03-15,0.00973,0.0111,0.00958,0.01025,1224160771.0,2020-03-15 23:59:59.999,12378583.6001
2020-03-16,0.01025,0.01034,0.00846,0.00958,1613594766.0,2020-03-16 23:59:59.999,15006795.50325
2020-03-17,0.00958,0.01036,0.00945,0.01001,657847594.0,2020-03-17 23:59:59.999,6607157.74496
2020-03-18,0.01002,0.01027,0.00961,0.01023,611654592.0,2020-03-18 23:59:59.999,6087811.73556
2020-03-19,0.01022,0.0122,0.01006,0.01164,940821241.0,2020-03-19 23:59:59.999,10316230.48923
2020-03-20,0.01163,0.01279,0.01018,0.01126,921339002.0,2020-03-20 23:59:59.999,10753327.03291
2020-03-21,0.01127,0.01162,0.01066,0.01124,682811862.0,2020-03-21 23:59:59.999,7613787.75717
2020-03-22,0.01122,0.01164,0.01014,0.01029,526820726.0,2020-03-22 23:59:59.999,5747859.44159
2020-03-23,0.01029,0.01154,0.01004,0.01135,653750203.0,2020-03-23 23:59:59.999,7113791.2443
2020-03-24,0.01137,0.01172,0.01111,0.01151,648284557.0,2020-03-24 23:59:59.999,7384916.48364
2020-03-25,0.01151,0.0118,0.011,0.01137,590119771.0,2020-03-25 23:59:59.999,6702426.90449
2020-03-26,0.01137,0.01204,0.01124,0.01195,666723540.0,2020-03-26 23:59:59.999,7669533.05436
2020-03-27,0.01196,0.01212,0.01082,0.01118,458532722.0,2020-03-27 23:59:59.999,5349686.9771
2020-03-28,0.01119,0.01151,0.01071,0.0114,445675333.0,2020-03-28 23:59:59.999,4943194.25667
2020-03-29,0.01139,0.01146,0.01064,0.01066,352097059.0,2020-03-29 23:59:59.999,3870883.47679
2020-03-30,0.01066,0.01185,0.01062,0.01146,378439525.0,2020-03-30 23:59:59.999,4294861.54329
2020-03-31,0.01144,0.01176,0.01135,0.0116,296246117.0,2020-03-31 23:59:59.999,3411202.28525
2020-04-01,0.01159,0.01165,0.01112,0.01156,282339002.0,2020-04-01 23:59:59.999,3217180.76166
2020-04-02,0.01156,0.01263,0.01149,0.01196,337116070.0,2020-04-02 23:59:59.999,4030654.32992
2020-04-03,0.01196,0.0122,0.01173,0.01194,231865134.0,2020-04-03 23:59:59.999,2768083.68903
2020-04-04,0.01195,0.01224,0.01172,0.01199,302810918.0,2020-04-04 23:59:59.999,3613059.64274
2020-04-05,0.01199,0.01281,0.01184,0.01257,1014171982.0,2020-04-05 23:59:59.999,12615331.45366
2020-04-06,0.01257,0.01384,0.01257,0.01375,1137026079.0,2020-04-06 23:59:59.999,14944663.25074
2020-04-07,0.01375,0.01409,0.01309,0.01329,867790501.0,2020-04-07 23:59:59.999,11848429.88585
2020-04-08,0.0133,0.01382,0.0132,0.01377,424434224.0,2020-04-08 23:59:59.999,5761671.38055
2020-04-09,0.01375,0.01387,0.01317,0.01343,417482385.0,2020-04-09 23:59:59.999,5644314.81345
2020-04-10,0.01343,0.01351,0.012,0.01245,709130627.0,2020-04-10 23:59:59.999,8899120.50502
2020-04-11,0.01247,0.0128,0.01226,0.01249,506549787.0,2020-04-11 23:59:59.999,6369952.29581
2020-04-12,0.01249,0.01325,0.0123,0.01268,510894610.0,2020-04-12 23:59:59.999,6534307.35097
2020-04-13,0.01268,0.0127,0.01199,0.01255,537587331.0,2020-04-13 23:59:59.999,6633928.73408
2020-04-14,0.01256,0.01279,0.01237,0.01244,311524816.0,2020-04-14 23:59:59.999,3919142.9208
2020-04-15,0.01246,0.01259,0.01212,0.01217,350794683.0,2020-04-15 23:59:59.999,4349823.23011
2020-04-16,0.01219,0.01327,0.0118,0.01303,768620752.0,2020-04-16 23:59:59.999,9748085.84289
2020-04-17,0.01303,0.01311,0.01269,0.01287,344680467.0,2020-04-17 23:59:59.999,4439027.38224
2020-04-18,0.01287,0.01358,0.01283,0.01337,476149853.0,2020-04-18 23:59:59.999,6289795.85622
2020-04-19,0.01338,0.01342,0.01275,0.0129,493075720.0,2020-04-19 23:59:59.999,6458045.18354
2020-04-20,0.01289,0.01319,0.01222,0.01238,749547817.0,2020-04-20 23:59:59.999,9549983.01665
2020-04-21,0.01239,0.01276,0.01228,0.01249,438559653.0,2020-04-21 23:59:59.999,5491225.54571
2020-04-22,0.01248,0.01314,0.01242,0.01298,367396516.0,2020-04-22 23:59:59.999,4705584.76143
2020-04-23,0.01299,0.01391,0.01277,0.01362,739931901.0,2020-04-23 23:59:59.999,9919517.00516
2020-04-24,0.01362,0.01435,0.01359,0.01393,807919484.0,2020-04-24 23:59:59.999,11364814.3796
2020-04-25,0.01393,0.01429,0.01342,0.01396,835603982.0,2020-04-25 23:59:59.999,11648000.20301
2020-04-26,0.01397,0.0143,0.01381,0.01425,503401802.0,2020-04-26 23:59:59.999,7085449.1268
2020-04-27,0.01427,0.01465,0.01414,0.01453,852465003.0,2020-04-27 23:59:59.999,12272017.24036
2020-04-28,0.01452,0.01536,0.01432,0.01527,934602219.0,2020-04-28 23:59:59.999,13977639.47566
2020-04-29,0.01527,0.01655,0.01508,0.01625,1483047957.0,2020-04-29 23:59:59.999,23397414.68511
2020-04-30,0.01626,0.01674,0.01491,0.01519,1211983379.0,2020-04-30 23:59:59.999,19032230.04094
2020-05-01,0.01519,0.0164,0.01518,0.01582,1095400846.0,2020-05-01 23:59:59.999,17435918.15174
2020-05-02,0.01582,0.01642,0.0157,0.01635,521378522.0,2020-05-02 23:59:59.999,8387220.46437
2020-05-03,0.01637,0.01663,0.01548,0.01599,711052575.0,2020-05-03 23:59:59.999,11433956.22327
2020-05-04,0.016,0.0164,0.01509,0.01621,1403235945.0,2020-05-04 23:59:59.999,22346976.51005
2020-05-05,0.01623,0.01664,0.01565,0.01591,1921408232.0,2020-05-05 23:59:59.999,30977137.76946
2020-05-06,0.0159,0.01628,0.01548,0.01556,697093861.0,2020-05-06 23:59:59.999,11143047.99869
2020-05-07,0.01555,0.01625,0.01536,0.01605,1122926432.0,2020-05-07 23:59:59.999,17963119.66992
2020-05-08,0.01604,0.01656,0.01591,0.01631,935433528.0,2020-05-08 23:59:59.999,15210775.196
2020-05-09,0.01631,0.01664,0.01603,0.0161,1020215523.0,2020-05-09 23:59:59.999,16699576.06634
2020-05-10,0.0161,0.01612,0.01257,0.01425,1454436665.0,2020-05-10 23:59:59.999,20724853.25464
2020-05-11,0.01425,0.0145,0.01319,0.01399,1018289028.0,2020-05-11 23:59:59.999,14223290.01593
2020-05-12,0.01397,0.01503,0.01393,0.01458,880384522.0,2020-05-12 23:59:59.999,12801974.96319
2020-05-13,0.01457,0.01539,0.01449,0.01499,739833731.0,2020-05-13 23:59:59.999,11032373.33961
2020-05-14,0.01499,0.0154,0.01475,0.01529,668367689.0,2020-05-14 23:59:59.999,10118955.0039
2020-05-15,0.01527,0.01538,0.01449,0.0149,683472400.0,2020-05-15 23:59:59.999,10247871.08
2020-05-16,0.0149,0.01515,0.01479,0.01498,409986575.0,2020-05-16 23:59:59.999,6148845.7253
2020-05-17,0.01498,0.0152,0.01493,0.015,394255405.0,2020-05-17 23:59:59.999,5932235.42544
2020-05-18,0.01501,0.0156,0.01497,0.01539,558222640.0,2020-05-18 23:59:59.999,8549631.79592
2020-05-19,0.01538,0.0156,0.01508,0.01553,561665052.0,2020-05-19 23:59:59.999,8619906.76714
2020-05-20,0.01552,0.01553,0.01457,0.015,780234938.0,2020-05-20 23:59:59.999,11805973.01727
2020-05-21,0.01501,0.01511,0.01382,0.01421,643722282.0,2020-05-21 23:59:59.999,9334240.3646
2020-05-22,0.01422,0.01511,0.01407,0.01485,547412935.0,2020-05-22 23:59:59.999,8047674.86009
2020-05-23,0.01486,0.01578,0.01485,0.01499,1134679525.0,2020-05-23 23:59:59.999,17303426.12985
2020-05-24,0.01498,0.01531,0.01418,0.0142,785267828.0,2020-05-24 23:59:59.999,11683212.46675
2020-05-25,0.01419,0.01477,0.01403,0.01472,644053086.0,2020-05-25 23:59:59.999,9327122.1728
2020-05-26,0.01473,0.01478,0.01423,0.01457,387617089.0,2020-05-26 23:59:59.999,5628472.39301
2020-05-27,0.01457,0.01499,0.01447,0.0147,442114289.0,2020-05-27 23:59:59.999,6497435.12191
2020-05-28,0.01471,0.01518,0.01454,0.01514,335305365.0,2020-05-28 23:59:59.999,4975023.25693
2020-05-29,0.01514,0.01538,0.01489,0.01501,337140695.0,2020-05-29 23:59:59.999,5095202.64663
2020-05-30,0.01501,0.01647,0.01492,0.01638,1243169906.0,2020-05-30 23:59:59.999,19670749.64649
2020-05-31,0.01639,0.01725,0.01536,0.01584,2020953361.0,2020-05-31 23:59:59.999,33425977.94974
2020-06-01,0.01583,0.0171,0.01576,0.01709,1195934339.0,2020-06-01 23:59:59.999,19664196.78328
2020-06-02,0.0171,0.01761,0.01523,0.01638,1260228852.0,2020-06-02 23:59:59.999,20959502.96655
2020-06-03,0.01638,0.017,0.01597,0.01694,905558830.0,2020-06-03 23:59:59.999,15014388.70066
2020-06-04,0.01693,0.01737,0.01619,0.01687,1218999045.0,2020-06-04 23:59:59.999,20539897.1684
2020-06-05,0.01687,0.01732,0.01669,0.01686,738639534.0,2020-06-05 23:59:59.999,12569009.27975
2020-06-06,0.01687,0.01718,0.01648,0.01705,653821297.0,2020-06-06 23:59:59.999,11024638.06488
2020-06-07,0.01704,0.01823,0.01682,0.01819,2706196044.0,2020-06-07 23:59:59.999,47584701.69921
2020-06-08,0.0182,0.01868,0.01776,0.01795,1930679586.0,2020-06-08 23:59:59.999,35057596.86754
2020-06-09,0.01797,0.01809,0.01737,0.01756,1244171382.0,2020-06-09 23:59:59.999,21952571.41381
2020-06-10,0.01756,0.01771,0.01709,0.01762,901494450.0,2020-06-10 23:59:59.999,15776969.23057
2020-06-11,0.01761,0.01777,0.01499,0.01574,1240542447.0,2020-06-11 23:59:59.999,20424982.73934
2020-06-12,0.01574,0.01672,0.01561,0.01644,688044151.0,2020-06-12 23:59:59.999,11213386.46634
2020-06-13,0.01645,0.01675,0.01611,0.0167,442880921.0,2020-06-13 23:59:59.999,7304738.91494
2020-06-14,0.01669,0.01671,0.016,0.01617,396908958.0,2020-06-14 23:59:59.999,6478400.6935
2020-06-15,0.01617,0.01622,0.01498,0.01609,1024515873.0,2020-06-15 23:59:59.999,15962518.27673
2020-06-16,0.01609,0.01628,0.01596,0.01614,414906611.0,2020-06-16 23:59:59.999,6686345.84302
2020-06-17,0.01613,0.0165,0.01581,0.0162,617288266.0,2020-06-17 23:59:59.999,9997736.95328
2020-06-18,0.0162,0.01624,0.01581,0.01601,304510967.0,2020-06-18 23:59:59.999,4890988.44851
2020-06-19,0.016,0.01616,0.01567,0.01586,480706190.0,2020-06-19 23:59:59.999,7660260.38108
2020-06-20,0.01586,0.01609,0.01561,0.01597,370335106.0,2020-06-20 23:59:59.999,5871299.74334
2020-06-21,0.01597,0.01604,0.01577,0.01583,322440146.0,2020-06-21 23:59:59.999,5134745.02612
2020-06-22,0.01583,0.01647,0.01581,0.01639,651127078.0,2020-06-22 23:59:59.999,10574667.8458
2020-06-23,0.01638,0.01679,0.01623,0.01653,753866113.0,2020-06-23 23:59:59.999,12465243.0141
2020-06-24,0.01654,0.01683,0.01563,0.01595,1201476685.0,2020-06-24 23:59:59.999,19514142.73398
2020-06-25,0.01594,0.0161,0.01538,0.0159,416655445.0,2020-06-25 23:59:59.999,6601245.70113
2020-06-26,0.0159,0.01604,0.01565,0.01585,334044951.0,2020-06-26 23:59:59.999,5292018.12274
2020-06-27,0.01584,0.01601,0.01476,0.01543,536103563.0,2020-06-27 23:59:59.999,8328444.74404
2020-06-28,0.01543,0.01596,0.01528,0.01576,344516123.0,2020-06-28 23:59:59.999,5375779.19059
2020-06-29,0.01578,0.01638,0.01573,0.01619,598920005.0,2020-06-29 23:59:59.999,9616318.76576
2020-06-30,0.01619,0.0166,0.01617,0.01637,517048067.0,2020-06-30 23:59:59.999,8486594.57576
2020-07-01,0.01637,0.01702,0.01616,0.01687,713090485.0,2020-07-01 23:59:59.999,11837963.61513
2020-07-02,0.01687,0.01726,0.0161,0.01658,1373682467.0,2020-07-02 23:59:59.999,23019138.07183
2020-07-03,0.01658,0.01689,0.01648,0.01661,556317670.0,2020-07-03 23:59:59.999,9291834.27208
2020-07-04,0.01661,0.01693,0.01655,0.01682,543644808.0,2020-07-04 23:59:59.999,9099785.05816
2020-07-05,0.01683,0.01702,0.01629,0.01688,677053332.0,2020-07-05 23:59:59.999,11235011.47506
2020-07-06,0.01688,0.0182,0.01688,0.01802,2213214918.0,2020-07-06 23:59:59.999,39158531.10043
2020-07-07,0.01802,0.01814,0.01709,0.01724,1255923170.0,2020-07-07 23:59:59.999,22039844.44362
2020-07-08,0.01724,0.01818,0.01682,0.01793,2022019125.0,2020-07-08 23:59:59.999,35631351.30705
2020-07-09,0.01792,0.01922,0.01753,0.01856,2926128099.0,2020-07-09 23:59:59.999,53862085.8966
2020-07-10,0.01856,0.01874,0.01779,0.01813,1772174198.0,2020-07-10 23:59:59.999,32248754.41861
2020-07-11,0.01814,0.0189,0.01812,0.01839,1129899927.0,2020-07-11 23:59:59.999,20858687.08286
2020-07-12,0.01839,0.01856,0.01786,0.01817,933106773.0,2020-07-12 23:59:59.999,16982723.31484
2020-07-13,0.01818,0.01846,0.01694,0.01756,1328720686.0,2020-07-13 23:59:59.999,23858964.10259
2020-07-14,0.01757,0.01779,0.01706,0.01768,1020409379.0,2020-07-14 23:59:59.999,17838117.55566
2020-07-15,0.01767,0.0178,0.01746,0.01759,804907832.0,2020-07-15 23:59:59.999,14194947.93292
2020-07-16,0.01759,0.01764,0.01659,0.01718,969617505.0,2020-07-16 23:59:59.999,16553922.12499
2020-07-17,0.01718,0.01738,0.01704,0.01718,347736577.0,2020-07-17 23:59:59.999,5984159.81735
2020-07-18,0.01719,0.01745,0.01701,0.01743,380099642.0,2020-07-18 23:59:59.999,6554693.83347
2020-07-19,0.01743,0.01761,0.01717,0.01756,654335293.0,2020-07-19 23:59:59.999,11399373.13975
2020-07-20,0.01756,0.01759,0.01691,0.01718,562753370.0,2020-07-20 23:59:59.999,9734936.81813
2020-07-21,0.01718,0.01774,0.01714,0.01765,860283793.0,2020-07-21 23:59:59.999,15086303.4137
2020-07-22,0.01765,0.01802,0.01733,0.01796,605040963.0,2020-07-22 23:59:59.999,10643705.35791
2020-07-23,0.01797,0.01811,0.01775,0.01792,462151738.0,2020-07-23 23:59:59.999,8272532.85345
2020-07-24,0.01793,0.01831,0.01746,0.01797,713511497.0,2020-07-24 23:59:59.999,12818207.71103
2020-07-25,0.01796,0.01884,0.01793,0.01881,1421579639.0,2020-07-25 23:59:59.999,26189636.00009
2020-07-26,0.01882,0.01944,0.01816,0.01854,1806815053.0,2020-07-26 23:59:59.999,34052068.46126
2020-07-27,0.01855,0.01921,0.01754,0.01874,2158581978.0,2020-07-27 23:59:59.999,40089453.16865
2020-07-28,0.01875,0.01954,0.01818,0.01915,1903768040.0,2020-07-28 23:59:59.999,36029430.11871
2020-07-29,0.01914,0.02005,0.01895,0.01919,2096043879.0,2020-07-29 23:59:59.999,40956376.93922
2020-07-30,0.01919,0.01945,0.01867,0.01918,1095123666.0,2020-07-30 23:59:59.999,20912947.47769
2020-07-31,0.01919,0.01982,0.019,0.01971,1143840991.0,2020-07-31 23:59:59.999,22210758.25405
2020-08-01,0.0197,0.021,0.01855,0.0205,2026065901.0,2020-08-01 23:59:59.999,40792450.88987
2020-08-02,0.02051,0.02139,0.0173,0.0191,3654900164.0,2020-08-02 23:59:59.999,71418372.36774
2020-08-03,0.0191,0.02017,0.01873,0.01992,1573647206.0,2020-08-03 23:59:59.999,30963238.04593
2020-08-04,0.0199,0.02073,0.0199,0.02041,1477800803.0,2020-08-04 23:59:59.999,30047552.21028
2020-08-05,0.02043,0.02075,0.02004,0.02036,1148580225.0,2020-08-05 23:59:59.999,23453530.54921
2020-08-06,0.02036,0.0206,0.01994,0.02027,974360450.0,2020-08-06 23:59:59.999,19746876.04582
2020-08-07,0.02027,0.02118,0.01876,0.0199,1953051304.0,2020-08-07 23:59:59.999,39454944.97221
2020-08-08,0.01989,0.02058,0.01968,0.02047,659076272.0,2020-08-08 23:59:59.999,13331981.30729
2020-08-09,0.02049,0.02068,0.02011,0.02049,768380936.0,2020-08-09 23:59:59.999,15710857.04815
2020-08-10,0.02049,0.02195,0.02047,0.0215,2111474108.0,2020-08-10 23:59:59.999,44998759.63527
2020-08-11,0.02149,0.02158,0.01936,0.02014,1624143553.0,2020-08-11 23:59:59.999,33350329.71067
2020-08-12,0.02013,0.02047,0.01899,0.02024,1129401800.0,2020-08-12 23:59:59.999,22540190.22335
2020-08-13,0.02022,0.02306,0.01954,0.02243,3714828243.0,2020-08-13 23:59:59.999,80605815.8236
2020-08-14,0.02243,0.02593,0.02238,0.02477,4298006383.0,2020-08-14 23:59:59.999,103786201.58596
2020-08-15,0.02476,0.02579,0.02363,0.02528,2324479125.0,2020-08-15 23:59:59.999,57203626.99985
2020-08-16,0.02527,0.02867,0.02401,0.02827,3259663794.0,2020-08-16 23:59:59.999,86472527.32757
2020-08-17,0.02828,0.03146,0.02675,0.03042,3927678437.0,2020-08-17 23:59:59.999,115050342.98095
2020-08-18,0.03043,0.03252,0.02787,0.02882,5261144876.0,2020-08-18 23:59:59.999,159643310.16731
2020-08-19,0.0288,0.02903,0.0255,0.02652,4571922319.0,2020-08-19 23:59:59.999,123962257.42867
2020-08-20,0.02652,0.02781,0.02647,0.0275,1848940345.0,2020-08-20 23:59:59.999,50260668.32425
2020-08-21,0.02752,0.02777,0.02402,0.02426,2019953050.0,2020-08-21 23:59:59.999,53023566.50561
2020-08-22,0.02428,0.02557,0.02334,0.02517,2178608513.0,2020-08-22 23:59:59.999,53453842.33298
2020-08-23,0.02516,0.02532,0.02362,0.02437,1181409616.0,2020-08-23 23:59:59.999,28875634.49934
2020-08-24,0.02438,0.02575,0.02392,0.02513,1044500009.0,2020-08-24 23:59:59.999,26116583.49698
2020-08-25,0.02515,0.02549,0.02214,0.02301,1580355943.0,2020-08-25 23:59:59.999,37413906.31819
2020-08-26,0.023,0.02394,0.02276,0.02372,957742823.0,2020-08-26 23:59:59.999,22428013.10446
2020-08-27,0.02373,0.0245,0.02206,0.02305,1535204001.0,2020-08-27 23:59:59.999,35887511.55658
2020-08-28,0.02307,0.02433,0.02268,0.02395,1115308682.0,2020-08-28 23:59:59.999,26436921.84676
2020-08-29,0.02395,0.02528,0.02374,0.02495,795798102.0,2020-08-29 23:59:59.999,19607624.29401
2020-08-30,0.02493,0.02824,0.02492,0.02698,2192950059.0,2020-08-30 23:59:59.999,58911247.76293
2020-08-31,0.02696,0.02995,0.02582,0.02922,3742210746.0,2020-08-31 23:59:59.999,106312876.85113
2020-09-01,0.02923,0.03615,0.02813,0.03471,6235167852.0,2020-09-01 23:59:59.999,200322078.28086
2020-09-02,0.0347,0.03844,0.03107,0.03447,14626717760.0,2020-09-02 23:59:59.999,511408487.81627
2020-09-03,0.03447,0.04983,0.03392,0.03987,22310863666.0,2020-09-03 23:59:59.999,909116146.17101
2020-09-04,0.03986,0.04477,0.03125,0.03541,15548569797.0,2020-09-04 23:59:59.999,592106261.17423
2020-09-05,0.03539,0.03657,0.0271,0.02985,10038168414.0,2020-09-05 23:59:59.999,318348052.90459
2020-09-06,0.02989,0.03258,0.02798,0.0314,5898966968.0,2020-09-06 23:59:59.999,179991864.57056
2020-09-07,0.03137,0.03258,0.0282,0.03248,3556147919.0,2020-09-07 23:59:59.999,108650575.84547
2020-09-08,0.03247,0.03549,0.03141,0.03513,6164352060.0,2020-09-08 23:59:59.999,207064927.56587
2020-09-09,0.03513,0.03585,0.03348,0.0339,3092479714.0,2020-09-09 23:59:59.999,106917730.55317
2020-09-10,0.03394,0.03518,0.03233,0.03296,2680425471.0,2020-09-10 23:59:59.999,90392122.98588
2020-09-11,0.03296,0.03447,0.03136,0.03345,2727199310.0,2020-09-11 23:59:59.999,89945931.6934
2020-09-12,0.03344,0.03353,0.03193,0.0327,1416898886.0,2020-09-12 23:59:59.999,46201976.07734
2020-09-13,0.0327,0.03282,0.02915,0.03056,2628821634.0,2020-09-13 23:59:59.999,81449648.26305
2020-09-14,0.03056,0.03143,0.02984,0.03031,2072803790.0,2020-09-14 23:59:59.999,63510106.90757
2020-09-15,0.03033,0.03041,0.0274,0.02781,2988457092.0,2020-09-15 23:59:59.999,86530431.37294
2020-09-16,0.02781,0.03,0.02613,0.0264,6708017051.0,2020-09-16 23:59:59.999,183145456.457
2020-09-17,0.02641,0.02847,0.02633,0.02812,2941391169.0,2020-09-17 23:59:59.999,80084210.55213
2020-09-18,0.02812,0.02984,0.02777,0.02905,2372933255.0,2020-09-18 23:59:59.999,68439805.45705
2020-09-19,0.02905,0.02928,0.02752,0.02766,1384906023.0,2020-09-19 23:59:59.999,39121085.52053
2020-09-20,0.02766,0.0277,0.02637,0.02691,1402020545.0,2020-09-20 23:59:59.999,37908957.45953
2020-09-21,0.02693,0.02747,0.02451,0.02488,2155968911.0,2020-09-21 23:59:59.999,55917496.5897
2020-09-22,0.02488,0.02547,0.02446,0.02497,1008376977.0,2020-09-22 23:59:59.999,25171579.24367
2020-09-23,0.02497,0.02609,0.02459,0.02485,1756320001.0,2020-09-23 23:59:59.999,44424445.48884
2020-09-24,0.02484,0.02634,0.02442,0.02624,1360965847.0,2020-09-24 23:59:59.999,34590516.21191
2020-09-25,0.02624,0.02742,0.02545,0.02712,1682167795.0,2020-09-25 23:59:59.999,44356285.74933
2020-09-26,0.02712,0.02891,0.02696,0.02717,1602046570.0,2020-09-26 23:59:59.999,44818946.03214
2020-09-27,0.02716,0.02757,0.02593,0.02657,1401158734.0,2020-09-27 23:59:59.999,37299337.6142
2020-09-28,0.02657,0.02716,0.02608,0.02623,1264075106.0,2020-09-28 23:59:59.999,33791485.55501
2020-09-29,0.02623,0.02641,0.02544,0.02627,1030931883.0,2020-09-29 23:59:59.999,26863066.83438
2020-09-30,0.02627,0.02657,0.0257,0.0262,1005662249.0,2020-09-30 23:59:59.999,26263784.9961
2020-10-01,0.0262,0.02678,0.02503,0.02581,1461269817.0,2020-10-01 23:59:59.999,37863417.99086
2020-10-02,0.02581,0.02616,0.02392,0.02591,1468936520.0,2020-10-02 23:59:59.999,36900736.83553
2020-10-03,0.0259,0.02847,0.02575,0.02716,3210386064.0,2020-10-03 23:59:59.999,87960095.94609
2020-10-04,0.02716,0.02738,0.02582,0.02642,2195683525.0,2020-10-04 23:59:59.999,58256197.29727
2020-10-05,0.02642,0.02685,0.0259,0.02642,976373509.0,2020-10-05 23:59:59.999,25658991.65528
2020-10-06,0.02643,0.0266,0.02524,0.02557,1356665720.0,2020-10-06 23:59:59.999,35179968.67348
2020-10-07,0.02556,0.02566,0.025,0.0255,887860104.0,2020-10-07 23:59:59.999,22495271.06798
2020-10-08,0.02549,0.02598,0.02494,0.0257,968883031.0,2020-10-08 23:59:59.999,24693194.94446
2020-10-09,0.0257,0.02648,0.02558,0.02626,998104158.0,2020-10-09 23:59:59.999,26087511.28986
2020-10-10,0.02626,0.02746,0.02625,0.02644,1440277567.0,2020-10-10 23:59:59.999,38642982.78422
2020-10-11,0.02644,0.02682,0.02608,0.02654,1021769967.0,2020-10-11 23:59:59.999,27057506.29273
2020-10-12,0.02655,0.02787,0.02585,0.02711,1839653620.0,2020-10-12 23:59:59.999,49171384.26923
2020-10-13,0.02711,0.02735,0.02653,0.02683,1012834280.0,2020-10-13 23:59:59.999,27318514.04241
2020-10-14,0.02684,0.02722,0.0263,0.02678,945910933.0,2020-10-14 23:59:59.999,25289697.04863
2020-10-15,0.02678,0.0268,0.02625,0.02654,962451409.0,2020-10-15 23:59:59.999,25556900.39424
2020-10-16,0.02654,0.02662,0.02549,0.02569,967475434.0,2020-10-16 23:59:59.999,25004433.77421
2020-10-17,0.02569,0.02605,0.02549,0.02573,373313540.0,2020-10-17 23:59:59.999,9621606.86246
2020-10-18,0.02573,0.0261,0.02565,0.02592,275765963.0,2020-10-18 23:59:59.999,7127258.67801
2020-10-19,0.02593,0.02615,0.02565,0.02589,562367878.0,2020-10-19 23:59:59.999,14557433.02802
2020-10-20,0.02587,0.0292,0.02528,0.02593,5501246168.0,2020-10-20 23:59:59.999,148344471.25319
2020-10-21,0.02593,0.02758,0.02588,0.02669,2186733659.0,2020-10-21 23:59:59.999,58405915.67349
2020-10-22,0.0267,0.02752,0.02667,0.0271,1163127532.0,2020-10-22 23:59:59.999,31613064.31373
2020-10-23,0.0271,0.02714,0.02625,0.02673,847288871.0,2020-10-23 23:59:59.999,22724613.44203
2020-10-24,0.02673,0.02733,0.02658,0.02707,570810602.0,2020-10-24 23:59:59.999,15358052.43031
2020-10-25,0.02707,0.02729,0.02662,0.027,680605044.0,2020-10-25 23:59:59.999,18365222.07519
2020-10-26,0.027,0.02753,0.02633,0.02677,1357006965.0,2020-10-26 23:59:59.999,36691087.66277
2020-10-27,0.02677,0.02717,0.02671,0.027,656240923.0,2020-10-27 23:59:59.999,17682522.09216
2020-10-28,0.027,0.02739,0.0266,0.0269,1029834366.0,2020-10-28 23:59:59.999,27767310.18754
2020-10-29,0.0269,0.02728,0.02635,0.02658,1034509356.0,2020-10-29 23:59:59.999,27813899.93365
2020-10-30,0.02658,0.02669,0.02522,0.0256,1011440664.0,2020-10-30 23:59:59.999,26075331.94347
2020-10-31,0.0256,0.02674,0.02544,0.02579,1081606504.0,2020-10-31 23:59:59.999,28189758.02536
2020-11-01,0.02579,0.02592,0.02538,0.02574,513972830.0,2020-11-01 23:59:59.999,13183728.88004
2020-11-02,0.02573,0.02589,0.02434,0.02444,1286850226.0,2020-11-02 23:59:59.999,32138821.1335
2020-11-03,0.02444,0.02451,0.02302,0.02441,1833229414.0,2020-11-03 23:59:59.999,43635492.65405
2020-11-04,0.02442,0.02444,0.02362,0.0242,1064496317.0,2020-11-04 23:59:59.999,25612412.17118
2020-11-05,0.02419,0.02511,0.024,0.02494,891892719.0,2020-11-05 23:59:59.999,21902904.62888
2020-11-06,0.02494,0.0262,0.0249,0.02617,1446656217.0,2020-11-06 23:59:59.999,37039108.73219
2020-11-07,0.02617,0.02678,0.0244,0.02487,2135415911.0,2020-11-07 23:59:59.999,54928212.12489
2020-11-08,0.02487,0.02567,0.0246,0.02535,754218359.0,2020-11-08 23:59:59.999,19057105.99982
2020-11-09,0.02535,0.02565,0.02465,0.02479,939101704.0,2020-11-09 23:59:59.999,23619363.40624
2020-11-10,0.02479,0.02532,0.02461,0.02485,651373045.0,2020-11-10 23:59:59.999,16248687.36774
2020-11-11,0.02485,0.02532,0.02484,0.02499,634656665.0,2020-11-11 23:59:59.999,15949290.28663
2020-11-12,0.02499,0.02524,0.02474,0.02492,529282386.0,2020-11-12 23:59:59.999,13235099.15624
2020-11-13,0.02491,0.0255,0.02478,0.02543,897248055.0,2020-11-13 23:59:59.999,22599494.30559
2020-11-14,0.02543,0.02546,0.02497,0.02515,744514667.0,2020-11-14 23:59:59.999,18761154.38938
2020-11-15,0.02515,0.02585,0.02484,0.02533,1160631754.0,2020-11-15 23:59:59.999,29451603.44577
2020-11-16,0.02533,0.02584,0.02511,0.02549,846681155.0,2020-11-16 23:59:59.999,21595657.74158
2020-11-17,0.02549,0.0267,0.02546,0.02654,1814991368.0,2020-11-17 23:59:59.999,47560335.19947
2020-11-18,0.02653,0.02714,0.02446,0.02679,2308062001.0,2020-11-18 23:59:59.999,59667772.42795
2020-11-19,0.02679,0.02692,0.02533,0.02581,1667068532.0,2020-11-19 23:59:59.999,43220852.80957
2020-11-20,0.02581,0.02662,0.02574,0.0263,1524008304.0,2020-11-20 23:59:59.999,39923956.19911
2020-11-21,0.0263,0.03082,0.02614,0.03064,5164699628.0,2020-11-21 23:59:59.999,146463278.43331
2020-11-22,0.03064,0.03093,0.02724,0.02878,4727861437.0,2020-11-22 23:59:59.999,136890179.35486
2020-11-23,0.02876,0.03192,0.02834,0.0318,3986598506.0,2020-11-23 23:59:59.999,121006317.68198
2020-11-24,0.0318,0.03967,0.03143,0.03533,9752550640.0,2020-11-24 23:59:59.999,342850356.06048
2020-11-25,0.03533,0.03758,0.03151,0.03307,5943895376.0,2020-11-25 23:59:59.999,210585573.79613
2020-11-26,0.03307,0.03393,0.02704,0.02946,5602903821.0,2020-11-26 23:59:59.999,164426640.38044
2020-11-27,0.02944,0.03014,0.02806,0.02939,2284104415.0,2020-11-27 23:59:59.999,66243968.5026
2020-11-28,0.02939,0.03127,0.02862,0.03047,2002242514.0,2020-11-28 23:59:59.999,60082141.38782
2020-11-29,0.03046,0.03126,0.02954,0.03076,1471781420.0,2020-11-29 23:59:59.999,44803817.97674
2020-11-30,0.03076,0.03315,0.03027,0.03241,2410765068.0,2020-11-30 23:59:59.999,76434031.278
2020-12-01,0.03242,0.03432,0.02909,0.03026,3734057131.0,2020-12-01 23:59:59.999,119637965.84152
2020-12-02,0.03027,0.03138,0.0297,0.03119,1518239407.0,2020-12-02 23:59:59.999,46730204.40181
2020-12-03,0.0312,0.03199,0.03073,0.0317,1077727712.0,2020-12-03 23:59:59.999,33890028.99227
2020-12-04,0.03169,0.03177,0.02902,0.02946,1479387851.0,2020-12-04 23:59:59.999,45370611.67541
2020-12-05,0.02946,0.03062,0.02918,0.0306,562405281.0,2020-12-05 23:59:59.999,16928317.12319
2020-12-06,0.03059,0.03106,0.03005,0.03095,818190044.0,2020-12-06 23:59:59.999,25053126.67433
2020-12-07,0.03096,0.03102,0.02989,0.03033,635897193.0,2020-12-07 23:59:59.999,19372815.81687
2020-12-08,0.03033,0.03033,0.02748,0.0279,1189329294.0,2020-12-08 23:59:59.999,34619822.46503
2020-12-09,0.02789,0.02887,0.027,0.02871,1297409764.0,2020-12-09 23:59:59.999,36351631.96632
2020-12-10,0.0287,0.02882,0.02776,0.02811,619039750.0,2020-12-10 23:59:59.999,17535142.35202
2020-12-11,0.02811,0.02821,0.0274,0.02778,722057243.0,2020-12-11 23:59:59.999,20075406.42097
2020-12-12,0.02778,0.02879,0.02764,0.02857,556263395.0,2020-12-12 23:59:59.999,15792899.48735
2020-12-13,0.02857,0.02969,0.02846,0.02921,583245788.0,2020-12-13 23:59:59.999,16996798.75721
2020-12-14,0.02921,0.02924,0.02861,0.02911,557102104.0,2020-12-14 23:59:59.999,16125960.85502
2020-12-15,0.02911,0.02952,0.02868,0.0292,603893248.0,2020-12-15 23:59:59.999,17609161.04717
2020-12-16,0.02921,0.03149,0.02877,0.03149,1068821921.0,2020-12-16 23:59:59.999,32082508.35591
2020-12-17,0.03148,0.03256,0.03017,0.03076,2480558793.0,2020-12-17 23:59:59.999,78099910.94363
2020-12-18,0.03075,0.03147,0.03012,0.03111,986828503.0,2020-12-18 23:59:59.999,30425467.03901
2020-12-19,0.03112,0.03206,0.03087,0.03126,970232049.0,2020-12-19 23:59:59.999,30540544.07784
2020-12-20,0.03127,0.03296,0.03021,0.03125,2744719710.0,2020-12-20 23:59:59.999,87219693.91557
2020-12-21,0.03124,0.03196,0.02896,0.02928,2036460630.0,2020-12-21 23:59:59.999,61807897.06084
2020-12-22,0.0293,0.02962,0.02774,0.02885,1676937432.0,2020-12-22 23:59:59.999,48388338.29601
2020-12-23,0.02884,0.02904,0.02347,0.02478,2232570458.0,2020-12-23 23:59:59.999,59853378.2015
2020-12-24,0.02477,0.02774,0.0241,0.02766,1998674629.0,2020-12-24 23:59:59.999,52099781.79746
2020-12-25,0.02767,0.02949,0.02707,0.02854,1620196819.0,2020-12-25 23:59:59.999,45670548.39018
2020-12-26,0.02854,0.02864,0.02721,0.0278,876664410.0,2020-12-26 23:59:59.999,24443979.90827
2020-12-27,0.0278,0.03116,0.02662,0.02892,3542619793.0,2020-12-27 23:59:59.999,102942818.84805
2020-12-28,0.02893,0.03042,0.02863,0.02962,2082548981.0,2020-12-28 23:59:59.999,61575748.96804
2020-12-29,0.02961,0.03032,0.02649,0.02766,2724917561.0,2020-12-29 23:59:59.999,75606387.38193
2020-12-30,0.02767,0.02782,0.02632,0.02693,1159836358.0,2020-12-30 23:59:59.999,31318482.61513
2020-12-31,0.02693,0.02707,0.02592,0.02676,965450790.0,2020-12-31 23:59:59.999,25680829.55697
2021-01-01,0.02676,0.02739,0.02641,0.02684,802100352.0,2021-01-01 23:59:59.999,21606982.21243
2021-01-02,0.02684,0.02796,0.02647,0.02721,1203165933.0,2021-01-02 23:59:59.999,32570483.91382
2021-01-03,0.02722,0.03019,0.02656,0.0296,2890035773.0,2021-01-03 23:59:59.999,81585706.15604
2021-01-04,0.0296,0.03237,0.02659,0.03097,6104369609.0,2021-01-04 23:59:59.999,182542234.49087
2021-01-05,0.03097,0.03125,0.02677,0.02846,7278943227.0,2021-01-05 23:59:59.999,205272403.60412
2021-01-06,0.02847,0.03101,0.02773,0.03044,4102761974.0,2021-01-06 23:59:59.999,121255086.56513
2021-01-07,0.03044,0.03343,0.02989,0.03098,6363264025.0,2021-01-07 23:59:59.999,201248429.59641
2021-01-08,0.03098,0.0313,0.0285,0.03039,3185616695.0,2021-01-08 23:59:59.999,95734239.07681
2021-01-09,0.0304,0.0357,0.02952,0.03389,4951543408.0,2021-01-09 23:59:59.999,164224917.00453
2021-01-10,0.0339,0.03688,0.03093,0.03275,6129199995.0,2021-01-10 23:59:59.999,207772360.39725
2021-01-11,0.03275,0.03281,0.0269,0.02895,4782711468.0,2021-01-11 23:59:59.999,139726413.25805
2021-01-12,0.02895,0.03038,0.02786,0.0286,2263715269.0,2021-01-12 23:59:59.999,65628693.79016
2021-01-13,0.0286,0.03082,0.0277,0.03078,1746459891.0,2021-01-13 23:59:59.999,50924749.77032
2021-01-14,0.03078,0.03149,0.02923,0.03014,2375591652.0,2021-01-14 23:59:59.999,71628961.65482
2021-01-15,0.03014,0.03155,0.02825,0.02973,3219150357.0,2021-01-15 23:59:59.999,96855193.90566
2021-01-16,0.02973,0.03135,0.02942,0.0301,2517746432.0,2021-01-16 23:59:59.999,76878427.86431
2021-01-17,0.03011,0.03079,0.02913,0.03026,1672972117.0,2021-01-17 23:59:59.999,50242784.11491
2021-01-18,0.03025,0.03238,0.02965,0.03168,2323900747.0,2021-01-18 23:59:59.999,72221669.51195
2021-01-19,0.03168,0.03255,0.03055,0.03062,2481228197.0,2021-01-19 23:59:59.999,78407417.28362
2021-01-20,0.03061,0.03118,0.02913,0.03049,1951957927.0,2021-01-20 23:59:59.999,58904933.93681
2021-01-21,0.03048,0.03059,0.0275,0.02755,2589377737.0,2021-01-21 23:59:59.999,74808322.76034
2021-01-22,0.02757,0.02893,0.02631,0.02852,1589621928.0,2021-01-22 23:59:59.999,44087786.16707
2021-01-23,0.02853,0.02944,0.02805,0.02921,1434898763.0,2021-01-23 23:59:59.999,41318662.26927
2021-01-24,0.02921,0.03071,0.02895,0.02997,2156377156.0,2021-01-24 23:59:59.999,64497964.07677
2021-01-25,0.02998,0.03272,0.02941,0.02948,3985394895.0,2021-01-25 23:59:59.999,123762232.4789
2021-01-26,0.02948,0.02996,0.02838,0.02946,1424153067.0,2021-01-26 23:59:59.999,41594863.49847
2021-01-27,0.02946,0.02948,0.02753,0.02821,1414602504.0,2021-01-27 23:59:59.999,40169048.06733
2021-01-28,0.02822,0.02996,0.02786,0.02954,1301593844.0,2021-01-28 23:59:59.999,37981595.23522
2021-01-29,0.02954,0.04507,0.02933,0.03338,23404320896.0,2021-01-29 23:59:59.999,844948690.5413
2021-01-30,0.0334,0.03368,0.0305,0.03223,5105243720.0,2021-01-30 23:59:59.999,163015364.63332
2021-01-31,0.03222,0.03483,0.03091,0.03158,4667605028.0,2021-01-31 23:59:59.999,152164163.88853
2021-02-01,0.03158,0.03503,0.03119,0.03299,4713162238.0,2021-02-01 23:59:59.999,155662407.6583
2021-02-02,0.033,0.03363,0.03224,0.03321,1867018547.0,2021-02-02 23:59:59.999,61718857.66562
2021-02-03,0.03321,0.03547,0.0332,0.03455,2886111255.0,2021-02-03 23:59:59.999,98821272.23607
2021-02-04,0.03457,0.03485,0.032,0.03315,3222785977.0,2021-02-04 23:59:59.999,107871299.33527
2021-02-05,0.03315,0.03686,0.03305,0.0363,4758509681.0,2021-02-05 23:59:59.999,167592346.49068
2021-02-06,0.03633,0.03664,0.0335,0.03514,2939962072.0,2021-02-06 23:59:59.999,102836264.59405
2021-02-07,0.03516,0.03747,0.03405,0.036,4676899122.0,2021-02-07 23:59:59.999,166752279.63352
2021-02-08,0.03602,0.04189,0.0353,0.04048,5695034700.0,2021-02-08 23:59:59.999,219796555.99544
2021-02-09,0.04052,0.05133,0.04047,0.04622,11686339233.0,2021-02-09 23:59:59.999,539715549.95449
2021-02-10,0.04623,0.05,0.04142,0.04634,7723196494.0,2021-02-10 23:59:59.999,355884514.16942
2021-02-11,0.04633,0.05938,0.04434,0.05708,7911664335.0,2021-02-11 23:59:59.999,399897054.41982
2021-02-12,0.05704,0.0582,0.05128,0.05527,7052337790.0,2021-02-12 23:59:59.999,387640858.79139
2021-02-13,0.0553,0.06147,0.05139,0.06016,8000820754.0,2021-02-13 23:59:59.999,456135662.74074
2021-02-14,0.06015,0.0604,0.05221,0.05529,5111713187.0,2021-02-14 23:59:59.999,287522784.14836
2021-02-15,0.05532,0.0564,0.04487,0.05084,8133185994.0,2021-02-15 23:59:59.999,413538544.12172
2021-02-16,0.05084,0.05523,0.04916,0.05201,4534792227.0,2021-02-16 23:59:59.999,236297666.32269
2021-02-17,0.05201,0.05407,0.04882,0.05265,3101660402.0,2021-02-17 23:59:59.999,160955272.60252
2021-02-18,0.05266,0.05578,0.0521,0.05497,2882185221.0,2021-02-18 23:59:59.999,155780719.25096
2021-02-19,0.05498,0.06494,0.05401,0.06083,6732825776.0,2021-02-19 23:59:59.999,405708596.99217
2021-02-20,0.06085,0.06389,0.055,0.05774,5467626391.0,2021-02-20 23:59:59.999,330277311.07781
2021-02-21,0.05775,0.06155,0.05638,0.05943,3781326294.0,2021-02-21 23:59:59.999,224550377.49349
2021-02-22,0.05944,0.05969,0.044,0.05421,6017498796.0,2021-02-22 23:59:59.999,327681914.9949
2021-02-23,0.0542,0.0546,0.03715,0.04491,8009700174.0,2021-02-23 23:59:59.999,361914995.79332
2021-02-24,0.04492,0.04982,0.04303,0.04793,4165135657.0,2021-02-24 23:59:59.999,196960206.2968
2021-02-25,0.04794,0.05008,0.04477,0.04508,2905099995.0,2021-02-25 23:59:59.999,139906215.93329
2021-02-26,0.04506,0.04682,0.04229,0.04511,2267877166.0,2021-02-26 23:59:59.999,101677305.05512
2021-02-27,0.04513,0.04838,0.04507,0.04646,2232576104.0,2021-02-27 23:59:59.999,104618289.99839
2021-02-28,0.04646,0.04677,0.043,0.04556,2519325924.0,2021-02-28 23:59:59.999,112376570.57323
2021-03-01,0.04555,0.04823,0.04485,0.04779,1860201946.0,2021-03-01 23:59:59.999,86447825.2952
2021-03-02,0.0478,0.04883,0.04537,0.0468,1743141346.0,2021-03-02 23:59:59.999,82256662.62539
2021-03-03,0.0468,0.04964,0.04646,0.04878,1847634785.0,2021-03-03 23:59:59.999,89550536.2962
2021-03-04,0.04879,0.05335,0.04832,0.05139,5019437083.0,2021-03-04 23:59:59.999,255766758.46156
2021-03-05,0.0514,0.05142,0.04842,0.05012,2431516464.0,2021-03-05 23:59:59.999,120932276.19873
2021-03-06,0.05013,0.05073,0.04858,0.05008,1568613807.0,2021-03-06 23:59:59.999,78232214.45754
2021-03-07,0.05009,0.0518,0.04994,0.05167,1379313722.0,2021-03-07 23:59:59.999,70222457.31289
2021-03-08,0.05169,0.0533,0.05014,0.05311,2450853348.0,2021-03-08 23:59:59.999,127179955.57773
2021-03-09,0.05308,0.0536,0.05196,0.05321,1884874078.0,2021-03-09 23:59:59.999,99539378.01652
2021-03-10,0.05321,0.05342,0.05025,0.05139,2481524377.0,2021-03-10 23:59:59.999,129315622.75746
2021-03-11,0.05139,0.05184,0.04958,0.05149,2072553839.0,2021-03-11 23:59:59.999,105431707.12203
2021-03-12,0.0515,0.05172,0.04849,0.04993,2206370642.0,2021-03-12 23:59:59.999,110842748.10128
2021-03-13,0.04993,0.05415,0.04879,0.05292,2446229458.0,2021-03-13 23:59:59.999,126724503.93861
2021-03-14,0.05293,0.05393,0.051,0.05104,2137380424.0,2021-03-14 23:59:59.999,111729861.86608
2021-03-15,0.05103,0.05224,0.04806,0.05066,2391876193.0,2021-03-15 23:59:59.999,119948275.51896
2021-03-16,0.05064,0.05316,0.04902,0.05235,2351761159.0,2021-03-16 23:59:59.999,120921066.82177
2021-03-17,0.05235,0.05582,0.05194,0.0548,3556236940.0,2021-03-17 23:59:59.999,191385699.44313
2021-03-18,0.05482,0.05524,0.05285,0.05328,1697144345.0,2021-03-18 23:59:59.999,91548758.70232
2021-03-19,0.05328,0.05963,0.05209,0.05869,3924696538.0,2021-03-19 23:59:59.999,220455197.98469
2021-03-20,0.05867,0.06836,0.05864,0.06094,13265566414.0,2021-03-20 23:59:59.999,853241858.14099
2021-03-21,0.06094,0.06455,0.05872,0.06344,6519960909.0,2021-03-21 23:59:59.999,400631872.3498
2021-03-22,0.06341,0.06637,0.05872,0.05931,5599164463.0,2021-03-22 23:59:59.999,353124430.63411
2021-03-23,0.05931,0.06146,0.05748,0.05858,3772917656.0,2021-03-23 23:59:59.999,224288811.32003
2021-03-24,0.05857,0.06228,0.05412,0.05564,4280939457.0,2021-03-24 23:59:59.999,252158950.15319
2021-03-25,0.05565,0.05627,0.0532,0.05528,4403961658.0,2021-03-25 23:59:59.999,241031151.48373
2021-03-26,0.05527,0.06614,0.05523,0.06464,6610296556.0,2021-03-26 23:59:59.999,411684492.33079
2021-03-27,0.06464,0.06766,0.06273,0.0636,5592890116.0,2021-03-27 23:59:59.999,363327839.26847
2021-03-28,0.0636,0.06472,0.0618,0.06366,2526243655.0,2021-03-28 23:59:59.999,160533272.20113
2021-03-29,0.06365,0.06585,0.06328,0.06479,2009060042.0,2021-03-29 23:59:59.999,130028515.05163
2021-03-30,0.06479,0.06684,0.06426,0.06608,2948780730.0,2021-03-30 23:59:59.999,193744983.83718
2021-03-31,0.06608,0.09795,0.06562,0.09328,25577179956.0,2021-03-31 23:59:59.999,2096170223.69318
2021-04-01,0.09327,0.09492,0.08211,0.08551,13374561804.0,2021-04-01 23:59:59.999,1180184598.28258
2021-04-02,0.08551,0.09289,0.0843,0.0926,6649469150.0,2021-04-02 23:59:59.999,588710714.97896
2021-04-03,0.09259,0.11131,0.08838,0.10169,16711756217.0,2021-04-03 23:59:59.999,1690870980.11554
2021-04-04,0.1017,0.1285,0.1,0.12763,16382782828.0,2021-04-04 23:59:59.999,1887028857.54637
2021-04-05,0.12762,0.1497,0.126,0.13648,19010644149.0,2021-04-05 23:59:59.999,2607394156.99563
2021-04-06,0.13653,0.13894,0.11,0.12436,13775684179.0,2021-04-06 23:59:59.999,1719768612.71416
2021-04-07,0.12435,0.1262,0.10325,0.11052,13364877638.0,2021-04-07 23:59:59.999,1499871185.73266
2021-04-08,0.11055,0.12624,0.11006,0.12366,8103550948.0,2021-04-08 23:59:59.999,970902300.57962
2021-04-09,0.12363,0.1254,0.1144,0.11587,3946302165.0,2021-04-09 23:59:59.999,470564596.42311
2021-04-10,0.11588,0.12812,0.11242,0.12682,6214576383.0,2021-04-10 23:59:59.999,749730922.17589
2021-04-11,0.12682,0.1273,0.118,0.12252,4096664473.0,2021-04-11 23:59:59.999,498475505.94972
2021-04-12,0.12255,0.13798,0.12192,0.1289,10399317089.0,2021-04-12 23:59:59.999,1366565907.60336
2021-04-13,0.12891,0.15657,0.1282,0.14643,10989461257.0,2021-04-13 23:59:59.999,1569791902.10393
2021-04-14,0.14642,0.15747,0.13112,0.1407,10222181771.0,2021-04-14 23:59:59.999,1465382149.66819
2021-04-15,0.14073,0.1695,0.13614,0.16456,11036661149.0,2021-04-15 23:59:59.999,1701722509.04
2021-04-16,0.16456,0.17983,0.13382,0.16099,12976738483.0,2021-04-16 23:59:59.999,2037986914.97065
2021-04-17,0.16106,0.18077,0.1525,0.15557,7563983782.0,2021-04-17 23:59:59.999,1257981946.7058
2021-04-18,0.15557,0.15721,0.12067,0.14297,9310808557.0,2021-04-18 23:59:59.999,1285893932.72417
2021-04-19,0.14298,0.14808,0.1295,0.1299,5182068387.0,2021-04-19 23:59:59.999,717544155.86864
2021-04-20,0.12991,0.13489,0.11679,0.13282,5228040071.0,2021-04-20 23:59:59.999,661463072.69593
2021-04-21,0.13281,0.13572,0.12251,0.12268,3116952440.0,2021-04-21 23:59:59.999,404892098.97238
2021-04-22,0.1227,0.12982,0.109,0.10996,4629966178.0,2021-04-22 23:59:59.999,558762235.9953
2021-04-23,0.10996,0.11262,0.09041,0.10908,8640150235.0,2021-04-23 23:59:59.999,859593481.5538
2021-04-24,0.10907,0.11444,0.10196,0.10253,4928343298.0,2021-04-24 23:59:59.999,530382999.11033
2021-04-25,0.10256,0.11013,0.09638,0.10177,3682688800.0,2021-04-25 23:59:59.999,382816331.31439
2021-04-26,0.10177,0.11762,0.1,0.11737,3937826405.0,2021-04-26 23:59:59.999,440741659.10181
2021-04-27,0.11737,0.129,0.11544,0.12612,3655206097.0,2021-04-27 23:59:59.999,452046701.34386
2021-04-28,0.12612,0.13,0.11618,0.12276,3033614709.0,2021-04-28 23:59:59.999,370767537.41462
2021-04-29,0.12277,0.12544,0.11761,0.12127,2384902290.0,2021-04-29 23:59:59.999,290142608.25498
2021-04-30,0.12127,0.13315,0.11882,0.13243,3357152556.0,2021-04-30 23:59:59.999,427185498.10494
2021-05-01,0.13246,0.13377,0.12745,0.13127,2247430201.0,2021-05-01 23:59:59.999,293379835.11257
2021-05-02,0.13128,0.13243,0.12506,0.12768,2196072093.0,2021-05-02 23:59:59.999,281497500.66731
2021-05-03,0.12768,0.13688,0.12752,0.13176,3088507289.0,2021-05-03 23:59:59.999,409050714.53924
2021-05-04,0.13178,0.13201,0.11784,0.11923,4173099297.0,2021-05-04 23:59:59.999,520407917.29718
2021-05-05,0.11923,0.14712,0.11771,0.14699,5935119224.0,2021-05-05 23:59:59.999,792455067.89739
2021-05-06,0.14701,0.15887,0.13722,0.15238,8392436880.0,2021-05-06 23:59:59.999,1243421682.0045
2021-05-07,0.15241,0.17081,0.1396,0.14771,8888265336.0,2021-05-07 23:59:59.999,1400252589.70542
2021-05-08,0.14771,0.15335,0.14139,0.14315,4436565745.0,2021-05-08 23:59:59.999,654502594.55152
2021-05-09,0.14316,0.14614,0.13508,0.14323,3463272276.0,2021-05-09 23:59:59.999,487673388.97969
2021-05-10,0.14322,0.14855,0.11789,0.12721,5263644919.0,2021-05-10 23:59:59.999,723893603.71708
2021-05-11,0.12715,0.13949,0.12108,0.13902,4317181403.0,2021-05-11 23:59:59.999,567146299.85279
2021-05-12,0.13903,0.14755,0.1167,0.11891,5974886005.0,2021-05-12 23:59:59.999,809262871.46214
2021-05-13,0.11895,0.12672,0.10555,0.12156,5979091370.0,2021-05-13 23:59:59.999,711751515.24924
2021-05-14,0.12157,0.12841,0.11916,0.12476,2912748846.0,2021-05-14 23:59:59.999,362043985.01453
2021-05-15,0.12477,0.12745,0.11804,0.1207,3525846778.0,2021-05-15 23:59:59.999,431380296.09392
2021-05-16,0.12073,0.13143,0.11469,0.11965,4443121829.0,2021-05-16 23:59:59.999,547781099.69633
2021-05-17,0.11967,0.12,0.10854,0.11276,4047519320.0,2021-05-17 23:59:59.999,462965217.52138
2021-05-18,0.11277,0.12001,0.11169,0.11639,2990540475.0,2021-05-18 23:59:59.999,347148928.38935
2021-05-19,0.11641,0.11811,0.04719,0.07862,11062895886.0,2021-05-19 23:59:59.999,977315567.37993
2021-05-20,0.07865,0.09312,0.073,0.08917,5673630202.0,2021-05-20 23:59:59.999,478037299.83626
2021-05-21,0.08914,0.09316,0.07068,0.07779,4610489983.0,2021-05-21 23:59:59.999,383508620.90834
2021-05-22,0.0778,0.07901,0.07061,0.07523,2697399954.0,2021-05-22 23:59:59.999,203500481.98077
2021-05-23,0.07523,0.077,0.0554,0.06273,5220176275.0,2021-05-23 23:59:59.999,333590172.4414
2021-05-24,0.06275,0.07693,0.06159,0.07688,3772069364.0,2021-05-24 23:59:59.999,262358397.80656
2021-05-25,0.07692,0.08099,0.07125,0.07706,2912405276.0,2021-05-25 23:59:59.999,220346908.23169
2021-05-26,0.07707,0.08434,0.0758,0.08302,2673334738.0,2021-05-26 23:59:59.999,216020460.25893
2021-05-27,0.08302,0.08311,0.07628,0.0794,2020717589.0,2021-05-27 23:59:59.999,161553399.41353
2021-05-28,0.07941,0.07998,0.07006,0.07199,2519141000.0,2021-05-28 23:59:59.999,185564095.70296
2021-05-29,0.072,0.07444,0.06692,0.06865,2257311756.0,2021-05-29 23:59:59.999,159480598.44615
2021-05-30,0.06864,0.07326,0.06625,0.07189,1788257758.0,2021-05-30 23:59:59.999,126830083.18636
2021-05-31,0.07188,0.07685,0.06966,0.07672,1896939486.0,2021-05-31 23:59:59.999,139841486.20768
2021-06-01,0.07672,0.07742,0.07346,0.0761,1735692656.0,2021-06-01 23:59:59.999,130645498.43402
2021-06-02,0.07611,0.07957,0.0744,0.078,1828375952.0,2021-06-02 23:59:59.999,141565988.77997
2021-06-03,0.07801,0.08245,0.07705,0.0822,1903838465.0,2021-06-03 23:59:59.999,152281428.63786
2021-06-04,0.08222,0.08291,0.07358,0.07707,2707811803.0,2021-06-04 23:59:59.999,208378189.40471
2021-06-05,0.07706,0.0797,0.07403,0.07545,1763122336.0,2021-06-05 23:59:59.999,135335829.59155
2021-06-06,0.07545,0.07746,0.0752,0.07737,1358410871.0,2021-06-06 23:59:59.999,104191433.49235
2021-06-07,0.0774,0.07859,0.07092,0.0716,1860927283.0,2021-06-07 23:59:59.999,141557830.72534
2021-06-08,0.07161,0.07322,0.0671,0.07233,3333293449.0,2021-06-08 23:59:59.999,234002295.86296
2021-06-09,0.07234,0.0753,0.06989,0.0753,2198647699.0,2021-06-09 23:59:59.999,160047300.28831
2021-06-10,0.0753,0.077,0.07129,0.07253,2269876307.0,2021-06-10 23:59:59.999,168836666.41637
2021-06-11,0.07253,0.07334,0.06842,0.06915,1370793504.0,2021-06-11 23:59:59.999,97930848.07513
2021-06-12,0.06916,0.06917,0.06562,0.06802,1403642364.0,2021-06-12 23:59:59.999,94834627.26234
2021-06-13,0.06802,0.07189,0.06652,0.0715,1375113252.0,2021-06-13 23:59:59.999,94513336.03313
2021-06-14,0.07151,0.07277,0.06994,0.07201,1345493402.0,2021-06-14 23:59:59.999,95937202.0015
2021-06-15,0.07202,0.07314,0.07073,0.0717,1283276029.0,2021-06-15 23:59:59.999,92269655.90007
2021-06-16,0.07169,0.07275,0.06842,0.06893,1604885426.0,2021-06-16 23:59:59.999,113208870.47028
2021-06-17,0.06893,0.07399,0.06864,0.07392,1754297066.0,2021-06-17 23:59:59.999,125548132.11745
2021-06-18,0.07393,0.07479,0.06811,0.06956,3427500847.0,2021-06-18 23:59:59.999,246334500.30734
2021-06-19,0.06956,0.07017,0.06808,0.06825,1547951666.0,2021-06-19 23:59:59.999,107271870.96563
2021-06-20,0.06826,0.06863,0.06315,0.06766,1729295197.0,2021-06-20 23:59:59.999,114369667.93097
2021-06-21,0.06765,0.06798,0.0533,0.05348,3671090465.0,2021-06-21 23:59:59.999,220416871.48861
2021-06-22,0.05347,0.05633,0.04634,0.05099,5057290996.0,2021-06-22 23:59:59.999,259031546.7261
2021-06-23,0.051,0.05793,0.04927,0.05792,2978915763.0,2021-06-23 23:59:59.999,163164240.454
2021-06-24,0.0579,0.06808,0.05769,0.06608,10894725748.0,2021-06-24 23:59:59.999,708446737.5446
2021-06-25,0.06609,0.06887,0.06005,0.06135,5673614059.0,2021-06-25 23:59:59.999,361008688.40795
2021-06-26,0.06135,0.06299,0.05882,0.06273,3227995103.0,2021-06-26 23:59:59.999,197092627.27435
2021-06-27,0.06272,0.06492,0.06092,0.06473,1976875140.0,2021-06-27 23:59:59.999,123556723.79398
2021-06-28,0.06472,0.0666,0.06419,0.06526,1714969505.0,2021-06-28 23:59:59.999,111920769.31484
2021-06-29,0.06526,0.06983,0.06506,0.0679,2645069584.0,2021-06-29 23:59:59.999,180059589.47552
2021-06-30,0.06792,0.06876,0.0638,0.06829,2108424846.0,2021-06-30 23:59:59.999,139373978.34486
2021-07-01,0.06826,0.06833,0.06366,0.06468,1586997553.0,2021-07-01 23:59:59.999,103265895.68844
2021-07-02,0.06468,0.06662,0.06319,0.06653,1287918477.0,2021-07-02 23:59:59.999,83092285.42517
2021-07-03,0.06654,0.06744,0.06513,0.06678,1164575505.0,2021-07-03 23:59:59.999,77430804.11944
2021-07-04,0.06681,0.06835,0.06505,0.06732,1240131728.0,2021-07-04 23:59:59.999,83298389.6393
2021-07-05,0.06733,0.06747,0.0635,0.06443,1610412629.0,2021-07-05 23:59:59.999,105168664.20129
2021-07-06,0.06447,0.06643,0.06381,0.06488,1235074121.0,2021-07-06 23:59:59.999,80428183.77568
2021-07-07,0.06488,0.06595,0.0641,0.06429,1075310000.0,2021-07-07 23:59:59.999,70152149.82304
2021-07-08,0.06429,0.06444,0.06015,0.06105,1661450962.0,2021-07-08 23:59:59.999,102602807.90917
2021-07-09,0.06104,0.06256,0.05905,0.06217,1512532021.0,2021-07-09 23:59:59.999,92131215.75597
2021-07-10,0.06217,0.06302,0.06049,0.06141,1099504588.0,2021-07-10 23:59:59.999,67891616.88195
2021-07-11,0.0614,0.06253,0.06058,0.06181,727930284.0,2021-07-11 23:59:59.999,44813906.35475
2021-07-12,0.06182,0.06286,0.05946,0.05998,1049105658.0,2021-07-12 23:59:59.999,64151310.43258
2021-07-13,0.05998,0.06065,0.05858,0.05935,1044786238.0,2021-07-13 23:59:59.999,62429958.98449
2021-07-14,0.05936,0.06028,0.05671,0.05985,1420376498.0,2021-07-14 23:59:59.999,83169571.65063
2021-07-15,0.05986,0.06073,0.05693,0.05782,1283958609.0,2021-07-15 23:59:59.999,75153485.19635
2021-07-16,0.05781,0.05879,0.0555,0.05556,1214141169.0,2021-07-16 23:59:59.999,69319431.10806
2021-07-17,0.05556,0.05667,0.05469,0.05595,1304523633.0,2021-07-17 23:59:59.999,72708284.57156
2021-07-18,0.05595,0.05749,0.05516,0.05588,1077834936.0,2021-07-18 23:59:59.999,60752718.72851
2021-07-19,0.05589,0.05626,0.05324,0.0534,1170736631.0,2021-07-19 23:59:59.999,63769230.48054
2021-07-20,0.05341,0.05423,0.04906,0.05042,1889570322.0,2021-07-20 23:59:59.999,95875995.29406
2021-07-21,0.05042,0.05518,0.04967,0.05383,1874422802.0,2021-07-21 23:59:59.999,99341782.38207
2021-07-22,0.05383,0.05532,0.05288,0.05523,1184497428.0,2021-07-22 23:59:59.999,64178771.78152
2021-07-23,0.05522,0.05622,0.05364,0.05597,1201689774.0,2021-07-23 23:59:59.999,66139116.99694
2021-07-24,0.05598,0.05798,0.05571,0.05725,1325963802.0,2021-07-24 23:59:59.999,75157765.30146
2021-07-25,0.05724,0.05813,0.05575,0.05786,1498183345.0,2021-07-25 23:59:59.999,85476559.17461
2021-07-26,0.05787,0.06343,0.0576,0.0584,3208400800.0,2021-07-26 23:59:59.999,195956871.22017
2021-07-27,0.05841,0.06078,0.05688,0.06016,1818383316.0,2021-07-27 23:59:59.999,107027246.39698
2021-07-28,0.06017,0.06193,0.05957,0.0607,1784950064.0,2021-07-28 23:59:59.999,108475830.11513
2021-07-29,0.06069,0.06235,0.0596,0.06187,1124653472.0,2021-07-29 23:59:59.999,68591970.84616
2021-07-30,0.06186,0.0633,0.0597,0.06326,1715213916.0,2021-07-30 23:59:59.999,105788208.51719
2021-07-31,0.06325,0.0647,0.0623,0.06397,1356797079.0,2021-07-31 23:59:59.999,86418128.33487
2021-08-01,0.06397,0.06683,0.06229,0.0632,2280846287.0,2021-08-01 23:59:59.999,148798789.07671
2021-08-02,0.06321,0.0657,0.06211,0.06465,1580548899.0,2021-08-02 23:59:59.999,101573463.6436
2021-08-03,0.06466,0.06548,0.06282,0.06402,1321042897.0,2021-08-03 23:59:59.999,84417863.20028
2021-08-04,0.06402,0.068,0.06351,0.06741,1566560629.0,2021-08-04 23:59:59.999,103455465.03589
2021-08-05,0.0674,0.07092,0.06659,0.07017,3148321299.0,2021-08-05 23:59:59.999,217812262.48724
2021-08-06,0.07017,0.07254,0.06975,0.07198,1724863044.0,2021-08-06 23:59:59.999,122488401.73422
2021-08-07,0.07198,0.07655,0.07187,0.07528,2335345870.0,2021-08-07 23:59:59.999,173890442.50984
2021-08-08,0.07531,0.07622,0.07073,0.07192,2061596566.0,2021-08-08 23:59:59.999,152242413.21688
2021-08-09,0.07193,0.0748,0.06964,0.07397,1915319436.0,2021-08-09 23:59:59.999,139071638.93417
2021-08-10,0.07395,0.07579,0.07222,0.07465,1776694851.0,2021-08-10 23:59:59.999,131634759.40872
2021-08-11,0.07466,0.08648,0.07423,0.08347,4384902459.0,2021-08-11 23:59:59.999,358848929.39208
2021-08-12,0.08346,0.09159,0.0806,0.08427,5278792388.0,2021-08-12 23:59:59.999,451726380.60178
2021-08-13,0.08428,0.08963,0.08355,0.08957,2641230025.0,2021-08-13 23:59:59.999,229449911.19899
2021-08-14,0.08957,0.09347,0.08677,0.09273,3423907625.0,2021-08-14 23:59:59.999,308565473.82855
2021-08-15,0.09273,0.09535,0.08925,0.09301,2783151799.0,2021-08-15 23:59:59.999,256020763.99924
2021-08-16,0.09301,0.09684,0.08819,0.08937,2884421923.0,2021-08-16 23:59:59.999,268251619.58247
2021-08-17,0.08938,0.09231,0.08466,0.0851,2680561916.0,2021-08-17 23:59:59.999,238829637.86696
2021-08-18,0.08511,0.0876,0.0811,0.08459,2427510637.0,2021-08-18 23:59:59.999,205681503.64757
2021-08-19,0.08458,0.08846,0.08167,0.08839,2196175012.0,2021-08-19 23:59:59.999,185866635.0913
2021-08-20,0.08839,0.09083,0.08645,0.09072,1892973013.0,2021-08-20 23:59:59.999,167808295.95299
2021-08-21,0.09072,0.09082,0.08768,0.08802,1570882200.0,2021-08-21 23:59:59.999,140268814.00165
2021-08-22,0.08802,0.0902,0.08585,0.08802,1494417292.0,2021-08-22 23:59:59.999,131674900.63275
2021-08-23,0.08801,0.09175,0.0877,0.08999,1822378633.0,2021-08-23 23:59:59.999,164176384.65386
2021-08-24,0.08999,0.09114,0.08358,0.08458,2019091926.0,2021-08-24 23:59:59.999,177399378.01458
2021-08-25,0.08458,0.08778,0.08287,0.08755,1678276226.0,2021-08-25 23:59:59.999,143612022.52454
2021-08-26,0.08755,0.08845,0.08178,0.08297,1791616556.0,2021-08-26 23:59:59.999,150929113.74681
2021-08-27,0.08298,0.08837,0.08143,0.08828,1788378752.0,2021-08-27 23:59:59.999,151486740.9274
2021-08-28,0.08831,0.08894,0.08637,0.08837,1174061613.0,2021-08-28 23:59:59.999,102641751.70575
2021-08-29,0.08839,0.09055,0.08671,0.08846,1950971525.0,2021-08-29 23:59:59.999,173039030.16132
2021-08-30,0.08848,0.08912,0.08562,0.0862,1230776440.0,2021-08-30 23:59:59.999,107537666.90836
2021-08-31,0.08621,0.0909,0.0851,0.08888,2128451092.0,2021-08-31 23:59:59.999,188123159.3578
2021-09-01,0.08888,0.09548,0.08727,0.09515,2418100858.0,2021-09-01 23:59:59.999,221823889.62686
2021-09-02,0.09515,0.10229,0.09451,0.09961,4097464788.0,2021-09-02 23:59:59.999,406009031.29653
2021-09-03,0.09962,0.10614,0.09762,0.10174,3716453409.0,2021-09-03 23:59:59.999,382910893.10389
2021-09-04,0.10174,0.10359,0.0994,0.10156,1746764025.0,2021-09-04 23:59:59.999,177572534.5127
2021-09-05,0.10158,0.10545,0.10106,0.10537,1842063585.0,2021-09-05 23:59:59.999,190131346.12113
2021-09-06,0.10536,0.10751,0.10082,0.10393,2054347510.0,2021-09-06 23:59:59.999,213976104.6933
2021-09-07,0.10389,0.10607,0.07405,0.08529,4670332098.0,2021-09-07 23:59:59.999,424960946.63682
2021-09-08,0.0853,0.09667,0.08314,0.09271,4997361620.0,2021-09-08 23:59:59.999,454879322.44094
2021-09-09,0.09271,0.09486,0.09,0.09303,2247430205.0,2021-09-09 23:59:59.999,208293918.48951
2021-09-10,0.09303,0.09585,0.0861,0.09071,2299970100.0,2021-09-10 23:59:59.999,209112876.5573
2021-09-11,0.0907,0.09707,0.0903,0.0956,2283188650.0,2021-09-11 23:59:59.999,216351357.23476
2021-09-12,0.0956,0.11855,0.09353,0.11254,11924226631.0,2021-09-12 23:59:59.999,1322041568.81826
2021-09-13,0.11251,0.11721,0.09802,0.10463,7351757581.0,2021-09-13 23:59:59.999,782939972.55094
2021-09-14,0.10465,0.1205,0.1041,0.1183,9198169228.0,2021-09-14 23:59:59.999,1061470890.26244
2021-09-15,0.1183,0.12316,0.11321,0.12078,4812945916.0,2021-09-15 23:59:59.999,567402397.82303
2021-09-16,0.1208,0.12252,0.11206,0.11602,4175282678.0,2021-09-16 23:59:59.999,485640260.61612
2021-09-17,0.11601,0.12061,0.10319,0.10546,5592588440.0,2021-09-17 23:59:59.999,619325831.44684
2021-09-18,0.10546,0.1091,0.1033,0.10587,2333520718.0,2021-09-18 23:59:59.999,249114634.45315
2021-09-19,0.10584,0.10761,0.10226,0.10372,1854949376.0,2021-09-19 23:59:59.999,194646973.12502
2021-09-20,0.10371,0.10376,0.0892,0.0913,4878885631.0,2021-09-20 23:59:59.999,463327725.91457
2021-09-21,0.0913,0.09567,0.08633,0.08819,4300045638.0,2021-09-21 23:59:59.999,394215009.47476
2021-09-22,0.08819,0.09875,0.0865,0.0987,2250740572.0,2021-09-22 23:59:59.999,208996512.66764
2021-09-23,0.0987,0.10065,0.096,0.09918,1464795726.0,2021-09-23 23:59:59.999,143942185.73636
2021-09-24,0.09918,0.09938,0.08598,0.0922,2544145894.0,2021-09-24 23:59:59.999,234377150.54559
2021-09-25,0.09219,0.09372,0.0892,0.09049,1410022731.0,2021-09-25 23:59:59.999,128740597.2873
2021-09-26,0.0905,0.0908,0.08303,0.08766,1870384944.0,2021-09-26 23:59:59.999,163419314.6885
2021-09-27,0.08765,0.09056,0.08578,0.08589,1360190188.0,2021-09-27 23:59:59.999,120575223.38855
2021-09-28,0.08587,0.08717,0.08281,0.08297,1458884776.0,2021-09-28 23:59:59.999,124181322.00782
2021-09-29,0.08298,0.08795,0.08249,0.08578,1263785529.0,2021-09-29 23:59:59.999,108516188.88788
2021-09-30,0.08579,0.0896,0.08544,0.08942,1192596110.0,2021-09-30 23:59:59.999,105190438.47958
2021-10-01,0.08941,0.09486,0.08843,0.09484,1734349837.0,2021-10-01 23:59:59.999,160082420.79195
2021-10-02,0.09485,0.09589,0.09236,0.09334,1329178311.0,2021-10-02 23:59:59.999,125157147.36771
2021-10-03,0.09333,0.09675,0.09256,0.09495,1399822131.0,2021-10-03 23:59:59.999,132682900.74141
2021-10-04,0.09496,0.09521,0.08977,0.09353,1542895833.0,2021-10-04 23:59:59.999,142649913.15269
2021-10-05,0.09355,0.0986,0.09292,0.09628,1851105177.0,2021-10-05 23:59:59.999,176757513.70413
2021-10-06,0.09629,0.09731,0.09111,0.09554,1963086045.0,2021-10-06 23:59:59.999,185817690.10155
2021-10-07,0.09557,0.0985,0.09336,0.09558,2000330573.0,2021-10-07 23:59:59.999,192019689.69785
2021-10-08,0.09559,0.09957,0.09533,0.09775,1795752225.0,2021-10-08 23:59:59.999,175756251.37904
2021-10-09,0.09779,0.10562,0.09704,0.10314,2724415808.0,2021-10-09 23:59:59.999,279322728.78155
2021-10-10,0.10314,0.10319,0.09713,0.09746,1711857658.0,2021-10-10 23:59:59.999,172586214.25901
2021-10-11,0.09745,0.101,0.09522,0.09709,1307862910.0,2021-10-11 23:59:59.999,128710166.79054
2021-10-12,0.09709,0.0971,0.09137,0.09556,1533953144.0,2021-10-12 23:59:59.999,144383373.39458
2021-10-13,0.09554,0.09805,0.09339,0.09797,1132754487.0,2021-10-13 23:59:59.999,108102315.71462
2021-10-14,0.09797,0.09961,0.09645,0.09739,1147033498.0,2021-10-14 23:59:59.999,112304013.84935
2021-10-15,0.09739,0.10322,0.09506,0.09868,2483012713.0,2021-10-15 23:59:59.999,245338274.23736
2021-10-16,0.09866,0.10114,0.09807,0.09877,1092675511.0,2021-10-16 23:59:59.999,108665430.86381
2021-10-17,0.09876,0.10232,0.09607,0.0988,1952744227.0,2021-10-17 23:59:59.999,194744543.70216
2021-10-18,0.09878,0.09951,0.09692,0.09819,1214582423.0,2021-10-18 23:59:59.999,119360303.47378
2021-10-19,0.09819,0.10105,0.09789,0.10061,1519261140.0,2021-10-19 23:59:59.999,151775137.0576
2021-10-20,0.10062,0.10625,0.10015,0.10337,2890355115.0,2021-10-20 23:59:59.999,298871562.16376
2021-10-21,0.10336,0.1061,0.09943,0.09968,2620801057.0,2021-10-21 23:59:59.999,269627959.65826
2021-10-22,0.09967,0.10254,0.09857,0.09992,1539150546.0,2021-10-22 23:59:59.999,154710053.56186
2021-10-23,0.09992,0.1013,0.09883,0.10081,1028373147.0,2021-10-23 23:59:59.999,102935649.54647
2021-10-24,0.10081,0.10163,0.09719,0.09923,1361006304.0,2021-10-24 23:59:59.999,135658418.18826
2021-10-25,0.09923,0.10192,0.09879,0.10079,1223824009.0,2021-10-25 23:59:59.999,123391295.3608
2021-10-26,0.10078,0.10602,0.1002,0.10126,3212163607.0,2021-10-26 23:59:59.999,332239605.63341
2021-10-27,0.10126,0.10283,0.08675,0.09061,2748567256.0,2021-10-27 23:59:59.999,259595785.19712
2021-10-28,0.09062,0.0963,0.0905,0.09528,2059030403.0,2021-10-28 23:59:59.999,193378717.59347
2021-10-29,0.0953,0.0997,0.09464,0.09968,1487725413.0,2021-10-29 23:59:59.999,144524929.39543
2021-10-30,0.09967,0.10482,0.09788,0.10122,2950115340.0,2021-10-30 23:59:59.999,299387850.39146
2021-10-31,0.1012,0.10254,0.0975,0.1016,2217265967.0,2021-10-31 23:59:59.999,222299713.72944
2021-11-01,0.10161,0.10222,0.09787,0.10059,1390671819.0,2021-11-01 23:59:59.999,139751099.31669
2021-11-02,0.1006,0.11074,0.09989,0.10758,2953198941.0,2021-11-02 23:59:59.999,314216773.22846
2021-11-03,0.10758,0.10944,0.10204,0.10604,2744874062.0,2021-11-03 23:59:59.999,289910589.45661
2021-11-04,0.10605,0.10733,0.10152,0.10339,1461661281.0,2021-11-04 23:59:59.999,152610606.35026
2021-11-05,0.10338,0.1063,0.10218,0.10354,1182758423.0,2021-11-05 23:59:59.999,123303342.07796
2021-11-06,0.10354,0.10438,0.09942,0.10261,925941653.0,2021-11-06 23:59:59.999,94374465.57098
2021-11-07,0.10262,0.10498,0.10203,0.10463,861582185.0,2021-11-07 23:59:59.999,89372644.69626
2021-11-08,0.10463,0.11016,0.10451,0.11012,1695921677.0,2021-11-08 23:59:59.999,182160409.02329
2021-11-09,0.11013,0.11566,0.10865,0.11451,2504939905.0,2021-11-09 23:59:59.999,282794859.20433
2021-11-10,0.11451,0.11772,0.10237,0.10661,3120987709.0,2021-11-10 23:59:59.999,350813034.29512
2021-11-11,0.1066,0.11056,0.10482,0.10896,1397825532.0,2021-11-11 23:59:59.999,151853306.56174
2021-11-12,0.10895,0.11099,0.1047,0.10804,1229780128.0,2021-11-12 23:59:59.999,132727112.37295
2021-11-13,0.10805,0.11436,0.10752,0.1126,1698966294.0,2021-11-13 23:59:59.999,189544753.33228
2021-11-14,0.11261,0.11753,0.11061,0.11711,2522159830.0,2021-11-14 23:59:59.999,289482447.87713
2021-11-15,0.11711,0.12946,0.11577,0.12391,6972755571.0,2021-11-15 23:59:59.999,868604135.908
2021-11-16,0.12391,0.12395,0.10489,0.10937,5562491530.0,2021-11-16 23:59:59.999,630262375.98106
2021-11-17,0.10936,0.1138,0.10672,0.11129,2571850301.0,2021-11-17 23:59:59.999,284469002.34883
2021-11-18,0.11129,0.11263,0.09942,0.10041,2429591961.0,2021-11-18 23:59:59.999,256023734.32211
2021-11-19,0.10044,0.1056,0.09785,0.10386,1556960247.0,2021-11-19 23:59:59.999,159088323.38925
2021-11-20,0.10386,0.10576,0.10138,0.10523,1022590881.0,2021-11-20 23:59:59.999,106492985.11832
2021-11-21,0.10523,0.1097,0.10442,0.10654,1349368519.0,2021-11-21 23:59:59.999,144540812.81211
2021-11-22,0.10654,0.10705,0.10115,0.10184,1351816863.0,2021-11-22 23:59:59.999,139652604.50793
2021-11-23,0.10185,0.1035,0.101,0.10289,1010983595.0,2021-11-23 23:59:59.999,103687034.17304
2021-11-24,0.10292,0.10379,0.09628,0.09793,1230137568.0,2021-11-24 23:59:59.999,122132458.24834
2021-11-25,0.09791,0.10125,0.09723,0.10026,1042913893.0,2021-11-25 23:59:59.999,103954810.00734
2021-11-26,0.10027,0.10146,0.09015,0.09223,2087293963.0,2021-11-26 23:59:59.999,196440093.13907
2021-11-27,0.09223,0.09541,0.09181,0.09341,851962646.0,2021-11-27 23:59:59.999,80064827.40602
2021-11-28,0.09339,0.09534,0.08931,0.09519,1255373392.0,2021-11-28 23:59:59.999,115092697.23317
2021-11-29,0.09518,0.09723,0.09431,0.09658,948452776.0,2021-11-29 23:59:59.999,90766063.11675
2021-11-30,0.09658,0.09997,0.09491,0.09652,1221086265.0,2021-11-30 23:59:59.999,118872570.16503
2021-12-01,0.09653,0.10073,0.09579,0.09689,944115611.0,2021-12-01 23:59:59.999,92629102.586
2021-12-02,0.09688,0.09826,0.09491,0.09752,886029797.0,2021-12-02 23:59:59.999,85680174.63107
2021-12-03,0.0975,0.10198,0.09351,0.09387,1783195561.0,2021-12-03 23:59:59.999,174770879.38306
2021-12-04,0.09385,0.09397,0.07198,0.08684,3216787249.0,2021-12-04 23:59:59.999,268530940.74418
2021-12-05,0.08684,0.08777,0.08197,0.0843,1444487609.0,2021-12-05 23:59:59.999,122401788.6242
2021-12-06,0.08431,0.08758,0.07881,0.08721,2671153290.0,2021-12-06 23:59:59.999,223706177.01372
2021-12-07,0.08721,0.09259,0.0866,0.08994,1795400957.0,2021-12-07 23:59:59.999,161545070.15335
2021-12-08,0.08994,0.09379,0.08959,0.09234,1497305237.0,2021-12-08 23:59:59.999,137772242.88179
2021-12-09,0.09234,0.09337,0.08845,0.08854,1491930919.0,2021-12-09 23:59:59.999,135343558.93554
2021-12-10,0.08853,0.09325,0.08729,0.0876,1578170538.0,2021-12-10 23:59:59.999,142369507.45701
2021-12-11,0.08759,0.09179,0.0864,0.09157,952288395.0,2021-12-11 23:59:59.999,85491930.18449
2021-12-12,0.09156,0.09233,0.08968,0.09096,705048868.0,2021-12-12 23:59:59.999,64306506.70629
2021-12-13,0.09097,0.09149,0.08382,0.08489,1097607292.0,2021-12-13 23:59:59.999,95758717.09983
2021-12-14,0.08489,0.08767,0.08363,0.08703,892070191.0,2021-12-14 23:59:59.999,76460608.6779
2021-12-15,0.08703,0.08877,0.0828,0.0875,1114487118.0,2021-12-15 23:59:59.999,95978575.23721
2021-12-16,0.08751,0.0881,0.08513,0.0853,656423495.0,2021-12-16 23:59:59.999,57056002.41169
2021-12-17,0.08531,0.08598,0.07833,0.07946,2408081038.0,2021-12-17 23:59:59.999,196615508.12398
2021-12-18,0.07947,0.08229,0.07859,0.08038,929336550.0,2021-12-18 23:59:59.999,75031680.03924
2021-12-19,0.08038,0.08177,0.0793,0.07933,849787592.0,2021-12-19 23:59:59.999,68394532.97518
2021-12-20,0.07933,0.08004,0.0748,0.07753,1009415900.0,2021-12-20 23:59:59.999,78043398.9355
2021-12-21,0.07755,0.07928,0.07684,0.07879,811017015.0,2021-12-21 23:59:59.999,63450798.14163
2021-12-22,0.07879,0.08034,0.07829,0.07907,1123752332.0,2021-12-22 23:59:59.999,89358938.71428
2021-12-23,0.07908,0.08272,0.0779,0.0827,1162668376.0,2021-12-23 23:59:59.999,93355327.31188
2021-12-24,0.0827,0.08321,0.08022,0.08084,853856207.0,2021-12-24 23:59:59.999,70110469.09147
2021-12-25,0.08084,0.08217,0.08011,0.08148,612118507.0,2021-12-25 23:59:59.999,49721474.77713
2021-12-26,0.0815,0.08189,0.07959,0.08144,769387973.0,2021-12-26 23:59:59.999,62151339.64249
2021-12-27,0.08145,0.08278,0.08082,0.08111,978437834.0,2021-12-27 23:59:59.999,80060808.03573
2021-12-28,0.08111,0.08113,0.07669,0.07709,1423446680.0,2021-12-28 23:59:59.999,111904851.93982
2021-12-29,0.07706,0.08002,0.07601,0.07642,1754308216.0,2021-12-29 23:59:59.999,136916792.4312
2021-12-30,0.07641,0.07858,0.0755,0.07779,932870302.0,2021-12-30 23:59:59.999,72132705.57064
2021-12-31,0.07777,0.07931,0.07346,0.07533,1456287683.0,2021-12-31 23:59:59.999,111904601.89199
2022-01-01,0.07531,0.07682,0.07517,0.07654,681051535.0,2022-01-01 23:59:59.999,51821383.5041
2022-01-02,0.07654,0.07832,0.07595,0.07762,707939935.0,2022-01-02 23:59:59.999,54542218.45266
2022-01-03,0.07762,0.07818,0.07616,0.07702,922128606.0,2022-01-03 23:59:59.999,71265169.21296
2022-01-04,0.07701,0.07808,0.0757,0.0759,900189134.0,2022-01-04 23:59:59.999,69176583.74591
2022-01-05,0.07591,0.07745,0.0689,0.07106,1623416042.0,2022-01-05 23:59:59.999,120892393.91341
2022-01-06,0.07106,0.07143,0.06916,0.07103,1083874539.0,2022-01-06 23:59:59.999,76239478.41462
2022-01-07,0.07101,0.07117,0.06639,0.06819,1551148496.0,2022-01-07 23:59:59.999,105591612.74833
2022-01-08,0.06819,0.06918,0.06393,0.06534,1312394577.0,2022-01-08 23:59:59.999,87441985.51895
2022-01-09,0.06535,0.06723,0.06485,0.0661,828989147.0,2022-01-09 23:59:59.999,54680377.64198
2022-01-10,0.06609,0.06688,0.06104,0.06339,1832549522.0,2022-01-10 23:59:59.999,116756298.84345
2022-01-11,0.0634,0.06567,0.06289,0.06486,1183635216.0,2022-01-11 23:59:59.999,76052765.74646
2022-01-12,0.06489,0.06833,0.06489,0.06804,972427774.0,2022-01-12 23:59:59.999,65140951.02202
2022-01-13,0.06802,0.06856,0.06584,0.06614,1125169857.0,2022-01-13 23:59:59.999,75640646.58333
2022-01-14,0.06613,0.06852,0.0658,0.06758,1187824786.0,2022-01-14 23:59:59.999,79813449.14601
2022-01-15,0.06758,0.06931,0.0669,0.06838,833905110.0,2022-01-15 23:59:59.999,56822631.63178
2022-01-16,0.06836,0.07035,0.06822,0.06984,879018179.0,2022-01-16 23:59:59.999,61146615.86511
2022-01-17,0.06984,0.0724,0.06881,0.07081,1883849397.0,2022-01-17 23:59:59.999,133087482.95916
2022-01-18,0.07082,0.07135,0.06734,0.0684,1404855667.0,2022-01-18 23:59:59.999,96518733.80905
2022-01-19,0.06841,0.0696,0.06606,0.06911,1604979497.0,2022-01-19 23:59:59.999,109513803.59041
2022-01-20,0.06911,0.072,0.06733,0.06763,1948631575.0,2022-01-20 23:59:59.999,135824393.02903
2022-01-21,0.06762,0.06858,0.05966,0.06099,2629774541.0,2022-01-21 23:59:59.999,170281004.99937
2022-01-22,0.06097,0.062,0.0524,0.05675,3620801263.0,2022-01-22 23:59:59.999,205678240.00858
2022-01-23,0.05677,0.05849,0.05527,0.05749,1918606016.0,2022-01-23 23:59:59.999,109401261.94632
2022-01-24,0.05748,0.05754,0.05091,0.05503,2764498315.0,2022-01-24 23:59:59.999,148105770.11119
2022-01-25,0.05502,0.05616,0.05421,0.05583,1394808279.0,2022-01-25 23:59:59.999,76962342.05505
2022-01-26,0.05584,0.05894,0.05525,0.05616,1614458442.0,2022-01-26 23:59:59.999,91883451.76216
2022-01-27,0.05617,0.05713,0.05436,0.05645,1203157362.0,2022-01-27 23:59:59.999,67115060.19228
2022-01-28,0.05645,0.05766,0.05573,0.05756,935372629.0,2022-01-28 23:59:59.999,52967627.05468
2022-01-29,0.05756,0.06036,0.05708,0.0603,926698704.0,2022-01-29 23:59:59.999,54515451.44286
2022-01-30,0.06031,0.06051,0.05815,0.05856,1004742561.0,2022-01-30 23:59:59.999,59881751.63472
2022-01-31,0.05857,0.05934,0.05655,0.059,1159580679.0,2022-01-31 23:59:59.999,67186100.3597
2022-02-01,0.05902,0.06023,0.05874,0.05977,820150866.0,2022-02-01 23:59:59.999,48850917.61158
2022-02-02,0.05976,0.06151,0.05836,0.05842,1144839634.0,2022-02-02 23:59:59.999,68852009.11695
2022-02-03,0.05843,0.05983,0.05811,0.05979,982571610.0,2022-02-03 23:59:59.999,57880387.58865
2022-02-04,0.05978,0.06459,0.05959,0.06439,1823089540.0,2022-02-04 23:59:59.999,114203219.88714
2022-02-05,0.0644,0.06615,0.06348,0.0646,1196627507.0,2022-02-05 23:59:59.999,77661764.71598
2022-02-06,0.0646,0.06633,0.06425,0.06613,835822638.0,2022-02-06 23:59:59.999,54539896.55065
2022-02-07,0.06613,0.06933,0.06517,0.0685,1244712978.0,2022-02-07 23:59:59.999,84235918.17983
2022-02-08,0.0685,0.07024,0.0667,0.06801,1466689327.0,2022-02-08 23:59:59.999,100155359.2586
2022-02-09,0.06802,0.07002,0.06731,0.06986,1045448002.0,2022-02-09 23:59:59.999,71778200.8511
2022-02-10,0.06986,0.07164,0.06829,0.06844,1720073257.0,2022-02-10 23:59:59.999,120450697.88989
2022-02-11,0.06843,0.06844,0.06325,0.06392,1559754139.0,2022-02-11 23:59:59.999,103373577.22249
2022-02-12,0.06392,0.06504,0.06201,0.06348,1263616649.0,2022-02-12 23:59:59.999,80469274.424
2022-02-13,0.06349,0.06499,0.06311,0.06423,802299370.0,2022-02-13 23:59:59.999,51502887.33239
2022-02-14,0.06422,0.06541,0.06317,0.06437,1225953631.0,2022-02-14 23:59:59.999,78719910.3787
2022-02-15,0.06438,0.06698,0.06432,0.06683,1032642899.0,2022-02-15 23:59:59.999,68156841.80624
2022-02-16,0.06683,0.06692,0.06541,0.06636,832365669.0,2022-02-16 23:59:59.999,55120251.50727
2022-02-17,0.06636,0.06711,0.0619,0.0624,1294097826.0,2022-02-17 23:59:59.999,83921146.94847
2022-02-18,0.06241,0.06408,0.06195,0.06299,975563103.0,2022-02-18 23:59:59.999,61581039.08172
2022-02-19,0.06299,0.06438,0.06279,0.06344,1156083017.0,2022-02-19 23:59:59.999,73695889.17723
2022-02-20,0.06344,0.06353,0.06094,0.06195,1140211511.0,2022-02-20 23:59:59.999,70585255.78149
2022-02-21,0.06195,0.06366,0.05899,0.05941,1647180775.0,2022-02-21 23:59:59.999,102102645.65041
2022-02-22,0.05942,0.06276,0.05895,0.06259,1791173708.0,2022-02-22 23:59:59.999,109010343.77397
2022-02-23,0.06259,0.06385,0.06057,0.06072,1439529274.0,2022-02-23 23:59:59.999,90268640.85178
2022-02-24,0.06072,0.06193,0.05599,0.06101,3010500161.0,2022-02-24 23:59:59.999,176673698.33618
2022-02-25,0.06101,0.0628,0.0554,0.05935,3452819214.0,2022-02-25 23:59:59.999,203283255.12447
2022-02-26,0.05935,0.06157,0.05866,0.05955,2190146938.0,2022-02-26 23:59:59.999,131103410.84515
2022-02-27,0.05955,0.06072,0.05722,0.05801,1861620740.0,2022-02-27 23:59:59.999,110376886.36165
2022-02-28,0.058,0.06406,0.05736,0.06173,1577301729.0,2022-02-28 23:59:59.999,94146126.40029
2022-03-01,0.06173,0.06282,0.06096,0.06216,1439012061.0,2022-03-01 23:59:59.999,88989260.72396
2022-03-02,0.06216,0.06293,0.06072,0.06149,1175963875.0,2022-03-02 23:59:59.999,72734501.44135
2022-03-03,0.0615,0.06159,0.059,0.05988,1033684327.0,2022-03-03 23:59:59.999,62338729.2306
2022-03-04,0.05988,0.06017,0.05739,0.05824,1257280109.0,2022-03-04 23:59:59.999,73806654.21966
2022-03-05,0.05824,0.0609,0.05759,0.0603,1453048704.0,2022-03-05 23:59:59.999,86411856.04963
2022-03-06,0.06031,0.06087,0.05855,0.05881,1241753660.0,2022-03-06 23:59:59.999,74408840.95368
2022-03-07,0.0588,0.06062,0.05771,0.0585,1190020668.0,2022-03-07 23:59:59.999,70259888.05176
2022-03-08,0.05849,0.06114,0.05838,0.0605,1177743456.0,2022-03-08 23:59:59.999,71024924.49146
2022-03-09,0.0605,0.06262,0.06027,0.06073,1490039171.0,2022-03-09 23:59:59.999,91484107.0252
2022-03-10,0.06073,0.06081,0.05774,0.05984,2151635427.0,2022-03-10 23:59:59.999,126809958.0762
2022-03-11,0.05983,0.06088,0.05886,0.06018,1380957164.0,2022-03-11 23:59:59.999,82799653.75712
2022-03-12,0.06018,0.06071,0.0595,0.0596,841768153.0,2022-03-12 23:59:59.999,50477445.81342
2022-03-13,0.05961,0.06027,0.05882,0.05926,724429994.0,2022-03-13 23:59:59.999,43268990.81061
2022-03-14,0.05927,0.06043,0.05882,0.06001,962780509.0,2022-03-14 23:59:59.999,57654231.44278
2022-03-15,0.06001,0.06065,0.05949,0.06045,954759824.0,2022-03-15 23:59:59.999,57382942.33188
2022-03-16,0.06045,0.06154,0.05933,0.06105,1145116562.0,2022-03-16 23:59:59.999,69217878.96561
2022-03-17,0.06106,0.06111,0.06049,0.06067,581951933.0,2022-03-17 23:59:59.999,35391100.69468
2022-03-18,0.06067,0.06185,0.06001,0.0616,784503143.0,2022-03-18 23:59:59.999,47679759.08737
2022-03-19,0.0616,0.06218,0.06122,0.0619,740103860.0,2022-03-19 23:59:59.999,45663434.55684
2022-03-20,0.06189,0.06247,0.06076,0.0615,877814584.0,2022-03-20 23:59:59.999,54029975.74357
2022-03-21,0.0615,0.06187,0.06068,0.06175,744308035.0,2022-03-21 23:59:59.999,45690118.59117
2022-03-22,0.06175,0.06392,0.06157,0.0634,1056568285.0,2022-03-22 23:59:59.999,66585149.75521
2022-03-23,0.0634,0.0649,0.06314,0.06428,1072540923.0,2022-03-23 23:59:59.999,68684318.34285
2022-03-24,0.06429,0.06596,0.0637,0.06563,1030782351.0,2022-03-24 23:59:59.999,66889399.1299
2022-03-25,0.06563,0.06667,0.06378,0.06433,1055252790.0,2022-03-25 23:59:59.999,69057311.30547
2022-03-26,0.06433,0.06639,0.06377,0.06629,959024142.0,2022-03-26 23:59:59.999,62105764.55096
2022-03-27,0.06629,0.06954,0.06576,0.06896,1678840146.0,2022-03-27 23:59:59.999,113629162.91219
2022-03-28,0.06896,0.07199,0.06844,0.06914,1756642608.0,2022-03-28 23:59:59.999,123666588.02845
2022-03-29,0.06913,0.07253,0.06826,0.0694,1757611711.0,2022-03-29 23:59:59.999,124404612.04292
2022-03-30,0.0694,0.07453,0.0674,0.07337,3318843076.0,2022-03-30 23:59:59.999,238127416.84955
2022-03-31,0.07338,0.07965,0.07301,0.07395,4423356396.0,2022-03-31 23:59:59.999,336647365.8512
2022-04-01,0.07394,0.07515,0.07128,0.07497,1607831931.0,2022-04-01 23:59:59.999,117715647.44893
2022-04-02,0.07497,0.07652,0.07278,0.07323,1276054903.0,2022-04-02 23:59:59.999,95519473.01643
2022-04-03,0.07323,0.07376,0.07208,0.07313,832189182.0,2022-04-03 23:59:59.999,60646355.86854
2022-04-04,0.07313,0.07319,0.06876,0.07071,1130947679.0,2022-04-04 23:59:59.999,80171065.53733
2022-04-05,0.07072,0.07184,0.06913,0.06927,885102078.0,2022-04-05 23:59:59.999,62437674.83439
2022-04-06,0.06927,0.06937,0.06291,0.06301,1574306787.0,2022-04-06 23:59:59.999,103660926.29054
2022-04-07,0.06302,0.06478,0.06257,0.06428,1061026843.0,2022-04-07 23:59:59.999,67627297.50946
2022-04-08,0.06429,0.06517,0.06205,0.06254,1042433071.0,2022-04-08 23:59:59.999,66317465.72958
2022-04-09,0.06255,0.06402,0.0622,0.06391,816154164.0,2022-04-09 23:59:59.999,51472637.99698
2022-04-10,0.06392,0.06429,0.0621,0.06231,778075988.0,2022-04-10 23:59:59.999,49277891.75748
2022-04-11,0.0623,0.06248,0.05762,0.0582,1390676766.0,2022-04-11 23:59:59.999,83166800.72755
2022-04-12,0.05819,0.0604,0.05786,0.05988,893726458.0,2022-04-12 23:59:59.999,52988605.16257
2022-04-13,0.05988,0.0615,0.05929,0.06147,849489358.0,2022-04-13 23:59:59.999,51322833.04381
2022-04-14,0.06149,0.06214,0.05932,0.06009,1095731280.0,2022-04-14 23:59:59.999,66665977.37104
2022-04-15,0.0601,0.06221,0.05979,0.06179,865224544.0,2022-04-15 23:59:59.999,53059539.56802
2022-04-16,0.06179,0.06226,0.06084,0.06185,558036139.0,2022-04-16 23:59:59.999,34443692.24098
2022-04-17,0.06186,0.06288,0.05977,0.06003,839186718.0,2022-04-17 23:59:59.999,51823294.54987
2022-04-18,0.06004,0.06165,0.05879,0.06146,1196611827.0,2022-04-18 23:59:59.999,72009488.36647
2022-04-19,0.06146,0.06361,0.06107,0.06311,938828316.0,2022-04-19 23:59:59.999,58422524.02321
2022-04-20,0.0631,0.06346,0.06175,0.0626,901517130.0,2022-04-20 23:59:59.999,56536538.96935
2022-04-21,0.06259,0.07487,0.06237,0.0711,17607637344.0,2022-04-21 23:59:59.999,1260099299.10506
2022-04-22,0.07111,0.07249,0.0663,0.06656,9025390345.0,2022-04-22 23:59:59.999,617041272.60207
2022-04-23,0.06656,0.0693,0.06643,0.06759,2523777737.0,2022-04-23 23:59:59.999,171563332.07483
2022-04-24,0.06759,0.06792,0.06454,0.06562,1984516277.0,2022-04-24 23:59:59.999,130875118.15154
2022-04-25,0.06563,0.06577,0.06169,0.06528,2509741560.0,2022-04-25 23:59:59.999,159349626.68873
2022-04-26,0.06528,0.06567,0.06148,0.06184,1665352244.0,2022-04-26 23:59:59.999,105829271.21613
2022-04-27,0.06185,0.06373,0.06162,0.06315,1207702281.0,2022-04-27 23:59:59.999,75824926.6961
2022-04-28,0.06315,0.06407,0.06242,0.06368,1064640299.0,2022-04-28 23:59:59.999,67491749.42692
2022-04-29,0.06369,0.07006,0.06262,0.06363,7519789121.0,2022-04-29 23:59:59.999,501552112.36206
2022-04-30,0.06363,0.06524,0.06177,0.06255,2901598861.0,2022-04-30 23:59:59.999,184482442.19575
2022-05-01,0.06255,0.07171,0.0615,0.07078,9410157962.0,2022-05-01 23:59:59.999,634207990.20002
2022-05-02,0.07077,0.07367,0.06444,0.06893,10024482951.0,2022-05-02 23:59:59.999,696488260.17879
2022-05-03,0.06892,0.07528,0.06808,0.07254,9979823534.0,2022-05-03 23:59:59.999,715622797.06241
2022-05-04,0.07255,0.08707,0.06988,0.08627,18788812691.0,2022-05-04 23:59:59.999,1460935514.36466
2022-05-05,0.08627,0.09,0.0715,0.07445,17446016554.0,2022-05-05 23:59:59.999,1417142010.43069
2022-05-06,0.07445,0.08845,0.0726,0.08624,20827905607.0,2022-05-06 23:59:59.999,1696526594.98723
2022-05-07,0.08625,0.089,0.07971,0.08346,22064723018.0,2022-05-07 23:59:59.999,1857944287.36353
2022-05-08,0.08346,0.09285,0.0801,0.08796,19933124033.0,2022-05-08 23:59:59.999,1708914713.22033
2022-05-09,0.08795,0.0882,0.07188,0.07258,21049836762.0,2022-05-09 23:59:59.999,1671832937.10313
2022-05-10,0.07257,0.08248,0.07127,0.07688,14217259407.0,2022-05-10 23:59:59.999,1110891559.54098
2022-05-11,0.07687,0.08662,0.06106,0.0748,25129714926.0,2022-05-11 23:59:59.999,1817935471.73912
2022-05-12,0.0748,0.08222,0.06543,0.06719,13314188455.0,2022-05-12 23:59:59.999,967163628.78886
2022-05-13,0.06718,0.07654,0.0663,0.07424,7220088608.0,2022-05-13 23:59:59.999,525596529.11422
2022-05-14,0.07424,0.07608,0.0705,0.07237,4766494013.0,2022-05-14 23:59:59.999,348857800.47468
2022-05-15,0.07237,0.07281,0.0675,0.07234,4905036382.0,2022-05-15 23:59:59.999,342335328.43568
2022-05-16,0.07235,0.07243,0.06681,0.06909,3811974851.0,2022-05-16 23:59:59.999,263977334.31447
2022-05-17,0.06909,0.07402,0.06878,0.07222,3225219960.0,2022-05-17 23:59:59.999,229118648.09986
2022-05-18,0.07221,0.07283,0.06927,0.07095,2962487096.0,2022-05-18 23:59:59.999,210761145.46773
2022-05-19,0.07095,0.07509,0.06989,0.07355,4699268917.0,2022-05-19 23:59:59.999,342943839.29072
2022-05-20,0.07355,0.07507,0.0698,0.07114,3860331787.0,2022-05-20 23:59:59.999,281347936.53427
2022-05-21,0.07114,0.07586,0.07029,0.07397,2815265595.0,2022-05-21 23:59:59.999,206552307.36357
2022-05-22,0.07396,0.07866,0.07353,0.07813,2435454605.0,2022-05-22 23:59:59.999,185172323.1941
2022-05-23,0.07812,0.08264,0.07571,0.0761,4991970580.0,2022-05-23 23:59:59.999,393964616.13633
2022-05-24,0.07608,0.08315,0.07588,0.08059,8149982596.0,2022-05-24 23:59:59.999,656420157.7561
2022-05-25,0.08059,0.08863,0.07966,0.08467,6540492413.0,2022-05-25 23:59:59.999,543960415.66137
2022-05-26,0.08467,0.0866,0.07856,0.08219,9444248579.0,2022-05-26 23:59:59.999,782415332.75177
2022-05-27,0.0822,0.08397,0.07827,0.08082,6220584767.0,2022-05-27 23:59:59.999,501520410.55496
2022-05-28,0.08081,0.08276,0.07891,0.08114,3009110581.0,2022-05-28 23:59:59.999,244002972.74529
2022-05-29,0.08114,0.08232,0.07806,0.08052,2923376797.0,2022-05-29 23:59:59.999,235317107.83348
2022-05-30,0.08051,0.08446,0.08012,0.08321,3481252785.0,2022-05-30 23:59:59.999,287885326.61602
2022-05-31,0.08321,0.08456,0.07923,0.08443,3673985788.0,2022-05-31 23:59:59.999,298561004.40438
2022-06-01,0.08441,0.09242,0.08204,0.08352,11826182652.0,2022-06-01 23:59:59.999,1035187871.63138
2022-06-02,0.08351,0.08567,0.08101,0.08425,4750932240.0,2022-06-02 23:59:59.999,395598236.0623
2022-06-03,0.08425,0.08644,0.08026,0.08104,3115601146.0,2022-06-03 23:59:59.999,257701815.75017
2022-06-04,0.08105,0.08131,0.07605,0.08037,4127218638.0,2022-06-04 23:59:59.999,326018265.70483
2022-06-05,0.08037,0.08269,0.07909,0.08143,2132701899.0,2022-06-05 23:59:59.999,172810633.99051
2022-06-06,0.08144,0.08487,0.081,0.08155,2600935659.0,2022-06-06 23:59:59.999,215759189.97306
2022-06-07,0.08155,0.0831,0.07876,0.08179,3044582574.0,2022-06-07 23:59:59.999,246078911.63621
2022-06-08,0.08178,0.08264,0.07951,0.08057,1923500978.0,2022-06-08 23:59:59.999,155360676.67773
2022-06-09,0.08057,0.08193,0.07995,0.08097,1428582206.0,2022-06-09 23:59:59.999,115770985.53858
2022-06-10,0.08096,0.08159,0.07866,0.07884,1966745870.0,2022-06-10 23:59:59.999,157487859.82239
2022-06-11,0.07884,0.08035,0.07457,0.07615,2666235124.0,2022-06-11 23:59:59.999,205992700.65408
2022-06-12,0.07615,0.0786,0.0739,0.07605,3892150505.0,2022-06-12 23:59:59.999,297372245.5811
2022-06-13,0.07604,0.07665,0.05952,0.06381,25188990435.0,2022-06-13 23:59:59.999,1621545407.16182
2022-06-14,0.06382,0.06498,0.05147,0.05555,22583015889.0,2022-06-14 23:59:59.999,1305199132.66382
2022-06-15,0.05553,0.064,0.04567,0.06295,45724912085.0,2022-06-15 23:59:59.999,2452560158.88433
2022-06-16,0.06294,0.06575,0.05807,0.05919,14902512106.0,2022-06-16 23:59:59.999,908866706.52834
2022-06-17,0.0592,0.06333,0.05853,0.05982,6958373281.0,2022-06-17 23:59:59.999,421612079.65135
2022-06-18,0.05983,0.06391,0.05683,0.06082,10701457001.0,2022-06-18 23:59:59.999,643357245.79615
2022-06-19,0.06083,0.06299,0.05812,0.06125,7588529776.0,2022-06-19 23:59:59.999,459462525.09115
2022-06-20,0.06125,0.06223,0.05932,0.06108,4259838394.0,2022-06-20 23:59:59.999,258861190.13014
2022-06-21,0.06108,0.06683,0.0609,0.06487,4335676318.0,2022-06-21 23:59:59.999,278037314.89537
2022-06-22,0.06487,0.06578,0.06283,0.06301,2761201619.0,2022-06-22 23:59:59.999,177091253.77675
2022-06-23,0.06302,0.06464,0.06157,0.06372,2107324710.0,2022-06-23 23:59:59.999,133330315.96098
2022-06-24,0.06371,0.06678,0.06352,0.06578,2071193625.0,2022-06-24 23:59:59.999,134659873.35675
2022-06-25,0.06577,0.06628,0.06351,0.06473,1247695945.0,2022-06-25 23:59:59.999,80957225.70923
2022-06-26,0.06473,0.06588,0.06388,0.06496,1312151538.0,2022-06-26 23:59:59.999,85213535.31705
2022-06-27,0.06495,0.07043,0.06481,0.06698,4176715401.0,2022-06-27 23:59:59.999,284691771.04294
2022-06-28,0.06698,0.0683,0.06501,0.0658,2756327155.0,2022-06-28 23:59:59.999,183863707.95268
2022-06-29,0.0658,0.06654,0.06388,0.06482,1972063650.0,2022-06-29 23:59:59.999,128616393.63367
2022-06-30,0.06483,0.06597,0.06168,0.06475,2694390381.0,2022-06-30 23:59:59.999,171504229.0568
2022-07-01,0.06474,0.06697,0.06405,0.06505,2063986622.0,2022-07-01 23:59:59.999,134368080.76978
2022-07-02,0.06505,0.06546,0.06421,0.06465,850119163.0,2022-07-02 23:59:59.999,55183112.6755
2022-07-03,0.06466,0.06643,0.06235,0.06622,2015680552.0,2022-07-03 23:59:59.999,129378645.19791
2022-07-04,0.06622,0.06771,0.06538,0.06729,2210015384.0,2022-07-04 23:59:59.999,147003280.28396
2022-07-05,0.06729,0.06977,0.06645,0.06806,1850270896.0,2022-07-05 23:59:59.999,125466120.41521
2022-07-06,0.06807,0.06857,0.06663,0.06749,1225616805.0,2022-07-06 23:59:59.999,82805753.28981
2022-07-07,0.06749,0.06882,0.06602,0.06854,1477687628.0,2022-07-07 23:59:59.999,99511557.56894
2022-07-08,0.06855,0.06983,0.06755,0.06894,1288857269.0,2022-07-08 23:59:59.999,88536830.23287
2022-07-09,0.06893,0.07163,0.06887,0.06973,1212209983.0,2022-07-09 23:59:59.999,85249809.16289
2022-07-10,0.06973,0.07006,0.0671,0.06755,1008055384.0,2022-07-10 23:59:59.999,68858584.57974
2022-07-11,0.06755,0.0677,0.06442,0.06468,1125631170.0,2022-07-11 23:59:59.999,74176752.2509
2022-07-12,0.06468,0.06572,0.06427,0.06453,1055931357.0,2022-07-12 23:59:59.999,68606008.42313
2022-07-13,0.06452,0.0665,0.06352,0.06621,1504354122.0,2022-07-13 23:59:59.999,97685714.31976
2022-07-14,0.0662,0.06753,0.06492,0.06674,990165073.0,2022-07-14 23:59:59.999,65440218.12482
2022-07-15,0.06674,0.06795,0.06643,0.06698,660323236.0,2022-07-15 23:59:59.999,44350469.78853
2022-07-16,0.06699,0.06947,0.06602,0.06889,861489202.0,2022-07-16 23:59:59.999,58334676.93555
2022-07-17,0.06889,0.06935,0.06726,0.06738,654257053.0,2022-07-17 23:59:59.999,44701655.48263
2022-07-18,0.06739,0.07078,0.0672,0.06876,1461312174.0,2022-07-18 23:59:59.999,100965885.70634
2022-07-19,0.06875,0.06983,0.06754,0.06901,1432983950.0,2022-07-19 23:59:59.999,98339772.07693
2022-07-20,0.06902,0.07032,0.06703,0.06744,1370449936.0,2022-07-20 23:59:59.999,94341880.96023
2022-07-21,0.06745,0.0682,0.06631,0.06795,880456707.0,2022-07-21 23:59:59.999,59198684.71286
2022-07-22,0.06795,0.06904,0.06647,0.06692,801763832.0,2022-07-22 23:59:59.999,54500020.52058
2022-07-23,0.06691,0.06785,0.06585,0.0669,612913647.0,2022-07-23 23:59:59.999,40932642.88096
2022-07-24,0.0669,0.06777,0.06659,0.06677,561297974.0,2022-07-24 23:59:59.999,37715399.2584
2022-07-25,0.06676,0.06694,0.06354,0.06359,1049985356.0,2022-07-25 23:59:59.999,68241291.45333
2022-07-26,0.0636,0.06538,0.06283,0.0653,1104353816.0,2022-07-26 23:59:59.999,70837190.49252
2022-07-27,0.0653,0.06874,0.06496,0.06862,1296211023.0,2022-07-27 23:59:59.999,86239515.9048
2022-07-28,0.06863,0.07044,0.06743,0.06962,1170598887.0,2022-07-28 23:59:59.999,80538753.15912
2022-07-29,0.06963,0.07208,0.06811,0.06918,1318351970.0,2022-07-29 23:59:59.999,92152304.84671
2022-07-30,0.06917,0.07132,0.06886,0.06907,908262355.0,2022-07-30 23:59:59.999,63666789.67512
2022-07-31,0.06907,0.07081,0.0685,0.06878,685570213.0,2022-07-31 23:59:59.999,47780881.78432
2022-08-01,0.06877,0.07154,0.0682,0.06979,1076533483.0,2022-08-01 23:59:59.999,75115300.36432
2022-08-02,0.06979,0.07045,0.06767,0.06823,1209514515.0,2022-08-02 23:59:59.999,83004330.89679
2022-08-03,0.06824,0.06923,0.06717,0.06773,764243947.0,2022-08-03 23:59:59.999,52244208.42844
2022-08-04,0.06773,0.06957,0.06749,0.06884,911463759.0,2022-08-04 23:59:59.999,62361757.81088
2022-08-05,0.06885,0.0701,0.06805,0.06983,773770560.0,2022-08-05 23:59:59.999,53614864.78108
2022-08-06,0.06984,0.07059,0.06919,0.06939,533398732.0,2022-08-06 23:59:59.999,37302097.03086
2022-08-07,0.0694,0.07034,0.06903,0.06955,504203077.0,2022-08-07 23:59:59.999,35151732.7541
2022-08-08,0.06954,0.07108,0.06947,0.07004,668460952.0,2022-08-08 23:59:59.999,47004347.23262
2022-08-09,0.07003,0.07099,0.06815,0.06832,906846926.0,2022-08-09 23:59:59.999,62856896.74636
2022-08-10,0.06832,0.07044,0.06771,0.07032,754998826.0,2022-08-10 23:59:59.999,52347012.78049
2022-08-11,0.07033,0.07114,0.06991,0.0703,824798816.0,2022-08-11 23:59:59.999,58283358.34433
2022-08-12,0.07031,0.07072,0.06921,0.07038,739831189.0,2022-08-12 23:59:59.999,51800342.28218
2022-08-13,0.07038,0.07122,0.0695,0.0699,740624205.0,2022-08-13 23:59:59.999,52029209.46689
2022-08-14,0.0699,0.07241,0.06935,0.07032,1314299429.0,2022-08-14 23:59:59.999,93243185.25551
2022-08-15,0.07032,0.07116,0.06815,0.06881,1260095023.0,2022-08-15 23:59:59.999,87293242.73688
2022-08-16,0.06882,0.0705,0.06826,0.06968,1046705343.0,2022-08-16 23:59:59.999,72531013.08654
2022-08-17,0.06968,0.07102,0.06782,0.06825,1156104026.0,2022-08-17 23:59:59.999,80335217.24511
2022-08-18,0.06826,0.06861,0.06722,0.06733,788366524.0,2022-08-18 23:59:59.999,53652801.77995
2022-08-19,0.06734,0.06734,0.06378,0.06398,1376563612.0,2022-08-19 23:59:59.999,89710197.00126
2022-08-20,0.06398,0.06586,0.06384,0.06575,942514093.0,2022-08-20 23:59:59.999,61491654.51394
2022-08-21,0.06574,0.06634,0.06452,0.06584,802871139.0,2022-08-21 23:59:59.999,52588912.91087
2022-08-22,0.06585,0.06624,0.06446,0.0656,858741055.0,2022-08-22 23:59:59.999,56060427.74282
2022-08-23,0.06559,0.06679,0.06478,0.0663,1153809206.0,2022-08-23 23:59:59.999,75986777.21575
2022-08-24,0.0663,0.0664,0.06463,0.06473,855435310.0,2022-08-24 23:59:59.999,55870968.36645
2022-08-25,0.06474,0.06574,0.06461,0.06543,580977201.0,2022-08-25 23:59:59.999,37919969.30538
2022-08-26,0.06544,0.06561,0.06127,0.06148,1478584306.0,2022-08-26 23:59:59.999,94496546.8781
2022-08-27,0.06148,0.063,0.06102,0.06283,845383036.0,2022-08-27 23:59:59.999,52497741.06307
2022-08-28,0.06283,0.06314,0.06127,0.06135,617110114.0,2022-08-28 23:59:59.999,38553675.98975
2022-08-29,0.06135,0.06345,0.06083,0.06333,833603688.0,2022-08-29 23:59:59.999,51763412.85828
2022-08-30,0.06334,0.06704,0.06281,0.06466,3213304411.0,2022-08-30 23:59:59.999,209067853.91944
2022-08-31,0.06466,0.06588,0.063,0.06332,1084919352.0,2022-08-31 23:59:59.999,69736485.74546
2022-09-01,0.06332,0.06367,0.062,0.06325,844947938.0,2022-09-01 23:59:59.999,53114809.45683
2022-09-02,0.06325,0.0636,0.06221,0.06254,608596673.0,2022-09-02 23:59:59.999,38329546.97847
2022-09-03,0.06254,0.06315,0.06229,0.06308,331914323.0,2022-09-03 23:59:59.999,20840095.02526
2022-09-04,0.06308,0.06366,0.06247,0.06347,562301309.0,2022-09-04 23:59:59.999,35451688.26908
2022-09-05,0.06348,0.06366,0.06234,0.0629,656278072.0,2022-09-05 23:59:59.999,41237890.99822
2022-09-06,0.0629,0.06404,0.06034,0.06062,1165016545.0,2022-09-06 23:59:59.999,72831088.93704
2022-09-07,0.06062,0.06191,0.05994,0.06175,693137712.0,2022-09-07 23:59:59.999,42082997.75039
2022-09-08,0.06176,0.0619,0.06,0.06121,1119048785.0,2022-09-08 23:59:59.999,67949344.89948
2022-09-09,0.06121,0.06371,0.0611,0.06338,939507604.0,2022-09-09 23:59:59.999,58966339.01574
2022-09-10,0.06338,0.06477,0.06292,0.06474,733858610.0,2022-09-10 23:59:59.999,46855452.58262
2022-09-11,0.06473,0.06499,0.0634,0.06416,581935616.0,2022-09-11 23:59:59.999,37391194.72888
2022-09-12,0.06415,0.06476,0.06301,0.06382,851769193.0,2022-09-12 23:59:59.999,54429653.82465
2022-09-13,0.06382,0.06392,0.06053,0.06057,893713127.0,2022-09-13 23:59:59.999,55682883.93482
2022-09-14,0.06057,0.06172,0.06044,0.06158,619578482.0,2022-09-14 23:59:59.999,37911755.93978
2022-09-15,0.06157,0.06196,0.06045,0.06124,816148998.0,2022-09-15 23:59:59.999,49933846.89884
2022-09-16,0.06123,0.06158,0.06047,0.06128,764112143.0,2022-09-16 23:59:59.999,46668466.93284
2022-09-17,0.06129,0.06235,0.06126,0.06224,468478148.0,2022-09-17 23:59:59.999,28913746.73032
2022-09-18,0.06224,0.06261,0.06068,0.06068,731576632.0,2022-09-18 23:59:59.999,45186290.68822
2022-09-19,0.06069,0.06118,0.05912,0.06025,1064895364.0,2022-09-19 23:59:59.999,63850527.63453
2022-09-20,0.06025,0.06064,0.05932,0.05974,708545325.0,2022-09-20 23:59:59.999,42495044.58229
2022-09-21,0.05973,0.0616,0.05856,0.05897,1113673406.0,2022-09-21 23:59:59.999,66690025.78925
2022-09-22,0.05897,0.06044,0.05862,0.06015,626248979.0,2022-09-22 23:59:59.999,37291146.09799
2022-09-23,0.06015,0.06115,0.05911,0.06038,731032671.0,2022-09-23 23:59:59.999,43987915.94666
2022-09-24,0.06038,0.06095,0.0595,0.05978,491515720.0,2022-09-24 23:59:59.999,29615982.55647
2022-09-25,0.05978,0.06027,0.05937,0.05966,369225988.0,2022-09-25 23:59:59.999,22091344.02224
2022-09-26,0.05965,0.05987,0.05887,0.05955,644985636.0,2022-09-26 23:59:59.999,38307370.90545
2022-09-27,0.05956,0.06086,0.05891,0.05933,733869136.0,2022-09-27 23:59:59.999,44036645.45987
2022-09-28,0.05932,0.05988,0.05829,0.05949,702405816.0,2022-09-28 23:59:59.999,41453632.97895
2022-09-29,0.05949,0.062,0.05927,0.06097,1142103920.0,2022-09-29 23:59:59.999,69096095.25603
2022-09-30,0.06097,0.0623,0.06018,0.06097,1240278242.0,2022-09-30 23:59:59.999,75925141.18484
2022-10-01,0.06096,0.06146,0.05997,0.06045,552772800.0,2022-10-01 23:59:59.999,33578028.71933
2022-10-02,0.06046,0.06196,0.06032,0.06086,1295801903.0,2022-10-02 23:59:59.999,79434212.62462
2022-10-03,0.06086,0.06147,0.06062,0.06131,717692836.0,2022-10-03 23:59:59.999,43890290.68592
2022-10-04,0.06132,0.06246,0.061,0.06231,767726338.0,2022-10-04 23:59:59.999,47307652.13574
2022-10-05,0.06232,0.06273,0.06185,0.0624,684851125.0,2022-10-05 23:59:59.999,42653958.55569
2022-10-06,0.0624,0.06319,0.06186,0.06275,858830431.0,2022-10-06 23:59:59.999,53776826.65906
2022-10-07,0.06275,0.06329,0.06189,0.06248,781994441.0,2022-10-07 23:59:59.999,48986430.18859
2022-10-08,0.06247,0.06272,0.06161,0.06202,443175966.0,2022-10-08 23:59:59.999,27563998.43762
2022-10-09,0.06201,0.06277,0.06188,0.06233,342888163.0,2022-10-09 23:59:59.999,21380041.27217
2022-10-10,0.06233,0.06527,0.06223,0.06269,3173421407.0,2022-10-10 23:59:59.999,202787783.17407
2022-10-11,0.06268,0.06269,0.06113,0.06163,1050372878.0,2022-10-11 23:59:59.999,64800965.97925
2022-10-12,0.06163,0.06448,0.06109,0.06167,2330481513.0,2022-10-12 23:59:59.999,146430557.62386
2022-10-13,0.06167,0.06224,0.0588,0.06096,1579921329.0,2022-10-13 23:59:59.999,95752724.42653
2022-10-14,0.06095,0.06601,0.06065,0.06389,3098704324.0,2022-10-14 23:59:59.999,196670692.0473
2022-10-15,0.0639,0.06511,0.06164,0.06172,2214889271.0,2022-10-15 23:59:59.999,140382398.62275
2022-10-16,0.06171,0.06202,0.06112,0.06181,939364667.0,2022-10-16 23:59:59.999,57850557.94566
2022-10-17,0.06181,0.06304,0.06158,0.06262,1019226974.0,2022-10-17 23:59:59.999,63590111.33669
2022-10-18,0.06262,0.06297,0.06162,0.06215,879298339.0,2022-10-18 23:59:59.999,54808206.51067
2022-10-19,0.06214,0.06318,0.06161,0.06168,1158174305.0,2022-10-19 23:59:59.999,72433647.96481
2022-10-20,0.06168,0.06265,0.06138,0.0621,752421305.0,2022-10-20 23:59:59.999,46774338.48841
2022-10-21,0.0621,0.06293,0.0606,0.06162,1109590888.0,2022-10-21 23:59:59.999,68432699.60147
2022-10-22,0.06162,0.06196,0.06109,0.06155,525444567.0,2022-10-22 23:59:59.999,32303188.42481
2022-10-23,0.06155,0.06199,0.061,0.06182,603864646.0,2022-10-23 23:59:59.999,37170585.35388
2022-10-24,0.06182,0.062,0.06116,0.06127,664060105.0,2022-10-24 23:59:59.999,40846037.88785
2022-10-25,0.06127,0.06286,0.06109,0.06229,957469950.0,2022-10-25 23:59:59.999,59276794.44367
2022-10-26,0.0623,0.06376,0.0622,0.06338,1021979544.0,2022-10-26 23:59:59.999,64332954.81356
2022-10-27,0.06338,0.06414,0.06259,0.06292,923344627.0,2022-10-27 23:59:59.999,58595314.21568
2022-10-28,0.06291,0.06375,0.06253,0.06351,676841753.0,2022-10-28 23:59:59.999,42712760.58721
2022-10-29,0.0635,0.06451,0.06341,0.06423,876431732.0,2022-10-29 23:59:59.999,56044165.54999
2022-10-30,0.06423,0.0648,0.06285,0.06307,661802764.0,2022-10-30 23:59:59.999,42240610.198
2022-10-31,0.06306,0.06338,0.06223,0.06321,843255467.0,2022-10-31 23:59:59.999,53005046.97679
2022-11-01,0.06322,0.06339,0.06246,0.06272,539887109.0,2022-11-01 23:59:59.999,33997767.63937
2022-11-02,0.06272,0.06325,0.06133,0.06151,1049080225.0,2022-11-02 23:59:59.999,65382550.59834
2022-11-03,0.0615,0.06245,0.06136,0.06165,766075903.0,2022-11-03 23:59:59.999,47408611.73793
2022-11-04,0.06166,0.0638,0.06146,0.0638,932710567.0,2022-11-04 23:59:59.999,58439634.66076
2022-11-05,0.0638,0.06477,0.06307,0.06358,858138553.0,2022-11-05 23:59:59.999,54947463.69097
2022-11-06,0.06358,0.06536,0.06247,0.06263,1201346423.0,2022-11-06 23:59:59.999,77172386.29959
2022-11-07,0.06263,0.06298,0.06172,0.06222,781782085.0,2022-11-07 23:59:59.999,48769610.30103
2022-11-08,0.06222,0.06311,0.05555,0.05869,2613856311.0,2022-11-08 23:59:59.999,157058114.61623
2022-11-09,0.05868,0.06568,0.05272,0.0534,8227697736.0,2022-11-09 23:59:59.999,490296226.09789
2022-11-10,0.0534,0.0627,0.05224,0.05774,7372737421.0,2022-11-10 23:59:59.999,421857584.22473
2022-11-11,0.05774,0.05833,0.05408,0.05597,2006194057.0,2022-11-11 23:59:59.999,113117232.55907
2022-11-12,0.05597,0.05606,0.05278,0.05497,1341287841.0,2022-11-12 23:59:59.999,72975985.90816
2022-11-13,0.05498,0.05631,0.0502,0.05078,3566435148.0,2022-11-13 23:59:59.999,186919989.16455
2022-11-14,0.05078,0.0532,0.04461,0.05007,8443860725.0,2022-11-14 23:59:59.999,410779821.20221
2022-11-15,0.05008,0.05183,0.04914,0.0507,2133551485.0,2022-11-15 23:59:59.999,107998544.03315
2022-11-16,0.0507,0.05174,0.04936,0.0501,1919309200.0,2022-11-16 23:59:59.999,96719349.17055
2022-11-17,0.05011,0.0504,0.04868,0.05002,1508266380.0,2022-11-17 23:59:59.999,74914622.54518
2022-11-18,0.05002,0.05105,0.04999,0.05065,1071511868.0,2022-11-18 23:59:59.999,54214463.23627
2022-11-19,0.05065,0.05268,0.05043,0.0521,1633792274.0,2022-11-19 23:59:59.999,84449106.78269
2022-11-20,0.0521,0.0524,0.04967,0.05004,1106744815.0,2022-11-20 23:59:59.999,56492253.71368
2022-11-21,0.05004,0.05171,0.04908,0.05151,2204863738.0,2022-11-21 23:59:59.999,111505516.52037
2022-11-22,0.05151,0.05262,0.04869,0.05067,4148206223.0,2022-11-22 23:59:59.999,209249799.38619
2022-11-23,0.05067,0.05188,0.05011,0.05177,1462582549.0,2022-11-23 23:59:59.999,74701212.41668
2022-11-24,0.05176,0.05381,0.05131,0.05278,2283843363.0,2022-11-24 23:59:59.999,119774179.24334
2022-11-25,0.05278,0.05341,0.0519,0.05293,1497284097.0,2022-11-25 23:59:59.999,78884611.46021
2022-11-26,0.05293,0.05365,0.05236,0.05274,764168327.0,2022-11-26 23:59:59.999,40561015.62831
2022-11-27,0.05274,0.05426,0.05272,0.05324,1004885517.0,2022-11-27 23:59:59.999,53808624.64538
2022-11-28,0.05324,0.05398,0.05181,0.05293,1611823953.0,2022-11-28 23:59:59.999,85318794.66241
2022-11-29,0.05293,0.05456,0.05265,0.05323,1208974373.0,2022-11-29 23:59:59.999,64932821.83576
2022-11-30,0.05322,0.05477,0.05322,0.05456,991432834.0,2022-11-30 23:59:59.999,53625016.41741
2022-12-01,0.05457,0.0551,0.05391,0.05413,852129833.0,2022-12-01 23:59:59.999,46399356.2144
2022-12-02,0.05414,0.05448,0.05374,0.05441,580588358.0,2022-12-02 23:59:59.999,31446240.08778
2022-12-03,0.0544,0.05465,0.05346,0.05353,497267885.0,2022-12-03 23:59:59.999,26830324.05803
2022-12-04,0.05353,0.05413,0.05287,0.05303,843483491.0,2022-12-04 23:59:59.999,44976716.33324
2022-12-05,0.05303,0.05369,0.05288,0.0533,896749729.0,2022-12-05 23:59:59.999,47825572.7692
2022-12-06,0.05331,0.05373,0.0525,0.05358,1032649109.0,2022-12-06 23:59:59.999,54795410.44934
2022-12-07,0.05359,0.05363,0.05232,0.0531,962137446.0,2022-12-07 23:59:59.999,51026416.02214
2022-12-08,0.0531,0.05491,0.0529,0.05446,910595094.0,2022-12-08 23:59:59.999,48832751.92724
2022-12-09,0.05445,0.05515,0.05425,0.05462,836152864.0,2022-12-09 23:59:59.999,45716308.03136
2022-12-10,0.05461,0.05586,0.05459,0.05478,828657682.0,2022-12-10 23:59:59.999,45589127.92926
2022-12-11,0.05479,0.05495,0.05369,0.05393,546831633.0,2022-12-11 23:59:59.999,29730643.937
2022-12-12,0.05393,0.05395,0.05183,0.05348,1882635546.0,2022-12-12 23:59:59.999,99303447.04069
2022-12-13,0.05349,0.05452,0.05236,0.05445,1388730698.0,2022-12-13 23:59:59.999,74328541.33236
2022-12-14,0.05445,0.05766,0.05441,0.05554,1942277842.0,2022-12-14 23:59:59.999,108807903.69609
2022-12-15,0.05554,0.05613,0.05505,0.05575,1120409584.0,2022-12-15 23:59:59.999,62316783.44202
2022-12-16,0.05575,0.05618,0.05247,0.0529,1732651887.0,2022-12-16 23:59:59.999,94748932.97759
2022-12-17,0.05289,0.055,0.05176,0.05482,1792689840.0,2022-12-17 23:59:59.999,95670895.56058
2022-12-18,0.05482,0.05522,0.05314,0.05373,1478577570.0,2022-12-18 23:59:59.999,79839638.53276
2022-12-19,0.05373,0.05429,0.05293,0.05352,1234245634.0,2022-12-19 23:59:59.999,66347533.12453
2022-12-20,0.05352,0.05532,0.05343,0.05494,1116969517.0,2022-12-20 23:59:59.999,60757626.10155
2022-12-21,0.05494,0.05548,0.05449,0.05489,849765441.0,2022-12-21 23:59:59.999,46709670.63102
2022-12-22,0.05487,0.05587,0.05457,0.05548,1044074395.0,2022-12-22 23:59:59.999,57587597.23416
2022-12-23,0.05548,0.05567,0.05402,0.05418,1072819329.0,2022-12-23 23:59:59.999,58775940.33841
2022-12-24,0.05417,0.05479,0.05394,0.05468,689019992.0,2022-12-24 23:59:59.999,37510829.22924
2022-12-25,0.05469,0.05494,0.05407,0.05477,740254727.0,2022-12-25 23:59:59.999,40409023.56964
2022-12-26,0.05478,0.05499,0.0542,0.05456,541785719.0,2022-12-26 23:59:59.999,29581530.39766
2022-12-27,0.05456,0.05469,0.05357,0.05412,886504610.0,2022-12-27 23:59:59.999,47957445.59984
2022-12-28,0.05412,0.05469,0.05316,0.05412,1393159345.0,2022-12-28 23:59:59.999,75285349.39212
2022-12-29,0.05411,0.05447,0.05309,0.05397,1068172291.0,2022-12-29 23:59:59.999,57630158.74055
2022-12-30,0.05398,0.0545,0.05347,0.05434,1033827044.0,2022-12-30 23:59:59.999,55799193.89719
2022-12-31,0.05434,0.05525,0.05429,0.05448,791000812.0,2022-12-31 23:59:59.999,43270784.05677
2023-01-01,0.05447,0.05495,0.05438,0.05475,565555731.0,2023-01-01 23:59:59.999,30940454.99452
2023-01-02,0.05476,0.05559,0.0544,0.05515,1014640538.0,2023-01-02 23:59:59.999,55831606.08209
2023-01-03,0.05514,0.05552,0.05463,0.05477,737750144.0,2023-01-03 23:59:59.999,40711655.13485
2023-01-04,0.05477,0.05574,0.0543,0.05472,1212865772.0,2023-01-04 23:59:59.999,66716748.66459
2023-01-05,0.05472,0.05492,0.05322,0.05366,1515259545.0,2023-01-05 23:59:59.999,81912059.94864
2023-01-06,0.05365,0.05399,0.04933,0.05244,13619659836.0,2023-01-06 23:59:59.999,695339104.60726
2023-01-07,0.05243,0.05293,0.05125,0.05199,2555552355.0,2023-01-07 23:59:59.999,132677382.30172
2023-01-08,0.05198,0.0545,0.05113,0.05439,2339156408.0,2023-01-08 23:59:59.999,122744878.63041
2023-01-09,0.05439,0.05698,0.0536,0.05456,3009168537.0,2023-01-09 23:59:59.999,165765777.37221
2023-01-10,0.05457,0.05493,0.05377,0.05482,1190562476.0,2023-01-10 23:59:59.999,64730463.93316
2023-01-11,0.05481,0.05664,0.05452,0.05648,1665109135.0,2023-01-11 23:59:59.999,92024260.91772
2023-01-12,0.05648,0.05739,0.05559,0.05705,1809776174.0,2023-01-12 23:59:59.999,102208301.92512
2023-01-13,0.05705,0.0609,0.05678,0.06007,1848475523.0,2023-01-13 23:59:59.999,107499735.27102
2023-01-14,0.06007,0.06579,0.05993,0.06176,2741074516.0,2023-01-14 23:59:59.999,172945010.41194
2023-01-15,0.06175,0.06286,0.06059,0.06231,1138714865.0,2023-01-15 23:59:59.999,70392403.3261
2023-01-16,0.06231,0.06323,0.06111,0.06237,1090735028.0,2023-01-16 23:59:59.999,67994632.93308
2023-01-17,0.06238,0.06267,0.0612,0.0616,844835841.0,2023-01-17 23:59:59.999,52429474.76398
2023-01-18,0.06161,0.0624,0.05876,0.05882,1238202464.0,2023-01-18 23:59:59.999,75058763.7961
2023-01-19,0.05883,0.06029,0.05871,0.06006,590571233.0,2023-01-19 23:59:59.999,35138247.20259
2023-01-20,0.06005,0.06289,0.05987,0.06272,757296392.0,2023-01-20 23:59:59.999,46329420.99399
2023-01-21,0.06272,0.06396,0.06156,0.06167,1264213749.0,2023-01-21 23:59:59.999,79014664.04971
2023-01-22,0.06167,0.06272,0.06065,0.06164,817572848.0,2023-01-22 23:59:59.999,50514485.45147
2023-01-23,0.06164,0.06328,0.06093,0.06274,1037295276.0,2023-01-23 23:59:59.999,64467927.53695
2023-01-24,0.06274,0.0636,0.05904,0.06014,984679818.0,2023-01-24 23:59:59.999,61040842.85776
2023-01-25,0.06014,0.06283,0.05913,0.06178,878596134.0,2023-01-25 23:59:59.999,53463945.85588
2023-01-26,0.06178,0.06216,0.06106,0.06168,615223861.0,2023-01-26 23:59:59.999,37943800.25715
2023-01-27,0.06167,0.06436,0.06086,0.06371,1485174388.0,2023-01-27 23:59:59.999,93442106.89006
2023-01-28,0.06372,0.06402,0.06199,0.06311,924749106.0,2023-01-28 23:59:59.999,58262294.30114
2023-01-29,0.06311,0.06465,0.06287,0.06376,1154359336.0,2023-01-29 23:59:59.999,73495654.97382
2023-01-30,0.06377,0.06407,0.06131,0.06229,1256232954.0,2023-01-30 23:59:59.999,78640186.45278
2023-01-31,0.06229,0.06311,0.06163,0.06215,720315529.0,2023-01-31 23:59:59.999,44894148.37543
2023-02-01,0.06214,0.06336,0.06136,0.06311,989352681.0,2023-02-01 23:59:59.999,61626904.0346
2023-02-02,0.06312,0.06571,0.063,0.06384,1308391004.0,2023-02-02 23:59:59.999,83991762.64248
2023-02-03,0.06384,0.06481,0.06341,0.06414,864564865.0,2023-02-03 23:59:59.999,55420864.12399
2023-02-04,0.06415,0.06451,0.06304,0.06383,649623400.0,2023-02-04 23:59:59.999,41539704.43133
2023-02-05,0.06383,0.06582,0.06311,0.06409,1207740672.0,2023-02-05 23:59:59.999,77860100.37428
2023-02-06,0.0641,0.0645,0.0625,0.06313,812123578.0,2023-02-06 23:59:59.999,51547116.19852
2023-02-07,0.06313,0.06597,0.06299,0.06576,1347809117.0,2023-02-07 23:59:59.999,87139006.28563
2023-02-08,0.06576,0.07158,0.06548,0.06695,2787672262.0,2023-02-08 23:59:59.999,188238519.49437
2023-02-09,0.06695,0.0671,0.06173,0.06259,1778794996.0,2023-02-09 23:59:59.999,114987340.54579
2023-02-10,0.06259,0.06393,0.0623,0.06323,838047383.0,2023-02-10 23:59:59.999,52999991.79929
2023-02-11,0.06322,0.06408,0.06304,0.06368,490554347.0,2023-02-11 23:59:59.999,31176319.82008
2023-02-12,0.06368,0.06507,0.06343,0.06384,627953096.0,2023-02-12 23:59:59.999,40369137.47588
2023-02-13,0.06385,0.06575,0.06279,0.06558,1698217981.0,2023-02-13 23:59:59.999,109475372.77247
2023-02-14,0.06557,0.06689,0.065,0.06672,1515275279.0,2023-02-14 23:59:59.999,100183260.88814
2023-02-15,0.06672,0.07099,0.06668,0.07083,1687406475.0,2023-02-15 23:59:59.999,116355441.53461
2023-02-16,0.07084,0.07155,0.0666,0.0668,1561622454.0,2023-02-16 23:59:59.999,108496506.40072
2023-02-17,0.0668,0.07177,0.06645,0.07032,1566615525.0,2023-02-17 23:59:59.999,108415023.08023
2023-02-18,0.07032,0.07117,0.06964,0.07014,733241776.0,2023-02-18 23:59:59.999,51583641.47359
2023-02-19,0.07015,0.07168,0.06968,0.07037,768692726.0,2023-02-19 23:59:59.999,54287712.41222
2023-02-20,0.07037,0.07312,0.06951,0.07194,1707806100.0,2023-02-20 23:59:59.999,122510934.55074
2023-02-21,0.07195,0.0721,0.06887,0.06946,1140918792.0,2023-02-21 23:59:59.999,80821290.06547
2023-02-22,0.06946,0.06967,0.06801,0.06941,864262765.0,2023-02-22 23:59:59.999,59533274.4918
2023-02-23,0.06942,0.07048,0.06895,0.0695,819691429.0,2023-02-23 23:59:59.999,57129957.92902
2023-02-24,0.0695,0.06997,0.06723,0.06784,745952677.0,2023-02-24 23:59:59.999,51207830.84237
2023-02-25,0.06784,0.06882,0.06658,0.06778,668482552.0,2023-02-25 23:59:59.999,45399351.90212
2023-02-26,0.06778,0.06974,0.06775,0.06947,487005112.0,2023-02-26 23:59:59.999,33569067.15361
2023-02-27,0.06948,0.06968,0.06835,0.0694,635812339.0,2023-02-27 23:59:59.999,43878276.23072
2023-02-28,0.06939,0.06982,0.06846,0.06901,601988719.0,2023-02-28 23:59:59.999,41731964.66337
2023-03-01,0.06901,0.07024,0.06864,0.0698,501530942.0,2023-03-01 23:59:59.999,34950082.80076
2023-03-02,0.0698,0.07031,0.06886,0.06966,609542891.0,2023-03-02 23:59:59.999,42353165.99065
2023-03-03,0.06967,0.06981,0.06632,0.06713,934573357.0,2023-03-03 23:59:59.999,62926011.62571
2023-03-04,0.06712,0.06754,0.06589,0.06667,461056841.0,2023-03-04 23:59:59.999,30838762.30632
2023-03-05,0.06666,0.06782,0.06642,0.06719,435322957.0,2023-03-05 23:59:59.999,29269800.0864
2023-03-06,0.06719,0.06766,0.06655,0.06735,488994079.0,2023-03-06 23:59:59.999,32831477.74585
2023-03-07,0.06734,0.0677,0.06568,0.06626,671600928.0,2023-03-07 23:59:59.999,44797390.15739
2023-03-08,0.06625,0.06647,0.06456,0.06529,740955599.0,2023-03-08 23:59:59.999,48745117.03401
2023-03-09,0.06528,0.06633,0.05593,0.05855,3906301798.0,2023-03-09 23:59:59.999,236208171.51433
2023-03-10,0.05855,0.05868,0.05527,0.05727,3275037588.0,2023-03-10 23:59:59.999,186909000.06894
2023-03-11,0.05728,0.05889,0.05457,0.05874,2264211692.0,2023-03-11 23:59:59.999,128458291.02704
2023-03-12,0.05873,0.06461,0.05831,0.06461,2078716078.0,2023-03-12 23:59:59.999,124924163.7667
2023-03-13,0.06461,0.06856,0.0642,0.0669,3124848154.0,2023-03-13 23:59:59.999,208200137.10913
2023-03-14,0.06689,0.06907,0.06527,0.06694,1616612529.0,2023-03-14 23:59:59.999,108498313.205
2023-03-15,0.06693,0.06792,0.06402,0.06515,1364147209.0,2023-03-15 23:59:59.999,89805436.54206
2023-03-16,0.06515,0.06702,0.0647,0.06506,1063051756.0,2023-03-16 23:59:59.999,69819062.69631
2023-03-17,0.06505,0.06785,0.06461,0.06761,984086668.0,2023-03-17 23:59:59.999,65369999.68599
2023-03-18,0.06761,0.0681,0.06496,0.06571,861142242.0,2023-03-18 23:59:59.999,57460192.46923
2023-03-19,0.06572,0.06751,0.06551,0.06646,763711155.0,2023-03-19 23:59:59.999,50877919.85291
2023-03-20,0.06646,0.06693,0.06465,0.06497,911193179.0,2023-03-20 23:59:59.999,60147666.72616
2023-03-21,0.06496,0.06738,0.06473,0.06696,1006654516.0,2023-03-21 23:59:59.999,66620670.76361
2023-03-22,0.06697,0.06834,0.05627,0.05973,6744751266.0,2023-03-22 23:59:59.999,407426934.30026
2023-03-23,0.05972,0.06657,0.0592,0.06515,4430814721.0,2023-03-23 23:59:59.999,277459199.59873
2023-03-24,0.06516,0.06549,0.0625,0.0633,1853152254.0,2023-03-24 23:59:59.999,118268654.81397
2023-03-25,0.0633,0.06432,0.0626,0.06363,902556969.0,2023-03-25 23:59:59.999,57454084.58129
2023-03-26,0.06363,0.065,0.06328,0.06405,783392478.0,2023-03-26 23:59:59.999,50191833.91312
2023-03-27,0.06405,0.06436,0.06168,0.06346,1105085853.0,2023-03-27 23:59:59.999,70002015.23177
2023-03-28,0.06346,0.06447,0.0632,0.06414,969086503.0,2023-03-28 23:59:59.999,61860521.90853
2023-03-29,0.06413,0.06543,0.0638,0.06424,906714347.0,2023-03-29 23:59:59.999,58549011.14465
2023-03-30,0.06425,0.06545,0.06353,0.06477,1145375530.0,2023-03-30 23:59:59.999,73843504.89442
2023-03-31,0.06478,0.06615,0.06423,0.06545,940959428.0,2023-03-31 23:59:59.999,61546293.20132
2023-04-01,0.06546,0.06723,0.06531,0.0664,915465817.0,2023-04-01 23:59:59.999,60582862.53036
2023-04-02,0.06641,0.06691,0.06479,0.06511,761235966.0,2023-04-02 23:59:59.999,50142255.18632
2023-04-03,0.06511,0.06622,0.06416,0.06571,941843776.0,2023-04-03 23:59:59.999,61505800.10018
2023-04-04,0.06572,0.0668,0.06552,0.06571,759842310.0,2023-04-04 23:59:59.999,50255475.78672
2023-04-05,0.06572,0.06678,0.06524,0.06611,772786340.0,2023-04-05 23:59:59.999,51033291.40242
2023-04-06,0.06612,0.0667,0.06548,0.06605,834135480.0,2023-04-06 23:59:59.999,55170446.15544
2023-04-07,0.06605,0.06648,0.06551,0.06599,533731777.0,2023-04-07 23:59:59.999,35224530.0437
2023-04-08,0.06599,0.0665,0.06561,0.06606,493086320.0,2023-04-08 23:59:59.999,32609847.37083
2023-04-09,0.06607,0.06686,0.06584,0.06657,575497903.0,2023-04-09 23:59:59.999,38137121.30189
2023-04-10,0.06657,0.06742,0.06612,0.06726,679743844.0,2023-04-10 23:59:59.999,45358292.84634
2023-04-11,0.06725,0.0679,0.06496,0.06624,2635229411.0,2023-04-11 23:59:59.999,174933774.21804
2023-04-12,0.06624,0.06641,0.06187,0.06511,3434139106.0,2023-04-12 23:59:59.999,219458251.84605
2023-04-13,0.06511,0.06551,0.06419,0.06519,1275511465.0,2023-04-13 23:59:59.999,82856164.74862
2023-04-14,0.06518,0.06711,0.06506,0.0662,1183186826.0,2023-04-14 23:59:59.999,78406066.29629
2023-04-15,0.06618,0.06627,0.06547,0.06586,504561603.0,2023-04-15 23:59:59.999,33237191.77461
2023-04-16,0.06587,0.0667,0.06555,0.06655,457883189.0,2023-04-16 23:59:59.999,30292617.3374
2023-04-17,0.06655,0.06667,0.06539,0.06568,609888615.0,2023-04-17 23:59:59.999,40253088.61088
2023-04-18,0.06568,0.06683,0.06539,0.0668,577536988.0,2023-04-18 23:59:59.999,38307689.2486
2023-04-19,0.0668,0.06715,0.06477,0.06558,1368084743.0,2023-04-19 23:59:59.999,90249619.75762
2023-04-20,0.06557,0.06662,0.0645,0.06538,1190802986.0,2023-04-20 23:59:59.999,78277296.54429
2023-04-21,0.06538,0.066,0.06416,0.06494,947364992.0,2023-04-21 23:59:59.999,61793804.67111
2023-04-22,0.06495,0.06621,0.06477,0.0661,951892215.0,2023-04-22 23:59:59.999,62400128.27499
2023-04-23,0.06609,0.06698,0.06545,0.06666,943458109.0,2023-04-23 23:59:59.999,62566650.85721
2023-04-24,0.06667,0.06695,0.06578,0.06606,806406971.0,2023-04-24 23:59:59.999,53472301.5306
2023-04-25,0.06605,0.06619,0.06516,0.06579,686270561.0,2023-04-25 23:59:59.999,45105069.84598
2023-04-26,0.06579,0.06713,0.06369,0.06501,1427914042.0,2023-04-26 23:59:59.999,93958135.00636
2023-04-27,0.06501,0.06606,0.06491,0.06569,925474904.0,2023-04-27 23:59:59.999,60661804.75834
2023-04-28,0.06569,0.06667,0.06554,0.06665,607300801.0,2023-04-28 23:59:59.999,40119503.21942
2023-04-29,0.06664,0.06822,0.06655,0.06797,754426798.0,2023-04-29 23:59:59.999,50737434.97053
2023-04-30,0.06798,0.06803,0.06705,0.06709,808435023.0,2023-04-30 23:59:59.999,54656610.61384
2023-05-01,0.0671,0.06935,0.06671,0.06847,1958467435.0,2023-05-01 23:59:59.999,133781718.14569
2023-05-02,0.06846,0.06988,0.06711,0.06919,1349576911.0,2023-05-02 23:59:59.999,92373342.27787
2023-05-03,0.06918,0.06956,0.06816,0.06921,1128276462.0,2023-05-03 23:59:59.999,77839330.76598
2023-05-04,0.06921,0.06962,0.06887,0.06934,569830258.0,2023-05-04 23:59:59.999,39448304.11214
2023-05-05,0.06935,0.07142,0.06932,0.07091,1133652462.0,2023-05-05 23:59:59.999,79675985.53373
2023-05-06,0.0709,0.07106,0.06951,0.0702,870266826.0,2023-05-06 23:59:59.999,61070407.30497
2023-05-07,0.0702,0.07045,0.06899,0.06918,672292984.0,2023-05-07 23:59:59.999,46951544.90809
2023-05-08,0.06918,0.06937,0.0669,0.06848,1248537380.0,2023-05-08 23:59:59.999,85042232.01228
2023-05-09,0.06849,0.06932,0.06786,0.06901,906409790.0,2023-05-09 23:59:59.999,62197774.06786
2023-05-10,0.06902,0.07062,0.0676,0.06931,1126962560.0,2023-05-10 23:59:59.999,78131052.12713
2023-05-11,0.06931,0.06954,0.06671,0.06765,1019057041.0,2023-05-11 23:59:59.999,69643161.02341
2023-05-12,0.06765,0.06937,0.06706,0.06905,1123014781.0,2023-05-12 23:59:59.999,76666780.42856
2023-05-13,0.06904,0.06959,0.06839,0.0693,549556975.0,2023-05-13 23:59:59.999,37952526.88692
2023-05-14,0.06931,0.06977,0.06875,0.06936,630925939.0,2023-05-14 23:59:59.999,43731393.69193
2023-05-15,0.06936,0.0705,0.06901,0.07023,619078044.0,2023-05-15 23:59:59.999,43303119.3842
2023-05-16,0.07023,0.07078,0.06988,0.07052,764348748.0,2023-05-16 23:59:59.999,53828304.61874
2023-05-17,0.07051,0.07139,0.07015,0.07117,764729436.0,2023-05-17 23:59:59.999,54078015.97925
2023-05-18,0.07116,0.07135,0.06972,0.07013,836951109.0,2023-05-18 23:59:59.999,59091187.09097
2023-05-19,0.07013,0.0708,0.07002,0.07062,480301054.0,2023-05-19 23:59:59.999,33806490.80984
2023-05-20,0.07061,0.07296,0.07048,0.07253,1372888060.0,2023-05-20 23:59:59.999,98918361.32797
2023-05-21,0.07253,0.07684,0.0719,0.07494,3138879478.0,2023-05-21 23:59:59.999,234464514.7966
2023-05-22,0.07494,0.07926,0.07418,0.07792,5142454704.0,2023-05-22 23:59:59.999,397674777.58379
2023-05-23,0.07793,0.07992,0.07754,0.07842,2010675987.0,2023-05-23 23:59:59.999,157582248.49542
2023-05-24,0.07842,0.07852,0.07636,0.07681,1602186124.0,2023-05-24 23:59:59.999,123981209.53336
2023-05-25,0.07681,0.07835,0.07656,0.07669,1311500985.0,2023-05-25 23:59:59.999,101407602.33377
2023-05-26,0.07669,0.07743,0.07527,0.07536,995929225.0,2023-05-26 23:59:59.999,76002612.84316
2023-05-27,0.07536,0.07724,0.07512,0.0771,754384810.0,2023-05-27 23:59:59.999,57483527.85938
2023-05-28,0.0771,0.07813,0.07659,0.07737,836535962.0,2023-05-28 23:59:59.999,64635722.20095
2023-05-29,0.07737,0.07809,0.07597,0.07606,791789705.0,2023-05-29 23:59:59.999,61045048.50056
2023-05-30,0.07607,0.07686,0.07555,0.07626,644694379.0,2023-05-30 23:59:59.999,49141161.33127
2023-05-31,0.07626,0.07661,0.07501,0.07516,754235980.0,2023-05-31 23:59:59.999,57002201.01053
2023-06-01,0.07517,0.07544,0.07405,0.07474,698504084.0,2023-06-01 23:59:59.999,52237223.89395
2023-06-02,0.07473,0.08406,0.07449,0.08254,1941314382.0,2023-06-02 23:59:59.999,154855013.97883
2023-06-03,0.08255,0.0859,0.0808,0.08169,5024449286.0,2023-06-03 23:59:59.999,418891119.93586
2023-06-04,0.0817,0.08314,0.08014,0.08132,1876955172.0,2023-06-04 23:59:59.999,153123333.70434
2023-06-05,0.08131,0.08188,0.07723,0.07829,1739409912.0,2023-06-05 23:59:59.999,138694885.78136
2023-06-06,0.07828,0.07914,0.07733,0.07818,1197471611.0,2023-06-06 23:59:59.999,93691853.38393
2023-06-07,0.07819,0.07892,0.07616,0.07671,1192227693.0,2023-06-07 23:59:59.999,92133773.96246
2023-06-08,0.07671,0.078,0.07605,0.07734,688275939.0,2023-06-08 23:59:59.999,53146720.36396
2023-06-09,0.07734,0.07839,0.07111,0.07198,2227303055.0,2023-06-09 23:59:59.999,165444334.63809
2023-06-10,0.07198,0.07202,0.0644,0.06951,3200325834.0,2023-06-10 23:59:59.999,218351028.0079
2023-06-11,0.06951,0.07056,0.06815,0.07018,780575121.0,2023-06-11 23:59:59.999,54135837.65254
2023-06-12,0.07018,0.07125,0.06915,0.07112,927726385.0,2023-06-12 23:59:59.999,65055528.1032
2023-06-13,0.07111,0.0727,0.07099,0.07186,927767237.0,2023-06-13 23:59:59.999,66567765.8754
2023-06-14,0.07186,0.07283,0.06991,0.07097,824528681.0,2023-06-14 23:59:59.999,59142863.80906
2023-06-15,0.07096,0.07212,0.06934,0.07094,1060816921.0,2023-06-15 23:59:59.999,74983669.58814
2023-06-16,0.07094,0.07122,0.06866,0.07048,861363573.0,2023-06-16 23:59:59.999,60355991.09409
2023-06-17,0.07048,0.07172,0.07019,0.07159,550146609.0,2023-06-17 23:59:59.999,39145408.25004
2023-06-18,0.07159,0.0721,0.06934,0.07008,670303835.0,2023-06-18 23:59:59.999,47413442.05117
2023-06-19,0.07007,0.07041,0.06929,0.06996,634752472.0,2023-06-19 23:59:59.999,44339150.42248
2023-06-20,0.06995,0.07066,0.06795,0.07053,997945408.0,2023-06-20 23:59:59.999,69120231.26085
2023-06-21,0.07053,0.07265,0.07021,0.07226,1258396541.0,2023-06-21 23:59:59.999,89865741.79844
2023-06-22,0.07226,0.07415,0.0713,0.07219,994978154.0,2023-06-22 23:59:59.999,72280208.20852
2023-06-23,0.07218,0.07388,0.07142,0.0731,957189158.0,2023-06-23 23:59:59.999,69467255.65071
2023-06-24,0.07309,0.07347,0.07121,0.07215,730147372.0,2023-06-24 23:59:59.999,52832086.43483
2023-06-25,0.07215,0.07382,0.07198,0.0731,682302006.0,2023-06-25 23:59:59.999,49896370.69138
2023-06-26,0.0731,0.07472,0.07227,0.07378,983599103.0,2023-06-26 23:59:59.999,72270722.7509
2023-06-27,0.07378,0.07536,0.07369,0.07429,614820054.0,2023-06-27 23:59:59.999,45832196.20485
2023-06-28,0.0743,0.0745,0.07186,0.0737,813167661.0,2023-06-28 23:59:59.999,60027255.68188
2023-06-29,0.0737,0.07477,0.07333,0.07441,599083163.0,2023-06-29 23:59:59.999,44475712.71913
2023-06-30,0.0744,0.07683,0.07386,0.07614,1324183047.0,2023-06-30 23:59:59.999,100078751.89049
2023-07-01,0.07613,0.07767,0.07568,0.0772,647063066.0,2023-07-01 23:59:59.999,49726767.96016
2023-07-02,0.0772,0.07738,0.07519,0.07597,648921903.0,2023-07-02 23:59:59.999,49231142.66134
2023-07-03,0.07597,0.07785,0.07572,0.07731,657556171.0,2023-07-03 23:59:59.999,50729215.95135
2023-07-04,0.0773,0.07841,0.07684,0.07698,788359063.0,2023-07-04 23:59:59.999,61227170.86633
2023-07-05,0.07697,0.07792,0.0765,0.07704,770612766.0,2023-07-05 23:59:59.999,59428655.19315
2023-07-06,0.07703,0.07856,0.07681,0.07702,957436786.0,2023-07-06 23:59:59.999,74378565.38569
2023-07-07,0.07701,0.07963,0.07661,0.07878,978169499.0,2023-07-07 23:59:59.999,76615574.58548
2023-07-08,0.07878,0.08008,0.07861,0.08004,630803182.0,2023-07-08 23:59:59.999,49972507.75254
2023-07-09,0.08003,0.08044,0.07727,0.07744,772299304.0,2023-07-09 23:59:59.999,61046316.33677
2023-07-10,0.07744,0.07802,0.0761,0.07747,894001996.0,2023-07-10 23:59:59.999,68942727.16519
2023-07-11,0.07748,0.07753,0.07666,0.0773,506469378.0,2023-07-11 23:59:59.999,39067460.86111
2023-07-12,0.07729,0.07813,0.07696,0.07778,507347336.0,2023-07-12 23:59:59.999,39366052.71102
2023-07-13,0.07778,0.08269,0.07759,0.08172,1287640709.0,2023-07-13 23:59:59.999,103040741.80256
2023-07-14,0.08172,0.08278,0.0785,0.07984,1214049706.0,2023-07-14 23:59:59.999,98284976.95742
2023-07-15,0.07984,0.08158,0.07982,0.0808,708629554.0,2023-07-15 23:59:59.999,57288221.18964
2023-07-16,0.0808,0.08093,0.0789,0.07975,519667960.0,2023-07-16 23:59:59.999,41536538.97984
2023-07-17,0.07976,0.08052,0.0789,0.07993,688838338.0,2023-07-17 23:59:59.999,54899824.11729
2023-07-18,0.07994,0.08093,0.07873,0.07974,587773097.0,2023-07-18 23:59:59.999,46974740.82734
2023-07-19,0.07975,0.0805,0.07925,0.08025,495134465.0,2023-07-19 23:59:59.999,39582128.17852
2023-07-20,0.08025,0.08125,0.07984,0.08068,462351863.0,2023-07-20 23:59:59.999,37263010.15634
2023-07-21,0.08069,0.08152,0.08036,0.08036,494311851.0,2023-07-21 23:59:59.999,40012223.57229
2023-07-22,0.08037,0.09409,0.08018,0.08384,8719768179.0,2023-07-22 23:59:59.999,767115076.31446
2023-07-23,0.08384,0.0852,0.0827,0.08332,1516755472.0,2023-07-23 23:59:59.999,127122803.30594
2023-07-24,0.08332,0.08335,0.08013,0.08142,1024258001.0,2023-07-24 23:59:59.999,83400770.68044
2023-07-25,0.08143,0.0823,0.0801,0.08186,967818643.0,2023-07-25 23:59:59.999,78704422.27938
2023-07-26,0.08185,0.0825,0.08042,0.08237,823426318.0,2023-07-26 23:59:59.999,67226670.47013
2023-07-27,0.08236,0.08299,0.082,0.08261,488799502.0,2023-07-27 23:59:59.999,40311125.69624
2023-07-28,0.0826,0.0854,0.0826,0.08503,1121170222.0,2023-07-28 23:59:59.999,94119902.24543
2023-07-29,0.08502,0.08528,0.08305,0.0832,669121432.0,2023-07-29 23:59:59.999,56231287.04434
2023-07-30,0.0832,0.08375,0.07903,0.07995,1117947351.0,2023-07-30 23:59:59.999,91019206.65624
2023-07-31,0.07996,0.08033,0.07727,0.07787,1413270535.0,2023-07-31 23:59:59.999,111049207.80103
2023-08-01,0.07788,0.07864,0.07581,0.07863,913252260.0,2023-08-01 23:59:59.999,71065438.65765
2023-08-02,0.07863,0.07869,0.07614,0.0763,677190069.0,2023-08-02 23:59:59.999,52351442.68049
2023-08-03,0.0763,0.0775,0.0761,0.07708,449987223.0,2023-08-03 23:59:59.999,34568587.81045
2023-08-04,0.07709,0.07784,0.07601,0.07674,517448686.0,2023-08-04 23:59:59.999,39966904.25843
2023-08-05,0.07674,0.07767,0.07575,0.0775,518576745.0,2023-08-05 23:59:59.999,39883180.75391
2023-08-06,0.0775,0.07756,0.07648,0.0769,468081503.0,2023-08-06 23:59:59.999,36045208.44061
2023-08-07,0.07691,0.07729,0.0755,0.07682,690368843.0,2023-08-07 23:59:59.999,52871082.74094
2023-08-08,0.07681,0.07738,0.07617,0.07672,566240669.0,2023-08-08 23:59:59.999,43429086.84398
2023-08-09,0.07672,0.07706,0.07612,0.0767,467192855.0,2023-08-09 23:59:59.999,35749208.66751
2023-08-10,0.07671,0.07755,0.07661,0.07729,388643930.0,2023-08-10 23:59:59.999,29965150.72145
2023-08-11,0.0773,0.07748,0.07667,0.0772,250763604.0,2023-08-11 23:59:59.999,19348835.52242
2023-08-12,0.07721,0.07755,0.07715,0.07749,165565243.0,2023-08-12 23:59:59.999,12816131.09593
2023-08-13,0.07748,0.07762,0.07692,0.07705,220019441.0,2023-08-13 23:59:59.999,17022711.01272
2023-08-14,0.07705,0.07763,0.07697,0.07744,376378113.0,2023-08-14 23:59:59.999,29120152.51632
2023-08-15,0.07744,0.07751,0.07588,0.0763,428184425.0,2023-08-15 23:59:59.999,32886116.39621
2023-08-16,0.07629,0.07678,0.0733,0.07464,767320036.0,2023-08-16 23:59:59.999,57939451.15642
2023-08-17,0.07464,0.07562,0.06982,0.0726,1256330076.0,2023-08-17 23:59:59.999,92697668.84305
2023-08-18,0.07259,0.07346,0.07191,0.07292,740852032.0,2023-08-18 23:59:59.999,53903795.47761
2023-08-19,0.07292,0.07416,0.07288,0.07406,379361819.0,2023-08-19 23:59:59.999,27924649.21663
2023-08-20,0.07405,0.07645,0.07395,0.07587,740691515.0,2023-08-20 23:59:59.999,55859200.30294
2023-08-21,0.07588,0.07622,0.07391,0.07505,805509479.0,2023-08-21 23:59:59.999,60508440.78093
2023-08-22,0.07505,0.07557,0.07401,0.07544,639624861.0,2023-08-22 23:59:59.999,47873877.01148
2023-08-23,0.07543,0.07793,0.07536,0.07755,839806200.0,2023-08-23 23:59:59.999,64528718.84512
2023-08-24,0.07756,0.07794,0.0761,0.07659,500996686.0,2023-08-24 23:59:59.999,38569118.51926
2023-08-25,0.07658,0.07734,0.07598,0.07719,628464631.0,2023-08-25 23:59:59.999,48238420.94918
2023-08-26,0.07719,0.07763,0.0771,0.07741,279251881.0,2023-08-26 23:59:59.999,21616100.84036
2023-08-27,0.07741,0.07759,0.07707,0.07752,258741714.0,2023-08-27 23:59:59.999,20023263.04464
2023-08-28,0.07752,0.07757,0.07617,0.0763,548859252.0,2023-08-28 23:59:59.999,42244861.03564
2023-08-29,0.07631,0.07799,0.07583,0.07729,872213369.0,2023-08-29 23:59:59.999,67123811.70632
2023-08-30,0.07729,0.07729,0.07532,0.07557,530065496.0,2023-08-30 23:59:59.999,40367817.72495
2023-08-31,0.07556,0.07692,0.07504,0.07668,806763162.0,2023-08-31 23:59:59.999,61329629.34128
2023-09-01,0.07667,0.07749,0.0757,0.07605,792879140.0,2023-09-01 23:59:59.999,60830648.32391
2023-09-02,0.07605,0.07713,0.07592,0.07698,281047860.0,2023-09-02 23:59:59.999,21535514.14867
2023-09-03,0.07698,0.07711,0.07657,0.07698,245030735.0,2023-09-03 23:59:59.999,18831069.42829
2023-09-04,0.07698,0.07751,0.07664,0.07748,373315507.0,2023-09-04 23:59:59.999,28765560.94107
2023-09-05,0.07749,0.07778,0.07691,0.07742,372145882.0,2023-09-05 23:59:59.999,28788559.38159
2023-09-06,0.07741,0.07894,0.0772,0.07889,845994009.0,2023-09-06 23:59:59.999,65946610.6804
2023-09-07,0.0789,0.07941,0.07864,0.07913,500967656.0,2023-09-07 23:59:59.999,39567417.64518
2023-09-08,0.07913,0.07949,0.0782,0.07912,372908882.0,2023-09-08 23:59:59.999,29392066.18857
2023-09-09,0.07912,0.07919,0.07865,0.07912,185085060.0,2023-09-09 23:59:59.999,14613600.83179
2023-09-10,0.07913,0.07918,0.07728,0.07827,406421215.0,2023-09-10 23:59:59.999,31826284.85961
2023-09-11,0.07828,0.07883,0.07692,0.07752,624572000.0,2023-09-11 23:59:59.999,48569036.84976
2023-09-12,0.07752,0.08276,0.07735,0.08069,1390992653.0,2023-09-12 23:59:59.999,112096564.27235
2023-09-13,0.08069,0.08174,0.08017,0.08115,710428585.0,2023-09-13 23:59:59.999,57374228.02845
2023-09-14,0.08116,0.08397,0.08084,0.08371,714540233.0,2023-09-14 23:59:59.999,58921986.67498
2023-09-15,0.0837,0.08421,0.08288,0.08399,617697888.0,2023-09-15 23:59:59.999,51677629.5073
2023-09-16,0.08399,0.08453,0.08319,0.08347,413736530.0,2023-09-16 23:59:59.999,34645409.69944
2023-09-17,0.08347,0.08386,0.08298,0.08327,361944164.0,2023-09-17 23:59:59.999,30175443.54118
2023-09-18,0.08328,0.08476,0.08285,0.08379,497308651.0,2023-09-18 23:59:59.999,41804810.80941
2023-09-19,0.08378,0.08486,0.08364,0.08448,444461390.0,2023-09-19 23:59:59.999,37463043.46196
2023-09-20,0.08448,0.08498,0.08396,0.08437,392799590.0,2023-09-20 23:59:59.999,33191431.2964
2023-09-21,0.08437,0.08471,0.08267,0.08294,580984459.0,2023-09-21 23:59:59.999,48533166.04072
2023-09-22,0.08293,0.0843,0.08272,0.08328,384642253.0,2023-09-22 23:59:59.999,32120032.81982
2023-09-23,0.08328,0.08388,0.0831,0.08358,270303764.0,2023-09-23 23:59:59.999,22567129.61441
2023-09-24,0.08358,0.08444,0.08334,0.08354,344659473.0,2023-09-24 23:59:59.999,28932595.83799
2023-09-25,0.08354,0.08504,0.08311,0.08461,481877768.0,2023-09-25 23:59:59.999,40521327.44541
2023-09-26,0.08461,0.08497,0.08402,0.08467,414435236.0,2023-09-26 23:59:59.999,35045614.79201
2023-09-27,0.08467,0.08596,0.0846,0.08545,672216209.0,2023-09-27 23:59:59.999,57323948.75673
2023-09-28,0.08545,0.08675,0.08439,0.08671,607428201.0,2023-09-28 23:59:59.999,51915222.08335
2023-09-29,0.08671,0.08984,0.08666,0.08903,995893363.0,2023-09-29 23:59:59.999,88189026.04397
2023-09-30,0.08902,0.08932,0.08833,0.08851,327871352.0,2023-09-30 23:59:59.999,29083058.45592
2023-10-01,0.08851,0.09058,0.08777,0.09006,530517386.0,2023-10-01 23:59:59.999,47264875.6178
2023-10-02,0.09007,0.09039,0.08682,0.08738,701068869.0,2023-10-02 23:59:59.999,62257086.51681
2023-10-03,0.08738,0.0909,0.08722,0.09057,764040357.0,2023-10-03 23:59:59.999,67809170.19442
2023-10-04,0.09056,0.09062,0.08804,0.08883,889115278.0,2023-10-04 23:59:59.999,79185183.52908
2023-10-05,0.08883,0.08946,0.08804,0.08814,539987368.0,2023-10-05 23:59:59.999,47916513.56909
2023-10-06,0.08813,0.08892,0.08525,0.08714,971917024.0,2023-10-06 23:59:59.999,84229703.07203
2023-10-07,0.08714,0.08835,0.08705,0.08801,497947605.0,2023-10-07 23:59:59.999,43697204.97972
2023-10-08,0.08802,0.08835,0.08734,0.08797,286621157.0,2023-10-08 23:59:59.999,25184176.99729
2023-10-09,0.08796,0.08826,0.08518,0.08609,854156335.0,2023-10-09 23:59:59.999,73943689.6833
2023-10-10,0.08608,0.08662,0.08595,0.08615,394657663.0,2023-10-10 23:59:59.999,34065825.2828
2023-10-11,0.08616,0.08664,0.08552,0.08599,689945168.0,2023-10-11 23:59:59.999,59374804.19087
2023-10-12,0.08598,0.0865,0.08455,0.08476,452975891.0,2023-10-12 23:59:59.999,38663054.64838
2023-10-13,0.08476,0.0858,0.08471,0.08547,362893447.0,2023-10-13 23:59:59.999,30934925.94791
2023-10-14,0.08546,0.08574,0.08494,0.08496,232818029.0,2023-10-14 23:59:59.999,19865441.14345
2023-10-15,0.08496,0.08677,0.08476,0.08661,361569044.0,2023-10-15 23:59:59.999,30968573.85402
2023-10-16,0.08662,0.09089,0.08655,0.0888,847049262.0,2023-10-16 23:59:59.999,74716129.9613
2023-10-17,0.08881,0.08886,0.08715,0.08848,412705798.0,2023-10-17 23:59:59.999,36390337.18169
2023-10-18,0.08848,0.08944,0.08837,0.08912,452322596.0,2023-10-18 23:59:59.999,40255361.31804
2023-10-19,0.08912,0.08997,0.0883,0.08997,458863876.0,2023-10-19 23:59:59.999,40891269.28974
2023-10-20,0.08997,0.09208,0.08979,0.09067,739776695.0,2023-10-20 23:59:59.999,67268860.89108
2023-10-21,0.09067,0.09184,0.09043,0.09155,474913567.0,2023-10-21 23:59:59.999,43271506.56279
2023-10-22,0.09155,0.0919,0.08962,0.09028,591775325.0,2023-10-22 23:59:59.999,53613622.40355
2023-10-23,0.09028,0.09426,0.08985,0.09217,1046336404.0,2023-10-23 23:59:59.999,95363695.4509
2023-10-24,0.09218,0.09405,0.09171,0.09235,1141048195.0,2023-10-24 23:59:59.999,105828652.80865
2023-10-25,0.09235,0.09416,0.09217,0.0935,815210439.0,2023-10-25 23:59:59.999,75999429.83748
2023-10-26,0.0935,0.09384,0.09187,0.0928,768737060.0,2023-10-26 23:59:59.999,71468899.54231
2023-10-27,0.0928,0.0941,0.09251,0.0935,558327394.0,2023-10-27 23:59:59.999,52113901.2711
2023-10-28,0.09349,0.09478,0.09323,0.09428,400413729.0,2023-10-28 23:59:59.999,37675874.76621
2023-10-29,0.09427,0.09521,0.09401,0.09482,324730192.0,2023-10-29 23:59:59.999,30754094.1991
2023-10-30,0.09482,0.09569,0.09381,0.09558,481932123.0,2023-10-30 23:59:59.999,45668185.05386
2023-10-31,0.09559,0.0973,0.09535,0.09715,650374389.0,2023-10-31 23:59:59.999,62593569.42317
2023-11-01,0.09715,0.10076,0.0968,0.10016,1119565753.0,2023-11-01 23:59:59.999,110816113.15984
2023-11-02,0.10016,0.10139,0.09857,0.0992,595186582.0,2023-11-02 23:59:59.999,59477068.18024
2023-11-03,0.09919,0.0992,0.09699,0.09718,429124605.0,2023-11-03 23:59:59.999,42032860.80312
2023-11-04,0.09718,0.09823,0.0968,0.09763,388686878.0,2023-11-04 23:59:59.999,37880992.64249
2023-11-05,0.09763,0.09898,0.09719,0.09804,414239708.0,2023-11-05 23:59:59.999,40663322.46904
2023-11-06,0.09803,0.09906,0.09638,0.09762,585853733.0,2023-11-06 23:59:59.999,57325087.21691
2023-11-07,0.09763,0.09782,0.09571,0.09655,423224668.0,2023-11-07 23:59:59.999,40922096.64181
2023-11-08,0.09655,0.09874,0.09625,0.09836,417027990.0,2023-11-08 23:59:59.999,40762213.93194
2023-11-09,0.09835,0.10106,0.09728,0.09891,854520306.0,2023-11-09 23:59:59.999,84737281.12772
2023-11-10,0.09891,0.11307,0.0989,0.10623,2507445590.0,2023-11-10 23:59:59.999,266068742.42713
2023-11-11,0.10622,0.10909,0.10469,0.10808,589716494.0,2023-11-11 23:59:59.999,63004722.33542
2023-11-12,0.10808,0.10912,0.10603,0.10852,392974584.0,2023-11-12 23:59:59.999,42381542.57239
2023-11-13,0.10851,0.11072,0.10683,0.10687,602151819.0,2023-11-13 23:59:59.999,65854315.61624
2023-11-14,0.10686,0.1072,0.10197,0.10226,590587079.0,2023-11-14 23:59:59.999,62011039.14638
2023-11-15,0.10226,0.10475,0.10217,0.10414,596038993.0,2023-11-15 23:59:59.999,61832011.13815
2023-11-16,0.10414,0.1048,0.10139,0.10233,513545010.0,2023-11-16 23:59:59.999,53061479.74585
2023-11-17,0.10234,0.10393,0.10165,0.10377,427597075.0,2023-11-17 23:59:59.999,44044013.56425
2023-11-18,0.10377,0.1038,0.10116,0.10293,336906354.0,2023-11-18 23:59:59.999,34540712.86357
2023-11-19,0.10293,0.10384,0.10161,0.10354,358473791.0,2023-11-19 23:59:59.999,36821943.5596
2023-11-20,0.10354,0.1051,0.10063,0.10089,544008667.0,2023-11-20 23:59:59.999,56097828.01394
2023-11-21,0.10088,0.10196,0.09554,0.09605,746778944.0,2023-11-21 23:59:59.999,74221945.22106
2023-11-22,0.09606,0.10202,0.09589,0.10114,863788499.0,2023-11-22 23:59:59.999,86176649.11646
2023-11-23,0.10113,0.1023,0.10073,0.10206,318802066.0,2023-11-23 23:59:59.999,32328435.57111
2023-11-24,0.10207,0.10524,0.10196,0.10451,549041458.0,2023-11-24 23:59:59.999,56846392.73803
2023-11-25,0.10452,0.10899,0.10437,0.1089,589336266.0,2023-11-25 23:59:59.999,62432624.21849
2023-11-26,0.10889,0.10994,0.10691,0.10779,469521908.0,2023-11-26 23:59:59.999,50896131.64549
2023-11-27,0.1078,0.10802,0.10156,0.10177,816931856.0,2023-11-27 23:59:59.999,85132680.16048
2023-11-28,0.10176,0.10373,0.0998,0.10291,855133197.0,2023-11-28 23:59:59.999,87102557.84383
2023-11-29,0.10291,0.10402,0.10265,0.10345,488015342.0,2023-11-29 23:59:59.999,50461722.5864
2023-11-30,0.10345,0.10435,0.10292,0.1035,340082603.0,2023-11-30 23:59:59.999,35208703.02726
2023-12-01,0.1035,0.10421,0.10265,0.10306,394448701.0,2023-12-01 23:59:59.999,40806769.06927
2023-12-02,0.10306,0.10413,0.10221,0.10319,382872520.0,2023-12-02 23:59:59.999,39430706.29682
2023-12-03,0.10318,0.10417,0.10252,0.10313,374646997.0,2023-12-03 23:59:59.999,38702801.23793
2023-12-04,0.10313,0.10611,0.10201,0.10396,768524938.0,2023-12-04 23:59:59.999,79808282.09479
2023-12-05,0.10396,0.10433,0.10246,0.10358,526331933.0,2023-12-05 23:59:59.999,54383708.06223
2023-12-06,0.10359,0.10623,0.10212,0.10475,878917773.0,2023-12-06 23:59:59.999,91765776.0083
2023-12-07,0.10475,0.1057,0.10293,0.1042,567797665.0,2023-12-07 23:59:59.999,59027834.57391
2023-12-08,0.1042,0.10734,0.10416,0.10671,764990581.0,2023-12-08 23:59:59.999,81011659.36592
2023-12-09,0.1067,0.10886,0.10622,0.10666,702611076.0,2023-12-09 23:59:59.999,75584906.84164
2023-12-10,0.10665,0.10858,0.10638,0.10791,539032495.0,2023-12-10 23:59:59.999,58025530.9663
2023-12-11,0.1079,0.10805,0.09886,0.10379,966278982.0,2023-12-11 23:59:59.999,100706858.98086
2023-12-12,0.10379,0.10514,0.10269,0.10356,481711549.0,2023-12-12 23:59:59.999,50132420.35724
2023-12-13,0.10356,0.10452,0.10164,0.10428,537848671.0,2023-12-13 23:59:59.999,55471796.69253
2023-12-14,0.10428,0.1061,0.10316,0.10604,482420358.0,2023-12-14 23:59:59.999,50602942.48989
2023-12-15,0.10604,0.10636,0.10113,0.10145,482335165.0,2023-12-15 23:59:59.999,50084127.44255
2023-12-16,0.10146,0.1033,0.10092,0.10273,452871802.0,2023-12-16 23:59:59.999,46390697.13831
2023-12-17,0.10272,0.10355,0.10182,0.10193,351469469.0,2023-12-17 23:59:59.999,36103395.04865
2023-12-18,0.10194,0.10198,0.09722,0.10088,809321157.0,2023-12-18 23:59:59.999,80668079.72588
2023-12-19,0.10088,0.1016,0.09993,0.10055,379912434.0,2023-12-19 23:59:59.999,38323380.43118
2023-12-20,0.10054,0.10333,0.1005,0.10273,416321493.0,2023-12-20 23:59:59.999,42586357.99915
2023-12-21,0.10272,0.1051,0.10239,0.10469,456955533.0,2023-12-21 23:59:59.999,47566552.30376
2023-12-22,0.10469,0.10523,0.1038,0.10522,395622138.0,2023-12-22 23:59:59.999,41354850.26127
2023-12-23,0.10522,0.10707,0.10398,0.10687,445634146.0,2023-12-23 23:59:59.999,47093482.34926
2023-12-24,0.10687,0.10762,0.10541,0.10628,512112797.0,2023-12-24 23:59:59.999,54589945.0714
2023-12-25,0.10628,0.10868,0.10555,0.10595,616023100.0,2023-12-25 23:59:59.999,66073751.88002
2023-12-26,0.10595,0.10672,0.1,0.10308,859153669.0,2023-12-26 23:59:59.999,89602515.96273
2023-12-27,0.10309,0.1055,0.10235,0.10542,558294152.0,2023-12-27 23:59:59.999,58055798.69886
2023-12-28,0.10543,0.1065,0.1043,0.10549,571711031.0,2023-12-28 23:59:59.999,60323889.84511
2023-12-29,0.1055,0.10686,0.10452,0.10569,530479446.0,2023-12-29 23:59:59.999,56064611.3599
2023-12-30,0.10569,0.10735,0.10508,0.10598,419761725.0,2023-12-30 23:59:59.999,44565697.95541
2023-12-31,0.10599,0.10926,0.10563,0.10769,498514396.0,2023-12-31 23:59:59.999,53747006.65529
2024-01-01,0.10769,0.10848,0.10601,0.10779,388686241.0,2024-01-01 23:59:59.999,41701740.15139
2024-01-02,0.1078,0.11079,0.10763,0.10841,651410227.0,2024-01-02 23:59:59.999,71194069.59379
2024-01-03,0.10841,0.11014,0.10269,0.10683,1174406066.0,2024-01-03 23:59:59.999,124300684.18658
2024-01-04,0.10683,0.10873,0.10627,0.10696,580308064.0,2024-01-04 23:59:59.999,62298990.5752
2024-01-05,0.10696,0.10717,0.10295,0.10437,632406158.0,2024-01-05 23:59:59.999,66280151.76619
2024-01-06,0.10437,0.10438,0.10152,0.10385,407794183.0,2024-01-06 23:59:59.999,42069915.16532
2024-01-07,0.10384,0.10411,0.10236,0.1027,299560560.0,2024-01-07 23:59:59.999,31003427.74625
2024-01-08,0.10271,0.10432,0.10099,0.10415,648584882.0,2024-01-08 23:59:59.999,66737446.74811
2024-01-09,0.10415,0.10454,0.10144,0.10273,595655648.0,2024-01-09 23:59:59.999,61205036.50621
2024-01-10,0.10272,0.10583,0.10267,0.10517,666750359.0,2024-01-10 23:59:59.999,69386609.40275
2024-01-11,0.10517,0.10777,0.1046,0.10617,822953688.0,2024-01-11 23:59:59.999,87303015.72175
2024-01-12,0.10616,0.10803,0.10547,0.10684,710494837.0,2024-01-12 23:59:59.999,75921572.21492
2024-01-13,0.10684,0.11648,0.10617,0.11422,2140070648.0,2024-01-13 23:59:59.999,241363646.04457
2024-01-14,0.11422,0.11787,0.11095,0.11118,1163464369.0,2024-01-14 23:59:59.999,133660999.78175
2024-01-15,0.11118,0.11442,0.10777,0.10867,795918472.0,2024-01-15 23:59:59.999,88851184.21228
2024-01-16,0.10867,0.11056,0.10729,0.10802,578443958.0,2024-01-16 23:59:59.999,62895039.86123
2024-01-17,0.10801,0.10928,0.10731,0.10837,352429478.0,2024-01-17 23:59:59.999,38134545.92832
2024-01-18,0.10837,0.10979,0.10593,0.1081,537882913.0,2024-01-18 23:59:59.999,58378335.25717
2024-01-19,0.10809,0.11048,0.10671,0.11047,540356715.0,2024-01-19 23:59:59.999,58770702.53094
2024-01-20,0.11046,0.11089,0.10957,0.10999,286779795.0,2024-01-20 23:59:59.999,31606403.66967
2024-01-21,0.10999,0.11176,0.10877,0.10883,326533717.0,2024-01-21 23:59:59.999,36020813.72727
2024-01-22,0.10883,0.1099,0.10782,0.10927,466479052.0,2024-01-22 23:59:59.999,50815112.6599
2024-01-23,0.10927,0.11,0.10604,0.10719,639784085.0,2024-01-23 23:59:59.999,68968439.84254
2024-01-24,0.10719,0.10886,0.10684,0.10882,313980994.0,2024-01-24 23:59:59.999,33887839.30397
2024-01-25,0.10881,0.11256,0.10853,0.11212,541441584.0,2024-01-25 23:59:59.999,60071645.83572
2024-01-26,0.11211,0.11524,0.11206,0.11442,552065773.0,2024-01-26 23:59:59.999,62964299.77255
2024-01-27,0.11443,0.11667,0.11175,0.11237,456615995.0,2024-01-27 23:59:59.999,52116599.16098
2024-01-28,0.11236,0.11351,0.11138,0.11218,345740185.0,2024-01-28 23:59:59.999,38868817.79375
2024-01-29,0.11218,0.11432,0.11197,0.11296,425345692.0,2024-01-29 23:59:59.999,48122342.14797
2024-01-30,0.11296,0.11303,0.11159,0.11195,332540577.0,2024-01-30 23:59:59.999,37310497.5315
2024-01-31,0.11194,0.1136,0.11128,0.11218,603784272.0,2024-01-31 23:59:59.999,67960202.97777
2024-02-01,0.11217,0.11575,0.11162,0.1156,654091938.0,2024-02-01 23:59:59.999,74559230.86293
2024-02-02,0.11561,0.11801,0.11546,0.11618,623316913.0,2024-02-02 23:59:59.999,72921771.4874
2024-02-03,0.11618,0.11738,0.11591,0.11719,236488162.0,2024-02-03 23:59:59.999,27583585.68516
2024-02-04,0.11719,0.11904,0.11677,0.1184,439230105.0,2024-02-04 23:59:59.999,51841803.91851
2024-02-05,0.1184,0.12057,0.11742,0.11892,731136239.0,2024-02-05 23:59:59.999,86783852.67549
2024-02-06,0.11892,0.12803,0.11883,0.12097,1123919249.0,2024-02-06 23:59:59.999,137151248.99971
2024-02-07,0.12097,0.12635,0.12078,0.12356,857331096.0,2024-02-07 23:59:59.999,106612702.38773
2024-02-08,0.12356,0.12681,0.12099,0.12183,698259003.0,2024-02-08 23:59:59.999,85991510.29958
2024-02-09,0.12183,0.12383,0.12164,0.12367,303218371.0,2024-02-09 23:59:59.999,37260895.41449
2024-02-10,0.12366,0.12457,0.12278,0.12437,204330969.0,2024-02-10 23:59:59.999,25279492.19534
2024-02-11,0.12437,0.12495,0.12396,0.12418,185352539.0,2024-02-11 23:59:59.999,23075767.55329
2024-02-12,0.12417,0.12582,0.1233,0.12497,400102807.0,2024-02-12 23:59:59.999,49959856.31456
2024-02-13,0.12498,0.12714,0.12433,0.12696,366095670.0,2024-02-13 23:59:59.999,45961852.96421
2024-02-14,0.12696,0.1302,0.12637,0.12967,414690714.0,2024-02-14 23:59:59.999,53324342.07851
2024-02-15,0.12967,0.13206,0.12958,0.13112,672545350.0,2024-02-15 23:59:59.999,88002407.84874
2024-02-16,0.13112,0.13311,0.13061,0.13298,438673599.0,2024-02-16 23:59:59.999,57852935.4364
2024-02-17,0.13298,0.1398,0.13266,0.136,1043881782.0,2024-02-17 23:59:59.999,142130708.47078
2024-02-18,0.13601,0.13621,0.13467,0.13531,375056306.0,2024-02-18 23:59:59.999,50745010.87358
2024-02-19,0.1353,0.13698,0.13516,0.13645,305793637.0,2024-02-19 23:59:59.999,41595115.39129
2024-02-20,0.13646,0.14016,0.13578,0.13935,611295150.0,2024-02-20 23:59:59.999,84276585.21774
2024-02-21,0.13935,0.14075,0.13807,0.13984,570907766.0,2024-02-21 23:59:59.999,79631524.38083
2024-02-22,0.13983,0.14037,0.13863,0.13902,377823385.0,2024-02-22 23:59:59.999,52751515.14984
2024-02-23,0.13901,0.1395,0.13758,0.13823,334595774.0,2024-02-23 23:59:59.999,46402197.78996
2024-02-24,0.13822,0.13845,0.13691,0.13753,209435028.0,2024-02-24 23:59:59.999,28845039.13058
2024-02-25,0.13753,0.13822,0.13728,0.13777,141282824.0,2024-02-25 23:59:59.999,19462824.12208
2024-02-26,0.13776,0.14018,0.13738,0.13998,279357402.0,2024-02-26 23:59:59.999,38763260.90701
2024-02-27,0.13999,0.14461,0.13982,0.14304,471105824.0,2024-02-27 23:59:59.999,66821879.88746
2024-02-28,0.14305,0.14448,0.13792,0.14226,662204428.0,2024-02-28 23:59:59.999,94554257.99802
2024-02-29,0.14225,0.14398,0.14012,0.14044,542816913.0,2024-02-29 23:59:59.999,77186482.58444
2024-03-01,0.14044,0.1417,0.14031,0.14162,281694830.0,2024-03-01 23:59:59.999,39743064.11109
2024-03-02,0.14163,0.14196,0.1403,0.1414,282828504.0,2024-03-02 23:59:59.999,39848595.82408
2024-03-03,0.1414,0.14153,0.1386,0.14074,388144518.0,2024-03-03 23:59:59.999,54526741.66228
2024-03-04,0.14074,0.14148,0.13951,0.14039,497394218.0,2024-03-04 23:59:59.999,69880405.09332
2024-03-05,0.14039,0.14058,0.13174,0.1359,904824922.0,2024-03-05 23:59:59.999,124609924.36033
2024-03-06,0.1359,0.13842,0.13528,0.13783,576017213.0,2024-03-06 23:59:59.999,78971514.83673
2024-03-07,0.13782,0.13814,0.13629,0.13717,423647008.0,2024-03-07 23:59:59.999,58136108.75234
2024-03-08,0.13717,0.13781,0.13577,0.13655,437826915.0,2024-03-08 23:59:59.999,59938351.75739
2024-03-09,0.13655,0.13716,0.13561,0.13583,245508250.0,2024-03-09 23:59:59.999,33446655.59909
2024-03-10,0.13583,0.13624,0.13329,0.13377,252612001.0,2024-03-10 23:59:59.999,34119784.69771
2024-03-11,0.13377,0.13428,0.13123,0.13383,552149012.0,2024-03-11 23:59:59.999,73480407.95349
2024-03-12,0.13382,0.13424,0.13015,0.13146,641301882.0,2024-03-12 23:59:59.999,84681104.98921
2024-03-13,0.13147,0.13249,0.13101,0.13211,364162613.0,2024-03-13 23:59:59.999,47975276.10454
2024-03-14,0.13212,0.1322,0.12743,0.12928,787205969.0,2024-03-14 23:59:59.999,102135794.59348
2024-03-15,0.12928,0.12958,0.12495,0.1264,1012606842.0,2024-03-15 23:59:59.999,128111314.70994
2024-03-16,0.1264,0.12748,0.12463,0.1253,579854591.0,2024-03-16 23:59:59.999,73178967.46729
2024-03-17,0.1253,0.12664,0.12389,0.12634,491726608.0,2024-03-17 23:59:59.999,61599220.72643
2024-03-18,0.12633,0.12684,0.12283,0.12417,565313652.0,2024-03-18 23:59:59.999,70554289.11135
2024-03-19,0.12417,0.12448,0.11019,0.11233,1750373580.0,2024-03-19 23:59:59.999,206808130.49837
2024-03-20,0.11232,0.12129,0.11012,0.12081,1669484739.0,2024-03-20 23:59:59.999,193304833.86027
2024-03-21,0.12081,0.12206,0.12028,0.12122,782546528.0,2024-03-21 23:59:59.999,94844154.46342
2024-03-22,0.12122,0.12163,0.11491,0.11741,849056747.0,2024-03-22 23:59:59.999,100464218.96548
2024-03-23,0.11742,0.11976,0.11602,0.11822,581600878.0,2024-03-23 23:59:59.999,68650110.24367
2024-03-24,0.11821,0.12064,0.11658,0.12023,512943628.0,2024-03-24 23:59:59.999,61075187.75608
2024-03-25,0.12023,0.12115,0.11725,0.12049,691405780.0,2024-03-25 23:59:59.999,82515338.73191
2024-03-26,0.12049,0.12253,0.12039,0.1209,491415617.0,2024-03-26 23:59:59.999,59677782.68815
2024-03-27,0.12091,0.12167,0.11901,0.1195,469063820.0,2024-03-27 23:59:59.999,56415335.86421
2024-03-28,0.1195,0.1208,0.11914,0.12059,244541387.0,2024-03-28 23:59:59.999,29383657.31641
2024-03-29,0.12058,0.12147,0.11952,0.12005,344335877.0,2024-03-29 23:59:59.999,41405587.4826
2024-03-30,0.12005,0.12308,0.12004,0.12268,299204756.0,2024-03-30 23:59:59.999,36398554.09039
2024-03-31,0.12269,0.12345,0.12221,0.12313,254509477.0,2024-03-31 23:59:59.999,31251317.61095
2024-04-01,0.12313,0.12341,0.11977,0.12062,500031095.0,2024-04-01 23:59:59.999,60673661.76505
2024-04-02,0.12063,0.12068,0.11573,0.11667,697445074.0,2024-04-02 23:59:59.999,81868728.7165
2024-04-03,0.11666,0.11858,0.11552,0.1172,596200040.0,2024-04-03 23:59:59.999,70055024.20831
2024-04-04,0.11719,0.11962,0.11689,0.11928,416741401.0,2024-04-04 23:59:59.999,49292172.12501
2024-04-05,0.11927,0.11955,0.11728,0.11794,394992615.0,2024-04-05 23:59:59.999,46753575.25866
2024-04-06,0.11795,0.12004,0.11776,0.11969,228119926.0,2024-04-06 23:59:59.999,27117381.39441
2024-04-07,0.11968,0.12108,0.11966,0.12066,211337932.0,2024-04-07 23:59:59.999,25449674.1829
2024-04-08,0.12067,0.12366,0.12065,0.12315,395926404.0,2024-04-08 23:59:59.999,48454430.35371
2024-04-09,0.12316,0.12321,0.12028,0.12118,472396600.0,2024-04-09 23:59:59.999,57495789.25672
2024-04-10,0.12118,0.12421,0.11788,0.11924,728292491.0,2024-04-10 23:59:59.999,87758657.57296
2024-04-11,0.11925,0.12061,0.11898,0.12042,367363626.0,2024-04-11 23:59:59.999,44011364.16698
2024-04-12,0.12042,0.12246,0.11079,0.11484,1029142289.0,2024-04-12 23:59:59.999,121382131.26628
2024-04-13,0.11485,0.11544,0.10643,0.11011,1270363064.0,2024-04-13 23:59:59.999,141625239.36206
2024-04-14,0.11011,0.11262,0.10876,0.11241,966819379.0,2024-04-14 23:59:59.999,107039201.89499
2024-04-15,0.11241,0.11534,0.10978,0.11141,1164237373.0,2024-04-15 23:59:59.999,131399753.18151
2024-04-16,0.11141,0.11208,0.10877,0.11177,955904598.0,2024-04-16 23:59:59.999,105602160.4584
2024-04-17,0.11178,0.11299,0.10882,0.10956,840457173.0,2024-04-17 23:59:59.999,93265205.24976
2024-04-18,0.10955,0.11017,0.10733,0.10923,725576269.0,2024-04-18 23:59:59.999,79038750.6117
2024-04-19,0.10923,0.11056,0.10475,0.10981,983865701.0,2024-04-19 23:59:59.999,106444599.03652
2024-04-20,0.10981,0.11113,0.10888,0.11102,456826790.0,2024-04-20 23:59:59.999,50250835.62536
2024-04-21,0.11101,0.11149,0.11013,0.11127,362106777.0,2024-04-21 23:59:59.999,40158199.01267
2024-04-22,0.11127,0.11243,0.11036,0.11214,476740958.0,2024-04-22 23:59:59.999,53038547.08007
2024-04-23,0.11215,0.11365,0.11119,0.11319,404960480.0,2024-04-23 23:59:59.999,45504186.01786
2024-04-24,0.1132,0.11412,0.11233,0.11324,533752256.0,2024-04-24 23:59:59.999,60539496.11331
2024-04-25,0.11324,0.11745,0.11306,0.11722,749115042.0,2024-04-25 23:59:59.999,86366598.50766
2024-04-26,0.11722,0.1206,0.11642,0.12012,747536602.0,2024-04-26 23:59:59.999,88569789.29656
2024-04-27,0.12012,0.12098,0.11849,0.11966,585497803.0,2024-04-27 23:59:59.999,70132278.85803
2024-04-28,0.11966,0.12396,0.11966,0.12118,554193713.0,2024-04-28 23:59:59.999,67039775.37754
2024-04-29,0.12118,0.12141,0.11761,0.11895,622446597.0,2024-04-29 23:59:59.999,74154165.0099
2024-04-30,0.11895,0.12085,0.11742,0.11955,1060714472.0,2024-04-30 23:59:59.999,126262868.14811
2024-05-01,0.11954,0.12105,0.11701,0.12042,940124452.0,2024-05-01 23:59:59.999,112353197.95709
2024-05-02,0.12043,0.12336,0.12,0.1222,550133757.0,2024-05-02 23:59:59.999,67161138.17981
2024-05-03,0.12219,0.12386,0.12176,0.12264,369281606.0,2024-05-03 23:59:59.999,45306421.27946
2024-05-04,0.12264,0.12355,0.12218,0.1222,265016418.0,2024-05-04 23:59:59.999,32533658.50265
2024-05-05,0.12219,0.12224,0.12066,0.12108,289623761.0,2024-05-05 23:59:59.999,35108317.88484
2024-05-06,0.12107,0.12202,0.11815,0.11853,460668442.0,2024-05-06 23:59:59.999,55227508.09979
2024-05-07,0.11853,0.1217,0.11802,0.12047,453964304.0,2024-05-07 23:59:59.999,54407546.67513
2024-05-08,0.12046,0.12378,0.12014,0.1229,706163358.0,2024-05-08 23:59:59.999,86126787.95758
2024-05-09,0.1229,0.12716,0.12286,0.12616,745926800.0,2024-05-09 23:59:59.999,93496610.33649
2024-05-10,0.12616,0.12751,0.12403,0.12744,632614887.0,2024-05-10 23:59:59.999,79670904.76918
2024-05-11,0.12743,0.12769,0.12576,0.12631,339910923.0,2024-05-11 23:59:59.999,43065136.57929
2024-05-12,0.12631,0.1274,0.1263,0.12734,240090103.0,2024-05-12 23:59:59.999,30442348.05185
2024-05-13,0.12735,0.1275,0.12538,0.12548,415358072.0,2024-05-13 23:59:59.999,52456052.8386
2024-05-14,0.12548,0.12585,0.12465,0.12542,324222904.0,2024-05-14 23:59:59.999,40590026.14547
2024-05-15,0.12541,0.12689,0.12522,0.12628,320592821.0,2024-05-15 23:59:59.999,40332334.93896
2024-05-16,0.12627,0.12666,0.12416,0.12492,619960426.0,2024-05-16 23:59:59.999,77524547.71663
2024-05-17,0.12492,0.12508,0.12387,0.12423,353309074.0,2024-05-17 23:59:59.999,43972058.54116
2024-05-18,0.12423,0.1245,0.12288,0.12292,262889221.0,2024-05-18 23:59:59.999,32503634.1567
2024-05-19,0.12292,0.12318,0.12035,0.12113,388255411.0,2024-05-19 23:59:59.999,47184222.49228
2024-05-20,0.12112,0.12448,0.12081,0.12445,469273290.0,2024-05-20 23:59:59.999,57437073.7596
2024-05-21,0.12444,0.12465,0.12274,0.1236,397579313.0,2024-05-21 23:59:59.999,49146145.38918
2024-05-22,0.1236,0.12389,0.11949,0.11999,395206591.0,2024-05-22 23:59:59.999,48103189.11416
2024-05-23,0.11999,0.12001,0.1126,0.11536,636533400.0,2024-05-23 23:59:59.999,74090029.84705
2024-05-24,0.11536,0.11574,0.11313,0.1155,529936465.0,2024-05-24 23:59:59.999,60713436.43285
2024-05-25,0.1155,0.11608,0.11307,0.11375,374833000.0,2024-05-25 23:59:59.999,42812307.854
2024-05-26,0.11376,0.11415,0.11262,0.1131,254294297.0,2024-05-26 23:59:59.999,28872622.13621
2024-05-27,0.1131,0.11327,0.11076,0.1125,461982722.0,2024-05-27 23:59:59.999,51763127.14042
2024-05-28,0.11251,0.11262,0.11024,0.1112,459678039.0,2024-05-28 23:59:59.999,51137545.84692
2024-05-29,0.1112,0.11252,0.11091,0.1121,300528131.0,2024-05-29 23:59:59.999,33590972.23203
2024-05-30,0.11209,0.11229,0.11062,0.11203,264375683.0,2024-05-30 23:59:59.999,29481017.54222
2024-05-31,0.11203,0.11288,0.11102,0.11211,244338043.0,2024-05-31 23:59:59.999,27349202.66016
2024-06-01,0.11211,0.11307,0.11092,0.11265,177741901.0,2024-06-01 23:59:59.999,19902536.7888
2024-06-02,0.11266,0.11534,0.11254,0.11479,290303330.0,2024-06-02 23:59:59.999,33147561.35096
2024-06-03,0.1148,0.11527,0.11286,0.11335,352238915.0,2024-06-03 23:59:59.999,40033089.08384
2024-06-04,0.11335,0.11461,0.11314,0.11446,228614215.0,2024-06-04 23:59:59.999,26037277.24397
2024-06-05,0.11446,0.1149,0.11367,0.11464,216120503.0,2024-06-05 23:59:59.999,24719012.43665
2024-06-06,0.11464,0.11533,0.114,0.11483,230416038.0,2024-06-06 23:59:59.999,26435318.98134
2024-06-07,0.11482,0.11523,0.1088,0.1126,600523613.0,2024-06-07 23:59:59.999,67912143.5326
2024-06-08,0.1126,0.11519,0.11217,0.11477,428498143.0,2024-06-08 23:59:59.999,48651093.94217
2024-06-09,0.11476,0.11697,0.11368,0.11689,411544883.0,2024-06-09 23:59:59.999,47602380.18958
2024-06-10,0.11689,0.11786,0.11596,0.11771,403298493.0,2024-06-10 23:59:59.999,47129174.16831
2024-06-11,0.11771,0.11805,0.11585,0.11657,543164875.0,2024-06-11 23:59:59.999,63536677.73363
2024-06-12,0.11658,0.11793,0.11566,0.11648,599583615.0,2024-06-12 23:59:59.999,70032889.46142
2024-06-13,0.11647,0.11714,0.11562,0.11697,353120218.0,2024-06-13 23:59:59.999,41161367.30635
2024-06-14,0.11697,0.11711,0.115,0.11649,371698490.0,2024-06-14 23:59:59.999,43169078.36422
2024-06-15,0.11649,0.11666,0.11478,0.11525,237224417.0,2024-06-15 23:59:59.999,27394413.65956
2024-06-16,0.11526,0.11784,0.11493,0.11731,263485928.0,2024-06-16 23:59:59.999,30562576.89859
2024-06-17,0.11732,0.11816,0.11628,0.11671,525484875.0,2024-06-17 23:59:59.999,61575659.89869
2024-06-18,0.11672,0.11677,0.11118,0.11541,616646296.0,2024-06-18 23:59:59.999,70789813.09084
2024-06-19,0.1154,0.11717,0.11511,0.11574,291563264.0,2024-06-19 23:59:59.999,33916954.98842
2024-06-20,0.11575,0.11708,0.11562,0.11675,218218523.0,2024-06-20 23:59:59.999,25425586.73159
2024-06-21,0.11674,0.11872,0.11608,0.1183,395253025.0,2024-06-21 23:59:59.999,46524569.49433
2024-06-22,0.11829,0.12006,0.11776,0.11964,272325720.0,2024-06-22 23:59:59.999,32445225.23253
2024-06-23,0.11964,0.1205,0.11895,0.11917,223756476.0,2024-06-23 23:59:59.999,26797310.891
2024-06-24,0.11917,0.11991,0.11727,0.11901,427050001.0,2024-06-24 23:59:59.999,50758537.00832
2024-06-25,0.11901,0.12215,0.11901,0.12184,272974794.0,2024-06-25 23:59:59.999,33036092.59021
2024-06-26,0.12184,0.1249,0.12175,0.12262,427784097.0,2024-06-26 23:59:59.999,52814515.33314
2024-06-27,0.12262,0.12372,0.12187,0.12191,266231301.0,2024-06-27 23:59:59.999,32698947.85945
2024-06-28,0.1219,0.12381,0.12171,0.12312,299226128.0,2024-06-28 23:59:59.999,36744947.32598
2024-06-29,0.12311,0.12627,0.12292,0.12549,403241347.0,2024-06-29 23:59:59.999,50399090.76275
2024-06-30,0.12549,0.12584,0.12454,0.1246,265358393.0,2024-06-30 23:59:59.999,33243780.40925
2024-07-01,0.12461,0.12899,0.12453,0.1277,467665543.0,2024-07-01 23:59:59.999,59648866.55713
2024-07-02,0.1277,0.12936,0.12748,0.12923,310981849.0,2024-07-02 23:59:59.999,39909867.06343
2024-07-03,0.12922,0.13007,0.12813,0.12865,452980739.0,2024-07-03 23:59:59.999,58473029.72517
2024-07-04,0.12865,0.12907,0.12549,0.1271,662222160.0,2024-07-04 23:59:59.999,84336276.39031
2024-07-05,0.1271,0.12775,0.12089,0.12676,1288158046.0,2024-07-05 23:59:59.999,160797631.8754
2024-07-06,0.12676,0.13029,0.12629,0.12991,459014095.0,2024-07-06 23:59:59.999,59052698.60501
2024-07-07,0.12991,0.13102,0.12434,0.12452,487058030.0,2024-07-07 23:59:59.999,62523371.72805
2024-07-08,0.12452,0.12646,0.12265,0.12608,606382841.0,2024-07-08 23:59:59.999,75630437.94112
2024-07-09,0.12608,0.12997,0.12607,0.12993,372686094.0,2024-07-09 23:59:59.999,47884527.46292
2024-07-10,0.12994,0.13185,0.12904,0.13145,312846232.0,2024-07-10 23:59:59.999,40818710.58087
2024-07-11,0.13144,0.13528,0.13138,0.13423,520619153.0,2024-07-11 23:59:59.999,69734125.63693
2024-07-12,0.13424,0.13728,0.1338,0.13726,396521051.0,2024-07-12 23:59:59.999,53874417.89303
2024-07-13,0.13727,0.1416,0.13724,0.13936,518602940.0,2024-07-13 23:59:59.999,72451999.43059
2024-07-14,0.13936,0.14013,0.13721,0.13746,339238310.0,2024-07-14 23:59:59.999,46895182.15524
2024-07-15,0.13746,0.13888,0.13642,0.13728,412651285.0,2024-07-15 23:59:59.999,56832814.62183
2024-07-16,0.13727,0.13736,0.13262,0.13393,685980945.0,2024-07-16 23:59:59.999,92156956.33915
2024-07-17,0.13393,0.13505,0.13332,0.1334,371498319.0,2024-07-17 23:59:59.999,49860798.85006
2024-07-18,0.1334,0.13466,0.133,0.13443,272548726.0,2024-07-18 23:59:59.999,36504472.40396
2024-07-19,0.13443,0.13585,0.13389,0.13453,415519862.0,2024-07-19 23:59:59.999,55960581.85832
2024-07-20,0.13452,0.13469,0.1335,0.13458,258868046.0,2024-07-20 23:59:59.999,34769898.52688
2024-07-21,0.13458,0.13494,0.13339,0.13414,187608502.0,2024-07-21 23:59:59.999,25172475.93939
2024-07-22,0.13414,0.13725,0.13158,0.13227,718115937.0,2024-07-22 23:59:59.999,96707822.16405
2024-07-23,0.13227,0.13443,0.13098,0.13412,373296804.0,2024-07-23 23:59:59.999,49486395.27486
2024-07-24,0.13411,0.13479,0.13341,0.13428,308669508.0,2024-07-24 23:59:59.999,41369785.32669
2024-07-25,0.13428,0.13647,0.13328,0.13548,515920806.0,2024-07-25 23:59:59.999,69759785.38662
2024-07-26,0.13549,0.13777,0.13548,0.13741,270760132.0,2024-07-26 23:59:59.999,37049840.20106
2024-07-27,0.13741,0.1377,0.13623,0.13717,224341209.0,2024-07-27 23:59:59.999,30768028.67722
2024-07-28,0.13717,0.1393,0.13671,0.13845,303514088.0,2024-07-28 23:59:59.999,41904892.05269
2024-07-29,0.13845,0.1394,0.13487,0.13738,496796758.0,2024-07-29 23:59:59.999,68189607.68635
2024-07-30,0.13737,0.13844,0.13224,0.13299,444260058.0,2024-07-30 23:59:59.999,59954796.26685
2024-07-31,0.133,0.133,0.12833,0.12853,540901073.0,2024-07-31 23:59:59.999,70545642.34862
2024-08-01,0.12854,0.12972,0.12678,0.12816,495689879.0,2024-08-01 23:59:59.999,63625195.13699
2024-08-02,0.12816,0.12835,0.12269,0.12357,532197428.0,2024-08-02 23:59:59.999,66726554.05771
2024-08-03,0.12357,0.12543,0.12284,0.12539,582586319.0,2024-08-03 23:59:59.999,72583756.15179
2024-08-04,0.12539,0.12861,0.12492,0.12631,956431007.0,2024-08-04 23:59:59.999,121397284.82168
2024-08-05,0.1263,0.12658,0.11677,0.12143,2032688096.0,2024-08-05 23:59:59.999,245779324.12478
2024-08-06,0.12142,0.12381,0.12122,0.12332,668930911.0,2024-08-06 23:59:59.999,82050480.84457
2024-08-07,0.12332,0.12545,0.12321,0.12468,565593136.0,2024-08-07 23:59:59.999,70242321.77303
2024-08-08,0.12468,0.12712,0.1241,0.12696,397051279.0,2024-08-08 23:59:59.999,49947245.12304
2024-08-09,0.12696,0.1283,0.1262,0.12829,425763714.0,2024-08-09 23:59:59.999,54056503.03839
2024-08-10,0.1283,0.12971,0.12815,0.12896,378888867.0,2024-08-10 23:59:59.999,48843341.74467
2024-08-11,0.12896,0.12935,0.12723,0.12762,271005190.0,2024-08-11 23:59:59.999,34799092.87145
2024-08-12,0.12763,0.12822,0.12592,0.12664,454782948.0,2024-08-12 23:59:59.999,57802624.30421
2024-08-13,0.12664,0.12902,0.12546,0.12872,410744284.0,2024-08-13 23:59:59.999,52158199.60129
2024-08-14,0.12872,0.13089,0.12852,0.13039,522815782.0,2024-08-14 23:59:59.999,68032516.11235
2024-08-15,0.13039,0.13214,0.12962,0.13011,527515413.0,2024-08-15 23:59:59.999,69094813.23034
2024-08-16,0.13011,0.13418,0.12931,0.13415,605889745.0,2024-08-16 23:59:59.999,79786040.67252
2024-08-17,0.13416,0.13631,0.13325,0.13476,535922490.0,2024-08-17 23:59:59.999,72354005.23336
2024-08-18,0.13477,0.13568,0.13308,0.13508,405827851.0,2024-08-18 23:59:59.999,54436395.76333
2024-08-19,0.13508,0.14364,0.13382,0.14312,1326328021.0,2024-08-19 23:59:59.999,184683048.47463
2024-08-20,0.14311,0.16199,0.14212,0.1615,3153293789.0,2024-08-20 23:59:59.999,479517518.92588
2024-08-21,0.1615,0.16678,0.153,0.15379,4326483387.0,2024-08-21 23:59:59.999,694867877.09971
2024-08-22,0.15379,0.16032,0.14777,0.15542,3251622535.0,2024-08-22 23:59:59.999,501535203.19556
2024-08-23,0.15541,0.1592,0.1533,0.15827,1587838529.0,2024-08-23 23:59:59.999,248281672.14155
2024-08-24,0.15827,0.16305,0.1574,0.1588,1334886876.0,2024-08-24 23:59:59.999,213457320.87326
2024-08-25,0.15881,0.16888,0.15614,0.16629,2083837804.0,2024-08-25 23:59:59.999,339164728.76136
2024-08-26,0.16629,0.16876,0.16123,0.16144,1786206210.0,2024-08-26 23:59:59.999,295457148.73075
2024-08-27,0.16144,0.16366,0.15561,0.1579,1331951575.0,2024-08-27 23:59:59.999,214141665.98796
2024-08-28,0.1579,0.15984,0.15702,0.15822,1034882749.0,2024-08-28 23:59:59.999,163815274.35335
2024-08-29,0.15822,0.1615,0.15784,0.15988,747042096.0,2024-08-29 23:59:59.999,119493234.98245
2024-08-30,0.15988,0.16174,0.15894,0.15998,793430540.0,2024-08-30 23:59:59.999,127084192.03435
2024-08-31,0.15999,0.16036,0.15637,0.15758,595164519.0,2024-08-31 23:59:59.999,93901719.83249
2024-09-01,0.15759,0.15777,0.15445,0.15555,591509281.0,2024-09-01 23:59:59.999,92362490.18428
2024-09-02,0.15555,0.15689,0.15357,0.1542,613690442.0,2024-09-02 23:59:59.999,95379681.41947
2024-09-03,0.1542,0.15468,0.15006,0.15017,689213140.0,2024-09-03 23:59:59.999,104914580.54701
2024-09-04,0.15017,0.15216,0.14857,0.14993,803505163.0,2024-09-04 23:59:59.999,120678564.81973
2024-09-05,0.14992,0.1513,0.1488,0.1497,523708700.0,2024-09-05 23:59:59.999,78609402.9127
2024-09-06,0.14971,0.15019,0.14627,0.14786,612934115.0,2024-09-06 23:59:59.999,91022067.53211
2024-09-07,0.14786,0.15209,0.14786,0.15157,468280948.0,2024-09-07 23:59:59.999,70432002.90108
2024-09-08,0.15158,0.15336,0.15098,0.15314,495729487.0,2024-09-08 23:59:59.999,75430809.03887
2024-09-09,0.15315,0.15503,0.15303,0.15452,474857907.0,2024-09-09 23:59:59.999,73147164.30178
2024-09-10,0.15452,0.15455,0.15195,0.15291,423892601.0,2024-09-10 23:59:59.999,64808680.26551
2024-09-11,0.15291,0.1535,0.15164,0.15333,406759975.0,2024-09-11 23:59:59.999,62046557.4063
2024-09-12,0.15334,0.15431,0.1517,0.15186,458531561.0,2024-09-12 23:59:59.999,70175193.95574
2024-09-13,0.15187,0.15187,0.14832,0.14876,608394544.0,2024-09-13 23:59:59.999,91177708.60297
2024-09-14,0.14876,0.14877,0.14676,0.14741,416218884.0,2024-09-14 23:59:59.999,61450860.0618
2024-09-15,0.14741,0.14957,0.14687,0.14887,442593721.0,2024-09-15 23:59:59.999,65561346.80368
2024-09-16,0.14886,0.14963,0.14759,0.1489,438310437.0,2024-09-16 23:59:59.999,65144169.90877
2024-09-17,0.1489,0.15127,0.14888,0.14993,342278041.0,2024-09-17 23:59:59.999,51382348.83813
2024-09-18,0.14994,0.15024,0.14882,0.14941,297120641.0,2024-09-18 23:59:59.999,44427034.98351
2024-09-19,0.14941,0.1516,0.14932,0.15148,357931226.0,2024-09-19 23:59:59.999,53852381.99599
2024-09-20,0.15148,0.15278,0.1512,0.15198,270170288.0,2024-09-20 23:59:59.999,41064272.25765
2024-09-21,0.15197,0.15242,0.1513,0.15188,129556841.0,2024-09-21 23:59:59.999,19681852.04653
2024-09-22,0.15187,0.15209,0.15076,0.15167,260706025.0,2024-09-22 23:59:59.999,39496476.32658
2024-09-23,0.15168,0.15288,0.15109,0.15225,298214442.0,2024-09-23 23:59:59.999,45343979.41241
2024-09-24,0.15225,0.15252,0.15051,0.15112,301827084.0,2024-09-24 23:59:59.999,45734665.92361
2024-09-25,0.15112,0.15117,0.14967,0.1499,290477230.0,2024-09-25 23:59:59.999,43706581.21115
2024-09-26,0.14991,0.15368,0.14922,0.15303,376068661.0,2024-09-26 23:59:59.999,57178428.54821
2024-09-27,0.15303,0.15554,0.15303,0.15511,354168479.0,2024-09-27 23:59:59.999,54755986.54796
2024-09-28,0.1551,0.15541,0.15372,0.15506,204316670.0,2024-09-28 23:59:59.999,31590962.62438
2024-09-29,0.15506,0.15766,0.15468,0.15635,320817249.0,2024-09-29 23:59:59.999,50105559.70938
2024-09-30,0.15635,0.15692,0.15465,0.15589,423214266.0,2024-09-30 23:59:59.999,65915972.66125
2024-10-01,0.15588,0.15715,0.15282,0.15348,572856561.0,2024-10-01 23:59:59.999,88762060.82091
2024-10-02,0.15348,0.1553,0.153,0.15449,497859423.0,2024-10-02 23:59:59.999,76721831.35019
2024-10-03,0.15448,0.1578,0.15337,0.15773,568628936.0,2024-10-03 23:59:59.999,88148436.90471
2024-10-04,0.15773,0.15787,0.1563,0.1564,348867305.0,2024-10-04 23:59:59.999,54755548.38829
2024-10-05,0.1564,0.15651,0.15338,0.15339,275966081.0,2024-10-05 23:59:59.999,42605416.43039
2024-10-06,0.15339,0.15469,0.15299,0.15424,214742774.0,2024-10-06 23:59:59.999,33052367.75911
2024-10-07,0.15425,0.15669,0.15376,0.15582,399927077.0,2024-10-07 23:59:59.999,62121385.18289
2024-10-08,0.15581,0.16056,0.15554,0.16002,498964394.0,2024-10-08 23:59:59.999,78683161.34548
2024-10-09,0.16003,0.16208,0.1594,0.16052,442064573.0,2024-10-09 23:59:59.999,70957625.55471
2024-10-10,0.16052,0.16067,0.15854,0.15873,356152375.0,2024-10-10 23:59:59.999,56783389.6267
2024-10-11,0.15873,0.16149,0.158,0.15973,324901764.0,2024-10-11 23:59:59.999,51923897.26368
2024-10-12,0.15972,0.16405,0.15897,0.16243,335745416.0,2024-10-12 23:59:59.999,54415153.54368
2024-10-13,0.16242,0.16349,0.16179,0.16254,244314263.0,2024-10-13 23:59:59.999,39728097.46247
2024-10-14,0.16254,0.16317,0.15958,0.16046,515810601.0,2024-10-14 23:59:59.999,82942556.33848
2024-10-15,0.16047,0.16051,0.15747,0.15869,445751400.0,2024-10-15 23:59:59.999,70728918.30646
2024-10-16,0.15869,0.16035,0.15836,0.16004,312241799.0,2024-10-16 23:59:59.999,49772055.68419
2024-10-17,0.16004,0.16058,0.15898,0.15935,253799572.0,2024-10-17 23:59:59.999,40581545.69198
2024-10-18,0.15935,0.15944,0.1581,0.15831,214721455.0,2024-10-18 23:59:59.999,34133735.4335
2024-10-19,0.1583,0.15855,0.15603,0.15666,274686413.0,2024-10-19 23:59:59.999,43270671.65471
2024-10-20,0.15665,0.15686,0.1559,0.15664,173461887.0,2024-10-20 23:59:59.999,27131138.81821
2024-10-21,0.15664,0.15874,0.15501,0.15829,330207362.0,2024-10-21 23:59:59.999,51914278.93715
2024-10-22,0.15828,0.16077,0.15743,0.16032,371972606.0,2024-10-22 23:59:59.999,59288024.48435
2024-10-23,0.16033,0.16071,0.15918,0.16033,284696474.0,2024-10-23 23:59:59.999,45569037.0379
2024-10-24,0.16034,0.16519,0.16032,0.16465,442120506.0,2024-10-24 23:59:59.999,72171410.92838
2024-10-25,0.16464,0.16698,0.16175,0.16255,686111977.0,2024-10-25 23:59:59.999,113291879.88572
2024-10-26,0.16254,0.16549,0.16234,0.16515,319461221.0,2024-10-26 23:59:59.999,52461490.39982
2024-10-27,0.16515,0.16634,0.16388,0.16392,281534307.0,2024-10-27 23:59:59.999,46559828.07561
2024-10-28,0.16393,0.1645,0.16308,0.16414,273137353.0,2024-10-28 23:59:59.999,44717600.61111
2024-10-29,0.16414,0.1673,0.16394,0.16637,430900462.0,2024-10-29 23:59:59.999,71220920.88144
2024-10-30,0.16638,0.16991,0.16598,0.16936,375744268.0,2024-10-30 23:59:59.999,63300836.29304
2024-10-31,0.16936,0.17068,0.16764,0.16854,387168608.0,2024-10-31 23:59:59.999,65461972.17274
2024-11-01,0.16854,0.16888,0.166,0.16737,375222892.0,2024-11-01 23:59:59.999,62817370.60115
2024-11-02,0.16736,0.16775,0.16577,0.16607,175798112.0,2024-11-02 23:59:59.999,29309469.20077
2024-11-03,0.16606,0.16613,0.16305,0.16515,324385028.0,2024-11-03 23:59:59.999,53283048.46286
2024-11-04,0.16516,0.16579,0.16245,0.16279,357928392.0,2024-11-04 23:59:59.999,58843752.24639
2024-11-05,0.16279,0.16321,0.15958,0.15996,486236208.0,2024-11-05 23:59:59.999,78526453.47438
2024-11-06,0.15996,0.1641,0.15982,0.16239,613607226.0,2024-11-06 23:59:59.999,99617951.56717
2024-11-07,0.16239,0.16295,0.15939,0.16001,464450583.0,2024-11-07 23:59:59.999,74706964.38863
2024-11-08,0.16001,0.16188,0.15978,0.16089,304400645.0,2024-11-08 23:59:59.999,48979572.81829
2024-11-09,0.16089,0.16218,0.15965,0.16204,251439425.0,2024-11-09 23:59:59.999,40352923.83481
2024-11-10,0.16205,0.16687,0.16122,0.16399,730901936.0,2024-11-10 23:59:59.999,120230445.61133
2024-11-11,0.16399,0.16805,0.1633,0.16794,676721199.0,2024-11-11 23:59:59.999,112076755.45756
2024-11-12,0.16794,0.1905,0.1644,0.18753,2013579898.0,2024-11-12 23:59:59.999,354923116.39277
2024-11-13,0.18754,0.19245,0.17357,0.17716,1350636152.0,2024-11-13 23:59:59.999,242058807.11842
2024-11-14,0.17716,0.18533,0.1756,0.17646,849010424.0,2024-11-14 23:59:59.999,152589763.24155
2024-11-15,0.17646,0.19169,0.17594,0.19141,947442846.0,2024-11-15 23:59:59.999,174570281.95064
2024-11-16,0.19141,0.20495,0.18815,0.20032,941953123.0,2024-11-16 23:59:59.999,186076942.5036
2024-11-17,0.20032,0.20161,0.19237,0.19963,591219594.0,2024-11-17 23:59:59.999,116348360.61856
2024-11-18,0.19963,0.20728,0.19962,0.2022,662187633.0,2024-11-18 23:59:59.999,134642974.43968
2024-11-19,0.20219,0.20688,0.19836,0.19966,513397413.0,2024-11-19 23:59:59.999,104162450.06738
2024-11-20,0.19967,0.19999,0.19314,0.19471,485167851.0,2024-11-20 23:59:59.999,95465955.94939
2024-11-21,0.1947,0.20166,0.19296,0.19874,574503969.0,2024-11-21 23:59:59.999,113840179.02055
2024-11-22,0.19874,0.2051,0.19678,0.20504,616066005.0,2024-11-22 23:59:59.999,123271894.26509
2024-11-23,0.20504,0.22519,0.20496,0.21218,1083842413.0,2024-11-23 23:59:59.999,231933692.92923
2024-11-24,0.2122,0.21748,0.20032,0.2088,939490720.0,2024-11-24 23:59:59.999,195762851.42717
2024-11-25,0.20879,0.21264,0.19371,0.19589,989489708.0,2024-11-25 23:59:59.999,200648356.91206
2024-11-26,0.19587,0.20101,0.18601,0.19451,1023926990.0,2024-11-26 23:59:59.999,197529171.376
2024-11-27,0.19451,0.20251,0.19334,0.2011,523134836.0,2024-11-27 23:59:59.999,104129979.46143
2024-11-28,0.2011,0.20387,0.19556,0.20345,534290148.0,2024-11-28 23:59:59.999,107304985.20864
2024-11-29,0.20346,0.2074,0.20071,0.20446,359561380.0,2024-11-29 23:59:59.999,73284810.50663
2024-11-30,0.20447,0.20739,0.20241,0.20491,338379684.0,2024-11-30 23:59:59.999,69345312.51252
2024-12-01,0.20491,0.20992,0.20202,0.20737,429549852.0,2024-12-01 23:59:59.999,88839593.91113
2024-12-02,0.20737,0.22143,0.20315,0.22136,1312184037.0,2024-12-02 23:59:59.999,276234693.05382
2024-12-03,0.22135,0.45,0.22123,0.43347,8352820398.0,2024-12-03 23:59:59.999,2578442352.37838
2024-12-04,0.43336,0.4509,0.32222,0.33084,10108406416.0,2024-12-04 23:59:59.999,3821243478.38668
2024-12-05,0.33085,0.34685,0.31278,0.32269,4331491160.0,2024-12-05 23:59:59.999,1429256617.69648
2024-12-06,0.32268,0.32992,0.3085,0.32585,1891876178.0,2024-12-06 23:59:59.999,605802409.10319
2024-12-07,0.32585,0.3363,0.31685,0.31908,1263356683.0,2024-12-07 23:59:59.999,410048074.10497
2024-12-08,0.31908,0.32375,0.30676,0.31866,871373540.0,2024-12-08 23:59:59.999,275220802.0239
2024-12-09,0.31867,0.32164,0.2371,0.26273,2672509820.0,2024-12-09 23:59:59.999,757507932.76192
2024-12-10,0.26267,0.27985,0.24367,0.26934,2320112845.0,2024-12-10 23:59:59.999,609378236.43403
2024-12-11,0.26934,0.28744,0.26107,0.28205,1185930541.0,2024-12-11 23:59:59.999,326146481.62485
2024-12-12,0.28205,0.30972,0.28001,0.29672,1925069669.0,2024-12-12 23:59:59.999,573750122.51019
2024-12-13,0.29672,0.30232,0.28352,0.29061,1059681285.0,2024-12-13 23:59:59.999,307035258.5411
2024-12-14,0.2906,0.29767,0.27759,0.28224,773501912.0,2024-12-14 23:59:59.999,222246555.23849
2024-12-15,0.28225,0.28678,0.27502,0.28556,569060047.0,2024-12-15 23:59:59.999,160354057.66135
2024-12-16,0.28559,0.3049,0.27629,0.29668,1353178640.0,2024-12-16 23:59:59.999,393781904.4753
2024-12-17,0.29667,0.29781,0.27722,0.27949,1254911549.0,2024-12-17 23:59:59.999,363325297.81144
2024-12-18,0.27952,0.28135,0.25347,0.25776,1196576385.0,2024-12-18 23:59:59.999,321321903.0696
2024-12-19,0.25777,0.26631,0.24337,0.25091,1527293539.0,2024-12-19 23:59:59.999,390955322.5347
2024-12-20,0.25091,0.2545,0.22385,0.24855,1538247360.0,2024-12-20 23:59:59.999,370942761.53475
2024-12-21,0.24855,0.25602,0.24173,0.24484,857493661.0,2024-12-21 23:59:59.999,212176513.66203
2024-12-22,0.24484,0.25082,0.24127,0.24409,754001858.0,2024-12-22 23:59:59.999,185039545.27272
2024-12-23,0.24409,0.25363,0.24095,0.25239,862982109.0,2024-12-23 23:59:59.999,213989155.39533
2024-12-24,0.25238,0.25947,0.25004,0.25626,564813196.0,2024-12-24 23:59:59.999,143755215.2263
2024-12-25,0.25626,0.25877,0.25525,0.25797,467150197.0,2024-12-25 23:59:59.999,119927046.89399
2024-12-26,0.25797,0.25897,0.24934,0.25373,615515905.0,2024-12-26 23:59:59.999,155760039.86883
2024-12-27,0.25373,0.26543,0.25273,0.25923,858048643.0,2024-12-27 23:59:59.999,222516193.91517
2024-12-28,0.25923,0.26328,0.25641,0.25821,426687959.0,2024-12-28 23:59:59.999,110541533.58142
2024-12-29,0.2582,0.26342,0.25642,0.25776,533504489.0,2024-12-29 23:59:59.999,138620496.34325
2024-12-30,0.25776,0.25981,0.25026,0.25339,667806414.0,2024-12-30 23:59:59.999,170245998.58174
2024-12-31,0.25338,0.25768,0.25108,0.25456,419627137.0,2024-12-31 23:59:59.999,106791327.88711
2025-01-01,0.25456,0.25652,0.25268,0.25588,316030253.0,2025-01-01 23:59:59.999,80565761.97996
2025-01-02,0.25588,0.26698,0.25563,0.26531,624167278.0,2025-01-02 23:59:59.999,163666305.22413
2025-01-03,0.26531,0.27143,0.26077,0.2702,597181305.0,2025-01-03 23:59:59.999,158895744.28421
2025-01-04,0.2702,0.27437,0.26636,0.26963,588907030.0,2025-01-04 23:59:59.999,158789193.13094
2025-01-05,0.26964,0.26974,0.26098,0.26254,418611726.0,2025-01-05 23:59:59.999,110519631.38626
2025-01-06,0.26253,0.26987,0.25931,0.26843,588794143.0,2025-01-06 23:59:59.999,156295552.8253
2025-01-07,0.26842,0.27174,0.25188,0.25236,865117798.0,2025-01-07 23:59:59.999,227176924.49302
2025-01-08,0.25235,0.25491,0.24396,0.25045,882383807.0,2025-01-08 23:59:59.999,220263806.03941
2025-01-09,0.25044,0.25142,0.23636,0.24005,792662849.0,2025-01-09 23:59:59.999,192763570.45052
2025-01-10,0.24004,0.2447,0.23718,0.24442,541595791.0,2025-01-10 23:59:59.999,130778422.28551
2025-01-11,0.24442,0.2445,0.24027,0.2408,250351609.0,2025-01-11 23:59:59.999,60653403.79433
2025-01-12,0.24079,0.24117,0.23135,0.23342,303623538.0,2025-01-12 23:59:59.999,71976909.38824
2025-01-13,0.23342,0.23723,0.21659,0.22276,1217579368.0,2025-01-13 23:59:59.999,271692986.49846
2025-01-14,0.22276,0.2269,0.22021,0.22073,512360251.0,2025-01-14 23:59:59.999,114345705.90227
2025-01-15,0.22072,0.2382,0.2203,0.23795,839850851.0,2025-01-15 23:59:59.999,192404765.19511
2025-01-16,0.23795,0.24103,0.2325,0.23702,866189397.0,2025-01-16 23:59:59.999,205365441.63096
2025-01-17,0.23702,0.24942,0.23702,0.24875,541630261.0,2025-01-17 23:59:59.999,132816949.08284
2025-01-18,0.24875,0.268,0.23799,0.24223,1753948173.0,2025-01-18 23:59:59.999,436862725.48845
2025-01-19,0.24224,0.24666,0.22572,0.22858,1708435025.0,2025-01-19 23:59:59.999,404298612.76748
2025-01-20,0.22859,0.25741,0.22361,0.23809,2429107802.0,2025-01-20 23:59:59.999,583286759.44652
2025-01-21,0.23809,0.247,0.23484,0.2448,1084976255.0,2025-01-21 23:59:59.999,260978439.64962
2025-01-22,0.24479,0.25851,0.24472,0.25374,1060671480.0,2025-01-22 23:59:59.999,267956603.86668
2025-01-23,0.25374,0.25478,0.24386,0.25263,1102913397.0,2025-01-23 23:59:59.999,274677456.47734
2025-01-24,0.25262,0.26154,0.25016,0.25422,748188426.0,2025-01-24 23:59:59.999,191853308.34965
2025-01-25,0.25422,0.25783,0.25282,0.25327,436453686.0,2025-01-25 23:59:59.999,111296949.06847
2025-01-26,0.25327,0.25419,0.24593,0.24598,422498871.0,2025-01-26 23:59:59.999,106090169.26098
2025-01-27,0.24599,0.24689,0.23199,0.24647,1049689992.0,2025-01-27 23:59:59.999,252721961.6091
2025-01-28,0.24648,0.24833,0.23824,0.23975,484580656.0,2025-01-28 23:59:59.999,118536836.87184
2025-01-29,0.23975,0.24378,0.23566,0.23996,568364042.0,2025-01-29 23:59:59.999,136599649.20182
2025-01-30,0.23997,0.25288,0.23885,0.25186,482473875.0,2025-01-30 23:59:59.999,119683031.203
2025-01-31,0.25185,0.25817,0.25093,0.25361,615268374.0,2025-01-31 23:59:59.999,156569224.56082
2025-02-01,0.25361,0.25656,0.24369,0.24406,545941448.0,2025-02-01 23:59:59.999,137507022.58044
2025-02-02,0.24407,0.24624,0.22091,0.22547,1315538255.0,2025-02-02 23:59:59.999,307045715.53636
2025-02-03,0.22548,0.23002,0.19887,0.22854,2169116365.0,2025-02-03 23:59:59.999,471576045.8898
2025-02-04,0.22853,0.22941,0.21565,0.22436,1269314109.0,2025-02-04 23:59:59.999,282675222.97981
2025-02-05,0.22437,0.22713,0.22131,0.2223,558475614.0,2025-02-05 23:59:59.999,125121882.87191
2025-02-06,0.22229,0.2328,0.22112,0.23148,802515085.0,2025-02-06 23:59:59.999,183033487.57281
2025-02-07,0.23148,0.23482,0.22714,0.22992,721316018.0,2025-02-07 23:59:59.999,166260027.98121
2025-02-08,0.22992,0.23444,0.22834,0.2311,458693820.0,2025-02-08 23:59:59.999,106140762.26893
2025-02-09,0.2311,0.23764,0.2307,0.2321,472873007.0,2025-02-09 23:59:59.999,110858362.68955
2025-02-10,0.23211,0.24679,0.22761,0.24616,632317004.0,2025-02-10 23:59:59.999,149644362.78038
2025-02-11,0.24616,0.24911,0.23984,0.24078,524487528.0,2025-02-11 23:59:59.999,128692762.80398
2025-02-12,0.24079,0.24554,0.23555,0.24319,596619066.0,2025-02-12 23:59:59.999,144084600.223
2025-02-13,0.24319,0.24421,0.23345,0.23395,479206761.0,2025-02-13 23:59:59.999,113983651.45041
2025-02-14,0.23394,0.23667,0.22967,0.23138,527265883.0,2025-02-14 23:59:59.999,122584392.52376
2025-02-15,0.23137,0.238,0.23004,0.2374,359158507.0,2025-02-15 23:59:59.999,84254354.42738
2025-02-16,0.2374,0.24387,0.23529,0.24223,430027928.0,2025-02-16 23:59:59.999,103185849.29184
2025-02-17,0.24222,0.24758,0.23817,0.23861,534320496.0,2025-02-17 23:59:59.999,129812108.96767
2025-02-18,0.23862,0.24118,0.23218,0.23911,533594236.0,2025-02-18 23:59:59.999,126452016.28243
2025-02-19,0.23911,0.24403,0.23911,0.24218,391314571.0,2025-02-19 23:59:59.999,94877303.48409
2025-02-20,0.24217,0.24774,0.23747,0.24618,430246728.0,2025-02-20 23:59:59.999,104064553.26989
2025-02-21,0.24619,0.25063,0.23527,0.23775,627451970.0,2025-02-21 23:59:59.999,152986897.20064
2025-02-22,0.23776,0.2396,0.23418,0.23923,401501258.0,2025-02-22 23:59:59.999,95220359.97034
2025-02-23,0.23924,0.24623,0.23773,0.24594,414205007.0,2025-02-23 23:59:59.999,100415970.79068
2025-02-24,0.24593,0.24903,0.23901,0.23987,784896659.0,2025-02-24 23:59:59.999,192613643.87634
2025-02-25,0.23987,0.24401,0.22504,0.2306,1451614077.0,2025-02-25 23:59:59.999,337958078.1191
2025-02-26,0.23061,0.23188,0.22242,0.22704,1004745497.0,2025-02-26 23:59:59.999,228870915.45959
2025-02-27,0.22704,0.22971,0.22529,0.22841,431610785.0,2025-02-27 23:59:59.999,98278221.86747
2025-02-28,0.22842,0.23341,0.21669,0.23325,944722657.0,2025-02-28 23:59:59.999,211455177.06011
2025-03-01,0.23324,0.2373,0.22975,0.23395,415010502.0,2025-03-01 23:59:59.999,96913111.14433
2025-03-02,0.23395,0.24764,0.23188,0.24401,584790456.0,2025-03-02 23:59:59.999,140298174.51694
2025-03-03,0.244,0.24557,0.22713,0.23103,838387409.0,2025-03-03 23:59:59.999,199245678.23115
2025-03-04,0.23103,0.24289,0.22645,0.24252,936799868.0,2025-03-04 23:59:59.999,219961145.65739
2025-03-05,0.24252,0.24555,0.24042,0.24347,407481271.0,2025-03-05 23:59:59.999,99005689.10948
2025-03-06,0.24347,0.24678,0.23879,0.23993,432226702.0,2025-03-06 23:59:59.999,104891351.63891
2025-03-07,0.23994,0.24674,0.23481,0.24348,591539558.0,2025-03-07 23:59:59.999,143197235.98598
2025-03-08,0.24348,0.25097,0.2434,0.24366,550835454.0,2025-03-08 23:59:59.999,135903603.39557
2025-03-09,0.24365,0.24405,0.23154,0.23192,498476601.0,2025-03-09 23:59:59.999,118985392.8655
2025-03-10,0.23195,0.23798,0.22681,0.22894,727611958.0,2025-03-10 23:59:59.999,169188550.20595
2025-03-11,0.22895,0.23221,0.22232,0.22407,712798988.0,2025-03-11 23:59:59.999,161845766.81227
2025-03-12,0.22407,0.22615,0.21963,0.22273,547687432.0,2025-03-12 23:59:59.999,121825061.98645
2025-03-13,0.22273,0.22655,0.22179,0.225,451203293.0,2025-03-13 23:59:59.999,101167244.9952
2025-03-14,0.225,0.22613,0.22039,0.22231,374013515.0,2025-03-14 23:59:59.999,83157185.19843
2025-03-15,0.2223,0.22504,0.21971,0.22136,403614939.0,2025-03-15 23:59:59.999,89787882.15242
2025-03-16,0.22136,0.22148,0.21057,0.21172,556877152.0,2025-03-16 23:59:59.999,120198738.97195
2025-03-17,0.21171,0.222,0.21084,0.22055,574417396.0,2025-03-17 23:59:59.999,124335542.73915
2025-03-18,0.22054,0.23938,0.21981,0.23704,824192230.0,2025-03-18 23:59:59.999,187918432.15142
2025-03-19,0.23704,0.24377,0.22863,0.23075,1117635134.0,2025-03-19 23:59:59.999,262797567.90764
2025-03-20,0.23075,0.23688,0.22832,0.23369,610580414.0,2025-03-20 23:59:59.999,141746647.64999
2025-03-21,0.23368,0.2377,0.23026,0.23343,401723541.0,2025-03-21 23:59:59.999,94093614.66966
2025-03-22,0.23344,0.23834,0.23268,0.23697,280041542.0,2025-03-22 23:59:59.999,65936283.10481
2025-03-23,0.23696,0.24084,0.22946,0.2299,384899870.0,2025-03-23 23:59:59.999,90571945.04876
2025-03-24,0.22991,0.23004,0.22487,0.22796,471795639.0,2025-03-24 23:59:59.999,107509445.54375
2025-03-25,0.22797,0.229,0.22571,0.22709,258191493.0,2025-03-25 23:59:59.999,58654252.37291
2025-03-26,0.22709,0.23177,0.22659,0.23131,321656184.0,2025-03-26 23:59:59.999,73731043.50328
2025-03-27,0.23132,0.2353,0.23053,0.23499,324751043.0,2025-03-27 23:59:59.999,75726204.03402
2025-03-28,0.23499,0.23502,0.22884,0.23227,337321977.0,2025-03-28 23:59:59.999,78148608.42627
2025-03-29,0.23227,0.23582,0.23152,0.23152,414079899.0,2025-03-29 23:59:59.999,96695731.21611
2025-03-30,0.23153,0.2328,0.22938,0.23174,319008565.0,2025-03-30 23:59:59.999,73678193.90143
2025-03-31,0.23174,0.24016,0.2309,0.23868,391650048.0,2025-03-31 23:59:59.999,92163848.36862
2025-04-01,0.23868,0.23911,0.23305,0.23773,378989987.0,2025-04-01 23:59:59.999,89238861.35282
2025-04-02,0.23773,0.24018,0.23184,0.23392,615704629.0,2025-04-02 23:59:59.999,145927065.33557
2025-04-03,0.23392,0.23855,0.23018,0.23815,423252602.0,2025-04-03 23:59:59.999,99158215.8383
2025-04-04,0.23814,0.2418,0.23644,0.239,415421859.0,2025-04-04 23:59:59.999,99384128.97204
2025-04-05,0.23899,0.23916,0.23561,0.23724,242752881.0,2025-04-05 23:59:59.999,57628786.47926
2025-04-06,0.23724,0.23998,0.22809,0.22996,481142838.0,2025-04-06 23:59:59.999,113170646.26231
2025-04-07,0.22997,0.23214,0.2207,0.22854,796858881.0,2025-04-07 23:59:59.999,180402683.1113
2025-04-08,0.22855,0.23681,0.22848,0.23044,543333096.0,2025-04-08 23:59:59.999,126539740.6859
2025-04-09,0.23043,0.23921,0.22603,0.23846,650674222.0,2025-04-09 23:59:59.999,150282433.60712
2025-04-10,0.23846,0.24415,0.23444,0.23617,638883477.0,2025-04-10 23:59:59.999,152711358.04952
2025-04-11,0.23616,0.24373,0.2344,0.24285,443614458.0,2025-04-11 23:59:59.999,105834492.34042
2025-04-12,0.24284,0.25063,0.23999,0.24585,617233401.0,2025-04-12 23:59:59.999,151919756.14409
2025-04-13,0.24585,0.25465,0.24552,0.25462,597536620.0,2025-04-13 23:59:59.999,149322976.35223
2025-04-14,0.25461,0.25998,0.25118,0.25199,656618714.0,2025-04-14 23:59:59.999,167628829.74994
2025-04-15,0.252,0.25376,0.24665,0.25037,520412389.0,2025-04-15 23:59:59.999,130001412.57525
2025-04-16,0.25038,0.25521,0.24727,0.24736,508431537.0,2025-04-16 23:59:59.999,128174384.03372
2025-04-17,0.24736,0.2505,0.24359,0.24763,541227936.0,2025-04-17 23:59:59.999,133419215.17833
2025-04-18,0.24763,0.24785,0.23943,0.23963,405310217.0,2025-04-18 23:59:59.999,98643446.10813
2025-04-19,0.23963,0.24456,0.23943,0.24392,294405951.0,2025-04-19 23:59:59.999,71194460.23303
2025-04-20,0.24392,0.24679,0.24109,0.24356,347952178.0,2025-04-20 23:59:59.999,85010423.38108
2025-04-21,0.24356,0.24691,0.24072,0.24631,487283716.0,2025-04-21 23:59:59.999,118944772.73613
2025-04-22,0.2463,0.25006,0.24347,0.24823,505895111.0,2025-04-22 23:59:59.999,124612845.68146
2025-04-23,0.24822,0.24945,0.24307,0.24614,448893498.0,2025-04-23 23:59:59.999,110548913.68664
2025-04-24,0.24612,0.2475,0.24168,0.2453,359546478.0,2025-04-24 23:59:59.999,88023968.11507
2025-04-25,0.2453,0.24584,0.2399,0.24171,411018365.0,2025-04-25 23:59:59.999,99869949.79715
2025-04-26,0.2417,0.25336,0.24153,0.25201,618675177.0,2025-04-26 23:59:59.999,154202491.11702
2025-04-27,0.25201,0.25454,0.24502,0.24513,454066870.0,2025-04-27 23:59:59.999,113583559.40106
2025-04-28,0.24513,0.24835,0.24319,0.24824,451950770.0,2025-04-28 23:59:59.999,111074591.76572
2025-04-29,0.24823,0.24988,0.24281,0.24371,291717386.0,2025-04-29 23:59:59.999,71903174.42402
2025-04-30,0.2437,0.24702,0.24201,0.24639,309131587.0,2025-04-30 23:59:59.999,75616051.3597
2025-05-01,0.24639,0.24956,0.24377,0.24451,319713651.0,2025-05-01 23:59:59.999,78956448.03794
2025-05-02,0.24451,0.24835,0.24306,0.24778,293167485.0,2025-05-02 23:59:59.999,71989651.20266
2025-05-03,0.24779,0.2498,0.24418,0.24536,353668305.0,2025-05-03 23:59:59.999,87456633.49869
2025-05-04,0.24535,0.24889,0.24485,0.24703,294611976.0,2025-05-04 23:59:59.999,72877457.04772
2025-05-05,0.24703,0.25043,0.24577,0.24811,394525536.0,2025-05-05 23:59:59.999,98043100.99571
2025-05-06,0.24811,0.24839,0.24361,0.24577,343863908.0,2025-05-06 23:59:59.999,84396510.93153
2025-05-07,0.24576,0.24916,0.2433,0.24865,347058201.0,2025-05-07 23:59:59.999,85455980.12497
2025-05-08,0.24865,0.26357,0.24806,0.25708,609836645.0,2025-05-08 23:59:59.999,154274746.31004
2025-05-09,0.25707,0.26625,0.25404,0.26013,854704443.0,2025-05-09 23:59:59.999,222354044.3412
2025-05-10,0.26013,0.26684,0.25842,0.26618,560152070.0,2025-05-10 23:59:59.999,146965762.68715
2025-05-11,0.26616,0.26881,0.25941,0.26521,604656364.0,2025-05-11 23:59:59.999,159289756.10093
2025-05-12,0.2652,0.28029,0.26298,0.27175,1237986529.0,2025-05-12 23:59:59.999,336543514.71447
2025-05-13,0.27174,0.27307,0.26052,0.27077,687568332.0,2025-05-13 23:59:59.999,182739803.5972
2025-05-14,0.27078,0.27913,0.26895,0.27458,666847218.0,2025-05-14 23:59:59.999,182995219.72022
2025-05-15,0.27457,0.27638,0.26711,0.27323,715481016.0,2025-05-15 23:59:59.999,194441697.21503
2025-05-16,0.27322,0.27816,0.27037,0.27147,459030451.0,2025-05-16 23:59:59.999,125562234.06914
2025-05-17,0.27146,0.27222,0.26658,0.26946,418109896.0,2025-05-17 23:59:59.999,112746263.59001
2025-05-18,0.26945,0.27487,0.26328,0.26784,556778026.0,2025-05-18 23:59:59.999,150034972.57306
2025-05-19,0.26784,0.26791,0.26016,0.26656,456897647.0,2025-05-19 23:59:59.999,120437476.73198
2025-05-20,0.26656,0.27548,0.26588,0.26902,607570564.0,2025-05-20 23:59:59.999,164683413.33476
2025-05-21,0.26902,0.2743,0.2655,0.26808,610183305.0,2025-05-21 23:59:59.999,164526411.61896
2025-05-22,0.26809,0.2822,0.26711,0.27581,730267406.0,2025-05-22 23:59:59.999,200997813.47061
2025-05-23,0.27582,0.27618,0.26338,0.26863,727248468.0,2025-05-23 23:59:59.999,196512684.64948
2025-05-24,0.26864,0.27385,0.2684,0.27008,310013884.0,2025-05-24 23:59:59.999,84179236.76036
2025-05-25,0.27009,0.27385,0.26854,0.27203,347256238.0,2025-05-25 23:59:59.999,94213528.82823
2025-05-26,0.27204,0.27489,0.2701,0.27374,301739234.0,2025-05-26 23:59:59.999,82275795.79043
2025-05-27,0.27374,0.2789,0.2718,0.27784,419775741.0,2025-05-27 23:59:59.999,115647612.39411
2025-05-28,0.27784,0.27968,0.27278,0.27355,326890571.0,2025-05-28 23:59:59.999,90156462.52385
2025-05-29,0.27355,0.27819,0.27225,0.2745,372764320.0,2025-05-29 23:59:59.999,102738362.55602
2025-05-30,0.27449,0.27624,0.26638,0.26684,512201464.0,2025-05-30 23:59:59.999,138629304.39268
2025-05-31,0.26683,0.2695,0.26281,0.26546,417627638.0,2025-05-31 23:59:59.999,111219564.50668
2025-06-01,0.26545,0.27131,0.26467,0.27068,252899210.0,2025-06-01 23:59:59.999,67780366.92425
2025-06-02,0.27068,0.27176,0.26553,0.26863,351035450.0,2025-06-02 23:59:59.999,94226839.37893
2025-06-03,0.26864,0.27195,0.26816,0.27013,217431190.0,2025-06-03 23:59:59.999,58730621.60568
2025-06-04,0.27013,0.27475,0.26768,0.27423,325294764.0,2025-06-04 23:59:59.999,88372236.73124
2025-06-05,0.27423,0.28492,0.26546,0.28175,599109131.0,2025-06-05 23:59:59.999,163824748.89256
2025-06-06,0.28174,0.28241,0.27541,0.27786,420175464.0,2025-06-06 23:59:59.999,116775731.20094
2025-06-07,0.27786,0.28696,0.27703,0.28674,317161200.0,2025-06-07 23:59:59.999,89170029.55851
2025-06-08,0.28673,0.28761,0.28123,0.28159,334174243.0,2025-06-08 23:59:59.999,95117103.89373
2025-06-09,0.2816,0.29011,0.28067,0.28676,412405842.0,2025-06-09 23:59:59.999,117419045.73835
2025-06-10,0.28676,0.29455,0.28544,0.29264,441472643.0,2025-06-10 23:59:59.999,128038702.05803
2025-06-11,0.29263,0.29282,0.2763,0.2794,687256214.0,2025-06-11 23:59:59.999,195444118.15854
2025-06-12,0.2794,0.28218,0.26988,0.27172,800402199.0,2025-06-12 23:59:59.999,219907323.53692
2025-06-13,0.27173,0.2741,0.26666,0.2695,671096763.0,2025-06-13 23:59:59.999,181496134.6063
2025-06-14,0.26949,0.27202,0.26834,0.27091,223365739.0,2025-06-14 23:59:59.999,60282013.62694
2025-06-15,0.27092,0.27411,0.26999,0.27373,178046705.0,2025-06-15 23:59:59.999,48435190.64867
2025-06-16,0.27372,0.29549,0.26955,0.27386,2001093766.0,2025-06-16 23:59:59.999,559927123.63573
2025-06-17,0.27386,0.27968,0.26994,0.27122,635098220.0,2025-06-17 23:59:59.999,174633404.8836
2025-06-18,0.27122,0.27482,0.26728,0.27284,388802826.0,2025-06-18 23:59:59.999,105455021.42709
2025-06-19,0.27284,0.27621,0.27191,0.2746,249276256.0,2025-06-19 23:59:59.999,68299899.60178
2025-06-20,0.2746,0.27566,0.26994,0.27203,380138677.0,2025-06-20 23:59:59.999,103860776.011
2025-06-21,0.27203,0.2749,0.26865,0.27087,326548613.0,2025-06-21 23:59:59.999,89028913.09282
2025-06-22,0.27087,0.27367,0.25844,0.26323,746005875.0,2025-06-22 23:59:59.999,199164624.48919
2025-06-23,0.26323,0.27367,0.26304,0.27248,567235932.0,2025-06-23 23:59:59.999,152561492.76137
2025-06-24,0.27249,0.27469,0.27017,0.2736,308653042.0,2025-06-24 23:59:59.999,84167588.92364
2025-06-25,0.27359,0.275,0.27015,0.273,285618179.0,2025-06-25 23:59:59.999,77819327.01726
2025-06-26,0.273,0.27454,0.27013,0.2708,291423297.0,2025-06-26 23:59:59.999,79163791.39962
2025-06-27,0.2708,0.27345,0.27039,0.27307,211000662.0,2025-06-27 23:59:59.999,57335613.33276
2025-06-28,0.27306,0.2767,0.2727,0.27461,214190549.0,2025-06-28 23:59:59.999,58763453.31728
2025-06-29,0.27461,0.27685,0.27433,0.27682,189200953.0,2025-06-29 23:59:59.999,52130999.36054
2025-06-30,0.27682,0.28063,0.27577,0.27963,252375316.0,2025-06-30 23:59:59.999,70095317.36789
2025-07-01,0.27964,0.28022,0.27753,0.2787,185406799.0,2025-07-01 23:59:59.999,51677798.60206
2025-07-02,0.2787,0.28516,0.27813,0.2844,314288349.0,2025-07-02 23:59:59.999,88513424.86519
2025-07-03,0.2844,0.28744,0.28135,0.2868,312625695.0,2025-07-03 23:59:59.999,88906099.36294
2025-07-04,0.2868,0.28793,0.28086,0.28254,281048058.0,2025-07-04 23:59:59.999,79979225.67282
2025-07-05,0.28253,0.28496,0.28155,0.28293,137955501.0,2025-07-05 23:59:59.999,39077964.76828
2025-07-06,0.28293,0.28742,0.28241,0.28687,163796133.0,2025-07-06 23:59:59.999,46632187.10204
2025-07-07,0.28687,0.28881,0.28514,0.28654,193382002.0,2025-07-07 23:59:59.999,55477847.14782
2025-07-08,0.28653,0.28939,0.28563,0.28721,174449750.0,2025-07-08 23:59:59.999,50026210.65014
2025-07-09,0.28722,0.29002,0.2863,0.28957,200430068.0,2025-07-09 23:59:59.999,57740782.75277
2025-07-10,0.28957,0.29402,0.28926,0.29385,268788912.0,2025-07-10 23:59:59.999,78258264.18348
2025-07-11,0.29385,0.30405,0.29307,0.30128,530466357.0,2025-07-11 23:59:59.999,158168783.12836
2025-07-12,0.30128,0.30712,0.2971,0.30228,607027629.0,2025-07-12 23:59:59.999,183338628.90387
2025-07-13,0.30228,0.305,0.29966,0.30269,267654147.0,2025-07-13 23:59:59.999,80926655.92692
2025-07-14,0.30269,0.30506,0.299,0.30247,486248300.0,2025-07-14 23:59:59.999,146841182.70914
2025-07-15,0.30247,0.30297,0.29489,0.30038,458777145.0,2025-07-15 23:59:59.999,137198012.09836
2025-07-16,0.30038,0.31026,0.29976,0.30983,416537813.0,2025-07-16 23:59:59.999,126639679.35015
2025-07-17,0.30984,0.3194,0.30764,0.31557,736977138.0,2025-07-17 23:59:59.999,230954486.61162
2025-07-18,0.31557,0.33485,0.31539,0.32612,1078836673.0,2025-07-18 23:59:59.999,352878332.65684
2025-07-19,0.32613,0.3279,0.31686,0.31776,558856370.0,2025-07-19 23:59:59.999,180482816.2659
2025-07-20,0.31777,0.32064,0.31161,0.31397,475872463.0,2025-07-20 23:59:59.999,150990422.79635
2025-07-21,0.31397,0.31923,0.31074,0.31436,671632940.0,2025-07-21 23:59:59.999,211136081.40968
2025-07-22,0.31436,0.31649,0.30583,0.31603,721377077.0,2025-07-22 23:59:59.999,225051333.31515
2025-07-23,0.31603,0.31901,0.30478,0.30945,873217769.0,2025-07-23 23:59:59.999,273000733.37743
2025-07-24,0.30945,0.31588,0.30021,0.31375,849434315.0,2025-07-24 23:59:59.999,262487169.17553
2025-07-25,0.31376,0.31786,0.31055,0.31701,793954692.0,2025-07-25 23:59:59.999,249516142.7556
2025-07-26,0.31701,0.32081,0.31614,0.32002,311960000.0,2025-07-26 23:59:59.999,99276693.11826
2025-07-27,0.32003,0.32304,0.31874,0.3199,323306051.0,2025-07-27 23:59:59.999,103756892.39994
2025-07-28,0.3199,0.32823,0.31902,0.3224,553171493.0,2025-07-28 23:59:59.999,178791429.98247
2025-07-29,0.32241,0.35135,0.32115,0.33845,1911352096.0,2025-07-29 23:59:59.999,645479002.47181
2025-07-30,0.33845,0.34037,0.31984,0.32734,1124086740.0,2025-07-30 23:59:59.999,371000660.81792
2025-07-31,0.32734,0.32982,0.3237,0.32478,444204694.0,2025-07-31 23:59:59.999,145292995.60929
2025-08-01,0.32478,0.32857,0.32092,0.32333,663308224.0,2025-08-01 23:59:59.999,215763699.18305
2025-08-02,0.32334,0.32892,0.31832,0.32191,575695870.0,2025-08-02 23:59:59.999,186591691.87088
2025-08-03,0.32191,0.32819,0.32025,0.32741,346507065.0,2025-08-03 23:59:59.999,112555437.46369
2025-08-04,0.32742,0.33326,0.32686,0.33271,294681847.0,2025-08-04 23:59:59.999,97367956.39784
2025-08-05,0.33272,0.33505,0.32932,0.33371,379246738.0,2025-08-05 23:59:59.999,126089531.8089
2025-08-06,0.33371,0.33792,0.33114,0.33715,379510993.0,2025-08-06 23:59:59.999,126858376.64704
2025-08-07,0.33715,0.34153,0.33642,0.33831,469774540.0,2025-08-07 23:59:59.999,159269940.17438
2025-08-08,0.33831,0.33994,0.33451,0.33764,463951597.0,2025-08-08 23:59:59.999,156795094.4595
2025-08-09,0.33764,0.33889,0.33468,0.33492,280851220.0,2025-08-09 23:59:59.999,94515925.50601
2025-08-10,0.33492,0.34226,0.33476,0.33807,436552958.0,2025-08-10 23:59:59.999,148151584.16975
2025-08-11,0.33808,0.34602,0.33782,0.34498,501349170.0,2025-08-11 23:59:59.999,171516946.7192
2025-08-12,0.34498,0.35397,0.34406,0.35238,512838099.0,2025-08-12 23:59:59.999,178509593.72934
2025-08-13,0.35239,0.36267,0.35162,0.3621,450627004.0,2025-08-13 23:59:59.999,161159933.82595
2025-08-14,0.36211,0.37038,0.35,0.35757,1128778411.0,2025-08-14 23:59:59.999,408687661.12042
2025-08-15,0.35758,0.36192,0.34782,0.35242,729757434.0,2025-08-15 23:59:59.999,259296159.77085
2025-08-16,0.35242,0.35474,0.34478,0.34771,429161681.0,2025-08-16 23:59:59.999,149885933.8692
2025-08-17,0.34771,0.35518,0.34694,0.35325,342644774.0,2025-08-17 23:59:59.999,120496295.45343
2025-08-18,0.35325,0.35414,0.34388,0.35019,550397103.0,2025-08-18 23:59:59.999,191818329.3457
2025-08-19,0.35018,0.35278,0.34531,0.34731,666304309.0,2025-08-19 23:59:59.999,232603458.58552
2025-08-20,0.34731,0.35536,0.34573,0.35435,619888878.0,2025-08-20 23:59:59.999,216698500.20474
2025-08-21,0.35436,0.35743,0.35033,0.3535,519565708.0,2025-08-21 23:59:59.999,183528949.28733
2025-08-22,0.35351,0.36745,0.35309,0.36665,610858166.0,2025-08-22 23:59:59.999,219394051.87533
2025-08-23,0.36666,0.36714,0.35988,0.36226,419397847.0,2025-08-23 23:59:59.999,152134228.9229
2025-08-24,0.36226,0.36872,0.36079,0.36123,451205124.0,2025-08-24 23:59:59.999,164498330.3405
2025-08-25,0.36123,0.36149,0.34125,0.34141,737233908.0,2025-08-25 23:59:59.999,259209581.49225
2025-08-26,0.34141,0.35293,0.33836,0.35169,587667571.0,2025-08-26 23:59:59.999,203662493.6586
2025-08-27,0.35168,0.35168,0.3444,0.34487,422018694.0,2025-08-27 23:59:59.999,147246819.05727
2025-08-28,0.34487,0.34976,0.34203,0.34493,366859415.0,2025-08-28 23:59:59.999,126823530.63567
2025-08-29,0.34493,0.34577,0.33304,0.33842,535425497.0,2025-08-29 23:59:59.999,181123161.91439
2025-08-30,0.33842,0.34067,0.33567,0.33894,232780859.0,2025-08-30 23:59:59.999,78813812.08926
2025-08-31,0.33894,0.34385,0.33894,0.34076,212331396.0,2025-08-31 23:59:59.999,72575896.48586
2025-09-01,0.34076,0.34143,0.33359,0.33706,442550696.0,2025-09-01 23:59:59.999,149478177.83521
2025-09-02,0.33706,0.34063,0.33488,0.33785,331920415.0,2025-09-02 23:59:59.999,112114706.08444
2025-09-03,0.33785,0.34183,0.33631,0.34035,199750626.0,2025-09-03 23:59:59.999,67735318.71079
2025-09-04,0.34035,0.34151,0.33331,0.33428,288714589.0,2025-09-04 23:59:59.999,97259802.26872
2025-09-05,0.33428,0.33911,0.32999,0.33108,404491336.0,2025-09-05 23:59:59.999,135146788.00556
2025-09-06,0.33107,0.33213,0.2971,0.31384,997953626.0,2025-09-06 23:59:59.999,316036126.80901
2025-09-07,0.31384,0.3314,0.30995,0.33104,878315104.0,2025-09-07 23:59:59.999,285741135.51552
2025-09-08,0.33103,0.33578,0.32904,0.33103,444486687.0,2025-09-08 23:59:59.999,147581828.74748
2025-09-09,0.33103,0.3424,0.32947,0.33492,503519586.0,2025-09-09 23:59:59.999,168765087.84891
2025-09-10,0.33493,0.34008,0.3343,0.33815,233702643.0,2025-09-10 23:59:59.999,78829782.20491
2025-09-11,0.33815,0.34801,0.33777,0.34607,335831294.0,2025-09-11 23:59:59.999,115623730.83584
2025-09-12,0.34607,0.3526,0.34604,0.35251,276273017.0,2025-09-12 23:59:59.999,96439891.38479
2025-09-13,0.35251,0.35489,0.34723,0.34962,272137344.0,2025-09-13 23:59:59.999,95626725.74475
2025-09-14,0.34962,0.35185,0.3462,0.3482,245885290.0,2025-09-14 23:59:59.999,85833274.52738
2025-09-15,0.3482,0.352,0.34197,0.34464,400874990.0,2025-09-15 23:59:59.999,138784906.26015
2025-09-16,0.34464,0.34707,0.33924,0.34213,383267805.0,2025-09-16 23:59:59.999,131502264.37841
2025-09-17,0.34213,0.34455,0.33833,0.34293,337991846.0,2025-09-17 23:59:59.999,115250121.73882
2025-09-18,0.34293,0.35222,0.3423,0.35047,361848228.0,2025-09-18 23:59:59.999,125657363.07484
2025-09-19,0.35047,0.35266,0.34281,0.34358,352754400.0,2025-09-19 23:59:59.999,122392293.06326
2025-09-20,0.34358,0.34817,0.34254,0.34648,219474762.0,2025-09-20 23:59:59.999,75997682.70481
2025-09-21,0.34648,0.34668,0.34124,0.34223,230046883.0,2025-09-21 23:59:59.999,79094407.82196
2025-09-22,0.34223,0.34296,0.32962,0.33981,566548166.0,2025-09-22 23:59:59.999,191657554.39295
2025-09-23,0.3398,0.34252,0.33406,0.33569,316643150.0,2025-09-23 23:59:59.999,106905421.96747
2025-09-24,0.3357,0.33935,0.33421,0.33796,260794684.0,2025-09-24 23:59:59.999,87935049.66785
2025-09-25,0.33797,0.33842,0.32968,0.33178,412132399.0,2025-09-25 23:59:59.999,137581850.79594
2025-09-26,0.33179,0.33849,0.33165,0.33825,330070596.0,2025-09-26 23:59:59.999,110430169.61924
2025-09-27,0.33826,0.33985,0.33534,0.33634,158206105.0,2025-09-27 23:59:59.999,53368358.51961
2025-09-28,0.33634,0.33721,0.3338,0.33552,176934332.0,2025-09-28 23:59:59.999,59355854.38184
2025-09-29,0.33552,0.33754,0.3321,0.33672,236242368.0,2025-09-29 23:59:59.999,79114968.09234
2025-09-30,0.33673,0.33774,0.33111,0.33345,252524049.0,2025-09-30 23:59:59.999,84497621.98054
2025-10-01,0.33346,0.34228,0.33282,0.34148,278587312.0,2025-10-01 23:59:59.999,94085909.23946
2025-10-02,0.34147,0.34394,0.3407,0.34248,218254368.0,2025-10-02 23:59:59.999,74611538.70142
2025-10-03,0.34249,0.34576,0.34083,0.34176,284887819.0,2025-10-03 23:59:59.999,97718928.41709
2025-10-04,0.34176,0.34229,0.33902,0.34026,150110486.0,2025-10-04 23:59:59.999,51097127.54176
2025-10-05,0.34027,0.34421,0.33943,0.34128,187098564.0,2025-10-05 23:59:59.999,63931618.07549
2025-10-06,0.34127,0.34728,0.3402,0.34612,314664258.0,2025-10-06 23:59:59.999,108273825.2388
2025-10-07,0.34613,0.34715,0.33692,0.33758,330376675.0,2025-10-07 23:59:59.999,112913794.25606
2025-10-08,0.33759,0.34254,0.33603,0.34195,268991603.0,2025-10-08 23:59:59.999,90980649.47243
2025-10-09,0.34196,0.34224,0.33387,0.33685,305874261.0,2025-10-09 23:59:59.999,103204276.70737
2025-10-10,0.33684,0.33714,0.29673,0.3205,903656663.0,2025-10-10 23:59:59.999,292269411.3898
2025-10-11,0.32049,0.32081,0.31118,0.31412,458581781.0,2025-10-11 23:59:59.999,145603813.61647
2025-10-12,0.31412,0.32388,0.31042,0.32263,437681416.0,2025-10-12 23:59:59.999,139180917.5274
2025-10-13,0.32262,0.32418,0.31905,0.32234,324978083.0,2025-10-13 23:59:59.999,104626799.28674
2025-10-14,0.32235,0.32287,0.30712,0.31655,610515982.0,2025-10-14 23:59:59.999,191680202.91463
2025-10-15,0.31656,0.3214,0.31112,0.31912,461373741.0,2025-10-15 23:59:59.999,146016368.28292
2025-10-16,0.31912,0.32343,0.31284,0.3159,486172808.0,2025-10-16 23:59:59.999,155164087.08778
2025-10-17,0.3159,0.31784,0.30415,0.30866,538874130.0,2025-10-17 23:59:59.999,166722658.34823
2025-10-18,0.30867,0.31456,0.30838,0.31278,211458985.0,2025-10-18 23:59:59.999,66033282.82263
2025-10-19,0.31279,0.32102,0.3121,0.32037,211491892.0,2025-10-19 23:59:59.999,67034434.90941
2025-10-20,0.32036,0.32422,0.31759,0.32222,272110752.0,2025-10-20 23:59:59.999,87579023.33033
2025-10-21,0.32223,0.32528,0.31707,0.32149,367934208.0,2025-10-21 23:59:59.999,118461363.74548
2025-10-22,0.32149,0.32509,0.317,0.32251,463133684.0,2025-10-22 23:59:59.999,148650805.67606
2025-10-23,0.32252,0.32348,0.31264,0.31359,378503437.0,2025-10-23 23:59:59.999,120436630.05919
2025-10-24,0.31359,0.3159,0.30268,0.3035,487805019.0,2025-10-24 23:59:59.999,150662763.09662
2025-10-25,0.3035,0.30381,0.29198,0.29686,616608816.0,2025-10-25 23:59:59.999,183453087.4477
2025-10-26,0.29686,0.30151,0.29383,0.30002,343258035.0,2025-10-26 23:59:59.999,102267090.55575
2025-10-27,0.30002,0.30214,0.29681,0.29805,293570594.0,2025-10-27 23:59:59.999,87958279.69144
2025-10-28,0.29804,0.29966,0.29268,0.29528,354151126.0,2025-10-28 23:59:59.999,105218925.63916
2025-10-29,0.29527,0.29831,0.28996,0.29583,406732911.0,2025-10-29 23:59:59.999,120136758.2369
2025-10-30,0.29583,0.29844,0.288,0.2924,566441597.0,2025-10-30 23:59:59.999,166205577.86977
2025-10-31,0.29239,0.29713,0.29211,0.29609,270447850.0,2025-10-31 23:59:59.999,79742793.73309
2025-11-01,0.29609,0.29796,0.29466,0.29725,164056268.0,2025-11-01 23:59:59.999,48632427.781
2025-11-02,0.29725,0.29847,0.29486,0.29795,163712245.0,2025-11-02 23:59:59.999,48468291.82166
2025-11-03,0.29795,0.29832,0.27968,0.28107,679628827.0,2025-11-03 23:59:59.999,196781435.16016
2025-11-04,0.28108,0.28692,0.27596,0.28534,808672641.0,2025-11-04 23:59:59.999,227319810.41443
2025-11-05,0.28534,0.29031,0.28035,0.28873,353604647.0,2025-11-05 23:59:59.999,101051827.84236
2025-11-06,0.28874,0.28941,0.28171,0.2837,268780677.0,2025-11-06 23:59:59.999,76670323.18359
2025-11-07,0.28369,0.29449,0.28236,0.29211,383112593.0,2025-11-07 23:59:59.999,110094342.53657
2025-11-08,0.2921,0.29477,0.28969,0.2915,213217255.0,2025-11-08 23:59:59.999,62218424.56009
2025-11-09,0.2915,0.29258,0.28859,0.2905,161226040.0,2025-11-09 23:59:59.999,46832335.83956
2025-11-10,0.2905,0.29638,0.28989,0.29636,252403837.0,2025-11-10 23:59:59.999,74152597.99958
2025-11-11,0.29636,0.30118,0.29597,0.29651,317520306.0,2025-11-11 23:59:59.999,94695397.65578
2025-11-12,0.29651,0.3009,0.29335,0.29441,344343051.0,2025-11-12 23:59:59.999,102366259.00438
2025-11-13,0.2944,0.2998,0.28989,0.29304,364167901.0,2025-11-13 23:59:59.999,107429869.31221
2025-11-14,0.29303,0.29835,0.288,0.29245,587350576.0,2025-11-14 23:59:59.999,171934687.41847
2025-11-15,0.29246,0.29557,0.29087,0.2947,220024094.0,2025-11-15 23:59:59.999,64504027.14881
2025-11-16,0.29471,0.2994,0.28926,0.29216,395988364.0,2025-11-16 23:59:59.999,116376908.26635
2025-11-17,0.29215,0.29632,0.28853,0.29168,430913180.0,2025-11-17 23:59:59.999,126111458.8025
2025-11-18,0.29168,0.29298,0.28658,0.29015,416831279.0,2025-11-18 23:59:59.999,120950876.46451
2025-11-19,0.29016,0.29071,0.28319,0.28677,392929175.0,2025-11-19 23:59:59.999,112575469.82779
2025-11-20,0.28678,0.28811,0.27714,0.28041,411391663.0,2025-11-20 23:59:59.999,116103980.17435
2025-11-21,0.2804,0.28208,0.27234,0.27652,691285032.0,2025-11-21 23:59:59.999,191590848.15479
2025-11-22,0.27652,0.27729,0.2729,0.27415,343285946.0,2025-11-22 23:59:59.999,94393447.28191
2025-11-23,0.27415,0.27578,0.27362,0.27487,207439860.0,2025-11-23 23:59:59.999,57013689.43625
2025-11-24,0.27487,0.27755,0.27427,0.27462,297081324.0,2025-11-24 23:59:59.999,82093253.82438
2025-11-25,0.27461,0.27499,0.27063,0.27446,298892362.0,2025-11-25 23:59:59.999,81531670.90195
2025-11-26,0.27445,0.2772,0.27374,0.27639,173224467.0,2025-11-26 23:59:59.999,47661762.59109
2025-11-27,0.27638,0.2804,0.27564,0.28018,168944584.0,2025-11-27 23:59:59.999,46980737.92916
2025-11-28,0.28018,0.28217,0.27956,0.2809,228353831.0,2025-11-28 23:59:59.999,64063542.69494
2025-11-29,0.28091,0.28175,0.28004,0.28084,124061223.0,2025-11-29 23:59:59.999,34849564.08554
2025-11-30,0.28085,0.28324,0.27927,0.28125,143919804.0,2025-11-30 23:59:59.999,40481297.61941
2025-12-01,0.28124,0.28151,0.27523,0.27665,377789834.0,2025-12-01 23:59:59.999,104848995.99317
2025-12-02,0.27665,0.28309,0.27634,0.2808,271650758.0,2025-12-02 23:59:59.999,76014026.28514
2025-12-03,0.2808,0.28139,0.27727,0.28024,273325803.0,2025-12-03 23:59:59.999,76430595.13348
2025-12-04,0.28023,0.28616,0.27908,0.28614,264411553.0,2025-12-04 23:59:59.999,74554052.3515
2025-12-05,0.28614,0.28798,0.28381,0.28545,300996644.0,2025-12-05 23:59:59.999,86012033.99687
2025-12-06,0.28544,0.29044,0.2854,0.28684,192325487.0,2025-12-06 23:59:59.999,55378970.30167
2025-12-07,0.28684,0.28763,0.28389,0.28664,222519347.0,2025-12-07 23:59:59.999,63580169.53125
2025-12-08,0.28665,0.28798,0.28088,0.28106,202414479.0,2025-12-08 23:59:59.999,57656630.43369
2025-12-09,0.28107,0.28343,0.27965,0.28205,246879478.0,2025-12-09 23:59:59.999,69412127.25907
2025-12-10,0.28204,0.28286,0.27669,0.27993,227830544.0,2025-12-10 23:59:59.999,63607726.66907
2025-12-11,0.27994,0.28181,0.27781,0.28028,220850011.0,2025-12-11 23:59:59.999,61834092.13624
2025-12-12,0.28028,0.28067,0.27322,0.27353,247515215.0,2025-12-12 23:59:59.999,68450949.44791
2025-12-13,0.27353,0.27499,0.27056,0.2709,165209403.0,2025-12-13 23:59:59.999,45026066.23562
2025-12-14,0.27089,0.27735,0.27034,0.27719,232212157.0,2025-12-14 23:59:59.999,63799572.15999
2025-12-15,0.2772,0.28277,0.2772,0.27814,342285198.0,2025-12-15 23:59:59.999,95908904.61556
2025-12-16,0.27814,0.282,0.27741,0.28002,173150329.0,2025-12-16 23:59:59.999,48409379.77402
2025-12-17,0.28002,0.28216,0.27785,0.27947,193308831.0,2025-12-17 23:59:59.999,54059644.94351
2025-12-18,0.27948,0.282,0.27674,0.27915,235156972.0,2025-12-18 23:59:59.999,65659759.43782
2025-12-19,0.27915,0.28047,0.27779,0.27991,181434105.0,2025-12-19 23:59:59.999,50613822.75367
2025-12-20,0.27991,0.28193,0.2784,0.28182,109696014.0,2025-12-20 23:59:59.999,30686078.49813
2025-12-21,0.28183,0.28862,0.28104,0.28814,214570710.0,2025-12-21 23:59:59.999,61187581.35551
2025-12-22,0.28814,0.28904,0.28305,0.28421,223325289.0,2025-12-22 23:59:59.999,63797017.94493
2025-12-23,0.28422,0.28474,0.28208,0.28336,127893441.0,2025-12-23 23:59:59.999,36258228.10125
2025-12-24,0.28335,0.28438,0.279,0.28016,169595053.0,2025-12-24 23:59:59.999,47833464.2082
2025-12-25,0.28016,0.28089,0.2765,0.27857,142962014.0,2025-12-25 23:59:59.999,39859052.7722
2025-12-26,0.27856,0.28013,0.27731,0.27936,117601069.0,2025-12-26 23:59:59.999,32775988.71434
2025-12-27,0.27937,0.28497,0.27839,0.28481,129846523.0,2025-12-27 23:59:59.999,36508045.53305
2025-12-28,0.28481,0.28542,0.28308,0.28485,98189050.0,2025-12-28 23:59:59.999,27904172.60821
2025-12-29,0.28485,0.28578,0.28128,0.2849,168844787.0,2025-12-29 23:59:59.999,47873075.4965
2025-12-30,0.2849,0.28674,0.28408,0.28618,118013325.0,2025-12-30 23:59:59.999,33676429.49352
2025-12-31,0.28617,0.28665,0.282,0.28436,127629092.0,2025-12-31 23:59:59.999,36240773.91204
2026-01-01,0.28437,0.28707,0.28338,0.28695,92281683.0,2026-01-01 23:59:59.999,26280917.70324
2026-01-02,0.28695,0.2889,0.28422,0.28889,139441565.0,2026-01-02 23:59:59.999,39880821.9427
2026-01-03,0.28888,0.29569,0.2876,0.29566,153438920.0,2026-01-03 23:59:59.999,44600550.29044
2026-01-04,0.29566,0.29594,0.29322,0.29389,125216227.0,2026-01-04 23:59:59.999,36843437.73861
2026-01-05,0.29388,0.29572,0.29151,0.29188,190822924.0,2026-01-05 23:59:59.999,55960614.61968
2026-01-06,0.29189,0.29412,0.29076,0.29406,151741327.0,2026-01-06 23:59:59.999,44350831.74637
2026-01-07,0.29406,0.29866,0.29375,0.29808,239948655.0,2026-01-07 23:59:59.999,71089939.24842
2026-01-08,0.29808,0.29858,0.29407,0.2947,192809851.0,2026-01-08 23:59:59.999,57101795.4583
2026-01-09,0.29471,0.2996,0.29229,0.29835,232863825.0,2026-01-09 23:59:59.999,68839355.77096
2026-01-10,0.29835,0.3025,0.29698,0.30228,135716857.0,2026-01-10 23:59:59.999,40557155.0089
2026-01-11,0.30228,0.30346,0.29822,0.29931,207350875.0,2026-01-11 23:59:59.999,62290273.77854
2026-01-12,0.29932,0.30059,0.29687,0.29967,153257973.0,2026-01-12 23:59:59.999,45741887.26961
2026-01-13,0.29966,0.30725,0.2982,0.30698,204041464.0,2026-01-13 23:59:59.999,61522185.40725
2026-01-14,0.30698,0.30726,0.30067,0.30445,228015802.0,2026-01-14 23:59:59.999,69114421.16776
2026-01-15,0.30444,0.31268,0.30176,0.31256,278812445.0,2026-01-15 23:59:59.999,85527209.3363
2026-01-16,0.31255,0.31269,0.30503,0.30941,177818928.0,2026-01-16 23:59:59.999,54874315.77784
2026-01-17,0.30942,0.31939,0.30871,0.31854,179106855.0,2026-01-17 23:59:59.999,56181807.73476
2026-01-18,0.31853,0.32084,0.3147,0.31754,228577963.0,2026-01-18 23:59:59.999,72727475.29133
2026-01-19,0.31755,0.32062,0.30781,0.31175,320907293.0,2026-01-19 23:59:59.999,100791745.11969
2026-01-20,0.31175,0.3139,0.29652,0.29659,297591481.0,2026-01-20 23:59:59.999,90322955.40004
2026-01-21,0.2966,0.30047,0.2949,0.29909,228606453.0,2026-01-21 23:59:59.999,68000171.66251
2026-01-22,0.29908,0.30782,0.29807,0.30512,214008610.0,2026-01-22 23:59:59.999,64554121.88853
2026-01-23,0.30512,0.31095,0.29593,0.29766,292782654.0,2026-01-23 23:59:59.999,88784551.57332
2026-01-24,0.29767,0.298,0.29353,0.29517,154424446.0,2026-01-24 23:59:59.999,45719874.40172
2026-01-25,0.29517,0.29878,0.29385,0.29552,164053672.0,2026-01-25 23:59:59.999,48617629.62081
2026-01-26,0.29553,0.29722,0.29441,0.2964,140696033.0,2026-01-26 23:59:59.999,41627013.28587
2026-01-27,0.2964,0.29653,0.29272,0.29438,137894990.0,2026-01-27 23:59:59.999,40617828.18302
2026-01-28,0.29438,0.29546,0.29036,0.29526,178716481.0,2026-01-28 23:59:59.999,52327805.69106
2026-01-29,0.29525,0.29548,0.28958,0.29488,213082079.0,2026-01-29 23:59:59.999,62532807.93373
2026-01-30,0.29488,0.29539,0.28772,0.2942,259372706.0,2026-01-30 23:59:59.999,75713541.50965
2026-01-31,0.29419,0.29432,0.28234,0.28649,259668688.0,2026-01-31 23:59:59.999,74659385.44359
2026-02-01,0.28649,0.28749,0.28301,0.28451,211658814.0,2026-02-01 23:59:59.999,60418743.57534
2026-02-02,0.2845,0.28541,0.28079,0.28321,247427206.0,2026-02-02 23:59:59.999,70091446.38498
2026-02-03,0.28321,0.28683,0.28095,0.28598,211168195.0,2026-02-03 23:59:59.999,59865719.75333
2026-02-04,0.28597,0.28741,0.28177,0.2832,211277993.0,2026-02-04 23:59:59.999,60198939.12233
2026-02-05,0.2832,0.28376,0.26853,0.26865,404401416.0,2026-02-05 23:59:59.999,111992814.7651
2026-02-06,0.26865,0.27428,0.26645,0.27395,406889442.0,2026-02-06 23:59:59.999,110060571.42793
2026-02-07,0.27395,0.27861,0.27294,0.27801,225135145.0,2026-02-07 23:59:59.999,61997683.26275
2026-02-08,0.27802,0.27956,0.27599,0.27755,150154953.0,2026-02-08 23:59:59.999,41746236.16576
2026-02-09,0.27755,0.27926,0.27602,0.27899,191660615.0,2026-02-09 23:59:59.999,53274007.45858
2026-02-10,0.27898,0.28045,0.27582,0.27801,160427400.0,2026-02-10 23:59:59.999,44574992.40615
2026-02-11,0.278,0.27836,0.27358,0.27826,201251286.0,2026-02-11 23:59:59.999,55494732.5366
2026-02-12,0.27826,0.28033,0.27598,0.27993,185725230.0,2026-02-12 23:59:59.999,51666489.96678
2026-02-13,0.27994,0.28245,0.27674,0.28219,164170187.0,2026-02-13 23:59:59.999,45856545.95293
2026-02-14,0.2822,0.2838,0.28149,0.2824,119325688.0,2026-02-14 23:59:59.999,33739360.89478
2026-02-15,0.2824,0.28257,0.27897,0.28036,147222998.0,2026-02-15 23:59:59.999,41346545.48551
2026-02-16,0.28036,0.28539,0.27924,0.28442,170026791.0,2026-02-16 23:59:59.999,47932616.10544
2026-02-17,0.28441,0.28542,0.27921,0.28206,180372211.0,2026-02-17 23:59:59.999,50914946.97522
2026-02-18,0.28206,0.28212,0.27791,0.27862,154721117.0,2026-02-18 23:59:59.999,43316525.58821
2026-02-19,0.27862,0.28534,0.27816,0.28481,177718458.0,2026-02-19 23:59:59.999,50050710.42752
2026-02-20,0.28481,0.28824,0.28258,0.28522,219669748.0,2026-02-20 23:59:59.999,62597476.03581
2026-02-21,0.28522,0.28958,0.28427,0.289,115682288.0,2026-02-21 23:59:59.999,33172875.82174
2026-02-22,0.28899,0.29112,0.28716,0.29045,120433669.0,2026-02-22 23:59:59.999,34817008.08344
2026-02-23,0.29046,0.2905,0.28051,0.28159,240841115.0,2026-02-23 23:59:59.999,68705861.13962
2026-02-24,0.2816,0.2837,0.27977,0.28369,151056013.0,2026-02-24 23:59:59.999,42527756.38378
2026-02-25,0.28369,0.28725,0.28335,0.28512,192414667.0,2026-02-25 23:59:59.999,54941445.14187
2026-02-26,0.28513,0.28761,0.28466,0.2856,146159570.0,2026-02-26 23:59:59.999,41797368.1113
2026-02-27,0.2856,0.28569,0.281,0.28265,137504381.0,2026-02-27 23:59:59.999,38993638.22126
2026-02-28,0.28265,0.28277,0.278,0.28164,174355343.0,2026-02-28 23:59:59.999,48895063.52513
2026-03-01,0.28164,0.28361,0.27893,0.28044,133609394.0,2026-03-01 23:59:59.999,37595592.86687
2026-03-02,0.28044,0.28331,0.28041,0.28314,109631264.0,2026-03-02 23:59:59.999,30902073.97403
2026-03-03,0.28314,0.2835,0.27984,0.28024,118655914.0,2026-03-03 23:59:59.999,33368081.22467
2026-03-04,0.28024,0.28795,0.27868,0.28684,229919178.0,2026-03-04 23:59:59.999,65232763.14208
2026-03-05,0.28683,0.28802,0.28222,0.2851,227318014.0,2026-03-05 23:59:59.999,64688682.74302
2026-03-06,0.2851,0.28715,0.28416,0.28433,146991371.0,2026-03-06 23:59:59.999,41986030.55468
2026-03-07,0.28432,0.28688,0.28292,0.28649,103257620.0,2026-03-07 23:59:59.999,29403796.69951
2026-03-08,0.28649,0.29076,0.28558,0.28905,160196667.0,2026-03-08 23:59:59.999,46137778.22101
2026-03-09,0.28905,0.2908,0.28401,0.28538,181051167.0,2026-03-09 23:59:59.999,51883521.58667
2026-03-10,0.28537,0.28632,0.28336,0.28557,156851545.0,2026-03-10 23:59:59.999,44685904.51652
2026-03-11,0.28557,0.29159,0.28504,0.29127,191769477.0,2026-03-11 23:59:59.999,55406445.26083
2026-03-12,0.29127,0.29219,0.28838,0.28893,147627405.0,2026-03-12 23:59:59.999,42742409.64485
2026-03-13,0.28893,0.29342,0.28824,0.2933,185519097.0,2026-03-13 23:59:59.999,53820729.50032
2026-03-14,0.2933,0.29909,0.29263,0.29765,196145863.0,2026-03-14 23:59:59.999,57967170.72718
2026-03-15,0.29765,0.29898,0.29569,0.29853,113236639.0,2026-03-15 23:59:59.999,33680554.97198
2026-03-16,0.29852,0.29863,0.29491,0.29535,175294397.0,2026-03-16 23:59:59.999,52079645.65988
2026-03-17,0.29536,0.30745,0.29493,0.3067,247367663.0,2026-03-17 23:59:59.999,74543654.57819
2026-03-18,0.3067,0.3093,0.2983,0.30436,260695474.0,2026-03-18 23:59:59.999,79144053.68279
2026-03-19,0.30437,0.30518,0.29887,0.30337,196389192.0,2026-03-19 23:59:59.999,59342972.02615
2026-03-20,0.30338,0.31086,0.30266,0.30943,150774622.0,2026-03-20 23:59:59.999,46242988.42067
2026-03-21,0.30943,0.31368,0.30741,0.31183,183658819.0,2026-03-21 23:59:59.999,56918703.35433
2026-03-22,0.31183,0.31886,0.30773,0.31019,279072789.0,2026-03-22 23:59:59.999,87275858.56614
2026-03-23,0.31018,0.31187,0.30308,0.30797,294804229.0,2026-03-23 23:59:59.999,90660528.45914
2026-03-24,0.30797,0.31198,0.30568,0.30573,184203856.0,2026-03-24 23:59:59.999,56962674.32811
2026-03-25,0.30572,0.31653,0.30512,0.31429,180861690.0,2026-03-25 23:59:59.999,56203726.98679
2026-03-26,0.3143,0.31613,0.30858,0.31137,201160841.0,2026-03-26 23:59:59.999,62777383.21446
2026-03-27,0.31137,0.3172,0.30741,0.31118,232049107.0,2026-03-27 23:59:59.999,72361952.04887
2026-03-28,0.31118,0.31843,0.30929,0.31631,167558586.0,2026-03-28 23:59:59.999,52676060.19055
2026-03-29,0.31632,0.32447,0.31458,0.32159,214181251.0,2026-03-29 23:59:59.999,68436342.39973
2026-03-30,0.32159,0.32438,0.31616,0.31982,264021548.0,2026-03-30 23:59:59.999,84649928.2746
2026-03-31,0.31982,0.32171,0.31035,0.31315,233826132.0,2026-03-31 23:59:59.999,73707430.29299
2026-04-01,0.31315,0.31662,0.3128,0.31536,183537771.0,2026-04-01 23:59:59.999,57866269.12366
2026-04-02,0.31536,0.31645,0.31223,0.31509,148578809.0,2026-04-02 23:59:59.999,46821946.26842
2026-04-03,0.31509,0.31534,0.31242,0.31509,105510700.0,2026-04-03 23:59:59.999,33151363.6506
2026-04-04,0.31509,0.31796,0.31475,0.31732,99587461.0,2026-04-04 23:59:59.999,31533889.24488
2026-04-05,0.31733,0.31963,0.31683,0.31864,100955362.0,2026-04-05 23:59:59.999,32149669.54075
2026-04-06,0.31865,0.31939,0.31506,0.3163,147719710.0,2026-04-06 23:59:59.999,46853638.91666
2026-04-07,0.31629,0.31669,0.313,0.31537,128517321.0,2026-04-07 23:59:59.999,40452832.31749
2026-04-08,0.31538,0.31823,0.31419,0.31772,139085296.0,2026-04-08 23:59:59.999,44032062.24807
2026-04-09,0.31771,0.32088,0.31621,0.32018,139528088.0,2026-04-09 23:59:59.999,44401689.10119
2026-04-10,0.32018,0.3207,0.31653,0.31907,123784159.0,2026-04-10 23:59:59.999,39444602.39831
2026-04-11,0.31907,0.3198,0.31726,0.31865,84931117.0,2026-04-11 23:59:59.999,27060097.19975
2026-04-12,0.31865,0.32285,0.31812,0.321,160237296.0,2026-04-12 23:59:59.999,51473844.21897
2026-04-13,0.32101,0.32226,0.31898,0.32015,169657134.0,2026-04-13 23:59:59.999,54395364.402
2026-04-14,0.32015,0.32358,0.31977,0.32358,143799328.0,2026-04-14 23:59:59.999,46236417.66632
2026-04-15,0.32358,0.32849,0.32134,0.32705,199238948.0,2026-04-15 23:59:59.999,64781996.07945
2026-04-16,0.32705,0.32777,0.32483,0.3269,157129489.0,2026-04-16 23:59:59.999,51266324.92602
2026-04-17,0.3269,0.32792,0.32291,0.32763,183815845.0,2026-04-17 23:59:59.999,59790385.97807
2026-04-18,0.32763,0.33,0.32617,0.32928,145907767.0,2026-04-18 23:59:59.999,47900774.16846
2026-04-19,0.32927,0.33659,0.32707,0.32882,277636310.0,2026-04-19 23:59:59.999,91935230.52912
2026-04-20,0.32882,0.33285,0.32601,0.32864,195148356.0,2026-04-20 23:59:59.999,64266797.56421
2026-04-21,0.32864,0.33553,0.32781,0.33283,163679805.0,2026-04-21 23:59:59.999,54156376.19448
2026-04-22,0.33284,0.33516,0.32727,0.32946,192074740.0,2026-04-22 23:59:59.999,63599540.81579
2026-04-23,0.32946,0.33024,0.32608,0.32861,143575875.0,2026-04-23 23:59:59.999,47143471.43253
2026-04-24,0.32861,0.32889,0.31868,0.32293,195811539.0,2026-04-24 23:59:59.999,63687026.17739
2026-04-25,0.32293,0.32442,0.32104,0.32359,108693931.0,2026-04-25 23:59:59.999,35113688.59232
2026-04-26,0.32359,0.32443,0.32252,0.32301,80465113.0,2026-04-26 23:59:59.999,26030551.21743
2026-04-27,0.32302,0.32627,0.32271,0.32517,137172031.0,2026-04-27 23:59:59.999,44516341.91576
2026-04-28,0.32516,0.32559,0.32215,0.32276,106971601.0,2026-04-28 23:59:59.999,34606531.60991
2026-04-29,0.32277,0.32398,0.321,0.32293,145659677.0,2026-04-29 23:59:59.999,47010990.51231
2026-04-30,0.32293,0.32683,0.32291,0.32649,144233585.0,2026-04-30 23:59:59.999,46923497.1606
2026-05-01,0.32648,0.32736,0.32509,0.32683,100011667.0,2026-05-01 23:59:59.999,32624514.9946
2026-05-02,0.32684,0.33416,0.32596,0.32977,162299717.0,2026-05-02 23:59:59.999,53630847.115
2026-05-03,0.32978,0.34372,0.32911,0.33842,293342686.0,2026-05-03 23:59:59.999,98949935.66254
2026-05-04,0.33842,0.34164,0.33506,0.34052,207624075.0,2026-05-04 23:59:59.999,70367408.29076
2026-05-05,0.34052,0.346,0.33733,0.34451,154031586.0,2026-05-05 23:59:59.999,52596176.43668
2026-05-06,0.34451,0.34739,0.34171,0.34606,155676359.0,2026-05-06 23:59:59.999,53602142.5137
2026-05-07,0.34606,0.34972,0.34372,0.34886,137951397.0,2026-05-07 23:59:59.999,47861046.49826
2026-05-08,0.34885,0.35181,0.34658,0.34994,157810571.0,2026-05-08 23:59:59.999,55120866.87431
2026-05-09,0.34995,0.35342,0.34946,0.34998,140724940.0,2026-05-09 23:59:59.999,49437437.91686
2026-05-10,0.34997,0.35228,0.34821,0.35041,102146114.0,2026-05-10 23:59:59.999,35783872.38165
2026-05-11,0.35041,0.3526,0.34887,0.35102,117748515.0,2026-05-11 23:59:59.999,41292056.34802
2026-05-12,0.35103,0.35128,0.34661,0.34898,155123809.0,2026-05-12 23:59:59.999,54118706.14793
2026-05-13,0.34898,0.35158,0.34831,0.3494,103669780.0,2026-05-13 23:59:59.999,36271849.07024
2026-05-14,0.3494,0.35562,0.349,0.35362,153024225.0,2026-05-14 23:59:59.999,54065093.48261
2026-05-15,0.35361,0.35416,0.3496,0.35205,120075432.0,2026-05-15 23:59:59.999,42243542.30816
2026-05-16,0.35204,0.35536,0.34776,0.35495,152645340.0,2026-05-16 23:59:59.999,53730377.31316
2026-05-17,0.35495,0.35748,0.35314,0.35507,109810376.0,2026-05-17 23:59:59.999,39032251.66689
2026-05-18,0.35507,0.35836,0.35356,0.35543,190993614.0,2026-05-18 23:59:59.999,67950032.5784
2026-05-19,0.35543,0.35773,0.35387,0.35618,115730572.0,2026-05-19 23:59:59.999,41162071.56309
2026-05-20,0.35618,0.35983,0.35495,0.359,123551867.0,2026-05-20 23:59:59.999,44201452.1747
2026-05-21,0.359,0.36537,0.35856,0.36526,180142381.0,2026-05-21 23:59:59.999,65200659.09271
2026-05-22,0.36526,0.36636,0.35939,0.36203,165089517.0,2026-05-22 23:59:59.999,59985874.21857
2026-05-23,0.36202,0.36329,0.35815,0.3628,135646234.0,2026-05-23 23:59:59.999,48929542.63056
2026-05-24,0.3628,0.36799,0.36186,0.36548,131106516.0,2026-05-24 23:59:59.999,47828412.6781
2026-05-25,0.36549,0.37385,0.36369,0.37162,247599846.0,2026-05-25 23:59:59.999,91537413.84102
2026-05-26,0.37162,0.37716,0.37108,0.37554,227661879.0,2026-05-26 23:59:59.999,85238013.49723
2026-05-27,0.37553,0.37581,0.36764,0.36785,172373720.0,2026-05-27 23:59:59.999,64088336.93553
2026-05-28,0.36785,0.36845,0.34757,0.35281,400149502.0,2026-05-28 23:59:59.999,142413590.37001
