open_time,open,high,low,close,volume,close_time,quote_asset_volume
2020-11-24,12.888,16.108,12.864,14.293,411652.2,2020-11-24 23:59:59.999,5896454.4195
2020-11-25,14.322,19.699,13.031,14.735,1894972.0,2020-11-25 23:59:59.999,31419103.5336
2020-11-26,14.728,15.432,11.087,11.857,1406867.5,2020-11-26 23:59:59.999,18057404.3984
2020-11-27,11.861,13.525,11.111,12.259,507469.2,2020-11-27 23:59:59.999,6173675.4325
2020-11-28,12.268,15.84,11.68,14.898,1074279.2,2020-11-28 23:59:59.999,15433686.7627
2020-11-29,14.914,15.5,13.613,13.932,762906.8,2020-11-29 23:59:59.999,11202167.6999
2020-11-30,13.942,15.999,13.708,15.1,782749.0,2020-11-30 23:59:59.999,11468416.593
2020-12-01,15.121,16.868,13.587,13.914,1219115.3,2020-12-01 23:59:59.999,18458533.1535
2020-12-02,13.933,14.725,13.216,14.112,730426.6,2020-12-02 23:59:59.999,10166929.3138
2020-12-03,14.098,14.173,13.3,13.896,451511.5,2020-12-03 23:59:59.999,6216044.226
2020-12-04,13.885,14.15,11.272,11.589,811773.7,2020-12-04 23:59:59.999,10443024.9995
2020-12-05,11.581,12.996,11.32,12.537,508284.7,2020-12-05 23:59:59.999,6319680.8338
2020-12-06,12.535,12.718,11.683,12.326,385578.1,2020-12-06 23:59:59.999,4695700.9848
2020-12-07,12.329,12.516,11.522,11.976,474436.2,2020-12-07 23:59:59.999,5677435.0621
2020-12-08,11.987,12.789,10.15,10.394,1136719.6,2020-12-08 23:59:59.999,13076148.4945
2020-12-09,10.389,11.04,9.8,10.638,610101.9,2020-12-09 23:59:59.999,6340702.5695
2020-12-10,10.652,10.699,9.72,10.106,439553.5,2020-12-10 23:59:59.999,4478890.1171
2020-12-11,10.098,10.178,8.957,9.062,453910.2,2020-12-11 23:59:59.999,4234546.3493
2020-12-12,9.045,10.407,9.026,10.211,551339.8,2020-12-12 23:59:59.999,5431386.9984
2020-12-13,10.213,11.43,9.892,11.033,827693.7,2020-12-13 23:59:59.999,8931035.0848
2020-12-14,11.041,12.243,10.928,11.358,1070205.8,2020-12-14 23:59:59.999,12519110.6653
2020-12-15,11.367,11.86,10.651,11.155,704562.9,2020-12-15 23:59:59.999,7927939.5715
2020-12-16,11.153,12.8,10.7,12.714,797108.8,2020-12-16 23:59:59.999,9390025.8264
2020-12-17,12.723,13.693,11.853,12.037,1277822.5,2020-12-17 23:59:59.999,16545006.1765
2020-12-18,12.036,12.7,11.71,12.123,665863.6,2020-12-18 23:59:59.999,8161204.7987
2020-12-19,12.127,12.711,12.012,12.103,599037.5,2020-12-19 23:59:59.999,7381589.9076
2020-12-20,12.114,12.522,11.181,11.443,551251.2,2020-12-20 23:59:59.999,6606433.58
2020-12-21,11.454,11.685,10.312,10.469,688352.5,2020-12-21 23:59:59.999,7535370.8517
2020-12-22,10.48,10.97,9.995,10.362,494628.4,2020-12-22 23:59:59.999,5149647.1212
2020-12-23,10.357,10.585,8.279,8.673,597153.9,2020-12-23 23:59:59.999,5658931.0141
2020-12-24,8.666,9.959,8.31,9.785,584872.3,2020-12-24 23:59:59.999,5233778.3755
2020-12-25,9.788,11.378,9.609,11.237,1080792.7,2020-12-25 23:59:59.999,11719324.8489
2020-12-26,11.249,12.232,10.458,11.924,748134.3,2020-12-26 23:59:59.999,8488253.3978
2020-12-27,11.933,13.331,11.921,12.59,1151507.2,2020-12-27 23:59:59.999,14611377.6108
2020-12-28,12.6,13.209,11.725,12.205,430759.2,2020-12-28 23:59:59.999,5358771.0066
2020-12-29,12.207,12.386,10.275,11.606,717703.5,2020-12-29 23:59:59.999,7947632.2049
2020-12-30,11.616,12.285,10.614,10.849,585478.0,2020-12-30 23:59:59.999,6693206.3344
2020-12-31,10.855,11.706,10.324,11.608,454728.1,2020-12-31 23:59:59.999,4904219.4179
2021-01-01,11.597,14.661,11.335,11.802,2555854.8,2021-01-01 23:59:59.999,33194001.8892
2021-01-02,11.806,12.435,11.252,11.784,977518.0,2021-01-02 23:59:59.999,11505759.4491
2021-01-03,11.78,14.793,11.634,13.599,1633738.1,2021-01-03 23:59:59.999,22561178.9578
2021-01-04,13.588,15.11,11.568,13.497,1191057.0,2021-01-04 23:59:59.999,15717324.9434
2021-01-05,13.495,14.963,12.786,14.447,660293.5,2021-01-05 23:59:59.999,9044340.6788
2021-01-06,14.456,16.578,13.565,16.195,884523.6,2021-01-06 23:59:59.999,13440831.4988
2021-01-07,16.186,16.242,13.8,14.632,661005.4,2021-01-07 23:59:59.999,10016180.2046
2021-01-08,14.636,14.961,13.097,14.508,547258.5,2021-01-08 23:59:59.999,7792912.5412
2021-01-09,14.512,16.1,14.05,15.777,456030.6,2021-01-09 23:59:59.999,7041369.3049
2021-01-10,15.772,23.821,14.942,22.1,3988552.3,2021-01-10 23:59:59.999,83038222.6845
2021-01-11,22.095,29.92,16.997,24.083,8622897.4,2021-01-11 23:59:59.999,205501515.9827
2021-01-12,24.09,30.7,22.565,27.102,3858087.2,2021-01-12 23:59:59.999,105253586.0868
2021-01-13,27.102,28.311,24.121,26.93,1431479.0,2021-01-13 23:59:59.999,36749491.9904
2021-01-14,26.938,27.477,24.66,25.189,878379.3,2021-01-14 23:59:59.999,22960524.3193
2021-01-15,25.171,25.994,21.564,23.596,1028772.5,2021-01-15 23:59:59.999,24625642.4039
2021-01-16,23.614,26.983,23.528,24.307,690227.1,2021-01-16 23:59:59.999,17342603.3738
2021-01-17,24.301,29.88,22.852,28.225,870241.6,2021-01-17 23:59:59.999,22566508.9646
2021-01-18,28.221,34.234,28.221,30.572,1270543.6,2021-01-18 23:59:59.999,40024636.8719
2021-01-19,30.572,32.974,28.5,29.293,533170.2,2021-01-19 23:59:59.999,16141178.3883
2021-01-20,29.339,33.248,27.357,31.776,746286.3,2021-01-20 23:59:59.999,22580460.7897
2021-01-21,31.789,33.284,26.978,27.731,625409.4,2021-01-21 23:59:59.999,18565067.6721
2021-01-22,27.715,29.25,24.66,27.562,479841.6,2021-01-22 23:59:59.999,13133918.1876
2021-01-23,27.546,29.784,26.744,27.262,446061.6,2021-01-23 23:59:59.999,12483035.1042
2021-01-24,27.266,29.274,26.55,27.308,397615.4,2021-01-24 23:59:59.999,10996736.3471
2021-01-25,27.348,39.416,26.963,34.685,2373235.9,2021-01-25 23:59:59.999,81923029.6456
2021-01-26,34.735,36.656,30.551,32.874,1070358.7,2021-01-26 23:59:59.999,35755848.9503
2021-01-27,32.842,32.944,28.427,29.232,664751.9,2021-01-27 23:59:59.999,20183086.9399
2021-01-28,29.232,38.2,28.539,35.282,910503.0,2021-01-28 23:59:59.999,31211860.2878
2021-01-29,35.255,36.938,33.057,35.233,508355.6,2021-01-29 23:59:59.999,17599599.2109
2021-01-30,35.18,37.9,32.86,37.082,455102.0,2021-01-30 23:59:59.999,16048926.2009
2021-01-31,37.033,39.89,34.409,35.508,469844.1,2021-01-31 23:59:59.999,17220230.1472
2021-02-01,35.485,38.233,34.222,36.288,345030.1,2021-02-01 23:59:59.999,12548404.1977
2021-02-02,36.299,37.631,34.772,35.766,290023.6,2021-02-02 23:59:59.999,10411966.479
2021-02-03,35.775,35.998,34.549,35.63,319969.6,2021-02-03 23:59:59.999,11283577.0718
2021-02-04,35.682,38.537,34.71,36.639,468728.8,2021-02-04 23:59:59.999,17162264.1064
2021-02-05,36.601,39.372,36.155,38.276,486298.2,2021-02-05 23:59:59.999,18475785.9355
2021-02-06,38.278,38.48,35.2,36.366,364532.6,2021-02-06 23:59:59.999,13333879.1972
2021-02-07,36.384,36.679,31.523,33.741,472984.8,2021-02-07 23:59:59.999,16154895.6918
2021-02-08,33.73,35.8,33.387,34.227,369940.0,2021-02-08 23:59:59.999,12865903.2281
2021-02-09,34.249,45.956,33.832,42.692,919176.7,2021-02-09 23:59:59.999,36638018.8147
2021-02-10,42.748,46.46,38.6,42.547,636490.5,2021-02-10 23:59:59.999,27513744.7797
2021-02-11,42.49,48.932,42.14,47.527,435392.4,2021-02-11 23:59:59.999,19912113.4683
2021-02-12,47.609,48.775,45.49,47.243,344638.5,2021-02-12 23:59:59.999,16278033.6687
2021-02-13,47.282,58.605,47.014,55.027,497871.7,2021-02-13 23:59:59.999,26313669.2988
2021-02-14,55.023,58.0,50.494,53.221,428496.7,2021-02-14 23:59:59.999,23452578.2213
2021-02-15,53.228,56.5,43.527,51.633,528327.7,2021-02-15 23:59:59.999,26662948.4064
2021-02-16,51.676,63.2,49.335,58.282,966930.0,2021-02-16 23:59:59.999,57089127.1724
2021-02-17,58.348,78.446,57.525,73.814,1373150.3,2021-02-17 23:59:59.999,95115104.0163
2021-02-18,73.842,85.1,72.553,81.297,935155.5,2021-02-18 23:59:59.999,75668889.3148
2021-02-19,81.289,83.359,74.737,76.235,542738.2,2021-02-19 23:59:59.999,42580880.4827
2021-02-20,76.3,78.34,64.666,70.151,615290.1,2021-02-20 23:59:59.999,45470981.7302
2021-02-21,70.19,79.378,67.692,71.927,451757.9,2021-02-21 23:59:59.999,33513709.628
2021-02-22,71.884,72.131,50.565,68.525,789395.9,2021-02-22 23:59:59.999,51004328.3812
2021-02-23,68.525,69.747,42.513,53.956,1374615.8,2021-02-23 23:59:59.999,73922616.4777
2021-02-24,53.953,59.785,48.745,52.271,705371.0,2021-02-24 23:59:59.999,38579761.3781
2021-02-25,52.284,58.268,49.156,49.749,491546.3,2021-02-25 23:59:59.999,26063181.0237
2021-02-26,49.88,51.022,43.206,46.201,512624.2,2021-02-26 23:59:59.999,24166122.2655
2021-02-27,46.257,51.77,45.669,46.895,325305.3,2021-02-27 23:59:59.999,15858594.1196
2021-02-28,46.892,47.365,39.103,41.933,435666.5,2021-02-28 23:59:59.999,18457835.6558
2021-03-01,41.962,47.5,41.281,46.739,449845.0,2021-03-01 23:59:59.999,19972736.7161
2021-03-02,46.752,50.695,44.581,47.3,463799.4,2021-03-02 23:59:59.999,22359682.1335
2021-03-03,47.353,50.576,46.457,47.129,350699.8,2021-03-03 23:59:59.999,17067895.7918
2021-03-04,47.109,48.572,43.42,44.283,320807.7,2021-03-04 23:59:59.999,14726383.4557
2021-03-05,44.238,44.479,40.174,43.342,388445.5,2021-03-05 23:59:59.999,16490814.6715
2021-03-06,43.356,44.665,41.217,43.345,219096.8,2021-03-06 23:59:59.999,9445516.2147
2021-03-07,43.353,51.098,43.35,50.369,426449.4,2021-03-07 23:59:59.999,20086211.8827
2021-03-08,50.426,55.434,48.764,50.655,666154.4,2021-03-08 23:59:59.999,34035996.1346
2021-03-09,50.668,53.117,49.429,52.183,452598.6,2021-03-09 23:59:59.999,23194669.3939
2021-03-10,52.211,53.764,48.225,49.236,471681.1,2021-03-10 23:59:59.999,23796846.7068
2021-03-11,49.278,50.519,46.0,48.556,459587.3,2021-03-11 23:59:59.999,22346642.8301
2021-03-12,48.57,49.606,45.253,46.679,462351.8,2021-03-12 23:59:59.999,21954880.877
2021-03-13,46.724,55.171,45.292,54.602,631380.6,2021-03-13 23:59:59.999,32123104.3365
2021-03-14,54.672,59.07,52.543,53.179,970198.4,2021-03-14 23:59:59.999,54173653.6122
2021-03-15,53.111,54.51,47.581,48.969,617254.9,2021-03-15 23:59:59.999,31358189.9039
2021-03-16,49.025,56.985,46.517,55.731,630359.5,2021-03-16 23:59:59.999,32674126.1277
2021-03-17,55.745,56.716,50.7,54.47,573314.4,2021-03-17 23:59:59.999,30742957.7193
2021-03-18,54.478,59.999,53.453,56.777,729673.4,2021-03-18 23:59:59.999,41471113.2149
2021-03-19,56.812,64.5,54.593,59.877,676449.6,2021-03-19 23:59:59.999,40897490.9008
2021-03-20,59.868,64.931,58.868,58.964,413629.9,2021-03-20 23:59:59.999,25776431.0769
2021-03-21,58.982,59.983,55.913,57.982,379040.6,2021-03-21 23:59:59.999,22031170.2905
2021-03-22,57.982,59.575,52.269,53.26,414051.1,2021-03-22 23:59:59.999,23300799.3403
2021-03-23,53.258,54.76,49.863,51.534,400933.8,2021-03-23 23:59:59.999,21022253.0707
2021-03-24,51.515,55.508,44.689,46.591,481860.6,2021-03-24 23:59:59.999,24634804.0586
2021-03-25,46.622,48.11,43.6,45.354,496992.7,2021-03-25 23:59:59.999,22818259.8439
2021-03-26,45.332,50.92,45.332,49.89,381620.2,2021-03-26 23:59:59.999,18447120.8235
2021-03-27,49.927,50.143,46.809,49.103,339053.4,2021-03-27 23:59:59.999,16578134.6378
2021-03-28,49.115,52.517,48.115,50.789,426988.2,2021-03-28 23:59:59.999,21591944.3335
2021-03-29,50.828,55.009,49.741,54.091,622491.6,2021-03-29 23:59:59.999,32750001.573
2021-03-30,54.08,55.0,51.483,52.371,773499.8,2021-03-30 23:59:59.999,40952346.919
2021-03-31,52.399,53.452,47.524,51.396,668566.5,2021-03-31 23:59:59.999,33993621.2968
2021-04-01,51.405,57.166,51.111,56.51,678767.7,2021-04-01 23:59:59.999,36172769.1627
2021-04-02,56.545,64.782,56.512,60.095,1248450.5,2021-04-02 23:59:59.999,76748168.0329
2021-04-03,60.119,61.568,53.527,53.651,641955.7,2021-04-03 23:59:59.999,37194245.8346
2021-04-04,53.635,66.182,52.655,66.0,894152.0,2021-04-04 23:59:59.999,54320008.9627
2021-04-05,65.953,71.665,62.066,67.494,806533.2,2021-04-05 23:59:59.999,53947891.3424
2021-04-06,67.517,69.265,61.121,68.667,714653.7,2021-04-06 23:59:59.999,46808538.8448
2021-04-07,68.736,75.878,62.0,69.215,1327984.9,2021-04-07 23:59:59.999,92547052.602
2021-04-08,69.215,78.0,68.609,73.369,725747.1,2021-04-08 23:59:59.999,53508510.5009
2021-04-09,73.315,76.137,71.148,72.356,498199.2,2021-04-09 23:59:59.999,36557589.2594
2021-04-10,72.355,75.888,70.702,73.287,401766.1,2021-04-10 23:59:59.999,29390566.2461
2021-04-11,73.306,80.008,73.023,75.579,552481.2,2021-04-11 23:59:59.999,42550167.4395
2021-04-12,75.608,78.738,73.789,76.422,410407.6,2021-04-12 23:59:59.999,31248220.436
2021-04-13,76.423,87.061,76.423,85.482,527212.9,2021-04-13 23:59:59.999,42745916.3444
2021-04-14,85.495,89.508,79.316,84.803,515093.9,2021-04-14 23:59:59.999,43614393.2699
2021-04-15,84.825,109.0,83.707,108.952,1101216.7,2021-04-15 23:59:59.999,109365274.982
2021-04-16,108.985,129.426,105.239,126.217,1444943.6,2021-04-16 23:59:59.999,167843468.8493
2021-04-17,126.361,139.244,115.231,116.914,861901.2,2021-04-17 23:59:59.999,110211583.3505
2021-04-18,116.934,118.152,78.0,109.907,1391076.7,2021-04-18 23:59:59.999,142324693.5221
2021-04-19,110.0,112.814,91.64,96.373,720692.4,2021-04-19 23:59:59.999,73391547.4147
2021-04-20,96.415,121.01,84.349,117.857,1294386.6,2021-04-20 23:59:59.999,135662588.0928
2021-04-21,118.025,132.208,107.198,110.736,1359119.0,2021-04-21 23:59:59.999,162975426.7233
2021-04-22,110.833,121.086,99.756,105.842,801159.5,2021-04-22 23:59:59.999,89409212.3565
2021-04-23,105.728,113.14,85.977,112.011,968237.8,2021-04-23 23:59:59.999,98387758.8421
2021-04-24,112.069,112.889,100.263,102.175,502556.3,2021-04-24 23:59:59.999,53527237.5883
2021-04-25,102.189,115.57,101.324,110.397,423951.7,2021-04-25 23:59:59.999,46156462.8403
2021-04-26,110.491,135.616,110.262,133.069,763965.3,2021-04-26 23:59:59.999,95834720.0027
2021-04-27,133.192,139.0,122.488,128.027,495171.1,2021-04-27 23:59:59.999,64579360.0415
2021-04-28,128.026,128.858,116.0,123.531,530373.5,2021-04-28 23:59:59.999,64472407.0256
2021-04-29,123.534,123.976,112.362,119.636,461020.2,2021-04-29 23:59:59.999,54207851.3747
2021-04-30,119.645,123.05,116.494,120.451,380711.2,2021-04-30 23:59:59.999,45682059.582
2021-05-01,120.427,128.265,118.796,125.781,416642.8,2021-05-01 23:59:59.999,51344222.2888
2021-05-02,125.808,127.187,117.721,120.657,328369.5,2021-05-02 23:59:59.999,39873944.9645
2021-05-03,120.683,125.623,115.356,117.167,436356.2,2021-05-03 23:59:59.999,52638111.317
2021-05-04,117.204,117.372,105.259,112.1,559034.5,2021-05-04 23:59:59.999,62454557.1039
2021-05-05,112.1,119.367,110.482,118.433,540231.1,2021-05-05 23:59:59.999,62017827.6803
2021-05-06,118.444,128.894,112.066,127.465,695771.6,2021-05-06 23:59:59.999,83616265.6365
2021-05-07,127.406,147.0,117.668,147.0,681322.9,2021-05-07 23:59:59.999,86392862.8808
2021-05-08,146.975,170.0,139.684,142.951,2135799.5,2021-05-08 23:59:59.999,328937790.5632
2021-05-09,142.913,148.12,134.746,145.476,604686.3,2021-05-09 23:59:59.999,85355787.7577
2021-05-10,145.509,146.704,115.645,128.905,529241.8,2021-05-10 23:59:59.999,71454161.9994
2021-05-11,128.832,147.509,124.6,146.634,601832.4,2021-05-11 23:59:59.999,83335268.9146
2021-05-12,146.648,159.0,130.598,132.028,755133.4,2021-05-12 23:59:59.999,112590558.695
2021-05-13,131.809,159.084,122.169,137.266,884513.5,2021-05-13 23:59:59.999,123303353.0216
2021-05-14,137.247,149.769,132.734,148.518,403303.7,2021-05-14 23:59:59.999,56310400.7419
2021-05-15,148.518,150.255,126.0,127.455,477962.8,2021-05-15 23:59:59.999,65734840.7028
2021-05-16,127.599,136.985,117.555,125.87,438809.3,2021-05-16 23:59:59.999,56145299.9477
2021-05-17,125.752,125.947,109.665,114.813,632673.4,2021-05-17 23:59:59.999,74198786.6111
2021-05-18,114.869,123.158,110.144,115.183,472321.4,2021-05-18 23:59:59.999,55108259.7775
2021-05-19,115.108,117.858,44.643,72.397,1231822.5,2021-05-19 23:59:59.999,108898738.2931
2021-05-20,72.579,90.996,63.561,84.157,923146.4,2021-05-20 23:59:59.999,73727681.3427
2021-05-21,84.163,108.746,76.966,100.896,1937007.4,2021-05-21 23:59:59.999,183540504.0569
2021-05-22,100.971,107.936,85.769,91.23,1913214.9,2021-05-22 23:59:59.999,180508077.4267
2021-05-23,91.265,94.874,59.736,72.143,1557411.7,2021-05-23 23:59:59.999,116636053.0529
2021-05-24,72.146,109.7,70.719,106.766,1133072.2,2021-05-24 23:59:59.999,101427290.5505
2021-05-25,106.828,111.928,86.205,99.51,995009.3,2021-05-25 23:59:59.999,95910414.9571
2021-05-26,99.555,108.821,95.03,108.755,618973.6,2021-05-26 23:59:59.999,62227639.4621
2021-05-27,108.768,108.894,95.009,103.615,542334.8,2021-05-27 23:59:59.999,54777156.5298
2021-05-28,103.665,105.323,87.035,99.2,722336.3,2021-05-28 23:59:59.999,69610139.0002
2021-05-29,99.2,123.848,96.511,121.803,2289963.5,2021-05-29 23:59:59.999,255568585.5167
2021-05-30,121.803,124.353,105.208,106.246,1233334.3,2021-05-30 23:59:59.999,138186226.3971
2021-05-31,106.258,108.894,99.948,107.54,734474.6,2021-05-31 23:59:59.999,77217225.263
2021-06-01,107.539,111.996,103.022,105.493,491903.7,2021-06-01 23:59:59.999,52512074.8151
2021-06-02,105.519,115.0,102.872,109.226,381211.6,2021-06-02 23:59:59.999,41369250.5685
2021-06-03,109.227,116.988,108.714,113.059,421174.5,2021-06-03 23:59:59.999,47218184.7144
2021-06-04,113.093,113.211,99.347,103.487,490841.9,2021-06-04 23:59:59.999,51130319.167
2021-06-05,103.499,107.8,93.601,98.51,466564.2,2021-06-05 23:59:59.999,47038525.1766
2021-06-06,98.522,99.906,94.07,96.86,322193.7,2021-06-06 23:59:59.999,31303389.557
2021-06-07,96.842,99.712,85.807,86.443,482295.1,2021-06-07 23:59:59.999,45694298.559
2021-06-08,86.385,89.053,73.173,82.894,728326.8,2021-06-08 23:59:59.999,59570073.4319
2021-06-09,82.917,92.573,76.428,92.573,600848.6,2021-06-09 23:59:59.999,50323637.108
2021-06-10,92.555,93.288,84.5,87.055,469856.7,2021-06-10 23:59:59.999,41810548.2492
2021-06-11,87.081,87.885,78.07,79.413,383333.6,2021-06-11 23:59:59.999,31858793.3919
2021-06-12,79.439,83.836,72.153,78.625,655292.3,2021-06-12 23:59:59.999,51465315.2307
2021-06-13,78.629,85.0,76.242,83.758,414485.5,2021-06-13 23:59:59.999,33017917.3164
2021-06-14,83.771,85.829,81.107,84.64,262743.5,2021-06-14 23:59:59.999,21903764.4105
2021-06-15,84.635,87.658,81.0,85.729,286825.9,2021-06-15 23:59:59.999,24108407.2865
2021-06-16,85.729,92.92,81.439,89.573,680289.0,2021-06-16 23:59:59.999,59495376.9531
2021-06-17,89.563,92.729,83.084,85.798,433132.1,2021-06-17 23:59:59.999,38119233.5583
2021-06-18,85.843,85.843,77.813,81.139,378423.2,2021-06-18 23:59:59.999,30996472.5746
2021-06-19,81.138,83.828,77.85,79.453,359103.8,2021-06-19 23:59:59.999,29131976.2373
2021-06-20,79.493,80.643,72.535,78.104,333379.5,2021-06-20 23:59:59.999,25667300.6127
2021-06-21,78.11,78.852,55.779,56.212,678302.5,2021-06-21 23:59:59.999,45015788.8981
2021-06-22,56.208,63.711,47.329,55.124,1266958.0,2021-06-22 23:59:59.999,71083265.8182
2021-06-23,55.145,68.339,52.487,67.481,1046885.1,2021-06-23 23:59:59.999,65338664.1632
2021-06-24,67.51,68.253,62.304,64.332,603735.4,2021-06-24 23:59:59.999,39149000.7244
2021-06-25,64.312,66.9,55.6,56.696,618191.8,2021-06-25 23:59:59.999,37272985.4439
2021-06-26,56.692,59.14,51.949,56.257,655077.1,2021-06-26 23:59:59.999,35989500.8686
2021-06-27,56.269,59.803,54.68,59.756,465565.3,2021-06-27 23:59:59.999,26410527.6397
2021-06-28,59.749,64.269,58.421,62.283,479243.8,2021-06-28 23:59:59.999,29095621.7651
2021-06-29,62.223,70.744,61.908,66.845,664101.1,2021-06-29 23:59:59.999,43875545.2434
2021-06-30,66.832,72.64,61.614,68.034,890543.2,2021-06-30 23:59:59.999,59709293.9294
2021-07-01,68.068,68.079,60.92,61.995,536948.4,2021-07-01 23:59:59.999,34079264.1708
2021-07-02,61.994,64.012,57.761,62.271,419449.2,2021-07-02 23:59:59.999,25327778.3056
2021-07-03,62.281,67.899,61.0,66.598,380230.2,2021-07-03 23:59:59.999,24684446.117
2021-07-04,66.598,69.716,64.433,67.209,342874.3,2021-07-04 23:59:59.999,23167415.4013
2021-07-05,67.202,68.502,61.882,63.09,389773.6,2021-07-05 23:59:59.999,25156925.1248
2021-07-06,63.093,67.865,62.887,67.559,370832.1,2021-07-06 23:59:59.999,24145438.8521
2021-07-07,67.564,69.96,63.875,64.347,437960.5,2021-07-07 23:59:59.999,29472865.6728
2021-07-08,64.342,64.823,58.034,59.714,442273.0,2021-07-08 23:59:59.999,26978712.952
2021-07-09,59.739,62.343,56.463,60.94,402430.3,2021-07-09 23:59:59.999,23912358.4905
2021-07-10,60.924,62.496,57.102,58.736,256288.6,2021-07-10 23:59:59.999,15287454.1325
2021-07-11,58.736,62.097,57.741,60.757,330587.5,2021-07-11 23:59:59.999,19825162.181
2021-07-12,60.788,62.582,57.705,59.208,275193.8,2021-07-12 23:59:59.999,16571022.0373
2021-07-13,59.21,59.836,55.454,57.681,294839.7,2021-07-13 23:59:59.999,16964029.3461
2021-07-14,57.682,57.887,52.927,57.12,323569.9,2021-07-14 23:59:59.999,17955346.8333
2021-07-15,57.098,58.28,52.35,53.044,283904.6,2021-07-15 23:59:59.999,15526308.1518
2021-07-16,53.05,54.458,50.224,50.945,300714.0,2021-07-16 23:59:59.999,15747376.0703
2021-07-17,50.916,51.85,48.823,49.654,332412.9,2021-07-17 23:59:59.999,16638784.8612
2021-07-18,49.677,51.981,48.85,50.451,206918.3,2021-07-18 23:59:59.999,10460040.7887
2021-07-19,50.443,51.788,45.351,45.765,824258.9,2021-07-19 23:59:59.999,39962463.7346
2021-07-20,45.779,47.124,40.81,43.582,799216.7,2021-07-20 23:59:59.999,34694889.7523
2021-07-21,43.595,49.463,41.942,49.37,538850.6,2021-07-21 23:59:59.999,24877774.1855
2021-07-22,49.362,50.904,46.8,48.447,595020.0,2021-07-22 23:59:59.999,29090936.2377
2021-07-23,48.448,51.646,47.411,50.687,570574.5,2021-07-23 23:59:59.999,28143283.0122
2021-07-24,50.684,54.699,50.175,52.137,601162.2,2021-07-24 23:59:59.999,31284611.072
2021-07-25,52.176,53.906,48.8,51.624,523301.0,2021-07-25 23:59:59.999,26826130.5005
2021-07-26,51.629,61.945,51.521,54.841,851832.6,2021-07-26 23:59:59.999,48596968.9304
2021-07-27,54.835,56.592,52.071,55.301,518929.4,2021-07-27 23:59:59.999,28200174.5986
2021-07-28,55.298,58.297,54.355,56.43,555719.4,2021-07-28 23:59:59.999,31353237.1737
2021-07-29,56.408,57.019,54.057,56.771,402075.2,2021-07-29 23:59:59.999,22250474.5874
2021-07-30,56.77,58.324,53.49,57.498,428595.2,2021-07-30 23:59:59.999,23862866.5533
2021-07-31,57.49,59.351,55.643,58.675,418161.0,2021-07-31 23:59:59.999,24056258.4481
2021-08-01,58.662,61.544,55.322,55.959,456667.8,2021-08-01 23:59:59.999,26977596.1048
2021-08-02,55.966,58.438,55.536,57.277,360324.1,2021-08-02 23:59:59.999,20572558.0639
2021-08-03,57.277,58.747,54.736,58.115,352967.4,2021-08-03 23:59:59.999,19986552.4477
2021-08-04,58.133,60.735,57.354,60.094,298958.9,2021-08-04 23:59:59.999,17680991.7605
2021-08-05,60.083,66.3,59.185,64.657,691450.3,2021-08-05 23:59:59.999,43790502.3567
2021-08-06,64.681,66.999,62.815,65.447,423680.7,2021-08-06 23:59:59.999,27311939.5291
2021-08-07,65.445,68.371,64.341,67.477,432546.5,2021-08-07 23:59:59.999,28894300.3583
2021-08-08,67.433,69.739,61.852,63.121,592418.7,2021-08-08 23:59:59.999,39231016.3699
2021-08-09,63.117,67.35,60.864,66.391,399115.9,2021-08-09 23:59:59.999,25900084.8292
2021-08-10,66.354,74.075,65.2,70.697,591747.3,2021-08-10 23:59:59.999,41255661.8795
2021-08-11,70.725,75.298,69.968,71.545,513810.2,2021-08-11 23:59:59.999,37125975.3485
2021-08-12,71.511,77.179,65.87,68.268,608179.8,2021-08-12 23:59:59.999,42979558.3887
2021-08-13,68.287,75.785,67.449,75.512,431873.1,2021-08-13 23:59:59.999,31001495.8264
2021-08-14,75.517,75.883,69.756,72.064,420422.5,2021-08-14 23:59:59.999,30463416.3927
2021-08-15,72.049,74.161,68.732,72.751,466793.5,2021-08-15 23:59:59.999,33237127.5842
2021-08-16,72.762,76.522,72.168,73.283,583061.9,2021-08-16 23:59:59.999,43306611.6947
2021-08-17,73.305,78.993,68.359,68.92,979420.8,2021-08-17 23:59:59.999,73192678.083
2021-08-18,68.915,70.133,62.855,66.994,724212.1,2021-08-18 23:59:59.999,48870292.986
2021-08-19,66.977,74.232,64.389,72.655,593174.2,2021-08-19 23:59:59.999,40489291.7055
2021-08-20,72.655,75.803,70.915,75.447,484440.5,2021-08-20 23:59:59.999,35634866.6117
2021-08-21,75.483,78.117,71.186,77.149,649186.7,2021-08-21 23:59:59.999,48457399.2529
2021-08-22,77.165,78.216,72.0,75.2,494999.3,2021-08-22 23:59:59.999,37191053.3823
2021-08-23,75.208,81.409,75.064,79.834,591552.3,2021-08-23 23:59:59.999,46405865.9341
2021-08-24,79.854,82.717,74.129,80.03,747101.9,2021-08-24 23:59:59.999,58514846.8061
2021-08-25,80.04,91.858,79.485,84.524,1727254.9,2021-08-25 23:59:59.999,147258777.6153
2021-08-26,84.521,85.748,77.191,80.113,752221.8,2021-08-26 23:59:59.999,60551076.5472
2021-08-27,80.1,87.062,76.774,86.661,770880.4,2021-08-27 23:59:59.999,63498003.3148
2021-08-28,86.77,89.214,82.442,83.384,563506.5,2021-08-28 23:59:59.999,48213613.1238
2021-08-29,83.416,90.201,81.275,88.117,652699.2,2021-08-29 23:59:59.999,56204413.1031
2021-08-30,88.117,93.129,86.0,87.536,977715.0,2021-08-30 23:59:59.999,87982785.4016
2021-08-31,87.525,94.084,84.45,92.267,767301.1,2021-08-31 23:59:59.999,68555756.0398
2021-09-01,92.259,94.665,88.778,92.689,521311.6,2021-09-01 23:59:59.999,47465162.5705
2021-09-02,92.708,95.738,90.7,92.782,514745.3,2021-09-02 23:59:59.999,47938186.5442
2021-09-03,92.802,106.193,91.506,105.593,915795.5,2021-09-03 23:59:59.999,91900904.0198
2021-09-04,105.583,108.997,101.24,103.286,630282.3,2021-09-04 23:59:59.999,66276261.2617
2021-09-05,103.302,110.389,102.393,108.334,447511.5,2021-09-05 23:59:59.999,47425666.7858
2021-09-06,108.331,111.135,103.543,105.723,437328.3,2021-09-06 23:59:59.999,46854222.0378
2021-09-07,105.717,105.918,63.683,82.219,1204468.4,2021-09-07 23:59:59.999,107596254.9394
2021-09-08,82.219,83.938,71.408,80.912,890895.7,2021-09-08 23:59:59.999,70374203.5901
2021-09-09,80.87,88.544,78.195,88.424,555126.9,2021-09-09 23:59:59.999,45907065.3038
2021-09-10,88.424,88.953,76.619,79.275,473283.4,2021-09-10 23:59:59.999,39073722.0108
2021-09-11,79.271,84.931,77.785,80.74,328625.5,2021-09-11 23:59:59.999,26747761.8786
2021-09-12,80.751,85.64,79.329,84.378,293000.9,2021-09-12 23:59:59.999,24419375.6249
2021-09-13,84.404,85.572,74.077,80.495,395969.1,2021-09-13 23:59:59.999,31557220.8755
2021-09-14,80.502,85.562,79.492,85.418,302581.1,2021-09-14 23:59:59.999,24973921.6879
2021-09-15,85.419,123.957,83.932,108.615,1575810.2,2021-09-15 23:59:59.999,161702363.2255
2021-09-16,108.668,115.0,98.0,102.823,2494266.5,2021-09-16 23:59:59.999,263978668.3753
2021-09-17,102.83,103.132,92.894,94.132,896330.1,2021-09-17 23:59:59.999,87749578.856
2021-09-18,94.156,98.337,92.493,95.694,429689.8,2021-09-18 23:59:59.999,41276027.8011
2021-09-19,95.655,95.914,90.873,92.791,361838.4,2021-09-19 23:59:59.999,33870686.8756
2021-09-20,92.746,92.947,75.035,76.248,763052.0,2021-09-20 23:59:59.999,62371599.4074
2021-09-21,76.222,79.098,67.253,68.604,832598.0,2021-09-21 23:59:59.999,61832136.2819
2021-09-22,68.602,79.176,67.049,78.774,622697.9,2021-09-22 23:59:59.999,45689400.4837
2021-09-23,78.734,79.47,73.86,78.239,542447.1,2021-09-23 23:59:59.999,41690111.7622
2021-09-24,78.239,78.748,64.151,67.927,937216.0,2021-09-24 23:59:59.999,65591555.423
2021-09-25,67.923,69.668,64.859,67.53,612230.4,2021-09-25 23:59:59.999,41348674.5161
2021-09-26,67.545,70.0,60.706,65.976,938086.2,2021-09-26 23:59:59.999,61758296.4458
2021-09-27,65.976,70.706,64.59,65.289,643209.7,2021-09-27 23:59:59.999,43618719.2946
2021-09-28,65.284,67.535,62.404,63.11,698389.4,2021-09-28 23:59:59.999,45489029.5443
2021-09-29,63.083,67.54,62.847,65.024,478223.5,2021-09-29 23:59:59.999,31351327.2623
2021-09-30,65.038,69.839,64.671,69.117,532613.2,2021-09-30 23:59:59.999,36423835.7749
2021-10-01,69.13,75.481,68.103,75.401,651070.1,2021-10-01 23:59:59.999,46965856.3789
2021-10-02,75.41,78.236,73.001,75.114,363860.8,2021-10-02 23:59:59.999,27450451.6728
2021-10-03,75.124,80.552,73.373,77.893,433329.8,2021-10-03 23:59:59.999,33562685.0355
2021-10-04,77.885,77.937,71.516,75.341,478602.2,2021-10-04 23:59:59.999,35776794.8003
2021-10-05,75.342,78.936,74.202,78.19,377222.0,2021-10-05 23:59:59.999,28748306.8038
2021-10-06,78.223,82.98,71.063,79.043,727104.0,2021-10-06 23:59:59.999,55843329.4699
2021-10-07,79.029,81.66,75.381,78.694,616459.1,2021-10-07 23:59:59.999,48539674.5956
2021-10-08,78.717,86.364,77.586,78.234,780661.5,2021-10-08 23:59:59.999,63025142.0239
2021-10-09,78.246,81.896,77.276,80.321,487783.1,2021-10-09 23:59:59.999,38811005.3184
2021-10-10,80.325,80.411,73.804,74.368,341203.0,2021-10-10 23:59:59.999,26584739.6242
2021-10-11,74.376,78.1,72.4,74.695,411602.2,2021-10-11 23:59:59.999,31049488.2106
2021-10-12,74.679,74.679,68.904,72.596,563381.7,2021-10-12 23:59:59.999,40340250.7564
2021-10-13,72.597,73.457,69.728,73.285,407834.0,2021-10-13 23:59:59.999,29236960.1525
2021-10-14,73.285,79.56,72.466,77.962,639704.1,2021-10-14 23:59:59.999,48789403.1446
2021-10-15,77.998,79.873,74.0,78.862,544073.7,2021-10-15 23:59:59.999,41747609.5815
2021-10-16,78.851,82.944,78.159,78.905,417085.7,2021-10-16 23:59:59.999,33516669.073
2021-10-17,78.905,79.357,73.05,79.109,392025.1,2021-10-17 23:59:59.999,30064135.945
2021-10-18,79.132,82.22,75.919,78.948,786386.6,2021-10-18 23:59:59.999,62011631.6513
2021-10-19,78.94,84.101,76.553,77.882,698515.6,2021-10-19 23:59:59.999,56409061.189
2021-10-20,77.876,83.915,77.557,83.097,599149.4,2021-10-20 23:59:59.999,48306465.8077
2021-10-21,83.081,87.231,80.633,86.41,737805.2,2021-10-21 23:59:59.999,62459207.142
2021-10-22,86.41,88.865,84.54,87.653,491062.5,2021-10-22 23:59:59.999,42613510.6483
2021-10-23,87.641,91.965,86.53,89.211,602993.3,2021-10-23 23:59:59.999,54223204.1037
2021-10-24,89.212,94.9,88.256,91.303,634684.3,2021-10-24 23:59:59.999,58239633.5675
2021-10-25,91.303,93.579,88.718,89.631,368047.3,2021-10-25 23:59:59.999,33506350.6263
2021-10-26,89.644,89.722,83.498,85.305,600840.6,2021-10-26 23:59:59.999,51962861.3861
2021-10-27,85.316,86.464,66.194,74.262,912754.1,2021-10-27 23:59:59.999,70248842.4318
2021-10-28,74.201,77.087,71.876,76.144,534283.9,2021-10-28 23:59:59.999,40017740.2773
2021-10-29,76.143,79.503,75.187,78.737,410171.0,2021-10-29 23:59:59.999,31840153.8054
2021-10-30,78.733,78.931,74.375,78.159,413733.2,2021-10-30 23:59:59.999,31686935.1139
2021-10-31,78.146,128.793,77.724,88.033,7034571.5,2021-10-31 23:59:59.999,731005972.9265
2021-11-01,88.033,89.971,81.639,86.872,1564211.4,2021-11-01 23:59:59.999,134492925.1232
2021-11-02,86.826,91.32,84.87,85.431,867212.6,2021-11-02 23:59:59.999,75924374.5657
2021-11-03,85.461,87.06,80.5,86.177,691344.0,2021-11-03 23:59:59.999,58346377.8616
2021-11-04,86.199,91.162,81.682,84.769,792844.0,2021-11-04 23:59:59.999,68334576.0056
2021-11-05,84.733,88.817,83.257,85.526,542216.1,2021-11-05 23:59:59.999,46618931.9301
2021-11-06,85.557,87.29,80.0,83.349,362320.4,2021-11-06 23:59:59.999,30232589.4012
2021-11-07,83.358,89.5,82.303,84.73,330658.2,2021-11-07 23:59:59.999,27664981.5067
2021-11-08,84.71,94.58,83.679,91.178,1288324.9,2021-11-08 23:59:59.999,115100074.2518
2021-11-09,91.155,109.898,89.897,103.339,2099971.5,2021-11-09 23:59:59.999,211456503.2137
2021-11-10,103.414,104.349,83.919,92.974,1466340.5,2021-11-10 23:59:59.999,142266619.0787
2021-11-11,92.966,113.866,90.313,105.353,1987490.5,2021-11-11 23:59:59.999,208201291.6059
2021-11-12,105.354,107.763,94.39,100.226,1070258.4,2021-11-12 23:59:59.999,107746062.9274
2021-11-13,100.162,103.978,93.869,95.921,684076.0,2021-11-13 23:59:59.999,68251480.6864
2021-11-14,95.883,96.855,92.478,95.987,454797.2,2021-11-14 23:59:59.999,43189691.535
2021-11-15,96.002,98.71,91.956,93.998,565280.2,2021-11-15 23:59:59.999,53761154.8083
2021-11-16,94.001,94.018,79.0,83.881,1006862.1,2021-11-16 23:59:59.999,87223837.8099
2021-11-17,83.896,86.558,80.076,86.468,621258.7,2021-11-17 23:59:59.999,51749331.6477
2021-11-18,86.458,92.758,80.939,82.566,1061413.3,2021-11-18 23:59:59.999,91936123.543
2021-11-19,82.55,90.854,80.172,89.274,725796.2,2021-11-19 23:59:59.999,62708409.1917
2021-11-20,89.242,98.342,89.046,95.591,963765.3,2021-11-20 23:59:59.999,91329692.0264
2021-11-21,95.592,114.732,93.849,113.934,1189581.7,2021-11-21 23:59:59.999,123963422.9077
2021-11-22,114.02,114.63,99.406,102.42,1167280.2,2021-11-22 23:59:59.999,122273877.5544
2021-11-23,102.413,112.783,100.0,110.016,1095233.3,2021-11-23 23:59:59.999,118156086.3692
2021-11-24,110.039,129.458,109.379,126.88,1866998.9,2021-11-24 23:59:59.999,222066183.1941
2021-11-25,126.882,133.789,117.383,133.026,950467.4,2021-11-25 23:59:59.999,117341310.8412
2021-11-26,133.029,138.366,103.11,104.676,1501685.3,2021-11-26 23:59:59.999,174132127.5655
2021-11-27,104.675,115.078,103.401,107.187,811275.2,2021-11-27 23:59:59.999,89160037.3413
2021-11-28,107.187,110.607,96.759,107.359,736004.0,2021-11-28 23:59:59.999,75973519.4326
2021-11-29,107.346,117.451,105.38,116.96,710597.7,2021-11-29 23:59:59.999,78900303.9742
2021-11-30,116.961,124.358,110.646,116.614,1342099.3,2021-11-30 23:59:59.999,157089732.9741
2021-12-01,116.578,118.785,106.403,107.829,731201.8,2021-12-01 23:59:59.999,82707269.068
2021-12-02,107.822,107.927,100.015,102.205,700308.2,2021-12-02 23:59:59.999,71984456.3114
2021-12-03,102.172,110.331,87.976,93.874,1036313.0,2021-12-03 23:59:59.999,102807822.9297
2021-12-04,93.827,93.933,55.0,79.964,1717522.4,2021-12-04 23:59:59.999,130206643.7214
2021-12-05,79.979,82.93,69.892,72.806,883783.9,2021-12-05 23:59:59.999,67074337.3974
2021-12-06,72.832,74.596,64.301,73.94,1025326.8,2021-12-06 23:59:59.999,70842327.4785
2021-12-07,73.965,79.394,72.059,73.782,985103.8,2021-12-07 23:59:59.999,74416695.13
2021-12-08,73.78,78.155,70.773,76.451,765133.0,2021-12-08 23:59:59.999,57059909.5677
2021-12-09,76.482,76.843,67.306,67.793,708024.6,2021-12-09 23:59:59.999,50493535.6368
2021-12-10,67.766,71.293,65.198,65.359,752908.7,2021-12-10 23:59:59.999,51656297.2273
2021-12-11,65.377,68.837,63.88,68.55,463461.2,2021-12-11 23:59:59.999,31123631.1476
2021-12-12,68.561,70.47,66.377,68.831,422880.0,2021-12-12 23:59:59.999,28896192.4632
2021-12-13,68.842,69.435,58.553,59.453,866764.0,2021-12-13 23:59:59.999,54581208.6796
2021-12-14,59.436,61.318,57.528,60.226,762894.0,2021-12-14 23:59:59.999,45335887.0018
2021-12-15,60.228,68.894,57.028,66.836,919738.3,2021-12-15 23:59:59.999,57034126.3299
2021-12-16,66.835,72.41,66.301,67.613,1330448.3,2021-12-16 23:59:59.999,92473819.4841
2021-12-17,67.613,69.701,63.781,65.872,679604.0,2021-12-17 23:59:59.999,45446639.3265
2021-12-18,65.874,68.206,64.487,65.392,348810.0,2021-12-18 23:59:59.999,23170757.0515
2021-12-19,65.396,69.634,64.65,65.552,497599.5,2021-12-19 23:59:59.999,33191244.5653
2021-12-20,65.533,65.727,59.523,61.486,605810.1,2021-12-20 23:59:59.999,37693208.1667
2021-12-21,61.5,64.396,60.618,64.207,453574.4,2021-12-21 23:59:59.999,28435557.4066
2021-12-22,64.207,70.632,64.007,68.103,597655.7,2021-12-22 23:59:59.999,40476346.1979
2021-12-23,68.097,72.775,65.484,72.516,483593.9,2021-12-23 23:59:59.999,33271355.5445
2021-12-24,72.54,76.0,68.555,70.558,570606.8,2021-12-24 23:59:59.999,40994418.2889
2021-12-25,70.602,72.467,69.762,70.75,323476.6,2021-12-25 23:59:59.999,23018575.2137
2021-12-26,70.756,71.402,66.95,70.253,429573.8,2021-12-26 23:59:59.999,29619812.352
2021-12-27,70.293,74.262,70.056,70.753,461394.7,2021-12-27 23:59:59.999,33261932.3805
2021-12-28,70.752,70.779,62.67,63.344,690397.4,2021-12-28 23:59:59.999,45604545.4176
2021-12-29,63.348,64.521,60.0,61.883,592703.2,2021-12-29 23:59:59.999,36891920.1492
2021-12-30,61.883,63.438,59.865,61.524,437067.1,2021-12-30 23:59:59.999,26978230.0654
2021-12-31,61.522,65.072,59.125,60.431,466426.0,2021-12-31 23:59:59.999,29101941.2078
2022-01-01,60.454,64.18,60.422,63.926,310878.5,2022-01-01 23:59:59.999,19324594.4283
2022-01-02,63.94,65.459,62.06,65.096,300166.2,2022-01-02 23:59:59.999,19179815.1168
2022-01-03,65.088,66.725,61.84,63.473,389757.4,2022-01-03 23:59:59.999,25202858.3811
2022-01-04,63.485,66.89,61.85,64.44,341023.4,2022-01-04 23:59:59.999,22019530.5935
2022-01-05,64.442,69.659,57.0,60.293,617592.4,2022-01-05 23:59:59.999,40429280.079
2022-01-06,60.354,60.83,56.271,57.705,569457.8,2022-01-06 23:59:59.999,32993185.2289
2022-01-07,57.703,58.099,52.0,55.522,918354.7,2022-01-07 23:59:59.999,50430468.0623
2022-01-08,55.538,58.569,51.331,54.199,766143.5,2022-01-08 23:59:59.999,42407113.0048
2022-01-09,54.241,58.179,54.129,55.995,679469.0,2022-01-09 23:59:59.999,38087035.2109
2022-01-10,55.961,58.0,51.013,53.287,731386.7,2022-01-10 23:59:59.999,39864646.176
2022-01-11,53.277,58.349,52.657,56.246,1090287.0,2022-01-11 23:59:59.999,61073150.3274
2022-01-12,56.25,60.25,55.907,59.228,598322.3,2022-01-12 23:59:59.999,34883644.9005
2022-01-13,59.239,59.93,55.821,56.017,535208.1,2022-01-13 23:59:59.999,31012774.5164
2022-01-14,56.001,56.496,52.296,53.777,810449.2,2022-01-14 23:59:59.999,43820578.6412
2022-01-15,53.785,55.653,53.372,55.085,479794.6,2022-01-15 23:59:59.999,26108332.6556
2022-01-16,55.083,55.954,53.705,55.233,389212.4,2022-01-16 23:59:59.999,21363811.0882
2022-01-17,55.242,55.493,51.991,53.242,449459.6,2022-01-17 23:59:59.999,24012612.9998
2022-01-18,53.237,54.078,50.8,52.194,651568.3,2022-01-18 23:59:59.999,33958174.1571
2022-01-19,52.196,52.401,48.992,49.795,577989.2,2022-01-19 23:59:59.999,29190317.3207
2022-01-20,49.782,52.608,47.195,47.506,494419.1,2022-01-20 23:59:59.999,24920178.3735
2022-01-21,47.491,47.809,37.528,38.864,1191043.0,2022-01-21 23:59:59.999,50845472.3634
2022-01-22,38.836,39.722,30.346,35.271,1173063.5,2022-01-22 23:59:59.999,41218654.2347
2022-01-23,35.286,37.183,33.689,35.633,703194.0,2022-01-23 23:59:59.999,24894729.0494
2022-01-24,35.618,35.619,30.0,34.128,904001.8,2022-01-24 23:59:59.999,29352529.7333
2022-01-25,34.145,36.199,33.304,34.926,793563.4,2022-01-25 23:59:59.999,27483557.6072
2022-01-26,34.923,40.985,34.438,36.661,1439593.7,2022-01-26 23:59:59.999,54056542.833
2022-01-27,36.659,38.63,34.147,36.735,1450054.1,2022-01-27 23:59:59.999,53074269.6108
2022-01-28,36.732,39.542,36.091,38.855,2205180.6,2022-01-28 23:59:59.999,83648018.8573
2022-01-29,38.854,43.7,38.689,41.522,2807433.5,2022-01-29 23:59:59.999,117744410.1225
2022-01-30,41.523,42.964,39.4,40.23,831035.9,2022-01-30 23:59:59.999,34354650.1457
2022-01-31,40.232,41.419,38.141,40.926,925105.4,2022-01-31 23:59:59.999,36872275.7297
2022-02-01,40.914,41.542,38.729,39.141,721806.9,2022-02-01 23:59:59.999,28829193.189
2022-02-02,39.114,39.9,37.784,38.049,785209.2,2022-02-02 23:59:59.999,30557000.2365
2022-02-03,38.067,38.797,36.477,38.674,737147.3,2022-02-03 23:59:59.999,27783904.783
2022-02-04,38.662,43.2,38.367,43.123,707388.8,2022-02-04 23:59:59.999,28299382.7022
2022-02-05,43.137,47.38,42.824,45.531,959923.9,2022-02-05 23:59:59.999,44005059.1252
2022-02-06,45.554,48.162,44.043,47.47,564372.2,2022-02-06 23:59:59.999,25901749.1207
2022-02-07,47.468,49.755,46.084,48.041,607998.8,2022-02-07 23:59:59.999,29113447.4959
2022-02-08,48.06,48.776,44.152,47.617,722861.8,2022-02-08 23:59:59.999,33354809.7934
2022-02-09,47.627,48.862,46.245,47.914,553830.6,2022-02-09 23:59:59.999,26334038.9273
2022-02-10,47.914,48.834,44.824,45.044,864505.6,2022-02-10 23:59:59.999,40960821.7517
2022-02-11,45.076,45.097,39.389,40.243,733627.6,2022-02-11 23:59:59.999,31670549.6613
2022-02-12,40.24,42.229,38.675,40.97,475533.6,2022-02-12 23:59:59.999,19311473.3448
2022-02-13,40.97,41.824,39.268,40.154,345744.4,2022-02-13 23:59:59.999,14091793.7934
2022-02-14,40.149,41.439,38.8,41.238,390561.0,2022-02-14 23:59:59.999,15730141.4666
2022-02-15,41.24,43.863,41.223,43.071,516344.6,2022-02-15 23:59:59.999,22151179.1428
2022-02-16,43.058,43.098,40.022,40.459,793769.8,2022-02-16 23:59:59.999,32599773.9017
2022-02-17,40.467,40.799,36.157,36.749,984023.6,2022-02-17 23:59:59.999,38053797.3451
2022-02-18,36.761,38.949,36.376,36.997,893175.2,2022-02-18 23:59:59.999,33849497.5612
2022-02-19,36.989,38.639,36.083,38.023,489343.5,2022-02-19 23:59:59.999,18388838.3449
2022-02-20,38.021,38.056,34.245,34.621,514887.4,2022-02-20 23:59:59.999,18336468.8994
2022-02-21,34.638,36.419,31.788,32.044,827151.4,2022-02-21 23:59:59.999,28406196.6187
2022-02-22,32.035,35.658,30.83,35.253,1405073.6,2022-02-22 23:59:59.999,47949557.2396
2022-02-23,35.248,35.94,32.737,32.871,1156621.8,2022-02-23 23:59:59.999,40284762.0117
2022-02-24,32.858,34.385,28.9,34.081,1248482.3,2022-02-24 23:59:59.999,38706634.8775
2022-02-25,34.089,35.269,33.14,34.733,775751.4,2022-02-25 23:59:59.999,26701673.4198
2022-02-26,34.736,35.809,32.846,33.257,855253.3,2022-02-26 23:59:59.999,29034520.3101
2022-02-27,33.271,35.23,31.791,32.59,1134210.4,2022-02-27 23:59:59.999,38045923.2501
2022-02-28,32.58,38.302,31.942,37.915,1676942.0,2022-02-28 23:59:59.999,59550036.4582
2022-03-01,37.908,40.471,37.894,39.315,926565.7,2022-03-01 23:59:59.999,36186568.7731
2022-03-02,39.32,40.17,37.619,38.944,656027.8,2022-03-02 23:59:59.999,25515532.7655
2022-03-03,38.941,39.355,36.8,38.226,459326.5,2022-03-03 23:59:59.999,17551216.9834
2022-03-04,38.224,38.318,33.167,33.585,629186.5,2022-03-04 23:59:59.999,22529541.6348
2022-03-05,33.586,35.136,32.973,34.646,419744.1,2022-03-05 23:59:59.999,14246519.0785
2022-03-06,34.649,34.839,32.602,33.299,365925.7,2022-03-06 23:59:59.999,12346090.3742
2022-03-07,33.3,34.86,32.39,33.617,589760.8,2022-03-07 23:59:59.999,19672393.2208
2022-03-08,33.628,39.93,33.458,39.801,1144788.6,2022-03-08 23:59:59.999,41172339.7516
2022-03-09,39.814,42.526,38.705,41.618,2208360.3,2022-03-09 23:59:59.999,89736400.633
2022-03-10,41.619,42.738,37.805,42.195,1554654.4,2022-03-10 23:59:59.999,62074350.2066
2022-03-11,42.211,43.19,37.284,37.773,2151025.1,2022-03-11 23:59:59.999,86762842.5671
2022-03-12,37.772,38.691,36.323,37.531,1073708.5,2022-03-12 23:59:59.999,40053378.3937
2022-03-13,37.533,38.981,35.61,36.18,846249.3,2022-03-13 23:59:59.999,31760015.3561
2022-03-14,36.178,38.715,35.506,38.478,901294.8,2022-03-14 23:59:59.999,33838394.0676
2022-03-15,38.491,38.755,35.39,35.928,656650.5,2022-03-15 23:59:59.999,24062115.4167
2022-03-16,35.92,39.1,35.2,38.651,1118531.8,2022-03-16 23:59:59.999,41397786.9023
2022-03-17,38.664,40.6,38.507,38.782,763779.8,2022-03-17 23:59:59.999,30121706.8987
2022-03-18,38.774,41.233,37.202,41.024,864541.5,2022-03-18 23:59:59.999,33410260.3494
2022-03-19,41.02,43.52,40.212,41.932,735011.0,2022-03-19 23:59:59.999,30529041.6632
2022-03-20,41.923,42.463,40.0,41.178,509608.1,2022-03-20 23:59:59.999,20970241.6076
2022-03-21,41.203,43.912,40.136,43.516,1067705.9,2022-03-21 23:59:59.999,45426440.4413
2022-03-22,43.516,45.839,42.614,45.444,759304.7,2022-03-22 23:59:59.999,33831882.2114
2022-03-23,45.452,46.712,43.738,45.507,693811.6,2022-03-23 23:59:59.999,31319100.303
2022-03-24,45.517,45.942,43.574,45.317,504829.0,2022-03-24 23:59:59.999,22743709.613
2022-03-25,45.321,46.738,43.711,44.745,588850.5,2022-03-25 23:59:59.999,26816373.206
2022-03-26,44.743,47.091,43.851,46.767,526729.7,2022-03-26 23:59:59.999,24009981.7775
2022-03-27,46.756,52.389,46.529,50.076,1081615.9,2022-03-27 23:59:59.999,53359217.3418
2022-03-28,50.07,51.545,46.879,47.625,752092.2,2022-03-28 23:59:59.999,37784207.4353
2022-03-29,47.685,50.415,47.072,49.106,595516.7,2022-03-29 23:59:59.999,29116319.0213
2022-03-30,49.116,51.024,47.127,50.164,540316.7,2022-03-30 23:59:59.999,26675907.2107
2022-03-31,50.169,53.378,47.667,48.871,821922.5,2022-03-31 23:59:59.999,41795522.3773
2022-04-01,48.872,51.729,46.0,51.408,728328.4,2022-04-01 23:59:59.999,35885607.4794
2022-04-02,51.383,53.0,48.229,48.5,546670.8,2022-04-02 23:59:59.999,27963701.8266
2022-04-03,48.494,50.355,47.2,49.592,477435.8,2022-04-03 23:59:59.999,23529184.7013
2022-04-04,49.599,50.917,46.447,48.99,751685.0,2022-04-04 23:59:59.999,36790119.9371
2022-04-05,49.003,49.756,45.675,46.067,407157.6,2022-04-05 23:59:59.999,19558710.0813
2022-04-06,46.069,46.321,41.076,41.262,711869.1,2022-04-06 23:59:59.999,31186041.4239
2022-04-07,41.247,43.398,40.335,42.685,468457.3,2022-04-07 23:59:59.999,19753900.8589
2022-04-08,42.671,43.279,39.359,39.974,653526.7,2022-04-08 23:59:59.999,27145558.6887
2022-04-09,39.956,42.444,39.601,41.849,597424.4,2022-04-09 23:59:59.999,24570985.8766
2022-04-10,41.849,43.541,40.615,41.313,664009.7,2022-04-10 23:59:59.999,27828419.3761
2022-04-11,41.326,41.724,36.915,37.55,672394.1,2022-04-11 23:59:59.999,26371064.8693
2022-04-12,37.549,39.192,36.824,38.21,520961.7,2022-04-12 23:59:59.999,19854442.1731
2022-04-13,38.225,40.357,37.71,40.211,526680.1,2022-04-13 23:59:59.999,20540405.7064
2022-04-14,40.218,40.476,37.301,38.037,469585.6,2022-04-14 23:59:59.999,18295838.7147
2022-04-15,38.031,39.18,37.728,39.072,412618.0,2022-04-15 23:59:59.999,15886071.8284
2022-04-16,39.072,39.122,37.5,38.371,313252.8,2022-04-16 23:59:59.999,12019527.9769
2022-04-17,38.382,39.135,36.283,36.391,383298.7,2022-04-17 23:59:59.999,14644741.5245
2022-04-18,36.391,38.048,34.567,37.889,576549.2,2022-04-18 23:59:59.999,20947928.315
2022-04-19,37.891,38.879,37.246,38.809,415520.4,2022-04-19 23:59:59.999,15808444.8867
2022-04-20,38.803,39.357,37.069,37.803,366271.3,2022-04-20 23:59:59.999,14033192.275
2022-04-21,37.811,39.698,35.429,36.177,572166.2,2022-04-21 23:59:59.999,21889590.9364
2022-04-22,36.179,37.253,35.884,36.672,476232.4,2022-04-22 23:59:59.999,17438875.4553
2022-04-23,36.661,36.935,35.687,36.009,277227.6,2022-04-23 23:59:59.999,10110702.9812
2022-04-24,36.014,36.648,35.305,36.054,318300.4,2022-04-24 23:59:59.999,11485776.1132
2022-04-25,36.053,36.613,33.084,36.315,558372.5,2022-04-25 23:59:59.999,19348520.8327
2022-04-26,36.323,36.771,31.669,32.325,641617.7,2022-04-26 23:59:59.999,22209939.9637
2022-04-27,32.325,33.677,31.829,33.352,442316.8,2022-04-27 23:59:59.999,14587309.463
2022-04-28,33.361,33.701,32.091,33.443,447298.8,2022-04-28 23:59:59.999,14772460.6008
2022-04-29,33.443,33.5,30.025,30.859,539160.8,2022-04-29 23:59:59.999,17109616.3929
2022-04-30,30.865,31.514,27.533,28.839,593442.1,2022-04-30 23:59:59.999,17938478.0833
2022-05-01,28.84,31.108,27.703,30.817,613002.6,2022-05-01 23:59:59.999,18075576.8906
2022-05-02,30.805,31.211,29.18,30.311,482588.9,2022-05-02 23:59:59.999,14614999.0102
2022-05-03,30.311,31.184,29.425,30.265,400113.4,2022-05-03 23:59:59.999,12167034.7766
2022-05-04,30.273,33.904,30.153,33.701,735847.2,2022-05-04 23:59:59.999,23304663.6774
2022-05-05,33.715,35.761,29.506,30.968,1007193.9,2022-05-05 23:59:59.999,32855849.4439
2022-05-06,30.955,36.755,30.17,36.307,2321804.8,2022-05-06 23:59:59.999,77763015.2382
2022-05-07,36.29,37.95,33.627,35.431,5465257.8,2022-05-07 23:59:59.999,193257925.3701
2022-05-08,35.431,35.952,30.676,30.952,2108442.8,2022-05-08 23:59:59.999,70721403.6542
2022-05-09,30.953,32.448,24.1,24.406,3000891.8,2022-05-09 23:59:59.999,87050930.7272
2022-05-10,24.376,27.79,23.513,25.463,2025143.0,2022-05-10 23:59:59.999,52093452.3636
2022-05-11,25.47,26.271,18.172,19.8,2982824.4,2022-05-11 23:59:59.999,65553171.1063
2022-05-12,19.795,21.076,15.154,19.003,2336842.8,2022-05-12 23:59:59.999,41908211.0749
2022-05-13,19.023,22.704,18.645,20.448,976959.0,2022-05-13 23:59:59.999,20587999.0425
2022-05-14,20.448,22.154,18.817,21.204,972988.0,2022-05-14 23:59:59.999,19616928.3661
2022-05-15,21.192,22.497,20.345,22.15,724548.1,2022-05-15 23:59:59.999,15380920.04
2022-05-16,22.159,22.175,19.809,20.384,773296.8,2022-05-16 23:59:59.999,15964843.5849
2022-05-17,20.387,22.444,20.08,22.127,683682.3,2022-05-17 23:59:59.999,14593295.013
2022-05-18,22.127,22.654,18.869,18.959,825320.4,2022-05-18 23:59:59.999,16917613.2424
2022-05-19,18.967,21.157,18.245,20.964,940419.0,2022-05-19 23:59:59.999,18583865.0689
2022-05-20,20.965,21.406,19.501,20.061,894567.8,2022-05-20 23:59:59.999,18377353.7549
2022-05-21,20.062,20.811,19.44,20.502,660467.8,2022-05-21 23:59:59.999,13293223.4499
2022-05-22,20.503,21.489,19.81,21.068,599820.5,2022-05-22 23:59:59.999,12444632.2386
2022-05-23,21.059,21.976,19.616,19.912,782273.9,2022-05-23 23:59:59.999,16528087.0994
2022-05-24,19.905,20.859,18.984,20.66,795434.1,2022-05-24 23:59:59.999,15924747.5271
2022-05-25,20.656,21.074,20.02,20.361,748461.4,2022-05-25 23:59:59.999,15330119.1888
2022-05-26,20.36,20.942,18.61,19.614,1215466.5,2022-05-26 23:59:59.999,23947788.1985
2022-05-27,19.599,20.012,18.299,18.917,1243446.9,2022-05-27 23:59:59.999,23777188.4227
2022-05-28,18.924,19.618,18.571,19.242,534988.7,2022-05-28 23:59:59.999,10251764.7686
2022-05-29,19.242,20.307,18.844,20.297,545215.6,2022-05-29 23:59:59.999,10642472.0644
2022-05-30,20.3,23.015,20.255,22.859,1113880.8,2022-05-30 23:59:59.999,24008009.2484
2022-05-31,22.857,23.841,21.475,22.297,700751.2,2022-05-31 23:59:59.999,15733714.3258
2022-06-01,22.3,22.817,20.0,20.565,755542.3,2022-06-01 23:59:59.999,16346669.2218
2022-06-02,20.57,20.884,19.814,20.786,541617.6,2022-06-02 23:59:59.999,11061707.4625
2022-06-03,20.791,20.935,19.479,19.78,603340.8,2022-06-03 23:59:59.999,12120268.6064
2022-06-04,19.789,20.039,19.181,19.924,402553.0,2022-06-04 23:59:59.999,7927432.7998
2022-06-05,19.929,20.18,19.433,19.735,398909.9,2022-06-05 23:59:59.999,7876964.6173
2022-06-06,19.737,21.519,19.666,20.927,622609.1,2022-06-06 23:59:59.999,12922687.0018
2022-06-07,20.933,20.964,19.016,19.679,842274.3,2022-06-07 23:59:59.999,16656281.0581
2022-06-08,19.682,20.553,19.043,19.376,704962.6,2022-06-08 23:59:59.999,13917017.8475
2022-06-09,19.366,19.897,18.937,19.084,513470.8,2022-06-09 23:59:59.999,9979601.6542
2022-06-10,19.088,19.295,17.518,17.792,625551.4,2022-06-10 23:59:59.999,11492095.472
2022-06-11,17.793,18.349,16.021,16.465,639670.8,2022-06-11 23:59:59.999,10958689.2028
2022-06-12,16.5,16.638,14.846,15.133,929903.5,2022-06-12 23:59:59.999,14571909.9779
2022-06-13,15.137,15.399,13.0,14.217,1654738.2,2022-06-13 23:59:59.999,23001855.7194
2022-06-14,14.221,14.923,13.003,14.591,1224995.2,2022-06-14 23:59:59.999,17401943.8895
2022-06-15,14.591,16.115,13.055,16.115,1365368.7,2022-06-15 23:59:59.999,19284175.3453
2022-06-16,16.1,16.347,13.297,13.577,877043.0,2022-06-16 23:59:59.999,12792808.8169
2022-06-17,13.58,14.527,13.481,14.079,672721.5,2022-06-17 23:59:59.999,9458197.0644
2022-06-18,14.077,14.335,12.167,13.149,1029452.8,2022-06-18 23:59:59.999,13455842.4839
2022-06-19,13.149,14.188,12.449,13.945,892432.6,2022-06-19 23:59:59.999,11845679.5805
2022-06-20,13.946,14.277,13.243,14.067,886357.7,2022-06-20 23:59:59.999,12229107.2154
2022-06-21,14.063,15.16,13.819,14.575,729467.7,2022-06-21 23:59:59.999,10620058.014
2022-06-22,14.576,14.684,13.638,13.833,687314.7,2022-06-22 23:59:59.999,9707989.9508
2022-06-23,13.832,14.762,13.79,14.475,696309.6,2022-06-23 23:59:59.999,10019040.8427
2022-06-24,14.471,15.998,14.441,15.635,737252.1,2022-06-24 23:59:59.999,11168629.3138
2022-06-25,15.644,16.285,15.147,16.16,663431.6,2022-06-25 23:59:59.999,10460333.7678
2022-06-26,16.155,16.307,14.495,14.603,714155.0,2022-06-26 23:59:59.999,11136993.2189
2022-06-27,14.603,15.441,14.316,14.581,660943.3,2022-06-27 23:59:59.999,9831027.7251
2022-06-28,14.567,14.977,13.364,13.569,815670.7,2022-06-28 23:59:59.999,11664139.634
2022-06-29,13.566,13.919,13.165,13.605,857984.1,2022-06-29 23:59:59.999,11657613.3611
2022-06-30,13.605,13.667,12.273,13.124,919687.8,2022-06-30 23:59:59.999,11781502.5311
2022-07-01,13.115,13.555,12.646,13.13,790462.1,2022-07-01 23:59:59.999,10337758.6769
2022-07-02,13.135,14.08,12.774,13.615,979060.4,2022-07-02 23:59:59.999,13172471.6227
2022-07-03,13.618,13.976,13.142,13.69,852431.5,2022-07-03 23:59:59.999,11538016.2568
2022-07-04,13.69,15.034,13.346,14.912,1478326.3,2022-07-04 23:59:59.999,21088879.6188
2022-07-05,14.904,15.133,14.095,14.579,1058929.5,2022-07-05 23:59:59.999,15515577.1648
2022-07-06,14.575,15.535,14.574,15.267,1193352.9,2022-07-06 23:59:59.999,18014297.4145
2022-07-07,15.261,17.132,15.186,16.862,1580433.1,2022-07-07 23:59:59.999,25685383.3838
2022-07-08,16.866,17.5,16.404,16.613,2483513.9,2022-07-08 23:59:59.999,42057372.0322
2022-07-09,16.613,17.398,16.611,16.833,703168.9,2022-07-09 23:59:59.999,11982511.9735
2022-07-10,16.837,17.65,16.407,16.952,1301718.6,2022-07-10 23:59:59.999,22277166.1966
2022-07-11,16.963,16.964,15.0,15.049,994086.6,2022-07-11 23:59:59.999,15988459.545
2022-07-12,15.045,15.281,14.248,14.305,785827.1,2022-07-12 23:59:59.999,11793054.4702
2022-07-13,14.303,15.263,13.509,15.241,843010.5,2022-07-13 23:59:59.999,12136065.1656
2022-07-14,15.239,15.688,14.612,15.368,775172.0,2022-07-14 23:59:59.999,11667878.113
2022-07-15,15.366,16.478,15.126,16.031,712980.6,2022-07-15 23:59:59.999,11289272.6089
2022-07-16,16.03,17.37,15.798,16.893,1025343.8,2022-07-16 23:59:59.999,16851019.3927
2022-07-17,16.897,17.083,16.2,16.548,792516.7,2022-07-17 23:59:59.999,13206604.7126
2022-07-18,16.556,18.1,16.452,17.625,744221.1,2022-07-18 23:59:59.999,12926096.8416
2022-07-19,17.621,18.348,17.035,17.999,804003.6,2022-07-19 23:59:59.999,14219868.2702
2022-07-20,17.992,18.5,16.411,16.736,807442.7,2022-07-20 23:59:59.999,14283893.4489
2022-07-21,16.741,17.127,16.128,16.964,717047.5,2022-07-21 23:59:59.999,11958659.5802
2022-07-22,16.963,17.927,16.633,16.88,641886.1,2022-07-22 23:59:59.999,11104276.8639
2022-07-23,16.884,17.647,16.52,16.987,544367.1,2022-07-23 23:59:59.999,9280867.1332
2022-07-24,16.988,17.417,16.848,16.977,396324.7,2022-07-24 23:59:59.999,6801764.542
2022-07-25,16.978,17.119,15.168,15.207,650190.0,2022-07-25 23:59:59.999,10392880.1443
2022-07-26,15.203,15.236,14.55,15.135,581123.1,2022-07-26 23:59:59.999,8666285.5552
2022-07-27,15.133,16.193,14.682,16.172,677711.0,2022-07-27 23:59:59.999,10353241.6227
2022-07-28,16.168,18.657,15.619,18.429,1056460.9,2022-07-28 23:59:59.999,18067957.0011
2022-07-29,18.438,19.078,17.41,18.093,1027054.8,2022-07-29 23:59:59.999,18771664.8807
2022-07-30,18.088,19.183,17.558,17.792,661948.9,2022-07-30 23:59:59.999,12264200.3275
2022-07-31,17.785,20.389,17.615,18.921,1093457.1,2022-07-31 23:59:59.999,20737694.1763
2022-08-01,18.915,19.6,17.764,18.16,757365.1,2022-08-01 23:59:59.999,14071885.1077
2022-08-02,18.164,18.348,16.802,17.162,745465.0,2022-08-02 23:59:59.999,12909555.7171
2022-08-03,17.166,17.681,16.503,17.091,545454.7,2022-08-03 23:59:59.999,9389265.552
2022-08-04,17.092,17.619,16.945,17.263,545872.5,2022-08-04 23:59:59.999,9438986.5367
2022-08-05,17.265,18.442,17.187,18.42,663457.2,2022-08-05 23:59:59.999,11916552.3239
2022-08-06,18.421,19.746,18.158,19.265,818981.2,2022-08-06 23:59:59.999,15544681.2121
2022-08-07,19.282,19.811,18.489,19.172,2059571.8,2022-08-07 23:59:59.999,39773362.6533
2022-08-08,19.169,19.929,18.811,19.16,975711.3,2022-08-08 23:59:59.999,18943244.8845
2022-08-09,19.154,20.95,18.923,19.898,2785525.7,2022-08-09 23:59:59.999,56172941.3779
2022-08-10,19.897,22.218,19.167,21.872,1983342.3,2022-08-10 23:59:59.999,41522665.58
2022-08-11,21.882,22.083,20.917,21.534,1164518.1,2022-08-11 23:59:59.999,24915580.9802
2022-08-12,21.546,22.5,20.921,21.296,1124520.5,2022-08-12 23:59:59.999,24268555.373
2022-08-13,21.311,21.411,20.25,20.818,824745.9,2022-08-13 23:59:59.999,17151938.3573
2022-08-14,20.817,21.55,19.854,20.118,1349326.7,2022-08-14 23:59:59.999,28167716.2271
2022-08-15,20.117,20.566,19.343,20.056,948101.5,2022-08-15 23:59:59.999,18941197.0595
2022-08-16,20.059,20.52,19.794,20.084,875155.9,2022-08-16 23:59:59.999,17645499.0953
2022-08-17,20.082,21.386,18.685,19.033,3100358.8,2022-08-17 23:59:59.999,63024831.8713
2022-08-18,19.032,19.332,17.387,17.868,1256957.1,2022-08-18 23:59:59.999,23680832.2784
2022-08-19,17.867,18.077,15.976,16.134,1394496.5,2022-08-19 23:59:59.999,23395742.9757
2022-08-20,16.13,16.645,15.241,15.787,847712.6,2022-08-20 23:59:59.999,13638971.4483
2022-08-21,15.78,17.088,15.765,16.696,889073.3,2022-08-21 23:59:59.999,14638508.5754
2022-08-22,16.696,17.054,15.825,17.043,1129717.4,2022-08-22 23:59:59.999,18538479.9665
2022-08-23,17.039,17.52,16.533,17.389,853555.9,2022-08-23 23:59:59.999,14621463.9688
2022-08-24,17.389,17.591,16.946,16.986,706017.3,2022-08-24 23:59:59.999,12197330.8144
2022-08-25,16.983,17.658,16.826,17.16,672546.9,2022-08-25 23:59:59.999,11572220.9585
2022-08-26,17.157,17.171,15.247,15.456,948353.7,2022-08-26 23:59:59.999,15585432.7674
2022-08-27,15.454,15.68,15.022,15.173,668334.7,2022-08-27 23:59:59.999,10272152.3214
2022-08-28,15.176,15.672,14.751,14.846,553084.0,2022-08-28 23:59:59.999,8487302.2481
2022-08-29,14.843,16.56,14.647,16.426,714534.2,2022-08-29 23:59:59.999,11021671.0881
2022-08-30,16.427,16.586,15.371,15.813,968348.0,2022-08-30 23:59:59.999,15622400.1745
2022-08-31,15.816,16.324,15.474,15.563,717026.7,2022-08-31 23:59:59.999,11408308.7192
2022-09-01,15.565,15.848,15.074,15.848,642982.1,2022-09-01 23:59:59.999,9991463.6754
2022-09-02,15.847,16.365,15.243,15.509,677078.1,2022-09-02 23:59:59.999,10671345.3214
2022-09-03,15.509,15.637,15.308,15.532,360198.4,2022-09-03 23:59:59.999,5585168.9872
2022-09-04,15.523,16.561,15.503,16.433,1429143.1,2022-09-04 23:59:59.999,23125809.6319
2022-09-05,16.433,16.531,15.71,16.041,691941.5,2022-09-05 23:59:59.999,11109582.4785
2022-09-06,16.04,16.9,14.491,14.513,1154395.4,2022-09-06 23:59:59.999,18190931.1257
2022-09-07,14.518,15.158,14.224,14.894,1075828.3,2022-09-07 23:59:59.999,15741699.8115
2022-09-08,14.885,15.658,14.714,15.474,713005.2,2022-09-08 23:59:59.999,10782456.5502
2022-09-09,15.48,17.241,15.436,16.852,1434154.5,2022-09-09 23:59:59.999,23948836.2543
2022-09-10,16.849,17.029,16.445,16.74,560271.3,2022-09-10 23:59:59.999,9380299.3473
2022-09-11,16.739,16.886,16.08,16.456,595917.4,2022-09-11 23:59:59.999,9875182.4876
2022-09-12,16.45,17.1,16.111,16.48,750988.7,2022-09-12 23:59:59.999,12495110.6287
2022-09-13,16.477,16.534,14.693,14.789,799380.0,2022-09-13 23:59:59.999,12523327.7057
2022-09-14,14.783,15.28,14.668,15.094,518742.1,2022-09-14 23:59:59.999,7790143.4534
2022-09-15,15.093,15.156,14.369,14.501,757750.7,2022-09-15 23:59:59.999,11150775.1422
2022-09-16,14.504,14.713,14.129,14.382,539038.8,2022-09-16 23:59:59.999,7773177.6905
2022-09-17,14.375,14.927,14.354,14.888,398827.3,2022-09-17 23:59:59.999,5829173.9442
2022-09-18,14.888,15.023,12.944,13.367,751389.1,2022-09-18 23:59:59.999,10711134.4667
2022-09-19,13.373,13.881,13.018,13.744,763659.7,2022-09-19 23:59:59.999,10269661.1168
2022-09-20,13.744,14.133,13.392,13.662,634735.9,2022-09-20 23:59:59.999,8718625.448
2022-09-21,13.664,14.416,13.054,13.287,875228.6,2022-09-21 23:59:59.999,11936310.8834
2022-09-22,13.285,14.339,13.259,14.178,558191.3,2022-09-22 23:59:59.999,7732287.2619
2022-09-23,14.178,14.512,13.556,14.151,637090.4,2022-09-23 23:59:59.999,8915546.952
2022-09-24,14.155,14.489,13.947,14.048,349496.9,2022-09-24 23:59:59.999,4976171.875
2022-09-25,14.047,14.29,13.588,13.784,478936.2,2022-09-25 23:59:59.999,6708287.1932
2022-09-26,13.779,14.262,13.4,14.067,836264.6,2022-09-26 23:59:59.999,11601765.7038
2022-09-27,14.071,14.885,13.827,14.049,848335.5,2022-09-27 23:59:59.999,12274023.3991
2022-09-28,14.052,14.149,13.461,13.988,622235.7,2022-09-28 23:59:59.999,8600499.9131
2022-09-29,13.992,14.1,13.601,13.997,528552.6,2022-09-29 23:59:59.999,7322068.4534
2022-09-30,14.0,14.382,13.877,14.1,586017.0,2022-09-30 23:59:59.999,8273947.0302
2022-10-01,14.103,14.217,13.753,13.902,291119.0,2022-10-01 23:59:59.999,4077459.7169
2022-10-02,13.902,13.929,13.355,13.424,378170.2,2022-10-02 23:59:59.999,5179331.0121
2022-10-03,13.428,14.08,13.26,13.981,466851.8,2022-10-03 23:59:59.999,6434853.4429
2022-10-04,13.981,14.529,13.932,14.298,526138.4,2022-10-04 23:59:59.999,7479373.7378
2022-10-05,14.289,14.297,13.66,13.977,477953.6,2022-10-05 23:59:59.999,6671411.9076
2022-10-06,13.978,14.258,13.566,13.662,518219.4,2022-10-06 23:59:59.999,7244134.98
2022-10-07,13.661,13.764,13.458,13.611,408778.1,2022-10-07 23:59:59.999,5571217.9735
2022-10-08,13.612,13.737,13.418,13.541,384561.9,2022-10-08 23:59:59.999,5247363.75
2022-10-09,13.547,13.678,13.437,13.526,293334.9,2022-10-09 23:59:59.999,3977584.7648
2022-10-10,13.524,13.767,12.844,13.126,912362.7,2022-10-10 23:59:59.999,12279884.798
2022-10-11,13.126,13.127,12.405,12.497,727055.3,2022-10-11 23:59:59.999,9308405.1423
2022-10-12,12.497,12.723,12.364,12.461,492729.1,2022-10-12 23:59:59.999,6181550.8835
2022-10-13,12.459,12.68,11.463,12.526,1083577.3,2022-10-13 23:59:59.999,13061085.4901
2022-10-14,12.528,12.962,12.033,12.277,684006.5,2022-10-14 23:59:59.999,8597202.1808
2022-10-15,12.278,12.6,12.156,12.349,474093.4,2022-10-15 23:59:59.999,5860503.1513
2022-10-16,12.344,12.842,12.324,12.706,406999.2,2022-10-16 23:59:59.999,5129744.4638
2022-10-17,12.699,13.165,12.556,13.064,645228.9,2022-10-17 23:59:59.999,8331411.6287
2022-10-18,13.063,13.19,12.582,12.827,664402.1,2022-10-18 23:59:59.999,8548973.305
2022-10-19,12.827,12.888,12.26,12.384,596740.3,2022-10-19 23:59:59.999,7543949.6994
2022-10-20,12.384,13.171,12.247,12.729,2464720.9,2022-10-20 23:59:59.999,31584632.9661
2022-10-21,12.73,12.834,12.047,12.741,1008958.8,2022-10-21 23:59:59.999,12615236.7388
2022-10-22,12.741,12.926,12.531,12.764,590644.0,2022-10-22 23:59:59.999,7511413.695
2022-10-23,12.766,13.295,12.633,13.054,866788.5,2022-10-23 23:59:59.999,11206676.8512
2022-10-24,13.058,13.185,12.774,12.904,670176.3,2022-10-24 23:59:59.999,8686364.6885
2022-10-25,12.906,13.495,12.647,13.161,1058920.8,2022-10-25 23:59:59.999,13848563.4859
2022-10-26,13.164,13.7,13.126,13.403,903628.7,2022-10-26 23:59:59.999,12168771.3625
2022-10-27,13.4,13.931,13.154,13.238,762904.9,2022-10-27 23:59:59.999,10303457.3309
2022-10-28,13.234,13.76,12.865,13.567,706837.8,2022-10-28 23:59:59.999,9401927.9653
2022-10-29,13.566,14.272,13.54,13.941,927370.2,2022-10-29 23:59:59.999,12858312.2121
2022-10-30,13.936,14.175,13.374,13.569,661699.1,2022-10-30 23:59:59.999,9149055.312
2022-10-31,13.574,13.745,13.171,13.452,617604.6,2022-10-31 23:59:59.999,8331341.2797
2022-11-01,13.46,13.625,13.042,13.048,496055.0,2022-11-01 23:59:59.999,6627618.978
2022-11-02,13.047,13.267,12.45,12.709,914154.4,2022-11-02 23:59:59.999,11758533.6256
2022-11-03,12.708,13.768,12.663,13.288,893042.4,2022-11-03 23:59:59.999,11856420.6769
2022-11-04,13.294,14.396,13.125,14.357,867412.1,2022-11-04 23:59:59.999,12053352.7476
2022-11-05,14.357,15.076,13.957,14.355,839582.7,2022-11-05 23:59:59.999,12173063.4377
2022-11-06,14.351,14.689,13.621,13.678,730566.4,2022-11-06 23:59:59.999,10435606.0393
2022-11-07,13.673,14.055,13.344,13.661,737972.0,2022-11-07 23:59:59.999,10175964.2378
2022-11-08,13.663,13.874,10.12,11.426,2355607.9,2022-11-08 23:59:59.999,29127538.0582
2022-11-09,11.425,11.496,8.793,9.219,2114622.5,2022-11-09 23:59:59.999,21866704.1784
2022-11-10,9.215,10.887,9.05,10.694,1725100.9,2022-11-10 23:59:59.999,17337061.6837
2022-11-11,10.69,10.84,9.736,10.449,1089557.5,2022-11-11 23:59:59.999,11249727.955
2022-11-12,10.456,10.463,9.7,10.029,779915.7,2022-11-12 23:59:59.999,7840666.1612
2022-11-13,10.027,10.647,9.861,10.472,1247636.8,2022-11-13 23:59:59.999,12832621.1151
2022-11-14,10.47,11.29,9.673,10.988,1641492.6,2022-11-14 23:59:59.999,17498745.7681
2022-11-15,10.976,11.223,10.6,10.861,966571.7,2022-11-15 23:59:59.999,10576177.4301
2022-11-16,10.864,10.962,10.035,10.129,932334.0,2022-11-16 23:59:59.999,9715372.2302
2022-11-17,10.133,10.281,9.92,9.973,753963.0,2022-11-17 23:59:59.999,7627439.4501
2022-11-18,9.97,10.224,9.714,9.776,639381.4,2022-11-18 23:59:59.999,6362404.8054
2022-11-19,9.776,9.782,9.337,9.412,858311.8,2022-11-19 23:59:59.999,8172222.8527
2022-11-20,9.41,9.525,8.701,8.772,1381916.1,2022-11-20 23:59:59.999,12666221.8442
2022-11-21,8.767,8.826,8.335,8.651,1955486.5,2022-11-21 23:59:59.999,16784124.7451
2022-11-22,8.654,9.532,8.382,9.396,2137908.3,2022-11-22 23:59:59.999,19265727.5979
2022-11-23,9.392,9.976,9.304,9.601,1579610.9,2022-11-23 23:59:59.999,15227767.8386
2022-11-24,9.6,9.836,9.291,9.328,1102724.6,2022-11-24 23:59:59.999,10492083.8945
2022-11-25,9.329,9.374,9.07,9.263,859576.7,2022-11-25 23:59:59.999,7876772.9964
2022-11-26,9.263,9.881,9.254,9.603,1781478.6,2022-11-26 23:59:59.999,17144342.9318
2022-11-27,9.603,9.886,9.414,9.564,1032851.1,2022-11-27 23:59:59.999,10039726.5183
2022-11-28,9.565,9.761,9.033,9.576,1159054.1,2022-11-28 23:59:59.999,10881592.7703
2022-11-29,9.575,9.968,9.404,9.649,928159.9,2022-11-29 23:59:59.999,9020379.9674
2022-11-30,9.652,10.148,9.651,10.057,1023020.9,2022-11-30 23:59:59.999,10183694.1787
2022-12-01,10.055,10.303,9.933,10.164,1054316.4,2022-12-01 23:59:59.999,10657390.5681
2022-12-02,10.165,10.747,10.034,10.665,1093361.4,2022-12-02 23:59:59.999,11367952.803
2022-12-03,10.664,10.97,10.614,10.795,1431318.1,2022-12-03 23:59:59.999,15451063.661
2022-12-04,10.796,11.074,10.542,10.94,1108505.3,2022-12-04 23:59:59.999,11959119.1102
2022-12-05,10.944,11.065,10.6,10.723,723183.6,2022-12-05 23:59:59.999,7851551.0981
2022-12-06,10.721,10.998,10.479,10.514,911174.9,2022-12-06 23:59:59.999,9736550.9994
2022-12-07,10.512,10.66,9.923,9.999,848002.5,2022-12-07 23:59:59.999,8659483.5438
2022-12-08,9.999,10.332,9.81,10.218,786790.4,2022-12-08 23:59:59.999,7921877.0125
2022-12-09,10.218,10.325,10.057,10.144,642478.0,2022-12-09 23:59:59.999,6554899.5933
2022-12-10,10.147,10.37,10.119,10.214,706089.3,2022-12-10 23:59:59.999,7234032.1744
2022-12-11,10.216,10.414,10.155,10.178,575176.7,2022-12-11 23:59:59.999,5919088.5831
2022-12-12,10.177,10.217,9.7,10.213,727046.9,2022-12-12 23:59:59.999,7228211.1259
2022-12-13,10.213,10.371,9.786,10.371,847851.2,2022-12-13 23:59:59.999,8590580.1375
2022-12-14,10.366,10.55,10.08,10.196,929554.1,2022-12-14 23:59:59.999,9645596.1758
2022-12-15,10.201,10.351,9.95,10.227,713521.1,2022-12-15 23:59:59.999,7273218.0696
2022-12-16,10.225,10.359,8.782,8.986,900583.5,2022-12-16 23:59:59.999,8675812.7428
2022-12-17,8.985,9.127,8.562,8.98,976009.8,2022-12-17 23:59:59.999,8676005.9169
2022-12-18,8.979,9.0,8.552,8.624,1109689.3,2022-12-18 23:59:59.999,9708333.6036
2022-12-19,8.625,8.918,8.115,8.262,1486455.9,2022-12-19 23:59:59.999,12779652.0034
2022-12-20,8.256,8.772,8.198,8.717,923378.9,2022-12-20 23:59:59.999,7906672.2323
2022-12-21,8.718,8.732,8.44,8.628,698313.0,2022-12-21 23:59:59.999,6013085.542
2022-12-22,8.624,8.731,8.423,8.728,722403.4,2022-12-22 23:59:59.999,6207909.8075
2022-12-23,8.729,8.97,8.62,8.95,910801.5,2022-12-23 23:59:59.999,8016127.7139
2022-12-24,8.95,9.022,8.864,8.991,792957.5,2022-12-24 23:59:59.999,7099608.4369
2022-12-25,8.989,9.184,8.933,9.118,842207.2,2022-12-25 23:59:59.999,7620844.3632
2022-12-26,9.116,9.58,9.106,9.332,1651321.4,2022-12-26 23:59:59.999,15460743.5756
2022-12-27,9.332,9.416,9.01,9.152,1038844.9,2022-12-27 23:59:59.999,9585892.6538
2022-12-28,9.155,9.231,8.78,8.869,1219101.5,2022-12-28 23:59:59.999,10952808.3704
2022-12-29,8.869,9.018,8.678,8.904,805993.9,2022-12-29 23:59:59.999,7160206.3983
2022-12-30,8.902,9.065,8.734,9.046,769117.9,2022-12-30 23:59:59.999,6870964.863
2022-12-31,9.043,9.268,8.975,9.219,528675.7,2022-12-31 23:59:59.999,4826944.5584
2023-01-01,9.215,9.473,9.153,9.4,991410.4,2023-01-01 23:59:59.999,9261817.244
2023-01-02,9.398,9.549,9.211,9.401,907912.6,2023-01-02 23:59:59.999,8517808.3757
2023-01-03,9.396,9.44,8.966,8.991,1165480.9,2023-01-03 23:59:59.999,10627722.9468
2023-01-04,8.993,9.367,8.806,9.0,1645173.6,2023-01-04 23:59:59.999,15018763.0464
2023-01-05,9.001,9.252,8.684,8.726,1464151.1,2023-01-05 23:59:59.999,13099919.3517
2023-01-06,8.725,8.781,8.297,8.474,2689439.8,2023-01-06 23:59:59.999,22742069.2969
2023-01-07,8.475,8.729,8.353,8.416,2004010.2,2023-01-07 23:59:59.999,17112338.2474
2023-01-08,8.419,8.768,8.199,8.717,2347729.7,2023-01-08 23:59:59.999,19815048.376
2023-01-09,8.715,9.22,8.642,8.901,2572217.5,2023-01-09 23:59:59.999,22932722.4712
2023-01-10,8.898,9.2,8.732,8.921,1600326.8,2023-01-10 23:59:59.999,14287272.8849
2023-01-11,8.921,8.991,8.416,8.815,2219440.4,2023-01-11 23:59:59.999,19193794.8459
2023-01-12,8.816,9.332,8.562,9.269,2838499.6,2023-01-12 23:59:59.999,25364936.915
2023-01-13,9.266,10.041,9.0,9.912,2453918.6,2023-01-13 23:59:59.999,23069728.4781
2023-01-14,9.913,10.705,9.35,10.505,3970934.7,2023-01-14 23:59:59.999,40533024.1049
2023-01-15,10.497,10.871,10.06,10.57,2568264.9,2023-01-15 23:59:59.999,26781996.0602
2023-01-16,10.571,10.988,10.114,10.48,2070309.2,2023-01-16 23:59:59.999,21845462.4108
2023-01-17,10.482,10.84,10.235,10.577,1705364.7,2023-01-17 23:59:59.999,18022229.1809
2023-01-18,10.58,10.874,9.56,9.637,2186577.6,2023-01-18 23:59:59.999,22314005.3054
2023-01-19,9.636,10.01,9.598,9.869,1251383.4,2023-01-19 23:59:59.999,12266920.7029
2023-01-20,9.87,10.817,9.5,10.673,1714691.9,2023-01-20 23:59:59.999,17177500.1924
2023-01-21,10.669,11.107,10.522,10.637,1496084.1,2023-01-21 23:59:59.999,16251325.9624
2023-01-22,10.637,11.19,10.29,10.786,1485650.2,2023-01-22 23:59:59.999,16148781.1543
2023-01-23,10.788,11.298,10.7,10.806,1929869.7,2023-01-23 23:59:59.999,21135378.4155
2023-01-24,10.805,11.072,9.906,10.184,2190937.9,2023-01-24 23:59:59.999,23445731.073
2023-01-25,10.183,10.832,9.9,10.56,2338753.8,2023-01-25 23:59:59.999,23966962.5733
2023-01-26,10.562,10.743,10.142,10.368,1720283.7,2023-01-26 23:59:59.999,17970583.6068
2023-01-27,10.363,10.977,9.963,10.659,2288948.3,2023-01-27 23:59:59.999,24035044.8264
2023-01-28,10.658,11.038,10.188,10.305,1957189.2,2023-01-28 23:59:59.999,20781400.2581
2023-01-29,10.3,11.52,10.154,11.265,2976899.3,2023-01-29 23:59:59.999,32510910.8317
2023-01-30,11.264,11.308,9.587,9.993,3724492.4,2023-01-30 23:59:59.999,39060094.7557
2023-01-31,9.994,10.312,9.9,10.121,1905859.0,2023-01-31 23:59:59.999,19226015.3376
2023-02-01,10.121,10.6,9.701,10.398,2659644.4,2023-02-01 23:59:59.999,27084113.5123
2023-02-02,10.4,11.088,10.4,10.507,2877735.9,2023-02-02 23:59:59.999,31079801.1617
2023-02-03,10.51,10.952,10.262,10.871,2474821.0,2023-02-03 23:59:59.999,26119418.6108
2023-02-04,10.872,11.273,10.8,10.908,2141131.3,2023-02-04 23:59:59.999,23605843.2169
2023-02-05,10.909,11.178,10.017,10.331,2167042.7,2023-02-05 23:59:59.999,22955742.7889
2023-02-06,10.331,10.631,10.161,10.253,1753886.7,2023-02-06 23:59:59.999,18215229.85
2023-02-07,10.252,11.87,10.195,11.723,3038519.3,2023-02-07 23:59:59.999,33315241.1396
2023-02-08,11.722,12.259,10.724,11.025,2939412.1,2023-02-08 23:59:59.999,33717919.6588
2023-02-09,11.026,11.219,9.462,9.875,3179917.5,2023-02-09 23:59:59.999,33421849.6027
2023-02-10,9.87,10.735,9.603,10.122,3306064.5,2023-02-10 23:59:59.999,33462705.9286
2023-02-11,10.121,12.793,10.02,11.463,13062718.4,2023-02-11 23:59:59.999,153062283.2023
2023-02-12,11.463,13.207,11.28,12.507,13936459.9,2023-02-12 23:59:59.999,172863483.6302
2023-02-13,12.51,13.553,11.625,12.393,13212530.6,2023-02-13 23:59:59.999,166015389.7783
2023-02-14,12.391,13.259,11.65,13.187,5632310.8,2023-02-14 23:59:59.999,69755422.661
2023-02-15,13.186,15.647,13.041,14.869,7957245.6,2023-02-15 23:59:59.999,112289435.1441
2023-02-16,14.871,15.396,13.592,13.732,4191044.4,2023-02-16 23:59:59.999,61455049.8842
2023-02-17,13.732,14.48,13.622,14.08,4036368.6,2023-02-17 23:59:59.999,56543333.7614
2023-02-18,14.081,14.411,13.271,13.441,2475833.2,2023-02-18 23:59:59.999,33971540.7974
2023-02-19,13.449,13.786,12.541,12.993,3573217.8,2023-02-19 23:59:59.999,47520573.3863
2023-02-20,12.994,14.88,12.518,14.45,3615365.1,2023-02-20 23:59:59.999,50641696.6472
2023-02-21,14.45,14.502,13.5,13.672,2278129.5,2023-02-21 23:59:59.999,31875456.8475
2023-02-22,13.675,13.79,12.869,13.478,1882043.1,2023-02-22 23:59:59.999,24877101.5178
2023-02-23,13.478,14.043,13.065,13.335,1805606.7,2023-02-23 23:59:59.999,24449965.639
2023-02-24,13.336,13.453,12.029,12.439,2081595.6,2023-02-24 23:59:59.999,26450275.5593
2023-02-25,12.438,12.543,11.854,12.427,1196905.3,2023-02-25 23:59:59.999,14672512.181
2023-02-26,12.424,12.845,12.248,12.813,875319.9,2023-02-26 23:59:59.999,10975871.1928
2023-02-27,12.817,12.863,12.266,12.474,1175833.4,2023-02-27 23:59:59.999,14743401.654
2023-02-28,12.48,12.555,11.549,11.801,1324913.9,2023-02-28 23:59:59.999,15993832.1768
2023-03-01,11.802,12.398,11.669,12.334,1123945.2,2023-03-01 23:59:59.999,13677416.8354
2023-03-02,12.333,12.424,11.677,12.007,1269657.8,2023-03-02 23:59:59.999,15123049.9344
2023-03-03,12.012,12.012,10.089,10.998,2185636.2,2023-03-03 23:59:59.999,23869168.7974
2023-03-04,10.996,11.154,10.305,10.731,1011883.1,2023-03-04 23:59:59.999,10890846.6362
2023-03-05,10.731,11.006,10.62,10.718,1705487.0,2023-03-05 23:59:59.999,18411701.4968
2023-03-06,10.718,11.03,10.454,10.99,1173929.7,2023-03-06 23:59:59.999,12609319.6353
2023-03-07,10.991,11.108,10.45,10.719,1309697.6,2023-03-07 23:59:59.999,14141640.7516
2023-03-08,10.725,10.856,9.855,10.05,1546383.5,2023-03-08 23:59:59.999,16114363.4089
2023-03-09,10.048,10.386,9.079,9.274,2153407.5,2023-03-09 23:59:59.999,21151231.7841
2023-03-10,9.276,9.334,8.566,9.115,2109477.4,2023-03-10 23:59:59.999,18995098.5884
2023-03-11,9.119,9.448,8.525,9.033,1524088.9,2023-03-11 23:59:59.999,13627310.3019
2023-03-12,9.033,9.843,8.753,9.826,1377636.7,2023-03-12 23:59:59.999,12647000.3961
2023-03-13,9.825,10.599,9.474,10.381,2194081.6,2023-03-13 23:59:59.999,21984425.0886
2023-03-14,10.381,11.468,10.034,10.935,2232553.9,2023-03-14 23:59:59.999,23980276.2513
2023-03-15,10.938,11.171,9.595,9.869,1988423.6,2023-03-15 23:59:59.999,20591494.3935
2023-03-16,9.87,10.119,9.678,10.013,1398044.1,2023-03-16 23:59:59.999,13892634.5467
2023-03-17,10.017,11.063,9.879,11.046,1307725.0,2023-03-17 23:59:59.999,13673826.7123
2023-03-18,11.042,11.348,10.428,10.509,1439190.0,2023-03-18 23:59:59.999,15748069.3916
2023-03-19,10.507,11.04,10.455,10.752,954401.4,2023-03-19 23:59:59.999,10250645.1149
2023-03-20,10.755,11.051,10.043,10.112,1466636.6,2023-03-20 23:59:59.999,15488069.668
2023-03-21,10.111,10.725,9.792,10.659,1319026.4,2023-03-21 23:59:59.999,13601631.6633
2023-03-22,10.658,10.693,9.723,10.072,1832192.0,2023-03-22 23:59:59.999,18891298.3112
2023-03-23,10.069,11.151,10.01,11.018,1393906.0,2023-03-23 23:59:59.999,14627072.1729
2023-03-24,11.019,11.12,10.061,10.379,1750572.2,2023-03-24 23:59:59.999,18579192.5781
2023-03-25,10.38,10.428,9.901,10.135,936659.4,2023-03-25 23:59:59.999,9529332.4237
2023-03-26,10.135,10.419,10.028,10.309,610451.6,2023-03-26 23:59:59.999,6245705.7976
2023-03-27,10.309,10.326,9.537,9.833,1291995.5,2023-03-27 23:59:59.999,12820134.0736
2023-03-28,9.833,10.216,9.629,10.135,1056599.8,2023-03-28 23:59:59.999,10434235.29
2023-03-29,10.136,10.683,10.133,10.567,983790.1,2023-03-29 23:59:59.999,10292478.6354
2023-03-30,10.567,10.912,10.2,10.357,1632058.0,2023-03-30 23:59:59.999,17230410.2699
2023-03-31,10.357,11.053,10.356,10.946,1500557.6,2023-03-31 23:59:59.999,16036783.1281
2023-04-01,10.946,11.152,10.711,10.851,882040.3,2023-04-01 23:59:59.999,9633193.8281
2023-04-02,10.85,11.017,10.436,10.889,1082911.2,2023-04-02 23:59:59.999,11665229.5055
2023-04-03,10.89,10.919,10.327,10.697,1431286.9,2023-04-03 23:59:59.999,15186209.0422
2023-04-04,10.697,10.895,10.457,10.862,792273.0,2023-04-04 23:59:59.999,8458643.5239
2023-04-05,10.862,11.285,10.586,10.893,983226.7,2023-04-05 23:59:59.999,10735204.666
2023-04-06,10.894,10.904,10.382,10.538,891405.7,2023-04-06 23:59:59.999,9406077.4666
2023-04-07,10.538,10.597,10.264,10.448,639492.1,2023-04-07 23:59:59.999,6670598.5457
2023-04-08,10.449,10.575,10.305,10.451,456992.8,2023-04-08 23:59:59.999,4771043.0981
2023-04-09,10.452,10.614,10.178,10.517,689579.7,2023-04-09 23:59:59.999,7157918.5406
2023-04-10,10.517,10.792,10.325,10.765,670373.1,2023-04-10 23:59:59.999,7070743.9992
2023-04-11,10.767,10.867,10.6,10.658,807409.6,2023-04-11 23:59:59.999,8680708.208
2023-04-12,10.66,10.709,10.235,10.528,1028269.1,2023-04-12 23:59:59.999,10714890.7335
2023-04-13,10.528,10.974,10.39,10.967,847293.6,2023-04-13 23:59:59.999,9077554.5613
2023-04-14,10.967,11.634,10.955,11.305,2174075.8,2023-04-14 23:59:59.999,24556659.5632
2023-04-15,11.304,11.482,11.045,11.306,1079571.6,2023-04-15 23:59:59.999,12192736.6479
2023-04-16,11.307,11.675,11.069,11.615,1357762.8,2023-04-16 23:59:59.999,15477930.0521
2023-04-17,11.612,11.812,11.02,11.132,2076305.9,2023-04-17 23:59:59.999,23624902.9711
2023-04-18,11.133,11.407,10.816,11.31,1322301.0,2023-04-18 23:59:59.999,14805802.6477
2023-04-19,11.311,11.346,9.869,10.151,2341499.8,2023-04-19 23:59:59.999,24422130.2855
2023-04-20,10.151,10.267,9.727,9.875,1957278.7,2023-04-20 23:59:59.999,19620951.233
2023-04-21,9.877,10.011,9.125,9.377,1458780.5,2023-04-21 23:59:59.999,14165832.8853
2023-04-22,9.376,9.747,9.287,9.735,633304.0,2023-04-22 23:59:59.999,6045524.5363
2023-04-23,9.734,9.828,9.404,9.676,985918.4,2023-04-23 23:59:59.999,9509903.8505
2023-04-24,9.68,9.852,9.416,9.693,973691.2,2023-04-24 23:59:59.999,9368379.1877
2023-04-25,9.693,9.908,9.348,9.857,2039179.0,2023-04-25 23:59:59.999,19572461.5094
2023-04-26,9.858,10.273,9.172,9.666,1833348.3,2023-04-26 23:59:59.999,17973594.1234
2023-04-27,9.669,9.994,9.591,9.869,1385963.1,2023-04-27 23:59:59.999,13597000.493
2023-04-28,9.875,9.899,9.582,9.858,661585.5,2023-04-28 23:59:59.999,6456686.3476
2023-04-29,9.857,10.017,9.796,9.934,612185.9,2023-04-29 23:59:59.999,6070435.4876
2023-04-30,9.934,10.003,9.634,9.686,788718.4,2023-04-30 23:59:59.999,7747690.9809
2023-05-01,9.685,9.765,9.288,9.438,917336.3,2023-05-01 23:59:59.999,8718456.953
2023-05-02,9.438,9.534,9.27,9.498,552585.7,2023-05-02 23:59:59.999,5205129.3551
2023-05-03,9.493,9.614,9.163,9.563,798831.5,2023-05-03 23:59:59.999,7487189.2091
2023-05-04,9.563,9.738,9.463,9.518,670906.8,2023-05-04 23:59:59.999,6424486.7944
2023-05-05,9.518,9.643,9.322,9.465,716896.8,2023-05-05 23:59:59.999,6804334.772
2023-05-06,9.465,9.542,8.75,8.905,982904.7,2023-05-06 23:59:59.999,8888686.8297
2023-05-07,8.905,8.945,8.551,8.604,730943.4,2023-05-07 23:59:59.999,6397251.9009
2023-05-08,8.603,8.686,7.545,7.974,1752367.5,2023-05-08 23:59:59.999,14244092.0135
2023-05-09,7.974,8.197,7.93,8.133,594476.4,2023-05-09 23:59:59.999,4800399.4667
2023-05-10,8.131,8.415,7.88,8.315,962331.9,2023-05-10 23:59:59.999,7900039.3789
2023-05-11,8.314,8.328,7.85,8.035,840390.9,2023-05-11 23:59:59.999,6791724.2619
2023-05-12,8.035,8.351,7.811,8.341,938498.6,2023-05-12 23:59:59.999,7545960.8763
2023-05-13,8.341,8.342,8.042,8.171,552799.4,2023-05-13 23:59:59.999,4520887.2399
2023-05-14,8.171,8.327,8.062,8.231,451772.9,2023-05-14 23:59:59.999,3702966.5829
2023-05-15,8.228,8.404,8.077,8.183,863880.1,2023-05-15 23:59:59.999,7134553.6902
2023-05-16,8.182,8.312,8.051,8.302,599839.8,2023-05-16 23:59:59.999,4910368.3844
2023-05-17,8.301,8.692,8.23,8.692,1015679.9,2023-05-17 23:59:59.999,8580933.4828
2023-05-18,8.692,8.698,8.355,8.605,851984.9,2023-05-18 23:59:59.999,7316323.6886
2023-05-19,8.607,8.745,8.528,8.586,692583.2,2023-05-19 23:59:59.999,5973848.3556
2023-05-20,8.586,8.608,8.502,8.575,438076.8,2023-05-20 23:59:59.999,3746869.6786
2023-05-21,8.576,8.621,8.216,8.282,620513.6,2023-05-21 23:59:59.999,5213695.9807
2023-05-22,8.282,8.499,8.157,8.447,639906.2,2023-05-22 23:59:59.999,5354554.8539
2023-05-23,8.447,8.833,8.362,8.738,954705.3,2023-05-23 23:59:59.999,8300741.7987
2023-05-24,8.739,8.865,8.33,8.412,949736.9,2023-05-24 23:59:59.999,8140279.046
2023-05-25,8.412,8.453,8.176,8.261,485023.6,2023-05-25 23:59:59.999,4023799.8352
2023-05-26,8.262,8.423,8.129,8.384,414881.8,2023-05-26 23:59:59.999,3431029.0036
2023-05-27,8.387,8.452,8.281,8.431,311742.2,2023-05-27 23:59:59.999,2609395.2402
2023-05-28,8.431,8.801,8.394,8.683,499583.7,2023-05-28 23:59:59.999,4271716.7048
2023-05-29,8.683,8.721,8.413,8.468,489816.4,2023-05-29 23:59:59.999,4191588.472
2023-05-30,8.468,8.592,8.385,8.448,497304.7,2023-05-30 23:59:59.999,4215050.8879
2023-05-31,8.449,8.58,7.941,8.066,951804.7,2023-05-31 23:59:59.999,7816282.861
2023-06-01,8.066,8.169,7.91,8.038,678145.5,2023-06-01 23:59:59.999,5476295.4378
2023-06-02,8.038,8.219,7.943,8.213,449404.5,2023-06-02 23:59:59.999,3646159.9282
2023-06-03,8.213,8.215,8.041,8.065,396542.1,2023-06-03 23:59:59.999,3227956.7569
2023-06-04,8.065,8.199,7.98,8.078,355456.8,2023-06-04 23:59:59.999,2874729.4873
2023-06-05,8.076,8.079,6.8,7.19,1320610.7,2023-06-05 23:59:59.999,9829743.5788
2023-06-06,7.192,7.61,7.083,7.563,1100181.6,2023-06-06 23:59:59.999,8014131.2493
2023-06-07,7.562,7.562,7.113,7.207,929655.2,2023-06-07 23:59:59.999,6769514.5196
2023-06-08,7.207,7.322,7.016,7.22,560936.4,2023-06-08 23:59:59.999,4026683.0679
2023-06-09,7.221,7.3,7.016,7.112,597996.9,2023-06-09 23:59:59.999,4283451.4815
2023-06-10,7.112,7.122,5.364,6.112,3019404.4,2023-06-10 23:59:59.999,18390526.8495
2023-06-11,6.111,6.138,5.903,6.012,705032.5,2023-06-11 23:59:59.999,4243290.4841
2023-06-12,6.013,6.233,5.796,6.176,850744.0,2023-06-12 23:59:59.999,5103940.3886
2023-06-13,6.176,6.34,6.09,6.276,961368.6,2023-06-13 23:59:59.999,5982897.3111
2023-06-14,6.276,6.384,5.859,6.121,1217424.4,2023-06-14 23:59:59.999,7538029.6851
2023-06-15,6.121,6.325,6.059,6.291,759939.3,2023-06-15 23:59:59.999,4696566.1619
2023-06-16,6.29,6.482,6.12,6.293,730431.8,2023-06-16 23:59:59.999,4579420.715
2023-06-17,6.293,6.555,6.242,6.39,542237.9,2023-06-17 23:59:59.999,3480228.0685
2023-06-18,6.391,6.418,6.173,6.24,589150.4,2023-06-18 23:59:59.999,3725798.0335
2023-06-19,6.241,6.432,6.172,6.231,1432998.3,2023-06-19 23:59:59.999,9061282.5557
2023-06-20,6.232,6.496,6.105,6.391,2803335.5,2023-06-20 23:59:59.999,17704224.1276
2023-06-21,6.391,6.871,6.351,6.757,2207700.2,2023-06-21 23:59:59.999,14714896.9545
2023-06-22,6.755,7.04,6.609,6.621,2015655.3,2023-06-22 23:59:59.999,13833837.9613
2023-06-23,6.622,7.081,6.599,6.939,1400109.3,2023-06-23 23:59:59.999,9586906.6433
2023-06-24,6.94,7.206,6.853,7.117,1650160.0,2023-06-24 23:59:59.999,11609967.0391
2023-06-25,7.118,7.512,7.101,7.253,1812519.4,2023-06-25 23:59:59.999,13304370.0628
2023-06-26,7.254,7.399,6.947,7.196,1474242.2,2023-06-26 23:59:59.999,10565354.5985
2023-06-27,7.195,7.298,7.066,7.229,815762.6,2023-06-27 23:59:59.999,5864972.1047
2023-06-28,7.23,7.242,6.395,6.765,1788463.3,2023-06-28 23:59:59.999,12421475.9464
2023-06-29,6.765,7.055,6.716,6.903,775752.4,2023-06-29 23:59:59.999,5330799.1314
2023-06-30,6.906,9.65,6.818,8.697,26152061.6,2023-06-30 23:59:59.999,226390142.877
2023-07-01,8.697,9.237,7.988,8.185,8836757.3,2023-07-01 23:59:59.999,74350359.8072
2023-07-02,8.186,9.02,8.049,8.728,7544222.9,2023-07-02 23:59:59.999,64170340.0536
2023-07-03,8.728,9.71,8.672,9.246,8227049.5,2023-07-03 23:59:59.999,75443906.1612
2023-07-04,9.245,9.748,8.946,9.038,4401657.3,2023-07-04 23:59:59.999,41083493.6796
2023-07-05,9.038,9.235,8.088,8.312,3495828.9,2023-07-05 23:59:59.999,30188338.3242
2023-07-06,8.312,9.096,8.253,8.264,4724133.6,2023-07-06 23:59:59.999,40781702.3562
2023-07-07,8.264,8.552,8.103,8.18,2196030.7,2023-07-07 23:59:59.999,18191189.8879
2023-07-08,8.181,8.379,7.724,8.075,2644432.8,2023-07-08 23:59:59.999,21159514.5731
2023-07-09,8.078,8.143,7.822,7.894,1855942.8,2023-07-09 23:59:59.999,14843156.1535
2023-07-10,7.894,8.381,7.624,8.14,2972292.0,2023-07-10 23:59:59.999,23887112.7635
2023-07-11,8.138,8.189,7.931,8.05,1357091.2,2023-07-11 23:59:59.999,10943542.3107
2023-07-12,8.051,8.323,7.962,8.156,1812494.8,2023-07-12 23:59:59.999,14757590.9242
2023-07-13,8.155,8.785,7.979,8.768,2505429.6,2023-07-13 23:59:59.999,21093828.2045
2023-07-14,8.77,8.949,8.036,8.559,2905074.5,2023-07-14 23:59:59.999,25050906.105
2023-07-15,8.56,8.604,8.293,8.349,1036871.8,2023-07-15 23:59:59.999,8721956.7987
2023-07-16,8.349,8.389,7.919,7.999,790792.9,2023-07-16 23:59:59.999,6464134.7046
2023-07-17,7.999,8.265,7.8,8.171,952569.0,2023-07-17 23:59:59.999,7681657.2942
2023-07-18,8.172,8.255,7.818,8.035,856146.5,2023-07-18 23:59:59.999,6881980.0954
2023-07-19,8.036,8.215,7.935,8.029,574988.7,2023-07-19 23:59:59.999,4638030.5645
2023-07-20,8.029,8.428,7.961,8.392,1799643.7,2023-07-20 23:59:59.999,14688736.1636
2023-07-21,8.392,8.584,8.235,8.468,2103346.6,2023-07-21 23:59:59.999,17613088.6153
2023-07-22,8.468,8.888,8.424,8.72,3415596.8,2023-07-22 23:59:59.999,29634088.6939
2023-07-23,8.719,9.569,8.675,9.225,13869962.6,2023-07-23 23:59:59.999,128167944.9944
2023-07-24,9.225,9.485,8.363,8.644,7156602.7,2023-07-24 23:59:59.999,64637711.9455
2023-07-25,8.643,8.833,8.507,8.53,2686174.9,2023-07-25 23:59:59.999,23288709.2069
2023-07-26,8.532,9.376,8.437,9.179,4258591.2,2023-07-26 23:59:59.999,38087393.1528
2023-07-27,9.18,9.996,9.097,9.726,10612447.5,2023-07-27 23:59:59.999,103360527.7231
2023-07-28,9.727,10.274,9.519,9.523,7831834.1,2023-07-28 23:59:59.999,77066353.646
2023-07-29,9.522,9.629,9.248,9.276,2474269.8,2023-07-29 23:59:59.999,23345268.0863
2023-07-30,9.276,9.474,8.83,9.129,2864247.4,2023-07-30 23:59:59.999,26419634.7176
2023-07-31,9.129,9.4,8.953,9.012,1700251.4,2023-07-31 23:59:59.999,15556257.4593
2023-08-01,9.011,9.643,8.826,9.617,3034987.2,2023-08-01 23:59:59.999,28122367.2482
2023-08-02,9.617,9.743,9.222,9.272,1948508.7,2023-08-02 23:59:59.999,18402217.9124
2023-08-03,9.272,9.495,9.114,9.215,2028579.3,2023-08-03 23:59:59.999,18853435.7888
2023-08-04,9.214,9.585,9.097,9.237,1829567.0,2023-08-04 23:59:59.999,17085664.8215
2023-08-05,9.236,9.343,9.046,9.257,1080532.0,2023-08-05 23:59:59.999,9921091.9294
2023-08-06,9.256,9.505,9.213,9.403,1003828.5,2023-08-06 23:59:59.999,9400967.5219
2023-08-07,9.403,9.511,8.84,9.027,1278308.9,2023-08-07 23:59:59.999,11734395.4748
2023-08-08,9.027,9.048,8.575,8.717,1888097.2,2023-08-08 23:59:59.999,16584179.0729
2023-08-09,8.716,8.778,8.527,8.675,1193587.8,2023-08-09 23:59:59.999,10331293.9068
2023-08-10,8.676,8.828,8.574,8.624,774243.9,2023-08-10 23:59:59.999,6721661.3594
2023-08-11,8.625,8.732,8.534,8.719,530810.4,2023-08-11 23:59:59.999,4593016.6776
2023-08-12,8.719,8.788,8.633,8.683,323929.5,2023-08-12 23:59:59.999,2823884.4934
2023-08-13,8.683,8.783,8.535,8.598,666369.3,2023-08-13 23:59:59.999,5775985.0891
2023-08-14,8.599,8.875,8.546,8.808,535120.4,2023-08-14 23:59:59.999,4658584.0708
2023-08-15,8.807,8.809,7.448,7.986,1914502.6,2023-08-15 23:59:59.999,15771462.0626
2023-08-16,7.985,8.023,7.431,7.807,1556662.3,2023-08-16 23:59:59.999,12119716.5642
2023-08-17,7.807,7.898,6.226,7.078,2480790.9,2023-08-17 23:59:59.999,18258552.252
2023-08-18,7.082,7.376,7.061,7.22,1495827.6,2023-08-18 23:59:59.999,10811078.9495
2023-08-19,7.217,7.347,7.126,7.281,723474.0,2023-08-19 23:59:59.999,5229549.9292
2023-08-20,7.281,7.316,7.077,7.194,666657.0,2023-08-20 23:59:59.999,4791907.17
2023-08-21,7.193,7.228,6.93,7.141,785579.3,2023-08-21 23:59:59.999,5598189.4037
2023-08-22,7.141,7.291,6.95,7.289,865562.4,2023-08-22 23:59:59.999,6167085.6118
2023-08-23,7.289,7.525,7.213,7.418,1056820.0,2023-08-23 23:59:59.999,7769169.9169
2023-08-24,7.417,7.424,6.985,7.14,1233470.0,2023-08-24 23:59:59.999,8824439.7235
2023-08-25,7.139,7.184,6.922,7.131,960737.0,2023-08-25 23:59:59.999,6809098.1435
2023-08-26,7.128,7.212,7.028,7.088,432101.7,2023-08-26 23:59:59.999,3075911.8959
2023-08-27,7.089,7.145,6.761,6.828,942417.2,2023-08-27 23:59:59.999,6592673.1917
2023-08-28,6.829,6.938,6.62,6.898,1278432.9,2023-08-28 23:59:59.999,8696017.3871
2023-08-29,6.898,8.15,6.748,7.819,8528954.5,2023-08-29 23:59:59.999,65819215.4419
2023-08-30,7.82,7.945,7.618,7.939,3229809.2,2023-08-30 23:59:59.999,25119018.3628
2023-08-31,7.935,8.007,7.343,7.553,2469303.9,2023-08-31 23:59:59.999,18949362.043
2023-09-01,7.554,7.746,7.262,7.321,1551435.1,2023-09-01 23:59:59.999,11728603.9729
2023-09-02,7.323,7.373,7.015,7.207,1377548.3,2023-09-02 23:59:59.999,9894608.274
2023-09-03,7.206,7.325,7.105,7.266,823061.0,2023-09-03 23:59:59.999,5940187.9756
2023-09-04,7.266,7.446,7.023,7.118,1402111.1,2023-09-04 23:59:59.999,10057431.4074
2023-09-05,7.118,7.369,7.0,7.305,1085930.7,2023-09-05 23:59:59.999,7806813.6142
2023-09-06,7.304,7.4,7.088,7.339,1007355.1,2023-09-06 23:59:59.999,7307121.5479
2023-09-07,7.339,7.357,7.025,7.267,896614.5,2023-09-07 23:59:59.999,6432725.9086
2023-09-08,7.268,7.341,7.116,7.237,613082.3,2023-09-08 23:59:59.999,4439234.6516
2023-09-09,7.239,7.312,7.163,7.181,437613.5,2023-09-09 23:59:59.999,3165352.2142
2023-09-10,7.182,7.187,6.726,6.92,788309.3,2023-09-10 23:59:59.999,5456317.418
2023-09-11,6.921,6.997,6.603,6.81,927401.9,2023-09-11 23:59:59.999,6321862.8409
2023-09-12,6.81,7.052,6.759,6.836,703032.1,2023-09-12 23:59:59.999,4852275.3532
2023-09-13,6.835,7.054,6.831,7.009,606382.5,2023-09-13 23:59:59.999,4216126.614
2023-09-14,7.012,7.159,6.874,6.973,562588.5,2023-09-14 23:59:59.999,3932440.5234
2023-09-15,6.97,7.307,6.909,7.29,876149.2,2023-09-15 23:59:59.999,6202514.6701
2023-09-16,7.291,7.47,7.278,7.423,669731.2,2023-09-16 23:59:59.999,4940725.8496
2023-09-17,7.423,7.423,6.984,7.086,549553.6,2023-09-17 23:59:59.999,3965743.5229
2023-09-18,7.086,7.709,7.021,7.286,1227423.6,2023-09-18 23:59:59.999,9031249.7286
2023-09-19,7.288,7.658,7.247,7.606,1076782.1,2023-09-19 23:59:59.999,8098163.8045
2023-09-20,7.604,7.696,7.447,7.594,684791.2,2023-09-20 23:59:59.999,5200735.3987
2023-09-21,7.596,7.68,7.182,7.381,1127389.6,2023-09-21 23:59:59.999,8377085.5742
2023-09-22,7.381,7.522,7.32,7.481,677036.5,2023-09-22 23:59:59.999,5035930.6307
2023-09-23,7.483,7.58,7.351,7.402,420608.9,2023-09-23 23:59:59.999,3131406.2978
2023-09-24,7.402,7.418,7.194,7.221,685140.1,2023-09-24 23:59:59.999,5032359.7544
2023-09-25,7.22,7.697,7.132,7.564,1621960.2,2023-09-25 23:59:59.999,12238876.5992
2023-09-26,7.564,7.651,7.355,7.566,692707.3,2023-09-26 23:59:59.999,5200985.4691
2023-09-27,7.571,7.79,7.518,7.61,1116414.2,2023-09-27 23:59:59.999,8507882.6752
2023-09-28,7.609,7.908,7.593,7.801,814180.2,2023-09-28 23:59:59.999,6333815.7765
2023-09-29,7.799,7.842,7.619,7.78,565467.9,2023-09-29 23:59:59.999,4376667.3117
2023-09-30,7.782,7.827,7.683,7.783,411033.7,2023-09-30 23:59:59.999,3185481.3311
2023-10-01,7.784,8.485,7.757,8.36,948381.9,2023-10-01 23:59:59.999,7687882.8411
2023-10-02,8.361,8.406,7.981,8.108,935477.2,2023-10-02 23:59:59.999,7674138.693
2023-10-03,8.111,8.219,7.556,7.674,711293.7,2023-10-03 23:59:59.999,5612269.7726
2023-10-04,7.674,8.111,7.358,8.019,1125457.3,2023-10-04 23:59:59.999,8763773.0022
2023-10-05,8.019,8.211,7.804,7.818,984014.9,2023-10-05 23:59:59.999,7873430.5431
2023-10-06,7.819,8.255,7.818,8.17,757092.7,2023-10-06 23:59:59.999,6122993.8547
2023-10-07,8.17,8.229,7.982,8.04,454518.9,2023-10-07 23:59:59.999,3692931.1874
2023-10-08,8.041,8.075,7.785,8.029,628304.7,2023-10-08 23:59:59.999,4991950.7363
2023-10-09,8.029,8.108,7.409,7.542,840400.5,2023-10-09 23:59:59.999,6496760.1912
2023-10-10,7.542,7.922,7.184,7.372,1131571.3,2023-10-10 23:59:59.999,8540664.5476
2023-10-11,7.374,7.478,7.25,7.351,830411.4,2023-10-11 23:59:59.999,6114526.5332
2023-10-12,7.35,7.417,7.186,7.345,725994.5,2023-10-12 23:59:59.999,5307464.7204
2023-10-13,7.345,7.51,7.265,7.365,472105.5,2023-10-13 23:59:59.999,3473992.5304
2023-10-14,7.365,7.4,7.282,7.348,345197.9,2023-10-14 23:59:59.999,2535333.661
2023-10-15,7.349,7.604,7.312,7.548,533445.0,2023-10-15 23:59:59.999,3981624.3717
2023-10-16,7.55,7.988,7.529,7.746,995246.1,2023-10-16 23:59:59.999,7683438.3473
2023-10-17,7.747,7.858,7.531,7.535,617941.1,2023-10-17 23:59:59.999,4765980.4658
2023-10-18,7.534,7.815,7.406,7.474,697369.6,2023-10-18 23:59:59.999,5302719.6762
2023-10-19,7.474,7.54,7.328,7.356,542768.8,2023-10-19 23:59:59.999,4028771.9623
2023-10-20,7.357,7.947,7.307,7.85,854207.2,2023-10-20 23:59:59.999,6613349.5348
2023-10-21,7.852,8.515,7.835,8.382,1060969.3,2023-10-21 23:59:59.999,8633089.7225
2023-10-22,8.381,8.433,7.95,8.358,875139.5,2023-10-22 23:59:59.999,7167662.1328
2023-10-23,8.359,8.881,8.084,8.775,1207478.5,2023-10-23 23:59:59.999,10194040.5349
2023-10-24,8.775,9.227,8.48,8.975,1719173.2,2023-10-24 23:59:59.999,15285147.3671
2023-10-25,8.976,9.195,8.775,8.974,887939.6,2023-10-25 23:59:59.999,7976124.5389
2023-10-26,8.972,9.476,8.622,9.007,1257716.4,2023-10-26 23:59:59.999,11373739.6655
2023-10-27,9.008,9.328,8.756,9.077,844180.9,2023-10-27 23:59:59.999,7673376.6181
2023-10-28,9.076,9.334,9.041,9.102,463999.0,2023-10-28 23:59:59.999,4264728.1648
2023-10-29,9.103,9.24,8.899,9.073,603536.0,2023-10-29 23:59:59.999,5487613.2265
2023-10-30,9.074,9.236,8.748,9.05,887861.6,2023-10-30 23:59:59.999,8034041.5822
2023-10-31,9.05,9.222,8.55,8.959,754827.2,2023-10-31 23:59:59.999,6763344.4847
2023-11-01,8.961,9.427,8.689,9.302,734656.4,2023-11-01 23:59:59.999,6624358.2213
2023-11-02,9.302,9.46,8.83,9.147,723160.7,2023-11-02 23:59:59.999,6645997.59
2023-11-03,9.149,9.419,8.761,9.367,1140987.0,2023-11-03 23:59:59.999,10427511.69
2023-11-04,9.365,9.483,9.137,9.46,1033373.0,2023-11-04 23:59:59.999,9587308.7478
2023-11-05,9.46,10.013,9.418,9.859,1036401.6,2023-11-05 23:59:59.999,10035906.2094
2023-11-06,9.858,10.941,9.756,10.739,2679290.7,2023-11-06 23:59:59.999,27682535.7829
2023-11-07,10.739,11.974,10.45,11.587,6124548.3,2023-11-07 23:59:59.999,68681963.8536
2023-11-08,11.587,13.398,11.35,12.808,4669167.2,2023-11-08 23:59:59.999,56835157.2204
2023-11-09,12.808,13.0,10.5,12.277,3398476.4,2023-11-09 23:59:59.999,41831289.6345
2023-11-10,12.275,12.459,11.246,11.964,1214970.3,2023-11-10 23:59:59.999,21618902.5471
2023-11-11,11.966,12.436,11.407,11.904,1912114.7,2023-11-11 23:59:59.999,22772707.1005
2023-11-12,11.902,12.796,11.3,11.743,1983091.6,2023-11-12 23:59:59.999,23806083.1108
2023-11-13,11.742,12.268,11.114,11.304,2771694.1,2023-11-13 23:59:59.999,32368852.9376
2023-11-14,11.298,11.581,10.298,10.85,1939760.0,2023-11-14 23:59:59.999,21562430.3238
2023-11-15,10.85,11.573,10.779,11.396,1342781.4,2023-11-15 23:59:59.999,15040846.969
2023-11-16,11.391,11.875,10.7,10.842,1697657.2,2023-11-16 23:59:59.999,19225342.3996
2023-11-17,10.846,11.297,10.167,10.753,1291287.5,2023-11-17 23:59:59.999,13876518.9646
2023-11-18,10.753,10.981,10.025,10.935,1044427.4,2023-11-18 23:59:59.999,11080538.8412
2023-11-19,10.934,11.114,10.612,11.027,1020267.4,2023-11-19 23:59:59.999,11132870.854
2023-11-20,11.028,11.215,10.557,10.677,1320524.2,2023-11-20 23:59:59.999,14478843.1699
2023-11-21,10.677,10.948,9.203,9.28,2027001.2,2023-11-21 23:59:59.999,20507618.3355
2023-11-22,9.279,9.998,9.243,9.897,1292439.0,2023-11-22 23:59:59.999,12517114.0513
2023-11-23,9.896,10.088,9.718,9.935,792872.1,2023-11-23 23:59:59.999,7878490.3364
2023-11-24,9.935,10.368,9.903,10.195,756301.7,2023-11-24 23:59:59.999,7681398.9447
2023-11-25,10.195,10.612,10.104,10.443,625255.1,2023-11-25 23:59:59.999,6501044.8143
2023-11-26,10.444,10.621,9.92,10.381,758634.0,2023-11-26 23:59:59.999,7846268.5767
2023-11-27,10.38,10.474,9.585,9.807,896032.4,2023-11-27 23:59:59.999,8905880.7268
2023-11-28,9.807,10.1,9.542,9.983,672957.8,2023-11-28 23:59:59.999,6631507.3522
2023-11-29,9.984,10.157,9.72,9.806,692431.7,2023-11-29 23:59:59.999,6870561.072
2023-11-30,9.806,10.045,9.749,10.039,714029.0,2023-11-30 23:59:59.999,7086758.6774
2023-12-01,10.04,10.215,9.938,10.182,841794.6,2023-12-01 23:59:59.999,8490126.029
2023-12-02,10.183,10.547,10.131,10.487,678200.5,2023-12-02 23:59:59.999,7020738.3243
2023-12-03,10.489,10.711,10.237,10.428,797325.1,2023-12-03 23:59:59.999,8329819.8449
2023-12-04,10.428,11.502,10.314,11.476,1922201.3,2023-12-04 23:59:59.999,20938236.9157
2023-12-05,11.477,11.739,10.886,11.189,1703135.6,2023-12-05 23:59:59.999,19167957.0105
2023-12-06,11.192,11.338,10.575,10.915,1315057.1,2023-12-06 23:59:59.999,14457444.1717
2023-12-07,10.916,11.423,10.796,11.221,1095153.8,2023-12-07 23:59:59.999,12210641.9739
2023-12-08,11.223,11.573,11.037,11.453,958793.0,2023-12-08 23:59:59.999,10842431.8584
2023-12-09,11.457,11.929,11.186,11.331,1258972.5,2023-12-09 23:59:59.999,14605813.3927
2023-12-10,11.331,11.589,10.886,11.537,688683.8,2023-12-10 23:59:59.999,7773275.9612
2023-12-11,11.538,11.59,9.66,10.134,1626147.8,2023-12-11 23:59:59.999,16845178.1041
2023-12-12,10.134,10.636,10.073,10.458,1371010.3,2023-12-12 23:59:59.999,14235422.4634
2023-12-13,10.461,10.575,9.802,10.433,1204556.1,2023-12-13 23:59:59.999,12299731.2409
2023-12-14,10.434,10.572,9.895,10.44,865971.3,2023-12-14 23:59:59.999,8937414.9056
2023-12-15,10.438,10.472,9.636,9.705,842165.7,2023-12-15 23:59:59.999,8491394.2735
2023-12-16,9.705,10.145,9.655,9.932,751560.1,2023-12-16 23:59:59.999,7487502.4391
2023-12-17,9.931,10.158,9.659,9.803,1194196.6,2023-12-17 23:59:59.999,11820436.6453
2023-12-18,9.802,9.897,8.834,9.446,1728476.2,2023-12-18 23:59:59.999,16134510.9426
2023-12-19,9.447,9.686,9.015,9.116,1194964.7,2023-12-19 23:59:59.999,11177743.9485
2023-12-20,9.114,10.048,8.984,9.774,1407338.7,2023-12-20 23:59:59.999,13473924.1581
2023-12-21,9.775,10.333,9.613,10.107,1282968.1,2023-12-21 23:59:59.999,12816733.4441
2023-12-22,10.108,10.279,9.75,10.257,1284567.2,2023-12-22 23:59:59.999,12861778.4449
2023-12-23,10.258,10.297,9.733,10.12,742107.8,2023-12-23 23:59:59.999,7423529.6363
2023-12-24,10.118,10.417,9.8,10.131,1296404.7,2023-12-24 23:59:59.999,13156117.821
2023-12-25,10.132,11.117,10.087,10.865,1626690.1,2023-12-25 23:59:59.999,17202406.4247
2023-12-26,10.868,11.551,10.01,11.12,2482899.0,2023-12-26 23:59:59.999,27176671.741
2023-12-27,11.123,11.762,10.48,11.303,1743460.4,2023-12-27 23:59:59.999,19454079.3352
2023-12-28,11.306,11.796,10.896,10.965,1742944.6,2023-12-28 23:59:59.999,19678321.0397
2023-12-29,10.966,11.028,9.32,9.657,5352520.6,2023-12-29 23:59:59.999,53154373.711
2023-12-30,9.655,10.037,9.411,9.537,2848526.1,2023-12-30 23:59:59.999,27693994.1393
2023-12-31,9.538,9.742,8.63,9.061,2237695.6,2023-12-31 23:59:59.999,20967732.7103
2024-01-01,9.062,9.36,8.71,9.288,1740555.0,2024-01-01 23:59:59.999,15660144.9114
2024-01-02,9.287,9.826,9.029,9.274,3234658.6,2024-01-02 23:59:59.999,30348246.7274
2024-01-03,9.275,9.515,6.606,8.037,3555004.9,2024-01-03 23:59:59.999,29632825.4718
2024-01-04,8.036,8.273,7.461,7.719,2703324.8,2024-01-04 23:59:59.999,21199898.6435
2024-01-05,7.717,8.044,7.223,7.87,3503544.8,2024-01-05 23:59:59.999,26933053.3163
2024-01-06,7.872,7.873,7.152,7.545,1771128.2,2024-01-06 23:59:59.999,13254198.198
2024-01-07,7.545,7.711,7.209,7.328,1467152.4,2024-01-07 23:59:59.999,11039972.2274
2024-01-08,7.328,7.634,6.627,7.577,1818170.7,2024-01-08 23:59:59.999,13079847.5882
2024-01-09,7.577,7.605,6.81,7.121,1827537.5,2024-01-09 23:59:59.999,13010502.7393
2024-01-10,7.123,8.314,7.003,8.041,1868681.3,2024-01-10 23:59:59.999,13976780.8228
2024-01-11,8.04,8.768,7.906,8.421,2219336.7,2024-01-11 23:59:59.999,18457494.1192
2024-01-12,8.421,10.57,8.315,9.153,14474825.5,2024-01-12 23:59:59.999,139604629.7644
2024-01-13,9.156,9.444,8.808,9.317,3745409.3,2024-01-13 23:59:59.999,34206849.7318
2024-01-14,9.314,9.58,8.877,8.92,2051116.4,2024-01-14 23:59:59.999,18877074.9192
2024-01-15,8.923,9.181,8.707,8.857,1526483.9,2024-01-15 23:59:59.999,13618142.2971
2024-01-16,8.859,8.975,8.442,8.552,1785708.3,2024-01-16 23:59:59.999,15585066.4359
2024-01-17,8.55,8.767,8.413,8.652,1371010.3,2024-01-17 23:59:59.999,11788648.4195
2024-01-18,8.652,8.665,8.056,8.431,1516131.3,2024-01-18 23:59:59.999,12760548.6284
2024-01-19,8.429,8.572,7.849,8.433,1552375.2,2024-01-19 23:59:59.999,12843040.7326
2024-01-20,8.43,8.598,8.212,8.42,777797.4,2024-01-20 23:59:59.999,6523505.9403
2024-01-21,8.419,8.56,8.248,8.266,642705.5,2024-01-21 23:59:59.999,5409225.4647
2024-01-22,8.266,8.322,7.632,7.721,1093138.4,2024-01-22 23:59:59.999,8715387.3607
2024-01-23,7.723,7.936,7.166,7.642,1549082.9,2024-01-23 23:59:59.999,11565197.4157
2024-01-24,7.644,7.814,7.486,7.702,872148.7,2024-01-24 23:59:59.999,6669195.5205
2024-01-25,7.702,7.76,7.482,7.684,518187.8,2024-01-25 23:59:59.999,3951587.2058
2024-01-26,7.684,8.087,7.56,8.029,819076.8,2024-01-26 23:59:59.999,6482721.9917
2024-01-27,8.029,8.146,7.909,8.102,516433.1,2024-01-27 23:59:59.999,4150277.1489
2024-01-28,8.102,8.235,7.789,7.902,580958.6,2024-01-28 23:59:59.999,4634309.8198
2024-01-29,7.901,8.14,7.785,8.094,638796.4,2024-01-29 23:59:59.999,5101105.9616
2024-01-30,8.096,8.212,7.9,7.948,636859.9,2024-01-30 23:59:59.999,5149728.568
2024-01-31,7.949,8.21,7.704,7.809,943315.1,2024-01-31 23:59:59.999,7497772.1106
2024-02-01,7.807,8.031,7.713,7.989,625751.4,2024-02-01 23:59:59.999,4933122.6689
2024-02-02,7.989,8.096,7.772,7.978,472555.4,2024-02-02 23:59:59.999,3757240.3846
2024-02-03,7.978,8.039,7.844,7.936,318433.9,2024-02-03 23:59:59.999,2528628.854
2024-02-04,7.936,7.942,7.679,7.751,441541.5,2024-02-04 23:59:59.999,3451577.0066
2024-02-05,7.748,7.978,7.62,7.81,634374.0,2024-02-05 23:59:59.999,4948926.0638
2024-02-06,7.81,8.758,7.759,8.193,3701203.5,2024-02-06 23:59:59.999,31040115.4916
2024-02-07,8.194,8.551,8.154,8.428,1752673.3,2024-02-07 23:59:59.999,14646746.5767
2024-02-08,8.423,8.516,8.193,8.288,1073791.0,2024-02-08 23:59:59.999,8958599.6961
2024-02-09,8.286,8.471,7.92,8.048,1594681.6,2024-02-09 23:59:59.999,13014056.2683
2024-02-10,8.049,8.137,7.8,8.012,1330755.1,2024-02-10 23:59:59.999,10622774.284
2024-02-11,8.013,8.11,7.837,7.883,935229.4,2024-02-11 23:59:59.999,7459705.8632
2024-02-12,7.881,8.093,7.604,8.042,1813573.1,2024-02-12 23:59:59.999,14192569.2482
2024-02-13,8.042,8.113,7.69,7.925,1301123.0,2024-02-13 23:59:59.999,10319225.2856
2024-02-14,7.925,8.225,7.808,8.189,1189752.3,2024-02-14 23:59:59.999,9588755.9731
2024-02-15,8.189,8.555,8.188,8.5,1432292.6,2024-02-15 23:59:59.999,12034640.2771
2024-02-16,8.501,9.025,8.345,8.507,2430854.2,2024-02-16 23:59:59.999,20967063.2315
2024-02-17,8.507,12.594,8.376,12.308,34274970.8,2024-02-17 23:59:59.999,389289623.1688
2024-02-18,12.308,14.067,10.8,11.209,29324748.2,2024-02-18 23:59:59.999,351779235.9277
2024-02-19,11.209,12.086,10.621,10.868,6965657.1,2024-02-19 23:59:59.999,77390814.3861
2024-02-20,10.869,11.154,9.316,10.13,4969812.4,2024-02-20 23:59:59.999,51986397.7624
2024-02-21,10.13,10.333,9.586,10.053,2931476.0,2024-02-21 23:59:59.999,29228809.2149
2024-02-22,10.053,11.064,9.75,10.23,4160104.0,2024-02-22 23:59:59.999,43668641.8176
2024-02-23,10.227,10.548,9.884,10.182,2956285.7,2024-02-23 23:59:59.999,30100472.4056
2024-02-24,10.182,10.448,9.9,10.197,1573673.0,2024-02-24 23:59:59.999,16074536.4873
2024-02-25,10.197,10.803,10.141,10.395,2178529.3,2024-02-25 23:59:59.999,22662764.51
2024-02-26,10.395,10.882,10.15,10.836,1841104.6,2024-02-26 23:59:59.999,19364147.3899
2024-02-27,10.832,11.283,10.426,11.197,2154115.3,2024-02-27 23:59:59.999,23350582.0202
2024-02-28,11.201,11.625,9.61,11.365,3435992.1,2024-02-28 23:59:59.999,37545627.1305
2024-02-29,11.368,12.126,10.879,11.29,2722058.7,2024-02-29 23:59:59.999,31469578.0341
2024-03-01,11.29,11.872,11.286,11.796,1442785.7,2024-03-01 23:59:59.999,16788960.6979
2024-03-02,11.795,12.5,11.564,12.455,1695260.9,2024-03-02 23:59:59.999,20282410.9521
2024-03-03,12.453,12.872,10.6,12.153,2167056.6,2024-03-03 23:59:59.999,26140378.7077
2024-03-04,12.154,12.755,11.606,12.147,2062737.8,2024-03-04 23:59:59.999,25302415.6779
2024-03-05,12.147,12.621,9.65,11.098,3232882.4,2024-03-05 23:59:59.999,37483934.3406
2024-03-06,11.1,11.94,10.627,11.893,1929305.5,2024-03-06 23:59:59.999,22129763.642
2024-03-07,11.895,12.483,11.722,12.415,1759004.2,2024-03-07 23:59:59.999,21332415.7265
2024-03-08,12.411,13.593,11.443,13.197,3290768.2,2024-03-08 23:59:59.999,40957720.5648
2024-03-09,13.196,13.76,12.79,12.929,2832340.5,2024-03-09 23:59:59.999,37379241.3884
2024-03-10,12.931,13.025,12.097,12.623,1667287.4,2024-03-10 23:59:59.999,21060890.4912
2024-03-11,12.624,13.892,11.617,13.571,1934595.6,2024-03-11 23:59:59.999,25227158.9321
2024-03-12,13.57,15.564,13.093,15.38,3914112.2,2024-03-12 23:59:59.999,55448045.9741
2024-03-13,15.38,18.597,15.279,17.281,8722461.6,2024-03-13 23:59:59.999,147695233.7758
2024-03-14,17.281,17.506,16.01,17.152,3084686.7,2024-03-14 23:59:59.999,51840919.3303
2024-03-15,17.154,17.312,14.94,16.292,3693535.0,2024-03-15 23:59:59.999,59419573.5057
2024-03-16,16.289,17.15,13.807,14.151,2657876.5,2024-03-16 23:59:59.999,40862016.7285
2024-03-17,14.153,15.887,13.49,15.283,2239600.3,2024-03-17 23:59:59.999,32935966.49
2024-03-18,15.284,15.559,13.545,13.808,1889249.7,2024-03-18 23:59:59.999,27277989.9882
2024-03-19,13.808,14.012,12.008,12.347,2547627.2,2024-03-19 23:59:59.999,32675109.6391
2024-03-20,12.346,13.916,11.861,13.893,1859140.8,2024-03-20 23:59:59.999,23814525.6571
2024-03-21,13.891,14.122,13.363,13.9,1337289.5,2024-03-21 23:59:59.999,18418459.7169
2024-03-22,13.899,14.336,12.85,13.294,1456098.4,2024-03-22 23:59:59.999,19704318.9406
2024-03-23,13.295,13.872,13.131,13.352,819692.6,2024-03-23 23:59:59.999,11085319.591
2024-03-24,13.352,13.981,13.212,13.819,746898.0,2024-03-24 23:59:59.999,10135542.6019
2024-03-25,13.819,14.717,13.762,14.464,941399.3,2024-03-25 23:59:59.999,13383162.8594
2024-03-26,14.465,14.819,13.849,14.359,973983.6,2024-03-26 23:59:59.999,14005917.3471
2024-03-27,14.36,14.482,13.569,14.079,1017389.7,2024-03-27 23:59:59.999,14308154.2075
2024-03-28,14.079,14.42,13.613,13.8,862138.6,2024-03-28 23:59:59.999,12001433.2541
2024-03-29,13.799,15.403,13.684,14.864,3248436.1,2024-03-29 23:59:59.999,47397180.791
2024-03-30,14.863,15.5,14.209,14.484,2368475.2,2024-03-30 23:59:59.999,34838547.4674
2024-03-31,14.484,15.294,14.378,14.863,1499495.3,2024-03-31 23:59:59.999,22305874.818
2024-04-01,14.862,15.609,13.058,14.152,2362989.6,2024-04-01 23:59:59.999,34297052.4199
2024-04-02,14.152,14.202,12.545,12.787,1769416.2,2024-04-02 23:59:59.999,23175668.3539
2024-04-03,12.786,13.3,12.278,12.758,1096407.5,2024-04-03 23:59:59.999,14104286.9206
2024-04-04,12.756,13.323,12.422,13.04,1062539.7,2024-04-04 23:59:59.999,13731161.0618
2024-04-05,13.038,13.041,12.111,12.591,1037986.5,2024-04-05 23:59:59.999,13075252.1157
2024-04-06,12.591,12.961,12.479,12.77,632762.1,2024-04-06 23:59:59.999,8073351.7374
2024-04-07,12.771,13.113,12.717,13.04,539123.0,2024-04-07 23:59:59.999,6956234.5574
2024-04-08,13.039,13.054,11.746,12.241,2773272.6,2024-04-08 23:59:59.999,34033266.7997
2024-04-09,12.244,12.678,11.258,11.675,1815785.8,2024-04-09 23:59:59.999,21590446.492
2024-04-10,11.676,11.764,10.846,11.544,1192520.1,2024-04-10 23:59:59.999,13614674.0286
2024-04-11,11.543,11.7,11.158,11.267,906189.4,2024-04-11 23:59:59.999,10358098.7745
2024-04-12,11.267,11.424,7.3,8.86,4383951.8,2024-04-12 23:59:59.999,42548655.1009
2024-04-13,8.857,9.097,6.946,8.162,2935728.7,2024-04-13 23:59:59.999,24542363.6473
2024-04-14,8.166,8.946,7.848,8.797,1604365.1,2024-04-14 23:59:59.999,13401489.7981
2024-04-15,8.798,9.167,8.157,8.596,1423964.7,2024-04-15 23:59:59.999,12358422.9809
2024-04-16,8.595,8.68,8.196,8.473,1594465.4,2024-04-16 23:59:59.999,13467595.0753
2024-04-17,8.472,8.621,8.01,8.323,1368424.0,2024-04-17 23:59:59.999,11406470.2605
2024-04-18,8.321,8.677,8.164,8.58,1124798.5,2024-04-18 23:59:59.999,9458727.4666
2024-04-19,8.581,8.931,7.919,8.673,1160562.5,2024-04-19 23:59:59.999,9923506.8748
2024-04-20,8.672,9.426,8.579,9.373,778259.6,2024-04-20 23:59:59.999,7000142.6166
2024-04-21,9.376,9.377,8.929,9.165,625015.4,2024-04-21 23:59:59.999,5732438.3801
2024-04-22,9.165,9.492,9.087,9.408,589318.5,2024-04-22 23:59:59.999,5479991.4917
2024-04-23,9.408,9.569,9.239,9.404,637427.9,2024-04-23 23:59:59.999,5988782.9503
2024-04-24,9.4,9.645,8.83,8.951,700437.1,2024-04-24 23:59:59.999,6514094.7751
2024-04-25,8.948,9.2,8.59,8.995,685480.8,2024-04-25 23:59:59.999,6078183.7747
2024-04-26,8.995,9.06,8.603,8.717,536598.2,2024-04-26 23:59:59.999,4732479.3995
2024-04-27,8.719,8.95,8.335,8.924,636567.2,2024-04-27 23:59:59.999,5553515.3512
2024-04-28,8.922,9.062,8.672,8.713,413151.4,2024-04-28 23:59:59.999,3687739.3999
2024-04-29,8.712,8.782,8.386,8.651,593519.4,2024-04-29 23:59:59.999,5084963.3886
2024-04-30,8.657,8.791,7.942,8.238,795986.2,2024-04-30 23:59:59.999,6583907.778
2024-05-01,8.238,8.481,7.788,8.411,779569.4,2024-05-01 23:59:59.999,6352680.5229
2024-05-02,8.411,8.798,8.103,8.671,461266.5,2024-05-02 23:59:59.999,3905783.503
2024-05-03,8.671,8.888,8.493,8.794,573314.5,2024-05-03 23:59:59.999,4989309.4961
2024-05-04,8.794,8.968,8.684,8.782,505410.3,2024-05-04 23:59:59.999,4454573.8979
2024-05-05,8.782,9.17,8.601,9.024,580929.4,2024-05-05 23:59:59.999,5144952.5915
2024-05-06,9.028,9.318,8.85,8.934,679007.7,2024-05-06 23:59:59.999,6143275.2779
2024-05-07,8.935,9.105,8.704,8.785,574292.2,2024-05-07 23:59:59.999,5115397.1596
2024-05-08,8.783,8.983,8.611,8.901,567128.4,2024-05-08 23:59:59.999,4985908.5188
2024-05-09,8.901,9.223,8.635,9.153,596407.7,2024-05-09 23:59:59.999,5342430.47
2024-05-10,9.151,9.326,8.473,8.601,724670.4,2024-05-10 23:59:59.999,6430436.5459
2024-05-11,8.603,8.764,8.359,8.409,388023.7,2024-05-11 23:59:59.999,3324342.3979
2024-05-12,8.408,8.494,8.064,8.129,638278.8,2024-05-12 23:59:59.999,5279226.0448
2024-05-13,8.127,8.639,7.821,8.272,1366054.7,2024-05-13 23:59:59.999,11386380.6121
2024-05-14,8.272,8.509,8.051,8.106,761352.6,2024-05-14 23:59:59.999,6309395.5063
2024-05-15,8.107,8.644,8.055,8.523,732387.4,2024-05-15 23:59:59.999,6112879.8644
2024-05-16,8.525,8.672,8.04,8.349,828079.2,2024-05-16 23:59:59.999,6895204.3799
2024-05-17,8.352,8.748,8.227,8.666,675623.9,2024-05-17 23:59:59.999,5783877.7615
2024-05-18,8.664,8.69,8.411,8.55,434451.3,2024-05-18 23:59:59.999,3721066.3051
2024-05-19,8.549,8.586,8.094,8.219,528742.0,2024-05-19 23:59:59.999,4416903.0157
2024-05-20,8.219,9.098,8.058,9.035,785322.8,2024-05-20 23:59:59.999,6701406.7408
2024-05-21,9.035,9.236,8.786,8.903,730181.4,2024-05-21 23:59:59.999,6579625.6896
2024-05-22,8.903,9.602,8.793,9.447,1530031.7,2024-05-22 23:59:59.999,14135438.5912
2024-05-23,9.447,9.778,8.939,9.6,1842599.8,2024-05-23 23:59:59.999,17463298.2275
2024-05-24,9.597,9.878,9.114,9.505,902789.7,2024-05-24 23:59:59.999,8554581.5649
2024-05-25,9.504,9.75,9.405,9.527,522018.1,2024-05-25 23:59:59.999,4995563.6085
2024-05-26,9.527,9.574,9.282,9.358,436872.2,2024-05-26 23:59:59.999,4112310.0399
2024-05-27,9.358,9.969,9.337,9.766,581744.1,2024-05-27 23:59:59.999,5629542.7909
2024-05-28,9.766,9.835,9.485,9.752,568153.2,2024-05-28 23:59:59.999,5490064.0275
2024-05-29,9.752,10.15,9.603,9.617,709877.2,2024-05-29 23:59:59.999,7007280.2231
2024-05-30,9.62,9.777,9.205,9.536,598851.0,2024-05-30 23:59:59.999,5706612.3259
2024-05-31,9.534,9.76,9.382,9.678,501487.4,2024-05-31 23:59:59.999,4810508.8497
2024-06-01,9.681,9.7,9.466,9.488,261178.7,2024-06-01 23:59:59.999,2505601.2861
2024-06-02,9.488,9.655,9.089,9.178,475605.8,2024-06-02 23:59:59.999,4447578.4832
2024-06-03,9.178,9.43,9.028,9.288,603783.8,2024-06-03 23:59:59.999,5604994.8984
2024-06-04,9.287,9.714,9.084,9.492,659465.0,2024-06-04 23:59:59.999,6191794.3131
2024-06-05,9.493,9.588,9.318,9.461,387756.1,2024-06-05 23:59:59.999,3662542.0271
2024-06-06,9.464,9.476,9.139,9.309,357686.6,2024-06-06 23:59:59.999,3323920.0366
2024-06-07,9.312,9.581,7.225,8.454,1683219.4,2024-06-07 23:59:59.999,14563303.2813
2024-06-08,8.453,8.554,7.79,7.872,758351.3,2024-06-08 23:59:59.999,6177918.7648
2024-06-09,7.872,8.031,7.672,7.87,755072.5,2024-06-09 23:59:59.999,5921447.7023
2024-06-10,7.869,8.211,7.553,7.895,1050611.2,2024-06-10 23:59:59.999,8308153.2363
2024-06-11,7.895,7.99,7.321,7.594,1230092.5,2024-06-11 23:59:59.999,9401910.4669
2024-06-12,7.592,7.998,7.38,7.877,753884.6,2024-06-12 23:59:59.999,5873390.6847
2024-06-13,7.878,7.944,7.27,7.32,809994.6,2024-06-13 23:59:59.999,6126723.4408
2024-06-14,7.323,7.545,7.0,7.271,721205.1,2024-06-14 23:59:59.999,5280055.7336
2024-06-15,7.269,7.378,7.189,7.238,296312.0,2024-06-15 23:59:59.999,2159866.5111
2024-06-16,7.241,7.355,7.111,7.318,359312.0,2024-06-16 23:59:59.999,2599520.0381
2024-06-17,7.318,7.376,6.612,6.851,746049.8,2024-06-17 23:59:59.999,5221659.5878
2024-06-18,6.853,6.894,5.677,6.291,1560056.9,2024-06-18 23:59:59.999,9791146.2446
2024-06-19,6.291,6.616,6.233,6.512,555969.7,2024-06-19 23:59:59.999,3612145.4239
2024-06-20,6.514,6.847,6.458,6.618,529868.4,2024-06-20 23:59:59.999,3517962.5382
2024-06-21,6.618,6.808,6.518,6.614,710548.1,2024-06-21 23:59:59.999,4731836.6151
2024-06-22,6.617,6.618,6.395,6.439,353634.2,2024-06-22 23:59:59.999,2293893.6813
2024-06-23,6.439,6.674,6.246,6.359,485571.4,2024-06-23 23:59:59.999,3155932.4805
2024-06-24,6.359,6.491,5.928,6.477,771677.0,2024-06-24 23:59:59.999,4848758.2745
2024-06-25,6.477,6.711,6.429,6.648,398652.4,2024-06-25 23:59:59.999,2625273.4457
2024-06-26,6.648,6.765,6.425,6.553,356322.0,2024-06-26 23:59:59.999,2346790.7737
2024-06-27,6.557,6.731,6.402,6.704,357792.2,2024-06-27 23:59:59.999,2350929.0841
2024-06-28,6.704,6.935,6.568,6.585,559036.2,2024-06-28 23:59:59.999,3739052.7902
2024-06-29,6.586,6.679,6.383,6.406,339636.5,2024-06-29 23:59:59.999,2228333.5915
2024-06-30,6.406,6.75,6.329,6.74,364176.0,2024-06-30 23:59:59.999,2373270.0365
2024-07-01,6.741,8.071,6.705,7.155,18822607.0,2024-07-01 23:59:59.999,140057862.0473
2024-07-02,7.155,7.777,7.0,7.66,7061921.7,2024-07-02 23:59:59.999,51466814.5296
2024-07-03,7.661,8.364,7.655,8.087,19495927.6,2024-07-03 23:59:59.999,157417310.7823
2024-07-04,8.087,8.704,7.693,7.962,19970734.3,2024-07-04 23:59:59.999,162885847.1457
2024-07-05,7.962,9.88,7.357,9.61,32098141.3,2024-07-05 23:59:59.999,283829332.7956
2024-07-06,9.61,10.207,9.076,9.541,20440200.3,2024-07-06 23:59:59.999,195410988.0392
2024-07-07,9.541,10.5,8.289,8.317,18767560.5,2024-07-07 23:59:59.999,172861611.9744
2024-07-08,8.317,9.169,8.023,9.07,11904011.1,2024-07-08 23:59:59.999,100400436.9396
2024-07-09,9.071,11.101,9.056,10.859,30843914.9,2024-07-09 23:59:59.999,318821120.8416
2024-07-10,10.859,11.621,10.664,10.804,13345548.0,2024-07-10 23:59:59.999,146498168.4762
2024-07-11,10.805,11.0,10.458,10.685,6570743.8,2024-07-11 23:59:59.999,70533766.5323
2024-07-12,10.685,10.79,8.6,9.005,13798039.2,2024-07-12 23:59:59.999,130624584.7443
2024-07-13,9.005,12.15,8.933,11.126,35969968.1,2024-07-13 23:59:59.999,394313204.1885
2024-07-14,11.124,11.982,10.903,11.462,14962904.9,2024-07-14 23:59:59.999,171755565.4615
2024-07-15,11.461,12.872,11.115,12.03,12642145.9,2024-07-15 23:59:59.999,150132232.3787
2024-07-16,12.03,12.27,11.536,11.728,6570879.4,2024-07-16 23:59:59.999,77963228.5862
2024-07-17,11.727,12.013,11.35,11.651,4130245.9,2024-07-17 23:59:59.999,48080590.3653
2024-07-18,11.652,12.614,11.523,12.374,5656484.1,2024-07-18 23:59:59.999,68056029.4706
2024-07-19,12.375,12.659,11.859,12.301,4618037.2,2024-07-19 23:59:59.999,56741255.2512
2024-07-20,12.3,13.35,12.208,12.849,4562197.1,2024-07-20 23:59:59.999,58397812.9729
2024-07-21,12.848,12.923,11.858,12.113,3044679.7,2024-07-21 23:59:59.999,37534324.0974
2024-07-22,12.114,12.298,11.53,11.803,3319565.1,2024-07-22 23:59:59.999,39286983.773
2024-07-23,11.801,11.941,11.131,11.341,2818748.4,2024-07-23 23:59:59.999,32412193.6312
2024-07-24,11.336,11.634,11.15,11.463,1615888.2,2024-07-24 23:59:59.999,18394506.4588
2024-07-25,11.464,11.763,10.433,11.438,5105554.5,2024-07-25 23:59:59.999,57543563.5479
2024-07-26,11.437,11.81,10.813,11.243,3383722.7,2024-07-26 23:59:59.999,38052179.0227
2024-07-27,11.243,11.264,10.54,10.761,2629877.9,2024-07-27 23:59:59.999,28656765.9701
2024-07-28,10.76,11.387,10.453,11.034,2470815.5,2024-07-28 23:59:59.999,27016260.9785
2024-07-29,11.035,11.234,10.615,10.84,2636691.4,2024-07-29 23:59:59.999,28639222.213
2024-07-30,10.84,11.088,9.588,9.676,5060724.6,2024-07-30 23:59:59.999,51242309.6579
2024-07-31,9.677,9.875,9.165,9.674,6091066.6,2024-07-31 23:59:59.999,58015441.4387
2024-08-01,9.675,10.2,9.237,9.658,8988533.5,2024-08-01 23:59:59.999,87941845.8802
2024-08-02,9.657,10.121,9.416,9.673,3984065.6,2024-08-02 23:59:59.999,39021776.8177
2024-08-03,9.671,9.71,8.331,8.404,4385891.9,2024-08-03 23:59:59.999,39517300.1679
2024-08-04,8.406,9.112,7.936,8.356,3918402.4,2024-08-04 23:59:59.999,33309845.0933
2024-08-05,8.355,8.467,6.633,7.579,8188968.4,2024-08-05 23:59:59.999,61084131.8269
2024-08-06,7.579,8.315,7.554,7.809,3186060.7,2024-08-06 23:59:59.999,25157587.8054
2024-08-07,7.81,8.154,7.502,7.674,2517368.1,2024-08-07 23:59:59.999,19648916.449
2024-08-08,7.675,8.34,7.53,8.288,1807990.2,2024-08-08 23:59:59.999,14525361.336
2024-08-09,8.284,8.82,8.197,8.54,2712997.7,2024-08-09 23:59:59.999,23091410.5906
2024-08-10,8.54,8.824,8.472,8.706,1672352.3,2024-08-10 23:59:59.999,14451950.3664
2024-08-11,8.706,8.792,8.286,8.301,1381059.1,2024-08-11 23:59:59.999,11811920.7803
2024-08-12,8.3,8.734,8.154,8.572,1577837.6,2024-08-12 23:59:59.999,13381158.1896
2024-08-13,8.572,8.638,8.196,8.591,1300868.8,2024-08-13 23:59:59.999,10966558.9305
2024-08-14,8.59,8.656,8.241,8.323,1035807.8,2024-08-14 23:59:59.999,8763823.549
2024-08-15,8.323,8.381,7.431,7.614,3664389.5,2024-08-15 23:59:59.999,28489836.0586
2024-08-16,7.616,7.951,7.565,7.808,2247510.1,2024-08-16 23:59:59.999,17424445.4176
2024-08-17,7.808,7.9,7.641,7.816,958418.0,2024-08-17 23:59:59.999,7452652.4469
2024-08-18,7.815,7.935,7.696,7.732,932708.4,2024-08-18 23:59:59.999,7299242.7099
2024-08-19,7.731,7.956,7.619,7.817,1093497.3,2024-08-19 23:59:59.999,8499874.7423
2024-08-20,7.82,7.979,7.556,7.702,1262825.2,2024-08-20 23:59:59.999,9794790.5147
2024-08-21,7.703,7.903,7.562,7.863,1001612.7,2024-08-21 23:59:59.999,7734693.7812
2024-08-22,7.864,8.246,7.738,8.17,1474813.4,2024-08-22 23:59:59.999,11867992.876
2024-08-23,8.171,8.781,8.153,8.684,1796337.6,2024-08-23 23:59:59.999,15131082.7271
2024-08-24,8.686,9.244,8.628,8.984,1363423.5,2024-08-24 23:59:59.999,12160840.4341
2024-08-25,8.986,9.055,8.585,8.72,925698.0,2024-08-25 23:59:59.999,8117653.7946
2024-08-26,8.722,8.828,7.98,8.007,1203680.4,2024-08-26 23:59:59.999,10086250.1357
2024-08-27,8.004,8.324,7.488,7.703,1441455.3,2024-08-27 23:59:59.999,11484662.6645
2024-08-28,7.703,7.783,7.201,7.415,1685216.8,2024-08-28 23:59:59.999,12657494.912
2024-08-29,7.415,7.836,7.356,7.521,1427252.8,2024-08-29 23:59:59.999,10837797.3574
2024-08-30,7.523,7.633,7.166,7.5,1314981.3,2024-08-30 23:59:59.999,9790629.367
2024-08-31,7.5,7.549,7.242,7.288,638284.1,2024-08-31 23:59:59.999,4711606.035
2024-09-01,7.289,7.419,7.032,7.061,1130690.1,2024-09-01 23:59:59.999,8167015.2517
2024-09-02,7.061,7.407,7.035,7.348,1045029.5,2024-09-02 23:59:59.999,7570863.4575
2024-09-03,7.348,7.539,7.135,7.157,886457.4,2024-09-03 23:59:59.999,6520762.5407
2024-09-04,7.154,7.516,6.826,7.362,1277867.4,2024-09-04 23:59:59.999,9247363.0121
2024-09-05,7.361,7.487,7.161,7.274,886164.0,2024-09-05 23:59:59.999,6502044.5115
2024-09-06,7.272,7.931,7.192,7.796,6907983.5,2024-09-06 23:59:59.999,53076696.7058
2024-09-07,7.798,8.169,7.704,7.991,5292806.2,2024-09-07 23:59:59.999,41939721.0205
2024-09-08,7.992,8.331,7.912,8.179,2257038.2,2024-09-08 23:59:59.999,18389411.4248
2024-09-09,8.178,8.328,8.028,8.221,1628350.0,2024-09-09 23:59:59.999,13324237.2558
2024-09-10,8.22,8.263,8.02,8.084,954631.5,2024-09-10 23:59:59.999,7757008.6738
2024-09-11,8.084,8.09,7.612,7.785,1880239.8,2024-09-11 23:59:59.999,14616615.9618
2024-09-12,7.784,8.119,7.756,8.116,992789.1,2024-09-12 23:59:59.999,7840970.4548
2024-09-13,8.117,8.239,7.947,8.145,897813.3,2024-09-13 23:59:59.999,7263741.2725
2024-09-14,8.147,8.283,8.038,8.094,534559.3,2024-09-14 23:59:59.999,4357123.0892
2024-09-15,8.091,8.254,7.772,7.827,631246.6,2024-09-15 23:59:59.999,5075644.7251
2024-09-16,7.828,7.907,7.576,7.667,830896.6,2024-09-16 23:59:59.999,6432732.9221
2024-09-17,7.666,7.935,7.646,7.867,664912.0,2024-09-17 23:59:59.999,5196786.1855
2024-09-18,7.865,8.081,7.574,8.076,820200.7,2024-09-18 23:59:59.999,6424499.8951
2024-09-19,8.076,8.445,8.076,8.334,794035.1,2024-09-19 23:59:59.999,6601758.6429
2024-09-20,8.332,8.519,8.043,8.233,1104725.8,2024-09-20 23:59:59.999,9138373.5941
2024-09-21,8.233,8.383,8.127,8.361,580510.7,2024-09-21 23:59:59.999,4793400.3002
2024-09-22,8.361,8.399,7.864,8.046,824382.1,2024-09-22 23:59:59.999,6715576.461
2024-09-23,8.048,8.372,7.902,8.23,675960.9,2024-09-23 23:59:59.999,5548477.3623
2024-09-24,8.229,8.495,8.061,8.444,918065.7,2024-09-24 23:59:59.999,7633787.8934
2024-09-25,8.442,8.662,8.208,8.253,756966.0,2024-09-25 23:59:59.999,6400372.6983
2024-09-26,8.253,8.679,8.142,8.602,790234.0,2024-09-26 23:59:59.999,6687680.2259
2024-09-27,8.598,8.828,8.538,8.767,790943.4,2024-09-27 23:59:59.999,6867503.0629
2024-09-28,8.764,8.858,8.43,8.561,614844.0,2024-09-28 23:59:59.999,5296902.9595
2024-09-29,8.563,8.631,8.259,8.485,703732.9,2024-09-29 23:59:59.999,5946762.3765
2024-09-30,8.492,8.543,7.988,8.049,941231.0,2024-09-30 23:59:59.999,7790008.1655
2024-10-01,8.049,8.248,7.257,7.572,1673299.1,2024-10-01 23:59:59.999,12957417.251
2024-10-02,7.571,7.794,7.14,7.329,1179520.4,2024-10-02 23:59:59.999,8815512.1341
2024-10-03,7.328,7.481,7.045,7.336,1055833.5,2024-10-03 23:59:59.999,7650341.9009
2024-10-04,7.335,7.572,7.264,7.532,724648.8,2024-10-04 23:59:59.999,5382917.228
2024-10-05,7.533,7.67,7.386,7.519,502684.4,2024-10-05 23:59:59.999,3792432.5906
2024-10-06,7.521,8.042,7.473,7.986,654881.4,2024-10-06 23:59:59.999,5037221.0009
2024-10-07,7.984,8.273,7.806,7.819,1038185.5,2024-10-07 23:59:59.999,8328337.7993
2024-10-08,7.822,8.024,7.714,7.832,673964.1,2024-10-08 23:59:59.999,5292546.0541
2024-10-09,7.832,7.935,7.641,7.756,618914.5,2024-10-09 23:59:59.999,4834083.6209
2024-10-10,7.756,8.073,7.677,8.072,688628.2,2024-10-10 23:59:59.999,5375201.9404
2024-10-11,8.074,8.536,7.965,8.324,1402790.9,2024-10-11 23:59:59.999,11571092.7048
2024-10-12,8.323,8.426,8.07,8.137,638131.8,2024-10-12 23:59:59.999,5275451.2846
2024-10-13,8.137,8.328,7.974,8.129,563741.4,2024-10-13 23:59:59.999,4588328.8901
2024-10-14,8.129,8.428,8.02,8.366,768142.0,2024-10-14 23:59:59.999,6361848.8028
2024-10-15,8.368,8.513,8.036,8.28,1118151.7,2024-10-15 23:59:59.999,9254278.5895
2024-10-16,8.28,8.6,8.132,8.141,989030.0,2024-10-16 23:59:59.999,8252286.451
2024-10-17,8.141,8.256,7.843,8.042,995611.8,2024-10-17 23:59:59.999,7991058.0071
2024-10-18,8.042,8.177,7.958,8.136,547435.9,2024-10-18 23:59:59.999,4411953.0621
2024-10-19,8.135,8.173,7.901,8.117,527601.3,2024-10-19 23:59:59.999,4242536.9068
2024-10-20,8.117,8.403,7.927,8.403,647960.6,2024-10-20 23:59:59.999,5288113.3382
2024-10-21,8.403,8.426,7.918,7.972,970911.4,2024-10-21 23:59:59.999,7877941.2374
2024-10-22,7.971,8.066,7.716,7.926,1172644.9,2024-10-22 23:59:59.999,9233979.71
2024-10-23,7.927,7.94,7.476,7.703,955405.2,2024-10-23 23:59:59.999,7348883.7924
2024-10-24,7.704,7.831,7.611,7.798,585734.9,2024-10-24 23:59:59.999,4529979.8249
2024-10-25,7.797,7.842,7.073,7.351,1060551.0,2024-10-25 23:59:59.999,8010941.1204
2024-10-26,7.351,7.414,7.094,7.313,708139.6,2024-10-26 23:59:59.999,5145411.1819
2024-10-27,7.311,7.511,7.267,7.479,423307.0,2024-10-27 23:59:59.999,3130981.3052
2024-10-28,7.479,7.759,7.32,7.661,992912.3,2024-10-28 23:59:59.999,7488277.125
2024-10-29,7.661,7.882,7.582,7.844,732181.2,2024-10-29 23:59:59.999,5653530.7999
2024-10-30,7.844,7.874,7.596,7.612,520060.1,2024-10-30 23:59:59.999,4013783.0697
2024-10-31,7.612,7.654,7.249,7.368,660760.6,2024-10-31 23:59:59.999,4922913.4431
2024-11-01,7.369,7.529,7.22,7.326,755869.0,2024-11-01 23:59:59.999,5564461.4785
2024-11-02,7.326,7.524,7.278,7.439,679405.4,2024-11-02 23:59:59.999,5038390.8969
2024-11-03,7.439,7.445,6.958,7.204,1089535.5,2024-11-03 23:59:59.999,7807281.9792
2024-11-04,7.205,7.303,6.878,6.993,923521.2,2024-11-04 23:59:59.999,6606800.4213
2024-11-05,6.993,7.297,6.889,7.132,1152925.4,2024-11-05 23:59:59.999,8193744.5386
2024-11-06,7.133,7.863,7.133,7.826,1424761.4,2024-11-06 23:59:59.999,10705042.9366
2024-11-07,7.826,8.039,7.768,7.993,961688.4,2024-11-07 23:59:59.999,7637681.6021
2024-11-08,7.992,8.048,7.765,7.97,880659.1,2024-11-08 23:59:59.999,6979469.3423
2024-11-09,7.972,8.242,7.848,8.21,717436.8,2024-11-09 23:59:59.999,5746308.8906
2024-11-10,8.209,10.675,8.137,9.382,4930426.5,2024-11-10 23:59:59.999,46927481.7647
2024-11-11,9.385,9.755,8.904,9.727,2471459.1,2024-11-11 23:59:59.999,23139932.7373
2024-11-12,9.729,9.861,8.712,9.193,2277334.1,2024-11-12 23:59:59.999,21070668.1044
2024-11-13,9.196,9.376,8.409,8.94,2331865.5,2024-11-13 23:59:59.999,20595144.8754
2024-11-14,8.94,9.252,8.6,8.806,1607334.9,2024-11-14 23:59:59.999,14284364.4151
2024-11-15,8.805,8.987,8.392,8.955,1369990.4,2024-11-15 23:59:59.999,11935200.6393
2024-11-16,8.953,9.74,8.728,9.618,1676658.8,2024-11-16 23:59:59.999,15494278.8205
2024-11-17,9.619,9.715,8.943,9.4,1821891.4,2024-11-17 23:59:59.999,16881406.5251
2024-11-18,9.399,9.702,9.104,9.607,1711202.2,2024-11-18 23:59:59.999,16193291.7642
2024-11-19,9.605,9.688,9.092,9.416,1507400.5,2024-11-19 23:59:59.999,14055831.0322
2024-11-20,9.418,9.424,8.261,8.399,2465836.1,2024-11-20 23:59:59.999,21609548.4587
2024-11-21,8.399,8.865,8.056,8.592,2554585.3,2024-11-21 23:59:59.999,21530254.0381
2024-11-22,8.591,8.769,8.197,8.725,1740923.3,2024-11-22 23:59:59.999,14717598.1121
2024-11-23,8.73,10.986,8.668,10.54,5312655.7,2024-11-23 23:59:59.999,52804426.1839
2024-11-24,10.545,13.597,10.504,11.622,9826516.2,2024-11-24 23:59:59.999,118467059.2626
2024-11-25,11.615,13.044,11.067,12.045,3768994.1,2024-11-25 23:59:59.999,45717096.5368
2024-11-26,12.04,12.623,11.146,11.938,2418984.3,2024-11-26 23:59:59.999,28512798.0242
2024-11-27,11.937,16.27,11.79,16.259,11777081.3,2024-11-27 23:59:59.999,170445443.0733
2024-11-28,16.258,16.83,14.819,15.019,6222117.0,2024-11-28 23:59:59.999,96165836.1682
2024-11-29,15.018,16.636,14.06,14.851,4089474.6,2024-11-29 23:59:59.999,61423243.852
2024-11-30,14.85,18.11,14.77,16.34,7701402.2,2024-11-30 23:59:59.999,127945101.0401
2024-12-01,16.342,17.833,15.822,17.703,3069203.3,2024-12-01 23:59:59.999,51421460.6618
2024-12-02,17.695,18.896,16.116,17.648,4632943.3,2024-12-02 23:59:59.999,79757601.2626
2024-12-03,17.644,18.641,15.632,17.123,3562621.5,2024-12-03 23:59:59.999,60682778.2715
2024-12-04,17.119,17.763,16.089,16.48,2961814.5,2024-12-04 23:59:59.999,50095910.3704
2024-12-05,16.481,17.79,15.712,16.421,2651723.0,2024-12-05 23:59:59.999,44404726.2074
2024-12-06,16.42,17.686,16.35,17.538,2392962.3,2024-12-06 23:59:59.999,40950015.0682
2024-12-07,17.537,19.5,17.376,17.63,2784217.4,2024-12-07 23:59:59.999,50627813.05
2024-12-08,17.631,18.198,17.022,17.46,1624250.2,2024-12-08 23:59:59.999,28557741.5648
2024-12-09,17.46,17.463,11.8,13.949,3991185.9,2024-12-09 23:59:59.999,60176337.5707
2024-12-10,13.943,14.329,12.192,13.633,3404278.7,2024-12-10 23:59:59.999,45453054.188
2024-12-11,13.628,15.225,13.012,14.994,1993717.2,2024-12-11 23:59:59.999,28510518.3846
2024-12-12,14.994,16.32,14.85,15.562,1668451.3,2024-12-12 23:59:59.999,26264556.1839
2024-12-13,15.56,15.778,14.801,15.197,1432028.7,2024-12-13 23:59:59.999,21757202.3971
2024-12-14,15.193,15.387,14.267,14.766,1438859.9,2024-12-14 23:59:59.999,21291697.6312
2024-12-15,14.769,15.365,14.349,15.124,1260784.4,2024-12-15 23:59:59.999,18764336.5521
2024-12-16,15.129,15.515,14.151,14.528,1558066.8,2024-12-16 23:59:59.999,22976380.2412
2024-12-17,14.528,15.42,14.008,14.542,1711437.5,2024-12-17 23:59:59.999,25095459.118
2024-12-18,14.541,15.571,13.521,14.435,3069212.7,2024-12-18 23:59:59.999,44955409.6348
2024-12-19,14.436,16.789,14.213,15.82,8576764.8,2024-12-19 23:59:59.999,133619385.9736
2024-12-20,15.816,28.888,15.691,26.11,40666725.0,2024-12-20 23:59:59.999,893214308.9744
2024-12-21,26.102,29.84,24.367,26.987,31409620.1,2024-12-21 23:59:59.999,838994535.0629
2024-12-22,26.986,31.897,25.522,29.037,23764900.3,2024-12-22 23:59:59.999,680308561.099
2024-12-23,29.038,34.772,27.365,33.769,19653423.3,2024-12-23 23:59:59.999,605768471.1687
2024-12-24,33.762,39.66,32.909,38.236,21024393.3,2024-12-24 23:59:59.999,781783454.483
2024-12-25,38.228,46.18,36.598,38.896,20689715.7,2024-12-25 23:59:59.999,852683461.9379
2024-12-26,38.893,42.137,33.575,37.576,22446348.4,2024-12-26 23:59:59.999,839923150.5207
2024-12-27,37.582,38.543,29.202,29.669,18410833.3,2024-12-27 23:59:59.999,612607799.8166
2024-12-28,29.673,31.482,27.339,30.636,16969830.1,2024-12-28 23:59:59.999,493985023.4711
2024-12-29,30.637,34.498,28.925,29.711,14108182.8,2024-12-29 23:59:59.999,443319702.1634
2024-12-30,29.71,30.136,26.933,27.585,9417368.3,2024-12-30 23:59:59.999,266288185.1095
2024-12-31,27.589,30.734,26.567,28.987,10383845.4,2024-12-31 23:59:59.999,296763019.2024
2025-01-01,28.987,30.833,27.669,29.264,5429388.3,2025-01-01 23:59:59.999,157429005.3662
2025-01-02,29.263,32.338,28.938,31.095,6692766.3,2025-01-02 23:59:59.999,203865615.8338
2025-01-03,31.095,31.3,26.74,29.715,8077757.1,2025-01-03 23:59:59.999,231628047.6622
2025-01-04,29.715,30.555,27.92,28.408,4625322.0,2025-01-04 23:59:59.999,134198226.1911
2025-01-05,28.407,29.598,27.26,27.704,4166989.5,2025-01-05 23:59:59.999,117594014.6679
2025-01-06,27.703,29.371,27.153,29.047,5400317.7,2025-01-06 23:59:59.999,153715618.3751
2025-01-07,29.043,29.685,23.688,24.029,7803372.5,2025-01-07 23:59:59.999,208449284.1021
2025-01-08,24.03,24.191,21.962,23.144,9253988.2,2025-01-08 23:59:59.999,210984336.589
2025-01-09,23.151,24.384,22.058,23.717,7045225.1,2025-01-09 23:59:59.999,163489292.1055
2025-01-10,23.717,25.748,23.288,24.53,7540486.1,2025-01-10 23:59:59.999,183318049.2296
2025-01-11,24.529,24.942,23.373,24.076,2948213.8,2025-01-11 23:59:59.999,70872124.5267
2025-01-12,24.075,24.076,22.672,23.113,2346596.5,2025-01-12 23:59:59.999,54874048.7838
2025-01-13,23.115,23.694,18.823,20.54,8086831.0,2025-01-13 23:59:59.999,165865669.3241
2025-01-14,20.538,24.523,20.217,24.229,5873210.7,2025-01-14 23:59:59.999,130415132.4027
2025-01-15,24.229,32.75,23.795,31.788,25960333.6,2025-01-15 23:59:59.999,714382305.5937
2025-01-16,31.781,31.789,29.254,30.304,11204604.3,2025-01-16 23:59:59.999,342837644.1627
2025-01-17,30.305,31.799,29.542,29.768,5338716.5,2025-01-17 23:59:59.999,162625763.4993
2025-01-18,29.765,29.768,23.893,24.371,8423372.1,2025-01-18 23:59:59.999,219472962.9069
2025-01-19,24.376,25.892,22.14,22.857,9357723.2,2025-01-19 23:59:59.999,224786928.5527
2025-01-20,22.846,24.495,21.084,22.289,7035355.4,2025-01-20 23:59:59.999,159640866.7987
2025-01-21,22.285,23.319,20.9,22.436,3522887.1,2025-01-21 23:59:59.999,77757178.9864
2025-01-22,22.436,23.216,22.0,22.543,2748535.9,2025-01-22 23:59:59.999,62093132.2784
2025-01-23,22.543,23.38,21.687,22.958,4322257.2,2025-01-23 23:59:59.999,97579968.6344
2025-01-24,22.966,23.016,20.35,20.403,3384048.8,2025-01-24 23:59:59.999,73382143.9584
2025-01-25,20.401,20.669,19.832,19.963,2669516.6,2025-01-25 23:59:59.999,53834479.4272
2025-01-26,19.964,20.474,18.376,18.514,2843456.8,2025-01-26 23:59:59.999,55895475.2888
2025-01-27,18.511,19.164,17.054,18.904,5144273.9,2025-01-27 23:59:59.999,92748381.4786
2025-01-28,18.905,19.25,17.225,17.34,2282724.2,2025-01-28 23:59:59.999,41957901.0526
2025-01-29,17.339,19.08,16.846,18.137,2797650.9,2025-01-29 23:59:59.999,50591791.081
2025-01-30,18.135,20.469,17.814,19.341,2865325.4,2025-01-30 23:59:59.999,55481720.0373
2025-01-31,19.342,20.614,18.667,19.248,2282080.7,2025-01-31 23:59:59.999,44599177.0438
2025-02-01,19.246,19.635,16.86,16.972,2337161.3,2025-02-01 23:59:59.999,42747760.6554
2025-02-02,16.971,17.448,12.91,14.188,4903810.9,2025-02-02 23:59:59.999,75839838.7641
2025-02-03,14.189,14.196,10.119,13.742,9834861.2,2025-02-03 23:59:59.999,120489710.8709
2025-02-04,13.743,14.054,12.099,12.613,4251697.3,2025-02-04 23:59:59.999,54439941.9832
2025-02-05,12.616,13.244,11.782,12.096,3016843.3,2025-02-05 23:59:59.999,37866937.8652
2025-02-06,12.1,12.361,10.842,10.979,3289857.1,2025-02-06 23:59:59.999,38132232.2069
2025-02-07,10.977,12.424,10.801,11.306,3344759.5,2025-02-07 23:59:59.999,38900274.349
2025-02-08,11.306,12.053,11.196,11.895,2535292.3,2025-02-08 23:59:59.999,29425593.8758
2025-02-09,11.896,12.175,10.684,11.257,2215980.3,2025-02-09 23:59:59.999,25556426.8591
2025-02-10,11.256,12.117,10.714,11.914,2922803.1,2025-02-10 23:59:59.999,33394246.76
2025-02-11,11.915,12.972,11.733,11.986,3565751.2,2025-02-11 23:59:59.999,43572141.1587
2025-02-12,11.987,13.69,11.709,13.554,9611200.0,2025-02-12 23:59:59.999,120966158.3735
2025-02-13,13.555,16.5,13.521,14.911,12271283.0,2025-02-13 23:59:59.999,183730175.3357
2025-02-14,14.914,15.842,14.184,14.957,5458509.9,2025-02-14 23:59:59.999,81512243.3715
2025-02-15,14.96,15.924,14.307,15.741,5475525.1,2025-02-15 23:59:59.999,83281666.9703
2025-02-16,15.742,16.875,14.534,14.624,7139350.0,2025-02-16 23:59:59.999,112138490.3619
2025-02-17,14.625,14.861,13.777,14.081,3979691.0,2025-02-17 23:59:59.999,57298264.9037
2025-02-18,14.082,14.237,12.878,13.362,3571528.7,2025-02-18 23:59:59.999,48233182.0319
2025-02-19,13.363,13.887,13.1,13.367,2751873.5,2025-02-19 23:59:59.999,37076725.4443
2025-02-20,13.368,13.738,13.11,13.574,2564686.7,2025-02-20 23:59:59.999,34344115.2201
2025-02-21,13.574,14.17,12.469,12.656,3782593.6,2025-02-21 23:59:59.999,50668613.7464
2025-02-22,12.657,13.655,12.521,13.598,2035189.6,2025-02-22 23:59:59.999,26755058.3494
2025-02-23,13.598,13.746,13.14,13.432,2094902.3,2025-02-23 23:59:59.999,28142652.8432
2025-02-24,13.433,13.625,11.634,11.785,3919842.5,2025-02-24 23:59:59.999,50478585.6612
2025-02-25,11.785,12.299,10.714,12.108,5259733.1,2025-02-25 23:59:59.999,60286548.5913
2025-02-26,12.108,13.34,12.088,13.137,3988450.2,2025-02-26 23:59:59.999,50660203.0195
2025-02-27,13.138,13.652,12.706,13.498,2723188.6,2025-02-27 23:59:59.999,35652762.8674
2025-02-28,13.498,13.695,11.967,13.6,5226324.1,2025-02-28 23:59:59.999,67050016.6615
2025-03-01,13.598,13.899,12.409,12.543,2123543.3,2025-03-01 23:59:59.999,27683720.0451
2025-03-02,12.543,14.632,12.386,14.344,3270493.7,2025-03-02 23:59:59.999,44008075.158
2025-03-03,14.345,14.437,11.234,11.697,3850158.2,2025-03-03 23:59:59.999,48912041.8392
2025-03-04,11.697,11.778,10.183,11.065,4488841.2,2025-03-04 23:59:59.999,49448748.4003
2025-03-05,11.066,11.68,10.908,11.372,2743607.0,2025-03-05 23:59:59.999,30920565.0956
2025-03-06,11.372,11.695,10.797,10.846,2424442.0,2025-03-06 23:59:59.999,27368532.6249
2025-03-07,10.847,11.153,10.3,10.425,3343224.3,2025-03-07 23:59:59.999,35697982.3063
2025-03-08,10.427,10.635,10.065,10.259,1721353.6,2025-03-08 23:59:59.999,17871710.3543
2025-03-09,10.262,10.417,8.954,9.253,2756867.4,2025-03-09 23:59:59.999,26811935.4694
2025-03-10,9.254,9.857,8.01,8.103,5627081.4,2025-03-10 23:59:59.999,49543242.6122
2025-03-11,8.102,9.047,7.498,8.719,4550619.5,2025-03-11 23:59:59.999,37913847.4861
2025-03-12,8.716,9.114,8.457,9.085,2582766.9,2025-03-12 23:59:59.999,22743324.5759
2025-03-13,9.085,9.345,8.681,8.933,2220276.2,2025-03-13 23:59:59.999,19961912.1831
2025-03-14,8.934,9.579,8.888,9.262,1729577.1,2025-03-14 23:59:59.999,15959181.8345
2025-03-15,9.26,9.38,8.975,9.255,1712932.8,2025-03-15 23:59:59.999,15745312.1318
2025-03-16,9.255,9.74,8.795,9.217,4295770.6,2025-03-16 23:59:59.999,39468788.5498
2025-03-17,9.219,9.777,9.162,9.539,3166834.3,2025-03-17 23:59:59.999,29862671.4235
2025-03-18,9.539,9.62,8.694,9.137,2256379.2,2025-03-18 23:59:59.999,20464040.5637
2025-03-19,9.137,9.826,9.013,9.71,2648187.3,2025-03-19 23:59:59.999,24854134.7686
2025-03-20,9.709,9.813,9.002,9.131,1856494.2,2025-03-20 23:59:59.999,17314968.471
2025-03-21,9.131,9.229,8.732,8.879,1532634.0,2025-03-21 23:59:59.999,13727505.4672
2025-03-22,8.881,9.086,8.753,8.811,1169388.8,2025-03-22 23:59:59.999,10433039.644
2025-03-23,8.812,9.013,8.556,8.951,1754599.4,2025-03-23 23:59:59.999,15472537.0968
2025-03-24,8.951,9.749,8.803,9.668,2383689.0,2025-03-24 23:59:59.999,22489676.6768
2025-03-25,9.668,10.118,9.397,10.092,2520168.4,2025-03-25 23:59:59.999,24670011.0474
2025-03-26,10.094,10.471,9.786,10.05,2368728.9,2025-03-26 23:59:59.999,23843870.2771
2025-03-27,10.05,10.796,9.907,9.98,2557430.2,2025-03-27 23:59:59.999,26287833.944
2025-03-28,9.979,10.091,8.992,9.208,2334265.9,2025-03-28 23:59:59.999,21962611.3147
2025-03-29,9.208,9.495,8.86,9.056,2885687.6,2025-03-29 23:59:59.999,26482952.2521
2025-03-30,9.056,9.335,8.74,8.88,1994684.8,2025-03-30 23:59:59.999,18077701.7193
2025-03-31,8.882,9.047,8.463,8.765,2493994.7,2025-03-31 23:59:59.999,21856114.1406
2025-04-01,8.761,9.345,8.744,8.936,1897137.4,2025-04-01 23:59:59.999,17051936.0408
2025-04-02,8.937,9.165,7.977,8.06,3109489.6,2025-04-02 23:59:59.999,26947474.0921
2025-04-03,8.058,8.43,7.763,8.226,1771739.1,2025-04-03 23:59:59.999,14280679.7899
2025-04-04,8.226,8.454,8.022,8.372,1851895.0,2025-04-04 23:59:59.999,15339848.3464
2025-04-05,8.371,8.432,7.934,8.13,935195.0,2025-04-05 23:59:59.999,7672789.4207
2025-04-06,8.129,8.139,7.017,7.19,2041240.1,2025-04-06 23:59:59.999,15423337.3398
2025-04-07,7.192,7.827,6.353,7.491,4074924.0,2025-04-07 23:59:59.999,29087373.7787
2025-04-08,7.491,7.762,7.136,7.206,1617822.3,2025-04-08 23:59:59.999,12036307.3058
2025-04-09,7.204,8.18,6.868,8.031,1900575.2,2025-04-09 23:59:59.999,14237799.9007
2025-04-10,8.03,8.095,7.536,7.787,1127573.8,2025-04-10 23:59:59.999,8825994.7724
2025-04-11,7.787,8.602,7.771,8.409,1225440.4,2025-04-11 23:59:59.999,10093002.3485
2025-04-12,8.41,8.837,8.289,8.745,818487.4,2025-04-12 23:59:59.999,6955639.4834
2025-04-13,8.746,8.827,7.954,8.135,942208.1,2025-04-13 23:59:59.999,7934887.2803
2025-04-14,8.133,8.523,8.069,8.233,872758.7,2025-04-14 23:59:59.999,7224557.1037
2025-04-15,8.234,8.482,7.992,8.046,830291.2,2025-04-15 23:59:59.999,6854234.779
2025-04-16,8.045,8.351,7.784,8.113,874488.5,2025-04-16 23:59:59.999,7100113.8135
2025-04-17,8.12,8.41,8.056,8.281,638598.7,2025-04-17 23:59:59.999,5259082.1208
2025-04-18,8.28,8.711,8.226,8.582,808700.9,2025-04-18 23:59:59.999,6899858.7584
2025-04-19,8.582,8.869,8.558,8.778,453640.1,2025-04-19 23:59:59.999,3944316.9824
2025-04-20,8.775,9.4,8.542,8.745,882814.5,2025-04-20 23:59:59.999,7747795.4767
2025-04-21,8.744,9.108,8.536,8.656,772895.1,2025-04-21 23:59:59.999,6840129.888
2025-04-22,8.656,9.405,8.416,9.343,899071.3,2025-04-22 23:59:59.999,8001060.5544
2025-04-23,9.341,9.999,9.269,9.692,1188885.0,2025-04-23 23:59:59.999,11461952.3928
2025-04-24,9.691,9.712,9.153,9.628,799726.1,2025-04-24 23:59:59.999,7581737.2055
2025-04-25,9.629,9.892,9.407,9.665,761048.0,2025-04-25 23:59:59.999,7373163.6731
2025-04-26,9.665,10.035,9.458,9.664,614360.6,2025-04-26 23:59:59.999,5982221.6422
2025-04-27,9.664,9.749,9.078,9.119,583029.8,2025-04-27 23:59:59.999,5468059.9957
2025-04-28,9.12,10.079,8.847,9.411,1795333.1,2025-04-28 23:59:59.999,16841237.1603
2025-04-29,9.414,9.536,8.795,8.926,684867.1,2025-04-29 23:59:59.999,6308080.0092
2025-04-30,8.924,9.05,8.478,8.961,1056970.1,2025-04-30 23:59:59.999,9300652.8859
2025-05-01,8.962,9.186,8.763,8.935,595121.0,2025-05-01 23:59:59.999,5334665.373
2025-05-02,8.929,9.21,8.884,9.046,721765.4,2025-05-02 23:59:59.999,6539078.2245
2025-05-03,9.046,9.091,8.398,8.494,568901.7,2025-05-03 23:59:59.999,4949038.3271
2025-05-04,8.496,8.58,8.25,8.366,517803.3,2025-05-04 23:59:59.999,4344686.5291
2025-05-05,8.362,8.471,8.163,8.301,527220.6,2025-05-05 23:59:59.999,4387944.0101
2025-05-06,8.299,8.384,7.842,8.248,966447.3,2025-05-06 23:59:59.999,7847769.3296
2025-05-07,8.25,8.415,8.085,8.334,896633.2,2025-05-07 23:59:59.999,7411744.7104
2025-05-08,8.336,9.572,8.286,9.453,1236060.5,2025-05-08 23:59:59.999,11003423.4193
2025-05-09,9.452,10.449,9.381,9.979,1627518.3,2025-05-09 23:59:59.999,16074813.7287
2025-05-10,9.981,10.888,9.866,10.802,1547147.9,2025-05-10 23:59:59.999,15794627.1964
2025-05-11,10.8,11.388,10.069,10.502,2242453.5,2025-05-11 23:59:59.999,24112470.8088
2025-05-12,10.504,11.194,9.75,10.261,1827152.2,2025-05-12 23:59:59.999,19191447.0377
2025-05-13,10.262,10.873,9.52,10.597,1371547.4,2025-05-13 23:59:59.999,13882655.2414
2025-05-14,10.597,11.248,10.115,10.269,1421332.0,2025-05-14 23:59:59.999,15141655.3145
2025-05-15,10.271,10.425,9.338,9.585,1324236.0,2025-05-15 23:59:59.999,12996534.4798
2025-05-16,9.586,9.886,9.072,9.162,938540.6,2025-05-16 23:59:59.999,8993009.4531
2025-05-17,9.16,9.216,8.848,8.975,772876.6,2025-05-17 23:59:59.999,6988887.368
2025-05-18,8.975,9.632,8.778,9.497,918837.4,2025-05-18 23:59:59.999,8514464.6916
2025-05-19,9.501,9.549,8.637,9.124,948817.1,2025-05-19 23:59:59.999,8483837.4262
2025-05-20,9.125,9.362,8.843,9.163,664890.7,2025-05-20 23:59:59.999,6049645.8034
2025-05-21,9.162,10.089,9.041,9.778,2273799.8,2025-05-21 23:59:59.999,21921907.6432
2025-05-22,9.782,10.58,9.742,10.455,1474214.7,2025-05-22 23:59:59.999,15105346.5545
2025-05-23,10.457,10.886,9.326,9.366,2287079.9,2025-05-23 23:59:59.999,23085145.3609
2025-05-24,9.365,9.782,9.28,9.43,723881.2,2025-05-24 23:59:59.999,6916509.1392
2025-05-25,9.432,9.608,8.929,9.572,899323.3,2025-05-25 23:59:59.999,8292597.4748
2025-05-26,9.574,9.788,9.268,9.453,670687.0,2025-05-26 23:59:59.999,6409807.6226
2025-05-27,9.454,9.768,9.114,9.49,740858.9,2025-05-27 23:59:59.999,7039834.812
2025-05-28,9.486,9.67,9.138,9.472,752636.8,2025-05-28 23:59:59.999,7059075.3692
2025-05-29,9.473,9.87,9.047,9.086,1011108.1,2025-05-29 23:59:59.999,9521885.306
2025-05-30,9.087,12.069,8.301,8.544,13220487.9,2025-05-30 23:59:59.999,133643499.2276
2025-05-31,8.544,9.032,8.227,8.765,2913139.0,2025-05-31 23:59:59.999,24793572.6408
2025-06-01,8.764,11.225,8.63,10.255,28930119.0,2025-06-01 23:59:59.999,298360206.0449
2025-06-02,10.254,12.079,9.604,11.795,11296534.2,2025-06-02 23:59:59.999,119410803.3692
2025-06-03,11.796,12.341,11.2,11.596,9374526.8,2025-06-03 23:59:59.999,109429150.0581
2025-06-04,11.597,11.903,10.605,10.661,4266452.4,2025-06-04 23:59:59.999,48061431.3744
2025-06-05,10.658,11.51,9.93,10.471,5457718.6,2025-06-05 23:59:59.999,58319797.5272
2025-06-06,10.472,10.857,9.751,9.811,3015732.7,2025-06-06 23:59:59.999,30817052.1511
2025-06-07,9.812,10.345,9.683,10.197,1741439.2,2025-06-07 23:59:59.999,17547821.1381
2025-06-08,10.196,10.377,9.95,10.117,1258487.9,2025-06-08 23:59:59.999,12770538.528
2025-06-09,10.116,10.911,9.92,10.808,2728563.8,2025-06-09 23:59:59.999,28635218.6026
2025-06-10,10.808,10.986,10.354,10.443,2878919.2,2025-06-10 23:59:59.999,30677436.4635
2025-06-11,10.443,10.484,9.582,9.791,3101973.9,2025-06-11 23:59:59.999,31480333.484
2025-06-12,9.792,9.798,8.964,8.976,2503832.4,2025-06-12 23:59:59.999,23581346.5109
2025-06-13,8.978,9.013,8.414,8.875,2333676.3,2025-06-13 23:59:59.999,20460965.9959
2025-06-14,8.876,8.908,8.304,8.489,1436038.9,2025-06-14 23:59:59.999,12325770.1149
2025-06-15,8.489,8.694,8.355,8.598,1210688.2,2025-06-15 23:59:59.999,10323245.0769
2025-06-16,8.598,8.996,8.459,8.51,1533277.2,2025-06-16 23:59:59.999,13453566.51
2025-06-17,8.508,8.713,7.956,8.176,1549713.0,2025-06-17 23:59:59.999,12924146.5313
2025-06-18,8.177,8.297,7.822,8.119,1228307.8,2025-06-18 23:59:59.999,9926174.5855
2025-06-19,8.119,8.254,7.912,8.005,743106.3,2025-06-19 23:59:59.999,5995302.9587
2025-06-20,8.006,8.147,7.405,7.594,1327911.9,2025-06-20 23:59:59.999,10353120.7407
2025-06-21,7.595,7.672,6.882,7.172,1592413.2,2025-06-21 23:59:59.999,11702811.3482
2025-06-22,7.17,7.268,6.545,6.904,1822762.6,2025-06-22 23:59:59.999,12657544.9111
2025-06-23,6.905,7.629,6.723,7.512,2023505.8,2025-06-23 23:59:59.999,14377734.774
2025-06-24,7.513,7.93,7.35,7.491,2144924.9,2025-06-24 23:59:59.999,16285109.0809
2025-06-25,7.491,7.574,7.152,7.192,1054992.0,2025-06-25 23:59:59.999,7793340.4759
2025-06-26,7.192,7.508,7.09,7.214,1797957.0,2025-06-26 23:59:59.999,13122483.6365
2025-06-27,7.214,7.397,7.114,7.307,1415651.8,2025-06-27 23:59:59.999,10269745.9092
2025-06-28,7.309,7.435,7.17,7.372,730310.0,2025-06-28 23:59:59.999,5329190.7944
2025-06-29,7.373,7.809,7.34,7.745,1205778.5,2025-06-29 23:59:59.999,9077067.0621
2025-06-30,7.745,7.851,7.217,7.261,1288827.0,2025-06-30 23:59:59.999,9680726.1078
2025-07-01,7.261,7.308,6.855,6.927,1277300.7,2025-07-01 23:59:59.999,8973018.1388
2025-07-02,6.927,7.418,6.872,7.247,1385260.3,2025-07-02 23:59:59.999,9940634.5857
2025-07-03,7.246,7.437,7.078,7.196,1313898.0,2025-07-03 23:59:59.999,9564552.9717
2025-07-04,7.197,7.312,6.927,7.136,1725517.6,2025-07-04 23:59:59.999,12305096.9978
2025-07-05,7.136,7.468,7.004,7.136,1818073.2,2025-07-05 23:59:59.999,13118209.0761
2025-07-06,7.137,7.732,7.057,7.582,2206778.7,2025-07-06 23:59:59.999,16427168.2338
2025-07-07,7.581,7.663,7.239,7.297,1093529.7,2025-07-07 23:59:59.999,8166549.936
2025-07-08,7.298,7.641,7.25,7.629,1136697.1,2025-07-08 23:59:59.999,8419163.9406
2025-07-09,7.629,7.872,7.509,7.797,1115676.1,2025-07-09 23:59:59.999,8519718.1858
2025-07-10,7.796,8.3,7.627,8.206,1629104.4,2025-07-10 23:59:59.999,12851218.6028
2025-07-11,8.209,8.592,8.02,8.105,1849495.0,2025-07-11 23:59:59.999,15473292.8859
2025-07-12,8.105,8.305,7.68,7.967,1053170.9,2025-07-12 23:59:59.999,8446430.1489
2025-07-13,7.968,8.396,7.948,8.267,853787.3,2025-07-13 23:59:59.999,6991447.6089
2025-07-14,8.268,8.917,8.168,8.331,1880371.9,2025-07-14 23:59:59.999,16059133.1375
2025-07-15,8.33,8.573,7.952,8.505,1639506.3,2025-07-15 23:59:59.999,13486209.3121
2025-07-16,8.504,8.912,8.342,8.653,1457279.4,2025-07-16 23:59:59.999,12504214.8161
2025-07-17,8.652,9.349,8.41,9.08,2917235.3,2025-07-17 23:59:59.999,26070486.9616
2025-07-18,9.083,9.847,8.864,9.059,2752412.4,2025-07-18 23:59:59.999,25953754.3299
2025-07-19,9.061,9.435,8.803,9.317,1089878.9,2025-07-19 23:59:59.999,9934197.1352
2025-07-20,9.319,10.148,9.263,9.913,2107666.3,2025-07-20 23:59:59.999,20457678.8682
2025-07-21,9.916,10.293,9.628,10.195,2688580.9,2025-07-21 23:59:59.999,26974417.8431
2025-07-22,10.195,10.265,9.124,9.772,2935131.0,2025-07-22 23:59:59.999,28081172.2032
2025-07-23,9.772,9.836,8.463,8.868,2217058.1,2025-07-23 23:59:59.999,20339127.4317
2025-07-24,8.869,9.015,8.091,8.548,1947011.5,2025-07-24 23:59:59.999,16700022.0188
2025-07-25,8.549,8.752,8.292,8.708,1366080.5,2025-07-25 23:59:59.999,11640444.4377
2025-07-26,8.71,8.9,8.662,8.755,702510.4,2025-07-26 23:59:59.999,6150837.5972
2025-07-27,8.756,9.034,8.733,8.97,877241.4,2025-07-27 23:59:59.999,7804697.9933
2025-07-28,8.97,9.21,8.354,8.446,1460611.5,2025-07-28 23:59:59.999,12859472.1275
2025-07-29,8.447,8.699,8.186,8.366,1256082.3,2025-07-29 23:59:59.999,10596953.6246
2025-07-30,8.367,8.384,7.851,8.264,1158586.9,2025-07-30 23:59:59.999,9460407.7303
2025-07-31,8.264,8.499,7.877,7.918,1009766.3,2025-07-31 23:59:59.999,8303629.0315
2025-08-01,7.919,7.955,7.356,7.52,1485596.9,2025-08-01 23:59:59.999,11454052.9709
2025-08-02,7.518,7.621,7.2,7.398,1076390.5,2025-08-02 23:59:59.999,7987466.2218
2025-08-03,7.401,7.733,7.301,7.69,597734.8,2025-08-03 23:59:59.999,4515143.3682
2025-08-04,7.691,8.0,7.661,7.988,872972.2,2025-08-04 23:59:59.999,6816968.4563
2025-08-05,7.989,7.998,7.513,7.689,979502.5,2025-08-05 23:59:59.999,7585185.0824
2025-08-06,7.69,7.917,7.486,7.817,994671.2,2025-08-06 23:59:59.999,7670563.61
2025-08-07,7.817,8.231,7.77,8.221,1075746.4,2025-08-07 23:59:59.999,8614173.057
2025-08-08,8.22,8.418,8.07,8.286,1013126.0,2025-08-08 23:59:59.999,8326464.9234
2025-08-09,8.287,8.636,8.174,8.499,1006201.1,2025-08-09 23:59:59.999,8498368.726
2025-08-10,8.5,8.7,8.278,8.592,1187231.2,2025-08-10 23:59:59.999,10093036.3255
2025-08-11,8.595,8.805,7.951,8.058,1466453.9,2025-08-11 23:59:59.999,12357319.3307
2025-08-12,8.057,8.545,7.929,8.428,1394368.7,2025-08-12 23:59:59.999,11512103.4769
2025-08-13,8.426,8.754,8.353,8.648,1239150.6,2025-08-13 23:59:59.999,10647667.3628
2025-08-14,8.651,8.774,7.7,7.87,1886792.6,2025-08-14 23:59:59.999,15467919.6563
2025-08-15,7.871,8.094,7.613,7.868,1191584.1,2025-08-15 23:59:59.999,9377090.5893
2025-08-16,7.871,8.007,7.689,7.975,993359.7,2025-08-16 23:59:59.999,7808443.2466
2025-08-17,7.974,8.138,7.874,7.911,928836.4,2025-08-17 23:59:59.999,7440587.9843
2025-08-18,7.91,7.926,7.466,7.597,1571770.3,2025-08-18 23:59:59.999,11966539.7424
2025-08-19,7.599,7.814,7.426,7.488,1708554.3,2025-08-19 23:59:59.999,13028635.5124
2025-08-20,7.489,7.754,7.433,7.717,1396800.5,2025-08-20 23:59:59.999,10637816.5836
2025-08-21,7.713,7.804,7.535,7.611,971126.5,2025-08-21 23:59:59.999,7420486.5193
2025-08-22,7.61,8.501,7.449,8.364,2247373.6,2025-08-22 23:59:59.999,17800821.3417
2025-08-23,8.364,8.491,8.082,8.422,1239562.8,2025-08-23 23:59:59.999,10288559.7478
2025-08-24,8.422,8.634,8.2,8.305,1681188.9,2025-08-24 23:59:59.999,14080523.2413
2025-08-25,8.303,8.4,7.255,7.378,1877926.5,2025-08-25 23:59:59.999,14585632.9382
2025-08-26,7.379,7.99,7.281,7.914,1322286.1,2025-08-26 23:59:59.999,10024314.9005
2025-08-27,7.915,8.211,7.752,7.823,2437401.0,2025-08-27 23:59:59.999,19414060.1484
2025-08-28,7.827,8.044,7.382,7.702,2420104.8,2025-08-28 23:59:59.999,18690453.0466
2025-08-29,7.702,7.748,7.2,7.329,1934291.4,2025-08-29 23:59:59.999,14381178.4777
2025-08-30,7.33,7.421,7.217,7.255,825050.2,2025-08-30 23:59:59.999,6025334.1263
2025-08-31,7.258,7.391,7.164,7.181,918715.5,2025-08-31 23:59:59.999,6697942.8739
2025-09-01,7.18,7.238,6.736,6.934,1572496.4,2025-09-01 23:59:59.999,11016882.8781
2025-09-02,6.935,7.115,6.856,7.094,1127236.2,2025-09-02 23:59:59.999,7890017.6913
2025-09-03,7.095,7.304,6.966,7.17,809286.4,2025-09-03 23:59:59.999,5764738.2358
2025-09-04,7.17,7.198,6.837,6.899,736664.6,2025-09-04 23:59:59.999,5150542.7423
2025-09-05,6.899,7.281,6.894,7.208,1067514.7,2025-09-05 23:59:59.999,7604187.9443
2025-09-06,7.209,7.291,7.063,7.206,652609.2,2025-09-06 23:59:59.999,4673756.7874
2025-09-07,7.206,7.432,7.172,7.281,829078.2,2025-09-07 23:59:59.999,6032709.7535
2025-09-08,7.282,7.448,7.238,7.371,843655.0,2025-09-08 23:59:59.999,6214364.2505
2025-09-09,7.372,7.644,7.3,7.436,973394.6,2025-09-09 23:59:59.999,7267943.1749
2025-09-10,7.437,7.621,7.369,7.487,616781.8,2025-09-10 23:59:59.999,4627272.6235
2025-09-11,7.483,7.604,7.308,7.559,735043.4,2025-09-11 23:59:59.999,5481475.6661
2025-09-12,7.559,7.739,7.342,7.726,878985.1,2025-09-12 23:59:59.999,6642906.7973
2025-09-13,7.725,7.993,7.681,7.914,1159781.6,2025-09-13 23:59:59.999,9108820.3932
2025-09-14,7.914,8.037,7.447,7.518,1169656.8,2025-09-14 23:59:59.999,9056014.0634
2025-09-15,7.518,7.638,7.133,7.288,929445.2,2025-09-15 23:59:59.999,6807574.7898
2025-09-16,7.288,7.378,7.161,7.314,673183.8,2025-09-16 23:59:59.999,4915648.9291
2025-09-17,7.315,7.574,7.158,7.546,911802.5,2025-09-17 23:59:59.999,6665386.0654
2025-09-18,7.547,7.734,7.457,7.661,712183.9,2025-09-18 23:59:59.999,5422063.407
2025-09-19,7.662,7.75,7.32,7.384,725676.9,2025-09-19 23:59:59.999,5426931.0428
2025-09-20,7.385,7.546,7.334,7.452,594953.8,2025-09-20 23:59:59.999,4430716.499
2025-09-21,7.451,7.553,7.314,7.317,545862.1,2025-09-21 23:59:59.999,4053290.6196
2025-09-22,7.317,7.343,6.192,6.782,1805944.9,2025-09-22 23:59:59.999,12300304.8209
2025-09-23,6.782,6.955,6.616,6.819,722201.1,2025-09-23 23:59:59.999,4925124.7558
2025-09-24,6.819,6.93,6.619,6.896,1453776.6,2025-09-24 23:59:59.999,9832085.2328
2025-09-25,6.897,6.909,6.21,6.246,1934663.5,2025-09-25 23:59:59.999,12560716.1408
2025-09-26,6.246,6.509,6.212,6.405,1204212.3,2025-09-26 23:59:59.999,7663909.7122
2025-09-27,6.406,6.486,6.316,6.379,594820.1,2025-09-27 23:59:59.999,3808272.5789
2025-09-28,6.38,6.529,6.269,6.508,658655.0,2025-09-28 23:59:59.999,4192805.8465
2025-09-29,6.507,7.39,6.484,7.155,6454646.5,2025-09-29 23:59:59.999,45658964.5392
2025-09-30,7.152,7.919,7.033,7.73,7983937.7,2025-09-30 23:59:59.999,60178172.7178
2025-10-01,7.731,10.27,7.662,9.331,21462365.0,2025-10-01 23:59:59.999,193166082.701
2025-10-02,9.334,11.398,9.183,9.837,15593455.9,2025-10-02 23:59:59.999,159566613.1347
2025-10-03,9.837,10.122,9.303,9.552,7147043.5,2025-10-03 23:59:59.999,68912476.7106
2025-10-04,9.553,11.036,8.718,9.97,9906698.7,2025-10-04 23:59:59.999,95791571.3676
2025-10-05,9.97,10.675,9.543,9.752,6949634.4,2025-10-05 23:59:59.999,69725136.1367
2025-10-06,9.752,10.541,9.513,9.729,4114566.2,2025-10-06 23:59:59.999,40940215.5809
2025-10-07,9.735,9.864,9.129,9.464,3710227.2,2025-10-07 23:59:59.999,35298156.2507
2025-10-08,9.464,12.567,9.072,11.935,9041352.6,2025-10-08 23:59:59.999,96671742.679
2025-10-09,11.932,12.68,10.98,12.051,14963672.8,2025-10-09 23:59:59.999,175892406.8496
2025-10-10,12.05,17.373,5.76,11.467,32918134.8,2025-10-10 23:59:59.999,471781510.833
2025-10-11,11.467,14.577,10.146,13.124,18918861.4,2025-10-11 23:59:59.999,233622519.0086
2025-10-12,13.125,17.034,11.748,14.079,22124319.2,2025-10-12 23:59:59.999,323288695.0465
2025-10-13,14.074,15.609,12.437,13.497,13278559.7,2025-10-13 23:59:59.999,181310996.9632
2025-10-14,13.496,13.496,11.444,12.353,10963968.8,2025-10-14 23:59:59.999,134858797.9684
2025-10-15,12.353,13.984,11.891,12.006,10453398.5,2025-10-15 23:59:59.999,134375149.8037
2025-10-16,12.007,12.938,11.13,11.2,7117509.2,2025-10-16 23:59:59.999,85458952.0397
2025-10-17,11.2,12.09,10.421,11.285,9298363.4,2025-10-17 23:59:59.999,104457816.0408
2025-10-18,11.285,11.894,11.146,11.336,4493372.0,2025-10-18 23:59:59.999,51610149.416
2025-10-19,11.335,11.678,10.911,11.26,6039164.6,2025-10-19 23:59:59.999,68368513.1187
2025-10-20,11.26,12.999,10.825,12.419,10050143.7,2025-10-20 23:59:59.999,121592065.6961
2025-10-21,12.419,13.729,11.414,12.018,11846568.9,2025-10-21 23:59:59.999,146393918.2113
2025-10-22,12.018,12.452,10.759,10.958,8447961.0,2025-10-22 23:59:59.999,99635854.227
2025-10-23,10.957,11.384,10.45,10.707,4852094.5,2025-10-23 23:59:59.999,52638558.2452
2025-10-24,10.708,11.46,10.657,11.079,4674739.4,2025-10-24 23:59:59.999,51548185.8588
2025-10-25,11.075,11.377,10.83,11.278,2624851.3,2025-10-25 23:59:59.999,29054058.1451
2025-10-26,11.28,14.243,11.014,13.27,14940484.9,2025-10-26 23:59:59.999,195443341.324
2025-10-27,13.27,14.5,13.267,13.629,10102226.9,2025-10-27 23:59:59.999,139441462.2095
2025-10-28,13.629,13.749,12.001,12.054,6186012.0,2025-10-28 23:59:59.999,79068659.9804
2025-10-29,12.056,12.964,11.621,12.559,4969742.4,2025-10-29 23:59:59.999,61586525.6219
2025-10-30,12.558,12.902,11.105,11.652,5657777.2,2025-10-30 23:59:59.999,67904830.5476
2025-10-31,11.653,14.979,11.557,14.55,10392173.1,2025-10-31 23:59:59.999,130879362.0226
2025-11-01,14.543,21.971,13.933,20.065,74720667.3,2025-11-01 23:59:59.999,1415022581.228
2025-11-02,20.063,21.476,16.324,17.459,38631717.1,2025-11-02 23:59:59.999,727145087.0817
2025-11-03,17.46,19.479,14.986,19.21,26670701.9,2025-11-03 23:59:59.999,458332226.0492
2025-11-04,19.209,25.0,18.054,19.875,51734710.5,2025-11-04 23:59:59.999,1071082703.7604
2025-11-05,19.876,22.708,17.679,18.896,20146548.1,2025-11-05 23:59:59.999,394916412.1511
2025-11-06,18.894,21.49,17.83,18.723,19261065.8,2025-11-06 23:59:59.999,375113604.5117
2025-11-07,18.723,21.77,18.332,19.996,20829487.7,2025-11-07 23:59:59.999,414646890.8005
2025-11-08,19.995,20.66,13.79,14.461,22461787.0,2025-11-08 23:59:59.999,355460189.0591
2025-11-09,14.461,17.159,13.811,15.327,18495662.2,2025-11-09 23:59:59.999,288289429.9695
2025-11-10,15.327,15.846,12.838,12.958,13841755.8,2025-11-10 23:59:59.999,197822005.2158
2025-11-11,12.959,13.729,12.283,12.623,12647847.4,2025-11-11 23:59:59.999,164111427.0372
2025-11-12,12.624,13.463,12.027,13.114,8807996.6,2025-11-12 23:59:59.999,112564874.5444
2025-11-13,13.114,13.768,11.724,12.013,9176905.4,2025-11-13 23:59:59.999,116964346.9431
2025-11-14,12.016,13.602,11.11,13.345,13324142.5,2025-11-14 23:59:59.999,165511414.7075
2025-11-15,13.345,15.987,13.141,14.325,20534911.0,2025-11-15 23:59:59.999,294636354.2221
2025-11-16,14.32,14.853,12.423,12.868,17725715.1,2025-11-16 23:59:59.999,244621856.705
2025-11-17,12.866,17.099,12.735,15.777,26587432.8,2025-11-17 23:59:59.999,409405790.5533
2025-11-18,15.777,18.465,15.2,17.025,24684329.1,2025-11-18 23:59:59.999,412470759.9673
2025-11-19,17.026,17.172,13.384,14.586,21002470.0,2025-11-19 23:59:59.999,305512370.7909
2025-11-20,14.585,15.956,13.847,13.914,11838878.6,2025-11-20 23:59:59.999,174969139.388
2025-11-21,13.914,14.31,12.126,12.443,11042074.5,2025-11-21 23:59:59.999,144728871.857
2025-11-22,12.444,12.924,11.659,12.264,7384857.4,2025-11-22 23:59:59.999,90825647.8692
2025-11-23,12.263,13.235,12.231,12.635,6752678.1,2025-11-23 23:59:59.999,85873692.237
2025-11-24,12.634,13.055,11.945,12.357,6249280.7,2025-11-24 23:59:59.999,77900449.8177
2025-11-25,12.356,12.766,11.465,12.108,5970985.7,2025-11-25 23:59:59.999,72750195.5812
2025-11-26,12.109,12.8,11.621,12.746,5459854.0,2025-11-26 23:59:59.999,66707353.2483
2025-11-27,12.745,12.789,11.683,11.804,3503457.6,2025-11-27 23:59:59.999,43048233.2568
2025-11-28,11.805,12.019,11.044,11.184,4855199.8,2025-11-28 23:59:59.999,56221309.004
2025-11-29,11.185,11.317,10.548,10.728,4139802.0,2025-11-29 23:59:59.999,45071486.8368
2025-11-30,10.727,10.826,10.15,10.329,3688003.0,2025-11-30 23:59:59.999,38540136.6891
2025-12-01,10.329,10.356,9.311,9.847,7710869.3,2025-12-01 23:59:59.999,74261660.9446
2025-12-02,9.847,10.528,9.16,9.354,5890554.1,2025-12-02 23:59:59.999,57534215.4148
2025-12-03,9.354,9.745,8.95,9.403,8503650.8,2025-12-03 23:59:59.999,79868275.8507
2025-12-04,9.403,9.606,9.068,9.538,5135334.2,2025-12-04 23:59:59.999,47816704.3061
2025-12-05,9.538,9.786,8.403,8.642,7147209.0,2025-12-05 23:59:59.999,64695208.1063
2025-12-06,8.643,8.703,8.296,8.52,3686352.7,2025-12-06 23:59:59.999,31241220.9115
2025-12-07,8.52,8.595,8.007,8.315,5261798.2,2025-12-07 23:59:59.999,44007932.8989
2025-12-08,8.316,9.247,8.261,8.881,7132851.0,2025-12-08 23:59:59.999,63193160.6198
2025-12-09,8.88,10.686,8.701,10.483,13419897.2,2025-12-09 23:59:59.999,132953044.0282
2025-12-10,10.482,10.483,9.238,9.26,8794270.5,2025-12-10 23:59:59.999,86276832.6634
2025-12-11,9.261,9.458,8.863,9.15,6477835.4,2025-12-11 23:59:59.999,59200795.1435
2025-12-12,9.15,9.371,8.894,9.002,5506160.3,2025-12-12 23:59:59.999,50101996.0462
2025-12-13,9.002,9.023,8.518,8.646,3959259.5,2025-12-13 23:59:59.999,34530213.1835
2025-12-14,8.647,8.877,8.063,8.093,3975513.8,2025-12-14 23:59:59.999,33870803.4615
2025-12-15,8.094,8.409,7.761,7.989,4560927.7,2025-12-15 23:59:59.999,37075847.1344
2025-12-16,7.988,8.191,7.827,8.01,2628233.5,2025-12-16 23:59:59.999,21036746.0609
2025-12-17,8.01,8.185,7.262,7.398,4077850.8,2025-12-17 23:59:59.999,31546037.4726
2025-12-18,7.399,7.671,7.111,7.29,3908529.1,2025-12-18 23:59:59.999,28977813.9379
2025-12-19,7.289,8.06,7.187,7.939,3203160.8,2025-12-19 23:59:59.999,24648610.7916
2025-12-20,7.938,8.347,7.851,7.855,2682976.3,2025-12-20 23:59:59.999,21562198.9528
2025-12-21,7.856,8.228,7.59,7.975,2500127.0,2025-12-21 23:59:59.999,19794198.9719
2025-12-22,7.974,8.097,7.664,7.794,2458874.7,2025-12-22 23:59:59.999,19380492.8246
2025-12-23,7.795,7.846,7.504,7.716,1789020.1,2025-12-23 23:59:59.999,13696010.8849
2025-12-24,7.717,7.889,7.43,7.87,1804372.7,2025-12-24 23:59:59.999,13741088.4443
2025-12-25,7.871,8.073,7.722,7.74,1383511.3,2025-12-25 23:59:59.999,10913977.7574
2025-12-26,7.739,8.062,7.716,7.907,1248110.0,2025-12-26 23:59:59.999,9883599.8498
2025-12-27,7.906,9.508,7.859,9.124,11993183.8,2025-12-27 23:59:59.999,107120597.9147
2025-12-28,9.123,9.73,8.912,9.164,8143417.4,2025-12-28 23:59:59.999,75661134.3796
2025-12-29,9.164,9.632,8.893,9.242,5334691.4,2025-12-29 23:59:59.999,49311914.2644
2025-12-30,9.242,9.377,8.938,9.122,3719600.8,2025-12-30 23:59:59.999,33962491.0419
2025-12-31,9.121,9.382,8.576,9.165,4043709.9,2025-12-31 23:59:59.999,36555219.0461
2026-01-01,9.166,10.1,9.102,9.349,5200466.2,2026-01-01 23:59:59.999,49705447.0367
2026-01-02,9.35,9.475,9.029,9.43,3435168.8,2026-01-02 23:59:59.999,31845219.3053
2026-01-03,9.43,9.804,9.246,9.417,3451647.0,2026-01-03 23:59:59.999,32721080.3118
2026-01-04,9.417,9.515,9.102,9.134,2131662.1,2026-01-04 23:59:59.999,19755320.4971
2026-01-05,9.135,9.394,8.707,9.271,3494706.6,2026-01-05 23:59:59.999,31630416.8147
2026-01-06,9.271,9.83,9.038,9.458,4839210.6,2026-01-06 23:59:59.999,45294769.4376
2026-01-07,9.458,9.539,8.958,9.342,4308163.1,2026-01-07 23:59:59.999,39976450.4214
2026-01-08,9.342,9.607,8.7,9.529,7495833.0,2026-01-08 23:59:59.999,68873262.706
2026-01-09,9.529,10.192,9.035,9.129,7694103.0,2026-01-09 23:59:59.999,73832916.9197
2026-01-10,9.129,9.164,8.403,8.497,5262000.0,2026-01-10 23:59:59.999,46083281.3301
2026-01-11,8.497,9.145,8.377,8.727,4798775.4,2026-01-11 23:59:59.999,42108220.0181
2026-01-12,8.726,9.033,8.64,8.786,3550549.1,2026-01-12 23:59:59.999,31366781.448
2026-01-13,8.785,10.795,8.759,10.221,19045371.3,2026-01-13 23:59:59.999,191206121.8981
2026-01-14,10.221,12.943,9.963,11.559,25438182.5,2026-01-14 23:59:59.999,291624391.1753
2026-01-15,11.56,14.227,11.289,12.26,25669752.6,2026-01-15 23:59:59.999,320815866.3125
2026-01-16,12.259,13.501,12.16,12.645,18821106.7,2026-01-16 23:59:59.999,242338376.125
2026-01-17,12.645,12.671,11.026,11.32,9093589.6,2026-01-17 23:59:59.999,107139796.517
2026-01-18,11.321,12.562,11.097,11.628,10553864.8,2026-01-18 23:59:59.999,125784451.4081
2026-01-19,11.627,12.182,10.2,11.053,11566745.8,2026-01-19 23:59:59.999,130043949.287
2026-01-20,11.052,11.125,9.755,9.903,8227861.7,2026-01-20 23:59:59.999,85224991.5309
2026-01-21,9.902,10.611,9.608,10.187,7460857.6,2026-01-21 23:59:59.999,75161279.4689
2026-01-22,10.187,10.532,9.726,9.869,5656529.6,2026-01-22 23:59:59.999,57132226.954
2026-01-23,9.868,10.554,9.811,10.13,5548895.3,2026-01-23 23:59:59.999,56566442.7673
2026-01-24,10.13,10.354,9.61,9.65,3206357.3,2026-01-24 23:59:59.999,32005316.7735
2026-01-25,9.65,9.906,8.818,8.913,4912239.4,2026-01-25 23:59:59.999,45987834.3519
2026-01-26,8.912,9.352,8.856,9.184,3715195.3,2026-01-26 23:59:59.999,33822288.5491
2026-01-27,9.183,9.705,8.95,9.386,4960376.5,2026-01-27 23:59:59.999,46148831.0693
2026-01-28,9.386,9.408,8.834,8.847,3743318.3,2026-01-28 23:59:59.999,34158753.4121
2026-01-29,8.848,8.898,8.026,8.236,4838173.5,2026-01-29 23:59:59.999,40685773.2043
2026-01-30,8.236,8.291,7.438,8.168,4692481.8,2026-01-30 23:59:59.999,37381675.9119
2026-01-31,8.169,8.169,6.552,7.272,6080284.8,2026-01-31 23:59:59.999,44599717.2103
2026-02-01,7.271,7.46,6.798,7.015,3994342.2,2026-02-01 23:59:59.999,28572118.6067
2026-02-02,7.015,7.253,6.78,6.844,4406089.1,2026-02-02 23:59:59.999,30955449.0347
2026-02-03,6.845,7.236,6.529,6.851,5602915.9,2026-02-03 23:59:59.999,38194927.2538
2026-02-04,6.85,7.103,6.439,6.685,4731561.1,2026-02-04 23:59:59.999,32081058.2682
2026-02-05,6.684,6.727,5.454,5.589,8654470.8,2026-02-05 23:59:59.999,52104662.5368
2026-02-06,5.588,6.367,4.897,6.11,8036613.8,2026-02-06 23:59:59.999,45406967.6826
2026-02-07,6.111,6.222,5.785,6.028,4089316.7,2026-02-07 23:59:59.999,24694053.6637
2026-02-08,6.029,6.192,5.907,5.99,2281162.7,2026-02-08 23:59:59.999,13768427.402
2026-02-09,5.99,6.082,5.702,5.964,2924150.6,2026-02-09 23:59:59.999,17331728.0823
2026-02-10,5.963,6.038,5.771,5.898,2254095.0,2026-02-10 23:59:59.999,13243844.4599
2026-02-11,5.897,5.957,5.583,5.778,3456064.3,2026-02-11 23:59:59.999,19912585.8698
2026-02-12,5.779,6.072,5.71,5.93,2457354.6,2026-02-12 23:59:59.999,14470985.0618
2026-02-13,5.929,6.411,5.835,6.338,3084719.6,2026-02-13 23:59:59.999,18955908.287
2026-02-14,6.337,6.868,6.33,6.692,4390231.2,2026-02-14 23:59:59.999,28845515.237
2026-02-15,6.691,6.698,6.142,6.307,3539032.2,2026-02-15 23:59:59.999,22775335.9339
2026-02-16,6.308,6.396,6.048,6.273,2441617.4,2026-02-16 23:59:59.999,15139183.6496
2026-02-17,6.273,6.364,6.093,6.172,1659086.7,2026-02-17 23:59:59.999,10286820.1479
2026-02-18,6.171,6.29,5.885,5.926,1493399.6,2026-02-18 23:59:59.999,9121311.1071
2026-02-19,5.926,5.953,5.623,5.798,1682730.1,2026-02-19 23:59:59.999,9730283.5481
2026-02-20,5.797,5.865,5.63,5.786,1685308.6,2026-02-20 23:59:59.999,9709217.0867
2026-02-21,5.787,5.961,5.785,5.813,1185319.2,2026-02-21 23:59:59.999,6974827.3535
2026-02-22,5.813,5.813,5.633,5.712,1061665.6,2026-02-22 23:59:59.999,6084803.4691
2026-02-23,5.712,5.731,5.32,5.391,2220854.0,2026-02-23 23:59:59.999,12129688.9083
2026-02-24,5.391,5.481,5.221,5.408,1716529.4,2026-02-24 23:59:59.999,9190713.3138
2026-02-25,5.408,5.871,5.394,5.658,2643858.0,2026-02-25 23:59:59.999,14889587.4274
2026-02-26,5.658,5.777,5.408,5.597,2060000.7,2026-02-26 23:59:59.999,11559142.6467
2026-02-27,5.596,5.769,5.303,5.412,1717388.2,2026-02-27 23:59:59.999,9579946.6828
2026-02-28,5.413,5.459,4.933,5.362,3306376.3,2026-02-28 23:59:59.999,16979236.3089
2026-03-01,5.362,5.676,5.143,5.253,2522922.0,2026-03-01 23:59:59.999,13679459.9477
2026-03-02,5.253,5.687,5.214,5.497,2055771.0,2026-03-02 23:59:59.999,11200935.8824
2026-03-03,5.497,5.621,5.302,5.528,2085102.8,2026-03-03 23:59:59.999,11405709.5697
2026-03-04,5.527,5.951,5.395,5.799,2911163.8,2026-03-04 23:59:59.999,16623951.4344
2026-03-05,5.799,5.932,5.608,5.712,1574850.7,2026-03-05 23:59:59.999,9107205.7872
2026-03-06,5.713,5.764,5.347,5.453,1720551.3,2026-03-06 23:59:59.999,9590713.3105
2026-03-07,5.454,5.475,5.327,5.371,1043149.2,2026-03-07 23:59:59.999,5627967.2274
2026-03-08,5.372,5.381,5.046,5.123,1619474.0,2026-03-08 23:59:59.999,8473407.2193
2026-03-09,5.125,5.536,5.115,5.391,1521472.8,2026-03-09 23:59:59.999,8141328.1222
2026-03-10,5.39,5.608,5.381,5.423,1630557.6,2026-03-10 23:59:59.999,8976787.5196
2026-03-11,5.423,5.489,5.314,5.436,1205729.4,2026-03-11 23:59:59.999,6516356.1342
2026-03-12,5.437,5.505,5.341,5.456,1177222.0,2026-03-12 23:59:59.999,6394650.0885
2026-03-13,5.455,5.719,5.433,5.545,1944521.5,2026-03-13 23:59:59.999,10845512.4765
2026-03-14,5.544,5.873,5.473,5.635,2421173.3,2026-03-14 23:59:59.999,13598533.587
2026-03-15,5.635,6.29,5.6,6.114,4725739.0,2026-03-15 23:59:59.999,28306979.5171
2026-03-16,6.113,6.992,5.958,6.811,5432128.0,2026-03-16 23:59:59.999,34947560.1509
2026-03-17,6.811,6.965,6.525,6.605,3322484.2,2026-03-17 23:59:59.999,22307167.4365
2026-03-18,6.606,6.739,5.968,6.033,3394192.1,2026-03-18 23:59:59.999,21258468.5059
2026-03-19,6.033,6.094,5.659,5.728,1902001.9,2026-03-19 23:59:59.999,11137783.7243
2026-03-20,5.729,5.797,5.563,5.696,2226676.2,2026-03-20 23:59:59.999,12703611.4407
2026-03-21,5.696,5.962,5.397,5.447,2703898.7,2026-03-21 23:59:59.999,15546187.0365
2026-03-22,5.448,5.578,5.248,5.42,1903266.9,2026-03-22 23:59:59.999,10371521.2444
2026-03-23,5.42,5.651,5.304,5.587,2204472.7,2026-03-23 23:59:59.999,12186164.7066
2026-03-24,5.587,5.763,5.532,5.712,1883071.8,2026-03-24 23:59:59.999,10640375.688
2026-03-25,5.713,5.768,5.591,5.665,1728616.9,2026-03-25 23:59:59.999,9812706.6715
2026-03-26,5.666,5.688,5.382,5.434,1134538.9,2026-03-26 23:59:59.999,6235541.9755
2026-03-27,5.434,5.492,5.083,5.153,1953845.2,2026-03-27 23:59:59.999,10281533.5083
2026-03-28,5.153,5.3,5.037,5.161,1224119.4,2026-03-28 23:59:59.999,6326829.1124
2026-03-29,5.161,5.201,4.99,5.116,1027971.3,2026-03-29 23:59:59.999,5268256.0193
2026-03-30,5.117,5.388,5.104,5.225,1153477.7,2026-03-30 23:59:59.999,6083957.3395
2026-03-31,5.225,5.668,5.174,5.6,3857751.6,2026-03-31 23:59:59.999,21176618.8154
2026-04-01,5.599,5.733,5.467,5.487,1801070.8,2026-04-01 23:59:59.999,10028759.3685
2026-04-02,5.487,5.553,4.946,5.056,3535838.9,2026-04-02 23:59:59.999,18259167.8213
2026-04-03,5.056,5.208,5.021,5.165,1429398.6,2026-04-03 23:59:59.999,7343113.6072
2026-04-04,5.164,5.27,5.123,5.218,1674929.5,2026-04-04 23:59:59.999,8705304.6117
2026-04-05,5.218,5.253,5.057,5.252,1777311.8,2026-04-05 23:59:59.999,9106669.2279
2026-04-06,5.252,5.375,5.126,5.17,1953089.7,2026-04-06 23:59:59.999,10314778.8886
2026-04-07,5.169,5.655,5.11,5.62,2426221.8,2026-04-07 23:59:59.999,12905297.0161
2026-04-08,5.619,5.652,5.304,5.345,2446138.8,2026-04-08 23:59:59.999,13435783.1469
2026-04-09,5.346,6.046,5.255,5.837,4900549.7,2026-04-09 23:59:59.999,27826399.6321
2026-04-10,5.835,6.421,5.786,6.344,7818826.1,2026-04-10 23:59:59.999,48146040.0331
2026-04-11,6.343,6.626,6.068,6.191,4230075.4,2026-04-11 23:59:59.999,26658579.4319
2026-04-12,6.191,6.239,5.673,5.694,2827284.6,2026-04-12 23:59:59.999,16572982.8558
2026-04-13,5.693,6.096,5.678,6.029,2240774.6,2026-04-13 23:59:59.999,13161948.0115
2026-04-14,6.028,6.035,5.606,5.663,1897408.7,2026-04-14 23:59:59.999,11079866.6624
2026-04-15,5.663,5.879,5.632,5.734,1400459.3,2026-04-15 23:59:59.999,8051770.8312
2026-04-16,5.735,6.041,5.675,6.001,2083708.3,2026-04-16 23:59:59.999,12182852.1938
2026-04-17,6.001,6.092,5.719,5.92,2485774.0,2026-04-17 23:59:59.999,14695840.8911
2026-04-18,5.919,6.046,5.727,5.836,2219386.7,2026-04-18 23:59:59.999,13042686.5989
2026-04-19,5.836,6.097,5.748,5.771,2898220.5,2026-04-19 23:59:59.999,17153996.277
2026-04-20,5.772,6.286,5.762,6.134,2552134.5,2026-04-20 23:59:59.999,15419351.0133
2026-04-21,6.133,6.627,5.943,6.123,4273934.3,2026-04-21 23:59:59.999,26474313.9902
2026-04-22,6.123,6.342,6.014,6.07,1843137.4,2026-04-22 23:59:59.999,11410673.7238
2026-04-23,6.069,6.18,5.888,6.144,1935227.2,2026-04-23 23:59:59.999,11623710.9617
2026-04-24,6.145,6.304,6.058,6.1,1747959.3,2026-04-24 23:59:59.999,10827977.1129
2026-04-25,6.098,6.155,5.981,6.031,808227.9,2026-04-25 23:59:59.999,4900649.6201
2026-04-26,6.03,6.199,5.996,6.107,1142240.6,2026-04-26 23:59:59.999,6952971.5287
2026-04-27,6.108,6.212,5.818,5.946,1531190.7,2026-04-27 23:59:59.999,9184663.2753
2026-04-28,5.947,5.958,5.704,5.843,983261.6,2026-04-28 23:59:59.999,5697565.4109
2026-04-29,5.842,5.981,5.501,5.728,1470933.3,2026-04-29 23:59:59.999,8458684.9603
2026-04-30,5.729,5.845,5.661,5.817,876470.9,2026-04-30 23:59:59.999,5051082.3394
2026-05-01,5.817,6.632,5.733,6.232,4869809.5,2026-05-01 23:59:59.999,30408797.2598
2026-05-02,6.232,6.322,6.043,6.216,2238796.0,2026-05-02 23:59:59.999,13863809.1504
2026-05-03,6.215,7.263,6.102,7.09,5915510.4,2026-05-03 23:59:59.999,39615884.7809
2026-05-04,7.089,7.487,6.865,7.068,9587527.5,2026-05-04 23:59:59.999,68972126.6427
2026-05-05,7.069,7.754,6.805,7.582,5307808.6,2026-05-05 23:59:59.999,38332952.4635
2026-05-06,7.581,8.18,7.251,7.32,10532001.1,2026-05-06 23:59:59.999,80644082.3004
2026-05-07,7.319,7.356,6.872,7.105,3650605.7,2026-05-07 23:59:59.999,26046502.3805
2026-05-08,7.106,7.308,6.882,7.205,2838602.0,2026-05-08 23:59:59.999,20072578.0414
2026-05-09,7.204,7.519,7.013,7.039,3848530.0,2026-05-09 23:59:59.999,27895039.2813
2026-05-10,7.039,7.414,6.712,7.054,2842891.7,2026-05-10 23:59:59.999,20045678.592
2026-05-11,7.055,7.079,6.722,6.814,2070921.6,2026-05-11 23:59:59.999,14226091.7817
2026-05-12,6.814,6.848,6.486,6.701,1924774.3,2026-05-12 23:59:59.999,12805998.5558
2026-05-13,6.701,6.874,6.464,6.571,1818010.7,2026-05-13 23:59:59.999,12145775.311
2026-05-14,6.571,6.685,6.341,6.565,1804895.8,2026-05-14 23:59:59.999,11746049.6656
2026-05-15,6.564,6.614,6.065,6.195,1599188.0,2026-05-15 23:59:59.999,10074747.9234
2026-05-16,6.196,6.231,5.766,5.915,1605893.8,2026-05-16 23:59:59.999,9546069.1251
2026-05-17,5.915,6.087,5.624,5.827,1619798.0,2026-05-17 23:59:59.999,9582916.8328
2026-05-18,5.827,6.116,5.762,6.06,1846693.7,2026-05-18 23:59:59.999,10873790.9469
2026-05-19,6.06,6.194,5.915,5.971,1506646.4,2026-05-19 23:59:59.999,9111366.4644
2026-05-20,5.971,6.945,5.93,6.843,4743313.5,2026-05-20 23:59:59.999,30864326.3293
2026-05-21,6.845,6.983,6.435,6.639,3472249.4,2026-05-21 23:59:59.999,23170966.3558
2026-05-22,6.637,6.719,5.85,5.915,2759002.4,2026-05-22 23:59:59.999,17331597.1856
2026-05-23,5.915,6.283,5.682,6.159,2479066.9,2026-05-23 23:59:59.999,14765159.9358
2026-05-24,6.159,6.293,5.909,6.128,2351503.0,2026-05-24 23:59:59.999,14415442.213
2026-05-25,6.129,6.528,6.125,6.237,2347949.1,2026-05-25 23:59:59.999,14819443.5482
2026-05-26,6.237,6.31,5.981,6.021,1695251.2,2026-05-26 23:59:59.999,10432746.8298
2026-05-27,6.023,6.163,5.81,5.888,1434110.9,2026-05-27 23:59:59.999,8606422.0405
2026-05-28,5.889,5.921,5.501,5.742,1790015.9,2026-05-28 23:59:59.999,10189714.9543
